2026/10/02 12:51:14.662, 67.90, 1695, 150.00, 0, 60
2026/10/02 12:51:14.866, 67.91, 1695, 150.00, 0, 60
2026/10/02 12:51:15.067, 67.90, 1695, 150.00, 0, 60
2026/10/02 12:51:15.267, 68.54, 1695, 150.00, 0, 60
2026/10/02 12:51:15.467, 68.00, 1695, 150.00, 0, 60
2026/10/02 12:51:15.668, 68.00, 1695, 150.00, 0, 60
2026/10/02 12:51:15.868, 50.90, 420, 150.00, 0, 59
2026/10/02 12:51:16.069, 50.59, 1695, 150.00, 0, 60
2026/10/02 12:51:16.269, 50.55, 1695, 150.00, 1, 60
2026/10/02 12:51:16.470, 50.48, 1260, 150.00, 0, 60
2026/10/02 12:51:16.670, 58.43, 1680, 150.00, 58, 60
2026/10/02 12:51:16.871, 59.63, 1680, 150.00, 0, 60
2026/10/02 12:51:17.071, 74.56, 1365, 150.00, 0, 60
2026/10/02 12:51:17.272, 84.12, 1680, 150.00, 58, 60
2026/10/02 12:51:17.472, 95.17, 1515, 150.00, 0, 61
2026/10/02 12:51:17.672, 84.62, 1680, 150.00, 0, 60
2026/10/02 12:51:17.873, 94.49, 825, 150.00, 0, 62
2026/10/02 12:51:18.074, 93.26, 1680, 150.00, 54, 61
2026/10/02 12:51:18.274, 82.24, 1695, 150.00, 0, 60
2026/10/02 12:51:18.475, 82.79, 1695, 150.00, 0, 60
2026/10/02 12:51:18.675, 81.57, 1665, 150.00, 11, 60
2026/10/02 12:51:18.876, 80.21, 1680, 150.00, 0, 60
2026/10/02 12:51:19.077, 82.15, 1665, 150.00, 9, 61
2026/10/02 12:51:19.277, 80.71, 1680, 150.00, 0, 60
2026/10/02 12:51:19.477, 80.68, 1695, 150.00, 0, 60
2026/10/02 12:51:19.678, 72.32, 1695, 150.00, 0, 60
2026/10/02 12:51:19.879, 88.20, 1575, 150.00, 0, 61
2026/10/02 12:51:20.079, 77.99, 1680, 150.00, 10, 60
2026/10/02 12:51:20.280, 79.26, 1695, 150.00, 0, 60
2026/10/02 12:51:20.480, 83.41, 750, 150.00, 0, 61
2026/10/02 12:51:20.681, 92.10, 1680, 150.00, 100, 61
2026/10/02 12:51:20.881, 105.36, 1470, 150.00, 0, 62
2026/10/02 12:51:21.082, 111.08, 810, 150.00, 28, 62
2026/10/02 12:51:21.283, 119.76, 1500, 150.00, 100, 62
2026/10/02 12:51:21.483, 132.51, 1140, 150.00, 37, 62
2026/10/02 12:51:21.683, 123.99, 630, 150.00, 55, 61
2026/10/02 12:51:21.884, 119.58, 1680, 150.00, 59, 61
2026/10/02 12:51:22.085, 104.92, 870, 150.00, 0, 60
2026/10/02 12:51:22.285, 92.01, 1680, 150.00, 56, 61
2026/10/02 12:51:22.486, 76.39, 1680, 150.00, 0, 60
2026/10/02 12:51:22.686, 76.19, 1665, 150.00, 1, 61
2026/10/02 12:51:22.887, 75.28, 1695, 150.00, 0, 60
2026/10/02 12:51:23.087, 75.59, 1695, 150.00, 0, 60
2026/10/02 12:51:23.288, 90.28, 810, 150.00, 100, 62
2026/10/02 12:51:23.489, 107.55, 810, 150.00, 100, 63
2026/10/02 12:51:23.690, 112.42, 615, 150.00, 26, 61
2026/10/02 12:51:23.890, 122.65, 675, 150.00, 66, 63
2026/10/02 12:51:24.091, 127.93, 1680, 150.00, 0, 61
2026/10/02 12:51:24.291, 117.02, 1680, 150.00, 44, 61
2026/10/02 12:51:24.492, 101.56, 1680, 150.00, 0, 61
2026/10/02 12:51:24.692, 90.37, 1185, 150.00, 6, 61
2026/10/02 12:51:24.893, 88.64, 1680, 150.00, 0, 61
2026/10/02 12:51:25.094, 79.36, 1695, 150.00, 0, 60
2026/10/02 12:51:25.294, 69.55, 1695, 150.00, 0, 60
2026/10/02 12:51:25.495, 80.22, 1395, 150.00, 92, 62
2026/10/02 12:51:25.695, 73.99, 1680, 150.00, 0, 61
2026/10/02 12:51:25.896, 74.59, 990, 150.00, 0, 61
2026/10/02 12:51:26.096, 83.42, 1680, 150.00, 43, 61
2026/10/02 12:51:26.297, 83.24, 1680, 150.00, 0, 61
2026/10/02 12:51:26.498, 107.90, 1320, 150.00, 43, 62
2026/10/02 12:51:26.698, 102.61, 1635, 150.00, 58, 62
2026/10/02 12:51:26.899, 102.40, 1680, 150.00, 0, 61
2026/10/02 12:51:27.099, 105.22, 1065, 150.00, 81, 62
2026/10/02 12:51:27.300, 104.14, 1680, 150.00, 0, 61
2026/10/02 12:51:27.501, 86.06, 1650, 150.00, 57, 62
2026/10/02 12:51:27.701, 76.74, 1680, 150.00, 0, 61
2026/10/02 12:51:27.902, 90.93, 1410, 150.00, 23, 62
2026/10/02 12:51:28.102, 87.70, 1575, 150.00, 0, 61
2026/10/02 12:51:28.303, 111.08, 1440, 150.00, 44, 62
2026/10/02 12:51:28.503, 125.07, 1545, 150.00, 40, 62
2026/10/02 12:51:28.704, 123.52, 1110, 150.00, 0, 61
2026/10/02 12:51:28.905, 125.52, 1680, 150.00, 11, 61
2026/10/02 12:51:29.105, 121.27, 1050, 150.00, 0, 61
2026/10/02 12:51:29.306, 110.75, 1635, 150.00, 75, 62
2026/10/02 12:51:29.506, 107.59, 1680, 150.00, 0, 61
2026/10/02 12:51:29.707, 100.61, 780, 150.00, 69, 62
2026/10/02 12:51:29.907, 104.51, 1515, 150.00, 80, 63
2026/10/02 12:51:30.108, 108.11, 1680, 150.00, 0, 61
2026/10/02 12:51:30.309, 91.61, 1665, 150.00, 58, 61
2026/10/02 12:51:30.509, 88.86, 615, 150.00, 0, 61
2026/10/02 12:51:30.710, 108.65, 780, 150.00, 20, 63
2026/10/02 12:51:30.910, 94.55, 1680, 150.00, 19, 61
2026/10/02 12:51:31.111, 102.82, 795, 150.00, 80, 63
2026/10/02 12:51:31.311, 106.13, 1680, 150.00, 40, 62
2026/10/02 12:51:31.512, 119.06, 1395, 150.00, 100, 63
2026/10/02 12:51:31.712, 106.59, 1680, 150.00, 0, 61
2026/10/02 12:51:31.913, 86.17, 765, 150.00, 0, 61
2026/10/02 12:51:32.114, 95.65, 1680, 150.00, 2, 61
2026/10/02 12:51:32.314, 81.72, 1650, 150.00, 60, 62
2026/10/02 12:51:32.515, 81.64, 1665, 150.00, 57, 62
2026/10/02 12:51:32.715, 77.05, 690, 150.00, 57, 62
2026/10/02 12:51:32.916, 85.78, 1680, 150.00, 1, 61
2026/10/02 12:51:33.116, 74.87, 1680, 150.00, 0, 61
2026/10/02 12:51:33.317, 75.41, 1695, 150.00, 0, 61
2026/10/02 12:51:33.518, 75.34, 1695, 150.00, 0, 61
2026/10/02 12:51:33.718, 97.90, 780, 150.00, 100, 63
2026/10/02 12:51:33.919, 95.68, 1680, 150.00, 0, 61
2026/10/02 12:51:34.119, 96.09, 1680, 150.00, 0, 61
2026/10/02 12:51:34.320, 112.92, 795, 150.00, 18, 62
2026/10/02 12:51:34.520, 120.35, 1680, 150.00, 24, 61
2026/10/02 12:51:34.721, 101.73, 615, 150.00, 0, 61
2026/10/02 12:51:34.922, 89.42, 1680, 150.00, 0, 61
2026/10/02 12:51:35.122, 97.04, 750, 150.00, 8, 62
2026/10/02 12:51:35.323, 92.78, 1680, 150.00, 35, 62
2026/10/02 12:51:35.523, 82.83, 810, 150.00, 0, 61
2026/10/02 12:51:35.724, 84.25, 1680, 150.00, 0, 61
2026/10/02 12:51:35.924, 89.98, 1680, 150.00, 43, 61
2026/10/02 12:51:36.125, 83.93, 1650, 150.00, 57, 62
2026/10/02 12:51:36.325, 75.10, 1680, 150.00, 0, 61
2026/10/02 12:51:36.526, 89.83, 1590, 150.00, 51, 62
2026/10/02 12:51:36.726, 88.02, 1680, 150.00, 0, 61
2026/10/02 12:51:36.927, 76.90, 1695, 150.00, 0, 61
2026/10/02 12:51:37.127, 94.58, 1500, 150.00, 33, 62
2026/10/02 12:51:37.328, 97.07, 1680, 150.00, 0, 61
2026/10/02 12:51:37.529, 94.31, 1695, 150.00, 0, 60
2026/10/02 12:51:37.729, 83.09, 1695, 150.00, 0, 60
2026/10/02 12:51:37.930, 101.26, 1560, 150.00, 42, 62
2026/10/02 12:51:38.130, 97.48, 1680, 150.00, 0, 61
2026/10/02 12:51:38.331, 81.88, 1695, 150.00, 0, 60
2026/10/02 12:51:38.532, 99.83, 1680, 150.00, 26, 61
2026/10/02 12:51:38.732, 99.64, 780, 150.00, 0, 60
2026/10/02 12:51:38.933, 106.11, 1650, 150.00, 79, 62
2026/10/02 12:51:39.133, 91.49, 1680, 150.00, 0, 61
2026/10/02 12:51:39.334, 93.91, 1695, 150.00, 0, 60
2026/10/02 12:51:39.535, 75.79, 1695, 150.00, 0, 60
2026/10/02 12:51:39.735, 76.42, 1665, 150.00, 58, 61
2026/10/02 12:51:39.936, 73.99, 810, 150.00, 67, 62
2026/10/02 12:51:40.136, 91.71, 1470, 150.00, 30, 63
2026/10/02 12:51:40.337, 88.57, 1680, 150.00, 0, 61
2026/10/02 12:51:40.537, 90.58, 1695, 150.00, 0, 60
2026/10/02 12:51:40.738, 108.65, 750, 150.00, 100, 62
2026/10/02 12:51:40.938, 117.27, 1680, 150.00, 4, 61
2026/10/02 12:51:41.139, 117.65, 1230, 150.00, 61, 62
2026/10/02 12:51:41.339, 120.55, 1680, 150.00, 18, 61
2026/10/02 12:51:41.540, 122.11, 855, 150.00, 59, 62
2026/10/02 12:51:41.740, 103.57, 1680, 150.00, 0, 61
2026/10/02 12:51:41.941, 88.54, 1695, 150.00, 0, 61
2026/10/02 12:51:42.141, 89.05, 675, 150.00, 0, 61
2026/10/02 12:51:42.342, 66.90, 1680, 150.00, 0, 61
2026/10/02 12:51:42.542, 67.58, 1200, 150.00, 0, 60
2026/10/02 12:51:42.743, 88.47, 795, 150.00, 89, 62
2026/10/02 12:51:42.943, 98.09, 1620, 150.00, 60, 62
2026/10/02 12:51:43.144, 97.59, 1680, 150.00, 0, 61
2026/10/02 12:51:43.344, 95.35, 765, 150.00, 0, 61
2026/10/02 12:51:43.545, 101.80, 660, 150.00, 56, 62
2026/10/02 12:51:43.746, 85.40, 1680, 150.00, 0, 61
2026/10/02 12:51:43.946, 77.56, 1680, 150.00, 0, 61
2026/10/02 12:51:44.147, 71.21, 1695, 150.00, 0, 61
2026/10/02 12:51:44.347, 89.90, 825, 150.00, 33, 62
2026/10/02 12:51:44.548, 94.94, 1560, 150.00, 6, 61
2026/10/02 12:51:44.748, 110.72, 840, 150.00, 19, 61
2026/10/02 12:51:44.949, 130.04, 1260, 150.00, 11, 62
2026/10/02 12:51:45.150, 128.69, 1680, 150.00, 0, 61
2026/10/02 12:51:45.350, 123.13, 630, 150.00, 0, 61
2026/10/02 12:51:45.551, 100.95, 1650, 150.00, 58, 62
2026/10/02 12:51:45.751, 85.54, 1680, 150.00, 0, 61
2026/10/02 12:51:45.952, 77.04, 1215, 150.00, 0, 61
2026/10/02 12:51:46.152, 84.36, 1680, 150.00, 11, 61
2026/10/02 12:51:46.353, 82.79, 1680, 150.00, 0, 61
2026/10/02 12:51:46.553, 80.30, 1695, 150.00, 0, 61
2026/10/02 12:51:46.754, 80.51, 1695, 150.00, 0, 60
2026/10/02 12:51:46.954, 80.55, 600, 150.00, 0, 60
2026/10/02 12:51:47.155, 73.29, 855, 150.00, 70, 62
2026/10/02 12:51:47.356, 73.71, 1680, 150.00, 0, 61
2026/10/02 12:51:47.556, 74.49, 1650, 150.00, 57, 61
2026/10/02 12:51:47.757, 76.54, 1185, 150.00, 4, 61
2026/10/02 12:51:47.957, 78.37, 1170, 150.00, 58, 62
2026/10/02 12:51:48.158, 82.78, 960, 150.00, 16, 62
2026/10/02 12:51:48.358, 90.33, 795, 150.00, 70, 63
2026/10/02 12:51:48.559, 113.23, 795, 150.00, 100, 63
2026/10/02 12:51:48.760, 115.18, 810, 150.00, 7, 62
2026/10/02 12:51:48.960, 121.24, 1680, 150.00, 1, 62
2026/10/02 12:51:49.161, 141.50, 795, 150.00, 67, 63
2026/10/02 12:51:49.361, 159.47, 1455, 150.00, 41, 63
2026/10/02 12:51:49.562, 134.70, 1680, 150.00, 0, 62
2026/10/02 12:51:49.762, 127.34, 1695, 150.00, 0, 61
2026/10/02 12:51:49.963, 119.36, 735, 150.00, 60, 62
2026/10/02 12:51:50.163, 91.47, 1680, 150.00, 0, 61
2026/10/02 12:51:50.364, 83.89, 1680, 150.00, 0, 61
2026/10/02 12:51:50.564, 85.39, 1245, 150.00, 43, 61
2026/10/02 12:51:50.765, 85.67, 660, 150.00, 59, 61
2026/10/02 12:51:50.966, 101.03, 1425, 150.00, 40, 63
2026/10/02 12:51:51.166, 102.50, 1665, 150.00, 0, 62
2026/10/02 12:51:51.367, 99.34, 1680, 150.00, 0, 61
2026/10/02 12:51:51.567, 99.43, 1695, 150.00, 0, 61
2026/10/02 12:51:51.768, 86.10, 1695, 150.00, 0, 61
2026/10/02 12:51:51.969, 84.50, 1695, 150.00, 17, 61
2026/10/02 12:51:52.169, 86.69, 735, 150.00, 100, 62
2026/10/02 12:51:52.370, 96.47, 1545, 150.00, 21, 63
2026/10/02 12:51:52.570, 113.01, 1500, 150.00, 24, 63
2026/10/02 12:51:52.771, 123.58, 855, 150.00, 56, 61
2026/10/02 12:51:52.971, 131.33, 1680, 150.00, 20, 61
2026/10/02 12:51:53.172, 126.76, 1680, 150.00, 9, 62
2026/10/02 12:51:53.372, 110.48, 1680, 150.00, 1, 62
2026/10/02 12:51:53.573, 93.91, 1665, 150.00, 0, 62
2026/10/02 12:51:53.773, 106.25, 1575, 150.00, 9, 63
2026/10/02 12:51:53.974, 112.38, 1680, 150.00, 30, 61
2026/10/02 12:51:54.174, 122.45, 1335, 150.00, 47, 62
2026/10/02 12:51:54.375, 119.38, 1680, 150.00, 0, 62
2026/10/02 12:51:54.575, 116.89, 615, 150.00, 59, 61
2026/10/02 12:51:54.776, 104.67, 1680, 150.00, 0, 61
2026/10/02 12:51:54.976, 113.16, 630, 150.00, 60, 61
2026/10/02 12:51:55.177, 89.64, 1680, 150.00, 0, 61
2026/10/02 12:51:55.377, 86.92, 1590, 150.00, 4, 62
2026/10/02 12:51:55.578, 96.11, 1290, 150.00, 46, 62
2026/10/02 12:51:55.778, 95.31, 1680, 150.00, 0, 61
2026/10/02 12:51:55.979, 95.36, 1695, 150.00, 0, 61
2026/10/02 12:51:56.179, 87.85, 1695, 150.00, 0, 61
2026/10/02 12:51:56.380, 76.32, 1695, 150.00, 0, 61
2026/10/02 12:51:56.581, 65.27, 1665, 150.00, 0, 61
2026/10/02 12:51:56.781, 66.40, 1680, 150.00, 0, 61
2026/10/02 12:51:56.981, 66.47, 1695, 150.00, 0, 60
2026/10/02 12:51:57.182, 74.28, 1695, 150.00, 10, 60
2026/10/02 12:51:57.382, 82.83, 690, 150.00, 59, 61
2026/10/02 12:51:57.583, 82.08, 1680, 150.00, 0, 61
2026/10/02 12:51:57.784, 86.19, 1635, 150.00, 0, 61
2026/10/02 12:51:57.984, 86.13, 1680, 150.00, 0, 61
2026/10/02 12:51:58.185, 92.75, 1410, 150.00, 36, 62
2026/10/02 12:51:58.385, 91.68, 660, 150.00, 60, 61
2026/10/02 12:51:58.586, 96.18, 810, 150.00, 84, 62
2026/10/02 12:51:58.786, 90.88, 1680, 150.00, 0, 61
2026/10/02 12:51:58.987, 107.64, 1380, 150.00, 37, 62
2026/10/02 12:51:59.187, 88.95, 1680, 150.00, 0, 61
2026/10/02 12:51:59.388, 90.06, 1695, 150.00, 0, 60
2026/10/02 12:51:59.589, 81.44, 1695, 150.00, 0, 60
2026/10/02 12:51:59.789, 81.79, 1650, 150.00, 0, 61
2026/10/02 12:51:59.990, 68.41, 1170, 150.00, 54, 61
2026/10/02 12:52:00.190, 70.26, 645, 150.00, 59, 61
2026/10/02 12:52:00.391, 70.00, 1680, 150.00, 0, 61
2026/10/02 12:52:00.592, 83.16, 1350, 150.00, 40, 62
2026/10/02 12:52:00.792, 81.19, 1680, 150.00, 0, 61
2026/10/02 12:52:00.993, 81.10, 1695, 150.00, 0, 60
2026/10/02 12:52:01.194, 79.24, 1665, 150.00, 56, 61
2026/10/02 12:52:01.394, 79.42, 1680, 150.00, 0, 60
2026/10/02 12:52:01.595, 67.38, 1695, 150.00, 0, 60
2026/10/02 12:52:01.795, 67.48, 1695, 150.00, 0, 60
2026/10/02 12:52:01.996, 83.07, 900, 150.00, 71, 62
2026/10/02 12:52:02.197, 91.90, 885, 150.00, 47, 61
2026/10/02 12:52:02.397, 102.38, 825, 150.00, 74, 62
2026/10/02 12:52:02.598, 102.16, 1680, 150.00, 0, 61
2026/10/02 12:52:02.798, 99.03, 1695, 150.00, 0, 60
2026/10/02 12:52:02.999, 107.11, 1695, 150.00, 0, 60
2026/10/02 12:52:03.200, 98.71, 1680, 150.00, 33, 61
2026/10/02 12:52:03.400, 81.18, 1680, 150.00, 0, 60
2026/10/02 12:52:03.601, 99.03, 1245, 150.00, 0, 60
2026/10/02 12:52:03.801, 97.85, 1680, 150.00, 35, 61
2026/10/02 12:52:04.002, 109.04, 1620, 150.00, 39, 62
2026/10/02 12:52:04.203, 97.49, 1665, 150.00, 59, 61
2026/10/02 12:52:04.403, 97.55, 1680, 150.00, 0, 60
2026/10/02 12:52:04.604, 84.53, 1665, 150.00, 60, 61
2026/10/02 12:52:04.804, 103.11, 1035, 150.00, 58, 61
2026/10/02 12:52:05.005, 84.27, 1680, 150.00, 25, 61
2026/10/02 12:52:05.206, 81.84, 1680, 150.00, 0, 60
2026/10/02 12:52:05.406, 83.87, 1125, 150.00, 0, 60
2026/10/02 12:52:05.607, 81.91, 1680, 150.00, 0, 60
2026/10/02 12:52:05.807, 93.46, 630, 150.00, 0, 60
2026/10/02 12:52:06.008, 78.36, 1680, 150.00, 6, 60
2026/10/02 12:52:06.208, 95.88, 1170, 150.00, 0, 60
2026/10/02 12:52:06.409, 94.15, 1680, 150.00, 31, 60
2026/10/02 12:52:06.610, 95.52, 1680, 150.00, 54, 61
2026/10/02 12:52:06.810, 100.32, 1245, 150.00, 67, 62
2026/10/02 12:52:07.011, 94.05, 1425, 150.00, 5, 62
2026/10/02 12:52:07.211, 99.33, 660, 150.00, 0, 60
2026/10/02 12:52:07.412, 84.97, 1680, 150.00, 0, 61
2026/10/02 12:52:07.612, 87.23, 1215, 150.00, 59, 62
2026/10/02 12:52:07.813, 78.93, 1680, 150.00, 62, 61
2026/10/02 12:52:08.013, 74.37, 1305, 150.00, 0, 61
2026/10/02 12:52:08.213, 75.49, 1680, 150.00, 0, 61
2026/10/02 12:52:08.414, 68.09, 1695, 150.00, 0, 60
2026/10/02 12:52:08.614, 65.09, 1695, 150.00, 0, 60
2026/10/02 12:52:08.815, 76.13, 1635, 150.00, 55, 61
2026/10/02 12:52:09.016, 76.19, 1680, 150.00, 0, 60
2026/10/02 12:52:09.216, 104.29, 1545, 150.00, 49, 61
2026/10/02 12:52:09.417, 103.03, 1680, 150.00, 41, 61
2026/10/02 12:52:09.617, 102.91, 1680, 150.00, 0, 60
2026/10/02 12:52:09.818, 97.30, 1650, 150.00, 58, 61
2026/10/02 12:52:10.018, 97.18, 1665, 150.00, 60, 61
2026/10/02 12:52:10.219, 82.43, 1680, 150.00, 0, 60
2026/10/02 12:52:10.419, 84.14, 1635, 150.00, 52, 61
2026/10/02 12:52:10.620, 105.03, 750, 150.00, 50, 61
2026/10/02 12:52:10.821, 96.10, 1680, 150.00, 75, 61
2026/10/02 12:52:11.021, 105.63, 675, 150.00, 0, 60
2026/10/02 12:52:11.222, 105.39, 1680, 150.00, 0, 60
2026/10/02 12:52:11.423, 107.03, 630, 150.00, 0, 60
2026/10/02 12:52:11.623, 95.43, 1680, 150.00, 11, 60
2026/10/02 12:52:11.824, 89.08, 1320, 150.00, 0, 61
2026/10/02 12:52:12.024, 93.41, 720, 150.00, 0, 60
2026/10/02 12:52:12.225, 85.13, 1680, 150.00, 61, 61
2026/10/02 12:52:12.426, 83.52, 1680, 150.00, 0, 60
2026/10/02 12:52:12.626, 85.06, 630, 150.00, 0, 60
2026/10/02 12:52:12.827, 83.53, 1440, 150.00, 12, 61
2026/10/02 12:52:13.027, 83.62, 1680, 150.00, 57, 61
2026/10/02 12:52:13.228, 78.02, 1680, 150.00, 0, 60
2026/10/02 12:52:13.428, 78.16, 1695, 150.00, 0, 60
2026/10/02 12:52:13.629, 78.17, 1695, 150.00, 0, 60
2026/10/02 12:52:13.829, 64.87, 1695, 150.00, 0, 60
2026/10/02 12:52:14.030, 83.84, 765, 150.00, 0, 59
2026/10/02 12:52:14.230, 93.33, 1650, 150.00, 98, 61
2026/10/02 12:52:14.431, 104.93, 1635, 150.00, 52, 61
2026/10/02 12:52:14.631, 104.85, 1680, 150.00, 0, 60
2026/10/02 12:52:14.832, 101.40, 1695, 150.00, 0, 60
2026/10/02 12:52:15.032, 91.59, 1005, 150.00, 0, 60
2026/10/02 12:52:15.233, 79.60, 1200, 150.00, 0, 60
2026/10/02 12:52:15.434, 83.57, 810, 150.00, 96, 62
2026/10/02 12:52:15.634, 83.49, 1680, 150.00, 17, 61
2026/10/02 12:52:15.835, 98.85, 1620, 150.00, 45, 61
2026/10/02 12:52:16.035, 123.88, 840, 150.00, 32, 62
2026/10/02 12:52:16.236, 118.55, 1680, 150.00, 8, 60
2026/10/02 12:52:16.436, 110.11, 1680, 150.00, 0, 60
2026/10/02 12:52:16.637, 103.02, 1695, 150.00, 0, 60
2026/10/02 12:52:16.837, 102.56, 1530, 150.00, 19, 61
2026/10/02 12:52:17.038, 86.88, 1680, 150.00, 0, 60
2026/10/02 12:52:17.238, 79.63, 1695, 150.00, 0, 60
2026/10/02 12:52:17.439, 80.69, 1665, 150.00, 59, 60
2026/10/02 12:52:17.639, 80.49, 1680, 150.00, 0, 60
2026/10/02 12:52:17.840, 65.40, 1695, 150.00, 0, 59
2026/10/02 12:52:18.040, 78.56, 630, 150.00, 0, 59
2026/10/02 12:52:18.241, 88.45, 660, 150.00, 0, 60
2026/10/02 12:52:18.441, 104.27, 1635, 150.00, 53, 62
2026/10/02 12:52:18.642, 119.62, 795, 150.00, 100, 62
2026/10/02 12:52:18.843, 124.36, 1680, 150.00, 10, 60
2026/10/02 12:52:19.043, 118.13, 1680, 150.00, 58, 61
2026/10/02 12:52:19.244, 107.72, 1680, 150.00, 0, 60
2026/10/02 12:52:19.444, 99.23, 615, 150.00, 0, 60
2026/10/02 12:52:19.645, 84.12, 1680, 150.00, 3, 60
2026/10/02 12:52:19.845, 76.70, 1680, 150.00, 0, 60
2026/10/02 12:52:20.046, 77.64, 1695, 150.00, 0, 59
2026/10/02 12:52:20.246, 96.69, 840, 150.00, 52, 61
2026/10/02 12:52:20.447, 109.78, 1260, 150.00, 65, 61
2026/10/02 12:52:20.648, 109.71, 1620, 150.00, 100, 62
2026/10/02 12:52:20.848, 111.96, 1425, 150.00, 4, 60
2026/10/02 12:52:21.049, 111.88, 1665, 150.00, 59, 61
2026/10/02 12:52:21.249, 98.88, 645, 150.00, 0, 60
2026/10/02 12:52:21.450, 100.07, 1665, 150.00, 61, 61
2026/10/02 12:52:21.650, 79.44, 1680, 150.00, 0, 60
2026/10/02 12:52:21.851, 75.57, 1680, 150.00, 57, 60
2026/10/02 12:52:22.051, 76.53, 1680, 150.00, 0, 60
2026/10/02 12:52:22.252, 88.00, 810, 150.00, 6, 60
2026/10/02 12:52:22.453, 90.53, 1245, 150.00, 35, 60
2026/10/02 12:52:22.653, 108.43, 1035, 150.00, 34, 60
2026/10/02 12:52:22.854, 117.65, 645, 150.00, 26, 60
2026/10/02 12:52:23.054, 117.17, 1680, 150.00, 12, 60
2026/10/02 12:52:23.255, 113.18, 1680, 150.00, 0, 60
2026/10/02 12:52:23.455, 110.89, 1650, 150.00, 59, 61
2026/10/02 12:52:23.656, 97.91, 1680, 150.00, 0, 60
2026/10/02 12:52:23.856, 81.62, 1680, 150.00, 59, 60
2026/10/02 12:52:24.057, 78.68, 1680, 150.00, 0, 60
2026/10/02 12:52:24.257, 77.51, 1680, 150.00, 46, 60
2026/10/02 12:52:24.458, 82.85, 990, 150.00, 0, 60
2026/10/02 12:52:24.659, 80.33, 1680, 150.00, 46, 60
2026/10/02 12:52:24.859, 99.28, 1620, 150.00, 40, 61
2026/10/02 12:52:25.060, 87.97, 1680, 150.00, 57, 61
2026/10/02 12:52:25.261, 88.33, 1680, 150.00, 58, 61
2026/10/02 12:52:25.461, 86.43, 1680, 150.00, 0, 60
2026/10/02 12:52:25.662, 79.51, 1695, 150.00, 0, 60
2026/10/02 12:52:25.862, 64.14, 1695, 150.00, 0, 59
2026/10/02 12:52:26.063, 65.96, 1695, 150.00, 0, 59
2026/10/02 12:52:26.263, 65.96, 1695, 150.00, 0, 59
2026/10/02 12:52:26.464, 65.96, 1695, 150.00, 0, 59
2026/10/02 12:52:26.664, 65.96, 1695, 150.00, 0, 59
2026/10/02 12:52:26.865, 129.16, 810, 150.00, 100, 61
2026/10/02 12:52:27.065, 136.15, 795, 150.00, 0, 60
2026/10/02 12:52:27.266, 123.63, 1680, 150.00, 50, 60
2026/10/02 12:52:27.466, 115.49, 1680, 150.00, 0, 60
2026/10/02 12:52:27.667, 109.47, 1695, 150.00, 0, 59
2026/10/02 12:52:27.867, 92.64, 795, 150.00, 81, 61
2026/10/02 12:52:28.068, 86.79, 1680, 150.00, 34, 60
2026/10/02 12:52:28.268, 81.14, 1680, 150.00, 0, 60
2026/10/02 12:52:28.468, 84.71, 1695, 150.00, 0, 59
2026/10/02 12:52:28.669, 97.48, 1545, 150.00, 80, 61
2026/10/02 12:52:28.869, 87.42, 1680, 150.00, 0, 60
2026/10/02 12:52:29.070, 101.12, 720, 150.00, 50, 61
2026/10/02 12:52:29.270, 121.00, 1590, 150.00, 36, 62
2026/10/02 12:52:29.471, 129.15, 1515, 150.00, 17, 61
2026/10/02 12:52:29.671, 112.38, 1680, 150.00, 0, 60
2026/10/02 12:52:29.872, 113.53, 1695, 150.00, 0, 60
2026/10/02 12:52:30.072, 94.12, 1305, 150.00, 0, 60
2026/10/02 12:52:30.273, 75.73, 1680, 150.00, 0, 60
2026/10/02 12:52:30.474, 68.00, 1020, 150.00, 57, 61
2026/10/02 12:52:30.674, 68.98, 1680, 150.00, 0, 60
2026/10/02 12:52:30.875, 69.18, 1695, 150.00, 0, 60
2026/10/02 12:52:31.075, 68.97, 1695, 150.00, 0, 59
2026/10/02 12:52:31.276, 70.42, 1665, 150.00, 59, 60
2026/10/02 12:52:31.476, 75.62, 1485, 150.00, 11, 61
2026/10/02 12:52:31.677, 86.81, 1665, 150.00, 58, 61
2026/10/02 12:52:31.877, 83.74, 1680, 150.00, 48, 60
2026/10/02 12:52:32.078, 104.60, 1575, 150.00, 28, 61
2026/10/02 12:52:32.279, 99.81, 1680, 150.00, 55, 60
2026/10/02 12:52:32.479, 90.65, 1680, 150.00, 0, 60
2026/10/02 12:52:32.680, 90.41, 1695, 150.00, 0, 59
2026/10/02 12:52:32.880, 83.09, 1695, 150.00, 0, 59
2026/10/02 12:52:33.081, 80.72, 660, 150.00, 0, 59
2026/10/02 12:52:33.282, 79.19, 1680, 150.00, 11, 60
2026/10/02 12:52:33.482, 79.26, 1680, 150.00, 0, 59
2026/10/02 12:52:33.683, 81.70, 1665, 150.00, 58, 60
2026/10/02 12:52:33.883, 86.84, 1650, 150.00, 59, 60
2026/10/02 12:52:34.084, 84.12, 1680, 150.00, 58, 60
2026/10/02 12:52:34.284, 71.57, 1680, 150.00, 0, 60
2026/10/02 12:52:34.485, 71.70, 1695, 150.00, 0, 59
2026/10/02 12:52:34.685, 70.33, 1695, 150.00, 0, 59
2026/10/02 12:52:34.886, 64.75, 1305, 150.00, 0, 60
2026/10/02 12:52:35.086, 65.36, 1680, 150.00, 0, 59
2026/10/02 12:52:35.287, 79.38, 1545, 150.00, 20, 60
2026/10/02 12:52:35.488, 92.51, 1635, 150.00, 0, 59
2026/10/02 12:52:35.688, 108.73, 1020, 150.00, 42, 60
2026/10/02 12:52:35.889, 105.64, 945, 150.00, 22, 60
2026/10/02 12:52:36.089, 124.12, 600, 150.00, 0, 60
2026/10/02 12:52:36.290, 108.50, 1305, 150.00, 13, 61
2026/10/02 12:52:36.490, 117.29, 660, 150.00, 56, 61
2026/10/02 12:52:36.691, 113.41, 1680, 150.00, 3, 60
2026/10/02 12:52:36.892, 115.66, 1305, 150.00, 58, 60
2026/10/02 12:52:37.092, 133.41, 795, 150.00, 53, 61
2026/10/02 12:52:37.293, 129.44, 1650, 150.00, 100, 62
2026/10/02 12:52:37.493, 120.93, 1680, 150.00, 0, 60
2026/10/02 12:52:37.694, 130.64, 1620, 150.00, 41, 61
2026/10/02 12:52:37.895, 131.83, 630, 150.00, 0, 60
2026/10/02 12:52:38.095, 107.34, 1185, 150.00, 0, 61
2026/10/02 12:52:38.296, 87.07, 1680, 150.00, 0, 60
2026/10/02 12:52:38.496, 97.33, 810, 150.00, 2, 61
2026/10/02 12:52:38.697, 90.87, 1530, 150.00, 60, 62
2026/10/02 12:52:38.897, 96.85, 1680, 150.00, 0, 60
2026/10/02 12:52:39.098, 105.94, 630, 150.00, 53, 61
2026/10/02 12:52:39.299, 117.76, 660, 150.00, 65, 60
2026/10/02 12:52:39.500, 114.07, 780, 150.00, 100, 62
2026/10/02 12:52:39.700, 118.60, 1635, 150.00, 13, 62
2026/10/02 12:52:39.901, 117.87, 1680, 150.00, 5, 60
2026/10/02 12:52:40.101, 111.00, 1680, 150.00, 0, 61
2026/10/02 12:52:40.302, 102.68, 1665, 150.00, 0, 61
2026/10/02 12:52:40.503, 102.58, 795, 150.00, 100, 62
2026/10/02 12:52:40.703, 103.83, 810, 150.00, 100, 62
2026/10/02 12:52:40.904, 116.08, 795, 150.00, 100, 63
2026/10/02 12:52:41.104, 112.02, 1680, 150.00, 0, 62
2026/10/02 12:52:41.305, 121.61, 1635, 150.00, 5, 62
2026/10/02 12:52:41.506, 129.99, 795, 150.00, 100, 62
2026/10/02 12:52:41.706, 114.48, 1680, 150.00, 0, 61
2026/10/02 12:52:41.907, 99.89, 1680, 150.00, 1, 61
2026/10/02 12:52:42.107, 105.67, 1545, 150.00, 49, 62
2026/10/02 12:52:42.308, 104.31, 660, 150.00, 64, 61
2026/10/02 12:52:42.509, 101.61, 705, 150.00, 76, 62
2026/10/02 12:52:42.709, 115.22, 810, 150.00, 100, 63
2026/10/02 12:52:42.910, 126.58, 795, 150.00, 100, 63
2026/10/02 12:52:43.110, 134.12, 510, 150.00, 100, 63
2026/10/02 12:52:43.311, 142.61, 555, 150.00, 78, 63
2026/10/02 12:52:43.512, 150.44, 795, 150.00, 100, 63
2026/10/02 12:52:43.712, 148.60, 1200, 150.00, 24, 62
2026/10/02 12:52:43.913, 148.45, 1110, 150.00, 72, 63
2026/10/02 12:52:44.114, 148.43, 780, 150.00, 100, 63
2026/10/02 12:52:44.314, 149.56, 795, 150.00, 100, 64
2026/10/02 12:52:44.515, 151.44, 795, 150.00, 100, 64
2026/10/02 12:52:44.715, 158.02, 750, 150.00, 100, 64
2026/10/02 12:52:44.916, 152.45, 780, 150.00, 100, 64
2026/10/02 12:52:45.117, 142.17, 1065, 150.00, 78, 64
2026/10/02 12:52:45.317, 149.39, 1560, 150.00, 44, 64
2026/10/02 12:52:45.517, 150.49, 765, 150.00, 82, 64
2026/10/02 12:52:45.718, 151.16, 795, 150.00, 100, 64
2026/10/02 12:52:45.919, 137.25, 1680, 150.00, 0, 63
2026/10/02 12:52:46.119, 138.37, 930, 150.00, 32, 62
2026/10/02 12:52:46.320, 128.87, 735, 150.00, 87, 62
2026/10/02 12:52:46.520, 130.07, 795, 150.00, 100, 64
2026/10/02 12:52:46.721, 127.84, 705, 150.00, 24, 64
2026/10/02 12:52:46.922, 127.09, 1500, 150.00, 57, 63
2026/10/02 12:52:47.122, 129.57, 1425, 150.00, 77, 63
2026/10/02 12:52:47.323, 118.49, 765, 150.00, 75, 64
2026/10/02 12:52:47.523, 108.31, 1605, 150.00, 47, 63
2026/10/02 12:52:47.724, 101.35, 1680, 150.00, 0, 62
2026/10/02 12:52:47.924, 89.18, 1545, 150.00, 56, 62
2026/10/02 12:52:48.125, 96.95, 885, 150.00, 16, 63
2026/10/02 12:52:48.326, 112.98, 810, 150.00, 100, 64
2026/10/02 12:52:48.526, 112.81, 1125, 150.00, 63, 63
2026/10/02 12:52:48.727, 140.58, 810, 150.00, 100, 64
2026/10/02 12:52:48.927, 149.89, 1350, 150.00, 85, 64
2026/10/02 12:52:49.128, 162.27, 1170, 150.00, 97, 64
2026/10/02 12:52:49.328, 138.75, 1680, 150.00, 0, 62
2026/10/02 12:52:49.529, 123.35, 1695, 150.00, 0, 62
2026/10/02 12:52:49.729, 111.94, 1035, 150.00, 9, 63
2026/10/02 12:52:49.930, 102.94, 1350, 150.00, 33, 62
2026/10/02 12:52:50.130, 81.87, 1680, 150.00, 0, 62
2026/10/02 12:52:50.331, 90.54, 1170, 150.00, 78, 64
2026/10/02 12:52:50.532, 104.77, 795, 150.00, 100, 64
2026/10/02 12:52:50.732, 112.67, 1215, 150.00, 68, 64
2026/10/02 12:52:50.933, 114.64, 1650, 150.00, 16, 63
2026/10/02 12:52:51.133, 132.70, 660, 150.00, 34, 64
2026/10/02 12:52:51.334, 124.92, 1680, 150.00, 0, 62
2026/10/02 12:52:51.535, 127.29, 1620, 150.00, 37, 62
2026/10/02 12:52:51.735, 127.89, 1620, 150.00, 35, 62
2026/10/02 12:52:51.935, 131.73, 795, 150.00, 100, 64
2026/10/02 12:52:52.136, 147.82, 795, 150.00, 100, 64
2026/10/02 12:52:52.337, 156.18, 780, 150.00, 100, 65
2026/10/02 12:52:52.537, 149.01, 795, 150.00, 100, 65
2026/10/02 12:52:52.738, 148.61, 750, 150.00, 100, 65
2026/10/02 12:52:52.938, 143.09, 1380, 150.00, 81, 64
2026/10/02 12:52:53.139, 156.13, 705, 150.00, 53, 65
2026/10/02 12:52:53.339, 153.62, 1080, 150.00, 7, 65
2026/10/02 12:52:53.540, 155.01, 735, 150.00, 83, 65
2026/10/02 12:52:53.740, 159.76, 1035, 150.00, 16, 65
2026/10/02 12:52:53.941, 158.97, 780, 150.00, 100, 65
2026/10/02 12:52:54.141, 159.56, 780, 150.00, 100, 65
2026/10/02 12:52:54.342, 153.48, 795, 150.00, 100, 65
2026/10/02 12:52:54.543, 156.79, 540, 150.00, 100, 65
2026/10/02 12:52:54.743, 149.91, 750, 150.00, 100, 65
2026/10/02 12:52:54.944, 150.23, 780, 150.00, 100, 65
2026/10/02 12:52:55.144, 150.41, 780, 150.00, 100, 66
2026/10/02 12:52:55.345, 150.31, 780, 150.00, 100, 66
2026/10/02 12:52:55.546, 145.66, 675, 150.00, 51, 65
2026/10/02 12:52:55.746, 139.38, 1470, 150.00, 71, 64
2026/10/02 12:52:55.947, 130.94, 795, 150.00, 86, 65
2026/10/02 12:52:56.147, 119.09, 1620, 150.00, 40, 64
2026/10/02 12:52:56.348, 103.39, 1350, 150.00, 63, 64
2026/10/02 12:52:56.548, 106.31, 795, 150.00, 95, 65
2026/10/02 12:52:56.749, 103.33, 780, 150.00, 100, 66
2026/10/02 12:52:56.950, 119.40, 780, 150.00, 100, 66
2026/10/02 12:52:57.150, 114.38, 1635, 150.00, 27, 64
2026/10/02 12:52:57.351, 136.91, 780, 150.00, 94, 66
2026/10/02 12:52:57.551, 129.94, 1680, 150.00, 0, 64
2026/10/02 12:52:57.752, 127.22, 795, 150.00, 20, 65
2026/10/02 12:52:57.952, 129.61, 1095, 150.00, 100, 65
2026/10/02 12:52:58.153, 128.06, 1350, 150.00, 86, 65
2026/10/02 12:52:58.354, 114.04, 1680, 150.00, 0, 64
2026/10/02 12:52:58.554, 131.17, 795, 150.00, 100, 65
2026/10/02 12:52:58.755, 141.17, 1035, 150.00, 7, 65
2026/10/02 12:52:58.955, 133.33, 765, 150.00, 98, 66
2026/10/02 12:52:59.156, 118.44, 1470, 150.00, 59, 64
2026/10/02 12:52:59.356, 124.58, 690, 150.00, 62, 65
2026/10/02 12:52:59.557, 105.32, 1425, 150.00, 0, 64
2026/10/02 12:52:59.757, 112.04, 780, 150.00, 100, 66
2026/10/02 12:52:59.958, 114.56, 780, 150.00, 100, 66
2026/10/02 12:53:00.159, 117.60, 660, 150.00, 46, 66
2026/10/02 12:53:00.359, 118.01, 1680, 150.00, 0, 64
2026/10/02 12:53:00.560, 129.35, 1020, 150.00, 49, 65
2026/10/02 12:53:00.760, 143.91, 705, 150.00, 72, 66
2026/10/02 12:53:00.961, 138.14, 1320, 150.00, 81, 65
2026/10/02 12:53:01.161, 145.00, 1605, 150.00, 37, 64
2026/10/02 12:53:01.362, 140.92, 1350, 150.00, 61, 65
2026/10/02 12:53:01.562, 135.90, 780, 150.00, 100, 66
2026/10/02 12:53:01.763, 128.36, 795, 150.00, 69, 66
2026/10/02 12:53:01.964, 133.90, 945, 150.00, 72, 66
2026/10/02 12:53:02.164, 138.73, 690, 150.00, 19, 66
2026/10/02 12:53:02.365, 154.74, 780, 150.00, 100, 66
2026/10/02 12:53:02.565, 162.80, 780, 150.00, 100, 66
2026/10/02 12:53:02.766, 154.45, 1650, 150.00, 26, 65
2026/10/02 12:53:02.967, 135.35, 1680, 150.00, 0, 64
2026/10/02 12:53:03.167, 121.31, 1005, 150.00, 58, 65
2026/10/02 12:53:03.368, 95.38, 1680, 150.00, 0, 64
2026/10/02 12:53:03.568, 78.28, 1425, 150.00, 61, 64
2026/10/02 12:53:03.769, 75.89, 780, 150.00, 90, 65
2026/10/02 12:53:03.969, 82.28, 1125, 150.00, 63, 65
2026/10/02 12:53:04.170, 80.75, 1680, 150.00, 0, 64
2026/10/02 12:53:04.370, 80.96, 1350, 150.00, 61, 65
2026/10/02 12:53:04.571, 86.33, 780, 150.00, 96, 65
2026/10/02 12:53:04.771, 101.65, 1110, 150.00, 46, 66
2026/10/02 12:53:04.972, 111.10, 780, 150.00, 100, 66
2026/10/02 12:53:05.172, 121.05, 780, 150.00, 100, 66
2026/10/02 12:53:05.373, 133.52, 645, 150.00, 44, 66
2026/10/02 12:53:05.573, 155.35, 660, 150.00, 24, 66
2026/10/02 12:53:05.774, 158.51, 720, 150.00, 45, 66
2026/10/02 12:53:05.975, 159.63, 630, 150.00, 48, 66
2026/10/02 12:53:06.175, 156.91, 825, 150.00, 75, 66
2026/10/02 12:53:06.376, 170.57, 735, 150.00, 78, 67
2026/10/02 12:53:06.576, 149.08, 1665, 150.00, 14, 65
2026/10/02 12:53:06.777, 134.47, 690, 150.00, 58, 66
2026/10/02 12:53:06.977, 136.40, 1500, 150.00, 67, 65
2026/10/02 12:53:07.178, 124.95, 1560, 150.00, 51, 65
2026/10/02 12:53:07.379, 111.78, 1680, 150.00, 0, 64
2026/10/02 12:53:07.579, 106.06, 1245, 150.00, 92, 65
2026/10/02 12:53:07.780, 122.89, 780, 150.00, 91, 66
2026/10/02 12:53:07.980, 113.14, 1605, 150.00, 45, 65
2026/10/02 12:53:08.181, 109.12, 1665, 150.00, 0, 65
2026/10/02 12:53:08.381, 136.58, 1020, 150.00, 25, 66
2026/10/02 12:53:08.582, 119.24, 1680, 150.00, 0, 64
2026/10/02 12:53:08.783, 115.51, 1665, 150.00, 1, 64
2026/10/02 12:53:08.983, 107.69, 1665, 150.00, 0, 65
2026/10/02 12:53:09.184, 104.10, 1680, 150.00, 0, 64
2026/10/02 12:53:09.385, 113.12, 795, 150.00, 100, 66
2026/10/02 12:53:09.585, 124.13, 780, 150.00, 100, 66
2026/10/02 12:53:09.786, 129.29, 780, 150.00, 100, 67
2026/10/02 12:53:09.986, 138.82, 660, 150.00, 42, 67
2026/10/02 12:53:10.187, 139.43, 1680, 150.00, 0, 65
2026/10/02 12:53:10.387, 123.76, 1680, 150.00, 0, 64
2026/10/02 12:53:10.588, 108.88, 1695, 150.00, 0, 64
2026/10/02 12:53:10.788, 103.41, 990, 150.00, 13, 65
2026/10/02 12:53:10.989, 106.90, 780, 150.00, 100, 66
2026/10/02 12:53:11.190, 102.43, 1290, 150.00, 63, 65
2026/10/02 12:53:11.390, 113.11, 1665, 150.00, 1, 65
2026/10/02 12:53:11.591, 134.29, 1125, 150.00, 99, 66
2026/10/02 12:53:11.791, 138.78, 645, 150.00, 41, 66
2026/10/02 12:53:11.992, 124.88, 1680, 150.00, 0, 64
2026/10/02 12:53:12.192, 130.23, 615, 150.00, 29, 65
2026/10/02 12:53:12.393, 125.67, 1650, 150.00, 16, 64
2026/10/02 12:53:12.593, 120.65, 1050, 150.00, 7, 65
2026/10/02 12:53:12.794, 128.37, 780, 150.00, 100, 66
2026/10/02 12:53:12.994, 114.20, 1680, 150.00, 0, 64
2026/10/02 12:53:13.195, 123.53, 1590, 150.00, 43, 64
2026/10/02 12:53:13.396, 114.53, 1005, 150.00, 60, 66
2026/10/02 12:53:13.596, 119.98, 645, 150.00, 46, 66
2026/10/02 12:53:13.797, 107.46, 1680, 150.00, 0, 64
2026/10/02 12:53:13.997, 119.68, 1155, 150.00, 98, 65
2026/10/02 12:53:14.198, 121.05, 780, 150.00, 97, 66
2026/10/02 12:53:14.398, 129.15, 780, 150.00, 100, 66
2026/10/02 12:53:14.599, 139.58, 645, 150.00, 32, 66
2026/10/02 12:53:14.800, 141.81, 1665, 150.00, 12, 65
2026/10/02 12:53:15.000, 146.41, 750, 150.00, 82, 66
2026/10/02 12:53:15.201, 147.12, 1665, 150.00, 1, 65
2026/10/02 12:53:15.401, 133.03, 1680, 150.00, 0, 64
2026/10/02 12:53:15.602, 128.88, 810, 150.00, 100, 66
2026/10/02 12:53:15.803, 128.95, 1665, 150.00, 13, 65
2026/10/02 12:53:16.003, 108.94, 1680, 150.00, 0, 64
2026/10/02 12:53:16.204, 93.28, 1695, 150.00, 0, 64
2026/10/02 12:53:16.404, 96.82, 960, 150.00, 58, 65
2026/10/02 12:53:16.605, 79.18, 1680, 150.00, 50, 64
2026/10/02 12:53:16.806, 88.03, 990, 150.00, 61, 65
2026/10/02 12:53:17.007, 85.88, 1680, 150.00, 1, 64
2026/10/02 12:53:17.207, 103.75, 675, 150.00, 0, 65
2026/10/02 12:53:17.408, 106.44, 1260, 150.00, 100, 65
2026/10/02 12:53:17.609, 96.23, 1515, 150.00, 63, 65
2026/10/02 12:53:17.809, 96.48, 1035, 150.00, 0, 65
2026/10/02 12:53:18.010, 105.39, 780, 150.00, 89, 66
2026/10/02 12:53:18.210, 100.36, 1665, 150.00, 100, 65
2026/10/02 12:53:18.411, 90.17, 1680, 150.00, 0, 64
2026/10/02 12:53:18.612, 94.35, 1680, 150.00, 59, 64
2026/10/02 12:53:18.812, 94.15, 1380, 150.00, 61, 64
2026/10/02 12:53:19.013, 93.78, 630, 150.00, 61, 66
2026/10/02 12:53:19.214, 89.99, 1560, 150.00, 28, 64
2026/10/02 12:53:19.414, 102.50, 1665, 150.00, 55, 64
2026/10/02 12:53:19.615, 100.33, 1680, 150.00, 0, 64
2026/10/02 12:53:19.815, 112.18, 780, 150.00, 92, 66
2026/10/02 12:53:20.016, 135.00, 735, 150.00, 51, 66
2026/10/02 12:53:20.217, 120.21, 1665, 150.00, 87, 65
2026/10/02 12:53:20.417, 127.65, 765, 150.00, 61, 66
2026/10/02 12:53:20.618, 133.57, 1365, 150.00, 63, 66
2026/10/02 12:53:20.818, 136.07, 780, 150.00, 91, 66
2026/10/02 12:53:21.019, 124.73, 1650, 150.00, 86, 65
2026/10/02 12:53:21.219, 127.43, 780, 150.00, 61, 66
2026/10/02 12:53:21.420, 129.31, 780, 150.00, 100, 67
2026/10/02 12:53:21.621, 143.53, 765, 150.00, 100, 67
2026/10/02 12:53:21.821, 132.83, 1560, 150.00, 89, 66
2026/10/02 12:53:22.022, 131.10, 1185, 150.00, 59, 66
2026/10/02 12:53:22.222, 119.16, 1680, 150.00, 68, 65
2026/10/02 12:53:22.423, 99.42, 1680, 150.00, 0, 64
2026/10/02 12:53:22.623, 90.58, 1305, 150.00, 0, 65
2026/10/02 12:53:22.824, 78.89, 1680, 150.00, 57, 64
2026/10/02 12:53:23.025, 96.27, 795, 150.00, 50, 66
2026/10/02 12:53:23.225, 107.08, 795, 150.00, 100, 67
2026/10/02 12:53:23.426, 122.39, 795, 150.00, 100, 67
2026/10/02 12:53:23.626, 137.55, 780, 150.00, 100, 67
2026/10/02 12:53:23.827, 147.35, 1005, 150.00, 100, 67
2026/10/02 12:53:24.027, 133.88, 1380, 150.00, 5, 65
2026/10/02 12:53:24.228, 140.48, 690, 150.00, 55, 67
2026/10/02 12:53:24.429, 140.51, 645, 150.00, 15, 66
2026/10/02 12:53:24.629, 129.91, 795, 150.00, 31, 66
2026/10/02 12:53:24.830, 125.64, 1635, 150.00, 100, 65
2026/10/02 12:53:25.030, 118.83, 1275, 150.00, 0, 65
2026/10/02 12:53:25.231, 123.69, 780, 150.00, 100, 67
2026/10/02 12:53:25.431, 128.63, 795, 150.00, 83, 67
2026/10/02 12:53:25.632, 127.77, 795, 150.00, 100, 67
2026/10/02 12:53:25.832, 132.58, 1110, 150.00, 49, 67
2026/10/02 12:53:26.033, 154.31, 690, 150.00, 56, 67
2026/10/02 12:53:26.234, 146.91, 1665, 150.00, 100, 65
2026/10/02 12:53:26.434, 128.72, 1680, 150.00, 0, 65
2026/10/02 12:53:26.635, 115.94, 1695, 150.00, 0, 64
2026/10/02 12:53:26.835, 93.65, 1695, 150.00, 0, 64
2026/10/02 12:53:27.036, 106.42, 1620, 150.00, 24, 64
2026/10/02 12:53:27.236, 101.03, 1290, 150.00, 53, 66
2026/10/02 12:53:27.437, 99.71, 1470, 150.00, 0, 65
2026/10/02 12:53:27.637, 98.12, 1500, 150.00, 0, 65
2026/10/02 12:53:27.838, 112.58, 810, 150.00, 7, 66
2026/10/02 12:53:28.039, 112.30, 645, 150.00, 35, 66
2026/10/02 12:53:28.239, 112.55, 795, 150.00, 100, 66
2026/10/02 12:53:28.440, 125.21, 795, 150.00, 100, 67
2026/10/02 12:53:28.640, 145.72, 645, 150.00, 100, 67
2026/10/02 12:53:28.841, 139.34, 1365, 150.00, 43, 65
2026/10/02 12:53:29.041, 143.57, 600, 150.00, 60, 66
2026/10/02 12:53:29.242, 140.66, 1065, 150.00, 66, 67
2026/10/02 12:53:29.443, 124.93, 1680, 150.00, 21, 65
2026/10/02 12:53:29.643, 120.51, 780, 150.00, 51, 66
2026/10/02 12:53:29.844, 121.10, 1680, 150.00, 71, 65
2026/10/02 12:53:30.044, 115.90, 1680, 150.00, 0, 64
2026/10/02 12:53:30.245, 112.57, 810, 150.00, 25, 66
2026/10/02 12:53:30.445, 124.28, 795, 150.00, 100, 67
2026/10/02 12:53:30.646, 132.87, 795, 150.00, 82, 67
2026/10/02 12:53:30.847, 140.79, 795, 150.00, 100, 67
2026/10/02 12:53:31.047, 162.84, 750, 150.00, 100, 67
2026/10/02 12:53:31.248, 146.60, 990, 150.00, 100, 66
2026/10/02 12:53:31.448, 145.88, 795, 150.00, 91, 67
2026/10/02 12:53:31.649, 139.95, 585, 150.00, 100, 67
2026/10/02 12:53:31.850, 120.86, 1680, 150.00, 55, 65
2026/10/02 12:53:32.050, 118.70, 1515, 150.00, 53, 65
2026/10/02 12:53:32.251, 119.05, 795, 150.00, 77, 67
2026/10/02 12:53:32.451, 112.31, 1680, 150.00, 43, 65
2026/10/02 12:53:32.652, 108.53, 1170, 150.00, 0, 66
2026/10/02 12:53:32.852, 110.93, 1350, 150.00, 13, 66
2026/10/02 12:53:33.053, 100.47, 1680, 150.00, 0, 65
2026/10/02 12:53:33.253, 114.60, 780, 150.00, 44, 66
2026/10/02 12:53:33.454, 123.22, 795, 150.00, 100, 67
2026/10/02 12:53:33.655, 134.64, 795, 150.00, 100, 67
2026/10/02 12:53:33.855, 129.75, 1395, 150.00, 70, 67
2026/10/02 12:53:34.056, 133.75, 1395, 150.00, 0, 66
2026/10/02 12:53:34.256, 115.30, 1680, 150.00, 0, 65
2026/10/02 12:53:34.457, 106.34, 750, 150.00, 0, 66
2026/10/02 12:53:34.657, 110.76, 795, 150.00, 100, 67
2026/10/02 12:53:34.858, 122.07, 780, 150.00, 100, 67
2026/10/02 12:53:35.059, 118.25, 1680, 150.00, 85, 65
2026/10/02 12:53:35.259, 113.00, 1680, 150.00, 0, 65
2026/10/02 12:53:35.460, 127.53, 795, 150.00, 45, 67
2026/10/02 12:53:35.660, 118.00, 795, 150.00, 76, 67
2026/10/02 12:53:35.861, 108.87, 795, 150.00, 74, 67
2026/10/02 12:53:36.061, 105.98, 1215, 150.00, 65, 66
2026/10/02 12:53:36.262, 105.55, 1680, 150.00, 59, 65
2026/10/02 12:53:36.463, 90.15, 1680, 150.00, 0, 65
2026/10/02 12:53:36.663, 81.52, 1590, 150.00, 0, 65
2026/10/02 12:53:36.864, 75.06, 1680, 150.00, 0, 64
2026/10/02 12:53:37.064, 80.53, 1665, 150.00, 45, 65
2026/10/02 12:53:37.265, 108.45, 765, 150.00, 30, 66
2026/10/02 12:53:37.465, 119.81, 780, 150.00, 100, 67
2026/10/02 12:53:37.666, 134.97, 795, 150.00, 100, 67
2026/10/02 12:53:37.866, 151.32, 780, 150.00, 100, 67
2026/10/02 12:53:38.067, 161.49, 675, 150.00, 100, 67
2026/10/02 12:53:38.267, 153.04, 780, 150.00, 100, 67
2026/10/02 12:53:38.468, 151.46, 795, 150.00, 100, 67
2026/10/02 12:53:38.669, 151.44, 795, 150.00, 100, 67
2026/10/02 12:53:38.869, 150.93, 660, 150.00, 100, 68
2026/10/02 12:53:39.070, 150.10, 750, 150.00, 100, 67
2026/10/02 12:53:39.270, 141.75, 1680, 150.00, 100, 66
2026/10/02 12:53:39.471, 127.89, 1680, 150.00, 0, 65
2026/10/02 12:53:39.671, 113.04, 1695, 150.00, 0, 65
2026/10/02 12:53:39.872, 98.25, 1695, 150.00, 0, 65
2026/10/02 12:53:40.072, 84.48, 1695, 150.00, 0, 65
2026/10/02 12:53:40.273, 80.94, 630, 150.00, 0, 66
2026/10/02 12:53:40.473, 82.05, 645, 150.00, 54, 65
2026/10/02 12:53:40.674, 80.36, 1680, 150.00, 57, 65
2026/10/02 12:53:40.875, 87.27, 1575, 150.00, 70, 65
2026/10/02 12:53:41.075, 93.43, 1680, 150.00, 63, 65
2026/10/02 12:53:41.276, 91.35, 870, 150.00, 0, 65
2026/10/02 12:53:41.476, 94.56, 600, 150.00, 61, 66
2026/10/02 12:53:41.677, 92.19, 1680, 150.00, 46, 65
2026/10/02 12:53:41.878, 97.67, 1245, 150.00, 44, 65
2026/10/02 12:53:42.078, 91.71, 1680, 150.00, 60, 65
2026/10/02 12:53:42.279, 97.96, 1455, 150.00, 59, 65
2026/10/02 12:53:42.479, 86.84, 1680, 150.00, 59, 65
2026/10/02 12:53:42.680, 86.63, 1680, 150.00, 0, 64
2026/10/02 12:53:42.880, 81.92, 810, 150.00, 0, 66
2026/10/02 12:53:43.081, 95.87, 645, 150.00, 60, 66
2026/10/02 12:53:43.281, 113.07, 675, 150.00, 85, 67
2026/10/02 12:53:43.482, 127.41, 795, 150.00, 100, 67
2026/10/02 12:53:43.683, 155.51, 705, 150.00, 100, 67
2026/10/02 12:53:43.883, 161.20, 1455, 150.00, 100, 66
2026/10/02 12:53:44.084, 171.84, 1335, 150.00, 52, 67
2026/10/02 12:53:44.284, 150.55, 765, 150.00, 3, 67
2026/10/02 12:53:44.485, 150.99, 795, 150.00, 100, 67
2026/10/02 12:53:44.686, 148.99, 1455, 150.00, 100, 67
2026/10/02 12:53:44.886, 144.77, 660, 150.00, 0, 67
2026/10/02 12:53:45.087, 145.49, 780, 150.00, 100, 67
2026/10/02 12:53:45.287, 151.89, 795, 150.00, 100, 67
2026/10/02 12:53:45.488, 151.66, 780, 150.00, 100, 68
2026/10/02 12:53:45.688, 150.34, 480, 150.00, 100, 67
2026/10/02 12:53:45.889, 158.94, 1215, 150.00, 100, 67
2026/10/02 12:53:46.089, 141.68, 1335, 150.00, 14, 66
2026/10/02 12:53:46.290, 149.07, 795, 150.00, 25, 67
2026/10/02 12:53:46.490, 149.30, 780, 150.00, 100, 67
2026/10/02 12:53:46.691, 150.64, 795, 150.00, 93, 68
2026/10/02 12:53:46.892, 154.70, 1410, 150.00, 69, 67
2026/10/02 12:53:47.092, 160.03, 1665, 150.00, 44, 66
2026/10/02 12:53:47.293, 143.30, 1560, 150.00, 74, 66
2026/10/02 12:53:47.493, 129.27, 1680, 150.00, 62, 66
2026/10/02 12:53:47.694, 130.17, 1020, 150.00, 0, 67
2026/10/02 12:53:47.895, 123.37, 780, 150.00, 78, 67
2026/10/02 12:53:48.095, 108.91, 1620, 150.00, 87, 66
2026/10/02 12:53:48.296, 121.91, 1110, 150.00, 58, 67
2026/10/02 12:53:48.496, 148.03, 1065, 150.00, 38, 68
2026/10/02 12:53:48.697, 147.96, 1680, 150.00, 88, 66
2026/10/02 12:53:48.897, 131.55, 810, 150.00, 0, 67
2026/10/02 12:53:49.098, 138.32, 780, 150.00, 100, 67
2026/10/02 12:53:49.299, 138.62, 1680, 150.00, 100, 66
2026/10/02 12:53:49.499, 114.12, 975, 150.00, 0, 66
2026/10/02 12:53:49.700, 104.50, 1635, 150.00, 94, 66
2026/10/02 12:53:49.900, 99.67, 1590, 150.00, 0, 66
2026/10/02 12:53:50.101, 91.77, 1320, 150.00, 0, 67
2026/10/02 12:53:50.301, 81.69, 1680, 150.00, 2, 65
2026/10/02 12:53:50.502, 90.55, 810, 150.00, 0, 67
2026/10/02 12:53:50.702, 97.32, 795, 150.00, 100, 67
2026/10/02 12:53:50.903, 113.61, 795, 150.00, 100, 68
2026/10/02 12:53:51.103, 120.32, 810, 150.00, 39, 67
2026/10/02 12:53:51.304, 133.18, 795, 150.00, 100, 68
2026/10/02 12:53:51.505, 142.46, 780, 150.00, 100, 68
2026/10/02 12:53:51.705, 133.26, 1665, 150.00, 100, 67
2026/10/02 12:53:51.906, 132.28, 1455, 150.00, 60, 67
2026/10/02 12:53:52.106, 123.70, 1545, 150.00, 0, 66
2026/10/02 12:53:52.307, 121.91, 585, 150.00, 0, 66
2026/10/02 12:53:52.507, 101.17, 1560, 150.00, 48, 66
2026/10/02 12:53:52.708, 97.46, 1680, 150.00, 60, 66
2026/10/02 12:53:52.909, 96.20, 1545, 150.00, 66, 67
2026/10/02 12:53:53.109, 94.00, 1680, 150.00, 0, 65
2026/10/02 12:53:53.310, 83.66, 1695, 150.00, 0, 65
2026/10/02 12:53:53.511, 92.61, 1170, 150.00, 46, 66
2026/10/02 12:53:53.711, 90.32, 1680, 150.00, 0, 65
2026/10/02 12:53:53.912, 95.97, 1680, 150.00, 9, 65
2026/10/02 12:53:54.113, 93.72, 1680, 150.00, 0, 65
2026/10/02 12:53:54.313, 100.67, 1170, 150.00, 0, 65
2026/10/02 12:53:54.514, 111.89, 780, 150.00, 100, 67
2026/10/02 12:53:54.714, 115.88, 885, 150.00, 92, 67
2026/10/02 12:53:54.915, 114.83, 780, 150.00, 100, 68
2026/10/02 12:53:55.116, 130.41, 615, 150.00, 100, 68
2026/10/02 12:53:55.316, 143.88, 750, 150.00, 100, 68
2026/10/02 12:53:55.517, 145.45, 780, 150.00, 100, 68
2026/10/02 12:53:55.717, 143.93, 780, 150.00, 100, 68
2026/10/02 12:53:55.918, 147.39, 780, 150.00, 100, 68
2026/10/02 12:53:56.119, 146.68, 705, 150.00, 100, 68
2026/10/02 12:53:56.319, 148.94, 735, 150.00, 100, 68
2026/10/02 12:53:56.520, 149.01, 750, 150.00, 100, 68
2026/10/02 12:53:56.720, 149.98, 780, 150.00, 100, 68
2026/10/02 12:53:56.921, 149.60, 765, 150.00, 100, 68
2026/10/02 12:53:57.122, 148.96, 720, 150.00, 100, 68
2026/10/02 12:53:57.322, 150.01, 750, 150.00, 100, 68
2026/10/02 12:53:57.523, 150.09, 750, 150.00, 100, 68
2026/10/02 12:53:57.724, 150.20, 765, 150.00, 100, 68
2026/10/02 12:53:57.924, 150.31, 750, 150.00, 100, 69
2026/10/02 12:53:58.125, 150.04, 735, 150.00, 100, 68
2026/10/02 12:53:58.325, 150.04, 735, 150.00, 100, 69
2026/10/02 12:53:58.526, 150.02, 750, 150.00, 100, 69
2026/10/02 12:53:58.727, 149.98, 765, 150.00, 100, 69
2026/10/02 12:53:58.927, 149.89, 750, 150.00, 100, 69
2026/10/02 12:53:59.128, 149.47, 735, 150.00, 100, 69
2026/10/02 12:53:59.329, 149.69, 735, 150.00, 100, 69
2026/10/02 12:53:59.529, 149.98, 765, 150.00, 100, 69
2026/10/02 12:53:59.730, 149.91, 750, 150.00, 100, 69
2026/10/02 12:53:59.930, 149.76, 750, 150.00, 100, 69
2026/10/02 12:54:00.131, 149.74, 735, 150.00, 100, 69
2026/10/02 12:54:00.332, 149.97, 735, 150.00, 100, 69
2026/10/02 12:54:00.532, 149.84, 750, 150.00, 100, 69
2026/10/02 12:54:00.733, 149.91, 750, 150.00, 100, 69
2026/10/02 12:54:00.933, 149.82, 735, 150.00, 100, 69
2026/10/02 12:54:01.134, 149.75, 735, 150.00, 100, 69
2026/10/02 12:54:01.335, 150.08, 735, 150.00, 100, 69
2026/10/02 12:54:01.535, 150.24, 750, 150.00, 100, 69
2026/10/02 12:54:01.736, 150.33, 750, 150.00, 100, 69
2026/10/02 12:54:01.936, 150.24, 735, 150.00, 100, 69
2026/10/02 12:54:02.137, 150.17, 750, 150.00, 100, 69
2026/10/02 12:54:02.338, 149.82, 735, 150.00, 100, 69
2026/10/02 12:54:02.538, 149.78, 750, 150.00, 100, 69
2026/10/02 12:54:02.739, 149.91, 735, 150.00, 100, 70
2026/10/02 12:54:02.939, 149.62, 735, 150.00, 100, 70
2026/10/02 12:54:03.140, 149.62, 735, 150.00, 100, 70
2026/10/02 12:54:03.341, 142.87, 750, 150.00, 83, 69
2026/10/02 12:54:03.541, 126.34, 1680, 150.00, 0, 68
2026/10/02 12:54:03.742, 123.08, 780, 150.00, 100, 69
2026/10/02 12:54:03.943, 124.18, 1380, 150.00, 91, 69
2026/10/02 12:54:04.143, 127.30, 765, 150.00, 100, 70
2026/10/02 12:54:04.344, 119.58, 1650, 150.00, 41, 68
2026/10/02 12:54:04.544, 141.75, 1065, 150.00, 100, 69
2026/10/02 12:54:04.745, 152.21, 765, 150.00, 100, 70
2026/10/02 12:54:04.945, 135.85, 1680, 150.00, 0, 68
2026/10/02 12:54:05.146, 135.52, 1665, 150.00, 24, 68
2026/10/02 12:54:05.347, 148.59, 780, 150.00, 100, 69
2026/10/02 12:54:05.547, 141.53, 765, 150.00, 100, 70
2026/10/02 12:54:05.748, 141.43, 780, 150.00, 100, 70
2026/10/02 12:54:05.948, 152.15, 720, 150.00, 81, 70
2026/10/02 12:54:06.149, 150.51, 660, 150.00, 36, 69
2026/10/02 12:54:06.349, 155.15, 780, 150.00, 100, 70
2026/10/02 12:54:06.550, 155.23, 780, 150.00, 100, 70
2026/10/02 12:54:06.751, 155.33, 765, 150.00, 100, 70
2026/10/02 12:54:06.951, 138.43, 1590, 150.00, 64, 69
2026/10/02 12:54:07.152, 140.55, 720, 150.00, 47, 69
2026/10/02 12:54:07.352, 131.26, 765, 150.00, 100, 70
2026/10/02 12:54:07.553, 131.27, 765, 150.00, 100, 70
2026/10/02 12:54:07.753, 136.07, 630, 150.00, 19, 70
2026/10/02 12:54:07.954, 152.56, 660, 150.00, 63, 70
2026/10/02 12:54:08.154, 168.34, 780, 150.00, 100, 70
2026/10/02 12:54:08.355, 164.76, 765, 150.00, 100, 70
2026/10/02 12:54:08.556, 164.55, 435, 150.00, 100, 70
2026/10/02 12:54:08.756, 163.14, 570, 150.00, 100, 70
2026/10/02 12:54:08.957, 151.46, 765, 150.00, 100, 70
2026/10/02 12:54:09.157, 151.63, 765, 150.00, 100, 70
2026/10/02 12:54:09.358, 151.50, 765, 150.00, 100, 70
2026/10/02 12:54:09.558, 150.53, 705, 150.00, 100, 70
2026/10/02 12:54:09.759, 150.34, 720, 150.00, 100, 70
2026/10/02 12:54:09.960, 145.83, 780, 150.00, 69, 70
2026/10/02 12:54:10.160, 146.29, 765, 150.00, 100, 70
2026/10/02 12:54:10.361, 146.38, 765, 150.00, 100, 70
2026/10/02 12:54:10.561, 146.10, 720, 150.00, 100, 70
2026/10/02 12:54:10.762, 144.98, 750, 150.00, 100, 70
2026/10/02 12:54:10.963, 149.74, 750, 150.00, 100, 70
2026/10/02 12:54:11.163, 149.22, 765, 150.00, 100, 70
2026/10/02 12:54:11.364, 149.60, 765, 150.00, 100, 71
2026/10/02 12:54:11.564, 149.35, 690, 150.00, 100, 71
2026/10/02 12:54:11.765, 148.42, 705, 150.00, 100, 70
2026/10/02 12:54:11.965, 149.91, 750, 150.00, 100, 70
2026/10/02 12:54:12.166, 150.17, 750, 150.00, 100, 71
2026/10/02 12:54:12.366, 150.29, 750, 150.00, 100, 71
2026/10/02 12:54:12.567, 149.66, 1530, 150.00, 99, 70
2026/10/02 12:54:12.768, 135.98, 1680, 150.00, 0, 69
2026/10/02 12:54:12.968, 127.52, 780, 150.00, 68, 70
2026/10/02 12:54:13.169, 112.18, 705, 150.00, 0, 68
2026/10/02 12:54:13.370, 103.18, 780, 150.00, 72, 70
2026/10/02 12:54:13.570, 107.56, 765, 150.00, 100, 70
2026/10/02 12:54:13.771, 110.92, 645, 150.00, 20, 69
2026/10/02 12:54:13.971, 115.28, 780, 150.00, 87, 70
2026/10/02 12:54:14.172, 127.89, 720, 150.00, 68, 70
2026/10/02 12:54:14.372, 142.35, 765, 150.00, 100, 71
2026/10/02 12:54:14.573, 143.59, 630, 150.00, 100, 71
2026/10/02 12:54:14.774, 139.87, 780, 150.00, 100, 70
2026/10/02 12:54:14.974, 154.01, 615, 150.00, 100, 71
2026/10/02 12:54:15.175, 153.79, 750, 150.00, 100, 71
2026/10/02 12:54:15.375, 148.17, 765, 150.00, 100, 71
2026/10/02 12:54:15.576, 147.97, 705, 150.00, 100, 71
2026/10/02 12:54:15.776, 149.39, 750, 150.00, 100, 71
2026/10/02 12:54:15.977, 149.88, 720, 150.00, 100, 71
2026/10/02 12:54:16.177, 150.19, 750, 150.00, 100, 71
2026/10/02 12:54:16.378, 150.12, 735, 150.00, 100, 71
2026/10/02 12:54:16.579, 149.50, 720, 150.00, 100, 71
2026/10/02 12:54:16.779, 149.81, 705, 150.00, 100, 71
2026/10/02 12:54:16.980, 149.44, 735, 150.00, 100, 71
2026/10/02 12:54:17.180, 149.89, 750, 150.00, 100, 71
2026/10/02 12:54:17.381, 149.96, 735, 150.00, 100, 71
2026/10/02 12:54:17.582, 149.81, 720, 150.00, 100, 71
2026/10/02 12:54:17.782, 149.90, 720, 150.00, 100, 71
2026/10/02 12:54:17.983, 150.03, 735, 150.00, 100, 71
2026/10/02 12:54:18.183, 150.15, 735, 150.00, 100, 71
2026/10/02 12:54:18.384, 149.96, 735, 150.00, 100, 71
2026/10/02 12:54:18.585, 150.02, 720, 150.00, 100, 71
2026/10/02 12:54:18.785, 149.89, 735, 150.00, 100, 71
2026/10/02 12:54:18.986, 150.01, 720, 150.00, 100, 71
2026/10/02 12:54:19.186, 150.24, 735, 150.00, 100, 71
2026/10/02 12:54:19.387, 150.37, 735, 150.00, 100, 71
2026/10/02 12:54:19.587, 150.20, 720, 150.00, 100, 71
2026/10/02 12:54:19.788, 149.96, 720, 150.00, 100, 72
2026/10/02 12:54:19.989, 149.88, 735, 150.00, 100, 72
2026/10/02 12:54:20.189, 149.89, 735, 150.00, 100, 72
2026/10/02 12:54:20.390, 149.91, 735, 150.00, 100, 72
2026/10/02 12:54:20.590, 149.72, 720, 150.00, 100, 72
2026/10/02 12:54:20.791, 149.87, 720, 150.00, 100, 72
2026/10/02 12:54:20.992, 150.05, 720, 150.00, 100, 72
2026/10/02 12:54:21.192, 150.01, 735, 150.00, 100, 72
2026/10/02 12:54:21.393, 144.90, 1590, 150.00, 89, 71
2026/10/02 12:54:21.593, 131.18, 1590, 150.00, 59, 70
2026/10/02 12:54:21.794, 135.67, 765, 150.00, 100, 71
2026/10/02 12:54:21.994, 129.34, 765, 150.00, 64, 70
2026/10/02 12:54:22.195, 119.73, 735, 150.00, 63, 71
2026/10/02 12:54:22.395, 122.92, 765, 150.00, 100, 72
2026/10/02 12:54:22.596, 135.34, 750, 150.00, 100, 72
2026/10/02 12:54:22.797, 137.54, 750, 150.00, 100, 72
2026/10/02 12:54:22.997, 140.80, 750, 150.00, 100, 72
2026/10/02 12:54:23.198, 147.85, 750, 150.00, 100, 72
2026/10/02 12:54:23.398, 148.37, 765, 150.00, 100, 72
2026/10/02 12:54:23.599, 148.21, 750, 150.00, 100, 72
2026/10/02 12:54:23.799, 148.08, 705, 150.00, 100, 72
2026/10/02 12:54:24.000, 144.50, 1575, 150.00, 90, 71
2026/10/02 12:54:24.201, 152.34, 1305, 150.00, 100, 72
2026/10/02 12:54:24.401, 153.74, 1530, 150.00, 100, 72
2026/10/02 12:54:24.602, 141.38, 1575, 150.00, 63, 71
2026/10/02 12:54:24.802, 143.73, 765, 150.00, 100, 72
2026/10/02 12:54:25.003, 145.36, 765, 150.00, 100, 72
2026/10/02 12:54:25.203, 144.24, 765, 150.00, 100, 72
2026/10/02 12:54:25.404, 139.96, 795, 150.00, 100, 72
2026/10/02 12:54:25.604, 152.42, 720, 150.00, 100, 72
2026/10/02 12:54:25.805, 142.55, 1665, 150.00, 46, 71
2026/10/02 12:54:26.006, 134.46, 750, 150.00, 83, 71
2026/10/02 12:54:26.206, 136.32, 750, 150.00, 100, 72
2026/10/02 12:54:26.407, 136.29, 750, 150.00, 100, 72
2026/10/02 12:54:26.607, 139.79, 765, 150.00, 100, 72
2026/10/02 12:54:26.808, 142.74, 660, 150.00, 100, 72
2026/10/02 12:54:27.008, 149.89, 750, 150.00, 100, 72
2026/10/02 12:54:27.209, 149.43, 750, 150.00, 100, 72
2026/10/02 12:54:27.410, 149.32, 750, 150.00, 100, 72
2026/10/02 12:54:27.610, 149.76, 630, 150.00, 100, 72
2026/10/02 12:54:27.811, 147.46, 690, 150.00, 100, 72
2026/10/02 12:54:28.011, 141.04, 1665, 150.00, 40, 71
2026/10/02 12:54:28.212, 147.47, 1320, 150.00, 100, 72
2026/10/02 12:54:28.412, 148.59, 765, 150.00, 100, 72
2026/10/02 12:54:28.613, 149.22, 765, 150.00, 100, 72
2026/10/02 12:54:28.813, 151.28, 750, 150.00, 100, 72
2026/10/02 12:54:29.014, 159.16, 765, 150.00, 100, 72
2026/10/02 12:54:29.214, 149.80, 720, 150.00, 100, 72
2026/10/02 12:54:29.415, 147.93, 735, 150.00, 100, 72
2026/10/02 12:54:29.616, 143.61, 750, 150.00, 100, 73
2026/10/02 12:54:29.816, 144.45, 1335, 150.00, 100, 73
2026/10/02 12:54:30.017, 149.35, 705, 150.00, 20, 72
2026/10/02 12:54:30.218, 149.94, 1575, 150.00, 100, 71
2026/10/02 12:54:30.419, 143.81, 780, 150.00, 3, 72
2026/10/02 12:54:30.619, 147.50, 750, 150.00, 100, 72
2026/10/02 12:54:30.820, 147.93, 750, 150.00, 100, 73
2026/10/02 12:54:31.020, 152.12, 750, 150.00, 100, 73
2026/10/02 12:54:31.221, 143.66, 690, 150.00, 100, 72
2026/10/02 12:54:31.422, 149.24, 735, 150.00, 100, 73
2026/10/02 12:54:31.622, 149.95, 750, 150.00, 100, 73
2026/10/02 12:54:31.823, 149.80, 750, 150.00, 100, 73
2026/10/02 12:54:32.023, 149.45, 615, 150.00, 100, 73
2026/10/02 12:54:32.224, 147.93, 690, 150.00, 100, 73
2026/10/02 12:54:32.424, 149.97, 735, 150.00, 100, 73
2026/10/02 12:54:32.625, 149.91, 735, 150.00, 100, 73
2026/10/02 12:54:32.826, 150.04, 750, 150.00, 100, 73
2026/10/02 12:54:33.026, 149.90, 690, 150.00, 100, 73
2026/10/02 12:54:33.227, 149.68, 690, 150.00, 100, 73
2026/10/02 12:54:33.427, 143.63, 1605, 150.00, 100, 72
2026/10/02 12:54:33.628, 129.97, 1680, 150.00, 0, 71
2026/10/02 12:54:33.828, 118.25, 1650, 150.00, 8, 71
2026/10/02 12:54:34.029, 113.79, 1680, 150.00, 51, 71
2026/10/02 12:54:34.229, 99.70, 1680, 150.00, 0, 70
2026/10/02 12:54:34.430, 91.06, 570, 150.00, 0, 71
2026/10/02 12:54:34.630, 106.81, 675, 150.00, 63, 72
2026/10/02 12:54:34.831, 110.50, 750, 150.00, 100, 72
2026/10/02 12:54:35.032, 116.00, 750, 150.00, 100, 72
2026/10/02 12:54:35.232, 130.89, 750, 150.00, 100, 73
2026/10/02 12:54:35.433, 151.58, 525, 150.00, 100, 73
2026/10/02 12:54:35.633, 157.97, 720, 150.00, 100, 73
2026/10/02 12:54:35.834, 150.99, 750, 150.00, 100, 73
2026/10/02 12:54:36.035, 151.06, 750, 150.00, 100, 73
2026/10/02 12:54:36.235, 151.22, 750, 150.00, 100, 73
2026/10/02 12:54:36.436, 149.77, 675, 150.00, 100, 73
2026/10/02 12:54:36.637, 149.80, 720, 150.00, 100, 73
2026/10/02 12:54:36.837, 150.41, 750, 150.00, 100, 73
2026/10/02 12:54:37.038, 150.49, 750, 150.00, 100, 73
2026/10/02 12:54:37.238, 150.05, 690, 150.00, 100, 73
2026/10/02 12:54:37.439, 149.11, 675, 150.00, 100, 73
2026/10/02 12:54:37.640, 150.16, 720, 150.00, 100, 73
2026/10/02 12:54:37.840, 150.19, 750, 150.00, 100, 73
2026/10/02 12:54:38.041, 150.37, 750, 150.00, 100, 73
2026/10/02 12:54:38.241, 150.08, 690, 150.00, 100, 73
2026/10/02 12:54:38.442, 149.69, 690, 150.00, 100, 73
2026/10/02 12:54:38.643, 150.13, 1440, 150.00, 100, 73
2026/10/02 12:54:38.843, 149.19, 1035, 150.00, 39, 72
2026/10/02 12:54:39.044, 148.23, 765, 150.00, 66, 73
2026/10/02 12:54:39.244, 148.85, 1185, 150.00, 100, 73
2026/10/02 12:54:39.445, 154.87, 750, 150.00, 74, 73
2026/10/02 12:54:39.646, 148.09, 1620, 150.00, 100, 72
2026/10/02 12:54:39.846, 149.01, 750, 150.00, 26, 73
2026/10/02 12:54:40.047, 158.25, 750, 150.00, 100, 73
2026/10/02 12:54:40.247, 158.71, 750, 150.00, 100, 73
2026/10/02 12:54:40.448, 153.82, 1515, 150.00, 100, 73
2026/10/02 12:54:40.648, 137.73, 1635, 150.00, 6, 72
2026/10/02 12:54:40.849, 144.33, 1170, 150.00, 28, 73
2026/10/02 12:54:41.050, 145.13, 750, 150.00, 78, 73
2026/10/02 12:54:41.250, 129.07, 1680, 150.00, 79, 72
2026/10/02 12:54:41.451, 128.99, 1365, 150.00, 0, 73
2026/10/02 12:54:41.651, 138.00, 795, 150.00, 16, 73
2026/10/02 12:54:41.852, 125.03, 1455, 150.00, 50, 73
2026/10/02 12:54:42.052, 118.19, 1665, 150.00, 28, 71
2026/10/02 12:54:42.253, 122.00, 795, 150.00, 0, 72
2026/10/02 12:54:42.454, 134.87, 705, 150.00, 77, 72
2026/10/02 12:54:42.654, 127.57, 630, 150.00, 85, 72
2026/10/02 12:54:42.855, 121.87, 1680, 150.00, 66, 71
2026/10/02 12:54:43.055, 108.36, 750, 150.00, 0, 72
2026/10/02 12:54:43.256, 123.85, 750, 150.00, 100, 73
2026/10/02 12:54:43.456, 121.16, 750, 150.00, 100, 73
2026/10/02 12:54:43.657, 124.40, 1230, 150.00, 100, 73
2026/10/02 12:54:43.857, 124.08, 1680, 150.00, 31, 71
2026/10/02 12:54:44.058, 146.80, 1275, 150.00, 53, 73
2026/10/02 12:54:44.258, 147.44, 705, 150.00, 26, 73
2026/10/02 12:54:44.459, 147.94, 750, 150.00, 100, 73
2026/10/02 12:54:44.660, 147.81, 750, 150.00, 100, 73
2026/10/02 12:54:44.860, 147.86, 1680, 150.00, 100, 72
2026/10/02 12:54:45.061, 138.63, 1680, 150.00, 0, 71
2026/10/02 12:54:45.261, 148.84, 765, 150.00, 34, 72
2026/10/02 12:54:45.462, 130.90, 1620, 150.00, 100, 72
2026/10/02 12:54:45.663, 128.34, 1680, 150.00, 42, 71
2026/10/02 12:54:45.863, 141.72, 765, 150.00, 15, 72
2026/10/02 12:54:46.064, 149.83, 1530, 150.00, 100, 73
2026/10/02 12:54:46.264, 133.57, 1680, 150.00, 2, 71
2026/10/02 12:54:46.465, 119.26, 1410, 150.00, 0, 70
2026/10/02 12:54:46.666, 114.18, 1680, 150.00, 58, 70
2026/10/02 12:54:46.866, 107.43, 690, 150.00, 5, 72
2026/10/02 12:54:47.067, 101.97, 705, 150.00, 64, 72
2026/10/02 12:54:47.267, 113.36, 705, 150.00, 100, 72
2026/10/02 12:54:47.468, 113.47, 1680, 150.00, 72, 71
2026/10/02 12:54:47.668, 107.88, 765, 150.00, 0, 72
2026/10/02 12:54:47.869, 116.77, 1365, 150.00, 61, 72
2026/10/02 12:54:48.069, 141.03, 705, 150.00, 36, 72
2026/10/02 12:54:48.270, 125.96, 1035, 150.00, 100, 71
2026/10/02 12:54:48.470, 136.11, 750, 150.00, 69, 72
2026/10/02 12:54:48.671, 150.42, 750, 150.00, 100, 73
2026/10/02 12:54:48.871, 160.27, 750, 150.00, 100, 73
2026/10/02 12:54:49.072, 148.78, 540, 150.00, 100, 73
2026/10/02 12:54:49.273, 141.79, 705, 150.00, 100, 73
2026/10/02 12:54:49.473, 149.29, 750, 150.00, 100, 73
2026/10/02 12:54:49.674, 149.60, 750, 150.00, 100, 73
2026/10/02 12:54:49.874, 139.85, 1680, 150.00, 100, 72
2026/10/02 12:54:50.075, 152.90, 750, 150.00, 29, 73
2026/10/02 12:54:50.276, 147.81, 570, 150.00, 100, 71
2026/10/02 12:54:50.476, 132.76, 1110, 150.00, 68, 71
2026/10/02 12:54:50.677, 138.38, 750, 150.00, 46, 72
2026/10/02 12:54:50.877, 139.70, 750, 150.00, 100, 73
2026/10/02 12:54:51.078, 140.86, 750, 150.00, 100, 73
2026/10/02 12:54:51.279, 136.49, 525, 150.00, 100, 73
2026/10/02 12:54:51.479, 149.02, 930, 150.00, 100, 73
2026/10/02 12:54:51.680, 133.68, 660, 150.00, 67, 72
2026/10/02 12:54:51.880, 123.91, 1080, 150.00, 86, 72
2026/10/02 12:54:52.081, 130.88, 765, 150.00, 47, 73
2026/10/02 12:54:52.281, 131.02, 750, 150.00, 100, 73
2026/10/02 12:54:52.482, 133.08, 1575, 150.00, 100, 73
2026/10/02 12:54:52.682, 140.51, 750, 150.00, 13, 73
2026/10/02 12:54:52.883, 148.57, 750, 150.00, 100, 73
2026/10/02 12:54:53.084, 152.45, 750, 150.00, 100, 73
2026/10/02 12:54:53.284, 152.43, 750, 150.00, 100, 73
2026/10/02 12:54:53.485, 150.09, 750, 150.00, 100, 73
2026/10/02 12:54:53.685, 157.38, 735, 150.00, 100, 73
2026/10/02 12:54:53.886, 150.66, 1500, 150.00, 100, 73
2026/10/02 12:54:54.087, 147.03, 780, 150.00, 28, 73
2026/10/02 12:54:54.287, 143.72, 1635, 150.00, 100, 73
2026/10/02 12:54:54.488, 141.10, 780, 150.00, 0, 73
2026/10/02 12:54:54.688, 143.22, 750, 150.00, 100, 73
2026/10/02 12:54:54.889, 143.90, 750, 150.00, 100, 73
2026/10/02 12:54:55.089, 152.14, 750, 150.00, 100, 73
2026/10/02 12:54:55.290, 145.22, 750, 150.00, 100, 73
2026/10/02 12:54:55.491, 154.91, 720, 150.00, 100, 73
2026/10/02 12:54:55.691, 150.59, 750, 150.00, 100, 73
2026/10/02 12:54:55.892, 150.61, 750, 150.00, 100, 73
2026/10/02 12:54:56.092, 150.71, 660, 150.00, 100, 74
2026/10/02 12:54:56.293, 148.97, 1425, 150.00, 100, 73
2026/10/02 12:54:56.493, 135.79, 1680, 150.00, 32, 71
2026/10/02 12:54:56.694, 132.39, 1275, 150.00, 5, 72
2026/10/02 12:54:56.894, 118.78, 1680, 150.00, 48, 71
2026/10/02 12:54:57.095, 100.69, 1635, 150.00, 0, 71
2026/10/02 12:54:57.295, 99.65, 1290, 150.00, 0, 72
2026/10/02 12:54:57.496, 117.25, 750, 150.00, 70, 73
2026/10/02 12:54:57.696, 127.37, 750, 150.00, 100, 73
2026/10/02 12:54:57.897, 138.47, 750, 150.00, 72, 73
2026/10/02 12:54:58.098, 146.81, 750, 150.00, 100, 73
2026/10/02 12:54:58.298, 160.47, 750, 150.00, 100, 73
2026/10/02 12:54:58.499, 151.12, 750, 150.00, 100, 73
2026/10/02 12:54:58.699, 137.36, 1680, 150.00, 87, 72
2026/10/02 12:54:58.900, 138.50, 765, 150.00, 0, 73
2026/10/02 12:54:59.100, 133.07, 750, 150.00, 100, 73
2026/10/02 12:54:59.301, 131.11, 750, 150.00, 100, 73
2026/10/02 12:54:59.502, 133.19, 750, 150.00, 100, 73
2026/10/02 12:54:59.702, 135.28, 690, 150.00, 100, 73
2026/10/02 12:54:59.903, 152.87, 735, 150.00, 100, 73
2026/10/02 12:55:00.103, 153.70, 750, 150.00, 100, 73
2026/10/02 12:55:00.304, 153.53, 750, 150.00, 100, 73
2026/10/02 12:55:00.504, 153.36, 750, 150.00, 100, 74
2026/10/02 12:55:00.705, 157.53, 1125, 150.00, 100, 74
2026/10/02 12:55:00.905, 160.15, 750, 150.00, 77, 73
2026/10/02 12:55:01.106, 156.83, 750, 150.00, 100, 74
2026/10/02 12:55:01.307, 155.90, 1350, 150.00, 77, 73
2026/10/02 12:55:01.507, 146.15, 750, 150.00, 38, 73
2026/10/02 12:55:01.708, 147.09, 750, 150.00, 100, 73
2026/10/02 12:55:01.908, 143.92, 750, 150.00, 100, 74
2026/10/02 12:55:02.109, 144.23, 735, 150.00, 100, 74
2026/10/02 12:55:02.310, 140.19, 705, 150.00, 100, 73
2026/10/02 12:55:02.510, 149.17, 735, 150.00, 100, 74
2026/10/02 12:55:02.711, 150.08, 750, 150.00, 100, 74
2026/10/02 12:55:02.911, 140.01, 585, 150.00, 100, 72
2026/10/02 12:55:03.112, 140.28, 750, 150.00, 75, 74
2026/10/02 12:55:03.312, 132.26, 645, 150.00, 100, 72
2026/10/02 12:55:03.513, 134.68, 750, 150.00, 95, 74
2026/10/02 12:55:03.713, 135.15, 510, 150.00, 100, 74
2026/10/02 12:55:03.914, 133.10, 750, 150.00, 100, 74
2026/10/02 12:55:04.115, 141.51, 495, 150.00, 100, 74
2026/10/02 12:55:04.315, 139.51, 735, 150.00, 100, 74
2026/10/02 12:55:04.516, 148.27, 750, 150.00, 100, 74
2026/10/02 12:55:04.716, 147.45, 720, 150.00, 100, 74
2026/10/02 12:55:04.917, 149.18, 1455, 150.00, 100, 74
2026/10/02 12:55:05.117, 139.65, 1605, 150.00, 31, 73
2026/10/02 12:55:05.318, 139.48, 1155, 150.00, 0, 73
2026/10/02 12:55:05.518, 136.70, 735, 150.00, 52, 73
2026/10/02 12:55:05.719, 137.79, 750, 150.00, 100, 73
2026/10/02 12:55:05.920, 138.84, 750, 150.00, 100, 74
2026/10/02 12:55:06.120, 147.20, 750, 150.00, 100, 74
2026/10/02 12:55:06.321, 150.59, 675, 150.00, 100, 74
2026/10/02 12:55:06.521, 157.94, 720, 150.00, 100, 74
2026/10/02 12:55:06.722, 150.70, 750, 150.00, 100, 74
2026/10/02 12:55:06.922, 151.05, 750, 150.00, 100, 74
2026/10/02 12:55:07.123, 150.50, 705, 150.00, 100, 74
2026/10/02 12:55:07.323, 149.48, 690, 150.00, 100, 74
2026/10/02 12:55:07.524, 150.27, 735, 150.00, 100, 74
2026/10/02 12:55:07.725, 150.19, 735, 150.00, 100, 74
2026/10/02 12:55:07.926, 150.54, 735, 150.00, 100, 74
2026/10/02 12:55:08.126, 149.91, 660, 150.00, 100, 74
2026/10/02 12:55:08.327, 149.68, 690, 150.00, 100, 74
2026/10/02 12:55:08.527, 146.74, 1620, 150.00, 93, 73
2026/10/02 12:55:08.728, 155.02, 1545, 150.00, 100, 74
2026/10/02 12:55:08.929, 137.52, 630, 150.00, 66, 73
2026/10/02 12:55:09.129, 137.10, 1305, 150.00, 21, 74
2026/10/02 12:55:09.330, 134.87, 1680, 150.00, 39, 72
2026/10/02 12:55:09.531, 130.38, 750, 150.00, 97, 73
2026/10/02 12:55:09.731, 124.80, 720, 150.00, 100, 74
2026/10/02 12:55:09.932, 128.43, 1635, 150.00, 89, 73
2026/10/02 12:55:10.133, 135.73, 750, 150.00, 74, 73
2026/10/02 12:55:10.333, 116.27, 975, 150.00, 65, 73
2026/10/02 12:55:10.534, 135.09, 750, 150.00, 100, 74
2026/10/02 12:55:10.734, 136.45, 735, 150.00, 100, 74
2026/10/02 12:55:10.935, 136.18, 750, 150.00, 100, 74
2026/10/02 12:55:11.135, 147.82, 510, 150.00, 100, 74
2026/10/02 12:55:11.336, 154.81, 690, 150.00, 100, 74
2026/10/02 12:55:11.536, 150.60, 735, 150.00, 100, 74
2026/10/02 12:55:11.737, 150.67, 735, 150.00, 87, 74
2026/10/02 12:55:11.938, 145.46, 1635, 150.00, 89, 74
2026/10/02 12:55:12.138, 154.38, 735, 150.00, 100, 74
2026/10/02 12:55:12.339, 156.22, 840, 150.00, 100, 74
2026/10/02 12:55:12.539, 141.18, 870, 150.00, 0, 73
2026/10/02 12:55:12.740, 137.22, 750, 150.00, 53, 74
2026/10/02 12:55:12.941, 135.56, 750, 150.00, 62, 74
2026/10/02 12:55:13.141, 121.67, 1650, 150.00, 76, 73
2026/10/02 12:55:13.342, 110.55, 1680, 150.00, 0, 72
2026/10/02 12:55:13.543, 104.73, 945, 150.00, 0, 73
2026/10/02 12:55:13.743, 115.85, 1290, 150.00, 17, 73
2026/10/02 12:55:13.944, 106.99, 765, 150.00, 57, 73
2026/10/02 12:55:14.144, 101.00, 720, 150.00, 80, 74
2026/10/02 12:55:14.345, 122.25, 750, 150.00, 100, 74
2026/10/02 12:55:14.545, 134.29, 735, 150.00, 100, 74
2026/10/02 12:55:14.746, 142.34, 765, 150.00, 100, 74
2026/10/02 12:55:14.946, 146.41, 630, 150.00, 100, 74
2026/10/02 12:55:15.147, 143.47, 735, 150.00, 100, 74
2026/10/02 12:55:15.348, 149.42, 735, 150.00, 100, 74
2026/10/02 12:55:15.548, 149.66, 1245, 150.00, 100, 74
2026/10/02 12:55:15.749, 147.92, 1515, 150.00, 41, 74
2026/10/02 12:55:15.949, 156.54, 750, 150.00, 100, 74
2026/10/02 12:55:16.150, 157.99, 750, 150.00, 100, 74
2026/10/02 12:55:16.351, 142.65, 1680, 150.00, 49, 73
2026/10/02 12:55:16.551, 135.78, 570, 150.00, 0, 72
2026/10/02 12:55:16.752, 140.89, 1635, 150.00, 92, 73
2026/10/02 12:55:16.952, 126.41, 600, 150.00, 32, 72
2026/10/02 12:55:17.153, 112.12, 1035, 150.00, 0, 72
2026/10/02 12:55:17.353, 123.47, 1290, 150.00, 40, 72
2026/10/02 12:55:17.554, 127.01, 1680, 150.00, 19, 72
2026/10/02 12:55:17.755, 123.52, 1680, 150.00, 0, 72
2026/10/02 12:55:17.955, 132.51, 765, 150.00, 100, 73
2026/10/02 12:55:18.156, 153.32, 1635, 150.00, 32, 73
2026/10/02 12:55:18.356, 148.68, 1680, 150.00, 23, 72
2026/10/02 12:55:18.557, 141.65, 1680, 150.00, 0, 72
2026/10/02 12:55:18.758, 129.92, 1680, 150.00, 0, 71
2026/10/02 12:55:18.958, 120.05, 615, 150.00, 58, 71
2026/10/02 12:55:19.159, 105.26, 750, 150.00, 77, 73
2026/10/02 12:55:19.359, 103.64, 1680, 150.00, 0, 71
2026/10/02 12:55:19.560, 92.52, 1680, 150.00, 0, 71
2026/10/02 12:55:19.761, 91.24, 1695, 150.00, 0, 71
2026/10/02 12:55:19.961, 100.40, 1560, 150.00, 11, 72
2026/10/02 12:55:20.162, 85.53, 1680, 150.00, 0, 71
2026/10/02 12:55:20.362, 98.62, 1275, 150.00, 46, 72
2026/10/02 12:55:20.563, 96.50, 1680, 150.00, 0, 71
2026/10/02 12:55:20.763, 112.34, 1335, 150.00, 39, 72
2026/10/02 12:55:20.964, 107.95, 1680, 150.00, 10, 70
2026/10/02 12:55:21.164, 110.01, 1665, 150.00, 0, 71
2026/10/02 12:55:21.365, 94.61, 1680, 150.00, 0, 70
2026/10/02 12:55:21.566, 96.65, 930, 150.00, 58, 70
2026/10/02 12:55:21.766, 92.87, 1515, 150.00, 20, 72
2026/10/02 12:55:21.967, 94.29, 1680, 150.00, 0, 70
2026/10/02 12:55:22.167, 86.94, 1695, 150.00, 0, 70
2026/10/02 12:55:22.368, 86.91, 810, 150.00, 58, 71
2026/10/02 12:55:22.568, 85.59, 1680, 150.00, 0, 70
2026/10/02 12:55:22.769, 73.60, 1695, 150.00, 0, 70
2026/10/02 12:55:22.970, 74.61, 1695, 150.00, 0, 70
2026/10/02 12:55:23.170, 102.85, 1305, 150.00, 73, 71
2026/10/02 12:55:23.371, 110.64, 1680, 150.00, 18, 70
2026/10/02 12:55:23.571, 110.59, 1680, 150.00, 0, 70
2026/10/02 12:55:23.772, 113.91, 1680, 150.00, 0, 70
2026/10/02 12:55:23.972, 127.84, 1515, 150.00, 18, 71
2026/10/02 12:55:24.173, 124.74, 1665, 150.00, 35, 70
2026/10/02 12:55:24.374, 112.28, 1680, 150.00, 0, 70
2026/10/02 12:55:24.574, 102.02, 1680, 150.00, 0, 69
2026/10/02 12:55:24.775, 120.44, 1695, 150.00, 22, 69
2026/10/02 12:55:24.975, 112.69, 1500, 150.00, 28, 71
2026/10/02 12:55:25.176, 124.62, 780, 150.00, 96, 71
2026/10/02 12:55:25.376, 110.26, 1680, 150.00, 0, 70
2026/10/02 12:55:25.577, 122.46, 1155, 150.00, 52, 70
2026/10/02 12:55:25.777, 117.81, 1545, 150.00, 15, 71
2026/10/02 12:55:25.978, 107.26, 1680, 150.00, 0, 69
2026/10/02 12:55:26.178, 98.42, 1695, 150.00, 0, 69
2026/10/02 12:55:26.379, 111.10, 1485, 150.00, 24, 71
2026/10/02 12:55:26.579, 98.27, 1680, 150.00, 0, 69
2026/10/02 12:55:26.780, 97.33, 1200, 150.00, 50, 70
2026/10/02 12:55:26.980, 107.76, 1590, 150.00, 2, 70
2026/10/02 12:55:27.181, 119.21, 1320, 150.00, 40, 71
2026/10/02 12:55:27.381, 112.31, 705, 150.00, 82, 71
2026/10/02 12:55:27.582, 116.07, 1665, 150.00, 0, 70
2026/10/02 12:55:27.782, 102.39, 1680, 150.00, 0, 69
2026/10/02 12:55:27.983, 106.29, 840, 150.00, 54, 69
2026/10/02 12:55:28.183, 94.30, 1680, 150.00, 0, 69
2026/10/02 12:55:28.384, 89.61, 1680, 150.00, 0, 69
2026/10/02 12:55:28.585, 83.83, 1695, 150.00, 0, 69
2026/10/02 12:55:28.785, 84.07, 1695, 150.00, 0, 69
2026/10/02 12:55:28.986, 84.07, 1695, 150.00, 0, 69
2026/10/02 12:55:29.186, 84.07, 1695, 150.00, 0, 69
2026/10/02 12:55:29.387, 100.05, 1320, 150.00, 43, 70
2026/10/02 12:55:29.587, 114.55, 1515, 150.00, 21, 70
2026/10/02 12:55:29.788, 118.42, 555, 150.00, 62, 69
2026/10/02 12:55:29.988, 117.75, 1680, 150.00, 0, 69
2026/10/02 12:55:30.189, 110.68, 600, 150.00, 63, 69
2026/10/02 12:55:30.389, 98.90, 570, 150.00, 64, 69
2026/10/02 12:55:30.590, 100.10, 765, 150.00, 100, 70
2026/10/02 12:55:30.790, 100.66, 1650, 150.00, 0, 70
2026/10/02 12:55:30.991, 105.17, 615, 150.00, 81, 69
2026/10/02 12:55:31.191, 100.91, 1665, 150.00, 0, 69
2026/10/02 12:55:31.392, 101.01, 1680, 150.00, 0, 69
2026/10/02 12:55:31.593, 84.88, 1695, 150.00, 0, 68
2026/10/02 12:55:31.793, 78.16, 1695, 150.00, 0, 68
2026/10/02 12:55:31.994, 78.39, 1695, 150.00, 0, 68
2026/10/02 12:55:32.194, 78.39, 1695, 150.00, 0, 68
2026/10/02 12:55:32.395, 78.39, 1695, 150.00, 0, 68
2026/10/02 12:55:32.595, 122.12, 690, 150.00, 87, 68
2026/10/02 12:55:32.796, 122.28, 1665, 150.00, 0, 69
2026/10/02 12:55:32.996, 132.17, 615, 150.00, 54, 69
2026/10/02 12:55:33.197, 122.10, 1680, 150.00, 0, 69
2026/10/02 12:55:33.398, 115.24, 1680, 150.00, 0, 68
2026/10/02 12:55:33.598, 88.32, 735, 150.00, 59, 68
2026/10/02 12:55:33.799, 98.75, 600, 150.00, 44, 68
2026/10/02 12:55:33.999, 99.21, 1680, 150.00, 0, 68
2026/10/02 12:55:34.200, 89.82, 1245, 150.00, 62, 68
2026/10/02 12:55:34.400, 95.81, 1500, 150.00, 48, 70
2026/10/02 12:55:34.601, 93.71, 1680, 150.00, 0, 68
2026/10/02 12:55:34.801, 91.49, 1695, 150.00, 0, 68
2026/10/02 12:55:35.002, 78.50, 1695, 150.00, 0, 68
2026/10/02 12:55:35.202, 101.10, 780, 150.00, 100, 69
2026/10/02 12:55:35.403, 90.94, 1680, 150.00, 0, 68
2026/10/02 12:55:35.603, 116.32, 780, 150.00, 100, 69
2026/10/02 12:55:35.804, 115.22, 1680, 150.00, 0, 68
2026/10/02 12:55:36.004, 124.86, 600, 150.00, 56, 68
2026/10/02 12:55:36.205, 107.55, 1680, 150.00, 0, 68
2026/10/02 12:55:36.406, 101.57, 1665, 150.00, 0, 68
2026/10/02 12:55:36.606, 95.79, 1470, 150.00, 48, 69
2026/10/02 12:55:36.807, 96.37, 615, 150.00, 64, 68
2026/10/02 12:55:37.007, 94.83, 1245, 150.00, 59, 68
2026/10/02 12:55:37.208, 86.55, 1680, 150.00, 0, 69
2026/10/02 12:55:37.409, 86.11, 1665, 150.00, 0, 68
2026/10/02 12:55:37.609, 77.09, 1665, 150.00, 0, 69
2026/10/02 12:55:37.810, 92.68, 1590, 150.00, 23, 69
2026/10/02 12:55:38.010, 86.39, 1680, 150.00, 0, 68
2026/10/02 12:55:38.211, 102.95, 1065, 150.00, 28, 67
2026/10/02 12:55:38.411, 102.00, 1680, 150.00, 0, 68
2026/10/02 12:55:38.612, 102.26, 1680, 150.00, 0, 68
2026/10/02 12:55:38.812, 84.37, 1080, 150.00, 61, 67
2026/10/02 12:55:39.013, 85.07, 1680, 150.00, 0, 68
2026/10/02 12:55:39.214, 73.69, 990, 150.00, 66, 68
2026/10/02 12:55:39.414, 84.56, 1635, 150.00, 9, 69
2026/10/02 12:55:39.615, 89.53, 615, 150.00, 62, 68
2026/10/02 12:55:39.815, 103.57, 1215, 150.00, 22, 68
2026/10/02 12:55:40.016, 120.15, 1365, 150.00, 19, 68
2026/10/02 12:55:40.217, 117.65, 765, 150.00, 62, 68
2026/10/02 12:55:40.417, 102.90, 1680, 150.00, 0, 68
2026/10/02 12:55:40.618, 103.51, 1695, 150.00, 0, 67
2026/10/02 12:55:40.818, 99.21, 1665, 150.00, 0, 68
2026/10/02 12:55:41.019, 92.85, 1650, 150.00, 0, 68
2026/10/02 12:55:41.219, 95.84, 1170, 150.00, 23, 67
2026/10/02 12:55:41.420, 94.42, 1680, 150.00, 0, 68
2026/10/02 12:55:41.620, 111.04, 1050, 150.00, 28, 67
2026/10/02 12:55:41.821, 114.95, 1620, 150.00, 17, 69
2026/10/02 12:55:42.022, 107.95, 1680, 150.00, 0, 67
2026/10/02 12:55:42.222, 118.51, 1470, 150.00, 48, 68
2026/10/02 12:55:42.423, 123.82, 675, 150.00, 70, 69
2026/10/02 12:55:42.623, 122.88, 1395, 150.00, 55, 69
2026/10/02 12:55:42.824, 103.26, 1650, 150.00, 0, 68
2026/10/02 12:55:43.024, 103.98, 1680, 150.00, 0, 67
2026/10/02 12:55:43.225, 103.95, 1695, 150.00, 19, 67
2026/10/02 12:55:43.426, 100.62, 1680, 150.00, 0, 67
2026/10/02 12:55:43.626, 92.21, 1680, 150.00, 0, 67
2026/10/02 12:55:43.827, 90.55, 1695, 150.00, 0, 67
2026/10/02 12:55:44.027, 90.90, 1695, 150.00, 0, 67
2026/10/02 12:55:44.228, 105.12, 1605, 150.00, 20, 68
2026/10/02 12:55:44.428, 91.06, 1680, 150.00, 5, 67
2026/10/02 12:55:44.629, 90.24, 1680, 150.00, 60, 67
2026/10/02 12:55:44.830, 90.06, 1680, 150.00, 0, 67
2026/10/02 12:55:45.030, 93.92, 1530, 150.00, 100, 68
2026/10/02 12:55:45.231, 79.45, 1680, 150.00, 0, 67
2026/10/02 12:55:45.432, 75.45, 1695, 150.00, 0, 67
2026/10/02 12:55:45.632, 87.95, 1620, 150.00, 50, 68
2026/10/02 12:55:45.832, 88.03, 1680, 150.00, 0, 66
2026/10/02 12:55:46.033, 82.04, 1695, 150.00, 0, 66
2026/10/02 12:55:46.233, 94.29, 585, 150.00, 57, 67
2026/10/02 12:55:46.434, 93.46, 1680, 150.00, 10, 67
2026/10/02 12:55:46.635, 80.48, 1680, 150.00, 0, 66
2026/10/02 12:55:46.835, 81.25, 1695, 150.00, 0, 66
2026/10/02 12:55:47.036, 87.93, 1275, 150.00, 74, 68
2026/10/02 12:55:47.236, 88.83, 1665, 150.00, 59, 68
2026/10/02 12:55:47.437, 97.20, 825, 150.00, 88, 68
2026/10/02 12:55:47.637, 109.60, 780, 150.00, 100, 69
2026/10/02 12:55:47.838, 128.90, 1560, 150.00, 30, 69
2026/10/02 12:55:48.039, 117.17, 1680, 150.00, 0, 67
2026/10/02 12:55:48.239, 116.88, 1695, 150.00, 0, 66
2026/10/02 12:55:48.439, 126.09, 675, 150.00, 0, 66
2026/10/02 12:55:48.640, 103.66, 1680, 150.00, 20, 67
2026/10/02 12:55:48.841, 101.25, 570, 150.00, 0, 66
2026/10/02 12:55:49.041, 108.66, 1650, 150.00, 89, 68
2026/10/02 12:55:49.242, 128.56, 705, 150.00, 50, 68
2026/10/02 12:55:49.443, 119.30, 1365, 150.00, 98, 69
2026/10/02 12:55:49.643, 115.78, 1680, 150.00, 0, 67
2026/10/02 12:55:49.844, 138.38, 690, 150.00, 43, 68
2026/10/02 12:55:50.044, 133.88, 780, 150.00, 100, 69
2026/10/02 12:55:50.245, 130.25, 1575, 150.00, 100, 69
2026/10/02 12:55:50.445, 114.77, 1680, 150.00, 0, 67
2026/10/02 12:55:50.646, 119.76, 1170, 150.00, 0, 67
2026/10/02 12:55:50.846, 95.10, 1665, 150.00, 61, 68
2026/10/02 12:55:51.047, 90.17, 585, 150.00, 0, 66
2026/10/02 12:55:51.248, 88.34, 1650, 150.00, 70, 68
2026/10/02 12:55:51.448, 98.78, 645, 150.00, 0, 67
2026/10/02 12:55:51.649, 95.90, 1680, 150.00, 0, 67
2026/10/02 12:55:51.849, 109.54, 1620, 150.00, 40, 68
2026/10/02 12:55:52.050, 108.44, 1680, 150.00, 61, 67
2026/10/02 12:55:52.251, 108.44, 885, 150.00, 60, 67
2026/10/02 12:55:52.451, 117.54, 1500, 150.00, 42, 68
2026/10/02 12:55:52.652, 110.94, 1680, 150.00, 0, 67
2026/10/02 12:55:52.852, 96.82, 1695, 150.00, 0, 66
2026/10/02 12:55:53.053, 118.17, 1260, 150.00, 13, 68
2026/10/02 12:55:53.253, 121.30, 705, 150.00, 44, 67
2026/10/02 12:55:53.454, 110.49, 780, 150.00, 100, 68
2026/10/02 12:55:53.655, 111.00, 1680, 150.00, 22, 67
2026/10/02 12:55:53.855, 114.78, 1680, 150.00, 0, 66
2026/10/02 12:55:54.056, 116.14, 1590, 150.00, 33, 68
2026/10/02 12:55:54.256, 122.31, 1560, 150.00, 28, 68
2026/10/02 12:55:54.457, 108.29, 1680, 150.00, 0, 66
2026/10/02 12:55:54.657, 101.66, 1695, 150.00, 0, 66
2026/10/02 12:55:54.858, 120.22, 1215, 150.00, 0, 66
2026/10/02 12:55:55.059, 104.68, 735, 150.00, 35, 66
2026/10/02 12:55:55.259, 99.97, 1500, 150.00, 69, 68
2026/10/02 12:55:55.460, 101.12, 1680, 150.00, 0, 66
2026/10/02 12:55:55.660, 117.79, 780, 150.00, 64, 67
2026/10/02 12:55:55.861, 122.81, 1680, 150.00, 50, 67
2026/10/02 12:55:56.061, 108.40, 1680, 150.00, 43, 67
2026/10/02 12:55:56.262, 111.59, 720, 150.00, 0, 66
2026/10/02 12:55:56.463, 110.59, 1680, 150.00, 22, 66
2026/10/02 12:55:56.663, 113.59, 1530, 150.00, 20, 68
2026/10/02 12:55:56.864, 107.17, 1680, 150.00, 0, 66
2026/10/02 12:55:57.064, 98.07, 1695, 150.00, 0, 66
2026/10/02 12:55:57.265, 98.16, 1695, 150.00, 0, 66
2026/10/02 12:55:57.465, 83.49, 1695, 150.00, 0, 65
2026/10/02 12:55:57.666, 83.58, 1695, 150.00, 0, 65
2026/10/02 12:55:57.867, 96.36, 660, 150.00, 0, 65
2026/10/02 12:55:58.067, 95.65, 1680, 150.00, 6, 66
2026/10/02 12:55:58.268, 95.40, 1680, 150.00, 0, 65
2026/10/02 12:55:58.468, 93.28, 1695, 150.00, 0, 65
2026/10/02 12:55:58.668, 101.54, 1455, 150.00, 13, 66
2026/10/02 12:55:58.869, 89.44, 1440, 150.00, 88, 67
2026/10/02 12:55:59.069, 84.97, 1680, 150.00, 0, 66
2026/10/02 12:55:59.270, 85.08, 1695, 150.00, 0, 65
2026/10/02 12:55:59.471, 104.13, 1260, 150.00, 58, 66
2026/10/02 12:55:59.671, 89.98, 1680, 150.00, 41, 66
2026/10/02 12:55:59.871, 84.88, 1680, 150.00, 0, 65
2026/10/02 12:56:00.072, 86.34, 1695, 150.00, 0, 65
2026/10/02 12:56:00.273, 86.23, 1365, 150.00, 2, 66
2026/10/02 12:56:00.473, 94.83, 1545, 150.00, 23, 67
2026/10/02 12:56:00.674, 82.71, 1680, 150.00, 0, 65
2026/10/02 12:56:00.874, 82.79, 1695, 150.00, 0, 65
2026/10/02 12:56:01.074, 91.21, 645, 150.00, 0, 65
2026/10/02 12:56:01.275, 88.61, 1680, 150.00, 72, 66
2026/10/02 12:56:01.475, 76.01, 1680, 150.00, 0, 65
2026/10/02 12:56:01.676, 77.29, 1695, 150.00, 0, 65
2026/10/02 12:56:01.876, 78.99, 1665, 150.00, 57, 66
2026/10/02 12:56:02.077, 89.18, 1635, 150.00, 49, 66
2026/10/02 12:56:02.277, 98.60, 870, 150.00, 0, 65
2026/10/02 12:56:02.478, 100.49, 1680, 150.00, 19, 65
2026/10/02 12:56:02.679, 100.33, 1680, 150.00, 0, 65
2026/10/02 12:56:02.879, 96.45, 1695, 150.00, 0, 65
2026/10/02 12:56:03.080, 85.27, 1695, 150.00, 0, 65
2026/10/02 12:56:03.280, 85.98, 1695, 150.00, 0, 65
2026/10/02 12:56:03.481, 85.98, 1695, 150.00, 0, 65
2026/10/02 12:56:03.681, 99.36, 1695, 150.00, 0, 64
2026/10/02 12:56:03.882, 101.51, 975, 150.00, 52, 65
2026/10/02 12:56:04.082, 100.50, 1185, 150.00, 0, 65
2026/10/02 12:56:04.283, 110.29, 1065, 150.00, 60, 66
2026/10/02 12:56:04.484, 103.54, 1680, 150.00, 0, 65
2026/10/02 12:56:04.684, 79.12, 1695, 150.00, 0, 65
2026/10/02 12:56:04.884, 83.73, 720, 150.00, 0, 65
2026/10/02 12:56:05.085, 85.25, 1665, 150.00, 62, 66
2026/10/02 12:56:05.285, 77.54, 1680, 150.00, 0, 65
2026/10/02 12:56:05.486, 84.96, 1695, 150.00, 0, 64
2026/10/02 12:56:05.687, 99.08, 795, 150.00, 100, 66
2026/10/02 12:56:05.887, 114.01, 795, 150.00, 100, 67
2026/10/02 12:56:06.088, 122.71, 780, 150.00, 100, 67
2026/10/02 12:56:06.288, 134.79, 675, 150.00, 7, 66
2026/10/02 12:56:06.489, 142.63, 780, 150.00, 100, 67
2026/10/02 12:56:06.689, 126.37, 1680, 150.00, 27, 66
2026/10/02 12:56:06.890, 124.89, 1605, 150.00, 42, 66
2026/10/02 12:56:07.091, 112.47, 1680, 150.00, 0, 65
2026/10/02 12:56:07.291, 117.92, 900, 150.00, 55, 66
2026/10/02 12:56:07.492, 115.09, 600, 150.00, 0, 65
2026/10/02 12:56:07.692, 107.58, 1680, 150.00, 14, 65
2026/10/02 12:56:07.893, 111.64, 1605, 150.00, 41, 66
2026/10/02 12:56:08.093, 107.95, 1680, 150.00, 0, 65
2026/10/02 12:56:08.294, 98.71, 1695, 150.00, 0, 65
2026/10/02 12:56:08.494, 111.93, 750, 150.00, 57, 66
2026/10/02 12:56:08.695, 116.13, 795, 150.00, 100, 67
2026/10/02 12:56:08.895, 100.46, 1680, 150.00, 29, 66
2026/10/02 12:56:09.096, 111.51, 675, 150.00, 0, 65
2026/10/02 12:56:09.297, 118.29, 1485, 150.00, 100, 67
2026/10/02 12:56:09.497, 105.17, 1680, 150.00, 0, 65
2026/10/02 12:56:09.698, 90.45, 1695, 150.00, 0, 65
2026/10/02 12:56:09.898, 103.46, 795, 150.00, 56, 66
2026/10/02 12:56:10.099, 106.65, 1515, 150.00, 100, 67
2026/10/02 12:56:10.299, 92.22, 1665, 150.00, 59, 66
2026/10/02 12:56:10.500, 106.71, 615, 150.00, 0, 65
2026/10/02 12:56:10.701, 118.84, 600, 150.00, 7, 65
2026/10/02 12:56:10.901, 104.93, 1680, 150.00, 13, 65
2026/10/02 12:56:11.102, 95.92, 1650, 150.00, 57, 66
2026/10/02 12:56:11.302, 97.29, 1680, 150.00, 0, 65
2026/10/02 12:56:11.503, 99.55, 840, 150.00, 0, 65
2026/10/02 12:56:11.703, 110.52, 810, 150.00, 20, 66
2026/10/02 12:56:11.904, 101.51, 1680, 150.00, 25, 65
2026/10/02 12:56:12.104, 115.11, 1200, 150.00, 54, 66
2026/10/02 12:56:12.305, 139.20, 795, 150.00, 54, 67
2026/10/02 12:56:12.505, 148.28, 780, 150.00, 100, 67
2026/10/02 12:56:12.706, 148.09, 795, 150.00, 100, 67
2026/10/02 12:56:12.907, 147.57, 1650, 150.00, 97, 67
2026/10/02 12:56:13.107, 150.77, 1605, 150.00, 42, 67
2026/10/02 12:56:13.308, 127.53, 1680, 150.00, 0, 65
2026/10/02 12:56:13.508, 119.54, 675, 150.00, 0, 65
2026/10/02 12:56:13.709, 103.91, 1680, 150.00, 0, 65
2026/10/02 12:56:13.910, 90.07, 1680, 150.00, 0, 65
2026/10/02 12:56:14.110, 76.68, 1695, 150.00, 0, 65
2026/10/02 12:56:14.311, 86.79, 1695, 150.00, 0, 64
2026/10/02 12:56:14.511, 100.32, 795, 150.00, 84, 66
2026/10/02 12:56:14.712, 98.70, 1515, 150.00, 14, 67
2026/10/02 12:56:14.912, 96.06, 1680, 150.00, 0, 65
2026/10/02 12:56:15.113, 96.03, 1695, 150.00, 0, 65
2026/10/02 12:56:15.313, 100.11, 1665, 150.00, 49, 65
2026/10/02 12:56:15.514, 87.21, 1680, 150.00, 0, 64
2026/10/02 12:56:15.715, 82.55, 1695, 150.00, 0, 64
2026/10/02 12:56:15.915, 81.90, 1695, 150.00, 0, 64
2026/10/02 12:56:16.116, 110.53, 720, 150.00, 38, 66
2026/10/02 12:56:16.316, 123.63, 630, 150.00, 100, 67
2026/10/02 12:56:16.517, 122.68, 1680, 150.00, 20, 65
2026/10/02 12:56:16.717, 118.02, 1680, 150.00, 0, 64
2026/10/02 12:56:16.918, 118.05, 1695, 150.00, 0, 64
2026/10/02 12:56:17.118, 117.72, 645, 150.00, 0, 66
2026/10/02 12:56:17.319, 99.59, 1680, 150.00, 16, 64
2026/10/02 12:56:17.519, 91.19, 1575, 150.00, 9, 65
2026/10/02 12:56:17.720, 91.13, 1680, 150.00, 0, 64
2026/10/02 12:56:17.920, 109.12, 1005, 150.00, 51, 66
2026/10/02 12:56:18.121, 113.22, 1665, 150.00, 68, 65
2026/10/02 12:56:18.322, 99.17, 1680, 150.00, 0, 64
2026/10/02 12:56:18.522, 99.26, 1665, 150.00, 58, 65
2026/10/02 12:56:18.723, 115.86, 1665, 150.00, 51, 65
2026/10/02 12:56:18.924, 95.96, 1680, 150.00, 0, 64
2026/10/02 12:56:19.124, 89.26, 1530, 150.00, 3, 65
2026/10/02 12:56:19.325, 89.42, 1680, 150.00, 0, 64
2026/10/02 12:56:19.525, 88.19, 1560, 150.00, 9, 65
2026/10/02 12:56:19.726, 90.99, 675, 150.00, 0, 66
2026/10/02 12:56:19.926, 101.19, 1665, 150.00, 99, 65
2026/10/02 12:56:20.127, 96.84, 1680, 150.00, 0, 64
2026/10/02 12:56:20.327, 98.34, 1560, 150.00, 0, 64
2026/10/02 12:56:20.528, 103.25, 660, 150.00, 56, 66
2026/10/02 12:56:20.728, 131.59, 720, 150.00, 50, 66
2026/10/02 12:56:20.929, 125.11, 1035, 150.00, 100, 67
2026/10/02 12:56:21.130, 139.00, 705, 150.00, 2, 66
2026/10/02 12:56:21.330, 140.82, 1680, 150.00, 86, 65
2026/10/02 12:56:21.531, 135.83, 1680, 150.00, 0, 64
2026/10/02 12:56:21.731, 107.44, 1695, 150.00, 0, 64
2026/10/02 12:56:21.932, 87.05, 1695, 150.00, 0, 64
2026/10/02 12:56:22.132, 90.95, 1665, 150.00, 49, 64
2026/10/02 12:56:22.333, 113.51, 720, 150.00, 32, 66
2026/10/02 12:56:22.534, 124.36, 1065, 150.00, 100, 66
2026/10/02 12:56:22.734, 139.71, 990, 150.00, 2, 65
2026/10/02 12:56:22.934, 156.83, 1605, 150.00, 37, 65
2026/10/02 12:56:23.136, 149.42, 645, 150.00, 45, 66
2026/10/02 12:56:23.336, 129.81, 1680, 150.00, 0, 64
2026/10/02 12:56:23.537, 114.96, 1635, 150.00, 0, 64
2026/10/02 12:56:23.737, 104.53, 1680, 150.00, 0, 64
2026/10/02 12:56:23.938, 79.76, 1680, 150.00, 0, 64
2026/10/02 12:56:24.138, 82.95, 1200, 150.00, 4, 64
2026/10/02 12:56:24.339, 77.64, 1455, 150.00, 38, 65
2026/10/02 12:56:24.540, 75.21, 1515, 150.00, 61, 65
2026/10/02 12:56:24.740, 75.78, 1680, 150.00, 0, 64
2026/10/02 12:56:24.941, 75.93, 1695, 150.00, 0, 64
2026/10/02 12:56:25.141, 89.79, 1635, 150.00, 29, 64
2026/10/02 12:56:25.342, 81.12, 1680, 150.00, 0, 64
2026/10/02 12:56:25.542, 83.29, 1695, 150.00, 0, 64
2026/10/02 12:56:25.743, 103.43, 645, 150.00, 36, 65
2026/10/02 12:56:25.943, 124.25, 810, 150.00, 20, 65
2026/10/02 12:56:26.144, 114.83, 780, 150.00, 74, 66
2026/10/02 12:56:26.344, 122.91, 1020, 150.00, 58, 66
2026/10/02 12:56:26.545, 125.13, 1530, 150.00, 58, 65
2026/10/02 12:56:26.746, 123.39, 1545, 150.00, 55, 65
2026/10/02 12:56:26.946, 99.93, 1680, 150.00, 0, 64
2026/10/02 12:56:27.147, 89.69, 1695, 150.00, 0, 64
2026/10/02 12:56:27.347, 97.88, 705, 150.00, 22, 65
2026/10/02 12:56:27.548, 85.04, 1680, 150.00, 0, 64
2026/10/02 12:56:27.748, 81.79, 1680, 150.00, 0, 64
2026/10/02 12:56:27.949, 83.29, 1695, 150.00, 0, 64
2026/10/02 12:56:28.149, 94.64, 930, 150.00, 57, 65
2026/10/02 12:56:28.350, 86.30, 1095, 150.00, 57, 65
2026/10/02 12:56:28.551, 85.58, 1680, 150.00, 0, 64
2026/10/02 12:56:28.751, 85.59, 1695, 150.00, 0, 65
2026/10/02 12:56:28.952, 92.87, 1590, 150.00, 48, 65
2026/10/02 12:56:29.152, 104.32, 1650, 150.00, 18, 64
2026/10/02 12:56:29.353, 95.72, 1680, 150.00, 0, 64
2026/10/02 12:56:29.554, 89.10, 1695, 150.00, 0, 64
2026/10/02 12:56:29.754, 89.21, 1695, 150.00, 0, 64
2026/10/02 12:56:29.955, 110.67, 795, 150.00, 100, 65
2026/10/02 12:56:30.155, 96.67, 1680, 150.00, 0, 64
2026/10/02 12:56:30.356, 97.39, 1680, 150.00, 0, 64
2026/10/02 12:56:30.556, 111.79, 855, 150.00, 51, 65
2026/10/02 12:56:30.757, 111.07, 1680, 150.00, 0, 64
2026/10/02 12:56:30.957, 91.70, 1695, 150.00, 0, 64
2026/10/02 12:56:31.158, 81.09, 1080, 150.00, 60, 65
2026/10/02 12:56:31.358, 96.24, 795, 150.00, 100, 66
2026/10/02 12:56:31.559, 103.61, 1665, 150.00, 3, 64
2026/10/02 12:56:31.759, 93.34, 1680, 150.00, 0, 64
2026/10/02 12:56:31.960, 102.78, 810, 150.00, 92, 65
2026/10/02 12:56:32.161, 106.73, 1635, 150.00, 28, 65
2026/10/02 12:56:32.361, 100.78, 1665, 150.00, 2, 64
2026/10/02 12:56:32.562, 90.27, 1680, 150.00, 0, 64
2026/10/02 12:56:32.762, 112.71, 810, 150.00, 100, 66
2026/10/02 12:56:32.963, 121.29, 1620, 150.00, 36, 64
2026/10/02 12:56:33.163, 115.87, 1575, 150.00, 49, 65
2026/10/02 12:56:33.364, 131.94, 735, 150.00, 72, 66
2026/10/02 12:56:33.564, 139.37, 1650, 150.00, 23, 65
2026/10/02 12:56:33.765, 134.82, 1620, 150.00, 33, 65
2026/10/02 12:56:33.966, 114.38, 1680, 150.00, 0, 64
2026/10/02 12:56:34.166, 105.47, 1275, 150.00, 1, 65
2026/10/02 12:56:34.367, 113.72, 690, 150.00, 35, 66
2026/10/02 12:56:34.567, 96.30, 1545, 150.00, 56, 65
2026/10/02 12:56:34.768, 91.08, 1665, 150.00, 3, 64
2026/10/02 12:56:34.969, 92.93, 1530, 150.00, 57, 65
2026/10/02 12:56:35.169, 92.75, 1680, 150.00, 0, 64
2026/10/02 12:56:35.370, 101.48, 1575, 150.00, 47, 64
2026/10/02 12:56:35.570, 84.94, 1680, 150.00, 0, 64
2026/10/02 12:56:35.771, 77.60, 1695, 150.00, 0, 64
2026/10/02 12:56:35.971, 78.22, 1695, 150.00, 0, 64
2026/10/02 12:56:36.172, 90.38, 1590, 150.00, 43, 64
2026/10/02 12:56:36.372, 77.98, 1680, 150.00, 0, 64
2026/10/02 12:56:36.573, 93.61, 1065, 150.00, 56, 65
2026/10/02 12:56:36.773, 93.04, 1680, 150.00, 0, 64
2026/10/02 12:56:36.974, 113.81, 825, 150.00, 87, 65
2026/10/02 12:56:37.174, 116.00, 1470, 150.00, 72, 65
2026/10/02 12:56:37.375, 126.10, 795, 150.00, 64, 65
2026/10/02 12:56:37.575, 124.63, 750, 150.00, 75, 66
2026/10/02 12:56:37.776, 140.56, 705, 150.00, 27, 66
2026/10/02 12:56:37.976, 131.31, 630, 150.00, 31, 66
2026/10/02 12:56:38.177, 124.97, 1665, 150.00, 11, 65
2026/10/02 12:56:38.378, 132.18, 825, 150.00, 100, 66
2026/10/02 12:56:38.578, 138.15, 1305, 150.00, 88, 66
2026/10/02 12:56:38.779, 145.32, 660, 150.00, 44, 66
2026/10/02 12:56:38.979, 146.45, 795, 150.00, 100, 66
2026/10/02 12:56:39.180, 138.58, 795, 150.00, 100, 67
2026/10/02 12:56:39.380, 148.39, 690, 150.00, 23, 67
2026/10/02 12:56:39.581, 134.86, 975, 150.00, 62, 66
2026/10/02 12:56:39.781, 141.79, 765, 150.00, 94, 67
2026/10/02 12:56:39.982, 143.33, 795, 150.00, 100, 67
2026/10/02 12:56:40.182, 142.34, 795, 150.00, 100, 67
2026/10/02 12:56:40.383, 144.21, 690, 150.00, 100, 67
2026/10/02 12:56:40.583, 144.97, 735, 150.00, 100, 67
2026/10/02 12:56:40.784, 150.09, 795, 150.00, 100, 67
2026/10/02 12:56:40.984, 148.39, 795, 150.00, 100, 67
2026/10/02 12:56:41.185, 140.48, 1635, 150.00, 28, 66
2026/10/02 12:56:41.386, 125.51, 1680, 150.00, 0, 66
2026/10/02 12:56:41.586, 117.16, 1095, 150.00, 61, 66
2026/10/02 12:56:41.787, 120.01, 795, 150.00, 100, 67
2026/10/02 12:56:41.987, 103.75, 1680, 150.00, 0, 65
2026/10/02 12:56:42.188, 100.44, 660, 150.00, 47, 66
2026/10/02 12:56:42.388, 110.74, 780, 150.00, 86, 66
2026/10/02 12:56:42.589, 121.86, 810, 150.00, 100, 67
2026/10/02 12:56:42.789, 123.40, 765, 150.00, 89, 67
2026/10/02 12:56:42.990, 123.90, 1680, 150.00, 0, 65
2026/10/02 12:56:43.190, 119.06, 1680, 150.00, 0, 65
2026/10/02 12:56:43.391, 121.05, 885, 150.00, 17, 66
2026/10/02 12:56:43.592, 122.46, 795, 150.00, 100, 67
2026/10/02 12:56:43.792, 111.89, 1185, 150.00, 61, 66
2026/10/02 12:56:43.993, 116.94, 645, 150.00, 44, 67
2026/10/02 12:56:44.194, 127.99, 795, 150.00, 93, 67
2026/10/02 12:56:44.394, 129.46, 1065, 150.00, 60, 66
2026/10/02 12:56:44.595, 120.90, 645, 150.00, 41, 67
2026/10/02 12:56:44.795, 130.76, 795, 150.00, 100, 67
2026/10/02 12:56:44.996, 137.57, 735, 150.00, 79, 67
2026/10/02 12:56:45.196, 139.88, 1065, 150.00, 100, 67
2026/10/02 12:56:45.397, 147.45, 945, 150.00, 55, 67
2026/10/02 12:56:45.597, 133.66, 1005, 150.00, 59, 67
2026/10/02 12:56:45.798, 135.16, 780, 150.00, 100, 67
2026/10/02 12:56:45.999, 134.59, 1350, 150.00, 85, 67
2026/10/02 12:56:46.199, 116.74, 1680, 150.00, 0, 66
2026/10/02 12:56:46.400, 109.45, 1680, 150.00, 0, 66
2026/10/02 12:56:46.600, 106.36, 765, 150.00, 75, 67
2026/10/02 12:56:46.801, 107.66, 645, 150.00, 37, 67
2026/10/02 12:56:47.002, 108.97, 1620, 150.00, 35, 66
2026/10/02 12:56:47.202, 110.91, 1575, 150.00, 54, 66
2026/10/02 12:56:47.403, 123.67, 795, 150.00, 100, 67
2026/10/02 12:56:47.603, 130.48, 1620, 150.00, 37, 66
2026/10/02 12:56:47.804, 130.64, 1095, 150.00, 62, 66
2026/10/02 12:56:48.004, 110.75, 945, 150.00, 78, 67
2026/10/02 12:56:48.205, 104.06, 1680, 150.00, 0, 66
2026/10/02 12:56:48.405, 105.38, 780, 150.00, 49, 66
2026/10/02 12:56:48.606, 102.98, 1380, 150.00, 82, 67
2026/10/02 12:56:48.807, 103.82, 1680, 150.00, 0, 65
2026/10/02 12:56:49.007, 91.18, 1695, 150.00, 0, 65
2026/10/02 12:56:49.208, 105.97, 795, 150.00, 100, 67
2026/10/02 12:56:49.408, 95.56, 1680, 150.00, 0, 65
2026/10/02 12:56:49.609, 85.77, 1680, 150.00, 0, 65
2026/10/02 12:56:49.810, 98.77, 645, 150.00, 50, 66
2026/10/02 12:56:50.010, 103.62, 1245, 150.00, 62, 66
2026/10/02 12:56:50.211, 106.14, 645, 150.00, 38, 67
2026/10/02 12:56:50.411, 115.85, 870, 150.00, 18, 66
2026/10/02 12:56:50.612, 134.01, 795, 150.00, 100, 67
2026/10/02 12:56:50.812, 148.95, 780, 150.00, 100, 67
2026/10/02 12:56:51.013, 139.91, 1650, 150.00, 23, 66
2026/10/02 12:56:51.213, 140.12, 1530, 150.00, 61, 66
2026/10/02 12:56:51.414, 133.60, 1560, 150.00, 50, 66
2026/10/02 12:56:51.615, 124.08, 990, 150.00, 10, 66
2026/10/02 12:56:51.815, 110.36, 1680, 150.00, 0, 65
2026/10/02 12:56:52.016, 95.34, 1680, 150.00, 0, 65
2026/10/02 12:56:52.216, 91.07, 1530, 150.00, 56, 65
2026/10/02 12:56:52.417, 85.50, 1410, 150.00, 60, 66
2026/10/02 12:56:52.618, 85.42, 1590, 150.00, 43, 65
2026/10/02 12:56:52.818, 94.69, 795, 150.00, 100, 67
2026/10/02 12:56:53.019, 109.59, 795, 150.00, 100, 67
2026/10/02 12:56:53.219, 124.69, 780, 150.00, 100, 67
2026/10/02 12:56:53.420, 141.29, 780, 150.00, 100, 68
2026/10/02 12:56:53.620, 144.47, 765, 150.00, 100, 67
2026/10/02 12:56:53.821, 150.41, 765, 150.00, 100, 68
2026/10/02 12:56:54.021, 150.76, 780, 150.00, 100, 68
2026/10/02 12:56:54.222, 150.83, 795, 150.00, 100, 68
2026/10/02 12:56:54.423, 150.42, 675, 150.00, 100, 68
2026/10/02 12:56:54.623, 150.10, 720, 150.00, 100, 68
2026/10/02 12:56:54.824, 150.17, 765, 150.00, 100, 68
2026/10/02 12:56:55.024, 150.26, 780, 150.00, 100, 68
2026/10/02 12:56:55.225, 150.09, 780, 150.00, 100, 68
2026/10/02 12:56:55.425, 144.61, 825, 150.00, 79, 68
2026/10/02 12:56:55.626, 144.56, 735, 150.00, 100, 68
2026/10/02 12:56:55.826, 145.15, 765, 150.00, 100, 68
2026/10/02 12:56:56.027, 144.45, 780, 150.00, 100, 68
2026/10/02 12:56:56.227, 144.61, 765, 150.00, 100, 68
2026/10/02 12:56:56.428, 143.64, 735, 150.00, 100, 68
2026/10/02 12:56:56.629, 149.21, 720, 150.00, 100, 68
2026/10/02 12:56:56.829, 142.40, 1650, 150.00, 20, 67
2026/10/02 12:56:57.030, 138.41, 735, 150.00, 46, 68
2026/10/02 12:56:57.230, 134.79, 750, 150.00, 77, 68
2026/10/02 12:56:57.431, 121.72, 1680, 150.00, 0, 66
2026/10/02 12:56:57.631, 131.31, 615, 150.00, 32, 67
2026/10/02 12:56:57.832, 133.94, 855, 150.00, 100, 68
2026/10/02 12:56:58.033, 143.33, 630, 150.00, 6, 68
2026/10/02 12:56:58.233, 141.84, 780, 150.00, 100, 68
2026/10/02 12:56:58.434, 145.93, 1530, 150.00, 80, 68
2026/10/02 12:56:58.634, 151.72, 765, 150.00, 68, 68
2026/10/02 12:56:58.835, 134.24, 1530, 150.00, 65, 68
2026/10/02 12:56:59.035, 124.17, 1680, 150.00, 0, 66
2026/10/02 12:56:59.236, 110.40, 1110, 150.00, 0, 66
2026/10/02 12:56:59.436, 100.32, 1620, 150.00, 58, 67
2026/10/02 12:56:59.637, 86.62, 1605, 150.00, 61, 66
2026/10/02 12:56:59.837, 89.77, 645, 150.00, 25, 67
2026/10/02 12:57:00.038, 102.15, 600, 150.00, 13, 67
2026/10/02 12:57:00.238, 97.92, 795, 150.00, 0, 67
2026/10/02 12:57:00.439, 103.07, 1155, 150.00, 44, 67
2026/10/02 12:57:00.640, 103.75, 1215, 150.00, 0, 66
2026/10/02 12:57:00.840, 105.13, 1680, 150.00, 0, 66
2026/10/02 12:57:01.041, 83.48, 1545, 150.00, 61, 67
2026/10/02 12:57:01.242, 100.17, 660, 150.00, 0, 67
2026/10/02 12:57:01.442, 109.48, 645, 150.00, 100, 67
2026/10/02 12:57:01.643, 124.58, 780, 150.00, 100, 68
2026/10/02 12:57:01.843, 139.46, 780, 150.00, 100, 68
2026/10/02 12:57:02.044, 151.75, 645, 150.00, 100, 68
2026/10/02 12:57:02.245, 159.42, 420, 150.00, 100, 68
2026/10/02 12:57:02.445, 149.26, 765, 150.00, 100, 68
2026/10/02 12:57:02.646, 142.80, 795, 150.00, 83, 68
2026/10/02 12:57:02.846, 140.98, 750, 150.00, 100, 68
2026/10/02 12:57:03.047, 131.29, 795, 150.00, 69, 69
2026/10/02 12:57:03.248, 133.24, 660, 150.00, 100, 69
2026/10/02 12:57:03.448, 131.07, 765, 150.00, 96, 69
2026/10/02 12:57:03.649, 141.25, 765, 150.00, 100, 69
2026/10/02 12:57:03.850, 125.37, 1680, 150.00, 35, 67
2026/10/02 12:57:04.050, 132.89, 615, 150.00, 0, 68
2026/10/02 12:57:04.251, 124.05, 1035, 150.00, 86, 67
2026/10/02 12:57:04.451, 122.17, 765, 150.00, 62, 68
2026/10/02 12:57:04.652, 128.60, 1125, 150.00, 76, 68
2026/10/02 12:57:04.852, 120.00, 1680, 150.00, 18, 67
2026/10/02 12:57:05.053, 134.26, 615, 150.00, 23, 67
2026/10/02 12:57:05.253, 133.81, 780, 150.00, 100, 68
2026/10/02 12:57:05.454, 150.04, 780, 150.00, 100, 69
2026/10/02 12:57:05.655, 133.18, 1665, 150.00, 100, 67
2026/10/02 12:57:05.855, 135.53, 1500, 150.00, 0, 67
2026/10/02 12:57:06.056, 123.05, 1680, 150.00, 58, 67
2026/10/02 12:57:06.256, 124.34, 795, 150.00, 14, 68
2026/10/02 12:57:06.457, 118.71, 1500, 150.00, 100, 68
2026/10/02 12:57:06.658, 119.69, 705, 150.00, 0, 68
2026/10/02 12:57:06.858, 131.80, 810, 150.00, 100, 68
2026/10/02 12:57:07.059, 121.66, 780, 150.00, 74, 67
2026/10/02 12:57:07.259, 126.32, 795, 150.00, 62, 68
2026/10/02 12:57:07.460, 117.70, 795, 150.00, 27, 68
2026/10/02 12:57:07.661, 112.37, 1635, 150.00, 100, 67
2026/10/02 12:57:07.861, 101.14, 1680, 150.00, 0, 66
2026/10/02 12:57:08.062, 105.18, 1680, 150.00, 59, 66
2026/10/02 12:57:08.262, 120.52, 780, 150.00, 70, 68
2026/10/02 12:57:08.463, 120.89, 780, 150.00, 100, 69
2026/10/02 12:57:08.663, 121.87, 780, 150.00, 100, 69
2026/10/02 12:57:08.864, 135.58, 1665, 150.00, 100, 67
2026/10/02 12:57:09.065, 137.79, 1290, 150.00, 0, 68
2026/10/02 12:57:09.265, 136.13, 615, 150.00, 4, 68
2026/10/02 12:57:09.466, 119.94, 1680, 150.00, 42, 66
2026/10/02 12:57:09.667, 105.08, 960, 150.00, 0, 67
2026/10/02 12:57:09.867, 98.41, 1635, 150.00, 94, 67
2026/10/02 12:57:10.068, 101.55, 1680, 150.00, 62, 67
2026/10/02 12:57:10.268, 92.54, 1680, 150.00, 0, 66
2026/10/02 12:57:10.469, 82.42, 1395, 150.00, 0, 66
2026/10/02 12:57:10.669, 91.24, 795, 150.00, 56, 68
2026/10/02 12:57:10.870, 102.58, 720, 150.00, 100, 68
2026/10/02 12:57:11.070, 111.78, 975, 150.00, 40, 68
2026/10/02 12:57:11.271, 140.40, 645, 150.00, 41, 68
2026/10/02 12:57:11.471, 137.69, 1590, 150.00, 45, 67
2026/10/02 12:57:11.672, 139.10, 1680, 150.00, 58, 67
2026/10/02 12:57:11.872, 147.59, 780, 150.00, 35, 68
2026/10/02 12:57:12.073, 143.44, 1590, 150.00, 100, 67
2026/10/02 12:57:12.273, 130.79, 1035, 150.00, 36, 67
2026/10/02 12:57:12.474, 135.99, 780, 150.00, 91, 68
2026/10/02 12:57:12.675, 135.59, 1020, 150.00, 100, 68
2026/10/02 12:57:12.875, 134.29, 780, 150.00, 87, 68
2026/10/02 12:57:13.076, 145.31, 750, 150.00, 100, 69
2026/10/02 12:57:13.276, 137.27, 780, 150.00, 100, 69
2026/10/02 12:57:13.477, 129.40, 1215, 150.00, 61, 68
2026/10/02 12:57:13.678, 120.08, 1605, 150.00, 80, 68
2026/10/02 12:57:13.878, 114.38, 1680, 150.00, 0, 67
2026/10/02 12:57:14.078, 99.74, 1695, 150.00, 0, 66
2026/10/02 12:57:14.279, 83.06, 810, 150.00, 0, 67
2026/10/02 12:57:14.479, 97.96, 780, 150.00, 91, 68
2026/10/02 12:57:14.680, 107.42, 780, 150.00, 100, 69
2026/10/02 12:57:14.881, 123.34, 780, 150.00, 100, 69
2026/10/02 12:57:15.081, 141.87, 735, 150.00, 100, 68
2026/10/02 12:57:15.282, 149.10, 750, 150.00, 100, 69
2026/10/02 12:57:15.482, 149.72, 780, 150.00, 100, 69
2026/10/02 12:57:15.683, 149.77, 765, 150.00, 100, 69
2026/10/02 12:57:15.884, 149.39, 750, 150.00, 100, 69
2026/10/02 12:57:16.084, 147.77, 705, 150.00, 100, 69
2026/10/02 12:57:16.285, 150.04, 750, 150.00, 100, 69
2026/10/02 12:57:16.485, 150.24, 765, 150.00, 100, 69
2026/10/02 12:57:16.686, 140.73, 1665, 150.00, 100, 68
2026/10/02 12:57:16.887, 141.25, 630, 150.00, 0, 69
2026/10/02 12:57:17.087, 143.37, 1395, 150.00, 100, 69
2026/10/02 12:57:17.288, 136.69, 1680, 150.00, 60, 67
2026/10/02 12:57:17.488, 136.95, 660, 150.00, 0, 68
2026/10/02 12:57:17.689, 148.52, 1005, 150.00, 100, 69
2026/10/02 12:57:17.889, 148.38, 705, 150.00, 87, 68
2026/10/02 12:57:18.090, 139.90, 780, 150.00, 99, 69
2026/10/02 12:57:18.290, 139.26, 780, 150.00, 100, 69
2026/10/02 12:57:18.491, 154.57, 765, 150.00, 100, 69
2026/10/02 12:57:18.692, 139.68, 1680, 150.00, 100, 68
2026/10/02 12:57:18.892, 122.69, 1680, 150.00, 0, 67
2026/10/02 12:57:19.093, 116.49, 1695, 150.00, 0, 67
2026/10/02 12:57:19.293, 100.58, 1590, 150.00, 0, 67
2026/10/02 12:57:19.494, 78.68, 1410, 150.00, 0, 67
2026/10/02 12:57:19.694, 78.26, 780, 150.00, 56, 68
2026/10/02 12:57:19.895, 86.00, 1635, 150.00, 100, 68
2026/10/02 12:57:20.096, 96.51, 990, 150.00, 53, 67
2026/10/02 12:57:20.296, 107.44, 780, 150.00, 90, 69
2026/10/02 12:57:20.497, 123.58, 780, 150.00, 100, 69
2026/10/02 12:57:20.697, 129.22, 1620, 150.00, 100, 68
2026/10/02 12:57:20.898, 126.60, 1080, 150.00, 0, 68
2026/10/02 12:57:21.099, 116.95, 1680, 150.00, 16, 67
2026/10/02 12:57:21.299, 111.54, 1695, 150.00, 0, 66
2026/10/02 12:57:21.500, 111.68, 1365, 150.00, 49, 68
2026/10/02 12:57:21.700, 108.22, 1320, 150.00, 0, 68
2026/10/02 12:57:21.901, 109.02, 1680, 150.00, 2, 67
2026/10/02 12:57:22.101, 97.91, 1695, 150.00, 0, 66
2026/10/02 12:57:22.302, 108.13, 795, 150.00, 0, 68
2026/10/02 12:57:22.502, 104.06, 780, 150.00, 100, 68
2026/10/02 12:57:22.703, 107.00, 795, 150.00, 34, 68
2026/10/02 12:57:22.903, 112.33, 600, 150.00, 60, 68
2026/10/02 12:57:23.104, 127.81, 780, 150.00, 100, 69
2026/10/02 12:57:23.304, 134.11, 780, 150.00, 92, 69
2026/10/02 12:57:23.505, 126.03, 1635, 150.00, 100, 68
2026/10/02 12:57:23.706, 135.28, 630, 150.00, 0, 69
2026/10/02 12:57:23.906, 151.19, 705, 150.00, 100, 69
2026/10/02 12:57:24.107, 142.46, 1515, 150.00, 100, 69
2026/10/02 12:57:24.307, 146.11, 690, 150.00, 0, 68
2026/10/02 12:57:24.508, 130.61, 1680, 150.00, 30, 67
2026/10/02 12:57:24.709, 138.75, 1545, 150.00, 69, 68
2026/10/02 12:57:24.909, 127.02, 1665, 150.00, 45, 67
2026/10/02 12:57:25.110, 105.85, 1125, 150.00, 0, 67
2026/10/02 12:57:25.310, 118.78, 780, 150.00, 86, 68
2026/10/02 12:57:25.511, 118.48, 705, 150.00, 39, 68
2026/10/02 12:57:25.711, 122.08, 780, 150.00, 98, 69
2026/10/02 12:57:25.912, 124.61, 780, 150.00, 100, 69
2026/10/02 12:57:26.113, 144.85, 780, 150.00, 100, 69
2026/10/02 12:57:26.313, 145.14, 615, 150.00, 100, 69
2026/10/02 12:57:26.514, 153.04, 765, 150.00, 100, 69
2026/10/02 12:57:26.714, 148.82, 765, 150.00, 100, 69
2026/10/02 12:57:26.915, 148.72, 1005, 150.00, 100, 70
2026/10/02 12:57:27.115, 148.50, 1065, 150.00, 25, 69
2026/10/02 12:57:27.316, 151.46, 765, 150.00, 68, 69
2026/10/02 12:57:27.517, 143.23, 1620, 150.00, 100, 68
2026/10/02 12:57:27.717, 145.65, 840, 150.00, 0, 69
2026/10/02 12:57:27.917, 147.04, 780, 150.00, 80, 69
2026/10/02 12:57:28.118, 147.02, 780, 150.00, 78, 69
2026/10/02 12:57:28.319, 138.79, 780, 150.00, 100, 70
2026/10/02 12:57:28.519, 138.07, 510, 150.00, 100, 70
2026/10/02 12:57:28.720, 154.09, 765, 150.00, 100, 70
2026/10/02 12:57:28.920, 141.89, 795, 150.00, 100, 70
2026/10/02 12:57:29.121, 150.22, 765, 150.00, 100, 70
2026/10/02 12:57:29.321, 150.53, 780, 150.00, 100, 70
2026/10/02 12:57:29.522, 149.71, 690, 150.00, 100, 70
2026/10/02 12:57:29.723, 149.69, 750, 150.00, 100, 70
2026/10/02 12:57:29.923, 133.62, 1020, 150.00, 55, 69
2026/10/02 12:57:30.124, 131.66, 765, 150.00, 84, 70
2026/10/02 12:57:30.324, 117.80, 1680, 150.00, 39, 68
2026/10/02 12:57:30.525, 103.27, 1080, 150.00, 0, 68
2026/10/02 12:57:30.725, 89.18, 1425, 150.00, 62, 69
2026/10/02 12:57:30.926, 88.73, 1680, 150.00, 0, 67
2026/10/02 12:57:31.126, 91.37, 870, 150.00, 11, 68
2026/10/02 12:57:31.327, 83.90, 1680, 150.00, 58, 67
2026/10/02 12:57:31.527, 83.80, 1680, 150.00, 0, 67
2026/10/02 12:57:31.728, 102.54, 780, 150.00, 44, 69
2026/10/02 12:57:31.928, 120.35, 780, 150.00, 79, 69
2026/10/02 12:57:32.129, 110.23, 1125, 150.00, 28, 67
2026/10/02 12:57:32.329, 113.13, 1620, 150.00, 86, 68
2026/10/02 12:57:32.530, 113.15, 1680, 150.00, 0, 67
2026/10/02 12:57:32.731, 107.04, 1350, 150.00, 0, 68
2026/10/02 12:57:32.931, 99.03, 990, 150.00, 0, 68
2026/10/02 12:57:33.132, 83.45, 720, 150.00, 61, 68
2026/10/02 12:57:33.332, 75.69, 1680, 150.00, 62, 67
2026/10/02 12:57:33.533, 77.01, 1680, 150.00, 0, 67
2026/10/02 12:57:33.733, 91.41, 795, 150.00, 10, 68
2026/10/02 12:57:33.934, 99.50, 765, 150.00, 100, 69
2026/10/02 12:57:34.135, 115.18, 780, 150.00, 100, 69
2026/10/02 12:57:34.335, 131.11, 780, 150.00, 100, 69
2026/10/02 12:57:34.536, 150.99, 720, 150.00, 100, 69
2026/10/02 12:57:34.736, 149.98, 750, 150.00, 100, 69
2026/10/02 12:57:34.937, 151.01, 765, 150.00, 96, 70
2026/10/02 12:57:35.137, 135.75, 1545, 150.00, 83, 69
2026/10/02 12:57:35.338, 119.50, 1680, 150.00, 0, 67
2026/10/02 12:57:35.538, 114.01, 795, 150.00, 0, 69
2026/10/02 12:57:35.739, 116.68, 765, 150.00, 100, 69
2026/10/02 12:57:35.939, 116.70, 780, 150.00, 100, 70
2026/10/02 12:57:36.140, 126.81, 1065, 150.00, 85, 70
2026/10/02 12:57:36.341, 155.53, 795, 150.00, 48, 70
2026/10/02 12:57:36.541, 154.85, 1680, 150.00, 100, 68
2026/10/02 12:57:36.742, 140.20, 1680, 150.00, 0, 67
2026/10/02 12:57:36.942, 147.34, 780, 150.00, 24, 69
2026/10/02 12:57:37.143, 135.98, 1680, 150.00, 99, 68
2026/10/02 12:57:37.343, 138.10, 765, 150.00, 33, 69
2026/10/02 12:57:37.544, 138.64, 765, 150.00, 100, 69
2026/10/02 12:57:37.745, 148.96, 1620, 150.00, 61, 68
2026/10/02 12:57:37.945, 127.80, 1680, 150.00, 0, 67
2026/10/02 12:57:38.146, 124.68, 1590, 150.00, 56, 68
2026/10/02 12:57:38.346, 115.16, 1530, 150.00, 0, 68
2026/10/02 12:57:38.547, 94.78, 1125, 150.00, 0, 67
2026/10/02 12:57:38.748, 127.12, 855, 150.00, 41, 69
2026/10/02 12:57:38.948, 135.54, 645, 150.00, 13, 69
2026/10/02 12:57:39.149, 138.25, 780, 150.00, 100, 69
2026/10/02 12:57:39.350, 143.97, 780, 150.00, 88, 69
2026/10/02 12:57:39.550, 133.73, 1680, 150.00, 0, 68
2026/10/02 12:57:39.751, 133.84, 1455, 150.00, 76, 69
2026/10/02 12:57:39.952, 131.06, 795, 150.00, 73, 69
2026/10/02 12:57:40.152, 131.76, 780, 150.00, 100, 69
2026/10/02 12:57:40.353, 128.08, 1680, 150.00, 14, 68
2026/10/02 12:57:40.553, 130.02, 795, 150.00, 100, 69
2026/10/02 12:57:40.754, 130.35, 780, 150.00, 100, 70
2026/10/02 12:57:40.955, 137.87, 780, 150.00, 100, 70
2026/10/02 12:57:41.155, 138.61, 1515, 150.00, 100, 70
2026/10/02 12:57:41.356, 150.74, 1230, 150.00, 100, 70
2026/10/02 12:57:41.556, 152.50, 1410, 150.00, 49, 69
2026/10/02 12:57:41.757, 152.41, 1680, 150.00, 29, 68
2026/10/02 12:57:41.958, 136.19, 1005, 150.00, 0, 67
2026/10/02 12:57:42.158, 132.31, 765, 150.00, 92, 69
2026/10/02 12:57:42.359, 128.58, 765, 150.00, 100, 70
2026/10/02 12:57:42.560, 137.98, 780, 150.00, 100, 70
2026/10/02 12:57:42.760, 126.76, 600, 150.00, 100, 70
2026/10/02 12:57:42.961, 146.76, 1425, 150.00, 100, 70
2026/10/02 12:57:43.161, 133.23, 600, 150.00, 0, 68
2026/10/02 12:57:43.362, 134.22, 960, 150.00, 88, 70
2026/10/02 12:57:43.562, 123.77, 780, 150.00, 94, 70
2026/10/02 12:57:43.763, 126.41, 1440, 150.00, 100, 70
2026/10/02 12:57:43.963, 113.36, 720, 150.00, 0, 68
2026/10/02 12:57:44.164, 111.84, 1680, 150.00, 0, 68
2026/10/02 12:57:44.364, 100.91, 1635, 150.00, 63, 68
2026/10/02 12:57:44.565, 107.76, 1665, 150.00, 31, 68
2026/10/02 12:57:44.766, 94.14, 1680, 150.00, 0, 67
2026/10/02 12:57:44.966, 90.40, 630, 150.00, 5, 68
2026/10/02 12:57:45.167, 96.48, 1350, 150.00, 41, 68
2026/10/02 12:57:45.367, 101.71, 570, 150.00, 3, 68
2026/10/02 12:57:45.568, 88.90, 1230, 150.00, 63, 68
2026/10/02 12:57:45.768, 102.51, 780, 150.00, 100, 69
2026/10/02 12:57:45.969, 108.81, 720, 150.00, 51, 68
2026/10/02 12:57:46.170, 104.38, 1650, 150.00, 64, 68
2026/10/02 12:57:46.370, 123.78, 1350, 150.00, 100, 69
2026/10/02 12:57:46.571, 119.21, 1680, 150.00, 0, 68
2026/10/02 12:57:46.771, 122.74, 690, 150.00, 23, 69
2026/10/02 12:57:46.972, 125.52, 1485, 150.00, 82, 69
2026/10/02 12:57:47.173, 119.83, 1680, 150.00, 0, 68
2026/10/02 12:57:47.373, 106.95, 1695, 150.00, 0, 67
2026/10/02 12:57:47.574, 104.97, 1560, 150.00, 62, 68
2026/10/02 12:57:47.774, 111.00, 690, 150.00, 63, 69
2026/10/02 12:57:47.975, 106.33, 585, 150.00, 35, 68
2026/10/02 12:57:48.175, 100.86, 870, 150.00, 0, 68
2026/10/02 12:57:48.376, 103.36, 1680, 150.00, 0, 68
2026/10/02 12:57:48.577, 100.49, 1680, 150.00, 0, 67
2026/10/02 12:57:48.777, 86.94, 645, 150.00, 0, 67
2026/10/02 12:57:48.978, 89.25, 825, 150.00, 100, 69
2026/10/02 12:57:49.178, 110.72, 1305, 150.00, 47, 69
2026/10/02 12:57:49.379, 116.97, 720, 150.00, 10, 68
2026/10/02 12:57:49.579, 136.95, 795, 150.00, 100, 69
2026/10/02 12:57:49.780, 135.46, 1005, 150.00, 0, 68
2026/10/02 12:57:49.980, 134.27, 780, 150.00, 100, 69
2026/10/02 12:57:50.181, 118.30, 1680, 150.00, 0, 68
2026/10/02 12:57:50.382, 101.27, 1590, 150.00, 61, 68
2026/10/02 12:57:50.582, 102.36, 1680, 150.00, 10, 68
2026/10/02 12:57:50.783, 111.75, 1575, 150.00, 95, 69
2026/10/02 12:57:50.983, 112.95, 645, 150.00, 15, 69
2026/10/02 12:57:51.184, 116.41, 1680, 150.00, 29, 68
2026/10/02 12:57:51.384, 118.21, 1590, 150.00, 60, 68
2026/10/02 12:57:51.585, 105.68, 1680, 150.00, 0, 67
2026/10/02 12:57:51.785, 92.40, 615, 150.00, 0, 67
2026/10/02 12:57:51.986, 89.70, 1245, 150.00, 0, 67
2026/10/02 12:57:52.187, 87.32, 780, 150.00, 100, 69
2026/10/02 12:57:52.387, 98.96, 930, 150.00, 18, 68
2026/10/02 12:57:52.588, 105.40, 795, 150.00, 82, 69
2026/10/02 12:57:52.788, 117.25, 780, 150.00, 100, 69
2026/10/02 12:57:52.989, 133.20, 765, 150.00, 100, 69
2026/10/02 12:57:53.189, 138.89, 675, 150.00, 100, 70
2026/10/02 12:57:53.390, 145.12, 750, 150.00, 100, 69
2026/10/02 12:57:53.590, 148.17, 750, 150.00, 100, 70
2026/10/02 12:57:53.791, 148.59, 765, 150.00, 100, 70
2026/10/02 12:57:53.991, 148.49, 765, 150.00, 100, 70
2026/10/02 12:57:54.192, 148.68, 660, 150.00, 100, 70
2026/10/02 12:57:54.393, 146.93, 705, 150.00, 100, 70
2026/10/02 12:57:54.593, 150.02, 750, 150.00, 100, 70
2026/10/02 12:57:54.794, 149.64, 765, 150.00, 100, 70
2026/10/02 12:57:54.994, 150.04, 765, 150.00, 100, 70
2026/10/02 12:57:55.195, 152.24, 1110, 150.00, 26, 70
2026/10/02 12:57:55.396, 137.18, 1680, 150.00, 0, 68
2026/10/02 12:57:55.596, 122.25, 660, 150.00, 0, 68
2026/10/02 12:57:55.797, 109.09, 1680, 150.00, 0, 68
2026/10/02 12:57:55.997, 105.10, 795, 150.00, 13, 68
2026/10/02 12:57:56.198, 109.06, 1335, 150.00, 36, 69
2026/10/02 12:57:56.398, 108.84, 1350, 150.00, 38, 69
2026/10/02 12:57:56.599, 121.80, 585, 150.00, 13, 68
2026/10/02 12:57:56.799, 117.64, 1680, 150.00, 0, 68
2026/10/02 12:57:57.000, 127.10, 1680, 150.00, 28, 68
2026/10/02 12:57:57.200, 138.07, 840, 150.00, 25, 69
2026/10/02 12:57:57.401, 121.19, 1680, 150.00, 20, 68
2026/10/02 12:57:57.602, 113.44, 1545, 150.00, 59, 68
2026/10/02 12:57:57.802, 114.62, 1680, 150.00, 0, 67
2026/10/02 12:57:58.003, 98.64, 1695, 150.00, 0, 67
2026/10/02 12:57:58.203, 100.60, 900, 150.00, 17, 68
2026/10/02 12:57:58.404, 96.61, 1500, 150.00, 59, 69
2026/10/02 12:57:58.605, 107.28, 675, 150.00, 20, 68
2026/10/02 12:57:58.805, 114.30, 1680, 150.00, 25, 67
2026/10/02 12:57:59.006, 110.46, 600, 150.00, 0, 67
2026/10/02 12:57:59.206, 109.31, 1680, 150.00, 0, 67
2026/10/02 12:57:59.407, 98.55, 795, 150.00, 84, 68
2026/10/02 12:57:59.607, 98.88, 675, 150.00, 58, 68
2026/10/02 12:57:59.808, 77.68, 1680, 150.00, 0, 67
2026/10/02 12:58:00.009, 78.54, 1680, 150.00, 0, 67
2026/10/02 12:58:00.209, 79.60, 645, 150.00, 0, 67
2026/10/02 12:58:00.410, 85.07, 1665, 150.00, 44, 67
2026/10/02 12:58:00.610, 75.45, 1680, 150.00, 0, 67
2026/10/02 12:58:00.810, 84.37, 1545, 150.00, 60, 68
2026/10/02 12:58:01.011, 94.33, 1665, 150.00, 47, 67
2026/10/02 12:58:01.212, 94.04, 615, 150.00, 0, 67
2026/10/02 12:58:01.412, 96.95, 780, 150.00, 60, 69
2026/10/02 12:58:01.613, 97.83, 1680, 150.00, 0, 67
2026/10/02 12:58:01.813, 95.41, 1245, 150.00, 61, 67
2026/10/02 12:58:02.014, 86.84, 1680, 150.00, 1, 67
2026/10/02 12:58:02.214, 88.25, 1515, 150.00, 0, 67
2026/10/02 12:58:02.415, 96.83, 1680, 150.00, 6, 67
2026/10/02 12:58:02.615, 102.46, 1335, 150.00, 37, 68
2026/10/02 12:58:02.816, 118.05, 1545, 150.00, 98, 68
2026/10/02 12:58:03.017, 122.38, 1665, 150.00, 36, 67
2026/10/02 12:58:03.217, 122.80, 1680, 150.00, 0, 67
2026/10/02 12:58:03.417, 114.26, 1695, 150.00, 0, 66
2026/10/02 12:58:03.618, 119.31, 765, 150.00, 70, 68
2026/10/02 12:58:03.818, 89.16, 1680, 150.00, 0, 67
2026/10/02 12:58:04.019, 74.44, 1680, 150.00, 0, 66
2026/10/02 12:58:04.219, 75.74, 1695, 150.00, 0, 66
2026/10/02 12:58:04.420, 75.82, 990, 150.00, 0, 66
2026/10/02 12:58:04.620, 89.97, 780, 150.00, 100, 68
2026/10/02 12:58:04.821, 93.05, 1680, 150.00, 30, 67
2026/10/02 12:58:05.021, 93.12, 1680, 150.00, 0, 66
2026/10/02 12:58:05.222, 93.13, 1695, 150.00, 0, 66
2026/10/02 12:58:05.422, 112.02, 780, 150.00, 31, 68
2026/10/02 12:58:05.623, 116.41, 780, 150.00, 100, 68
2026/10/02 12:58:05.823, 99.68, 1635, 150.00, 58, 67
2026/10/02 12:58:06.024, 100.54, 615, 150.00, 0, 67
2026/10/02 12:58:06.224, 114.42, 780, 150.00, 48, 68
2026/10/02 12:58:06.425, 125.32, 780, 150.00, 100, 69
2026/10/02 12:58:06.625, 104.44, 1665, 150.00, 37, 67
2026/10/02 12:58:06.826, 121.30, 1680, 150.00, 19, 67
2026/10/02 12:58:07.027, 117.00, 1680, 150.00, 0, 66
2026/10/02 12:58:07.227, 132.08, 1680, 150.00, 29, 67
2026/10/02 12:58:07.428, 124.12, 1665, 150.00, 36, 67
2026/10/02 12:58:07.628, 111.86, 1680, 150.00, 0, 66
2026/10/02 12:58:07.829, 98.70, 1695, 150.00, 0, 66
2026/10/02 12:58:08.029, 117.10, 1155, 150.00, 22, 67
2026/10/02 12:58:08.230, 96.44, 1680, 150.00, 0, 66
2026/10/02 12:58:08.430, 98.30, 1320, 150.00, 38, 67
2026/10/02 12:58:08.631, 101.28, 1680, 150.00, 0, 66
2026/10/02 12:58:08.831, 101.12, 1695, 150.00, 0, 66
2026/10/02 12:58:09.032, 91.36, 720, 150.00, 59, 67
2026/10/02 12:58:09.232, 91.96, 1680, 150.00, 0, 66
2026/10/02 12:58:09.433, 92.03, 1680, 150.00, 0, 66
2026/10/02 12:58:09.633, 77.69, 1695, 150.00, 0, 66
2026/10/02 12:58:09.834, 93.48, 705, 150.00, 21, 67
2026/10/02 12:58:10.034, 105.82, 1545, 150.00, 100, 67
2026/10/02 12:58:10.235, 113.84, 1500, 150.00, 53, 67
2026/10/02 12:58:10.435, 114.50, 1590, 150.00, 61, 67
2026/10/02 12:58:10.636, 114.13, 1680, 150.00, 0, 66
2026/10/02 12:58:10.836, 102.07, 1575, 150.00, 59, 66
2026/10/02 12:58:11.037, 92.50, 795, 150.00, 86, 67
2026/10/02 12:58:11.237, 102.51, 1125, 150.00, 100, 68
2026/10/02 12:58:11.438, 100.56, 1665, 150.00, 44, 67
2026/10/02 12:58:11.638, 99.71, 1680, 150.00, 0, 66
2026/10/02 12:58:11.839, 125.24, 990, 150.00, 56, 68
2026/10/02 12:58:12.039, 124.41, 615, 150.00, 6, 67
2026/10/02 12:58:12.240, 116.35, 1665, 150.00, 41, 67
2026/10/02 12:58:12.441, 103.16, 1605, 150.00, 61, 67
2026/10/02 12:58:12.641, 104.17, 1680, 150.00, 0, 66
2026/10/02 12:58:12.842, 93.98, 630, 150.00, 4, 66
2026/10/02 12:58:13.042, 78.41, 1635, 150.00, 58, 67
2026/10/02 12:58:13.243, 71.05, 1680, 150.00, 0, 66
2026/10/02 12:58:13.443, 72.30, 1695, 150.00, 0, 66
2026/10/02 12:58:13.644, 81.79, 1500, 150.00, 58, 67
2026/10/02 12:58:13.844, 94.44, 1425, 150.00, 43, 67
2026/10/02 12:58:14.045, 92.32, 1680, 150.00, 0, 66
2026/10/02 12:58:14.246, 107.13, 1395, 150.00, 45, 66
2026/10/02 12:58:14.446, 115.91, 1680, 150.00, 1, 66
2026/10/02 12:58:14.647, 111.86, 1680, 150.00, 0, 66
2026/10/02 12:58:14.847, 104.00, 1695, 150.00, 0, 65
2026/10/02 12:58:15.048, 90.61, 1695, 150.00, 0, 65
2026/10/02 12:58:15.249, 100.24, 1035, 150.00, 75, 67
2026/10/02 12:58:15.449, 97.23, 810, 150.00, 12, 67
2026/10/02 12:58:15.650, 96.24, 1680, 150.00, 0, 66
2026/10/02 12:58:15.850, 98.63, 1695, 150.00, 0, 65
2026/10/02 12:58:16.051, 96.23, 1695, 150.00, 0, 65
2026/10/02 12:58:16.251, 102.23, 855, 150.00, 45, 66
2026/10/02 12:58:16.452, 106.85, 780, 150.00, 100, 67
2026/10/02 12:58:16.652, 118.69, 1395, 150.00, 91, 68
2026/10/02 12:58:16.853, 113.75, 1590, 150.00, 0, 66
2026/10/02 12:58:17.053, 118.62, 1680, 150.00, 0, 66
2026/10/02 12:58:17.254, 109.60, 1500, 150.00, 0, 67
2026/10/02 12:58:17.455, 94.20, 1680, 150.00, 2, 65
2026/10/02 12:58:17.655, 90.76, 780, 150.00, 0, 67
2026/10/02 12:58:17.856, 95.81, 1680, 150.00, 94, 66
2026/10/02 12:58:18.056, 94.98, 1680, 150.00, 0, 65
2026/10/02 12:58:18.257, 96.17, 750, 150.00, 0, 67
2026/10/02 12:58:18.458, 98.11, 1680, 150.00, 65, 66
2026/10/02 12:58:18.658, 110.40, 1365, 150.00, 0, 67
2026/10/02 12:58:18.859, 92.84, 1680, 150.00, 19, 65
2026/10/02 12:58:19.060, 118.29, 1410, 150.00, 53, 67
2026/10/02 12:58:19.260, 113.39, 1680, 150.00, 16, 66
2026/10/02 12:58:19.461, 105.16, 1695, 150.00, 0, 65
2026/10/02 12:58:19.661, 112.11, 1665, 150.00, 11, 66
2026/10/02 12:58:19.862, 101.62, 1575, 150.00, 0, 66
2026/10/02 12:58:20.062, 99.73, 1515, 150.00, 0, 67
2026/10/02 12:58:20.263, 89.38, 1065, 150.00, 0, 65
2026/10/02 12:58:20.463, 105.24, 810, 150.00, 63, 67
2026/10/02 12:58:20.664, 93.34, 1680, 150.00, 71, 66
2026/10/02 12:58:20.865, 107.79, 1680, 150.00, 26, 66
2026/10/02 12:58:21.065, 104.75, 1680, 150.00, 0, 65
2026/10/02 12:58:21.266, 110.96, 1680, 150.00, 17, 66
2026/10/02 12:58:21.466, 110.49, 1200, 150.00, 0, 66
2026/10/02 12:58:21.667, 112.89, 795, 150.00, 50, 67
2026/10/02 12:58:21.868, 94.99, 1680, 150.00, 80, 66
2026/10/02 12:58:22.068, 97.47, 1665, 150.00, 0, 66
2026/10/02 12:58:22.269, 82.75, 1680, 150.00, 0, 65
2026/10/02 12:58:22.469, 84.08, 1695, 150.00, 0, 65
2026/10/02 12:58:22.669, 76.68, 1695, 150.00, 0, 65
2026/10/02 12:58:22.870, 69.94, 1695, 150.00, 0, 65
2026/10/02 12:58:23.070, 70.18, 1695, 150.00, 0, 65
2026/10/02 12:58:23.271, 70.18, 1695, 150.00, 0, 65
2026/10/02 12:58:23.471, 114.09, 1485, 150.00, 0, 66
2026/10/02 12:58:23.672, 112.78, 1680, 150.00, 26, 65
2026/10/02 12:58:23.872, 112.58, 1695, 150.00, 0, 64
2026/10/02 12:58:24.073, 108.83, 780, 150.00, 0, 64
2026/10/02 12:58:24.274, 103.05, 1680, 150.00, 50, 65
2026/10/02 12:58:24.474, 74.19, 1695, 150.00, 0, 65
2026/10/02 12:58:24.675, 70.95, 1695, 150.00, 0, 64
2026/10/02 12:58:24.875, 87.00, 1680, 150.00, 29, 65
2026/10/02 12:58:25.076, 86.81, 1680, 150.00, 0, 64
2026/10/02 12:58:25.276, 85.07, 630, 150.00, 0, 64
2026/10/02 12:58:25.477, 90.48, 1680, 150.00, 59, 65
2026/10/02 12:58:25.678, 95.18, 1665, 150.00, 7, 65
2026/10/02 12:58:25.878, 77.41, 1680, 150.00, 0, 64
2026/10/02 12:58:26.079, 78.48, 675, 150.00, 0, 64
2026/10/02 12:58:26.279, 85.15, 1680, 150.00, 88, 65
2026/10/02 12:58:26.480, 90.37, 735, 150.00, 0, 66
2026/10/02 12:58:26.681, 102.93, 810, 150.00, 64, 67
2026/10/02 12:58:26.881, 115.20, 1680, 150.00, 97, 65
2026/10/02 12:58:27.082, 115.18, 1680, 150.00, 0, 65
2026/10/02 12:58:27.282, 116.81, 795, 150.00, 0, 66
2026/10/02 12:58:27.483, 113.19, 645, 150.00, 81, 65
2026/10/02 12:58:27.684, 103.10, 1680, 150.00, 58, 65
2026/10/02 12:58:27.885, 83.28, 825, 150.00, 0, 65
2026/10/02 12:58:28.085, 94.17, 1680, 150.00, 57, 65
2026/10/02 12:58:28.286, 92.03, 1680, 150.00, 0, 64
2026/10/02 12:58:28.486, 84.33, 1695, 150.00, 0, 64
2026/10/02 12:58:28.687, 78.76, 1695, 150.00, 0, 64
2026/10/02 12:58:28.887, 79.29, 645, 150.00, 0, 64
2026/10/02 12:58:29.088, 75.39, 1680, 150.00, 58, 64
2026/10/02 12:58:29.289, 75.79, 1680, 150.00, 0, 64
2026/10/02 12:58:29.489, 86.06, 780, 150.00, 4, 66
2026/10/02 12:58:29.690, 93.51, 645, 150.00, 100, 65
2026/10/02 12:58:29.890, 108.52, 1455, 150.00, 88, 66
2026/10/02 12:58:30.091, 101.79, 1680, 150.00, 35, 65
2026/10/02 12:58:30.291, 99.02, 1695, 150.00, 0, 64
2026/10/02 12:58:30.492, 97.29, 1695, 150.00, 0, 64
2026/10/02 12:58:30.692, 83.76, 1065, 150.00, 0, 65
2026/10/02 12:58:30.893, 89.32, 1620, 150.00, 48, 66
2026/10/02 12:58:31.093, 95.61, 1545, 150.00, 0, 66
2026/10/02 12:58:31.294, 114.09, 1680, 150.00, 34, 65
2026/10/02 12:58:31.495, 113.87, 1680, 150.00, 0, 64
2026/10/02 12:58:31.695, 109.93, 1695, 150.00, 0, 64
2026/10/02 12:58:31.896, 98.00, 1695, 150.00, 0, 64
2026/10/02 12:58:32.096, 103.37, 1590, 150.00, 0, 66
2026/10/02 12:58:32.297, 91.18, 1575, 150.00, 4, 66
2026/10/02 12:58:32.497, 104.61, 1680, 150.00, 24, 65
2026/10/02 12:58:32.698, 104.52, 1680, 150.00, 0, 64
2026/10/02 12:58:32.899, 101.41, 1695, 150.00, 0, 64
2026/10/02 12:58:33.099, 101.39, 1695, 150.00, 0, 64
2026/10/02 12:58:33.300, 98.59, 1380, 150.00, 0, 65
2026/10/02 12:58:33.500, 75.57, 1680, 150.00, 42, 64
2026/10/02 12:58:33.701, 83.66, 750, 150.00, 0, 65
2026/10/02 12:58:33.902, 91.60, 1680, 150.00, 100, 65
2026/10/02 12:58:34.102, 91.39, 1680, 150.00, 0, 64
2026/10/02 12:58:34.303, 89.46, 1695, 150.00, 0, 64
2026/10/02 12:58:34.503, 96.73, 1680, 150.00, 23, 64
2026/10/02 12:58:34.704, 96.72, 1680, 150.00, 0, 64
2026/10/02 12:58:34.904, 97.79, 1530, 150.00, 0, 65
2026/10/02 12:58:35.105, 100.72, 1275, 150.00, 18, 64
2026/10/02 12:58:35.305, 125.45, 1605, 150.00, 40, 65
2026/10/02 12:58:35.506, 105.26, 1680, 150.00, 5, 64
2026/10/02 12:58:35.706, 106.34, 1695, 150.00, 0, 64
2026/10/02 12:58:35.907, 129.43, 1560, 150.00, 28, 65
2026/10/02 12:58:36.107, 124.78, 750, 150.00, 16, 65
2026/10/02 12:58:36.308, 113.81, 1650, 150.00, 70, 65
2026/10/02 12:58:36.509, 110.19, 1680, 150.00, 0, 64
2026/10/02 12:58:36.709, 114.16, 1695, 150.00, 0, 64
2026/10/02 12:58:36.910, 94.51, 1695, 150.00, 0, 64
2026/10/02 12:58:37.110, 108.32, 750, 150.00, 30, 65
2026/10/02 12:58:37.311, 96.78, 1620, 150.00, 100, 64
2026/10/02 12:58:37.511, 124.56, 1605, 150.00, 35, 66
2026/10/02 12:58:37.712, 119.21, 1680, 150.00, 5, 64
2026/10/02 12:58:37.913, 123.90, 1695, 150.00, 0, 64
2026/10/02 12:58:38.113, 103.32, 660, 150.00, 0, 64
2026/10/02 12:58:38.314, 91.26, 1680, 150.00, 60, 64
2026/10/02 12:58:38.514, 76.82, 1680, 150.00, 0, 64
2026/10/02 12:58:38.715, 69.76, 1695, 150.00, 0, 63
2026/10/02 12:58:38.915, 85.82, 1425, 150.00, 0, 65
2026/10/02 12:58:39.116, 91.76, 1005, 150.00, 32, 65
2026/10/02 12:58:39.316, 88.96, 1680, 150.00, 66, 64
2026/10/02 12:58:39.517, 99.03, 1680, 150.00, 9, 64
2026/10/02 12:58:39.718, 98.88, 630, 150.00, 0, 64
2026/10/02 12:58:39.918, 89.65, 990, 150.00, 59, 65
2026/10/02 12:58:40.119, 87.83, 1680, 150.00, 65, 64
2026/10/02 12:58:40.319, 84.25, 660, 150.00, 0, 64
2026/10/02 12:58:40.520, 77.54, 1200, 150.00, 59, 64
2026/10/02 12:58:40.720, 106.42, 1575, 150.00, 44, 66
2026/10/02 12:58:40.921, 97.36, 1680, 150.00, 11, 64
2026/10/02 12:58:41.121, 97.32, 1065, 150.00, 0, 64
2026/10/02 12:58:41.322, 113.81, 1635, 150.00, 49, 65
2026/10/02 12:58:41.522, 109.40, 1680, 150.00, 0, 64
2026/10/02 12:58:41.723, 96.05, 1695, 150.00, 0, 63
2026/10/02 12:58:41.923, 87.55, 1650, 150.00, 0, 64
2026/10/02 12:58:42.124, 85.76, 1680, 150.00, 0, 63
2026/10/02 12:58:42.324, 73.90, 1695, 150.00, 0, 63
2026/10/02 12:58:42.525, 69.69, 1695, 150.00, 0, 63
2026/10/02 12:58:42.725, 85.12, 765, 150.00, 0, 64
2026/10/02 12:58:42.926, 98.51, 795, 150.00, 80, 65
2026/10/02 12:58:43.126, 101.84, 1680, 150.00, 77, 64
2026/10/02 12:58:43.327, 98.94, 1680, 150.00, 0, 63
2026/10/02 12:58:43.528, 98.95, 1695, 150.00, 0, 63
2026/10/02 12:58:43.728, 98.95, 1695, 150.00, 0, 63
2026/10/02 12:58:43.929, 77.57, 1695, 150.00, 0, 63
2026/10/02 12:58:44.129, 83.00, 1020, 150.00, 0, 64
2026/10/02 12:58:44.330, 83.26, 1680, 150.00, 65, 63
2026/10/02 12:58:44.530, 99.53, 1365, 150.00, 0, 64
2026/10/02 12:58:44.731, 114.21, 1680, 150.00, 54, 64
2026/10/02 12:58:44.931, 114.07, 1680, 150.00, 0, 63
2026/10/02 12:58:45.132, 102.70, 630, 150.00, 0, 63
2026/10/02 12:58:45.332, 98.54, 645, 150.00, 60, 63
2026/10/02 12:58:45.533, 103.76, 1680, 150.00, 60, 63
2026/10/02 12:58:45.733, 74.55, 1680, 150.00, 0, 63
2026/10/02 12:58:45.934, 79.86, 1665, 150.00, 5, 64
2026/10/02 12:58:46.135, 95.20, 1425, 150.00, 0, 65
2026/10/02 12:58:46.335, 90.86, 1680, 150.00, 33, 63
2026/10/02 12:58:46.536, 86.01, 1695, 150.00, 0, 63
2026/10/02 12:58:46.736, 99.49, 1590, 150.00, 0, 64
2026/10/02 12:58:46.937, 91.37, 1680, 150.00, 5, 63
2026/10/02 12:58:47.137, 78.58, 1695, 150.00, 0, 63
2026/10/02 12:58:47.338, 92.15, 765, 150.00, 0, 64
2026/10/02 12:58:47.538, 107.06, 1605, 150.00, 100, 64
2026/10/02 12:58:47.739, 106.52, 660, 150.00, 6, 63
2026/10/02 12:58:47.939, 104.87, 1665, 150.00, 85, 64
2026/10/02 12:58:48.140, 101.54, 1680, 150.00, 0, 63
2026/10/02 12:58:48.340, 89.15, 1695, 150.00, 0, 63
2026/10/02 12:58:48.541, 82.05, 1035, 150.00, 0, 64
2026/10/02 12:58:48.741, 85.01, 750, 150.00, 59, 64
2026/10/02 12:58:48.942, 94.27, 1320, 150.00, 100, 65
2026/10/02 12:58:49.142, 104.21, 1395, 150.00, 44, 65
2026/10/02 12:58:49.343, 102.89, 1680, 150.00, 40, 63
2026/10/02 12:58:49.544, 131.17, 1575, 150.00, 33, 65
2026/10/02 12:58:49.744, 156.30, 795, 150.00, 44, 65
2026/10/02 12:58:49.945, 154.40, 810, 150.00, 100, 66
2026/10/02 12:58:50.145, 160.86, 1530, 150.00, 100, 66
2026/10/02 12:58:50.346, 154.65, 1680, 150.00, 0, 64
2026/10/02 12:58:50.546, 143.78, 1695, 150.00, 0, 63
2026/10/02 12:58:50.747, 128.20, 660, 150.00, 29, 64
2026/10/02 12:58:50.948, 105.93, 795, 150.00, 0, 64
2026/10/02 12:58:51.148, 103.13, 1605, 150.00, 63, 65
2026/10/02 12:58:51.349, 111.64, 1680, 150.00, 0, 63
2026/10/02 12:58:51.549, 110.13, 1665, 150.00, 50, 64
2026/10/02 12:58:51.750, 110.22, 750, 150.00, 9, 64
2026/10/02 12:58:51.950, 121.37, 795, 150.00, 100, 65
2026/10/02 12:58:52.151, 103.92, 1665, 150.00, 67, 64
2026/10/02 12:58:52.351, 111.73, 1680, 150.00, 0, 64
2026/10/02 12:58:52.552, 119.86, 795, 150.00, 100, 65
2026/10/02 12:58:52.752, 127.16, 1080, 150.00, 90, 65
2026/10/02 12:58:52.953, 110.81, 1050, 150.00, 10, 64
2026/10/02 12:58:53.153, 103.84, 1680, 150.00, 0, 64
2026/10/02 12:58:53.354, 114.89, 1530, 150.00, 38, 65
2026/10/02 12:58:53.554, 102.00, 630, 150.00, 0, 63
2026/10/02 12:58:53.755, 95.80, 1680, 150.00, 0, 64
2026/10/02 12:58:53.956, 87.77, 1680, 150.00, 0, 63
2026/10/02 12:58:54.156, 86.41, 1695, 150.00, 0, 63
2026/10/02 12:58:54.357, 83.33, 1695, 150.00, 0, 63
2026/10/02 12:58:54.557, 87.40, 1200, 150.00, 48, 65
2026/10/02 12:58:54.758, 84.71, 1680, 150.00, 0, 63
2026/10/02 12:58:54.958, 84.79, 1695, 150.00, 0, 63
2026/10/02 12:58:55.159, 84.89, 1680, 150.00, 59, 64
2026/10/02 12:58:55.359, 73.07, 1665, 150.00, 8, 63
2026/10/02 12:58:55.560, 72.68, 1680, 150.00, 0, 64
2026/10/02 12:58:55.761, 89.44, 810, 150.00, 100, 65
2026/10/02 12:58:55.962, 96.74, 1350, 150.00, 43, 66
2026/10/02 12:58:56.162, 97.89, 1680, 150.00, 0, 64
2026/10/02 12:58:56.363, 99.30, 1695, 150.00, 0, 63
2026/10/02 12:58:56.564, 93.64, 1695, 150.00, 0, 63
2026/10/02 12:58:56.764, 93.98, 810, 150.00, 75, 64
2026/10/02 12:58:56.965, 88.14, 735, 150.00, 100, 64
2026/10/02 12:58:57.165, 107.00, 810, 150.00, 100, 65
2026/10/02 12:58:57.366, 116.65, 1635, 150.00, 0, 65
2026/10/02 12:58:57.567, 134.50, 1680, 150.00, 31, 64
2026/10/02 12:58:57.767, 126.86, 615, 150.00, 73, 64
2026/10/02 12:58:57.968, 124.68, 675, 150.00, 60, 64
2026/10/02 12:58:58.169, 104.80, 1680, 150.00, 0, 64
2026/10/02 12:58:58.369, 91.28, 1680, 150.00, 0, 63
2026/10/02 12:58:58.570, 91.75, 1695, 150.00, 0, 63
2026/10/02 12:58:58.770, 76.43, 1695, 150.00, 0, 63
2026/10/02 12:58:58.971, 69.32, 915, 150.00, 59, 64
2026/10/02 12:58:59.172, 69.54, 1095, 150.00, 57, 63
2026/10/02 12:58:59.372, 69.35, 1680, 150.00, 0, 63
2026/10/02 12:58:59.573, 72.28, 660, 150.00, 68, 63
2026/10/02 12:58:59.774, 85.31, 1665, 150.00, 19, 64
2026/10/02 12:58:59.974, 82.62, 1680, 150.00, 0, 64
2026/10/02 12:59:00.175, 81.56, 1680, 150.00, 0, 63
2026/10/02 12:59:00.375, 83.14, 1695, 150.00, 0, 63
2026/10/02 12:59:00.576, 83.29, 1695, 150.00, 0, 63
2026/10/02 12:59:00.776, 81.67, 1695, 150.00, 0, 63
2026/10/02 12:59:00.977, 80.65, 690, 150.00, 78, 63
2026/10/02 12:59:01.177, 79.04, 1035, 150.00, 56, 63
2026/10/02 12:59:01.378, 89.23, 870, 150.00, 57, 63
2026/10/02 12:59:01.579, 106.85, 1485, 150.00, 37, 64
2026/10/02 12:59:01.779, 105.87, 1680, 150.00, 0, 63
2026/10/02 12:59:01.980, 103.18, 1680, 150.00, 10, 63
2026/10/02 12:59:02.180, 100.36, 1680, 150.00, 0, 63
2026/10/02 12:59:02.381, 101.15, 675, 150.00, 60, 63
2026/10/02 12:59:02.582, 90.37, 1680, 150.00, 0, 63
2026/10/02 12:59:02.782, 76.08, 1650, 150.00, 0, 64
2026/10/02 12:59:02.983, 68.64, 660, 150.00, 60, 63
2026/10/02 12:59:03.183, 82.64, 585, 150.00, 51, 63
2026/10/02 12:59:03.384, 92.11, 1680, 150.00, 14, 63
2026/10/02 12:59:03.584, 110.18, 1065, 150.00, 29, 63
2026/10/02 12:59:03.785, 121.24, 945, 150.00, 88, 65
2026/10/02 12:59:03.985, 116.49, 1680, 150.00, 0, 64
2026/10/02 12:59:04.186, 114.83, 1680, 150.00, 0, 63
2026/10/02 12:59:04.387, 103.86, 1695, 150.00, 0, 63
2026/10/02 12:59:04.587, 94.04, 1695, 150.00, 0, 63
2026/10/02 12:59:04.788, 85.75, 1620, 150.00, 15, 64
2026/10/02 12:59:04.988, 101.26, 1185, 150.00, 24, 63
2026/10/02 12:59:05.189, 127.93, 945, 150.00, 65, 64
2026/10/02 12:59:05.390, 126.46, 1680, 150.00, 1, 63
2026/10/02 12:59:05.590, 124.75, 1680, 150.00, 0, 63
2026/10/02 12:59:05.791, 104.77, 1680, 150.00, 0, 63
2026/10/02 12:59:05.991, 114.67, 1695, 150.00, 12, 63
2026/10/02 12:59:06.192, 87.28, 1680, 150.00, 0, 63
2026/10/02 12:59:06.392, 79.45, 825, 150.00, 58, 63
2026/10/02 12:59:06.593, 79.43, 1680, 150.00, 0, 63
2026/10/02 12:59:06.793, 80.50, 1695, 150.00, 0, 63
2026/10/02 12:59:06.994, 69.03, 1680, 150.00, 0, 63
2026/10/02 12:59:07.195, 70.25, 1680, 150.00, 0, 63
2026/10/02 12:59:07.395, 70.39, 1695, 150.00, 0, 62
2026/10/02 12:59:07.596, 72.58, 1065, 150.00, 69, 62
2026/10/02 12:59:07.796, 71.27, 1680, 150.00, 0, 63
2026/10/02 12:59:07.997, 72.17, 1680, 150.00, 0, 62
2026/10/02 12:59:08.198, 72.37, 1695, 150.00, 0, 62
2026/10/02 12:59:08.398, 88.59, 705, 150.00, 42, 62
2026/10/02 12:59:08.599, 100.16, 1230, 150.00, 22, 63
2026/10/02 12:59:08.799, 107.61, 1560, 150.00, 16, 63
2026/10/02 12:59:09.000, 106.43, 1680, 150.00, 0, 63
2026/10/02 12:59:09.200, 110.01, 1680, 150.00, 0, 62
2026/10/02 12:59:09.401, 127.61, 825, 150.00, 100, 64
2026/10/02 12:59:09.602, 115.37, 1545, 150.00, 36, 64
2026/10/02 12:59:09.802, 112.15, 1680, 150.00, 0, 63
2026/10/02 12:59:10.003, 101.68, 1695, 150.00, 0, 62
2026/10/02 12:59:10.203, 117.10, 795, 150.00, 100, 63
2026/10/02 12:59:10.404, 110.44, 810, 150.00, 100, 64
2026/10/02 12:59:10.604, 109.90, 825, 150.00, 100, 65
2026/10/02 12:59:10.805, 122.41, 1650, 150.00, 0, 65
2026/10/02 12:59:11.006, 143.34, 765, 150.00, 78, 64
2026/10/02 12:59:11.206, 147.02, 1125, 150.00, 25, 63
2026/10/02 12:59:11.407, 144.15, 1605, 150.00, 22, 65
2026/10/02 12:59:11.607, 128.56, 1680, 150.00, 0, 63
2026/10/02 12:59:11.808, 114.21, 1695, 150.00, 0, 63
2026/10/02 12:59:12.008, 112.32, 1500, 150.00, 44, 64
2026/10/02 12:59:12.209, 108.84, 1575, 150.00, 29, 64
2026/10/02 12:59:12.409, 92.71, 1680, 150.00, 0, 63
2026/10/02 12:59:12.610, 93.55, 1695, 150.00, 0, 62
2026/10/02 12:59:12.810, 93.63, 1695, 150.00, 0, 62
2026/10/02 12:59:13.011, 88.74, 1650, 150.00, 0, 63
2026/10/02 12:59:13.212, 74.22, 1680, 150.00, 0, 62
2026/10/02 12:59:13.412, 81.38, 645, 150.00, 60, 62
2026/10/02 12:59:13.613, 80.89, 1680, 150.00, 0, 63
2026/10/02 12:59:13.813, 80.67, 1695, 150.00, 0, 62
2026/10/02 12:59:14.014, 73.25, 1695, 150.00, 0, 62
2026/10/02 12:59:14.214, 73.72, 1695, 150.00, 0, 62
2026/10/02 12:59:14.415, 94.34, 825, 150.00, 100, 64
2026/10/02 12:59:14.616, 115.87, 750, 150.00, 38, 63
2026/10/02 12:59:14.816, 110.79, 1680, 150.00, 0, 63
2026/10/02 12:59:15.016, 114.82, 1680, 150.00, 0, 62
2026/10/02 12:59:15.217, 118.79, 1305, 150.00, 68, 63
2026/10/02 12:59:15.417, 99.82, 1680, 150.00, 0, 63
2026/10/02 12:59:15.618, 71.96, 945, 150.00, 58, 62
2026/10/02 12:59:15.818, 72.10, 1680, 150.00, 0, 62
2026/10/02 12:59:16.019, 72.46, 1695, 150.00, 0, 62
2026/10/02 12:59:16.219, 70.77, 1680, 150.00, 0, 63
2026/10/02 12:59:16.420, 68.25, 1680, 150.00, 0, 62
2026/10/02 12:59:16.621, 68.46, 1695, 150.00, 0, 62
2026/10/02 12:59:16.821, 67.27, 1695, 150.00, 0, 62
2026/10/02 12:59:17.022, 67.66, 1695, 150.00, 0, 62
2026/10/02 12:59:17.222, 67.66, 1695, 150.00, 0, 62
2026/10/02 12:59:17.423, 67.66, 1695, 150.00, 0, 62
2026/10/02 12:59:17.624, 67.66, 1695, 150.00, 0, 62
2026/10/02 12:59:17.824, 67.66, 1695, 150.00, 0, 62
2026/10/02 12:59:18.025, 68.34, 1695, 150.00, 0, 62
2026/10/02 12:59:18.225, 68.34, 1695, 150.00, 0, 61
2026/10/02 12:59:18.426, 68.34, 1695, 150.00, 0, 61
2026/10/02 12:59:18.627, 68.34, 1695, 150.00, 0, 61
2026/10/02 12:59:18.827, 68.34, 1695, 150.00, 0, 61
2026/10/02 12:59:19.027, 68.04, 1695, 150.00, 0, 61
2026/10/02 12:59:19.228, 68.04, 1695, 150.00, 0, 61
2026/10/02 12:59:19.429, 68.04, 1695, 150.00, 0, 61
2026/10/02 12:59:19.629, 68.04, 1695, 150.00, 0, 61
2026/10/02 12:59:19.829, 68.04, 1695, 150.00, 0, 61
2026/10/02 12:59:20.030, 67.71, 1695, 150.00, 0, 61
2026/10/02 12:59:20.231, 67.71, 1695, 150.00, 0, 61
2026/10/02 12:59:20.431, 67.71, 1695, 150.00, 0, 61
2026/10/02 12:59:20.631, 67.71, 1695, 150.00, 0, 61
2026/10/02 12:59:20.832, 67.71, 1695, 150.00, 0, 61
2026/10/02 12:59:21.033, 67.57, 1695, 150.00, 0, 61
2026/10/02 12:59:21.233, 67.57, 1695, 150.00, 0, 61
2026/10/02 12:59:21.434, 67.57, 1695, 150.00, 0, 61
2026/10/02 12:59:21.634, 67.57, 1695, 150.00, 0, 61
2026/10/02 12:59:21.835, 67.57, 1695, 150.00, 0, 61
2026/10/02 12:59:22.036, 67.43, 1695, 150.00, 0, 61
2026/10/02 12:59:22.236, 67.43, 1695, 150.00, 0, 61
2026/10/02 12:59:22.437, 67.43, 1695, 150.00, 0, 61
2026/10/02 12:59:22.637, 67.43, 1695, 150.00, 0, 61
2026/10/02 12:59:22.838, 67.43, 1695, 150.00, 0, 61
2026/10/02 12:59:23.038, 67.25, 1695, 150.00, 0, 61
2026/10/02 12:59:23.239, 67.25, 1695, 150.00, 0, 60
2026/10/02 12:59:23.439, 67.25, 1695, 150.00, 0, 60
2026/10/02 12:59:23.640, 67.25, 1695, 150.00, 0, 60
2026/10/02 12:59:23.841, 67.25, 1695, 150.00, 0, 60
2026/10/02 12:59:24.041, 67.16, 1695, 150.00, 0, 60
2026/10/02 12:59:24.242, 67.16, 1695, 150.00, 0, 60
2026/10/02 12:59:24.442, 67.16, 1695, 150.00, 0, 60
2026/10/02 12:59:24.643, 67.16, 1695, 150.00, 0, 60
2026/10/02 12:59:24.843, 67.16, 1695, 150.00, 0, 60
2026/10/02 12:59:25.044, 67.11, 1695, 150.00, 0, 60
2026/10/02 12:59:25.245, 67.11, 1695, 150.00, 0, 60
2026/10/02 12:59:25.445, 67.11, 1695, 150.00, 0, 60
2026/10/02 12:59:25.646, 67.11, 1695, 150.00, 0, 60
2026/10/02 12:59:25.846, 67.11, 1695, 150.00, 0, 60
2026/10/02 12:59:26.047, 67.01, 1695, 150.00, 0, 60
2026/10/02 12:59:26.247, 67.01, 1695, 150.00, 0, 60
