arrival_s,start_s,done_s,latency_ms,ok
0.3032,0.3036,0.3628,59.6248,1
0.9048,0.9056,0.9655,60.6678,1
1.2092,1.2096,1.2662,57.0200,1
1.5772,1.5777,1.6359,58.6435,1
1.5857,1.6359,1.7211,135.3775,1
2.3530,2.3539,2.4121,59.1311,1
2.7553,2.7558,2.8148,59.5220,1
3.6173,3.6183,3.6737,56.3857,1
4.2574,4.2581,4.3156,58.2279,1
4.3142,4.3157,4.4003,86.1355,1
4.6353,4.6357,4.6923,56.9806,1
4.8221,4.8224,4.8807,58.5746,1
4.8306,4.8807,4.9651,134.4913,1
4.8383,4.9651,5.0424,204.1860,1
5.1272,5.1276,5.1878,60.6157,1
5.2614,5.2616,5.3206,59.1553,1
5.4852,5.4855,5.5450,59.8554,1
5.9073,5.9078,5.9654,58.0534,1
6.3624,6.3629,6.4218,59.4071,1
7.0392,7.0400,7.0959,56.7224,1
7.0547,7.0960,7.1808,126.1278,1
7.1091,7.1809,7.2583,149.2235,1
7.1913,7.2584,7.3359,144.6248,1
7.1979,7.3360,7.4130,215.1128,1
7.3689,7.4130,7.4909,121.9308,1
7.6003,7.6008,7.6593,58.9635,1
7.6890,7.6893,7.7536,64.6036,1
7.7956,7.7959,7.8536,57.9371,1
8.0504,8.0508,8.1075,57.1400,1
8.5558,8.5565,8.6123,56.5296,1
9.2616,9.2625,9.3207,59.0969,1
9.3264,9.3266,9.4033,76.9277,1
9.7649,9.7655,9.8250,60.1548,1
9.8368,9.8370,9.9088,72.0444,1
10.2332,10.2337,10.2921,58.8571,1
10.3478,10.3480,10.4079,60.0744,1
10.4923,10.4925,10.5504,58.1066,1
10.8804,10.8809,10.9397,59.2436,1
10.8830,10.9397,11.0230,139.9854,1
11.2851,11.2858,11.3459,60.7320,1
11.7382,11.7388,11.7975,59.3094,1
12.0256,12.0261,12.0841,58.4535,1
12.1372,12.1375,12.1954,58.1537,1
12.3215,12.3219,12.3817,60.1608,1
12.6150,12.6155,12.6741,59.0879,1
13.0103,13.0107,13.0679,57.6156,1
13.0795,13.0796,13.1515,71.9381,1
13.4792,13.4796,13.5364,57.2402,1
13.5518,13.5519,13.6212,69.4078,1
13.5519,13.6212,13.6993,147.3398,1
13.7214,13.7217,13.7844,63.0614,1
14.0600,14.0605,14.1194,59.4028,1
14.3981,14.3987,14.4561,58.0553,1
14.5410,14.5414,14.5994,58.4088,1
14.5453,14.5995,14.6838,138.4664,1
14.8802,14.8807,14.9405,60.2656,1
14.9049,14.9405,15.0240,119.1053,1
15.0069,15.0240,15.1018,94.9038,1
15.2603,15.2608,15.3199,59.6019,1
15.2850,15.3199,15.4035,118.4759,1
15.8032,15.8040,15.8640,60.7631,1
16.0790,16.0795,16.1369,57.8850,1
16.2671,16.2675,16.3260,58.9156,1
16.4807,16.4811,16.5393,58.5784,1
16.6011,16.6014,16.6615,60.3616,1
17.4385,17.4396,17.4980,59.5117,1
17.4677,17.4981,17.5816,113.8996,1
17.4925,17.5816,17.6595,167.0064,1
18.1414,18.1422,18.2020,60.6078,1
18.2021,18.2024,18.2844,82.3500,1
18.5895,18.5900,18.6484,58.8879,1
18.9510,18.9515,19.0097,58.7045,1
18.9553,19.0097,19.0927,137.4143,1
19.3686,19.3692,19.4288,60.2262,1
19.6454,19.6459,19.7061,60.6939,1
19.8723,19.8727,19.9311,58.7936,1
20.3083,20.3090,20.3657,57.3236,1
20.9257,20.9265,20.9856,59.9314,1
21.7160,21.7169,21.7751,59.1356,1
22.2280,22.2288,22.2840,55.9774,1
22.5983,22.5987,22.6583,60.0309,1
22.6434,22.6583,22.7417,98.2744,1
23.4585,23.4594,23.5188,60.3022,1
23.6911,23.6914,23.7481,57.0017,1
23.7185,23.7481,23.8323,113.7509,1
23.9281,23.9285,23.9873,59.2821,1
24.4408,24.4415,24.5003,59.4818,1
24.4861,24.5003,24.5829,96.7976,1
24.5928,24.5931,24.6634,70.5960,1
24.8962,24.8967,24.9554,59.1541,1
25.0173,25.0176,25.0763,59.0410,1
25.2818,25.2822,25.3395,57.7324,1
25.3586,25.3587,25.4256,67.0400,1
25.9691,25.9699,26.0282,59.0900,1
26.4122,26.4128,26.4684,56.2400,1
26.4791,26.4794,26.5522,73.1111,1
26.4795,26.5522,26.6306,151.1189,1
26.6936,26.6939,26.7507,57.0619,1
27.1671,27.1678,27.2242,57.0832,1
27.2452,27.2455,27.3111,65.9348,1
27.3776,27.3779,27.4375,59.9663,1
28.1227,28.1236,28.1820,59.3439,1
28.1820,28.1823,28.2646,82.6286,1
28.4202,28.4207,28.4786,58.4502,1
28.5981,28.5985,28.6567,58.6055,1
28.7455,28.7459,28.8042,58.6756,1
29.1809,29.1815,29.2418,60.9521,1
29.2774,29.2776,29.3390,61.6424,1
29.8111,29.8118,29.8688,57.7723,1
30.7818,30.7826,30.8426,60.8293,1
30.8217,30.8427,30.9257,103.9425,1
30.9633,30.9636,31.0251,61.7983,1
31.2774,31.2779,31.3359,58.4939,1
31.5517,31.5521,31.6093,57.6499,1
31.6849,31.6852,31.7441,59.2264,1
31.8133,31.8136,31.8708,57.5610,1
31.9606,31.9609,32.0206,60.0071,1
32.0856,32.0860,32.1464,60.7906,1
32.0879,32.1465,32.2292,141.3099,1
32.1389,32.2292,32.3067,167.8407,1
32.2337,32.3067,32.3838,150.0600,1
32.3174,32.3838,32.4623,144.8679,1
32.5985,32.5991,32.6590,60.4334,1
32.8321,32.8324,32.8904,58.2855,1
32.9241,32.9244,32.9872,63.0168,1
32.9399,32.9872,33.0674,127.4411,1
33.1260,33.1264,33.1831,57.0887,1
33.6800,33.6808,33.7376,57.6116,1
33.7741,33.7743,33.8330,58.9580,1
34.4113,34.4121,34.4684,57.1049,1
34.5758,34.5761,34.6359,60.0738,1
34.7321,34.7324,34.7892,57.1220,1
34.8482,34.8485,34.9072,59.0045,1
35.8363,35.8375,35.8947,58.3833,1
35.9546,35.9549,36.0145,59.8357,1
36.0070,36.0145,36.0961,89.1707,1
36.0839,36.0961,36.1745,90.5445,1
36.3220,36.3225,36.3799,57.8503,1
36.5973,36.5978,36.6578,60.5042,1
36.8339,36.8343,36.8928,58.8848,1
37.0448,37.0452,37.1044,59.6501,1
37.2527,37.2532,37.3120,59.3046,1
37.5062,37.5067,37.5640,57.7799,1
37.8235,37.8240,37.8823,58.8305,1
37.8456,37.8824,37.9655,119.8901,1
38.0158,38.0162,38.0759,60.0414,1
38.3753,38.3758,38.4370,61.7236,1
38.7914,38.7920,38.8508,59.4059,1
39.1025,39.1029,39.1595,56.9715,1
39.3396,39.3400,39.3976,57.9791,1
40.2552,40.2562,40.3156,60.4318,1
41.0417,41.0426,41.0990,57.2408,1
41.1926,41.1929,41.2522,59.5432,1
41.4818,41.4822,41.5388,57.0320,1
41.9291,41.9296,41.9869,57.7643,1
42.1683,42.1686,42.2264,58.0933,1
42.2940,42.2943,42.3546,60.5866,1
42.3508,42.3547,42.4370,86.1566,1
42.7312,42.7316,42.7887,57.4946,1
43.4705,43.4713,43.5287,58.2425,1
43.7475,43.7479,43.8056,58.1017,1
43.9717,43.9720,44.0301,58.4436,1
44.3335,44.3340,44.3929,59.3700,1
44.9474,44.9481,45.0046,57.1825,1
45.7798,45.7807,45.8396,59.8610,1
45.7983,45.8396,45.9219,123.6043,1
45.9237,45.9240,45.9983,74.5875,1
46.0961,46.0965,46.1562,60.1327,1
46.1782,46.1785,46.2446,66.4091,1
46.2451,46.2454,46.3237,78.6791,1
46.9255,46.9264,46.9833,57.8472,1
47.5273,47.5281,47.5851,57.7763,1
47.8115,47.8120,47.8701,58.6050,1
47.9803,47.9807,48.0378,57.4804,1
48.3676,48.3681,48.4252,57.5924,1
48.5704,48.5707,48.6307,60.2377,1
48.7199,48.7201,48.7790,59.1017,1
49.2666,49.2673,49.3238,57.1894,1
49.7005,49.7010,49.7575,57.0135,1
50.1244,50.1250,50.1828,58.3884,1
50.3466,50.3469,50.4046,58.0419,1
50.5831,50.5834,50.6405,57.4617,1
50.6184,50.6406,50.7245,106.1018,1
50.8446,50.8449,50.9021,57.5128,1
51.0888,51.0892,51.1489,60.0432,1
51.3796,51.3800,51.4364,56.7702,1
51.4517,51.4518,51.5221,70.4257,1
51.5520,51.5521,51.6161,64.1178,1
51.8548,51.8552,51.9133,58.5309,1
52.5937,52.5945,52.6538,60.1051,1
52.9989,52.9993,53.0559,57.0863,1
53.1331,53.1333,53.1914,58.2517,1
53.5836,53.5841,53.6425,58.9117,1
53.7644,53.7647,53.8225,58.1024,1
54.1964,54.1969,54.2536,57.1753,1
54.3980,54.3982,54.4542,56.2326,1
54.4795,54.4797,54.5446,65.0419,1
54.5094,54.5446,54.6236,114.1550,1
54.8906,54.8910,54.9500,59.4449,1
55.3025,55.3030,55.3590,56.5140,1
55.6543,55.6547,55.7149,60.6650,1
55.8663,55.8666,55.9239,57.6521,1
55.8909,55.9239,56.0080,117.1103,1
56.4997,56.5005,56.5580,58.3644,1
56.6453,56.6456,56.7028,57.5014,1
56.7542,56.7545,56.8134,59.2067,1
57.9068,57.9081,57.9665,59.7079,1
57.9228,57.9665,58.0484,125.5767,1
58.1950,58.1954,58.2531,58.0763,1
58.8690,58.8699,58.9280,58.9955,1
59.0644,59.0648,59.1227,58.3552,1
59.1464,59.1467,59.2115,65.0557,1
59.2130,59.2133,59.2900,77.0214,1
59.2579,59.2901,59.3681,110.2159,1
59.6017,59.6022,59.6604,58.7029,1
59.8149,59.8153,59.8742,59.2978,1
59.8662,59.8742,59.9558,89.5884,1
60.6266,60.6276,60.6846,58.0170,1
61.1619,61.1627,61.2187,56.7991,1
61.8913,61.8922,61.9491,57.8176,1
62.0879,62.0883,62.1469,58.9119,1
62.1934,62.1936,62.2538,60.3969,1
62.3371,62.3374,62.3958,58.6487,1
62.3687,62.3958,62.4788,110.1301,1
62.4651,62.4788,62.5560,90.8982,1
62.7531,62.7536,62.8104,57.2491,1
63.2935,63.2942,63.3527,59.1874,1
63.9922,63.9931,64.0492,56.9760,1
64.0022,64.0492,64.1307,128.4449,1
64.0681,64.1307,64.2078,139.6529,1
64.3238,64.3243,64.3812,57.3042,1
64.3528,64.3812,64.4649,112.0796,1
64.6410,64.6415,64.6975,56.5472,1
64.7627,64.7630,64.8202,57.5245,1
65.0819,65.0823,65.1404,58.5639,1
65.1734,65.1736,65.2346,61.2015,1
65.5418,65.5422,65.5998,57.9867,1
66.0383,66.0389,66.0966,58.3197,1
66.0432,66.0966,66.1801,136.8678,1
66.3220,66.3223,66.3804,58.4931,1
66.5144,66.5147,66.5727,58.3214,1
66.6996,66.6999,66.7579,58.2834,1
67.1767,67.1773,67.2340,57.2277,1
67.5461,67.5465,67.6053,59.1959,1
67.9333,67.9337,67.9914,58.0922,1
68.2501,68.2505,68.3101,60.0244,1
68.3201,68.3202,68.3931,73.0356,1
68.6039,68.6043,68.6640,60.0981,1
68.7462,68.7464,68.8045,58.2831,1
68.9527,68.9529,69.0095,56.8286,1
70.5952,70.5969,70.6535,58.3141,1
70.6467,70.6536,70.7379,91.1093,1
70.8524,70.8527,70.9117,59.2764,1
70.9123,70.9125,70.9938,81.5444,1
71.5607,71.5616,71.6190,58.2301,1
71.5922,71.6190,71.7027,110.5363,1
71.6715,71.7028,71.7807,109.1482,1
72.3366,72.3374,72.3938,57.1718,1
72.4166,72.4169,72.4814,64.7593,1
72.7923,72.7927,72.8509,58.5909,1
72.8873,72.8875,72.9503,62.9321,1
73.0101,73.0103,73.0687,58.5598,1
73.2255,73.2258,73.2846,59.0291,1
73.8467,73.8474,73.9072,60.4911,1
74.1716,74.1720,74.2303,58.7034,1
74.2636,74.2637,74.3244,60.8506,1
74.9585,74.9593,75.0164,57.8559,1
75.2304,75.2308,75.2873,56.9220,1
75.3668,75.3670,75.4271,60.2616,1
75.5312,75.5314,75.5899,58.7114,1
75.8137,75.8140,75.8711,57.4686,1
75.9379,75.9381,75.9951,57.1881,1
76.8951,76.8961,76.9538,58.7644,1
77.3652,77.3657,77.4232,57.9918,1
77.5756,77.5759,77.6320,56.3897,1
77.7507,77.7510,77.8074,56.6757,1
78.6469,78.6479,78.7063,59.3877,1
79.0197,79.0202,79.0772,57.4911,1
79.3249,79.3253,79.3848,59.8731,1
79.5081,79.5083,79.5665,58.4238,1
79.6661,79.6663,79.7231,57.0330,1
79.8942,79.8945,79.9502,56.0524,1
80.0462,80.0466,80.1064,60.1365,1
80.1847,80.1850,80.2445,59.8170,1
80.2883,80.2886,80.3486,60.2866,1
80.5603,80.5607,80.6200,59.7554,1
80.7188,80.7192,80.7771,58.2717,1
80.8240,80.8241,80.8832,59.2666,1
80.9036,80.9039,80.9687,65.0881,1
80.9127,80.9687,81.0472,134.4530,1
81.3985,81.3992,81.4575,58.9649,1
81.6779,81.6784,81.7379,59.9816,1
81.8525,81.8528,81.9092,56.6785,1
82.2374,82.2379,82.2960,58.6376,1
82.2429,82.2961,82.3786,135.6779,1
82.4187,82.4189,82.4781,59.4277,1
82.7327,82.7331,82.7885,55.7694,1
82.8281,82.8283,82.8879,59.8262,1
82.9863,82.9865,83.0431,56.8408,1
83.1735,83.1738,83.2319,58.3962,1
83.1844,83.2320,83.3155,131.0247,1
83.3082,83.3155,83.3923,84.0949,1
83.3551,83.3923,83.4693,114.1673,1
83.4778,83.4781,83.5480,70.2506,1
83.8340,83.8346,83.8913,57.2809,1
84.0653,84.0657,84.1223,56.9994,1
84.2516,84.2519,84.3082,56.6648,1
84.2909,84.3083,84.3934,102.4830,1
84.3406,84.3934,84.4709,130.3133,1
84.5303,84.5308,84.5900,59.6476,1
84.5878,84.5900,84.6721,84.2992,1
84.6388,84.6721,84.7497,110.9507,1
84.7103,84.7498,84.8268,116.5500,1
84.7579,84.8268,84.9053,147.4528,1
85.0885,85.0890,85.1456,57.1617,1
85.2624,85.2628,85.3226,60.2193,1
85.2655,85.3226,85.4049,139.4401,1
85.3741,85.4050,85.4824,108.2663,1
85.8367,85.8373,85.8958,59.1742,1
85.8964,85.8967,85.9781,81.6322,1
86.0300,86.0303,86.0896,59.6154,1
86.1740,86.1743,86.2320,58.0242,1
86.2210,86.2320,86.3156,94.5415,1
86.3621,86.3625,86.4227,60.6096,1
86.3698,86.4228,86.5036,133.7677,1
86.3961,86.5036,86.5810,184.8235,1
86.5019,86.5810,86.6587,156.8116,1
86.6223,86.6587,86.7358,113.5111,1
86.6436,86.7358,86.8136,169.9629,1
86.7394,86.8136,86.8917,152.3262,1
86.8649,86.8917,86.9688,103.9791,1
86.9646,86.9689,87.0573,92.7409,1
87.0731,87.0734,87.1445,71.3682,1
87.1622,87.1625,87.2355,73.2572,1
87.1872,87.2355,87.3224,135.2369,1
87.2956,87.3224,87.4025,106.8952,1
87.3785,87.4025,87.4806,102.1644,1
87.6135,87.6140,87.6702,56.6877,1
87.7298,87.7301,87.7894,59.5283,1
87.8170,87.8172,87.8816,64.5705,1
87.8225,87.8816,87.9622,139.6928,1
87.8370,87.9622,88.0403,203.3037,1
87.9507,88.0403,88.1181,167.3584,1
87.9630,88.1181,88.1959,232.8895,1
88.0121,88.1959,88.2742,262.1512,1
88.0299,88.2742,88.3526,322.6158,1
88.0492,88.3526,88.4307,381.4917,1
88.0849,88.4307,88.5161,431.1145,1
88.1192,88.5161,88.6021,482.9745,1
88.1745,88.6021,88.6905,515.9426,1
88.4266,88.6905,88.7775,350.9012,1
88.5303,88.7775,88.8592,328.8751,1
88.8162,88.8592,88.9381,121.9022,1
88.9439,88.9442,89.0192,75.2942,1
89.1136,89.1139,89.1730,59.4192,1
89.2273,89.2276,89.2846,57.2745,1
89.2685,89.2846,89.3688,100.3273,1
89.3886,89.3889,89.4534,64.7568,1
89.3978,89.4534,89.5339,136.1252,1
89.4944,89.5339,89.6121,117.6937,1
89.5631,89.6121,89.6902,127.1658,1
90.0046,90.0051,90.0638,59.1747,1
90.1507,90.1509,90.2080,57.3744,1
90.1630,90.2080,90.2941,131.0867,1
90.2946,90.2947,90.3718,77.1739,1
90.3489,90.3718,90.4498,100.9357,1
90.4397,90.4498,90.5280,88.3241,1
90.6126,90.6129,90.6684,55.7384,1
90.7426,90.7428,90.8016,58.9559,1
90.8714,90.8716,90.9307,59.3440,1
90.8930,90.9307,91.0146,121.5488,1
91.1611,91.1616,91.2208,59.6901,1
91.1749,91.2209,91.3043,129.3462,1
91.2690,91.3043,91.3825,113.4144,1
91.7330,91.7336,91.7908,57.7324,1
92.0208,92.0212,92.0807,59.8472,1
92.1171,92.1173,92.1795,62.3459,1
92.1191,92.1795,92.2608,141.6546,1
92.1450,92.2608,92.3385,193.4632,1
92.3701,92.3706,92.4313,61.1689,1
92.5183,92.5187,92.5792,60.8485,1
92.5224,92.5792,92.6622,139.7959,1
92.6723,92.6727,92.7431,70.7438,1
92.7404,92.7431,92.8224,82.0049,1
92.8920,92.8923,92.9498,57.8117,1
92.8966,92.9498,93.0349,138.2913,1
93.6257,93.6267,93.6859,60.1967,1
93.6699,93.6860,93.7703,100.3400,1
93.8370,93.8373,93.8966,59.6467,1
94.0708,94.0712,94.1305,59.7146,1
94.0869,94.1305,94.2149,127.9340,1
94.2371,94.2375,94.3035,66.3343,1
94.3110,94.3112,94.3854,74.4498,1
94.3433,94.3854,94.4642,120.9287,1
94.4317,94.4642,94.5428,111.0990,1
94.5624,94.5627,94.6277,65.2355,1
94.6939,94.6941,94.7538,59.9442,1
95.0010,95.0014,95.0591,58.0792,1
95.3124,95.3129,95.3709,58.5412,1
95.5115,95.5119,95.5714,59.8431,1
95.6938,95.6940,95.7530,59.2530,1
95.7184,95.7530,95.8368,118.3650,1
95.8169,95.8368,95.9152,98.2299,1
95.8322,95.9152,95.9933,161.1292,1
95.8814,95.9934,96.0715,190.0792,1
95.9013,96.0715,96.1497,248.3542,1
95.9128,96.1497,96.2279,315.0475,1
96.1791,96.2279,96.3061,126.9645,1
96.1991,96.3061,96.3847,185.6063,1
96.2899,96.3847,96.4629,172.9730,1
96.3209,96.4629,96.5530,232.0847,1
96.3234,96.5530,96.6504,327.0039,1
96.4189,96.6504,96.7353,316.3504,1
96.5268,96.7353,96.8170,290.2287,1
96.8938,96.8944,96.9529,59.1202,1
96.9972,96.9974,97.0586,61.3906,1
97.0610,97.0612,97.1412,80.2789,1
97.2290,97.2293,97.2869,57.8467,1
97.2650,97.2869,97.3710,105.9774,1
97.3903,97.3906,97.4574,67.0465,1
97.4680,97.4682,97.5409,72.9537,1
97.6229,97.6231,97.6811,58.1941,1
97.6509,97.6811,97.7663,115.4497,1
97.6677,97.7663,97.8445,176.8566,1
97.6721,97.8445,97.9227,250.6328,1
97.8415,97.9227,98.0013,159.7436,1
97.8454,98.0013,98.0798,234.4046,1
97.9455,98.0799,98.1588,213.3279,1
98.0701,98.1588,98.2380,167.9442,1
98.0972,98.2380,98.3165,219.3784,1
98.1579,98.3166,98.3952,237.3021,1
98.1857,98.3952,98.4903,304.6138,1
98.3612,98.4903,98.5842,223.0167,1
98.4584,98.5843,98.6690,210.5690,1
98.4632,98.6690,98.7508,287.6015,1
98.7230,98.7509,98.8307,107.6949,1
98.7753,98.8307,98.9093,133.9204,1
98.7810,98.9093,98.9889,207.9847,1
98.9800,98.9890,99.0675,87.4567,1
99.0299,99.0675,99.1464,116.5417,1
99.0655,99.1464,99.2253,159.7968,1
99.2150,99.2253,99.3041,89.1569,1
99.3836,99.3840,99.4446,60.9672,1
99.4422,99.4446,99.5287,86.5350,1
99.5203,99.5288,99.6077,87.4493,1
99.7485,99.7489,99.8087,60.2015,1
99.7695,99.8087,99.8944,124.9819,1
99.7698,99.8945,99.9728,203.0158,1
100.0492,100.0496,100.1070,57.8456,1
100.1518,100.1520,100.2132,61.4070,1
100.3391,100.3395,100.3968,57.6168,1
100.3928,100.3968,100.4806,87.8384,1
100.4145,100.4807,100.5596,145.0350,1
100.4185,100.5596,100.6381,219.6187,1
100.4353,100.6381,100.7167,281.4242,1
100.6323,100.7167,100.7963,164.0351,1
100.6567,100.7963,100.8753,218.5824,1
100.8896,100.8900,100.9584,68.8177,1
101.0760,101.0763,101.1377,61.7849,1
101.1427,101.1429,101.2213,78.5932,1
101.1945,101.2213,101.2998,105.2940,1
101.6131,101.6137,101.6723,59.2812,1
101.6726,101.6728,101.7565,83.9314,1
101.7415,101.7565,101.8347,93.1534,1
101.8729,101.8732,101.9328,59.9110,1
101.9217,101.9328,102.0166,94.8871,1
102.3021,102.3026,102.3625,60.3083,1
102.3271,102.3625,102.4461,118.9986,1
102.4209,102.4461,102.5257,104.7582,1
102.6258,102.6261,102.6839,58.0819,1
102.6441,102.6839,102.7695,125.4421,1
102.7733,102.7736,102.8483,75.0163,1
102.9412,102.9415,103.0026,61.3729,1
103.1712,103.1716,103.2299,58.6739,1
103.2151,103.2299,103.3157,100.6148,1
103.4347,103.4351,103.4937,59.0123,1
103.4560,103.4937,103.5781,122.0930,1
103.5359,103.5781,103.6573,121.4473,1
103.6240,103.6573,103.7362,112.2354,1
103.6359,103.7362,103.8151,179.1901,1
103.7123,103.8151,103.8936,181.3146,1
103.9861,103.9865,104.0455,59.4029,1
104.3127,104.3132,104.3717,58.9993,1
104.4213,104.4215,104.4822,60.9607,1
104.4950,104.4953,104.5659,70.8515,1
104.5927,104.5930,104.6581,65.4401,1
104.6708,104.6711,104.7419,71.0893,1
104.7455,104.7458,104.8215,76.0177,1
104.9114,104.9118,104.9713,59.8582,1
105.1505,105.1509,105.2095,59.0297,1
105.2434,105.2437,105.3058,62.3553,1
105.2455,105.3058,105.3870,141.5468,1
105.2533,105.3870,105.4665,213.2290,1
105.3001,105.4665,105.5456,245.4840,1
105.5782,105.5786,105.6399,61.7505,1
105.6853,105.6856,105.7468,61.4906,1
105.7741,105.7744,105.8392,65.0818,1
105.8678,105.8680,105.9320,64.2714,1
106.0135,106.0139,106.0721,58.5625,1
106.0637,106.0721,106.1573,93.6202,1
106.0658,106.1573,106.2369,171.1821,1
106.2294,106.2370,106.3166,87.2782,1
106.2737,106.3166,106.3956,121.8711,1
106.3238,106.3956,106.4748,150.9749,1
106.3823,106.4748,106.5545,172.1992,1
106.9577,106.9585,107.0199,62.1737,1
107.0309,107.0312,107.1037,72.7391,1
107.3433,107.3438,107.4044,61.0910,1
107.5416,107.5420,107.6009,59.3135,1
107.5730,107.6009,107.6867,113.6173,1
107.7652,107.7656,107.8259,60.7679,1
108.1495,108.1500,108.2082,58.6670,1
108.3349,108.3351,108.3959,61.0343,1
108.3422,108.3959,108.4804,138.2124,1
108.5079,108.5084,108.5737,65.8147,1
108.6265,108.6268,108.6870,60.4715,1
108.6605,108.6870,108.7718,111.2378,1
108.6885,108.7718,108.8501,161.6067,1
108.7544,108.8501,108.9298,175.3878,1
108.8788,108.9298,109.0091,130.2186,1
108.8906,109.0091,109.0887,198.1483,1
109.1870,109.1875,109.2439,56.8694,1
109.2207,109.2439,109.3311,110.4525,1
109.4065,109.4069,109.4657,59.1888,1
109.4886,109.4889,109.5576,69.0314,1
109.6093,109.6096,109.6679,58.5719,1
109.7826,109.7828,109.8422,59.6041,1
109.7989,109.8422,109.9282,129.3296,1
109.9498,109.9501,110.0183,68.4412,1
110.0211,110.0214,110.1000,78.8696,1
110.0428,110.1000,110.1789,136.1430,1
110.1991,110.1994,110.2655,66.3812,1
110.2217,110.2655,110.3472,125.5438,1
110.5724,110.5729,110.6324,60.0406,1
110.5795,110.6325,110.7175,138.0384,1
110.6940,110.7175,110.7965,102.4606,1
110.9213,110.9217,110.9811,59.8532,1
111.2768,111.2772,111.3381,61.2821,1
111.2899,111.3381,111.4227,132.8184,1
111.4727,111.4731,111.5350,62.3495,1
111.5395,111.5398,111.6179,78.3086,1
111.5396,111.6179,111.6975,157.9152,1
111.5562,111.6975,111.7768,220.5890,1
111.8606,111.8612,111.9202,59.6085,1
112.0895,112.0900,112.1509,61.4019,1
112.2229,112.2233,112.2836,60.7126,1
112.4748,112.4753,112.5366,61.7924,1
112.6687,112.6691,112.7298,61.1175,1
112.8381,112.8385,112.8990,60.9160,1
113.0986,113.0990,113.1584,59.8548,1
113.1373,113.1585,113.2436,106.3428,1
113.1564,113.2436,113.3226,166.1932,1
113.2025,113.3226,113.4023,199.7592,1
113.2448,113.4023,113.4820,237.2195,1
113.4546,113.4820,113.5617,107.0576,1
113.4947,113.5617,113.6414,146.6322,1
113.5704,113.6414,113.7211,150.6127,1
113.7875,113.7878,113.8449,57.3889,1
114.6160,114.6170,114.6759,59.9710,1
114.6310,114.6760,114.7610,130.0017,1
114.7485,114.7610,114.8398,91.2854,1
114.7684,114.8398,114.9186,150.2118,1
114.9527,114.9530,115.0148,62.1817,1
115.0742,115.0745,115.1368,62.5463,1
115.2833,115.2837,115.3434,60.1453,1
115.3076,115.3435,115.4292,121.5955,1
115.5875,115.5879,115.6485,61.0139,1
115.9995,116.0001,116.0580,58.5399,1
116.0699,116.0701,116.1429,72.9729,1
116.4207,116.4213,116.4788,58.0554,1
116.4842,116.4845,116.5627,78.5012,1
116.4990,116.5627,116.6414,142.4373,1
116.9141,116.9147,116.9764,62.3040,1
117.0581,117.0584,117.1188,60.6546,1
117.1683,117.1686,117.2279,59.6018,1
117.3829,117.3833,117.4395,56.6125,1
117.6821,117.6826,117.7391,56.9532,1
117.7418,117.7420,117.8250,83.1652,1
117.9319,117.9323,117.9921,60.1678,1
117.9344,117.9921,118.0769,142.5500,1
118.0603,118.0769,118.1558,95.5186,1
118.1500,118.1559,118.2344,84.3469,1
118.1634,118.2344,118.3140,150.6603,1
118.3958,118.3962,118.4531,57.3827,1
118.4540,118.4543,118.5384,84.4146,1
118.7017,118.7022,118.7626,60.9326,1
118.7782,118.7784,118.8491,70.9974,1
118.8466,118.8492,118.9296,82.9921,1
119.3158,119.3165,119.3750,59.1206,1
119.3335,119.3750,119.4594,125.9641,1
119.4351,119.4594,119.5384,103.3078,1
120.1506,120.1516,120.2094,58.8119,1
120.3164,120.3168,120.3757,59.2352,1
120.5399,120.5404,120.6003,60.3804,1
120.6674,120.6677,120.7279,60.5766,1
121.1019,121.1026,121.1615,59.5672,1
121.1088,121.1615,121.2469,138.1097,1
121.3270,121.3274,121.3875,60.5160,1
121.4261,121.4263,121.4894,63.3479,1
121.6337,121.6341,121.6961,62.4259,1
121.7249,121.7252,121.7907,65.7301,1
121.8001,121.8003,121.8745,74.4191,1
121.8518,121.8745,121.9545,102.7248,1
121.8734,121.9546,122.0342,160.8458,1
122.3348,122.3355,122.3947,59.9330,1
122.5528,122.5533,122.6151,62.2346,1
122.7282,122.7285,122.7912,63.0030,1
122.8871,122.8875,122.9469,59.8091,1
123.0174,123.0178,123.0761,58.7007,1
123.1715,123.1719,123.2311,59.5881,1
123.5338,123.5345,123.5961,62.2297,1
123.5795,123.5961,123.6800,100.5778,1
123.6758,123.6801,123.7583,82.4735,1
123.8075,123.8078,123.8673,59.8168,1
123.8824,123.8827,123.9543,71.8217,1
123.9641,123.9644,124.0361,71.9482,1
124.1653,124.1657,124.2241,58.8451,1
124.1687,124.2242,124.3100,141.2363,1
124.3107,124.3110,124.3895,78.8524,1
124.4448,124.4451,124.5034,58.5995,1
124.5357,124.5360,124.5979,62.1809,1
124.5671,124.5979,124.6812,114.0550,1
124.5759,124.6812,124.7598,183.9300,1
124.7766,124.7770,124.8449,68.3102,1
124.9626,124.9630,125.0230,60.4451,1
125.0297,125.0299,125.1078,78.0967,1
125.0473,125.1078,125.1879,140.5649,1
125.1124,125.1879,125.2676,155.1857,1
125.1620,125.2676,125.3472,185.2356,1
125.3313,125.3473,125.4269,95.5889,1
125.4490,125.4493,125.5146,65.5307,1
125.4840,125.5146,125.5963,112.3319,1
125.6091,125.6094,125.6787,69.6286,1
125.7546,125.7550,125.8134,58.7433,1
125.8555,125.8558,125.9191,63.5518,1
125.9387,125.9389,126.0069,68.2851,1
126.4508,126.4515,126.5129,62.1838,1
126.5530,126.5533,126.6139,60.8745,1
126.7749,126.7753,126.8359,61.0413,1
126.7996,126.8359,126.9207,121.1135,1
126.8902,126.9207,126.9994,109.1781,1
126.9166,126.9994,127.0790,162.4529,1
127.0269,127.0790,127.1587,131.8493,1
127.1204,127.1587,127.2384,117.9294,1
127.1831,127.2384,127.3180,134.9690,1
127.2351,127.3180,127.3977,162.6376,1
127.2674,127.3977,127.4774,209.9266,1
127.2724,127.4774,127.5571,284.7091,1
127.4704,127.5571,127.6642,193.8182,1
127.4993,127.6642,127.7497,250.4268,1
127.8387,127.8391,127.8976,58.9322,1
127.9706,127.9709,128.0311,60.4614,1
128.0808,128.0811,128.1430,62.1753,1
128.2971,128.2975,128.3586,61.5819,1
128.4326,128.4329,128.4916,59.0157,1
128.4712,128.4916,128.5760,104.8060,1
128.5422,128.5760,128.6550,112.8445,1
128.9241,128.9246,128.9833,59.1930,1
128.9321,128.9833,129.0690,136.9051,1
129.0737,129.0741,129.1496,75.8696,1
129.1644,129.1647,129.2337,69.2643,1
129.1940,129.2337,129.3158,121.7453,1
129.2356,129.3158,129.3947,159.0833,1
129.3043,129.3947,129.4744,170.0668,1
129.3379,129.4744,129.5541,216.1661,1
129.5952,129.5956,129.6572,62.0025,1
129.7200,129.7203,129.7786,58.5899,1
129.8967,129.8970,129.9581,61.4302,1
129.9371,129.9582,130.0440,106.9850,1
130.7988,130.7999,130.8565,57.6529,1
130.9711,130.9715,131.0329,61.7265,1
131.0235,131.0329,131.1166,93.1120,1
131.2323,131.2327,131.2934,61.0968,1
131.4265,131.4269,131.4875,60.9442,1
131.6171,131.6175,131.6748,57.6960,1
131.6746,131.6748,131.7622,87.5933,1
131.8969,131.8973,131.9584,61.4991,1
131.9143,131.9585,132.0439,129.6487,1
131.9629,132.0439,132.1235,160.5364,1
132.0444,132.1235,132.2031,158.7477,1
132.1315,132.2031,132.2828,151.2552,1
132.2459,132.2828,132.3624,116.5430,1
132.3012,132.3625,132.4421,140.9274,1
132.5062,132.5066,132.5664,60.1801,1
132.7441,132.7446,132.8052,61.0824,1
132.9115,132.9119,132.9719,60.4269,1
133.0014,133.0017,133.0641,62.7133,1
133.0381,133.0641,133.1475,109.3951,1
133.3720,133.3725,133.4343,62.3297,1
133.4056,133.4343,133.5183,112.7291,1
133.5008,133.5183,133.5982,97.3523,1
133.9977,133.9985,134.0573,59.5692,1
134.0309,134.0573,134.1439,113.0260,1
134.0900,134.1439,134.2226,132.5478,1
134.1319,134.2226,134.3024,170.4865,1
134.1399,134.3024,134.3821,242.1975,1
134.3936,134.3941,134.4661,72.4583,1
134.4145,134.4661,134.5462,131.6687,1
134.5005,134.5462,134.6259,125.3548,1
134.5053,134.6259,134.7055,200.2627,1
134.5830,134.7055,134.7852,202.2004,1
134.7166,134.7852,134.8930,176.4004,1
134.7644,134.8930,134.9784,214.0543,1
134.8933,134.9784,135.0625,169.2251,1
135.1316,135.1320,135.1942,62.5365,1
135.1510,135.1942,135.2783,127.3128,1
135.1552,135.2783,135.3577,202.5569,1
135.2082,135.3577,135.4374,229.1931,1
135.5155,135.5160,135.5736,58.0896,1
135.7691,135.7695,135.8319,62.8416,1
135.9455,135.9459,136.0092,63.7322,1
135.9968,136.0093,136.0939,97.0701,1
136.0143,136.0939,136.1733,159.0532,1
136.4751,136.4756,136.5350,59.9324,1
136.6607,136.6609,136.7202,59.5014,1
136.9775,136.9779,137.0369,59.3796,1
137.0137,137.0369,137.1227,109.0268,1
137.0536,137.1227,137.2023,148.6343,1
137.1100,137.2023,137.2819,171.9074,1
137.1996,137.2820,137.3616,161.9966,1
137.2162,137.3616,137.4413,225.0385,1
137.3223,137.4413,137.5212,198.9508,1
137.5279,137.5281,137.6038,75.9134,1
137.6546,137.6548,137.7158,61.1456,1
137.8559,137.8561,137.9155,59.6048,1
138.2699,138.2704,138.3313,61.4540,1
138.2725,138.3314,138.4144,141.8781,1
138.4112,138.4144,138.4927,81.5586,1
138.4168,138.4927,138.5709,154.0621,1
138.4630,138.5709,138.6491,186.0444,1
138.5686,138.6491,138.7273,158.6794,1
138.6733,138.7273,138.8062,132.8915,1
139.1765,139.1771,139.2360,59.5494,1
139.2139,139.2361,139.3203,106.4075,1
139.2217,139.3204,139.3988,177.0415,1
139.4501,139.4504,139.5116,61.5439,1
139.4740,139.5117,139.5944,120.4256,1
139.6444,139.6447,139.7050,60.5900,1
139.6699,139.7050,139.7869,117.0571,1
139.9369,139.9374,139.9950,58.0829,1
140.4286,140.4293,140.4897,61.1516,1
140.7755,140.7759,140.8359,60.4441,1
140.9907,140.9910,141.0470,56.2924,1
141.0690,141.0692,141.1363,67.2355,1
141.1136,141.1363,141.2160,102.4524,1
141.2076,141.2161,141.2942,86.6440,1
141.2602,141.2942,141.3724,112.2438,1
141.2939,141.3724,141.4506,156.7350,1
141.3530,141.4506,141.5288,175.8059,1
141.3534,141.5288,141.6074,253.9323,1
141.3707,141.6074,141.6860,315.2151,1
141.3935,141.6860,141.7649,371.3457,1
141.4925,141.7649,141.8603,367.7906,1
141.5534,141.8603,141.9533,399.9270,1
141.6022,141.9533,142.0376,435.3295,1
141.7644,142.0376,142.1188,354.3579,1
141.8561,142.1188,142.1986,342.5406,1
141.9399,142.1986,142.2783,338.3620,1
141.9946,142.2783,142.3568,362.2163,1
142.0871,142.3568,142.4352,348.0861,1
142.2425,142.4352,142.5135,271.0529,1
142.4568,142.5135,142.5923,135.4669,1
142.5634,142.5923,142.6712,107.7976,1
142.5719,142.6712,142.7558,183.9423,1
142.6394,142.7558,142.8476,208.1583,1
142.8211,142.8476,142.9359,114.8260,1
142.9162,142.9359,143.0203,104.1072,1
144.1127,144.1139,144.1735,60.8240,1
144.3168,144.3171,144.3772,60.3926,1
144.5500,144.5503,144.6096,59.6028,1
144.5529,144.6096,144.6939,140.9714,1
144.7546,144.7549,144.8149,60.2544,1
145.1261,145.1266,145.1845,58.3588,1
145.3048,145.3051,145.3652,60.3159,1
145.5756,145.5760,145.6352,59.5710,1
145.7378,145.7380,145.7970,59.2765,1
145.9508,145.9511,146.0092,58.4182,1
146.1415,146.1417,146.2014,59.9064,1
146.6360,146.6366,146.6941,58.1467,1
146.6804,146.6942,146.7774,96.9935,1
146.8971,146.8974,146.9549,57.8294,1
146.9707,146.9708,147.0415,70.8046,1
147.0896,147.0898,147.1502,60.5639,1
147.1227,147.1502,147.2337,111.0710,1
147.2037,147.2338,147.3117,107.9960,1
147.2529,147.3117,147.3899,136.9976,1
147.3424,147.3899,147.4680,125.5880,1
147.4893,147.4895,147.5542,64.9509,1
147.5391,147.5543,147.6348,95.7467,1
147.5545,147.6348,147.7128,158.3440,1
147.7673,147.7677,147.8260,58.6879,1
147.8579,147.8581,147.9229,65.0788,1
148.0587,148.0591,148.1199,61.2105,1
148.1077,148.1200,148.2034,95.6643,1
148.1417,148.2034,148.2819,140.1493,1
148.2308,148.2819,148.3600,129.2398,1
148.2863,148.3600,148.4386,152.2664,1
148.3843,148.4386,148.5177,133.3882,1
148.6863,148.6868,148.7475,61.1831,1
148.6990,148.7475,148.8306,131.5793,1
148.7464,148.8306,148.9090,162.5351,1
148.8211,148.9090,148.9876,166.4364,1
148.9453,148.9876,149.0660,120.7267,1
148.9788,149.0660,149.1442,165.4399,1
149.0516,149.1442,149.2231,171.4773,1
149.0751,149.2231,149.3013,226.1376,1
149.1157,149.3013,149.3797,264.0205,1
149.1544,149.3797,149.4583,303.8985,1
149.2681,149.4584,149.5606,292.5011,1
149.3436,149.5606,149.6500,306.3959,1
149.6291,149.6500,149.7337,104.5856,1
149.8572,149.8577,149.9182,60.9315,1
149.9941,149.9944,150.0527,58.6223,1
150.0505,150.0527,150.1385,88.0057,1
150.1116,150.1385,150.2167,105.0703,1
150.1376,150.2167,150.2956,157.9468,1
150.2944,150.2956,150.3743,79.9001,1
150.3821,150.3824,150.4548,72.6221,1
150.4218,150.4548,150.5338,112.0164,1
150.5661,150.5664,150.6274,61.2898,1
150.6258,150.6274,150.7093,83.5589,1
150.7745,150.7748,150.8312,56.7070,1
150.9439,150.9442,151.0051,61.2459,1
150.9443,151.0052,151.0892,144.8834,1
151.1439,151.1444,151.2049,60.9449,1
151.4785,151.4790,151.5392,60.6134,1
151.5596,151.5597,151.6274,67.8028,1
151.5759,151.6274,151.7076,131.7496,1
151.7198,151.7200,151.7899,70.0540,1
151.7999,151.8001,151.8704,70.5793,1
151.9574,151.9577,152.0190,61.6187,1
152.0735,152.0739,152.1322,58.6890,1
152.1959,152.1962,152.2541,58.1880,1
152.2518,152.2542,152.3385,86.6920,1
152.3508,152.3510,152.4239,73.0883,1
152.6458,152.6463,152.7079,62.1102,1
152.6740,152.7080,152.7919,117.9143,1
152.6751,152.7919,152.8701,194.9806,1
152.6789,152.8701,152.9490,270.0971,1
152.7026,152.9491,153.0281,325.4186,1
153.3222,153.3229,153.3846,62.3619,1
153.3289,153.3846,153.4694,140.5609,1
153.6194,153.6197,153.6794,59.9760,1
153.8573,153.8576,153.9189,61.5484,1
154.2162,154.2167,154.2763,60.0902,1
154.2176,154.2763,154.3595,141.8439,1
154.2379,154.3595,154.4384,200.5844,1
154.3417,154.4385,154.5167,174.9886,1
154.3882,154.5167,154.5956,207.4292,1
154.4286,154.5957,154.6745,245.9319,1
154.5723,154.6746,154.7535,181.1108,1
154.8278,154.8281,154.8883,60.5391,1
154.8389,154.8883,154.9736,134.7200,1
154.8946,154.9736,155.0518,157.2022,1
155.0025,155.0518,155.1358,133.3228,1
155.1288,155.1358,155.2140,85.1378,1
155.1600,155.2140,155.2927,132.6586,1
155.1890,155.2927,155.3716,182.5779,1
155.2379,155.3716,155.4501,212.2462,1
155.5566,155.5571,155.6166,59.9936,1
155.6417,155.6419,155.7096,67.9045,1
155.8332,155.8335,155.8944,61.2601,1
156.1033,156.1037,156.1631,59.8776,1
156.2308,156.2311,156.2917,60.9716,1
156.3530,156.3533,156.4137,60.6911,1
156.5504,156.5508,156.6111,60.6200,1
156.5646,156.6111,156.6973,132.7094,1
157.3696,157.3706,157.4266,56.9632,1
157.6668,157.6673,157.7250,58.2196,1
158.0485,158.0489,158.1062,57.6760,1
158.2303,158.2306,158.2908,60.5495,1
158.2804,158.2908,158.3752,94.8780,1
158.3447,158.3752,158.4511,106.3735,1
158.4241,158.4511,158.5301,105.9409,1
158.4458,158.5301,158.6091,163.3476,1
158.6297,158.6300,158.6970,67.3723,1
158.6570,158.6971,158.7775,120.5007,1
158.6980,158.7775,158.8557,157.7024,1
158.7569,158.8557,158.9350,178.1053,1
158.7777,158.9350,159.0132,235.4554,1
158.8003,159.0132,159.1159,315.5774,1
158.8883,159.1159,159.2009,312.6162,1
159.0058,159.2009,159.2841,278.3570,1
159.0379,159.2841,159.3653,327.4229,1
159.0393,159.3653,159.4453,406.0077,1
159.0641,159.4453,159.5311,466.9894,1
159.1857,159.5311,159.6106,424.9316,1
159.5494,159.6106,159.6893,139.9532,1
159.5525,159.6893,159.7678,215.2944,1
159.5593,159.7678,159.8470,287.6327,1
159.6740,159.8470,159.9260,251.9776,1
159.6866,159.9260,160.0141,327.5334,1
159.6989,160.0141,160.1034,404.5052,1
159.7217,160.1034,160.1895,467.8020,1
159.7696,160.1895,160.2731,503.5823,1
159.9566,160.2732,160.3554,398.8324,1
160.0738,160.3555,160.4383,364.5094,1
160.1818,160.4383,160.5207,338.8977,1
160.2506,160.5207,160.6008,350.1593,1
160.2665,160.6008,160.6805,413.9951,1
160.2834,160.6805,160.7602,476.8276,1
160.3250,160.7602,160.8399,514.9290,1
160.3492,160.8399,160.9240,574.8285,1
160.4071,160.9240,161.0103,603.2260,1
160.5017,161.0103,161.0966,594.9284,1
160.5117,161.0966,161.1816,669.8702,1
160.5442,161.1816,161.2652,721.0491,1
160.7318,161.2652,161.3490,617.2026,1
160.7848,161.3490,161.4321,647.3091,1
160.8298,161.4321,161.5139,684.0726,1
160.9202,161.5139,161.5948,674.5928,1
160.9958,161.5948,161.6749,679.0632,1
161.0005,161.6749,161.7552,754.6486,1
161.2313,161.7552,161.8370,605.6791,1
161.4329,161.8370,161.9215,488.6107,1
161.5682,161.9216,162.0066,438.4387,1
161.6104,162.0066,162.0922,481.7783,1
161.6373,162.0922,162.1767,539.4891,1
161.6776,162.1767,162.2604,582.8073,1
161.6978,162.2605,162.3445,646.7017,1
161.7760,162.3445,162.4273,651.2716,1
161.9312,162.4273,162.5095,578.3319,1
161.9727,162.5096,162.5908,618.0233,1
162.0693,162.5908,162.6712,601.8766,1
162.0792,162.6712,162.7524,673.2187,1
162.1563,162.7524,162.8359,679.5859,1
162.2282,162.8359,162.9191,690.8911,1
162.3372,162.9191,163.0036,666.4739,1
162.4055,163.0036,163.0887,683.2241,1
162.6463,163.0887,163.1735,527.1936,1
162.6539,163.1735,163.2580,604.0657,1
162.7025,163.2580,163.3409,638.3480,1
162.7113,163.3409,163.4237,712.4032,1
162.8337,163.4237,163.5060,672.2913,1
162.9337,163.5060,163.5880,654.2539,1
163.0235,163.5880,163.6698,646.2592,1
163.0440,163.6698,163.7527,708.6363,1
163.2606,163.7527,163.8355,574.9049,1
163.3841,163.8355,163.9191,534.9757,1
163.7044,163.9191,164.0036,299.2728,1
163.7446,164.0036,164.0882,343.5338,1
163.8155,164.0882,164.1727,357.1571,1
164.0161,164.1727,164.2560,239.8698,1
164.0404,164.2560,164.3393,298.8713,1
164.1106,164.3393,164.4225,311.9075,1
164.2277,164.4225,164.5045,276.8267,1
164.2905,164.5045,164.5874,296.8841,1
164.5339,164.5874,164.6698,135.8564,1
164.5522,164.6698,164.7526,200.4307,1
164.5706,164.7526,164.8362,265.5824,1
164.6705,164.8362,164.9207,250.2743,1
164.8050,164.9207,165.0053,200.2625,1
164.9264,165.0053,165.0896,163.1960,1
165.0158,165.0896,165.1731,157.2547,1
165.1487,165.1731,165.2564,107.6890,1
165.2174,165.2564,165.3401,122.6985,1
165.2997,165.3401,165.4229,123.1448,1
165.4175,165.4229,165.5057,88.2160,1
165.4756,165.5057,165.5886,112.9970,1
165.4812,165.5886,165.6714,190.1679,1
165.5228,165.6715,165.7543,231.5448,1
165.6057,165.7543,165.8387,232.9943,1
165.6063,165.8387,165.9233,316.9731,1
165.7672,165.9233,166.0078,240.6124,1
165.8431,166.0078,166.0909,247.8208,1
165.8580,166.0909,166.1749,316.8957,1
165.8851,166.1749,166.2586,373.5432,1
165.9179,166.2586,166.3415,423.6443,1
166.0317,166.3415,166.4251,393.4851,1
166.1814,166.4252,166.5080,326.6272,1
166.3027,166.5080,166.5909,288.1888,1
166.4139,166.5909,166.6737,259.7630,1
166.4560,166.6737,166.7581,302.1132,1
166.5100,166.7582,166.8419,331.8687,1
166.5516,166.8419,166.9264,374.8192,1
166.6266,166.9264,167.0097,383.0753,1
166.9014,167.0097,167.0943,192.8194,1
167.0934,167.0943,167.1780,84.5972,1
167.2119,167.2122,167.2769,64.9253,1
167.5069,167.5074,167.5681,61.2686,1
167.5424,167.5682,167.6547,112.2333,1
167.6089,167.6547,167.7335,124.6210,1
167.7403,167.7406,167.8172,76.8321,1
167.8461,167.8464,167.9097,63.5622,1
167.8704,167.9097,167.9938,123.3559,1
167.9015,167.9938,168.0735,172.0026,1
167.9508,168.0735,168.1532,202.3659,1
168.2876,168.2881,168.3500,62.4450,1
168.3163,168.3500,168.4357,119.4125,1
168.4548,168.4551,168.5239,69.1574,1
168.4936,168.5240,168.6059,112.3359,1
168.5714,168.6059,168.6856,114.1442,1
168.8793,168.8798,168.9369,57.6410,1
169.0636,169.0639,169.1260,62.4050,1
169.1025,169.1260,169.2111,108.5523,1
169.1090,169.2111,169.2903,181.2527,1
169.1384,169.2903,169.3699,231.5878,1
169.2098,169.3700,169.4496,239.8211,1
169.2597,169.4497,169.5293,269.6553,1
169.2622,169.5293,169.6090,346.7548,1
169.5598,169.6090,169.6887,128.8211,1
169.6036,169.6887,169.7683,164.6701,1
169.7879,169.7883,169.8546,66.6876,1
169.9756,169.9760,170.0360,60.4126,1
170.0006,170.0361,170.1218,121.2040,1
170.0392,170.1218,170.2007,161.5022,1
170.0795,170.2007,170.2804,200.9137,1
170.1685,170.2804,170.3605,191.9843,1
170.3134,170.3605,170.4410,127.5404,1
170.4087,170.4410,170.5211,112.4262,1
170.4465,170.5211,170.6015,154.9595,1
170.4836,170.6015,170.6815,197.9058,1
170.7113,170.7117,170.7748,63.5123,1
170.9641,170.9645,171.0264,62.3117,1
170.9778,171.0265,171.1129,135.0907,1
171.0586,171.1129,171.1926,133.9974,1
171.0855,171.1926,171.2723,186.7754,1
171.1519,171.2723,171.3520,200.0357,1
171.1869,171.3520,171.4320,245.1290,1
171.1963,171.4320,171.5121,315.7867,1
171.5937,171.5943,171.6549,61.1475,1
171.6090,171.6549,171.7399,130.9002,1
171.7773,171.7777,171.8393,61.9321,1
171.8176,171.8393,171.9222,104.5942,1
171.8304,171.9222,172.0019,171.4667,1
171.8328,172.0019,172.0816,248.8603,1
172.0300,172.0816,172.1616,131.6172,1
172.1041,172.1616,172.2417,137.6049,1
172.1348,172.2418,172.3218,186.9851,1
172.1471,172.3218,172.4030,255.9485,1
172.1623,172.4030,172.5022,339.9307,1
172.2512,172.5022,172.5830,331.8050,1
172.2546,172.5831,172.6798,425.2607,1
172.2621,172.6798,172.7630,500.9484,1
172.2870,172.7630,172.8473,560.3053,1
172.3036,172.8473,172.9287,625.1215,1
172.4981,172.9287,173.0100,511.8461,1
172.5581,173.0100,173.0901,532.0828,1
172.5749,173.0901,173.1708,595.9059,1
172.7164,173.1708,173.2520,535.6156,1
172.7267,173.2521,173.3336,606.9131,1
172.9265,173.3336,173.4230,496.5438,1
173.2172,173.4230,173.5081,290.8366,1
173.4986,173.5081,173.5993,100.7163,1
173.5962,173.5994,173.6872,91.0608,1
173.7414,173.7417,173.8041,62.7246,1
173.7567,173.8042,173.8891,132.4250,1
173.7836,173.8891,173.9698,186.1247,1
173.8123,173.9698,174.0506,238.2933,1
173.8511,174.0506,174.1314,280.3521,1
173.8554,174.1314,174.2126,357.2834,1
173.8633,174.2127,174.2932,429.8519,1
174.0074,174.2932,174.3736,366.1326,1
174.0569,174.3736,174.4547,397.7392,1
174.1824,174.4547,174.5409,358.4502,1
174.1839,174.5409,174.6473,463.3296,1
174.2109,174.6473,174.7316,520.7574,1
174.3388,174.7316,174.8159,477.0694,1
174.3600,174.8159,174.8987,538.7339,1
174.4230,174.8987,174.9802,557.2485,1
174.4368,174.9803,175.0615,624.6951,1
174.5282,175.0615,175.1431,614.8611,1
174.6215,175.1431,175.2239,602.3649,1
174.6248,175.2239,175.3049,680.1251,1
174.6652,175.3049,175.3867,721.5432,1
174.7197,175.3867,175.4713,751.6349,1
174.8022,175.4713,175.5663,764.0894,1
175.2312,175.5663,175.6556,424.4207,1
175.4754,175.6557,175.7432,267.7336,1
175.6489,175.7432,175.8279,179.0084,1
175.6826,175.8280,175.9113,228.7689,1
175.6835,175.9113,175.9934,309.9737,1
175.7143,175.9934,176.0750,360.7323,1
175.7342,176.0750,176.1570,422.8749,1
175.9490,176.1570,176.2382,289.2877,1
175.9735,176.2383,176.3203,346.8518,1
176.1435,176.3203,176.4053,261.7534,1
176.7413,176.7419,176.8040,62.7554,1
176.7908,176.8040,176.8901,99.3109,1
177.0287,177.0291,177.0912,62.4997,1
177.1377,177.1380,177.2012,63.4696,1
177.1386,177.2012,177.2847,146.1496,1
177.1881,177.2848,177.3657,177.6722,1
177.3424,177.3658,177.4466,104.2320,1
177.3830,177.4466,177.5278,144.8358,1
177.6308,177.6312,177.6954,64.5846,1
177.7228,177.7231,177.7898,66.9752,1
177.7319,177.7898,177.8737,141.7402,1
177.7935,177.8737,177.9537,160.2742,1
177.9843,177.9847,178.0488,64.5250,1
178.0463,178.0488,178.1332,86.9142,1
178.0834,178.1332,178.2132,129.7764,1
178.0983,178.2132,178.2944,196.1295,1
178.1916,178.2944,178.3756,184.0263,1
178.2082,178.3756,178.4569,248.6491,1
178.2765,178.4569,178.5544,277.8818,1
178.2936,178.5544,178.6452,351.6286,1
178.3126,178.6452,178.7275,414.9146,1
178.4360,178.7275,178.8105,374.4932,1
178.4884,178.8105,178.9030,414.5866,1
178.5331,178.9030,178.9836,450.5047,1
178.5334,178.9837,179.0659,532.4523,1
178.5381,179.0659,179.1471,609.0535,1
178.6164,179.1471,179.2283,611.9619,1
178.7167,179.2284,179.3096,592.8572,1
178.8107,179.3096,179.3934,582.6655,1
179.0160,179.3934,179.4825,466.5326,1
179.0228,179.4825,179.5722,549.3153,1
179.0452,179.5722,179.6588,613.6365,1
179.1902,179.6588,179.7439,553.6352,1
179.2640,179.7439,179.8318,567.8284,1
179.4700,179.8319,179.9168,446.8379,1
179.4884,179.9168,180.0000,511.6534,1
179.5809,180.0000,180.0819,501.0401,1
179.6215,180.0819,180.1631,541.6160,1
179.7668,180.1631,180.2449,478.0724,1
179.8079,180.2449,180.3287,520.8309,1
179.8268,180.3287,180.4150,588.2281,1
179.8551,180.4150,180.5033,648.1887,1
179.8824,180.5033,180.5908,708.4406,1
179.9313,180.5909,180.6776,746.3165,1
179.9724,180.6776,180.7650,792.6488,1
180.1760,180.7650,180.8501,674.0188,1
180.3017,180.8501,180.9347,632.9232,1
180.3929,180.9347,181.0182,625.3113,1
180.4030,181.0182,181.0999,696.9201,1
180.4033,181.1000,181.1828,779.4831,1
180.6272,181.1828,181.2658,638.6660,1
180.7489,181.2659,181.3507,601.7999,1
180.7974,181.3507,181.4374,640.0195,1
180.8093,181.4374,181.5255,716.2659,1
180.8836,181.5255,181.6132,729.6242,1
180.9349,181.6133,181.6995,764.5836,1
181.0898,181.6995,181.7858,695.9705,1
181.2351,181.7858,181.8717,636.5585,1
181.2488,181.8717,181.9558,706.9395,1
181.2600,181.9558,182.0386,778.6090,1
181.2931,182.0386,182.1215,828.3101,1
181.4609,182.1215,182.2049,743.9645,1
181.4907,182.2049,182.2894,798.6994,1
181.5240,182.2894,182.3748,850.7727,1
181.6222,182.3748,182.4610,838.8668,1
181.7322,182.4610,182.5473,815.0951,1
181.7915,182.5473,182.6344,842.9259,1
181.8927,182.6344,182.7211,828.4265,1
182.0037,182.7211,182.8067,802.9340,1
182.0202,182.8067,182.8912,870.9558,1
182.0218,182.8912,182.9757,953.8710,1
182.1327,182.9757,183.0585,925.8373,1
182.2680,183.0585,183.1423,874.3200,1
182.3371,183.1423,183.2268,889.7125,1
182.5098,183.2268,183.3113,801.5512,1
182.6603,183.3114,183.3976,737.2718,1
182.8174,183.3976,183.4838,666.4550,1
182.9091,183.4839,183.5701,661.0709,1
182.9210,183.5702,183.6573,736.2790,1
182.9756,183.6573,183.7431,767.4566,1
183.0021,183.7431,183.8286,826.5705,1
183.0503,183.8286,183.9132,862.8703,1
183.1172,183.9132,183.9968,879.5885,1
183.5333,183.9968,184.0810,547.6588,1
183.5515,184.0810,184.1655,614.0106,1
183.5871,184.1655,184.2500,662.8882,1
183.7421,184.2500,184.3354,593.2587,1
183.7759,184.3354,184.4217,645.7973,1
183.9921,184.4217,184.5079,515.7977,1
184.0062,184.5079,184.5950,588.8613,1
184.0994,184.5950,184.6813,581.9251,1
184.1484,184.6813,184.7676,619.2105,1
184.1916,184.7676,184.8526,661.0256,1
184.2810,184.8526,184.9371,656.0581,1
184.4398,184.9371,185.0217,581.8575,1
184.6692,185.0217,185.1062,436.9564,1
184.9202,185.1062,185.1902,270.0047,1
185.3310,185.3317,185.3939,62.8789,1
185.4593,185.4596,185.5230,63.6886,1
185.4683,185.5230,185.6101,141.7749,1
185.5662,185.6101,185.6913,125.1332,1
185.6394,185.6913,185.7725,133.1050,1
185.8281,185.8285,185.8893,61.1833,1
185.9405,185.9408,185.9990,58.4983,1
186.0094,186.0097,186.0853,75.8254,1
186.0658,186.0853,186.1678,101.9779,1
186.1443,186.1678,186.2490,104.6954,1
186.1472,186.2491,186.3310,183.8049,1
186.1817,186.3310,186.4134,231.7132,1
186.2453,186.4134,186.4947,249.3526,1
186.3533,186.4947,186.5762,222.9185,1
186.4819,186.5762,186.6575,175.5738,1
186.5165,186.6575,186.7561,239.6694,1
186.7180,186.7561,186.8577,139.6679,1
186.7232,186.8577,186.9432,219.9916,1
186.7348,186.9432,187.0269,292.1386,1
186.7718,187.0269,187.1103,338.4713,1
187.0019,187.1103,187.1923,190.3346,1
187.1354,187.1923,187.2751,139.6649,1
187.2518,187.2751,187.3567,104.8628,1
187.3284,187.3567,187.4392,110.7962,1
187.3643,187.4392,187.5212,156.8631,1
187.4881,187.5212,187.6043,116.1854,1
187.5591,187.6043,187.6939,134.7777,1
187.6243,187.6939,187.7890,164.6826,1
187.8860,187.8864,187.9495,63.5115,1
187.8969,187.9495,188.0368,139.9440,1
188.0557,188.0560,188.1243,68.6227,1
188.1226,188.1243,188.2072,84.5853,1
188.3310,188.3314,188.3928,61.7548,1
188.4531,188.4534,188.5172,64.0508,1
188.4839,188.5172,188.6023,118.4175,1
188.5170,188.6023,188.6843,167.2292,1
188.5265,188.6843,188.7658,239.2552,1
188.5835,188.7658,188.8471,263.6011,1
188.6002,188.8471,188.9284,328.1492,1
188.6648,188.9284,189.0103,345.4966,1
188.6837,189.0103,189.0927,409.0142,1
188.9917,189.0928,189.1745,182.8124,1
189.0315,189.1745,189.2697,238.1712,1
189.1205,189.2697,189.3743,253.8319,1
189.2219,189.3743,189.4590,237.0623,1
189.4808,189.4812,189.5514,70.6554,1
189.7079,189.7083,189.7722,64.3601,1
189.7835,189.7838,189.8590,75.4895,1
189.7869,189.8590,189.9411,154.1944,1
189.8542,189.9411,190.0223,168.1398,1
189.8694,190.0223,190.1035,234.1610,1
189.8991,190.1035,190.1850,285.9028,1
189.9312,190.1850,190.2667,335.5563,1
189.9337,190.2667,190.3491,415.3717,1
190.0465,190.3491,190.4311,384.5753,1
190.0956,190.4311,190.5141,418.5557,1
190.1008,190.5141,190.6246,523.7806,1
190.1783,190.6246,190.7168,538.4044,1
190.3046,190.7168,190.8030,498.3744,1
190.4682,190.8030,190.8874,419.1487,1
190.7327,190.8874,190.9698,237.1028,1
190.7381,190.9699,191.0514,313.3369,1
190.7569,191.0515,191.1339,376.9633,1
190.8399,191.1339,191.2154,375.5239,1
191.0271,191.2154,191.2978,270.7301,1
191.2398,191.2978,191.3800,140.2080,1
191.2727,191.3800,191.4679,195.2107,1
191.4395,191.4679,191.5639,124.3607,1
191.5244,191.5639,191.6564,131.9256,1
191.6065,191.6564,191.7452,138.7395,1
191.8851,191.8856,191.9466,61.4358,1
191.9419,191.9466,192.0335,91.5632,1
192.0932,192.0936,192.1539,60.6583,1
192.1350,192.1539,192.2413,106.3056,1
192.1755,192.2413,192.3232,147.6384,1
192.1883,192.3232,192.4053,217.0667,1
192.2470,192.4053,192.4868,239.8698,1
192.3029,192.4869,192.5697,266.7417,1
192.4281,192.5697,192.6521,224.0353,1
192.5227,192.6521,192.7349,212.2488,1
192.6276,192.7350,192.8266,198.9997,1
192.6585,192.8266,192.9081,249.5795,1
192.8210,192.9081,193.0155,194.4502,1
192.8837,193.0155,193.1006,216.9000,1
192.9482,193.1006,193.1859,237.6507,1
192.9683,193.1859,193.2704,302.1163,1
193.2954,193.2959,193.3624,67.0027,1
193.3522,193.3624,193.4468,94.5948,1
193.4492,193.4495,193.5303,81.1574,1
193.4697,193.5303,193.6132,143.4992,1
193.6612,193.6616,193.7258,64.5996,1
193.8699,193.8704,193.9319,62.0121,1
193.8943,193.9320,194.0199,125.5452,1
194.0046,194.0199,194.1021,97.4553,1
194.2013,194.2017,194.2642,62.8646,1
194.2401,194.2642,194.3536,113.5010,1
194.2743,194.3536,194.4348,160.5316,1
194.3452,194.4348,194.5173,172.1355,1
194.3694,194.5174,194.5998,230.4084,1
194.4246,194.5998,194.6822,257.5843,1
194.5311,194.6822,194.7651,233.9317,1
194.5982,194.7651,194.8480,249.7438,1
194.6958,194.8480,194.9308,235.0273,1
194.7017,194.9308,195.0140,312.2965,1
194.7927,195.0140,195.1252,332.4588,1
195.1084,195.1252,195.2132,104.8523,1
195.1614,195.2132,195.3000,138.5482,1
195.2292,195.3000,195.3837,154.4693,1
195.2359,195.3837,195.4671,231.1206,1
195.2983,195.4671,195.5499,251.6290,1
195.3278,195.5499,195.6332,305.3427,1
195.3497,195.6332,195.7160,366.2492,1
195.5449,195.7160,195.7988,253.8977,1
195.6308,195.7988,195.8817,250.8407,1
195.6901,195.8817,195.9720,281.8957,1
195.6946,195.9720,196.0674,372.7882,1
195.7580,196.0674,196.1588,400.7846,1
195.8343,196.1588,196.2475,413.2486,1
195.9384,196.2475,196.3334,394.9971,1
196.0504,196.3334,196.4179,367.4715,1
196.0536,196.4179,196.5017,448.1008,1
196.1105,196.5018,196.5846,474.1160,1
196.2385,196.5846,196.6674,428.9257,1
196.2996,196.6674,196.7503,450.7095,1
196.4297,196.7503,196.8342,404.4253,1
196.4633,196.8342,196.9246,461.3008,1
196.4802,196.9246,197.0153,535.0734,1
196.5705,197.0153,197.1065,536.0278,1
196.9020,197.1065,197.1963,294.3081,1
196.9041,197.1964,197.2829,378.7856,1
197.5943,197.5951,197.6595,65.2477,1
197.7520,197.7523,197.8131,61.0454,1
198.3141,198.3148,198.3795,65.3975,1
198.4779,198.4782,198.5376,59.6653,1
198.4836,198.5376,198.6261,142.4525,1
198.4889,198.6261,198.7072,218.3464,1
198.4901,198.7072,198.7888,298.7305,1
198.5429,198.7888,198.8708,327.9577,1
198.6184,198.8709,198.9537,335.2686,1
198.6243,198.9537,199.0365,412.2313,1
198.7296,199.0365,199.1194,389.7678,1
198.9383,199.1194,199.2018,263.4788,1
199.1278,199.2018,199.2846,156.8255,1
199.1689,199.2846,199.3979,228.9527,1
199.2281,199.3979,199.4850,256.8829,1
199.2612,199.4850,199.5718,310.5222,1
199.4408,199.5718,199.6561,215.3446,1
199.4522,199.6561,199.7390,286.7784,1
199.5499,199.7390,199.8218,271.9287,1
199.5695,199.8218,199.9046,335.1600,1
199.7098,199.9046,199.9875,277.6839,1
199.8094,199.9875,200.0703,260.8824,1
199.8263,200.0703,200.1531,326.8496,1
199.8509,200.1531,200.2424,391.4793,1
200.0364,200.2424,200.3393,302.9146,1
200.1302,200.3393,200.4304,300.1525,1
200.1848,200.4304,200.5193,334.4603,1
200.4364,200.5193,200.6058,169.4245,1
200.4530,200.6058,200.6903,237.3231,1
200.4956,200.6903,200.7739,278.2757,1
200.6457,200.7739,200.8576,211.8360,1
200.7330,200.8576,200.9404,207.4386,1
200.8107,200.9404,201.0243,213.6797,1
200.8949,201.0244,201.1081,213.1408,1
200.9283,201.1081,201.1969,268.6916,1
201.0680,201.1970,201.2890,220.9606,1
201.0872,201.2890,201.3794,292.2171,1
201.2387,201.3794,201.4685,229.8495,1
201.3117,201.4686,201.5552,243.5540,1
201.3831,201.5552,201.6412,258.1218,1
201.4562,201.6412,201.7258,269.5621,1
201.4870,201.7258,201.8103,323.3010,1
201.6179,201.8103,201.8934,275.5540,1
201.7255,201.8935,201.9764,250.9723,1
201.8327,201.9765,202.0621,229.3634,1
201.9440,202.0621,202.1497,205.6515,1
201.9756,202.1497,202.2397,264.0968,1
202.0665,202.2397,202.3297,263.1941,1
202.2267,202.3297,202.4197,192.9839,1
202.2639,202.4197,202.5071,243.2461,1
202.5751,202.5755,202.6380,62.8507,1
202.7351,202.7353,202.7947,59.5307,1
202.7402,202.7947,202.8842,144.0390,1
202.8710,202.8842,202.9662,95.1599,1
202.9332,202.9662,203.0490,115.8099,1
202.9626,203.0490,203.1318,169.2764,1
203.1626,203.1630,203.2266,63.9268,1
203.1835,203.2266,203.3131,129.5987,1
203.2032,203.3131,203.3959,192.6585,1
203.3196,203.3959,203.4787,159.0897,1
203.5751,203.5755,203.6362,61.0956,1
203.6362,203.6365,203.7245,88.3679,1
203.7129,203.7246,203.8073,94.3952,1
203.7222,203.8074,203.8902,168.0463,1
203.7520,203.8902,203.9731,221.0469,1
203.8233,203.9731,204.0559,232.5850,1
204.0264,204.0559,204.1387,112.3648,1
204.0545,204.1387,204.2216,167.0919,1
204.1827,204.2216,204.3044,121.7139,1
204.4000,204.4005,204.4636,63.6197,1
204.5733,204.5736,204.6367,63.4814,1
204.6076,204.6368,204.7250,117.4133,1
204.7446,204.7449,204.8150,70.3970,1
204.7737,204.8150,204.8996,125.9587,1
204.9032,204.9035,204.9826,79.4766,1
205.2575,205.2580,205.3215,64.0610,1
205.4068,205.4071,205.4697,62.8819,1
205.4710,205.4712,205.5571,86.1052,1
205.6463,205.6467,205.7109,64.5689,1
205.7811,205.7815,205.8441,63.0037,1
206.0438,206.0443,206.1076,63.7900,1
206.1307,206.1309,206.2019,71.2458,1
206.2309,206.2312,206.2959,64.9983,1
206.3158,206.3161,206.3873,71.4661,1
206.3855,206.3873,206.4717,86.1889,1
206.5138,206.5141,206.5762,62.4207,1
206.8043,206.8047,206.8683,64.0721,1
206.8690,206.8692,206.9553,86.2730,1
206.9118,206.9553,207.0367,124.8920,1
206.9588,207.0367,207.1188,160.0529,1
206.9965,207.1188,207.2017,205.1186,1
207.0304,207.2017,207.2845,254.1125,1
207.0442,207.2845,207.3673,323.1097,1
207.0548,207.3673,207.4502,395.3806,1
207.4334,207.4502,207.5330,99.5557,1
207.7465,207.7470,207.8098,63.2364,1
207.8634,207.8637,207.9297,66.3689,1
208.0689,208.0693,208.1326,63.7530,1
208.0864,208.1326,208.2192,132.8138,1
208.1017,208.2192,208.3011,199.4570,1
208.1212,208.3011,208.3840,262.7717,1
208.1511,208.3840,208.4668,315.6539,1
208.1702,208.4668,208.5496,379.4128,1
208.4736,208.5497,208.6325,158.8430,1
208.9648,208.9655,209.0266,61.7595,1
209.0300,209.0302,209.1137,83.7621,1
209.0921,209.1137,209.1966,104.4510,1
209.1675,209.1966,209.2794,111.8556,1
209.3571,209.3574,209.4177,60.5714,1
209.5841,209.5845,209.6471,63.0772,1
209.5924,209.6472,209.7346,142.2614,1
209.6739,209.7347,209.8165,142.5604,1
209.7371,209.8165,209.8993,162.2000,1
210.3408,210.3415,210.4061,65.3382,1
210.5938,210.5943,210.6570,63.1806,1
210.6957,210.6960,210.7620,66.3230,1
210.8630,210.8634,210.9268,63.8219,1
210.8861,210.9268,211.0127,126.6368,1
210.9780,211.0127,211.0949,116.8975,1
211.1085,211.1088,211.1808,72.2746,1
211.4093,211.4098,211.4699,60.5970,1
211.4160,211.4700,211.5586,142.6068,1
211.6570,211.6575,211.7173,60.2938,1
211.7803,211.7806,211.8423,61.9780,1
211.8759,211.8762,211.9391,63.2663,1
211.8775,211.9392,212.0250,147.4479,1
212.1293,212.1296,212.1882,58.9063,1
212.1624,212.1882,212.2764,113.9282,1
212.2755,212.2764,212.3579,82.3983,1
212.2765,212.3580,212.4401,163.6284,1
212.3073,212.4401,212.5230,215.6559,1
212.3135,212.5230,212.6058,292.3538,1
212.3173,212.6059,212.6886,371.3072,1
212.3361,212.6886,212.7707,434.5918,1
212.4818,212.7707,212.8536,371.7422,1
212.5610,212.8536,212.9372,376.1693,1
212.6636,212.9372,213.0529,389.3123,1
212.6637,213.0529,213.1397,475.9668,1
212.7688,213.1397,213.2256,456.8030,1
212.8928,213.2256,213.3096,416.7954,1
212.9405,213.3096,213.3924,451.9309,1
213.1061,213.3924,213.4753,369.1436,1
213.1596,213.4753,213.5581,398.5193,1
213.5157,213.5581,213.6413,125.6079,1
213.7694,213.7698,213.8315,62.1459,1
213.8601,213.8604,213.9312,71.0227,1
213.8949,213.9312,214.0148,119.9565,1
214.1114,214.1119,214.1712,59.7576,1
214.3518,214.3522,214.4162,64.4516,1
214.3877,214.4163,214.5038,116.1251,1
214.4325,214.5039,214.5859,153.3392,1
214.4609,214.5859,214.6683,207.4225,1
214.4647,214.6683,214.7508,286.0599,1
214.6246,214.7508,214.8336,209.0429,1
214.6382,214.8336,214.9165,278.2537,1
214.7216,214.9165,214.9989,277.3571,1
214.8499,214.9989,215.0818,231.8982,1
214.9596,215.0818,215.1670,207.3291,1
214.9937,215.1670,215.2805,286.8533,1
215.0705,215.2805,215.3663,295.7681,1
215.4082,215.4087,215.4697,61.5163,1
215.5113,215.5116,215.5770,65.7040,1
215.5714,215.5770,215.6633,91.8865,1
215.7504,215.7507,215.8151,64.7565,1
215.7965,215.8152,215.9031,106.6621,1
215.8411,215.9032,215.9860,144.8983,1
215.8480,215.9860,216.0688,220.8392,1
216.0237,216.0688,216.1517,127.9980,1
216.1304,216.1517,216.2345,104.1194,1
216.2211,216.2345,216.3174,96.2558,1
216.4538,216.4542,216.5137,59.8789,1
216.4650,216.5137,216.6022,137.2533,1
216.5672,216.6022,216.6842,116.9818,1
216.6788,216.6842,216.7670,88.1797,1
216.6818,216.7670,216.8499,168.0123,1
216.7803,216.8499,216.9327,152.3388,1
216.9315,216.9327,217.0155,84.0107,1
216.9949,217.0155,217.0984,103.4329,1
217.0336,217.0984,217.1812,147.6389,1
217.1177,217.1812,217.2642,146.5417,1
217.1884,217.2642,217.3781,189.6996,1
217.2397,217.3781,217.4653,225.6955,1
217.2976,217.4654,217.5524,254.8342,1
217.5322,217.5524,217.6372,104.9584,1
217.5425,217.6372,217.7217,179.1725,1
217.8526,217.8531,217.9167,64.1493,1
217.8688,217.9167,218.0046,135.7550,1
218.0151,218.0155,218.0895,74.3019,1
218.2487,218.2491,218.3134,64.6281,1
218.2881,218.3134,218.4007,112.5462,1
218.2884,218.4007,218.4830,194.6675,1
218.3035,218.4831,218.5659,262.4004,1
218.3705,218.5659,218.6487,278.2098,1
218.3824,218.6487,218.7316,349.1538,1
218.4729,218.7316,218.8144,341.5301,1
218.6552,218.8144,218.8973,242.1094,1
218.8517,218.8973,218.9801,128.4519,1
218.8587,218.9801,219.0659,207.1857,1
218.8662,219.0659,219.1798,313.5619,1
218.9587,219.1798,219.2671,308.4585,1
219.1174,219.2672,219.3528,235.3907,1
219.1587,219.3528,219.4370,278.3387,1
219.2742,219.4370,219.5206,246.4229,1
219.3477,219.5206,219.6035,255.7213,1
219.4389,219.6035,219.6872,248.2827,1
219.5644,219.6872,219.7703,205.9111,1
219.7446,219.7704,219.8534,108.7798,1
219.8240,219.8534,219.9368,112.8217,1
219.8255,219.9368,220.0314,205.8351,1
219.9847,220.0314,220.1277,142.9574,1
220.3908,220.3914,220.4549,64.1628,1
220.4741,220.4743,220.5455,71.4665,1
220.8157,220.8163,220.8780,62.2879,1
221.0794,221.0798,221.1418,62.4222,1
221.1686,221.1689,221.2369,68.2535,1
221.1962,221.2369,221.3208,124.6556,1
221.2547,221.3208,221.4036,148.8983,1
221.3381,221.4037,221.4865,148.3443,1
221.4392,221.4865,221.5693,130.1490,1
221.6531,221.6535,221.7153,62.1889,1
221.6695,221.7153,221.8041,134.6478,1
221.6992,221.8041,221.8870,187.8037,1
221.7867,221.8870,221.9698,183.0932,1
221.8641,221.9698,222.0526,188.5456,1
221.9255,222.0526,222.1355,209.9140,1
221.9671,222.1355,222.2183,251.1985,1
222.1294,222.2183,222.3011,171.7334,1
222.2129,222.3011,222.3840,171.0492,1
222.6020,222.6026,222.6665,64.5130,1
222.6060,222.6666,222.7540,148.0137,1
222.6829,222.7540,222.8363,153.4223,1
222.7766,222.8363,222.9191,142.5076,1
222.7972,222.9192,223.0020,204.7951,1
222.8178,223.0020,223.0848,266.9747,1
222.8332,223.0848,223.1677,334.4726,1
222.8370,223.1677,223.2505,413.4694,1
223.0715,223.2505,223.3333,261.7848,1
223.1338,223.3333,223.4185,284.6572,1
223.2536,223.4185,223.5319,278.3157,1
223.3558,223.5320,223.6190,263.1838,1
223.6787,223.6793,223.7458,67.1066,1
223.7422,223.7459,223.8314,89.2179,1
223.7674,223.8314,223.9142,146.8626,1
223.8623,223.9143,223.9971,134.8299,1
224.0086,224.0090,224.0831,74.4197,1
224.0318,224.0831,224.1670,135.2285,1
224.1324,224.1670,224.2499,117.4329,1
224.1454,224.2499,224.3327,187.3444,1
224.2751,224.3327,224.4155,140.3962,1
224.4839,224.4843,224.5532,69.3238,1
224.5691,224.5694,224.6436,74.5422,1
224.5722,224.6436,224.7279,155.6506,1
224.6027,224.7279,224.8107,208.0230,1
224.6319,224.8108,224.8936,261.6615,1
224.7023,224.8936,224.9765,274.1256,1
225.0711,225.0717,225.1357,64.5984,1
225.2010,225.2013,225.2631,62.1179,1
225.2285,225.2631,225.3511,122.6346,1
225.3263,225.3511,225.4339,107.6114,1
225.4399,225.4402,225.5191,79.1600,1
225.4896,225.5191,225.6023,112.7382,1
225.5271,225.6023,225.6852,158.0814,1
225.6031,225.6852,225.7680,164.9361,1
225.7034,225.7680,225.8508,147.3904,1
225.7888,225.8508,225.9374,148.6006,1
225.7961,225.9374,226.0276,231.4183,1
225.8410,226.0276,226.1349,293.9950,1
225.9776,226.1350,226.2219,244.3447,1
226.0343,226.2219,226.3082,273.9182,1
226.1180,226.3082,226.3942,276.1628,1
226.2451,226.3942,226.4787,233.5475,1
226.4143,226.4787,226.5615,147.2643,1
226.5576,226.5615,226.6449,87.2270,1
226.7187,226.7190,226.7835,64.8456,1
226.7436,226.7835,226.8705,126.9180,1
226.7695,226.8705,226.9531,183.6746,1
226.8976,226.9531,227.0360,138.3486,1
227.0985,227.0988,227.1606,62.1624,1
227.1471,227.1606,227.2485,101.3780,1
227.1644,227.2485,227.3315,167.1113,1
227.1916,227.3315,227.4143,222.7740,1
227.2961,227.4144,227.4972,201.1219,1
227.3319,227.4972,227.5835,251.6038,1
227.4994,227.5835,227.6741,174.7467,1
227.5633,227.6742,227.7569,193.5425,1
227.5860,227.7569,227.8397,253.6428,1
227.6879,227.8397,227.9232,235.2695,1
227.7955,227.9232,228.0324,236.9947,1
227.8686,228.0325,228.1201,251.5129,1
227.9064,228.1201,228.2062,299.7933,1
227.9693,228.2062,228.2907,321.4251,1
228.1202,228.2907,228.3753,255.0475,1
228.1672,228.3753,228.4585,291.3140,1
228.1990,228.4586,228.5469,347.8310,1
228.3183,228.5469,228.6316,313.3497,1
228.4652,228.6316,228.7161,250.9588,1
228.8273,228.8279,228.8889,61.5633,1
229.0796,229.0800,229.1433,63.7154,1
229.2688,229.2691,229.3293,60.5370,1
229.2807,229.3293,229.4203,139.6359,1
229.3100,229.4203,229.5027,192.7042,1
229.3532,229.5027,229.5855,232.3043,1
229.3725,229.5856,229.6684,295.9172,1
229.4553,229.6684,229.7512,295.9069,1
229.4575,229.7512,229.8341,376.5837,1
229.4850,229.8341,229.9169,431.8718,1
229.5778,229.9169,229.9997,421.9411,1
229.6103,229.9997,230.0837,473.3496,1
229.8254,230.0837,230.1993,373.8278,1
230.0007,230.1993,230.2888,288.1766,1
230.1025,230.2889,230.3759,273.4060,1
230.1101,230.3760,230.4617,351.6375,1
230.1501,230.4618,230.5457,395.5815,1
230.2664,230.5457,230.6291,362.7065,1
230.4994,230.6291,230.7122,212.7544,1
230.5138,230.7122,230.7953,281.4912,1
230.6710,230.7953,230.8790,208.0234,1
230.7744,230.8790,230.9620,187.5663,1
230.7806,230.9620,231.0571,276.4715,1
230.8652,231.0571,231.1532,288.0459,1
231.1435,231.1532,231.2451,101.5688,1
231.1688,231.2451,231.3343,165.5481,1
231.2236,231.3343,231.4219,198.3086,1
231.2557,231.4219,231.5068,251.1348,1
231.2863,231.5068,231.5913,304.9780,1
231.3934,231.5913,231.6746,281.2070,1
231.5236,231.6746,231.7583,234.7705,1
231.5655,231.7584,231.8424,276.9006,1
231.7183,231.8424,231.9284,210.0818,1
231.7402,231.9284,232.0210,280.8752,1
231.7706,232.0210,232.1130,342.4692,1
231.7985,232.1130,232.2050,406.5199,1
231.8950,232.2051,232.2950,399.9624,1
232.0861,232.2950,232.3830,296.9240,1
232.4598,232.4604,232.5238,64.0062,1
232.4869,232.5239,232.6123,125.4546,1
232.6949,232.6953,232.7595,64.5835,1
232.8034,232.8036,232.8689,65.5023,1
232.9708,232.9712,233.0310,60.1298,1
233.0645,233.0648,233.1295,65.0277,1
233.2942,233.2947,233.3592,64.9495,1
233.3309,233.3592,233.4469,115.9921,1
233.4085,233.4469,233.5296,121.0902,1
233.5045,233.5296,233.6124,107.8963,1
233.6207,233.6210,233.6991,78.3448,1
233.6234,233.6991,233.7823,158.8736,1
233.9178,233.9183,233.9804,62.6216,1
233.9533,233.9804,234.0688,115.4578,1
234.0334,234.0688,234.1516,118.2433,1
234.2424,234.2428,234.3046,62.2056,1
234.2484,234.3047,234.3933,144.9536,1
234.2486,234.3934,234.4761,227.4818,1
234.2934,234.4761,234.5589,265.5605,1
234.3001,234.5589,234.6418,341.6404,1
234.3248,234.6418,234.7251,400.3739,1
234.3817,234.7252,234.8116,429.8542,1
234.4566,234.8116,234.8947,438.0423,1
234.5137,234.8947,234.9787,464.9470,1
234.5507,234.9787,235.0629,512.2068,1
234.6673,235.0629,235.1767,509.3666,1
234.8992,235.1767,235.2639,364.6908,1
234.9788,235.2639,235.3502,371.4229,1
235.3130,235.3502,235.4347,121.6961,1
235.3734,235.4347,235.5192,145.7613,1
235.5355,235.5358,235.6081,72.6100,1
235.5663,235.6081,235.6929,126.5891,1
235.6075,235.6929,235.7757,168.1922,1
235.8581,235.8586,235.9207,62.6022,1
235.8655,235.9207,236.0089,143.3564,1
236.0097,236.0100,236.0910,81.3176,1
236.0808,236.0910,236.1748,93.9322,1
236.0879,236.1748,236.2576,169.6869,1
236.3953,236.3958,236.4607,65.3807,1
236.5375,236.5378,236.6019,64.4041,1
236.5439,236.6019,236.6901,146.2271,1
236.7290,236.7293,236.7917,62.7530,1
236.7661,236.7917,236.8798,113.6955,1
236.8436,236.8798,236.9626,119.0367,1
237.3927,237.3934,237.4587,66.0426,1
237.5737,237.5741,237.6375,63.7636,1
237.7338,237.7342,237.7989,65.0657,1
237.7892,237.7989,237.8859,96.6971,1
237.8456,237.8859,237.9685,122.9190,1
237.9873,237.9876,238.0601,72.8508,1
237.9931,238.0602,238.1444,151.3121,1
238.0148,238.1444,238.2273,212.4581,1
238.0242,238.2273,238.3104,286.2044,1
238.0589,238.3104,238.3938,334.8709,1
238.1865,238.3938,238.4766,290.0870,1
238.2555,238.4767,238.5612,305.7350,1
238.2981,238.5612,238.6736,375.4927,1
238.3370,238.6736,238.7629,425.9579,1
238.3439,238.7630,238.8487,504.7992,1
238.5051,238.8487,238.9386,433.5093,1
238.5732,238.9386,239.0227,449.5590,1
238.6592,239.0227,239.1072,448.0275,1
238.7221,239.1073,239.1907,468.5357,1
239.0688,239.1907,239.2743,205.4798,1
239.1407,239.2743,239.3572,216.4669,1
239.3123,239.3572,239.4406,128.3280,1
239.5487,239.5491,239.6086,59.8670,1
239.6573,239.6576,239.7227,65.3330,1
239.7016,239.7227,239.8094,107.8077,1
239.7109,239.8094,239.8926,181.6102,1
239.7377,239.8926,239.9762,238.5782,1
239.8682,239.9763,240.0600,191.7872,1
239.9836,240.0600,240.1433,159.7396,1
240.4283,240.4290,240.4915,63.1462,1
240.4378,240.4915,240.5806,142.7745,1
240.6616,240.6619,240.7268,65.1609,1
240.8028,240.8030,240.8684,65.6491,1
241.0400,241.0405,241.1045,64.4754,1
241.2496,241.2499,241.3161,66.5017,1
241.4678,241.4682,241.5324,64.6122,1
241.7509,241.7515,241.8174,66.4485,1
241.8059,241.8174,241.9048,98.8339,1
241.8533,241.9048,241.9869,133.6876,1
242.0572,242.0576,242.1192,62.0162,1
242.2663,242.2667,242.3307,64.4152,1
242.8304,242.8311,242.8947,64.2936,1
242.8958,242.8961,242.9821,86.3244,1
242.9508,242.9821,243.0643,113.4682,1
243.7367,243.7377,243.7985,61.8029,1
244.1707,244.1714,244.2342,63.5294,1
244.5653,244.5659,244.6252,59.9342,1
244.8775,244.8780,244.9367,59.2148,1
245.3911,245.3918,245.4559,64.8397,1
245.5470,245.5474,245.6071,60.1060,1
246.1948,246.1957,246.2569,62.0541,1
246.9674,246.9684,247.0306,63.2545,1
247.0567,247.0570,247.1231,66.3294,1
247.2698,247.2702,247.3360,66.1394,1
247.7449,247.7456,247.8060,61.1457,1
248.0526,248.0531,248.1134,60.8048,1
248.6650,248.6658,248.7254,60.4151,1
248.6988,248.7255,248.8120,113.1486,1
248.9335,248.9339,248.9954,61.9337,1
248.9826,248.9955,249.0821,99.5176,1
249.3748,249.3754,249.4341,59.2650,1
249.5379,249.5382,249.5948,56.8694,1
250.1515,250.1523,250.2104,58.9856,1
250.5734,250.5741,250.6333,59.8272,1
250.7250,250.7253,250.7848,59.7806,1
250.9687,250.9692,251.0311,62.4216,1
251.1193,251.1197,251.1787,59.3977,1
251.2040,251.2042,251.2708,66.8351,1
251.2047,251.2708,251.3544,149.7383,1
251.8318,251.8327,251.8929,61.0516,1
253.1641,253.1657,253.2234,59.2487,1
253.3456,253.3460,253.4047,59.0896,1
253.6161,253.6166,253.6807,64.6148,1
254.0018,254.0023,254.0641,62.3013,1
254.2186,254.2189,254.2814,62.8517,1
254.3356,254.3358,254.3965,60.9383,1
254.3570,254.3966,254.4818,124.8211,1
254.4655,254.4818,254.5625,97.0037,1
254.7950,254.7955,254.8555,60.4996,1
254.8659,254.8661,254.9409,74.9517,1
256.4108,256.4125,256.4765,65.7419,1
256.4954,256.4985,256.5674,72.0184,1
256.6918,256.6921,256.7522,60.3794,1
256.8302,256.8304,256.8939,63.6467,1
257.4128,257.4134,257.4766,63.8437,1
257.6407,257.6410,257.7022,61.5646,1
257.9893,257.9897,258.0521,62.7924,1
258.0886,258.0888,258.1520,63.3614,1
258.1485,258.1520,258.2353,86.7985,1
258.9663,258.9672,259.0296,63.3455,1
258.9782,259.0297,259.1147,136.4949,1
259.3610,259.3616,259.4209,59.9246,1
259.3867,259.4210,259.5081,121.4151,1
259.8278,259.8283,259.8908,62.9488,1
260.1034,260.1038,260.1694,65.9643,1
260.3718,260.3722,260.4348,63.0211,1
260.6184,260.6187,260.6811,62.7085,1
260.7908,260.7911,260.8506,59.7510,1
260.8919,260.8921,260.9554,63.4171,1
261.1010,261.1013,261.1635,62.4861,1
261.3053,261.3056,261.3674,62.0825,1
261.5444,261.5447,261.6067,62.3152,1
262.0546,262.0552,262.1166,61.9377,1
262.2865,262.2869,262.3475,61.0174,1
262.5972,262.5976,262.6596,62.4288,1
262.9088,262.9092,262.9689,60.0791,1
262.9991,262.9993,263.0640,64.8976,1
263.1319,263.1321,263.1945,62.5576,1
263.4124,263.4128,263.4705,58.1149,1
263.6601,263.6604,263.7223,62.2361,1
263.8637,263.8640,263.9241,60.3252,1
264.0090,264.0092,264.0678,58.8018,1
264.4911,264.4917,264.5488,57.6407,1
264.7191,264.7194,264.7808,61.6839,1
265.0583,265.0588,265.1171,58.8072,1
265.4536,265.4541,265.5159,62.2482,1
265.4612,265.5159,265.6001,138.9047,1
265.9666,265.9673,266.0292,62.6410,1
266.1322,266.1325,266.1883,56.1533,1
266.2238,266.2241,266.2907,66.8430,1
266.3791,266.3795,266.4408,61.7301,1
266.5099,266.5102,266.5726,62.7121,1
267.0623,267.0630,267.1154,53.1569,1
267.9413,267.9424,268.0050,63.7458,1
268.2755,268.2761,268.3377,62.1400,1
268.3894,268.3897,268.4521,62.7193,1
268.7790,268.7796,268.8414,62.3540,1
268.7961,268.8414,268.9274,131.3166,1
269.4308,269.4316,269.4904,59.5593,1
269.9765,269.9772,270.0372,60.7373,1
270.1302,270.1306,270.1870,56.8252,1
270.8055,270.8064,270.8663,60.7496,1
270.8252,270.8663,270.9512,125.9244,1
271.0040,271.0044,271.0668,62.7306,1
271.1917,271.1921,271.2539,62.1871,1
271.1921,271.2539,271.3387,146.6105,1
271.3497,271.3500,271.4226,72.9624,1
271.3551,271.4227,271.5024,147.3154,1
271.3818,271.5024,271.5821,200.3182,1
271.6505,271.6510,271.7130,62.5436,1
272.3398,272.3407,272.4031,63.3594,1
272.7339,272.7344,272.7910,57.0882,1
272.8064,272.8065,272.8786,72.1840,1
273.0294,273.0297,273.0872,57.8110,1
273.1192,273.1194,273.1856,66.3607,1
273.1851,273.1856,273.2675,82.4304,1
273.2172,273.2675,273.3465,129.2176,1
273.6355,273.6360,273.6948,59.2254,1
273.7258,273.7259,273.7903,64.5011,1
273.7626,273.7903,273.8718,109.2863,1
273.7927,273.8719,273.9515,158.8207,1
273.9172,273.9515,274.0312,113.9318,1
273.9993,274.0312,274.1108,111.5116,1
274.4909,274.4916,274.5524,61.5361,1
274.5969,274.5972,274.6593,62.4182,1
274.9264,274.9269,274.9880,61.6331,1
275.0146,275.0149,275.0820,67.4099,1
275.3147,275.3152,275.3771,62.3744,1
275.6386,275.6392,275.7003,61.6568,1
275.7801,275.7804,275.8404,60.3016,1
276.0061,276.0066,276.0668,60.6861,1
276.1460,276.1463,276.2065,60.4273,1
276.2639,276.2642,276.3248,60.9366,1
276.8642,276.8651,276.9246,60.3883,1
276.9614,276.9616,277.0248,63.4245,1
277.0993,277.0996,277.1614,62.0896,1
277.1256,277.1614,277.2452,119.6376,1
277.2111,277.2452,277.3249,113.7430,1
277.3186,277.3249,277.4045,85.9813,1
277.8445,277.8452,277.9072,62.6486,1
278.0501,278.0505,278.1116,61.4918,1
278.7530,278.7538,278.8140,60.9853,1
278.8843,278.8847,278.9455,61.1326,1
278.9200,278.9455,279.0299,109.8170,1
279.0591,279.0594,279.1222,63.1626,1
279.4066,279.4071,279.4690,62.3810,1
279.4706,279.4707,279.5526,82.0111,1
279.5227,279.5526,279.6313,108.5975,1
279.7623,279.7628,279.8231,60.7236,1
280.1396,280.1401,280.2013,61.6486,1
280.4571,280.4575,280.5204,63.3395,1
281.7189,281.7202,281.7802,61.2932,1
282.4628,282.4636,282.5216,58.8296,1
282.5880,282.5882,282.6492,61.1682,1
282.5891,282.6492,282.7332,144.0426,1
283.2056,283.2065,283.2683,62.7278,1
283.3559,283.3562,283.4144,58.5488,1
284.0732,284.0741,284.1312,58.0272,1
284.2524,284.2528,284.3105,58.0918,1
284.9034,284.9042,284.9659,62.4701,1
284.9424,284.9659,285.0500,107.6002,1
285.6005,285.6015,285.6599,59.3361,1
285.8258,285.8262,285.8871,61.3285,1
286.1384,286.1389,286.1993,60.8806,1
287.5647,287.5663,287.6274,62.7401,1
287.6990,287.6994,287.7601,61.0770,1
287.8869,287.8872,287.9475,60.6068,1
288.0145,288.0148,288.0752,60.7115,1
288.0444,288.0752,288.1579,113.5401,1
288.7054,288.7063,288.7629,57.4363,1
288.7999,288.8002,288.8642,64.2814,1
289.3626,289.3632,289.4229,60.3617,1
289.3848,289.4230,289.5073,122.5732,1
289.4523,289.5074,289.5856,133.3216,1
289.5302,289.5856,289.6645,134.2914,1
289.5457,289.6645,289.7434,197.6371,1
289.5826,289.7434,289.8230,240.4797,1
289.5992,289.8230,289.9015,302.2970,1
289.8346,289.9015,289.9804,145.8065,1
290.0958,290.0963,290.1572,61.3090,1
290.1294,290.1572,290.2413,111.9550,1
290.1530,290.2414,290.3206,167.6171,1
290.1530,290.3207,290.3991,246.0953,1
290.6317,290.6324,290.6937,62.0101,1
291.0186,291.0190,291.0810,62.4092,1
291.0386,291.0810,291.1648,126.2210,1
291.3272,291.3277,291.3849,57.7114,1
291.6327,291.6332,291.6945,61.7542,1
292.2153,292.2161,292.2768,61.5641,1
292.2963,292.2964,292.3639,67.6654,1
292.3199,292.3640,292.4444,124.5552,1
292.3534,292.4445,292.5231,169.7106,1
292.4211,292.5231,292.6019,180.8032,1
292.8981,292.8988,292.9600,61.9396,1
292.9218,292.9601,293.0448,122.9913,1
293.0441,293.0448,293.1230,78.8648,1
293.6158,293.6166,293.6765,60.6583,1
293.6311,293.6765,293.7608,129.6644,1
293.6576,293.7608,293.8401,182.4875,1
293.6605,293.8401,293.9190,258.5446,1
293.9877,293.9882,294.0469,59.1734,1
294.3193,294.3197,294.3799,60.5449,1
294.5260,294.5264,294.5872,61.2376,1
294.8105,294.8108,294.8714,60.9043,1
295.2983,295.2989,295.3604,62.1095,1
295.4528,295.4531,295.5129,60.0839,1
295.5115,295.5129,295.5969,85.4647,1
295.8177,295.8182,295.8798,62.0867,1
295.9497,295.9500,296.0085,58.7974,1
296.0545,296.0548,296.1175,62.9867,1
296.0997,296.1175,296.1987,99.0495,1
296.1840,296.1988,296.2777,93.6960,1
296.1902,296.2777,296.3566,166.3957,1
296.2251,296.3566,296.4355,210.3543,1
296.3070,296.4355,296.5151,208.1295,1
296.3675,296.5151,296.5937,226.1863,1
296.4013,296.5937,296.6729,271.6666,1
296.8297,296.8304,296.8905,60.7076,1
297.3080,297.3087,297.3687,60.7575,1
298.1580,298.1590,298.2155,57.4779,1
298.2356,298.2358,298.3030,67.3290,1
298.2990,298.3030,298.3828,83.7703,1
298.4709,298.4713,298.5347,63.7409,1
299.0217,299.0225,299.0839,62.1723,1
299.8320,299.8330,299.8934,61.4720,1
299.9265,299.9268,299.9895,63.0033,1
299.9840,299.9895,300.0719,87.9800,1
300.1344,300.1347,300.1957,61.2597,1
300.9300,300.9310,300.9916,61.5567,1
301.2608,301.2613,301.3224,61.5919,1
301.6186,301.6192,301.6761,57.4962,1
301.7101,301.7104,301.7715,61.3737,1
301.7993,301.7996,301.8621,62.8348,1
302.2095,302.2101,302.2712,61.7052,1
302.4194,302.4197,302.4814,61.9170,1
302.8669,302.8676,302.9280,61.0566,1
303.2600,303.2607,303.3172,57.1364,1
303.5302,303.5307,303.5891,58.8898,1
303.5816,303.5891,303.6738,92.2493,1
304.1730,304.1738,304.2359,62.9346,1
304.3330,304.3333,304.3919,58.8950,1
304.4395,304.4398,304.4994,59.9625,1
304.5432,304.5435,304.6036,60.3286,1
304.5815,304.6036,304.6861,104.6250,1
304.7047,304.7048,304.7698,65.1146,1
304.9095,304.9098,304.9690,59.5454,1
304.9149,304.9690,305.0515,136.5935,1
305.8187,305.8198,305.8768,58.0687,1
306.0368,306.0372,306.0944,57.6519,1
306.1496,306.1499,306.2114,61.8583,1
306.1742,306.2115,306.2937,119.4364,1
306.2591,306.2937,306.3718,112.6869,1
306.5573,306.5578,306.6179,60.5757,1
306.6367,306.6369,306.7053,68.6690,1
306.7455,306.7457,306.8040,58.5523,1
307.0237,307.0242,307.0831,59.3578,1
307.4728,307.4735,307.5342,61.4382,1
308.0633,308.0640,308.1235,60.2658,1
308.1062,308.1236,308.2080,101.7923,1
308.2722,308.2725,308.3313,59.0903,1
308.3702,308.3705,308.4346,64.4071,1
308.9391,308.9398,309.0001,60.9365,1
309.6309,309.6318,309.6928,61.9443,1
309.6364,309.6929,309.7757,139.2617,1
309.8526,309.8530,309.9130,60.3538,1
309.9924,309.9928,310.0530,60.5828,1
310.0525,310.0530,310.1369,84.3848,1
310.2076,310.2079,310.2693,61.6649,1
310.3629,310.3632,310.4234,60.5165,1
310.5623,310.5627,310.6212,58.9290,1
311.2452,311.2461,311.3043,59.1360,1
312.0096,312.0106,312.0722,62.5979,1
312.2056,312.2060,312.2656,60.0189,1
312.6736,312.6742,312.7353,61.7285,1
312.6768,312.7353,312.8195,142.7614,1
312.9256,312.9259,312.9854,59.8136,1
313.7379,313.7389,313.7973,59.3766,1
313.7864,313.7973,313.8830,96.6056,1
313.8225,313.8830,313.9608,138.2840,1
314.4151,314.4159,314.4736,58.5382,1
314.9882,314.9890,315.0480,59.8092,1
315.0683,315.0686,315.1355,67.2481,1
315.0694,315.1356,315.2143,144.9546,1
315.1716,315.2144,315.2929,121.2253,1
315.2425,315.2929,315.3707,128.2339,1
315.7734,315.7741,315.8317,58.3301,1
315.7827,315.8318,315.9150,132.2915,1
315.8306,315.9151,315.9933,162.7344,1
316.1056,316.1061,316.1649,59.2924,1
316.5507,316.5514,316.6094,58.7206,1
316.5718,316.6094,316.6931,121.2731,1
316.7414,316.7417,316.7999,58.5397,1
316.9537,316.9541,317.0119,58.1683,1
317.1572,317.1575,317.2171,59.9047,1
317.2445,317.2447,317.3102,65.7295,1
317.3074,317.3102,317.3896,82.1808,1
317.5405,317.5410,317.6011,60.5178,1
318.0633,318.0640,318.1217,58.4094,1
318.2302,318.2306,318.2911,60.8849,1
318.3616,318.3620,318.4210,59.3559,1
318.5073,318.5075,318.5666,59.3583,1
318.7644,318.7649,318.8267,62.2332,1
319.1511,319.1517,319.2096,58.5000,1
319.9497,319.9507,320.0112,61.4986,1
320.0857,320.0860,320.1474,61.6565,1
320.2949,320.2953,320.3535,58.5563,1
320.4061,320.4066,320.4665,60.4088,1
320.7347,320.7352,320.7949,60.2283,1
320.8044,320.8047,320.8773,72.8526,1
320.8844,320.8847,320.9559,71.4542,1
320.8897,320.9559,321.0347,145.0349,1
321.1560,321.1563,321.2155,59.5255,1
321.2510,321.2513,321.3116,60.6425,1
321.3893,321.3896,321.4483,58.9302,1
321.4123,321.4483,321.5315,119.2249,1
321.6373,321.6377,321.6981,60.7656,1
321.8327,321.8331,321.8936,60.9651,1
321.8486,321.8937,321.9770,128.4405,1
322.1533,322.1537,322.2117,58.4263,1
322.1627,322.2117,322.2968,134.1429,1
322.2038,322.2968,322.3750,171.2395,1
322.3695,322.3750,322.4532,83.7431,1
322.6192,322.6196,322.6789,59.7474,1
322.6295,322.6789,322.7634,133.8333,1
322.6846,322.7634,322.8414,156.8142,1
322.7198,322.8414,322.9196,199.7605,1
322.8358,322.9196,322.9983,162.4282,1
322.9201,322.9983,323.0768,156.7196,1
323.0773,323.0776,323.1553,78.0782,1
323.2404,323.2406,323.3002,59.8162,1
323.3875,323.3877,323.4473,59.7683,1
323.4605,323.4607,323.5329,72.4422,1
323.4965,323.5329,323.6121,115.5575,1
323.6172,323.6175,323.6916,74.3669,1
323.6209,323.6916,323.7712,150.3260,1
323.6241,323.7712,323.8498,225.7196,1
323.6250,323.8498,323.9288,303.7887,1
323.8336,323.9288,324.0077,174.0360,1
323.9875,324.0077,324.0866,99.0061,1
324.0605,324.0866,324.1652,104.6298,1
324.1367,324.1652,324.2600,123.3103,1
324.1451,324.2600,324.3540,208.8853,1
324.1469,324.3540,324.4383,291.4030,1
324.1992,324.4383,324.5205,321.3330,1
324.2934,324.5205,324.6009,307.4883,1
324.4111,324.6009,324.6809,269.7915,1
324.6515,324.6809,324.7596,108.1272,1
324.6665,324.7596,324.8385,172.0182,1
324.7270,324.8386,324.9180,191.0345,1
324.8659,324.9180,324.9969,131.0359,1
325.2700,325.2706,325.3301,60.1757,1
325.3988,325.3991,325.4566,57.7673,1
325.4950,325.4953,325.5540,58.9903,1
325.4973,325.5540,325.6375,140.1525,1
325.5818,325.6375,325.7156,133.8695,1
326.0156,326.0162,326.0771,61.5596,1
326.1767,326.1770,326.2379,61.2564,1
326.1817,326.2380,326.3222,140.4971,1
326.3505,326.3508,326.4134,62.9173,1
326.3867,326.4134,326.4945,107.7760,1
326.5494,326.5497,326.6097,60.3492,1
326.6170,326.6173,326.6937,76.6183,1
327.2448,327.2456,327.3070,62.1935,1
327.2926,327.3070,327.3911,98.5094,1
327.3866,327.3911,327.4693,82.6202,1
327.4486,327.4693,327.5482,99.5318,1
327.5946,327.5949,327.6549,60.2933,1
327.8182,327.8187,327.8795,61.2099,1
327.9692,327.9696,328.0310,61.7738,1
328.0016,328.0310,328.1142,112.6290,1
328.2003,328.2007,328.2587,58.4645,1
328.4203,328.4207,328.4813,60.9893,1
328.4274,328.4814,328.5653,137.8282,1
328.4307,328.5653,328.6445,213.8225,1
328.5564,328.6445,328.7233,166.9382,1
328.7558,328.7562,328.8185,62.6821,1
328.8395,328.8398,328.9083,68.7471,1
328.9020,328.9083,328.9894,87.3677,1
328.9216,328.9894,329.0687,147.0825,1
329.0883,329.0887,329.1544,66.0146,1
329.2062,329.2065,329.2674,61.2028,1
329.3859,329.3863,329.4480,62.0555,1
329.4588,329.4590,329.5318,72.9566,1
329.5191,329.5318,329.6111,92.0118,1
329.5283,329.6111,329.6896,161.2886,1
329.5566,329.6896,329.7685,211.8476,1
329.6271,329.7685,329.8474,220.2829,1
329.9024,329.9028,329.9654,62.9991,1
330.0840,330.0844,330.1474,63.4183,1
330.3858,330.3863,330.4460,60.1813,1
330.4160,330.4460,330.5300,114.0170,1
330.6242,330.6246,330.6858,61.6325,1
330.7364,330.7367,330.7961,59.6207,1
330.8721,330.8724,330.9289,56.8831,1
330.8953,330.9290,331.0144,119.1552,1
331.0956,331.0960,331.1564,60.8216,1
331.1153,331.1564,331.2418,126.5161,1
331.2080,331.2418,331.3210,113.0133,1
331.2311,331.3210,331.4002,169.0264,1
331.5948,331.5953,331.6523,57.5153,1
331.6862,331.6865,331.7497,63.4249,1
331.7100,331.7497,331.8310,121.0355,1
331.8553,331.8556,331.9224,67.1188,1
332.2114,332.2120,332.2710,59.5353,1
332.2976,332.2978,332.3610,63.4344,1
332.3196,332.3610,332.4436,124.0004,1
332.9001,332.9009,332.9625,62.3464,1
332.9294,332.9625,333.0458,116.3420,1
333.0146,333.0458,333.1247,110.1041,1
333.6094,333.6101,333.6676,58.2126,1
333.6463,333.6676,333.7527,106.4195,1
333.7871,333.7873,333.8504,63.3348,1
334.0216,334.0220,334.0813,59.6819,1
334.2416,334.2420,334.3029,61.3693,1
334.3207,334.3208,334.3893,68.6351,1
334.3321,334.3893,334.4688,136.7117,1
334.3395,334.4689,334.5474,207.8827,1
334.4058,334.5474,334.6271,221.2637,1
334.6079,334.6271,334.7060,98.0787,1
334.6772,334.7060,334.7857,108.5164,1
334.8742,334.8746,334.9355,61.3128,1
334.9493,334.9495,335.0222,72.9571,1
335.1494,335.1498,335.2110,61.6493,1
335.2972,335.2975,335.3577,60.4221,1
335.4499,335.4502,335.5114,61.5000,1
335.9584,335.9591,336.0204,62.0711,1
336.1737,336.1741,336.2343,60.5618,1
336.3450,336.3454,336.4021,57.0608,1
336.5475,336.5479,336.6089,61.4727,1
336.5986,336.6090,336.6940,95.3912,1
336.6033,336.6940,336.7722,168.9849,1
336.6116,336.7723,336.8509,239.3544,1
336.6356,336.8509,336.9306,294.9241,1
336.8112,336.9306,337.0091,197.9236,1
336.8515,337.0091,337.0880,236.4793,1
336.8848,337.0880,337.1669,282.0969,1
336.9153,337.1669,337.2458,330.4804,1
336.9602,337.2458,337.3255,365.2317,1
336.9617,337.3255,337.4288,467.1219,1
336.9766,337.4288,337.5165,539.8961,1
337.0414,337.5165,337.6017,560.3055,1
337.0972,337.6017,337.6837,586.5857,1
337.1671,337.6838,337.7642,597.0927,1
337.2240,337.7642,337.8439,619.8716,1
337.2302,337.8439,337.9235,693.3367,1
337.4102,337.9236,338.0032,593.0087,1
337.4296,338.0032,338.0829,653.3224,1
337.5441,338.0829,338.1625,618.4553,1
337.6176,338.1625,338.2422,624.5809,1
337.6188,338.2422,338.3328,714.0660,1
337.6814,338.3329,338.4241,742.7515,1
338.1662,338.4241,338.5125,346.2730,1
338.1845,338.5125,338.5970,412.5131,1
338.2144,338.5970,338.6798,465.3839,1
338.2301,338.6798,338.7619,531.7879,1
338.2544,338.7619,338.8424,587.9793,1
338.4250,338.8424,338.9229,497.8181,1
338.4832,338.9229,339.0025,519.3203,1
338.5583,339.0025,339.0826,524.2928,1
338.6690,339.0826,339.1629,493.9087,1
338.9208,339.1630,339.2484,327.6384,1
339.2520,339.2525,339.3361,84.1485,1
339.2656,339.3361,339.4244,158.8276,1
339.3148,339.4244,339.5114,196.6234,1
339.3774,339.5114,339.5959,218.4748,1
339.4275,339.5959,339.6797,252.2418,1
339.4992,339.6797,339.7614,262.1781,1
339.5539,339.7614,339.8426,288.6957,1
339.6031,339.8426,339.9235,320.3561,1
339.7318,339.9235,340.0035,271.6581,1
339.7923,340.0035,340.0839,291.5860,1
339.8291,340.0839,340.1684,339.3636,1
339.8639,340.1684,340.2535,389.6094,1
339.9869,340.2536,340.3401,353.1900,1
340.0033,340.3401,340.4265,423.1644,1
340.1712,340.4265,340.5128,341.5331,1
340.5024,340.5128,340.5979,95.4746,1
340.8113,340.8118,340.8733,61.9925,1
340.8490,340.8733,340.9582,109.1644,1
340.9725,340.9728,341.0424,69.8591,1
341.0496,341.0498,341.1253,75.6971,1
341.3159,341.3163,341.3746,58.7856,1
341.4430,341.4433,341.5057,62.7126,1
341.5144,341.5147,341.5898,75.3682,1
341.5405,341.5898,341.6701,129.5990,1
341.6728,341.6732,341.7502,77.3922,1
341.8522,341.8525,341.9139,61.7253,1
341.9272,341.9275,341.9997,72.4611,1
341.9715,341.9997,342.0804,108.8448,1
342.0257,342.0804,342.1601,134.3793,1
342.1165,342.1601,342.2400,123.5811,1
342.3107,342.3111,342.3666,55.8550,1
342.4014,342.4016,342.4674,65.9876,1
342.4043,342.4674,342.5494,145.0286,1
342.5724,342.5728,342.6403,67.8411,1
343.0695,343.0702,343.1268,57.2920,1
343.1296,343.1299,343.2126,82.9926,1
343.3563,343.3567,343.4207,64.4586,1
343.6326,343.6330,343.6901,57.5649,1
343.8437,343.8441,343.9040,60.3043,1
344.0570,344.0573,344.1172,60.2219,1
344.2132,344.2135,344.2709,57.7374,1
344.4743,344.4747,344.5360,61.6885,1
344.7837,344.7840,344.8461,62.4947,1
344.8683,344.8686,344.9362,67.8496,1
345.1203,345.1207,345.1821,61.8356,1
345.1722,345.1821,345.2664,94.2056,1
345.3351,345.3354,345.3967,61.6424,1
345.3480,345.3968,345.4833,135.3375,1
345.3674,345.4833,345.5626,195.1437,1
345.4217,345.5626,345.6422,220.4724,1
345.5063,345.6422,345.7219,215.5427,1
345.5258,345.7219,345.8015,275.7421,1
345.5398,345.8016,345.8812,341.4064,1
345.5784,345.8812,345.9609,382.4506,1
345.6880,345.9609,346.0450,357.0096,1
345.9291,346.0451,346.1244,195.2462,1
346.0422,346.1244,346.2257,183.4939,1
346.2058,346.2257,346.3126,106.8338,1
346.3599,346.3603,346.4232,63.2781,1
346.4345,346.4348,346.5071,72.6024,1
346.4833,346.5072,346.5874,104.0794,1
346.5311,346.5874,346.6671,135.9438,1
346.5667,346.6671,346.7467,180.0399,1
346.7491,346.7495,346.8266,77.5252,1
346.8583,346.8585,346.9222,63.9333,1
346.8666,346.9223,347.0046,138.0199,1
346.8726,347.0046,347.0843,211.6756,1
346.9411,347.0843,347.1639,222.8112,1
347.1675,347.1679,347.2594,91.9235,1
347.1796,347.2594,347.3452,165.6144,1
347.2583,347.3452,347.4282,169.9016,1
347.3892,347.4282,347.5094,120.1756,1
347.5173,347.5177,347.5907,73.3698,1
347.9392,347.9398,348.0019,62.7539,1
348.0132,348.0134,348.0863,73.1235,1
348.1684,348.1687,348.2297,61.3014,1
348.2589,348.2592,348.3260,67.1148,1
348.3265,348.3267,348.4072,80.7018,1
348.4260,348.4263,348.4934,67.4085,1
348.4485,348.4935,348.5751,126.5719,1
348.8325,348.8331,348.8942,61.6065,1
348.9455,348.9458,349.0072,61.7500,1
348.9828,349.0073,349.0909,108.1224,1
348.9974,349.0909,349.1703,172.9274,1
349.0727,349.1703,349.2500,177.2894,1
349.1461,349.2500,349.3300,183.9514,1
349.3031,349.3300,349.4101,106.9411,1
349.3157,349.4101,349.4898,174.0567,1
349.6774,349.6779,349.7417,64.2612,1
349.7971,349.7975,349.8580,60.8569,1
350.0408,350.0413,350.1009,60.1021,1
350.0941,350.1010,350.1856,91.5651,1
350.1406,350.1856,350.2653,124.6898,1
350.1928,350.2653,350.3450,152.1129,1
350.5114,350.5119,350.5718,60.4105,1
350.5691,350.5718,350.6585,89.4059,1
350.6806,350.6809,350.7465,65.9196,1
350.7568,350.7570,350.8294,72.6415,1
350.9594,350.9598,351.0209,61.4451,1
351.1229,351.1233,351.1830,60.0127,1
351.2819,351.2822,351.3405,58.6055,1
351.3152,351.3405,351.4271,111.8964,1
351.3872,351.4271,351.5061,118.8588,1
351.7953,351.7959,351.8588,63.5186,1
351.9844,351.9847,352.0476,63.2098,1
352.0407,352.0476,352.1326,91.9044,1
352.0487,352.1327,352.2117,163.0217,1
352.1142,352.2117,352.2918,177.5819,1
352.1192,352.2918,352.3714,252.2906,1
352.2560,352.3715,352.4511,195.1124,1
352.4363,352.4511,352.5308,94.5026,1
352.4661,352.5308,352.6106,144.5168,1
352.5675,352.6106,352.6907,123.2020,1
352.8992,352.8997,352.9618,62.6285,1
353.1390,353.1395,353.2010,61.9520,1
353.5595,353.5601,353.6193,59.8581,1
353.6024,353.6194,353.7040,101.5603,1
353.7886,353.7889,353.8503,61.7538,1
354.3748,354.3756,354.4357,60.8227,1
354.4808,354.4810,354.5441,63.3133,1
354.5200,354.5441,354.6271,107.1455,1
354.5494,354.6271,354.7060,156.6013,1
354.7282,354.7284,354.7920,63.8045,1
354.9152,354.9156,354.9782,63.0298,1
355.0344,355.0348,355.0966,62.1531,1
355.1375,355.1378,355.1996,62.1291,1
355.2588,355.2591,355.3204,61.6321,1
355.3955,355.3958,355.4572,61.6946,1
355.6186,355.6190,355.6816,63.0343,1
355.6464,355.6816,355.7665,120.0956,1
355.6639,355.7666,355.8462,182.3383,1
355.7606,355.8462,355.9259,165.2134,1
356.0170,356.0175,356.0785,61.4994,1
356.1621,356.1624,356.2189,56.8591,1
356.1720,356.2190,356.3054,133.3684,1
356.2042,356.3054,356.3851,180.8532,1
356.2977,356.3851,356.4647,167.0367,1
356.5659,356.5663,356.6282,62.3308,1
356.5726,356.6282,356.7145,141.9163,1
356.5754,356.7145,356.7945,219.0250,1
356.7889,356.7945,356.8743,85.3612,1
356.9098,356.9101,356.9735,63.7250,1
356.9475,356.9735,357.0575,110.0586,1
357.0228,357.0576,357.1375,114.7446,1
357.1379,357.1382,357.2175,79.6234,1
357.2546,357.2549,357.3181,63.4883,1
357.3724,357.3726,357.4337,61.3480,1
357.4234,357.4338,357.5199,96.4641,1
358.0884,358.0893,358.1475,59.1004,1
358.1615,358.1617,358.2347,73.1652,1
358.1882,358.2347,358.3155,127.3489,1
358.2261,358.3156,358.3951,168.9657,1
358.3450,358.3951,358.4748,129.8131,1
358.4426,358.4748,358.5548,112.1821,1
358.4835,358.5548,358.6356,152.1680,1
358.4969,358.6356,358.7160,219.0847,1
358.6471,358.7160,358.7957,148.6683,1
358.6481,358.7957,358.8754,227.3133,1
358.6750,358.8754,358.9864,311.4813,1
358.6882,358.9865,359.0753,387.0845,1
358.7235,359.0753,359.1591,435.6098,1
358.7414,359.1591,359.2411,499.6597,1
358.9438,359.2411,359.3222,378.4629,1
359.0709,359.3222,359.4019,331.0405,1
359.1579,359.4019,359.4828,324.9374,1
359.2874,359.4828,359.5631,275.7666,1
359.3658,359.5631,359.6435,277.7258,1
359.5048,359.6436,359.7237,218.8548,1
359.5645,359.7237,359.8058,241.3057,1
359.6949,359.8058,359.9010,206.1432,1
359.8306,359.9010,359.9934,162.8185,1
359.8716,359.9934,360.0816,210.0715,1
359.8836,360.0816,360.1665,282.9021,1
359.9296,360.1665,360.2495,319.9278,1
359.9465,360.2496,360.3309,384.3872,1
360.0668,360.3309,360.4121,345.3032,1
360.1827,360.4121,360.4934,310.6362,1
360.7247,360.7255,360.7825,57.8062,1
360.7762,360.7826,360.8703,94.1003,1
360.7995,360.8703,360.9499,150.4133,1
360.9910,360.9914,361.0506,59.5869,1
361.3228,361.3234,361.3845,61.6208,1
361.3793,361.3845,361.4708,91.4822,1
361.5011,361.5014,361.5645,63.3913,1
361.5742,361.5745,361.6472,72.9428,1
361.7514,361.7517,361.8146,63.2405,1
361.8117,361.8146,361.9003,88.6254,1
361.8316,361.9003,361.9800,148.4448,1
361.8713,361.9800,362.0604,189.1423,1
361.9726,362.0604,362.1408,168.2464,1
362.0819,362.1408,362.2217,139.8314,1
362.1640,362.2217,362.3021,138.1245,1
362.1828,362.3022,362.3830,200.1347,1
362.1918,362.3830,362.4637,271.8936,1
363.0542,363.0553,363.1170,62.8340,1
363.3723,363.3728,363.4340,61.7368,1
363.4811,363.4814,363.5440,62.8899,1
363.4939,363.5440,363.6284,134.4424,1
363.6222,363.6284,363.7080,85.8592,1
363.7975,363.7978,363.8598,62.3492,1
363.9605,363.9608,364.0202,59.7131,1
363.9728,364.0202,364.1065,133.6460,1
363.9807,364.1065,364.1861,205.4115,1
364.0522,364.1861,364.2658,213.5847,1
364.1365,364.2658,364.3468,210.3335,1
364.2424,364.3468,364.4270,184.6372,1
364.3925,364.4270,364.5069,114.4233,1
364.7053,364.7058,364.7632,57.9071,1
365.2009,365.2016,365.2595,58.5982,1
365.2826,365.2829,365.3513,68.6762,1
365.4909,365.4913,365.5552,64.3113,1
366.0812,366.0820,366.1445,63.2882,1
366.1319,366.1445,366.2300,98.0541,1
366.1814,366.2300,366.3095,128.1554,1
366.2366,366.3095,366.3892,152.5663,1
366.4649,366.4653,366.5281,63.1642,1
366.4916,366.5281,366.6143,122.7064,1
366.7368,366.7372,366.7970,60.1965,1
366.7686,366.7970,366.8824,113.8906,1
366.8363,366.8825,366.9615,125.1909,1
366.8408,366.9615,367.0415,200.7208,1
367.0755,367.0759,367.1417,66.2022,1
367.0797,367.1417,367.2239,144.1859,1
367.2010,367.2239,367.3037,102.6621,1
367.5180,367.5185,367.5783,60.2553,1
367.5315,367.5783,367.6641,132.6306,1
367.7106,367.7108,367.7749,64.3804,1
367.7337,367.7750,367.8589,125.1953,1
367.7911,367.8589,367.9390,147.8607,1
368.1192,368.1197,368.1795,60.2680,1
368.3802,368.3806,368.4388,58.5870,1
368.4093,368.4388,368.5266,117.3104,1
368.6040,368.6044,368.6665,62.4562,1
368.9627,368.9632,369.0243,61.6865,1
368.9926,369.0244,369.1105,117.8298,1
369.0439,369.1105,369.1904,146.5110,1
369.3006,369.3011,369.3583,57.6812,1
369.3122,369.3583,369.4450,132.7070,1
369.4669,369.4673,369.5365,69.5667,1
369.4678,369.5365,369.6188,151.0126,1
369.5011,369.6189,369.6985,197.4560,1
369.5534,369.6985,369.7782,224.7269,1
369.7176,369.7782,369.8586,140.9910,1
369.8204,369.8586,369.9387,118.3140,1
369.9399,369.9402,370.0203,80.3802,1
369.9431,370.0203,370.1012,158.0188,1
369.9608,370.1012,370.2042,243.3878,1
370.0364,370.2042,370.2861,249.7104,1
370.1055,370.2861,370.3779,272.4244,1
370.1436,370.3780,370.4604,316.8511,1
370.2091,370.4604,370.5443,335.2398,1
370.2839,370.5443,370.6265,342.6784,1
370.5503,370.6265,370.7078,157.4274,1
370.6693,370.7078,370.7887,119.4320,1
370.9061,370.9065,370.9631,56.9935,1
370.9982,370.9985,371.0615,63.3349,1
371.0333,371.0615,371.1452,111.9029,1
371.0410,371.1452,371.2251,184.0462,1
371.1503,371.2251,371.3061,155.7318,1
371.5147,371.5153,371.5732,58.4977,1
371.5949,371.5952,371.6645,69.5705,1
371.6275,371.6645,371.7453,117.7859,1
371.7163,371.7453,371.8250,108.7212,1
371.8559,371.8562,371.9209,65.0397,1
371.8718,371.9209,372.0042,132.3999,1
371.9085,372.0042,372.0843,175.7918,1
371.9679,372.0843,372.1647,196.8332,1
371.9879,372.1647,372.2459,257.9957,1
372.0992,372.2459,372.3271,227.9688,1
372.1253,372.3271,372.4299,304.5623,1
372.1307,372.4299,372.5160,385.3164,1
372.1574,372.5160,372.5988,441.4349,1
372.2201,372.5988,372.6807,460.6589,1
372.2732,372.6807,372.7724,499.1383,1
372.4326,372.7724,372.8529,420.3323,1
372.5567,372.8529,372.9353,378.6187,1
372.6660,372.9353,373.0169,350.8586,1
372.6851,373.0169,373.0981,412.9862,1
372.7489,373.0981,373.1793,430.3750,1
372.9406,373.1793,373.2632,322.6391,1
373.0970,373.2632,373.3543,257.2685,1
373.1296,373.3543,373.4434,313.8218,1
373.2355,373.4435,373.5290,293.4828,1
373.3447,373.5290,373.6131,268.3520,1
373.7592,373.7598,373.8227,63.5315,1
373.8260,373.8263,373.9061,80.1491,1
373.8953,373.9062,373.9868,91.5257,1
374.3611,374.3616,374.4183,57.1885,1
374.4800,374.4802,374.5419,61.9238,1
374.8359,374.8363,374.8936,57.7748,1
374.9513,374.9515,375.0143,62.9632,1
375.4024,375.4029,375.4646,62.2447,1
375.4100,375.4647,375.5510,140.9762,1
375.4854,375.5510,375.6318,146.4247,1
375.7153,375.7157,375.7758,60.4736,1
375.9611,375.9615,376.0237,62.6428,1
375.9895,376.0237,376.1099,120.3703,1
376.4837,376.4843,376.5465,62.8310,1
376.7553,376.7556,376.8129,57.6588,1
376.8454,376.8456,376.9101,64.6466,1
376.9437,376.9439,377.0098,66.0794,1
377.4360,377.4365,377.4980,62.0329,1
377.4885,377.4980,377.5836,95.1434,1
377.5318,377.5836,377.6637,131.9190,1
377.5963,377.6637,377.7434,147.0576,1
377.6395,377.7434,377.8231,183.6091,1
377.6816,377.8231,377.9030,221.4075,1
377.7200,377.9030,377.9840,263.9779,1
377.8999,377.9840,378.0643,164.3323,1
377.9122,378.0643,378.1455,233.2523,1
378.1202,378.1455,378.2260,105.8083,1
378.1512,378.2260,378.3388,187.5919,1
378.2369,378.3388,378.4237,186.8141,1
378.3392,378.4237,378.5090,169.8221,1
378.4710,378.5090,378.5915,120.4249,1
378.5915,378.5918,378.6726,81.1828,1
378.6708,378.6727,378.7535,82.6782,1
378.7329,378.7535,378.8343,101.4037,1
378.8556,378.8559,378.9216,65.9740,1
379.2519,379.2525,379.3147,62.7784,1
379.2670,379.3147,379.4009,133.8259,1
379.2796,379.4009,379.4806,200.9618,1
379.3548,379.4806,379.5610,206.1880,1
379.3971,379.5610,379.6420,244.8897,1
379.5464,379.6420,379.7224,176.0329,1
379.6204,379.7224,379.8034,183.0364,1
379.8140,379.8144,379.8863,72.2706,1
379.8332,379.8863,379.9680,134.8385,1
380.0190,380.0194,380.0808,61.8289,1
380.0956,380.0959,380.1782,82.5126,1
380.1735,380.1782,380.2592,85.6937,1
380.6206,380.6212,380.6813,60.6862,1
380.6380,380.6814,380.7681,130.1250,1
380.7144,380.7681,380.8481,133.7427,1
381.0122,381.0126,381.0710,58.7312,1
381.0594,381.0710,381.1576,98.1668,1
381.0807,381.1576,381.2376,156.9681,1
381.1141,381.2376,381.3178,203.7593,1
381.2583,381.3178,381.3991,140.7966,1
381.4377,381.4380,381.4971,59.4251,1
381.7882,381.7887,381.8490,60.8042,1
381.8528,381.8530,381.9339,81.0962,1
382.0793,382.0797,382.1380,58.6708,1
382.4194,382.4199,382.4823,62.9034,1
382.5066,382.5069,382.5746,68.0495,1
382.6295,382.6297,382.6932,63.6450,1
382.8319,382.8322,382.8902,58.3498,1
382.8359,382.8902,382.9771,141.2092,1
382.8835,382.9771,383.0570,173.4992,1
382.9775,383.0570,383.1373,159.7717,1
383.1559,383.1563,383.2238,67.8824,1
383.1601,383.2238,383.3066,146.5562,1
383.5041,383.5047,383.5677,63.6009,1
383.5880,383.5883,383.6571,69.0573,1
383.7716,383.7719,383.8343,62.6789,1
383.7775,383.8343,383.9208,143.2652,1
383.7969,383.9208,384.0007,203.7274,1
383.8506,384.0007,384.0819,231.3097,1
384.0374,384.0819,384.1632,125.7491,1
384.3417,384.3422,384.4033,61.5498,1
384.3621,384.4033,384.4890,126.9009,1
384.4355,384.4890,384.5690,133.4489,1
384.4402,384.5690,384.6498,209.6672,1
384.5622,384.6498,384.7307,168.5245,1
384.5944,384.7307,384.8115,217.1404,1
384.6457,384.8115,384.8928,247.0874,1
384.7197,384.8928,384.9740,254.2837,1
384.8623,384.9740,385.0552,192.9009,1
385.1236,385.1241,385.1848,61.1763,1
385.1621,385.1848,385.2751,113.0282,1
385.3950,385.3954,385.4579,62.8983,1
385.5126,385.5129,385.5718,59.2298,1
385.8761,385.8766,385.9389,62.7504,1
385.8767,385.9389,386.0255,148.7659,1
386.0351,386.0354,386.1109,75.7604,1
386.0763,386.1109,386.1917,115.4486,1
386.0783,386.1917,386.2730,194.6910,1
386.0837,386.2730,386.3542,270.4511,1
386.1024,386.3542,386.4354,333.0028,1
386.2291,386.4354,386.5166,287.5535,1
386.3964,386.5167,386.5979,201.4224,1
386.5583,386.5979,386.6791,120.7991,1
386.6646,386.6791,386.7883,123.7248,1
386.7334,386.7883,386.8722,138.8271,1
387.0595,387.0600,387.1192,59.7231,1
387.0846,387.1192,387.2074,122.8016,1
387.2185,387.2189,387.2909,72.3285,1
387.3492,387.3495,387.4130,63.8540,1
387.3880,387.4131,387.4971,109.1182,1
387.4087,387.4971,387.5777,169.0828,1
387.5603,387.5777,387.6590,98.6387,1
387.8659,387.8664,387.9305,64.6593,1
388.1438,388.1443,388.2078,63.9530,1
388.3132,388.3136,388.3748,61.5595,1
388.8371,388.8378,388.8996,62.4546,1
388.8455,388.8996,388.9854,139.8865,1
389.0838,389.0841,389.1448,60.9381,1
389.2518,389.2522,389.3149,63.1571,1
389.3550,389.3552,389.4189,63.8891,1
389.4813,389.4816,389.5425,61.2761,1
389.4858,389.5426,389.6288,143.0005,1
389.5011,389.6289,389.7089,207.7950,1
389.7244,389.7248,389.7933,68.8792,1
389.8614,389.8617,389.9202,58.8159,1
389.8955,389.9202,390.0069,111.3920,1
390.1201,390.1205,390.1815,61.3725,1
390.1504,390.1815,390.2681,117.6520,1
390.6187,390.6194,390.6805,61.7462,1
390.6249,390.6805,390.7661,141.2135,1
390.7824,390.7826,390.8541,71.6822,1
391.3727,391.3735,391.4346,61.9298,1
391.5303,391.5306,391.5936,63.2897,1
391.6294,391.6297,391.6937,64.2663,1
391.6659,391.6937,391.7773,111.3659,1
391.8521,391.8525,391.9145,62.4157,1
392.0685,392.0688,392.1319,63.3202,1
392.6410,392.6418,392.7041,63.0824,1
392.7123,392.7126,392.7908,78.4930,1
392.7663,392.7908,392.8715,105.2605,1
392.8728,392.8731,392.9521,79.3002,1
393.0001,393.0005,393.0608,60.7241,1
393.0879,393.0882,393.1542,66.2749,1
393.2643,393.2647,393.3267,62.3762,1
393.3233,393.3267,393.4129,89.5429,1
393.3651,393.4129,393.4926,127.5361,1
393.6704,393.6709,393.7274,57.0164,1
393.6795,393.7274,393.8147,135.2286,1
393.7418,393.8147,393.8946,152.7346,1
394.1639,394.1645,394.2271,63.1995,1
394.2916,394.2919,394.3540,62.4252,1
394.4897,394.4901,394.5515,61.7774,1
394.4946,394.5515,394.6372,142.6178,1
394.8253,394.8258,394.8861,60.8349,1
394.8300,394.8861,394.9717,141.7403,1
395.1659,395.1664,395.2272,61.2718,1
395.6451,395.6458,395.7083,63.1949,1
395.8773,395.8777,395.9378,60.4583,1
395.8878,395.9378,396.0248,136.9947,1
395.8998,396.0249,396.1049,205.1253,1
396.2227,396.2232,396.2858,63.1018,1
396.3579,396.3582,396.4214,63.4846,1
396.4089,396.4214,396.5065,97.5763,1
396.4304,396.5065,396.5861,155.7380,1
396.4662,396.5861,396.6669,200.7655,1
396.5164,396.6669,396.7482,231.7142,1
396.5915,396.7482,396.8294,237.8784,1
396.7092,396.8294,396.9106,201.4411,1
396.7210,396.9106,396.9911,270.0936,1
396.7931,396.9911,397.0723,279.2065,1
396.8347,397.0723,397.1568,322.0619,1
396.9185,397.1568,397.2595,340.9584,1
396.9319,397.2595,397.3450,413.1265,1
397.0306,397.3451,397.4308,400.2647,1
397.2106,397.4309,397.5140,303.3482,1
397.2209,397.5140,397.5964,375.5206,1
397.2731,397.5965,397.6785,405.3923,1
397.3658,397.6785,397.7599,394.0843,1
397.5207,397.7599,397.8415,320.8148,1
397.5530,397.8415,397.9227,369.6785,1
397.6003,397.9227,398.0047,404.3654,1
397.6360,398.0047,398.0876,451.5713,1
397.9115,398.0876,398.1814,269.9062,1
398.0131,398.1814,398.2710,257.9022,1
398.1379,398.2710,398.3588,220.9749,1
398.2049,398.3589,398.4435,238.5730,1
398.3302,398.4435,398.5280,197.8326,1
398.4025,398.5280,398.6112,208.7671,1
398.4503,398.6113,398.6941,243.8116,1
398.4695,398.6941,398.7759,306.4543,1
398.6105,398.7760,398.8572,246.6274,1
398.8161,398.8572,398.9398,123.7188,1
399.0135,399.0137,399.0751,61.6965,1
399.4391,399.4397,399.4996,60.4811,1
399.8259,399.8265,399.8880,62.0822,1
400.0038,400.0042,400.0639,60.1037,1
400.2008,400.2012,400.2631,62.2882,1
400.2882,400.2885,400.3551,66.8243,1
400.4438,400.4441,400.5068,63.0370,1
400.7069,400.7073,400.7695,62.6272,1
401.0135,401.0139,401.0746,61.0315,1
401.0786,401.0787,401.1591,80.5218,1
401.3745,401.3748,401.4333,58.7924,1
402.0210,402.0217,402.0817,60.7320,1
402.1793,402.1795,402.2424,63.1294,1
402.4185,402.4188,402.4814,62.8540,1
402.4216,402.4814,402.5661,144.4782,1
402.8448,402.8454,402.9048,59.9689,1
403.1537,403.1542,403.2125,58.7933,1
403.2030,403.2125,403.2994,96.4275,1
403.3307,403.3310,403.3938,63.1153,1
403.4435,403.4438,403.5070,63.5650,1
404.0380,404.0388,404.1015,63.4926,1
404.0528,404.1015,404.1866,133.8397,1
404.5726,404.5733,404.6313,58.7015,1
404.7243,404.7245,404.7847,60.3846,1
405.0514,405.0518,405.1134,62.0399,1
405.1777,405.1779,405.2405,62.7093,1
405.2153,405.2405,405.3247,109.3754,1
405.5529,405.5534,405.6132,60.2751,1
405.6773,405.6776,405.7395,62.1824,1
406.0804,406.0809,406.1410,60.5426,1
406.3998,406.4002,406.4615,61.7125,1
406.4851,406.4852,406.5508,65.7554,1
406.5264,406.5508,406.6323,105.9488,1
406.7143,406.7146,406.7747,60.3171,1
407.3563,407.3571,407.4192,62.8695,1
407.4254,407.4255,407.5047,79.3120,1
408.2631,408.2640,408.3269,63.8403,1
408.3171,408.3269,408.4120,94.8976,1
408.3406,408.4121,408.4904,149.8692,1
408.4614,408.4904,408.5703,108.9259,1
409.2053,409.2063,409.2646,59.2424,1
409.2649,409.2652,409.3517,86.7407,1
409.3099,409.3517,409.4300,120.1065,1
409.3235,409.4300,409.5097,186.1881,1
409.5427,409.5431,409.6083,65.5855,1
409.8474,409.8479,409.9081,60.6404,1
409.9879,409.9881,410.0464,58.5181,1
410.0165,410.0465,410.1331,116.6027,1
410.0448,410.1331,410.2126,167.8356,1
410.1145,410.2126,410.2923,177.8001,1
410.1303,410.2923,410.3720,241.7549,1
410.4964,410.4970,410.5601,63.7284,1
410.9065,410.9070,410.9687,62.1823,1
411.1121,411.1125,411.1728,60.6985,1
411.8132,411.8140,411.8750,61.8070,1
412.1973,412.1977,412.2574,60.1569,1
412.7680,412.7686,412.8299,61.9436,1
412.8572,412.8573,412.9218,64.6846,1
413.6134,413.6142,413.6745,61.1364,1
413.6611,413.6745,413.7595,98.3682,1
413.7385,413.7595,413.8384,99.9191,1
413.9811,413.9815,414.0430,61.8426,1
414.1572,414.1575,414.2202,63.0254,1
414.5633,414.5639,414.6221,58.8299,1
414.7485,414.7489,414.8098,61.3057,1
414.7992,414.8098,414.8951,95.8844,1
414.9256,414.9259,414.9864,60.7134,1
414.9894,414.9896,415.0682,78.8310,1
415.1204,415.1207,415.1824,61.9747,1
415.5145,415.5150,415.5751,60.6805,1
415.6159,415.6162,415.6788,62.8909,1
415.8280,415.8284,415.8893,61.2898,1
415.8561,415.8893,415.9743,118.2190,1
416.1513,416.1518,416.2115,60.1841,1
416.6301,416.6308,416.6887,58.5729,1
416.7452,416.7455,416.8069,61.6723,1
417.3751,417.3758,417.4350,59.8962,1
417.5905,417.5909,417.6522,61.6406,1
417.9175,417.9180,417.9781,60.5856,1
418.0754,418.0756,418.1376,62.2885,1
418.9236,418.9247,418.9857,62.1137,1
419.0075,419.0078,419.0760,68.4433,1
419.2211,419.2215,419.2829,61.7935,1
419.9872,419.9881,420.0471,59.9803,1
420.0614,420.0617,420.1335,72.1394,1
420.0657,420.1336,420.2134,147.6812,1
420.2128,420.2134,420.2922,79.4209,1
420.2615,420.2922,420.3709,109.4176,1
420.3799,420.3802,420.4527,72.7667,1
420.6546,420.6551,420.7169,62.3643,1
421.0719,421.0725,421.1314,59.5739,1
421.4834,421.4840,421.5451,61.7103,1
421.5225,421.5452,421.6295,107.0494,1
422.0702,422.0710,422.1313,61.0538,1
422.1514,422.1516,422.2208,69.4231,1
422.4933,422.4939,422.5554,62.1291,1
422.7792,422.7797,422.8413,62.1385,1
422.8856,422.8858,422.9446,59.0808,1
423.4197,423.4205,423.4779,58.2201,1
423.6628,423.6632,423.7252,62.3721,1
423.8731,423.8734,423.9345,61.4194,1
424.1647,424.1651,424.2229,58.1809,1
424.2583,424.2586,424.3231,64.7890,1
424.3211,424.3231,424.4038,82.6905,1
424.6057,424.6062,424.6667,61.0436,1
425.0139,425.0145,425.0757,61.8114,1
425.3203,425.3208,425.3819,61.5439,1
425.4643,425.4647,425.5212,56.9094,1
425.5281,425.5283,425.6060,77.9320,1
425.8347,425.8351,425.8950,60.3135,1
427.2965,427.2982,427.3543,57.8090,1
427.9496,427.9504,428.0110,61.4134,1
428.6006,428.6014,428.6610,60.4664,1
429.1615,429.1623,429.2198,58.3050,1
429.4228,429.4232,429.4836,60.7990,1
429.9412,429.9419,430.0021,60.9478,1
429.9999,430.0021,430.0863,86.4216,1
430.2703,430.2707,430.3309,60.6611,1
430.3641,430.3643,430.4271,62.9784,1
430.4854,430.4857,430.5414,55.9189,1
430.4874,430.5414,430.6269,139.5669,1
431.0642,431.0650,431.1244,60.1507,1
431.1275,431.1278,431.2072,79.6280,1
431.3653,431.3658,431.4236,58.3241,1
431.7705,431.7711,431.8327,62.2102,1
432.7637,432.7649,432.8224,58.7744,1
433.2248,433.2255,433.2843,59.4863,1
433.2480,433.2843,433.3688,120.7521,1
433.3175,433.3688,433.4471,129.5867,1
433.5402,433.5405,433.5975,57.3146,1
433.5755,433.5975,433.6826,107.0482,1
433.6606,433.6826,433.7607,100.1593,1
434.4486,434.4495,434.5103,61.7302,1
434.5799,434.5802,434.6403,60.3770,1
434.6562,434.6564,434.7257,69.5425,1
434.8661,434.8665,434.9249,58.7855,1
434.9938,434.9941,435.0516,57.8770,1
435.8746,435.8756,435.9348,60.1937,1
436.0783,436.0787,436.1369,58.6527,1
436.2120,436.2123,436.2720,60.0069,1
437.0287,437.0297,437.0902,61.4941,1
437.0898,437.0902,437.1727,82.8521,1
437.5191,437.5196,437.5789,59.8859,1
437.5358,437.5790,437.6625,126.7097,1
438.2036,438.2045,438.2626,58.9915,1
438.6895,438.6902,438.7506,61.1122,1
438.9862,438.9866,439.0483,62.1289,1
439.0659,439.0660,439.1353,69.4861,1
439.5983,439.5989,439.6580,59.6517,1
439.6206,439.6580,439.7428,122.1975,1
439.8729,439.8732,439.9328,59.8853,1
439.9604,439.9607,440.0258,65.4373,1
440.0268,440.0271,440.1063,79.4677,1
440.7953,440.7963,440.8532,57.9245,1
440.9202,440.9205,440.9782,57.9979,1
440.9559,440.9782,441.0622,106.2294,1
441.1912,441.1916,441.2529,61.7093,1
441.2255,441.2530,441.3366,111.0950,1
441.9409,441.9417,442.0000,59.1381,1
442.7010,442.7020,442.7582,57.2085,1
442.8494,442.8497,442.9106,61.1954,1
442.9064,442.9106,442.9937,87.2784,1
443.2158,443.2163,443.2762,60.4069,1
443.5604,443.5610,443.6188,58.3612,1
443.6390,443.6391,443.7075,68.5634,1
443.7238,443.7241,443.7941,70.2848,1
444.0468,444.0472,444.1054,58.5934,1
444.1561,444.1563,444.2127,56.5212,1
444.3809,444.3813,444.4401,59.1357,1
444.4770,444.4773,444.5339,56.8809,1
444.9756,444.9762,445.0363,60.6867,1
444.9828,445.0363,445.1206,137.8068,1
445.6409,445.6417,445.6999,59.0268,1
446.4807,446.4817,446.5399,59.2162,1
446.5554,446.5555,446.6258,70.4050,1
446.6601,446.6605,446.7198,59.6588,1
446.7251,446.7253,446.8007,75.6192,1
447.8475,447.8488,447.9086,61.1003,1
447.8686,447.9086,447.9912,122.5342,1
448.2861,448.2866,448.3468,60.6757,1
448.3877,448.3880,448.4502,62.4103,1
448.9447,448.9454,449.0056,60.9302,1
449.1581,449.1584,449.2174,59.2513,1
449.6179,449.6185,449.6747,56.8369,1
449.8990,449.8995,449.9555,56.4906,1
450.4709,450.4717,450.5309,59.9917,1
451.1070,451.1077,451.1665,59.5593,1
451.1325,451.1665,451.2501,117.5483,1
451.2606,451.2608,451.3303,69.7264,1
451.5375,451.5379,451.5980,60.5279,1
451.5852,451.5980,451.6818,96.5857,1
452.3206,452.3215,452.3806,59.9846,1
452.5103,452.5106,452.5684,58.0463,1
452.5290,452.5684,452.6525,123.5099,1
452.7078,452.7080,452.7687,60.9764,1
452.8241,452.8244,452.8855,61.4032,1
452.8725,452.8856,452.9676,95.1470,1
453.1890,453.1895,453.2509,61.8575,1
453.2709,453.2711,453.3380,67.0779,1
453.3905,453.3907,453.4519,61.4476,1
453.4920,453.4922,453.5518,59.7973,1
453.5360,453.5518,453.6332,97.2104,1
453.5874,453.6333,453.7104,122.9495,1
453.5914,453.7104,453.7882,196.8344,1
453.6368,453.7883,453.8668,229.9282,1
453.6395,453.8668,453.9450,305.4897,1
454.3936,454.3945,454.4517,58.1145,1
454.5547,454.5551,454.6149,60.2039,1
454.7650,454.7653,454.8282,63.1897,1
454.8605,454.8608,454.9248,64.2581,1
455.2127,455.2132,455.2708,58.1172,1
455.5128,455.5132,455.5700,57.1931,1
455.5574,455.5700,455.6549,97.5114,1
455.6388,455.6549,455.7303,91.4350,1
455.6834,455.7303,455.8060,122.5929,1
455.6891,455.8060,455.8837,194.6411,1
456.2135,456.2141,456.2736,60.1887,1
456.2664,456.2737,456.3569,90.5632,1
456.2720,456.3570,456.4346,162.5775,1
456.3770,456.4346,456.5128,135.8347,1
456.5731,456.5735,456.6297,56.6139,1
456.7203,456.7207,456.7810,60.6573,1
457.0832,457.0836,457.1437,60.4925,1
457.3509,457.3512,457.4121,61.1833,1
458.2048,458.2058,458.2641,59.2666,1
458.3138,458.3140,458.3700,56.2361,1
458.8263,458.8269,458.8873,61.0913,1
459.1189,459.1193,459.1790,60.0483,1
459.3126,459.3129,459.3686,56.0671,1
459.5543,459.5546,459.6130,58.6840,1
459.5882,459.6130,459.6967,108.5552,1
459.6376,459.6968,459.7744,136.7683,1
459.8026,459.8030,459.8675,64.8591,1
460.5532,460.5542,460.6098,56.5719,1
460.5651,460.6098,460.6966,131.5340,1
460.8166,460.8170,460.8767,60.0652,1
460.8679,460.8767,460.9624,94.5037,1
460.9956,460.9959,461.0553,59.6912,1
461.0030,461.0554,461.1389,135.8855,1
461.1138,461.1389,461.2163,102.5416,1
461.4886,461.4891,461.5491,60.5117,1
461.6471,461.6474,461.7080,60.9649,1
461.7002,461.7081,461.7909,90.6311,1
461.8405,461.8408,461.8996,59.0561,1
462.8225,462.8237,462.8822,59.6924,1
463.0160,463.0164,463.0763,60.2358,1
463.4331,463.4337,463.4896,56.4787,1
463.5116,463.5119,463.5795,67.8609,1
463.7005,463.7009,463.7601,59.5521,1
464.8396,464.8410,464.9001,60.4528,1
465.0205,465.0209,465.0811,60.5220,1
465.2613,465.2617,465.3222,60.9272,1
465.3054,465.3223,465.4040,98.5845,1
465.4815,465.4818,465.5398,58.3584,1
465.9073,465.9078,465.9669,59.5824,1
466.2303,466.2308,466.2886,58.2677,1
466.5375,466.5380,466.5962,58.7357,1
466.7298,466.7302,466.7866,56.7811,1
466.8443,466.8446,466.9058,61.4444,1
467.0668,467.0672,467.1240,57.2399,1
467.3034,467.3037,467.3599,56.4837,1
467.4889,467.4892,467.5452,56.3014,1
467.5281,467.5452,467.6290,100.9425,1
467.5612,467.6290,467.7064,145.1840,1
467.7204,467.7207,467.7880,67.5856,1
468.5757,468.5767,468.6356,59.9458,1
468.8927,468.8932,468.9489,56.1974,1
468.9989,468.9991,469.0597,60.8649,1
469.0925,469.0927,469.1532,60.6957,1
469.3161,469.3166,469.3744,58.2983,1
469.9049,469.9057,469.9633,58.3147,1
470.2471,470.2477,470.3044,57.2105,1
470.7204,470.7210,470.7816,61.2131,1
471.4337,471.4346,471.4916,57.9522,1
471.5052,471.5053,471.5765,71.3494,1
472.2733,472.2743,472.3312,57.8818,1
472.4936,472.4940,472.5491,55.5079,1
472.6997,472.7000,472.7581,58.4045,1
473.1945,473.1951,473.2527,58.2361,1
473.1946,473.2528,473.3355,140.9753,1
473.3953,473.3956,473.4534,58.0977,1
474.0097,474.0104,474.0658,56.1489,1
474.0505,474.0658,474.1514,100.8880,1
474.1038,474.1514,474.2289,125.1392,1
474.2112,474.2290,474.3062,94.9581,1
474.2206,474.3062,474.3833,162.6513,1
474.2285,474.3833,474.4618,233.3137,1
474.4534,474.4618,474.5388,85.3586,1
474.5115,474.5388,474.6166,105.1380,1
474.7686,474.7691,474.8286,60.0088,1
474.8491,474.8494,474.9160,66.8329,1
475.0906,475.0910,475.1499,59.2679,1
475.1776,475.1779,475.2433,65.6581,1
475.8005,475.8013,475.8611,60.6106,1
475.9866,475.9870,476.0457,59.0638,1
476.7506,476.7516,476.8091,58.4858,1
477.2485,477.2492,477.3079,59.4267,1
478.1944,478.1956,478.2536,59.2681,1
478.2045,478.2537,478.3366,132.1118,1
478.2176,478.3366,478.4138,196.1972,1
478.4766,478.4771,478.5358,59.1877,1
479.0189,479.0196,479.0800,61.0890,1
479.1055,479.1057,479.1690,63.5608,1
479.4381,479.4385,479.4956,57.5320,1
479.9157,479.9164,479.9761,60.3735,1
