2026/10/02 12:02:02.954, 67.80, 1695, 150.00, 0, 60
2026/10/02 12:02:03.158, 67.77, 1695, 150.00, 0, 60
2026/10/02 12:02:03.359, 67.71, 1695, 150.00, 0, 60
2026/10/02 12:02:03.559, 68.17, 1695, 150.00, 0, 60
2026/10/02 12:02:03.759, 67.65, 1695, 150.00, 0, 60
2026/10/02 12:02:03.960, 67.65, 1695, 150.00, 0, 60
2026/10/02 12:02:04.160, 70.01, 1695, 150.00, 0, 60
2026/10/02 12:02:04.361, 70.17, 1695, 150.00, 3, 60
2026/10/02 12:02:04.561, 70.21, 1695, 150.00, 5, 60
2026/10/02 12:02:04.762, 78.29, 1215, 150.00, 0, 61
2026/10/02 12:02:04.962, 76.20, 1680, 150.00, 0, 60
2026/10/02 12:02:05.162, 75.81, 1695, 150.00, 0, 60
2026/10/02 12:02:05.363, 83.23, 1170, 150.00, 0, 61
2026/10/02 12:02:05.563, 82.69, 1680, 150.00, 0, 60
2026/10/02 12:02:05.764, 92.03, 1665, 150.00, 56, 60
2026/10/02 12:02:05.964, 84.23, 1590, 150.00, 0, 60
2026/10/02 12:02:06.165, 89.86, 1605, 150.00, 89, 61
2026/10/02 12:02:06.365, 89.82, 1680, 150.00, 0, 60
2026/10/02 12:02:06.566, 81.92, 1695, 150.00, 0, 60
2026/10/02 12:02:06.766, 81.18, 735, 150.00, 0, 62
2026/10/02 12:02:06.967, 80.48, 1680, 150.00, 46, 60
2026/10/02 12:02:07.167, 81.17, 765, 150.00, 0, 61
2026/10/02 12:02:07.367, 80.97, 1680, 150.00, 49, 60
2026/10/02 12:02:07.568, 80.99, 1680, 150.00, 0, 60
2026/10/02 12:02:07.768, 80.93, 1695, 150.00, 0, 60
2026/10/02 12:02:07.969, 72.96, 1695, 150.00, 0, 60
2026/10/02 12:02:08.169, 84.56, 1665, 150.00, 48, 60
2026/10/02 12:02:08.370, 78.37, 1680, 150.00, 0, 60
2026/10/02 12:02:08.570, 78.48, 1695, 150.00, 0, 60
2026/10/02 12:02:08.771, 90.46, 810, 150.00, 8, 62
2026/10/02 12:02:08.971, 89.54, 1680, 150.00, 35, 60
2026/10/02 12:02:09.171, 91.02, 1650, 150.00, 30, 60
2026/10/02 12:02:09.372, 111.99, 795, 150.00, 43, 62
2026/10/02 12:02:09.573, 125.38, 675, 150.00, 77, 62
2026/10/02 12:02:09.773, 119.11, 1575, 150.00, 26, 61
2026/10/02 12:02:09.974, 114.00, 1440, 150.00, 0, 62
2026/10/02 12:02:10.174, 99.48, 1680, 150.00, 0, 60
2026/10/02 12:02:10.375, 97.41, 1185, 150.00, 0, 61
2026/10/02 12:02:10.575, 88.58, 1680, 150.00, 0, 60
2026/10/02 12:02:10.776, 76.17, 1050, 150.00, 0, 61
2026/10/02 12:02:10.976, 76.10, 1680, 150.00, 57, 60
2026/10/02 12:02:11.177, 75.07, 1680, 150.00, 0, 60
2026/10/02 12:02:11.377, 75.11, 1695, 150.00, 0, 60
2026/10/02 12:02:11.578, 87.84, 780, 150.00, 25, 62
2026/10/02 12:02:11.778, 111.69, 1125, 150.00, 100, 63
2026/10/02 12:02:11.979, 119.64, 960, 150.00, 58, 62
2026/10/02 12:02:12.180, 127.95, 1515, 150.00, 58, 62
2026/10/02 12:02:12.381, 137.36, 645, 150.00, 14, 63
2026/10/02 12:02:12.581, 114.34, 1680, 150.00, 0, 61
2026/10/02 12:02:12.782, 98.48, 1680, 150.00, 0, 61
2026/10/02 12:02:12.982, 94.93, 1590, 150.00, 48, 61
2026/10/02 12:02:13.183, 83.64, 1680, 150.00, 0, 60
2026/10/02 12:02:13.383, 79.35, 1695, 150.00, 0, 60
2026/10/02 12:02:13.583, 70.84, 630, 150.00, 2, 61
2026/10/02 12:02:13.784, 77.81, 1635, 150.00, 39, 61
2026/10/02 12:02:13.985, 72.89, 1680, 150.00, 0, 60
2026/10/02 12:02:14.185, 82.07, 780, 150.00, 86, 62
2026/10/02 12:02:14.386, 81.02, 1680, 150.00, 0, 61
2026/10/02 12:02:14.586, 96.00, 990, 150.00, 30, 62
2026/10/02 12:02:14.787, 97.09, 1380, 150.00, 44, 61
2026/10/02 12:02:14.987, 101.29, 1680, 150.00, 0, 61
2026/10/02 12:02:15.188, 101.35, 1035, 150.00, 0, 60
2026/10/02 12:02:15.388, 100.19, 1575, 150.00, 59, 61
2026/10/02 12:02:15.589, 100.22, 1125, 150.00, 0, 61
2026/10/02 12:02:15.790, 76.65, 1680, 150.00, 0, 61
2026/10/02 12:02:15.990, 74.12, 1680, 150.00, 0, 60
2026/10/02 12:02:16.191, 88.14, 1635, 150.00, 34, 61
2026/10/02 12:02:16.391, 94.93, 1170, 150.00, 37, 62
2026/10/02 12:02:16.592, 108.20, 1635, 150.00, 32, 61
2026/10/02 12:02:16.792, 118.47, 1650, 150.00, 19, 61
2026/10/02 12:02:16.993, 130.48, 1305, 150.00, 48, 62
2026/10/02 12:02:17.193, 115.28, 1680, 150.00, 0, 61
2026/10/02 12:02:17.394, 126.99, 900, 150.00, 52, 62
2026/10/02 12:02:17.594, 103.63, 1680, 150.00, 0, 61
2026/10/02 12:02:17.795, 91.83, 1065, 150.00, 0, 61
2026/10/02 12:02:17.996, 104.90, 795, 150.00, 100, 62
2026/10/02 12:02:18.196, 103.86, 1650, 150.00, 22, 61
2026/10/02 12:02:18.397, 103.88, 600, 150.00, 2, 62
2026/10/02 12:02:18.597, 88.14, 1680, 150.00, 0, 61
2026/10/02 12:02:18.798, 95.35, 1470, 150.00, 57, 61
2026/10/02 12:02:18.998, 110.77, 825, 150.00, 100, 62
2026/10/02 12:02:19.198, 91.66, 1050, 150.00, 0, 61
2026/10/02 12:02:19.399, 106.72, 795, 150.00, 100, 63
2026/10/02 12:02:19.599, 106.89, 615, 150.00, 1, 63
2026/10/02 12:02:19.800, 112.97, 1635, 150.00, 41, 62
2026/10/02 12:02:20.000, 93.53, 1680, 150.00, 0, 61
2026/10/02 12:02:20.201, 95.53, 1425, 150.00, 58, 61
2026/10/02 12:02:20.401, 88.37, 1080, 150.00, 0, 61
2026/10/02 12:02:20.602, 81.85, 690, 150.00, 0, 61
2026/10/02 12:02:20.802, 74.20, 1110, 150.00, 0, 61
2026/10/02 12:02:21.003, 84.44, 1440, 150.00, 60, 62
2026/10/02 12:02:21.203, 84.07, 1680, 150.00, 0, 61
2026/10/02 12:02:21.404, 75.64, 1695, 150.00, 0, 61
2026/10/02 12:02:21.604, 75.20, 1695, 150.00, 0, 60
2026/10/02 12:02:21.805, 89.73, 660, 150.00, 22, 62
2026/10/02 12:02:22.005, 104.23, 1245, 150.00, 98, 62
2026/10/02 12:02:22.206, 95.77, 1680, 150.00, 0, 61
2026/10/02 12:02:22.406, 95.79, 1695, 150.00, 0, 61
2026/10/02 12:02:22.607, 115.97, 1200, 150.00, 100, 62
2026/10/02 12:02:22.807, 115.27, 1680, 150.00, 0, 61
2026/10/02 12:02:23.008, 97.67, 1515, 150.00, 58, 61
2026/10/02 12:02:23.208, 89.99, 1680, 150.00, 0, 61
2026/10/02 12:02:23.409, 104.11, 1050, 150.00, 100, 62
2026/10/02 12:02:23.609, 90.63, 1680, 150.00, 0, 61
2026/10/02 12:02:23.810, 83.19, 1605, 150.00, 59, 61
2026/10/02 12:02:24.010, 93.79, 645, 150.00, 15, 62
2026/10/02 12:02:24.211, 89.37, 870, 150.00, 0, 61
2026/10/02 12:02:24.411, 82.12, 1680, 150.00, 0, 61
2026/10/02 12:02:24.612, 75.65, 1680, 150.00, 0, 60
2026/10/02 12:02:24.812, 86.29, 1665, 150.00, 5, 61
2026/10/02 12:02:25.013, 86.91, 1680, 150.00, 0, 60
2026/10/02 12:02:25.213, 77.34, 1695, 150.00, 0, 60
2026/10/02 12:02:25.414, 91.46, 1650, 150.00, 25, 61
2026/10/02 12:02:25.614, 91.51, 1680, 150.00, 0, 60
2026/10/02 12:02:25.815, 80.48, 1695, 150.00, 0, 60
2026/10/02 12:02:26.015, 80.97, 1695, 150.00, 0, 60
2026/10/02 12:02:26.216, 93.21, 1665, 150.00, 15, 61
2026/10/02 12:02:26.416, 78.45, 1680, 150.00, 0, 60
2026/10/02 12:02:26.617, 93.53, 1065, 150.00, 31, 62
2026/10/02 12:02:26.817, 92.76, 1680, 150.00, 0, 60
2026/10/02 12:02:27.017, 101.07, 810, 150.00, 61, 62
2026/10/02 12:02:27.218, 89.65, 1680, 150.00, 0, 61
2026/10/02 12:02:27.419, 90.31, 1680, 150.00, 0, 60
2026/10/02 12:02:27.619, 90.32, 1695, 150.00, 0, 60
2026/10/02 12:02:27.819, 76.89, 630, 150.00, 0, 61
2026/10/02 12:02:28.020, 75.83, 1650, 150.00, 0, 60
2026/10/02 12:02:28.221, 73.73, 1515, 150.00, 73, 61
2026/10/02 12:02:28.421, 87.82, 1650, 150.00, 28, 61
2026/10/02 12:02:28.622, 87.71, 1680, 150.00, 0, 60
2026/10/02 12:02:28.822, 100.08, 675, 150.00, 18, 61
2026/10/02 12:02:29.023, 116.47, 1170, 150.00, 90, 62
2026/10/02 12:02:29.223, 108.28, 1680, 150.00, 0, 61
2026/10/02 12:02:29.424, 113.54, 1200, 150.00, 42, 62
2026/10/02 12:02:29.624, 113.67, 1230, 150.00, 0, 61
2026/10/02 12:02:29.825, 114.65, 1530, 150.00, 66, 61
2026/10/02 12:02:30.025, 94.79, 1680, 150.00, 0, 60
2026/10/02 12:02:30.225, 87.15, 1695, 150.00, 0, 60
2026/10/02 12:02:30.426, 78.84, 1590, 150.00, 58, 61
2026/10/02 12:02:30.626, 67.33, 1680, 150.00, 0, 60
2026/10/02 12:02:30.827, 78.13, 930, 150.00, 46, 61
2026/10/02 12:02:31.027, 86.54, 1605, 150.00, 72, 62
2026/10/02 12:02:31.228, 92.62, 1680, 150.00, 0, 61
2026/10/02 12:02:31.428, 92.65, 1680, 150.00, 0, 60
2026/10/02 12:02:31.629, 98.57, 750, 150.00, 69, 62
2026/10/02 12:02:31.829, 98.60, 1560, 150.00, 60, 62
2026/10/02 12:02:32.030, 78.24, 1680, 150.00, 0, 61
2026/10/02 12:02:32.230, 71.97, 1695, 150.00, 0, 60
2026/10/02 12:02:32.431, 72.31, 1695, 150.00, 0, 60
2026/10/02 12:02:32.631, 94.88, 1125, 150.00, 100, 62
2026/10/02 12:02:32.832, 103.71, 1185, 150.00, 37, 62
2026/10/02 12:02:33.032, 111.16, 1440, 150.00, 58, 62
2026/10/02 12:02:33.233, 117.90, 1605, 150.00, 46, 61
2026/10/02 12:02:33.433, 117.81, 1680, 150.00, 0, 61
2026/10/02 12:02:33.634, 105.33, 1005, 150.00, 60, 61
2026/10/02 12:02:33.834, 99.11, 1680, 150.00, 0, 61
2026/10/02 12:02:34.035, 86.04, 1680, 150.00, 0, 60
2026/10/02 12:02:34.235, 81.93, 1290, 150.00, 46, 62
2026/10/02 12:02:34.435, 82.47, 1680, 150.00, 0, 60
2026/10/02 12:02:34.636, 82.42, 1695, 150.00, 0, 60
2026/10/02 12:02:34.836, 78.81, 1695, 150.00, 0, 60
2026/10/02 12:02:35.037, 79.02, 1695, 150.00, 0, 60
2026/10/02 12:02:35.237, 85.97, 825, 150.00, 75, 61
2026/10/02 12:02:35.438, 73.05, 1530, 150.00, 61, 61
2026/10/02 12:02:35.638, 72.94, 1155, 150.00, 0, 60
2026/10/02 12:02:35.839, 73.81, 1680, 150.00, 0, 61
2026/10/02 12:02:36.039, 74.58, 1335, 150.00, 52, 61
2026/10/02 12:02:36.240, 90.11, 1260, 150.00, 43, 62
2026/10/02 12:02:36.440, 82.17, 1350, 150.00, 60, 61
2026/10/02 12:02:36.641, 97.66, 810, 150.00, 100, 63
2026/10/02 12:02:36.842, 112.20, 1155, 150.00, 100, 62
2026/10/02 12:02:37.042, 119.09, 1410, 150.00, 58, 63
2026/10/02 12:02:37.242, 130.75, 825, 150.00, 24, 62
2026/10/02 12:02:37.443, 138.71, 1365, 150.00, 100, 62
2026/10/02 12:02:37.644, 145.13, 1650, 150.00, 27, 62
2026/10/02 12:02:37.844, 129.62, 1680, 150.00, 0, 61
2026/10/02 12:02:38.044, 122.25, 1245, 150.00, 0, 61
2026/10/02 12:02:38.245, 116.35, 1575, 150.00, 59, 62
2026/10/02 12:02:38.446, 90.17, 1680, 150.00, 0, 61
2026/10/02 12:02:38.646, 68.78, 1695, 150.00, 0, 60
2026/10/02 12:02:38.846, 82.27, 1290, 150.00, 44, 62
2026/10/02 12:02:39.047, 82.80, 1560, 150.00, 60, 61
2026/10/02 12:02:39.248, 97.74, 660, 150.00, 41, 63
2026/10/02 12:02:39.448, 96.17, 1680, 150.00, 0, 61
2026/10/02 12:02:39.649, 96.08, 1680, 150.00, 0, 61
2026/10/02 12:02:39.849, 96.10, 1695, 150.00, 0, 60
2026/10/02 12:02:40.049, 84.05, 1695, 150.00, 0, 60
2026/10/02 12:02:40.250, 81.39, 660, 150.00, 18, 62
2026/10/02 12:02:40.451, 85.20, 825, 150.00, 100, 62
2026/10/02 12:02:40.651, 92.26, 1665, 150.00, 19, 61
2026/10/02 12:02:40.852, 105.85, 1650, 150.00, 24, 61
2026/10/02 12:02:41.052, 114.82, 1425, 150.00, 58, 62
2026/10/02 12:02:41.252, 127.75, 705, 150.00, 21, 62
2026/10/02 12:02:41.453, 122.88, 660, 150.00, 10, 62
2026/10/02 12:02:41.653, 106.90, 615, 150.00, 2, 62
2026/10/02 12:02:41.854, 92.04, 1680, 150.00, 0, 61
2026/10/02 12:02:42.054, 103.91, 1665, 150.00, 9, 61
2026/10/02 12:02:42.255, 109.91, 705, 150.00, 31, 62
2026/10/02 12:02:42.455, 116.98, 1200, 150.00, 49, 63
2026/10/02 12:02:42.656, 110.39, 1680, 150.00, 0, 61
2026/10/02 12:02:42.856, 112.94, 1560, 150.00, 61, 61
2026/10/02 12:02:43.057, 101.13, 1680, 150.00, 0, 61
2026/10/02 12:02:43.257, 109.84, 1455, 150.00, 59, 61
2026/10/02 12:02:43.457, 87.46, 1680, 150.00, 0, 60
2026/10/02 12:02:43.658, 86.44, 1665, 150.00, 5, 61
2026/10/02 12:02:43.859, 95.43, 1620, 150.00, 43, 61
2026/10/02 12:02:44.059, 94.10, 1680, 150.00, 0, 60
2026/10/02 12:02:44.259, 94.09, 1695, 150.00, 0, 60
2026/10/02 12:02:44.460, 86.32, 1695, 150.00, 0, 60
2026/10/02 12:02:44.660, 75.55, 630, 150.00, 0, 61
2026/10/02 12:02:44.861, 65.05, 1680, 150.00, 0, 60
2026/10/02 12:02:45.061, 66.12, 1680, 150.00, 0, 60
2026/10/02 12:02:45.262, 66.11, 1695, 150.00, 0, 60
2026/10/02 12:02:45.462, 74.74, 630, 150.00, 11, 61
2026/10/02 12:02:45.663, 81.96, 1440, 150.00, 59, 61
2026/10/02 12:02:45.863, 82.31, 1395, 150.00, 0, 60
2026/10/02 12:02:46.064, 85.13, 1680, 150.00, 0, 60
2026/10/02 12:02:46.264, 85.06, 1680, 150.00, 0, 60
2026/10/02 12:02:46.465, 98.24, 1635, 150.00, 33, 60
2026/10/02 12:02:46.665, 90.77, 1590, 150.00, 58, 61
2026/10/02 12:02:46.866, 93.24, 1455, 150.00, 83, 61
2026/10/02 12:02:47.066, 90.19, 1680, 150.00, 0, 60
2026/10/02 12:02:47.267, 102.72, 1635, 150.00, 35, 61
2026/10/02 12:02:47.467, 88.60, 1680, 150.00, 0, 60
2026/10/02 12:02:47.668, 89.56, 1695, 150.00, 0, 60
2026/10/02 12:02:47.868, 81.01, 1095, 150.00, 0, 60
2026/10/02 12:02:48.069, 79.45, 1680, 150.00, 0, 60
2026/10/02 12:02:48.269, 67.16, 1590, 150.00, 52, 60
2026/10/02 12:02:48.470, 68.74, 1560, 150.00, 58, 61
2026/10/02 12:02:48.670, 68.48, 1680, 150.00, 0, 60
2026/10/02 12:02:48.871, 79.72, 1620, 150.00, 40, 60
2026/10/02 12:02:49.071, 79.17, 1680, 150.00, 0, 60
2026/10/02 12:02:49.272, 77.37, 1695, 150.00, 0, 60
2026/10/02 12:02:49.472, 78.62, 1590, 150.00, 52, 60
2026/10/02 12:02:49.673, 78.01, 1680, 150.00, 0, 60
2026/10/02 12:02:49.873, 65.73, 1695, 150.00, 0, 60
2026/10/02 12:02:50.074, 66.84, 1695, 150.00, 0, 60
2026/10/02 12:02:50.274, 74.44, 810, 150.00, 72, 61
2026/10/02 12:02:50.475, 80.50, 1620, 150.00, 46, 61
2026/10/02 12:02:50.675, 98.02, 825, 150.00, 77, 62
2026/10/02 12:02:50.876, 97.86, 1680, 150.00, 0, 61
2026/10/02 12:02:51.076, 97.86, 1680, 150.00, 0, 60
2026/10/02 12:02:51.277, 97.84, 1695, 150.00, 0, 60
2026/10/02 12:02:51.477, 95.71, 1635, 150.00, 31, 60
2026/10/02 12:02:51.678, 87.24, 1680, 150.00, 0, 60
2026/10/02 12:02:51.878, 80.34, 1695, 150.00, 0, 60
2026/10/02 12:02:52.079, 93.95, 1635, 150.00, 33, 60
2026/10/02 12:02:52.279, 106.87, 1185, 150.00, 40, 61
2026/10/02 12:02:52.480, 94.85, 1515, 150.00, 57, 61
2026/10/02 12:02:52.680, 95.42, 1680, 150.00, 0, 60
2026/10/02 12:02:52.881, 95.69, 1590, 150.00, 57, 61
2026/10/02 12:02:53.081, 81.97, 1560, 150.00, 60, 60
2026/10/02 12:02:53.282, 96.75, 1650, 150.00, 27, 60
2026/10/02 12:02:53.482, 84.43, 1680, 150.00, 0, 60
2026/10/02 12:02:53.683, 81.51, 1050, 150.00, 0, 60
2026/10/02 12:02:53.883, 81.53, 1680, 150.00, 0, 60
2026/10/02 12:02:54.084, 81.40, 1470, 150.00, 0, 60
2026/10/02 12:02:54.284, 77.24, 1680, 150.00, 6, 60
2026/10/02 12:02:54.485, 92.07, 1290, 150.00, 0, 61
2026/10/02 12:02:54.686, 91.84, 855, 150.00, 32, 61
2026/10/02 12:02:54.887, 90.81, 915, 150.00, 53, 60
2026/10/02 12:02:55.087, 98.79, 1650, 150.00, 68, 61
2026/10/02 12:02:55.288, 90.06, 1665, 150.00, 6, 61
2026/10/02 12:02:55.488, 98.34, 1560, 150.00, 0, 61
2026/10/02 12:02:55.689, 83.99, 840, 150.00, 0, 60
2026/10/02 12:02:55.889, 87.27, 735, 150.00, 56, 61
2026/10/02 12:02:56.090, 78.68, 1680, 150.00, 64, 60
2026/10/02 12:02:56.290, 74.84, 1650, 150.00, 0, 61
2026/10/02 12:02:56.491, 75.82, 1680, 150.00, 0, 60
2026/10/02 12:02:56.691, 67.96, 1695, 150.00, 0, 60
2026/10/02 12:02:56.892, 64.88, 1245, 150.00, 0, 60
2026/10/02 12:02:57.093, 75.07, 1680, 150.00, 56, 60
2026/10/02 12:02:57.293, 75.14, 1455, 150.00, 0, 60
2026/10/02 12:02:57.494, 97.61, 1185, 150.00, 51, 61
2026/10/02 12:02:57.694, 96.53, 1680, 150.00, 41, 60
2026/10/02 12:02:57.895, 96.54, 930, 150.00, 0, 60
2026/10/02 12:02:58.095, 92.54, 600, 150.00, 58, 60
2026/10/02 12:02:58.296, 93.00, 1680, 150.00, 58, 60
2026/10/02 12:02:58.496, 82.08, 1335, 150.00, 0, 60
2026/10/02 12:02:58.697, 82.52, 1395, 150.00, 53, 60
2026/10/02 12:02:58.898, 101.22, 825, 150.00, 52, 62
2026/10/02 12:02:59.098, 95.12, 1680, 150.00, 74, 60
2026/10/02 12:02:59.299, 104.27, 1560, 150.00, 0, 62
2026/10/02 12:02:59.499, 104.04, 1680, 150.00, 0, 60
2026/10/02 12:02:59.700, 105.79, 1500, 150.00, 0, 61
2026/10/02 12:02:59.900, 94.73, 1680, 150.00, 9, 60
2026/10/02 12:03:00.101, 86.18, 1650, 150.00, 0, 60
2026/10/02 12:03:00.301, 92.95, 810, 150.00, 0, 62
2026/10/02 12:03:00.502, 83.39, 1680, 150.00, 59, 60
2026/10/02 12:03:00.702, 83.33, 1695, 150.00, 0, 60
2026/10/02 12:03:00.903, 83.33, 1500, 150.00, 0, 61
2026/10/02 12:03:01.103, 81.83, 690, 150.00, 12, 61
2026/10/02 12:03:01.304, 81.90, 1680, 150.00, 59, 60
2026/10/02 12:03:01.504, 76.11, 1680, 150.00, 0, 60
2026/10/02 12:03:01.705, 76.24, 1695, 150.00, 0, 60
2026/10/02 12:03:01.905, 76.28, 1695, 150.00, 0, 60
2026/10/02 12:03:02.106, 65.08, 1695, 150.00, 0, 59
2026/10/02 12:03:02.306, 82.40, 810, 150.00, 0, 61
2026/10/02 12:03:02.507, 89.92, 1335, 150.00, 99, 60
2026/10/02 12:03:02.707, 99.74, 1680, 150.00, 53, 60
2026/10/02 12:03:02.908, 99.64, 1680, 150.00, 0, 60
2026/10/02 12:03:03.108, 99.58, 1695, 150.00, 0, 60
2026/10/02 12:03:03.309, 90.54, 1620, 150.00, 0, 60
2026/10/02 12:03:03.509, 77.42, 750, 150.00, 0, 61
2026/10/02 12:03:03.710, 82.95, 1470, 150.00, 98, 62
2026/10/02 12:03:03.910, 82.96, 1680, 150.00, 20, 60
2026/10/02 12:03:04.111, 94.28, 1680, 150.00, 46, 60
2026/10/02 12:03:04.311, 117.12, 1545, 150.00, 33, 62
2026/10/02 12:03:04.512, 115.70, 1680, 150.00, 8, 60
2026/10/02 12:03:04.712, 107.77, 1695, 150.00, 0, 60
2026/10/02 12:03:04.913, 100.44, 1695, 150.00, 0, 60
2026/10/02 12:03:05.113, 100.28, 1680, 150.00, 20, 60
2026/10/02 12:03:05.314, 86.01, 1680, 150.00, 0, 60
2026/10/02 12:03:05.514, 78.39, 615, 150.00, 0, 59
2026/10/02 12:03:05.715, 78.30, 1680, 150.00, 56, 60
2026/10/02 12:03:05.915, 78.21, 1680, 150.00, 0, 60
2026/10/02 12:03:06.116, 65.37, 1695, 150.00, 0, 59
2026/10/02 12:03:06.316, 76.49, 1560, 150.00, 0, 60
2026/10/02 12:03:06.517, 85.09, 1155, 150.00, 2, 61
2026/10/02 12:03:06.717, 100.80, 705, 150.00, 54, 61
2026/10/02 12:03:06.918, 116.05, 1530, 150.00, 100, 62
2026/10/02 12:03:07.118, 115.61, 675, 150.00, 9, 60
2026/10/02 12:03:07.319, 114.83, 1680, 150.00, 57, 60
2026/10/02 12:03:07.519, 105.10, 1680, 150.00, 0, 60
2026/10/02 12:03:07.720, 97.19, 1530, 150.00, 0, 61
2026/10/02 12:03:07.920, 82.91, 1680, 150.00, 6, 60
2026/10/02 12:03:08.121, 75.53, 1695, 150.00, 0, 59
2026/10/02 12:03:08.321, 76.26, 1275, 150.00, 0, 59
2026/10/02 12:03:08.522, 94.68, 810, 150.00, 54, 61
2026/10/02 12:03:08.722, 107.43, 750, 150.00, 61, 62
2026/10/02 12:03:08.923, 104.58, 1680, 150.00, 100, 60
2026/10/02 12:03:09.123, 105.34, 645, 150.00, 5, 60
2026/10/02 12:03:09.324, 105.44, 1680, 150.00, 57, 60
2026/10/02 12:03:09.524, 102.06, 750, 150.00, 0, 61
2026/10/02 12:03:09.725, 98.36, 1680, 150.00, 61, 60
2026/10/02 12:03:09.925, 77.76, 855, 150.00, 0, 61
2026/10/02 12:03:10.126, 75.50, 1680, 150.00, 53, 60
2026/10/02 12:03:10.326, 76.24, 1695, 150.00, 0, 60
2026/10/02 12:03:10.527, 87.85, 1335, 150.00, 7, 61
2026/10/02 12:03:10.727, 90.73, 1260, 150.00, 34, 61
2026/10/02 12:03:10.927, 104.85, 1350, 150.00, 34, 62
2026/10/02 12:03:11.128, 116.70, 1485, 150.00, 27, 61
2026/10/02 12:03:11.328, 116.24, 1680, 150.00, 12, 60
2026/10/02 12:03:11.529, 111.93, 900, 150.00, 0, 60
2026/10/02 12:03:11.729, 109.51, 1680, 150.00, 57, 60
2026/10/02 12:03:11.930, 96.01, 675, 150.00, 0, 60
2026/10/02 12:03:12.130, 80.97, 1680, 150.00, 59, 60
2026/10/02 12:03:12.331, 77.94, 1035, 150.00, 0, 61
2026/10/02 12:03:12.531, 76.77, 1680, 150.00, 46, 60
2026/10/02 12:03:12.732, 80.12, 1080, 150.00, 0, 61
2026/10/02 12:03:12.932, 79.37, 1680, 150.00, 48, 60
2026/10/02 12:03:13.133, 92.11, 675, 150.00, 41, 60
2026/10/02 12:03:13.333, 91.18, 660, 150.00, 58, 60
2026/10/02 12:03:13.534, 83.03, 1680, 150.00, 56, 60
2026/10/02 12:03:13.734, 83.15, 1680, 150.00, 0, 60
2026/10/02 12:03:13.935, 76.63, 1695, 150.00, 0, 60
2026/10/02 12:03:14.135, 64.21, 1695, 150.00, 0, 59
2026/10/02 12:03:14.336, 65.85, 1695, 150.00, 0, 59
2026/10/02 12:03:14.536, 65.85, 1695, 150.00, 0, 59
2026/10/02 12:03:14.737, 65.85, 1695, 150.00, 0, 59
2026/10/02 12:03:14.937, 111.33, 1695, 150.00, 0, 59
2026/10/02 12:03:15.138, 120.02, 1605, 150.00, 100, 60
2026/10/02 12:03:15.338, 126.63, 1080, 150.00, 0, 61
2026/10/02 12:03:15.539, 120.64, 1680, 150.00, 49, 60
2026/10/02 12:03:15.739, 112.90, 1695, 150.00, 0, 59
2026/10/02 12:03:15.940, 107.10, 600, 150.00, 0, 60
2026/10/02 12:03:16.140, 92.47, 1305, 150.00, 83, 61
2026/10/02 12:03:16.341, 86.18, 1680, 150.00, 36, 60
2026/10/02 12:03:16.541, 80.21, 1695, 150.00, 0, 59
2026/10/02 12:03:16.742, 84.21, 930, 150.00, 0, 60
2026/10/02 12:03:16.942, 94.04, 1680, 150.00, 77, 60
2026/10/02 12:03:17.143, 87.24, 1455, 150.00, 0, 60
2026/10/02 12:03:17.343, 99.59, 1530, 150.00, 51, 61
2026/10/02 12:03:17.544, 112.33, 1680, 150.00, 40, 60
2026/10/02 12:03:17.744, 123.79, 1665, 150.00, 18, 60
2026/10/02 12:03:17.945, 109.05, 1680, 150.00, 0, 60
2026/10/02 12:03:18.145, 110.01, 1695, 150.00, 0, 59
2026/10/02 12:03:18.346, 98.44, 1650, 150.00, 0, 60
2026/10/02 12:03:18.546, 76.24, 750, 150.00, 0, 59
2026/10/02 12:03:18.747, 69.32, 1635, 150.00, 58, 60
2026/10/02 12:03:18.947, 70.20, 1680, 150.00, 0, 60
2026/10/02 12:03:19.148, 70.22, 1695, 150.00, 0, 59
2026/10/02 12:03:19.348, 70.18, 630, 150.00, 0, 59
2026/10/02 12:03:19.549, 71.19, 1680, 150.00, 57, 59
2026/10/02 12:03:19.749, 75.89, 660, 150.00, 13, 60
2026/10/02 12:03:19.950, 84.72, 1050, 150.00, 60, 61
2026/10/02 12:03:20.150, 83.63, 1680, 150.00, 47, 60
2026/10/02 12:03:20.351, 99.26, 900, 150.00, 29, 61
2026/10/02 12:03:20.551, 97.96, 1680, 150.00, 52, 60
2026/10/02 12:03:20.752, 88.95, 1695, 150.00, 0, 59
2026/10/02 12:03:20.952, 87.93, 1695, 150.00, 0, 59
2026/10/02 12:03:21.153, 81.04, 1695, 150.00, 0, 59
2026/10/02 12:03:21.353, 78.14, 1485, 150.00, 0, 60
2026/10/02 12:03:21.554, 78.05, 1680, 150.00, 11, 59
2026/10/02 12:03:21.754, 78.06, 645, 150.00, 0, 59
2026/10/02 12:03:21.955, 79.40, 975, 150.00, 57, 59
2026/10/02 12:03:22.155, 84.05, 645, 150.00, 56, 60
2026/10/02 12:03:22.355, 83.36, 1680, 150.00, 56, 60
2026/10/02 12:03:22.556, 71.73, 1680, 150.00, 0, 59
2026/10/02 12:03:22.756, 71.74, 1695, 150.00, 0, 59
2026/10/02 12:03:22.957, 70.22, 1695, 150.00, 0, 59
2026/10/02 12:03:23.157, 64.76, 1650, 150.00, 0, 60
2026/10/02 12:03:23.358, 65.42, 1680, 150.00, 0, 59
2026/10/02 12:03:23.558, 78.42, 1680, 150.00, 22, 60
2026/10/02 12:03:23.759, 89.95, 1125, 150.00, 0, 61
2026/10/02 12:03:23.959, 103.64, 1380, 150.00, 43, 61
2026/10/02 12:03:24.160, 104.65, 1620, 150.00, 25, 60
2026/10/02 12:03:24.360, 117.41, 1500, 150.00, 0, 60
2026/10/02 12:03:24.561, 102.34, 1155, 150.00, 8, 60
2026/10/02 12:03:24.761, 122.06, 1530, 150.00, 57, 61
2026/10/02 12:03:24.962, 111.14, 630, 150.00, 7, 60
2026/10/02 12:03:25.162, 111.65, 1230, 150.00, 59, 61
2026/10/02 12:03:25.363, 129.93, 810, 150.00, 53, 62
2026/10/02 12:03:25.563, 125.80, 1680, 150.00, 100, 60
2026/10/02 12:03:25.764, 117.37, 1680, 150.00, 0, 60
2026/10/02 12:03:25.964, 120.25, 1680, 150.00, 42, 60
2026/10/02 12:03:26.165, 127.59, 1560, 150.00, 0, 60
2026/10/02 12:03:26.365, 103.42, 1650, 150.00, 0, 60
2026/10/02 12:03:26.566, 85.35, 1680, 150.00, 0, 60
2026/10/02 12:03:26.766, 92.84, 1275, 150.00, 3, 61
2026/10/02 12:03:26.967, 91.76, 1680, 150.00, 60, 60
2026/10/02 12:03:27.167, 97.16, 960, 150.00, 0, 61
2026/10/02 12:03:27.368, 95.51, 1260, 150.00, 60, 60
2026/10/02 12:03:27.568, 105.62, 900, 150.00, 54, 60
2026/10/02 12:03:27.769, 121.10, 810, 150.00, 67, 62
2026/10/02 12:03:27.969, 117.77, 1545, 150.00, 100, 62
2026/10/02 12:03:28.170, 118.39, 1680, 150.00, 7, 60
2026/10/02 12:03:28.370, 108.18, 1665, 150.00, 6, 60
2026/10/02 12:03:28.571, 101.20, 1620, 150.00, 0, 61
2026/10/02 12:03:28.771, 100.47, 825, 150.00, 0, 62
2026/10/02 12:03:28.972, 98.22, 720, 150.00, 100, 62
2026/10/02 12:03:29.172, 105.76, 810, 150.00, 100, 62
2026/10/02 12:03:29.373, 110.19, 1650, 150.00, 100, 62
2026/10/02 12:03:29.574, 121.99, 1530, 150.00, 0, 62
2026/10/02 12:03:29.774, 126.60, 825, 150.00, 5, 62
2026/10/02 12:03:29.975, 119.01, 1680, 150.00, 100, 61
2026/10/02 12:03:30.175, 106.03, 1680, 150.00, 0, 60
2026/10/02 12:03:30.376, 97.74, 1260, 150.00, 3, 62
2026/10/02 12:03:30.576, 102.83, 960, 150.00, 48, 61
2026/10/02 12:03:30.777, 101.13, 690, 150.00, 65, 61
2026/10/02 12:03:30.977, 101.38, 810, 150.00, 77, 63
2026/10/02 12:03:31.178, 117.95, 795, 150.00, 100, 63
2026/10/02 12:03:31.378, 133.75, 750, 150.00, 100, 63
2026/10/02 12:03:31.579, 135.38, 615, 150.00, 100, 63
2026/10/02 12:03:31.780, 141.36, 810, 150.00, 82, 63
2026/10/02 12:03:31.980, 140.76, 1680, 150.00, 100, 62
2026/10/02 12:03:32.181, 144.38, 945, 150.00, 25, 62
2026/10/02 12:03:32.381, 147.32, 795, 150.00, 72, 63
2026/10/02 12:03:32.582, 148.62, 795, 150.00, 100, 63
2026/10/02 12:03:32.782, 150.97, 795, 150.00, 100, 63
2026/10/02 12:03:32.983, 151.14, 555, 150.00, 100, 64
2026/10/02 12:03:33.183, 151.14, 750, 150.00, 100, 63
2026/10/02 12:03:33.384, 150.27, 765, 150.00, 100, 64
2026/10/02 12:03:33.584, 150.43, 1260, 150.00, 75, 63
2026/10/02 12:03:33.785, 148.72, 1185, 150.00, 45, 64
2026/10/02 12:03:33.986, 150.41, 795, 150.00, 80, 64
2026/10/02 12:03:34.186, 143.31, 1665, 150.00, 100, 63
2026/10/02 12:03:34.387, 129.07, 1680, 150.00, 0, 61
2026/10/02 12:03:34.587, 133.86, 615, 150.00, 33, 62
2026/10/02 12:03:34.788, 127.38, 810, 150.00, 88, 63
2026/10/02 12:03:34.988, 122.65, 1605, 150.00, 100, 63
2026/10/02 12:03:35.189, 119.84, 675, 150.00, 26, 62
2026/10/02 12:03:35.389, 127.75, 810, 150.00, 59, 63
2026/10/02 12:03:35.590, 113.59, 645, 150.00, 76, 62
2026/10/02 12:03:35.790, 122.33, 1170, 150.00, 77, 64
2026/10/02 12:03:35.991, 105.46, 1680, 150.00, 44, 62
2026/10/02 12:03:36.191, 88.27, 1680, 150.00, 53, 62
2026/10/02 12:03:36.392, 92.95, 1410, 150.00, 17, 63
2026/10/02 12:03:36.593, 111.01, 795, 150.00, 100, 63
2026/10/02 12:03:36.793, 110.42, 1635, 150.00, 61, 63
2026/10/02 12:03:36.994, 131.28, 795, 150.00, 100, 64
2026/10/02 12:03:37.195, 140.90, 990, 150.00, 84, 63
2026/10/02 12:03:37.395, 161.88, 1635, 150.00, 97, 63
2026/10/02 12:03:37.596, 139.16, 1680, 150.00, 0, 62
2026/10/02 12:03:37.796, 123.88, 1695, 150.00, 0, 61
2026/10/02 12:03:37.997, 112.78, 765, 150.00, 11, 62
2026/10/02 12:03:38.197, 103.48, 1185, 150.00, 33, 63
2026/10/02 12:03:38.398, 87.99, 615, 150.00, 0, 62
2026/10/02 12:03:38.599, 89.09, 990, 150.00, 77, 63
2026/10/02 12:03:38.799, 104.75, 780, 150.00, 100, 64
2026/10/02 12:03:39.000, 116.97, 990, 150.00, 70, 64
2026/10/02 12:03:39.200, 113.58, 1680, 150.00, 17, 62
2026/10/02 12:03:39.401, 129.61, 1545, 150.00, 36, 63
2026/10/02 12:03:39.601, 121.10, 1680, 150.00, 0, 62
2026/10/02 12:03:39.802, 125.90, 1680, 150.00, 34, 62
2026/10/02 12:03:40.003, 124.02, 1035, 150.00, 34, 62
2026/10/02 12:03:40.203, 128.04, 795, 150.00, 100, 63
2026/10/02 12:03:40.404, 144.31, 795, 150.00, 100, 64
2026/10/02 12:03:40.605, 146.47, 795, 150.00, 100, 64
2026/10/02 12:03:40.805, 147.78, 555, 150.00, 100, 64
2026/10/02 12:03:41.006, 147.73, 750, 150.00, 100, 64
2026/10/02 12:03:41.206, 144.71, 1080, 150.00, 80, 63
2026/10/02 12:03:41.407, 153.07, 810, 150.00, 56, 64
2026/10/02 12:03:41.608, 149.53, 750, 150.00, 12, 64
2026/10/02 12:03:41.808, 151.18, 765, 150.00, 80, 64
2026/10/02 12:03:42.009, 153.58, 765, 150.00, 18, 64
2026/10/02 12:03:42.210, 154.06, 795, 150.00, 100, 64
2026/10/02 12:03:42.410, 156.06, 795, 150.00, 100, 65
2026/10/02 12:03:42.611, 152.30, 780, 150.00, 100, 65
2026/10/02 12:03:42.811, 156.34, 690, 150.00, 100, 65
2026/10/02 12:03:43.012, 151.58, 765, 150.00, 100, 65
2026/10/02 12:03:43.213, 151.05, 780, 150.00, 100, 65
2026/10/02 12:03:43.413, 150.86, 795, 150.00, 100, 65
2026/10/02 12:03:43.614, 150.78, 1080, 150.00, 100, 65
2026/10/02 12:03:43.814, 145.21, 795, 150.00, 52, 65
2026/10/02 12:03:44.015, 139.07, 1665, 150.00, 72, 64
2026/10/02 12:03:44.215, 130.96, 795, 150.00, 86, 65
2026/10/02 12:03:44.416, 122.58, 885, 150.00, 37, 64
2026/10/02 12:03:44.616, 107.53, 1650, 150.00, 61, 64
2026/10/02 12:03:44.817, 107.25, 780, 150.00, 96, 65
2026/10/02 12:03:45.018, 104.92, 780, 150.00, 100, 65
2026/10/02 12:03:45.218, 120.47, 840, 150.00, 100, 65
2026/10/02 12:03:45.419, 115.03, 630, 150.00, 23, 64
2026/10/02 12:03:45.619, 132.16, 1155, 150.00, 95, 65
2026/10/02 12:03:45.820, 130.92, 1680, 150.00, 0, 63
2026/10/02 12:03:46.020, 129.43, 795, 150.00, 21, 64
2026/10/02 12:03:46.221, 129.39, 660, 150.00, 100, 65
2026/10/02 12:03:46.422, 122.08, 1665, 150.00, 82, 64
2026/10/02 12:03:46.622, 114.18, 1410, 150.00, 0, 63
2026/10/02 12:03:46.823, 129.83, 795, 150.00, 100, 65
2026/10/02 12:03:47.023, 140.15, 750, 150.00, 9, 65
2026/10/02 12:03:47.224, 134.02, 1590, 150.00, 96, 65
2026/10/02 12:03:47.424, 116.74, 1665, 150.00, 61, 64
2026/10/02 12:03:47.625, 123.53, 780, 150.00, 63, 65
2026/10/02 12:03:47.825, 109.86, 720, 150.00, 0, 65
2026/10/02 12:03:48.026, 111.72, 795, 150.00, 100, 65
2026/10/02 12:03:48.226, 114.58, 1230, 150.00, 100, 65
2026/10/02 12:03:48.427, 117.59, 1590, 150.00, 48, 65
2026/10/02 12:03:48.627, 117.71, 1680, 150.00, 0, 63
2026/10/02 12:03:48.828, 128.61, 990, 150.00, 50, 65
2026/10/02 12:03:49.028, 141.59, 750, 150.00, 73, 65
2026/10/02 12:03:49.229, 137.53, 1650, 150.00, 83, 65
2026/10/02 12:03:49.430, 142.84, 1680, 150.00, 37, 64
2026/10/02 12:03:49.630, 132.56, 735, 150.00, 58, 64
2026/10/02 12:03:49.831, 134.26, 795, 150.00, 100, 65
2026/10/02 12:03:50.031, 133.91, 780, 150.00, 67, 65
2026/10/02 12:03:50.232, 134.34, 690, 150.00, 72, 65
2026/10/02 12:03:50.432, 137.57, 780, 150.00, 20, 65
2026/10/02 12:03:50.633, 153.79, 780, 150.00, 100, 65
2026/10/02 12:03:50.833, 161.63, 780, 150.00, 100, 66
2026/10/02 12:03:51.034, 153.60, 1680, 150.00, 21, 64
2026/10/02 12:03:51.234, 134.30, 1680, 150.00, 0, 63
2026/10/02 12:03:51.435, 121.06, 1020, 150.00, 63, 65
2026/10/02 12:03:51.635, 101.51, 1680, 150.00, 0, 63
2026/10/02 12:03:51.836, 85.99, 1665, 150.00, 60, 64
2026/10/02 12:03:52.036, 77.14, 1335, 150.00, 91, 65
2026/10/02 12:03:52.237, 82.46, 1635, 150.00, 60, 65
2026/10/02 12:03:52.437, 82.07, 1680, 150.00, 0, 63
2026/10/02 12:03:52.638, 80.00, 1665, 150.00, 58, 63
2026/10/02 12:03:52.839, 86.82, 1395, 150.00, 98, 65
2026/10/02 12:03:53.039, 100.54, 750, 150.00, 47, 65
2026/10/02 12:03:53.240, 109.77, 780, 150.00, 100, 65
2026/10/02 12:03:53.440, 119.73, 1305, 150.00, 100, 66
2026/10/02 12:03:53.641, 130.88, 795, 150.00, 45, 65
2026/10/02 12:03:53.841, 152.40, 810, 150.00, 26, 65
2026/10/02 12:03:54.042, 156.62, 1470, 150.00, 48, 66
2026/10/02 12:03:54.242, 157.92, 795, 150.00, 50, 65
2026/10/02 12:03:54.443, 155.82, 780, 150.00, 79, 66
2026/10/02 12:03:54.643, 167.34, 780, 150.00, 79, 66
2026/10/02 12:03:54.844, 154.94, 1680, 150.00, 15, 64
2026/10/02 12:03:55.044, 139.38, 795, 150.00, 59, 65
2026/10/02 12:03:55.245, 134.51, 1665, 150.00, 64, 65
2026/10/02 12:03:55.445, 121.90, 1680, 150.00, 49, 64
2026/10/02 12:03:55.646, 107.98, 615, 150.00, 0, 63
2026/10/02 12:03:55.846, 103.89, 660, 150.00, 91, 65
2026/10/02 12:03:56.047, 120.49, 780, 150.00, 95, 65
2026/10/02 12:03:56.248, 110.75, 615, 150.00, 45, 64
2026/10/02 12:03:56.448, 108.48, 1050, 150.00, 0, 64
2026/10/02 12:03:56.649, 126.38, 1290, 150.00, 28, 65
2026/10/02 12:03:56.849, 115.67, 600, 150.00, 0, 64
2026/10/02 12:03:57.050, 111.29, 585, 150.00, 5, 64
2026/10/02 12:03:57.250, 103.46, 990, 150.00, 0, 64
2026/10/02 12:03:57.450, 114.21, 1380, 150.00, 0, 64
2026/10/02 12:03:57.651, 112.83, 780, 150.00, 100, 65
2026/10/02 12:03:57.852, 129.24, 780, 150.00, 100, 66
2026/10/02 12:03:58.052, 132.82, 780, 150.00, 100, 66
2026/10/02 12:03:58.253, 136.66, 1575, 150.00, 43, 66
2026/10/02 12:03:58.453, 137.47, 1680, 150.00, 0, 64
2026/10/02 12:03:58.654, 115.64, 1695, 150.00, 0, 63
2026/10/02 12:03:58.854, 100.44, 1695, 150.00, 0, 63
2026/10/02 12:03:59.055, 101.50, 765, 150.00, 14, 64
2026/10/02 12:03:59.255, 96.06, 780, 150.00, 100, 65
2026/10/02 12:03:59.456, 107.45, 660, 150.00, 62, 65
2026/10/02 12:03:59.656, 118.76, 885, 150.00, 6, 64
2026/10/02 12:03:59.857, 125.99, 1635, 150.00, 98, 65
2026/10/02 12:04:00.057, 128.49, 1560, 150.00, 43, 65
2026/10/02 12:04:00.258, 113.64, 1680, 150.00, 0, 63
2026/10/02 12:04:00.458, 130.90, 765, 150.00, 30, 65
2026/10/02 12:04:00.659, 122.11, 1680, 150.00, 13, 64
2026/10/02 12:04:00.859, 116.98, 840, 150.00, 9, 65
2026/10/02 12:04:01.060, 111.86, 1605, 150.00, 100, 65
2026/10/02 12:04:01.260, 123.82, 1680, 150.00, 0, 63
2026/10/02 12:04:01.461, 111.83, 630, 150.00, 46, 64
2026/10/02 12:04:01.661, 112.36, 1620, 150.00, 59, 65
2026/10/02 12:04:01.862, 117.64, 1590, 150.00, 47, 65
2026/10/02 12:04:02.062, 114.24, 975, 150.00, 0, 63
2026/10/02 12:04:02.263, 121.58, 1635, 150.00, 92, 65
2026/10/02 12:04:02.463, 125.91, 780, 150.00, 97, 65
2026/10/02 12:04:02.664, 123.71, 780, 150.00, 100, 65
2026/10/02 12:04:02.864, 133.19, 780, 150.00, 99, 65
2026/10/02 12:04:03.065, 148.40, 1680, 150.00, 27, 64
2026/10/02 12:04:03.266, 145.26, 780, 150.00, 100, 65
2026/10/02 12:04:03.466, 138.55, 1680, 150.00, 0, 64
2026/10/02 12:04:03.666, 132.35, 1680, 150.00, 13, 63
2026/10/02 12:04:03.867, 130.98, 780, 150.00, 100, 65
2026/10/02 12:04:04.067, 123.57, 1680, 150.00, 0, 64
2026/10/02 12:04:04.268, 99.97, 1680, 150.00, 0, 63
2026/10/02 12:04:04.468, 92.69, 1695, 150.00, 0, 63
2026/10/02 12:04:04.669, 101.98, 1650, 150.00, 12, 64
2026/10/02 12:04:04.869, 84.44, 1680, 150.00, 0, 64
2026/10/02 12:04:05.070, 85.32, 630, 150.00, 60, 64
2026/10/02 12:04:05.270, 84.85, 1680, 150.00, 0, 64
2026/10/02 12:04:05.471, 99.44, 1680, 150.00, 26, 63
2026/10/02 12:04:05.671, 104.79, 1575, 150.00, 19, 65
2026/10/02 12:04:05.872, 96.04, 1185, 150.00, 61, 64
2026/10/02 12:04:06.072, 95.52, 990, 150.00, 65, 64
2026/10/02 12:04:06.273, 103.25, 780, 150.00, 100, 65
2026/10/02 12:04:06.473, 110.50, 1620, 150.00, 6, 65
2026/10/02 12:04:06.674, 88.46, 1680, 150.00, 0, 64
2026/10/02 12:04:06.874, 89.36, 1665, 150.00, 0, 64
2026/10/02 12:04:07.075, 92.75, 1650, 150.00, 0, 64
2026/10/02 12:04:07.275, 97.22, 1080, 150.00, 41, 64
2026/10/02 12:04:07.476, 87.72, 1350, 150.00, 48, 65
2026/10/02 12:04:07.677, 97.08, 1620, 150.00, 3, 65
2026/10/02 12:04:07.877, 97.71, 1680, 150.00, 0, 63
2026/10/02 12:04:08.078, 109.71, 795, 150.00, 100, 65
2026/10/02 12:04:08.278, 131.99, 810, 150.00, 85, 65
2026/10/02 12:04:08.479, 120.09, 1605, 150.00, 8, 65
2026/10/02 12:04:08.679, 127.53, 795, 150.00, 99, 65
2026/10/02 12:04:08.880, 127.67, 795, 150.00, 58, 65
2026/10/02 12:04:09.080, 135.76, 795, 150.00, 100, 66
2026/10/02 12:04:09.281, 124.44, 1575, 150.00, 17, 66
2026/10/02 12:04:09.482, 122.33, 765, 150.00, 98, 65
2026/10/02 12:04:09.682, 129.70, 780, 150.00, 100, 66
2026/10/02 12:04:09.883, 137.96, 705, 150.00, 78, 65
2026/10/02 12:04:10.083, 137.08, 1335, 150.00, 51, 66
2026/10/02 12:04:10.284, 128.37, 660, 150.00, 63, 65
2026/10/02 12:04:10.484, 122.32, 1665, 150.00, 0, 65
2026/10/02 12:04:10.685, 107.21, 1680, 150.00, 0, 64
2026/10/02 12:04:10.885, 94.41, 630, 150.00, 61, 64
2026/10/02 12:04:11.086, 82.60, 1650, 150.00, 0, 65
2026/10/02 12:04:11.286, 98.47, 795, 150.00, 100, 65
2026/10/02 12:04:11.487, 108.09, 780, 150.00, 100, 66
2026/10/02 12:04:11.688, 123.47, 780, 150.00, 100, 66
2026/10/02 12:04:11.888, 138.77, 780, 150.00, 100, 66
2026/10/02 12:04:12.089, 145.73, 780, 150.00, 100, 66
2026/10/02 12:04:12.289, 134.87, 900, 150.00, 59, 65
2026/10/02 12:04:12.490, 139.78, 855, 150.00, 50, 66
2026/10/02 12:04:12.690, 138.72, 1560, 150.00, 29, 65
2026/10/02 12:04:12.891, 129.24, 705, 150.00, 94, 65
2026/10/02 12:04:13.091, 123.26, 1530, 150.00, 29, 66
2026/10/02 12:04:13.292, 116.54, 1680, 150.00, 2, 64
2026/10/02 12:04:13.492, 122.52, 780, 150.00, 95, 66
2026/10/02 12:04:13.693, 127.53, 795, 150.00, 100, 66
2026/10/02 12:04:13.894, 128.92, 780, 150.00, 100, 66
2026/10/02 12:04:14.094, 129.94, 1500, 150.00, 37, 67
2026/10/02 12:04:14.295, 144.57, 1575, 150.00, 29, 65
2026/10/02 12:04:14.495, 144.64, 1575, 150.00, 18, 66
2026/10/02 12:04:14.696, 128.62, 1680, 150.00, 0, 64
2026/10/02 12:04:14.896, 113.49, 1695, 150.00, 0, 64
2026/10/02 12:04:15.096, 92.53, 1695, 150.00, 0, 64
2026/10/02 12:04:15.297, 104.92, 1500, 150.00, 31, 65
2026/10/02 12:04:15.498, 96.64, 795, 150.00, 91, 65
2026/10/02 12:04:15.698, 96.08, 1665, 150.00, 61, 65
2026/10/02 12:04:15.898, 99.70, 1665, 150.00, 61, 64
2026/10/02 12:04:16.100, 105.48, 1485, 150.00, 100, 66
2026/10/02 12:04:16.300, 114.74, 795, 150.00, 28, 66
2026/10/02 12:04:16.501, 115.87, 780, 150.00, 100, 66
2026/10/02 12:04:16.701, 132.15, 780, 150.00, 100, 66
2026/10/02 12:04:16.902, 143.28, 1560, 150.00, 35, 66
2026/10/02 12:04:17.103, 133.01, 1155, 150.00, 0, 64
2026/10/02 12:04:17.303, 139.00, 1350, 150.00, 13, 66
2026/10/02 12:04:17.504, 130.69, 1560, 150.00, 100, 66
2026/10/02 12:04:17.704, 125.06, 645, 150.00, 0, 64
2026/10/02 12:04:17.905, 114.14, 975, 150.00, 100, 66
2026/10/02 12:04:18.105, 115.06, 1680, 150.00, 0, 65
2026/10/02 12:04:18.306, 119.20, 930, 150.00, 0, 64
2026/10/02 12:04:18.506, 116.00, 780, 150.00, 100, 66
2026/10/02 12:04:18.707, 133.07, 795, 150.00, 100, 66
2026/10/02 12:04:18.908, 130.78, 780, 150.00, 100, 66
2026/10/02 12:04:19.108, 145.27, 510, 150.00, 100, 67
2026/10/02 12:04:19.309, 159.15, 750, 150.00, 100, 66
2026/10/02 12:04:19.510, 142.88, 705, 150.00, 38, 66
2026/10/02 12:04:19.710, 143.04, 780, 150.00, 100, 67
2026/10/02 12:04:19.911, 130.78, 1500, 150.00, 21, 66
2026/10/02 12:04:20.111, 124.76, 615, 150.00, 0, 65
2026/10/02 12:04:20.312, 117.30, 630, 150.00, 8, 65
2026/10/02 12:04:20.513, 117.66, 1365, 150.00, 100, 66
2026/10/02 12:04:20.713, 103.21, 1680, 150.00, 0, 65
2026/10/02 12:04:20.914, 100.92, 1635, 150.00, 48, 65
2026/10/02 12:04:21.114, 109.68, 1650, 150.00, 59, 66
2026/10/02 12:04:21.315, 112.53, 630, 150.00, 0, 64
2026/10/02 12:04:21.515, 113.71, 780, 150.00, 100, 66
2026/10/02 12:04:21.716, 130.10, 780, 150.00, 100, 67
2026/10/02 12:04:21.916, 133.77, 765, 150.00, 98, 67
2026/10/02 12:04:22.117, 124.59, 1665, 150.00, 61, 66
2026/10/02 12:04:22.317, 130.45, 1665, 150.00, 59, 66
2026/10/02 12:04:22.518, 111.39, 1680, 150.00, 0, 65
2026/10/02 12:04:22.718, 113.56, 810, 150.00, 53, 66
2026/10/02 12:04:22.919, 113.65, 795, 150.00, 100, 66
2026/10/02 12:04:23.119, 117.32, 1200, 150.00, 100, 67
2026/10/02 12:04:23.320, 111.73, 1680, 150.00, 0, 65
2026/10/02 12:04:23.520, 123.75, 615, 150.00, 0, 64
2026/10/02 12:04:23.721, 121.77, 1305, 150.00, 100, 66
2026/10/02 12:04:23.922, 113.30, 1020, 150.00, 73, 66
2026/10/02 12:04:24.122, 104.23, 1155, 150.00, 78, 67
2026/10/02 12:04:24.322, 102.66, 1275, 150.00, 0, 65
2026/10/02 12:04:24.523, 102.50, 1680, 150.00, 0, 65
2026/10/02 12:04:24.723, 83.28, 1695, 150.00, 0, 64
2026/10/02 12:04:24.924, 75.13, 1680, 150.00, 60, 65
2026/10/02 12:04:25.125, 80.08, 600, 150.00, 0, 64
2026/10/02 12:04:25.325, 94.05, 855, 150.00, 13, 64
2026/10/02 12:04:25.526, 110.21, 795, 150.00, 78, 66
2026/10/02 12:04:25.726, 125.52, 795, 150.00, 100, 67
2026/10/02 12:04:25.927, 141.25, 780, 150.00, 100, 67
2026/10/02 12:04:26.127, 155.32, 540, 150.00, 100, 67
2026/10/02 12:04:26.328, 158.66, 765, 150.00, 100, 67
2026/10/02 12:04:26.529, 151.25, 780, 150.00, 100, 67
2026/10/02 12:04:26.729, 151.46, 795, 150.00, 100, 67
2026/10/02 12:04:26.930, 151.43, 780, 150.00, 100, 67
2026/10/02 12:04:27.130, 150.11, 690, 150.00, 100, 67
2026/10/02 12:04:27.331, 150.51, 750, 150.00, 100, 67
2026/10/02 12:04:27.532, 135.56, 1680, 150.00, 0, 66
2026/10/02 12:04:27.732, 120.44, 1695, 150.00, 0, 65
2026/10/02 12:04:27.933, 105.30, 1695, 150.00, 0, 65
2026/10/02 12:04:28.133, 90.64, 1695, 150.00, 0, 64
2026/10/02 12:04:28.334, 77.46, 1695, 150.00, 0, 64
2026/10/02 12:04:28.534, 78.27, 1485, 150.00, 100, 65
2026/10/02 12:04:28.735, 78.04, 1440, 150.00, 4, 65
2026/10/02 12:04:28.935, 85.07, 690, 150.00, 0, 64
2026/10/02 12:04:29.136, 90.80, 615, 150.00, 73, 65
2026/10/02 12:04:29.336, 90.36, 1680, 150.00, 0, 65
2026/10/02 12:04:29.536, 80.78, 1395, 150.00, 0, 65
2026/10/02 12:04:29.737, 90.73, 1545, 150.00, 16, 66
2026/10/02 12:04:29.937, 104.13, 600, 150.00, 0, 65
2026/10/02 12:04:30.138, 96.81, 1215, 150.00, 14, 65
2026/10/02 12:04:30.338, 94.96, 930, 150.00, 0, 64
2026/10/02 12:04:30.539, 95.84, 1185, 150.00, 0, 64
2026/10/02 12:04:30.739, 85.35, 1680, 150.00, 0, 64
2026/10/02 12:04:30.940, 86.56, 1695, 150.00, 0, 64
2026/10/02 12:04:31.140, 80.75, 1290, 150.00, 84, 65
2026/10/02 12:04:31.341, 102.81, 810, 150.00, 23, 66
2026/10/02 12:04:31.541, 120.25, 795, 150.00, 52, 66
2026/10/02 12:04:31.742, 134.52, 795, 150.00, 100, 66
2026/10/02 12:04:31.942, 152.78, 810, 150.00, 78, 67
2026/10/02 12:04:32.143, 161.26, 675, 150.00, 92, 66
2026/10/02 12:04:32.343, 156.08, 1650, 150.00, 68, 67
2026/10/02 12:04:32.544, 149.63, 780, 150.00, 61, 66
2026/10/02 12:04:32.745, 149.70, 795, 150.00, 100, 67
2026/10/02 12:04:32.945, 138.27, 1635, 150.00, 98, 67
2026/10/02 12:04:33.145, 147.57, 810, 150.00, 33, 67
2026/10/02 12:04:33.346, 145.08, 795, 150.00, 100, 67
2026/10/02 12:04:33.547, 152.51, 795, 150.00, 100, 67
2026/10/02 12:04:33.747, 152.31, 795, 150.00, 100, 67
2026/10/02 12:04:33.948, 150.42, 780, 150.00, 100, 67
2026/10/02 12:04:34.148, 142.72, 1590, 150.00, 100, 67
2026/10/02 12:04:34.349, 150.03, 1620, 150.00, 60, 66
2026/10/02 12:04:34.550, 149.90, 795, 150.00, 100, 67
2026/10/02 12:04:34.750, 151.13, 750, 150.00, 100, 67
2026/10/02 12:04:34.951, 154.25, 705, 150.00, 100, 67
2026/10/02 12:04:35.151, 156.03, 1035, 150.00, 90, 67
2026/10/02 12:04:35.352, 154.52, 645, 150.00, 12, 66
2026/10/02 12:04:35.552, 135.18, 675, 150.00, 70, 66
2026/10/02 12:04:35.753, 119.58, 1680, 150.00, 0, 66
2026/10/02 12:04:35.953, 124.25, 750, 150.00, 40, 67
2026/10/02 12:04:36.154, 121.65, 960, 150.00, 88, 67
2026/10/02 12:04:36.354, 117.28, 615, 150.00, 51, 66
2026/10/02 12:04:36.555, 135.17, 1575, 150.00, 45, 67
2026/10/02 12:04:36.756, 147.88, 765, 150.00, 100, 67
2026/10/02 12:04:36.956, 134.71, 1680, 150.00, 5, 66
2026/10/02 12:04:37.157, 137.61, 795, 150.00, 72, 67
2026/10/02 12:04:37.357, 146.37, 780, 150.00, 100, 67
2026/10/02 12:04:37.558, 126.20, 1680, 150.00, 9, 66
2026/10/02 12:04:37.758, 113.35, 705, 150.00, 0, 65
2026/10/02 12:04:37.959, 104.91, 1680, 150.00, 51, 66
2026/10/02 12:04:38.159, 97.02, 1680, 150.00, 60, 66
2026/10/02 12:04:38.360, 89.76, 1650, 150.00, 61, 67
2026/10/02 12:04:38.560, 82.80, 1680, 150.00, 0, 65
2026/10/02 12:04:38.761, 96.83, 780, 150.00, 100, 67
2026/10/02 12:04:38.961, 106.58, 780, 150.00, 100, 67
2026/10/02 12:04:39.162, 114.33, 1500, 150.00, 100, 67
2026/10/02 12:04:39.362, 120.46, 795, 150.00, 90, 67
2026/10/02 12:04:39.563, 135.17, 795, 150.00, 100, 68
2026/10/02 12:04:39.764, 143.40, 795, 150.00, 100, 68
2026/10/02 12:04:39.964, 136.15, 645, 150.00, 32, 66
2026/10/02 12:04:40.165, 125.19, 1665, 150.00, 68, 67
2026/10/02 12:04:40.365, 119.70, 1665, 150.00, 61, 66
2026/10/02 12:04:40.566, 113.77, 1530, 150.00, 14, 67
2026/10/02 12:04:40.766, 105.98, 600, 150.00, 61, 66
2026/10/02 12:04:40.967, 106.21, 645, 150.00, 0, 66
2026/10/02 12:04:41.167, 94.05, 1680, 150.00, 80, 66
2026/10/02 12:04:41.367, 94.10, 1680, 150.00, 0, 65
2026/10/02 12:04:41.568, 84.68, 1695, 150.00, 0, 65
2026/10/02 12:04:41.768, 98.00, 600, 150.00, 0, 65
2026/10/02 12:04:41.969, 90.52, 1680, 150.00, 9, 65
2026/10/02 12:04:42.170, 92.85, 1635, 150.00, 50, 66
2026/10/02 12:04:42.370, 92.95, 1680, 150.00, 0, 65
2026/10/02 12:04:42.571, 96.90, 1635, 150.00, 57, 66
2026/10/02 12:04:42.771, 110.68, 825, 150.00, 86, 66
2026/10/02 12:04:42.972, 111.64, 1005, 150.00, 100, 67
2026/10/02 12:04:43.172, 115.11, 795, 150.00, 87, 67
2026/10/02 12:04:43.373, 130.92, 780, 150.00, 100, 67
2026/10/02 12:04:43.573, 138.02, 735, 150.00, 100, 67
2026/10/02 12:04:43.774, 146.83, 780, 150.00, 100, 67
2026/10/02 12:04:43.975, 145.81, 795, 150.00, 100, 68
2026/10/02 12:04:44.175, 148.83, 780, 150.00, 100, 68
2026/10/02 12:04:44.376, 147.63, 675, 150.00, 100, 68
2026/10/02 12:04:44.576, 149.25, 735, 150.00, 100, 68
2026/10/02 12:04:44.777, 149.39, 750, 150.00, 100, 68
2026/10/02 12:04:44.977, 150.09, 780, 150.00, 100, 68
2026/10/02 12:04:45.178, 150.12, 780, 150.00, 100, 68
2026/10/02 12:04:45.379, 148.93, 720, 150.00, 100, 68
2026/10/02 12:04:45.579, 149.65, 750, 150.00, 100, 68
2026/10/02 12:04:45.780, 149.76, 750, 150.00, 100, 68
2026/10/02 12:04:45.980, 150.05, 780, 150.00, 100, 68
2026/10/02 12:04:46.181, 149.98, 735, 150.00, 100, 68
2026/10/02 12:04:46.382, 149.53, 720, 150.00, 100, 68
2026/10/02 12:04:46.582, 149.82, 750, 150.00, 100, 68
2026/10/02 12:04:46.783, 150.04, 750, 150.00, 100, 68
2026/10/02 12:04:46.983, 150.32, 765, 150.00, 100, 68
2026/10/02 12:04:47.184, 149.87, 750, 150.00, 100, 69
2026/10/02 12:04:47.385, 149.60, 735, 150.00, 100, 68
2026/10/02 12:04:47.585, 149.75, 735, 150.00, 100, 68
2026/10/02 12:04:47.786, 150.02, 750, 150.00, 100, 69
2026/10/02 12:04:47.986, 150.22, 765, 150.00, 100, 69
2026/10/02 12:04:48.187, 149.83, 750, 150.00, 100, 69
2026/10/02 12:04:48.387, 149.83, 735, 150.00, 100, 69
2026/10/02 12:04:48.588, 150.03, 750, 150.00, 100, 69
2026/10/02 12:04:48.789, 150.25, 750, 150.00, 100, 69
2026/10/02 12:04:48.989, 150.30, 750, 150.00, 100, 69
2026/10/02 12:04:49.190, 149.98, 735, 150.00, 100, 69
2026/10/02 12:04:49.391, 149.81, 735, 150.00, 100, 69
2026/10/02 12:04:49.591, 150.11, 750, 150.00, 100, 69
2026/10/02 12:04:49.792, 150.08, 750, 150.00, 100, 69
2026/10/02 12:04:49.992, 149.99, 750, 150.00, 100, 69
2026/10/02 12:04:50.193, 149.68, 735, 150.00, 100, 69
2026/10/02 12:04:50.394, 149.59, 750, 150.00, 100, 69
2026/10/02 12:04:50.594, 149.61, 750, 150.00, 100, 69
2026/10/02 12:04:50.795, 149.82, 750, 150.00, 100, 69
2026/10/02 12:04:50.995, 149.80, 750, 150.00, 100, 69
2026/10/02 12:04:51.196, 149.79, 735, 150.00, 100, 69
2026/10/02 12:04:51.397, 149.78, 735, 150.00, 100, 69
2026/10/02 12:04:51.597, 141.90, 1410, 150.00, 100, 69
2026/10/02 12:04:51.798, 126.63, 1680, 150.00, 63, 68
2026/10/02 12:04:51.998, 122.64, 735, 150.00, 7, 69
2026/10/02 12:04:52.199, 123.38, 750, 150.00, 100, 69
2026/10/02 12:04:52.399, 124.11, 780, 150.00, 71, 69
2026/10/02 12:04:52.600, 116.54, 1455, 150.00, 100, 69
2026/10/02 12:04:52.801, 140.10, 795, 150.00, 26, 69
2026/10/02 12:04:53.001, 151.92, 780, 150.00, 81, 69
2026/10/02 12:04:53.202, 137.46, 1680, 150.00, 72, 68
2026/10/02 12:04:53.402, 135.38, 1605, 150.00, 34, 69
2026/10/02 12:04:53.603, 138.41, 795, 150.00, 50, 68
2026/10/02 12:04:53.803, 139.67, 780, 150.00, 100, 69
2026/10/02 12:04:54.004, 139.53, 780, 150.00, 100, 69
2026/10/02 12:04:54.205, 150.64, 840, 150.00, 100, 69
2026/10/02 12:04:54.405, 149.35, 795, 150.00, 41, 68
2026/10/02 12:04:54.606, 154.32, 765, 150.00, 100, 69
2026/10/02 12:04:54.807, 154.23, 765, 150.00, 100, 69
2026/10/02 12:04:55.008, 146.20, 1380, 150.00, 70, 70
2026/10/02 12:04:55.208, 126.98, 1680, 150.00, 0, 68
2026/10/02 12:04:55.409, 132.79, 780, 150.00, 100, 69
2026/10/02 12:04:55.609, 133.18, 780, 150.00, 100, 69
2026/10/02 12:04:55.810, 133.15, 780, 150.00, 99, 70
2026/10/02 12:04:56.011, 137.20, 780, 150.00, 100, 69
2026/10/02 12:04:56.211, 156.99, 780, 150.00, 100, 69
2026/10/02 12:04:56.412, 161.14, 780, 150.00, 100, 70
2026/10/02 12:04:56.612, 161.52, 765, 150.00, 100, 70
2026/10/02 12:04:56.813, 160.37, 765, 150.00, 100, 69
2026/10/02 12:04:57.014, 155.23, 750, 150.00, 100, 70
2026/10/02 12:04:57.214, 151.46, 765, 150.00, 100, 70
2026/10/02 12:04:57.415, 151.57, 765, 150.00, 100, 70
2026/10/02 12:04:57.616, 151.34, 690, 150.00, 100, 70
2026/10/02 12:04:57.816, 150.08, 660, 150.00, 100, 70
2026/10/02 12:04:58.017, 143.01, 1485, 150.00, 75, 69
2026/10/02 12:04:58.218, 143.39, 765, 150.00, 100, 70
2026/10/02 12:04:58.418, 143.39, 765, 150.00, 100, 70
2026/10/02 12:04:58.619, 143.38, 765, 150.00, 100, 70
2026/10/02 12:04:58.819, 143.72, 720, 150.00, 100, 70
2026/10/02 12:04:59.020, 141.84, 720, 150.00, 100, 70
2026/10/02 12:04:59.221, 149.37, 765, 150.00, 100, 70
2026/10/02 12:04:59.421, 149.30, 765, 150.00, 100, 70
2026/10/02 12:04:59.622, 149.39, 765, 150.00, 100, 70
2026/10/02 12:04:59.823, 147.83, 660, 150.00, 100, 70
2026/10/02 12:05:00.023, 149.85, 720, 150.00, 100, 70
2026/10/02 12:05:00.224, 149.97, 750, 150.00, 100, 70
2026/10/02 12:05:00.425, 149.99, 765, 150.00, 100, 70
2026/10/02 12:05:00.625, 149.80, 750, 150.00, 100, 70
2026/10/02 12:05:00.826, 140.34, 1680, 150.00, 0, 69
2026/10/02 12:05:01.026, 127.77, 1680, 150.00, 0, 68
2026/10/02 12:05:01.227, 121.83, 1455, 150.00, 79, 69
2026/10/02 12:05:01.427, 108.08, 1425, 150.00, 62, 69
2026/10/02 12:05:01.628, 107.81, 765, 150.00, 100, 70
2026/10/02 12:05:01.828, 109.96, 870, 150.00, 100, 70
2026/10/02 12:05:02.029, 111.34, 1275, 150.00, 64, 69
2026/10/02 12:05:02.229, 118.08, 780, 150.00, 100, 70
2026/10/02 12:05:02.430, 136.83, 780, 150.00, 100, 70
2026/10/02 12:05:02.631, 143.80, 765, 150.00, 100, 71
2026/10/02 12:05:02.831, 141.61, 765, 150.00, 100, 70
2026/10/02 12:05:03.032, 148.08, 750, 150.00, 100, 70
2026/10/02 12:05:03.232, 153.62, 780, 150.00, 100, 70
2026/10/02 12:05:03.433, 148.68, 765, 150.00, 100, 71
2026/10/02 12:05:03.634, 148.78, 765, 150.00, 100, 71
2026/10/02 12:05:03.834, 147.34, 690, 150.00, 100, 71
2026/10/02 12:05:04.035, 150.13, 690, 150.00, 100, 71
2026/10/02 12:05:04.236, 149.51, 750, 150.00, 100, 71
2026/10/02 12:05:04.436, 150.01, 765, 150.00, 100, 71
2026/10/02 12:05:04.637, 149.79, 720, 150.00, 100, 71
2026/10/02 12:05:04.837, 149.36, 705, 150.00, 100, 71
2026/10/02 12:05:05.038, 149.57, 720, 150.00, 100, 71
2026/10/02 12:05:05.239, 149.88, 735, 150.00, 100, 71
2026/10/02 12:05:05.439, 150.10, 750, 150.00, 100, 71
2026/10/02 12:05:05.640, 149.66, 720, 150.00, 100, 71
2026/10/02 12:05:05.841, 149.39, 705, 150.00, 100, 71
2026/10/02 12:05:06.041, 149.64, 720, 150.00, 100, 71
2026/10/02 12:05:06.242, 149.73, 750, 150.00, 100, 71
2026/10/02 12:05:06.443, 149.89, 750, 150.00, 100, 71
2026/10/02 12:05:06.643, 149.65, 720, 150.00, 100, 71
2026/10/02 12:05:06.844, 149.54, 720, 150.00, 100, 71
2026/10/02 12:05:07.044, 149.60, 720, 150.00, 100, 71
2026/10/02 12:05:07.245, 149.87, 735, 150.00, 100, 71
2026/10/02 12:05:07.445, 149.99, 735, 150.00, 100, 71
2026/10/02 12:05:07.646, 149.97, 720, 150.00, 100, 71
2026/10/02 12:05:07.847, 149.72, 720, 150.00, 100, 71
2026/10/02 12:05:08.047, 149.92, 720, 150.00, 100, 71
2026/10/02 12:05:08.248, 150.09, 735, 150.00, 100, 71
2026/10/02 12:05:08.449, 150.21, 735, 150.00, 100, 71
2026/10/02 12:05:08.649, 150.07, 720, 150.00, 100, 71
2026/10/02 12:05:08.850, 149.97, 720, 150.00, 100, 71
2026/10/02 12:05:09.050, 149.89, 720, 150.00, 100, 71
2026/10/02 12:05:09.251, 149.88, 750, 150.00, 100, 72
2026/10/02 12:05:09.452, 149.68, 750, 150.00, 100, 71
2026/10/02 12:05:09.652, 136.65, 1680, 150.00, 0, 70
2026/10/02 12:05:09.853, 135.23, 660, 150.00, 49, 71
2026/10/02 12:05:10.053, 136.08, 765, 150.00, 100, 71
2026/10/02 12:05:10.254, 122.56, 1410, 150.00, 61, 70
2026/10/02 12:05:10.455, 121.03, 750, 150.00, 99, 71
2026/10/02 12:05:10.655, 127.40, 750, 150.00, 100, 72
2026/10/02 12:05:10.856, 139.99, 765, 150.00, 100, 72
2026/10/02 12:05:11.056, 134.98, 735, 150.00, 100, 71
2026/10/02 12:05:11.257, 140.46, 735, 150.00, 100, 71
2026/10/02 12:05:11.458, 148.54, 750, 150.00, 100, 72
2026/10/02 12:05:11.658, 148.43, 765, 150.00, 100, 72
2026/10/02 12:05:11.859, 148.49, 765, 150.00, 100, 72
2026/10/02 12:05:12.059, 147.20, 630, 150.00, 100, 72
2026/10/02 12:05:12.260, 150.77, 585, 150.00, 21, 71
2026/10/02 12:05:12.460, 152.45, 735, 150.00, 81, 72
2026/10/02 12:05:12.661, 145.05, 1680, 150.00, 0, 70
2026/10/02 12:05:12.861, 141.56, 705, 150.00, 54, 71
2026/10/02 12:05:13.062, 141.97, 765, 150.00, 100, 72
2026/10/02 12:05:13.263, 149.28, 765, 150.00, 100, 72
2026/10/02 12:05:13.463, 143.96, 765, 150.00, 100, 72
2026/10/02 12:05:13.664, 139.38, 540, 150.00, 100, 72
2026/10/02 12:05:13.864, 155.62, 645, 150.00, 78, 72
2026/10/02 12:05:14.065, 138.55, 1065, 150.00, 0, 70
2026/10/02 12:05:14.265, 138.57, 765, 150.00, 100, 72
2026/10/02 12:05:14.466, 138.68, 765, 150.00, 100, 72
2026/10/02 12:05:14.667, 140.41, 750, 150.00, 100, 72
2026/10/02 12:05:14.867, 142.00, 540, 150.00, 100, 72
2026/10/02 12:05:15.068, 143.20, 720, 150.00, 100, 72
2026/10/02 12:05:15.268, 149.90, 750, 150.00, 100, 72
2026/10/02 12:05:15.469, 149.89, 750, 150.00, 100, 72
2026/10/02 12:05:15.669, 149.97, 750, 150.00, 100, 72
2026/10/02 12:05:15.870, 148.65, 660, 150.00, 100, 72
2026/10/02 12:05:16.071, 149.48, 705, 150.00, 100, 72
2026/10/02 12:05:16.271, 147.61, 600, 150.00, 21, 72
2026/10/02 12:05:16.472, 147.67, 720, 150.00, 40, 71
2026/10/02 12:05:16.673, 147.06, 750, 150.00, 100, 72
2026/10/02 12:05:16.873, 147.10, 750, 150.00, 100, 72
2026/10/02 12:05:17.074, 149.30, 675, 150.00, 100, 72
2026/10/02 12:05:17.274, 157.70, 525, 150.00, 100, 72
2026/10/02 12:05:17.475, 151.02, 735, 150.00, 100, 72
2026/10/02 12:05:17.676, 148.21, 690, 150.00, 74, 72
2026/10/02 12:05:17.876, 148.11, 750, 150.00, 97, 72
2026/10/02 12:05:18.077, 151.45, 645, 150.00, 51, 72
2026/10/02 12:05:18.277, 150.76, 615, 150.00, 35, 72
2026/10/02 12:05:18.478, 152.04, 1275, 150.00, 96, 72
2026/10/02 12:05:18.678, 144.26, 780, 150.00, 100, 72
2026/10/02 12:05:18.879, 147.43, 765, 150.00, 100, 72
2026/10/02 12:05:19.079, 147.16, 750, 150.00, 100, 73
2026/10/02 12:05:19.280, 151.57, 750, 150.00, 100, 73
2026/10/02 12:05:19.481, 142.90, 750, 150.00, 100, 72
2026/10/02 12:05:19.681, 149.36, 750, 150.00, 100, 72
2026/10/02 12:05:19.882, 150.09, 750, 150.00, 100, 73
2026/10/02 12:05:20.082, 150.04, 750, 150.00, 100, 73
2026/10/02 12:05:20.283, 149.97, 660, 150.00, 100, 73
2026/10/02 12:05:20.484, 147.93, 690, 150.00, 100, 73
2026/10/02 12:05:20.684, 149.84, 735, 150.00, 100, 73
2026/10/02 12:05:20.885, 150.09, 750, 150.00, 100, 73
2026/10/02 12:05:21.085, 150.13, 750, 150.00, 100, 73
2026/10/02 12:05:21.286, 149.28, 675, 150.00, 100, 73
2026/10/02 12:05:21.487, 149.42, 690, 150.00, 100, 73
2026/10/02 12:05:21.687, 143.44, 1440, 150.00, 78, 72
2026/10/02 12:05:21.888, 129.54, 1680, 150.00, 0, 71
2026/10/02 12:05:22.088, 120.28, 1575, 150.00, 55, 71
2026/10/02 12:05:22.289, 115.14, 1665, 150.00, 8, 71
2026/10/02 12:05:22.489, 102.33, 1680, 150.00, 0, 70
2026/10/02 12:05:22.690, 89.37, 1485, 150.00, 0, 70
2026/10/02 12:05:22.890, 102.64, 570, 150.00, 26, 72
2026/10/02 12:05:23.091, 110.24, 765, 150.00, 100, 72
2026/10/02 12:05:23.291, 116.28, 750, 150.00, 100, 72
2026/10/02 12:05:23.492, 130.99, 750, 150.00, 100, 73
2026/10/02 12:05:23.693, 144.46, 420, 150.00, 100, 73
2026/10/02 12:05:23.893, 157.55, 720, 150.00, 100, 72
2026/10/02 12:05:24.094, 151.04, 750, 150.00, 100, 73
2026/10/02 12:05:24.294, 150.90, 750, 150.00, 100, 73
2026/10/02 12:05:24.495, 150.98, 750, 150.00, 100, 73
2026/10/02 12:05:24.696, 149.65, 675, 150.00, 100, 73
2026/10/02 12:05:24.896, 149.96, 705, 150.00, 100, 73
2026/10/02 12:05:25.097, 150.46, 750, 150.00, 100, 73
2026/10/02 12:05:25.297, 150.40, 750, 150.00, 100, 73
2026/10/02 12:05:25.498, 150.05, 705, 150.00, 100, 73
2026/10/02 12:05:25.698, 148.91, 690, 150.00, 100, 73
2026/10/02 12:05:25.899, 149.77, 720, 150.00, 100, 73
2026/10/02 12:05:26.100, 149.96, 735, 150.00, 100, 73
2026/10/02 12:05:26.300, 150.01, 750, 150.00, 100, 73
2026/10/02 12:05:26.501, 149.76, 705, 150.00, 100, 73
2026/10/02 12:05:26.701, 149.47, 690, 150.00, 100, 73
2026/10/02 12:05:26.902, 149.89, 1110, 150.00, 100, 73
2026/10/02 12:05:27.102, 149.38, 1635, 150.00, 35, 71
2026/10/02 12:05:27.303, 150.22, 750, 150.00, 100, 73
2026/10/02 12:05:27.504, 150.40, 750, 150.00, 100, 73
2026/10/02 12:05:27.704, 154.75, 750, 150.00, 100, 73
2026/10/02 12:05:27.905, 148.90, 1485, 150.00, 76, 72
2026/10/02 12:05:28.105, 149.33, 750, 150.00, 100, 73
2026/10/02 12:05:28.306, 157.15, 750, 150.00, 100, 73
2026/10/02 12:05:28.507, 157.03, 750, 150.00, 100, 73
2026/10/02 12:05:28.707, 153.65, 1185, 150.00, 100, 73
2026/10/02 12:05:28.908, 137.90, 1545, 150.00, 61, 72
2026/10/02 12:05:29.108, 144.55, 750, 150.00, 100, 73
2026/10/02 12:05:29.309, 145.03, 810, 150.00, 97, 73
2026/10/02 12:05:29.510, 131.58, 1680, 150.00, 0, 71
2026/10/02 12:05:29.710, 128.74, 630, 150.00, 44, 72
2026/10/02 12:05:29.911, 127.48, 780, 150.00, 93, 72
2026/10/02 12:05:30.111, 121.82, 945, 150.00, 55, 72
2026/10/02 12:05:30.312, 118.27, 1620, 150.00, 42, 71
2026/10/02 12:05:30.512, 125.75, 1200, 150.00, 58, 72
2026/10/02 12:05:30.713, 126.79, 750, 150.00, 65, 73
2026/10/02 12:05:30.914, 120.56, 1470, 150.00, 70, 72
2026/10/02 12:05:31.114, 113.10, 1155, 150.00, 0, 71
2026/10/02 12:05:31.315, 115.72, 750, 150.00, 96, 73
2026/10/02 12:05:31.515, 121.67, 750, 150.00, 100, 73
2026/10/02 12:05:31.716, 123.19, 750, 150.00, 100, 73
2026/10/02 12:05:31.917, 123.38, 1650, 150.00, 100, 72
2026/10/02 12:05:32.117, 132.57, 945, 150.00, 0, 72
2026/10/02 12:05:32.317, 136.43, 1635, 150.00, 46, 71
2026/10/02 12:05:32.518, 143.31, 765, 150.00, 32, 72
2026/10/02 12:05:32.719, 143.24, 750, 150.00, 100, 73
2026/10/02 12:05:32.919, 143.22, 750, 150.00, 100, 73
2026/10/02 12:05:33.120, 143.18, 1680, 150.00, 31, 71
2026/10/02 12:05:33.320, 136.87, 600, 150.00, 0, 72
2026/10/02 12:05:33.521, 138.27, 750, 150.00, 96, 73
2026/10/02 12:05:33.721, 136.34, 660, 150.00, 78, 72
2026/10/02 12:05:33.922, 131.99, 585, 150.00, 17, 72
2026/10/02 12:05:34.122, 139.59, 750, 150.00, 100, 72
2026/10/02 12:05:34.323, 146.17, 1680, 150.00, 99, 71
2026/10/02 12:05:34.524, 125.15, 1680, 150.00, 0, 70
2026/10/02 12:05:34.724, 125.49, 1020, 150.00, 0, 71
2026/10/02 12:05:34.925, 117.45, 855, 150.00, 5, 71
2026/10/02 12:05:35.125, 98.60, 1545, 150.00, 61, 71
2026/10/02 12:05:35.326, 104.52, 765, 150.00, 37, 72
2026/10/02 12:05:35.526, 111.53, 1440, 150.00, 95, 71
2026/10/02 12:05:35.727, 111.19, 795, 150.00, 0, 70
2026/10/02 12:05:35.927, 108.76, 1575, 150.00, 90, 71
2026/10/02 12:05:36.128, 128.63, 645, 150.00, 43, 72
2026/10/02 12:05:36.328, 134.54, 1110, 150.00, 66, 72
2026/10/02 12:05:36.529, 127.77, 765, 150.00, 25, 72
2026/10/02 12:05:36.730, 141.73, 750, 150.00, 100, 73
2026/10/02 12:05:36.930, 149.81, 750, 150.00, 100, 73
2026/10/02 12:05:37.131, 153.38, 750, 150.00, 100, 73
2026/10/02 12:05:37.332, 142.52, 735, 150.00, 100, 72
2026/10/02 12:05:37.532, 150.07, 735, 150.00, 100, 73
2026/10/02 12:05:37.733, 149.60, 750, 150.00, 100, 73
2026/10/02 12:05:37.934, 149.44, 750, 150.00, 100, 73
2026/10/02 12:05:38.134, 147.93, 870, 150.00, 42, 72
2026/10/02 12:05:38.335, 150.16, 900, 150.00, 71, 73
2026/10/02 12:05:38.535, 138.53, 1590, 150.00, 15, 71
2026/10/02 12:05:38.736, 135.52, 720, 150.00, 0, 72
2026/10/02 12:05:38.936, 135.65, 750, 150.00, 100, 72
2026/10/02 12:05:39.137, 143.93, 750, 150.00, 100, 73
2026/10/02 12:05:39.338, 134.92, 750, 150.00, 100, 73
2026/10/02 12:05:39.538, 140.49, 480, 150.00, 100, 73
2026/10/02 12:05:39.739, 146.94, 780, 150.00, 100, 72
2026/10/02 12:05:39.939, 134.64, 765, 150.00, 61, 73
2026/10/02 12:05:40.140, 129.82, 720, 150.00, 64, 73
2026/10/02 12:05:40.340, 129.78, 750, 150.00, 100, 73
2026/10/02 12:05:40.541, 129.75, 750, 150.00, 100, 73
2026/10/02 12:05:40.742, 124.54, 1665, 150.00, 100, 71
2026/10/02 12:05:40.942, 144.72, 765, 150.00, 44, 73
2026/10/02 12:05:41.143, 153.53, 750, 150.00, 100, 73
2026/10/02 12:05:41.344, 150.31, 750, 150.00, 100, 73
2026/10/02 12:05:41.544, 150.33, 750, 150.00, 100, 73
2026/10/02 12:05:41.745, 147.80, 690, 150.00, 100, 73
2026/10/02 12:05:41.945, 150.42, 735, 150.00, 100, 73
2026/10/02 12:05:42.146, 142.52, 1650, 150.00, 100, 71
2026/10/02 12:05:42.347, 146.73, 1065, 150.00, 45, 73
2026/10/02 12:05:42.547, 136.54, 1680, 150.00, 80, 71
2026/10/02 12:05:42.748, 141.71, 750, 150.00, 49, 73
2026/10/02 12:05:42.948, 142.55, 750, 150.00, 100, 73
2026/10/02 12:05:43.149, 142.83, 750, 150.00, 100, 73
2026/10/02 12:05:43.350, 146.43, 675, 150.00, 100, 73
2026/10/02 12:05:43.550, 146.66, 690, 150.00, 100, 73
2026/10/02 12:05:43.751, 150.49, 750, 150.00, 100, 73
2026/10/02 12:05:43.951, 150.31, 735, 150.00, 100, 73
2026/10/02 12:05:44.152, 150.23, 735, 150.00, 100, 73
2026/10/02 12:05:44.353, 149.39, 630, 150.00, 100, 73
2026/10/02 12:05:44.553, 142.66, 1650, 150.00, 100, 72
2026/10/02 12:05:44.754, 132.06, 570, 150.00, 0, 72
2026/10/02 12:05:44.954, 125.41, 1605, 150.00, 80, 71
2026/10/02 12:05:45.155, 111.44, 1050, 150.00, 0, 71
2026/10/02 12:05:45.355, 97.93, 1680, 150.00, 62, 71
2026/10/02 12:05:45.556, 106.64, 705, 150.00, 17, 72
2026/10/02 12:05:45.756, 121.67, 750, 150.00, 100, 73
2026/10/02 12:05:45.957, 116.85, 1515, 150.00, 100, 72
2026/10/02 12:05:46.157, 136.99, 750, 150.00, 44, 73
2026/10/02 12:05:46.358, 150.13, 750, 150.00, 100, 73
2026/10/02 12:05:46.559, 153.90, 750, 150.00, 100, 73
2026/10/02 12:05:46.759, 146.32, 1380, 150.00, 100, 72
2026/10/02 12:05:46.960, 132.03, 585, 150.00, 0, 72
2026/10/02 12:05:47.160, 133.62, 750, 150.00, 94, 73
2026/10/02 12:05:47.361, 133.71, 750, 150.00, 100, 73
2026/10/02 12:05:47.562, 133.62, 750, 150.00, 100, 73
2026/10/02 12:05:47.762, 133.59, 480, 150.00, 100, 73
2026/10/02 12:05:47.963, 142.12, 705, 150.00, 100, 73
2026/10/02 12:05:48.163, 153.46, 750, 150.00, 40, 73
2026/10/02 12:05:48.364, 153.59, 1050, 150.00, 100, 73
2026/10/02 12:05:48.565, 153.20, 750, 150.00, 88, 73
2026/10/02 12:05:48.765, 153.30, 750, 150.00, 100, 73
2026/10/02 12:05:48.966, 157.55, 720, 150.00, 31, 73
2026/10/02 12:05:49.166, 154.47, 750, 150.00, 100, 73
2026/10/02 12:05:49.367, 148.52, 1455, 150.00, 100, 72
2026/10/02 12:05:49.568, 147.29, 630, 150.00, 24, 72
2026/10/02 12:05:49.768, 146.50, 750, 150.00, 95, 73
2026/10/02 12:05:49.969, 146.49, 750, 150.00, 94, 73
2026/10/02 12:05:50.169, 145.46, 750, 150.00, 100, 73
2026/10/02 12:05:50.370, 145.14, 495, 150.00, 100, 73
2026/10/02 12:05:50.571, 141.69, 720, 150.00, 100, 73
2026/10/02 12:05:50.771, 150.40, 735, 150.00, 100, 73
2026/10/02 12:05:50.972, 150.06, 735, 150.00, 100, 73
2026/10/02 12:05:51.172, 140.78, 765, 150.00, 49, 73
2026/10/02 12:05:51.373, 140.83, 750, 150.00, 100, 73
2026/10/02 12:05:51.573, 134.79, 765, 150.00, 41, 73
2026/10/02 12:05:51.774, 135.58, 750, 150.00, 100, 74
2026/10/02 12:05:51.974, 134.18, 765, 150.00, 100, 73
2026/10/02 12:05:52.175, 142.51, 750, 150.00, 100, 74
2026/10/02 12:05:52.376, 140.79, 735, 150.00, 100, 73
2026/10/02 12:05:52.576, 148.19, 735, 150.00, 100, 74
2026/10/02 12:05:52.777, 148.80, 735, 150.00, 100, 74
2026/10/02 12:05:52.977, 148.20, 735, 150.00, 100, 74
2026/10/02 12:05:53.178, 141.82, 1665, 150.00, 100, 72
2026/10/02 12:05:53.379, 133.44, 1680, 150.00, 61, 72
2026/10/02 12:05:53.579, 131.71, 1590, 150.00, 15, 72
2026/10/02 12:05:53.780, 137.80, 765, 150.00, 25, 73
2026/10/02 12:05:53.980, 138.35, 750, 150.00, 100, 73
2026/10/02 12:05:54.181, 138.59, 750, 150.00, 100, 74
2026/10/02 12:05:54.382, 147.34, 750, 150.00, 100, 74
2026/10/02 12:05:54.582, 149.37, 675, 150.00, 100, 73
2026/10/02 12:05:54.783, 150.68, 735, 150.00, 100, 74
2026/10/02 12:05:54.983, 150.92, 750, 150.00, 100, 74
2026/10/02 12:05:55.184, 150.85, 750, 150.00, 100, 74
2026/10/02 12:05:55.385, 150.38, 600, 150.00, 100, 74
2026/10/02 12:05:55.585, 149.30, 690, 150.00, 100, 74
2026/10/02 12:05:55.786, 149.82, 735, 150.00, 100, 74
2026/10/02 12:05:55.987, 150.07, 750, 150.00, 100, 74
2026/10/02 12:05:56.187, 149.80, 750, 150.00, 100, 74
2026/10/02 12:05:56.388, 148.83, 675, 150.00, 100, 74
2026/10/02 12:05:56.588, 149.07, 690, 150.00, 100, 74
2026/10/02 12:05:56.789, 146.07, 1350, 150.00, 100, 73
2026/10/02 12:05:56.989, 152.71, 750, 150.00, 33, 74
2026/10/02 12:05:57.190, 136.92, 660, 150.00, 19, 73
2026/10/02 12:05:57.390, 135.21, 645, 150.00, 65, 73
2026/10/02 12:05:57.591, 132.94, 1635, 150.00, 66, 72
2026/10/02 12:05:57.792, 126.10, 765, 150.00, 0, 73
2026/10/02 12:05:57.992, 123.65, 945, 150.00, 100, 74
2026/10/02 12:05:58.193, 128.09, 1350, 150.00, 91, 73
2026/10/02 12:05:58.393, 135.57, 750, 150.00, 0, 73
2026/10/02 12:05:58.594, 117.62, 1575, 150.00, 100, 72
2026/10/02 12:05:58.794, 135.79, 750, 150.00, 50, 74
2026/10/02 12:05:58.995, 136.96, 750, 150.00, 100, 74
2026/10/02 12:05:59.196, 136.24, 750, 150.00, 100, 74
2026/10/02 12:05:59.396, 147.18, 750, 150.00, 100, 74
2026/10/02 12:05:59.597, 145.35, 690, 150.00, 100, 74
2026/10/02 12:05:59.797, 150.40, 735, 150.00, 100, 74
2026/10/02 12:05:59.998, 150.76, 720, 150.00, 100, 74
2026/10/02 12:06:00.199, 145.08, 1410, 150.00, 100, 73
2026/10/02 12:06:00.399, 151.60, 810, 150.00, 34, 74
2026/10/02 12:06:00.600, 153.74, 750, 150.00, 99, 74
2026/10/02 12:06:00.800, 139.20, 555, 150.00, 65, 72
2026/10/02 12:06:01.001, 133.07, 735, 150.00, 65, 73
2026/10/02 12:06:01.201, 133.02, 735, 150.00, 98, 74
2026/10/02 12:06:01.402, 124.73, 1515, 150.00, 100, 73
2026/10/02 12:06:01.602, 110.83, 1680, 150.00, 0, 72
2026/10/02 12:06:01.803, 104.89, 540, 150.00, 0, 72
2026/10/02 12:06:02.003, 116.31, 630, 150.00, 65, 72
2026/10/02 12:06:02.204, 107.09, 750, 150.00, 45, 73
2026/10/02 12:06:02.404, 100.29, 705, 150.00, 100, 73
2026/10/02 12:06:02.605, 114.92, 750, 150.00, 100, 74
2026/10/02 12:06:02.805, 128.90, 750, 150.00, 100, 74
2026/10/02 12:06:03.006, 141.67, 675, 150.00, 100, 73
2026/10/02 12:06:03.207, 145.07, 720, 150.00, 100, 74
2026/10/02 12:06:03.407, 142.95, 735, 150.00, 100, 74
2026/10/02 12:06:03.608, 149.84, 735, 150.00, 100, 74
2026/10/02 12:06:03.808, 149.85, 720, 150.00, 100, 74
2026/10/02 12:06:04.009, 146.49, 1170, 150.00, 49, 74
2026/10/02 12:06:04.209, 153.82, 750, 150.00, 51, 74
2026/10/02 12:06:04.410, 155.02, 735, 150.00, 100, 74
2026/10/02 12:06:04.610, 146.91, 1605, 150.00, 100, 73
2026/10/02 12:06:04.811, 132.74, 1680, 150.00, 0, 72
2026/10/02 12:06:05.011, 138.22, 1350, 150.00, 62, 73
2026/10/02 12:06:05.212, 127.26, 720, 150.00, 29, 72
2026/10/02 12:06:05.412, 113.09, 1680, 150.00, 65, 72
2026/10/02 12:06:05.613, 108.08, 1665, 150.00, 50, 72
2026/10/02 12:06:05.813, 120.26, 1650, 150.00, 41, 72
2026/10/02 12:06:06.014, 124.67, 1620, 150.00, 22, 72
2026/10/02 12:06:06.214, 119.33, 690, 150.00, 0, 73
2026/10/02 12:06:06.415, 134.24, 1275, 150.00, 100, 73
2026/10/02 12:06:06.615, 136.82, 1635, 150.00, 33, 72
2026/10/02 12:06:06.816, 138.04, 1620, 150.00, 24, 72
2026/10/02 12:06:07.016, 125.46, 1680, 150.00, 0, 71
2026/10/02 12:06:07.217, 126.95, 1695, 150.00, 0, 71
2026/10/02 12:06:07.417, 122.61, 750, 150.00, 59, 72
2026/10/02 12:06:07.618, 102.09, 1680, 150.00, 74, 71
2026/10/02 12:06:07.818, 89.37, 1680, 150.00, 0, 71
2026/10/02 12:06:08.018, 90.80, 1695, 150.00, 0, 70
2026/10/02 12:06:08.219, 100.42, 1665, 150.00, 0, 72
2026/10/02 12:06:08.420, 84.72, 1680, 150.00, 0, 70
2026/10/02 12:06:08.620, 95.58, 1605, 150.00, 44, 70
2026/10/02 12:06:08.821, 95.45, 1680, 150.00, 0, 70
2026/10/02 12:06:09.021, 107.22, 1635, 150.00, 35, 70
2026/10/02 12:06:09.222, 105.03, 630, 150.00, 12, 72
2026/10/02 12:06:09.422, 104.20, 1680, 150.00, 0, 70
2026/10/02 12:06:09.623, 92.24, 1680, 150.00, 0, 70
2026/10/02 12:06:09.823, 92.62, 1515, 150.00, 64, 70
2026/10/02 12:06:10.024, 90.50, 1650, 150.00, 18, 70
2026/10/02 12:06:10.224, 91.77, 1680, 150.00, 0, 70
2026/10/02 12:06:10.425, 85.51, 1695, 150.00, 0, 70
2026/10/02 12:06:10.625, 84.68, 1605, 150.00, 61, 70
2026/10/02 12:06:10.826, 84.40, 1680, 150.00, 0, 70
2026/10/02 12:06:11.026, 73.60, 1695, 150.00, 0, 70
2026/10/02 12:06:11.226, 74.40, 1695, 150.00, 0, 69
2026/10/02 12:06:11.427, 97.78, 690, 150.00, 74, 71
2026/10/02 12:06:11.627, 108.64, 615, 150.00, 19, 71
2026/10/02 12:06:11.828, 108.20, 1680, 150.00, 0, 70
2026/10/02 12:06:12.028, 108.18, 1680, 150.00, 0, 69
2026/10/02 12:06:12.229, 119.30, 1650, 150.00, 17, 69
2026/10/02 12:06:12.429, 119.81, 1035, 150.00, 36, 71
2026/10/02 12:06:12.630, 109.32, 1680, 150.00, 0, 69
2026/10/02 12:06:12.830, 98.58, 1695, 150.00, 0, 69
2026/10/02 12:06:13.031, 111.80, 645, 150.00, 23, 70
2026/10/02 12:06:13.231, 105.90, 1650, 150.00, 23, 70
2026/10/02 12:06:13.432, 121.77, 1320, 150.00, 94, 70
2026/10/02 12:06:13.632, 108.92, 1680, 150.00, 0, 69
2026/10/02 12:06:13.833, 116.22, 1605, 150.00, 46, 70
2026/10/02 12:06:14.033, 126.35, 1665, 150.00, 6, 70
2026/10/02 12:06:14.234, 106.06, 1680, 150.00, 0, 69
2026/10/02 12:06:14.434, 97.70, 1695, 150.00, 0, 69
2026/10/02 12:06:14.635, 104.87, 1650, 150.00, 22, 69
2026/10/02 12:06:14.835, 96.18, 1680, 150.00, 0, 69
2026/10/02 12:06:15.036, 94.75, 1650, 150.00, 45, 69
2026/10/02 12:06:15.237, 103.00, 1665, 150.00, 0, 69
2026/10/02 12:06:15.437, 113.33, 1605, 150.00, 43, 69
2026/10/02 12:06:15.638, 111.28, 765, 150.00, 83, 71
2026/10/02 12:06:15.838, 111.22, 1680, 150.00, 0, 69
2026/10/02 12:06:16.039, 101.83, 1680, 150.00, 0, 69
2026/10/02 12:06:16.239, 104.59, 1515, 150.00, 55, 70
2026/10/02 12:06:16.440, 92.67, 1680, 150.00, 0, 69
2026/10/02 12:06:16.640, 89.22, 1695, 150.00, 0, 69
2026/10/02 12:06:16.841, 83.46, 1695, 150.00, 0, 68
2026/10/02 12:06:17.041, 83.62, 1695, 150.00, 0, 68
2026/10/02 12:06:17.242, 83.60, 1695, 150.00, 0, 68
2026/10/02 12:06:17.442, 83.60, 1695, 150.00, 0, 68
2026/10/02 12:06:17.643, 94.57, 1665, 150.00, 36, 69
2026/10/02 12:06:17.843, 105.69, 1680, 150.00, 18, 69
2026/10/02 12:06:18.044, 110.79, 1575, 150.00, 64, 69
2026/10/02 12:06:18.244, 110.22, 1680, 150.00, 0, 68
2026/10/02 12:06:18.445, 107.29, 1620, 150.00, 62, 69
2026/10/02 12:06:18.645, 95.12, 1290, 150.00, 63, 69
2026/10/02 12:06:18.846, 101.12, 765, 150.00, 100, 70
2026/10/02 12:06:19.046, 101.85, 1680, 150.00, 0, 69
2026/10/02 12:06:19.247, 103.91, 930, 150.00, 80, 70
2026/10/02 12:06:19.447, 102.64, 1680, 150.00, 0, 69
2026/10/02 12:06:19.648, 102.74, 1695, 150.00, 0, 68
2026/10/02 12:06:19.848, 87.08, 1695, 150.00, 0, 68
2026/10/02 12:06:20.049, 79.82, 1695, 150.00, 0, 68
2026/10/02 12:06:20.249, 80.01, 1695, 150.00, 0, 68
2026/10/02 12:06:20.450, 80.01, 1695, 150.00, 0, 68
2026/10/02 12:06:20.650, 80.01, 1695, 150.00, 0, 68
2026/10/02 12:06:20.851, 114.82, 705, 150.00, 87, 69
2026/10/02 12:06:21.051, 115.39, 645, 150.00, 0, 69
2026/10/02 12:06:21.252, 122.87, 1515, 150.00, 55, 69
2026/10/02 12:06:21.452, 118.17, 1680, 150.00, 0, 68
2026/10/02 12:06:21.652, 111.85, 1695, 150.00, 0, 68
2026/10/02 12:06:21.853, 88.29, 1590, 150.00, 63, 68
2026/10/02 12:06:22.053, 95.95, 1440, 150.00, 45, 69
2026/10/02 12:06:22.254, 96.28, 1680, 150.00, 0, 68
2026/10/02 12:06:22.454, 87.33, 690, 150.00, 62, 69
2026/10/02 12:06:22.655, 92.62, 1665, 150.00, 50, 69
2026/10/02 12:06:22.855, 92.56, 1680, 150.00, 0, 68
2026/10/02 12:06:23.056, 89.01, 1695, 150.00, 0, 68
2026/10/02 12:06:23.256, 78.12, 1695, 150.00, 0, 67
2026/10/02 12:06:23.457, 97.25, 1365, 150.00, 100, 69
2026/10/02 12:06:23.657, 90.59, 1680, 150.00, 0, 68
2026/10/02 12:06:23.858, 112.36, 1425, 150.00, 100, 69
2026/10/02 12:06:24.059, 111.54, 1680, 150.00, 0, 68
2026/10/02 12:06:24.259, 120.07, 1515, 150.00, 57, 68
2026/10/02 12:06:24.460, 107.20, 525, 150.00, 0, 68
2026/10/02 12:06:24.660, 102.26, 1680, 150.00, 0, 68
2026/10/02 12:06:24.861, 96.39, 1665, 150.00, 50, 68
2026/10/02 12:06:25.061, 97.00, 1575, 150.00, 62, 69
2026/10/02 12:06:25.262, 95.64, 675, 150.00, 60, 69
2026/10/02 12:06:25.462, 86.81, 555, 150.00, 0, 68
2026/10/02 12:06:25.663, 85.69, 615, 150.00, 0, 68
2026/10/02 12:06:25.863, 78.06, 1680, 150.00, 0, 68
2026/10/02 12:06:26.064, 90.96, 1680, 150.00, 22, 68
2026/10/02 12:06:26.264, 84.38, 1680, 150.00, 0, 67
2026/10/02 12:06:26.464, 100.58, 1275, 150.00, 29, 69
2026/10/02 12:06:26.665, 99.14, 630, 150.00, 0, 68
2026/10/02 12:06:26.865, 96.76, 1680, 150.00, 0, 67
2026/10/02 12:06:27.066, 84.80, 1635, 150.00, 62, 68
2026/10/02 12:06:27.266, 85.45, 675, 150.00, 0, 67
2026/10/02 12:06:27.467, 88.48, 1290, 150.00, 65, 68
2026/10/02 12:06:27.667, 83.71, 1680, 150.00, 10, 68
2026/10/02 12:06:27.868, 88.28, 1605, 150.00, 58, 68
2026/10/02 12:06:28.068, 101.90, 1155, 150.00, 23, 69
2026/10/02 12:06:28.269, 112.71, 1155, 150.00, 20, 69
2026/10/02 12:06:28.469, 111.47, 1605, 150.00, 59, 68
2026/10/02 12:06:28.670, 100.92, 1680, 150.00, 0, 67
2026/10/02 12:06:28.870, 101.57, 660, 150.00, 0, 68
2026/10/02 12:06:29.071, 97.46, 960, 150.00, 0, 67
2026/10/02 12:06:29.271, 92.01, 1680, 150.00, 0, 67
2026/10/02 12:06:29.472, 95.01, 1245, 150.00, 24, 69
2026/10/02 12:06:29.672, 91.83, 1680, 150.00, 0, 67
2026/10/02 12:06:29.872, 106.40, 765, 150.00, 29, 68
2026/10/02 12:06:30.073, 113.82, 1680, 150.00, 17, 67
2026/10/02 12:06:30.273, 106.33, 1680, 150.00, 0, 67
2026/10/02 12:06:30.474, 116.18, 1455, 150.00, 46, 67
2026/10/02 12:06:30.675, 122.04, 1515, 150.00, 64, 68
2026/10/02 12:06:30.875, 120.24, 645, 150.00, 58, 68
2026/10/02 12:06:31.076, 101.65, 1680, 150.00, 0, 68
2026/10/02 12:06:31.276, 102.37, 1680, 150.00, 0, 67
2026/10/02 12:06:31.477, 109.32, 1185, 150.00, 19, 68
2026/10/02 12:06:31.677, 93.93, 1680, 150.00, 0, 67
2026/10/02 12:06:31.878, 86.78, 1695, 150.00, 0, 67
2026/10/02 12:06:32.078, 84.32, 1695, 150.00, 0, 67
2026/10/02 12:06:32.279, 84.61, 1695, 150.00, 0, 66
2026/10/02 12:06:32.479, 96.04, 1680, 150.00, 23, 67
2026/10/02 12:06:32.679, 87.08, 765, 150.00, 6, 67
2026/10/02 12:06:32.880, 85.13, 1635, 150.00, 62, 67
2026/10/02 12:06:33.080, 84.92, 1680, 150.00, 0, 67
2026/10/02 12:06:33.281, 91.26, 1125, 150.00, 100, 68
2026/10/02 12:06:33.482, 77.61, 1680, 150.00, 0, 67
2026/10/02 12:06:33.682, 78.46, 1695, 150.00, 0, 66
2026/10/02 12:06:33.883, 87.46, 1500, 150.00, 50, 68
2026/10/02 12:06:34.083, 87.59, 1680, 150.00, 0, 66
2026/10/02 12:06:34.283, 87.58, 1695, 150.00, 0, 66
2026/10/02 12:06:34.484, 81.63, 1410, 150.00, 55, 67
2026/10/02 12:06:34.685, 91.51, 1680, 150.00, 5, 67
2026/10/02 12:06:34.885, 91.46, 1680, 150.00, 0, 66
2026/10/02 12:06:35.085, 81.32, 1695, 150.00, 0, 66
2026/10/02 12:06:35.286, 87.98, 795, 150.00, 75, 68
2026/10/02 12:06:35.487, 88.84, 1605, 150.00, 62, 67
2026/10/02 12:06:35.687, 85.55, 840, 150.00, 89, 68
2026/10/02 12:06:35.888, 101.96, 780, 150.00, 100, 69
2026/10/02 12:06:36.088, 123.30, 1290, 150.00, 31, 69
2026/10/02 12:06:36.289, 122.24, 1680, 150.00, 0, 67
2026/10/02 12:06:36.489, 116.23, 1695, 150.00, 0, 66
2026/10/02 12:06:36.690, 114.51, 1695, 150.00, 0, 66
2026/10/02 12:06:36.890, 111.24, 1680, 150.00, 22, 67
2026/10/02 12:06:37.090, 96.46, 1680, 150.00, 0, 66
2026/10/02 12:06:37.291, 102.81, 1575, 150.00, 82, 67
2026/10/02 12:06:37.491, 112.99, 885, 150.00, 51, 68
2026/10/02 12:06:37.692, 128.04, 780, 150.00, 100, 69
2026/10/02 12:06:37.893, 114.80, 1680, 150.00, 0, 67
2026/10/02 12:06:38.093, 127.67, 1035, 150.00, 45, 68
2026/10/02 12:06:38.293, 131.52, 780, 150.00, 100, 69
2026/10/02 12:06:38.494, 139.44, 1350, 150.00, 100, 69
2026/10/02 12:06:38.695, 120.41, 1680, 150.00, 0, 67
2026/10/02 12:06:38.895, 113.75, 585, 150.00, 0, 67
2026/10/02 12:06:39.096, 114.29, 1620, 150.00, 62, 67
2026/10/02 12:06:39.296, 93.75, 1305, 150.00, 0, 67
2026/10/02 12:06:39.497, 96.05, 1560, 150.00, 73, 68
2026/10/02 12:06:39.697, 88.99, 930, 150.00, 0, 67
2026/10/02 12:06:39.897, 95.85, 1680, 150.00, 0, 67
2026/10/02 12:06:40.098, 108.46, 1425, 150.00, 41, 68
2026/10/02 12:06:40.298, 106.10, 1650, 150.00, 60, 67
2026/10/02 12:06:40.499, 99.20, 1605, 150.00, 60, 68
2026/10/02 12:06:40.700, 115.12, 1050, 150.00, 42, 68
2026/10/02 12:06:40.900, 106.52, 1680, 150.00, 0, 67
2026/10/02 12:06:41.100, 106.99, 1695, 150.00, 0, 66
2026/10/02 12:06:41.301, 105.65, 1035, 150.00, 14, 68
2026/10/02 12:06:41.501, 114.87, 630, 150.00, 45, 67
2026/10/02 12:06:41.702, 112.05, 780, 150.00, 100, 68
2026/10/02 12:06:41.902, 110.81, 1680, 150.00, 25, 67
2026/10/02 12:06:42.103, 110.88, 1680, 150.00, 0, 67
2026/10/02 12:06:42.303, 125.29, 1335, 150.00, 34, 68
2026/10/02 12:06:42.504, 119.62, 1275, 150.00, 29, 68
2026/10/02 12:06:42.704, 113.10, 1680, 150.00, 0, 67
2026/10/02 12:06:42.904, 98.27, 1695, 150.00, 0, 66
2026/10/02 12:06:43.105, 99.10, 1695, 150.00, 0, 66
2026/10/02 12:06:43.305, 112.28, 660, 150.00, 35, 67
2026/10/02 12:06:43.506, 114.99, 1110, 150.00, 70, 68
2026/10/02 12:06:43.706, 100.11, 1680, 150.00, 0, 67
2026/10/02 12:06:43.907, 106.36, 795, 150.00, 70, 68
2026/10/02 12:06:44.108, 112.75, 1665, 150.00, 53, 67
2026/10/02 12:06:44.308, 108.18, 1665, 150.00, 44, 67
2026/10/02 12:06:44.508, 102.79, 1680, 150.00, 0, 66
2026/10/02 12:06:44.709, 106.18, 1680, 150.00, 23, 67
2026/10/02 12:06:44.909, 119.33, 1125, 150.00, 21, 68
2026/10/02 12:06:45.110, 104.28, 1680, 150.00, 0, 66
2026/10/02 12:06:45.310, 94.31, 1695, 150.00, 0, 66
2026/10/02 12:06:45.511, 95.60, 1695, 150.00, 0, 66
2026/10/02 12:06:45.711, 82.88, 1695, 150.00, 0, 66
2026/10/02 12:06:45.912, 83.74, 1695, 150.00, 0, 66
2026/10/02 12:06:46.112, 90.05, 1185, 150.00, 0, 66
2026/10/02 12:06:46.313, 93.00, 1680, 150.00, 2, 66
2026/10/02 12:06:46.513, 92.89, 1680, 150.00, 0, 66
2026/10/02 12:06:46.713, 92.76, 1695, 150.00, 0, 65
2026/10/02 12:06:46.914, 102.83, 1080, 150.00, 14, 67
2026/10/02 12:06:47.114, 105.02, 930, 150.00, 90, 67
2026/10/02 12:06:47.315, 85.24, 1680, 150.00, 0, 66
2026/10/02 12:06:47.515, 85.74, 1695, 150.00, 0, 66
2026/10/02 12:06:47.716, 90.16, 1590, 150.00, 62, 67
2026/10/02 12:06:47.916, 101.58, 1665, 150.00, 37, 66
2026/10/02 12:06:48.117, 92.58, 1680, 150.00, 0, 66
2026/10/02 12:06:48.317, 87.17, 1695, 150.00, 0, 65
2026/10/02 12:06:48.518, 87.28, 825, 150.00, 3, 66
2026/10/02 12:06:48.718, 99.54, 1260, 150.00, 24, 67
2026/10/02 12:06:48.919, 81.49, 1680, 150.00, 0, 66
2026/10/02 12:06:49.119, 82.60, 1695, 150.00, 0, 65
2026/10/02 12:06:49.320, 82.69, 645, 150.00, 0, 65
2026/10/02 12:06:49.520, 89.07, 1650, 150.00, 73, 66
2026/10/02 12:06:49.721, 90.04, 1680, 150.00, 0, 65
2026/10/02 12:06:49.921, 77.60, 1695, 150.00, 0, 65
2026/10/02 12:06:50.122, 79.74, 1620, 150.00, 58, 66
2026/10/02 12:06:50.322, 89.84, 1500, 150.00, 51, 67
2026/10/02 12:06:50.523, 82.46, 1680, 150.00, 0, 65
2026/10/02 12:06:50.723, 95.18, 1680, 150.00, 23, 66
2026/10/02 12:06:50.923, 95.11, 1680, 150.00, 0, 65
2026/10/02 12:06:51.124, 95.07, 1695, 150.00, 0, 65
2026/10/02 12:06:51.324, 93.40, 1695, 150.00, 0, 65
2026/10/02 12:06:51.525, 83.59, 1695, 150.00, 0, 65
2026/10/02 12:06:51.725, 83.66, 1695, 150.00, 0, 65
2026/10/02 12:06:51.926, 103.09, 915, 150.00, 0, 65
2026/10/02 12:06:52.126, 100.80, 1605, 150.00, 51, 66
2026/10/02 12:06:52.327, 100.13, 1035, 150.00, 0, 66
2026/10/02 12:06:52.528, 109.37, 1635, 150.00, 61, 66
2026/10/02 12:06:52.728, 105.99, 1680, 150.00, 0, 65
2026/10/02 12:06:52.928, 101.02, 1695, 150.00, 0, 65
2026/10/02 12:06:53.129, 85.16, 720, 150.00, 0, 66
2026/10/02 12:06:53.330, 86.49, 1680, 150.00, 64, 65
2026/10/02 12:06:53.530, 78.78, 1680, 150.00, 0, 65
2026/10/02 12:06:53.730, 86.64, 705, 150.00, 0, 66
2026/10/02 12:06:53.931, 101.04, 780, 150.00, 100, 67
2026/10/02 12:06:54.132, 115.89, 795, 150.00, 100, 67
2026/10/02 12:06:54.332, 124.39, 1545, 150.00, 100, 67
2026/10/02 12:06:54.533, 130.95, 795, 150.00, 5, 67
2026/10/02 12:06:54.733, 146.17, 1425, 150.00, 100, 68
2026/10/02 12:06:54.934, 129.56, 1680, 150.00, 24, 66
2026/10/02 12:06:55.134, 125.83, 1680, 150.00, 43, 66
2026/10/02 12:06:55.335, 110.75, 1215, 150.00, 0, 65
2026/10/02 12:06:55.536, 116.19, 1605, 150.00, 56, 66
2026/10/02 12:06:55.736, 113.45, 1500, 150.00, 0, 67
2026/10/02 12:06:55.936, 105.89, 1680, 150.00, 10, 65
2026/10/02 12:06:56.137, 105.34, 1680, 150.00, 42, 65
2026/10/02 12:06:56.338, 106.06, 1680, 150.00, 0, 65
2026/10/02 12:06:56.538, 97.26, 1125, 150.00, 0, 65
2026/10/02 12:06:56.739, 109.32, 795, 150.00, 59, 67
2026/10/02 12:06:56.939, 113.17, 1380, 150.00, 100, 67
2026/10/02 12:06:57.140, 100.07, 1680, 150.00, 27, 66
2026/10/02 12:06:57.340, 107.38, 795, 150.00, 0, 67
2026/10/02 12:06:57.541, 113.97, 1665, 150.00, 100, 66
2026/10/02 12:06:57.741, 105.42, 1680, 150.00, 0, 65
2026/10/02 12:06:57.942, 90.77, 1185, 150.00, 0, 65
2026/10/02 12:06:58.142, 100.35, 795, 150.00, 58, 67
2026/10/02 12:06:58.343, 106.88, 855, 150.00, 100, 66
2026/10/02 12:06:58.544, 92.55, 1680, 150.00, 59, 66
2026/10/02 12:06:58.744, 103.27, 1605, 150.00, 0, 67
2026/10/02 12:06:58.945, 114.21, 1575, 150.00, 6, 67
2026/10/02 12:06:59.145, 104.65, 600, 150.00, 13, 65
2026/10/02 12:06:59.346, 97.11, 1680, 150.00, 61, 66
2026/10/02 12:06:59.546, 98.24, 1680, 150.00, 0, 65
2026/10/02 12:06:59.747, 101.04, 1650, 150.00, 0, 66
2026/10/02 12:06:59.947, 111.82, 1560, 150.00, 21, 67
2026/10/02 12:07:00.148, 100.22, 615, 150.00, 23, 65
2026/10/02 12:07:00.348, 114.53, 1455, 150.00, 55, 67
2026/10/02 12:07:00.549, 133.10, 780, 150.00, 54, 67
2026/10/02 12:07:00.749, 148.11, 780, 150.00, 100, 68
2026/10/02 12:07:00.950, 147.98, 780, 150.00, 100, 68
2026/10/02 12:07:01.151, 148.54, 1035, 150.00, 100, 66
2026/10/02 12:07:01.351, 151.14, 1680, 150.00, 43, 66
2026/10/02 12:07:01.552, 126.97, 1680, 150.00, 0, 66
2026/10/02 12:07:01.752, 119.42, 1635, 150.00, 0, 66
2026/10/02 12:07:01.953, 104.05, 1680, 150.00, 0, 65
2026/10/02 12:07:02.153, 88.99, 1695, 150.00, 0, 65
2026/10/02 12:07:02.354, 77.18, 1695, 150.00, 0, 65
2026/10/02 12:07:02.554, 87.48, 1005, 150.00, 0, 66
2026/10/02 12:07:02.755, 104.50, 1605, 150.00, 80, 67
2026/10/02 12:07:02.955, 96.05, 1665, 150.00, 11, 66
2026/10/02 12:07:03.155, 95.94, 1680, 150.00, 0, 65
2026/10/02 12:07:03.356, 95.91, 735, 150.00, 0, 65
2026/10/02 12:07:03.556, 105.68, 1680, 150.00, 50, 65
2026/10/02 12:07:03.757, 86.64, 1680, 150.00, 0, 65
2026/10/02 12:07:03.957, 79.57, 1695, 150.00, 0, 65
2026/10/02 12:07:04.158, 80.80, 1110, 150.00, 0, 65
2026/10/02 12:07:04.358, 104.24, 795, 150.00, 39, 67
2026/10/02 12:07:04.559, 113.51, 1545, 150.00, 100, 67
2026/10/02 12:07:04.760, 113.27, 1680, 150.00, 23, 65
2026/10/02 12:07:04.960, 113.32, 1695, 150.00, 0, 65
2026/10/02 12:07:05.160, 113.32, 1695, 150.00, 0, 65
2026/10/02 12:07:05.361, 112.94, 1560, 150.00, 0, 66
2026/10/02 12:07:05.561, 94.04, 1680, 150.00, 20, 65
2026/10/02 12:07:05.762, 89.07, 1680, 150.00, 10, 65
2026/10/02 12:07:05.962, 88.96, 810, 150.00, 0, 65
2026/10/02 12:07:06.163, 107.51, 705, 150.00, 53, 66
2026/10/02 12:07:06.363, 111.41, 1680, 150.00, 63, 65
2026/10/02 12:07:06.564, 99.62, 600, 150.00, 0, 65
2026/10/02 12:07:06.764, 99.41, 675, 150.00, 61, 65
2026/10/02 12:07:06.965, 110.15, 1680, 150.00, 52, 65
2026/10/02 12:07:07.165, 99.82, 1680, 150.00, 0, 65
2026/10/02 12:07:07.366, 86.54, 1665, 150.00, 4, 65
2026/10/02 12:07:07.566, 86.68, 1680, 150.00, 0, 65
2026/10/02 12:07:07.767, 84.67, 1680, 150.00, 10, 65
2026/10/02 12:07:07.967, 87.65, 810, 150.00, 0, 66
2026/10/02 12:07:08.168, 95.36, 1680, 150.00, 100, 65
2026/10/02 12:07:08.368, 94.88, 1680, 150.00, 0, 65
2026/10/02 12:07:08.569, 96.22, 1065, 150.00, 0, 66
2026/10/02 12:07:08.769, 101.23, 1290, 150.00, 62, 66
2026/10/02 12:07:08.970, 128.90, 795, 150.00, 52, 67
2026/10/02 12:07:09.170, 123.82, 1635, 150.00, 100, 66
2026/10/02 12:07:09.371, 132.28, 810, 150.00, 0, 67
2026/10/02 12:07:09.571, 133.39, 1680, 150.00, 81, 65
2026/10/02 12:07:09.772, 134.38, 1695, 150.00, 0, 65
2026/10/02 12:07:09.972, 108.27, 1695, 150.00, 0, 65
2026/10/02 12:07:10.173, 87.82, 855, 150.00, 0, 65
2026/10/02 12:07:10.373, 90.79, 1320, 150.00, 51, 65
2026/10/02 12:07:10.574, 106.63, 795, 150.00, 33, 66
2026/10/02 12:07:10.774, 121.54, 1635, 150.00, 100, 67
2026/10/02 12:07:10.974, 129.59, 1065, 150.00, 1, 67
2026/10/02 12:07:11.175, 150.70, 1485, 150.00, 81, 67
2026/10/02 12:07:11.375, 138.74, 1005, 150.00, 34, 65
2026/10/02 12:07:11.576, 137.19, 1680, 150.00, 46, 65
2026/10/02 12:07:11.776, 118.18, 1680, 150.00, 0, 65
2026/10/02 12:07:11.977, 110.05, 1665, 150.00, 0, 65
2026/10/02 12:07:12.178, 92.24, 1680, 150.00, 0, 65
2026/10/02 12:07:12.378, 81.17, 1695, 150.00, 0, 65
2026/10/02 12:07:12.579, 78.43, 1470, 150.00, 6, 66
2026/10/02 12:07:12.779, 77.15, 1080, 150.00, 38, 66
2026/10/02 12:07:12.980, 76.20, 1680, 150.00, 64, 65
2026/10/02 12:07:13.180, 77.29, 1695, 150.00, 0, 65
2026/10/02 12:07:13.381, 92.09, 1500, 150.00, 0, 66
2026/10/02 12:07:13.581, 88.26, 1680, 150.00, 31, 65
2026/10/02 12:07:13.782, 82.40, 1695, 150.00, 0, 64
2026/10/02 12:07:13.982, 84.25, 1155, 150.00, 0, 64
2026/10/02 12:07:14.182, 104.96, 1620, 150.00, 37, 66
2026/10/02 12:07:14.383, 114.20, 660, 150.00, 22, 65
2026/10/02 12:07:14.584, 106.60, 615, 150.00, 76, 65
2026/10/02 12:07:14.784, 117.09, 1260, 150.00, 61, 66
2026/10/02 12:07:14.984, 119.07, 1275, 150.00, 54, 66
2026/10/02 12:07:15.185, 104.63, 1680, 150.00, 52, 65
2026/10/02 12:07:15.385, 86.68, 1695, 150.00, 0, 65
2026/10/02 12:07:15.586, 81.09, 1695, 150.00, 0, 64
2026/10/02 12:07:15.786, 85.90, 1680, 150.00, 23, 65
2026/10/02 12:07:15.987, 84.60, 1680, 150.00, 0, 64
2026/10/02 12:07:16.187, 82.61, 1695, 150.00, 0, 64
2026/10/02 12:07:16.388, 82.76, 600, 150.00, 0, 64
2026/10/02 12:07:16.588, 90.77, 615, 150.00, 58, 64
2026/10/02 12:07:16.789, 85.11, 1680, 150.00, 60, 64
2026/10/02 12:07:16.989, 86.24, 1680, 150.00, 0, 64
2026/10/02 12:07:17.190, 92.75, 1350, 150.00, 0, 66
2026/10/02 12:07:17.390, 103.84, 1560, 150.00, 51, 66
2026/10/02 12:07:17.591, 94.34, 1680, 150.00, 17, 64
2026/10/02 12:07:17.791, 86.66, 1695, 150.00, 0, 64
2026/10/02 12:07:17.992, 87.14, 1695, 150.00, 0, 64
2026/10/02 12:07:18.192, 102.24, 810, 150.00, 0, 65
2026/10/02 12:07:18.393, 109.80, 1650, 150.00, 100, 66
2026/10/02 12:07:18.593, 97.98, 1680, 150.00, 0, 64
2026/10/02 12:07:18.794, 98.02, 795, 150.00, 0, 64
2026/10/02 12:07:18.994, 107.77, 1680, 150.00, 52, 64
2026/10/02 12:07:19.195, 107.65, 1680, 150.00, 0, 64
2026/10/02 12:07:19.395, 85.20, 675, 150.00, 0, 64
2026/10/02 12:07:19.596, 88.68, 795, 150.00, 59, 66
2026/10/02 12:07:19.796, 103.81, 1620, 150.00, 100, 66
2026/10/02 12:07:19.997, 93.02, 1680, 150.00, 3, 64
2026/10/02 12:07:20.197, 93.61, 720, 150.00, 0, 64
2026/10/02 12:07:20.398, 107.86, 1545, 150.00, 93, 66
2026/10/02 12:07:20.598, 114.30, 1620, 150.00, 26, 65
2026/10/02 12:07:20.799, 98.84, 1680, 150.00, 0, 64
2026/10/02 12:07:21.000, 109.06, 780, 150.00, 0, 65
2026/10/02 12:07:21.200, 121.38, 1485, 150.00, 100, 66
2026/10/02 12:07:21.400, 114.67, 1365, 150.00, 33, 65
2026/10/02 12:07:21.601, 123.45, 1305, 150.00, 45, 66
2026/10/02 12:07:21.801, 130.65, 1560, 150.00, 72, 66
2026/10/02 12:07:22.002, 134.16, 1470, 150.00, 23, 66
2026/10/02 12:07:22.202, 113.76, 1680, 150.00, 34, 65
2026/10/02 12:07:22.403, 106.08, 1695, 150.00, 0, 64
2026/10/02 12:07:22.603, 113.33, 1200, 150.00, 2, 65
2026/10/02 12:07:22.804, 94.51, 1260, 150.00, 36, 66
2026/10/02 12:07:23.004, 88.85, 1620, 150.00, 55, 65
2026/10/02 12:07:23.205, 88.81, 1155, 150.00, 0, 65
2026/10/02 12:07:23.405, 88.67, 1680, 150.00, 60, 64
2026/10/02 12:07:23.605, 98.34, 1395, 150.00, 0, 66
2026/10/02 12:07:23.806, 84.76, 1680, 150.00, 43, 64
2026/10/02 12:07:24.006, 77.08, 1695, 150.00, 0, 64
2026/10/02 12:07:24.207, 77.51, 1695, 150.00, 0, 64
2026/10/02 12:07:24.407, 88.25, 1365, 150.00, 0, 65
2026/10/02 12:07:24.608, 79.40, 1650, 150.00, 45, 65
2026/10/02 12:07:24.808, 92.75, 675, 150.00, 0, 65
2026/10/02 12:07:25.009, 92.32, 1680, 150.00, 59, 64
2026/10/02 12:07:25.209, 114.95, 780, 150.00, 0, 66
2026/10/02 12:07:25.410, 111.17, 1065, 150.00, 90, 66
2026/10/02 12:07:25.610, 124.95, 1320, 150.00, 69, 66
2026/10/02 12:07:25.811, 127.59, 675, 150.00, 64, 65
2026/10/02 12:07:26.012, 133.60, 1650, 150.00, 76, 65
2026/10/02 12:07:26.212, 132.38, 1365, 150.00, 28, 65
2026/10/02 12:07:26.413, 123.98, 1605, 150.00, 32, 66
2026/10/02 12:07:26.613, 133.20, 765, 150.00, 12, 66
2026/10/02 12:07:26.814, 137.25, 795, 150.00, 100, 66
2026/10/02 12:07:27.014, 142.37, 945, 150.00, 88, 65
2026/10/02 12:07:27.215, 143.87, 795, 150.00, 100, 66
2026/10/02 12:07:27.415, 137.16, 795, 150.00, 100, 67
2026/10/02 12:07:27.616, 148.26, 1650, 150.00, 89, 66
2026/10/02 12:07:27.816, 134.87, 660, 150.00, 35, 66
2026/10/02 12:07:28.017, 147.29, 795, 150.00, 100, 67
2026/10/02 12:07:28.218, 141.83, 780, 150.00, 100, 67
2026/10/02 12:07:28.418, 142.82, 780, 150.00, 100, 67
2026/10/02 12:07:28.619, 142.93, 420, 150.00, 100, 67
2026/10/02 12:07:28.819, 143.87, 765, 150.00, 100, 67
2026/10/02 12:07:29.020, 149.41, 780, 150.00, 100, 67
2026/10/02 12:07:29.220, 149.02, 780, 150.00, 100, 68
2026/10/02 12:07:29.421, 140.73, 1515, 150.00, 100, 68
2026/10/02 12:07:29.621, 125.55, 1680, 150.00, 0, 66
2026/10/02 12:07:29.822, 120.06, 615, 150.00, 59, 66
2026/10/02 12:07:30.023, 120.27, 795, 150.00, 69, 67
2026/10/02 12:07:30.223, 104.07, 1680, 150.00, 51, 66
2026/10/02 12:07:30.423, 100.27, 825, 150.00, 0, 65
2026/10/02 12:07:30.624, 106.89, 675, 150.00, 13, 66
2026/10/02 12:07:30.824, 121.96, 780, 150.00, 71, 67
2026/10/02 12:07:31.025, 124.86, 840, 150.00, 45, 67
2026/10/02 12:07:31.225, 117.71, 1680, 150.00, 30, 66
2026/10/02 12:07:31.426, 117.69, 1680, 150.00, 0, 65
2026/10/02 12:07:31.626, 119.31, 1695, 150.00, 0, 65
2026/10/02 12:07:31.827, 120.85, 795, 150.00, 100, 67
2026/10/02 12:07:32.027, 112.21, 630, 150.00, 84, 67
2026/10/02 12:07:32.228, 116.70, 945, 150.00, 0, 66
2026/10/02 12:07:32.428, 122.67, 720, 150.00, 16, 66
2026/10/02 12:07:32.629, 129.62, 615, 150.00, 51, 66
2026/10/02 12:07:32.829, 122.06, 1020, 150.00, 0, 66
2026/10/02 12:07:33.030, 127.49, 795, 150.00, 100, 67
2026/10/02 12:07:33.230, 135.41, 1260, 150.00, 67, 67
2026/10/02 12:07:33.431, 139.14, 780, 150.00, 100, 68
2026/10/02 12:07:33.631, 146.89, 690, 150.00, 71, 67
2026/10/02 12:07:33.832, 140.93, 660, 150.00, 4, 66
2026/10/02 12:07:34.032, 136.14, 795, 150.00, 100, 68
2026/10/02 12:07:34.233, 133.44, 615, 150.00, 100, 68
2026/10/02 12:07:34.433, 119.97, 630, 150.00, 63, 66
2026/10/02 12:07:34.634, 106.43, 1680, 150.00, 0, 66
2026/10/02 12:07:34.835, 110.79, 1080, 150.00, 67, 67
2026/10/02 12:07:35.035, 122.03, 1545, 150.00, 49, 67
2026/10/02 12:07:35.236, 117.86, 690, 150.00, 90, 66
2026/10/02 12:07:35.437, 116.65, 585, 150.00, 66, 66
2026/10/02 12:07:35.637, 130.11, 780, 150.00, 100, 68
2026/10/02 12:07:35.838, 122.31, 1680, 150.00, 0, 67
2026/10/02 12:07:36.038, 122.49, 705, 150.00, 76, 67
2026/10/02 12:07:36.239, 110.69, 1200, 150.00, 60, 68
2026/10/02 12:07:36.440, 105.14, 1680, 150.00, 0, 66
2026/10/02 12:07:36.640, 108.82, 705, 150.00, 73, 67
2026/10/02 12:07:36.841, 103.37, 1665, 150.00, 0, 67
2026/10/02 12:07:37.041, 98.30, 1680, 150.00, 0, 66
2026/10/02 12:07:37.242, 97.65, 600, 150.00, 61, 65
2026/10/02 12:07:37.442, 105.62, 1200, 150.00, 63, 67
2026/10/02 12:07:37.643, 94.91, 1680, 150.00, 0, 66
2026/10/02 12:07:37.843, 85.76, 1695, 150.00, 0, 65
2026/10/02 12:07:38.044, 100.94, 795, 150.00, 91, 67
2026/10/02 12:07:38.244, 104.15, 1650, 150.00, 0, 67
2026/10/02 12:07:38.444, 100.32, 1560, 150.00, 20, 67
2026/10/02 12:07:38.645, 123.40, 885, 150.00, 82, 67
2026/10/02 12:07:38.845, 138.34, 780, 150.00, 100, 67
2026/10/02 12:07:39.046, 142.95, 780, 150.00, 100, 68
2026/10/02 12:07:39.247, 138.35, 825, 150.00, 73, 67
2026/10/02 12:07:39.447, 133.29, 1395, 150.00, 11, 67
2026/10/02 12:07:39.648, 128.13, 615, 150.00, 60, 66
2026/10/02 12:07:39.848, 116.79, 1500, 150.00, 50, 68
2026/10/02 12:07:40.049, 101.81, 1680, 150.00, 0, 66
2026/10/02 12:07:40.249, 95.10, 1695, 150.00, 2, 65
2026/10/02 12:07:40.450, 90.57, 1680, 150.00, 0, 66
2026/10/02 12:07:40.650, 93.32, 1260, 150.00, 15, 66
2026/10/02 12:07:40.851, 86.34, 1320, 150.00, 13, 66
2026/10/02 12:07:41.052, 101.89, 795, 150.00, 100, 67
2026/10/02 12:07:41.252, 116.78, 795, 150.00, 100, 68
2026/10/02 12:07:41.453, 132.93, 780, 150.00, 100, 68
2026/10/02 12:07:41.654, 147.69, 570, 150.00, 100, 68
2026/10/02 12:07:41.854, 151.65, 735, 150.00, 100, 68
2026/10/02 12:07:42.055, 150.48, 780, 150.00, 100, 68
2026/10/02 12:07:42.255, 150.57, 780, 150.00, 100, 68
2026/10/02 12:07:42.456, 150.62, 780, 150.00, 100, 68
2026/10/02 12:07:42.657, 149.20, 690, 150.00, 100, 68
2026/10/02 12:07:42.857, 149.75, 735, 150.00, 100, 68
2026/10/02 12:07:43.058, 150.14, 765, 150.00, 100, 68
2026/10/02 12:07:43.258, 150.36, 780, 150.00, 100, 69
2026/10/02 12:07:43.459, 150.13, 750, 150.00, 100, 69
2026/10/02 12:07:43.660, 147.09, 705, 150.00, 100, 69
2026/10/02 12:07:43.860, 148.13, 735, 150.00, 100, 69
2026/10/02 12:07:44.061, 148.41, 765, 150.00, 100, 69
2026/10/02 12:07:44.262, 148.51, 765, 150.00, 100, 69
2026/10/02 12:07:44.462, 147.99, 735, 150.00, 100, 69
2026/10/02 12:07:44.663, 149.48, 720, 150.00, 100, 69
2026/10/02 12:07:44.863, 149.83, 735, 150.00, 100, 69
2026/10/02 12:07:45.064, 134.75, 1680, 150.00, 0, 68
2026/10/02 12:07:45.265, 138.69, 795, 150.00, 99, 68
2026/10/02 12:07:45.465, 127.61, 1080, 150.00, 66, 69
2026/10/02 12:07:45.666, 125.98, 600, 150.00, 43, 67
2026/10/02 12:07:45.866, 130.71, 855, 150.00, 91, 68
2026/10/02 12:07:46.067, 136.44, 765, 150.00, 88, 69
2026/10/02 12:07:46.268, 137.26, 1020, 150.00, 86, 68
2026/10/02 12:07:46.468, 140.00, 780, 150.00, 100, 69
2026/10/02 12:07:46.669, 153.47, 960, 150.00, 48, 68
2026/10/02 12:07:46.869, 142.97, 780, 150.00, 90, 69
2026/10/02 12:07:47.070, 128.24, 1665, 150.00, 0, 68
2026/10/02 12:07:47.270, 120.54, 1680, 150.00, 0, 67
2026/10/02 12:07:47.471, 111.58, 750, 150.00, 85, 67
2026/10/02 12:07:47.671, 101.72, 1680, 150.00, 2, 67
2026/10/02 12:07:47.872, 81.35, 1680, 150.00, 0, 67
2026/10/02 12:07:48.072, 88.68, 1590, 150.00, 32, 68
2026/10/02 12:07:48.273, 97.43, 1515, 150.00, 46, 68
2026/10/02 12:07:48.473, 96.13, 1425, 150.00, 59, 67
2026/10/02 12:07:48.674, 101.91, 1635, 150.00, 13, 68
2026/10/02 12:07:48.874, 103.39, 1170, 150.00, 61, 67
2026/10/02 12:07:49.075, 89.67, 1680, 150.00, 0, 66
2026/10/02 12:07:49.275, 84.55, 765, 150.00, 67, 67
2026/10/02 12:07:49.476, 98.91, 600, 150.00, 37, 66
2026/10/02 12:07:49.676, 108.45, 1605, 150.00, 31, 68
2026/10/02 12:07:49.877, 123.71, 780, 150.00, 100, 68
2026/10/02 12:07:50.077, 138.46, 780, 150.00, 100, 69
2026/10/02 12:07:50.278, 150.29, 780, 150.00, 100, 69
2026/10/02 12:07:50.478, 164.67, 600, 150.00, 100, 69
2026/10/02 12:07:50.679, 149.28, 1485, 150.00, 55, 69
2026/10/02 12:07:50.880, 144.18, 780, 150.00, 100, 69
2026/10/02 12:07:51.080, 143.04, 885, 150.00, 97, 69
2026/10/02 12:07:51.281, 134.55, 780, 150.00, 99, 69
2026/10/02 12:07:51.482, 134.60, 780, 150.00, 100, 69
2026/10/02 12:07:51.682, 132.94, 750, 150.00, 100, 69
2026/10/02 12:07:51.883, 142.30, 735, 150.00, 92, 69
2026/10/02 12:07:52.083, 126.59, 1680, 150.00, 0, 68
2026/10/02 12:07:52.284, 132.79, 1125, 150.00, 17, 67
2026/10/02 12:07:52.484, 126.08, 1530, 150.00, 29, 69
2026/10/02 12:07:52.685, 120.18, 780, 150.00, 97, 68
2026/10/02 12:07:52.886, 123.85, 780, 150.00, 100, 69
2026/10/02 12:07:53.086, 115.64, 1680, 150.00, 0, 68
2026/10/02 12:07:53.286, 135.78, 1290, 150.00, 48, 68
2026/10/02 12:07:53.487, 129.72, 780, 150.00, 100, 69
2026/10/02 12:07:53.688, 145.72, 780, 150.00, 100, 69
2026/10/02 12:07:53.888, 134.92, 1515, 150.00, 33, 69
2026/10/02 12:07:54.089, 130.05, 1035, 150.00, 64, 67
2026/10/02 12:07:54.289, 123.90, 1650, 150.00, 1, 68
2026/10/02 12:07:54.490, 128.26, 765, 150.00, 100, 68
2026/10/02 12:07:54.690, 124.16, 1050, 150.00, 88, 69
2026/10/02 12:07:54.891, 121.02, 570, 150.00, 44, 67
2026/10/02 12:07:55.091, 133.02, 975, 150.00, 68, 69
2026/10/02 12:07:55.292, 122.48, 1680, 150.00, 0, 68
2026/10/02 12:07:55.492, 125.64, 1290, 150.00, 33, 68
2026/10/02 12:07:55.693, 117.40, 630, 150.00, 74, 67
2026/10/02 12:07:55.893, 120.80, 1365, 150.00, 50, 69
2026/10/02 12:07:56.094, 101.55, 1680, 150.00, 0, 67
2026/10/02 12:07:56.295, 105.25, 1650, 150.00, 3, 68
2026/10/02 12:07:56.495, 120.62, 795, 150.00, 100, 68
2026/10/02 12:07:56.696, 122.36, 780, 150.00, 100, 69
2026/10/02 12:07:56.896, 122.54, 780, 150.00, 100, 69
2026/10/02 12:07:57.097, 130.30, 1500, 150.00, 35, 69
2026/10/02 12:07:57.297, 131.26, 630, 150.00, 56, 67
2026/10/02 12:07:57.498, 135.46, 1215, 150.00, 16, 67
2026/10/02 12:07:57.698, 119.14, 1680, 150.00, 0, 67
2026/10/02 12:07:57.899, 104.19, 1680, 150.00, 0, 67
2026/10/02 12:07:58.099, 94.69, 1380, 150.00, 49, 68
2026/10/02 12:07:58.300, 102.08, 1665, 150.00, 0, 68
2026/10/02 12:07:58.501, 93.77, 1680, 150.00, 0, 67
2026/10/02 12:07:58.701, 84.06, 1695, 150.00, 0, 67
2026/10/02 12:07:58.902, 92.09, 735, 150.00, 74, 67
2026/10/02 12:07:59.102, 103.74, 855, 150.00, 78, 69
2026/10/02 12:07:59.303, 109.45, 585, 150.00, 39, 68
2026/10/02 12:07:59.503, 131.33, 1425, 150.00, 59, 69
2026/10/02 12:07:59.704, 129.29, 1050, 150.00, 61, 68
2026/10/02 12:07:59.904, 135.91, 1650, 150.00, 2, 69
2026/10/02 12:08:00.105, 142.47, 795, 150.00, 100, 69
2026/10/02 12:08:00.305, 139.71, 1350, 150.00, 71, 69
2026/10/02 12:08:00.506, 127.79, 1605, 150.00, 24, 69
2026/10/02 12:08:00.706, 132.92, 780, 150.00, 100, 69
2026/10/02 12:08:00.907, 132.49, 1605, 150.00, 10, 69
2026/10/02 12:08:01.108, 133.00, 780, 150.00, 100, 69
2026/10/02 12:08:01.308, 136.30, 645, 150.00, 64, 69
2026/10/02 12:08:01.509, 138.52, 795, 150.00, 99, 69
2026/10/02 12:08:01.709, 131.00, 1080, 150.00, 63, 69
2026/10/02 12:08:01.910, 121.76, 1110, 150.00, 66, 69
2026/10/02 12:08:02.110, 115.97, 1680, 150.00, 0, 68
2026/10/02 12:08:02.311, 101.35, 1695, 150.00, 0, 67
2026/10/02 12:08:02.511, 90.01, 810, 150.00, 58, 67
2026/10/02 12:08:02.712, 98.79, 795, 150.00, 100, 69
2026/10/02 12:08:02.912, 108.13, 765, 150.00, 100, 69
2026/10/02 12:08:03.113, 123.91, 780, 150.00, 100, 69
2026/10/02 12:08:03.313, 135.82, 465, 150.00, 100, 70
2026/10/02 12:08:03.514, 149.38, 750, 150.00, 100, 69
2026/10/02 12:08:03.715, 149.99, 780, 150.00, 100, 69
2026/10/02 12:08:03.915, 149.86, 780, 150.00, 100, 70
2026/10/02 12:08:04.116, 149.86, 780, 150.00, 100, 70
2026/10/02 12:08:04.316, 147.47, 675, 150.00, 100, 70
2026/10/02 12:08:04.517, 150.24, 735, 150.00, 100, 70
2026/10/02 12:08:04.717, 150.33, 765, 150.00, 100, 70
2026/10/02 12:08:04.918, 141.84, 1455, 150.00, 40, 70
2026/10/02 12:08:05.118, 141.12, 960, 150.00, 28, 68
2026/10/02 12:08:05.319, 142.06, 780, 150.00, 97, 69
2026/10/02 12:08:05.520, 136.92, 1650, 150.00, 0, 69
2026/10/02 12:08:05.720, 137.21, 765, 150.00, 29, 68
2026/10/02 12:08:05.921, 138.85, 690, 150.00, 69, 69
2026/10/02 12:08:06.121, 145.50, 1635, 150.00, 1, 69
2026/10/02 12:08:06.322, 138.18, 780, 150.00, 100, 69
2026/10/02 12:08:06.522, 137.28, 765, 150.00, 100, 70
2026/10/02 12:08:06.723, 152.41, 765, 150.00, 100, 70
2026/10/02 12:08:06.923, 137.54, 1605, 150.00, 11, 70
2026/10/02 12:08:07.124, 122.61, 1680, 150.00, 0, 68
2026/10/02 12:08:07.324, 116.56, 1695, 150.00, 0, 67
2026/10/02 12:08:07.525, 100.82, 1365, 150.00, 62, 67
2026/10/02 12:08:07.725, 85.87, 1680, 150.00, 0, 67
2026/10/02 12:08:07.926, 79.37, 645, 150.00, 71, 68
2026/10/02 12:08:08.126, 86.17, 1485, 150.00, 56, 69
2026/10/02 12:08:08.327, 94.46, 1650, 150.00, 8, 69
2026/10/02 12:08:08.527, 107.97, 780, 150.00, 100, 69
2026/10/02 12:08:08.728, 123.79, 780, 150.00, 100, 70
2026/10/02 12:08:08.929, 128.82, 1500, 150.00, 55, 70
2026/10/02 12:08:09.129, 126.39, 585, 150.00, 46, 68
2026/10/02 12:08:09.329, 117.97, 1680, 150.00, 0, 68
2026/10/02 12:08:09.530, 112.14, 1680, 150.00, 0, 67
2026/10/02 12:08:09.730, 116.11, 750, 150.00, 76, 68
2026/10/02 12:08:09.931, 108.76, 630, 150.00, 60, 68
2026/10/02 12:08:10.131, 109.29, 1680, 150.00, 0, 67
2026/10/02 12:08:10.332, 97.90, 1680, 150.00, 0, 67
2026/10/02 12:08:10.532, 104.72, 675, 150.00, 69, 67
2026/10/02 12:08:10.733, 108.39, 780, 150.00, 100, 69
2026/10/02 12:08:10.933, 106.35, 645, 150.00, 86, 68
2026/10/02 12:08:11.134, 107.88, 1275, 150.00, 14, 68
2026/10/02 12:08:11.334, 122.07, 780, 150.00, 100, 69
2026/10/02 12:08:11.535, 133.18, 750, 150.00, 75, 68
2026/10/02 12:08:11.735, 125.35, 1515, 150.00, 53, 70
2026/10/02 12:08:11.936, 132.87, 720, 150.00, 32, 68
2026/10/02 12:08:12.136, 146.23, 600, 150.00, 53, 69
2026/10/02 12:08:12.337, 140.46, 1065, 150.00, 88, 69
2026/10/02 12:08:12.537, 142.67, 750, 150.00, 31, 68
2026/10/02 12:08:12.738, 127.30, 1680, 150.00, 0, 68
2026/10/02 12:08:12.938, 135.84, 1290, 150.00, 76, 69
2026/10/02 12:08:13.139, 125.48, 1635, 150.00, 16, 69
2026/10/02 12:08:13.339, 106.73, 1680, 150.00, 0, 67
2026/10/02 12:08:13.540, 117.52, 780, 150.00, 100, 69
2026/10/02 12:08:13.740, 120.05, 945, 150.00, 49, 69
2026/10/02 12:08:13.942, 126.58, 780, 150.00, 83, 69
2026/10/02 12:08:14.142, 130.60, 780, 150.00, 100, 70
2026/10/02 12:08:14.343, 144.68, 780, 150.00, 98, 70
2026/10/02 12:08:14.544, 144.29, 750, 150.00, 100, 70
2026/10/02 12:08:14.744, 147.71, 735, 150.00, 100, 70
2026/10/02 12:08:14.945, 149.53, 765, 150.00, 100, 70
2026/10/02 12:08:15.145, 141.12, 1575, 150.00, 100, 70
2026/10/02 12:08:15.346, 148.67, 675, 150.00, 43, 69
2026/10/02 12:08:15.546, 150.27, 765, 150.00, 100, 70
2026/10/02 12:08:15.747, 135.79, 1680, 150.00, 56, 69
2026/10/02 12:08:15.947, 142.99, 705, 150.00, 34, 69
2026/10/02 12:08:16.148, 136.00, 1290, 150.00, 100, 70
2026/10/02 12:08:16.349, 138.97, 780, 150.00, 93, 70
2026/10/02 12:08:16.549, 137.11, 765, 150.00, 100, 70
2026/10/02 12:08:16.750, 144.66, 690, 150.00, 100, 70
2026/10/02 12:08:16.951, 145.77, 750, 150.00, 100, 70
2026/10/02 12:08:17.151, 143.62, 765, 150.00, 100, 70
2026/10/02 12:08:17.352, 151.16, 765, 150.00, 100, 70
2026/10/02 12:08:17.552, 150.71, 675, 150.00, 100, 70
2026/10/02 12:08:17.753, 150.04, 735, 150.00, 100, 70
2026/10/02 12:08:17.954, 141.84, 1395, 150.00, 100, 70
2026/10/02 12:08:18.154, 135.27, 810, 150.00, 0, 69
2026/10/02 12:08:18.355, 126.96, 1575, 150.00, 100, 70
2026/10/02 12:08:18.555, 112.40, 1680, 150.00, 0, 68
2026/10/02 12:08:18.756, 98.50, 1290, 150.00, 0, 68
2026/10/02 12:08:18.956, 89.62, 1665, 150.00, 62, 69
2026/10/02 12:08:19.158, 98.75, 1410, 150.00, 0, 68
2026/10/02 12:08:19.359, 82.59, 1365, 150.00, 45, 69
2026/10/02 12:08:19.559, 83.44, 1680, 150.00, 0, 68
2026/10/02 12:08:19.760, 95.00, 645, 150.00, 0, 68
2026/10/02 12:08:19.960, 98.86, 1425, 150.00, 100, 69
2026/10/02 12:08:20.161, 112.19, 1650, 150.00, 33, 68
2026/10/02 12:08:20.361, 111.41, 780, 150.00, 0, 69
2026/10/02 12:08:20.562, 111.39, 1680, 150.00, 62, 68
2026/10/02 12:08:20.763, 111.32, 1680, 150.00, 0, 67
2026/10/02 12:08:20.963, 99.44, 1665, 150.00, 62, 68
2026/10/02 12:08:21.166, 83.07, 900, 150.00, 0, 68
2026/10/02 12:08:21.366, 82.36, 1560, 150.00, 66, 68
2026/10/02 12:08:21.567, 77.14, 1680, 150.00, 0, 67
2026/10/02 12:08:21.769, 85.14, 705, 150.00, 0, 68
2026/10/02 12:08:21.969, 91.66, 780, 150.00, 100, 69
2026/10/02 12:08:22.170, 107.03, 780, 150.00, 100, 70
2026/10/02 12:08:22.371, 123.06, 765, 150.00, 100, 70
2026/10/02 12:08:22.571, 138.29, 465, 150.00, 100, 70
2026/10/02 12:08:22.772, 150.77, 735, 150.00, 100, 70
2026/10/02 12:08:22.972, 150.55, 765, 150.00, 100, 70
2026/10/02 12:08:23.173, 146.09, 1155, 150.00, 100, 70
2026/10/02 12:08:23.374, 131.19, 1680, 150.00, 66, 68
2026/10/02 12:08:23.574, 116.63, 1230, 150.00, 0, 68
2026/10/02 12:08:23.774, 118.01, 780, 150.00, 95, 70
2026/10/02 12:08:23.975, 118.59, 765, 150.00, 100, 70
2026/10/02 12:08:24.176, 120.02, 750, 150.00, 100, 70
2026/10/02 12:08:24.376, 137.68, 555, 150.00, 100, 70
2026/10/02 12:08:24.577, 151.89, 990, 150.00, 85, 70
2026/10/02 12:08:24.777, 145.04, 1680, 150.00, 12, 68
2026/10/02 12:08:24.978, 144.70, 585, 150.00, 0, 69
2026/10/02 12:08:25.178, 144.65, 1230, 150.00, 100, 69
2026/10/02 12:08:25.379, 141.83, 630, 150.00, 1, 70
2026/10/02 12:08:25.579, 136.34, 780, 150.00, 100, 70
2026/10/02 12:08:25.780, 140.86, 870, 150.00, 100, 71
2026/10/02 12:08:25.981, 139.62, 1680, 150.00, 51, 68
2026/10/02 12:08:26.181, 126.96, 810, 150.00, 0, 69
2026/10/02 12:08:26.381, 122.56, 1680, 150.00, 83, 68
2026/10/02 12:08:26.582, 106.99, 1680, 150.00, 58, 68
2026/10/02 12:08:26.783, 107.14, 615, 150.00, 0, 69
2026/10/02 12:08:26.983, 123.96, 645, 150.00, 75, 70
2026/10/02 12:08:27.184, 131.80, 750, 150.00, 47, 69
2026/10/02 12:08:27.384, 134.22, 765, 150.00, 100, 70
2026/10/02 12:08:27.585, 140.40, 765, 150.00, 91, 70
2026/10/02 12:08:27.785, 139.71, 1680, 150.00, 61, 68
2026/10/02 12:08:27.986, 135.29, 975, 150.00, 41, 70
2026/10/02 12:08:28.186, 132.52, 750, 150.00, 11, 70
2026/10/02 12:08:28.387, 131.38, 765, 150.00, 100, 70
2026/10/02 12:08:28.588, 126.19, 1665, 150.00, 100, 69
2026/10/02 12:08:28.788, 126.83, 795, 150.00, 3, 70
2026/10/02 12:08:28.989, 129.58, 780, 150.00, 100, 70
2026/10/02 12:08:29.189, 136.84, 765, 150.00, 100, 70
2026/10/02 12:08:29.390, 137.48, 1020, 150.00, 100, 70
2026/10/02 12:08:29.590, 141.59, 780, 150.00, 31, 70
2026/10/02 12:08:29.791, 151.67, 870, 150.00, 30, 70
2026/10/02 12:08:29.991, 149.56, 1650, 150.00, 45, 69
2026/10/02 12:08:30.192, 134.92, 1680, 150.00, 0, 68
2026/10/02 12:08:30.392, 131.47, 750, 150.00, 68, 70
2026/10/02 12:08:30.593, 126.43, 765, 150.00, 100, 70
2026/10/02 12:08:30.794, 135.38, 765, 150.00, 100, 70
2026/10/02 12:08:30.994, 126.81, 765, 150.00, 100, 71
2026/10/02 12:08:31.195, 139.21, 705, 150.00, 100, 70
2026/10/02 12:08:31.395, 131.51, 1680, 150.00, 27, 69
2026/10/02 12:08:31.596, 134.88, 765, 150.00, 85, 70
2026/10/02 12:08:31.796, 125.71, 780, 150.00, 46, 70
2026/10/02 12:08:31.997, 125.80, 945, 150.00, 100, 71
2026/10/02 12:08:32.197, 113.56, 1680, 150.00, 14, 69
2026/10/02 12:08:32.398, 109.12, 1680, 150.00, 64, 69
2026/10/02 12:08:32.598, 101.78, 1530, 150.00, 0, 69
2026/10/02 12:08:32.799, 107.65, 1635, 150.00, 31, 68
2026/10/02 12:08:32.999, 93.76, 1680, 150.00, 0, 68
2026/10/02 12:08:33.200, 90.85, 855, 150.00, 0, 69
2026/10/02 12:08:33.400, 94.22, 1635, 150.00, 100, 68
2026/10/02 12:08:33.601, 102.49, 1350, 150.00, 60, 68
2026/10/02 12:08:33.801, 88.67, 1470, 150.00, 63, 69
2026/10/02 12:08:34.002, 104.76, 765, 150.00, 62, 70
2026/10/02 12:08:34.202, 111.44, 1605, 150.00, 84, 69
2026/10/02 12:08:34.403, 106.72, 1560, 150.00, 82, 69
2026/10/02 12:08:34.604, 120.22, 780, 150.00, 23, 70
2026/10/02 12:08:34.804, 120.51, 1680, 150.00, 24, 68
2026/10/02 12:08:35.004, 127.13, 600, 150.00, 0, 69
2026/10/02 12:08:35.205, 126.57, 990, 150.00, 100, 70
2026/10/02 12:08:35.405, 120.56, 1680, 150.00, 11, 68
2026/10/02 12:08:35.606, 107.60, 1695, 150.00, 0, 68
2026/10/02 12:08:35.806, 106.03, 1290, 150.00, 0, 68
2026/10/02 12:08:36.007, 121.52, 705, 150.00, 13, 69
2026/10/02 12:08:36.207, 106.17, 1380, 150.00, 100, 68
2026/10/02 12:08:36.408, 98.65, 1680, 150.00, 62, 68
2026/10/02 12:08:36.608, 101.44, 1680, 150.00, 63, 68
2026/10/02 12:08:36.809, 101.42, 1680, 150.00, 0, 68
2026/10/02 12:08:37.009, 88.38, 1035, 150.00, 0, 68
2026/10/02 12:08:37.210, 88.71, 780, 150.00, 91, 69
2026/10/02 12:08:37.411, 109.05, 660, 150.00, 98, 70
2026/10/02 12:08:37.611, 113.64, 1665, 150.00, 73, 68
2026/10/02 12:08:37.812, 127.56, 780, 150.00, 78, 70
2026/10/02 12:08:38.012, 126.42, 1680, 150.00, 50, 68
2026/10/02 12:08:38.213, 134.16, 780, 150.00, 72, 70
2026/10/02 12:08:38.413, 118.37, 1680, 150.00, 52, 68
2026/10/02 12:08:38.614, 100.25, 1365, 150.00, 0, 68
2026/10/02 12:08:38.814, 103.71, 1665, 150.00, 51, 68
2026/10/02 12:08:39.015, 113.64, 1305, 150.00, 52, 69
2026/10/02 12:08:39.216, 116.70, 630, 150.00, 0, 69
2026/10/02 12:08:39.416, 116.56, 1650, 150.00, 100, 68
2026/10/02 12:08:39.617, 118.68, 1350, 150.00, 0, 69
2026/10/02 12:08:39.817, 106.64, 1680, 150.00, 0, 67
2026/10/02 12:08:40.017, 97.37, 1170, 150.00, 0, 68
2026/10/02 12:08:40.218, 90.42, 1680, 150.00, 62, 67
2026/10/02 12:08:40.418, 87.51, 780, 150.00, 64, 69
2026/10/02 12:08:40.619, 99.30, 600, 150.00, 63, 69
2026/10/02 12:08:40.819, 102.26, 780, 150.00, 44, 69
2026/10/02 12:08:41.020, 116.80, 765, 150.00, 100, 70
2026/10/02 12:08:41.221, 132.30, 765, 150.00, 100, 70
2026/10/02 12:08:41.421, 139.43, 765, 150.00, 100, 70
2026/10/02 12:08:41.622, 144.83, 750, 150.00, 100, 70
2026/10/02 12:08:41.822, 147.99, 750, 150.00, 100, 70
2026/10/02 12:08:42.023, 149.14, 750, 150.00, 100, 70
2026/10/02 12:08:42.223, 149.20, 765, 150.00, 100, 70
2026/10/02 12:08:42.424, 149.15, 750, 150.00, 100, 70
2026/10/02 12:08:42.625, 147.60, 705, 150.00, 100, 70
2026/10/02 12:08:42.825, 150.01, 735, 150.00, 100, 70
2026/10/02 12:08:43.026, 150.01, 750, 150.00, 100, 70
2026/10/02 12:08:43.226, 150.05, 750, 150.00, 100, 71
2026/10/02 12:08:43.427, 156.71, 585, 150.00, 99, 71
2026/10/02 12:08:43.627, 142.31, 1680, 150.00, 34, 68
2026/10/02 12:08:43.828, 129.06, 1080, 150.00, 0, 68
2026/10/02 12:08:44.028, 113.80, 1680, 150.00, 59, 68
2026/10/02 12:08:44.229, 109.29, 630, 150.00, 0, 69
2026/10/02 12:08:44.429, 107.00, 630, 150.00, 47, 70
2026/10/02 12:08:44.629, 105.67, 615, 150.00, 23, 69
2026/10/02 12:08:44.830, 113.54, 1155, 150.00, 75, 69
2026/10/02 12:08:45.030, 113.61, 1680, 150.00, 63, 68
2026/10/02 12:08:45.231, 126.86, 1635, 150.00, 33, 68
2026/10/02 12:08:45.431, 132.72, 585, 150.00, 0, 69
2026/10/02 12:08:45.632, 126.83, 1665, 150.00, 96, 68
2026/10/02 12:08:45.832, 111.96, 1245, 150.00, 0, 69
2026/10/02 12:08:46.033, 113.08, 1680, 150.00, 0, 68
2026/10/02 12:08:46.233, 99.03, 1695, 150.00, 0, 67
2026/10/02 12:08:46.434, 111.60, 615, 150.00, 0, 69
2026/10/02 12:08:46.634, 96.27, 1110, 150.00, 42, 68
2026/10/02 12:08:46.835, 109.62, 585, 150.00, 2, 69
2026/10/02 12:08:47.035, 110.09, 1650, 150.00, 100, 68
2026/10/02 12:08:47.236, 110.07, 1290, 150.00, 0, 68
2026/10/02 12:08:47.436, 109.04, 1680, 150.00, 59, 67
2026/10/02 12:08:47.637, 104.86, 780, 150.00, 0, 69
2026/10/02 12:08:47.837, 100.15, 1080, 150.00, 68, 69
2026/10/02 12:08:48.038, 78.71, 1680, 150.00, 63, 68
2026/10/02 12:08:48.238, 79.57, 1680, 150.00, 0, 67
2026/10/02 12:08:48.439, 80.50, 1035, 150.00, 0, 68
2026/10/02 12:08:48.639, 85.96, 1605, 150.00, 100, 68
2026/10/02 12:08:48.840, 75.85, 1680, 150.00, 0, 67
2026/10/02 12:08:49.040, 83.53, 1260, 150.00, 0, 68
2026/10/02 12:08:49.241, 91.95, 1605, 150.00, 15, 67
2026/10/02 12:08:49.441, 91.81, 1680, 150.00, 0, 67
2026/10/02 12:08:49.642, 92.79, 735, 150.00, 61, 69
2026/10/02 12:08:49.843, 96.12, 1680, 150.00, 85, 67
2026/10/02 12:08:50.043, 96.12, 1470, 150.00, 0, 68
2026/10/02 12:08:50.244, 88.13, 1665, 150.00, 61, 67
2026/10/02 12:08:50.444, 89.39, 1680, 150.00, 0, 67
2026/10/02 12:08:50.645, 97.77, 1665, 150.00, 58, 67
2026/10/02 12:08:50.846, 100.52, 645, 150.00, 0, 68
2026/10/02 12:08:51.046, 114.92, 1320, 150.00, 76, 68
2026/10/02 12:08:51.247, 120.23, 1680, 150.00, 0, 67
2026/10/02 12:08:51.448, 120.20, 1680, 150.00, 0, 67
2026/10/02 12:08:51.648, 112.00, 1695, 150.00, 0, 67
2026/10/02 12:08:51.849, 103.15, 1530, 150.00, 66, 67
2026/10/02 12:08:52.049, 88.80, 1680, 150.00, 0, 67
2026/10/02 12:08:52.250, 76.12, 1695, 150.00, 0, 66
2026/10/02 12:08:52.451, 76.25, 1695, 150.00, 0, 66
2026/10/02 12:08:52.651, 82.65, 765, 150.00, 74, 68
2026/10/02 12:08:52.852, 92.61, 780, 150.00, 100, 69
2026/10/02 12:08:53.052, 92.62, 1680, 150.00, 0, 67
2026/10/02 12:08:53.253, 92.58, 1680, 150.00, 0, 66
2026/10/02 12:08:53.453, 92.61, 1695, 150.00, 0, 66
2026/10/02 12:08:53.653, 113.93, 795, 150.00, 99, 68
2026/10/02 12:08:53.854, 107.11, 990, 150.00, 72, 68
2026/10/02 12:08:54.055, 99.95, 1680, 150.00, 0, 67
2026/10/02 12:08:54.255, 99.59, 1500, 150.00, 60, 67
2026/10/02 12:08:54.456, 117.77, 765, 150.00, 100, 68
2026/10/02 12:08:54.656, 118.40, 780, 150.00, 100, 69
2026/10/02 12:08:54.857, 114.88, 630, 150.00, 40, 69
2026/10/02 12:08:55.057, 114.91, 1680, 150.00, 0, 67
2026/10/02 12:08:55.257, 129.66, 615, 150.00, 30, 68
2026/10/02 12:08:55.458, 132.50, 585, 150.00, 25, 68
2026/10/02 12:08:55.658, 116.50, 1680, 150.00, 0, 67
2026/10/02 12:08:55.859, 109.92, 1680, 150.00, 0, 66
2026/10/02 12:08:56.059, 98.69, 1695, 150.00, 0, 66
2026/10/02 12:08:56.260, 111.56, 1620, 150.00, 38, 66
2026/10/02 12:08:56.460, 97.88, 1680, 150.00, 0, 66
2026/10/02 12:08:56.661, 96.74, 1650, 150.00, 21, 66
2026/10/02 12:08:56.861, 96.72, 1680, 150.00, 0, 66
2026/10/02 12:08:57.061, 96.64, 1695, 150.00, 0, 66
2026/10/02 12:08:57.262, 90.44, 1380, 150.00, 64, 67
2026/10/02 12:08:57.463, 91.38, 1680, 150.00, 0, 66
2026/10/02 12:08:57.663, 78.55, 1695, 150.00, 0, 66
2026/10/02 12:08:57.863, 79.40, 1695, 150.00, 0, 66
2026/10/02 12:08:58.064, 100.37, 795, 150.00, 100, 67
2026/10/02 12:08:58.265, 101.51, 1680, 150.00, 2, 66
2026/10/02 12:08:58.465, 108.16, 1665, 150.00, 7, 66
2026/10/02 12:08:58.666, 109.38, 1680, 150.00, 0, 66
2026/10/02 12:08:58.866, 109.38, 1680, 150.00, 0, 66
2026/10/02 12:08:59.067, 98.31, 1665, 150.00, 0, 66
2026/10/02 12:08:59.267, 95.14, 795, 150.00, 69, 68
2026/10/02 12:08:59.468, 103.44, 690, 150.00, 47, 68
2026/10/02 12:08:59.668, 101.17, 1680, 150.00, 0, 66
2026/10/02 12:08:59.869, 114.11, 615, 150.00, 21, 67
2026/10/02 12:09:00.070, 120.31, 1620, 150.00, 43, 67
2026/10/02 12:09:00.270, 125.69, 795, 150.00, 100, 68
2026/10/02 12:09:00.470, 111.90, 1035, 150.00, 0, 66
2026/10/02 12:09:00.671, 103.78, 1680, 150.00, 0, 66
2026/10/02 12:09:00.871, 103.83, 1680, 150.00, 0, 66
2026/10/02 12:09:01.072, 80.69, 735, 150.00, 53, 67
2026/10/02 12:09:01.272, 76.68, 1680, 150.00, 0, 66
2026/10/02 12:09:01.473, 70.87, 1680, 150.00, 0, 66
2026/10/02 12:09:01.673, 70.74, 1695, 150.00, 0, 66
2026/10/02 12:09:01.874, 79.22, 1665, 150.00, 0, 66
2026/10/02 12:09:02.074, 89.27, 1650, 150.00, 17, 66
2026/10/02 12:09:02.275, 102.33, 645, 150.00, 17, 67
2026/10/02 12:09:02.475, 109.40, 1410, 150.00, 59, 67
2026/10/02 12:09:02.676, 108.84, 1680, 150.00, 0, 66
2026/10/02 12:09:02.876, 100.03, 1695, 150.00, 0, 65
2026/10/02 12:09:03.077, 88.61, 1695, 150.00, 0, 65
2026/10/02 12:09:03.277, 96.49, 600, 150.00, 10, 66
2026/10/02 12:09:03.478, 95.56, 1620, 150.00, 41, 66
2026/10/02 12:09:03.678, 96.22, 1605, 150.00, 48, 66
2026/10/02 12:09:03.879, 96.10, 1680, 150.00, 0, 66
2026/10/02 12:09:04.079, 96.08, 1695, 150.00, 0, 65
2026/10/02 12:09:04.280, 96.11, 1695, 150.00, 0, 65
2026/10/02 12:09:04.480, 98.01, 780, 150.00, 85, 67
2026/10/02 12:09:04.681, 104.51, 870, 150.00, 100, 68
2026/10/02 12:09:04.881, 113.23, 1665, 150.00, 18, 66
2026/10/02 12:09:05.082, 114.84, 1545, 150.00, 62, 66
2026/10/02 12:09:05.282, 114.50, 1680, 150.00, 0, 66
2026/10/02 12:09:05.483, 111.17, 1440, 150.00, 59, 67
2026/10/02 12:09:05.683, 95.56, 1680, 150.00, 0, 65
2026/10/02 12:09:05.884, 90.48, 765, 150.00, 50, 67
2026/10/02 12:09:06.084, 97.90, 1680, 150.00, 0, 66
2026/10/02 12:09:06.285, 96.58, 1680, 150.00, 0, 65
2026/10/02 12:09:06.485, 104.37, 885, 150.00, 60, 66
2026/10/02 12:09:06.686, 98.80, 1680, 150.00, 0, 66
2026/10/02 12:09:06.886, 111.21, 1170, 150.00, 40, 67
2026/10/02 12:09:07.087, 92.71, 1680, 150.00, 0, 65
2026/10/02 12:09:07.287, 113.33, 1290, 150.00, 55, 67
2026/10/02 12:09:07.488, 112.70, 1680, 150.00, 0, 65
2026/10/02 12:09:07.688, 102.01, 1695, 150.00, 0, 65
2026/10/02 12:09:07.889, 110.14, 1605, 150.00, 45, 65
2026/10/02 12:09:08.089, 103.18, 1485, 150.00, 62, 66
2026/10/02 12:09:08.290, 101.66, 1425, 150.00, 60, 66
2026/10/02 12:09:08.490, 91.02, 1680, 150.00, 0, 65
2026/10/02 12:09:08.690, 102.79, 795, 150.00, 74, 67
2026/10/02 12:09:08.891, 93.18, 1680, 150.00, 0, 66
2026/10/02 12:09:09.092, 108.27, 1635, 150.00, 34, 66
2026/10/02 12:09:09.292, 103.79, 1680, 150.00, 0, 65
2026/10/02 12:09:09.492, 107.08, 1620, 150.00, 43, 65
2026/10/02 12:09:09.693, 110.38, 645, 150.00, 12, 66
2026/10/02 12:09:09.893, 107.23, 780, 150.00, 61, 67
2026/10/02 12:09:10.094, 92.20, 1680, 150.00, 0, 66
2026/10/02 12:09:10.294, 92.24, 1545, 150.00, 60, 66
2026/10/02 12:09:10.495, 79.78, 1680, 150.00, 0, 65
2026/10/02 12:09:10.695, 81.03, 1695, 150.00, 0, 65
2026/10/02 12:09:10.896, 74.23, 1695, 150.00, 0, 65
2026/10/02 12:09:11.096, 69.69, 1695, 150.00, 0, 65
2026/10/02 12:09:11.297, 69.89, 1695, 150.00, 0, 65
2026/10/02 12:09:11.497, 69.89, 1695, 150.00, 0, 65
2026/10/02 12:09:11.697, 107.79, 1125, 150.00, 100, 66
2026/10/02 12:09:11.898, 106.80, 1680, 150.00, 0, 65
2026/10/02 12:09:12.098, 106.64, 1695, 150.00, 0, 64
2026/10/02 12:09:12.299, 106.65, 1035, 150.00, 0, 64
2026/10/02 12:09:12.499, 101.57, 1680, 150.00, 0, 65
2026/10/02 12:09:12.700, 73.75, 1680, 150.00, 0, 64
2026/10/02 12:09:12.900, 71.18, 1695, 150.00, 0, 64
2026/10/02 12:09:13.101, 85.02, 1635, 150.00, 29, 65
2026/10/02 12:09:13.301, 84.87, 1680, 150.00, 0, 64
2026/10/02 12:09:13.502, 83.99, 1560, 150.00, 0, 64
2026/10/02 12:09:13.702, 88.01, 1680, 150.00, 0, 65
2026/10/02 12:09:13.903, 92.39, 1590, 150.00, 52, 65
2026/10/02 12:09:14.103, 77.46, 1680, 150.00, 0, 64
2026/10/02 12:09:14.304, 78.50, 780, 150.00, 0, 65
2026/10/02 12:09:14.504, 83.95, 1590, 150.00, 55, 65
2026/10/02 12:09:14.705, 88.00, 1350, 150.00, 60, 65
2026/10/02 12:09:14.905, 101.85, 750, 150.00, 45, 66
2026/10/02 12:09:15.106, 110.09, 1680, 150.00, 0, 65
2026/10/02 12:09:15.306, 110.18, 1680, 150.00, 0, 65
2026/10/02 12:09:15.506, 109.85, 810, 150.00, 62, 66
2026/10/02 12:09:15.707, 111.16, 1680, 150.00, 0, 65
2026/10/02 12:09:15.907, 101.76, 1680, 150.00, 0, 65
2026/10/02 12:09:16.108, 82.54, 1680, 150.00, 0, 64
2026/10/02 12:09:16.308, 90.50, 1665, 150.00, 2, 65
2026/10/02 12:09:16.509, 90.47, 1680, 150.00, 0, 64
2026/10/02 12:09:16.709, 83.98, 1695, 150.00, 0, 64
2026/10/02 12:09:16.910, 77.79, 1695, 150.00, 0, 64
2026/10/02 12:09:17.110, 78.16, 1695, 150.00, 0, 64
2026/10/02 12:09:17.311, 75.50, 1680, 150.00, 0, 64
2026/10/02 12:09:17.511, 75.93, 1680, 150.00, 0, 64
2026/10/02 12:09:17.712, 84.43, 825, 150.00, 100, 66
2026/10/02 12:09:17.912, 91.16, 885, 150.00, 17, 66
2026/10/02 12:09:18.113, 105.03, 795, 150.00, 100, 66
2026/10/02 12:09:18.313, 98.33, 1680, 150.00, 0, 65
2026/10/02 12:09:18.514, 98.70, 1695, 150.00, 0, 64
2026/10/02 12:09:18.714, 97.10, 1695, 150.00, 0, 64
2026/10/02 12:09:18.915, 83.96, 1560, 150.00, 61, 65
2026/10/02 12:09:19.115, 95.93, 1290, 150.00, 80, 65
2026/10/02 12:09:19.316, 96.52, 1455, 150.00, 58, 66
2026/10/02 12:09:19.516, 109.16, 1650, 150.00, 22, 65
2026/10/02 12:09:19.717, 109.07, 1680, 150.00, 0, 64
2026/10/02 12:09:19.917, 109.01, 1695, 150.00, 0, 64
2026/10/02 12:09:20.118, 97.57, 1695, 150.00, 0, 64
2026/10/02 12:09:20.318, 100.42, 1365, 150.00, 54, 65
2026/10/02 12:09:20.519, 90.00, 1320, 150.00, 51, 66
2026/10/02 12:09:20.719, 100.42, 1620, 150.00, 43, 65
2026/10/02 12:09:20.920, 100.36, 1680, 150.00, 0, 64
2026/10/02 12:09:21.120, 100.26, 1695, 150.00, 0, 64
2026/10/02 12:09:21.320, 92.24, 1695, 150.00, 0, 64
2026/10/02 12:09:21.521, 97.68, 825, 150.00, 99, 66
2026/10/02 12:09:21.722, 74.69, 1680, 150.00, 0, 64
2026/10/02 12:09:21.922, 81.66, 645, 150.00, 9, 65
2026/10/02 12:09:22.123, 87.72, 1650, 150.00, 34, 64
2026/10/02 12:09:22.323, 87.60, 1680, 150.00, 0, 64
2026/10/02 12:09:22.524, 87.59, 1695, 150.00, 0, 64
2026/10/02 12:09:22.724, 94.91, 1635, 150.00, 34, 64
2026/10/02 12:09:22.925, 94.87, 1680, 150.00, 0, 64
2026/10/02 12:09:23.125, 95.23, 1140, 150.00, 38, 65
2026/10/02 12:09:23.326, 95.28, 1680, 150.00, 0, 64
2026/10/02 12:09:23.526, 115.88, 1065, 150.00, 82, 66
2026/10/02 12:09:23.727, 101.15, 1680, 150.00, 0, 64
2026/10/02 12:09:23.928, 102.26, 1695, 150.00, 0, 64
2026/10/02 12:09:24.128, 124.47, 975, 150.00, 100, 65
2026/10/02 12:09:24.329, 121.07, 1290, 150.00, 55, 65
2026/10/02 12:09:24.529, 116.77, 1470, 150.00, 78, 65
2026/10/02 12:09:24.730, 109.21, 1680, 150.00, 0, 64
2026/10/02 12:09:24.930, 109.27, 1695, 150.00, 0, 64
2026/10/02 12:09:25.131, 94.57, 1695, 150.00, 0, 64
2026/10/02 12:09:25.331, 105.62, 660, 150.00, 33, 65
2026/10/02 12:09:25.532, 94.65, 1650, 150.00, 34, 64
2026/10/02 12:09:25.732, 114.87, 1080, 150.00, 100, 65
2026/10/02 12:09:25.933, 114.35, 1680, 150.00, 0, 64
2026/10/02 12:09:26.133, 114.25, 1695, 150.00, 0, 64
2026/10/02 12:09:26.334, 100.13, 975, 150.00, 0, 64
2026/10/02 12:09:26.534, 89.12, 1680, 150.00, 0, 64
2026/10/02 12:09:26.735, 76.49, 1680, 150.00, 0, 64
2026/10/02 12:09:26.935, 69.71, 1695, 150.00, 0, 63
2026/10/02 12:09:27.136, 83.81, 900, 150.00, 25, 65
2026/10/02 12:09:27.336, 89.41, 810, 150.00, 77, 65
2026/10/02 12:09:27.537, 88.66, 1680, 150.00, 0, 64
2026/10/02 12:09:27.737, 95.41, 1590, 150.00, 49, 64
2026/10/02 12:09:27.938, 95.28, 1680, 150.00, 0, 64
2026/10/02 12:09:28.139, 101.76, 810, 150.00, 71, 65
2026/10/02 12:09:28.339, 87.86, 1680, 150.00, 0, 64
2026/10/02 12:09:28.540, 82.83, 1335, 150.00, 58, 64
2026/10/02 12:09:28.740, 78.18, 1680, 150.00, 0, 64
2026/10/02 12:09:28.941, 102.06, 1335, 150.00, 63, 66
2026/10/02 12:09:29.141, 95.94, 1680, 150.00, 0, 64
2026/10/02 12:09:29.342, 95.63, 1695, 150.00, 0, 64
2026/10/02 12:09:29.542, 112.67, 1320, 150.00, 94, 65
2026/10/02 12:09:29.743, 108.14, 1680, 150.00, 0, 64
2026/10/02 12:09:29.944, 96.34, 1695, 150.00, 0, 64
2026/10/02 12:09:30.144, 86.40, 1575, 150.00, 58, 64
2026/10/02 12:09:30.345, 86.21, 1680, 150.00, 0, 63
2026/10/02 12:09:30.545, 75.62, 1695, 150.00, 0, 63
2026/10/02 12:09:30.746, 69.66, 1695, 150.00, 0, 63
2026/10/02 12:09:30.946, 81.83, 1050, 150.00, 44, 64
2026/10/02 12:09:31.147, 96.43, 795, 150.00, 60, 65
2026/10/02 12:09:31.347, 96.54, 1680, 150.00, 0, 64
2026/10/02 12:09:31.548, 96.54, 1680, 150.00, 0, 63
2026/10/02 12:09:31.748, 96.56, 1695, 150.00, 0, 63
2026/10/02 12:09:31.949, 96.57, 1695, 150.00, 0, 63
2026/10/02 12:09:32.149, 76.72, 1695, 150.00, 0, 63
2026/10/02 12:09:32.350, 83.14, 825, 150.00, 100, 65
2026/10/02 12:09:32.550, 82.41, 1680, 150.00, 0, 64
2026/10/02 12:09:32.750, 95.16, 1170, 150.00, 39, 65
2026/10/02 12:09:32.951, 105.49, 1650, 150.00, 25, 64
2026/10/02 12:09:33.151, 105.37, 1680, 150.00, 0, 63
2026/10/02 12:09:33.352, 97.28, 1095, 150.00, 0, 63
2026/10/02 12:09:33.552, 93.60, 1680, 150.00, 0, 63
2026/10/02 12:09:33.753, 99.00, 1680, 150.00, 0, 64
2026/10/02 12:09:33.953, 74.88, 1680, 150.00, 0, 63
2026/10/02 12:09:34.154, 78.28, 1680, 150.00, 50, 63
2026/10/02 12:09:34.354, 91.25, 1635, 150.00, 25, 64
2026/10/02 12:09:34.555, 90.21, 1680, 150.00, 0, 63
2026/10/02 12:09:34.755, 84.95, 1695, 150.00, 0, 63
2026/10/02 12:09:34.956, 94.35, 1665, 150.00, 53, 63
2026/10/02 12:09:35.156, 91.62, 1680, 150.00, 0, 63
2026/10/02 12:09:35.357, 77.73, 1695, 150.00, 0, 63
2026/10/02 12:09:35.557, 97.71, 1095, 150.00, 17, 65
2026/10/02 12:09:35.758, 105.18, 1665, 150.00, 89, 64
2026/10/02 12:09:35.958, 101.75, 810, 150.00, 0, 65
2026/10/02 12:09:36.159, 101.25, 1680, 150.00, 57, 63
2026/10/02 12:09:36.359, 101.26, 1680, 150.00, 0, 63
2026/10/02 12:09:36.560, 89.70, 1695, 150.00, 0, 63
2026/10/02 12:09:36.760, 73.36, 1560, 150.00, 3, 63
2026/10/02 12:09:36.961, 90.37, 810, 150.00, 13, 65
2026/10/02 12:09:37.161, 93.69, 660, 150.00, 44, 65
2026/10/02 12:09:37.362, 99.78, 1620, 150.00, 99, 64
2026/10/02 12:09:37.562, 114.03, 1005, 150.00, 0, 65
2026/10/02 12:09:37.763, 136.08, 1005, 150.00, 80, 65
2026/10/02 12:09:37.963, 148.22, 810, 150.00, 60, 66
2026/10/02 12:09:38.164, 146.56, 795, 150.00, 100, 66
2026/10/02 12:09:38.364, 147.79, 1665, 150.00, 100, 64
2026/10/02 12:09:38.565, 148.92, 1680, 150.00, 0, 64
2026/10/02 12:09:38.765, 140.42, 975, 150.00, 0, 65
2026/10/02 12:09:38.966, 118.08, 1485, 150.00, 28, 64
2026/10/02 12:09:39.166, 110.99, 1380, 150.00, 0, 65
2026/10/02 12:09:39.367, 102.99, 1665, 150.00, 67, 64
2026/10/02 12:09:39.567, 110.71, 660, 150.00, 0, 65
2026/10/02 12:09:39.768, 109.43, 1680, 150.00, 48, 64
2026/10/02 12:09:39.968, 109.21, 825, 150.00, 10, 65
2026/10/02 12:09:40.169, 119.99, 795, 150.00, 100, 66
2026/10/02 12:09:40.369, 102.92, 1680, 150.00, 61, 64
2026/10/02 12:09:40.570, 109.40, 645, 150.00, 0, 65
2026/10/02 12:09:40.771, 117.97, 795, 150.00, 100, 66
2026/10/02 12:09:40.971, 126.56, 1335, 150.00, 90, 66
2026/10/02 12:09:41.172, 110.54, 1560, 150.00, 9, 65
2026/10/02 12:09:41.372, 103.55, 1680, 150.00, 0, 64
2026/10/02 12:09:41.573, 115.65, 1650, 150.00, 39, 64
2026/10/02 12:09:41.773, 106.50, 1500, 150.00, 0, 65
2026/10/02 12:09:41.974, 94.46, 1680, 150.00, 0, 64
2026/10/02 12:09:42.174, 84.07, 1695, 150.00, 0, 63
2026/10/02 12:09:42.375, 85.37, 1695, 150.00, 0, 63
2026/10/02 12:09:42.575, 84.04, 660, 150.00, 0, 65
2026/10/02 12:09:42.775, 87.87, 1605, 150.00, 50, 64
2026/10/02 12:09:42.976, 84.21, 1680, 150.00, 0, 63
2026/10/02 12:09:43.176, 84.22, 645, 150.00, 0, 64
2026/10/02 12:09:43.377, 83.19, 1680, 150.00, 60, 63
2026/10/02 12:09:43.577, 81.98, 1650, 150.00, 3, 64
2026/10/02 12:09:43.778, 71.36, 1665, 150.00, 9, 64
2026/10/02 12:09:43.978, 80.08, 810, 150.00, 0, 65
2026/10/02 12:09:44.179, 97.66, 1095, 150.00, 100, 66
2026/10/02 12:09:44.379, 97.30, 1680, 150.00, 46, 64
2026/10/02 12:09:44.580, 97.44, 1695, 150.00, 0, 63
2026/10/02 12:09:44.780, 92.37, 1695, 150.00, 0, 63
2026/10/02 12:09:44.981, 101.45, 810, 150.00, 0, 65
2026/10/02 12:09:45.181, 86.93, 630, 150.00, 75, 64
2026/10/02 12:09:45.382, 97.22, 750, 150.00, 100, 66
2026/10/02 12:09:45.582, 111.67, 1590, 150.00, 100, 65
2026/10/02 12:09:45.782, 111.35, 1680, 150.00, 0, 64
2026/10/02 12:09:45.983, 125.12, 645, 150.00, 32, 64
2026/10/02 12:09:46.184, 123.71, 675, 150.00, 74, 65
2026/10/02 12:09:46.384, 117.33, 1680, 150.00, 59, 64
2026/10/02 12:09:46.585, 97.35, 1680, 150.00, 0, 63
2026/10/02 12:09:46.785, 90.74, 1695, 150.00, 0, 63
2026/10/02 12:09:46.985, 76.07, 1695, 150.00, 0, 63
2026/10/02 12:09:47.186, 70.15, 675, 150.00, 0, 64
2026/10/02 12:09:47.386, 69.25, 765, 150.00, 58, 65
2026/10/02 12:09:47.587, 68.14, 1680, 150.00, 55, 63
2026/10/02 12:09:47.787, 68.00, 600, 150.00, 0, 63
2026/10/02 12:09:47.988, 69.75, 1665, 150.00, 64, 64
2026/10/02 12:09:48.188, 81.41, 1665, 150.00, 20, 64
2026/10/02 12:09:48.389, 82.22, 1680, 150.00, 0, 63
2026/10/02 12:09:48.589, 82.86, 1695, 150.00, 0, 63
2026/10/02 12:09:48.790, 83.03, 1695, 150.00, 0, 63
2026/10/02 12:09:48.990, 80.20, 1695, 150.00, 0, 63
2026/10/02 12:09:49.191, 79.25, 645, 150.00, 0, 63
2026/10/02 12:09:49.391, 79.20, 660, 150.00, 74, 63
2026/10/02 12:09:49.592, 78.08, 1110, 150.00, 60, 63
2026/10/02 12:09:49.792, 88.71, 1620, 150.00, 58, 64
2026/10/02 12:09:49.993, 100.71, 1680, 150.00, 38, 64
2026/10/02 12:09:50.193, 100.57, 1680, 150.00, 0, 63
2026/10/02 12:09:50.394, 97.75, 1665, 150.00, 12, 63
2026/10/02 12:09:50.594, 98.87, 600, 150.00, 0, 63
2026/10/02 12:09:50.795, 89.70, 1680, 150.00, 58, 63
2026/10/02 12:09:50.995, 75.32, 1620, 150.00, 0, 63
2026/10/02 12:09:51.195, 75.23, 690, 150.00, 0, 64
2026/10/02 12:09:51.396, 69.18, 1365, 150.00, 61, 63
2026/10/02 12:09:51.596, 80.60, 1680, 150.00, 52, 63
2026/10/02 12:09:51.797, 90.64, 1665, 150.00, 16, 64
2026/10/02 12:09:51.997, 112.40, 795, 150.00, 30, 65
2026/10/02 12:09:52.198, 114.64, 1650, 150.00, 87, 64
2026/10/02 12:09:52.398, 112.65, 1680, 150.00, 0, 63
2026/10/02 12:09:52.599, 102.33, 1695, 150.00, 0, 63
2026/10/02 12:09:52.799, 92.40, 1695, 150.00, 0, 63
2026/10/02 12:09:53.000, 92.00, 1455, 150.00, 0, 64
2026/10/02 12:09:53.200, 80.75, 1680, 150.00, 17, 63
2026/10/02 12:09:53.401, 106.96, 1200, 150.00, 26, 65
2026/10/02 12:09:53.601, 118.47, 1680, 150.00, 67, 64
2026/10/02 12:09:53.802, 117.26, 1665, 150.00, 2, 64
2026/10/02 12:09:54.002, 117.05, 1680, 150.00, 0, 63
2026/10/02 12:09:54.203, 105.17, 1695, 150.00, 0, 63
2026/10/02 12:09:54.403, 99.43, 1665, 150.00, 13, 63
2026/10/02 12:09:54.604, 75.20, 855, 150.00, 0, 63
2026/10/02 12:09:54.804, 79.13, 1680, 150.00, 57, 63
2026/10/02 12:09:55.005, 80.28, 1680, 150.00, 0, 63
2026/10/02 12:09:55.205, 79.35, 1650, 150.00, 0, 63
2026/10/02 12:09:55.406, 69.70, 1680, 150.00, 0, 63
2026/10/02 12:09:55.606, 70.93, 1695, 150.00, 0, 62
2026/10/02 12:09:55.807, 67.68, 630, 150.00, 0, 63
2026/10/02 12:09:56.007, 72.15, 1665, 150.00, 70, 63
2026/10/02 12:09:56.208, 72.11, 1680, 150.00, 0, 63
2026/10/02 12:09:56.408, 73.15, 1695, 150.00, 0, 62
2026/10/02 12:09:56.608, 73.26, 1695, 150.00, 0, 62
2026/10/02 12:09:56.809, 84.97, 1680, 150.00, 43, 63
2026/10/02 12:09:57.010, 92.37, 1680, 150.00, 24, 63
2026/10/02 12:09:57.210, 103.97, 1665, 150.00, 18, 63
2026/10/02 12:09:57.411, 103.90, 1680, 150.00, 0, 63
2026/10/02 12:09:57.611, 117.26, 765, 150.00, 0, 64
2026/10/02 12:09:57.812, 124.63, 1245, 150.00, 100, 64
2026/10/02 12:09:58.012, 110.69, 1680, 150.00, 36, 63
2026/10/02 12:09:58.212, 99.97, 1695, 150.00, 0, 63
2026/10/02 12:09:58.413, 105.12, 660, 150.00, 0, 63
2026/10/02 12:09:58.614, 119.46, 795, 150.00, 100, 64
2026/10/02 12:09:58.814, 113.59, 810, 150.00, 100, 65
2026/10/02 12:09:59.015, 117.99, 1575, 150.00, 100, 65
2026/10/02 12:09:59.215, 129.26, 840, 150.00, 0, 65
2026/10/02 12:09:59.416, 136.57, 1680, 150.00, 78, 63
2026/10/02 12:09:59.616, 150.74, 1380, 150.00, 26, 65
2026/10/02 12:09:59.817, 134.74, 1680, 150.00, 26, 63
2026/10/02 12:10:00.017, 119.27, 1695, 150.00, 0, 63
2026/10/02 12:10:00.218, 122.82, 1065, 150.00, 0, 64
2026/10/02 12:10:00.418, 117.32, 1320, 150.00, 44, 64
2026/10/02 12:10:00.618, 101.86, 1680, 150.00, 29, 63
2026/10/02 12:10:00.819, 92.66, 1695, 150.00, 0, 63
2026/10/02 12:10:01.019, 92.73, 1695, 150.00, 0, 63
2026/10/02 12:10:01.220, 99.02, 1590, 150.00, 0, 64
2026/10/02 12:10:01.420, 88.90, 1680, 150.00, 0, 63
2026/10/02 12:10:01.621, 74.95, 900, 150.00, 0, 62
2026/10/02 12:10:01.821, 80.22, 1680, 150.00, 59, 63
2026/10/02 12:10:02.022, 80.11, 1680, 150.00, 0, 62
2026/10/02 12:10:02.222, 80.02, 1695, 150.00, 0, 62
2026/10/02 12:10:02.423, 74.13, 1695, 150.00, 0, 62
2026/10/02 12:10:02.623, 86.81, 750, 150.00, 0, 63
2026/10/02 12:10:02.824, 96.16, 1575, 150.00, 100, 64
2026/10/02 12:10:03.024, 108.09, 1680, 150.00, 39, 63
2026/10/02 12:10:03.225, 108.03, 1680, 150.00, 0, 63
2026/10/02 12:10:03.425, 108.01, 645, 150.00, 0, 63
2026/10/02 12:10:03.626, 110.99, 1665, 150.00, 70, 63
2026/10/02 12:10:03.826, 90.93, 690, 150.00, 0, 62
2026/10/02 12:10:04.026, 72.31, 1680, 150.00, 57, 63
2026/10/02 12:10:04.227, 73.02, 1680, 150.00, 0, 62
2026/10/02 12:10:04.428, 72.09, 1650, 150.00, 0, 63
2026/10/02 12:10:04.628, 67.72, 1680, 150.00, 0, 62
2026/10/02 12:10:04.829, 68.84, 1695, 150.00, 0, 62
2026/10/02 12:10:05.029, 67.49, 1695, 150.00, 0, 62
2026/10/02 12:10:05.230, 67.74, 1695, 150.00, 0, 62
2026/10/02 12:10:05.430, 67.75, 1695, 150.00, 0, 62
2026/10/02 12:10:05.631, 67.75, 1695, 150.00, 0, 62
2026/10/02 12:10:05.831, 67.75, 1695, 150.00, 0, 62
2026/10/02 12:10:06.032, 67.75, 1695, 150.00, 0, 62
2026/10/02 12:10:06.232, 67.75, 1695, 150.00, 0, 62
2026/10/02 12:10:06.432, 68.14, 1695, 150.00, 0, 62
2026/10/02 12:10:06.633, 68.14, 1695, 150.00, 0, 62
2026/10/02 12:10:06.833, 68.14, 1695, 150.00, 0, 62
2026/10/02 12:10:07.034, 68.14, 1695, 150.00, 0, 62
2026/10/02 12:10:07.234, 68.14, 1695, 150.00, 0, 62
2026/10/02 12:10:07.435, 68.11, 1695, 150.00, 0, 61
2026/10/02 12:10:07.635, 68.11, 1695, 150.00, 0, 61
2026/10/02 12:10:07.836, 68.11, 1695, 150.00, 0, 61
2026/10/02 12:10:08.036, 68.11, 1695, 150.00, 0, 61
2026/10/02 12:10:08.236, 68.11, 1695, 150.00, 0, 61
2026/10/02 12:10:08.437, 68.11, 1695, 150.00, 0, 61
2026/10/02 12:10:08.637, 68.11, 1695, 150.00, 0, 61
2026/10/02 12:10:08.838, 68.11, 1695, 150.00, 0, 61
2026/10/02 12:10:09.038, 68.11, 1695, 150.00, 0, 61
2026/10/02 12:10:09.239, 68.11, 1695, 150.00, 0, 61
2026/10/02 12:10:09.439, 67.87, 1695, 150.00, 0, 61
2026/10/02 12:10:09.640, 67.87, 1695, 150.00, 0, 61
2026/10/02 12:10:09.840, 67.87, 1695, 150.00, 0, 61
2026/10/02 12:10:10.041, 67.87, 1695, 150.00, 0, 61
2026/10/02 12:10:10.241, 67.87, 1695, 150.00, 0, 61
2026/10/02 12:10:10.441, 67.73, 1695, 150.00, 0, 61
2026/10/02 12:10:10.642, 67.73, 1695, 150.00, 0, 61
2026/10/02 12:10:10.842, 67.73, 1695, 150.00, 0, 61
2026/10/02 12:10:11.043, 67.73, 1695, 150.00, 0, 61
2026/10/02 12:10:11.243, 67.73, 1695, 150.00, 0, 61
2026/10/02 12:10:11.444, 67.74, 1695, 150.00, 0, 61
2026/10/02 12:10:11.644, 67.74, 1695, 150.00, 0, 61
2026/10/02 12:10:11.845, 67.74, 1695, 150.00, 0, 61
2026/10/02 12:10:12.045, 67.74, 1695, 150.00, 0, 61
2026/10/02 12:10:12.246, 67.74, 1695, 150.00, 0, 61
2026/10/02 12:10:12.446, 67.48, 1695, 150.00, 0, 61
2026/10/02 12:10:12.646, 67.48, 1695, 150.00, 0, 61
2026/10/02 12:10:12.847, 67.48, 1695, 150.00, 0, 61
2026/10/02 12:10:13.047, 67.48, 1695, 150.00, 0, 61
2026/10/02 12:10:13.248, 67.48, 1695, 150.00, 0, 61
2026/10/02 12:10:13.448, 67.10, 1695, 150.00, 0, 60
2026/10/02 12:10:13.649, 67.10, 1695, 150.00, 0, 60
2026/10/02 12:10:13.849, 67.10, 1695, 150.00, 0, 60
2026/10/02 12:10:14.050, 67.10, 1695, 150.00, 0, 60
2026/10/02 12:10:14.250, 67.10, 1695, 150.00, 0, 60
2026/10/02 12:10:14.451, 67.00, 1695, 150.00, 0, 60
