2026/10/02 16:04:53.290, 0, 22.65, 43, 0, 150.00, 210, 150.00, 0x0000000000000001
2026/10/02 16:04:53.499, 0, 22.65, 43, 0, 150.00, 210, 150.00, 0x0000000000000001
2026/10/02 16:04:53.700, 0, 22.65, 43, 0, 150.00, 210, 150.00, 0x0000000000000001
2026/10/02 16:04:53.901, 0, 22.69, 43, 0, 150.00, 210, 150.00, 0x0000000000000001
2026/10/02 16:04:54.102, 0, 22.69, 43, 0, 150.00, 210, 150.00, 0x0000000000000001
2026/10/02 16:04:54.303, 0, 22.69, 43, 0, 150.00, 210, 150.00, 0x0000000000000001
2026/10/02 16:04:54.503, 0, 22.69, 43, 0, 150.00, 210, 150.00, 0x0000000000000001
2026/10/02 16:04:54.727, 0, 22.86, 43, 0, 150.00, 1695, 150.00, 0x0000000000000000
2026/10/02 16:04:54.927, 0, 35.96, 44, 6, 150.00, 1695, 150.00, 0x0000000000000000
2026/10/02 16:04:55.128, 0, 39.60, 44, 0, 150.00, 1695, 150.00, 0x0000000000000000
2026/10/02 16:04:55.329, 0, 41.92, 45, 59, 150.00, 1665, 150.00, 0x0000000000000004
2026/10/02 16:04:55.529, 0, 43.88, 45, 0, 150.00, 1680, 150.00, 0x0000000000000004
2026/10/02 16:04:55.730, 0, 62.62, 45, 0, 150.00, 1695, 150.00, 0x0000000000000000
2026/10/02 16:04:55.930, 0, 66.44, 47, 59, 150.00, 1620, 150.00, 0x0000000000000004
2026/10/02 16:04:56.131, 0, 66.04, 45, 0, 150.00, 1125, 150.00, 0x0000000000000004
2026/10/02 16:04:56.332, 0, 77.83, 46, 14, 150.00, 1680, 150.00, 0x0000000000000004
2026/10/02 16:04:56.532, 0, 78.46, 45, 0, 150.00, 750, 150.00, 0x0000000000000004
2026/10/02 16:04:56.733, 0, 90.95, 47, 79, 150.00, 1650, 150.00, 0x0000000000000004
2026/10/02 16:04:56.934, 0, 87.89, 46, 0, 150.00, 1680, 150.00, 0x0000000000000004
2026/10/02 16:04:57.134, 0, 81.49, 46, 0, 150.00, 1695, 150.00, 0x0000000000000000
2026/10/02 16:04:57.335, 0, 68.62, 46, 0, 150.00, 1035, 150.00, 0x0000000000000004
2026/10/02 16:04:57.536, 0, 83.07, 46, 5, 150.00, 1680, 150.00, 0x0000000000000004
2026/10/02 16:04:57.736, 0, 71.86, 46, 0, 150.00, 1680, 150.00, 0x0000000000000004
2026/10/02 16:04:57.937, 0, 90.33, 47, 25, 150.00, 1680, 150.00, 0x0000000000000004
2026/10/02 16:04:58.137, 0, 90.23, 46, 0, 150.00, 1680, 150.00, 0x0000000000000004
2026/10/02 16:04:58.338, 0, 87.53, 46, 0, 150.00, 1695, 150.00, 0x0000000000000000
2026/10/02 16:04:58.539, 0, 75.42, 46, 0, 150.00, 1695, 150.00, 0x0000000000000000
2026/10/02 16:04:58.739, 0, 96.49, 48, 31, 150.00, 1500, 150.00, 0x0000000000000004
2026/10/02 16:04:58.940, 0, 75.80, 46, 0, 150.00, 1680, 150.00, 0x0000000000000004
2026/10/02 16:04:59.141, 0, 76.45, 46, 0, 150.00, 1695, 150.00, 0x0000000000000000
2026/10/02 16:04:59.341, 0, 76.56, 46, 0, 150.00, 690, 150.00, 0x0000000000000004
2026/10/02 16:04:59.542, 0, 87.90, 48, 78, 150.00, 1665, 150.00, 0x0000000000000004
2026/10/02 16:04:59.742, 0, 85.27, 47, 0, 150.00, 660, 150.00, 0x0000000000000004
2026/10/02 16:04:59.943, 0, 72.65, 47, 0, 150.00, 675, 150.00, 0x0000000000000004
2026/10/02 16:05:00.144, 0, 89.71, 49, 100, 150.00, 1410, 150.00, 0x0000000000000004
2026/10/02 16:05:00.344, 0, 100.21, 49, 56, 150.00, 1605, 150.00, 0x0000000000000004
2026/10/02 16:05:00.545, 0, 100.26, 48, 42, 150.00, 1665, 150.00, 0x0000000000000000
2026/10/02 16:05:00.745, 0, 104.23, 49, 60, 150.00, 1650, 150.00, 0x0000000000000004
2026/10/02 16:05:00.946, 0, 97.17, 47, 0, 150.00, 1665, 150.00, 0x0000000000000000
2026/10/02 16:05:01.146, 0, 104.33, 49, 42, 150.00, 1575, 150.00, 0x0000000000000004
2026/10/02 16:05:01.347, 0, 96.67, 47, 0, 150.00, 1665, 150.00, 0x0000000000000000
2026/10/02 16:05:01.548, 0, 73.04, 47, 0, 150.00, 675, 150.00, 0x0000000000000004
2026/10/02 16:05:01.748, 0, 77.67, 48, 0, 150.00, 1665, 150.00, 0x0000000000000000
2026/10/02 16:05:01.949, 0, 77.39, 47, 0, 150.00, 1665, 150.00, 0x0000000000000000
2026/10/02 16:05:02.150, 0, 77.42, 47, 0, 150.00, 1665, 150.00, 0x0000000000000000
2026/10/02 16:05:02.350, 0, 72.27, 49, 100, 150.00, 885, 150.00, 0x0000000000000004
2026/10/02 16:05:02.551, 0, 98.27, 50, 100, 150.00, 855, 150.00, 0x0000000000000004
2026/10/02 16:05:02.751, 0, 94.92, 50, 0, 150.00, 1650, 150.00, 0x0000000000000004
2026/10/02 16:05:02.952, 0, 99.99, 50, 63, 150.00, 780, 150.00, 0x0000000000000004
2026/10/02 16:05:03.152, 0, 103.68, 50, 0, 150.00, 1635, 150.00, 0x0000000000000004
2026/10/02 16:05:03.353, 0, 101.72, 50, 54, 150.00, 1200, 150.00, 0x0000000000000004
2026/10/02 16:05:03.554, 0, 88.05, 49, 0, 150.00, 1665, 150.00, 0x0000000000000000
2026/10/02 16:05:03.754, 0, 70.52, 48, 0, 150.00, 1665, 150.00, 0x0000000000000000
2026/10/02 16:05:03.955, 0, 71.56, 49, 0, 150.00, 1650, 150.00, 0x0000000000000004
2026/10/02 16:05:04.155, 0, 69.61, 48, 0, 150.00, 1665, 150.00, 0x0000000000000000
2026/10/02 16:05:04.356, 0, 59.80, 48, 0, 150.00, 1665, 150.00, 0x0000000000000000
2026/10/02 16:05:04.556, 0, 60.75, 48, 41, 150.00, 1215, 150.00, 0x0000000000000004
2026/10/02 16:05:04.757, 0, 83.13, 50, 0, 150.00, 1620, 150.00, 0x0000000000000004
2026/10/02 16:05:04.957, 0, 82.89, 48, 0, 150.00, 1665, 150.00, 0x0000000000000000
2026/10/02 16:05:05.158, 0, 99.05, 50, 82, 150.00, 1050, 150.00, 0x0000000000000004
2026/10/02 16:05:05.359, 0, 110.17, 49, 0, 150.00, 1665, 150.00, 0x0000000000000000
2026/10/02 16:05:05.559, 0, 110.19, 48, 28, 150.00, 1665, 150.00, 0x0000000000000000
2026/10/02 16:05:05.760, 0, 113.47, 51, 50, 150.00, 1275, 150.00, 0x0000000000000004
2026/10/02 16:05:05.961, 0, 123.00, 51, 0, 150.00, 1605, 150.00, 0x0000000000000004
2026/10/02 16:05:06.161, 0, 103.50, 49, 0, 150.00, 1665, 150.00, 0x0000000000000000
2026/10/02 16:05:06.362, 0, 104.48, 51, 85, 150.00, 870, 150.00, 0x0000000000000004
2026/10/02 16:05:06.562, 0, 106.44, 49, 0, 150.00, 1665, 150.00, 0x0000000000000000
2026/10/02 16:05:06.763, 0, 97.47, 51, 27, 150.00, 1500, 150.00, 0x0000000000000004
2026/10/02 16:05:06.963, 0, 89.05, 49, 0, 150.00, 1665, 150.00, 0x0000000000000000
2026/10/02 16:05:07.164, 0, 102.98, 49, 57, 150.00, 810, 150.00, 0x0000000000000004
2026/10/02 16:05:07.365, 0, 87.32, 49, 0, 150.00, 1665, 150.00, 0x0000000000000000
2026/10/02 16:05:07.565, 0, 108.77, 50, 43, 150.00, 1185, 150.00, 0x0000000000000004
2026/10/02 16:05:07.766, 0, 108.59, 50, 49, 150.00, 1065, 150.00, 0x0000000000000004
2026/10/02 16:05:07.966, 0, 103.95, 50, 0, 150.00, 1665, 150.00, 0x0000000000000000
2026/10/02 16:05:08.167, 0, 116.80, 51, 17, 150.00, 1560, 150.00, 0x0000000000000004
2026/10/02 16:05:08.367, 0, 107.24, 49, 0, 150.00, 1650, 150.00, 0x0000000000000000
2026/10/02 16:05:08.568, 0, 114.94, 51, 86, 150.00, 870, 150.00, 0x0000000000000004
2026/10/02 16:05:08.768, 0, 110.11, 50, 0, 150.00, 1650, 150.00, 0x0000000000000000
2026/10/02 16:05:08.969, 0, 118.22, 49, 40, 150.00, 1215, 150.00, 0x0000000000000004
2026/10/02 16:05:09.169, 0, 108.97, 51, 79, 150.00, 855, 150.00, 0x0000000000000004
2026/10/02 16:05:09.370, 0, 109.27, 51, 0, 150.00, 1650, 150.00, 0x0000000000000000
2026/10/02 16:05:09.571, 0, 104.68, 50, 35, 150.00, 1590, 150.00, 0x0000000000000004
2026/10/02 16:05:09.771, 0, 104.42, 50, 0, 150.00, 1650, 150.00, 0x0000000000000000
2026/10/02 16:05:09.972, 0, 88.71, 50, 61, 150.00, 720, 150.00, 0x0000000000000004
2026/10/02 16:05:10.172, 0, 105.57, 52, 100, 150.00, 840, 150.00, 0x0000000000000004
2026/10/02 16:05:10.373, 0, 101.45, 50, 0, 150.00, 1665, 150.00, 0x0000000000000000
2026/10/02 16:05:10.574, 0, 117.50, 52, 100, 150.00, 855, 150.00, 0x0000000000000004
2026/10/02 16:05:10.774, 0, 100.42, 51, 0, 150.00, 1665, 150.00, 0x0000000000000000
2026/10/02 16:05:10.975, 0, 107.10, 52, 60, 150.00, 1185, 150.00, 0x0000000000000004
2026/10/02 16:05:11.175, 0, 90.43, 50, 0, 150.00, 1665, 150.00, 0x0000000000000000
2026/10/02 16:05:11.376, 0, 95.77, 50, 15, 150.00, 1665, 150.00, 0x0000000000000000
2026/10/02 16:05:11.576, 0, 87.36, 50, 0, 150.00, 1665, 150.00, 0x0000000000000000
2026/10/02 16:05:11.777, 0, 98.16, 52, 30, 150.00, 1485, 150.00, 0x0000000000000004
2026/10/02 16:05:11.977, 0, 103.45, 52, 26, 150.00, 1500, 150.00, 0x0000000000000004
2026/10/02 16:05:12.178, 0, 117.58, 51, 50, 150.00, 1260, 150.00, 0x0000000000000004
2026/10/02 16:05:12.378, 0, 48.42, 51, 0, 105.00, 1260, 105.00, 0x0000000000000000
2026/10/02 16:05:12.579, 0, 48.24, 50, 0, 105.00, 1260, 105.00, 0x0000000000000000
2026/10/02 16:05:12.780, 0, 48.18, 49, 0, 105.00, 1260, 105.00, 0x0000000000000000
2026/10/02 16:05:12.981, 0, 48.11, 49, 0, 105.00, 1260, 105.00, 0x0000000000000000
2026/10/02 16:05:13.181, 0, 62.65, 50, 100, 105.00, 420, 105.00, 0x0000000000000004
2026/10/02 16:05:13.382, 0, 73.10, 51, 100, 105.00, 435, 105.00, 0x0000000000000004
2026/10/02 16:05:13.583, 0, 77.76, 50, 0, 105.00, 1260, 105.00, 0x0000000000000000
2026/10/02 16:05:13.785, 0, 77.79, 49, 0, 105.00, 1260, 105.00, 0x0000000000000000
2026/10/02 16:05:13.985, 0, 84.67, 51, 100, 105.00, 435, 105.00, 0x0000000000000004
2026/10/02 16:05:14.186, 0, 79.23, 50, 0, 105.00, 1260, 105.00, 0x0000000000000000
2026/10/02 16:05:14.387, 0, 78.27, 50, 100, 105.00, 420, 105.00, 0x0000000000000004
2026/10/02 16:05:14.587, 0, 71.31, 50, 0, 105.00, 1260, 105.00, 0x0000000000000000
2026/10/02 16:05:14.789, 0, 96.14, 51, 100, 105.00, 450, 105.00, 0x0000000000000004
2026/10/02 16:05:14.989, 0, 91.45, 51, 27, 105.00, 1260, 105.00, 0x0000000000000000
2026/10/02 16:05:15.190, 0, 95.35, 50, 95, 105.00, 450, 105.00, 0x0000000000000004
2026/10/02 16:05:15.391, 0, 89.96, 50, 6, 105.00, 1260, 105.00, 0x0000000000000000
2026/10/02 16:05:15.591, 0, 94.12, 51, 12, 105.00, 1260, 105.00, 0x0000000000000000
2026/10/02 16:05:15.792, 0, 76.23, 51, 44, 105.00, 1260, 105.00, 0x0000000000000004
2026/10/02 16:05:15.993, 0, 68.35, 50, 0, 105.00, 1260, 105.00, 0x0000000000000000
2026/10/02 16:05:16.193, 0, 84.78, 50, 100, 105.00, 450, 105.00, 0x0000000000000004
2026/10/02 16:05:16.394, 0, 79.99, 50, 0, 150.00, 1260, 105.00, 0x0000000000000000
2026/10/02 16:05:16.594, 0, 62.02, 50, 0, 150.00, 1695, 150.00, 0x0000000000000000
2026/10/02 16:05:16.795, 0, 81.00, 50, 61, 150.00, 720, 150.00, 0x0000000000000004
2026/10/02 16:05:16.995, 0, 72.72, 50, 0, 150.00, 1680, 150.00, 0x0000000000000004
2026/10/02 16:05:17.196, 0, 69.60, 50, 0, 150.00, 1695, 150.00, 0x0000000000000004
2026/10/02 16:05:17.397, 0, 67.94, 50, 0, 150.00, 1695, 150.00, 0x0000000000000000
2026/10/02 16:05:17.597, 0, 83.83, 50, 44, 150.00, 810, 150.00, 0x0000000000000004
2026/10/02 16:05:17.798, 0, 81.32, 50, 0, 150.00, 1680, 150.00, 0x0000000000000004
2026/10/02 16:05:17.999, 0, 76.46, 50, 0, 150.00, 1680, 150.00, 0x0000000000000004
2026/10/02 16:05:18.199, 0, 82.43, 51, 51, 150.00, 1440, 150.00, 0x0000000000000004
2026/10/02 16:05:18.400, 0, 82.33, 50, 0, 150.00, 1680, 150.00, 0x0000000000000004
2026/10/02 16:05:18.600, 0, 105.23, 52, 100, 150.00, 840, 150.00, 0x0000000000000004
2026/10/02 16:05:18.801, 0, 90.23, 51, 0, 150.00, 1665, 150.00, 0x0000000000000000
2026/10/02 16:05:19.001, 0, 89.97, 50, 0, 150.00, 1665, 150.00, 0x0000000000000000
2026/10/02 16:05:19.202, 0, 82.65, 50, 0, 150.00, 1665, 150.00, 0x0000000000000000
2026/10/02 16:05:19.403, 0, 102.73, 50, 26, 150.00, 1170, 150.00, 0x0000000000000000
2026/10/02 16:05:19.603, 0, 83.15, 51, 0, 150.00, 1665, 150.00, 0x0000000000000000
2026/10/02 16:05:19.804, 0, 83.90, 52, 58, 150.00, 1410, 150.00, 0x0000000000000004
2026/10/02 16:05:20.004, 0, 101.76, 53, 20, 150.00, 1605, 150.00, 0x0000000000000004
2026/10/02 16:05:20.205, 0, 98.09, 51, 0, 150.00, 1665, 150.00, 0x0000000000000000
2026/10/02 16:05:20.405, 0, 98.12, 50, 1, 150.00, 1665, 150.00, 0x0000000000000000
2026/10/02 16:05:20.606, 0, 106.46, 52, 84, 150.00, 825, 150.00, 0x0000000000000004
2026/10/02 16:05:20.807, 0, 94.57, 51, 0, 150.00, 1650, 150.00, 0x0000000000000000
2026/10/02 16:05:21.007, 0, 92.87, 52, 32, 150.00, 1560, 150.00, 0x0000000000000004
2026/10/02 16:05:21.208, 0, 92.61, 52, 0, 150.00, 1650, 150.00, 0x0000000000000000
2026/10/02 16:05:21.408, 0, 124.19, 53, 80, 150.00, 825, 150.00, 0x0000000000000004
2026/10/02 16:05:21.609, 0, 110.34, 52, 0, 150.00, 1650, 150.00, 0x0000000000000000
2026/10/02 16:05:21.809, 0, 99.64, 51, 0, 150.00, 1650, 150.00, 0x0000000000000000
2026/10/02 16:05:22.010, 0, 88.58, 51, 7, 150.00, 1650, 150.00, 0x0000000000000000
2026/10/02 16:05:22.210, 0, 89.14, 51, 0, 150.00, 1650, 150.00, 0x0000000000000000
2026/10/02 16:05:22.411, 0, 73.84, 51, 0, 150.00, 1650, 150.00, 0x0000000000000000
2026/10/02 16:05:22.611, 0, 90.43, 52, 90, 150.00, 810, 150.00, 0x0000000000000004
2026/10/02 16:05:22.812, 0, 111.08, 52, 51, 105.00, 330, 105.00, 0x0000000000000004
2026/10/02 16:05:23.013, 0, 52.93, 52, 0, 105.00, 930, 105.00, 0x0000000000000000
2026/10/02 16:05:23.214, 0, 48.76, 50, 0, 105.00, 930, 105.00, 0x0000000000000000
2026/10/02 16:05:23.415, 0, 67.56, 51, 100, 105.00, 405, 105.00, 0x0000000000000004
2026/10/02 16:05:23.615, 0, 76.90, 52, 100, 105.00, 405, 105.00, 0x0000000000000004
2026/10/02 16:05:23.816, 0, 72.85, 51, 0, 105.00, 930, 105.00, 0x0000000000000000
2026/10/02 16:05:24.017, 0, 68.75, 50, 0, 105.00, 930, 105.00, 0x0000000000000000
2026/10/02 16:05:24.217, 0, 68.71, 50, 0, 105.00, 930, 105.00, 0x0000000000000000
2026/10/02 16:05:24.418, 0, 74.23, 51, 100, 105.00, 405, 105.00, 0x0000000000000004
2026/10/02 16:05:24.619, 0, 74.90, 52, 69, 105.00, 315, 105.00, 0x0000000000000004
2026/10/02 16:05:24.819, 0, 73.75, 51, 64, 105.00, 315, 105.00, 0x0000000000000004
2026/10/02 16:05:25.020, 0, 82.20, 52, 100, 105.00, 405, 105.00, 0x0000000000000004
2026/10/02 16:05:25.221, 0, 82.17, 51, 0, 105.00, 585, 105.00, 0x0000000000000000
2026/10/02 16:05:25.421, 0, 82.69, 50, 55, 105.00, 345, 105.00, 0x0000000000000004
2026/10/02 16:05:25.622, 0, 82.69, 52, 100, 105.00, 420, 105.00, 0x0000000000000004
2026/10/02 16:05:25.823, 0, 74.81, 51, 0, 105.00, 585, 105.00, 0x0000000000000000
2026/10/02 16:05:26.023, 0, 66.77, 50, 0, 105.00, 585, 105.00, 0x0000000000000000
2026/10/02 16:05:26.224, 0, 66.64, 51, 45, 105.00, 585, 105.00, 0x0000000000000000
2026/10/02 16:05:26.425, 0, 66.62, 50, 0, 105.00, 585, 105.00, 0x0000000000000000
2026/10/02 16:05:26.626, 0, 54.91, 50, 0, 105.00, 585, 105.00, 0x0000000000000000
2026/10/02 16:05:26.826, 0, 49.21, 50, 0, 105.00, 585, 105.00, 0x0000000000000000
2026/10/02 16:05:27.027, 0, 49.16, 50, 0, 105.00, 585, 105.00, 0x0000000000000000
2026/10/02 16:05:27.228, 0, 54.89, 51, 100, 105.00, 405, 105.00, 0x0000000000000004
2026/10/02 16:05:27.428, 0, 65.94, 52, 100, 105.00, 405, 105.00, 0x0000000000000004
2026/10/02 16:05:27.629, 0, 72.28, 52, 67, 105.00, 405, 105.00, 0x0000000000000004
2026/10/02 16:05:27.830, 0, 73.32, 50, 0, 105.00, 585, 105.00, 0x0000000000000000
2026/10/02 16:05:28.030, 0, 84.19, 52, 100, 105.00, 420, 105.00, 0x0000000000000004
2026/10/02 16:05:28.231, 0, 89.75, 52, 100, 105.00, 405, 105.00, 0x0000000000000004
2026/10/02 16:05:28.431, 0, 89.64, 52, 100, 105.00, 420, 105.00, 0x0000000000000004
2026/10/02 16:05:28.632, 0, 94.26, 52, 100, 105.00, 405, 105.00, 0x0000000000000004
2026/10/02 16:05:28.833, 0, 98.51, 52, 100, 105.00, 405, 105.00, 0x0000000000000004
2026/10/02 16:05:29.033, 0, 132.75, 53, 100, 150.00, 885, 150.00, 0x0000000000000004
2026/10/02 16:05:29.234, 0, 151.82, 54, 100, 150.00, 825, 150.00, 0x0000000000000004
2026/10/02 16:05:29.435, 0, 152.61, 54, 100, 150.00, 795, 150.00, 0x0000000000000004
2026/10/02 16:05:29.635, 0, 146.47, 53, 21, 150.00, 1635, 150.00, 0x0000000000000004
2026/10/02 16:05:29.836, 0, 125.27, 52, 0, 150.00, 1680, 150.00, 0x0000000000000004
2026/10/02 16:05:30.036, 0, 112.62, 52, 0, 150.00, 1695, 150.00, 0x0000000000000000
2026/10/02 16:05:30.237, 0, 118.46, 54, 60, 150.00, 960, 150.00, 0x0000000000000004
2026/10/02 16:05:30.437, 0, 101.44, 52, 0, 150.00, 1680, 150.00, 0x0000000000000004
2026/10/02 16:05:30.638, 0, 79.67, 52, 0, 150.00, 1695, 150.00, 0x0000000000000004
2026/10/02 16:05:30.838, 0, 80.33, 52, 0, 150.00, 1695, 150.00, 0x0000000000000000
2026/10/02 16:05:31.039, 0, 94.02, 54, 26, 150.00, 825, 150.00, 0x0000000000000004
2026/10/02 16:05:31.239, 0, 92.04, 54, 57, 150.00, 975, 150.00, 0x0000000000000004
2026/10/02 16:05:31.440, 0, 96.86, 53, 18, 150.00, 1635, 150.00, 0x0000000000000004
2026/10/02 16:05:31.640, 0, 96.62, 52, 0, 150.00, 1665, 150.00, 0x0000000000000000
2026/10/02 16:05:31.841, 0, 96.35, 52, 0, 150.00, 1665, 150.00, 0x0000000000000000
2026/10/02 16:05:32.042, 0, 96.63, 52, 0, 150.00, 1665, 150.00, 0x0000000000000000
2026/10/02 16:05:32.242, 0, 82.82, 51, 0, 150.00, 1665, 150.00, 0x0000000000000000
2026/10/02 16:05:32.443, 0, 65.22, 52, 50, 150.00, 1545, 150.00, 0x0000000000000004
2026/10/02 16:05:32.643, 0, 81.85, 54, 100, 150.00, 825, 150.00, 0x0000000000000004
2026/10/02 16:05:32.844, 0, 81.51, 54, 4, 150.00, 1560, 150.00, 0x0000000000000000
2026/10/02 16:05:33.044, 0, 80.85, 53, 0, 150.00, 1665, 150.00, 0x0000000000000004
2026/10/02 16:05:33.245, 0, 91.63, 53, 43, 150.00, 1575, 150.00, 0x0000000000000004
2026/10/02 16:05:33.445, 0, 91.10, 53, 60, 150.00, 1095, 150.00, 0x0000000000000004
2026/10/02 16:05:33.646, 0, 96.26, 54, 49, 150.00, 690, 150.00, 0x0000000000000004
2026/10/02 16:05:33.846, 0, 102.51, 54, 32, 150.00, 690, 150.00, 0x0000000000000000
2026/10/02 16:05:34.047, 0, 102.47, 52, 0, 150.00, 1065, 150.00, 0x0000000000000000
2026/10/02 16:05:34.248, 0, 97.60, 52, 0, 150.00, 1650, 150.00, 0x0000000000000000
2026/10/02 16:05:34.448, 0, 114.70, 54, 36, 150.00, 840, 150.00, 0x0000000000000004
2026/10/02 16:05:34.649, 0, 116.28, 53, 41, 150.00, 1635, 150.00, 0x0000000000000004
2026/10/02 16:05:34.850, 0, 101.99, 52, 0, 150.00, 1650, 150.00, 0x0000000000000000
2026/10/02 16:05:35.050, 0, 112.10, 53, 59, 150.00, 1650, 150.00, 0x0000000000000004
2026/10/02 16:05:35.251, 0, 106.17, 52, 0, 150.00, 1650, 150.00, 0x0000000000000000
2026/10/02 16:05:35.452, 0, 105.61, 53, 26, 150.00, 1605, 150.00, 0x0000000000000004
2026/10/02 16:05:35.652, 0, 83.35, 53, 0, 150.00, 1650, 150.00, 0x0000000000000000
2026/10/02 16:05:35.853, 0, 83.16, 53, 58, 150.00, 1650, 150.00, 0x0000000000000000
2026/10/02 16:05:36.053, 0, 83.74, 53, 54, 150.00, 1650, 150.00, 0x0000000000000004
2026/10/02 16:05:36.254, 0, 83.88, 52, 0, 150.00, 1650, 150.00, 0x0000000000000000
2026/10/02 16:05:36.455, 0, 69.27, 52, 0, 150.00, 1650, 150.00, 0x0000000000000000
2026/10/02 16:05:36.655, 0, 69.84, 52, 0, 150.00, 1650, 150.00, 0x0000000000000000
2026/10/02 16:05:36.856, 0, 70.43, 52, 0, 150.00, 1650, 150.00, 0x0000000000000000
2026/10/02 16:05:37.057, 0, 59.31, 52, 58, 150.00, 1650, 150.00, 0x0000000000000000
2026/10/02 16:05:37.257, 0, 59.57, 52, 0, 150.00, 1635, 150.00, 0x0000000000000000
2026/10/02 16:05:37.458, 0, 59.45, 52, 0, 150.00, 1635, 150.00, 0x0000000000000000
2026/10/02 16:05:37.658, 0, 59.32, 52, 0, 150.00, 1635, 150.00, 0x0000000000000000
2026/10/02 16:05:37.859, 0, 74.55, 54, 58, 150.00, 960, 150.00, 0x0000000000000004
2026/10/02 16:05:38.060, 0, 74.34, 52, 38, 150.00, 1635, 150.00, 0x0000000000000000
2026/10/02 16:05:38.260, 0, 86.30, 53, 19, 150.00, 1590, 150.00, 0x0000000000000004
2026/10/02 16:05:38.461, 0, 86.31, 52, 0, 150.00, 1635, 150.00, 0x0000000000000000
2026/10/02 16:05:38.662, 0, 98.06, 54, 0, 150.00, 705, 150.00, 0x0000000000000004
2026/10/02 16:05:38.862, 0, 95.84, 53, 8, 150.00, 1605, 150.00, 0x0000000000000000
2026/10/02 16:05:39.063, 0, 90.79, 55, 55, 150.00, 765, 150.00, 0x0000000000000004
2026/10/02 16:05:39.263, 0, 81.03, 53, 71, 132.00, 1500, 132.00, 0x0000000000000000
2026/10/02 16:05:39.465, 0, 169.84, 54, 0, 132.00, 810, 132.00, 0x0000000000000000
2026/10/02 16:05:39.666, 0, 92.07, 53, 60, 132.00, 1500, 132.00, 0x0000000000000000
2026/10/02 16:05:39.866, 0, 77.18, 52, 0, 132.00, 1500, 132.00, 0x0000000000000000
2026/10/02 16:05:40.067, 0, 70.77, 52, 0, 132.00, 1500, 132.00, 0x0000000000000000
2026/10/02 16:05:40.268, 0, 82.94, 54, 0, 132.00, 525, 132.00, 0x0000000000000004
2026/10/02 16:05:40.468, 0, 77.64, 52, 27, 132.00, 1500, 132.00, 0x0000000000000000
2026/10/02 16:05:40.669, 0, 77.06, 53, 55, 132.00, 1500, 132.00, 0x0000000000000004
2026/10/02 16:05:40.869, 0, 89.43, 53, 21, 132.00, 1500, 132.00, 0x0000000000000004
2026/10/02 16:05:41.070, 0, 89.46, 52, 0, 132.00, 1500, 132.00, 0x0000000000000000
2026/10/02 16:05:41.270, 0, 101.79, 53, 43, 132.00, 1500, 132.00, 0x0000000000000004
2026/10/02 16:05:41.471, 0, 89.13, 52, 0, 132.00, 1500, 132.00, 0x0000000000000000
2026/10/02 16:05:41.671, 0, 79.54, 52, 0, 132.00, 1500, 132.00, 0x0000000000000000
2026/10/02 16:05:41.872, 0, 67.02, 53, 2, 132.00, 1380, 132.00, 0x0000000000000004
2026/10/02 16:05:42.072, 0, 67.40, 52, 0, 132.00, 1500, 132.00, 0x0000000000000000
2026/10/02 16:05:42.273, 0, 54.83, 52, 0, 132.00, 1500, 132.00, 0x0000000000000000
2026/10/02 16:05:42.473, 0, 55.01, 52, 0, 132.00, 1500, 132.00, 0x0000000000000000
2026/10/02 16:05:42.674, 0, 68.93, 53, 0, 132.00, 525, 132.00, 0x0000000000000000
2026/10/02 16:05:42.874, 0, 83.53, 54, 100, 132.00, 675, 132.00, 0x0000000000000004
2026/10/02 16:05:43.075, 0, 89.67, 54, 37, 132.00, 690, 132.00, 0x0000000000000004
2026/10/02 16:05:43.276, 0, 96.97, 54, 100, 132.00, 1425, 132.00, 0x0000000000000004
2026/10/02 16:05:43.476, 0, 65.17, 53, 0, 150.00, 1695, 150.00, 0x0000000000000004
2026/10/02 16:05:43.677, 0, 62.49, 53, 0, 150.00, 1695, 150.00, 0x0000000000000000
2026/10/02 16:05:43.877, 0, 100.91, 54, 0, 150.00, 660, 150.00, 0x0000000000000004
2026/10/02 16:05:44.078, 0, 86.76, 53, 22, 150.00, 1680, 150.00, 0x0000000000000004
2026/10/02 16:05:44.278, 0, 80.61, 52, 0, 150.00, 1680, 150.00, 0x0000000000000004
2026/10/02 16:05:44.479, 0, 84.34, 54, 0, 150.00, 1410, 150.00, 0x0000000000000000
2026/10/02 16:05:44.680, 0, 81.30, 53, 50, 150.00, 1680, 150.00, 0x0000000000000004
2026/10/02 16:05:44.880, 0, 90.03, 53, 14, 150.00, 1545, 150.00, 0x0000000000000004
2026/10/02 16:05:45.081, 0, 89.94, 53, 38, 150.00, 1620, 150.00, 0x0000000000000004
2026/10/02 16:05:45.282, 0, 89.89, 53, 0, 150.00, 1680, 150.00, 0x0000000000000004
2026/10/02 16:05:45.482, 0, 104.00, 53, 33, 150.00, 1620, 150.00, 0x0000000000000004
2026/10/02 16:05:45.686, 0, 105.43, 53, 22, 105.00, 570, 105.00, 0x0000000000000004
2026/10/02 16:05:45.886, 0, 88.64, 53, 81, 105.00, 675, 105.00, 0x0000000000000004
2026/10/02 16:05:46.087, 0, 70.87, 52, 0, 105.00, 675, 105.00, 0x0000000000000000
2026/10/02 16:05:46.288, 0, 63.32, 52, 0, 105.00, 675, 105.00, 0x0000000000000000
2026/10/02 16:05:46.488, 0, 65.53, 52, 95, 105.00, 675, 105.00, 0x0000000000000000
2026/10/02 16:05:46.689, 0, 61.70, 52, 0, 105.00, 675, 105.00, 0x0000000000000000
2026/10/02 16:05:46.890, 0, 63.34, 53, 43, 105.00, 675, 105.00, 0x0000000000000004
2026/10/02 16:05:47.091, 0, 61.91, 52, 0, 105.00, 675, 105.00, 0x0000000000000000
2026/10/02 16:05:47.291, 0, 67.09, 53, 0, 105.00, 420, 105.00, 0x0000000000000004
2026/10/02 16:05:47.492, 0, 67.29, 53, 39, 105.00, 405, 105.00, 0x0000000000000004
2026/10/02 16:05:47.693, 0, 74.21, 53, 72, 105.00, 345, 105.00, 0x0000000000000000
2026/10/02 16:05:47.894, 0, 78.65, 53, 100, 105.00, 405, 105.00, 0x0000000000000004
2026/10/02 16:05:48.094, 0, 84.01, 54, 100, 105.00, 405, 105.00, 0x0000000000000004
2026/10/02 16:05:48.295, 0, 89.20, 53, 34, 105.00, 405, 105.00, 0x0000000000000004
2026/10/02 16:05:48.496, 0, 84.07, 52, 46, 105.00, 675, 105.00, 0x0000000000000000
2026/10/02 16:05:48.696, 0, 88.42, 54, 90, 105.00, 405, 105.00, 0x0000000000000004
2026/10/02 16:05:48.897, 0, 87.79, 54, 100, 105.00, 405, 105.00, 0x0000000000000004
2026/10/02 16:05:49.098, 0, 82.59, 54, 64, 105.00, 420, 105.00, 0x0000000000000004
2026/10/02 16:05:49.298, 0, 77.15, 52, 44, 105.00, 675, 105.00, 0x0000000000000000
2026/10/02 16:05:49.499, 0, 71.93, 52, 0, 105.00, 675, 105.00, 0x0000000000000000
2026/10/02 16:05:49.700, 0, 66.79, 52, 0, 105.00, 675, 105.00, 0x0000000000000000
2026/10/02 16:05:49.901, 0, 67.71, 53, 23, 105.00, 495, 105.00, 0x0000000000000004
2026/10/02 16:05:50.102, 0, 61.66, 52, 17, 105.00, 675, 105.00, 0x0000000000000000
2026/10/02 16:05:50.302, 0, 61.66, 53, 1, 105.00, 405, 105.00, 0x0000000000000004
2026/10/02 16:05:50.503, 0, 72.47, 53, 100, 105.00, 675, 105.00, 0x0000000000000004
2026/10/02 16:05:50.704, 0, 72.49, 52, 0, 105.00, 675, 105.00, 0x0000000000000000
2026/10/02 16:05:50.905, 0, 71.44, 53, 0, 105.00, 420, 105.00, 0x0000000000000004
2026/10/02 16:05:51.105, 0, 71.43, 53, 50, 105.00, 420, 105.00, 0x0000000000000004
2026/10/02 16:05:51.306, 0, 71.52, 52, 37, 105.00, 675, 105.00, 0x0000000000000000
2026/10/02 16:05:51.507, 0, 66.74, 53, 0, 105.00, 405, 105.00, 0x0000000000000004
2026/10/02 16:05:51.707, 0, 70.86, 53, 88, 105.00, 360, 105.00, 0x0000000000000004
2026/10/02 16:05:51.908, 0, 81.83, 53, 100, 105.00, 405, 105.00, 0x0000000000000004
2026/10/02 16:05:52.109, 0, 87.52, 54, 100, 105.00, 585, 105.00, 0x0000000000000004
2026/10/02 16:05:52.309, 0, 95.32, 53, 41, 105.00, 780, 105.00, 0x0000000000000004
2026/10/02 16:05:52.510, 0, 95.39, 52, 7, 105.00, 780, 105.00, 0x0000000000000000
2026/10/02 16:05:52.711, 0, 91.73, 53, 0, 105.00, 420, 105.00, 0x0000000000000004
2026/10/02 16:05:52.912, 0, 79.81, 52, 40, 105.00, 780, 105.00, 0x0000000000000000
2026/10/02 16:05:53.112, 0, 82.05, 53, 30, 105.00, 780, 105.00, 0x0000000000000004
2026/10/02 16:05:53.313, 0, 77.31, 53, 14, 105.00, 405, 105.00, 0x0000000000000004
2026/10/02 16:05:53.514, 0, 79.45, 53, 100, 105.00, 780, 105.00, 0x0000000000000004
2026/10/02 16:05:53.714, 0, 79.47, 52, 0, 105.00, 780, 105.00, 0x0000000000000000
2026/10/02 16:05:53.915, 0, 80.52, 53, 0, 105.00, 390, 105.00, 0x0000000000000004
2026/10/02 16:05:54.116, 0, 80.97, 53, 88, 105.00, 405, 105.00, 0x0000000000000004
2026/10/02 16:05:54.316, 0, 83.38, 54, 100, 105.00, 750, 105.00, 0x0000000000000004
2026/10/02 16:05:54.517, 0, 72.61, 52, 9, 105.00, 750, 105.00, 0x0000000000000000
2026/10/02 16:05:54.718, 0, 70.25, 52, 0, 105.00, 750, 105.00, 0x0000000000000000
2026/10/02 16:05:54.919, 0, 70.24, 51, 0, 105.00, 750, 105.00, 0x0000000000000000
2026/10/02 16:05:55.120, 0, 60.89, 51, 0, 105.00, 750, 105.00, 0x0000000000000000
2026/10/02 16:05:55.320, 0, 50.07, 51, 0, 105.00, 750, 105.00, 0x0000000000000000
2026/10/02 16:05:55.521, 0, 55.12, 53, 78, 105.00, 405, 105.00, 0x0000000000000004
2026/10/02 16:05:55.722, 0, 65.79, 53, 100, 105.00, 405, 105.00, 0x0000000000000004
2026/10/02 16:05:55.922, 0, 66.72, 52, 72, 105.00, 780, 105.00, 0x0000000000000000
2026/10/02 16:05:56.123, 0, 66.76, 52, 0, 105.00, 780, 105.00, 0x0000000000000000
2026/10/02 16:05:56.324, 0, 66.78, 51, 0, 105.00, 780, 105.00, 0x0000000000000000
2026/10/02 16:05:56.524, 0, 66.98, 52, 74, 105.00, 780, 105.00, 0x0000000000000000
2026/10/02 16:05:56.725, 0, 66.30, 53, 71, 105.00, 405, 105.00, 0x0000000000000004
2026/10/02 16:05:56.926, 0, 71.15, 54, 100, 105.00, 405, 105.00, 0x0000000000000004
2026/10/02 16:05:57.126, 0, 82.04, 54, 100, 105.00, 405, 105.00, 0x0000000000000004
2026/10/02 16:05:57.327, 0, 92.14, 54, 100, 105.00, 285, 105.00, 0x0000000000000004
2026/10/02 16:05:57.528, 0, 97.75, 54, 88, 105.00, 405, 105.00, 0x0000000000000004
2026/10/02 16:05:57.729, 0, 98.24, 53, 100, 105.00, 780, 105.00, 0x0000000000000000
2026/10/02 16:05:57.930, 0, 87.31, 52, 0, 105.00, 780, 105.00, 0x0000000000000000
2026/10/02 16:05:58.130, 0, 76.34, 52, 0, 105.00, 780, 105.00, 0x0000000000000000
2026/10/02 16:05:58.331, 0, 77.52, 53, 41, 105.00, 780, 105.00, 0x0000000000000004
2026/10/02 16:05:58.531, 0, 67.96, 52, 0, 105.00, 780, 105.00, 0x0000000000000000
2026/10/02 16:05:58.732, 0, 57.04, 51, 0, 105.00, 780, 105.00, 0x0000000000000000
2026/10/02 16:05:58.933, 0, 62.30, 52, 82, 105.00, 780, 105.00, 0x0000000000000000
2026/10/02 16:05:59.133, 0, 62.23, 52, 0, 105.00, 780, 105.00, 0x0000000000000000
2026/10/02 16:05:59.334, 0, 55.47, 51, 0, 105.00, 780, 105.00, 0x0000000000000000
2026/10/02 16:05:59.535, 0, 56.58, 52, 0, 105.00, 375, 105.00, 0x0000000000000000
2026/10/02 16:05:59.736, 0, 67.48, 53, 100, 105.00, 300, 105.00, 0x0000000000000000
2026/10/02 16:05:59.936, 0, 73.16, 53, 100, 105.00, 420, 105.00, 0x0000000000000004
2026/10/02 16:06:00.137, 0, 109.15, 54, 100, 150.00, 870, 150.00, 0x0000000000000004
2026/10/02 16:06:00.337, 0, 107.41, 54, 100, 150.00, 1575, 150.00, 0x0000000000000004
2026/10/02 16:06:00.538, 0, 124.63, 54, 22, 150.00, 1650, 150.00, 0x0000000000000004
2026/10/02 16:06:00.739, 0, 103.95, 53, 0, 150.00, 1680, 150.00, 0x0000000000000004
2026/10/02 16:06:00.939, 0, 93.72, 53, 0, 150.00, 1695, 150.00, 0x0000000000000000
2026/10/02 16:06:01.140, 0, 96.64, 53, 58, 150.00, 1680, 150.00, 0x0000000000000004
2026/10/02 16:06:01.341, 0, 85.29, 53, 0, 150.00, 1680, 150.00, 0x0000000000000004
2026/10/02 16:06:01.541, 0, 70.01, 53, 0, 150.00, 1695, 150.00, 0x0000000000000000
2026/10/02 16:06:01.742, 0, 87.40, 54, 0, 150.00, 690, 150.00, 0x0000000000000000
2026/10/02 16:06:01.943, 0, 102.24, 55, 100, 150.00, 1530, 150.00, 0x0000000000000004
2026/10/02 16:06:02.143, 0, 100.79, 55, 0, 150.00, 840, 150.00, 0x0000000000000004
2026/10/02 16:06:02.344, 0, 96.38, 54, 61, 150.00, 1665, 150.00, 0x0000000000000004
2026/10/02 16:06:02.544, 0, 127.69, 55, 52, 150.00, 675, 150.00, 0x0000000000000004
2026/10/02 16:06:02.745, 0, 120.85, 54, 36, 150.00, 1665, 150.00, 0x0000000000000000
2026/10/02 16:06:02.945, 0, 95.15, 55, 0, 150.00, 750, 150.00, 0x0000000000000004
2026/10/02 16:06:03.146, 0, 91.57, 54, 64, 150.00, 1665, 150.00, 0x0000000000000004
2026/10/02 16:06:03.347, 0, 96.69, 55, 0, 150.00, 660, 150.00, 0x0000000000000000
2026/10/02 16:06:03.547, 0, 84.95, 53, 47, 150.00, 1665, 150.00, 0x0000000000000000
2026/10/02 16:06:03.748, 0, 70.80, 53, 0, 150.00, 1665, 150.00, 0x0000000000000000
2026/10/02 16:06:03.948, 0, 78.24, 55, 0, 150.00, 855, 150.00, 0x0000000000000004
2026/10/02 16:06:04.149, 0, 78.75, 55, 48, 150.00, 795, 150.00, 0x0000000000000000
2026/10/02 16:06:04.349, 0, 46.46, 53, 57, 105.00, 330, 105.00, 0x0000000000000000
2026/10/02 16:06:04.550, 0, 75.46, 54, 96, 105.00, 255, 105.00, 0x0000000000000000
2026/10/02 16:06:04.750, 0, 75.01, 53, 100, 105.00, 795, 105.00, 0x0000000000000000
2026/10/02 16:06:04.952, 0, 65.07, 52, 0, 105.00, 795, 105.00, 0x0000000000000000
2026/10/02 16:06:05.153, 0, 69.05, 54, 5, 105.00, 405, 105.00, 0x0000000000000004
2026/10/02 16:06:05.353, 0, 64.33, 52, 32, 105.00, 795, 105.00, 0x0000000000000000
2026/10/02 16:06:05.554, 0, 71.69, 54, 20, 105.00, 795, 105.00, 0x0000000000000004
2026/10/02 16:06:05.755, 0, 64.00, 52, 15, 105.00, 795, 105.00, 0x0000000000000000
2026/10/02 16:06:05.955, 0, 75.28, 54, 16, 105.00, 795, 105.00, 0x0000000000000004
2026/10/02 16:06:06.156, 0, 74.01, 52, 17, 105.00, 555, 105.00, 0x0000000000000000
2026/10/02 16:06:06.357, 0, 79.07, 54, 86, 105.00, 405, 105.00, 0x0000000000000004
2026/10/02 16:06:06.558, 0, 82.78, 54, 100, 105.00, 360, 105.00, 0x0000000000000000
2026/10/02 16:06:06.758, 0, 88.01, 54, 100, 105.00, 405, 105.00, 0x0000000000000004
2026/10/02 16:06:06.959, 0, 88.29, 54, 82, 105.00, 405, 105.00, 0x0000000000000004
2026/10/02 16:06:07.160, 0, 87.25, 53, 89, 105.00, 690, 105.00, 0x0000000000000000
2026/10/02 16:06:07.360, 0, 82.27, 52, 0, 105.00, 690, 105.00, 0x0000000000000000
2026/10/02 16:06:07.561, 0, 71.39, 52, 0, 105.00, 690, 105.00, 0x0000000000000000
2026/10/02 16:06:07.762, 0, 60.81, 52, 0, 105.00, 690, 105.00, 0x0000000000000000
2026/10/02 16:06:07.963, 0, 53.80, 52, 0, 105.00, 690, 105.00, 0x0000000000000000
2026/10/02 16:06:08.164, 0, 53.80, 52, 0, 105.00, 690, 105.00, 0x0000000000000000
2026/10/02 16:06:08.364, 0, 53.80, 52, 0, 105.00, 690, 105.00, 0x0000000000000000
2026/10/02 16:06:08.566, 0, 53.80, 52, 0, 105.00, 375, 105.00, 0x0000000000000000
2026/10/02 16:06:08.767, 0, 62.42, 53, 100, 105.00, 405, 105.00, 0x0000000000000004
2026/10/02 16:06:08.968, 0, 73.20, 54, 100, 105.00, 405, 105.00, 0x0000000000000004
2026/10/02 16:06:09.169, 0, 74.62, 53, 79, 105.00, 675, 105.00, 0x0000000000000004
2026/10/02 16:06:09.369, 0, 70.66, 52, 0, 105.00, 675, 105.00, 0x0000000000000000
2026/10/02 16:06:09.570, 0, 85.19, 53, 30, 105.00, 360, 105.00, 0x0000000000000000
2026/10/02 16:06:09.771, 0, 85.88, 54, 100, 105.00, 405, 105.00, 0x0000000000000004
2026/10/02 16:06:09.972, 0, 85.82, 54, 100, 105.00, 420, 105.00, 0x0000000000000004
2026/10/02 16:06:10.172, 0, 75.05, 52, 0, 105.00, 675, 105.00, 0x0000000000000000
2026/10/02 16:06:10.374, 0, 79.62, 53, 21, 105.00, 345, 105.00, 0x0000000000000000
2026/10/02 16:06:10.575, 0, 90.39, 54, 100, 105.00, 405, 105.00, 0x0000000000000004
2026/10/02 16:06:10.775, 0, 79.15, 52, 0, 105.00, 675, 105.00, 0x0000000000000000
2026/10/02 16:06:10.976, 0, 81.35, 54, 100, 105.00, 405, 105.00, 0x0000000000000004
2026/10/02 16:06:11.177, 0, 91.05, 54, 100, 105.00, 405, 105.00, 0x0000000000000004
2026/10/02 16:06:11.377, 0, 97.68, 54, 100, 105.00, 405, 105.00, 0x0000000000000004
2026/10/02 16:06:11.578, 0, 87.00, 53, 0, 105.00, 675, 105.00, 0x0000000000000000
2026/10/02 16:06:11.779, 0, 80.23, 52, 0, 105.00, 675, 105.00, 0x0000000000000000
2026/10/02 16:06:11.979, 0, 80.12, 53, 45, 105.00, 390, 105.00, 0x0000000000000000
2026/10/02 16:06:12.180, 0, 74.02, 52, 0, 105.00, 675, 105.00, 0x0000000000000000
2026/10/02 16:06:12.381, 0, 66.26, 53, 100, 105.00, 405, 105.00, 0x0000000000000004
2026/10/02 16:06:12.582, 0, 75.47, 53, 91, 150.00, 1695, 150.00, 0x0000000000000004
2026/10/02 16:06:12.782, 0, 62.88, 53, 0, 150.00, 1695, 150.00, 0x0000000000000000
2026/10/02 16:06:12.983, 0, 62.75, 53, 0, 150.00, 1695, 150.00, 0x0000000000000000
2026/10/02 16:06:13.184, 0, 63.95, 54, 59, 150.00, 1530, 150.00, 0x0000000000000004
2026/10/02 16:06:13.384, 0, 63.20, 54, 1, 150.00, 810, 150.00, 0x0000000000000004
2026/10/02 16:06:13.585, 0, 74.33, 55, 59, 150.00, 1320, 150.00, 0x0000000000000004
2026/10/02 16:06:13.786, 0, 71.95, 54, 60, 150.00, 1545, 150.00, 0x0000000000000004
2026/10/02 16:06:13.986, 0, 71.79, 54, 0, 150.00, 1080, 150.00, 0x0000000000000004
2026/10/02 16:06:14.187, 0, 80.00, 55, 59, 150.00, 1350, 150.00, 0x0000000000000004
2026/10/02 16:06:14.387, 0, 79.33, 54, 0, 150.00, 1680, 150.00, 0x0000000000000004
2026/10/02 16:06:14.588, 0, 80.22, 53, 0, 150.00, 1695, 150.00, 0x0000000000000004
2026/10/02 16:06:14.789, 0, 70.81, 53, 0, 150.00, 1665, 150.00, 0x0000000000000000
2026/10/02 16:06:14.989, 0, 70.49, 53, 0, 150.00, 1665, 150.00, 0x0000000000000000
2026/10/02 16:06:15.190, 0, 78.95, 54, 58, 150.00, 1380, 150.00, 0x0000000000000004
2026/10/02 16:06:15.391, 0, 70.24, 53, 0, 150.00, 1665, 150.00, 0x0000000000000000
2026/10/02 16:06:15.591, 0, 69.94, 53, 0, 150.00, 1665, 150.00, 0x0000000000000000
2026/10/02 16:06:15.792, 0, 72.68, 53, 0, 150.00, 1665, 150.00, 0x0000000000000004
2026/10/02 16:06:15.992, 0, 83.80, 54, 5, 150.00, 1665, 150.00, 0x0000000000000004
2026/10/02 16:06:16.193, 0, 88.21, 54, 0, 150.00, 1665, 150.00, 0x0000000000000004
2026/10/02 16:06:16.393, 0, 80.12, 53, 0, 150.00, 1665, 150.00, 0x0000000000000000
2026/10/02 16:06:16.594, 0, 80.08, 53, 0, 150.00, 1665, 150.00, 0x0000000000000000
2026/10/02 16:06:16.794, 0, 76.56, 53, 0, 150.00, 1665, 150.00, 0x0000000000000000
2026/10/02 16:06:16.995, 0, 80.66, 55, 36, 150.00, 870, 150.00, 0x0000000000000000
2026/10/02 16:06:17.195, 0, 75.91, 53, 0, 150.00, 1665, 150.00, 0x0000000000000000
2026/10/02 16:06:17.396, 0, 89.33, 55, 47, 150.00, 1110, 150.00, 0x0000000000000004
2026/10/02 16:06:17.597, 0, 88.89, 53, 0, 150.00, 1665, 150.00, 0x0000000000000000
2026/10/02 16:06:17.797, 0, 102.80, 54, 32, 150.00, 1650, 150.00, 0x0000000000000004
2026/10/02 16:06:17.998, 0, 117.34, 54, 21, 150.00, 1665, 150.00, 0x0000000000000004
2026/10/02 16:06:18.198, 0, 106.07, 54, 0, 150.00, 1665, 150.00, 0x0000000000000004
2026/10/02 16:06:18.399, 0, 120.94, 54, 25, 150.00, 1665, 150.00, 0x0000000000000004
2026/10/02 16:06:18.600, 0, 119.69, 55, 16, 150.00, 660, 150.00, 0x0000000000000000
2026/10/02 16:06:18.800, 0, 115.81, 54, 42, 150.00, 1635, 150.00, 0x0000000000000004
2026/10/02 16:06:19.001, 0, 116.39, 55, 31, 150.00, 690, 150.00, 0x0000000000000000
2026/10/02 16:06:19.201, 0, 122.82, 55, 15, 150.00, 630, 150.00, 0x0000000000000000
2026/10/02 16:06:19.402, 0, 106.72, 54, 0, 150.00, 1650, 150.00, 0x0000000000000000
2026/10/02 16:06:19.602, 0, 107.13, 53, 0, 150.00, 1650, 150.00, 0x0000000000000000
2026/10/02 16:06:19.803, 0, 97.81, 55, 47, 150.00, 1140, 150.00, 0x0000000000000004
2026/10/02 16:06:20.003, 0, 98.09, 54, 0, 150.00, 1650, 150.00, 0x0000000000000000
2026/10/02 16:06:20.204, 0, 93.99, 54, 43, 150.00, 1635, 150.00, 0x0000000000000004
2026/10/02 16:06:20.404, 0, 84.05, 54, 59, 150.00, 1590, 150.00, 0x0000000000000004
2026/10/02 16:06:20.605, 0, 107.18, 56, 100, 150.00, 1230, 150.00, 0x0000000000000004
2026/10/02 16:06:20.805, 0, 107.00, 54, 0, 150.00, 1650, 150.00, 0x0000000000000000
2026/10/02 16:06:21.006, 0, 94.09, 54, 0, 150.00, 1695, 150.00, 0x0000000000000004
2026/10/02 16:06:21.207, 0, 83.50, 54, 0, 150.00, 1695, 150.00, 0x0000000000000000
2026/10/02 16:06:21.407, 0, 84.65, 53, 0, 150.00, 1695, 150.00, 0x0000000000000000
2026/10/02 16:06:21.608, 0, 70.12, 54, 59, 150.00, 1590, 150.00, 0x0000000000000004
2026/10/02 16:06:21.808, 0, 62.08, 54, 0, 150.00, 1680, 150.00, 0x0000000000000004
2026/10/02 16:06:22.009, 0, 62.23, 54, 0, 150.00, 1695, 150.00, 0x0000000000000000
2026/10/02 16:06:22.209, 0, 71.97, 54, 46, 150.00, 1635, 150.00, 0x0000000000000004
2026/10/02 16:06:22.410, 0, 71.10, 54, 0, 150.00, 1680, 150.00, 0x0000000000000004
2026/10/02 16:06:22.611, 0, 82.47, 54, 11, 150.00, 1665, 150.00, 0x0000000000000004
2026/10/02 16:06:22.811, 0, 83.22, 54, 0, 150.00, 1680, 150.00, 0x0000000000000004
2026/10/02 16:06:23.012, 0, 83.18, 53, 0, 150.00, 1665, 150.00, 0x0000000000000000
2026/10/02 16:06:23.212, 0, 72.83, 53, 0, 150.00, 1665, 150.00, 0x0000000000000000
2026/10/02 16:06:23.413, 0, 95.35, 55, 97, 150.00, 1395, 150.00, 0x0000000000000004
2026/10/02 16:06:23.613, 0, 83.06, 54, 0, 150.00, 1665, 150.00, 0x0000000000000000
2026/10/02 16:06:23.814, 0, 89.21, 54, 0, 150.00, 1665, 150.00, 0x0000000000000004
2026/10/02 16:06:24.015, 0, 88.96, 54, 0, 150.00, 1665, 150.00, 0x0000000000000000
2026/10/02 16:06:24.215, 0, 88.93, 53, 0, 150.00, 1665, 150.00, 0x0000000000000000
2026/10/02 16:06:24.416, 0, 83.17, 54, 49, 150.00, 1650, 150.00, 0x0000000000000004
2026/10/02 16:06:24.616, 0, 84.67, 54, 45, 150.00, 1665, 150.00, 0x0000000000000004
2026/10/02 16:06:24.817, 0, 78.52, 54, 0, 150.00, 795, 150.00, 0x0000000000000000
2026/10/02 16:06:25.018, 0, 79.45, 54, 0, 150.00, 1650, 150.00, 0x0000000000000004
2026/10/02 16:06:25.218, 0, 79.38, 54, 0, 150.00, 645, 150.00, 0x0000000000000000
2026/10/02 16:06:25.419, 0, 77.28, 55, 49, 150.00, 1650, 150.00, 0x0000000000000004
2026/10/02 16:06:25.619, 0, 84.23, 56, 63, 150.00, 705, 150.00, 0x0000000000000004
2026/10/02 16:06:25.820, 0, 84.36, 54, 0, 150.00, 1650, 150.00, 0x0000000000000000
2026/10/02 16:06:26.020, 0, 93.85, 54, 1, 150.00, 1650, 150.00, 0x0000000000000004
2026/10/02 16:06:26.221, 0, 93.86, 54, 0, 150.00, 1650, 150.00, 0x0000000000000000
2026/10/02 16:06:26.421, 0, 86.48, 54, 0, 150.00, 1650, 150.00, 0x0000000000000000
2026/10/02 16:06:26.622, 0, 88.88, 55, 14, 150.00, 810, 150.00, 0x0000000000000000
2026/10/02 16:06:26.823, 0, 80.95, 54, 0, 150.00, 1650, 150.00, 0x0000000000000000
2026/10/02 16:06:27.023, 0, 70.39, 54, 0, 150.00, 1650, 150.00, 0x0000000000000000
2026/10/02 16:06:27.224, 0, 84.66, 54, 29, 150.00, 1650, 150.00, 0x0000000000000004
2026/10/02 16:06:27.424, 0, 84.68, 54, 0, 150.00, 1650, 150.00, 0x0000000000000000
2026/10/02 16:06:27.625, 0, 108.26, 56, 79, 150.00, 1425, 150.00, 0x0000000000000004
2026/10/02 16:06:27.825, 0, 108.43, 55, 4, 150.00, 1650, 150.00, 0x0000000000000004
2026/10/02 16:06:28.026, 0, 108.45, 54, 0, 150.00, 1470, 150.00, 0x0000000000000000
2026/10/02 16:06:28.227, 0, 117.92, 56, 42, 150.00, 1320, 150.00, 0x0000000000000004
2026/10/02 16:06:28.427, 0, 132.35, 56, 25, 150.00, 735, 150.00, 0x0000000000000004
2026/10/02 16:06:28.628, 0, 119.20, 56, 64, 150.00, 1605, 150.00, 0x0000000000000004
2026/10/02 16:06:28.828, 0, 100.55, 54, 0, 150.00, 1650, 150.00, 0x0000000000000000
2026/10/02 16:06:29.029, 0, 100.76, 54, 0, 150.00, 1650, 150.00, 0x0000000000000000
2026/10/02 16:06:29.229, 0, 91.06, 54, 0, 150.00, 630, 150.00, 0x0000000000000000
2026/10/02 16:06:29.430, 0, 61.81, 54, 0, 150.00, 1635, 150.00, 0x0000000000000000
2026/10/02 16:06:29.630, 0, 76.71, 56, 33, 150.00, 780, 150.00, 0x0000000000000000
2026/10/02 16:06:29.831, 0, 83.80, 55, 10, 150.00, 675, 150.00, 0x0000000000000004
2026/10/02 16:06:30.031, 0, 83.18, 55, 0, 150.00, 1635, 150.00, 0x0000000000000000
2026/10/02 16:06:30.232, 0, 82.97, 54, 0, 150.00, 1635, 150.00, 0x0000000000000000
2026/10/02 16:06:30.433, 0, 83.32, 54, 0, 150.00, 1635, 150.00, 0x0000000000000000
2026/10/02 16:06:30.633, 0, 83.29, 54, 0, 150.00, 1635, 150.00, 0x0000000000000000
2026/10/02 16:06:30.834, 0, 75.05, 55, 34, 150.00, 1245, 150.00, 0x0000000000000000
2026/10/02 16:06:31.034, 0, 81.62, 55, 50, 150.00, 1635, 150.00, 0x0000000000000004
2026/10/02 16:06:31.235, 0, 96.32, 56, 32, 150.00, 1185, 150.00, 0x0000000000000000
2026/10/02 16:06:31.435, 0, 95.78, 54, 0, 150.00, 1635, 150.00, 0x0000000000000000
2026/10/02 16:06:31.636, 0, 124.32, 56, 63, 150.00, 1200, 150.00, 0x0000000000000004
2026/10/02 16:06:31.836, 0, 123.93, 55, 0, 150.00, 1635, 150.00, 0x0000000000000000
2026/10/02 16:06:32.037, 0, 125.48, 57, 100, 150.00, 840, 150.00, 0x0000000000000004
2026/10/02 16:06:32.237, 0, 141.63, 57, 46, 150.00, 1395, 150.00, 0x0000000000000004
2026/10/02 16:06:32.438, 0, 127.34, 56, 0, 150.00, 660, 150.00, 0x0000000000000000
2026/10/02 16:06:32.638, 0, 119.39, 56, 48, 150.00, 1635, 150.00, 0x0000000000000004
2026/10/02 16:06:32.839, 0, 117.42, 55, 11, 150.00, 1635, 150.00, 0x0000000000000004
2026/10/02 16:06:33.039, 0, 102.75, 56, 61, 150.00, 1620, 150.00, 0x0000000000000004
2026/10/02 16:06:33.240, 0, 93.86, 56, 59, 105.00, 870, 105.00, 0x0000000000000004
2026/10/02 16:06:33.440, 0, 107.68, 55, 54, 105.00, 405, 105.00, 0x0000000000000004
2026/10/02 16:06:33.641, 0, 90.05, 56, 68, 105.00, 405, 105.00, 0x0000000000000004
2026/10/02 16:06:33.842, 0, 95.98, 56, 100, 105.00, 405, 105.00, 0x0000000000000004
2026/10/02 16:06:34.042, 0, 98.43, 56, 100, 105.00, 390, 105.00, 0x0000000000000004
2026/10/02 16:06:34.243, 0, 93.53, 55, 55, 105.00, 870, 105.00, 0x0000000000000004
2026/10/02 16:06:34.445, 0, 84.86, 54, 0, 105.00, 870, 105.00, 0x0000000000000000
2026/10/02 16:06:34.645, 0, 90.99, 55, 100, 105.00, 870, 105.00, 0x0000000000000004
2026/10/02 16:06:34.846, 0, 85.20, 55, 84, 105.00, 390, 105.00, 0x0000000000000004
2026/10/02 16:06:35.047, 0, 79.78, 56, 100, 105.00, 390, 105.00, 0x0000000000000004
2026/10/02 16:06:35.247, 0, 79.87, 56, 100, 105.00, 405, 105.00, 0x0000000000000004
2026/10/02 16:06:35.448, 0, 107.96, 56, 100, 150.00, 810, 150.00, 0x0000000000000004
2026/10/02 16:06:35.648, 0, 153.99, 57, 100, 150.00, 810, 150.00, 0x0000000000000004
2026/10/02 16:06:35.849, 0, 151.65, 58, 100, 150.00, 795, 150.00, 0x0000000000000004
2026/10/02 16:06:36.050, 0, 150.76, 58, 100, 150.00, 780, 150.00, 0x0000000000000004
2026/10/02 16:06:36.250, 0, 150.62, 58, 100, 150.00, 780, 150.00, 0x0000000000000004
2026/10/02 16:06:36.451, 0, 153.60, 58, 75, 150.00, 780, 150.00, 0x0000000000000004
2026/10/02 16:06:36.651, 0, 154.40, 58, 77, 150.00, 825, 150.00, 0x0000000000000004
2026/10/02 16:06:36.852, 0, 154.22, 59, 100, 150.00, 795, 150.00, 0x0000000000000004
2026/10/02 16:06:37.053, 0, 138.27, 57, 0, 150.00, 1680, 150.00, 0x0000000000000004
2026/10/02 16:06:37.253, 0, 131.78, 57, 13, 150.00, 690, 150.00, 0x0000000000000004
2026/10/02 16:06:37.454, 0, 125.07, 58, 60, 150.00, 825, 150.00, 0x0000000000000004
2026/10/02 16:06:37.654, 0, 120.89, 58, 100, 150.00, 810, 150.00, 0x0000000000000004
2026/10/02 16:06:37.855, 0, 111.37, 57, 23, 150.00, 915, 150.00, 0x0000000000000004
2026/10/02 16:06:38.055, 0, 120.06, 58, 43, 150.00, 1335, 150.00, 0x0000000000000004
2026/10/02 16:06:38.256, 0, 132.64, 58, 100, 150.00, 1095, 150.00, 0x0000000000000004
2026/10/02 16:06:38.456, 0, 126.77, 58, 6, 150.00, 675, 150.00, 0x0000000000000004
2026/10/02 16:06:38.657, 0, 126.06, 59, 100, 150.00, 1395, 150.00, 0x0000000000000004
2026/10/02 16:06:38.858, 0, 109.17, 57, 0, 150.00, 1680, 150.00, 0x0000000000000004
2026/10/02 16:06:39.058, 0, 113.79, 58, 9, 150.00, 675, 150.00, 0x0000000000000004
2026/10/02 16:06:39.259, 0, 93.88, 56, 0, 150.00, 1680, 150.00, 0x0000000000000004
2026/10/02 16:06:39.459, 0, 96.15, 58, 61, 105.00, 720, 150.00, 0x0000000000000004
2026/10/02 16:06:39.661, 0, 110.11, 58, 100, 105.00, 405, 105.00, 0x0000000000000004
2026/10/02 16:06:39.861, 0, 104.71, 57, 100, 105.00, 390, 105.00, 0x0000000000000004
2026/10/02 16:06:40.062, 0, 104.51, 57, 100, 105.00, 390, 105.00, 0x0000000000000004
2026/10/02 16:06:40.263, 0, 103.25, 57, 100, 105.00, 375, 105.00, 0x0000000000000004
2026/10/02 16:06:40.463, 0, 102.07, 57, 100, 105.00, 390, 105.00, 0x0000000000000004
2026/10/02 16:06:40.664, 0, 102.54, 57, 100, 105.00, 390, 105.00, 0x0000000000000004
2026/10/02 16:06:40.865, 0, 102.68, 57, 100, 105.00, 390, 105.00, 0x0000000000000004
2026/10/02 16:06:41.065, 0, 99.71, 57, 34, 105.00, 375, 105.00, 0x0000000000000004
2026/10/02 16:06:41.266, 0, 99.93, 57, 100, 105.00, 390, 105.00, 0x0000000000000004
2026/10/02 16:06:41.467, 0, 101.59, 57, 100, 105.00, 390, 105.00, 0x0000000000000004
2026/10/02 16:06:41.667, 0, 101.64, 57, 100, 150.00, 405, 150.00, 0x0000000000000004
2026/10/02 16:06:41.868, 0, 150.75, 58, 100, 150.00, 795, 150.00, 0x0000000000000004
2026/10/02 16:06:42.069, 0, 151.17, 59, 100, 150.00, 780, 150.00, 0x0000000000000004
2026/10/02 16:06:42.269, 0, 150.62, 59, 100, 150.00, 1380, 150.00, 0x0000000000000004
2026/10/02 16:06:42.470, 0, 125.37, 58, 0, 150.00, 630, 150.00, 0x0000000000000004
2026/10/02 16:06:42.670, 0, 110.87, 57, 0, 150.00, 1680, 150.00, 0x0000000000000004
2026/10/02 16:06:42.870, 0, 105.53, 58, 60, 150.00, 1560, 150.00, 0x0000000000000004
2026/10/02 16:06:43.071, 0, 97.04, 58, 61, 150.00, 1095, 150.00, 0x0000000000000004
2026/10/02 16:06:43.272, 0, 88.75, 59, 76, 150.00, 825, 150.00, 0x0000000000000004
2026/10/02 16:06:43.472, 0, 105.67, 59, 100, 150.00, 810, 150.00, 0x0000000000000004
2026/10/02 16:06:43.673, 0, 122.85, 60, 100, 150.00, 795, 150.00, 0x0000000000000004
2026/10/02 16:06:43.874, 0, 135.79, 60, 100, 150.00, 630, 150.00, 0x0000000000000004
2026/10/02 16:06:44.074, 0, 141.24, 60, 100, 150.00, 780, 150.00, 0x0000000000000004
2026/10/02 16:06:44.275, 0, 141.47, 58, 100, 150.00, 1665, 150.00, 0x0000000000000004
2026/10/02 16:06:44.476, 0, 148.63, 59, 24, 150.00, 705, 150.00, 0x0000000000000004
2026/10/02 16:06:44.676, 0, 139.78, 58, 95, 150.00, 1110, 150.00, 0x0000000000000004
2026/10/02 16:06:44.877, 0, 133.45, 59, 74, 150.00, 735, 150.00, 0x0000000000000004
2026/10/02 16:06:45.077, 0, 128.36, 59, 83, 150.00, 1635, 150.00, 0x0000000000000004
2026/10/02 16:06:45.278, 0, 130.26, 60, 63, 150.00, 840, 150.00, 0x0000000000000004
2026/10/02 16:06:45.479, 0, 133.39, 60, 100, 150.00, 840, 150.00, 0x0000000000000004
2026/10/02 16:06:45.679, 0, 131.55, 60, 100, 150.00, 810, 150.00, 0x0000000000000004
2026/10/02 16:06:45.880, 0, 140.61, 60, 100, 150.00, 705, 150.00, 0x0000000000000004
2026/10/02 16:06:46.081, 0, 142.41, 60, 100, 150.00, 780, 150.00, 0x0000000000000004
2026/10/02 16:06:46.281, 0, 150.16, 61, 100, 150.00, 750, 150.00, 0x0000000000000004
2026/10/02 16:06:46.482, 0, 149.56, 60, 100, 150.00, 1425, 150.00, 0x0000000000000004
2026/10/02 16:06:46.683, 0, 153.27, 61, 57, 150.00, 795, 150.00, 0x0000000000000004
2026/10/02 16:06:46.883, 0, 137.36, 60, 79, 150.00, 1635, 150.00, 0x0000000000000004
2026/10/02 16:06:47.084, 0, 145.98, 60, 25, 150.00, 825, 150.00, 0x0000000000000004
2026/10/02 16:06:47.284, 0, 138.18, 59, 96, 150.00, 1680, 150.00, 0x0000000000000004
2026/10/02 16:06:47.485, 0, 143.32, 60, 45, 150.00, 825, 150.00, 0x0000000000000004
2026/10/02 16:06:47.686, 0, 138.65, 60, 78, 150.00, 1050, 150.00, 0x0000000000000004
2026/10/02 16:06:47.886, 0, 50.29, 59, 56, 105.00, 1035, 105.00, 0x0000000000000000
2026/10/02 16:06:48.087, 0, 138.37, 59, 29, 105.00, 390, 105.00, 0x0000000000000004
2026/10/02 16:06:48.287, 0, 122.09, 59, 100, 105.00, 405, 105.00, 0x0000000000000004
2026/10/02 16:06:48.488, 0, 116.67, 59, 100, 105.00, 390, 105.00, 0x0000000000000004
2026/10/02 16:06:48.689, 0, 113.77, 59, 100, 105.00, 405, 105.00, 0x0000000000000004
2026/10/02 16:06:48.889, 0, 112.39, 59, 100, 105.00, 390, 105.00, 0x0000000000000004
2026/10/02 16:06:49.090, 0, 105.82, 59, 100, 105.00, 390, 105.00, 0x0000000000000004
2026/10/02 16:06:49.291, 0, 105.65, 59, 100, 105.00, 405, 105.00, 0x0000000000000004
2026/10/02 16:06:49.491, 0, 105.83, 59, 100, 105.00, 375, 105.00, 0x0000000000000004
2026/10/02 16:06:49.692, 0, 105.72, 59, 100, 105.00, 360, 105.00, 0x0000000000000004
2026/10/02 16:06:49.892, 0, 105.36, 59, 100, 105.00, 375, 105.00, 0x0000000000000004
2026/10/02 16:06:50.093, 0, 157.28, 60, 100, 150.00, 810, 150.00, 0x0000000000000004
2026/10/02 16:06:50.294, 0, 150.50, 60, 100, 150.00, 795, 150.00, 0x0000000000000004
2026/10/02 16:06:50.494, 0, 150.72, 61, 100, 150.00, 795, 150.00, 0x0000000000000004
2026/10/02 16:06:50.695, 0, 150.57, 61, 100, 150.00, 780, 150.00, 0x0000000000000004
2026/10/02 16:06:50.895, 0, 139.35, 60, 100, 150.00, 705, 150.00, 0x0000000000000004
2026/10/02 16:06:51.096, 0, 132.90, 60, 73, 150.00, 1650, 150.00, 0x0000000000000004
2026/10/02 16:06:51.296, 0, 125.92, 61, 0, 150.00, 810, 150.00, 0x0000000000000004
2026/10/02 16:06:51.497, 0, 126.45, 61, 100, 150.00, 825, 150.00, 0x0000000000000004
2026/10/02 16:06:51.698, 0, 118.14, 60, 100, 150.00, 1650, 150.00, 0x0000000000000004
2026/10/02 16:06:51.898, 0, 115.84, 60, 23, 150.00, 1680, 150.00, 0x0000000000000004
2026/10/02 16:06:52.099, 0, 108.69, 59, 0, 150.00, 660, 150.00, 0x0000000000000004
2026/10/02 16:06:52.299, 0, 115.82, 60, 60, 150.00, 765, 150.00, 0x0000000000000004
2026/10/02 16:06:52.500, 0, 105.30, 61, 72, 150.00, 765, 150.00, 0x0000000000000004
2026/10/02 16:06:52.701, 0, 96.89, 60, 90, 150.00, 1140, 150.00, 0x0000000000000004
2026/10/02 16:06:52.901, 0, 92.86, 60, 57, 150.00, 1680, 150.00, 0x0000000000000004
2026/10/02 16:06:53.102, 0, 104.68, 61, 8, 150.00, 765, 150.00, 0x0000000000000004
2026/10/02 16:06:53.303, 0, 118.94, 61, 100, 150.00, 825, 150.00, 0x0000000000000004
2026/10/02 16:06:53.503, 0, 124.78, 61, 90, 150.00, 1365, 150.00, 0x0000000000000004
2026/10/02 16:06:53.704, 0, 133.20, 61, 51, 150.00, 960, 150.00, 0x0000000000000004
2026/10/02 16:06:53.904, 0, 136.74, 61, 68, 150.00, 675, 150.00, 0x0000000000000004
2026/10/02 16:06:54.105, 0, 147.52, 62, 100, 150.00, 825, 150.00, 0x0000000000000004
2026/10/02 16:06:54.306, 0, 149.99, 62, 100, 150.00, 840, 150.00, 0x0000000000000004
2026/10/02 16:06:54.506, 0, 145.15, 60, 100, 150.00, 1680, 150.00, 0x0000000000000004
2026/10/02 16:06:54.707, 0, 125.29, 60, 0, 150.00, 1680, 150.00, 0x0000000000000004
2026/10/02 16:06:54.907, 0, 121.15, 61, 0, 150.00, 1140, 150.00, 0x0000000000000000
2026/10/02 16:06:55.108, 0, 119.32, 60, 85, 150.00, 1680, 150.00, 0x0000000000000004
2026/10/02 16:06:55.308, 0, 116.04, 61, 0, 150.00, 1125, 150.00, 0x0000000000000004
2026/10/02 16:06:55.509, 0, 107.95, 61, 44, 150.00, 720, 150.00, 0x0000000000000004
2026/10/02 16:06:55.709, 0, 115.40, 60, 100, 150.00, 660, 150.00, 0x0000000000000004
2026/10/02 16:06:55.910, 0, 117.02, 60, 61, 150.00, 1680, 150.00, 0x0000000000000004
2026/10/02 16:06:56.110, 0, 94.59, 59, 0, 150.00, 645, 150.00, 0x0000000000000004
2026/10/02 16:06:56.311, 0, 97.43, 59, 63, 150.00, 615, 150.00, 0x0000000000000004
2026/10/02 16:06:56.511, 0, 92.15, 61, 85, 150.00, 690, 150.00, 0x0000000000000004
2026/10/02 16:06:56.712, 0, 82.03, 61, 59, 150.00, 825, 150.00, 0x0000000000000004
2026/10/02 16:06:56.913, 0, 96.67, 62, 100, 150.00, 810, 150.00, 0x0000000000000004
2026/10/02 16:06:57.113, 0, 106.13, 61, 100, 150.00, 1635, 150.00, 0x0000000000000004
2026/10/02 16:06:57.314, 0, 110.68, 62, 0, 150.00, 1095, 150.00, 0x0000000000000004
2026/10/02 16:06:57.514, 0, 109.64, 61, 48, 150.00, 735, 150.00, 0x0000000000000004
2026/10/02 16:06:57.715, 0, 123.43, 61, 69, 150.00, 1515, 150.00, 0x0000000000000004
2026/10/02 16:06:57.915, 0, 115.04, 61, 9, 150.00, 810, 150.00, 0x0000000000000004
2026/10/02 16:06:58.116, 0, 107.31, 62, 72, 150.00, 810, 150.00, 0x0000000000000004
2026/10/02 16:06:58.316, 0, 153.08, 61, 100, 105.00, 405, 105.00, 0x0000000000000000
2026/10/02 16:06:58.517, 0, 105.74, 61, 100, 105.00, 390, 105.00, 0x0000000000000004
2026/10/02 16:06:58.718, 0, 91.55, 60, 60, 105.00, 390, 105.00, 0x0000000000000004
2026/10/02 16:06:58.919, 0, 96.14, 60, 100, 105.00, 390, 105.00, 0x0000000000000004
2026/10/02 16:06:59.119, 0, 98.29, 60, 100, 105.00, 390, 105.00, 0x0000000000000004
2026/10/02 16:06:59.320, 0, 95.66, 60, 100, 105.00, 825, 105.00, 0x0000000000000004
2026/10/02 16:06:59.521, 0, 98.36, 60, 15, 105.00, 390, 105.00, 0x0000000000000004
2026/10/02 16:06:59.721, 0, 103.21, 60, 100, 105.00, 390, 105.00, 0x0000000000000004
2026/10/02 16:06:59.922, 0, 103.24, 60, 100, 105.00, 375, 105.00, 0x0000000000000004
2026/10/02 16:07:00.123, 0, 103.08, 60, 100, 105.00, 390, 105.00, 0x0000000000000004
2026/10/02 16:07:00.323, 0, 102.85, 60, 100, 150.00, 390, 105.00, 0x0000000000000004
2026/10/02 16:07:00.524, 0, 151.99, 61, 100, 150.00, 825, 150.00, 0x0000000000000004
2026/10/02 16:07:00.724, 0, 153.88, 61, 100, 150.00, 1380, 150.00, 0x0000000000000004
2026/10/02 16:07:00.925, 0, 136.83, 61, 9, 150.00, 1440, 150.00, 0x0000000000000004
2026/10/02 16:07:01.126, 0, 116.85, 61, 0, 150.00, 1575, 150.00, 0x0000000000000004
2026/10/02 16:07:01.326, 0, 116.97, 61, 0, 150.00, 675, 150.00, 0x0000000000000004
2026/10/02 16:07:01.527, 0, 123.25, 62, 100, 150.00, 795, 150.00, 0x0000000000000004
2026/10/02 16:07:01.727, 0, 123.45, 62, 100, 150.00, 810, 150.00, 0x0000000000000004
2026/10/02 16:07:01.928, 0, 131.75, 62, 100, 150.00, 1410, 150.00, 0x0000000000000004
2026/10/02 16:07:02.128, 0, 122.65, 61, 7, 150.00, 1650, 150.00, 0x0000000000000004
2026/10/02 16:07:02.329, 0, 122.19, 60, 0, 150.00, 1680, 150.00, 0x0000000000000004
2026/10/02 16:07:02.530, 0, 105.39, 60, 0, 150.00, 1695, 150.00, 0x0000000000000000
2026/10/02 16:07:02.730, 0, 89.83, 60, 0, 150.00, 1695, 150.00, 0x0000000000000000
2026/10/02 16:07:02.931, 0, 88.63, 61, 0, 150.00, 720, 150.00, 0x0000000000000004
2026/10/02 16:07:03.131, 0, 96.49, 62, 100, 150.00, 825, 150.00, 0x0000000000000004
2026/10/02 16:07:03.332, 0, 99.60, 61, 74, 150.00, 1545, 150.00, 0x0000000000000004
2026/10/02 16:07:03.532, 0, 109.51, 60, 52, 150.00, 1680, 150.00, 0x0000000000000004
2026/10/02 16:07:03.733, 0, 131.13, 61, 34, 150.00, 1530, 150.00, 0x0000000000000004
2026/10/02 16:07:03.934, 0, 141.98, 61, 12, 150.00, 1050, 150.00, 0x0000000000000004
2026/10/02 16:07:04.134, 0, 118.48, 60, 48, 150.00, 1680, 150.00, 0x0000000000000004
2026/10/02 16:07:04.335, 0, 110.45, 60, 0, 150.00, 900, 150.00, 0x0000000000000004
2026/10/02 16:07:04.535, 0, 102.41, 61, 72, 105.00, 795, 105.00, 0x0000000000000004
2026/10/02 16:07:04.736, 0, 47.41, 59, 0, 105.00, 795, 105.00, 0x0000000000000000
2026/10/02 16:07:04.937, 0, 91.41, 60, 46, 105.00, 390, 105.00, 0x0000000000000004
2026/10/02 16:07:05.137, 0, 96.81, 60, 100, 105.00, 375, 105.00, 0x0000000000000004
2026/10/02 16:07:05.338, 0, 102.34, 60, 100, 105.00, 390, 105.00, 0x0000000000000004
2026/10/02 16:07:05.539, 0, 102.41, 60, 100, 105.00, 390, 105.00, 0x0000000000000004
2026/10/02 16:07:05.739, 0, 102.95, 60, 100, 105.00, 795, 105.00, 0x0000000000000004
2026/10/02 16:07:05.940, 0, 108.03, 60, 85, 105.00, 795, 105.00, 0x0000000000000000
2026/10/02 16:07:06.141, 0, 104.79, 60, 11, 105.00, 405, 105.00, 0x0000000000000004
2026/10/02 16:07:06.342, 0, 104.97, 60, 100, 105.00, 390, 105.00, 0x0000000000000004
2026/10/02 16:07:06.542, 0, 102.89, 60, 100, 105.00, 375, 105.00, 0x0000000000000004
2026/10/02 16:07:06.745, 0, 110.08, 60, 100, 150.00, 795, 150.00, 0x0000000000000004
2026/10/02 16:07:06.946, 0, 152.79, 62, 100, 150.00, 735, 150.00, 0x0000000000000004
2026/10/02 16:07:07.146, 0, 149.95, 62, 100, 150.00, 750, 150.00, 0x0000000000000004
2026/10/02 16:07:07.347, 0, 150.38, 62, 75, 150.00, 795, 150.00, 0x0000000000000004
2026/10/02 16:07:07.547, 0, 128.70, 60, 66, 150.00, 1680, 150.00, 0x0000000000000004
2026/10/02 16:07:07.748, 0, 116.38, 60, 0, 150.00, 1695, 150.00, 0x0000000000000004
2026/10/02 16:07:07.949, 0, 125.55, 62, 26, 150.00, 795, 150.00, 0x0000000000000004
2026/10/02 16:07:08.149, 0, 117.76, 60, 98, 150.00, 1680, 150.00, 0x0000000000000004
2026/10/02 16:07:08.350, 0, 102.56, 60, 0, 150.00, 1680, 150.00, 0x0000000000000004
2026/10/02 16:07:08.550, 0, 95.57, 59, 0, 150.00, 1695, 150.00, 0x0000000000000000
2026/10/02 16:07:08.751, 0, 106.42, 61, 0, 150.00, 1560, 150.00, 0x0000000000000004
2026/10/02 16:07:08.951, 0, 93.15, 60, 7, 150.00, 1635, 150.00, 0x0000000000000004
2026/10/02 16:07:09.152, 0, 89.66, 61, 0, 150.00, 1530, 150.00, 0x0000000000000004
2026/10/02 16:07:09.352, 0, 98.59, 60, 29, 150.00, 1665, 150.00, 0x0000000000000004
2026/10/02 16:07:09.556, 0, 98.53, 60, 0, 150.00, 1680, 150.00, 0x0000000000000004
2026/10/02 16:07:09.756, 0, 107.69, 61, 0, 150.00, 825, 150.00, 0x0000000000000004
2026/10/02 16:07:09.957, 0, 113.18, 61, 84, 150.00, 1365, 150.00, 0x0000000000000004
2026/10/02 16:07:10.158, 0, 123.02, 60, 56, 150.00, 1680, 150.00, 0x0000000000000004
2026/10/02 16:07:10.359, 0, 111.26, 62, 7, 150.00, 1080, 150.00, 0x0000000000000004
2026/10/02 16:07:10.559, 0, 129.72, 62, 87, 150.00, 810, 150.00, 0x0000000000000004
2026/10/02 16:07:10.760, 0, 137.51, 61, 97, 150.00, 1680, 150.00, 0x0000000000000004
2026/10/02 16:07:10.961, 0, 126.18, 60, 0, 150.00, 645, 150.00, 0x0000000000000004
2026/10/02 16:07:11.161, 0, 103.71, 60, 60, 150.00, 1275, 150.00, 0x0000000000000004
2026/10/02 16:07:11.362, 0, 112.76, 60, 48, 150.00, 870, 150.00, 0x0000000000000004
2026/10/02 16:07:11.563, 0, 104.30, 61, 58, 150.00, 810, 150.00, 0x0000000000000004
2026/10/02 16:07:11.763, 0, 96.38, 62, 62, 150.00, 1590, 150.00, 0x0000000000000004
2026/10/02 16:07:11.964, 0, 95.25, 61, 2, 150.00, 1665, 150.00, 0x0000000000000004
2026/10/02 16:07:12.165, 0, 92.24, 60, 0, 150.00, 1680, 150.00, 0x0000000000000004
2026/10/02 16:07:12.365, 0, 101.30, 61, 24, 150.00, 810, 150.00, 0x0000000000000004
2026/10/02 16:07:12.566, 0, 116.22, 62, 100, 150.00, 825, 150.00, 0x0000000000000004
2026/10/02 16:07:12.766, 0, 132.90, 62, 84, 150.00, 1605, 150.00, 0x0000000000000004
2026/10/02 16:07:12.967, 0, 132.19, 62, 0, 150.00, 825, 150.00, 0x0000000000000004
2026/10/02 16:07:13.167, 0, 139.51, 61, 96, 150.00, 660, 150.00, 0x0000000000000004
2026/10/02 16:07:13.368, 0, 136.79, 62, 63, 150.00, 810, 150.00, 0x0000000000000004
2026/10/02 16:07:13.568, 0, 140.19, 63, 100, 150.00, 1335, 150.00, 0x0000000000000004
2026/10/02 16:07:13.769, 0, 130.65, 62, 39, 150.00, 870, 150.00, 0x0000000000000004
2026/10/02 16:07:13.969, 0, 139.99, 63, 93, 150.00, 795, 150.00, 0x0000000000000004
2026/10/02 16:07:14.170, 0, 140.65, 63, 100, 150.00, 1395, 150.00, 0x0000000000000004
2026/10/02 16:07:14.371, 0, 157.12, 63, 60, 150.00, 795, 150.00, 0x0000000000000004
2026/10/02 16:07:14.571, 0, 154.00, 63, 78, 150.00, 1050, 150.00, 0x0000000000000004
2026/10/02 16:07:14.772, 0, 149.62, 63, 54, 150.00, 1080, 150.00, 0x0000000000000004
2026/10/02 16:07:14.972, 0, 126.30, 61, 53, 105.00, 1095, 105.00, 0x0000000000000000
2026/10/02 16:07:15.173, 0, 49.28, 60, 0, 105.00, 1095, 105.00, 0x0000000000000000
2026/10/02 16:07:15.374, 0, 66.38, 61, 0, 105.00, 375, 105.00, 0x0000000000000004
2026/10/02 16:07:15.574, 0, 82.43, 61, 100, 105.00, 1095, 105.00, 0x0000000000000004
2026/10/02 16:07:15.775, 0, 93.27, 61, 50, 105.00, 375, 105.00, 0x0000000000000004
2026/10/02 16:07:15.975, 0, 96.10, 61, 100, 105.00, 405, 105.00, 0x0000000000000004
2026/10/02 16:07:16.176, 0, 96.85, 61, 100, 105.00, 390, 105.00, 0x0000000000000004
2026/10/02 16:07:16.377, 0, 107.14, 61, 100, 105.00, 390, 105.00, 0x0000000000000004
2026/10/02 16:07:16.577, 0, 107.36, 61, 100, 105.00, 390, 105.00, 0x0000000000000004
2026/10/02 16:07:16.778, 0, 104.66, 61, 100, 105.00, 390, 105.00, 0x0000000000000004
2026/10/02 16:07:16.978, 0, 104.62, 61, 100, 150.00, 375, 105.00, 0x0000000000000004
2026/10/02 16:07:17.179, 0, 152.51, 62, 100, 150.00, 795, 150.00, 0x0000000000000004
2026/10/02 16:07:17.381, 0, 150.95, 63, 100, 150.00, 750, 150.00, 0x0000000000000004
2026/10/02 16:07:17.581, 0, 149.95, 63, 100, 150.00, 780, 150.00, 0x0000000000000004
2026/10/02 16:07:17.782, 0, 150.33, 63, 100, 150.00, 780, 150.00, 0x0000000000000004
2026/10/02 16:07:17.982, 0, 149.37, 63, 100, 150.00, 780, 150.00, 0x0000000000000004
2026/10/02 16:07:18.183, 0, 149.75, 63, 100, 150.00, 765, 150.00, 0x0000000000000004
2026/10/02 16:07:18.384, 0, 149.12, 63, 100, 150.00, 765, 150.00, 0x0000000000000004
2026/10/02 16:07:18.584, 0, 149.47, 63, 100, 150.00, 780, 150.00, 0x0000000000000004
2026/10/02 16:07:18.785, 0, 141.21, 62, 32, 150.00, 645, 150.00, 0x0000000000000004
2026/10/02 16:07:18.986, 0, 132.30, 62, 62, 150.00, 1665, 150.00, 0x0000000000000004
2026/10/02 16:07:19.186, 0, 117.95, 61, 0, 150.00, 1680, 150.00, 0x0000000000000004
2026/10/02 16:07:19.387, 0, 102.88, 61, 0, 150.00, 1695, 150.00, 0x0000000000000000
2026/10/02 16:07:19.587, 0, 88.11, 61, 0, 150.00, 1695, 150.00, 0x0000000000000000
2026/10/02 16:07:19.788, 0, 86.09, 62, 42, 150.00, 1440, 150.00, 0x0000000000000004
2026/10/02 16:07:19.989, 0, 87.89, 62, 63, 150.00, 825, 150.00, 0x0000000000000004
2026/10/02 16:07:20.190, 0, 90.27, 62, 0, 150.00, 675, 150.00, 0x0000000000000004
2026/10/02 16:07:20.390, 0, 90.05, 61, 0, 150.00, 645, 150.00, 0x0000000000000004
2026/10/02 16:07:20.591, 0, 90.00, 61, 0, 150.00, 660, 150.00, 0x0000000000000004
2026/10/02 16:07:20.792, 0, 95.96, 62, 57, 150.00, 1665, 150.00, 0x0000000000000004
2026/10/02 16:07:20.992, 0, 90.39, 62, 97, 150.00, 810, 150.00, 0x0000000000000004
2026/10/02 16:07:21.193, 0, 95.43, 63, 100, 105.00, 210, 105.00, 0x0000000000000004
2026/10/02 16:07:21.394, 0, 106.46, 62, 100, 105.00, 375, 105.00, 0x0000000000000004
2026/10/02 16:07:21.594, 0, 105.66, 62, 100, 105.00, 375, 105.00, 0x0000000000000004
2026/10/02 16:07:21.795, 0, 101.51, 61, 100, 105.00, 315, 105.00, 0x0000000000000004
2026/10/02 16:07:21.996, 0, 101.62, 62, 100, 105.00, 375, 105.00, 0x0000000000000004
2026/10/02 16:07:22.196, 0, 102.21, 62, 100, 105.00, 375, 105.00, 0x0000000000000004
2026/10/02 16:07:22.397, 0, 102.62, 62, 100, 105.00, 375, 105.00, 0x0000000000000004
2026/10/02 16:07:22.598, 0, 102.43, 62, 100, 105.00, 375, 105.00, 0x0000000000000004
2026/10/02 16:07:22.799, 0, 102.25, 62, 100, 105.00, 360, 105.00, 0x0000000000000004
2026/10/02 16:07:22.999, 0, 104.03, 62, 100, 105.00, 600, 105.00, 0x0000000000000004
2026/10/02 16:07:23.200, 0, 99.65, 62, 100, 105.00, 375, 105.00, 0x0000000000000004
2026/10/02 16:07:23.401, 0, 107.85, 62, 100, 150.00, 795, 150.00, 0x0000000000000004
2026/10/02 16:07:23.601, 0, 152.61, 63, 100, 150.00, 810, 150.00, 0x0000000000000004
2026/10/02 16:07:23.802, 0, 153.35, 63, 100, 150.00, 780, 150.00, 0x0000000000000004
2026/10/02 16:07:24.002, 0, 150.81, 63, 100, 150.00, 765, 150.00, 0x0000000000000004
2026/10/02 16:07:24.203, 0, 150.58, 63, 100, 150.00, 690, 150.00, 0x0000000000000004
2026/10/02 16:07:24.403, 0, 149.57, 64, 100, 150.00, 780, 150.00, 0x0000000000000004
2026/10/02 16:07:24.604, 0, 149.86, 64, 100, 150.00, 1365, 150.00, 0x0000000000000004
2026/10/02 16:07:24.805, 0, 145.07, 62, 44, 150.00, 1680, 150.00, 0x0000000000000004
2026/10/02 16:07:25.005, 0, 139.02, 63, 56, 150.00, 1590, 150.00, 0x0000000000000004
2026/10/02 16:07:25.206, 0, 131.20, 63, 73, 150.00, 795, 150.00, 0x0000000000000004
2026/10/02 16:07:25.406, 0, 53.97, 62, 58, 105.00, 1200, 105.00, 0x0000000000000000
2026/10/02 16:07:25.608, 0, 51.72, 61, 0, 105.00, 1200, 105.00, 0x0000000000000000
2026/10/02 16:07:25.808, 0, 111.62, 62, 100, 105.00, 1200, 105.00, 0x0000000000000000
2026/10/02 16:07:26.009, 0, 124.63, 62, 96, 105.00, 1200, 105.00, 0x0000000000000000
2026/10/02 16:07:26.210, 0, 103.68, 61, 0, 105.00, 360, 105.00, 0x0000000000000004
2026/10/02 16:07:26.411, 0, 103.89, 62, 100, 105.00, 390, 105.00, 0x0000000000000004
2026/10/02 16:07:26.612, 0, 104.51, 62, 100, 105.00, 390, 105.00, 0x0000000000000004
2026/10/02 16:07:26.812, 0, 103.29, 62, 100, 105.00, 405, 105.00, 0x0000000000000004
2026/10/02 16:07:27.013, 0, 95.75, 62, 100, 105.00, 255, 105.00, 0x0000000000000004
2026/10/02 16:07:27.213, 0, 104.57, 62, 100, 105.00, 390, 105.00, 0x0000000000000004
2026/10/02 16:07:27.414, 0, 105.18, 62, 100, 105.00, 390, 105.00, 0x0000000000000004
2026/10/02 16:07:27.614, 0, 151.38, 62, 100, 150.00, 765, 150.00, 0x0000000000000004
2026/10/02 16:07:27.815, 0, 153.61, 63, 100, 150.00, 795, 150.00, 0x0000000000000004
2026/10/02 16:07:28.015, 0, 149.32, 63, 100, 150.00, 735, 150.00, 0x0000000000000004
2026/10/02 16:07:28.216, 0, 149.18, 64, 100, 150.00, 765, 150.00, 0x0000000000000004
2026/10/02 16:07:28.417, 0, 127.80, 62, 24, 150.00, 1680, 150.00, 0x0000000000000004
2026/10/02 16:07:28.617, 0, 131.77, 63, 100, 150.00, 795, 150.00, 0x0000000000000004
2026/10/02 16:07:28.818, 0, 136.07, 63, 100, 150.00, 765, 150.00, 0x0000000000000004
2026/10/02 16:07:29.019, 0, 136.26, 64, 100, 150.00, 750, 150.00, 0x0000000000000004
2026/10/02 16:07:29.219, 0, 125.33, 62, 7, 150.00, 1680, 150.00, 0x0000000000000004
2026/10/02 16:07:29.420, 0, 119.61, 62, 0, 150.00, 1665, 150.00, 0x0000000000000004
2026/10/02 16:07:29.621, 0, 112.88, 62, 0, 150.00, 1680, 150.00, 0x0000000000000004
2026/10/02 16:07:29.821, 0, 94.03, 62, 62, 150.00, 750, 150.00, 0x0000000000000004
2026/10/02 16:07:30.022, 0, 78.08, 62, 0, 150.00, 1680, 150.00, 0x0000000000000004
2026/10/02 16:07:30.222, 0, 86.93, 63, 29, 150.00, 1440, 150.00, 0x0000000000000004
2026/10/02 16:07:30.423, 0, 98.11, 62, 81, 150.00, 1110, 150.00, 0x0000000000000004
2026/10/02 16:07:30.624, 0, 118.01, 63, 100, 150.00, 780, 150.00, 0x0000000000000004
2026/10/02 16:07:30.824, 0, 128.88, 64, 100, 150.00, 810, 150.00, 0x0000000000000004
2026/10/02 16:07:31.025, 0, 145.17, 64, 100, 150.00, 795, 150.00, 0x0000000000000004
2026/10/02 16:07:31.225, 0, 141.58, 64, 100, 150.00, 450, 150.00, 0x0000000000000004
2026/10/02 16:07:31.426, 0, 151.01, 64, 100, 150.00, 795, 150.00, 0x0000000000000004
2026/10/02 16:07:31.626, 0, 149.21, 64, 100, 150.00, 810, 150.00, 0x0000000000000004
2026/10/02 16:07:31.827, 0, 149.13, 64, 100, 150.00, 780, 150.00, 0x0000000000000004
2026/10/02 16:07:32.028, 0, 149.33, 64, 98, 150.00, 795, 150.00, 0x0000000000000004
2026/10/02 16:07:32.228, 0, 144.99, 64, 94, 150.00, 705, 150.00, 0x0000000000000004
2026/10/02 16:07:32.429, 0, 132.85, 64, 70, 150.00, 765, 150.00, 0x0000000000000004
2026/10/02 16:07:32.629, 0, 119.03, 63, 0, 150.00, 1680, 150.00, 0x0000000000000004
2026/10/02 16:07:32.830, 0, 103.71, 62, 0, 150.00, 1695, 150.00, 0x0000000000000000
2026/10/02 16:07:33.030, 0, 88.41, 62, 0, 150.00, 1695, 150.00, 0x0000000000000000
2026/10/02 16:07:33.231, 0, 74.04, 62, 0, 150.00, 1695, 150.00, 0x0000000000000000
2026/10/02 16:07:33.431, 0, 69.33, 62, 0, 150.00, 1695, 150.00, 0x0000000000000000
2026/10/02 16:07:33.632, 0, 94.60, 61, 100, 150.00, 1110, 150.00, 0x0000000000000004
2026/10/02 16:07:33.832, 0, 111.32, 62, 37, 150.00, 1620, 150.00, 0x0000000000000004
2026/10/02 16:07:34.033, 0, 110.23, 62, 0, 150.00, 1680, 150.00, 0x0000000000000004
2026/10/02 16:07:34.234, 0, 116.00, 63, 54, 150.00, 1260, 150.00, 0x0000000000000004
2026/10/02 16:07:34.434, 0, 112.37, 63, 0, 150.00, 1650, 150.00, 0x0000000000000004
2026/10/02 16:07:34.635, 0, 95.12, 62, 0, 150.00, 1680, 150.00, 0x0000000000000004
2026/10/02 16:07:34.836, 0, 92.76, 62, 6, 150.00, 1650, 150.00, 0x0000000000000004
2026/10/02 16:07:35.036, 0, 76.31, 62, 0, 150.00, 1665, 150.00, 0x0000000000000004
2026/10/02 16:07:35.237, 0, 83.34, 63, 39, 150.00, 1350, 150.00, 0x0000000000000004
2026/10/02 16:07:35.437, 0, 94.04, 63, 5, 150.00, 1575, 150.00, 0x0000000000000004
2026/10/02 16:07:35.638, 0, 112.94, 63, 29, 150.00, 1455, 150.00, 0x0000000000000004
2026/10/02 16:07:35.838, 0, 124.39, 63, 28, 150.00, 1455, 150.00, 0x0000000000000004
2026/10/02 16:07:36.039, 0, 121.63, 62, 0, 150.00, 1680, 150.00, 0x0000000000000004
2026/10/02 16:07:36.240, 0, 125.32, 61, 16, 150.00, 1695, 150.00, 0x0000000000000000
2026/10/02 16:07:36.440, 0, 115.33, 63, 30, 150.00, 1470, 150.00, 0x0000000000000004
2026/10/02 16:07:36.641, 0, 122.11, 63, 84, 150.00, 765, 150.00, 0x0000000000000004
2026/10/02 16:07:36.841, 0, 128.10, 64, 100, 150.00, 825, 150.00, 0x0000000000000004
2026/10/02 16:07:37.042, 0, 152.46, 64, 100, 150.00, 810, 150.00, 0x0000000000000004
2026/10/02 16:07:37.242, 0, 165.33, 64, 100, 150.00, 795, 150.00, 0x0000000000000004
2026/10/02 16:07:37.443, 0, 169.37, 64, 36, 150.00, 1545, 150.00, 0x0000000000000004
2026/10/02 16:07:37.644, 0, 167.23, 65, 21, 150.00, 1515, 150.00, 0x0000000000000004
2026/10/02 16:07:37.844, 0, 169.91, 64, 100, 150.00, 810, 150.00, 0x0000000000000004
2026/10/02 16:07:38.045, 0, 169.62, 64, 100, 150.00, 795, 150.00, 0x0000000000000004
2026/10/02 16:07:38.245, 0, 155.70, 65, 36, 150.00, 1440, 150.00, 0x0000000000000004
2026/10/02 16:07:38.446, 0, 147.40, 63, 77, 150.00, 645, 150.00, 0x0000000000000004
2026/10/02 16:07:38.646, 0, 136.27, 64, 100, 150.00, 825, 150.00, 0x0000000000000004
2026/10/02 16:07:38.847, 0, 136.58, 65, 100, 150.00, 795, 150.00, 0x0000000000000004
2026/10/02 16:07:39.047, 0, 136.84, 65, 100, 150.00, 810, 150.00, 0x0000000000000004
2026/10/02 16:07:39.248, 0, 133.49, 65, 100, 150.00, 435, 150.00, 0x0000000000000004
2026/10/02 16:07:39.449, 0, 143.23, 65, 78, 150.00, 750, 150.00, 0x0000000000000004
2026/10/02 16:07:39.649, 0, 138.74, 63, 55, 150.00, 900, 150.00, 0x0000000000000004
2026/10/02 16:07:39.850, 0, 137.45, 65, 100, 150.00, 765, 150.00, 0x0000000000000004
2026/10/02 16:07:40.051, 0, 135.22, 65, 91, 150.00, 795, 150.00, 0x0000000000000004
2026/10/02 16:07:40.251, 0, 130.17, 65, 100, 150.00, 780, 150.00, 0x0000000000000004
2026/10/02 16:07:40.452, 0, 135.71, 65, 100, 150.00, 780, 150.00, 0x0000000000000004
2026/10/02 16:07:40.652, 0, 132.64, 64, 62, 150.00, 915, 150.00, 0x0000000000000004
2026/10/02 16:07:40.853, 0, 133.22, 65, 100, 150.00, 795, 150.00, 0x0000000000000004
2026/10/02 16:07:41.054, 0, 128.91, 65, 51, 150.00, 1185, 150.00, 0x0000000000000004
2026/10/02 16:07:41.254, 0, 119.72, 63, 0, 150.00, 1620, 150.00, 0x0000000000000000
2026/10/02 16:07:41.455, 0, 117.48, 64, 79, 150.00, 735, 150.00, 0x0000000000000004
2026/10/02 16:07:41.656, 0, 124.54, 65, 89, 150.00, 915, 150.00, 0x0000000000000004
2026/10/02 16:07:41.856, 0, 118.87, 64, 63, 150.00, 675, 150.00, 0x0000000000000004
2026/10/02 16:07:42.057, 0, 104.07, 65, 36, 105.00, 690, 105.00, 0x0000000000000000
2026/10/02 16:07:42.257, 0, 104.19, 64, 100, 105.00, 360, 105.00, 0x0000000000000004
2026/10/02 16:07:42.458, 0, 104.37, 64, 100, 105.00, 375, 105.00, 0x0000000000000004
2026/10/02 16:07:42.659, 0, 104.46, 64, 100, 105.00, 375, 105.00, 0x0000000000000004
2026/10/02 16:07:42.859, 0, 104.32, 63, 100, 105.00, 375, 105.00, 0x0000000000000004
2026/10/02 16:07:43.060, 0, 104.07, 63, 100, 105.00, 375, 105.00, 0x0000000000000004
2026/10/02 16:07:43.261, 0, 103.92, 63, 100, 105.00, 375, 105.00, 0x0000000000000004
2026/10/02 16:07:43.461, 0, 104.01, 63, 100, 105.00, 375, 105.00, 0x0000000000000004
2026/10/02 16:07:43.662, 0, 104.08, 63, 100, 105.00, 375, 105.00, 0x0000000000000004
2026/10/02 16:07:43.863, 0, 103.97, 63, 100, 105.00, 375, 105.00, 0x0000000000000004
2026/10/02 16:07:44.063, 0, 104.17, 63, 100, 150.00, 375, 105.00, 0x0000000000000004
2026/10/02 16:07:44.264, 0, 146.74, 63, 100, 150.00, 795, 150.00, 0x0000000000000004
2026/10/02 16:07:44.465, 0, 151.00, 65, 100, 150.00, 795, 150.00, 0x0000000000000004
2026/10/02 16:07:44.665, 0, 151.52, 65, 100, 150.00, 780, 150.00, 0x0000000000000004
2026/10/02 16:07:44.866, 0, 137.47, 64, 68, 150.00, 675, 150.00, 0x0000000000000004
2026/10/02 16:07:45.066, 0, 140.95, 65, 100, 150.00, 795, 150.00, 0x0000000000000004
2026/10/02 16:07:45.267, 0, 143.79, 65, 100, 150.00, 795, 150.00, 0x0000000000000004
2026/10/02 16:07:45.467, 0, 134.00, 65, 64, 150.00, 1365, 150.00, 0x0000000000000004
2026/10/02 16:07:45.668, 0, 136.21, 65, 74, 150.00, 1125, 150.00, 0x0000000000000004
2026/10/02 16:07:45.868, 0, 143.73, 64, 19, 150.00, 1290, 150.00, 0x0000000000000004
2026/10/02 16:07:46.069, 0, 128.07, 64, 0, 150.00, 1680, 150.00, 0x0000000000000004
2026/10/02 16:07:46.269, 0, 129.52, 65, 28, 150.00, 1590, 150.00, 0x0000000000000004
2026/10/02 16:07:46.470, 0, 116.13, 64, 60, 150.00, 990, 150.00, 0x0000000000000004
2026/10/02 16:07:46.670, 0, 115.74, 63, 71, 150.00, 675, 150.00, 0x0000000000000004
2026/10/02 16:07:46.871, 0, 107.51, 64, 0, 150.00, 1665, 150.00, 0x0000000000000004
2026/10/02 16:07:47.071, 0, 94.71, 63, 0, 150.00, 1680, 150.00, 0x0000000000000004
2026/10/02 16:07:47.272, 0, 79.54, 63, 0, 150.00, 1695, 150.00, 0x0000000000000000
2026/10/02 16:07:47.472, 0, 89.56, 63, 15, 150.00, 1545, 150.00, 0x0000000000000000
2026/10/02 16:07:47.673, 0, 87.39, 63, 0, 150.00, 1680, 150.00, 0x0000000000000004
2026/10/02 16:07:47.873, 0, 85.76, 63, 57, 150.00, 1425, 150.00, 0x0000000000000004
2026/10/02 16:07:48.074, 0, 85.76, 63, 0, 150.00, 1680, 150.00, 0x0000000000000004
2026/10/02 16:07:48.274, 0, 94.61, 64, 53, 150.00, 1440, 150.00, 0x0000000000000004
2026/10/02 16:07:48.475, 0, 112.10, 64, 100, 150.00, 810, 150.00, 0x0000000000000004
2026/10/02 16:07:48.675, 0, 120.24, 65, 100, 150.00, 795, 150.00, 0x0000000000000004
2026/10/02 16:07:48.876, 0, 116.17, 65, 100, 150.00, 795, 150.00, 0x0000000000000004
2026/10/02 16:07:49.077, 0, 139.03, 65, 100, 150.00, 795, 150.00, 0x0000000000000004
2026/10/02 16:07:49.277, 0, 147.71, 65, 100, 150.00, 825, 150.00, 0x0000000000000004
2026/10/02 16:07:49.478, 0, 142.80, 65, 100, 150.00, 795, 150.00, 0x0000000000000004
2026/10/02 16:07:49.678, 0, 141.85, 66, 100, 150.00, 735, 150.00, 0x0000000000000004
2026/10/02 16:07:49.879, 0, 149.72, 66, 100, 150.00, 780, 150.00, 0x0000000000000004
2026/10/02 16:07:50.079, 0, 150.30, 66, 100, 150.00, 765, 150.00, 0x0000000000000004
2026/10/02 16:07:50.280, 0, 148.89, 66, 100, 150.00, 750, 150.00, 0x0000000000000004
2026/10/02 16:07:50.480, 0, 149.70, 66, 100, 150.00, 780, 150.00, 0x0000000000000004
2026/10/02 16:07:50.681, 0, 150.03, 66, 100, 150.00, 750, 150.00, 0x0000000000000004
2026/10/02 16:07:50.882, 0, 150.25, 66, 100, 150.00, 780, 150.00, 0x0000000000000004
2026/10/02 16:07:51.082, 0, 149.71, 66, 100, 150.00, 735, 150.00, 0x0000000000000004
2026/10/02 16:07:51.283, 0, 149.76, 66, 100, 150.00, 750, 150.00, 0x0000000000000004
2026/10/02 16:07:51.483, 0, 149.79, 66, 100, 150.00, 750, 150.00, 0x0000000000000004
2026/10/02 16:07:51.684, 0, 149.82, 66, 100, 150.00, 765, 150.00, 0x0000000000000004
2026/10/02 16:07:51.884, 0, 149.95, 66, 100, 150.00, 780, 150.00, 0x0000000000000004
2026/10/02 16:07:52.085, 0, 140.94, 66, 69, 150.00, 1320, 150.00, 0x0000000000000004
2026/10/02 16:07:52.286, 0, 125.53, 65, 0, 150.00, 1680, 150.00, 0x0000000000000004
2026/10/02 16:07:52.486, 0, 113.73, 65, 61, 150.00, 1665, 150.00, 0x0000000000000004
2026/10/02 16:07:52.687, 0, 113.62, 66, 100, 150.00, 780, 150.00, 0x0000000000000004
2026/10/02 16:07:52.888, 0, 113.99, 66, 100, 150.00, 795, 150.00, 0x0000000000000004
2026/10/02 16:07:53.088, 0, 122.82, 66, 69, 150.00, 780, 150.00, 0x0000000000000004
2026/10/02 16:07:53.289, 0, 146.87, 67, 57, 150.00, 795, 150.00, 0x0000000000000004
2026/10/02 16:07:53.489, 0, 155.75, 66, 100, 150.00, 795, 150.00, 0x0000000000000004
2026/10/02 16:07:53.690, 0, 158.20, 66, 48, 150.00, 705, 150.00, 0x0000000000000004
2026/10/02 16:07:53.891, 0, 142.35, 65, 17, 150.00, 1665, 150.00, 0x0000000000000000
2026/10/02 16:07:54.091, 0, 148.53, 65, 13, 150.00, 795, 150.00, 0x0000000000000004
2026/10/02 16:07:54.292, 0, 145.58, 66, 100, 150.00, 795, 150.00, 0x0000000000000004
2026/10/02 16:07:54.493, 0, 134.92, 66, 93, 150.00, 1365, 150.00, 0x0000000000000004
2026/10/02 16:07:54.693, 0, 123.28, 66, 88, 150.00, 1395, 150.00, 0x0000000000000004
2026/10/02 16:07:54.894, 0, 127.50, 65, 0, 150.00, 630, 150.00, 0x0000000000000004
2026/10/02 16:07:55.094, 0, 110.20, 65, 6, 150.00, 1170, 150.00, 0x0000000000000004
2026/10/02 16:07:55.295, 0, 95.32, 64, 0, 150.00, 1680, 150.00, 0x0000000000000004
2026/10/02 16:07:55.495, 0, 95.95, 64, 0, 150.00, 675, 150.00, 0x0000000000000004
2026/10/02 16:07:55.696, 0, 99.85, 66, 100, 150.00, 975, 150.00, 0x0000000000000004
2026/10/02 16:07:55.897, 0, 108.02, 64, 0, 150.00, 1680, 150.00, 0x0000000000000004
2026/10/02 16:07:56.097, 0, 114.79, 66, 100, 150.00, 780, 150.00, 0x0000000000000004
2026/10/02 16:07:56.298, 0, 144.26, 66, 37, 150.00, 855, 150.00, 0x0000000000000004
2026/10/02 16:07:56.498, 0, 135.94, 65, 43, 133.00, 1500, 133.00, 0x0000000000000000
2026/10/02 16:07:56.699, 0, 122.41, 64, 0, 133.00, 600, 133.00, 0x0000000000000004
2026/10/02 16:07:56.899, 0, 131.86, 65, 100, 133.00, 645, 133.00, 0x0000000000000004
2026/10/02 16:07:57.100, 0, 133.47, 66, 100, 133.00, 630, 133.00, 0x0000000000000004
2026/10/02 16:07:57.300, 0, 149.67, 66, 40, 133.00, 1470, 133.00, 0x0000000000000004
2026/10/02 16:07:57.501, 0, 146.17, 65, 62, 133.00, 765, 133.00, 0x0000000000000000
2026/10/02 16:07:57.702, 0, 149.31, 66, 85, 133.00, 1110, 133.00, 0x0000000000000004
2026/10/02 16:07:57.902, 0, 145.95, 65, 61, 133.00, 465, 133.00, 0x0000000000000004
2026/10/02 16:07:58.103, 0, 145.10, 66, 94, 133.00, 630, 133.00, 0x0000000000000004
2026/10/02 16:07:58.303, 0, 138.16, 66, 100, 133.00, 630, 133.00, 0x0000000000000004
2026/10/02 16:07:58.504, 0, 142.56, 66, 100, 133.00, 645, 133.00, 0x0000000000000004
2026/10/02 16:07:58.705, 0, 144.23, 66, 100, 150.00, 540, 150.00, 0x0000000000000004
2026/10/02 16:07:58.905, 0, 150.12, 66, 100, 150.00, 765, 150.00, 0x0000000000000004
2026/10/02 16:07:59.106, 0, 150.62, 66, 100, 150.00, 825, 150.00, 0x0000000000000004
2026/10/02 16:07:59.306, 0, 134.46, 65, 54, 150.00, 645, 150.00, 0x0000000000000004
2026/10/02 16:07:59.507, 0, 139.50, 67, 100, 150.00, 795, 150.00, 0x0000000000000004
2026/10/02 16:07:59.707, 0, 133.25, 67, 100, 150.00, 1605, 150.00, 0x0000000000000004
2026/10/02 16:07:59.908, 0, 120.34, 65, 0, 150.00, 1680, 150.00, 0x0000000000000004
2026/10/02 16:08:00.109, 0, 104.81, 65, 64, 150.00, 1665, 150.00, 0x0000000000000004
2026/10/02 16:08:00.309, 0, 111.90, 66, 25, 150.00, 1530, 150.00, 0x0000000000000004
2026/10/02 16:08:00.510, 0, 99.55, 66, 60, 150.00, 1635, 150.00, 0x0000000000000004
2026/10/02 16:08:00.710, 0, 89.28, 64, 0, 150.00, 1680, 150.00, 0x0000000000000004
2026/10/02 16:08:00.911, 0, 112.82, 65, 50, 150.00, 795, 150.00, 0x0000000000000004
2026/10/02 16:08:01.112, 0, 124.71, 65, 79, 150.00, 1110, 150.00, 0x0000000000000004
2026/10/02 16:08:01.312, 0, 116.16, 65, 39, 150.00, 705, 150.00, 0x0000000000000004
2026/10/02 16:08:01.513, 0, 124.71, 66, 100, 150.00, 795, 150.00, 0x0000000000000004
2026/10/02 16:08:01.714, 0, 129.48, 65, 30, 150.00, 1665, 150.00, 0x0000000000000000
2026/10/02 16:08:01.914, 0, 116.77, 64, 0, 150.00, 645, 150.00, 0x0000000000000004
2026/10/02 16:08:02.115, 0, 129.77, 65, 86, 150.00, 990, 150.00, 0x0000000000000004
2026/10/02 16:08:02.315, 0, 131.45, 66, 100, 150.00, 750, 150.00, 0x0000000000000004
2026/10/02 16:08:02.516, 0, 112.65, 65, 3, 150.00, 1665, 150.00, 0x0000000000000000
2026/10/02 16:08:02.717, 0, 130.03, 64, 0, 150.00, 705, 150.00, 0x0000000000000004
2026/10/02 16:08:02.918, 0, 123.77, 64, 20, 150.00, 1665, 150.00, 0x0000000000000000
2026/10/02 16:08:03.118, 0, 128.03, 66, 84, 150.00, 780, 150.00, 0x0000000000000004
2026/10/02 16:08:03.319, 0, 120.00, 66, 100, 150.00, 795, 150.00, 0x0000000000000004
2026/10/02 16:08:03.519, 0, 125.09, 66, 100, 150.00, 1245, 150.00, 0x0000000000000004
2026/10/02 16:08:03.720, 0, 126.59, 65, 0, 150.00, 750, 150.00, 0x0000000000000004
2026/10/02 16:08:03.921, 0, 111.25, 65, 57, 150.00, 1665, 150.00, 0x0000000000000004
2026/10/02 16:08:04.121, 0, 102.58, 66, 64, 150.00, 1665, 150.00, 0x0000000000000004
2026/10/02 16:08:04.322, 0, 105.63, 66, 15, 150.00, 810, 150.00, 0x0000000000000004
2026/10/02 16:08:04.522, 0, 109.99, 66, 100, 150.00, 795, 150.00, 0x0000000000000004
2026/10/02 16:08:04.723, 0, 123.17, 66, 77, 150.00, 630, 150.00, 0x0000000000000004
2026/10/02 16:08:04.924, 0, 133.86, 66, 30, 105.00, 210, 105.00, 0x0000000000000004
2026/10/02 16:08:05.124, 0, 104.85, 65, 100, 105.00, 360, 105.00, 0x0000000000000004
2026/10/02 16:08:05.325, 0, 93.71, 65, 81, 105.00, 375, 105.00, 0x0000000000000004
2026/10/02 16:08:05.526, 0, 79.69, 64, 64, 105.00, 675, 105.00, 0x0000000000000000
2026/10/02 16:08:05.726, 0, 89.41, 64, 39, 105.00, 360, 105.00, 0x0000000000000004
2026/10/02 16:08:05.927, 0, 92.29, 65, 100, 105.00, 375, 105.00, 0x0000000000000004
2026/10/02 16:08:06.128, 0, 93.20, 65, 100, 105.00, 360, 105.00, 0x0000000000000004
2026/10/02 16:08:06.328, 0, 96.78, 65, 100, 105.00, 360, 105.00, 0x0000000000000004
2026/10/02 16:08:06.529, 0, 101.68, 65, 100, 105.00, 375, 105.00, 0x0000000000000004
2026/10/02 16:08:06.730, 0, 104.13, 65, 100, 105.00, 360, 105.00, 0x0000000000000004
2026/10/02 16:08:06.930, 0, 104.25, 65, 100, 105.00, 360, 105.00, 0x0000000000000004
2026/10/02 16:08:07.136, 0, 152.59, 65, 100, 150.00, 795, 150.00, 0x0000000000000004
2026/10/02 16:08:07.337, 0, 151.87, 66, 100, 150.00, 765, 150.00, 0x0000000000000004
2026/10/02 16:08:07.537, 0, 150.79, 66, 100, 150.00, 750, 150.00, 0x0000000000000004
2026/10/02 16:08:07.738, 0, 150.34, 66, 100, 150.00, 765, 150.00, 0x0000000000000004
2026/10/02 16:08:07.938, 0, 149.38, 67, 100, 150.00, 705, 150.00, 0x0000000000000004
2026/10/02 16:08:08.139, 0, 149.53, 67, 100, 150.00, 780, 150.00, 0x0000000000000004
2026/10/02 16:08:08.340, 0, 149.50, 67, 100, 150.00, 765, 150.00, 0x0000000000000004
2026/10/02 16:08:08.540, 0, 149.48, 67, 100, 150.00, 750, 150.00, 0x0000000000000004
2026/10/02 16:08:08.741, 0, 149.62, 67, 100, 150.00, 750, 150.00, 0x0000000000000004
2026/10/02 16:08:08.941, 0, 141.24, 67, 100, 150.00, 1560, 150.00, 0x0000000000000004
2026/10/02 16:08:09.142, 0, 139.23, 65, 0, 150.00, 1470, 150.00, 0x0000000000000004
2026/10/02 16:08:09.342, 0, 121.34, 65, 48, 150.00, 990, 150.00, 0x0000000000000004
2026/10/02 16:08:09.543, 0, 115.91, 65, 0, 150.00, 705, 150.00, 0x0000000000000004
2026/10/02 16:08:09.743, 0, 113.76, 67, 100, 150.00, 795, 150.00, 0x0000000000000004
2026/10/02 16:08:09.944, 0, 117.88, 67, 100, 150.00, 795, 150.00, 0x0000000000000004
2026/10/02 16:08:10.145, 0, 134.04, 67, 100, 150.00, 795, 150.00, 0x0000000000000004
2026/10/02 16:08:10.345, 0, 134.84, 67, 100, 150.00, 540, 150.00, 0x0000000000000004
2026/10/02 16:08:10.546, 0, 148.45, 67, 100, 150.00, 765, 150.00, 0x0000000000000004
2026/10/02 16:08:10.746, 0, 149.02, 67, 100, 150.00, 780, 150.00, 0x0000000000000004
2026/10/02 16:08:10.947, 0, 148.90, 67, 100, 150.00, 780, 150.00, 0x0000000000000004
2026/10/02 16:08:11.147, 0, 148.80, 68, 100, 150.00, 780, 150.00, 0x0000000000000004
2026/10/02 16:08:11.348, 0, 139.00, 67, 100, 150.00, 1275, 150.00, 0x0000000000000004
2026/10/02 16:08:11.549, 0, 133.03, 66, 0, 150.00, 1680, 150.00, 0x0000000000000004
2026/10/02 16:08:11.749, 0, 113.33, 66, 61, 150.00, 1680, 150.00, 0x0000000000000004
2026/10/02 16:08:11.950, 0, 108.09, 66, 0, 150.00, 1110, 150.00, 0x0000000000000004
2026/10/02 16:08:12.150, 0, 106.80, 66, 1, 150.00, 690, 150.00, 0x0000000000000004
2026/10/02 16:08:12.351, 0, 107.71, 67, 100, 150.00, 795, 150.00, 0x0000000000000004
2026/10/02 16:08:12.552, 0, 119.43, 67, 100, 150.00, 885, 150.00, 0x0000000000000004
2026/10/02 16:08:12.752, 0, 121.80, 66, 100, 150.00, 1605, 150.00, 0x0000000000000004
2026/10/02 16:08:12.953, 0, 135.89, 66, 33, 150.00, 1635, 150.00, 0x0000000000000004
2026/10/02 16:08:13.153, 0, 130.12, 65, 0, 150.00, 1680, 150.00, 0x0000000000000004
2026/10/02 16:08:13.354, 0, 108.99, 65, 0, 150.00, 1695, 150.00, 0x0000000000000000
2026/10/02 16:08:13.554, 0, 94.06, 65, 0, 150.00, 1695, 150.00, 0x0000000000000000
2026/10/02 16:08:13.755, 0, 92.92, 66, 1, 150.00, 780, 150.00, 0x0000000000000004
2026/10/02 16:08:13.956, 0, 77.99, 65, 49, 150.00, 1680, 150.00, 0x0000000000000004
2026/10/02 16:08:14.156, 0, 81.26, 65, 1, 150.00, 1530, 150.00, 0x0000000000000004
2026/10/02 16:08:14.357, 0, 102.28, 67, 50, 150.00, 795, 150.00, 0x0000000000000004
2026/10/02 16:08:14.557, 0, 109.83, 67, 78, 150.00, 735, 150.00, 0x0000000000000004
2026/10/02 16:08:14.758, 0, 105.45, 65, 86, 150.00, 1680, 150.00, 0x0000000000000004
2026/10/02 16:08:14.958, 0, 105.94, 66, 0, 150.00, 735, 150.00, 0x0000000000000004
2026/10/02 16:08:15.159, 0, 114.04, 66, 100, 150.00, 1515, 150.00, 0x0000000000000004
2026/10/02 16:08:15.359, 0, 113.75, 67, 70, 150.00, 780, 150.00, 0x0000000000000004
2026/10/02 16:08:15.560, 0, 121.60, 67, 100, 150.00, 795, 150.00, 0x0000000000000004
2026/10/02 16:08:15.760, 0, 128.03, 67, 100, 150.00, 675, 150.00, 0x0000000000000004
2026/10/02 16:08:15.961, 0, 143.44, 67, 100, 150.00, 780, 150.00, 0x0000000000000004
2026/10/02 16:08:16.161, 0, 141.04, 67, 100, 150.00, 720, 150.00, 0x0000000000000004
2026/10/02 16:08:16.362, 0, 150.13, 68, 100, 150.00, 780, 150.00, 0x0000000000000004
2026/10/02 16:08:16.563, 0, 149.96, 68, 100, 150.00, 780, 150.00, 0x0000000000000004
2026/10/02 16:08:16.763, 0, 149.47, 68, 100, 150.00, 765, 150.00, 0x0000000000000004
2026/10/02 16:08:16.964, 0, 148.51, 68, 100, 150.00, 675, 150.00, 0x0000000000000004
2026/10/02 16:08:17.164, 0, 150.16, 68, 100, 150.00, 735, 150.00, 0x0000000000000004
2026/10/02 16:08:17.365, 0, 150.30, 68, 100, 150.00, 765, 150.00, 0x0000000000000004
2026/10/02 16:08:17.565, 0, 150.25, 68, 100, 150.00, 765, 150.00, 0x0000000000000004
2026/10/02 16:08:17.766, 0, 150.09, 68, 100, 150.00, 765, 150.00, 0x0000000000000004
2026/10/02 16:08:17.967, 0, 149.28, 68, 100, 150.00, 705, 150.00, 0x0000000000000004
2026/10/02 16:08:18.167, 0, 149.98, 68, 100, 150.00, 735, 150.00, 0x0000000000000004
2026/10/02 16:08:18.368, 0, 150.13, 68, 100, 150.00, 765, 150.00, 0x0000000000000004
2026/10/02 16:08:18.568, 0, 150.06, 68, 100, 150.00, 765, 150.00, 0x0000000000000004
2026/10/02 16:08:18.769, 0, 149.75, 68, 100, 150.00, 735, 150.00, 0x0000000000000004
2026/10/02 16:08:18.969, 0, 149.87, 68, 100, 150.00, 720, 150.00, 0x0000000000000004
2026/10/02 16:08:19.170, 0, 150.08, 68, 100, 150.00, 735, 150.00, 0x0000000000000004
2026/10/02 16:08:19.371, 0, 150.46, 68, 100, 150.00, 765, 150.00, 0x0000000000000004
2026/10/02 16:08:19.571, 0, 150.13, 68, 100, 150.00, 750, 150.00, 0x0000000000000004
2026/10/02 16:08:19.772, 0, 150.04, 68, 100, 150.00, 735, 150.00, 0x0000000000000004
2026/10/02 16:08:19.972, 0, 150.01, 68, 100, 150.00, 735, 150.00, 0x0000000000000004
2026/10/02 16:08:20.173, 0, 150.25, 69, 100, 150.00, 735, 150.00, 0x0000000000000004
2026/10/02 16:08:20.373, 0, 150.08, 69, 100, 150.00, 765, 150.00, 0x0000000000000004
2026/10/02 16:08:20.574, 0, 150.05, 69, 100, 150.00, 750, 150.00, 0x0000000000000004
2026/10/02 16:08:20.775, 0, 149.82, 69, 100, 150.00, 735, 150.00, 0x0000000000000004
2026/10/02 16:08:20.975, 0, 149.67, 69, 100, 150.00, 735, 150.00, 0x0000000000000004
2026/10/02 16:08:21.176, 0, 149.52, 69, 100, 150.00, 750, 150.00, 0x0000000000000004
2026/10/02 16:08:21.376, 0, 149.57, 69, 100, 150.00, 750, 150.00, 0x0000000000000004
2026/10/02 16:08:21.577, 0, 149.48, 69, 100, 150.00, 750, 150.00, 0x0000000000000004
2026/10/02 16:08:21.777, 0, 149.31, 69, 100, 150.00, 735, 150.00, 0x0000000000000004
2026/10/02 16:08:21.978, 0, 149.26, 69, 100, 150.00, 735, 150.00, 0x0000000000000004
2026/10/02 16:08:22.179, 0, 149.48, 69, 100, 150.00, 735, 150.00, 0x0000000000000004
2026/10/02 16:08:22.379, 0, 149.85, 69, 100, 150.00, 750, 150.00, 0x0000000000000004
2026/10/02 16:08:22.580, 0, 146.85, 68, 74, 150.00, 1620, 150.00, 0x0000000000000004
2026/10/02 16:08:22.780, 0, 132.98, 67, 0, 150.00, 1680, 150.00, 0x0000000000000004
2026/10/02 16:08:22.981, 0, 122.93, 67, 3, 150.00, 1545, 150.00, 0x0000000000000004
2026/10/02 16:08:23.181, 0, 120.93, 69, 70, 150.00, 765, 150.00, 0x0000000000000004
2026/10/02 16:08:23.382, 0, 111.98, 68, 100, 150.00, 1605, 150.00, 0x0000000000000004
2026/10/02 16:08:23.583, 0, 100.13, 68, 65, 150.00, 885, 150.00, 0x0000000000000004
2026/10/02 16:08:23.783, 0, 115.88, 69, 96, 150.00, 765, 150.00, 0x0000000000000004
2026/10/02 16:08:23.984, 0, 125.39, 69, 100, 150.00, 780, 150.00, 0x0000000000000004
2026/10/02 16:08:24.184, 0, 133.06, 69, 100, 150.00, 780, 150.00, 0x0000000000000004
2026/10/02 16:08:24.385, 0, 130.01, 69, 100, 150.00, 630, 150.00, 0x0000000000000004
2026/10/02 16:08:24.585, 0, 145.41, 69, 100, 150.00, 765, 150.00, 0x0000000000000004
2026/10/02 16:08:24.786, 0, 148.28, 69, 100, 150.00, 780, 150.00, 0x0000000000000004
2026/10/02 16:08:24.987, 0, 141.77, 69, 88, 150.00, 780, 150.00, 0x0000000000000004
2026/10/02 16:08:25.187, 0, 143.00, 69, 100, 150.00, 735, 150.00, 0x0000000000000004
2026/10/02 16:08:25.388, 0, 143.80, 69, 100, 150.00, 930, 150.00, 0x0000000000000004
2026/10/02 16:08:25.588, 0, 145.72, 69, 10, 150.00, 600, 150.00, 0x0000000000000004
2026/10/02 16:08:25.789, 0, 145.96, 69, 100, 150.00, 750, 150.00, 0x0000000000000004
2026/10/02 16:08:25.990, 0, 139.74, 68, 94, 150.00, 1680, 150.00, 0x0000000000000004
2026/10/02 16:08:26.190, 0, 138.42, 69, 66, 150.00, 660, 150.00, 0x0000000000000004
2026/10/02 16:08:26.391, 0, 138.49, 69, 100, 150.00, 780, 150.00, 0x0000000000000004
2026/10/02 16:08:26.591, 0, 147.67, 69, 100, 150.00, 780, 150.00, 0x0000000000000004
2026/10/02 16:08:26.792, 0, 140.92, 70, 100, 150.00, 780, 150.00, 0x0000000000000004
2026/10/02 16:08:26.992, 0, 141.03, 69, 100, 150.00, 435, 150.00, 0x0000000000000004
2026/10/02 16:08:27.193, 0, 144.90, 68, 100, 150.00, 1500, 150.00, 0x0000000000000004
2026/10/02 16:08:27.394, 0, 128.61, 68, 62, 150.00, 1680, 150.00, 0x0000000000000004
2026/10/02 16:08:27.594, 0, 133.10, 69, 37, 105.00, 615, 105.00, 0x0000000000000000
2026/10/02 16:08:27.795, 0, 104.43, 68, 100, 105.00, 360, 105.00, 0x0000000000000004
2026/10/02 16:08:27.996, 0, 105.10, 68, 100, 105.00, 345, 105.00, 0x0000000000000004
2026/10/02 16:08:28.196, 0, 104.95, 68, 100, 105.00, 345, 105.00, 0x0000000000000004
2026/10/02 16:08:28.397, 0, 104.27, 68, 100, 105.00, 345, 105.00, 0x0000000000000004
2026/10/02 16:08:28.598, 0, 104.23, 68, 100, 105.00, 345, 105.00, 0x0000000000000004
2026/10/02 16:08:28.798, 0, 104.50, 68, 100, 105.00, 345, 105.00, 0x0000000000000004
2026/10/02 16:08:28.999, 0, 104.32, 67, 100, 105.00, 360, 105.00, 0x0000000000000004
2026/10/02 16:08:29.200, 0, 104.23, 67, 100, 105.00, 345, 105.00, 0x0000000000000004
2026/10/02 16:08:29.400, 0, 104.48, 67, 100, 105.00, 360, 105.00, 0x0000000000000004
2026/10/02 16:08:29.601, 0, 104.53, 67, 100, 150.00, 360, 150.00, 0x0000000000000004
2026/10/02 16:08:29.807, 0, 151.46, 68, 100, 150.00, 780, 150.00, 0x0000000000000004
2026/10/02 16:08:30.008, 0, 151.17, 69, 100, 150.00, 750, 150.00, 0x0000000000000004
2026/10/02 16:08:30.208, 0, 150.51, 69, 100, 150.00, 735, 150.00, 0x0000000000000004
2026/10/02 16:08:30.409, 0, 150.17, 69, 100, 150.00, 735, 150.00, 0x0000000000000004
2026/10/02 16:08:30.610, 0, 149.76, 69, 100, 150.00, 750, 150.00, 0x0000000000000004
2026/10/02 16:08:30.810, 0, 150.10, 69, 100, 150.00, 765, 150.00, 0x0000000000000004
2026/10/02 16:08:31.011, 0, 149.90, 69, 100, 150.00, 750, 150.00, 0x0000000000000004
2026/10/02 16:08:31.212, 0, 149.76, 70, 100, 150.00, 735, 150.00, 0x0000000000000004
2026/10/02 16:08:31.412, 0, 149.78, 70, 100, 150.00, 720, 150.00, 0x0000000000000004
2026/10/02 16:08:31.613, 0, 149.76, 70, 100, 150.00, 750, 150.00, 0x0000000000000004
2026/10/02 16:08:31.813, 0, 149.86, 70, 100, 150.00, 750, 150.00, 0x0000000000000004
2026/10/02 16:08:32.014, 0, 149.79, 70, 100, 150.00, 750, 150.00, 0x0000000000000004
2026/10/02 16:08:32.215, 0, 149.63, 70, 100, 150.00, 735, 150.00, 0x0000000000000004
2026/10/02 16:08:32.415, 0, 149.69, 70, 100, 150.00, 720, 150.00, 0x0000000000000004
2026/10/02 16:08:32.616, 0, 149.89, 70, 100, 150.00, 735, 150.00, 0x0000000000000004
2026/10/02 16:08:32.816, 0, 150.00, 70, 100, 150.00, 750, 150.00, 0x0000000000000004
2026/10/02 16:08:33.017, 0, 149.83, 70, 100, 150.00, 735, 150.00, 0x0000000000000004
2026/10/02 16:08:33.218, 0, 149.84, 70, 100, 150.00, 735, 150.00, 0x0000000000000004
2026/10/02 16:08:33.418, 0, 149.80, 70, 100, 150.00, 735, 150.00, 0x0000000000000004
2026/10/02 16:08:33.619, 0, 149.74, 70, 100, 150.00, 735, 150.00, 0x0000000000000004
2026/10/02 16:08:33.820, 0, 149.68, 70, 100, 150.00, 750, 150.00, 0x0000000000000004
2026/10/02 16:08:34.020, 0, 149.80, 70, 100, 150.00, 735, 150.00, 0x0000000000000004
2026/10/02 16:08:34.221, 0, 149.73, 70, 100, 150.00, 735, 150.00, 0x0000000000000004
2026/10/02 16:08:34.421, 0, 149.63, 70, 100, 150.00, 735, 150.00, 0x0000000000000004
2026/10/02 16:08:34.622, 0, 149.79, 70, 100, 150.00, 735, 150.00, 0x0000000000000004
2026/10/02 16:08:34.823, 0, 149.70, 70, 100, 150.00, 750, 150.00, 0x0000000000000004
2026/10/02 16:08:35.023, 0, 149.71, 70, 100, 150.00, 735, 150.00, 0x0000000000000004
2026/10/02 16:08:35.224, 0, 149.60, 70, 100, 150.00, 735, 150.00, 0x0000000000000004
2026/10/02 16:08:35.424, 0, 149.69, 70, 100, 150.00, 735, 150.00, 0x0000000000000004
2026/10/02 16:08:35.625, 0, 149.55, 70, 100, 150.00, 735, 150.00, 0x0000000000000004
2026/10/02 16:08:35.826, 0, 149.63, 70, 100, 150.00, 735, 150.00, 0x0000000000000004
2026/10/02 16:08:36.026, 0, 141.83, 69, 33, 150.00, 1605, 150.00, 0x0000000000000004
2026/10/02 16:08:36.227, 0, 127.97, 68, 0, 150.00, 1680, 150.00, 0x0000000000000004
2026/10/02 16:08:36.428, 0, 123.32, 69, 55, 150.00, 630, 150.00, 0x0000000000000004
2026/10/02 16:08:36.628, 0, 115.25, 70, 85, 150.00, 765, 150.00, 0x0000000000000004
2026/10/02 16:08:36.829, 0, 115.86, 70, 100, 150.00, 780, 150.00, 0x0000000000000004
2026/10/02 16:08:37.030, 0, 116.44, 70, 100, 150.00, 765, 150.00, 0x0000000000000004
2026/10/02 16:08:37.230, 0, 131.91, 71, 100, 150.00, 765, 150.00, 0x0000000000000004
2026/10/02 16:08:37.431, 0, 143.17, 70, 100, 150.00, 675, 150.00, 0x0000000000000004
2026/10/02 16:08:37.631, 0, 148.46, 70, 100, 150.00, 750, 150.00, 0x0000000000000004
2026/10/02 16:08:37.832, 0, 149.12, 71, 100, 150.00, 765, 150.00, 0x0000000000000004
2026/10/02 16:08:38.033, 0, 149.16, 71, 100, 150.00, 765, 150.00, 0x0000000000000004
2026/10/02 16:08:38.233, 0, 149.32, 71, 100, 150.00, 720, 150.00, 0x0000000000000004
2026/10/02 16:08:38.434, 0, 147.15, 70, 100, 150.00, 690, 150.00, 0x0000000000000004
2026/10/02 16:08:38.634, 0, 150.12, 71, 100, 150.00, 735, 150.00, 0x0000000000000004
2026/10/02 16:08:38.835, 0, 150.54, 71, 100, 150.00, 765, 150.00, 0x0000000000000004
2026/10/02 16:08:39.035, 0, 150.47, 71, 100, 150.00, 765, 150.00, 0x0000000000000004
2026/10/02 16:08:39.236, 0, 149.76, 71, 100, 150.00, 690, 150.00, 0x0000000000000004
2026/10/02 16:08:39.437, 0, 149.51, 71, 100, 150.00, 705, 150.00, 0x0000000000000004
2026/10/02 16:08:39.637, 0, 150.08, 71, 100, 150.00, 735, 150.00, 0x0000000000000004
2026/10/02 16:08:39.838, 0, 150.14, 71, 100, 150.00, 750, 150.00, 0x0000000000000004
2026/10/02 16:08:40.038, 0, 149.84, 71, 100, 150.00, 765, 150.00, 0x0000000000000004
2026/10/02 16:08:40.239, 0, 149.35, 71, 100, 150.00, 720, 150.00, 0x0000000000000004
2026/10/02 16:08:40.440, 0, 149.52, 71, 100, 150.00, 705, 150.00, 0x0000000000000004
2026/10/02 16:08:40.640, 0, 149.90, 71, 100, 150.00, 735, 150.00, 0x0000000000000004
2026/10/02 16:08:40.841, 0, 141.21, 70, 9, 150.00, 1245, 150.00, 0x0000000000000004
2026/10/02 16:08:41.041, 0, 138.95, 71, 42, 150.00, 585, 150.00, 0x0000000000000004
2026/10/02 16:08:41.242, 0, 139.20, 71, 100, 150.00, 765, 150.00, 0x0000000000000004
2026/10/02 16:08:41.443, 0, 132.16, 71, 63, 150.00, 1470, 150.00, 0x0000000000000004
2026/10/02 16:08:41.643, 0, 132.59, 71, 100, 150.00, 765, 150.00, 0x0000000000000004
2026/10/02 16:08:41.844, 0, 132.66, 70, 25, 150.00, 1635, 150.00, 0x0000000000000004
2026/10/02 16:08:42.044, 0, 142.80, 71, 100, 150.00, 765, 150.00, 0x0000000000000004
2026/10/02 16:08:42.245, 0, 136.69, 71, 100, 150.00, 765, 150.00, 0x0000000000000004
2026/10/02 16:08:42.446, 0, 136.76, 71, 100, 150.00, 765, 150.00, 0x0000000000000004
2026/10/02 16:08:42.646, 0, 138.74, 70, 77, 150.00, 1350, 150.00, 0x0000000000000004
2026/10/02 16:08:42.847, 0, 124.04, 70, 62, 150.00, 1470, 150.00, 0x0000000000000004
2026/10/02 16:08:43.047, 0, 137.45, 71, 100, 150.00, 780, 150.00, 0x0000000000000004
2026/10/02 16:08:43.248, 0, 140.78, 71, 100, 150.00, 780, 150.00, 0x0000000000000004
2026/10/02 16:08:43.448, 0, 133.09, 70, 0, 150.00, 1665, 150.00, 0x0000000000000004
2026/10/02 16:08:43.649, 0, 125.35, 70, 10, 150.00, 1215, 150.00, 0x0000000000000004
2026/10/02 16:08:43.849, 0, 132.56, 70, 54, 150.00, 645, 150.00, 0x0000000000000004
2026/10/02 16:08:44.050, 0, 128.57, 70, 4, 150.00, 1410, 150.00, 0x0000000000000004
2026/10/02 16:08:44.251, 0, 117.22, 70, 64, 150.00, 765, 150.00, 0x0000000000000004
2026/10/02 16:08:44.452, 0, 102.56, 69, 0, 150.00, 1680, 150.00, 0x0000000000000004
2026/10/02 16:08:44.652, 0, 102.47, 70, 73, 150.00, 1365, 150.00, 0x0000000000000004
2026/10/02 16:08:44.853, 0, 105.74, 71, 100, 150.00, 765, 150.00, 0x0000000000000004
2026/10/02 16:08:45.053, 0, 86.25, 69, 62, 150.00, 1455, 150.00, 0x0000000000000004
2026/10/02 16:08:45.254, 0, 86.86, 69, 0, 150.00, 1680, 150.00, 0x0000000000000004
2026/10/02 16:08:45.454, 0, 93.04, 71, 100, 150.00, 765, 150.00, 0x0000000000000004
2026/10/02 16:08:45.655, 0, 107.48, 71, 100, 150.00, 780, 150.00, 0x0000000000000004
2026/10/02 16:08:45.855, 0, 120.75, 71, 100, 150.00, 765, 150.00, 0x0000000000000004
2026/10/02 16:08:46.056, 0, 120.89, 70, 45, 150.00, 1575, 150.00, 0x0000000000000004
2026/10/02 16:08:46.257, 0, 131.07, 70, 12, 150.00, 1095, 150.00, 0x0000000000000004
2026/10/02 16:08:46.457, 0, 124.00, 70, 67, 150.00, 1320, 150.00, 0x0000000000000004
2026/10/02 16:08:46.658, 0, 115.52, 70, 76, 150.00, 705, 150.00, 0x0000000000000004
2026/10/02 16:08:46.859, 0, 115.93, 71, 100, 150.00, 765, 150.00, 0x0000000000000004
2026/10/02 16:08:47.059, 0, 116.01, 71, 100, 150.00, 765, 150.00, 0x0000000000000004
2026/10/02 16:08:47.260, 0, 123.27, 69, 0, 150.00, 1665, 150.00, 0x0000000000000004
2026/10/02 16:08:47.460, 0, 115.75, 69, 0, 150.00, 1680, 150.00, 0x0000000000000004
2026/10/02 16:08:47.661, 0, 136.89, 70, 97, 150.00, 765, 150.00, 0x0000000000000004
2026/10/02 16:08:47.862, 0, 130.88, 70, 80, 150.00, 1320, 150.00, 0x0000000000000004
2026/10/02 16:08:48.062, 0, 128.45, 69, 35, 150.00, 1605, 150.00, 0x0000000000000004
2026/10/02 16:08:48.263, 0, 120.82, 70, 95, 150.00, 780, 150.00, 0x0000000000000004
2026/10/02 16:08:48.463, 0, 135.55, 71, 100, 150.00, 765, 150.00, 0x0000000000000004
2026/10/02 16:08:48.664, 0, 121.01, 69, 0, 150.00, 1680, 150.00, 0x0000000000000004
2026/10/02 16:08:48.865, 0, 106.57, 68, 0, 150.00, 1680, 150.00, 0x0000000000000004
2026/10/02 16:08:49.065, 0, 93.18, 69, 55, 150.00, 1500, 150.00, 0x0000000000000004
2026/10/02 16:08:49.266, 0, 108.00, 70, 41, 150.00, 555, 150.00, 0x0000000000000004
2026/10/02 16:08:49.466, 0, 105.50, 69, 33, 150.00, 1605, 150.00, 0x0000000000000004
2026/10/02 16:08:49.667, 0, 115.07, 70, 100, 150.00, 765, 150.00, 0x0000000000000004
2026/10/02 16:08:49.867, 0, 114.58, 69, 66, 150.00, 1455, 150.00, 0x0000000000000004
2026/10/02 16:08:50.068, 0, 112.54, 68, 0, 150.00, 1680, 150.00, 0x0000000000000004
2026/10/02 16:08:50.268, 0, 119.06, 69, 65, 150.00, 1455, 150.00, 0x0000000000000004
2026/10/02 16:08:50.469, 0, 105.50, 70, 38, 150.00, 735, 150.00, 0x0000000000000004
2026/10/02 16:08:50.670, 0, 103.59, 70, 100, 150.00, 780, 150.00, 0x0000000000000004
2026/10/02 16:08:50.870, 0, 108.12, 70, 39, 150.00, 600, 150.00, 0x0000000000000004
2026/10/02 16:08:51.070, 0, 123.33, 71, 100, 150.00, 765, 150.00, 0x0000000000000004
2026/10/02 16:08:51.271, 0, 131.70, 71, 100, 150.00, 765, 150.00, 0x0000000000000004
2026/10/02 16:08:51.472, 0, 133.88, 71, 100, 150.00, 765, 150.00, 0x0000000000000004
2026/10/02 16:08:51.672, 0, 149.06, 71, 100, 150.00, 480, 150.00, 0x0000000000000004
2026/10/02 16:08:51.873, 0, 157.33, 71, 100, 150.00, 735, 150.00, 0x0000000000000004
2026/10/02 16:08:52.073, 0, 151.14, 71, 100, 150.00, 750, 150.00, 0x0000000000000004
2026/10/02 16:08:52.274, 0, 150.91, 71, 100, 150.00, 765, 150.00, 0x0000000000000004
2026/10/02 16:08:52.475, 0, 143.26, 69, 3, 150.00, 1680, 150.00, 0x0000000000000004
2026/10/02 16:08:52.675, 0, 153.41, 71, 68, 150.00, 690, 150.00, 0x0000000000000004
2026/10/02 16:08:52.876, 0, 146.85, 69, 23, 150.00, 1665, 150.00, 0x0000000000000004
2026/10/02 16:08:53.076, 0, 138.31, 69, 0, 150.00, 1680, 150.00, 0x0000000000000004
2026/10/02 16:08:53.277, 0, 143.11, 70, 100, 150.00, 780, 150.00, 0x0000000000000004
2026/10/02 16:08:53.478, 0, 143.12, 71, 100, 150.00, 765, 150.00, 0x0000000000000004
2026/10/02 16:08:53.678, 0, 144.44, 71, 100, 150.00, 765, 150.00, 0x0000000000000004
2026/10/02 16:08:53.879, 0, 140.95, 71, 100, 150.00, 765, 150.00, 0x0000000000000004
2026/10/02 16:08:54.079, 0, 148.80, 71, 100, 150.00, 705, 150.00, 0x0000000000000004
2026/10/02 16:08:54.280, 0, 153.78, 71, 30, 150.00, 570, 150.00, 0x0000000000000004
2026/10/02 16:08:54.481, 0, 151.65, 71, 100, 150.00, 780, 150.00, 0x0000000000000004
2026/10/02 16:08:54.681, 0, 144.69, 71, 60, 150.00, 720, 150.00, 0x0000000000000004
2026/10/02 16:08:54.882, 0, 144.44, 71, 100, 150.00, 765, 150.00, 0x0000000000000004
2026/10/02 16:08:55.082, 0, 145.14, 71, 100, 150.00, 765, 150.00, 0x0000000000000004
2026/10/02 16:08:55.283, 0, 139.05, 69, 14, 150.00, 1665, 150.00, 0x0000000000000004
2026/10/02 16:08:55.484, 0, 144.34, 71, 100, 150.00, 765, 150.00, 0x0000000000000004
2026/10/02 16:08:55.684, 0, 153.09, 71, 100, 150.00, 765, 150.00, 0x0000000000000004
2026/10/02 16:08:55.885, 0, 151.88, 71, 91, 150.00, 735, 150.00, 0x0000000000000004
2026/10/02 16:08:56.085, 0, 152.01, 71, 100, 150.00, 765, 150.00, 0x0000000000000004
2026/10/02 16:08:56.286, 0, 150.30, 71, 100, 150.00, 705, 150.00, 0x0000000000000004
2026/10/02 16:08:56.486, 0, 150.76, 71, 97, 150.00, 780, 150.00, 0x0000000000000004
2026/10/02 16:08:56.687, 0, 142.93, 70, 65, 150.00, 1575, 150.00, 0x0000000000000004
2026/10/02 16:08:56.888, 0, 136.05, 71, 67, 150.00, 750, 150.00, 0x0000000000000004
2026/10/02 16:08:57.088, 0, 123.49, 70, 73, 150.00, 1515, 150.00, 0x0000000000000004
2026/10/02 16:08:57.289, 0, 119.20, 71, 53, 150.00, 705, 150.00, 0x0000000000000004
2026/10/02 16:08:57.489, 0, 120.47, 71, 100, 150.00, 765, 150.00, 0x0000000000000004
2026/10/02 16:08:57.690, 0, 121.04, 71, 100, 150.00, 765, 150.00, 0x0000000000000004
2026/10/02 16:08:57.891, 0, 136.52, 71, 100, 150.00, 765, 150.00, 0x0000000000000004
2026/10/02 16:08:58.091, 0, 139.22, 71, 100, 150.00, 570, 150.00, 0x0000000000000004
2026/10/02 16:08:58.292, 0, 153.03, 71, 100, 150.00, 735, 150.00, 0x0000000000000004
2026/10/02 16:08:58.492, 0, 150.61, 71, 100, 150.00, 750, 150.00, 0x0000000000000004
2026/10/02 16:08:58.693, 0, 150.67, 72, 100, 150.00, 750, 150.00, 0x0000000000000004
2026/10/02 16:08:58.894, 0, 146.58, 72, 84, 150.00, 735, 150.00, 0x0000000000000004
2026/10/02 16:08:59.094, 0, 145.41, 71, 100, 150.00, 690, 150.00, 0x0000000000000004
2026/10/02 16:08:59.294, 0, 132.35, 70, 0, 150.00, 1680, 150.00, 0x0000000000000004
2026/10/02 16:08:59.495, 0, 130.40, 70, 18, 150.00, 570, 150.00, 0x0000000000000004
2026/10/02 16:08:59.695, 0, 124.17, 70, 41, 150.00, 1635, 150.00, 0x0000000000000004
2026/10/02 16:08:59.896, 0, 111.07, 69, 0, 150.00, 1680, 150.00, 0x0000000000000004
2026/10/02 16:09:00.097, 0, 103.50, 69, 0, 150.00, 1680, 150.00, 0x0000000000000004
2026/10/02 16:09:00.297, 0, 100.41, 70, 73, 150.00, 735, 150.00, 0x0000000000000004
2026/10/02 16:09:00.498, 0, 114.51, 71, 100, 150.00, 765, 150.00, 0x0000000000000004
2026/10/02 16:09:00.698, 0, 107.71, 71, 99, 150.00, 1335, 150.00, 0x0000000000000004
2026/10/02 16:09:00.899, 0, 114.57, 71, 100, 150.00, 780, 150.00, 0x0000000000000004
2026/10/02 16:09:01.099, 0, 124.79, 71, 100, 150.00, 765, 150.00, 0x0000000000000004
2026/10/02 16:09:01.300, 0, 139.55, 71, 100, 150.00, 765, 150.00, 0x0000000000000004
2026/10/02 16:09:01.501, 0, 145.08, 72, 100, 150.00, 765, 150.00, 0x0000000000000004
2026/10/02 16:09:01.701, 0, 129.56, 69, 0, 150.00, 1680, 150.00, 0x0000000000000004
2026/10/02 16:09:01.902, 0, 136.45, 71, 100, 150.00, 780, 150.00, 0x0000000000000004
2026/10/02 16:09:02.102, 0, 137.53, 71, 100, 150.00, 765, 150.00, 0x0000000000000004
2026/10/02 16:09:02.303, 0, 137.51, 71, 100, 150.00, 765, 150.00, 0x0000000000000004
2026/10/02 16:09:02.504, 0, 137.61, 72, 100, 150.00, 765, 150.00, 0x0000000000000004
2026/10/02 16:09:02.704, 0, 143.43, 71, 100, 150.00, 735, 150.00, 0x0000000000000004
2026/10/02 16:09:02.905, 0, 141.89, 71, 27, 150.00, 780, 150.00, 0x0000000000000004
2026/10/02 16:09:03.106, 0, 141.90, 72, 100, 150.00, 750, 150.00, 0x0000000000000004
2026/10/02 16:09:03.307, 0, 145.27, 72, 77, 150.00, 750, 150.00, 0x0000000000000004
2026/10/02 16:09:03.507, 0, 145.17, 72, 100, 150.00, 765, 150.00, 0x0000000000000004
2026/10/02 16:09:03.708, 0, 143.92, 71, 68, 150.00, 930, 150.00, 0x0000000000000004
2026/10/02 16:09:03.909, 0, 153.01, 72, 74, 150.00, 765, 150.00, 0x0000000000000004
2026/10/02 16:09:04.109, 0, 153.99, 72, 100, 150.00, 765, 150.00, 0x0000000000000004
2026/10/02 16:09:04.310, 0, 148.08, 72, 51, 150.00, 630, 150.00, 0x0000000000000004
2026/10/02 16:09:04.510, 0, 138.94, 71, 30, 150.00, 780, 150.00, 0x0000000000000004
2026/10/02 16:09:04.711, 0, 147.83, 72, 100, 150.00, 735, 150.00, 0x0000000000000004
2026/10/02 16:09:04.912, 0, 143.06, 72, 100, 150.00, 765, 150.00, 0x0000000000000004
2026/10/02 16:09:05.112, 0, 143.06, 72, 100, 150.00, 585, 150.00, 0x0000000000000004
2026/10/02 16:09:05.313, 0, 148.96, 72, 100, 150.00, 765, 150.00, 0x0000000000000004
2026/10/02 16:09:05.514, 0, 150.67, 72, 100, 150.00, 690, 150.00, 0x0000000000000004
2026/10/02 16:09:05.714, 0, 151.60, 72, 100, 150.00, 750, 150.00, 0x0000000000000004
2026/10/02 16:09:05.915, 0, 140.27, 71, 87, 150.00, 1470, 150.00, 0x0000000000000004
2026/10/02 16:09:06.115, 0, 141.83, 72, 14, 150.00, 765, 150.00, 0x0000000000000004
2026/10/02 16:09:06.316, 0, 141.89, 72, 100, 150.00, 1230, 150.00, 0x0000000000000004
2026/10/02 16:09:06.517, 0, 148.74, 72, 25, 150.00, 765, 150.00, 0x0000000000000004
2026/10/02 16:09:06.717, 0, 148.86, 72, 100, 150.00, 750, 150.00, 0x0000000000000004
2026/10/02 16:09:06.918, 0, 152.64, 72, 100, 150.00, 765, 150.00, 0x0000000000000004
2026/10/02 16:09:07.118, 0, 156.30, 72, 100, 150.00, 750, 150.00, 0x0000000000000004
2026/10/02 16:09:07.319, 0, 155.33, 72, 100, 150.00, 720, 150.00, 0x0000000000000004
2026/10/02 16:09:07.520, 0, 150.34, 72, 100, 150.00, 750, 150.00, 0x0000000000000004
2026/10/02 16:09:07.720, 0, 150.77, 72, 100, 150.00, 735, 150.00, 0x0000000000000004
2026/10/02 16:09:07.921, 0, 150.38, 72, 100, 150.00, 750, 150.00, 0x0000000000000004
2026/10/02 16:09:08.122, 0, 142.84, 71, 100, 150.00, 1650, 150.00, 0x0000000000000004
2026/10/02 16:09:08.322, 0, 137.28, 70, 14, 150.00, 1605, 150.00, 0x0000000000000004
2026/10/02 16:09:08.523, 0, 135.29, 71, 0, 150.00, 975, 150.00, 0x0000000000000004
2026/10/02 16:09:08.723, 0, 129.81, 71, 14, 150.00, 705, 150.00, 0x0000000000000004
2026/10/02 16:09:08.924, 0, 130.17, 72, 100, 150.00, 765, 150.00, 0x0000000000000004
2026/10/02 16:09:09.124, 0, 130.23, 72, 100, 150.00, 765, 150.00, 0x0000000000000004
2026/10/02 16:09:09.325, 0, 135.45, 72, 100, 150.00, 750, 150.00, 0x0000000000000004
2026/10/02 16:09:09.526, 0, 149.05, 72, 100, 150.00, 540, 150.00, 0x0000000000000004
2026/10/02 16:09:09.726, 0, 152.68, 72, 100, 150.00, 735, 150.00, 0x0000000000000004
2026/10/02 16:09:09.927, 0, 150.22, 72, 100, 150.00, 750, 150.00, 0x0000000000000004
2026/10/02 16:09:10.127, 0, 150.39, 72, 100, 150.00, 765, 150.00, 0x0000000000000004
2026/10/02 16:09:10.328, 0, 150.19, 72, 100, 150.00, 750, 150.00, 0x0000000000000004
2026/10/02 16:09:10.529, 0, 148.53, 72, 100, 150.00, 675, 150.00, 0x0000000000000004
2026/10/02 16:09:10.729, 0, 143.01, 72, 74, 150.00, 765, 150.00, 0x0000000000000004
2026/10/02 16:09:10.930, 0, 143.38, 73, 100, 150.00, 750, 150.00, 0x0000000000000004
2026/10/02 16:09:11.130, 0, 143.47, 73, 100, 150.00, 750, 150.00, 0x0000000000000004
2026/10/02 16:09:11.331, 0, 143.31, 73, 100, 150.00, 690, 150.00, 0x0000000000000004
2026/10/02 16:09:11.532, 0, 141.27, 72, 100, 150.00, 720, 150.00, 0x0000000000000004
2026/10/02 16:09:11.732, 0, 148.86, 72, 100, 150.00, 735, 150.00, 0x0000000000000004
2026/10/02 16:09:11.933, 0, 141.54, 71, 100, 150.00, 1650, 150.00, 0x0000000000000004
2026/10/02 16:09:12.133, 0, 147.33, 72, 23, 150.00, 765, 150.00, 0x0000000000000004
2026/10/02 16:09:12.334, 0, 133.96, 72, 32, 150.00, 1425, 150.00, 0x0000000000000004
2026/10/02 16:09:12.534, 0, 127.71, 71, 65, 150.00, 1185, 150.00, 0x0000000000000004
2026/10/02 16:09:12.735, 0, 116.14, 71, 65, 105.00, 840, 105.00, 0x0000000000000004
2026/10/02 16:09:12.935, 0, 106.98, 70, 0, 105.00, 330, 105.00, 0x0000000000000004
2026/10/02 16:09:13.136, 0, 105.02, 70, 100, 105.00, 345, 105.00, 0x0000000000000004
2026/10/02 16:09:13.337, 0, 104.95, 70, 100, 105.00, 345, 105.00, 0x0000000000000004
2026/10/02 16:09:13.537, 0, 104.95, 70, 100, 105.00, 345, 105.00, 0x0000000000000004
2026/10/02 16:09:13.738, 0, 105.00, 70, 100, 105.00, 300, 105.00, 0x0000000000000004
2026/10/02 16:09:13.939, 0, 104.98, 70, 100, 105.00, 330, 105.00, 0x0000000000000004
2026/10/02 16:09:14.139, 0, 104.80, 70, 100, 105.00, 330, 105.00, 0x0000000000000004
2026/10/02 16:09:14.340, 0, 104.93, 70, 100, 105.00, 330, 105.00, 0x0000000000000004
2026/10/02 16:09:14.541, 0, 104.96, 70, 100, 105.00, 330, 105.00, 0x0000000000000004
2026/10/02 16:09:14.741, 0, 104.82, 70, 100, 105.00, 345, 105.00, 0x0000000000000004
2026/10/02 16:09:14.942, 0, 106.25, 70, 100, 150.00, 795, 150.00, 0x0000000000000004
2026/10/02 16:09:15.143, 0, 151.97, 71, 100, 150.00, 750, 150.00, 0x0000000000000004
2026/10/02 16:09:15.343, 0, 151.47, 72, 100, 150.00, 720, 150.00, 0x0000000000000004
2026/10/02 16:09:15.544, 0, 151.12, 72, 100, 150.00, 720, 150.00, 0x0000000000000004
2026/10/02 16:09:15.745, 0, 150.75, 72, 100, 150.00, 705, 150.00, 0x0000000000000004
2026/10/02 16:09:15.945, 0, 149.84, 72, 100, 150.00, 735, 150.00, 0x0000000000000004
2026/10/02 16:09:16.146, 0, 149.87, 72, 100, 150.00, 735, 150.00, 0x0000000000000004
2026/10/02 16:09:16.346, 0, 149.65, 72, 100, 150.00, 720, 150.00, 0x0000000000000004
2026/10/02 16:09:16.547, 0, 149.52, 72, 100, 150.00, 720, 150.00, 0x0000000000000004
2026/10/02 16:09:16.748, 0, 149.33, 72, 100, 150.00, 690, 150.00, 0x0000000000000004
2026/10/02 16:09:16.948, 0, 149.96, 72, 100, 150.00, 720, 150.00, 0x0000000000000004
2026/10/02 16:09:17.149, 0, 149.99, 72, 100, 150.00, 720, 150.00, 0x0000000000000004
2026/10/02 16:09:17.350, 0, 149.70, 72, 100, 150.00, 720, 150.00, 0x0000000000000004
2026/10/02 16:09:17.550, 0, 150.40, 73, 100, 150.00, 675, 150.00, 0x0000000000000004
2026/10/02 16:09:17.751, 0, 150.14, 73, 100, 150.00, 720, 150.00, 0x0000000000000004
2026/10/02 16:09:17.951, 0, 151.45, 73, 92, 150.00, 735, 150.00, 0x0000000000000004
2026/10/02 16:09:18.152, 0, 151.57, 73, 100, 150.00, 735, 150.00, 0x0000000000000004
2026/10/02 16:09:18.352, 0, 151.49, 73, 100, 150.00, 720, 150.00, 0x0000000000000004
2026/10/02 16:09:18.553, 0, 151.30, 73, 100, 150.00, 720, 150.00, 0x0000000000000004
2026/10/02 16:09:18.754, 0, 150.78, 73, 100, 150.00, 720, 150.00, 0x0000000000000004
2026/10/02 16:09:18.954, 0, 150.20, 73, 100, 150.00, 735, 150.00, 0x0000000000000004
2026/10/02 16:09:19.155, 0, 150.03, 73, 100, 150.00, 720, 150.00, 0x0000000000000004
2026/10/02 16:09:19.355, 0, 141.93, 71, 100, 150.00, 1620, 150.00, 0x0000000000000004
2026/10/02 16:09:19.556, 0, 149.44, 72, 26, 150.00, 630, 150.00, 0x0000000000000004
2026/10/02 16:09:19.756, 0, 149.66, 73, 100, 150.00, 750, 150.00, 0x0000000000000004
2026/10/02 16:09:19.957, 0, 150.28, 73, 100, 150.00, 750, 150.00, 0x0000000000000004
2026/10/02 16:09:20.158, 0, 150.73, 73, 100, 150.00, 750, 150.00, 0x0000000000000004
2026/10/02 16:09:20.358, 0, 150.92, 73, 100, 150.00, 570, 150.00, 0x0000000000000004
2026/10/02 16:09:20.559, 0, 150.93, 73, 100, 150.00, 735, 150.00, 0x0000000000000004
2026/10/02 16:09:20.760, 0, 151.12, 73, 100, 150.00, 750, 150.00, 0x0000000000000004
2026/10/02 16:09:20.960, 0, 151.17, 73, 100, 150.00, 735, 150.00, 0x0000000000000004
2026/10/02 16:09:21.161, 0, 151.05, 73, 100, 150.00, 660, 150.00, 0x0000000000000004
2026/10/02 16:09:21.361, 0, 149.50, 73, 100, 150.00, 675, 150.00, 0x0000000000000004
2026/10/02 16:09:21.562, 0, 150.18, 73, 100, 150.00, 720, 150.00, 0x0000000000000004
2026/10/02 16:09:21.762, 0, 150.60, 72, 100, 150.00, 1425, 150.00, 0x0000000000000004
2026/10/02 16:09:21.963, 0, 146.90, 72, 50, 150.00, 1665, 150.00, 0x0000000000000004
2026/10/02 16:09:22.164, 0, 152.36, 73, 42, 150.00, 1350, 150.00, 0x0000000000000004
2026/10/02 16:09:22.364, 0, 151.77, 72, 16, 150.00, 870, 150.00, 0x0000000000000004
2026/10/02 16:09:22.565, 0, 138.08, 71, 38, 150.00, 1680, 150.00, 0x0000000000000004
2026/10/02 16:09:22.765, 0, 144.48, 72, 25, 150.00, 780, 150.00, 0x0000000000000004
2026/10/02 16:09:22.966, 0, 145.04, 73, 100, 150.00, 630, 150.00, 0x0000000000000004
2026/10/02 16:09:23.166, 0, 130.81, 71, 45, 150.00, 1620, 150.00, 0x0000000000000004
2026/10/02 16:09:23.367, 0, 132.29, 72, 0, 150.00, 765, 150.00, 0x0000000000000004
2026/10/02 16:09:23.567, 0, 134.11, 73, 100, 150.00, 750, 150.00, 0x0000000000000004
2026/10/02 16:09:23.768, 0, 134.98, 73, 100, 150.00, 990, 150.00, 0x0000000000000004
2026/10/02 16:09:23.968, 0, 121.92, 72, 37, 150.00, 1560, 150.00, 0x0000000000000004
2026/10/02 16:09:24.169, 0, 127.45, 73, 14, 150.00, 750, 150.00, 0x0000000000000004
2026/10/02 16:09:24.370, 0, 142.67, 73, 100, 150.00, 750, 150.00, 0x0000000000000004
2026/10/02 16:09:24.570, 0, 142.18, 73, 100, 150.00, 750, 150.00, 0x0000000000000004
2026/10/02 16:09:24.771, 0, 127.13, 71, 69, 150.00, 1680, 150.00, 0x0000000000000004
2026/10/02 16:09:24.971, 0, 121.15, 71, 0, 150.00, 1680, 150.00, 0x0000000000000004
2026/10/02 16:09:25.172, 0, 116.29, 72, 0, 150.00, 750, 150.00, 0x0000000000000004
2026/10/02 16:09:25.372, 0, 110.21, 71, 80, 150.00, 1065, 150.00, 0x0000000000000004
2026/10/02 16:09:25.573, 0, 108.45, 73, 67, 150.00, 750, 150.00, 0x0000000000000004
2026/10/02 16:09:25.774, 0, 116.13, 73, 100, 150.00, 750, 150.00, 0x0000000000000004
2026/10/02 16:09:25.974, 0, 130.37, 72, 100, 150.00, 1350, 150.00, 0x0000000000000004
2026/10/02 16:09:26.175, 0, 129.66, 71, 16, 150.00, 1680, 150.00, 0x0000000000000004
2026/10/02 16:09:26.376, 0, 127.98, 72, 0, 150.00, 690, 150.00, 0x0000000000000004
2026/10/02 16:09:26.576, 0, 137.83, 72, 100, 150.00, 750, 150.00, 0x0000000000000004
2026/10/02 16:09:26.777, 0, 142.98, 73, 95, 150.00, 1065, 150.00, 0x0000000000000004
2026/10/02 16:09:26.977, 0, 144.98, 72, 78, 150.00, 630, 150.00, 0x0000000000000004
2026/10/02 16:09:27.178, 0, 152.24, 73, 100, 150.00, 1170, 150.00, 0x0000000000000004
2026/10/02 16:09:27.378, 0, 164.67, 72, 27, 150.00, 675, 150.00, 0x0000000000000004
2026/10/02 16:09:27.579, 0, 157.83, 73, 100, 150.00, 750, 150.00, 0x0000000000000004
2026/10/02 16:09:27.779, 0, 152.60, 72, 96, 150.00, 735, 150.00, 0x0000000000000004
2026/10/02 16:09:27.980, 0, 134.90, 72, 67, 150.00, 690, 150.00, 0x0000000000000004
2026/10/02 16:09:28.180, 0, 134.58, 73, 84, 150.00, 600, 150.00, 0x0000000000000004
2026/10/02 16:09:28.381, 0, 142.29, 73, 100, 150.00, 750, 150.00, 0x0000000000000004
2026/10/02 16:09:28.581, 0, 140.35, 73, 100, 150.00, 690, 150.00, 0x0000000000000004
2026/10/02 16:09:28.782, 0, 141.35, 73, 73, 150.00, 630, 150.00, 0x0000000000000004
2026/10/02 16:09:28.983, 0, 144.08, 73, 58, 150.00, 750, 150.00, 0x0000000000000004
2026/10/02 16:09:29.183, 0, 149.07, 73, 100, 150.00, 750, 150.00, 0x0000000000000004
2026/10/02 16:09:29.384, 0, 149.30, 73, 100, 150.00, 705, 150.00, 0x0000000000000004
2026/10/02 16:09:29.584, 0, 149.10, 73, 98, 150.00, 600, 150.00, 0x0000000000000004
2026/10/02 16:09:29.785, 0, 145.19, 73, 80, 150.00, 1245, 150.00, 0x0000000000000004
2026/10/02 16:09:29.986, 0, 146.96, 73, 20, 150.00, 765, 150.00, 0x0000000000000004
2026/10/02 16:09:30.186, 0, 138.68, 73, 64, 150.00, 750, 150.00, 0x0000000000000004
2026/10/02 16:09:30.387, 0, 138.70, 73, 100, 150.00, 750, 150.00, 0x0000000000000004
2026/10/02 16:09:30.587, 0, 139.05, 73, 100, 150.00, 1335, 150.00, 0x0000000000000004
2026/10/02 16:09:30.788, 0, 125.31, 71, 16, 150.00, 1680, 150.00, 0x0000000000000004
2026/10/02 16:09:30.988, 0, 125.41, 71, 18, 150.00, 750, 150.00, 0x0000000000000004
2026/10/02 16:09:31.189, 0, 125.37, 72, 87, 150.00, 660, 150.00, 0x0000000000000004
2026/10/02 16:09:31.390, 0, 117.43, 72, 90, 150.00, 1635, 150.00, 0x0000000000000004
2026/10/02 16:09:31.590, 0, 115.14, 71, 35, 150.00, 1665, 150.00, 0x0000000000000004
2026/10/02 16:09:31.791, 0, 127.98, 73, 22, 150.00, 1005, 150.00, 0x0000000000000004
2026/10/02 16:09:31.992, 0, 115.13, 71, 35, 150.00, 570, 150.00, 0x0000000000000004
2026/10/02 16:09:32.192, 0, 123.52, 73, 97, 150.00, 765, 150.00, 0x0000000000000004
2026/10/02 16:09:32.393, 0, 132.33, 73, 100, 150.00, 750, 150.00, 0x0000000000000004
2026/10/02 16:09:32.593, 0, 134.45, 73, 100, 150.00, 750, 150.00, 0x0000000000000004
2026/10/02 16:09:32.794, 0, 136.79, 73, 100, 150.00, 450, 150.00, 0x0000000000000004
2026/10/02 16:09:32.995, 0, 142.14, 73, 100, 150.00, 720, 150.00, 0x0000000000000004
2026/10/02 16:09:33.195, 0, 149.67, 73, 100, 150.00, 750, 150.00, 0x0000000000000004
2026/10/02 16:09:33.396, 0, 149.80, 73, 100, 150.00, 750, 150.00, 0x0000000000000004
2026/10/02 16:09:33.596, 0, 149.76, 73, 100, 150.00, 750, 150.00, 0x0000000000000004
2026/10/02 16:09:33.797, 0, 148.68, 73, 100, 150.00, 660, 150.00, 0x0000000000000004
2026/10/02 16:09:33.997, 0, 150.09, 73, 100, 150.00, 705, 150.00, 0x0000000000000004
2026/10/02 16:09:34.198, 0, 150.45, 73, 100, 150.00, 735, 150.00, 0x0000000000000004
2026/10/02 16:09:34.399, 0, 150.40, 74, 100, 150.00, 750, 150.00, 0x0000000000000004
2026/10/02 16:09:34.599, 0, 150.46, 74, 100, 150.00, 690, 150.00, 0x0000000000000004
2026/10/02 16:09:34.800, 0, 149.14, 73, 100, 150.00, 675, 150.00, 0x0000000000000004
2026/10/02 16:09:35.000, 0, 149.87, 73, 100, 150.00, 705, 150.00, 0x0000000000000004
2026/10/02 16:09:35.201, 0, 150.26, 74, 100, 150.00, 735, 150.00, 0x0000000000000004
2026/10/02 16:09:35.401, 0, 150.24, 74, 100, 150.00, 750, 150.00, 0x0000000000000004
2026/10/02 16:09:35.602, 0, 150.07, 74, 100, 150.00, 690, 150.00, 0x0000000000000004
2026/10/02 16:09:35.803, 0, 149.43, 74, 100, 150.00, 690, 150.00, 0x0000000000000004
2026/10/02 16:09:36.003, 0, 149.68, 74, 100, 150.00, 720, 150.00, 0x0000000000000004
2026/10/02 16:09:36.204, 0, 149.95, 74, 100, 150.00, 720, 150.00, 0x0000000000000004
2026/10/02 16:09:36.405, 0, 149.90, 74, 100, 150.00, 735, 150.00, 0x0000000000000004
2026/10/02 16:09:36.605, 0, 152.20, 74, 100, 150.00, 690, 150.00, 0x0000000000000004
2026/10/02 16:09:36.806, 0, 152.17, 74, 100, 150.00, 1230, 150.00, 0x0000000000000004
2026/10/02 16:09:37.006, 0, 156.84, 74, 67, 150.00, 1320, 150.00, 0x0000000000000004
2026/10/02 16:09:37.207, 0, 144.93, 73, 17, 150.00, 585, 150.00, 0x0000000000000004
2026/10/02 16:09:37.408, 0, 136.37, 72, 98, 150.00, 1650, 150.00, 0x0000000000000004
2026/10/02 16:09:37.608, 0, 128.53, 73, 0, 150.00, 765, 150.00, 0x0000000000000004
2026/10/02 16:09:37.809, 0, 117.35, 73, 78, 150.00, 585, 150.00, 0x0000000000000004
2026/10/02 16:09:38.009, 0, 106.63, 72, 80, 150.00, 615, 150.00, 0x0000000000000004
2026/10/02 16:09:38.210, 0, 99.42, 72, 65, 150.00, 1680, 150.00, 0x0000000000000004
2026/10/02 16:09:38.410, 0, 91.29, 71, 0, 150.00, 1680, 150.00, 0x0000000000000004
2026/10/02 16:09:38.611, 0, 105.55, 72, 0, 150.00, 720, 150.00, 0x0000000000000000
2026/10/02 16:09:38.812, 0, 113.29, 73, 100, 150.00, 750, 150.00, 0x0000000000000004
2026/10/02 16:09:39.012, 0, 107.91, 73, 100, 150.00, 690, 150.00, 0x0000000000000004
2026/10/02 16:09:39.213, 0, 115.72, 72, 92, 150.00, 1635, 150.00, 0x0000000000000004
2026/10/02 16:09:39.413, 0, 135.58, 73, 35, 150.00, 750, 150.00, 0x0000000000000004
2026/10/02 16:09:39.614, 0, 149.59, 73, 100, 150.00, 750, 150.00, 0x0000000000000004
2026/10/02 16:09:39.815, 0, 143.71, 74, 100, 150.00, 750, 150.00, 0x0000000000000004
2026/10/02 16:09:40.015, 0, 143.78, 74, 100, 150.00, 555, 150.00, 0x0000000000000004
2026/10/02 16:09:40.216, 0, 156.97, 73, 100, 150.00, 705, 150.00, 0x0000000000000004
2026/10/02 16:09:40.416, 0, 150.99, 74, 100, 150.00, 750, 150.00, 0x0000000000000004
2026/10/02 16:09:40.617, 0, 151.01, 74, 100, 150.00, 750, 150.00, 0x0000000000000004
2026/10/02 16:09:40.818, 0, 150.99, 74, 100, 150.00, 750, 150.00, 0x0000000000000004
2026/10/02 16:09:41.019, 0, 149.37, 74, 100, 150.00, 660, 150.00, 0x0000000000000004
2026/10/02 16:09:41.219, 0, 149.84, 74, 100, 150.00, 720, 150.00, 0x0000000000000004
2026/10/02 16:09:41.420, 0, 150.22, 74, 100, 150.00, 735, 150.00, 0x0000000000000004
2026/10/02 16:09:41.620, 0, 150.23, 74, 100, 150.00, 750, 150.00, 0x0000000000000004
2026/10/02 16:09:41.821, 0, 150.01, 74, 100, 150.00, 675, 150.00, 0x0000000000000004
2026/10/02 16:09:42.022, 0, 148.90, 74, 100, 150.00, 675, 150.00, 0x0000000000000004
2026/10/02 16:09:42.222, 0, 149.59, 74, 100, 150.00, 720, 150.00, 0x0000000000000004
2026/10/02 16:09:42.423, 0, 149.91, 74, 100, 150.00, 735, 150.00, 0x0000000000000004
2026/10/02 16:09:42.624, 0, 150.16, 74, 100, 150.00, 735, 150.00, 0x0000000000000004
2026/10/02 16:09:42.824, 0, 149.94, 74, 100, 150.00, 690, 150.00, 0x0000000000000004
2026/10/02 16:09:43.025, 0, 149.58, 74, 100, 150.00, 690, 150.00, 0x0000000000000004
2026/10/02 16:09:43.225, 0, 149.98, 74, 100, 150.00, 720, 150.00, 0x0000000000000004
2026/10/02 16:09:43.426, 0, 150.35, 74, 100, 150.00, 720, 150.00, 0x0000000000000004
2026/10/02 16:09:43.627, 0, 150.41, 74, 100, 150.00, 735, 150.00, 0x0000000000000004
2026/10/02 16:09:43.827, 0, 149.85, 74, 100, 150.00, 690, 150.00, 0x0000000000000004
2026/10/02 16:09:44.028, 0, 149.53, 74, 100, 150.00, 690, 150.00, 0x0000000000000004
2026/10/02 16:09:44.229, 0, 149.66, 74, 100, 150.00, 705, 150.00, 0x0000000000000004
2026/10/02 16:09:44.429, 0, 149.93, 74, 100, 150.00, 720, 150.00, 0x0000000000000004
2026/10/02 16:09:44.630, 0, 150.12, 74, 100, 150.00, 720, 150.00, 0x0000000000000004
2026/10/02 16:09:44.831, 0, 149.79, 74, 100, 150.00, 690, 150.00, 0x0000000000000004
2026/10/02 16:09:45.031, 0, 149.77, 74, 100, 150.00, 690, 150.00, 0x0000000000000004
2026/10/02 16:09:45.232, 0, 149.89, 74, 100, 150.00, 705, 150.00, 0x0000000000000004
2026/10/02 16:09:45.432, 0, 150.11, 74, 100, 150.00, 720, 150.00, 0x0000000000000004
2026/10/02 16:09:45.633, 0, 150.06, 74, 100, 150.00, 720, 150.00, 0x0000000000000004
2026/10/02 16:09:45.834, 0, 149.74, 74, 100, 150.00, 705, 150.00, 0x0000000000000004
2026/10/02 16:09:46.034, 0, 149.64, 74, 100, 150.00, 690, 150.00, 0x0000000000000004
2026/10/02 16:09:46.235, 0, 149.90, 74, 100, 150.00, 705, 150.00, 0x0000000000000004
2026/10/02 16:09:46.435, 0, 150.16, 74, 100, 150.00, 720, 150.00, 0x0000000000000004
2026/10/02 16:09:46.636, 0, 150.06, 75, 100, 150.00, 720, 150.00, 0x0000000000000004
2026/10/02 16:09:46.837, 0, 149.81, 75, 100, 150.00, 690, 150.00, 0x0000000000000004
2026/10/02 16:09:47.037, 0, 149.69, 75, 100, 150.00, 705, 150.00, 0x0000000000000004
2026/10/02 16:09:47.238, 0, 149.70, 75, 100, 150.00, 720, 150.00, 0x0000000000000004
2026/10/02 16:09:47.438, 0, 149.78, 75, 100, 150.00, 720, 150.00, 0x0000000000000004
2026/10/02 16:09:47.639, 0, 149.69, 74, 100, 150.00, 705, 150.00, 0x0000000000000004
2026/10/02 16:09:47.840, 0, 149.59, 75, 100, 150.00, 705, 150.00, 0x0000000000000004
2026/10/02 16:09:48.040, 0, 149.61, 74, 100, 150.00, 690, 150.00, 0x0000000000000004
2026/10/02 16:09:48.241, 0, 149.76, 75, 100, 150.00, 705, 150.00, 0x0000000000000004
2026/10/02 16:09:48.441, 0, 149.93, 75, 100, 150.00, 720, 150.00, 0x0000000000000004
2026/10/02 16:09:48.642, 0, 149.96, 75, 100, 150.00, 990, 150.00, 0x0000000000000004
2026/10/02 16:09:48.843, 0, 141.64, 74, 96, 150.00, 750, 150.00, 0x0000000000000004
2026/10/02 16:09:49.043, 0, 144.80, 75, 81, 150.00, 780, 150.00, 0x0000000000000004
2026/10/02 16:09:49.244, 0, 135.22, 74, 7, 150.00, 585, 150.00, 0x0000000000000004
2026/10/02 16:09:49.445, 0, 135.17, 74, 100, 150.00, 750, 150.00, 0x0000000000000004
2026/10/02 16:09:49.645, 0, 135.68, 75, 100, 150.00, 735, 150.00, 0x0000000000000004
2026/10/02 16:09:49.846, 0, 143.84, 75, 100, 150.00, 735, 150.00, 0x0000000000000004
2026/10/02 16:09:50.046, 0, 144.27, 75, 100, 150.00, 420, 150.00, 0x0000000000000004
2026/10/02 16:09:50.247, 0, 147.90, 74, 100, 150.00, 720, 150.00, 0x0000000000000004
2026/10/02 16:09:50.448, 0, 150.63, 75, 100, 150.00, 735, 150.00, 0x0000000000000004
2026/10/02 16:09:50.648, 0, 150.61, 75, 100, 150.00, 735, 150.00, 0x0000000000000004
2026/10/02 16:09:50.849, 0, 150.48, 75, 100, 150.00, 735, 150.00, 0x0000000000000004
2026/10/02 16:09:51.049, 0, 148.96, 75, 100, 150.00, 660, 150.00, 0x0000000000000004
2026/10/02 16:09:51.250, 0, 149.93, 75, 100, 150.00, 705, 150.00, 0x0000000000000004
2026/10/02 16:09:51.450, 0, 150.39, 75, 100, 150.00, 735, 150.00, 0x0000000000000004
2026/10/02 16:09:51.651, 0, 150.33, 75, 100, 150.00, 720, 150.00, 0x0000000000000004
2026/10/02 16:09:51.851, 0, 151.83, 75, 58, 150.00, 735, 150.00, 0x0000000000000004
2026/10/02 16:09:52.052, 0, 152.11, 75, 100, 150.00, 705, 150.00, 0x0000000000000004
2026/10/02 16:09:52.253, 0, 153.49, 75, 100, 150.00, 720, 150.00, 0x0000000000000004
2026/10/02 16:09:52.453, 0, 153.85, 75, 100, 150.00, 915, 150.00, 0x0000000000000004
2026/10/02 16:09:52.654, 0, 147.07, 74, 27, 150.00, 570, 150.00, 0x0000000000000004
2026/10/02 16:09:52.854, 0, 138.45, 74, 61, 150.00, 1635, 150.00, 0x0000000000000004
2026/10/02 16:09:53.055, 0, 140.68, 75, 100, 150.00, 735, 150.00, 0x0000000000000004
2026/10/02 16:09:53.256, 0, 135.73, 74, 84, 150.00, 690, 150.00, 0x0000000000000004
2026/10/02 16:09:53.456, 0, 135.69, 75, 100, 150.00, 735, 150.00, 0x0000000000000004
2026/10/02 16:09:53.657, 0, 134.92, 75, 100, 150.00, 735, 150.00, 0x0000000000000004
2026/10/02 16:09:53.857, 0, 141.80, 75, 100, 150.00, 690, 150.00, 0x0000000000000004
2026/10/02 16:09:54.058, 0, 145.39, 75, 100, 150.00, 735, 150.00, 0x0000000000000004
2026/10/02 16:09:54.258, 0, 144.17, 75, 100, 150.00, 735, 150.00, 0x0000000000000004
2026/10/02 16:09:54.459, 0, 149.95, 75, 100, 150.00, 735, 150.00, 0x0000000000000004
2026/10/02 16:09:54.660, 0, 149.35, 75, 100, 150.00, 645, 150.00, 0x0000000000000004
2026/10/02 16:09:54.860, 0, 149.73, 75, 100, 150.00, 690, 150.00, 0x0000000000000004
2026/10/02 16:09:55.061, 0, 149.33, 75, 100, 150.00, 690, 150.00, 0x0000000000000004
2026/10/02 16:09:55.261, 0, 150.49, 75, 100, 150.00, 720, 150.00, 0x0000000000000004
2026/10/02 16:09:55.462, 0, 150.24, 75, 100, 150.00, 720, 150.00, 0x0000000000000004
2026/10/02 16:09:55.663, 0, 149.56, 75, 100, 150.00, 675, 150.00, 0x0000000000000004
2026/10/02 16:09:55.863, 0, 142.42, 74, 67, 150.00, 1470, 150.00, 0x0000000000000004
2026/10/02 16:09:56.064, 0, 129.14, 74, 0, 150.00, 525, 150.00, 0x0000000000000004
2026/10/02 16:09:56.264, 0, 115.12, 73, 0, 150.00, 555, 150.00, 0x0000000000000004
2026/10/02 16:09:56.465, 0, 115.26, 75, 78, 150.00, 675, 150.00, 0x0000000000000004
2026/10/02 16:09:56.666, 0, 100.22, 73, 0, 150.00, 1680, 150.00, 0x0000000000000004
2026/10/02 16:09:56.866, 0, 95.21, 73, 0, 150.00, 1680, 150.00, 0x0000000000000004
2026/10/02 16:09:57.067, 0, 89.08, 72, 0, 150.00, 1695, 150.00, 0x0000000000000000
2026/10/02 16:09:57.267, 0, 90.04, 72, 0, 150.00, 1695, 150.00, 0x0000000000000000
2026/10/02 16:09:57.468, 0, 90.91, 72, 55, 150.00, 1635, 150.00, 0x0000000000000004
2026/10/02 16:09:57.668, 0, 84.32, 72, 0, 150.00, 1035, 150.00, 0x0000000000000004
2026/10/02 16:09:57.869, 0, 91.67, 73, 84, 150.00, 1575, 150.00, 0x0000000000000004
2026/10/02 16:09:58.069, 0, 99.79, 73, 13, 150.00, 600, 150.00, 0x0000000000000004
2026/10/02 16:09:58.270, 0, 106.00, 73, 43, 150.00, 1665, 150.00, 0x0000000000000004
2026/10/02 16:09:58.470, 0, 97.77, 73, 0, 150.00, 525, 150.00, 0x0000000000000004
2026/10/02 16:09:58.671, 0, 106.64, 74, 57, 150.00, 1350, 150.00, 0x0000000000000004
2026/10/02 16:09:58.871, 0, 99.91, 72, 0, 150.00, 1680, 150.00, 0x0000000000000004
2026/10/02 16:09:59.072, 0, 98.66, 72, 0, 150.00, 1695, 150.00, 0x0000000000000004
2026/10/02 16:09:59.272, 0, 82.46, 71, 0, 150.00, 1695, 150.00, 0x0000000000000000
2026/10/02 16:09:59.473, 0, 83.96, 71, 0, 150.00, 1695, 150.00, 0x0000000000000000
2026/10/02 16:09:59.673, 0, 84.96, 71, 0, 150.00, 1695, 150.00, 0x0000000000000000
2026/10/02 16:09:59.874, 0, 95.86, 71, 0, 150.00, 1695, 150.00, 0x0000000000000000
2026/10/02 16:10:00.075, 0, 108.44, 73, 68, 150.00, 1260, 150.00, 0x0000000000000004
2026/10/02 16:10:00.275, 0, 118.12, 73, 50, 150.00, 1305, 150.00, 0x0000000000000004
2026/10/02 16:10:00.476, 0, 128.28, 72, 45, 150.00, 1650, 150.00, 0x0000000000000004
2026/10/02 16:10:00.677, 0, 138.49, 73, 16, 150.00, 615, 150.00, 0x0000000000000004
2026/10/02 16:10:00.877, 0, 131.80, 71, 0, 150.00, 1680, 150.00, 0x0000000000000004
2026/10/02 16:10:01.078, 0, 115.10, 71, 0, 150.00, 1680, 150.00, 0x0000000000000004
2026/10/02 16:10:01.279, 0, 116.18, 71, 18, 150.00, 1680, 150.00, 0x0000000000000004
2026/10/02 16:10:01.479, 0, 106.92, 72, 34, 150.00, 750, 150.00, 0x0000000000000004
2026/10/02 16:10:01.680, 0, 114.50, 72, 24, 150.00, 1680, 150.00, 0x0000000000000004
2026/10/02 16:10:01.880, 0, 105.51, 71, 0, 150.00, 1185, 150.00, 0x0000000000000004
2026/10/02 16:10:02.081, 0, 114.96, 71, 13, 150.00, 1680, 150.00, 0x0000000000000004
2026/10/02 16:10:02.281, 0, 104.37, 71, 0, 150.00, 1680, 150.00, 0x0000000000000004
2026/10/02 16:10:02.482, 0, 111.22, 72, 93, 150.00, 750, 150.00, 0x0000000000000004
2026/10/02 16:10:02.682, 0, 102.49, 72, 59, 150.00, 855, 150.00, 0x0000000000000004
2026/10/02 16:10:02.883, 0, 101.94, 71, 0, 150.00, 1680, 150.00, 0x0000000000000004
2026/10/02 16:10:03.084, 0, 91.79, 72, 0, 150.00, 615, 150.00, 0x0000000000000004
2026/10/02 16:10:03.284, 0, 103.93, 72, 18, 150.00, 1035, 150.00, 0x0000000000000004
2026/10/02 16:10:03.485, 0, 108.77, 73, 88, 150.00, 750, 150.00, 0x0000000000000004
2026/10/02 16:10:03.685, 0, 94.66, 71, 0, 150.00, 1680, 150.00, 0x0000000000000004
2026/10/02 16:10:03.886, 0, 90.46, 72, 67, 150.00, 1650, 150.00, 0x0000000000000004
2026/10/02 16:10:04.086, 0, 99.46, 72, 53, 150.00, 1500, 150.00, 0x0000000000000004
2026/10/02 16:10:04.287, 0, 99.11, 71, 0, 150.00, 1680, 150.00, 0x0000000000000004
2026/10/02 16:10:04.487, 0, 91.10, 72, 64, 150.00, 1620, 150.00, 0x0000000000000004
2026/10/02 16:10:04.688, 0, 97.26, 72, 39, 150.00, 630, 150.00, 0x0000000000000004
2026/10/02 16:10:04.888, 0, 110.65, 73, 100, 150.00, 750, 150.00, 0x0000000000000004
2026/10/02 16:10:05.089, 0, 117.90, 72, 29, 150.00, 1680, 150.00, 0x0000000000000004
2026/10/02 16:10:05.289, 0, 109.54, 71, 0, 150.00, 1680, 150.00, 0x0000000000000004
2026/10/02 16:10:05.490, 0, 109.60, 72, 0, 150.00, 615, 150.00, 0x0000000000000004
2026/10/02 16:10:05.691, 0, 93.07, 71, 0, 150.00, 1680, 150.00, 0x0000000000000004
2026/10/02 16:10:05.891, 0, 101.02, 72, 21, 150.00, 1155, 150.00, 0x0000000000000004
2026/10/02 16:10:06.092, 0, 85.45, 71, 0, 150.00, 1680, 150.00, 0x0000000000000004
2026/10/02 16:10:06.292, 0, 86.40, 70, 0, 150.00, 1695, 150.00, 0x0000000000000000
2026/10/02 16:10:06.493, 0, 86.44, 70, 0, 150.00, 600, 150.00, 0x0000000000000004
2026/10/02 16:10:06.693, 0, 92.43, 71, 66, 150.00, 1665, 150.00, 0x0000000000000004
2026/10/02 16:10:06.894, 0, 92.47, 70, 0, 150.00, 1680, 150.00, 0x0000000000000004
2026/10/02 16:10:07.094, 0, 80.57, 71, 68, 150.00, 1635, 150.00, 0x0000000000000004
2026/10/02 16:10:07.295, 0, 88.81, 71, 59, 150.00, 1545, 150.00, 0x0000000000000004
2026/10/02 16:10:07.495, 0, 88.10, 70, 0, 150.00, 585, 150.00, 0x0000000000000004
2026/10/02 16:10:07.696, 0, 88.71, 71, 79, 150.00, 1635, 150.00, 0x0000000000000004
2026/10/02 16:10:07.896, 0, 89.59, 70, 0, 150.00, 1680, 150.00, 0x0000000000000004
2026/10/02 16:10:08.097, 0, 102.33, 72, 100, 150.00, 1230, 150.00, 0x0000000000000004
2026/10/02 16:10:08.297, 0, 107.81, 72, 75, 150.00, 765, 150.00, 0x0000000000000004
2026/10/02 16:10:08.498, 0, 100.69, 71, 0, 150.00, 1680, 150.00, 0x0000000000000004
2026/10/02 16:10:08.699, 0, 94.62, 70, 0, 150.00, 1680, 150.00, 0x0000000000000004
2026/10/02 16:10:08.899, 0, 94.40, 70, 0, 150.00, 1695, 150.00, 0x0000000000000000
2026/10/02 16:10:09.100, 0, 94.93, 71, 67, 150.00, 1575, 150.00, 0x0000000000000004
2026/10/02 16:10:09.300, 0, 95.36, 71, 77, 150.00, 780, 150.00, 0x0000000000000004
2026/10/02 16:10:09.501, 0, 88.36, 70, 0, 150.00, 1680, 150.00, 0x0000000000000004
2026/10/02 16:10:09.702, 0, 99.96, 70, 39, 150.00, 1680, 150.00, 0x0000000000000004
2026/10/02 16:10:09.902, 0, 99.79, 70, 0, 150.00, 1680, 150.00, 0x0000000000000004
2026/10/02 16:10:10.102, 0, 99.69, 70, 0, 150.00, 1695, 150.00, 0x0000000000000000
2026/10/02 16:10:10.303, 0, 93.34, 70, 0, 150.00, 570, 150.00, 0x0000000000000004
2026/10/02 16:10:10.504, 0, 87.86, 70, 1, 150.00, 630, 150.00, 0x0000000000000004
2026/10/02 16:10:10.704, 0, 80.09, 70, 52, 150.00, 1665, 150.00, 0x0000000000000004
2026/10/02 16:10:10.905, 0, 81.35, 70, 0, 150.00, 1680, 150.00, 0x0000000000000004
2026/10/02 16:10:11.105, 0, 81.42, 69, 0, 150.00, 1695, 150.00, 0x0000000000000000
2026/10/02 16:10:11.306, 0, 81.34, 69, 0, 150.00, 1695, 150.00, 0x0000000000000000
2026/10/02 16:10:11.506, 0, 80.87, 69, 0, 150.00, 1695, 150.00, 0x0000000000000000
2026/10/02 16:10:11.707, 0, 86.64, 69, 0, 150.00, 1695, 150.00, 0x0000000000000004
2026/10/02 16:10:11.908, 0, 97.64, 71, 100, 150.00, 1530, 150.00, 0x0000000000000004
2026/10/02 16:10:12.108, 0, 96.51, 70, 58, 150.00, 1665, 150.00, 0x0000000000000004
2026/10/02 16:10:12.309, 0, 96.33, 69, 0, 150.00, 1680, 150.00, 0x0000000000000004
2026/10/02 16:10:12.509, 0, 96.22, 69, 0, 150.00, 1695, 150.00, 0x0000000000000000
2026/10/02 16:10:12.710, 0, 96.09, 69, 0, 150.00, 1695, 150.00, 0x0000000000000000
2026/10/02 16:10:12.910, 0, 81.01, 69, 0, 150.00, 1695, 150.00, 0x0000000000000000
2026/10/02 16:10:13.111, 0, 73.95, 69, 0, 150.00, 1695, 150.00, 0x0000000000000000
2026/10/02 16:10:13.311, 0, 96.58, 70, 100, 150.00, 750, 150.00, 0x0000000000000004
2026/10/02 16:10:13.512, 0, 102.69, 69, 0, 150.00, 1680, 150.00, 0x0000000000000004
2026/10/02 16:10:13.713, 0, 102.33, 70, 66, 150.00, 1635, 150.00, 0x0000000000000004
2026/10/02 16:10:13.913, 0, 101.99, 69, 0, 150.00, 1680, 150.00, 0x0000000000000004
2026/10/02 16:10:14.114, 0, 101.93, 69, 3, 150.00, 645, 150.00, 0x0000000000000004
2026/10/02 16:10:14.314, 0, 83.58, 69, 0, 150.00, 1680, 150.00, 0x0000000000000004
2026/10/02 16:10:14.515, 0, 72.38, 69, 0, 150.00, 1590, 150.00, 0x0000000000000004
2026/10/02 16:10:14.715, 0, 84.29, 69, 21, 150.00, 570, 150.00, 0x0000000000000004
2026/10/02 16:10:14.916, 0, 98.35, 71, 100, 150.00, 765, 150.00, 0x0000000000000004
2026/10/02 16:10:15.117, 0, 104.31, 70, 43, 150.00, 1680, 150.00, 0x0000000000000004
2026/10/02 16:10:15.317, 0, 105.42, 69, 0, 150.00, 585, 150.00, 0x0000000000000004
2026/10/02 16:10:15.518, 0, 119.70, 71, 35, 150.00, 1365, 150.00, 0x0000000000000004
2026/10/02 16:10:15.718, 0, 106.12, 69, 0, 150.00, 1680, 150.00, 0x0000000000000004
2026/10/02 16:10:15.919, 0, 114.01, 70, 23, 150.00, 1260, 150.00, 0x0000000000000004
2026/10/02 16:10:16.120, 0, 105.23, 70, 66, 150.00, 1575, 150.00, 0x0000000000000004
2026/10/02 16:10:16.320, 0, 105.99, 69, 0, 150.00, 1680, 150.00, 0x0000000000000004
2026/10/02 16:10:16.521, 0, 115.38, 70, 49, 150.00, 1500, 150.00, 0x0000000000000004
2026/10/02 16:10:16.721, 0, 102.83, 69, 0, 150.00, 1665, 150.00, 0x0000000000000000
2026/10/02 16:10:16.922, 0, 114.81, 69, 21, 150.00, 1665, 150.00, 0x0000000000000000
2026/10/02 16:10:17.122, 0, 115.64, 70, 22, 150.00, 1170, 150.00, 0x0000000000000004
2026/10/02 16:10:17.323, 0, 107.68, 69, 0, 150.00, 1665, 150.00, 0x0000000000000000
2026/10/02 16:10:17.523, 0, 107.03, 68, 0, 150.00, 1665, 150.00, 0x0000000000000000
2026/10/02 16:10:17.724, 0, 96.74, 68, 0, 150.00, 1665, 150.00, 0x0000000000000000
2026/10/02 16:10:17.925, 0, 84.39, 68, 0, 150.00, 1665, 150.00, 0x0000000000000000
2026/10/02 16:10:18.125, 0, 79.56, 68, 0, 150.00, 1560, 150.00, 0x0000000000000004
2026/10/02 16:10:18.326, 0, 80.33, 68, 4, 150.00, 1665, 150.00, 0x0000000000000000
2026/10/02 16:10:18.526, 0, 86.92, 69, 0, 150.00, 945, 150.00, 0x0000000000000004
2026/10/02 16:10:18.727, 0, 86.87, 68, 55, 150.00, 1665, 150.00, 0x0000000000000000
2026/10/02 16:10:18.928, 0, 96.15, 69, 0, 150.00, 1515, 150.00, 0x0000000000000004
2026/10/02 16:10:19.128, 0, 87.71, 68, 10, 150.00, 1665, 150.00, 0x0000000000000000
2026/10/02 16:10:19.329, 0, 113.64, 69, 0, 150.00, 1320, 150.00, 0x0000000000000004
2026/10/02 16:10:19.530, 0, 120.40, 70, 59, 150.00, 765, 150.00, 0x0000000000000004
2026/10/02 16:10:19.730, 0, 128.27, 70, 100, 150.00, 1605, 150.00, 0x0000000000000004
2026/10/02 16:10:19.931, 0, 127.44, 70, 0, 150.00, 720, 150.00, 0x0000000000000004
2026/10/02 16:10:20.131, 0, 142.90, 71, 97, 150.00, 765, 150.00, 0x0000000000000004
2026/10/02 16:10:20.332, 0, 144.18, 71, 100, 150.00, 765, 150.00, 0x0000000000000004
2026/10/02 16:10:20.532, 0, 139.83, 71, 100, 150.00, 765, 150.00, 0x0000000000000004
2026/10/02 16:10:20.733, 0, 139.41, 71, 100, 150.00, 615, 150.00, 0x0000000000000004
2026/10/02 16:10:20.934, 0, 136.74, 70, 100, 150.00, 1665, 150.00, 0x0000000000000004
2026/10/02 16:10:21.134, 0, 143.51, 71, 0, 150.00, 750, 150.00, 0x0000000000000004
2026/10/02 16:10:21.335, 0, 138.81, 69, 100, 150.00, 1230, 150.00, 0x0000000000000004
2026/10/02 16:10:21.535, 0, 129.70, 69, 51, 150.00, 630, 150.00, 0x0000000000000004
2026/10/02 16:10:21.736, 0, 121.08, 71, 98, 150.00, 1305, 150.00, 0x0000000000000004
2026/10/02 16:10:21.937, 0, 116.35, 69, 39, 150.00, 1680, 150.00, 0x0000000000000004
2026/10/02 16:10:22.137, 0, 102.49, 69, 0, 150.00, 1695, 150.00, 0x0000000000000000
2026/10/02 16:10:22.338, 0, 96.30, 68, 0, 150.00, 1695, 150.00, 0x0000000000000000
2026/10/02 16:10:22.538, 0, 86.55, 68, 0, 150.00, 1695, 150.00, 0x0000000000000000
2026/10/02 16:10:22.739, 0, 90.64, 70, 52, 150.00, 780, 150.00, 0x0000000000000004
2026/10/02 16:10:22.940, 0, 106.14, 70, 100, 150.00, 765, 150.00, 0x0000000000000004
2026/10/02 16:10:23.140, 0, 113.82, 69, 52, 150.00, 1665, 150.00, 0x0000000000000004
2026/10/02 16:10:23.341, 0, 112.39, 69, 53, 150.00, 660, 150.00, 0x0000000000000004
2026/10/02 16:10:23.542, 0, 124.08, 70, 35, 150.00, 1335, 150.00, 0x0000000000000004
2026/10/02 16:10:23.742, 0, 112.94, 70, 4, 150.00, 720, 150.00, 0x0000000000000004
2026/10/02 16:10:23.943, 0, 98.26, 69, 0, 150.00, 1680, 150.00, 0x0000000000000004
2026/10/02 16:10:24.143, 0, 92.28, 68, 0, 150.00, 1695, 150.00, 0x0000000000000000
2026/10/02 16:10:24.344, 0, 86.75, 69, 65, 150.00, 1620, 150.00, 0x0000000000000004
2026/10/02 16:10:24.544, 0, 73.81, 68, 0, 150.00, 1665, 150.00, 0x0000000000000000
2026/10/02 16:10:24.745, 0, 74.22, 68, 0, 150.00, 1665, 150.00, 0x0000000000000000
2026/10/02 16:10:24.945, 0, 81.44, 68, 0, 150.00, 600, 150.00, 0x0000000000000004
2026/10/02 16:10:25.146, 0, 98.42, 70, 100, 150.00, 1110, 150.00, 0x0000000000000004
2026/10/02 16:10:25.347, 0, 105.33, 70, 64, 150.00, 1140, 150.00, 0x0000000000000004
2026/10/02 16:10:25.547, 0, 120.33, 69, 66, 150.00, 990, 150.00, 0x0000000000000004
2026/10/02 16:10:25.748, 0, 128.45, 70, 62, 150.00, 1515, 150.00, 0x0000000000000004
2026/10/02 16:10:25.948, 0, 128.78, 68, 0, 150.00, 600, 150.00, 0x0000000000000004
2026/10/02 16:10:26.149, 0, 130.85, 70, 59, 150.00, 765, 150.00, 0x0000000000000004
2026/10/02 16:10:26.350, 0, 110.91, 70, 80, 150.00, 1635, 150.00, 0x0000000000000004
2026/10/02 16:10:26.550, 0, 122.52, 70, 53, 150.00, 780, 150.00, 0x0000000000000004
2026/10/02 16:10:26.751, 0, 52.96, 68, 1, 105.00, 1065, 105.00, 0x0000000000000000
2026/10/02 16:10:26.952, 0, 72.67, 68, 68, 105.00, 600, 105.00, 0x0000000000000004
2026/10/02 16:10:27.152, 0, 64.57, 67, 0, 105.00, 1065, 105.00, 0x0000000000000000
2026/10/02 16:10:27.353, 0, 61.04, 67, 0, 105.00, 1065, 105.00, 0x0000000000000000
2026/10/02 16:10:27.554, 0, 64.13, 67, 0, 105.00, 315, 105.00, 0x0000000000000004
2026/10/02 16:10:27.755, 0, 62.67, 67, 72, 105.00, 1065, 105.00, 0x0000000000000000
2026/10/02 16:10:27.955, 0, 58.09, 67, 0, 105.00, 1065, 105.00, 0x0000000000000000
2026/10/02 16:10:28.156, 0, 64.53, 66, 0, 105.00, 315, 105.00, 0x0000000000000004
2026/10/02 16:10:28.357, 0, 74.28, 68, 100, 105.00, 360, 105.00, 0x0000000000000004
2026/10/02 16:10:28.557, 0, 81.77, 68, 88, 105.00, 375, 105.00, 0x0000000000000004
2026/10/02 16:10:28.758, 0, 86.65, 68, 100, 105.00, 360, 105.00, 0x0000000000000004
2026/10/02 16:10:28.959, 0, 86.48, 67, 44, 105.00, 690, 105.00, 0x0000000000000000
2026/10/02 16:10:29.160, 0, 86.21, 66, 0, 105.00, 690, 105.00, 0x0000000000000000
2026/10/02 16:10:29.360, 0, 79.46, 67, 79, 105.00, 435, 105.00, 0x0000000000000004
2026/10/02 16:10:29.561, 0, 80.98, 67, 14, 105.00, 360, 105.00, 0x0000000000000004
2026/10/02 16:10:29.762, 0, 80.72, 68, 100, 105.00, 360, 105.00, 0x0000000000000004
2026/10/02 16:10:29.962, 0, 85.37, 68, 100, 105.00, 360, 105.00, 0x0000000000000004
2026/10/02 16:10:30.163, 0, 92.90, 68, 100, 105.00, 360, 105.00, 0x0000000000000004
2026/10/02 16:10:30.364, 0, 93.11, 67, 0, 105.00, 285, 105.00, 0x0000000000000004
2026/10/02 16:10:30.565, 0, 97.31, 67, 100, 105.00, 360, 105.00, 0x0000000000000004
2026/10/02 16:10:30.765, 0, 97.25, 68, 100, 150.00, 360, 105.00, 0x0000000000000004
2026/10/02 16:10:30.967, 0, 154.07, 68, 100, 150.00, 780, 150.00, 0x0000000000000004
2026/10/02 16:10:31.168, 0, 97.24, 68, 21, 150.00, 1680, 150.00, 0x0000000000000004
2026/10/02 16:10:31.368, 0, 85.11, 68, 3, 150.00, 1170, 150.00, 0x0000000000000004
2026/10/02 16:10:31.569, 0, 106.29, 68, 14, 150.00, 780, 150.00, 0x0000000000000004
2026/10/02 16:10:31.769, 0, 97.55, 68, 37, 150.00, 1680, 150.00, 0x0000000000000004
2026/10/02 16:10:31.970, 0, 101.17, 68, 57, 150.00, 1605, 150.00, 0x0000000000000004
2026/10/02 16:10:32.170, 0, 94.54, 67, 0, 150.00, 1680, 150.00, 0x0000000000000004
2026/10/02 16:10:32.371, 0, 94.50, 67, 0, 150.00, 1695, 150.00, 0x0000000000000000
2026/10/02 16:10:32.571, 0, 86.76, 67, 0, 150.00, 1695, 150.00, 0x0000000000000000
2026/10/02 16:10:32.771, 0, 81.08, 67, 0, 150.00, 1695, 150.00, 0x0000000000000000
2026/10/02 16:10:32.972, 0, 83.40, 68, 19, 150.00, 1395, 150.00, 0x0000000000000004
2026/10/02 16:10:33.173, 0, 83.15, 68, 63, 150.00, 1665, 150.00, 0x0000000000000004
2026/10/02 16:10:33.373, 0, 82.85, 67, 0, 150.00, 1665, 150.00, 0x0000000000000000
2026/10/02 16:10:33.574, 0, 93.75, 68, 21, 150.00, 1440, 150.00, 0x0000000000000004
2026/10/02 16:10:33.774, 0, 93.39, 67, 0, 150.00, 1665, 150.00, 0x0000000000000000
2026/10/02 16:10:33.975, 0, 80.70, 67, 0, 150.00, 1665, 150.00, 0x0000000000000000
2026/10/02 16:10:34.176, 0, 94.50, 68, 44, 150.00, 1575, 150.00, 0x0000000000000004
2026/10/02 16:10:34.376, 0, 94.53, 67, 0, 150.00, 1665, 150.00, 0x0000000000000000
2026/10/02 16:10:34.577, 0, 81.05, 67, 4, 150.00, 1245, 150.00, 0x0000000000000004
2026/10/02 16:10:34.777, 0, 82.06, 67, 0, 150.00, 1665, 150.00, 0x0000000000000000
2026/10/02 16:10:34.978, 0, 90.53, 66, 0, 150.00, 600, 150.00, 0x0000000000000004
2026/10/02 16:10:35.178, 0, 77.25, 67, 7, 150.00, 1650, 150.00, 0x0000000000000000
2026/10/02 16:10:35.379, 0, 90.54, 68, 33, 150.00, 1515, 150.00, 0x0000000000000004
2026/10/02 16:10:35.579, 0, 90.41, 67, 0, 150.00, 1650, 150.00, 0x0000000000000000
2026/10/02 16:10:35.780, 0, 91.33, 66, 0, 150.00, 1650, 150.00, 0x0000000000000000
2026/10/02 16:10:35.981, 0, 91.36, 67, 62, 150.00, 1650, 150.00, 0x0000000000000000
2026/10/02 16:10:36.181, 0, 83.16, 66, 0, 150.00, 1650, 150.00, 0x0000000000000000
2026/10/02 16:10:36.382, 0, 69.33, 66, 0, 150.00, 1650, 150.00, 0x0000000000000000
2026/10/02 16:10:36.582, 0, 82.31, 68, 42, 150.00, 1560, 150.00, 0x0000000000000004
2026/10/02 16:10:36.783, 0, 89.20, 67, 60, 150.00, 1635, 150.00, 0x0000000000000004
2026/10/02 16:10:36.983, 0, 88.87, 66, 0, 150.00, 1650, 150.00, 0x0000000000000000
2026/10/02 16:10:37.184, 0, 101.88, 66, 0, 150.00, 1035, 150.00, 0x0000000000000004
2026/10/02 16:10:37.384, 0, 112.54, 68, 58, 150.00, 1500, 150.00, 0x0000000000000004
2026/10/02 16:10:37.585, 0, 99.75, 66, 0, 150.00, 1650, 150.00, 0x0000000000000000
2026/10/02 16:10:37.786, 0, 107.77, 68, 91, 150.00, 795, 150.00, 0x0000000000000004
2026/10/02 16:10:37.987, 0, 127.58, 69, 100, 150.00, 1095, 150.00, 0x0000000000000004
2026/10/02 16:10:38.187, 0, 142.73, 69, 100, 150.00, 780, 150.00, 0x0000000000000004
2026/10/02 16:10:38.388, 0, 129.05, 68, 80, 150.00, 645, 150.00, 0x0000000000000004
2026/10/02 16:10:38.588, 0, 129.58, 67, 9, 150.00, 1650, 150.00, 0x0000000000000000
2026/10/02 16:10:38.789, 0, 122.86, 67, 0, 150.00, 1650, 150.00, 0x0000000000000000
2026/10/02 16:10:38.989, 0, 118.02, 68, 51, 150.00, 1605, 150.00, 0x0000000000000004
2026/10/02 16:10:39.190, 0, 108.37, 68, 16, 150.00, 1380, 150.00, 0x0000000000000004
2026/10/02 16:10:39.390, 0, 99.12, 67, 0, 150.00, 1605, 150.00, 0x0000000000000000
2026/10/02 16:10:39.591, 0, 93.08, 67, 63, 150.00, 1605, 150.00, 0x0000000000000000
2026/10/02 16:10:39.792, 0, 102.73, 66, 0, 150.00, 615, 150.00, 0x0000000000000004
2026/10/02 16:10:39.992, 0, 90.76, 67, 13, 150.00, 1005, 150.00, 0x0000000000000004
2026/10/02 16:10:40.193, 0, 87.17, 68, 68, 150.00, 900, 150.00, 0x0000000000000004
2026/10/02 16:10:40.393, 0, 87.41, 67, 58, 150.00, 1605, 150.00, 0x0000000000000000
2026/10/02 16:10:40.594, 0, 96.73, 67, 0, 150.00, 1065, 150.00, 0x0000000000000004
2026/10/02 16:10:40.795, 0, 104.88, 67, 21, 150.00, 1605, 150.00, 0x0000000000000000
2026/10/02 16:10:40.995, 0, 110.34, 68, 100, 150.00, 780, 150.00, 0x0000000000000004
2026/10/02 16:10:41.196, 0, 115.66, 69, 100, 150.00, 1635, 150.00, 0x0000000000000000
2026/10/02 16:10:41.396, 0, 112.88, 67, 0, 150.00, 1680, 150.00, 0x0000000000000004
2026/10/02 16:10:41.597, 0, 123.00, 68, 66, 150.00, 795, 150.00, 0x0000000000000004
2026/10/02 16:10:41.797, 0, 114.02, 68, 66, 150.00, 1650, 150.00, 0x0000000000000004
2026/10/02 16:10:41.998, 0, 98.51, 68, 4, 150.00, 1215, 150.00, 0x0000000000000004
2026/10/02 16:10:42.199, 0, 96.66, 67, 0, 150.00, 1065, 150.00, 0x0000000000000004
2026/10/02 16:10:42.399, 0, 95.95, 67, 29, 150.00, 1680, 150.00, 0x0000000000000004
2026/10/02 16:10:42.600, 0, 87.98, 67, 0, 150.00, 1680, 150.00, 0x0000000000000004
2026/10/02 16:10:42.801, 0, 83.68, 66, 0, 150.00, 1695, 150.00, 0x0000000000000000
2026/10/02 16:10:43.001, 0, 83.13, 66, 0, 150.00, 1695, 150.00, 0x0000000000000000
2026/10/02 16:10:43.202, 0, 92.73, 68, 56, 150.00, 1605, 150.00, 0x0000000000000004
2026/10/02 16:10:43.402, 0, 66.96, 67, 60, 147.00, 1590, 147.00, 0x0000000000000000
2026/10/02 16:10:43.603, 0, 80.36, 66, 0, 147.00, 615, 147.00, 0x0000000000000004
2026/10/02 16:10:43.804, 0, 76.14, 66, 0, 147.00, 795, 147.00, 0x0000000000000004
2026/10/02 16:10:44.004, 0, 90.92, 68, 48, 147.00, 1575, 147.00, 0x0000000000000004
2026/10/02 16:10:44.205, 0, 110.19, 68, 40, 147.00, 765, 147.00, 0x0000000000000004
2026/10/02 16:10:44.405, 0, 102.14, 67, 17, 147.00, 1590, 147.00, 0x0000000000000000
2026/10/02 16:10:44.606, 0, 101.92, 66, 0, 147.00, 1590, 147.00, 0x0000000000000000
2026/10/02 16:10:44.806, 0, 98.22, 66, 0, 147.00, 1590, 147.00, 0x0000000000000000
2026/10/02 16:10:45.007, 0, 86.58, 66, 0, 147.00, 855, 147.00, 0x0000000000000004
2026/10/02 16:10:45.207, 0, 83.21, 66, 0, 147.00, 570, 147.00, 0x0000000000000004
2026/10/02 16:10:45.408, 0, 86.31, 68, 90, 105.00, 750, 105.00, 0x0000000000000004
2026/10/02 16:10:45.608, 0, 126.36, 67, 91, 105.00, 210, 105.00, 0x0000000000000000
2026/10/02 16:10:45.809, 0, 94.04, 67, 100, 105.00, 855, 105.00, 0x0000000000000000
2026/10/02 16:10:46.010, 0, 95.18, 66, 9, 105.00, 360, 105.00, 0x0000000000000004
2026/10/02 16:10:46.210, 0, 98.04, 67, 100, 105.00, 360, 105.00, 0x0000000000000004
2026/10/02 16:10:46.411, 0, 87.54, 65, 21, 105.00, 855, 105.00, 0x0000000000000000
2026/10/02 16:10:46.612, 0, 80.76, 65, 0, 105.00, 855, 105.00, 0x0000000000000000
2026/10/02 16:10:46.812, 0, 81.41, 66, 28, 105.00, 375, 105.00, 0x0000000000000004
2026/10/02 16:10:47.013, 0, 81.97, 66, 20, 105.00, 375, 105.00, 0x0000000000000004
2026/10/02 16:10:47.214, 0, 72.74, 66, 68, 105.00, 855, 105.00, 0x0000000000000000
2026/10/02 16:10:47.415, 0, 67.61, 65, 0, 105.00, 855, 105.00, 0x0000000000000000
2026/10/02 16:10:47.615, 0, 77.01, 66, 69, 105.00, 360, 105.00, 0x0000000000000004
2026/10/02 16:10:47.816, 0, 79.42, 66, 100, 105.00, 360, 105.00, 0x0000000000000004
2026/10/02 16:10:48.017, 0, 84.16, 66, 100, 105.00, 360, 105.00, 0x0000000000000004
2026/10/02 16:10:48.217, 0, 84.32, 65, 100, 105.00, 825, 105.00, 0x0000000000000000
2026/10/02 16:10:48.418, 0, 84.28, 65, 0, 105.00, 825, 105.00, 0x0000000000000000
2026/10/02 16:10:48.619, 0, 89.27, 66, 87, 105.00, 360, 105.00, 0x0000000000000004
2026/10/02 16:10:48.819, 0, 91.34, 66, 100, 105.00, 300, 105.00, 0x0000000000000000
2026/10/02 16:10:49.020, 0, 91.03, 66, 100, 105.00, 375, 105.00, 0x0000000000000004
2026/10/02 16:10:49.221, 0, 84.71, 65, 91, 105.00, 825, 105.00, 0x0000000000000000
2026/10/02 16:10:49.421, 0, 89.81, 66, 0, 105.00, 330, 105.00, 0x0000000000000004
2026/10/02 16:10:49.622, 0, 90.40, 65, 98, 150.00, 1650, 150.00, 0x0000000000000000
2026/10/02 16:10:49.823, 0, 56.12, 66, 11, 150.00, 1560, 150.00, 0x0000000000000004
2026/10/02 16:10:50.023, 0, 65.83, 65, 0, 150.00, 1680, 150.00, 0x0000000000000004
2026/10/02 16:10:50.224, 0, 78.06, 66, 76, 150.00, 1470, 150.00, 0x0000000000000004
2026/10/02 16:10:50.424, 0, 87.80, 66, 60, 150.00, 1665, 150.00, 0x0000000000000004
2026/10/02 16:10:50.625, 0, 84.29, 65, 0, 150.00, 1680, 150.00, 0x0000000000000004
2026/10/02 16:10:50.825, 0, 82.07, 65, 0, 150.00, 1695, 150.00, 0x0000000000000000
2026/10/02 16:10:51.026, 0, 83.68, 65, 0, 150.00, 1695, 150.00, 0x0000000000000000
2026/10/02 16:10:51.226, 0, 81.74, 66, 8, 150.00, 1530, 150.00, 0x0000000000000004
2026/10/02 16:10:51.427, 0, 74.35, 65, 0, 150.00, 1680, 150.00, 0x0000000000000004
2026/10/02 16:10:51.628, 0, 84.74, 66, 14, 150.00, 1470, 150.00, 0x0000000000000004
2026/10/02 16:10:51.828, 0, 100.85, 68, 96, 150.00, 750, 150.00, 0x0000000000000004
2026/10/02 16:10:52.029, 0, 107.95, 66, 100, 150.00, 1650, 150.00, 0x0000000000000004
2026/10/02 16:10:52.229, 0, 111.19, 66, 47, 150.00, 1650, 150.00, 0x0000000000000004
2026/10/02 16:10:52.430, 0, 112.60, 66, 0, 150.00, 1665, 150.00, 0x0000000000000000
2026/10/02 16:10:52.630, 0, 109.90, 66, 70, 150.00, 1395, 150.00, 0x0000000000000004
2026/10/02 16:10:52.831, 0, 103.51, 66, 0, 150.00, 1485, 150.00, 0x0000000000000004
2026/10/02 16:10:53.032, 0, 87.92, 66, 0, 150.00, 1665, 150.00, 0x0000000000000000
2026/10/02 16:10:53.232, 0, 76.25, 65, 0, 150.00, 1665, 150.00, 0x0000000000000000
2026/10/02 16:10:53.433, 0, 76.99, 66, 0, 150.00, 1245, 150.00, 0x0000000000000000
2026/10/02 16:10:53.633, 0, 68.50, 65, 57, 150.00, 1665, 150.00, 0x0000000000000004
2026/10/02 16:10:53.834, 0, 69.13, 65, 0, 150.00, 1650, 150.00, 0x0000000000000000
2026/10/02 16:10:54.035, 0, 67.67, 66, 3, 150.00, 1500, 150.00, 0x0000000000000004
2026/10/02 16:10:54.235, 0, 67.48, 65, 0, 150.00, 1650, 150.00, 0x0000000000000000
2026/10/02 16:10:54.436, 0, 67.51, 65, 0, 150.00, 1650, 150.00, 0x0000000000000000
2026/10/02 16:10:54.636, 0, 68.40, 65, 0, 150.00, 1650, 150.00, 0x0000000000000000
2026/10/02 16:10:54.837, 0, 83.17, 66, 0, 150.00, 660, 150.00, 0x0000000000000000
2026/10/02 16:10:55.037, 0, 94.68, 66, 75, 150.00, 1635, 150.00, 0x0000000000000004
2026/10/02 16:10:55.238, 0, 95.79, 65, 0, 150.00, 1650, 150.00, 0x0000000000000000
2026/10/02 16:10:55.438, 0, 110.68, 65, 48, 150.00, 1650, 150.00, 0x0000000000000004
2026/10/02 16:10:55.639, 0, 110.77, 65, 0, 150.00, 1650, 150.00, 0x0000000000000000
2026/10/02 16:10:55.840, 0, 107.03, 65, 0, 150.00, 1650, 150.00, 0x0000000000000000
2026/10/02 16:10:56.040, 0, 79.25, 65, 0, 150.00, 1650, 150.00, 0x0000000000000000
2026/10/02 16:10:56.241, 0, 79.98, 65, 0, 150.00, 1650, 150.00, 0x0000000000000000
2026/10/02 16:10:56.441, 0, 79.92, 65, 0, 150.00, 1650, 150.00, 0x0000000000000000
2026/10/02 16:10:56.642, 0, 82.79, 65, 100, 150.00, 1605, 150.00, 0x0000000000000004
2026/10/02 16:10:56.842, 0, 92.17, 67, 4, 150.00, 765, 150.00, 0x0000000000000004
2026/10/02 16:10:57.043, 0, 99.56, 66, 100, 150.00, 1635, 150.00, 0x0000000000000004
2026/10/02 16:10:57.244, 0, 96.80, 65, 0, 150.00, 1650, 150.00, 0x0000000000000000
2026/10/02 16:10:57.444, 0, 97.21, 65, 64, 150.00, 1650, 150.00, 0x0000000000000004
2026/10/02 16:10:57.645, 0, 83.32, 65, 0, 150.00, 1590, 150.00, 0x0000000000000000
2026/10/02 16:10:57.845, 0, 83.54, 65, 64, 150.00, 1650, 150.00, 0x0000000000000000
2026/10/02 16:10:58.046, 0, 79.18, 65, 48, 150.00, 1650, 150.00, 0x0000000000000004
2026/10/02 16:10:58.247, 0, 97.02, 65, 33, 150.00, 1635, 150.00, 0x0000000000000004
2026/10/02 16:10:58.447, 0, 97.96, 66, 0, 150.00, 1335, 150.00, 0x0000000000000004
2026/10/02 16:10:58.648, 0, 95.28, 66, 0, 150.00, 1650, 150.00, 0x0000000000000000
2026/10/02 16:10:58.848, 0, 95.33, 65, 61, 150.00, 1650, 150.00, 0x0000000000000000
2026/10/02 16:10:59.049, 0, 83.21, 65, 0, 150.00, 1650, 150.00, 0x0000000000000000
2026/10/02 16:10:59.249, 0, 91.02, 67, 29, 150.00, 780, 150.00, 0x0000000000000004
2026/10/02 16:10:59.450, 0, 115.18, 67, 100, 150.00, 645, 150.00, 0x0000000000000004
2026/10/02 16:10:59.650, 0, 113.26, 65, 30, 150.00, 1650, 150.00, 0x0000000000000000
2026/10/02 16:10:59.851, 0, 113.99, 65, 0, 150.00, 1650, 150.00, 0x0000000000000000
2026/10/02 16:11:00.051, 0, 117.45, 65, 0, 150.00, 1500, 150.00, 0x0000000000000004
2026/10/02 16:11:00.252, 0, 97.72, 65, 0, 150.00, 1635, 150.00, 0x0000000000000000
2026/10/02 16:11:00.453, 0, 88.77, 67, 95, 150.00, 1050, 150.00, 0x0000000000000004
2026/10/02 16:11:00.653, 0, 88.39, 65, 0, 150.00, 1635, 150.00, 0x0000000000000000
2026/10/02 16:11:00.854, 0, 88.25, 65, 0, 150.00, 1635, 150.00, 0x0000000000000000
2026/10/02 16:11:01.054, 0, 103.29, 66, 52, 150.00, 660, 150.00, 0x0000000000000004
2026/10/02 16:11:01.255, 0, 108.46, 66, 78, 150.00, 1395, 150.00, 0x0000000000000004
2026/10/02 16:11:01.455, 0, 94.07, 65, 0, 150.00, 1635, 150.00, 0x0000000000000000
2026/10/02 16:11:01.656, 0, 87.78, 65, 0, 150.00, 1635, 150.00, 0x0000000000000000
2026/10/02 16:11:01.856, 0, 116.75, 67, 83, 150.00, 750, 150.00, 0x0000000000000004
2026/10/02 16:11:02.057, 0, 56.85, 66, 65, 105.00, 870, 105.00, 0x0000000000000004
2026/10/02 16:11:02.258, 0, 74.86, 65, 58, 105.00, 360, 105.00, 0x0000000000000004
2026/10/02 16:11:02.458, 0, 83.25, 65, 14, 105.00, 255, 105.00, 0x0000000000000000
2026/10/02 16:11:02.659, 0, 81.41, 64, 30, 105.00, 870, 105.00, 0x0000000000000000
2026/10/02 16:11:02.860, 0, 86.43, 65, 100, 105.00, 360, 105.00, 0x0000000000000004
2026/10/02 16:11:03.061, 0, 84.85, 65, 56, 105.00, 870, 105.00, 0x0000000000000004
2026/10/02 16:11:03.261, 0, 81.57, 64, 0, 105.00, 870, 105.00, 0x0000000000000000
2026/10/02 16:11:03.462, 0, 75.02, 63, 0, 105.00, 870, 105.00, 0x0000000000000000
2026/10/02 16:11:03.663, 0, 64.34, 63, 0, 105.00, 870, 105.00, 0x0000000000000000
2026/10/02 16:11:03.864, 0, 59.84, 63, 0, 105.00, 870, 105.00, 0x0000000000000000
2026/10/02 16:11:04.064, 0, 54.76, 63, 0, 105.00, 870, 105.00, 0x0000000000000000
2026/10/02 16:11:04.265, 0, 62.60, 64, 100, 105.00, 390, 105.00, 0x0000000000000004
2026/10/02 16:11:04.466, 0, 73.25, 65, 100, 105.00, 360, 105.00, 0x0000000000000004
2026/10/02 16:11:04.666, 0, 81.05, 65, 100, 105.00, 375, 105.00, 0x0000000000000004
2026/10/02 16:11:04.867, 0, 95.27, 65, 100, 105.00, 360, 105.00, 0x0000000000000004
2026/10/02 16:11:05.068, 0, 100.99, 65, 100, 105.00, 345, 105.00, 0x0000000000000004
2026/10/02 16:11:05.269, 0, 103.53, 65, 100, 105.00, 360, 105.00, 0x0000000000000004
2026/10/02 16:11:05.469, 0, 104.21, 65, 100, 105.00, 360, 105.00, 0x0000000000000004
2026/10/02 16:11:05.670, 0, 104.18, 65, 100, 105.00, 360, 105.00, 0x0000000000000004
2026/10/02 16:11:05.871, 0, 104.21, 65, 100, 105.00, 360, 105.00, 0x0000000000000004
2026/10/02 16:11:06.071, 0, 104.14, 65, 100, 105.00, 360, 105.00, 0x0000000000000004
2026/10/02 16:11:06.272, 0, 107.12, 65, 100, 150.00, 855, 150.00, 0x0000000000000004
2026/10/02 16:11:06.473, 0, 153.21, 66, 100, 150.00, 765, 150.00, 0x0000000000000004
2026/10/02 16:11:06.673, 0, 151.90, 67, 100, 150.00, 750, 150.00, 0x0000000000000004
2026/10/02 16:11:06.874, 0, 148.74, 66, 14, 150.00, 1035, 150.00, 0x0000000000000004
2026/10/02 16:11:07.075, 0, 127.31, 65, 0, 150.00, 1680, 150.00, 0x0000000000000004
2026/10/02 16:11:07.275, 0, 128.39, 65, 43, 150.00, 1590, 150.00, 0x0000000000000004
2026/10/02 16:11:07.476, 0, 111.06, 65, 0, 150.00, 1680, 150.00, 0x0000000000000004
2026/10/02 16:11:07.676, 0, 108.42, 65, 39, 150.00, 1605, 150.00, 0x0000000000000004
2026/10/02 16:11:07.877, 0, 113.07, 66, 38, 150.00, 630, 150.00, 0x0000000000000004
2026/10/02 16:11:08.077, 0, 124.75, 67, 100, 150.00, 795, 150.00, 0x0000000000000004
2026/10/02 16:11:08.278, 0, 118.82, 66, 63, 150.00, 1515, 150.00, 0x0000000000000004
2026/10/02 16:11:08.479, 0, 132.31, 65, 19, 150.00, 1650, 150.00, 0x0000000000000004
2026/10/02 16:11:08.679, 0, 118.51, 65, 62, 150.00, 1500, 150.00, 0x0000000000000004
2026/10/02 16:11:08.880, 0, 119.62, 65, 0, 150.00, 1680, 150.00, 0x0000000000000004
2026/10/02 16:11:09.080, 0, 95.36, 64, 0, 150.00, 1695, 150.00, 0x0000000000000000
2026/10/02 16:11:09.281, 0, 80.41, 64, 0, 150.00, 1695, 150.00, 0x0000000000000000
2026/10/02 16:11:09.482, 0, 69.04, 64, 0, 150.00, 1695, 150.00, 0x0000000000000000
2026/10/02 16:11:09.682, 0, 80.29, 64, 0, 150.00, 1695, 150.00, 0x0000000000000000
2026/10/02 16:11:09.883, 0, 92.18, 66, 65, 150.00, 765, 150.00, 0x0000000000000004
2026/10/02 16:11:10.084, 0, 93.94, 65, 0, 150.00, 1680, 150.00, 0x0000000000000004
2026/10/02 16:11:10.284, 0, 105.93, 65, 16, 150.00, 915, 150.00, 0x0000000000000004
2026/10/02 16:11:10.484, 0, 104.29, 65, 0, 150.00, 1665, 150.00, 0x0000000000000000
2026/10/02 16:11:10.685, 0, 100.88, 64, 0, 150.00, 1665, 150.00, 0x0000000000000000
2026/10/02 16:11:10.886, 0, 88.31, 64, 0, 150.00, 1665, 150.00, 0x0000000000000000
2026/10/02 16:11:11.086, 0, 95.37, 65, 43, 150.00, 1095, 150.00, 0x0000000000000004
2026/10/02 16:11:11.287, 0, 94.17, 64, 0, 150.00, 1665, 150.00, 0x0000000000000004
2026/10/02 16:11:11.488, 0, 97.36, 65, 10, 150.00, 1365, 150.00, 0x0000000000000004
2026/10/02 16:11:11.688, 0, 93.96, 64, 0, 150.00, 1665, 150.00, 0x0000000000000004
2026/10/02 16:11:11.889, 0, 113.06, 66, 29, 150.00, 645, 150.00, 0x0000000000000000
2026/10/02 16:11:12.089, 0, 101.85, 66, 100, 150.00, 795, 150.00, 0x0000000000000004
2026/10/02 16:11:12.290, 0, 111.12, 65, 27, 150.00, 1635, 150.00, 0x0000000000000004
2026/10/02 16:11:12.490, 0, 102.65, 65, 0, 150.00, 1665, 150.00, 0x0000000000000004
2026/10/02 16:11:12.691, 0, 123.27, 65, 19, 150.00, 1665, 150.00, 0x0000000000000004
2026/10/02 16:11:12.891, 0, 133.14, 66, 100, 150.00, 795, 150.00, 0x0000000000000004
2026/10/02 16:11:13.092, 0, 117.35, 65, 0, 150.00, 1665, 150.00, 0x0000000000000004
2026/10/02 16:11:13.293, 0, 102.90, 64, 0, 150.00, 1665, 150.00, 0x0000000000000000
2026/10/02 16:11:13.493, 0, 96.85, 64, 0, 150.00, 1665, 150.00, 0x0000000000000000
2026/10/02 16:11:13.694, 0, 82.06, 64, 0, 150.00, 1665, 150.00, 0x0000000000000000
2026/10/02 16:11:13.894, 0, 75.51, 64, 0, 150.00, 1665, 150.00, 0x0000000000000000
2026/10/02 16:11:14.095, 0, 75.51, 64, 0, 150.00, 1665, 150.00, 0x0000000000000000
2026/10/02 16:11:14.295, 0, 75.51, 64, 0, 150.00, 1665, 150.00, 0x0000000000000000
2026/10/02 16:11:14.496, 0, 75.51, 64, 0, 150.00, 1665, 150.00, 0x0000000000000000
2026/10/02 16:11:14.697, 0, 120.84, 64, 55, 150.00, 1620, 150.00, 0x0000000000000004
2026/10/02 16:11:14.897, 0, 120.88, 64, 0, 150.00, 1665, 150.00, 0x0000000000000000
2026/10/02 16:11:15.098, 0, 112.08, 63, 0, 150.00, 1665, 150.00, 0x0000000000000000
2026/10/02 16:11:15.298, 0, 115.49, 65, 46, 150.00, 1035, 150.00, 0x0000000000000004
2026/10/02 16:11:15.499, 0, 118.06, 65, 19, 150.00, 630, 150.00, 0x0000000000000000
2026/10/02 16:11:15.699, 0, 98.43, 64, 30, 150.00, 1665, 150.00, 0x0000000000000004
2026/10/02 16:11:15.900, 0, 117.58, 64, 38, 150.00, 1650, 150.00, 0x0000000000000004
2026/10/02 16:11:16.101, 0, 117.71, 64, 0, 150.00, 1665, 150.00, 0x0000000000000000
2026/10/02 16:11:16.301, 0, 121.35, 64, 5, 150.00, 1665, 150.00, 0x0000000000000004
2026/10/02 16:11:16.502, 0, 121.99, 65, 19, 150.00, 645, 150.00, 0x0000000000000000
2026/10/02 16:11:16.703, 0, 116.34, 66, 100, 150.00, 795, 150.00, 0x0000000000000004
2026/10/02 16:11:16.903, 0, 117.65, 66, 52, 150.00, 1155, 150.00, 0x0000000000000004
2026/10/02 16:11:17.104, 0, 139.87, 66, 30, 150.00, 660, 150.00, 0x0000000000000000
2026/10/02 16:11:17.304, 0, 124.05, 64, 0, 150.00, 1665, 150.00, 0x0000000000000000
2026/10/02 16:11:17.505, 0, 135.34, 64, 46, 150.00, 1635, 150.00, 0x0000000000000004
2026/10/02 16:11:17.705, 0, 115.99, 64, 0, 150.00, 1665, 150.00, 0x0000000000000000
2026/10/02 16:11:17.906, 0, 104.40, 64, 0, 150.00, 1665, 150.00, 0x0000000000000000
2026/10/02 16:11:18.107, 0, 100.98, 65, 60, 150.00, 1380, 150.00, 0x0000000000000004
2026/10/02 16:11:18.307, 0, 86.35, 64, 0, 150.00, 1665, 150.00, 0x0000000000000000
2026/10/02 16:11:18.508, 0, 74.12, 63, 0, 150.00, 1665, 150.00, 0x0000000000000000
2026/10/02 16:11:18.708, 0, 75.36, 63, 0, 150.00, 1695, 150.00, 0x0000000000000000
2026/10/02 16:11:18.909, 0, 75.73, 63, 0, 150.00, 1695, 150.00, 0x0000000000000000
2026/10/02 16:11:19.109, 0, 91.10, 65, 29, 150.00, 660, 150.00, 0x0000000000000000
2026/10/02 16:11:19.310, 0, 94.19, 65, 59, 150.00, 1290, 150.00, 0x0000000000000004
2026/10/02 16:11:19.510, 0, 91.55, 64, 0, 150.00, 1680, 150.00, 0x0000000000000004
2026/10/02 16:11:19.711, 0, 109.35, 65, 24, 150.00, 660, 150.00, 0x0000000000000004
2026/10/02 16:11:19.912, 0, 108.03, 64, 0, 150.00, 1680, 150.00, 0x0000000000000004
2026/10/02 16:11:20.112, 0, 104.44, 63, 0, 150.00, 1680, 150.00, 0x0000000000000004
2026/10/02 16:11:20.313, 0, 90.48, 63, 0, 150.00, 1695, 150.00, 0x0000000000000000
2026/10/02 16:11:20.513, 0, 82.49, 63, 0, 150.00, 1695, 150.00, 0x0000000000000000
2026/10/02 16:11:20.714, 0, 82.58, 63, 0, 150.00, 1695, 150.00, 0x0000000000000000
2026/10/02 16:11:20.914, 0, 86.72, 64, 0, 150.00, 1065, 150.00, 0x0000000000000000
2026/10/02 16:11:21.115, 0, 86.81, 64, 65, 150.00, 1035, 150.00, 0x0000000000000004
2026/10/02 16:11:21.316, 0, 95.38, 65, 65, 150.00, 1395, 150.00, 0x0000000000000004
2026/10/02 16:11:21.516, 0, 94.89, 63, 0, 150.00, 1680, 150.00, 0x0000000000000004
2026/10/02 16:11:21.717, 0, 94.77, 63, 0, 150.00, 990, 150.00, 0x0000000000000004
2026/10/02 16:11:21.918, 0, 95.48, 64, 56, 150.00, 1620, 150.00, 0x0000000000000004
2026/10/02 16:11:22.118, 0, 82.59, 63, 0, 150.00, 1680, 150.00, 0x0000000000000004
2026/10/02 16:11:22.319, 0, 95.08, 65, 24, 150.00, 660, 150.00, 0x0000000000000000
2026/10/02 16:11:22.519, 0, 110.94, 65, 39, 150.00, 630, 150.00, 0x0000000000000004
2026/10/02 16:11:22.720, 0, 117.92, 64, 31, 105.00, 810, 150.00, 0x0000000000000004
2026/10/02 16:11:22.920, 0, 49.19, 63, 0, 105.00, 810, 105.00, 0x0000000000000000
2026/10/02 16:11:23.121, 0, 89.45, 64, 100, 105.00, 375, 105.00, 0x0000000000000004
2026/10/02 16:11:23.322, 0, 95.51, 64, 100, 105.00, 375, 105.00, 0x0000000000000004
2026/10/02 16:11:23.522, 0, 91.83, 63, 76, 105.00, 810, 105.00, 0x0000000000000004
2026/10/02 16:11:23.723, 0, 82.33, 62, 0, 105.00, 810, 105.00, 0x0000000000000000
2026/10/02 16:11:23.924, 0, 76.25, 63, 0, 105.00, 405, 105.00, 0x0000000000000000
2026/10/02 16:11:24.125, 0, 80.07, 63, 100, 105.00, 375, 105.00, 0x0000000000000004
2026/10/02 16:11:24.325, 0, 75.17, 63, 25, 105.00, 375, 105.00, 0x0000000000000000
2026/10/02 16:11:24.526, 0, 74.91, 64, 100, 105.00, 375, 105.00, 0x0000000000000004
2026/10/02 16:11:24.727, 0, 83.91, 64, 100, 105.00, 360, 105.00, 0x0000000000000004
2026/10/02 16:11:24.927, 0, 64.36, 63, 6, 150.00, 1695, 150.00, 0x0000000000000004
2026/10/02 16:11:25.128, 0, 69.57, 63, 0, 150.00, 1695, 150.00, 0x0000000000000000
2026/10/02 16:11:25.328, 0, 108.41, 63, 23, 150.00, 1665, 150.00, 0x0000000000000004
2026/10/02 16:11:25.529, 0, 95.22, 63, 0, 150.00, 1680, 150.00, 0x0000000000000004
2026/10/02 16:11:25.729, 0, 88.78, 64, 0, 150.00, 1050, 150.00, 0x0000000000000000
2026/10/02 16:11:25.930, 0, 90.97, 64, 53, 150.00, 1620, 150.00, 0x0000000000000004
2026/10/02 16:11:26.130, 0, 88.83, 63, 0, 150.00, 1680, 150.00, 0x0000000000000004
2026/10/02 16:11:26.331, 0, 86.67, 63, 33, 150.00, 1650, 150.00, 0x0000000000000004
2026/10/02 16:11:26.531, 0, 87.42, 63, 0, 150.00, 1680, 150.00, 0x0000000000000004
2026/10/02 16:11:26.732, 0, 87.50, 63, 0, 150.00, 1695, 150.00, 0x0000000000000000
2026/10/02 16:11:26.933, 0, 80.89, 63, 0, 150.00, 1695, 150.00, 0x0000000000000000
2026/10/02 16:11:27.133, 0, 93.29, 65, 78, 150.00, 735, 150.00, 0x0000000000000004
2026/10/02 16:11:27.334, 0, 78.43, 63, 0, 150.00, 1680, 150.00, 0x0000000000000004
2026/10/02 16:11:27.535, 0, 79.34, 63, 0, 150.00, 1680, 150.00, 0x0000000000000004
2026/10/02 16:11:27.735, 0, 86.44, 64, 73, 150.00, 795, 150.00, 0x0000000000000004
2026/10/02 16:11:27.936, 0, 86.31, 63, 0, 150.00, 1680, 150.00, 0x0000000000000004
2026/10/02 16:11:28.136, 0, 101.14, 65, 100, 150.00, 795, 150.00, 0x0000000000000004
2026/10/02 16:11:28.337, 0, 107.31, 65, 84, 150.00, 1500, 150.00, 0x0000000000000004
2026/10/02 16:11:28.538, 0, 107.26, 64, 4, 150.00, 690, 150.00, 0x0000000000000004
2026/10/02 16:11:28.738, 0, 106.21, 64, 0, 150.00, 1155, 150.00, 0x0000000000000004
2026/10/02 16:11:28.939, 0, 99.06, 63, 0, 150.00, 1680, 150.00, 0x0000000000000004
2026/10/02 16:11:29.139, 0, 107.06, 65, 100, 150.00, 795, 150.00, 0x0000000000000004
2026/10/02 16:11:29.340, 0, 99.30, 65, 70, 150.00, 975, 150.00, 0x0000000000000004
2026/10/02 16:11:29.540, 0, 102.01, 65, 58, 150.00, 1605, 150.00, 0x0000000000000004
2026/10/02 16:11:29.741, 0, 118.32, 66, 22, 150.00, 630, 150.00, 0x0000000000000004
2026/10/02 16:11:29.942, 0, 117.23, 64, 0, 150.00, 1680, 150.00, 0x0000000000000004
2026/10/02 16:11:30.142, 0, 102.77, 63, 0, 150.00, 1680, 150.00, 0x0000000000000004
2026/10/02 16:11:30.343, 0, 95.42, 64, 63, 150.00, 1335, 150.00, 0x0000000000000004
2026/10/02 16:11:30.543, 0, 101.82, 65, 17, 150.00, 645, 150.00, 0x0000000000000004
2026/10/02 16:11:30.744, 0, 99.28, 63, 0, 150.00, 1680, 150.00, 0x0000000000000004
2026/10/02 16:11:30.944, 0, 87.37, 63, 0, 150.00, 1680, 150.00, 0x0000000000000004
2026/10/02 16:11:31.145, 0, 99.62, 64, 40, 150.00, 1635, 150.00, 0x0000000000000004
2026/10/02 16:11:31.346, 0, 122.14, 65, 92, 150.00, 795, 150.00, 0x0000000000000004
2026/10/02 16:11:31.546, 0, 130.82, 65, 14, 150.00, 600, 150.00, 0x0000000000000004
2026/10/02 16:11:31.747, 0, 118.90, 64, 0, 150.00, 1680, 150.00, 0x0000000000000004
2026/10/02 16:11:31.947, 0, 118.95, 63, 0, 150.00, 1680, 150.00, 0x0000000000000004
2026/10/02 16:11:32.148, 0, 105.60, 63, 0, 150.00, 1680, 150.00, 0x0000000000000000
2026/10/02 16:11:32.348, 0, 103.33, 64, 52, 150.00, 1170, 150.00, 0x0000000000000004
2026/10/02 16:11:32.549, 0, 93.29, 65, 81, 150.00, 810, 150.00, 0x0000000000000004
2026/10/02 16:11:32.750, 0, 99.30, 65, 32, 150.00, 645, 150.00, 0x0000000000000004
2026/10/02 16:11:32.950, 0, 98.26, 64, 0, 150.00, 1680, 150.00, 0x0000000000000004
2026/10/02 16:11:33.151, 0, 120.54, 65, 100, 150.00, 795, 150.00, 0x0000000000000004
2026/10/02 16:11:33.351, 0, 134.21, 66, 100, 150.00, 795, 150.00, 0x0000000000000004
2026/10/02 16:11:33.552, 0, 136.70, 65, 33, 150.00, 660, 150.00, 0x0000000000000004
2026/10/02 16:11:33.752, 0, 146.41, 66, 100, 150.00, 795, 150.00, 0x0000000000000004
2026/10/02 16:11:33.953, 0, 148.64, 66, 100, 150.00, 795, 150.00, 0x0000000000000004
2026/10/02 16:11:34.154, 0, 133.36, 64, 0, 150.00, 1680, 150.00, 0x0000000000000004
2026/10/02 16:11:34.354, 0, 133.17, 64, 23, 150.00, 1665, 150.00, 0x0000000000000004
2026/10/02 16:11:34.555, 0, 128.41, 64, 60, 150.00, 1470, 150.00, 0x0000000000000004
2026/10/02 16:11:34.755, 0, 117.76, 65, 50, 150.00, 735, 150.00, 0x0000000000000004
2026/10/02 16:11:34.956, 0, 114.59, 65, 69, 150.00, 1410, 150.00, 0x0000000000000004
2026/10/02 16:11:35.156, 0, 118.96, 65, 17, 150.00, 600, 150.00, 0x0000000000000004
2026/10/02 16:11:35.357, 0, 119.11, 66, 100, 150.00, 1125, 150.00, 0x0000000000000004
2026/10/02 16:11:35.558, 0, 128.36, 64, 6, 150.00, 1680, 150.00, 0x0000000000000004
2026/10/02 16:11:35.758, 0, 126.88, 64, 0, 150.00, 1680, 150.00, 0x0000000000000004
2026/10/02 16:11:35.959, 0, 130.56, 65, 95, 150.00, 780, 150.00, 0x0000000000000004
2026/10/02 16:11:36.159, 0, 133.43, 64, 4, 150.00, 1680, 150.00, 0x0000000000000004
2026/10/02 16:11:36.360, 0, 114.99, 64, 0, 150.00, 1680, 150.00, 0x0000000000000004
2026/10/02 16:11:36.561, 0, 97.72, 64, 60, 150.00, 1575, 150.00, 0x0000000000000004
2026/10/02 16:11:36.761, 0, 101.80, 64, 0, 150.00, 1680, 150.00, 0x0000000000000004
2026/10/02 16:11:36.962, 0, 78.54, 65, 2, 150.00, 1365, 150.00, 0x0000000000000004
2026/10/02 16:11:37.162, 0, 72.50, 64, 64, 150.00, 1680, 150.00, 0x0000000000000004
2026/10/02 16:11:37.363, 0, 59.88, 63, 0, 128.00, 1470, 128.00, 0x0000000000000000
2026/10/02 16:11:37.563, 0, 108.20, 65, 11, 128.00, 615, 128.00, 0x0000000000000004
2026/10/02 16:11:37.764, 0, 109.50, 64, 100, 128.00, 1290, 128.00, 0x0000000000000004
2026/10/02 16:11:37.965, 0, 104.30, 64, 85, 128.00, 1470, 128.00, 0x0000000000000000
2026/10/02 16:11:38.165, 0, 119.46, 65, 28, 128.00, 615, 128.00, 0x0000000000000004
2026/10/02 16:11:38.366, 0, 108.37, 64, 62, 128.00, 1470, 128.00, 0x0000000000000000
2026/10/02 16:11:38.566, 0, 101.18, 63, 0, 128.00, 1470, 128.00, 0x0000000000000000
2026/10/02 16:11:38.767, 0, 93.96, 63, 82, 128.00, 1470, 128.00, 0x0000000000000000
2026/10/02 16:11:38.968, 0, 87.55, 65, 0, 128.00, 540, 128.00, 0x0000000000000004
2026/10/02 16:11:39.168, 0, 85.07, 65, 97, 128.00, 1140, 128.00, 0x0000000000000004
2026/10/02 16:11:39.369, 0, 78.82, 63, 2, 105.00, 1260, 105.00, 0x0000000000000000
2026/10/02 16:11:39.570, 0, 53.40, 63, 0, 105.00, 210, 105.00, 0x0000000000000000
2026/10/02 16:11:39.770, 0, 85.40, 64, 88, 105.00, 390, 105.00, 0x0000000000000004
2026/10/02 16:11:39.971, 0, 94.28, 64, 100, 105.00, 390, 105.00, 0x0000000000000004
2026/10/02 16:11:40.171, 0, 98.07, 64, 100, 105.00, 390, 105.00, 0x0000000000000004
2026/10/02 16:11:40.372, 0, 100.00, 64, 100, 105.00, 210, 105.00, 0x0000000000000004
2026/10/02 16:11:40.572, 0, 103.46, 64, 100, 105.00, 375, 105.00, 0x0000000000000004
2026/10/02 16:11:40.773, 0, 104.67, 64, 100, 105.00, 390, 105.00, 0x0000000000000004
2026/10/02 16:11:40.974, 0, 104.81, 64, 100, 105.00, 390, 105.00, 0x0000000000000004
2026/10/02 16:11:41.174, 0, 104.68, 64, 100, 105.00, 390, 105.00, 0x0000000000000004
2026/10/02 16:11:41.375, 0, 103.45, 64, 100, 105.00, 345, 105.00, 0x0000000000000004
2026/10/02 16:11:41.575, 0, 162.65, 65, 100, 150.00, 765, 150.00, 0x0000000000000004
2026/10/02 16:11:41.776, 0, 152.32, 66, 100, 150.00, 795, 150.00, 0x0000000000000004
2026/10/02 16:11:41.977, 0, 152.44, 66, 100, 150.00, 780, 150.00, 0x0000000000000004
2026/10/02 16:11:42.177, 0, 152.36, 66, 100, 150.00, 750, 150.00, 0x0000000000000004
2026/10/02 16:11:42.378, 0, 150.81, 66, 100, 150.00, 675, 150.00, 0x0000000000000004
2026/10/02 16:11:42.578, 0, 150.37, 66, 100, 150.00, 765, 150.00, 0x0000000000000004
2026/10/02 16:11:42.779, 0, 150.40, 66, 100, 150.00, 780, 150.00, 0x0000000000000004
2026/10/02 16:11:42.980, 0, 150.36, 67, 100, 150.00, 765, 150.00, 0x0000000000000004
2026/10/02 16:11:43.180, 0, 150.28, 67, 100, 150.00, 735, 150.00, 0x0000000000000004
2026/10/02 16:11:43.381, 0, 149.79, 67, 100, 150.00, 735, 150.00, 0x0000000000000004
2026/10/02 16:11:43.581, 0, 150.15, 67, 100, 150.00, 750, 150.00, 0x0000000000000004
2026/10/02 16:11:43.782, 0, 150.36, 67, 100, 150.00, 765, 150.00, 0x0000000000000004
2026/10/02 16:11:43.983, 0, 136.21, 65, 80, 150.00, 1680, 150.00, 0x0000000000000004
2026/10/02 16:11:44.183, 0, 132.89, 66, 0, 150.00, 810, 150.00, 0x0000000000000004
2026/10/02 16:11:44.384, 0, 126.05, 65, 97, 150.00, 1665, 150.00, 0x0000000000000004
2026/10/02 16:11:44.584, 0, 123.63, 65, 44, 150.00, 1650, 150.00, 0x0000000000000004
2026/10/02 16:11:44.785, 0, 108.99, 64, 0, 150.00, 855, 150.00, 0x0000000000000004
2026/10/02 16:11:44.985, 0, 100.11, 65, 62, 150.00, 1470, 150.00, 0x0000000000000004
2026/10/02 16:11:45.186, 0, 106.07, 65, 63, 150.00, 1680, 150.00, 0x0000000000000004
2026/10/02 16:11:45.387, 0, 102.65, 66, 58, 150.00, 795, 150.00, 0x0000000000000004
2026/10/02 16:11:45.587, 0, 108.34, 67, 100, 150.00, 720, 150.00, 0x0000000000000004
2026/10/02 16:11:45.788, 0, 115.80, 66, 100, 150.00, 1650, 150.00, 0x0000000000000004
2026/10/02 16:11:45.988, 0, 124.89, 66, 0, 150.00, 1200, 150.00, 0x0000000000000004
2026/10/02 16:11:46.189, 0, 126.17, 65, 77, 150.00, 1185, 150.00, 0x0000000000000004
2026/10/02 16:11:46.389, 0, 132.38, 67, 77, 150.00, 795, 150.00, 0x0000000000000004
2026/10/02 16:11:46.590, 0, 132.30, 67, 100, 150.00, 1245, 150.00, 0x0000000000000004
2026/10/02 16:11:46.790, 0, 114.43, 65, 18, 150.00, 1005, 150.00, 0x0000000000000004
2026/10/02 16:11:46.991, 0, 129.36, 67, 82, 150.00, 795, 150.00, 0x0000000000000004
2026/10/02 16:11:47.192, 0, 128.35, 67, 100, 150.00, 795, 150.00, 0x0000000000000004
2026/10/02 16:11:47.392, 0, 137.01, 67, 100, 150.00, 795, 150.00, 0x0000000000000004
2026/10/02 16:11:47.593, 0, 128.30, 66, 100, 150.00, 1665, 150.00, 0x0000000000000004
2026/10/02 16:11:47.793, 0, 131.35, 66, 66, 150.00, 1395, 150.00, 0x0000000000000004
2026/10/02 16:11:47.994, 0, 125.46, 66, 0, 150.00, 1560, 150.00, 0x0000000000000004
2026/10/02 16:11:48.194, 0, 118.11, 65, 61, 150.00, 1665, 150.00, 0x0000000000000004
2026/10/02 16:11:48.395, 0, 103.08, 65, 0, 150.00, 1035, 150.00, 0x0000000000000004
2026/10/02 16:11:48.595, 0, 101.40, 67, 81, 150.00, 735, 150.00, 0x0000000000000004
2026/10/02 16:11:48.796, 0, 109.92, 67, 100, 150.00, 780, 150.00, 0x0000000000000004
2026/10/02 16:11:48.997, 0, 122.55, 67, 100, 150.00, 780, 150.00, 0x0000000000000004
2026/10/02 16:11:49.197, 0, 128.84, 67, 100, 150.00, 1050, 150.00, 0x0000000000000004
2026/10/02 16:11:49.398, 0, 141.42, 67, 87, 150.00, 1200, 150.00, 0x0000000000000004
2026/10/02 16:11:49.599, 0, 134.30, 65, 22, 150.00, 1680, 150.00, 0x0000000000000004
2026/10/02 16:11:49.799, 0, 139.32, 67, 46, 150.00, 1110, 150.00, 0x0000000000000004
2026/10/02 16:11:50.000, 0, 140.26, 67, 76, 150.00, 750, 150.00, 0x0000000000000004
2026/10/02 16:11:50.201, 0, 140.13, 67, 100, 150.00, 780, 150.00, 0x0000000000000004
2026/10/02 16:11:50.401, 0, 126.78, 66, 69, 150.00, 1680, 150.00, 0x0000000000000004
2026/10/02 16:11:50.602, 0, 120.92, 66, 5, 150.00, 1560, 150.00, 0x0000000000000004
2026/10/02 16:11:50.802, 0, 119.14, 67, 0, 150.00, 660, 150.00, 0x0000000000000004
2026/10/02 16:11:51.003, 0, 118.94, 67, 47, 150.00, 1005, 150.00, 0x0000000000000004
2026/10/02 16:11:51.203, 0, 98.75, 65, 27, 150.00, 1680, 150.00, 0x0000000000000004
2026/10/02 16:11:51.404, 0, 91.66, 65, 0, 150.00, 1680, 150.00, 0x0000000000000004
2026/10/02 16:11:51.605, 0, 96.55, 66, 0, 150.00, 795, 150.00, 0x0000000000000004
2026/10/02 16:11:51.805, 0, 110.92, 67, 60, 150.00, 1335, 150.00, 0x0000000000000004
2026/10/02 16:11:52.006, 0, 109.50, 66, 28, 150.00, 1245, 150.00, 0x0000000000000004
2026/10/02 16:11:52.206, 0, 118.59, 67, 58, 150.00, 750, 150.00, 0x0000000000000004
2026/10/02 16:11:52.407, 0, 133.58, 67, 100, 150.00, 750, 150.00, 0x0000000000000004
2026/10/02 16:11:52.607, 0, 153.57, 67, 78, 150.00, 735, 150.00, 0x0000000000000004
2026/10/02 16:11:52.808, 0, 154.64, 66, 100, 150.00, 1365, 150.00, 0x0000000000000004
2026/10/02 16:11:53.009, 0, 159.04, 67, 53, 150.00, 1575, 150.00, 0x0000000000000004
2026/10/02 16:11:53.209, 0, 141.14, 65, 0, 150.00, 1680, 150.00, 0x0000000000000004
2026/10/02 16:11:53.409, 0, 136.37, 67, 0, 150.00, 750, 150.00, 0x0000000000000004
2026/10/02 16:11:53.610, 0, 136.52, 67, 100, 150.00, 1515, 150.00, 0x0000000000000004
2026/10/02 16:11:53.811, 0, 116.15, 65, 11, 150.00, 1680, 150.00, 0x0000000000000004
2026/10/02 16:11:54.011, 0, 106.75, 65, 0, 150.00, 1695, 150.00, 0x0000000000000004
2026/10/02 16:11:54.212, 0, 111.58, 66, 0, 150.00, 1425, 150.00, 0x0000000000000004
2026/10/02 16:11:54.412, 0, 112.43, 66, 18, 150.00, 690, 150.00, 0x0000000000000004
2026/10/02 16:11:54.613, 0, 97.47, 66, 78, 150.00, 1650, 150.00, 0x0000000000000004
2026/10/02 16:11:54.813, 0, 101.43, 66, 45, 150.00, 1680, 150.00, 0x0000000000000004
2026/10/02 16:11:55.014, 0, 112.89, 66, 19, 150.00, 1665, 150.00, 0x0000000000000004
2026/10/02 16:11:55.215, 0, 112.80, 65, 0, 150.00, 1680, 150.00, 0x0000000000000004
2026/10/02 16:11:55.415, 0, 101.62, 65, 0, 150.00, 1695, 150.00, 0x0000000000000000
2026/10/02 16:11:55.616, 0, 114.55, 66, 22, 150.00, 795, 150.00, 0x0000000000000004
2026/10/02 16:11:55.816, 0, 116.71, 66, 100, 150.00, 1530, 150.00, 0x0000000000000004
2026/10/02 16:11:56.017, 0, 123.68, 67, 48, 150.00, 1500, 150.00, 0x0000000000000004
2026/10/02 16:11:56.217, 0, 131.40, 67, 13, 150.00, 795, 150.00, 0x0000000000000004
2026/10/02 16:11:56.418, 0, 138.09, 66, 100, 150.00, 1665, 150.00, 0x0000000000000004
2026/10/02 16:11:56.619, 0, 135.93, 67, 0, 150.00, 795, 150.00, 0x0000000000000004
2026/10/02 16:11:56.819, 0, 129.85, 66, 100, 150.00, 1620, 150.00, 0x0000000000000004
2026/10/02 16:11:57.020, 0, 112.56, 65, 0, 150.00, 1680, 150.00, 0x0000000000000004
2026/10/02 16:11:57.220, 0, 118.59, 66, 33, 150.00, 660, 150.00, 0x0000000000000004
2026/10/02 16:11:57.421, 0, 102.88, 66, 63, 150.00, 630, 150.00, 0x0000000000000004
2026/10/02 16:11:57.622, 0, 109.53, 66, 93, 150.00, 1665, 150.00, 0x0000000000000004
2026/10/02 16:11:57.822, 0, 103.21, 67, 0, 150.00, 795, 150.00, 0x0000000000000004
2026/10/02 16:11:58.022, 0, 108.15, 66, 100, 150.00, 1680, 150.00, 0x0000000000000004
2026/10/02 16:11:58.223, 0, 93.97, 66, 0, 150.00, 1620, 150.00, 0x0000000000000004
2026/10/02 16:11:58.424, 0, 95.56, 65, 0, 150.00, 1680, 150.00, 0x0000000000000004
2026/10/02 16:11:58.624, 0, 89.08, 65, 0, 150.00, 585, 150.00, 0x0000000000000000
2026/10/02 16:11:58.825, 0, 90.31, 65, 64, 150.00, 1680, 150.00, 0x0000000000000004
2026/10/02 16:11:59.025, 0, 90.25, 67, 45, 150.00, 795, 150.00, 0x0000000000000004
2026/10/02 16:11:59.226, 0, 92.40, 65, 84, 150.00, 570, 150.00, 0x0000000000000004
2026/10/02 16:11:59.426, 0, 104.96, 67, 64, 150.00, 795, 150.00, 0x0000000000000004
2026/10/02 16:11:59.627, 0, 120.19, 67, 100, 150.00, 780, 150.00, 0x0000000000000004
2026/10/02 16:11:59.827, 0, 134.85, 67, 100, 150.00, 780, 150.00, 0x0000000000000004
2026/10/02 16:12:00.028, 0, 137.92, 68, 100, 150.00, 780, 150.00, 0x0000000000000004
2026/10/02 16:12:00.229, 0, 141.72, 68, 100, 150.00, 735, 150.00, 0x0000000000000004
2026/10/02 16:12:00.429, 0, 155.58, 68, 100, 150.00, 765, 150.00, 0x0000000000000004
2026/10/02 16:12:00.630, 0, 150.62, 68, 100, 150.00, 780, 150.00, 0x0000000000000004
2026/10/02 16:12:00.830, 0, 150.64, 68, 100, 150.00, 780, 150.00, 0x0000000000000004
2026/10/02 16:12:01.031, 0, 150.67, 68, 100, 150.00, 750, 150.00, 0x0000000000000004
2026/10/02 16:12:01.231, 0, 149.76, 68, 100, 150.00, 705, 150.00, 0x0000000000000004
2026/10/02 16:12:01.432, 0, 150.16, 68, 100, 150.00, 750, 150.00, 0x0000000000000004
2026/10/02 16:12:01.633, 0, 150.41, 68, 100, 150.00, 765, 150.00, 0x0000000000000004
2026/10/02 16:12:01.833, 0, 150.50, 68, 100, 150.00, 765, 150.00, 0x0000000000000004
2026/10/02 16:12:02.034, 0, 147.57, 68, 99, 150.00, 1590, 150.00, 0x0000000000000004
2026/10/02 16:12:02.234, 0, 138.47, 67, 0, 150.00, 1590, 150.00, 0x0000000000000004
2026/10/02 16:12:02.435, 0, 124.78, 66, 0, 150.00, 1680, 150.00, 0x0000000000000004
2026/10/02 16:12:02.636, 0, 124.79, 67, 0, 150.00, 1260, 150.00, 0x0000000000000004
2026/10/02 16:12:02.836, 0, 108.88, 66, 32, 150.00, 1680, 150.00, 0x0000000000000004
2026/10/02 16:12:03.037, 0, 107.50, 67, 0, 150.00, 1185, 150.00, 0x0000000000000004
2026/10/02 16:12:03.237, 0, 101.87, 65, 36, 150.00, 1680, 150.00, 0x0000000000000004
2026/10/02 16:12:03.438, 0, 115.69, 67, 45, 150.00, 780, 150.00, 0x0000000000000004
2026/10/02 16:12:03.638, 0, 130.60, 68, 100, 150.00, 780, 150.00, 0x0000000000000004
2026/10/02 16:12:03.839, 0, 135.11, 68, 100, 150.00, 735, 150.00, 0x0000000000000004
2026/10/02 16:12:04.040, 0, 155.71, 68, 100, 150.00, 1200, 150.00, 0x0000000000000004
2026/10/02 16:12:04.240, 0, 142.17, 66, 37, 150.00, 1680, 150.00, 0x0000000000000004
2026/10/02 16:12:04.441, 0, 133.49, 67, 0, 150.00, 735, 150.00, 0x0000000000000004
2026/10/02 16:12:04.641, 0, 124.47, 68, 62, 150.00, 795, 150.00, 0x0000000000000004
2026/10/02 16:12:04.842, 0, 116.28, 68, 65, 150.00, 1530, 150.00, 0x0000000000000004
2026/10/02 16:12:05.043, 0, 104.83, 68, 6, 150.00, 780, 150.00, 0x0000000000000004
2026/10/02 16:12:05.243, 0, 107.56, 68, 100, 150.00, 1470, 150.00, 0x0000000000000004
2026/10/02 16:12:05.444, 0, 120.16, 68, 17, 150.00, 780, 150.00, 0x0000000000000004
2026/10/02 16:12:05.644, 0, 125.31, 66, 100, 150.00, 1125, 150.00, 0x0000000000000004
2026/10/02 16:12:05.845, 0, 133.04, 67, 59, 150.00, 1590, 150.00, 0x0000000000000004
2026/10/02 16:12:06.046, 0, 139.72, 68, 10, 150.00, 795, 150.00, 0x0000000000000004
2026/10/02 16:12:06.246, 0, 143.25, 68, 100, 150.00, 780, 150.00, 0x0000000000000004
2026/10/02 16:12:06.447, 0, 143.49, 66, 100, 150.00, 660, 150.00, 0x0000000000000004
2026/10/02 16:12:06.647, 0, 130.52, 67, 65, 150.00, 660, 150.00, 0x0000000000000004
2026/10/02 16:12:06.848, 0, 136.93, 68, 100, 150.00, 780, 150.00, 0x0000000000000004
2026/10/02 16:12:07.048, 0, 132.09, 67, 100, 150.00, 1680, 150.00, 0x0000000000000004
2026/10/02 16:12:07.249, 0, 127.95, 68, 7, 150.00, 1200, 150.00, 0x0000000000000004
2026/10/02 16:12:07.449, 0, 109.40, 66, 42, 150.00, 1680, 150.00, 0x0000000000000004
2026/10/02 16:12:07.650, 0, 118.52, 67, 0, 150.00, 765, 150.00, 0x0000000000000004
2026/10/02 16:12:07.850, 0, 123.82, 68, 100, 150.00, 780, 150.00, 0x0000000000000004
2026/10/02 16:12:08.051, 0, 109.01, 66, 77, 150.00, 1680, 150.00, 0x0000000000000004
2026/10/02 16:12:08.251, 0, 125.49, 68, 42, 150.00, 780, 150.00, 0x0000000000000004
2026/10/02 16:12:08.452, 0, 134.81, 68, 100, 150.00, 780, 150.00, 0x0000000000000004
2026/10/02 16:12:08.653, 0, 149.79, 68, 100, 150.00, 780, 150.00, 0x0000000000000004
2026/10/02 16:12:08.853, 0, 143.84, 68, 100, 150.00, 660, 150.00, 0x0000000000000004
2026/10/02 16:12:09.054, 0, 148.60, 68, 100, 150.00, 720, 150.00, 0x0000000000000004
2026/10/02 16:12:09.254, 0, 150.73, 68, 100, 150.00, 1230, 150.00, 0x0000000000000004
2026/10/02 16:12:09.455, 0, 134.85, 67, 39, 150.00, 585, 150.00, 0x0000000000000004
2026/10/02 16:12:09.656, 0, 121.28, 66, 66, 150.00, 585, 150.00, 0x0000000000000004
2026/10/02 16:12:09.856, 0, 107.44, 66, 65, 150.00, 1680, 150.00, 0x0000000000000004
2026/10/02 16:12:10.057, 0, 100.73, 68, 0, 150.00, 795, 150.00, 0x0000000000000004
2026/10/02 16:12:10.257, 0, 86.09, 66, 68, 150.00, 1680, 150.00, 0x0000000000000004
2026/10/02 16:12:10.458, 0, 92.02, 67, 0, 150.00, 795, 150.00, 0x0000000000000004
2026/10/02 16:12:10.659, 0, 105.43, 68, 100, 150.00, 780, 150.00, 0x0000000000000004
2026/10/02 16:12:10.859, 0, 110.66, 67, 100, 150.00, 1665, 150.00, 0x0000000000000004
2026/10/02 16:12:11.060, 0, 132.08, 68, 47, 150.00, 780, 150.00, 0x0000000000000004
2026/10/02 16:12:11.260, 0, 141.04, 68, 100, 150.00, 780, 150.00, 0x0000000000000004
2026/10/02 16:12:11.461, 0, 156.27, 69, 100, 150.00, 780, 150.00, 0x0000000000000004
2026/10/02 16:12:11.661, 0, 151.52, 69, 100, 150.00, 705, 150.00, 0x0000000000000004
2026/10/02 16:12:11.862, 0, 145.43, 68, 99, 150.00, 1605, 150.00, 0x0000000000000004
2026/10/02 16:12:12.063, 0, 142.32, 68, 0, 150.00, 780, 150.00, 0x0000000000000004
2026/10/02 16:12:12.263, 0, 126.68, 67, 82, 150.00, 1680, 150.00, 0x0000000000000004
2026/10/02 16:12:12.464, 0, 114.18, 67, 0, 150.00, 870, 150.00, 0x0000000000000004
2026/10/02 16:12:12.664, 0, 105.82, 67, 63, 150.00, 630, 150.00, 0x0000000000000000
2026/10/02 16:12:12.865, 0, 97.32, 67, 80, 150.00, 1605, 150.00, 0x0000000000000004
2026/10/02 16:12:13.065, 0, 93.41, 66, 0, 150.00, 1605, 150.00, 0x0000000000000000
2026/10/02 16:12:13.266, 0, 90.92, 67, 0, 150.00, 795, 150.00, 0x0000000000000004
2026/10/02 16:12:13.467, 0, 97.36, 67, 98, 150.00, 1605, 150.00, 0x0000000000000004
2026/10/02 16:12:13.667, 0, 86.82, 66, 0, 150.00, 1605, 150.00, 0x0000000000000000
2026/10/02 16:12:13.868, 0, 99.78, 68, 17, 150.00, 780, 150.00, 0x0000000000000004
2026/10/02 16:12:14.068, 0, 116.32, 68, 100, 150.00, 780, 150.00, 0x0000000000000004
2026/10/02 16:12:14.269, 0, 133.17, 69, 97, 150.00, 1365, 150.00, 0x0000000000000004
2026/10/02 16:12:14.470, 0, 139.44, 68, 36, 150.00, 765, 150.00, 0x0000000000000004
2026/10/02 16:12:14.671, 0, 147.11, 67, 17, 150.00, 1680, 150.00, 0x0000000000000004
2026/10/02 16:12:14.871, 0, 150.76, 68, 100, 150.00, 1440, 150.00, 0x0000000000000004
2026/10/02 16:12:15.072, 0, 140.01, 67, 53, 150.00, 1035, 150.00, 0x0000000000000004
2026/10/02 16:12:15.272, 0, 138.47, 68, 92, 150.00, 1605, 150.00, 0x0000000000000004
2026/10/02 16:12:15.473, 0, 145.46, 68, 26, 150.00, 1155, 150.00, 0x0000000000000004
2026/10/02 16:12:15.673, 0, 122.56, 68, 64, 150.00, 645, 150.00, 0x0000000000000004
2026/10/02 16:12:15.874, 0, 121.08, 68, 37, 150.00, 750, 150.00, 0x0000000000000004
2026/10/02 16:12:16.075, 0, 123.23, 69, 100, 150.00, 780, 150.00, 0x0000000000000004
2026/10/02 16:12:16.275, 0, 117.07, 68, 0, 150.00, 615, 150.00, 0x0000000000000004
2026/10/02 16:12:16.476, 0, 125.20, 68, 34, 150.00, 945, 150.00, 0x0000000000000004
2026/10/02 16:12:16.676, 0, 127.35, 68, 99, 150.00, 945, 150.00, 0x0000000000000004
2026/10/02 16:12:16.877, 0, 135.93, 67, 0, 150.00, 1665, 150.00, 0x0000000000000004
2026/10/02 16:12:17.078, 0, 115.76, 66, 0, 150.00, 1665, 150.00, 0x0000000000000000
2026/10/02 16:12:17.278, 0, 107.09, 66, 0, 150.00, 1665, 150.00, 0x0000000000000000
2026/10/02 16:12:17.479, 0, 107.49, 67, 3, 150.00, 645, 150.00, 0x0000000000000000
2026/10/02 16:12:17.680, 0, 84.32, 66, 0, 150.00, 1665, 150.00, 0x0000000000000004
2026/10/02 16:12:17.880, 0, 76.94, 67, 62, 150.00, 1560, 150.00, 0x0000000000000004
2026/10/02 16:12:18.080, 0, 76.82, 66, 0, 150.00, 1665, 150.00, 0x0000000000000000
2026/10/02 16:12:18.281, 0, 88.99, 66, 41, 150.00, 1665, 150.00, 0x0000000000000004
2026/10/02 16:12:18.482, 0, 107.31, 68, 30, 150.00, 1290, 150.00, 0x0000000000000004
2026/10/02 16:12:18.682, 0, 103.76, 66, 65, 150.00, 1635, 150.00, 0x0000000000000004
2026/10/02 16:12:18.883, 0, 117.61, 67, 23, 150.00, 720, 150.00, 0x0000000000000000
2026/10/02 16:12:19.083, 0, 125.62, 68, 83, 150.00, 780, 150.00, 0x0000000000000004
2026/10/02 16:12:19.284, 0, 127.59, 68, 100, 150.00, 780, 150.00, 0x0000000000000004
2026/10/02 16:12:19.484, 0, 141.52, 68, 37, 150.00, 765, 150.00, 0x0000000000000004
2026/10/02 16:12:19.685, 0, 142.72, 68, 90, 150.00, 1590, 150.00, 0x0000000000000004
2026/10/02 16:12:19.886, 0, 149.30, 67, 63, 150.00, 1575, 150.00, 0x0000000000000004
2026/10/02 16:12:20.086, 0, 127.94, 66, 0, 150.00, 1650, 150.00, 0x0000000000000000
2026/10/02 16:12:20.286, 0, 111.44, 66, 0, 150.00, 1545, 150.00, 0x0000000000000000
2026/10/02 16:12:20.487, 0, 114.57, 66, 13, 150.00, 1650, 150.00, 0x0000000000000004
2026/10/02 16:12:20.688, 0, 107.36, 67, 100, 150.00, 795, 150.00, 0x0000000000000004
2026/10/02 16:12:20.888, 0, 115.28, 68, 100, 150.00, 780, 150.00, 0x0000000000000004
2026/10/02 16:12:21.089, 0, 116.61, 67, 72, 150.00, 1650, 150.00, 0x0000000000000004
2026/10/02 16:12:21.289, 0, 122.42, 68, 68, 150.00, 765, 150.00, 0x0000000000000004
2026/10/02 16:12:21.490, 0, 126.70, 68, 100, 150.00, 780, 150.00, 0x0000000000000004
2026/10/02 16:12:21.690, 0, 127.33, 67, 27, 150.00, 1650, 150.00, 0x0000000000000004
2026/10/02 16:12:21.891, 0, 112.72, 66, 0, 150.00, 1650, 150.00, 0x0000000000000000
2026/10/02 16:12:22.092, 0, 123.15, 68, 54, 150.00, 870, 150.00, 0x0000000000000004
2026/10/02 16:12:22.292, 0, 130.50, 67, 30, 150.00, 1650, 150.00, 0x0000000000000004
2026/10/02 16:12:22.493, 0, 117.26, 66, 0, 150.00, 1650, 150.00, 0x0000000000000000
2026/10/02 16:12:22.693, 0, 123.72, 68, 100, 150.00, 1395, 150.00, 0x0000000000000004
2026/10/02 16:12:22.894, 0, 130.97, 68, 69, 150.00, 795, 150.00, 0x0000000000000004
2026/10/02 16:12:23.095, 0, 118.82, 67, 0, 150.00, 1650, 150.00, 0x0000000000000004
2026/10/02 16:12:23.295, 0, 106.66, 67, 50, 150.00, 1650, 150.00, 0x0000000000000004
2026/10/02 16:12:23.496, 0, 115.79, 67, 59, 150.00, 1515, 150.00, 0x0000000000000004
2026/10/02 16:12:23.696, 0, 108.25, 68, 100, 150.00, 1065, 150.00, 0x0000000000000004
2026/10/02 16:12:23.897, 0, 100.54, 66, 0, 150.00, 570, 150.00, 0x0000000000000000
2026/10/02 16:12:24.097, 0, 105.57, 68, 100, 150.00, 780, 150.00, 0x0000000000000004
2026/10/02 16:12:24.298, 0, 112.37, 68, 100, 150.00, 1500, 150.00, 0x0000000000000004
2026/10/02 16:12:24.499, 0, 113.03, 66, 0, 150.00, 1110, 150.00, 0x0000000000000000
2026/10/02 16:12:24.699, 0, 120.52, 68, 100, 150.00, 780, 150.00, 0x0000000000000004
2026/10/02 16:12:24.900, 0, 129.93, 69, 100, 150.00, 1230, 150.00, 0x0000000000000004
2026/10/02 16:12:25.100, 0, 122.59, 67, 0, 150.00, 1035, 150.00, 0x0000000000000000
2026/10/02 16:12:25.301, 0, 115.22, 67, 2, 150.00, 1635, 150.00, 0x0000000000000004
2026/10/02 16:12:25.502, 0, 107.71, 66, 0, 150.00, 1020, 150.00, 0x0000000000000000
2026/10/02 16:12:25.702, 0, 114.03, 68, 88, 150.00, 780, 150.00, 0x0000000000000004
2026/10/02 16:12:25.903, 0, 98.25, 67, 66, 150.00, 1635, 150.00, 0x0000000000000004
2026/10/02 16:12:26.103, 0, 109.71, 68, 100, 150.00, 780, 150.00, 0x0000000000000004
2026/10/02 16:12:26.304, 0, 116.95, 69, 79, 150.00, 780, 150.00, 0x0000000000000004
2026/10/02 16:12:26.505, 0, 130.03, 69, 89, 150.00, 780, 150.00, 0x0000000000000004
2026/10/02 16:12:26.705, 0, 122.18, 67, 0, 150.00, 645, 150.00, 0x0000000000000000
2026/10/02 16:12:26.906, 0, 121.94, 67, 73, 150.00, 1650, 150.00, 0x0000000000000004
2026/10/02 16:12:27.106, 0, 125.44, 68, 32, 150.00, 1320, 150.00, 0x0000000000000004
2026/10/02 16:12:27.307, 0, 109.94, 66, 0, 150.00, 1680, 150.00, 0x0000000000000004
2026/10/02 16:12:27.508, 0, 97.04, 67, 0, 150.00, 615, 150.00, 0x0000000000000004
2026/10/02 16:12:27.708, 0, 104.59, 68, 100, 150.00, 780, 150.00, 0x0000000000000004
2026/10/02 16:12:27.909, 0, 104.81, 67, 24, 150.00, 1680, 150.00, 0x0000000000000004
2026/10/02 16:12:28.109, 0, 105.11, 66, 0, 150.00, 1680, 150.00, 0x0000000000000004
2026/10/02 16:12:28.310, 0, 98.52, 68, 80, 150.00, 780, 150.00, 0x0000000000000004
2026/10/02 16:12:28.511, 0, 108.24, 68, 52, 150.00, 780, 150.00, 0x0000000000000004
2026/10/02 16:12:28.711, 0, 108.96, 67, 1, 150.00, 1680, 150.00, 0x0000000000000004
2026/10/02 16:12:28.912, 0, 64.44, 68, 57, 143.00, 570, 143.00, 0x0000000000000004
2026/10/02 16:12:29.113, 0, 63.96, 67, 0, 143.00, 1275, 143.00, 0x0000000000000000
2026/10/02 16:12:29.313, 0, 112.15, 68, 25, 143.00, 585, 143.00, 0x0000000000000004
2026/10/02 16:12:29.514, 0, 95.07, 66, 0, 143.00, 1560, 143.00, 0x0000000000000000
2026/10/02 16:12:29.714, 0, 100.52, 67, 59, 143.00, 1560, 143.00, 0x0000000000000004
2026/10/02 16:12:29.915, 0, 93.45, 66, 0, 143.00, 570, 143.00, 0x0000000000000000
2026/10/02 16:12:30.115, 0, 104.84, 68, 100, 143.00, 720, 143.00, 0x0000000000000004
2026/10/02 16:12:30.316, 0, 106.16, 68, 100, 143.00, 720, 143.00, 0x0000000000000004
2026/10/02 16:12:30.516, 0, 102.52, 66, 0, 143.00, 1560, 143.00, 0x0000000000000000
2026/10/02 16:12:30.717, 0, 117.01, 68, 69, 143.00, 720, 143.00, 0x0000000000000004
2026/10/02 16:12:30.918, 0, 126.97, 68, 100, 105.00, 705, 105.00, 0x0000000000000004
2026/10/02 16:12:31.118, 0, 104.64, 68, 100, 105.00, 360, 105.00, 0x0000000000000004
2026/10/02 16:12:31.319, 0, 104.25, 67, 100, 105.00, 360, 105.00, 0x0000000000000004
2026/10/02 16:12:31.520, 0, 104.69, 67, 100, 105.00, 330, 105.00, 0x0000000000000004
2026/10/02 16:12:31.720, 0, 104.64, 67, 100, 105.00, 360, 105.00, 0x0000000000000004
2026/10/02 16:12:31.921, 0, 104.74, 67, 100, 105.00, 360, 105.00, 0x0000000000000004
2026/10/02 16:12:32.122, 0, 104.66, 67, 100, 105.00, 360, 105.00, 0x0000000000000004
2026/10/02 16:12:32.322, 0, 104.70, 67, 100, 105.00, 360, 105.00, 0x0000000000000004
2026/10/02 16:12:32.523, 0, 104.58, 67, 100, 105.00, 360, 105.00, 0x0000000000000004
2026/10/02 16:12:32.724, 0, 104.64, 67, 100, 105.00, 345, 105.00, 0x0000000000000004
2026/10/02 16:12:32.924, 0, 104.47, 67, 100, 105.00, 360, 105.00, 0x0000000000000004
2026/10/02 16:12:33.125, 0, 104.66, 67, 100, 150.00, 765, 150.00, 0x0000000000000004
2026/10/02 16:12:33.325, 0, 150.91, 68, 100, 150.00, 750, 150.00, 0x0000000000000004
2026/10/02 16:12:33.526, 0, 150.85, 68, 100, 150.00, 735, 150.00, 0x0000000000000004
2026/10/02 16:12:33.727, 0, 150.24, 69, 100, 150.00, 735, 150.00, 0x0000000000000004
2026/10/02 16:12:33.927, 0, 149.95, 69, 100, 150.00, 735, 150.00, 0x0000000000000004
2026/10/02 16:12:34.128, 0, 150.12, 69, 100, 150.00, 750, 150.00, 0x0000000000000004
2026/10/02 16:12:34.328, 0, 150.19, 69, 100, 150.00, 735, 150.00, 0x0000000000000004
2026/10/02 16:12:34.529, 0, 150.06, 69, 100, 150.00, 750, 150.00, 0x0000000000000004
2026/10/02 16:12:34.730, 0, 150.08, 69, 100, 150.00, 735, 150.00, 0x0000000000000004
2026/10/02 16:12:34.930, 0, 149.99, 69, 100, 150.00, 735, 150.00, 0x0000000000000004
2026/10/02 16:12:35.131, 0, 149.86, 69, 100, 150.00, 750, 150.00, 0x0000000000000004
2026/10/02 16:12:35.331, 0, 149.79, 69, 100, 150.00, 750, 150.00, 0x0000000000000004
2026/10/02 16:12:35.532, 0, 149.85, 69, 100, 150.00, 750, 150.00, 0x0000000000000004
2026/10/02 16:12:35.733, 0, 149.82, 69, 100, 150.00, 735, 150.00, 0x0000000000000004
2026/10/02 16:12:35.933, 0, 149.72, 69, 100, 150.00, 735, 150.00, 0x0000000000000004
2026/10/02 16:12:36.134, 0, 149.79, 69, 100, 150.00, 750, 150.00, 0x0000000000000004
2026/10/02 16:12:36.334, 0, 149.60, 70, 100, 150.00, 750, 150.00, 0x0000000000000004
2026/10/02 16:12:36.535, 0, 149.78, 70, 100, 150.00, 735, 150.00, 0x0000000000000004
2026/10/02 16:12:36.735, 0, 149.62, 70, 100, 150.00, 1575, 150.00, 0x0000000000000004
2026/10/02 16:12:36.936, 0, 135.09, 68, 0, 150.00, 1680, 150.00, 0x0000000000000004
2026/10/02 16:12:37.137, 0, 131.27, 69, 14, 150.00, 1290, 150.00, 0x0000000000000004
2026/10/02 16:12:37.337, 0, 126.77, 68, 44, 150.00, 675, 150.00, 0x0000000000000004
2026/10/02 16:12:37.538, 0, 128.43, 69, 100, 150.00, 1410, 150.00, 0x0000000000000004
2026/10/02 16:12:37.738, 0, 120.81, 69, 58, 150.00, 1590, 150.00, 0x0000000000000004
2026/10/02 16:12:37.939, 0, 117.25, 68, 64, 150.00, 1650, 150.00, 0x0000000000000004
2026/10/02 16:12:38.140, 0, 141.64, 69, 60, 150.00, 780, 150.00, 0x0000000000000004
2026/10/02 16:12:38.340, 0, 134.58, 69, 76, 150.00, 1560, 150.00, 0x0000000000000004
2026/10/02 16:12:38.541, 0, 157.77, 70, 67, 150.00, 765, 150.00, 0x0000000000000004
2026/10/02 16:12:38.742, 0, 166.72, 70, 100, 150.00, 765, 150.00, 0x0000000000000004
2026/10/02 16:12:38.942, 0, 159.15, 68, 0, 150.00, 1680, 150.00, 0x0000000000000004
2026/10/02 16:12:39.143, 0, 151.89, 69, 65, 150.00, 1605, 150.00, 0x0000000000000004
2026/10/02 16:12:39.343, 0, 138.28, 69, 100, 150.00, 765, 150.00, 0x0000000000000004
2026/10/02 16:12:39.544, 0, 129.45, 69, 100, 150.00, 1575, 150.00, 0x0000000000000004
2026/10/02 16:12:39.744, 0, 108.79, 68, 0, 150.00, 585, 150.00, 0x0000000000000004
2026/10/02 16:12:39.945, 0, 103.88, 68, 0, 150.00, 795, 150.00, 0x0000000000000004
2026/10/02 16:12:40.145, 0, 102.83, 67, 0, 150.00, 1065, 150.00, 0x0000000000000004
2026/10/02 16:12:40.346, 0, 106.21, 67, 16, 150.00, 1680, 150.00, 0x0000000000000004
2026/10/02 16:12:40.547, 0, 92.27, 67, 0, 150.00, 600, 150.00, 0x0000000000000004
2026/10/02 16:12:40.747, 0, 93.12, 68, 76, 150.00, 1665, 150.00, 0x0000000000000004
2026/10/02 16:12:40.948, 0, 87.82, 67, 0, 150.00, 1440, 150.00, 0x0000000000000004
2026/10/02 16:12:41.148, 0, 121.52, 69, 44, 150.00, 1350, 150.00, 0x0000000000000004
2026/10/02 16:12:41.349, 0, 118.35, 68, 46, 150.00, 1680, 150.00, 0x0000000000000004
2026/10/02 16:12:41.550, 0, 129.05, 69, 55, 150.00, 795, 150.00, 0x0000000000000004
2026/10/02 16:12:41.750, 0, 130.01, 68, 75, 150.00, 1665, 150.00, 0x0000000000000004
2026/10/02 16:12:41.951, 0, 146.38, 69, 30, 150.00, 765, 150.00, 0x0000000000000004
2026/10/02 16:12:42.151, 0, 139.76, 69, 100, 150.00, 765, 150.00, 0x0000000000000004
2026/10/02 16:12:42.352, 0, 131.70, 69, 100, 150.00, 765, 150.00, 0x0000000000000004
2026/10/02 16:12:42.553, 0, 147.62, 70, 100, 150.00, 765, 150.00, 0x0000000000000004
2026/10/02 16:12:42.753, 0, 143.54, 70, 100, 150.00, 750, 150.00, 0x0000000000000004
2026/10/02 16:12:42.954, 0, 157.96, 70, 100, 150.00, 765, 150.00, 0x0000000000000004
2026/10/02 16:12:43.154, 0, 140.79, 68, 57, 150.00, 1665, 150.00, 0x0000000000000004
2026/10/02 16:12:43.355, 0, 127.35, 68, 0, 150.00, 915, 150.00, 0x0000000000000004
2026/10/02 16:12:43.555, 0, 107.00, 67, 0, 150.00, 1275, 150.00, 0x0000000000000004
2026/10/02 16:12:43.756, 0, 110.06, 67, 20, 150.00, 1680, 150.00, 0x0000000000000004
2026/10/02 16:12:43.957, 0, 97.49, 67, 0, 150.00, 1680, 150.00, 0x0000000000000004
2026/10/02 16:12:44.157, 0, 94.51, 68, 46, 150.00, 795, 150.00, 0x0000000000000004
2026/10/02 16:12:44.358, 0, 110.77, 69, 100, 150.00, 930, 150.00, 0x0000000000000004
2026/10/02 16:12:44.558, 0, 123.54, 69, 16, 150.00, 750, 150.00, 0x0000000000000004
2026/10/02 16:12:44.759, 0, 120.42, 68, 35, 150.00, 915, 150.00, 0x0000000000000004
2026/10/02 16:12:44.959, 0, 119.09, 68, 0, 150.00, 1005, 150.00, 0x0000000000000004
2026/10/02 16:12:45.160, 0, 132.90, 69, 82, 150.00, 780, 150.00, 0x0000000000000004
2026/10/02 16:12:45.360, 0, 117.52, 68, 71, 150.00, 1665, 150.00, 0x0000000000000004
2026/10/02 16:12:45.561, 0, 113.28, 68, 60, 150.00, 780, 150.00, 0x0000000000000004
2026/10/02 16:12:45.762, 0, 110.37, 69, 100, 150.00, 765, 150.00, 0x0000000000000004
2026/10/02 16:12:45.962, 0, 118.53, 68, 62, 150.00, 1665, 150.00, 0x0000000000000004
2026/10/02 16:12:46.163, 0, 103.40, 67, 0, 150.00, 1680, 150.00, 0x0000000000000004
2026/10/02 16:12:46.363, 0, 93.34, 67, 0, 150.00, 1695, 150.00, 0x0000000000000000
2026/10/02 16:12:46.564, 0, 108.34, 68, 19, 150.00, 765, 150.00, 0x0000000000000004
2026/10/02 16:12:46.765, 0, 114.90, 69, 100, 150.00, 780, 150.00, 0x0000000000000004
2026/10/02 16:12:46.965, 0, 111.33, 68, 0, 150.00, 1680, 150.00, 0x0000000000000004
2026/10/02 16:12:47.166, 0, 108.00, 67, 0, 150.00, 600, 150.00, 0x0000000000000004
2026/10/02 16:12:47.366, 0, 118.69, 67, 4, 150.00, 1170, 150.00, 0x0000000000000004
2026/10/02 16:12:47.567, 0, 126.58, 67, 16, 150.00, 1680, 150.00, 0x0000000000000004
2026/10/02 16:12:47.767, 0, 105.64, 67, 0, 150.00, 1680, 150.00, 0x0000000000000004
2026/10/02 16:12:47.968, 0, 106.02, 67, 35, 150.00, 1680, 150.00, 0x0000000000000004
2026/10/02 16:12:48.168, 0, 106.33, 67, 0, 150.00, 1680, 150.00, 0x0000000000000004
2026/10/02 16:12:48.369, 0, 115.18, 68, 44, 150.00, 1530, 150.00, 0x0000000000000004
2026/10/02 16:12:48.570, 0, 96.71, 67, 65, 150.00, 1665, 150.00, 0x0000000000000004
2026/10/02 16:12:48.770, 0, 97.28, 67, 0, 150.00, 645, 150.00, 0x0000000000000004
2026/10/02 16:12:48.971, 0, 100.78, 69, 35, 150.00, 1500, 150.00, 0x0000000000000004
2026/10/02 16:12:49.171, 0, 116.74, 69, 28, 150.00, 795, 150.00, 0x0000000000000004
2026/10/02 16:12:49.372, 0, 127.35, 69, 100, 150.00, 780, 150.00, 0x0000000000000004
2026/10/02 16:12:49.572, 0, 131.13, 69, 100, 150.00, 780, 150.00, 0x0000000000000004
2026/10/02 16:12:49.773, 0, 147.01, 69, 100, 150.00, 765, 150.00, 0x0000000000000004
2026/10/02 16:12:49.974, 0, 159.34, 69, 100, 150.00, 735, 150.00, 0x0000000000000004
2026/10/02 16:12:50.174, 0, 152.77, 68, 84, 150.00, 1650, 150.00, 0x0000000000000004
2026/10/02 16:12:50.375, 0, 151.99, 69, 100, 150.00, 780, 150.00, 0x0000000000000004
2026/10/02 16:12:50.575, 0, 139.59, 68, 90, 150.00, 1665, 150.00, 0x0000000000000004
2026/10/02 16:12:50.776, 0, 145.62, 69, 10, 150.00, 1290, 150.00, 0x0000000000000004
2026/10/02 16:12:50.977, 0, 141.44, 69, 50, 150.00, 795, 150.00, 0x0000000000000004
2026/10/02 16:12:51.178, 0, 132.54, 68, 100, 150.00, 1650, 150.00, 0x0000000000000004
2026/10/02 16:12:51.378, 0, 123.91, 69, 0, 150.00, 1605, 150.00, 0x0000000000000004
2026/10/02 16:12:51.579, 0, 121.73, 69, 3, 150.00, 1155, 150.00, 0x0000000000000004
2026/10/02 16:12:51.779, 0, 130.57, 69, 79, 150.00, 780, 150.00, 0x0000000000000004
2026/10/02 16:12:51.980, 0, 137.09, 70, 100, 150.00, 765, 150.00, 0x0000000000000004
2026/10/02 16:12:52.181, 0, 133.68, 70, 100, 150.00, 780, 150.00, 0x0000000000000004
2026/10/02 16:12:52.381, 0, 148.84, 70, 100, 150.00, 600, 150.00, 0x0000000000000004
2026/10/02 16:12:52.582, 0, 146.01, 68, 100, 150.00, 1680, 150.00, 0x0000000000000004
2026/10/02 16:12:52.783, 0, 127.29, 68, 0, 150.00, 615, 150.00, 0x0000000000000004
2026/10/02 16:12:52.983, 0, 122.50, 69, 66, 150.00, 780, 150.00, 0x0000000000000004
2026/10/02 16:12:53.184, 0, 120.14, 70, 85, 150.00, 1515, 150.00, 0x0000000000000004
2026/10/02 16:12:53.385, 0, 107.62, 68, 22, 150.00, 750, 150.00, 0x0000000000000004
2026/10/02 16:12:53.585, 0, 116.43, 69, 55, 150.00, 1500, 150.00, 0x0000000000000004
2026/10/02 16:12:53.786, 0, 119.94, 68, 26, 150.00, 615, 150.00, 0x0000000000000004
2026/10/02 16:12:53.986, 0, 116.67, 68, 92, 150.00, 1665, 150.00, 0x0000000000000004
2026/10/02 16:12:54.187, 0, 108.92, 67, 0, 150.00, 1680, 150.00, 0x0000000000000004
2026/10/02 16:12:54.388, 0, 104.64, 69, 0, 150.00, 765, 150.00, 0x0000000000000004
2026/10/02 16:12:54.588, 0, 110.55, 69, 100, 150.00, 780, 150.00, 0x0000000000000004
2026/10/02 16:12:54.789, 0, 110.69, 69, 100, 150.00, 810, 150.00, 0x0000000000000004
2026/10/02 16:12:54.989, 0, 119.10, 70, 97, 150.00, 780, 150.00, 0x0000000000000004
2026/10/02 16:12:55.190, 0, 132.85, 68, 100, 150.00, 1680, 150.00, 0x0000000000000004
2026/10/02 16:12:55.390, 0, 150.02, 69, 22, 150.00, 735, 150.00, 0x0000000000000004
2026/10/02 16:12:55.591, 0, 153.73, 70, 85, 150.00, 780, 150.00, 0x0000000000000004
2026/10/02 16:12:55.792, 0, 145.92, 68, 100, 150.00, 615, 150.00, 0x0000000000000004
2026/10/02 16:12:55.993, 0, 142.39, 69, 62, 150.00, 645, 150.00, 0x0000000000000004
2026/10/02 16:12:56.193, 0, 138.84, 70, 66, 150.00, 780, 150.00, 0x0000000000000004
2026/10/02 16:12:56.394, 0, 139.66, 70, 100, 150.00, 765, 150.00, 0x0000000000000004
2026/10/02 16:12:56.594, 0, 134.52, 70, 100, 150.00, 570, 150.00, 0x0000000000000004
2026/10/02 16:12:56.795, 0, 123.96, 68, 93, 150.00, 810, 150.00, 0x0000000000000004
2026/10/02 16:12:56.995, 0, 116.35, 68, 62, 150.00, 1245, 150.00, 0x0000000000000004
2026/10/02 16:12:57.196, 0, 123.70, 69, 40, 150.00, 885, 150.00, 0x0000000000000004
2026/10/02 16:12:57.397, 0, 119.53, 70, 59, 150.00, 1500, 150.00, 0x0000000000000004
2026/10/02 16:12:57.597, 0, 107.03, 68, 25, 150.00, 1680, 150.00, 0x0000000000000004
2026/10/02 16:12:57.798, 0, 97.17, 67, 0, 150.00, 855, 150.00, 0x0000000000000004
2026/10/02 16:12:57.998, 0, 107.53, 68, 55, 150.00, 1680, 150.00, 0x0000000000000004
2026/10/02 16:12:58.199, 0, 93.52, 67, 0, 150.00, 1680, 150.00, 0x0000000000000004
2026/10/02 16:12:58.399, 0, 95.59, 67, 0, 150.00, 600, 150.00, 0x0000000000000004
2026/10/02 16:12:58.600, 0, 96.28, 69, 68, 150.00, 1080, 150.00, 0x0000000000000004
2026/10/02 16:12:58.800, 0, 102.19, 69, 62, 150.00, 735, 150.00, 0x0000000000000004
2026/10/02 16:12:59.001, 0, 113.46, 69, 80, 150.00, 795, 150.00, 0x0000000000000004
2026/10/02 16:12:59.202, 0, 121.13, 68, 98, 150.00, 1680, 150.00, 0x0000000000000004
2026/10/02 16:12:59.402, 0, 128.79, 69, 66, 150.00, 780, 150.00, 0x0000000000000004
2026/10/02 16:12:59.603, 0, 131.59, 69, 100, 150.00, 780, 150.00, 0x0000000000000004
2026/10/02 16:12:59.803, 0, 140.47, 70, 100, 150.00, 780, 150.00, 0x0000000000000004
2026/10/02 16:13:00.004, 0, 143.22, 70, 100, 150.00, 765, 150.00, 0x0000000000000004
2026/10/02 16:13:00.205, 0, 129.82, 68, 50, 150.00, 1020, 150.00, 0x0000000000000004
2026/10/02 16:13:00.405, 0, 148.77, 70, 100, 150.00, 720, 150.00, 0x0000000000000004
2026/10/02 16:13:00.606, 0, 137.20, 68, 0, 150.00, 1680, 150.00, 0x0000000000000004
2026/10/02 16:13:00.806, 0, 121.09, 68, 0, 150.00, 645, 150.00, 0x0000000000000004
2026/10/02 16:13:01.007, 0, 122.98, 70, 100, 150.00, 765, 150.00, 0x0000000000000004
2026/10/02 16:13:01.208, 0, 120.53, 68, 22, 150.00, 585, 150.00, 0x0000000000000004
2026/10/02 16:13:01.408, 0, 107.71, 69, 83, 150.00, 1650, 150.00, 0x0000000000000004
2026/10/02 16:13:01.609, 0, 107.07, 69, 59, 150.00, 795, 150.00, 0x0000000000000004
2026/10/02 16:13:01.809, 0, 130.90, 70, 24, 150.00, 1395, 150.00, 0x0000000000000004
2026/10/02 16:13:02.010, 0, 114.57, 68, 0, 150.00, 1680, 150.00, 0x0000000000000004
2026/10/02 16:13:02.210, 0, 104.36, 67, 0, 150.00, 1695, 150.00, 0x0000000000000000
2026/10/02 16:13:02.411, 0, 115.15, 69, 50, 150.00, 765, 150.00, 0x0000000000000004
2026/10/02 16:13:02.611, 0, 122.95, 69, 100, 150.00, 780, 150.00, 0x0000000000000004
2026/10/02 16:13:02.812, 0, 125.65, 70, 100, 150.00, 765, 150.00, 0x0000000000000004
2026/10/02 16:13:03.013, 0, 119.64, 69, 19, 150.00, 810, 150.00, 0x0000000000000004
2026/10/02 16:13:03.213, 0, 127.82, 69, 71, 150.00, 765, 150.00, 0x0000000000000004
2026/10/02 16:13:03.414, 0, 136.31, 70, 26, 150.00, 765, 150.00, 0x0000000000000004
2026/10/02 16:13:03.615, 0, 130.94, 70, 100, 150.00, 765, 150.00, 0x0000000000000004
2026/10/02 16:13:03.815, 0, 132.93, 70, 100, 150.00, 780, 150.00, 0x0000000000000004
2026/10/02 16:13:04.016, 0, 141.06, 70, 100, 150.00, 765, 150.00, 0x0000000000000004
2026/10/02 16:13:04.216, 0, 150.65, 70, 100, 150.00, 705, 150.00, 0x0000000000000004
2026/10/02 16:13:04.417, 0, 150.92, 70, 100, 150.00, 750, 150.00, 0x0000000000000004
2026/10/02 16:13:04.617, 0, 151.05, 70, 100, 150.00, 765, 150.00, 0x0000000000000004
2026/10/02 16:13:04.818, 0, 151.08, 70, 100, 150.00, 765, 150.00, 0x0000000000000004
2026/10/02 16:13:05.019, 0, 141.28, 70, 100, 150.00, 915, 150.00, 0x0000000000000004
2026/10/02 16:13:05.219, 0, 127.48, 69, 0, 150.00, 615, 150.00, 0x0000000000000004
2026/10/02 16:13:05.420, 0, 116.87, 70, 83, 150.00, 960, 150.00, 0x0000000000000004
2026/10/02 16:13:05.620, 0, 119.92, 70, 60, 150.00, 720, 150.00, 0x0000000000000004
2026/10/02 16:13:05.821, 0, 103.06, 70, 81, 105.00, 705, 150.00, 0x0000000000000004
2026/10/02 16:13:06.026, 0, 105.80, 69, 76, 105.00, 360, 105.00, 0x0000000000000004
2026/10/02 16:13:06.227, 0, 104.94, 69, 100, 105.00, 345, 105.00, 0x0000000000000004
2026/10/02 16:13:06.428, 0, 105.03, 69, 100, 105.00, 345, 105.00, 0x0000000000000004
2026/10/02 16:13:06.628, 0, 104.88, 68, 100, 105.00, 345, 105.00, 0x0000000000000004
2026/10/02 16:13:06.829, 0, 105.02, 68, 100, 105.00, 360, 105.00, 0x0000000000000004
2026/10/02 16:13:07.030, 0, 104.99, 68, 100, 105.00, 345, 105.00, 0x0000000000000004
2026/10/02 16:13:07.231, 0, 104.56, 68, 96, 105.00, 345, 105.00, 0x0000000000000004
2026/10/02 16:13:07.431, 0, 104.25, 68, 100, 105.00, 345, 105.00, 0x0000000000000004
2026/10/02 16:13:07.632, 0, 103.90, 68, 96, 105.00, 345, 105.00, 0x0000000000000004
2026/10/02 16:13:07.833, 0, 94.15, 67, 28, 105.00, 720, 105.00, 0x0000000000000000
2026/10/02 16:13:08.034, 0, 89.97, 66, 0, 105.00, 420, 105.00, 0x0000000000000004
2026/10/02 16:13:08.234, 0, 85.49, 67, 100, 105.00, 705, 105.00, 0x0000000000000000
2026/10/02 16:13:08.435, 0, 77.73, 66, 0, 105.00, 285, 105.00, 0x0000000000000004
2026/10/02 16:13:08.636, 0, 80.56, 67, 100, 105.00, 360, 105.00, 0x0000000000000004
2026/10/02 16:13:08.836, 0, 85.40, 67, 100, 105.00, 360, 105.00, 0x0000000000000004
2026/10/02 16:13:09.037, 0, 95.35, 68, 100, 105.00, 360, 105.00, 0x0000000000000004
2026/10/02 16:13:09.238, 0, 98.43, 68, 100, 105.00, 315, 105.00, 0x0000000000000004
2026/10/02 16:13:09.438, 0, 103.92, 68, 100, 105.00, 360, 105.00, 0x0000000000000004
2026/10/02 16:13:09.639, 0, 104.65, 68, 100, 105.00, 360, 105.00, 0x0000000000000004
2026/10/02 16:13:09.840, 0, 104.62, 68, 100, 105.00, 345, 105.00, 0x0000000000000004
2026/10/02 16:13:10.040, 0, 104.15, 68, 100, 150.00, 345, 105.00, 0x0000000000000004
2026/10/02 16:13:10.241, 0, 148.48, 68, 100, 150.00, 750, 150.00, 0x0000000000000004
2026/10/02 16:13:10.441, 0, 150.55, 69, 100, 150.00, 750, 150.00, 0x0000000000000004
2026/10/02 16:13:10.642, 0, 150.39, 69, 100, 150.00, 750, 150.00, 0x0000000000000004
2026/10/02 16:13:10.843, 0, 150.11, 69, 100, 150.00, 735, 150.00, 0x0000000000000004
2026/10/02 16:13:11.043, 0, 149.76, 70, 100, 150.00, 720, 150.00, 0x0000000000000004
2026/10/02 16:13:11.244, 0, 149.94, 70, 100, 150.00, 750, 150.00, 0x0000000000000004
2026/10/02 16:13:11.444, 0, 150.07, 70, 100, 150.00, 750, 150.00, 0x0000000000000004
2026/10/02 16:13:11.645, 0, 149.97, 70, 100, 150.00, 735, 150.00, 0x0000000000000004
2026/10/02 16:13:11.846, 0, 141.32, 70, 100, 150.00, 1605, 150.00, 0x0000000000000004
2026/10/02 16:13:12.046, 0, 143.74, 70, 100, 150.00, 750, 150.00, 0x0000000000000004
2026/10/02 16:13:12.247, 0, 146.02, 70, 82, 150.00, 780, 150.00, 0x0000000000000004
2026/10/02 16:13:12.447, 0, 138.02, 70, 100, 150.00, 1155, 150.00, 0x0000000000000004
2026/10/02 16:13:12.648, 0, 136.76, 68, 0, 150.00, 585, 150.00, 0x0000000000000004
2026/10/02 16:13:12.849, 0, 137.14, 68, 20, 150.00, 1260, 150.00, 0x0000000000000004
2026/10/02 16:13:13.049, 0, 142.01, 70, 68, 150.00, 1515, 150.00, 0x0000000000000004
2026/10/02 16:13:13.250, 0, 136.95, 68, 0, 150.00, 1170, 150.00, 0x0000000000000004
2026/10/02 16:13:13.450, 0, 138.14, 69, 100, 150.00, 765, 150.00, 0x0000000000000004
2026/10/02 16:13:13.651, 0, 141.87, 69, 92, 150.00, 1665, 150.00, 0x0000000000000004
2026/10/02 16:13:13.852, 0, 129.09, 69, 65, 150.00, 1020, 150.00, 0x0000000000000004
2026/10/02 16:13:14.052, 0, 109.52, 70, 65, 150.00, 1635, 150.00, 0x0000000000000004
2026/10/02 16:13:14.253, 0, 111.02, 68, 0, 150.00, 1680, 150.00, 0x0000000000000004
2026/10/02 16:13:14.453, 0, 96.21, 69, 45, 150.00, 1605, 150.00, 0x0000000000000004
2026/10/02 16:13:14.654, 0, 90.17, 68, 0, 150.00, 1680, 150.00, 0x0000000000000004
2026/10/02 16:13:14.855, 0, 91.56, 67, 0, 150.00, 1680, 150.00, 0x0000000000000000
2026/10/02 16:13:15.055, 0, 84.37, 67, 0, 150.00, 1680, 150.00, 0x0000000000000000
2026/10/02 16:13:15.256, 0, 83.73, 67, 0, 150.00, 1275, 150.00, 0x0000000000000004
2026/10/02 16:13:15.456, 0, 70.75, 67, 0, 150.00, 1680, 150.00, 0x0000000000000004
2026/10/02 16:13:15.657, 0, 80.97, 67, 0, 150.00, 1680, 150.00, 0x0000000000000000
2026/10/02 16:13:15.858, 0, 79.96, 67, 52, 150.00, 1680, 150.00, 0x0000000000000004
2026/10/02 16:13:16.058, 0, 79.87, 67, 0, 150.00, 1680, 150.00, 0x0000000000000004
2026/10/02 16:13:16.259, 0, 78.22, 68, 0, 150.00, 1215, 150.00, 0x0000000000000004
2026/10/02 16:13:16.459, 0, 79.26, 67, 0, 150.00, 1680, 150.00, 0x0000000000000004
2026/10/02 16:13:16.660, 0, 79.25, 67, 0, 150.00, 1680, 150.00, 0x0000000000000000
2026/10/02 16:13:16.861, 0, 70.49, 68, 3, 150.00, 1335, 150.00, 0x0000000000000004
2026/10/02 16:13:17.061, 0, 70.37, 67, 0, 150.00, 1680, 150.00, 0x0000000000000004
2026/10/02 16:13:17.262, 0, 70.32, 66, 0, 150.00, 1680, 150.00, 0x0000000000000000
2026/10/02 16:13:17.462, 0, 79.53, 67, 59, 150.00, 1635, 150.00, 0x0000000000000004
2026/10/02 16:13:17.663, 0, 79.42, 67, 0, 150.00, 1680, 150.00, 0x0000000000000004
2026/10/02 16:13:17.863, 0, 78.17, 66, 0, 150.00, 1680, 150.00, 0x0000000000000000
2026/10/02 16:13:18.064, 0, 79.61, 66, 0, 150.00, 1680, 150.00, 0x0000000000000000
2026/10/02 16:13:18.265, 0, 96.14, 68, 31, 150.00, 1560, 150.00, 0x0000000000000004
2026/10/02 16:13:18.465, 0, 64.45, 68, 35, 146.00, 1575, 146.00, 0x0000000000000000
2026/10/02 16:13:18.666, 0, 142.17, 66, 0, 146.00, 975, 146.00, 0x0000000000000000
2026/10/02 16:13:18.866, 0, 102.53, 67, 34, 146.00, 1575, 146.00, 0x0000000000000000
2026/10/02 16:13:19.067, 0, 112.79, 66, 0, 146.00, 555, 146.00, 0x0000000000000004
2026/10/02 16:13:19.267, 0, 125.80, 68, 41, 146.00, 750, 146.00, 0x0000000000000004
2026/10/02 16:13:19.468, 0, 113.33, 67, 37, 146.00, 1575, 146.00, 0x0000000000000000
2026/10/02 16:13:19.668, 0, 115.07, 68, 92, 146.00, 1230, 146.00, 0x0000000000000004
2026/10/02 16:13:19.869, 0, 101.78, 66, 0, 146.00, 1575, 146.00, 0x0000000000000000
2026/10/02 16:13:20.070, 0, 101.55, 66, 0, 146.00, 1140, 146.00, 0x0000000000000004
2026/10/02 16:13:20.270, 0, 99.49, 68, 26, 146.00, 750, 146.00, 0x0000000000000004
2026/10/02 16:13:20.471, 0, 100.42, 68, 100, 150.00, 1575, 146.00, 0x0000000000000004
2026/10/02 16:13:20.671, 0, 73.03, 67, 0, 150.00, 1695, 150.00, 0x0000000000000000
2026/10/02 16:13:20.871, 0, 72.65, 66, 0, 150.00, 1695, 150.00, 0x0000000000000000
2026/10/02 16:13:21.072, 0, 72.61, 66, 0, 150.00, 1695, 150.00, 0x0000000000000000
2026/10/02 16:13:21.272, 0, 74.17, 66, 0, 150.00, 750, 150.00, 0x0000000000000004
2026/10/02 16:13:21.473, 0, 77.85, 67, 65, 150.00, 1650, 150.00, 0x0000000000000004
2026/10/02 16:13:21.674, 0, 76.77, 66, 0, 150.00, 1680, 150.00, 0x0000000000000004
2026/10/02 16:13:21.874, 0, 76.64, 66, 0, 150.00, 1695, 150.00, 0x0000000000000000
2026/10/02 16:13:22.074, 0, 76.53, 66, 0, 150.00, 1695, 150.00, 0x0000000000000000
2026/10/02 16:13:22.275, 0, 75.61, 67, 0, 150.00, 1155, 150.00, 0x0000000000000004
2026/10/02 16:13:22.476, 0, 72.94, 66, 0, 150.00, 645, 150.00, 0x0000000000000004
2026/10/02 16:13:22.677, 0, 81.86, 67, 55, 150.00, 1605, 150.00, 0x0000000000000004
2026/10/02 16:13:22.877, 0, 81.86, 66, 0, 150.00, 1680, 150.00, 0x0000000000000004
2026/10/02 16:13:23.077, 0, 94.70, 67, 23, 150.00, 1440, 150.00, 0x0000000000000004
2026/10/02 16:13:23.278, 0, 94.52, 66, 0, 150.00, 1680, 150.00, 0x0000000000000004
2026/10/02 16:13:23.479, 0, 102.37, 66, 0, 150.00, 630, 150.00, 0x0000000000000004
2026/10/02 16:13:23.679, 0, 91.80, 67, 81, 150.00, 1665, 150.00, 0x0000000000000004
2026/10/02 16:13:23.880, 0, 92.41, 66, 0, 150.00, 1680, 150.00, 0x0000000000000004
2026/10/02 16:13:24.080, 0, 99.95, 67, 36, 150.00, 750, 150.00, 0x0000000000000004
2026/10/02 16:13:24.281, 0, 108.32, 68, 78, 150.00, 1605, 150.00, 0x0000000000000004
2026/10/02 16:13:24.482, 0, 118.47, 66, 0, 150.00, 1680, 150.00, 0x0000000000000004
2026/10/02 16:13:24.682, 0, 57.36, 66, 51, 111.00, 1365, 111.00, 0x0000000000000004
2026/10/02 16:13:24.883, 0, 57.69, 65, 0, 111.00, 1365, 111.00, 0x0000000000000000
2026/10/02 16:13:25.084, 0, 57.59, 65, 0, 111.00, 1365, 111.00, 0x0000000000000000
2026/10/02 16:13:25.284, 0, 57.43, 65, 0, 111.00, 1365, 111.00, 0x0000000000000000
2026/10/02 16:13:25.485, 0, 57.40, 65, 0, 111.00, 1365, 111.00, 0x0000000000000000
2026/10/02 16:13:25.686, 0, 67.54, 66, 100, 111.00, 435, 111.00, 0x0000000000000004
2026/10/02 16:13:25.886, 0, 77.29, 65, 29, 111.00, 630, 111.00, 0x0000000000000004
2026/10/02 16:13:26.087, 0, 79.92, 65, 0, 111.00, 1365, 111.00, 0x0000000000000000
2026/10/02 16:13:26.287, 0, 87.24, 65, 11, 111.00, 1365, 111.00, 0x0000000000000000
2026/10/02 16:13:26.488, 0, 102.58, 65, 26, 111.00, 1365, 111.00, 0x0000000000000000
2026/10/02 16:13:26.689, 0, 103.20, 65, 0, 111.00, 1365, 111.00, 0x0000000000000000
2026/10/02 16:13:26.889, 0, 112.74, 66, 51, 111.00, 1380, 111.00, 0x0000000000000000
2026/10/02 16:13:27.090, 0, 103.29, 66, 0, 111.00, 1380, 111.00, 0x0000000000000000
2026/10/02 16:13:27.290, 0, 112.44, 65, 44, 111.00, 255, 111.00, 0x0000000000000004
2026/10/02 16:13:27.491, 0, 100.13, 65, 0, 111.00, 1380, 111.00, 0x0000000000000000
2026/10/02 16:13:27.691, 0, 89.62, 64, 71, 111.00, 330, 111.00, 0x0000000000000004
2026/10/02 16:13:27.892, 0, 89.97, 65, 64, 111.00, 255, 111.00, 0x0000000000000004
2026/10/02 16:13:28.093, 0, 84.64, 65, 41, 111.00, 345, 111.00, 0x0000000000000004
2026/10/02 16:13:28.293, 0, 94.86, 66, 100, 111.00, 435, 111.00, 0x0000000000000004
2026/10/02 16:13:28.494, 0, 90.86, 66, 63, 111.00, 1035, 111.00, 0x0000000000000004
2026/10/02 16:13:28.695, 0, 90.89, 65, 0, 111.00, 1380, 111.00, 0x0000000000000000
2026/10/02 16:13:28.895, 0, 57.98, 64, 0, 116.00, 1395, 116.00, 0x0000000000000000
2026/10/02 16:13:29.096, 0, 82.20, 64, 65, 116.00, 375, 116.00, 0x0000000000000004
2026/10/02 16:13:29.296, 0, 109.27, 65, 28, 116.00, 465, 116.00, 0x0000000000000000
2026/10/02 16:13:29.497, 0, 91.78, 65, 0, 116.00, 1395, 116.00, 0x0000000000000000
2026/10/02 16:13:29.698, 0, 83.33, 64, 0, 116.00, 1395, 116.00, 0x0000000000000000
2026/10/02 16:13:29.898, 0, 98.54, 65, 100, 116.00, 510, 116.00, 0x0000000000000004
2026/10/02 16:13:30.099, 0, 112.21, 66, 31, 116.00, 1110, 116.00, 0x0000000000000000
2026/10/02 16:13:30.300, 0, 109.78, 65, 0, 116.00, 1395, 116.00, 0x0000000000000000
2026/10/02 16:13:30.500, 0, 104.34, 64, 82, 116.00, 465, 116.00, 0x0000000000000004
2026/10/02 16:13:30.701, 0, 119.50, 66, 73, 116.00, 885, 116.00, 0x0000000000000004
2026/10/02 16:13:30.901, 0, 109.08, 65, 59, 116.00, 405, 116.00, 0x0000000000000004
2026/10/02 16:13:31.102, 0, 86.27, 65, 11, 105.00, 645, 105.00, 0x0000000000000000
2026/10/02 16:13:31.303, 0, 80.53, 65, 45, 105.00, 645, 105.00, 0x0000000000000000
2026/10/02 16:13:31.503, 0, 87.93, 65, 100, 105.00, 360, 105.00, 0x0000000000000004
2026/10/02 16:13:31.704, 0, 77.09, 64, 0, 105.00, 645, 105.00, 0x0000000000000000
2026/10/02 16:13:31.905, 0, 75.20, 64, 12, 105.00, 645, 105.00, 0x0000000000000000
2026/10/02 16:13:32.106, 0, 75.69, 65, 42, 105.00, 645, 105.00, 0x0000000000000000
2026/10/02 16:13:32.306, 0, 73.41, 64, 100, 105.00, 375, 105.00, 0x0000000000000004
2026/10/02 16:13:32.507, 0, 75.43, 64, 46, 105.00, 330, 105.00, 0x0000000000000004
2026/10/02 16:13:32.708, 0, 75.07, 64, 9, 105.00, 645, 105.00, 0x0000000000000000
2026/10/02 16:13:32.908, 0, 80.54, 64, 71, 105.00, 645, 105.00, 0x0000000000000000
2026/10/02 16:13:33.109, 0, 81.59, 65, 100, 105.00, 360, 105.00, 0x0000000000000004
2026/10/02 16:13:33.310, 0, 90.42, 65, 100, 105.00, 360, 105.00, 0x0000000000000004
2026/10/02 16:13:33.510, 0, 95.31, 65, 100, 105.00, 360, 105.00, 0x0000000000000004
2026/10/02 16:13:33.711, 0, 89.53, 65, 6, 105.00, 675, 105.00, 0x0000000000000000
2026/10/02 16:13:33.912, 0, 95.02, 65, 86, 105.00, 360, 105.00, 0x0000000000000000
2026/10/02 16:13:34.113, 0, 99.62, 65, 100, 105.00, 360, 105.00, 0x0000000000000004
2026/10/02 16:13:34.313, 0, 99.69, 65, 100, 105.00, 375, 105.00, 0x0000000000000004
2026/10/02 16:13:34.514, 0, 99.60, 65, 100, 105.00, 360, 105.00, 0x0000000000000004
2026/10/02 16:13:34.715, 0, 90.90, 65, 0, 105.00, 675, 105.00, 0x0000000000000000
2026/10/02 16:13:34.915, 0, 96.70, 64, 100, 105.00, 375, 105.00, 0x0000000000000004
2026/10/02 16:13:35.116, 0, 86.20, 64, 0, 105.00, 675, 105.00, 0x0000000000000000
2026/10/02 16:13:35.316, 0, 211.99, 64, 40, 150.00, 1095, 150.00, 0x0000000000000004
2026/10/02 16:13:35.517, 0, 166.01, 66, 93, 150.00, 780, 150.00, 0x0000000000000004
2026/10/02 16:13:35.718, 0, 147.26, 66, 49, 150.00, 1350, 150.00, 0x0000000000000004
2026/10/02 16:13:35.918, 0, 159.36, 66, 36, 150.00, 1485, 150.00, 0x0000000000000004
2026/10/02 16:13:36.119, 0, 138.27, 65, 0, 150.00, 1680, 150.00, 0x0000000000000004
2026/10/02 16:13:36.319, 0, 132.47, 64, 100, 150.00, 735, 150.00, 0x0000000000000004
2026/10/02 16:13:36.520, 0, 119.01, 66, 31, 150.00, 1530, 150.00, 0x0000000000000004
2026/10/02 16:13:36.721, 0, 103.28, 65, 0, 150.00, 1680, 150.00, 0x0000000000000004
2026/10/02 16:13:36.921, 0, 109.14, 66, 28, 150.00, 1515, 150.00, 0x0000000000000004
2026/10/02 16:13:37.122, 0, 111.11, 66, 100, 150.00, 780, 150.00, 0x0000000000000004
2026/10/02 16:13:37.323, 0, 110.13, 65, 0, 150.00, 1680, 150.00, 0x0000000000000004
2026/10/02 16:13:37.523, 0, 95.68, 65, 0, 150.00, 1680, 150.00, 0x0000000000000004
2026/10/02 16:13:37.724, 0, 95.65, 65, 0, 150.00, 1665, 150.00, 0x0000000000000004
2026/10/02 16:13:37.924, 0, 80.97, 65, 66, 150.00, 1035, 150.00, 0x0000000000000004
2026/10/02 16:13:38.125, 0, 79.83, 65, 62, 150.00, 660, 150.00, 0x0000000000000004
2026/10/02 16:13:38.325, 0, 72.93, 65, 0, 150.00, 1680, 150.00, 0x0000000000000004
2026/10/02 16:13:38.526, 0, 72.96, 64, 0, 150.00, 1680, 150.00, 0x0000000000000004
2026/10/02 16:13:38.727, 0, 86.72, 66, 30, 150.00, 1515, 150.00, 0x0000000000000004
2026/10/02 16:13:38.927, 0, 86.81, 64, 0, 150.00, 1680, 150.00, 0x0000000000000004
2026/10/02 16:13:39.128, 0, 87.70, 64, 0, 150.00, 1695, 150.00, 0x0000000000000000
2026/10/02 16:13:39.328, 0, 82.96, 64, 62, 150.00, 945, 150.00, 0x0000000000000004
2026/10/02 16:13:39.529, 0, 94.63, 66, 86, 150.00, 795, 150.00, 0x0000000000000004
2026/10/02 16:13:39.729, 0, 88.09, 66, 0, 150.00, 1635, 150.00, 0x0000000000000004
2026/10/02 16:13:39.930, 0, 96.80, 66, 1, 150.00, 1620, 150.00, 0x0000000000000004
2026/10/02 16:13:40.131, 0, 115.79, 66, 18, 150.00, 1620, 150.00, 0x0000000000000004
2026/10/02 16:13:40.331, 0, 114.50, 65, 0, 150.00, 1680, 150.00, 0x0000000000000004
2026/10/02 16:13:40.532, 0, 105.87, 64, 0, 150.00, 1680, 150.00, 0x0000000000000004
2026/10/02 16:13:40.732, 0, 95.21, 64, 0, 150.00, 1695, 150.00, 0x0000000000000000
2026/10/02 16:13:40.933, 0, 87.46, 64, 0, 150.00, 1695, 150.00, 0x0000000000000000
2026/10/02 16:13:41.133, 0, 79.96, 64, 0, 150.00, 1695, 150.00, 0x0000000000000000
2026/10/02 16:13:41.334, 0, 79.96, 64, 0, 150.00, 1695, 150.00, 0x0000000000000000
2026/10/02 16:13:41.535, 0, 79.96, 64, 0, 150.00, 1695, 150.00, 0x0000000000000000
2026/10/02 16:13:41.735, 0, 106.97, 65, 17, 150.00, 1575, 150.00, 0x0000000000000004
2026/10/02 16:13:41.936, 0, 106.89, 64, 0, 150.00, 1680, 150.00, 0x0000000000000004
2026/10/02 16:13:42.136, 0, 106.82, 64, 0, 150.00, 1695, 150.00, 0x0000000000000000
2026/10/02 16:13:42.337, 0, 107.80, 65, 0, 150.00, 1635, 150.00, 0x0000000000000004
2026/10/02 16:13:42.537, 0, 112.50, 65, 89, 150.00, 780, 150.00, 0x0000000000000004
2026/10/02 16:13:42.738, 0, 86.18, 64, 0, 150.00, 1680, 150.00, 0x0000000000000004
2026/10/02 16:13:42.938, 0, 86.85, 64, 0, 150.00, 1680, 150.00, 0x0000000000000004
2026/10/02 16:13:43.139, 0, 86.88, 64, 0, 150.00, 1695, 150.00, 0x0000000000000000
2026/10/02 16:13:43.339, 0, 82.08, 64, 0, 150.00, 1695, 150.00, 0x0000000000000000
2026/10/02 16:13:43.540, 0, 82.63, 63, 0, 150.00, 1665, 150.00, 0x0000000000000000
2026/10/02 16:13:43.740, 0, 78.77, 63, 100, 150.00, 660, 150.00, 0x0000000000000004
2026/10/02 16:13:43.941, 0, 86.89, 65, 3, 150.00, 1620, 150.00, 0x0000000000000004
2026/10/02 16:13:44.141, 0, 86.58, 64, 0, 150.00, 1665, 150.00, 0x0000000000000000
2026/10/02 16:13:44.342, 0, 86.15, 63, 0, 150.00, 1665, 150.00, 0x0000000000000000
2026/10/02 16:13:44.542, 0, 85.54, 63, 0, 150.00, 1665, 150.00, 0x0000000000000000
2026/10/02 16:13:44.743, 0, 81.65, 63, 0, 150.00, 1665, 150.00, 0x0000000000000000
2026/10/02 16:13:44.944, 0, 76.17, 63, 0, 150.00, 1665, 150.00, 0x0000000000000000
2026/10/02 16:13:45.144, 0, 76.17, 63, 0, 150.00, 1665, 150.00, 0x0000000000000000
2026/10/02 16:13:45.345, 0, 76.17, 63, 0, 150.00, 1665, 150.00, 0x0000000000000000
2026/10/02 16:13:45.545, 0, 123.26, 65, 100, 150.00, 810, 150.00, 0x0000000000000004
2026/10/02 16:13:45.746, 0, 125.09, 64, 0, 150.00, 1650, 150.00, 0x0000000000000000
2026/10/02 16:13:45.946, 0, 125.08, 64, 0, 150.00, 1650, 150.00, 0x0000000000000000
2026/10/02 16:13:46.147, 0, 116.18, 63, 0, 150.00, 1650, 150.00, 0x0000000000000000
2026/10/02 16:13:46.348, 0, 109.64, 63, 0, 150.00, 1650, 150.00, 0x0000000000000000
2026/10/02 16:13:46.548, 0, 76.40, 63, 0, 150.00, 1650, 150.00, 0x0000000000000000
2026/10/02 16:13:46.749, 0, 76.40, 63, 0, 150.00, 1650, 150.00, 0x0000000000000000
2026/10/02 16:13:46.950, 0, 76.15, 63, 0, 150.00, 1650, 150.00, 0x0000000000000000
2026/10/02 16:13:47.150, 0, 75.51, 64, 0, 150.00, 1650, 150.00, 0x0000000000000000
2026/10/02 16:13:47.351, 0, 77.93, 63, 62, 150.00, 660, 150.00, 0x0000000000000004
2026/10/02 16:13:47.551, 0, 85.73, 64, 84, 150.00, 1080, 150.00, 0x0000000000000004
2026/10/02 16:13:47.752, 0, 87.55, 65, 53, 150.00, 1320, 150.00, 0x0000000000000004
2026/10/02 16:13:47.952, 0, 84.66, 64, 0, 150.00, 1650, 150.00, 0x0000000000000000
2026/10/02 16:13:48.153, 0, 80.89, 63, 0, 150.00, 1650, 150.00, 0x0000000000000000
2026/10/02 16:13:48.353, 0, 80.88, 63, 0, 150.00, 1650, 150.00, 0x0000000000000000
2026/10/02 16:13:48.554, 0, 86.89, 64, 2, 150.00, 1620, 150.00, 0x0000000000000004
2026/10/02 16:13:48.755, 0, 74.57, 63, 0, 150.00, 1650, 150.00, 0x0000000000000000
2026/10/02 16:13:48.955, 0, 87.27, 64, 44, 150.00, 1425, 150.00, 0x0000000000000004
2026/10/02 16:13:49.156, 0, 87.26, 63, 0, 150.00, 1650, 150.00, 0x0000000000000000
2026/10/02 16:13:49.356, 0, 87.22, 63, 0, 150.00, 1650, 150.00, 0x0000000000000000
2026/10/02 16:13:49.557, 0, 82.61, 64, 0, 150.00, 1650, 150.00, 0x0000000000000004
2026/10/02 16:13:49.757, 0, 94.29, 63, 49, 150.00, 735, 150.00, 0x0000000000000004
2026/10/02 16:13:49.958, 0, 95.48, 63, 30, 150.00, 1350, 150.00, 0x0000000000000004
2026/10/02 16:13:50.158, 0, 110.03, 63, 25, 150.00, 1635, 150.00, 0x0000000000000000
2026/10/02 16:13:50.359, 0, 121.57, 64, 46, 150.00, 960, 150.00, 0x0000000000000004
2026/10/02 16:13:50.559, 0, 116.95, 64, 0, 150.00, 1635, 150.00, 0x0000000000000000
2026/10/02 16:13:50.760, 0, 130.72, 65, 35, 150.00, 1485, 150.00, 0x0000000000000004
2026/10/02 16:13:50.960, 0, 119.75, 63, 0, 150.00, 1635, 150.00, 0x0000000000000000
2026/10/02 16:13:51.161, 0, 118.18, 64, 22, 150.00, 1620, 150.00, 0x0000000000000004
2026/10/02 16:13:51.361, 0, 104.54, 63, 0, 150.00, 1635, 150.00, 0x0000000000000000
2026/10/02 16:13:51.562, 0, 104.15, 64, 18, 150.00, 1065, 150.00, 0x0000000000000000
2026/10/02 16:13:51.762, 0, 88.52, 63, 0, 150.00, 1635, 150.00, 0x0000000000000000
2026/10/02 16:13:51.963, 0, 89.21, 64, 0, 150.00, 1635, 150.00, 0x0000000000000000
2026/10/02 16:13:52.164, 0, 91.30, 65, 100, 150.00, 810, 150.00, 0x0000000000000004
2026/10/02 16:13:52.364, 0, 99.48, 64, 9, 150.00, 1635, 150.00, 0x0000000000000004
2026/10/02 16:13:52.565, 0, 99.50, 63, 0, 150.00, 1635, 150.00, 0x0000000000000000
2026/10/02 16:13:52.765, 0, 95.91, 65, 98, 150.00, 810, 150.00, 0x0000000000000004
2026/10/02 16:13:52.966, 0, 103.25, 64, 29, 150.00, 1620, 150.00, 0x0000000000000004
2026/10/02 16:13:53.166, 0, 96.30, 63, 0, 150.00, 1635, 150.00, 0x0000000000000000
2026/10/02 16:13:53.367, 0, 98.61, 65, 89, 150.00, 780, 150.00, 0x0000000000000004
2026/10/02 16:13:53.568, 0, 99.84, 64, 0, 150.00, 1635, 150.00, 0x0000000000000000
2026/10/02 16:13:53.768, 0, 99.91, 63, 0, 150.00, 1635, 150.00, 0x0000000000000000
2026/10/02 16:13:53.968, 0, 84.69, 63, 0, 150.00, 1635, 150.00, 0x0000000000000000
2026/10/02 16:13:54.169, 0, 85.09, 63, 0, 150.00, 1635, 150.00, 0x0000000000000000
2026/10/02 16:13:54.370, 0, 74.79, 63, 0, 150.00, 1635, 150.00, 0x0000000000000000
2026/10/02 16:13:54.570, 0, 73.04, 64, 70, 150.00, 1395, 150.00, 0x0000000000000004
2026/10/02 16:13:54.771, 0, 82.68, 65, 55, 150.00, 675, 150.00, 0x0000000000000004
2026/10/02 16:13:54.972, 0, 89.59, 65, 96, 150.00, 795, 150.00, 0x0000000000000004
2026/10/02 16:13:55.172, 0, 88.89, 63, 0, 150.00, 1635, 150.00, 0x0000000000000000
2026/10/02 16:13:55.373, 0, 88.74, 63, 0, 150.00, 1635, 150.00, 0x0000000000000000
2026/10/02 16:13:55.573, 0, 81.67, 63, 0, 150.00, 1635, 150.00, 0x0000000000000000
2026/10/02 16:13:55.774, 0, 81.95, 63, 0, 150.00, 1635, 150.00, 0x0000000000000000
2026/10/02 16:13:55.974, 0, 71.90, 62, 0, 150.00, 1605, 150.00, 0x0000000000000000
2026/10/02 16:13:56.175, 0, 65.15, 62, 0, 150.00, 1605, 150.00, 0x0000000000000000
2026/10/02 16:13:56.376, 0, 65.15, 62, 0, 150.00, 1605, 150.00, 0x0000000000000000
2026/10/02 16:13:56.576, 0, 89.56, 64, 76, 150.00, 1140, 150.00, 0x0000000000000004
2026/10/02 16:13:56.777, 0, 97.15, 63, 0, 150.00, 1605, 150.00, 0x0000000000000000
2026/10/02 16:13:56.977, 0, 97.01, 63, 0, 150.00, 1605, 150.00, 0x0000000000000000
2026/10/02 16:13:57.178, 0, 101.31, 64, 7, 150.00, 1560, 150.00, 0x0000000000000000
2026/10/02 16:13:57.378, 0, 112.67, 64, 100, 150.00, 795, 150.00, 0x0000000000000004
2026/10/02 16:13:57.579, 0, 95.17, 63, 0, 150.00, 1605, 150.00, 0x0000000000000000
2026/10/02 16:13:57.779, 0, 105.08, 64, 100, 150.00, 810, 150.00, 0x0000000000000004
2026/10/02 16:13:57.980, 0, 105.48, 63, 0, 150.00, 1680, 150.00, 0x0000000000000004
2026/10/02 16:13:58.180, 0, 106.38, 63, 0, 150.00, 1680, 150.00, 0x0000000000000004
2026/10/02 16:13:58.381, 0, 95.51, 63, 0, 150.00, 1695, 150.00, 0x0000000000000000
2026/10/02 16:13:58.582, 0, 88.34, 62, 0, 150.00, 1695, 150.00, 0x0000000000000000
2026/10/02 16:13:58.782, 0, 92.71, 64, 74, 150.00, 915, 150.00, 0x0000000000000004
2026/10/02 16:13:58.983, 0, 85.21, 63, 0, 150.00, 1680, 150.00, 0x0000000000000004
2026/10/02 16:13:59.183, 0, 84.36, 63, 64, 150.00, 1395, 150.00, 0x0000000000000004
2026/10/02 16:13:59.384, 0, 84.18, 63, 0, 150.00, 1680, 150.00, 0x0000000000000004
2026/10/02 16:13:59.585, 0, 84.12, 63, 0, 150.00, 1695, 150.00, 0x0000000000000000
2026/10/02 16:13:59.785, 0, 75.14, 62, 0, 150.00, 1695, 150.00, 0x0000000000000000
2026/10/02 16:13:59.986, 0, 69.45, 64, 58, 150.00, 1425, 150.00, 0x0000000000000004
2026/10/02 16:14:00.186, 0, 76.41, 63, 51, 150.00, 1530, 150.00, 0x0000000000000004
2026/10/02 16:14:00.387, 0, 88.95, 64, 63, 150.00, 765, 150.00, 0x0000000000000004
2026/10/02 16:14:00.588, 0, 96.20, 64, 11, 150.00, 1305, 150.00, 0x0000000000000000
2026/10/02 16:14:00.788, 0, 102.43, 63, 38, 150.00, 1665, 150.00, 0x0000000000000004
2026/10/02 16:14:00.989, 0, 100.50, 63, 0, 150.00, 1665, 150.00, 0x0000000000000000
2026/10/02 16:14:01.189, 0, 93.21, 62, 0, 150.00, 1665, 150.00, 0x0000000000000000
2026/10/02 16:14:01.390, 0, 81.22, 62, 0, 150.00, 1665, 150.00, 0x0000000000000000
2026/10/02 16:14:01.591, 0, 73.00, 63, 4, 150.00, 1455, 150.00, 0x0000000000000004
2026/10/02 16:14:01.791, 0, 66.51, 62, 0, 150.00, 1665, 150.00, 0x0000000000000000
2026/10/02 16:14:01.992, 0, 66.38, 62, 0, 150.00, 1650, 150.00, 0x0000000000000000
2026/10/02 16:14:02.192, 0, 66.21, 62, 0, 150.00, 1650, 150.00, 0x0000000000000000
2026/10/02 16:14:02.393, 0, 75.40, 63, 0, 150.00, 675, 150.00, 0x0000000000000004
2026/10/02 16:14:02.594, 0, 74.73, 62, 3, 150.00, 1650, 150.00, 0x0000000000000000
2026/10/02 16:14:02.794, 0, 82.89, 63, 0, 150.00, 840, 150.00, 0x0000000000000004
2026/10/02 16:14:02.995, 0, 82.59, 62, 0, 150.00, 1650, 150.00, 0x0000000000000000
2026/10/02 16:14:03.196, 0, 82.53, 62, 0, 150.00, 1650, 150.00, 0x0000000000000000
2026/10/02 16:14:03.396, 0, 82.51, 62, 0, 150.00, 1650, 150.00, 0x0000000000000000
2026/10/02 16:14:03.597, 0, 73.38, 62, 0, 150.00, 1650, 150.00, 0x0000000000000000
2026/10/02 16:14:03.798, 0, 82.97, 62, 15, 150.00, 1515, 150.00, 0x0000000000000004
2026/10/02 16:14:03.998, 0, 96.06, 64, 62, 150.00, 630, 150.00, 0x0000000000000004
2026/10/02 16:14:04.204, 0, 107.02, 63, 54, 105.00, 810, 105.00, 0x0000000000000004
2026/10/02 16:14:04.405, 0, 103.91, 63, 62, 105.00, 375, 105.00, 0x0000000000000004
2026/10/02 16:14:04.606, 0, 93.36, 62, 100, 105.00, 810, 105.00, 0x0000000000000000
2026/10/02 16:14:04.807, 0, 80.57, 62, 0, 105.00, 810, 105.00, 0x0000000000000000
2026/10/02 16:14:05.007, 0, 80.41, 62, 0, 105.00, 285, 105.00, 0x0000000000000000
2026/10/02 16:14:05.208, 0, 79.69, 62, 100, 105.00, 810, 105.00, 0x0000000000000000
2026/10/02 16:14:05.409, 0, 69.64, 61, 0, 105.00, 810, 105.00, 0x0000000000000000
2026/10/02 16:14:05.610, 0, 59.46, 61, 0, 105.00, 810, 105.00, 0x0000000000000000
2026/10/02 16:14:05.810, 0, 59.11, 61, 0, 105.00, 555, 105.00, 0x0000000000000000
2026/10/02 16:14:06.011, 0, 69.32, 62, 98, 105.00, 375, 105.00, 0x0000000000000004
2026/10/02 16:14:06.212, 0, 65.39, 62, 100, 150.00, 1530, 150.00, 0x0000000000000004
2026/10/02 16:14:06.412, 0, 134.04, 62, 38, 150.00, 1620, 150.00, 0x0000000000000004
2026/10/02 16:14:06.613, 0, 134.18, 62, 43, 150.00, 1620, 150.00, 0x0000000000000004
2026/10/02 16:14:06.813, 0, 148.95, 64, 46, 150.00, 825, 150.00, 0x0000000000000004
2026/10/02 16:14:07.014, 0, 128.14, 62, 2, 150.00, 1680, 150.00, 0x0000000000000004
2026/10/02 16:14:07.215, 0, 116.07, 62, 0, 150.00, 1695, 150.00, 0x0000000000000004
2026/10/02 16:14:07.415, 0, 102.77, 62, 8, 150.00, 1485, 150.00, 0x0000000000000004
2026/10/02 16:14:07.616, 0, 101.00, 63, 0, 150.00, 675, 150.00, 0x0000000000000004
2026/10/02 16:14:07.816, 0, 93.94, 63, 6, 150.00, 1530, 150.00, 0x0000000000000004
2026/10/02 16:14:08.017, 0, 85.47, 62, 53, 150.00, 1680, 150.00, 0x0000000000000004
2026/10/02 16:14:08.218, 0, 85.43, 62, 0, 150.00, 1680, 150.00, 0x0000000000000004
2026/10/02 16:14:08.418, 0, 80.71, 62, 0, 150.00, 1665, 150.00, 0x0000000000000000
2026/10/02 16:14:08.619, 0, 81.56, 62, 0, 150.00, 1665, 150.00, 0x0000000000000000
2026/10/02 16:14:08.819, 0, 81.68, 63, 65, 150.00, 1245, 150.00, 0x0000000000000004
2026/10/02 16:14:09.020, 0, 87.73, 62, 51, 150.00, 1650, 150.00, 0x0000000000000004
2026/10/02 16:14:09.220, 0, 94.69, 63, 75, 150.00, 1365, 150.00, 0x0000000000000004
2026/10/02 16:14:09.421, 0, 99.00, 63, 0, 150.00, 960, 150.00, 0x0000000000000004
2026/10/02 16:14:09.621, 0, 98.89, 62, 0, 150.00, 1665, 150.00, 0x0000000000000000
2026/10/02 16:14:09.822, 0, 90.62, 62, 0, 150.00, 1665, 150.00, 0x0000000000000000
2026/10/02 16:14:10.023, 0, 90.29, 63, 60, 150.00, 1125, 150.00, 0x0000000000000004
2026/10/02 16:14:10.223, 0, 94.21, 63, 16, 150.00, 1530, 150.00, 0x0000000000000004
2026/10/02 16:14:10.424, 0, 106.14, 63, 44, 150.00, 1620, 150.00, 0x0000000000000004
2026/10/02 16:14:10.624, 0, 101.46, 62, 0, 150.00, 1650, 150.00, 0x0000000000000000
2026/10/02 16:14:10.825, 0, 112.61, 62, 48, 150.00, 1635, 150.00, 0x0000000000000004
2026/10/02 16:14:11.025, 0, 107.04, 62, 64, 150.00, 1650, 150.00, 0x0000000000000004
2026/10/02 16:14:11.226, 0, 92.25, 62, 0, 150.00, 1650, 150.00, 0x0000000000000000
2026/10/02 16:14:11.427, 0, 79.55, 62, 2, 150.00, 1425, 150.00, 0x0000000000000004
2026/10/02 16:14:11.627, 0, 80.03, 62, 0, 150.00, 1650, 150.00, 0x0000000000000000
2026/10/02 16:14:11.828, 0, 80.30, 63, 0, 150.00, 645, 150.00, 0x0000000000000004
2026/10/02 16:14:12.028, 0, 84.71, 62, 99, 150.00, 1650, 150.00, 0x0000000000000004
2026/10/02 16:14:12.229, 0, 88.90, 62, 62, 150.00, 1650, 150.00, 0x0000000000000004
2026/10/02 16:14:12.429, 0, 89.04, 62, 0, 150.00, 1650, 150.00, 0x0000000000000000
2026/10/02 16:14:12.630, 0, 89.77, 62, 0, 150.00, 1650, 150.00, 0x0000000000000000
2026/10/02 16:14:12.831, 0, 89.73, 61, 0, 150.00, 1650, 150.00, 0x0000000000000000
2026/10/02 16:14:13.031, 0, 82.67, 62, 39, 150.00, 1620, 150.00, 0x0000000000000004
2026/10/02 16:14:13.232, 0, 83.68, 62, 0, 150.00, 1545, 150.00, 0x0000000000000000
2026/10/02 16:14:13.432, 0, 94.09, 63, 55, 150.00, 630, 150.00, 0x0000000000000004
2026/10/02 16:14:13.633, 0, 104.28, 63, 93, 150.00, 1170, 150.00, 0x0000000000000004
2026/10/02 16:14:13.833, 0, 104.36, 62, 0, 150.00, 1650, 150.00, 0x0000000000000000
2026/10/02 16:14:14.034, 0, 91.30, 62, 63, 150.00, 1650, 150.00, 0x0000000000000000
2026/10/02 16:14:14.235, 0, 95.03, 62, 62, 150.00, 1650, 150.00, 0x0000000000000004
2026/10/02 16:14:14.435, 0, 90.90, 62, 0, 150.00, 1650, 150.00, 0x0000000000000000
2026/10/02 16:14:14.643, 0, 71.61, 62, 0, 150.00, 1620, 150.00, 0x0000000000000000
2026/10/02 16:14:14.843, 0, 79.40, 62, 52, 150.00, 1620, 150.00, 0x0000000000000004
2026/10/02 16:14:15.044, 0, 78.80, 62, 0, 150.00, 1620, 150.00, 0x0000000000000000
2026/10/02 16:14:15.245, 0, 87.64, 62, 43, 150.00, 1620, 150.00, 0x0000000000000004
2026/10/02 16:14:15.445, 0, 88.67, 63, 0, 150.00, 1185, 150.00, 0x0000000000000004
2026/10/02 16:14:15.646, 0, 91.13, 63, 77, 150.00, 1455, 150.00, 0x0000000000000004
2026/10/02 16:14:15.846, 0, 87.86, 64, 0, 150.00, 750, 150.00, 0x0000000000000004
2026/10/02 16:14:16.047, 0, 92.61, 63, 80, 150.00, 1485, 150.00, 0x0000000000000004
2026/10/02 16:14:16.248, 0, 86.14, 63, 0, 150.00, 930, 150.00, 0x0000000000000004
2026/10/02 16:14:16.448, 0, 86.46, 62, 0, 150.00, 1620, 150.00, 0x0000000000000000
2026/10/02 16:14:16.649, 0, 85.30, 62, 60, 150.00, 1620, 150.00, 0x0000000000000000
2026/10/02 16:14:16.849, 0, 85.89, 62, 0, 150.00, 1620, 150.00, 0x0000000000000000
2026/10/02 16:14:17.050, 0, 73.50, 62, 0, 150.00, 1620, 150.00, 0x0000000000000000
2026/10/02 16:14:17.250, 0, 74.01, 61, 0, 150.00, 1620, 150.00, 0x0000000000000000
2026/10/02 16:14:17.451, 0, 67.81, 61, 0, 150.00, 1620, 150.00, 0x0000000000000000
2026/10/02 16:14:17.651, 0, 70.78, 62, 99, 150.00, 1545, 150.00, 0x0000000000000004
2026/10/02 16:14:17.852, 0, 74.07, 62, 0, 150.00, 1065, 150.00, 0x0000000000000004
2026/10/02 16:14:18.052, 0, 94.73, 64, 46, 150.00, 735, 150.00, 0x0000000000000004
2026/10/02 16:14:18.253, 0, 94.61, 62, 7, 150.00, 1620, 150.00, 0x0000000000000000
2026/10/02 16:14:18.454, 0, 111.58, 64, 60, 150.00, 810, 150.00, 0x0000000000000004
2026/10/02 16:14:18.654, 0, 120.47, 64, 100, 150.00, 810, 150.00, 0x0000000000000004
2026/10/02 16:14:18.855, 0, 143.30, 65, 92, 150.00, 945, 150.00, 0x0000000000000004
2026/10/02 16:14:19.055, 0, 127.42, 63, 35, 150.00, 1680, 150.00, 0x0000000000000004
2026/10/02 16:14:19.256, 0, 122.92, 63, 7, 150.00, 1485, 150.00, 0x0000000000000004
2026/10/02 16:14:19.457, 0, 114.58, 62, 0, 150.00, 1680, 150.00, 0x0000000000000004
2026/10/02 16:14:19.657, 0, 99.37, 62, 0, 150.00, 1695, 150.00, 0x0000000000000000
2026/10/02 16:14:19.858, 0, 95.07, 63, 0, 150.00, 675, 150.00, 0x0000000000000004
2026/10/02 16:14:20.058, 0, 90.19, 63, 96, 150.00, 1350, 150.00, 0x0000000000000004
2026/10/02 16:14:20.259, 0, 109.42, 64, 50, 150.00, 1035, 150.00, 0x0000000000000004
2026/10/02 16:14:20.459, 0, 121.32, 64, 41, 150.00, 1140, 150.00, 0x0000000000000004
2026/10/02 16:14:20.660, 0, 127.98, 63, 100, 150.00, 1620, 150.00, 0x0000000000000004
2026/10/02 16:14:20.860, 0, 136.98, 63, 54, 150.00, 1650, 150.00, 0x0000000000000004
2026/10/02 16:14:21.061, 0, 128.69, 63, 17, 150.00, 1530, 150.00, 0x0000000000000004
2026/10/02 16:14:21.262, 0, 131.37, 63, 30, 150.00, 1590, 150.00, 0x0000000000000004
2026/10/02 16:14:21.462, 0, 129.20, 63, 0, 150.00, 660, 150.00, 0x0000000000000004
2026/10/02 16:14:21.662, 0, 109.49, 62, 9, 150.00, 1680, 150.00, 0x0000000000000004
2026/10/02 16:14:21.863, 0, 113.32, 63, 0, 150.00, 1050, 150.00, 0x0000000000000004
2026/10/02 16:14:22.064, 0, 112.64, 64, 53, 150.00, 1110, 150.00, 0x0000000000000004
2026/10/02 16:14:22.264, 0, 105.25, 64, 59, 150.00, 1245, 150.00, 0x0000000000000004
2026/10/02 16:14:22.465, 0, 112.74, 63, 100, 150.00, 1590, 150.00, 0x0000000000000004
2026/10/02 16:14:22.665, 0, 104.18, 62, 0, 150.00, 1680, 150.00, 0x0000000000000004
2026/10/02 16:14:22.866, 0, 111.74, 63, 12, 150.00, 1515, 150.00, 0x0000000000000004
2026/10/02 16:14:23.066, 0, 106.80, 63, 40, 150.00, 1620, 150.00, 0x0000000000000004
2026/10/02 16:14:23.267, 0, 98.68, 62, 0, 150.00, 1665, 150.00, 0x0000000000000000
2026/10/02 16:14:23.467, 0, 93.59, 64, 0, 150.00, 765, 150.00, 0x0000000000000004
2026/10/02 16:14:23.668, 0, 100.72, 64, 66, 150.00, 1380, 150.00, 0x0000000000000004
2026/10/02 16:14:23.869, 0, 106.97, 64, 100, 150.00, 795, 150.00, 0x0000000000000004
2026/10/02 16:14:24.069, 0, 110.94, 65, 100, 150.00, 795, 150.00, 0x0000000000000004
2026/10/02 16:14:24.270, 0, 118.44, 64, 70, 150.00, 1515, 150.00, 0x0000000000000004
2026/10/02 16:14:24.470, 0, 121.38, 63, 0, 150.00, 1065, 150.00, 0x0000000000000004
2026/10/02 16:14:24.670, 0, 114.69, 63, 0, 150.00, 1665, 150.00, 0x0000000000000000
2026/10/02 16:14:24.871, 0, 100.59, 62, 0, 150.00, 1650, 150.00, 0x0000000000000000
2026/10/02 16:14:25.071, 0, 84.68, 62, 0, 150.00, 1650, 150.00, 0x0000000000000000
2026/10/02 16:14:25.272, 0, 68.77, 62, 0, 150.00, 1650, 150.00, 0x0000000000000000
2026/10/02 16:14:25.472, 0, 68.62, 62, 2, 150.00, 1440, 150.00, 0x0000000000000004
2026/10/02 16:14:25.673, 0, 73.22, 62, 61, 150.00, 1650, 150.00, 0x0000000000000004
2026/10/02 16:14:25.873, 0, 85.95, 63, 0, 150.00, 1050, 150.00, 0x0000000000000000
2026/10/02 16:14:26.074, 0, 86.69, 63, 42, 150.00, 1185, 150.00, 0x0000000000000004
2026/10/02 16:14:26.274, 0, 104.05, 64, 54, 150.00, 810, 150.00, 0x0000000000000004
2026/10/02 16:14:26.475, 0, 111.36, 64, 100, 150.00, 1515, 150.00, 0x0000000000000004
2026/10/02 16:14:26.676, 0, 104.64, 63, 0, 150.00, 1650, 150.00, 0x0000000000000000
2026/10/02 16:14:26.876, 0, 111.90, 63, 11, 150.00, 1515, 150.00, 0x0000000000000004
2026/10/02 16:14:27.077, 0, 114.51, 64, 0, 150.00, 915, 150.00, 0x0000000000000000
2026/10/02 16:14:27.277, 0, 102.26, 62, 37, 150.00, 1650, 150.00, 0x0000000000000000
2026/10/02 16:14:27.478, 0, 86.52, 62, 0, 150.00, 1650, 150.00, 0x0000000000000000
2026/10/02 16:14:27.679, 0, 87.13, 62, 0, 150.00, 1650, 150.00, 0x0000000000000000
2026/10/02 16:14:27.879, 0, 78.97, 62, 0, 150.00, 1650, 150.00, 0x0000000000000000
2026/10/02 16:14:28.080, 0, 86.85, 64, 0, 150.00, 825, 150.00, 0x0000000000000004
2026/10/02 16:14:28.280, 0, 88.85, 64, 100, 150.00, 810, 150.00, 0x0000000000000004
2026/10/02 16:14:28.481, 0, 91.87, 64, 86, 150.00, 1335, 150.00, 0x0000000000000004
2026/10/02 16:14:28.681, 0, 91.97, 62, 0, 150.00, 1650, 150.00, 0x0000000000000000
2026/10/02 16:14:28.882, 0, 101.63, 63, 54, 150.00, 1650, 150.00, 0x0000000000000004
2026/10/02 16:14:29.082, 0, 108.74, 63, 0, 150.00, 1380, 150.00, 0x0000000000000000
2026/10/02 16:14:29.283, 0, 92.21, 63, 54, 150.00, 1455, 150.00, 0x0000000000000004
2026/10/02 16:14:29.484, 0, 81.36, 62, 0, 150.00, 1635, 150.00, 0x0000000000000000
2026/10/02 16:14:29.684, 0, 80.96, 62, 0, 150.00, 1635, 150.00, 0x0000000000000000
2026/10/02 16:14:29.885, 0, 70.77, 62, 0, 150.00, 1635, 150.00, 0x0000000000000000
2026/10/02 16:14:30.085, 0, 80.14, 63, 0, 150.00, 690, 150.00, 0x0000000000000004
2026/10/02 16:14:30.286, 0, 78.25, 63, 75, 150.00, 1635, 150.00, 0x0000000000000000
2026/10/02 16:14:30.486, 0, 81.57, 63, 63, 150.00, 1050, 150.00, 0x0000000000000004
2026/10/02 16:14:30.687, 0, 81.59, 62, 0, 150.00, 1635, 150.00, 0x0000000000000000
2026/10/02 16:14:30.888, 0, 91.19, 63, 0, 150.00, 1245, 150.00, 0x0000000000000000
2026/10/02 16:14:31.088, 0, 99.43, 64, 47, 137.00, 675, 137.00, 0x0000000000000004
2026/10/02 16:14:31.289, 0, 61.27, 63, 95, 137.00, 1530, 137.00, 0x0000000000000000
2026/10/02 16:14:31.489, 0, 122.03, 64, 51, 137.00, 690, 137.00, 0x0000000000000004
2026/10/02 16:14:31.690, 0, 97.40, 62, 18, 137.00, 1530, 137.00, 0x0000000000000000
2026/10/02 16:14:31.890, 0, 86.96, 62, 0, 137.00, 1530, 137.00, 0x0000000000000000
2026/10/02 16:14:32.091, 0, 81.10, 61, 0, 137.00, 1530, 137.00, 0x0000000000000000
2026/10/02 16:14:32.292, 0, 77.37, 61, 0, 137.00, 1530, 137.00, 0x0000000000000000
2026/10/02 16:14:32.492, 0, 68.62, 62, 0, 137.00, 1245, 137.00, 0x0000000000000004
2026/10/02 16:14:32.693, 0, 79.80, 63, 19, 137.00, 690, 137.00, 0x0000000000000004
2026/10/02 16:14:32.893, 0, 79.40, 62, 49, 137.00, 1530, 137.00, 0x0000000000000000
2026/10/02 16:14:33.094, 0, 79.46, 62, 0, 137.00, 1530, 137.00, 0x0000000000000000
2026/10/02 16:14:33.294, 0, 79.46, 61, 0, 137.00, 1530, 137.00, 0x0000000000000000
2026/10/02 16:14:33.495, 0, 78.71, 61, 0, 137.00, 1530, 137.00, 0x0000000000000000
2026/10/02 16:14:33.696, 0, 73.49, 62, 30, 137.00, 570, 137.00, 0x0000000000000004
2026/10/02 16:14:33.896, 0, 73.38, 62, 70, 137.00, 1515, 137.00, 0x0000000000000004
2026/10/02 16:14:34.097, 0, 81.21, 63, 62, 137.00, 645, 137.00, 0x0000000000000004
2026/10/02 16:14:34.297, 0, 95.62, 63, 98, 137.00, 1260, 137.00, 0x0000000000000004
2026/10/02 16:14:34.498, 0, 103.71, 63, 60, 137.00, 975, 137.00, 0x0000000000000004
2026/10/02 16:14:34.699, 0, 103.70, 62, 0, 137.00, 1530, 137.00, 0x0000000000000000
2026/10/02 16:14:34.899, 0, 97.12, 63, 100, 137.00, 705, 137.00, 0x0000000000000004
2026/10/02 16:14:35.100, 0, 111.76, 64, 100, 137.00, 690, 137.00, 0x0000000000000004
2026/10/02 16:14:35.300, 0, 91.61, 63, 63, 150.00, 1500, 150.00, 0x0000000000000004
2026/10/02 16:14:35.501, 0, 65.43, 63, 62, 150.00, 1560, 150.00, 0x0000000000000004
2026/10/02 16:14:35.702, 0, 108.56, 64, 24, 150.00, 675, 150.00, 0x0000000000000004
2026/10/02 16:14:35.903, 0, 93.20, 62, 0, 150.00, 1680, 150.00, 0x0000000000000004
2026/10/02 16:14:36.103, 0, 87.01, 62, 0, 150.00, 1695, 150.00, 0x0000000000000004
2026/10/02 16:14:36.304, 0, 83.38, 63, 62, 150.00, 1560, 150.00, 0x0000000000000004
2026/10/02 16:14:36.504, 0, 82.00, 62, 0, 150.00, 1680, 150.00, 0x0000000000000004
2026/10/02 16:14:36.705, 0, 82.45, 62, 0, 150.00, 1695, 150.00, 0x0000000000000004
2026/10/02 16:14:36.906, 0, 68.16, 61, 0, 150.00, 885, 150.00, 0x0000000000000000
2026/10/02 16:14:37.106, 0, 67.14, 62, 0, 150.00, 1680, 150.00, 0x0000000000000004
2026/10/02 16:14:37.307, 0, 67.23, 61, 0, 150.00, 1665, 150.00, 0x0000000000000004
2026/10/02 16:14:37.508, 0, 74.03, 62, 1, 150.00, 1665, 150.00, 0x0000000000000004
2026/10/02 16:14:37.708, 0, 96.73, 64, 49, 150.00, 1020, 150.00, 0x0000000000000004
2026/10/02 16:14:37.909, 0, 98.52, 62, 0, 150.00, 1665, 150.00, 0x0000000000000000
2026/10/02 16:14:38.109, 0, 96.38, 62, 0, 150.00, 1665, 150.00, 0x0000000000000000
2026/10/02 16:14:38.310, 0, 96.22, 61, 0, 150.00, 1665, 150.00, 0x0000000000000000
2026/10/02 16:14:38.511, 0, 98.15, 62, 8, 150.00, 1665, 150.00, 0x0000000000000004
2026/10/02 16:14:38.711, 0, 87.96, 62, 62, 150.00, 1515, 150.00, 0x0000000000000004
2026/10/02 16:14:38.912, 0, 77.19, 62, 0, 150.00, 1665, 150.00, 0x0000000000000000
2026/10/02 16:14:39.112, 0, 77.07, 61, 0, 150.00, 1665, 150.00, 0x0000000000000000
2026/10/02 16:14:39.313, 0, 77.10, 61, 0, 150.00, 1665, 150.00, 0x0000000000000000
2026/10/02 16:14:39.513, 0, 67.11, 61, 0, 150.00, 1650, 150.00, 0x0000000000000000
2026/10/02 16:14:39.714, 0, 89.69, 63, 67, 150.00, 720, 150.00, 0x0000000000000004
2026/10/02 16:14:39.915, 0, 87.47, 62, 0, 150.00, 1635, 150.00, 0x0000000000000000
2026/10/02 16:14:40.116, 0, 104.89, 63, 28, 150.00, 720, 150.00, 0x0000000000000004
2026/10/02 16:14:40.316, 0, 107.74, 62, 0, 150.00, 1650, 150.00, 0x0000000000000000
2026/10/02 16:14:40.517, 0, 122.93, 63, 19, 150.00, 675, 150.00, 0x0000000000000000
2026/10/02 16:14:40.717, 0, 105.29, 61, 0, 150.00, 1650, 150.00, 0x0000000000000000
2026/10/02 16:14:40.918, 0, 103.59, 63, 89, 150.00, 810, 150.00, 0x0000000000000004
2026/10/02 16:14:41.118, 0, 100.69, 62, 0, 150.00, 1140, 150.00, 0x0000000000000000
2026/10/02 16:14:41.319, 0, 100.55, 63, 20, 150.00, 660, 150.00, 0x0000000000000004
2026/10/02 16:14:41.520, 0, 100.07, 63, 62, 150.00, 765, 150.00, 0x0000000000000004
2026/10/02 16:14:41.720, 0, 86.45, 62, 0, 150.00, 1650, 150.00, 0x0000000000000000
2026/10/02 16:14:41.921, 0, 86.50, 62, 0, 150.00, 1650, 150.00, 0x0000000000000000
2026/10/02 16:14:42.122, 0, 79.31, 61, 0, 150.00, 1650, 150.00, 0x0000000000000000
2026/10/02 16:14:42.322, 0, 79.05, 61, 0, 150.00, 1650, 150.00, 0x0000000000000000
2026/10/02 16:14:42.523, 0, 65.46, 61, 0, 150.00, 1650, 150.00, 0x0000000000000000
2026/10/02 16:14:42.723, 0, 65.46, 61, 0, 150.00, 1650, 150.00, 0x0000000000000000
2026/10/02 16:14:42.924, 0, 88.18, 62, 59, 150.00, 1620, 150.00, 0x0000000000000004
2026/10/02 16:14:43.125, 0, 90.35, 61, 0, 150.00, 1650, 150.00, 0x0000000000000000
2026/10/02 16:14:43.325, 0, 100.86, 62, 9, 150.00, 1650, 150.00, 0x0000000000000004
2026/10/02 16:14:43.526, 0, 101.14, 61, 0, 150.00, 1635, 150.00, 0x0000000000000000
2026/10/02 16:14:43.726, 0, 95.19, 61, 0, 150.00, 1635, 150.00, 0x0000000000000000
2026/10/02 16:14:43.927, 0, 74.13, 61, 0, 150.00, 1635, 150.00, 0x0000000000000000
2026/10/02 16:14:44.127, 0, 74.94, 61, 0, 150.00, 1635, 150.00, 0x0000000000000000
2026/10/02 16:14:44.328, 0, 79.75, 61, 34, 150.00, 1635, 150.00, 0x0000000000000004
2026/10/02 16:14:44.528, 0, 79.89, 61, 0, 150.00, 1635, 150.00, 0x0000000000000000
2026/10/02 16:14:44.729, 0, 79.46, 61, 0, 150.00, 1635, 150.00, 0x0000000000000000
2026/10/02 16:14:44.930, 0, 98.55, 62, 29, 150.00, 840, 150.00, 0x0000000000000000
2026/10/02 16:14:45.130, 0, 112.07, 62, 43, 150.00, 1635, 150.00, 0x0000000000000004
2026/10/02 16:14:45.331, 0, 92.33, 61, 0, 150.00, 1635, 150.00, 0x0000000000000000
2026/10/02 16:14:45.531, 0, 93.03, 61, 0, 150.00, 1635, 150.00, 0x0000000000000000
2026/10/02 16:14:45.732, 0, 92.96, 61, 0, 150.00, 1635, 150.00, 0x0000000000000000
2026/10/02 16:14:45.932, 0, 107.51, 61, 37, 150.00, 1635, 150.00, 0x0000000000000004
2026/10/02 16:14:46.133, 0, 93.78, 61, 32, 150.00, 1635, 150.00, 0x0000000000000004
2026/10/02 16:14:46.334, 0, 94.54, 61, 0, 150.00, 1635, 150.00, 0x0000000000000000
2026/10/02 16:14:46.534, 0, 94.53, 61, 0, 150.00, 1635, 150.00, 0x0000000000000000
2026/10/02 16:14:46.735, 0, 94.50, 60, 0, 150.00, 1635, 150.00, 0x0000000000000000
2026/10/02 16:14:46.935, 0, 90.82, 62, 47, 150.00, 1065, 150.00, 0x0000000000000004
2026/10/02 16:14:47.136, 0, 82.96, 61, 2, 150.00, 1635, 150.00, 0x0000000000000004
2026/10/02 16:14:47.337, 0, 83.55, 61, 0, 150.00, 1635, 150.00, 0x0000000000000000
2026/10/02 16:14:47.537, 0, 83.53, 60, 0, 150.00, 1635, 150.00, 0x0000000000000000
2026/10/02 16:14:47.738, 0, 106.07, 63, 32, 150.00, 960, 150.00, 0x0000000000000004
2026/10/02 16:14:47.939, 0, 121.09, 63, 100, 150.00, 1380, 150.00, 0x0000000000000004
2026/10/02 16:14:48.139, 0, 101.86, 61, 0, 150.00, 1620, 150.00, 0x0000000000000000
2026/10/02 16:14:48.340, 0, 101.75, 61, 0, 150.00, 1620, 150.00, 0x0000000000000000
2026/10/02 16:14:48.540, 0, 101.61, 60, 0, 150.00, 1620, 150.00, 0x0000000000000000
2026/10/02 16:14:48.741, 0, 113.52, 61, 11, 150.00, 660, 150.00, 0x0000000000000004
2026/10/02 16:14:48.942, 0, 88.92, 62, 62, 150.00, 1605, 150.00, 0x0000000000000004
2026/10/02 16:14:49.142, 0, 90.37, 63, 79, 150.00, 780, 150.00, 0x0000000000000004
2026/10/02 16:14:49.343, 0, 89.60, 61, 0, 150.00, 1620, 150.00, 0x0000000000000000
2026/10/02 16:14:49.544, 0, 92.23, 61, 0, 150.00, 1620, 150.00, 0x0000000000000000
2026/10/02 16:14:49.744, 0, 79.50, 61, 0, 150.00, 1620, 150.00, 0x0000000000000000
2026/10/02 16:14:49.945, 0, 78.44, 62, 92, 150.00, 840, 150.00, 0x0000000000000004
2026/10/02 16:14:50.145, 0, 88.74, 63, 100, 150.00, 810, 150.00, 0x0000000000000004
2026/10/02 16:14:50.346, 0, 94.98, 62, 68, 150.00, 1605, 150.00, 0x0000000000000004
2026/10/02 16:14:50.547, 0, 98.13, 61, 0, 150.00, 1620, 150.00, 0x0000000000000000
2026/10/02 16:14:50.747, 0, 95.05, 61, 0, 150.00, 1620, 150.00, 0x0000000000000000
2026/10/02 16:14:50.948, 0, 95.06, 61, 0, 150.00, 1620, 150.00, 0x0000000000000000
2026/10/02 16:14:51.148, 0, 79.95, 60, 0, 150.00, 1620, 150.00, 0x0000000000000000
2026/10/02 16:14:51.349, 0, 71.52, 60, 0, 150.00, 1620, 150.00, 0x0000000000000000
2026/10/02 16:14:51.549, 0, 86.57, 62, 100, 150.00, 810, 150.00, 0x0000000000000004
2026/10/02 16:14:51.750, 0, 88.16, 61, 0, 150.00, 1680, 150.00, 0x0000000000000000
2026/10/02 16:14:51.951, 0, 88.88, 61, 0, 150.00, 1665, 150.00, 0x0000000000000004
2026/10/02 16:14:52.151, 0, 105.79, 63, 100, 150.00, 810, 150.00, 0x0000000000000004
2026/10/02 16:14:52.352, 0, 101.52, 61, 0, 150.00, 975, 150.00, 0x0000000000000004
2026/10/02 16:14:52.552, 0, 85.71, 61, 0, 150.00, 1680, 150.00, 0x0000000000000004
2026/10/02 16:14:52.753, 0, 108.58, 63, 43, 150.00, 705, 150.00, 0x0000000000000004
2026/10/02 16:14:52.954, 0, 111.23, 63, 60, 150.00, 1485, 150.00, 0x0000000000000004
2026/10/02 16:14:53.154, 0, 104.02, 61, 0, 150.00, 1680, 150.00, 0x0000000000000004
2026/10/02 16:14:53.355, 0, 97.52, 61, 0, 150.00, 1695, 150.00, 0x0000000000000004
2026/10/02 16:14:53.555, 0, 102.71, 61, 0, 150.00, 1635, 150.00, 0x0000000000000004
2026/10/02 16:14:53.756, 0, 101.59, 63, 87, 150.00, 765, 150.00, 0x0000000000000004
2026/10/02 16:14:53.967, 0, 48.99, 62, 40, 105.00, 795, 105.00, 0x0000000000000000
2026/10/02 16:14:54.168, 0, 75.57, 62, 51, 105.00, 405, 105.00, 0x0000000000000004
2026/10/02 16:14:54.369, 0, 90.16, 62, 100, 105.00, 390, 105.00, 0x0000000000000004
2026/10/02 16:14:54.569, 0, 95.65, 62, 100, 105.00, 690, 105.00, 0x0000000000000004
2026/10/02 16:14:54.770, 0, 102.72, 62, 100, 105.00, 795, 105.00, 0x0000000000000004
2026/10/02 16:14:54.971, 0, 91.84, 60, 0, 105.00, 795, 105.00, 0x0000000000000000
2026/10/02 16:14:55.172, 0, 87.79, 60, 0, 105.00, 795, 105.00, 0x0000000000000000
2026/10/02 16:14:55.372, 0, 77.63, 60, 0, 105.00, 795, 105.00, 0x0000000000000000
2026/10/02 16:14:55.573, 0, 66.75, 60, 0, 105.00, 795, 105.00, 0x0000000000000000
2026/10/02 16:14:55.774, 0, 53.08, 59, 0, 105.00, 795, 105.00, 0x0000000000000000
2026/10/02 16:14:55.974, 0, 53.08, 59, 0, 105.00, 795, 105.00, 0x0000000000000000
2026/10/02 16:14:56.175, 0, 53.08, 59, 0, 105.00, 795, 105.00, 0x0000000000000000
2026/10/02 16:14:56.376, 0, 53.08, 59, 0, 105.00, 795, 105.00, 0x0000000000000000
2026/10/02 16:14:56.577, 0, 53.08, 59, 0, 105.00, 795, 105.00, 0x0000000000000000
2026/10/02 16:14:56.777, 0, 47.23, 59, 0, 105.00, 780, 105.00, 0x0000000000000000
2026/10/02 16:14:56.978, 0, 47.23, 59, 0, 105.00, 780, 105.00, 0x0000000000000000
2026/10/02 16:14:57.179, 0, 47.23, 59, 0, 105.00, 780, 105.00, 0x0000000000000000
2026/10/02 16:14:57.380, 0, 47.23, 59, 0, 105.00, 780, 105.00, 0x0000000000000000
2026/10/02 16:14:57.580, 0, 47.23, 59, 0, 105.00, 780, 105.00, 0x0000000000000000
2026/10/02 16:14:57.781, 0, 47.12, 59, 0, 105.00, 780, 105.00, 0x0000000000000000
2026/10/02 16:14:57.982, 0, 47.12, 59, 0, 105.00, 780, 105.00, 0x0000000000000000
2026/10/02 16:14:58.183, 0, 47.12, 59, 0, 105.00, 780, 105.00, 0x0000000000000000
2026/10/02 16:14:58.383, 0, 47.12, 59, 0, 105.00, 780, 105.00, 0x0000000000000000
2026/10/02 16:14:58.584, 0, 47.12, 59, 0, 105.00, 780, 105.00, 0x0000000000000000
2026/10/02 16:14:58.785, 0, 46.98, 58, 0, 105.00, 765, 105.00, 0x0000000000000000
2026/10/02 16:14:58.985, 0, 46.98, 58, 0, 105.00, 765, 105.00, 0x0000000000000000
2026/10/02 16:14:59.186, 0, 46.98, 58, 0, 105.00, 765, 105.00, 0x0000000000000000
2026/10/02 16:14:59.387, 0, 46.98, 58, 0, 105.00, 765, 105.00, 0x0000000000000000
2026/10/02 16:14:59.588, 0, 46.98, 58, 0, 105.00, 765, 105.00, 0x0000000000000000
2026/10/02 16:14:59.788, 0, 46.93, 58, 0, 105.00, 765, 105.00, 0x0000000000000000
2026/10/02 16:14:59.989, 0, 46.93, 58, 0, 105.00, 765, 105.00, 0x0000000000000000
2026/10/02 16:15:00.190, 0, 46.93, 58, 0, 105.00, 765, 105.00, 0x0000000000000000
2026/10/02 16:15:00.390, 0, 46.93, 58, 0, 105.00, 765, 105.00, 0x0000000000000000
2026/10/02 16:15:00.591, 0, 46.93, 58, 0, 105.00, 765, 105.00, 0x0000000000000000
2026/10/02 16:15:00.792, 0, 46.79, 58, 0, 105.00, 765, 105.00, 0x0000000000000000
2026/10/02 16:15:00.993, 0, 46.79, 58, 0, 105.00, 765, 105.00, 0x0000000000000000
2026/10/02 16:15:01.193, 0, 46.79, 58, 0, 105.00, 765, 105.00, 0x0000000000000000
2026/10/02 16:15:01.394, 0, 46.79, 58, 0, 105.00, 765, 105.00, 0x0000000000000000
2026/10/02 16:15:01.595, 0, 46.79, 58, 0, 105.00, 765, 105.00, 0x0000000000000000
2026/10/02 16:15:01.795, 0, 46.60, 57, 0, 105.00, 765, 105.00, 0x0000000000000000
2026/10/02 16:15:01.996, 0, 46.60, 57, 0, 105.00, 765, 105.00, 0x0000000000000000
2026/10/02 16:15:02.197, 0, 46.60, 57, 0, 105.00, 765, 105.00, 0x0000000000000000
2026/10/02 16:15:02.397, 0, 46.60, 57, 0, 105.00, 765, 105.00, 0x0000000000000000
2026/10/02 16:15:02.598, 0, 46.60, 57, 0, 105.00, 765, 105.00, 0x0000000000000000
2026/10/02 16:15:02.799, 0, 46.55, 57, 0, 105.00, 750, 105.00, 0x0000000000000000
2026/10/02 16:15:02.999, 0, 46.55, 57, 0, 105.00, 750, 105.00, 0x0000000000000000
2026/10/02 16:15:03.200, 0, 46.55, 57, 0, 105.00, 750, 105.00, 0x0000000000000000
2026/10/02 16:15:03.401, 0, 46.55, 57, 0, 105.00, 750, 105.00, 0x0000000000000000
2026/10/02 16:15:03.602, 0, 46.55, 57, 0, 105.00, 750, 105.00, 0x0000000000000000
2026/10/02 16:15:03.803, 0, 46.41, 57, 0, 105.00, 750, 105.00, 0x0000000000000000
2026/10/02 16:15:04.003, 0, 46.41, 57, 0, 105.00, 750, 105.00, 0x0000000000000000
2026/10/02 16:15:04.204, 0, 46.41, 57, 0, 105.00, 750, 105.00, 0x0000000000000000
2026/10/02 16:15:04.405, 0, 46.41, 57, 0, 105.00, 750, 105.00, 0x0000000000000000
2026/10/02 16:15:04.606, 0, 46.41, 57, 0, 105.00, 750, 105.00, 0x0000000000000000
2026/10/02 16:15:04.806, 0, 46.27, 57, 0, 105.00, 750, 105.00, 0x0000000000000000
2026/10/02 16:15:05.007, 0, 46.27, 57, 0, 105.00, 750, 105.00, 0x0000000000000000
2026/10/02 16:15:05.208, 0, 46.27, 57, 0, 105.00, 750, 105.00, 0x0000000000000000
2026/10/02 16:15:05.408, 0, 46.27, 57, 0, 105.00, 750, 105.00, 0x0000000000000000
2026/10/02 16:15:05.609, 0, 46.27, 56, 0, 105.00, 750, 105.00, 0x0000000000000000
2026/10/02 16:15:05.810, 0, 46.18, 56, 0, 105.00, 750, 105.00, 0x0000000000000000
2026/10/02 16:15:06.011, 0, 46.18, 56, 0, 105.00, 750, 105.00, 0x0000000000000000
2026/10/02 16:15:06.211, 0, 46.18, 56, 0, 105.00, 750, 105.00, 0x0000000000000000
2026/10/02 16:15:06.414, 0, 46.18, 56, 0, 105.00, 750, 105.00, 0x0000000000000000
2026/10/02 16:15:06.615, 0, 46.18, 56, 0, 105.00, 750, 105.00, 0x0000000000000000
2026/10/02 16:15:06.815, 0, 46.03, 56, 0, 105.00, 735, 105.00, 0x0000000000000000
2026/10/02 16:15:07.016, 0, 46.03, 56, 0, 105.00, 735, 105.00, 0x0000000000000000
2026/10/02 16:15:07.217, 0, 46.03, 56, 0, 105.00, 735, 105.00, 0x0000000000000000
2026/10/02 16:15:07.417, 0, 46.03, 56, 0, 105.00, 735, 105.00, 0x0000000000000000
2026/10/02 16:15:07.618, 0, 46.03, 56, 0, 105.00, 735, 105.00, 0x0000000000000000
2026/10/02 16:15:07.819, 0, 45.98, 56, 0, 105.00, 735, 105.00, 0x0000000000000000
2026/10/02 16:15:08.019, 0, 45.98, 56, 0, 105.00, 735, 105.00, 0x0000000000000000
2026/10/02 16:15:08.220, 0, 45.98, 56, 0, 105.00, 735, 105.00, 0x0000000000000000
2026/10/02 16:15:08.421, 0, 45.98, 56, 0, 105.00, 735, 105.00, 0x0000000000000000
2026/10/02 16:15:08.622, 0, 45.98, 56, 0, 105.00, 735, 105.00, 0x0000000000000000
2026/10/02 16:15:08.822, 0, 45.93, 56, 0, 105.00, 735, 105.00, 0x0000000000000000
2026/10/02 16:15:09.023, 0, 45.93, 56, 0, 105.00, 735, 105.00, 0x0000000000000000
2026/10/02 16:15:09.224, 0, 45.93, 56, 0, 105.00, 735, 105.00, 0x0000000000000000
2026/10/02 16:15:09.425, 0, 45.93, 56, 0, 105.00, 735, 105.00, 0x0000000000000000
2026/10/02 16:15:09.625, 0, 45.93, 55, 0, 105.00, 735, 105.00, 0x0000000000000000
2026/10/02 16:15:09.826, 0, 45.79, 55, 0, 105.00, 735, 105.00, 0x0000000000000000
2026/10/02 16:15:10.027, 0, 45.79, 55, 0, 105.00, 735, 105.00, 0x0000000000000000
2026/10/02 16:15:10.227, 0, 45.79, 55, 0, 105.00, 735, 105.00, 0x0000000000000000
2026/10/02 16:15:10.428, 0, 45.79, 55, 0, 105.00, 735, 105.00, 0x0000000000000000
2026/10/02 16:15:10.629, 0, 45.79, 55, 0, 105.00, 735, 105.00, 0x0000000000000000
2026/10/02 16:15:10.830, 0, 45.70, 55, 0, 105.00, 735, 105.00, 0x0000000000000000
2026/10/02 16:15:11.030, 0, 45.70, 55, 0, 105.00, 735, 105.00, 0x0000000000000000
2026/10/02 16:15:11.231, 0, 45.70, 55, 0, 105.00, 735, 105.00, 0x0000000000000000
2026/10/02 16:15:11.432, 0, 45.70, 55, 0, 105.00, 735, 105.00, 0x0000000000000000
2026/10/02 16:15:11.632, 0, 45.70, 55, 0, 105.00, 735, 105.00, 0x0000000000000000
2026/10/02 16:15:11.833, 0, 45.65, 55, 0, 105.00, 735, 105.00, 0x0000000000000000
2026/10/02 16:15:12.034, 0, 45.65, 55, 0, 105.00, 735, 105.00, 0x0000000000000000
2026/10/02 16:15:12.234, 0, 45.65, 55, 0, 105.00, 735, 105.00, 0x0000000000000000
2026/10/02 16:15:12.435, 0, 45.65, 55, 0, 105.00, 735, 105.00, 0x0000000000000000
2026/10/02 16:15:12.636, 0, 45.65, 55, 0, 105.00, 735, 105.00, 0x0000000000000000
2026/10/02 16:15:12.836, 0, 45.56, 55, 0, 105.00, 705, 105.00, 0x0000000000000000
2026/10/02 16:15:13.037, 0, 45.56, 55, 0, 105.00, 705, 105.00, 0x0000000000000000
2026/10/02 16:15:13.238, 0, 45.56, 55, 0, 105.00, 705, 105.00, 0x0000000000000000
2026/10/02 16:15:13.438, 0, 45.56, 55, 0, 105.00, 705, 105.00, 0x0000000000000000
2026/10/02 16:15:13.639, 0, 45.56, 55, 0, 105.00, 705, 105.00, 0x0000000000000000
2026/10/02 16:15:13.840, 0, 45.48, 55, 0, 105.00, 705, 105.00, 0x0000000000000000
2026/10/02 16:15:14.041, 0, 45.48, 55, 0, 105.00, 705, 105.00, 0x0000000000000000
2026/10/02 16:15:14.241, 0, 45.48, 55, 0, 105.00, 705, 105.00, 0x0000000000000000
2026/10/02 16:15:14.442, 0, 45.48, 55, 0, 105.00, 705, 105.00, 0x0000000000000000
2026/10/02 16:15:14.643, 0, 45.48, 55, 0, 105.00, 705, 105.00, 0x0000000000000000
2026/10/02 16:15:14.843, 0, 45.33, 55, 0, 105.00, 705, 105.00, 0x0000000000000000
2026/10/02 16:15:15.044, 0, 45.33, 55, 0, 105.00, 705, 105.00, 0x0000000000000000
2026/10/02 16:15:15.245, 0, 45.33, 55, 0, 105.00, 705, 105.00, 0x0000000000000000
2026/10/02 16:15:15.446, 0, 45.33, 55, 0, 105.00, 705, 105.00, 0x0000000000000000
2026/10/02 16:15:15.646, 0, 45.33, 54, 0, 105.00, 705, 105.00, 0x0000000000000000
2026/10/02 16:15:15.847, 0, 45.24, 54, 0, 105.00, 705, 105.00, 0x0000000000000000
2026/10/02 16:15:16.048, 0, 45.24, 54, 0, 105.00, 705, 105.00, 0x0000000000000000
2026/10/02 16:15:16.249, 0, 45.24, 54, 0, 105.00, 705, 105.00, 0x0000000000000000
2026/10/02 16:15:16.449, 0, 45.24, 54, 0, 105.00, 705, 105.00, 0x0000000000000000
2026/10/02 16:15:16.650, 0, 45.24, 54, 0, 105.00, 705, 105.00, 0x0000000000000000
2026/10/02 16:15:16.851, 0, 45.24, 54, 0, 105.00, 705, 105.00, 0x0000000000000000
2026/10/02 16:15:17.051, 0, 45.24, 54, 0, 105.00, 705, 105.00, 0x0000000000000000
2026/10/02 16:15:17.252, 0, 45.24, 54, 0, 105.00, 705, 105.00, 0x0000000000000000
2026/10/02 16:15:17.453, 0, 45.24, 54, 0, 105.00, 705, 105.00, 0x0000000000000000
2026/10/02 16:15:17.653, 0, 45.24, 54, 0, 105.00, 705, 105.00, 0x0000000000000000
2026/10/02 16:15:17.854, 0, 45.32, 54, 0, 105.00, 705, 105.00, 0x0000000000000000
2026/10/02 16:15:18.054, 0, 45.32, 54, 0, 105.00, 705, 105.00, 0x0000000000000000
2026/10/02 16:15:18.255, 0, 45.32, 54, 0, 105.00, 705, 105.00, 0x0000000000000000
2026/10/02 16:15:18.456, 0, 45.32, 54, 0, 105.00, 705, 105.00, 0x0000000000000000
2026/10/02 16:15:18.656, 0, 45.32, 54, 0, 105.00, 705, 105.00, 0x0000000000000000
2026/10/02 16:15:18.857, 0, 45.32, 54, 0, 105.00, 690, 105.00, 0x0000000000000000
2026/10/02 16:15:19.058, 0, 45.32, 54, 0, 105.00, 690, 105.00, 0x0000000000000000
2026/10/02 16:15:19.258, 0, 45.32, 54, 0, 105.00, 690, 105.00, 0x0000000000000000
2026/10/02 16:15:19.459, 0, 45.32, 54, 0, 105.00, 690, 105.00, 0x0000000000000000
2026/10/02 16:15:19.660, 0, 45.32, 54, 0, 105.00, 690, 105.00, 0x0000000000000000
2026/10/02 16:15:19.861, 0, 45.18, 54, 0, 105.00, 690, 105.00, 0x0000000000000000
2026/10/02 16:15:20.061, 0, 45.18, 54, 0, 105.00, 690, 105.00, 0x0000000000000000
2026/10/02 16:15:20.262, 0, 45.18, 54, 0, 105.00, 690, 105.00, 0x0000000000000000
2026/10/02 16:15:20.463, 0, 45.18, 54, 0, 105.00, 690, 105.00, 0x0000000000000000
2026/10/02 16:15:20.664, 0, 45.18, 54, 0, 105.00, 690, 105.00, 0x0000000000000000
2026/10/02 16:15:20.864, 0, 45.19, 54, 0, 105.00, 690, 105.00, 0x0000000000000000
2026/10/02 16:15:21.065, 0, 45.19, 54, 0, 105.00, 690, 105.00, 0x0000000000000000
2026/10/02 16:15:21.265, 0, 45.19, 54, 0, 105.00, 690, 105.00, 0x0000000000000000
2026/10/02 16:15:21.466, 0, 45.19, 54, 0, 105.00, 690, 105.00, 0x0000000000000000
2026/10/02 16:15:21.667, 0, 45.19, 53, 0, 105.00, 690, 105.00, 0x0000000000000000
2026/10/02 16:15:21.868, 0, 45.14, 53, 0, 105.00, 690, 105.00, 0x0000000000000000
2026/10/02 16:15:22.068, 0, 45.14, 53, 0, 105.00, 690, 105.00, 0x0000000000000000
2026/10/02 16:15:22.269, 0, 45.14, 53, 0, 105.00, 690, 105.00, 0x0000000000000000
2026/10/02 16:15:22.470, 0, 45.14, 53, 0, 105.00, 690, 105.00, 0x0000000000000000
2026/10/02 16:15:22.670, 0, 45.14, 53, 0, 105.00, 690, 105.00, 0x0000000000000000
2026/10/02 16:15:22.871, 0, 45.14, 53, 0, 105.00, 690, 105.00, 0x0000000000000000
2026/10/02 16:15:23.071, 0, 45.14, 53, 0, 105.00, 690, 105.00, 0x0000000000000000
2026/10/02 16:15:23.272, 0, 45.14, 53, 0, 105.00, 690, 105.00, 0x0000000000000000
2026/10/02 16:15:23.473, 0, 45.14, 53, 0, 105.00, 690, 105.00, 0x0000000000000000
2026/10/02 16:15:23.673, 0, 45.14, 53, 0, 105.00, 690, 105.00, 0x0000000000000000
2026/10/02 16:15:23.874, 0, 45.11, 53, 0, 105.00, 690, 105.00, 0x0000000000000000
2026/10/02 16:15:24.075, 0, 45.11, 53, 0, 105.00, 690, 105.00, 0x0000000000000000
2026/10/02 16:15:24.275, 0, 45.11, 53, 0, 105.00, 690, 105.00, 0x0000000000000000
2026/10/02 16:15:24.476, 0, 45.11, 53, 0, 105.00, 690, 105.00, 0x0000000000000000
2026/10/02 16:15:24.677, 0, 45.11, 53, 0, 105.00, 690, 105.00, 0x0000000000000000
2026/10/02 16:15:24.877, 0, 45.01, 53, 0, 105.00, 690, 105.00, 0x0000000000000000
2026/10/02 16:15:25.078, 0, 45.01, 53, 0, 105.00, 690, 105.00, 0x0000000000000000
2026/10/02 16:15:25.279, 0, 45.20, 53, 0, 105.00, 660, 105.00, 0x0000000000000000
