arrival_s,start_s,done_s,latency_ms,ok
0.3032,0.3039,0.3637,60.5068,1
0.9048,0.9056,0.9620,57.1687,1
1.2092,1.2098,1.2685,59.3825,1
1.5772,1.5779,1.6358,58.5213,1
1.5857,1.6358,1.7185,132.8458,1
2.3530,2.3539,2.4108,57.8275,1
2.7553,2.7559,2.8119,56.5851,1
3.6173,3.6185,3.7588,141.4732,1
4.2574,4.2584,4.3993,141.9044,1
4.3142,4.3993,4.5574,243.1842,1
4.6353,4.6359,4.7763,141.0034,1
4.8221,4.8226,4.9627,140.5774,1
4.8306,4.9627,5.1233,292.7306,1
4.8383,5.1233,5.2823,444.0625,1
5.1272,5.2823,5.4414,314.1857,1
5.2614,5.4414,5.6021,340.6732,1
5.4852,5.6021,5.7658,280.6423,1
5.9073,5.9081,6.0505,143.1684,1
6.3624,6.3630,6.5057,143.3275,1
7.0392,7.0402,7.1826,143.4285,1
7.0547,7.1827,7.3417,287.0199,1
7.1091,7.3417,7.5023,393.2237,1
7.1913,7.5024,7.6629,471.6410,1
7.1979,7.6630,7.8235,625.6233,1
7.3689,7.8235,7.9864,617.5089,1
7.6003,7.9864,8.1470,546.7522,1
7.6890,8.1471,8.3080,618.9618,1
7.7956,8.3080,8.4691,673.4788,1
8.0504,8.4691,8.6297,579.3572,1
8.5558,8.6297,8.7903,234.4864,1
9.2616,9.2627,9.3964,134.7492,1
9.3264,9.3964,9.5553,228.9484,1
9.7649,9.7656,9.8969,132.0077,1
9.8368,9.8969,10.0558,219.0712,1
10.2332,10.2339,10.3674,134.2456,1
10.3478,10.3675,10.5260,178.1753,1
10.4923,10.5260,10.6874,195.0989,1
10.8804,10.8811,11.0160,135.5755,1
10.8830,11.0160,11.1776,294.5866,1
11.2851,11.2857,11.4193,134.1980,1
11.7382,11.7387,11.8716,133.4440,1
12.0256,12.0261,12.1566,130.9276,1
12.1372,12.1566,12.3164,179.2197,1
12.3215,12.3220,12.4795,158.0117,1
12.6150,12.6156,12.7503,135.2819,1
13.0103,13.0110,13.1421,131.8565,1
13.0795,13.1421,13.3012,221.6712,1
13.4792,13.4798,13.5355,56.3765,1
13.5518,13.5520,13.6203,68.5052,1
13.5519,13.6203,13.6978,145.8858,1
13.7214,13.7219,13.7860,64.6080,1
14.0600,14.0606,14.1151,55.1461,1
14.3981,14.3984,14.4549,56.8675,1
14.5410,14.5413,14.5982,57.1605,1
14.5453,14.5982,14.6814,136.0756,1
14.8802,14.8807,14.9354,55.1809,1
14.9049,14.9354,15.0211,116.2128,1
15.0069,15.0211,15.0966,89.6339,1
15.2603,15.2609,15.3182,57.8663,1
15.2850,15.3182,15.4018,116.7838,1
15.8032,15.8040,15.9101,106.8291,1
16.0790,16.0796,16.1821,103.0241,1
16.2671,16.2676,16.3779,110.8352,1
16.4807,16.4813,16.5867,106.0170,1
16.6011,16.6015,16.7250,123.8826,1
17.4385,17.4397,17.5441,105.5472,1
17.4677,17.5441,17.6820,214.3517,1
17.4925,17.6820,17.8212,328.6704,1
18.1414,18.1423,18.2478,106.3890,1
18.2021,18.2478,18.3863,184.1902,1
18.5895,18.5900,18.6971,107.6063,1
18.9510,18.9517,19.0625,111.5141,1
18.9553,19.0626,19.2017,246.4716,1
19.3686,19.3692,19.4824,113.8028,1
19.6454,19.6458,19.7426,97.2014,1
19.8723,19.8729,19.9700,97.7068,1
20.3083,20.3090,20.4104,102.0887,1
20.9257,20.9265,21.0292,103.4723,1
21.7160,21.7170,21.8186,102.6440,1
22.2280,22.2288,22.3216,93.6052,1
22.5983,22.5988,22.6937,95.4775,1
22.6434,22.6938,22.8140,170.5981,1
23.4585,23.4596,23.5531,94.6582,1
23.6911,23.6915,23.7847,93.5831,1
23.7185,23.7847,23.9046,186.0654,1
23.9281,23.9284,24.0762,148.1340,1
24.4408,24.4415,24.5863,145.4852,1
24.4861,24.5863,24.7439,257.8132,1
24.5928,24.7439,24.9038,311.0152,1
24.8962,24.9038,25.0644,168.1521,1
25.0173,25.0644,25.2234,206.1206,1
25.2818,25.2823,25.4271,145.3490,1
25.3586,25.4271,25.5862,227.6087,1
25.9691,25.9699,26.1150,145.8669,1
26.4122,26.4128,26.5558,143.6037,1
26.4791,26.5558,26.7138,234.7151,1
26.4795,26.7138,26.8741,394.6057,1
26.6936,26.8741,27.0335,339.8209,1
27.1671,27.1679,27.3122,145.1229,1
27.2452,27.3123,27.4717,226.5329,1
27.3776,27.4717,27.6323,254.7414,1
28.1227,28.1238,28.2658,143.1662,1
28.1820,28.2659,28.4265,244.4661,1
28.4202,28.4265,28.5855,165.3390,1
28.5981,28.5984,28.7476,149.4909,1
28.7455,28.7476,28.9066,161.1020,1
29.1809,29.1815,29.3256,144.6751,1
29.2774,29.3256,29.4854,208.0708,1
29.8111,29.8117,29.9549,143.8753,1
30.7818,30.7831,30.9260,144.2447,1
30.8217,30.9261,31.0853,263.5628,1
30.9633,31.0853,31.2443,281.0457,1
31.2774,31.2781,31.4200,142.6133,1
31.5517,31.5523,31.6962,144.5120,1
31.6849,31.6962,31.8553,170.3938,1
31.8133,31.8553,32.0143,201.0281,1
31.9606,32.0143,32.1723,211.6750,1
32.0856,32.1723,32.2745,188.8239,1
32.0879,32.2745,32.3522,264.3560,1
32.1389,32.3522,32.4273,288.4463,1
32.2337,32.4273,32.5085,274.7505,1
32.3174,32.5085,32.5872,269.7973,1
32.5985,32.5990,32.6684,69.8610,1
32.8321,32.8326,32.8913,59.2177,1
32.9241,32.9243,32.9836,59.4646,1
32.9399,32.9836,33.0644,124.4166,1
33.1260,33.1265,33.1828,56.7780,1
33.6800,33.6808,33.7386,58.6174,1
33.7741,33.7745,33.8371,63.0016,1
34.4113,34.4123,34.4723,61.0387,1
34.5758,34.5762,34.6356,59.8484,1
34.7321,34.7325,34.7901,58.0570,1
34.8482,34.8486,34.9069,58.7007,1
35.8363,35.8376,35.8959,59.5865,1
35.9546,35.9550,36.0136,59.0060,1
36.0070,36.0136,36.0940,87.0823,1
36.0839,36.0940,36.1694,85.4505,1
36.3220,36.3225,36.3794,57.3769,1
36.5973,36.5978,36.6536,56.2327,1
36.8339,36.8344,36.8934,59.4867,1
37.0448,37.0452,37.1023,57.4796,1
37.2527,37.2532,37.3117,58.9197,1
37.5062,37.5068,37.5634,57.2268,1
37.8235,37.8241,37.8815,57.9775,1
37.8456,37.8815,37.9645,118.9533,1
38.0158,38.0163,38.0742,58.3961,1
38.3753,38.3757,38.4343,59.0614,1
38.7914,38.7920,38.8517,60.2880,1
39.1025,39.1030,39.1613,58.7999,1
39.3396,39.3401,39.3996,59.9781,1
40.2552,40.2562,40.3163,61.0653,1
41.0417,41.0427,41.1014,59.6891,1
41.1926,41.1930,41.2516,58.9556,1
41.4818,41.4823,41.5405,58.6914,1
41.9291,41.9298,41.9899,60.8164,1
42.1683,42.1687,42.2297,61.4224,1
42.2940,42.2944,42.3555,61.4148,1
42.3508,42.3555,42.4409,90.0616,1
42.7312,42.7317,42.7897,58.5537,1
43.4705,43.4714,43.5287,58.2305,1
43.7475,43.7480,43.8056,58.0399,1
43.9717,43.9720,44.0288,57.1071,1
44.3335,44.3341,44.3910,57.4304,1
44.9474,44.9481,45.0055,58.1364,1
45.7798,45.7808,45.8377,57.9566,1
45.7983,45.8377,45.9186,120.3171,1
45.9237,45.9240,45.9968,73.0747,1
46.0961,46.0965,46.1533,57.1531,1
46.1782,46.1785,46.2418,63.6145,1
46.2451,46.2453,46.3213,76.2127,1
46.9255,46.9264,46.9853,59.8091,1
47.5273,47.5281,47.5852,57.8831,1
47.8115,47.8119,47.8670,55.4880,1
47.9803,47.9806,48.0392,58.8261,1
48.3676,48.3682,48.4238,56.2539,1
48.5704,48.5708,48.6249,54.4776,1
48.7199,48.7203,48.7787,58.7690,1
49.2666,49.2673,49.3929,126.3145,1
49.7005,49.7011,49.8217,121.2377,1
50.1244,50.1251,50.2496,125.1862,1
50.3466,50.3469,50.4724,125.8210,1
50.5831,50.5834,50.7054,122.3371,1
50.6184,50.7054,50.8591,240.6142,1
50.8446,50.8591,50.9964,151.8360,1
51.0888,51.0892,51.1474,58.5604,1
51.3796,51.3801,51.4379,58.2782,1
51.4517,51.4519,51.5216,69.9453,1
51.5520,51.5523,51.6123,60.3013,1
51.8548,51.8553,51.9105,55.6579,1
52.5937,52.5945,52.6512,57.4800,1
52.9989,52.9993,53.0570,58.0962,1
53.1331,53.1334,53.1893,56.1388,1
53.5836,53.5843,53.6402,56.6540,1
53.7644,53.7647,53.8207,56.2500,1
54.1964,54.1969,54.2538,57.3998,1
54.3980,54.3982,54.4552,57.2477,1
54.4795,54.4797,54.5449,65.3972,1
54.5094,54.5449,54.6233,113.9115,1
54.8906,54.8911,54.9473,56.7213,1
55.3025,55.3031,55.3612,58.6663,1
55.6543,55.6548,55.7107,56.4219,1
55.8663,55.8665,55.9259,59.5995,1
55.8909,55.9259,56.0072,116.3373,1
56.4997,56.5004,56.5585,58.8004,1
56.6453,56.6456,56.7050,59.7716,1
56.7542,56.7545,56.8122,57.9979,1
57.9068,57.9081,57.9663,59.5794,1
57.9228,57.9664,58.0507,127.8759,1
58.1950,58.1953,58.2528,57.8319,1
58.8690,58.8699,58.9298,60.7543,1
59.0644,59.0648,59.1255,61.1541,1
59.1464,59.1467,59.2139,67.4670,1
59.2130,59.2139,59.2992,86.1555,1
59.2579,59.2992,59.4501,192.2347,1
59.6017,59.6023,59.7441,142.4675,1
59.8149,59.8154,59.9577,142.8096,1
59.8662,59.9577,60.1168,250.5462,1
60.6266,60.6277,60.7683,141.6809,1
61.1619,61.1628,61.3042,142.2228,1
61.8913,61.8924,62.0351,143.8467,1
62.0879,62.0885,62.2322,144.2871,1
62.1934,62.2323,62.3905,197.1630,1
62.3371,62.3905,62.5488,211.7115,1
62.3687,62.5488,62.7079,339.2001,1
62.4651,62.7079,62.8662,401.1151,1
62.7531,62.8662,63.0269,273.8018,1
63.2935,63.2944,63.4381,144.6380,1
63.9922,63.9933,64.1368,144.6057,1
64.0022,64.1368,64.2967,294.4734,1
64.0681,64.2967,64.4558,387.6568,1
64.3238,64.4558,64.6133,289.4776,1
64.3528,64.6133,64.7724,419.5513,1
64.6410,64.7724,64.9315,290.5080,1
64.7627,64.9315,65.0913,328.6167,1
65.0819,65.0913,65.2527,170.8866,1
65.1734,65.2528,65.4126,239.1686,1
65.5418,65.5422,65.5982,56.4222,1
66.0383,66.0390,66.0972,58.9282,1
66.0432,66.0972,66.1790,135.7906,1
66.3220,66.3225,66.3824,60.4672,1
66.5144,66.5147,66.5729,58.5233,1
66.6996,66.7001,66.7581,58.4423,1
67.1767,67.1775,67.2341,57.3693,1
67.5461,67.5467,67.6064,60.3461,1
67.9333,67.9340,67.9888,55.4983,1
68.2501,68.2506,68.3089,58.8401,1
68.3201,68.3204,68.3913,71.2174,1
68.6039,68.6046,68.6612,57.3274,1
68.7462,68.7466,68.8055,59.3340,1
68.9527,68.9531,69.0085,55.8927,1
70.5952,70.5970,70.6546,59.3466,1
70.6467,70.6546,70.7376,90.8289,1
70.8524,70.8529,70.9092,56.7660,1
70.9123,70.9126,70.9926,80.3682,1
71.5607,71.5616,71.6203,59.5222,1
71.5922,71.6203,71.7022,109.9685,1
71.6715,71.7022,71.7808,109.2354,1
72.3366,72.3374,72.4736,137.0157,1
72.4166,72.4736,72.6322,215.5932,1
72.7923,72.7929,72.9284,136.0720,1
72.8873,72.9284,73.0874,200.0739,1
73.0101,73.0874,73.2465,236.3649,1
73.2255,73.2465,73.4055,180.0133,1
73.8467,73.8475,73.9823,135.5729,1
74.1716,74.1721,74.3076,136.0199,1
74.2636,74.3076,74.4668,203.2311,1
74.9585,74.9594,75.0975,138.9682,1
75.2304,75.2309,75.3673,136.9430,1
75.3668,75.3674,75.5258,158.9276,1
75.5312,75.5315,75.6848,153.6794,1
75.8137,75.8142,75.9511,137.4020,1
75.9379,75.9511,76.1086,170.7264,1
76.8951,76.8962,77.0312,136.0970,1
77.3652,77.3658,77.4990,133.8512,1
77.5756,77.5760,77.7130,137.4230,1
77.7507,77.7510,77.8860,135.3024,1
78.6469,78.6480,78.7906,143.6818,1
79.0197,79.0203,79.1629,143.1643,1
79.3249,79.3255,79.4696,144.7179,1
79.5081,79.5086,79.6512,143.1164,1
79.6661,79.6665,79.8104,144.2906,1
79.8942,79.8946,80.0397,145.5051,1
80.0462,80.0466,80.1347,88.4421,1
80.1847,80.1851,80.2425,57.8645,1
80.2883,80.2887,80.3484,60.0756,1
80.5603,80.5609,80.6168,56.4960,1
80.7188,80.7193,80.7766,57.7159,1
80.8240,80.8243,80.8808,56.8139,1
80.9036,80.9040,80.9690,65.3270,1
80.9127,80.9690,81.0475,134.7903,1
81.3985,81.3994,81.4561,57.5981,1
81.6779,81.6784,81.7380,60.0665,1
81.8525,81.8529,81.9126,60.1485,1
82.2374,82.2379,82.2965,59.0792,1
82.2429,82.2965,82.3794,136.4362,1
82.4187,82.4190,82.4774,58.6995,1
82.7327,82.7333,82.7929,60.1919,1
82.8281,82.8285,82.8887,60.6481,1
82.9863,82.9868,83.0454,59.0643,1
83.1735,83.1741,83.2336,60.0079,1
83.1844,83.2336,83.3145,130.0078,1
83.3082,83.3145,83.3907,82.4361,1
83.3551,83.3907,83.4663,111.1723,1
83.4778,83.4783,83.5458,67.9681,1
83.8340,83.8347,83.8922,58.1839,1
84.0653,84.0659,84.1241,58.7913,1
84.2516,84.2520,84.3119,60.3432,1
84.2909,84.3119,84.3936,102.6472,1
84.3406,84.3936,84.4702,129.6029,1
84.5303,84.5308,84.5907,60.3745,1
84.5878,84.5907,84.6716,83.8281,1
84.6388,84.6716,84.7487,109.8756,1
84.7103,84.7487,84.8254,115.1120,1
84.7579,84.8254,84.9013,143.4002,1
85.0885,85.0890,85.1479,59.4318,1
85.2624,85.2628,85.3181,55.7617,1
85.2655,85.3182,85.4033,137.8118,1
85.3741,85.4033,85.4794,105.3093,1
85.8367,85.8372,85.8944,57.7723,1
85.8964,85.8966,85.9764,80.0032,1
86.0300,86.0302,86.0905,60.5071,1
86.1740,86.1743,86.2327,58.7356,1
86.2210,86.2328,86.3153,94.3236,1
86.3621,86.3625,86.4218,59.6750,1
86.3698,86.4218,86.5027,132.9085,1
86.3961,86.5027,86.5798,183.6810,1
86.5019,86.5798,86.6569,155.0151,1
86.6223,86.6570,86.7337,111.3990,1
86.6436,86.7337,86.8110,167.4083,1
86.7394,86.8110,86.8880,148.6416,1
86.8649,86.8881,86.9649,100.0321,1
86.9646,86.9649,87.0410,76.3740,1
87.0731,87.0735,87.1349,61.7793,1
87.1622,87.1625,87.2219,59.6239,1
87.1872,87.2219,87.3175,130.2949,1
87.2956,87.3175,87.3950,99.4029,1
87.3785,87.3950,87.4721,93.6175,1
87.6135,87.6141,87.6713,57.7666,1
87.7298,87.7301,87.7890,59.1318,1
87.8170,87.8174,87.8798,62.8422,1
87.8225,87.8798,87.9590,136.4679,1
87.8370,87.9590,88.0365,199.5393,1
87.9507,88.0366,88.1136,162.8738,1
87.9630,88.1136,88.1914,228.4494,1
88.0121,88.1914,88.2684,256.3553,1
88.0299,88.2684,88.3459,315.9880,1
88.0492,88.3459,88.4230,373.7973,1
88.0849,88.4230,88.5023,417.3701,1
88.1192,88.5023,88.5851,465.9245,1
88.1745,88.5851,88.6824,507.8256,1
88.4266,88.6824,88.7681,341.5053,1
88.5303,88.7681,88.8470,316.6638,1
88.8162,88.8470,88.9264,110.2290,1
88.9439,88.9444,89.0121,68.2473,1
89.1136,89.1139,89.1740,60.4006,1
89.2273,89.2277,89.2854,58.1116,1
89.2685,89.2854,89.3676,99.0543,1
89.3886,89.3890,89.4570,68.3743,1
89.3978,89.4570,89.5353,137.5624,1
89.4944,89.5353,89.6107,116.3060,1
89.5631,89.6107,89.6863,123.1845,1
90.0046,90.0051,90.0618,57.1175,1
90.1507,90.1510,90.2076,56.9696,1
90.1630,90.2076,90.2908,127.7579,1
90.2946,90.2951,90.3693,74.6732,1
90.3489,90.3693,90.4491,100.2470,1
90.4397,90.4491,90.6186,178.9232,1
90.6126,90.6186,90.7817,169.0122,1
90.7426,90.7817,90.9452,202.5625,1
90.8714,90.9452,91.1288,257.4211,1
90.8930,91.1288,91.2918,398.8022,1
91.1611,91.2918,91.4541,292.9188,1
91.1749,91.4541,91.6178,442.8542,1
91.2690,91.6178,91.7777,508.6910,1
91.7330,91.7777,91.9398,206.8119,1
92.0208,92.0213,92.1571,136.3309,1
92.1171,92.1572,92.3186,201.4725,1
92.1191,92.3186,92.4816,362.4490,1
92.1450,92.4816,92.6025,457.4420,1
92.3701,92.6025,92.6789,308.7470,1
92.5183,92.6789,92.7563,238.0050,1
92.5224,92.7563,92.8338,311.4169,1
92.6723,92.8338,92.9139,241.5643,1
92.7404,92.9139,92.9982,257.8136,1
92.8920,92.9982,93.0795,187.4889,1
92.8966,93.0795,93.1607,264.1327,1
93.6257,93.6267,93.6847,58.9477,1
93.6699,93.6847,93.7693,99.3661,1
93.8370,93.8373,93.8957,58.7808,1
94.0708,94.0713,94.1281,57.3041,1
94.0869,94.1281,94.2119,124.9854,1
94.2371,94.2376,94.3021,64.9504,1
94.3110,94.3112,94.3825,71.5847,1
94.3433,94.3826,94.4606,117.3599,1
94.4317,94.4607,94.5381,106.4318,1
94.5624,94.5628,94.6242,61.7757,1
94.6939,94.6941,94.8157,121.8010,1
95.0010,95.0014,95.1275,126.5085,1
95.3124,95.3130,95.4316,119.1571,1
95.5115,95.5120,95.6233,111.7878,1
95.6938,95.6943,95.8153,121.5211,1
95.7184,95.8153,95.9733,254.8691,1
95.8169,95.9733,96.1311,314.1243,1
95.8322,96.1311,96.2864,454.2287,1
95.8814,96.2865,96.4551,573.7119,1
95.9013,96.4552,96.6405,739.1961,1
95.9128,96.6406,96.8073,894.4777,1
96.1791,96.8073,96.8831,703.9703,1
96.1991,96.8831,96.9600,760.8895,1
96.2899,96.9600,97.0378,747.8969,1
96.3209,97.0378,97.1156,794.7555,1
96.3234,97.1157,97.1935,870.0501,1
96.4189,97.1935,97.2726,853.7001,1
96.5268,97.2726,97.3545,827.7602,1
96.8938,97.3546,97.4350,541.1412,1
96.9972,97.4350,97.5211,523.8821,1
97.0610,97.5211,97.6048,543.8267,1
97.2290,97.6048,97.6884,459.3731,1
97.2650,97.6884,97.7727,507.7018,1
97.3903,97.7727,97.8529,462.5395,1
97.4680,97.8529,97.9325,464.5604,1
97.6229,97.9325,98.0108,387.8781,1
97.6509,98.0108,98.0892,438.3278,1
97.6677,98.0892,98.1681,500.4313,1
97.6721,98.1681,98.2481,576.0508,1
97.8415,98.2482,98.3285,486.9230,1
97.8454,98.3285,98.4110,565.5732,1
97.9455,98.4110,98.4955,550.0831,1
98.0701,98.4956,98.5793,509.1781,1
98.0972,98.5793,98.6637,566.4986,1
98.1579,98.6637,98.7465,588.6377,1
98.1857,98.7465,98.8277,642.0728,1
98.3612,98.8278,98.9074,546.2074,1
98.4584,98.9075,98.9871,528.6746,1
98.4632,98.9871,99.0662,602.9723,1
98.7230,99.0662,99.1453,422.2914,1
98.7753,99.1453,99.2250,449.6261,1
98.7810,99.2250,99.3065,525.5927,1
98.9800,99.3066,99.3894,409.3654,1
99.0299,99.3894,99.4725,442.6795,1
99.0655,99.4725,99.5562,490.7317,1
99.2150,99.5563,99.6395,424.4894,1
99.3836,99.6395,99.7223,338.6903,1
99.4422,99.7223,99.8042,361.9824,1
99.5203,99.8042,99.8846,364.3632,1
99.7485,99.8846,99.9649,216.3621,1
99.7695,99.9649,100.0445,275.0870,1
99.7698,100.0445,100.1246,354.7533,1
100.0492,100.1246,100.2054,156.1949,1
100.1518,100.2054,100.2870,135.1702,1
100.3391,100.3395,100.3968,57.6548,1
100.3928,100.3968,100.4805,87.6544,1
100.4145,100.4805,100.5586,144.0466,1
100.4185,100.5586,100.6372,218.6894,1
100.4353,100.6372,100.7153,280.0621,1
100.6323,100.7153,100.7946,162.2942,1
100.6567,100.7946,100.8746,217.9157,1
100.8896,100.8899,100.9586,68.9953,1
101.0760,101.0765,101.1348,58.8312,1
101.1427,101.1431,101.2186,75.8929,1
101.1945,101.2186,101.2972,102.6308,1
101.6131,101.6138,101.6740,60.9324,1
101.6726,101.6740,101.7569,84.3464,1
101.7415,101.7569,101.8359,94.3093,1
101.8729,101.8732,101.9347,61.8729,1
101.9217,101.9347,102.0156,93.9047,1
102.3021,102.3028,102.3583,56.1452,1
102.3271,102.3583,102.4442,117.0990,1
102.4209,102.4442,102.5218,100.8591,1
102.6258,102.6261,102.6851,59.2677,1
102.6441,102.6851,102.7692,125.0841,1
102.7733,102.7738,102.8500,76.6751,1
102.9412,102.9415,103.0090,67.8636,1
103.1712,103.1717,103.3108,139.6040,1
103.2151,103.3109,103.4763,261.2085,1
103.4347,103.4763,103.6409,206.2536,1
103.4560,103.6409,103.8056,349.5883,1
103.5359,103.8056,103.9718,435.9508,1
103.6240,103.9718,104.1405,516.5713,1
103.6359,104.1405,104.3063,670.4369,1
103.7123,104.3063,104.4725,760.2459,1
103.9861,104.4725,104.6380,651.9085,1
104.3127,104.6380,104.8034,490.7216,1
104.4213,104.8034,104.9681,546.8049,1
104.4950,104.9681,105.1326,637.5199,1
104.5927,105.1326,105.2133,620.6919,1
104.6708,105.2134,105.2919,621.0804,1
104.7455,105.2919,105.3719,626.4555,1
104.9114,105.3720,105.4532,541.7312,1
105.1505,105.4532,105.5344,383.8934,1
105.2434,105.5344,105.6161,372.6150,1
105.2455,105.6161,105.6989,453.4178,1
105.2533,105.6989,105.7809,527.6770,1
105.3001,105.7809,105.8631,563.0134,1
105.5782,105.8632,105.9446,366.4601,1
105.6853,105.9446,106.0292,343.9653,1
105.7741,106.0292,106.1126,338.5009,1
105.8678,106.1126,106.1934,325.6667,1
106.0135,106.1934,106.2734,259.8927,1
106.0637,106.2734,106.3543,290.6292,1
106.0658,106.3543,106.4355,369.7638,1
106.2294,106.4355,106.5169,287.5198,1
106.2737,106.5169,106.5997,326.0035,1
106.3238,106.5997,106.6817,357.9123,1
106.3823,106.6817,106.7642,381.8933,1
106.9577,106.9586,107.0185,60.7827,1
107.0309,107.0313,107.1035,72.5332,1
107.3433,107.3439,107.4010,57.7039,1
107.5416,107.5421,107.6012,59.6083,1
107.5730,107.6012,107.6857,112.6701,1
107.7652,107.7657,107.8244,59.2321,1
108.1495,108.1500,108.2071,57.5455,1
108.3349,108.3351,108.3941,59.2462,1
108.3422,108.3942,108.4789,136.6635,1
108.5079,108.5084,108.5711,63.1494,1
108.6265,108.6268,108.6873,60.8274,1
108.6605,108.6873,108.7693,108.7888,1
108.6885,108.7693,108.8482,159.6879,1
108.7544,108.8482,108.9264,171.9657,1
108.8788,108.9264,109.0049,126.0701,1
108.8906,109.0049,109.0831,192.5057,1
109.1870,109.1875,109.2494,62.3829,1
109.2207,109.2494,109.3322,111.5018,1
109.4065,109.4070,109.4658,59.3728,1
109.4886,109.4890,109.5548,66.1894,1
109.6093,109.6097,109.6701,60.7756,1
109.7826,109.7831,109.8439,61.3277,1
109.7989,109.8439,109.9285,129.6531,1
109.9498,109.9503,110.0143,64.4509,1
110.0211,110.0215,110.0951,74.0488,1
110.0428,110.0952,110.1744,131.6033,1
110.1991,110.1995,110.2618,62.7058,1
110.2217,110.2618,110.3439,122.1613,1
110.5724,110.5731,110.6332,60.7658,1
110.5795,110.6332,110.7170,137.5084,1
110.6940,110.7170,110.7952,101.1619,1
110.9213,110.9217,110.9809,59.6542,1
111.2768,111.2772,111.3329,56.1290,1
111.2899,111.3329,111.4192,129.3760,1
111.4727,111.4732,111.5322,59.5146,1
111.5395,111.5400,111.6154,75.8581,1
111.5396,111.6154,111.6945,154.8641,1
111.5562,111.6945,111.7731,216.8742,1
111.8606,111.8611,111.9202,59.5580,1
112.0895,112.0900,112.1489,59.3948,1
112.2229,112.2233,112.2818,58.8576,1
112.4748,112.4755,112.5327,57.8757,1
112.6687,112.6693,112.7262,57.5198,1
112.8381,112.8385,112.8979,59.7531,1
113.0986,113.0991,113.1587,60.1040,1
113.1373,113.1587,113.2437,106.4077,1
113.1564,113.2437,113.3190,162.6087,1
113.2025,113.3190,113.3967,194.1881,1
113.2448,113.3967,113.5648,320.0138,1
113.4546,113.5648,113.7334,278.7760,1
113.4947,113.7334,113.8988,404.0714,1
113.5704,113.8988,114.0901,519.6686,1
113.7875,114.0901,114.2587,471.2125,1
114.6160,114.6170,114.7534,137.4541,1
114.6310,114.7535,114.9189,287.8202,1
114.7485,114.9189,115.0843,335.7815,1
114.7684,115.0843,115.2497,481.2370,1
114.9527,115.2497,115.4159,463.2538,1
115.0742,115.4159,115.5586,484.3552,1
115.2833,115.5586,115.6356,352.2894,1
115.3076,115.6356,115.7144,406.8082,1
115.5875,115.7145,115.7934,205.8978,1
115.9995,116.0003,116.0606,61.1322,1
116.0699,116.0703,116.1458,75.9558,1
116.4207,116.4215,116.4799,59.1174,1
116.4842,116.4846,116.5632,79.0205,1
116.4990,116.5633,116.6418,142.8883,1
116.9141,116.9149,116.9726,58.4911,1
117.0581,117.0585,117.1185,60.3375,1
117.1683,117.1688,117.2266,58.2658,1
117.3829,117.3834,117.4427,59.8216,1
117.6821,117.6825,117.7848,102.6687,1
117.7418,117.7848,117.9169,175.1169,1
117.9319,117.9323,118.0505,118.5435,1
117.9344,118.0505,118.1839,249.5472,1
118.0603,118.1839,118.3174,257.0442,1
118.1500,118.3174,118.4514,301.4040,1
118.1634,118.4514,118.6185,455.0964,1
118.3958,118.6185,118.7630,367.2765,1
118.4540,118.7631,118.9046,450.5848,1
118.7017,118.9046,119.0410,339.3118,1
118.7782,119.0410,119.1744,396.2908,1
118.8466,119.1745,119.3079,461.2804,1
119.3158,119.3166,119.4505,134.6342,1
119.3335,119.4505,119.6034,269.9290,1
119.4351,119.6034,119.7506,315.5296,1
120.1506,120.1517,120.2104,59.7345,1
120.3164,120.3169,120.3784,62.0040,1
120.5399,120.5405,120.5959,56.0370,1
120.6674,120.6677,120.7263,58.9634,1
121.1019,121.1027,121.1626,60.7010,1
121.1088,121.1627,121.2463,137.5108,1
121.3270,121.3275,121.3855,58.4889,1
121.4261,121.4264,121.4846,58.5668,1
121.6337,121.6341,121.6917,58.0382,1
121.7249,121.7253,121.7842,59.2987,1
121.8001,121.8004,121.8726,72.5502,1
121.8518,121.8726,122.0314,179.5449,1
121.8734,122.0314,122.1992,325.8034,1
122.3348,122.3356,122.4798,144.9719,1
122.5528,122.5533,122.6986,145.7451,1
122.7282,122.7285,122.8730,144.8050,1
122.8871,122.8874,123.0410,153.9431,1
123.0174,123.0411,123.2095,192.0210,1
123.1715,123.2095,123.3752,203.6595,1
123.5338,123.5345,123.6793,145.5147,1
123.5795,123.6794,123.8448,265.2987,1
123.6758,123.8448,124.0102,334.3447,1
123.8075,124.0102,124.0874,279.9014,1
123.8824,124.0874,124.1674,284.9525,1
123.9641,124.1674,124.2449,280.8102,1
124.1653,124.2449,124.3231,157.7994,1
124.1687,124.3231,124.4013,232.5192,1
124.3107,124.4013,124.4879,177.2299,1
124.4448,124.4879,124.5712,126.4824,1
124.5357,124.5713,124.6541,118.3549,1
124.5671,124.6541,124.7361,169.0208,1
124.5759,124.7361,124.8190,243.0734,1
124.7766,124.8190,124.9039,127.2385,1
124.9626,124.9630,125.0204,57.7752,1
125.0297,125.0301,125.1052,75.5400,1
125.0473,125.1052,125.1845,137.1399,1
125.1124,125.1845,125.2633,150.9582,1
125.1620,125.2634,125.3423,180.2587,1
125.3313,125.3423,125.4212,89.8415,1
125.4490,125.4495,125.5121,63.0752,1
125.4840,125.5121,125.5952,111.2245,1
125.6091,125.6095,125.6801,71.0360,1
125.7546,125.7550,125.8137,59.0554,1
125.8555,125.8559,125.9173,61.7737,1
125.9387,125.9391,126.0039,65.2765,1
126.4508,126.4516,126.5950,144.2120,1
126.5530,126.5950,126.7618,208.8051,1
126.7749,126.7755,126.9316,156.7021,1
126.7996,126.9316,127.0978,298.2271,1
126.8902,127.0978,127.2648,374.6444,1
126.9166,127.2649,127.4303,513.6789,1
127.0269,127.4303,127.5988,571.9112,1
127.1204,127.5988,127.7668,646.3390,1
127.1831,127.7668,127.9338,750.7508,1
127.2351,127.9338,128.1000,864.9921,1
127.2674,128.1001,128.2646,997.1647,1
127.2724,128.2646,128.3353,1062.9091,1
127.4704,128.3353,128.4138,943.3973,1
127.4993,128.4138,128.4936,994.3791,1
127.8387,128.4937,128.5751,736.4323,1
127.9706,128.5751,128.6569,686.2458,1
128.0808,128.6569,128.7389,658.0334,1
128.2971,128.7389,128.8212,524.1645,1
128.4326,128.8212,128.9041,471.4833,1
128.4712,128.9041,128.9869,515.6731,1
128.5422,128.9869,129.0696,527.4281,1
128.9241,129.0696,129.1551,230.9855,1
128.9321,129.1551,129.2386,306.5626,1
129.0737,129.2387,129.3199,246.1043,1
129.1644,129.3199,129.4007,236.2482,1
129.1940,129.4007,129.4823,288.2326,1
129.2356,129.4823,129.5643,328.6408,1
129.3043,129.5643,129.6455,341.1359,1
129.3379,129.6455,129.7276,389.6158,1
129.5952,129.7276,129.8104,215.1717,1
129.7200,129.8104,129.8932,173.2187,1
129.8967,129.8973,129.9740,77.2957,1
129.9371,129.9740,130.0577,120.6755,1
130.7988,130.8000,130.8605,61.6483,1
130.9711,130.9716,131.0276,56.4136,1
131.0235,131.0276,131.1142,90.7801,1
131.2323,131.2328,131.2929,60.5760,1
131.4265,131.4271,131.4846,58.0992,1
131.6171,131.6176,131.6799,62.7941,1
131.6746,131.6799,131.7636,88.9359,1
131.8969,131.8974,131.9578,60.9307,1
131.9143,131.9579,132.0425,128.1967,1
131.9629,132.0425,132.1206,157.6749,1
132.0444,132.1206,132.1995,155.1309,1
132.1315,132.1995,132.2780,146.4820,1
132.2459,132.2780,132.3570,111.1064,1
132.3012,132.3570,132.4358,134.6449,1
132.5062,132.5067,132.5678,61.5611,1
132.7441,132.7447,132.8053,61.1740,1
132.9115,132.9120,132.9713,59.8088,1
133.0014,133.0018,133.0665,65.1316,1
133.0381,133.0665,133.1476,109.5342,1
133.3720,133.3726,133.4303,58.3440,1
133.4056,133.4303,133.5169,111.3464,1
133.5008,133.5169,133.5957,94.9387,1
133.9977,133.9985,134.0581,60.3667,1
134.0309,134.0581,134.1414,110.5348,1
134.0900,134.1414,134.2207,130.6817,1
134.1319,134.2207,134.2992,167.3176,1
134.1399,134.2992,134.3782,238.3048,1
134.3936,134.3940,134.4642,70.5297,1
134.4145,134.4642,134.5444,129.8523,1
134.5005,134.5444,134.6233,122.7793,1
134.5053,134.6233,134.7022,196.9349,1
134.5830,134.7022,134.7811,198.1173,1
134.7166,134.7811,134.8815,164.8379,1
134.7644,134.8815,134.9688,204.4034,1
134.8933,134.9688,135.0527,159.3914,1
135.1316,135.1322,135.1882,56.6133,1
135.1510,135.1883,135.2746,123.6657,1
135.1552,135.2746,135.3538,198.6085,1
135.2082,135.3538,135.4334,225.2498,1
135.5155,135.5161,135.5768,61.2978,1
135.7691,135.7696,135.8256,56.4871,1
135.9455,135.9459,136.0038,58.3388,1
135.9968,136.0039,136.0895,92.6939,1
136.0143,136.0896,136.1684,154.1001,1
136.4751,136.4759,136.5368,61.7150,1
136.6607,136.6612,136.7223,61.6571,1
136.9775,136.9781,137.0376,60.0813,1
137.0137,137.0376,137.1217,108.0274,1
137.0536,137.1217,137.2006,146.9694,1
137.1100,137.2006,137.2791,169.0747,1
137.1996,137.2791,137.3588,159.1519,1
137.2162,137.3588,137.4377,221.4159,1
137.3223,137.4377,137.5163,193.9903,1
137.5279,137.5283,137.6000,72.1302,1
137.6546,137.6550,137.7153,60.6414,1
137.8559,137.8564,137.9189,62.9955,1
138.2699,138.2706,138.3282,58.3480,1
138.2725,138.3283,138.4135,140.9816,1
138.4112,138.4135,138.4929,81.7365,1
138.4168,138.4929,138.5720,155.1443,1
138.4630,138.5720,138.6515,188.4173,1
138.5686,138.6515,138.7311,162.5437,1
138.6733,138.7311,138.8108,137.5177,1
139.1765,139.1772,139.2392,62.7734,1
139.2139,139.2393,139.3232,109.2709,1
139.2217,139.3232,139.4022,180.4226,1
139.4501,139.4506,139.5106,60.5181,1
139.4740,139.5106,139.5947,120.7102,1
139.6444,139.6449,139.7047,60.3394,1
139.6699,139.7048,139.7891,119.2435,1
139.9369,139.9373,140.0003,63.3425,1
140.4286,140.4293,140.4861,57.4919,1
140.7755,140.7759,140.9246,149.1475,1
140.9907,140.9911,141.1427,151.9943,1
141.0690,141.1427,141.3110,241.9071,1
141.1136,141.3110,141.4792,365.5686,1
141.2076,141.4792,141.6489,441.3421,1
141.2602,141.6490,141.8196,559.3976,1
141.2939,141.8196,141.9902,696.3206,1
141.3530,141.9902,142.1600,807.0004,1
141.3534,142.1600,142.3307,977.2211,1
141.3707,142.3307,142.4989,1128.1166,1
141.3935,142.4989,142.6683,1274.7651,1
141.4925,142.6683,142.7790,1286.5696,1
141.5534,142.7790,142.8583,1304.8839,1
141.6022,142.8583,142.9374,1335.1638,1
141.7644,142.9374,143.0189,1254.4864,1
141.8561,143.0189,143.1018,1245.6923,1
141.9399,143.1018,143.1846,1244.6701,1
141.9946,143.1846,143.2678,1273.2244,1
142.0871,143.2678,143.3511,1263.9544,1
142.2425,143.3511,143.4343,1191.8262,1
142.4568,143.4343,143.5175,1060.6803,1
142.5634,143.5175,143.6007,1037.3213,1
142.5719,143.6007,143.6878,1115.9624,1
142.6394,143.6878,143.7690,1129.6303,1
142.8211,143.7691,143.8503,1029.2409,1
142.9162,143.8503,143.9317,1015.4944,1
144.1127,144.1142,144.1724,59.7240,1
144.3168,144.3173,144.3766,59.7378,1
144.5500,144.5505,144.6070,57.0817,1
144.5529,144.6071,144.6942,141.2830,1
144.7546,144.7550,144.8147,60.1303,1
145.1261,145.1267,145.1837,57.5916,1
145.3048,145.3054,145.3618,56.9531,1
145.5756,145.5761,145.6349,59.2891,1
145.7378,145.7381,145.7986,60.8459,1
145.9508,145.9512,146.0083,57.4647,1
146.1415,146.1418,146.2030,61.5066,1
146.6360,146.6367,146.6971,61.1613,1
146.6804,146.6972,146.7813,100.9266,1
146.8971,146.8975,146.9610,63.8936,1
146.9707,146.9710,147.0452,74.5718,1
147.0896,147.0900,147.1480,58.3964,1
147.1227,147.1480,147.2326,109.9273,1
147.2037,147.2326,147.3114,107.6757,1
147.2529,147.3114,147.3910,138.1784,1
147.3424,147.3911,147.4707,128.2671,1
147.4893,147.4897,147.5553,65.9914,1
147.5391,147.5553,147.6368,97.6822,1
147.5545,147.6368,147.7164,161.9795,1
147.7673,147.7678,147.8262,58.9234,1
147.8579,147.8583,147.9209,63.0409,1
148.0587,148.0593,148.1192,60.4337,1
148.1077,148.1192,148.2040,96.2709,1
148.1417,148.2040,148.2833,141.6335,1
148.2308,148.2834,148.3630,132.2341,1
148.2863,148.3630,148.4427,156.3880,1
148.3843,148.4427,148.5224,138.0242,1
148.6863,148.6870,148.7447,58.3775,1
148.6990,148.7447,148.8312,132.1846,1
148.7464,148.8312,148.9098,163.3223,1
148.8211,148.9098,148.9885,167.3503,1
148.9453,148.9885,149.0681,122.8317,1
148.9788,149.0682,149.1478,169.0436,1
149.0516,149.1478,149.2275,175.8672,1
149.0751,149.2275,149.3068,231.6173,1
149.1157,149.3068,149.3864,270.7414,1
149.1544,149.3864,149.4661,311.6517,1
149.2681,149.4661,149.5700,301.8635,1
149.3436,149.5700,149.6566,313.0498,1
149.6291,149.6566,149.7430,113.8999,1
149.8572,149.8577,149.9171,59.9127,1
149.9941,149.9944,150.0540,59.9560,1
150.0505,150.0540,150.1394,88.9431,1
150.1116,150.1395,150.2191,107.5127,1
150.1376,150.2191,150.2988,161.1471,1
150.2944,150.2988,150.3785,84.0421,1
150.3821,150.3824,150.4594,77.2169,1
150.4218,150.4594,150.5391,117.2358,1
150.5661,150.5665,150.6315,65.4192,1
150.6258,150.6315,150.7122,86.4250,1
150.7745,150.7749,150.8361,61.6105,1
150.9439,150.9444,151.0021,58.2206,1
150.9443,151.0021,151.0872,142.8942,1
151.1439,151.1445,151.2055,61.5321,1
151.4785,151.4793,151.5401,61.5190,1
151.5596,151.5599,151.6277,68.1392,1
151.5759,151.6278,151.7069,131.0601,1
151.7198,151.7203,151.7889,69.1333,1
151.7999,151.8003,151.8708,70.9234,1
151.9574,151.9578,152.0175,60.1220,1
152.0735,152.0740,152.1371,63.5250,1
152.1959,152.1962,152.2588,62.8192,1
152.2518,152.2588,152.3403,88.5085,1
152.3508,152.3511,152.4217,70.9243,1
152.6458,152.6463,152.7028,56.9861,1
152.6740,152.7028,152.7889,114.8646,1
152.6751,152.7889,152.8665,191.3297,1
152.6789,152.8665,152.9447,265.7270,1
152.7026,152.9447,153.0229,320.2274,1
153.3222,153.3230,153.3802,57.9429,1
153.3289,153.3802,153.4649,136.0020,1
153.6194,153.6199,153.6776,58.2584,1
153.8573,153.8577,153.9183,60.9848,1
154.2162,154.2168,154.2769,60.7125,1
154.2176,154.2769,154.3606,142.9513,1
154.2379,154.3606,154.4388,200.9181,1
154.3417,154.4388,154.5170,175.2154,1
154.3882,154.5170,154.5955,207.2549,1
154.4286,154.5955,154.6737,245.0542,1
154.5723,154.6737,154.7518,179.4855,1
154.8278,154.8283,154.8871,59.3675,1
154.8389,154.8871,154.9716,132.7198,1
154.8946,154.9716,155.0504,155.8347,1
155.0025,155.0504,155.1339,131.4235,1
155.1288,155.1339,155.2124,83.6099,1
155.1600,155.2125,155.2906,130.5805,1
155.1890,155.2906,155.3688,179.7747,1
155.2379,155.3688,155.4470,209.0871,1
155.5566,155.5573,155.6157,59.1196,1
155.6417,155.6421,155.7075,65.8277,1
155.8332,155.8337,155.8952,62.0297,1
156.1033,156.1039,156.1641,60.8014,1
156.2308,156.2313,156.2921,61.3388,1
156.3530,156.3535,156.4151,62.0488,1
156.5504,156.5509,156.6118,61.3405,1
156.5646,156.6118,156.6956,131.0289,1
157.3696,157.3707,157.4292,59.6057,1
157.6668,157.6673,157.7271,60.3351,1
158.0485,158.0490,158.1086,60.0809,1
158.2303,158.2305,158.2890,58.7542,1
158.2804,158.2890,158.3728,92.4174,1
158.3447,158.3728,158.4506,105.9139,1
158.4241,158.4506,158.5290,104.8765,1
158.4458,158.5290,158.6074,161.6054,1
158.6297,158.6301,158.6938,64.1898,1
158.6570,158.6939,158.7746,117.5808,1
158.6980,158.7746,158.8527,154.7178,1
158.7569,158.8527,158.9309,173.9914,1
158.7777,158.9309,159.0093,231.5624,1
158.8003,159.0093,159.0977,297.4091,1
158.8883,159.0978,159.1898,301.4860,1
159.0058,159.1898,159.2719,266.1862,1
159.0379,159.2719,159.3525,314.5462,1
159.0393,159.3525,159.4321,392.8154,1
159.0641,159.4321,159.5176,453.5045,1
159.1857,159.5176,159.5991,413.4686,1
159.5494,159.5991,159.6798,130.4137,1
159.5525,159.6798,159.7587,206.1576,1
159.5593,159.7587,159.8376,278.2630,1
159.6740,159.8376,159.9165,242.5237,1
159.6866,159.9165,159.9998,313.1913,1
159.6989,159.9998,160.0883,389.3689,1
159.7217,160.0883,160.1730,451.2486,1
159.7696,160.1730,160.2563,486.7054,1
159.9566,160.2563,160.3383,381.6708,1
160.0738,160.3383,160.4209,347.1187,1
160.1818,160.4209,160.5032,321.4120,1
160.2506,160.5032,160.5855,334.8594,1
160.2665,160.5855,160.6657,399.2255,1
160.2834,160.6657,160.7454,462.0120,1
160.3250,160.7454,160.8251,500.0925,1
160.3492,160.8251,160.9059,556.6819,1
160.4071,160.9059,160.9901,582.9726,1
160.5017,160.9901,161.0751,573.4335,1
160.5117,161.0751,161.1588,647.0640,1
160.5442,161.1588,161.2426,698.4551,1
160.7318,161.2427,161.3252,593.4037,1
160.7848,161.3252,161.4081,623.2801,1
160.8298,161.4081,161.4906,660.8175,1
160.9202,161.4906,161.5718,651.6168,1
160.9958,161.5718,161.6527,656.9231,1
161.0005,161.6527,161.7331,732.5688,1
161.2313,161.7331,161.8135,582.2039,1
161.4329,161.8135,161.8959,462.9829,1
161.5682,161.8959,161.9788,410.6599,1
161.6104,161.9788,162.0633,452.8963,1
161.6373,162.0633,162.1464,509.1577,1
161.6776,162.1464,162.2300,552.3846,1
161.6978,162.2300,162.3141,616.2975,1
161.7760,162.3141,162.3969,620.8619,1
161.9312,162.3969,162.4793,548.0990,1
161.9727,162.4793,162.5609,588.1145,1
162.0693,162.5609,162.6421,572.7727,1
162.0792,162.6421,162.7229,643.7105,1
162.1563,162.7229,162.8047,648.3943,1
162.2282,162.8047,162.8875,659.3226,1
162.3372,162.8875,162.9704,633.2123,1
162.4055,162.9704,163.0536,648.0969,1
162.6463,163.0536,163.1373,490.9811,1
162.6539,163.1373,163.2205,566.6315,1
162.7025,163.2206,163.3037,601.1581,1
162.7113,163.3037,163.3865,675.2112,1
162.8337,163.3865,163.4687,634.9599,1
162.9337,163.4687,163.5514,617.6364,1
163.0235,163.5514,163.6327,609.1300,1
163.0440,163.6327,163.7143,670.2509,1
163.2606,163.7143,163.7967,536.1159,1
163.3841,163.7967,163.8795,495.4006,1
163.7044,163.8795,163.9624,258.0053,1
163.7446,163.9624,164.0454,300.7756,1
163.8155,164.0454,164.1291,313.5750,1
164.0161,164.1291,164.2128,196.7465,1
164.0404,164.2128,164.2961,255.6606,1
164.1106,164.2961,164.3789,268.3127,1
164.2277,164.3789,164.4617,234.0409,1
164.2905,164.4618,164.5444,253.9183,1
164.5339,164.5444,164.6258,91.9022,1
164.5522,164.6258,164.7087,156.4821,1
164.5706,164.7087,164.7907,220.0684,1
164.6705,164.7907,164.8735,203.0753,1
164.8050,164.8735,164.9568,151.8020,1
164.9264,164.9568,165.0401,113.7002,1
165.0158,165.0401,165.1236,107.7837,1
165.1487,165.1492,165.2135,64.7756,1
165.2174,165.2178,165.2962,78.8008,1
165.2997,165.3000,165.3765,76.7527,1
165.4175,165.4179,165.4779,60.4043,1
165.4756,165.4779,165.5622,86.6481,1
165.4812,165.5622,165.6417,160.4108,1
165.5228,165.6417,165.7213,198.5535,1
165.6057,165.7213,165.8010,195.2386,1
165.6063,165.8010,165.8799,273.5839,1
165.7672,165.8799,165.9600,192.8318,1
165.8431,165.9600,166.0516,208.5128,1
165.8580,166.0516,166.1349,276.8868,1
165.8851,166.1349,166.2169,331.7978,1
165.9179,166.2169,166.3108,392.8792,1
166.0317,166.3108,166.3936,361.9881,1
166.1814,166.3937,166.4760,294.6379,1
166.3027,166.4760,166.5572,254.5769,1
166.4139,166.5573,166.6384,224.4403,1
166.4560,166.6384,166.7185,262.5052,1
166.5100,166.7185,166.7985,288.4975,1
166.5516,166.7985,166.8786,327.0378,1
166.6266,166.8786,166.9635,336.8568,1
166.9014,166.9635,167.0482,146.7657,1
167.0934,167.0939,167.1541,60.7212,1
167.2119,167.2124,167.2737,61.7360,1
167.5069,167.5075,167.5658,58.9604,1
167.5424,167.5659,167.6504,107.9562,1
167.6089,167.6504,167.7291,120.2287,1
167.7403,167.7407,167.8132,72.8726,1
167.8461,167.8466,167.9071,60.9512,1
167.8704,167.9071,167.9899,119.4734,1
167.9015,167.9899,168.0691,167.6459,1
167.9508,168.0691,168.1488,197.9814,1
168.2876,168.2881,168.3510,63.4004,1
168.3163,168.3510,168.4352,118.8737,1
168.4548,168.4553,168.5228,68.0642,1
168.4936,168.5229,168.6045,110.9117,1
168.5714,168.6045,168.6842,112.7299,1
168.8793,168.8799,168.9411,61.8138,1
169.0636,169.0641,169.1213,57.7683,1
169.1025,169.1214,169.2079,105.3581,1
169.1090,169.2079,169.2866,177.5416,1
169.1384,169.2866,169.3663,227.9941,1
169.2098,169.3664,169.4460,236.2062,1
169.2597,169.4460,169.5257,266.0148,1
169.2622,169.5257,169.6053,343.1011,1
169.5598,169.6054,169.6850,125.1904,1
169.6036,169.6850,169.7647,161.0522,1
169.7879,169.7883,169.8555,67.5670,1
169.9756,169.9761,170.0381,62.4892,1
170.0006,170.0381,170.1221,121.5431,1
170.0392,170.1221,170.2016,162.3522,1
170.0795,170.2016,170.2812,201.7384,1
170.1685,170.2812,170.3609,192.3567,1
170.3134,170.3609,170.4406,127.1730,1
170.4087,170.4406,170.5203,111.5794,1
170.4465,170.5203,170.5999,153.4119,1
170.4836,170.5999,170.6796,195.9903,1
170.7113,170.7117,170.7768,65.5060,1
170.9641,170.9645,171.0255,61.4231,1
170.9778,171.0256,171.1106,132.7572,1
171.0586,171.1106,171.1901,131.5527,1
171.0855,171.1901,171.2698,184.3243,1
171.1519,171.2698,171.3495,197.5477,1
171.1869,171.3495,171.4291,242.2575,1
171.1963,171.4292,171.5088,312.5212,1
171.5937,171.5944,171.6561,62.3507,1
171.6090,171.6561,171.7412,132.1763,1
171.7773,171.7778,171.8412,63.8925,1
171.8176,171.8412,171.9247,107.1257,1
171.8304,171.9248,172.0044,173.9976,1
171.8328,172.0044,172.0841,251.3093,1
172.0300,172.0841,172.1637,133.7566,1
172.1041,172.1637,172.2434,139.2728,1
172.1348,172.2434,172.3230,188.2151,1
172.1471,172.3231,172.4027,255.6305,1
172.1623,172.4027,172.5075,345.2387,1
172.2512,172.5075,172.5892,338.0021,1
172.2546,172.5892,172.6851,430.5335,1
172.2621,172.6851,172.7660,503.9059,1
172.2870,172.7660,172.8474,560.3911,1
172.3036,172.8474,172.9277,624.1352,1
172.4981,172.9278,173.0075,509.3860,1
172.5581,173.0075,173.0875,529.4855,1
172.5749,173.0875,173.1675,592.5689,1
172.7164,173.1675,173.2475,531.0926,1
172.7267,173.2475,173.3293,602.6572,1
172.9265,173.3293,173.4212,494.6687,1
173.2172,173.4212,173.5077,290.4279,1
173.4986,173.5077,173.5988,100.1351,1
173.5962,173.5988,173.6845,88.3461,1
173.7414,173.7419,173.7996,58.1383,1
173.7567,173.7996,173.8862,129.5423,1
173.7836,173.8862,173.9659,182.2264,1
173.8123,173.9659,174.0456,233.2490,1
173.8511,174.0456,174.1252,274.1508,1
173.8554,174.1252,174.2051,349.7832,1
173.8633,174.2052,174.2849,421.6353,1
174.0074,174.2849,174.3650,357.5290,1
174.0569,174.3650,174.4451,388.1900,1
174.1824,174.4451,174.5291,346.7082,1
174.1839,174.5291,174.6345,450.5615,1
174.2109,174.6345,174.7226,511.7735,1
174.3388,174.7226,174.8084,469.6160,1
174.3600,174.8084,174.8904,530.4849,1
174.4230,174.8904,174.9713,548.2939,1
174.4368,174.9713,175.0521,615.3327,1
174.5282,175.0521,175.1325,604.3066,1
174.6215,175.1325,175.2122,590.6711,1
174.6248,175.2122,175.2930,668.2286,1
174.6652,175.2930,175.3738,708.6859,1
174.7197,175.3739,175.4561,736.4459,1
174.8022,175.4561,175.5501,747.9436,1
175.2312,175.5501,175.6411,409.8477,1
175.4754,175.6411,175.7290,253.5692,1
175.6489,175.7290,175.8136,164.6350,1
175.6826,175.8136,175.8968,214.1842,1
175.6835,175.8968,175.9782,294.7888,1
175.7143,175.9783,176.0595,345.1801,1
175.7342,176.0595,176.1401,405.9554,1
175.9490,176.1401,176.2207,271.7314,1
175.9735,176.2207,176.3015,328.0171,1
176.1435,176.3015,176.3836,240.0387,1
176.7413,176.7420,176.7995,58.2927,1
176.7908,176.7996,176.8869,96.1219,1
177.0287,177.0292,177.0900,61.2866,1
177.1377,177.1382,177.2002,62.4774,1
177.1386,177.2002,177.2847,146.1400,1
177.1881,177.2848,177.3650,176.9588,1
177.3424,177.3650,177.4447,102.3411,1
177.3830,177.4447,177.5251,142.1390,1
177.6308,177.6314,177.6943,63.5594,1
177.7228,177.7231,177.7908,67.9681,1
177.7319,177.7908,177.8731,141.2060,1
177.7935,177.8731,177.9528,159.3586,1
177.9843,177.9847,178.0507,66.4221,1
178.0463,178.0507,178.1342,87.9287,1
178.0834,178.1342,178.2142,130.8347,1
178.0983,178.2143,178.2943,196.0378,1
178.1916,178.2943,178.3743,182.7400,1
178.2082,178.3744,178.4544,246.2205,1
178.2765,178.4545,178.5481,271.6239,1
178.2936,178.5481,178.6372,343.6290,1
178.3126,178.6372,178.7181,405.4957,1
178.4360,178.7181,178.7999,363.9458,1
178.4884,178.7999,178.8949,406.4457,1
178.5331,178.8949,178.9781,444.9461,1
178.5334,178.9781,179.0612,527.7461,1
178.5381,179.0612,179.1426,604.5494,1
178.6164,179.1426,179.2234,607.0640,1
178.7167,179.2234,179.3032,586.5028,1
178.8107,179.3033,179.3848,574.1069,1
179.0160,179.3848,179.4719,455.9223,1
179.0228,179.4719,179.5594,536.5839,1
179.0452,179.5594,179.6439,598.7075,1
179.1902,179.6439,179.7271,536.8271,1
179.2640,179.7271,179.8157,551.7112,1
179.4700,179.8157,179.9020,432.0048,1
179.4884,179.9020,179.9871,498.7307,1
179.5809,179.9871,180.0700,489.1237,1
179.6215,180.0700,180.1516,530.0951,1
179.7668,180.1516,180.2328,465.9923,1
179.8079,180.2329,180.3150,507.1580,1
179.8268,180.3151,180.3996,572.8091,1
179.8551,180.3996,180.4852,630.1416,1
179.8824,180.4852,180.5702,687.8326,1
179.9313,180.5702,180.6549,723.5947,1
179.9724,180.6549,180.7411,768.7489,1
180.1760,180.7412,180.8274,651.3900,1
180.3017,180.8274,180.9132,611.4841,1
180.3929,180.9132,180.9978,604.8437,1
180.4030,180.9978,181.0808,677.8067,1
180.4033,181.0808,181.1629,759.5745,1
180.6272,181.1629,181.2457,618.5547,1
180.7489,181.2457,181.3290,580.0791,1
180.7974,181.3290,181.4135,616.1086,1
180.8093,181.4135,181.4981,688.8030,1
180.8836,181.4981,181.5841,700.5109,1
180.9349,181.5841,181.6704,735.5059,1
181.0898,181.6705,181.7559,666.0555,1
181.2351,181.7559,181.8419,606.7658,1
181.2488,181.8419,181.9264,677.5968,1
181.2600,181.9264,182.0105,750.5408,1
181.2931,182.0106,182.0934,800.2497,1
181.4609,182.0934,182.1762,715.2857,1
181.4907,182.1762,182.2597,768.9507,1
181.5240,182.2597,182.3434,819.3843,1
181.6222,182.3434,182.4279,805.7376,1
181.7322,182.4279,182.5125,780.3044,1
181.7915,182.5125,182.5986,807.1180,1
181.8927,182.5986,182.6842,791.5650,1
182.0037,182.6842,182.7697,765.9231,1
182.0202,182.7697,182.8550,834.7580,1
182.0218,182.8550,182.9395,917.7174,1
182.1327,182.9395,183.0228,890.1774,1
182.2680,183.0229,183.1058,837.8344,1
182.3371,183.1058,183.1899,852.7416,1
182.5098,183.1899,183.2736,763.7938,1
182.6603,183.2736,183.3575,697.1739,1
182.8174,183.3575,183.4431,625.6634,1
182.9091,183.4431,183.5292,620.1401,1
182.9210,183.5292,183.6147,693.6319,1
182.9756,183.6147,183.7010,725.3405,1
183.0021,183.7010,183.7864,784.3532,1
183.0503,183.7864,183.8710,820.6975,1
183.1172,183.8710,183.9547,837.5094,1
183.5333,183.9547,184.0392,505.9370,1
183.5515,184.0392,184.1225,571.0854,1
183.5871,184.1226,184.2071,619.9593,1
183.7421,184.2071,184.2912,549.1180,1
183.7759,184.2913,184.3761,600.2607,1
183.9921,184.3761,184.4609,468.7418,1
184.0062,184.4609,184.5464,540.2125,1
184.0994,184.5464,184.6325,533.1398,1
184.1484,184.6325,184.7179,569.4904,1
184.1916,184.7179,184.8027,611.0910,1
184.2810,184.8027,184.8877,606.7260,1
184.4398,184.8877,184.9723,532.4530,1
184.6692,184.9723,185.0559,386.7049,1
184.9202,185.0560,185.1402,219.9938,1
185.3310,185.3316,185.3950,63.9273,1
185.4593,185.4598,185.5214,62.0886,1
185.4683,185.5214,185.6074,139.1263,1
185.5662,185.6075,185.6878,121.6623,1
185.6394,185.6879,185.7691,129.6405,1
185.8281,185.8285,185.8906,62.4977,1
185.9405,185.9410,186.0008,60.2222,1
186.0094,186.0098,186.0886,79.1313,1
186.0658,186.0886,186.1690,103.1713,1
186.1443,186.1690,186.2503,105.9129,1
186.1472,186.2503,186.3315,184.2879,1
186.1817,186.3315,186.4127,231.0052,1
186.2453,186.4127,186.4939,248.6167,1
186.3533,186.4939,186.5752,221.8378,1
186.4819,186.5752,186.6564,174.5251,1
186.5165,186.6564,186.7515,235.0422,1
186.7180,186.7515,186.8540,135.9714,1
186.7232,186.8540,186.9398,216.6123,1
186.7348,186.9398,187.0234,288.6110,1
186.7718,187.0234,187.1054,333.5887,1
187.0019,187.1054,187.1875,185.5032,1
187.1354,187.1875,187.2687,133.2472,1
187.2518,187.2687,187.3499,98.1486,1
187.3284,187.3500,187.4315,103.1211,1
187.3643,187.4315,187.5127,148.4405,1
187.4881,187.5127,187.5966,108.4467,1
187.5591,187.5966,187.6851,125.9673,1
187.6243,187.6851,187.7797,155.3574,1
187.8860,187.8866,187.9504,64.3885,1
187.8969,187.9504,188.0364,139.4622,1
188.0557,188.0561,188.1219,66.2198,1
188.1226,188.1230,188.2061,83.4394,1
188.3310,188.3316,188.3910,59.9559,1
188.4531,188.4536,188.5170,63.8684,1
188.4839,188.5170,188.6019,118.0261,1
188.5170,188.6019,188.6829,165.8727,1
188.5265,188.6829,188.7642,237.7119,1
188.5835,188.7642,188.8455,261.9158,1
188.6002,188.8455,188.9267,326.4849,1
188.6648,188.9267,189.0079,343.1066,1
188.6837,189.0080,189.0892,405.4407,1
188.9917,189.0892,189.1710,179.3016,1
189.0315,189.1710,189.2661,234.5463,1
189.1205,189.2661,189.3703,249.8214,1
189.2219,189.3703,189.4538,231.9088,1
189.4808,189.4812,189.5490,68.2811,1
189.7079,189.7083,189.7711,63.2541,1
189.7835,189.7838,189.8576,74.0503,1
189.7869,189.8576,189.9389,152.0281,1
189.8542,189.9389,190.0200,165.8202,1
189.8694,190.0200,190.1012,231.8564,1
189.8991,190.1012,190.1825,283.3634,1
189.9312,190.1825,190.2637,332.4966,1
189.9337,190.2637,190.3449,411.1969,1
190.0465,190.3449,190.4261,379.5934,1
190.0956,190.4261,190.5074,411.7983,1
190.1008,190.5074,190.6179,517.0118,1
190.1783,190.6179,190.7071,528.7726,1
190.3046,190.7071,190.7921,487.4110,1
190.4682,190.7921,190.8760,407.7464,1
190.7327,190.8760,190.9586,225.8447,1
190.7381,190.9586,191.0409,302.7708,1
190.7569,191.0409,191.1226,365.6707,1
190.8399,191.1226,191.2042,364.3001,1
191.0271,191.2042,191.2854,258.3505,1
191.2398,191.2854,191.3667,126.8881,1
191.2727,191.3667,191.4517,179.0151,1
191.4395,191.4517,191.5471,107.6310,1
191.5244,191.5472,191.6397,115.2880,1
191.6065,191.6397,191.7275,121.0237,1
191.8851,191.8857,191.9487,63.5295,1
191.9419,191.9487,192.0355,93.5316,1
192.0932,192.0936,192.1508,57.5665,1
192.1350,192.1508,192.2394,104.3723,1
192.1755,192.2394,192.3198,144.2980,1
192.1883,192.3198,192.4009,212.6681,1
192.2470,192.4009,192.4822,235.1740,1
192.3029,192.4822,192.5634,260.4241,1
192.4281,192.5634,192.6446,216.5336,1
192.5227,192.6446,192.7258,203.1281,1
192.6276,192.7258,192.8199,192.2928,1
192.6585,192.8199,192.9006,242.1235,1
192.8210,192.9006,193.0071,186.0967,1
192.8837,193.0071,193.0917,208.0722,1
192.9482,193.0917,193.1769,228.7089,1
192.9683,193.1770,193.2605,292.1928,1
193.2954,193.2960,193.3578,62.4620,1
193.3522,193.3578,193.4446,92.4397,1
193.4492,193.4496,193.5277,78.5469,1
193.4697,193.5277,193.6093,139.6162,1
193.6612,193.6617,193.7264,65.1209,1
193.8699,193.8704,193.9336,63.6346,1
193.8943,193.9336,194.0206,126.2733,1
194.0046,194.0206,194.1017,97.0582,1
194.2013,194.2019,194.2653,64.0028,1
194.2401,194.2654,194.3508,110.6849,1
194.2743,194.3508,194.4317,157.4324,1
194.3452,194.4317,194.5130,167.7492,1
194.3694,194.5130,194.5942,224.8082,1
194.4246,194.5942,194.6754,250.7624,1
194.5311,194.6754,194.7566,225.4995,1
194.5982,194.7567,194.8379,239.6715,1
194.6958,194.8379,194.9191,223.3408,1
194.7017,194.9191,195.0010,299.3834,1
194.7927,195.0011,195.1131,320.3701,1
195.1084,195.1131,195.2014,93.0236,1
195.1614,195.2014,195.2882,126.7423,1
195.2292,195.2882,195.3722,142.9344,1
195.2359,195.3722,195.4550,219.0648,1
195.2983,195.4550,195.5364,238.1432,1
195.3278,195.5364,195.6191,291.2828,1
195.3497,195.6191,195.7011,351.3958,1
195.5449,195.7012,195.7828,237.9131,1
195.6308,195.7828,195.8641,233.2341,1
195.6901,195.8641,195.9497,259.6222,1
195.6946,195.9497,196.0455,350.8212,1
195.7580,196.0455,196.1375,379.4667,1
195.8343,196.1375,196.2263,392.0349,1
195.9384,196.2263,196.3128,374.4640,1
196.0504,196.3128,196.3971,346.7036,1
196.0536,196.3971,196.4799,426.2933,1
196.1105,196.4799,196.5628,452.3098,1
196.2385,196.5628,196.6456,407.1123,1
196.2996,196.6456,196.7268,427.2959,1
196.4297,196.7269,196.8085,378.8005,1
196.4633,196.8086,196.8945,431.2052,1
196.4802,196.8945,196.9846,504.3274,1
196.5705,196.9846,197.0754,504.9810,1
196.9020,197.0755,197.1654,263.3880,1
196.9041,197.1654,197.2525,348.4125,1
197.5943,197.5952,197.6563,62.0435,1
197.7520,197.7524,197.8102,58.2017,1
198.3141,198.3150,198.3742,60.0924,1
198.4779,198.4785,198.5415,63.5686,1
198.4836,198.5415,198.6276,144.0112,1
198.4889,198.6276,198.7082,219.2806,1
198.4901,198.7082,198.7894,299.2799,1
198.5429,198.7894,198.8706,327.7060,1
198.6184,198.8706,198.9518,333.4206,1
198.6243,198.9518,199.0334,409.1576,1
198.7296,199.0335,199.1149,385.2858,1
198.9383,199.1149,199.1967,258.3494,1
199.1278,199.1967,199.2787,150.8590,1
199.1689,199.2787,199.3895,220.6147,1
199.2281,199.3895,199.4774,249.3407,1
199.2612,199.4775,199.5644,303.1555,1
199.4408,199.5644,199.6489,208.1213,1
199.4522,199.6489,199.7320,279.8518,1
199.5499,199.7320,199.8149,265.0076,1
199.5695,199.8149,199.8963,326.7898,1
199.7098,199.8963,199.9785,268.7599,1
199.8094,199.9786,200.0607,251.2352,1
199.8263,200.0607,200.1423,316.0072,1
199.8509,200.1423,200.2272,376.3077,1
200.0364,200.2272,200.3234,286.9648,1
200.1302,200.3234,200.4152,284.9037,1
200.1848,200.4152,200.5043,319.4314,1
200.4364,200.5043,200.5904,154.0001,1
200.4530,200.5904,200.6749,221.9145,1
200.4956,200.6749,200.7592,263.5086,1
200.6457,200.7592,200.8420,196.2738,1
200.7330,200.8420,200.9248,191.8736,1
200.8107,200.9248,201.0064,195.7604,1
200.8949,201.0064,201.0889,194.0091,1
200.9283,201.0889,201.1751,246.8357,1
201.0680,201.1751,201.2651,197.1101,1
201.0872,201.2651,201.3551,267.9654,1
201.2387,201.3551,201.4451,206.4450,1
201.3117,201.4452,201.5327,220.9869,1
201.3831,201.5327,201.6182,235.0976,1
201.4562,201.6182,201.7027,246.5390,1
201.4870,201.7027,201.7864,299.4082,1
201.6179,201.7864,201.8695,251.5897,1
201.7255,201.8695,201.9520,226.5690,1
201.8327,201.9521,202.0351,202.4210,1
201.9440,202.0351,202.1208,176.7632,1
201.9756,202.1208,202.2089,233.3087,1
202.0665,202.2089,202.2970,230.5031,1
202.2267,202.2970,202.3869,160.1572,1
202.2639,202.3869,202.4751,211.1855,1
202.5751,202.5756,202.6357,60.5925,1
202.7351,202.7355,202.7974,62.2725,1
202.7402,202.7974,202.8847,144.5697,1
202.8710,202.8847,202.9660,95.0087,1
202.9332,202.9660,203.0489,115.6744,1
202.9626,203.0489,203.1311,168.5662,1
203.1626,203.1630,203.2285,65.8695,1
203.1835,203.2285,203.3127,129.2149,1
203.2032,203.3127,203.3949,191.6747,1
203.3196,203.3949,203.4774,157.7203,1
203.5751,203.5757,203.6392,64.0859,1
203.6362,203.6392,203.7268,90.6189,1
203.7129,203.7268,203.8088,95.8459,1
203.7222,203.8088,203.8902,168.0091,1
203.7520,203.8902,203.9730,221.0112,1
203.8233,203.9730,204.0551,231.7691,1
204.0264,204.0551,204.1375,111.1790,1
204.0545,204.1376,204.2204,165.9199,1
204.1827,204.2204,204.3033,120.5532,1
204.4000,204.4005,204.4634,63.3741,1
204.5733,204.5738,204.6374,64.1030,1
204.6076,204.6374,204.7257,118.1398,1
204.7446,204.7450,204.8155,70.9245,1
204.7737,204.8155,204.8989,125.2416,1
204.9032,204.9036,204.9825,79.3930,1
205.2575,205.2581,205.3223,64.8149,1
205.4068,205.4073,205.4656,58.8381,1
205.4710,205.4714,205.5510,80.0352,1
205.6463,205.6467,205.7099,63.6113,1
205.7811,205.7816,205.8433,62.1450,1
206.0438,206.0445,206.1074,63.5477,1
206.1307,206.1310,206.2014,70.7567,1
206.2309,206.2312,206.2971,66.2554,1
206.3158,206.3163,206.3876,71.7937,1
206.3855,206.3877,206.4704,84.8233,1
206.5138,206.5143,206.5773,63.4768,1
206.8043,206.8047,206.8642,59.9422,1
206.8690,206.8694,206.9507,81.6929,1
206.9118,206.9507,207.0319,120.1212,1
206.9588,207.0320,207.1132,154.3978,1
206.9965,207.1132,207.1947,198.1231,1
207.0304,207.1947,207.2775,247.1212,1
207.0442,207.2775,207.3595,315.3253,1
207.0548,207.3596,207.4420,387.1972,1
207.4334,207.4420,207.5236,90.2022,1
207.7465,207.7472,207.8103,63.8131,1
207.8634,207.8638,207.9278,64.4521,1
208.0689,208.0693,208.1313,62.3985,1
208.0864,208.1313,208.2182,131.8143,1
208.1017,208.2182,208.2998,198.1062,1
208.1212,208.2998,208.3826,261.4194,1
208.1511,208.3826,208.4651,313.9114,1
208.1702,208.4651,208.5475,377.2528,1
208.4736,208.5475,208.6299,156.2670,1
208.9648,208.9655,209.0262,61.4278,1
209.0300,209.0302,209.1119,81.9718,1
209.0921,209.1119,209.1937,101.6151,1
209.1675,209.1937,209.2752,107.6882,1
209.3571,209.3576,209.4183,61.1615,1
209.5841,209.5846,209.6450,60.8835,1
209.5924,209.6450,209.7329,140.5089,1
209.6739,209.7329,209.8139,140.0027,1
209.7371,209.8139,209.8958,158.6995,1
210.3408,210.3415,210.4010,60.2538,1
210.5938,210.5943,210.6592,65.3920,1
210.6957,210.6961,210.7611,65.3769,1
210.8630,210.8635,210.9266,63.6433,1
210.8861,210.9267,211.0136,127.5748,1
210.9780,211.0136,211.0949,116.8531,1
211.1085,211.1088,211.1815,73.0276,1
211.4093,211.4099,211.4704,61.0776,1
211.4160,211.4704,211.5592,143.1709,1
211.6570,211.6574,211.7192,62.2116,1
211.7803,211.7807,211.8431,62.7632,1
211.8759,211.8762,211.9444,68.5022,1
211.8775,211.9444,212.0279,150.3536,1
212.1293,212.1298,212.1880,58.7297,1
212.1624,212.1880,212.2764,113.9482,1
212.2755,212.2764,212.3575,82.0032,1
212.2765,212.3576,212.4399,163.4893,1
212.3073,212.4400,212.5220,214.6255,1
212.3135,212.5220,212.6048,291.3277,1
212.3173,212.6048,212.6863,369.0303,1
212.3361,212.6863,212.7685,432.3702,1
212.4818,212.7685,212.8507,368.8846,1
212.5610,212.8507,212.9334,372.3688,1
212.6636,212.9334,213.0485,384.8820,1
212.6637,213.0485,213.1354,471.7246,1
212.7688,213.1354,213.2205,451.7209,1
212.8928,213.2205,213.3037,410.9324,1
212.9405,213.3037,213.3866,446.0566,1
213.1061,213.3866,213.4694,363.2484,1
213.1596,213.4694,213.5522,392.6203,1
213.5157,213.5522,213.6339,118.1257,1
213.7694,213.7698,213.8299,60.5219,1
213.8601,213.8605,213.9270,66.9060,1
213.8949,213.9271,214.0107,115.7790,1
214.1114,214.1119,214.1753,63.8794,1
214.3518,214.3522,214.5136,161.8678,1
214.3877,214.5137,214.6928,305.0629,1
214.4325,214.6928,214.8717,439.2074,1
214.4609,214.8717,215.0499,588.9630,1
214.4647,215.0499,215.2308,766.0768,1
214.6246,215.2308,215.4096,785.0298,1
214.6382,215.4096,215.5891,950.8536,1
214.7216,215.5891,215.7667,1045.1697,1
214.8499,215.7667,215.9441,1094.2185,1
214.9596,215.9441,216.1231,1163.4497,1
214.9937,216.1231,216.3024,1308.7215,1
215.0705,216.3024,216.4812,1410.7409,1
215.4082,216.4813,216.5551,1146.9202,1
215.5113,216.5551,216.6359,1124.6570,1
215.5714,216.6359,216.7187,1147.2589,1
215.7504,216.7187,216.8027,1052.3606,1
215.7965,216.8028,216.8873,1090.7814,1
215.8411,216.8873,216.9728,1131.7594,1
215.8480,216.9729,217.0591,1211.1571,1
216.0237,217.0591,217.1454,1121.7599,1
216.1304,217.1454,217.2302,1099.8539,1
216.2211,217.2303,217.3163,1095.1845,1
216.4538,217.3163,217.4067,952.9010,1
216.4650,217.4067,217.4919,1026.9490,1
216.5672,217.4919,217.5765,1009.2612,1
216.6788,217.5765,217.6602,981.3542,1
216.6818,217.6602,217.7447,1062.8835,1
216.7803,217.7447,217.8293,1048.9191,1
216.9315,217.8293,217.9153,983.8110,1
216.9949,217.9153,218.0016,1006.6894,1
217.0336,218.0016,218.0879,1054.3545,1
217.1177,218.0879,218.1742,1056.5291,1
217.1884,218.1742,218.2613,1072.9413,1
217.2397,218.2613,218.3496,1109.9820,1
217.2976,218.3496,218.4359,1138.3336,1
217.5322,218.4359,218.5205,988.3391,1
217.5425,218.5206,218.6051,1062.5640,1
217.8526,218.6051,218.6896,837.0357,1
217.8688,218.6896,218.7748,906.0185,1
218.0151,218.7748,218.8611,845.9423,1
218.2487,218.8611,218.9466,697.8347,1
218.2881,218.9466,219.0329,744.7438,1
218.2884,219.0329,219.1183,829.9233,1
218.3035,219.1183,219.2051,901.6089,1
218.3705,219.2051,219.2924,921.8443,1
218.3824,219.2924,219.3788,996.3985,1
218.4729,219.3788,219.4646,991.6791,1
218.6552,219.4646,219.5491,893.9472,1
218.8517,219.5491,219.6348,783.0902,1
218.8587,219.6348,219.7202,861.4797,1
218.8662,219.7202,219.8065,940.2842,1
218.9587,219.8065,219.8921,933.4247,1
219.1174,219.8921,219.9778,860.4087,1
219.1587,219.9778,220.0641,905.4049,1
219.2742,220.0641,220.1504,876.1496,1
219.3477,220.1504,220.2370,889.2450,1
219.4389,220.2370,220.3242,885.2640,1
219.5644,220.3242,220.4105,846.0454,1
219.7446,220.4105,220.4952,750.5936,1
219.8240,220.4952,220.5810,756.9689,1
219.8255,220.5810,220.6664,840.9069,1
219.9847,220.6665,220.7527,768.0463,1
220.3908,220.7528,220.8374,446.6349,1
220.4741,220.8374,220.9236,449.5658,1
220.8157,220.9237,221.0099,194.2068,1
221.0794,221.0798,221.1429,63.5247,1
221.1686,221.1688,221.2389,70.2471,1
221.1962,221.2389,221.3233,127.1268,1
221.2547,221.3233,221.4050,150.2752,1
221.3381,221.4050,221.4874,149.3085,1
221.4392,221.4875,221.5703,131.1235,1
221.6531,221.6536,221.7174,64.3005,1
221.6695,221.7174,221.8054,135.9453,1
221.6992,221.8054,221.8876,188.4107,1
221.7867,221.8876,221.9704,183.7105,1
221.8641,221.9704,222.0533,189.1763,1
221.9255,222.0533,222.1361,210.5473,1
221.9671,222.1361,222.2190,251.8522,1
222.1294,222.2190,222.3018,172.3956,1
222.2129,222.3018,222.3846,171.7312,1
222.6020,222.6024,222.6670,65.0172,1
222.6060,222.6671,222.7537,147.6639,1
222.6829,222.7537,222.8351,152.2386,1
222.7766,222.8352,222.9180,141.3460,1
222.7972,222.9180,223.0004,203.2174,1
222.8178,223.0004,223.0825,264.6236,1
222.8332,223.0825,223.1653,332.1469,1
222.8370,223.1653,223.2482,411.1786,1
223.0715,223.2482,223.3311,259.5061,1
223.1338,223.3311,223.4159,282.0634,1
223.2536,223.4159,223.5287,275.0962,1
223.3558,223.5287,223.6151,259.2821,1
223.6787,223.6793,223.7441,65.4093,1
223.7422,223.7442,223.8307,88.4766,1
223.7674,223.8307,223.9129,145.5670,1
223.8623,223.9130,223.9958,133.5278,1
224.0086,224.0090,224.0830,74.3387,1
224.0318,224.0830,224.1668,135.0478,1
224.1324,224.1669,224.2493,116.8362,1
224.1454,224.2493,224.3321,186.7540,1
224.2751,224.3321,224.4150,139.8229,1
224.4839,224.4844,224.5453,61.3668,1
224.5691,224.5695,224.6403,71.2117,1
224.5722,224.6403,224.7254,153.1897,1
224.6027,224.7254,224.8083,205.5653,1
224.6319,224.8083,224.8911,259.1898,1
224.7023,224.8911,224.9740,271.6441,1
225.0711,225.0717,225.1359,64.7821,1
225.2010,225.2014,225.2618,60.7651,1
225.2285,225.2618,225.3505,122.0605,1
225.3263,225.3505,225.4320,105.6908,1
225.4399,225.4402,225.5187,78.7970,1
225.4896,225.5187,225.6020,112.3661,1
225.5271,225.6020,225.6848,157.7346,1
225.6031,225.6848,225.7677,164.6051,1
225.7034,225.7677,225.8505,147.0789,1
225.7888,225.8505,225.9347,145.8806,1
225.7961,225.9347,226.0256,229.4583,1
225.8410,226.0256,226.1322,291.2046,1
225.9776,226.1322,226.2174,239.7969,1
226.0343,226.2174,226.3037,269.3980,1
226.1180,226.3037,226.3897,271.7058,1
226.2451,226.3897,226.4727,227.5908,1
226.4143,226.4727,226.5571,142.8712,1
226.5576,226.5581,226.6403,82.6532,1
226.7187,226.7192,226.7823,63.6302,1
226.7436,226.7823,226.8697,126.1129,1
226.7695,226.8697,226.9516,182.1003,1
226.8976,226.9516,227.0344,136.7948,1
227.0985,227.0990,227.1597,61.2883,1
227.1471,227.1598,227.2478,100.7067,1
227.1644,227.2478,227.3307,166.2975,1
227.1916,227.3307,227.4135,221.9690,1
227.2961,227.4136,227.4964,200.3330,1
227.3319,227.4964,227.5822,250.3661,1
227.4994,227.5823,227.6737,174.3496,1
227.5633,227.6738,227.7565,193.1958,1
227.5860,227.7565,227.8394,253.3100,1
227.6879,227.8394,227.9231,235.1638,1
227.7955,227.9231,228.0313,235.8101,1
227.8686,228.0313,228.1165,247.9139,1
227.9064,228.1165,228.2026,296.2233,1
227.9693,228.2026,228.2870,317.6618,1
228.1202,228.2870,228.3698,249.5990,1
228.1672,228.3698,228.4538,286.5428,1
228.1990,228.4538,228.5416,342.6076,1
228.3183,228.5416,228.6273,308.9960,1
228.4652,228.6273,228.7118,246.6071,1
228.8273,228.8279,228.8902,62.9077,1
229.0796,229.0802,229.1432,63.6200,1
229.2688,229.2693,229.3305,61.7651,1
229.2807,229.3306,229.4197,139.0758,1
229.3100,229.4197,229.5018,191.8340,1
229.3532,229.5018,229.5843,231.0188,1
229.3725,229.5843,229.6671,294.6545,1
229.4553,229.6671,229.7500,294.6476,1
229.4575,229.7500,229.8328,375.3088,1
229.4850,229.8328,229.9156,430.5935,1
229.5778,229.9156,229.9985,420.6681,1
229.6103,229.9985,230.0817,471.3599,1
229.8254,230.0817,230.1920,366.5485,1
230.0007,230.1920,230.2805,279.8777,1
230.1025,230.2806,230.3690,266.4521,1
230.1101,230.3690,230.4546,344.5400,1
230.1501,230.4547,230.5392,389.0374,1
230.2664,230.5392,230.6231,356.7187,1
230.4994,230.6232,230.7064,206.9813,1
230.5138,230.7064,230.7892,275.3952,1
230.6710,230.7892,230.8721,201.0813,1
230.7744,230.8721,230.9553,180.8590,1
230.7806,230.9553,231.0460,265.4208,1
230.8652,231.0460,231.1405,275.3020,1
231.1435,231.1441,231.2314,87.8649,1
231.1688,231.2314,231.3210,152.2115,1
231.2236,231.3210,231.4076,183.9679,1
231.2557,231.4076,231.4939,238.2046,1
231.2863,231.4939,231.5788,292.5140,1
231.3934,231.5789,231.6624,269.0189,1
231.5236,231.6624,231.7454,221.8750,1
231.5655,231.7455,231.8293,263.8229,1
231.7183,231.8293,231.9140,195.6921,1
231.7402,231.9140,232.0037,263.4990,1
231.7706,232.0037,232.0952,324.6702,1
231.7985,232.0952,232.1865,388.0185,1
231.8950,232.1866,232.2765,381.5290,1
232.0861,232.2766,232.3636,277.5909,1
232.4598,232.4604,232.5199,60.0873,1
232.4869,232.5199,232.6100,123.1394,1
232.6949,232.6955,232.7583,63.3336,1
232.8034,232.8038,232.8692,65.8657,1
232.9708,232.9713,233.0335,62.6380,1
233.0645,233.0647,233.1322,67.6685,1
233.2942,233.2947,233.3588,64.5591,1
233.3309,233.3588,233.4460,115.0622,1
233.4085,233.4460,233.5282,119.7854,1
233.5045,233.5283,233.6111,106.5870,1
233.6207,233.6211,233.6988,78.0809,1
233.6234,233.6988,233.7827,159.2934,1
233.9178,233.9184,233.9784,60.6704,1
233.9533,233.9785,234.0673,113.9830,1
234.0334,234.0673,234.1492,115.8148,1
234.2424,234.2428,234.3064,63.9832,1
234.2484,234.3064,234.3952,146.8390,1
234.2486,234.3952,234.4777,229.0568,1
234.2934,234.4777,234.5605,267.1403,1
234.3001,234.5605,234.6433,343.2318,1
234.3248,234.6434,234.7262,401.4308,1
234.3817,234.7262,234.8112,429.4992,1
234.4566,234.8112,234.8938,437.2174,1
234.5137,234.8938,234.9767,462.9409,1
234.5507,234.9767,235.0611,510.3766,1
234.6673,235.0611,235.1750,507.7073,1
234.8992,235.1750,235.2639,364.7310,1
234.9788,235.2639,235.3504,371.6812,1
235.3130,235.3505,235.4350,122.0401,1
235.3734,235.4351,235.5187,145.2423,1
235.5355,235.5358,235.6058,70.3150,1
235.5663,235.6058,235.6904,124.0804,1
235.6075,235.6904,235.7732,165.6706,1
235.8581,235.8587,235.9183,60.2261,1
235.8655,235.9183,236.0071,141.5615,1
236.0097,236.0101,236.0901,80.4556,1
236.0808,236.0901,236.1731,92.2195,1
236.0879,236.1731,236.2559,167.9682,1
236.3953,236.3958,236.4573,62.0089,1
236.5375,236.5379,236.6021,64.6446,1
236.5439,236.6021,236.6889,145.0816,1
236.7290,236.7295,236.7917,62.7475,1
236.7661,236.7917,236.8778,111.6958,1
236.8436,236.8778,236.9606,117.0190,1
237.3927,237.3936,237.4577,65.0316,1
237.5737,237.5742,237.6363,62.6492,1
237.7338,237.7343,237.7984,64.5581,1
237.7892,237.7984,237.8854,96.1880,1
237.8456,237.8854,237.9672,121.6419,1
237.9873,237.9876,238.0580,70.7235,1
237.9931,238.0580,238.1422,149.1732,1
238.0148,238.1422,238.2251,210.2768,1
238.0242,238.2251,238.3079,283.7406,1
238.0589,238.3079,238.3907,331.8520,1
238.1865,238.3908,238.4736,287.0244,1
238.2555,238.4736,238.5570,301.5544,1
238.2981,238.5570,238.6652,367.0347,1
238.3370,238.6652,238.7518,414.8609,1
238.3439,238.7519,238.8377,493.8593,1
238.5051,238.8377,238.9285,423.4371,1
238.5732,238.9285,239.0136,440.4000,1
238.6592,239.0136,239.0985,439.2981,1
238.7221,239.0985,239.1824,460.3069,1
239.0688,239.1825,239.2653,196.4451,1
239.1407,239.2653,239.3481,207.4074,1
239.3123,239.3481,239.4310,118.6705,1
239.5487,239.5490,239.6138,65.0910,1
239.6573,239.6576,239.7227,65.3455,1
239.7016,239.7227,239.8090,107.4128,1
239.7109,239.8090,239.8913,180.3609,1
239.7377,239.8913,239.9741,236.4684,1
239.8682,239.9741,240.0570,188.7877,1
239.9836,240.0570,240.1398,156.2555,1
240.4283,240.4290,240.4925,64.1503,1
240.4378,240.4925,240.5802,142.3877,1
240.6616,240.6621,240.7270,65.3373,1
240.8028,240.8033,240.8631,60.3170,1
241.0400,241.0406,241.0992,59.1868,1
241.2496,241.2501,241.3148,65.2445,1
241.4678,241.4683,241.5342,66.4105,1
241.7509,241.7515,241.8155,64.5981,1
241.8059,241.8156,241.9025,96.5908,1
241.8533,241.9025,241.9847,131.4908,1
242.0572,242.0576,242.1169,59.7002,1
242.2663,242.2667,242.3313,65.0339,1
242.8304,242.8313,242.8950,64.6537,1
242.8958,242.8960,242.9817,85.9120,1
242.9508,242.9817,243.0632,112.3189,1
243.7367,243.7377,243.7980,61.3049,1
244.1707,244.1715,244.2318,61.1075,1
244.5653,244.5659,244.6270,61.7595,1
244.8775,244.8779,244.9372,59.7476,1
245.3911,245.3918,245.4549,63.8177,1
245.5470,245.5473,245.6088,61.7624,1
246.1948,246.1956,246.2591,64.2366,1
246.9674,246.9684,247.0288,61.4143,1
247.0567,247.0569,247.1232,66.4226,1
247.2698,247.2703,247.3309,61.0854,1
247.7449,247.7455,247.8078,62.9211,1
248.0526,248.0531,248.1139,61.2608,1
248.6650,248.6657,248.7279,62.8527,1
248.6988,248.7279,248.8145,115.6323,1
248.9335,248.9339,248.9917,58.2228,1
248.9826,248.9917,249.0800,97.4216,1
249.3748,249.3753,249.4363,61.4702,1
249.5379,249.5383,249.6001,62.1976,1
250.1515,250.1523,250.2151,63.6329,1
250.5734,250.5740,250.6346,61.1403,1
250.7250,250.7253,250.7886,63.6235,1
250.9687,250.9691,251.0299,61.1951,1
251.1193,251.1195,251.1812,61.8959,1
251.2040,251.2042,251.2742,70.2983,1
251.2047,251.2743,251.3723,167.6116,1
251.8318,251.8328,251.9080,76.1390,1
253.1641,253.1658,253.2411,76.9721,1
253.3456,253.3460,253.4247,79.0731,1
253.6161,253.6166,253.6789,62.7448,1
254.0018,254.0024,254.0629,61.0497,1
254.2186,254.2190,254.2803,61.6563,1
254.3356,254.3359,254.3972,61.6001,1
254.3570,254.3972,254.4822,125.2219,1
254.4655,254.4822,254.5626,97.1727,1
254.7950,254.7955,254.8524,57.3672,1
254.8659,254.8663,254.9397,73.7882,1
256.4108,256.4126,256.4729,62.1387,1
256.4954,256.4957,256.5619,66.5000,1
256.6918,256.6923,256.7505,58.6801,1
256.8302,256.8307,256.8901,59.8917,1
257.4128,257.4137,257.4710,58.2605,1
257.6407,257.6413,257.7030,62.3521,1
257.9893,257.9897,258.0508,61.4974,1
258.0886,258.0888,258.1533,64.6548,1
258.1485,258.1533,258.2363,87.7925,1
258.9663,258.9673,259.0277,61.3900,1
258.9782,259.0277,259.1127,134.5414,1
259.3610,259.3615,259.4220,61.0424,1
259.3867,259.4221,259.5088,122.0470,1
259.8278,259.8285,259.9706,142.7428,1
260.1034,260.1039,260.2511,147.7456,1
260.3718,260.3723,260.5152,143.3516,1
260.6184,260.6188,260.7654,147.0070,1
260.7908,260.7912,260.9374,146.5274,1
260.8919,260.9374,261.1102,218.2595,1
261.1010,261.1102,261.2873,186.2944,1
261.3053,261.3058,261.4605,155.1995,1
261.5444,261.5448,261.6935,149.1412,1
262.0546,262.0555,262.1177,63.0490,1
262.2865,262.2871,262.3479,61.3571,1
262.5972,262.5977,262.6571,59.8875,1
262.9088,262.9095,262.9730,64.1177,1
262.9991,262.9993,263.0638,64.7201,1
263.1319,263.1323,263.1916,59.6975,1
263.4124,263.4130,263.4734,60.9533,1
263.6601,263.6606,263.7202,60.1339,1
263.8637,263.8641,263.9268,63.0236,1
264.0090,264.0094,264.0710,62.0212,1
264.4911,264.4918,264.5537,62.5756,1
264.7191,264.7196,264.7809,61.7835,1
265.0583,265.0589,265.1186,60.2968,1
265.4536,265.4543,265.5123,58.6264,1
265.4612,265.5123,265.5985,137.3349,1
265.9666,265.9673,266.0274,60.8548,1
266.1322,266.1324,266.1942,62.0829,1
266.2238,266.2241,266.2882,64.3485,1
266.3791,266.3794,266.4384,59.3204,1
266.5099,266.5101,266.5718,61.9664,1
267.0623,267.0630,267.1234,61.1236,1
267.9413,267.9422,268.0017,60.4142,1
268.2755,268.2761,268.3341,58.5327,1
268.3894,268.3896,268.4514,62.0291,1
268.7790,268.7795,268.8383,59.3383,1
268.7961,268.8384,268.9241,128.0266,1
269.4308,269.4317,269.4930,62.2354,1
269.9765,269.9772,270.0358,59.3338,1
270.1302,270.1307,270.1893,59.0695,1
270.8055,270.8065,270.8680,62.4310,1
270.8252,270.8680,270.9522,126.9794,1
271.0040,271.0046,271.0663,62.2094,1
271.1917,271.1921,271.2488,57.1087,1
271.1921,271.2488,271.3350,142.9086,1
271.3497,271.3502,271.4198,70.1303,1
271.3551,271.4198,271.5006,145.4705,1
271.3818,271.5006,271.5801,198.3699,1
271.6505,271.6511,271.7132,62.6604,1
272.3398,272.3408,272.4022,62.3934,1
272.7339,272.7345,272.7927,58.7846,1
272.8064,272.8066,272.8795,73.0579,1
273.0294,273.0298,273.0873,57.9547,1
273.1192,273.1195,273.1863,67.0682,1
273.1851,273.1863,273.2680,82.9533,1
273.2172,273.2680,273.3477,130.4671,1
273.6355,273.6363,273.6957,60.1467,1
273.7258,273.7261,273.7897,63.9302,1
273.7626,273.7897,273.8715,108.9261,1
273.7927,273.8715,273.9512,158.4866,1
273.9172,273.9512,274.0309,113.6117,1
273.9993,274.0309,274.1106,111.2308,1
274.4909,274.4917,274.5493,58.4315,1
274.5969,274.5971,274.6590,62.0904,1
274.9264,274.9269,274.9893,62.8517,1
275.0146,275.0150,275.0821,67.4693,1
275.3147,275.3153,275.3757,61.0199,1
275.6386,275.6392,275.7015,62.9052,1
275.7801,275.7805,275.8425,62.4477,1
276.0061,276.0067,276.0655,59.3681,1
276.1460,276.1465,276.2080,61.9500,1
276.2639,276.2644,276.3256,61.7339,1
276.8642,276.8651,276.9249,60.6130,1
276.9614,276.9617,277.0262,64.8489,1
277.0993,277.0998,277.1598,60.4878,1
277.1256,277.1598,277.2442,118.5950,1
277.2111,277.2442,277.3231,111.9433,1
277.3186,277.3231,277.4028,84.1929,1
277.8445,277.8453,277.9074,62.8882,1
278.0501,278.0506,278.1098,59.6828,1
278.7530,278.7540,278.8128,59.7668,1
278.8843,278.8848,278.9428,58.5067,1
278.9200,278.9429,279.0273,107.2535,1
279.0591,279.0594,279.1244,65.3308,1
279.4066,279.4073,279.4680,61.3391,1
279.4706,279.4709,279.5515,80.9233,1
279.5227,279.5516,279.6312,108.4703,1
279.7623,279.7629,279.8239,61.5738,1
280.1396,280.1402,280.2024,62.8235,1
280.4571,280.4576,280.5172,60.1422,1
281.7189,281.7203,281.7813,62.4597,1
282.4628,282.4637,282.5241,61.2733,1
282.5880,282.5883,282.6458,57.8143,1
282.5891,282.6458,282.7321,142.9476,1
283.2056,283.2066,283.2635,57.9110,1
283.3559,283.3563,283.4183,62.4764,1
284.0732,284.0743,284.1357,62.5625,1
284.2524,284.2529,284.3142,61.7440,1
284.9034,284.9044,284.9609,57.5552,1
284.9424,284.9610,285.0454,103.0563,1
285.6005,285.6015,285.6583,57.7094,1
285.8258,285.8263,285.8824,56.6651,1
286.1384,286.1390,286.1991,60.6457,1
287.5647,287.5663,287.6235,58.8503,1
287.6990,287.6994,287.7560,56.9370,1
287.8869,287.8874,287.9445,57.6186,1
288.0145,288.0147,288.0737,59.2064,1
288.0444,288.0737,288.1570,112.5885,1
288.7054,288.7065,288.7661,60.6745,1
288.7999,288.8003,288.8632,63.2621,1
289.3626,289.3634,289.4220,59.4534,1
289.3848,289.4220,289.5068,122.0008,1
289.4523,289.5068,289.5843,132.0773,1
289.5302,289.5844,289.6625,132.3445,1
289.5457,289.6625,289.7407,194.9778,1
289.5826,289.7407,289.8189,236.3047,1
289.5992,289.8189,289.8981,298.8920,1
289.8346,289.8981,289.9766,142.0270,1
290.0958,290.0964,290.1588,62.9709,1
290.1294,290.1588,290.2418,112.3773,1
290.1530,290.2418,290.3196,166.6081,1
290.1530,290.3196,290.3978,244.7605,1
290.6317,290.6325,290.6931,61.4304,1
291.0186,291.0192,291.0779,59.2995,1
291.0386,291.0779,291.1610,122.3533,1
291.3272,291.3279,291.3863,59.0884,1
291.6327,291.6333,291.6921,59.3812,1
292.2153,292.2162,292.2751,59.8603,1
292.2963,292.2967,292.3624,66.1380,1
292.3199,292.3624,292.4418,121.9306,1
292.3534,292.4418,292.5200,166.6330,1
292.4211,292.5200,292.5981,177.0505,1
292.8981,292.8989,292.9566,58.4957,1
292.9218,292.9566,293.0404,118.5876,1
293.0441,293.0446,293.1185,74.3582,1
293.6158,293.6166,293.6776,61.7704,1
293.6311,293.6776,293.7613,130.1582,1
293.6576,293.7613,293.8392,181.6137,1
293.6605,293.8392,293.9177,257.2266,1
293.9877,293.9882,294.0486,60.9429,1
294.3193,294.3200,294.3762,56.8482,1
294.5260,294.5265,294.5829,56.9022,1
294.8105,294.8111,294.8720,61.5731,1
295.2983,295.2991,295.3601,61.7684,1
295.4528,295.4533,295.5125,59.7108,1
295.5115,295.5125,295.5959,84.4499,1
295.8177,295.8182,295.8755,57.7490,1
295.9497,295.9501,296.0107,60.9682,1
296.0545,296.0548,296.1184,63.9572,1
296.0997,296.1184,296.1994,99.7140,1
296.1840,296.1994,296.2779,93.9666,1
296.1902,296.2779,296.3561,165.9328,1
296.2251,296.3561,296.4346,209.4830,1
296.3070,296.4346,296.5132,206.1739,1
296.3675,296.5132,296.5921,224.5468,1
296.4013,296.5921,296.6710,269.7231,1
296.8297,296.8304,296.9625,132.7825,1
297.3080,297.3086,297.4322,124.2577,1
298.1580,298.1591,298.2801,122.0505,1
298.2356,298.2801,298.4402,204.5740,1
298.2990,298.4402,298.6008,301.7704,1
298.4709,298.6008,298.7613,290.4114,1
299.0217,299.0226,299.0826,60.8929,1
299.8320,299.8330,299.8919,59.9423,1
299.9265,299.9269,299.9926,66.1125,1
299.9840,299.9926,300.0724,88.4449,1
300.1344,300.1349,300.1956,61.2238,1
300.9300,300.9310,300.9900,59.9911,1
301.2608,301.2612,301.3218,61.0581,1
301.6186,301.6192,301.6779,59.3056,1
301.7101,301.7104,301.7723,62.1502,1
301.7993,301.7995,301.8637,64.4403,1
302.2095,302.2100,302.2700,60.5119,1
302.4194,302.4198,302.4788,59.3274,1
302.8669,302.8676,302.9285,61.5484,1
303.2600,303.2607,303.3203,60.2408,1
303.5302,303.5307,303.5876,57.4157,1
303.5816,303.5876,303.6698,88.2663,1
304.1730,304.1738,304.2313,58.3055,1
304.3330,304.3333,304.3887,55.7734,1
304.4395,304.4398,304.4987,59.2611,1
304.5432,304.5436,304.6041,60.8056,1
304.5815,304.6041,304.6844,102.9438,1
304.7047,304.7050,304.7692,64.5315,1
304.9095,304.9100,304.9702,60.7541,1
304.9149,304.9702,305.0542,139.2547,1
305.8187,305.8200,305.8811,62.3527,1
306.0368,306.0371,306.0957,58.9400,1
306.1496,306.1500,306.2062,56.6441,1
306.1742,306.2062,306.2892,114.9596,1
306.2591,306.2892,306.3669,107.8720,1
306.5573,306.5579,306.6173,60.0073,1
306.6367,306.6371,306.7071,70.4148,1
306.7455,306.7458,306.8100,64.4936,1
307.0237,307.0242,307.0826,58.8865,1
307.4728,307.4735,307.5642,91.4259,1
308.0633,308.0642,308.1550,91.6979,1
308.1062,308.1550,308.2722,165.9825,1
308.2722,308.2725,308.3895,117.3507,1
308.3702,308.3896,308.5078,137.5895,1
308.9391,308.9399,309.0314,92.2842,1
309.6309,309.6319,309.7195,88.6076,1
309.6364,309.7195,309.8373,200.8446,1
309.8526,309.8531,309.9575,104.9428,1
309.9924,309.9929,310.0870,94.5555,1
310.0525,310.0870,310.2045,151.9378,1
310.2076,310.2080,310.3250,117.3682,1
310.3629,310.3633,310.4649,102.0521,1
310.5623,310.5628,310.6560,93.7065,1
311.2452,311.2460,311.3365,91.3157,1
312.0096,312.0107,312.0985,88.8905,1
312.2056,312.2060,312.2959,90.2659,1
312.6736,312.6744,312.7590,85.4503,1
312.6768,312.7590,312.8770,200.1942,1
312.9256,312.9261,313.0180,92.4245,1
313.7379,313.7389,313.8339,96.0493,1
313.7864,313.8340,313.9540,167.6420,1
313.8225,313.9541,314.0746,252.0889,1
314.4151,314.4159,314.5104,95.2699,1
314.9882,314.9890,315.0795,91.3111,1
315.0683,315.0796,315.2000,131.7538,1
315.0694,315.2000,315.3206,251.1982,1
315.1716,315.3206,315.4410,269.3680,1
315.2425,315.4410,315.5507,308.1927,1
315.7734,315.7742,315.8324,58.9645,1
315.7827,315.8324,315.9168,134.0476,1
315.8306,315.9168,315.9953,164.6660,1
316.1056,316.1063,316.1631,57.4749,1
316.5507,316.5514,316.6093,58.6674,1
316.5718,316.6094,316.6937,121.8178,1
316.7414,316.7419,316.8007,59.3023,1
316.9537,316.9543,317.0157,62.0130,1
317.1572,317.1576,317.2175,60.3010,1
317.2445,317.2448,317.3102,65.7059,1
317.3074,317.3102,317.3918,84.3858,1
317.5405,317.5409,317.6022,61.7121,1
318.0633,318.0641,318.1228,59.5128,1
318.2302,318.2307,318.2891,58.9018,1
318.3616,318.3621,318.4220,60.4016,1
318.5073,318.5077,318.5677,60.4704,1
318.7644,318.7650,318.8207,56.2566,1
319.1511,319.1516,319.2108,59.6720,1
319.9497,319.9507,320.0102,60.4862,1
320.0857,320.0861,320.1407,54.9676,1
320.2949,320.2953,320.3537,58.7514,1
320.4061,320.4064,320.4636,57.5052,1
320.7347,320.7353,320.7941,59.4623,1
320.8044,320.8047,320.8802,75.7522,1
320.8844,320.8847,320.9598,75.3170,1
320.8897,320.9598,321.0390,149.2835,1
321.1560,321.1566,321.2171,61.1667,1
321.2510,321.2514,321.3146,63.6375,1
321.3893,321.3898,321.4489,59.5630,1
321.4123,321.4489,321.5340,121.7406,1
321.6373,321.6377,321.6955,58.1622,1
321.8327,321.8333,321.8956,62.9731,1
321.8486,321.8957,321.9798,131.2755,1
322.1533,322.1539,322.2150,61.7464,1
322.1627,322.2150,322.2997,137.0094,1
322.2038,322.2997,322.3785,174.6811,1
322.3695,322.3785,322.4578,88.3138,1
322.6192,322.6197,322.6779,58.7379,1
322.6295,322.6779,322.7633,133.7070,1
322.6846,322.7633,322.8425,157.9703,1
322.7198,322.8426,322.9215,201.7314,1
322.8358,322.9216,323.0012,165.3688,1
322.9201,323.0012,323.0809,160.8143,1
323.0773,323.0809,323.1605,83.2158,1
323.2404,323.2407,323.2997,59.3792,1
323.3875,323.3879,323.4458,58.3353,1
323.4605,323.4607,323.5332,72.7543,1
323.4965,323.5332,323.6133,116.8063,1
323.6172,323.6176,323.6946,77.3670,1
323.6209,323.6946,323.7743,153.4072,1
323.6241,323.7743,323.8539,229.8758,1
323.6250,323.8540,323.9336,308.6308,1
323.8336,323.9336,324.0133,179.6284,1
323.9875,324.0133,324.0929,105.4003,1
324.0605,324.0930,324.1730,112.5005,1
324.1367,324.1731,324.2762,139.4950,1
324.1451,324.2762,324.3658,220.6608,1
324.1469,324.3658,324.4499,303.0097,1
324.1992,324.4499,324.5328,333.5899,1
324.2934,324.5328,324.6133,319.9131,1
324.4111,324.6133,324.6933,282.1706,1
324.6515,324.6933,324.7741,122.5751,1
324.6665,324.7741,324.8538,187.2338,1
324.7270,324.8538,324.9338,206.8301,1
324.8659,324.9338,325.0142,148.3462,1
325.2700,325.2706,325.3301,60.1128,1
325.3988,325.3991,325.4603,61.4547,1
325.4950,325.4954,325.5573,62.2926,1
325.4973,325.5573,325.6407,143.3548,1
325.5818,325.6407,325.7203,138.5742,1
326.0156,326.0162,326.0779,62.3778,1
326.1767,326.1772,326.2366,59.9868,1
326.1817,326.2367,326.3222,140.5170,1
326.3505,326.3510,326.4155,65.0332,1
326.3867,326.4155,326.4979,111.1405,1
326.5494,326.5499,326.6123,62.8818,1
326.6170,326.6173,326.6971,80.0493,1
327.2448,327.2457,327.3052,60.3968,1
327.2926,327.3052,327.3904,97.8247,1
327.3866,327.3904,327.4699,83.2265,1
327.4486,327.4699,327.5495,100.8660,1
327.5946,327.5950,327.6559,61.2910,1
327.8182,327.8188,327.8801,61.8138,1
327.9692,327.9697,328.0672,97.9746,1
328.0016,328.0672,328.2011,199.4673,1
328.2003,328.2011,328.3383,137.9992,1
328.4203,328.4209,328.5239,103.5842,1
328.4274,328.5240,328.6598,232.3829,1
328.4307,328.6598,328.7958,365.1735,1
328.5564,328.7959,328.9442,387.7842,1
328.7558,328.9442,329.0815,325.6672,1
328.8395,329.0815,329.2193,379.7874,1
328.9020,329.2193,329.3871,485.1046,1
328.9216,329.3871,329.5283,606.6405,1
329.0883,329.5283,329.6663,577.9906,1
329.2062,329.6664,329.8103,604.1209,1
329.3859,329.8103,329.9522,566.2658,1
329.4588,329.9522,330.0816,622.8015,1
329.5191,330.0816,330.1573,638.2770,1
329.5283,330.1574,330.2443,715.9912,1
329.5566,330.2443,330.3297,773.0594,1
329.6271,330.3297,330.4138,786.7172,1
329.9024,330.4139,330.4967,594.2365,1
330.0840,330.4967,330.5795,495.5045,1
330.3858,330.5795,330.6616,275.7327,1
330.4160,330.6616,330.7444,328.3615,1
330.6242,330.7444,330.8272,203.0354,1
330.7364,330.8273,330.9088,172.3364,1
330.8721,330.9088,330.9926,120.5489,1
330.8953,330.9926,331.0727,177.4052,1
331.0956,331.0961,331.1623,66.7212,1
331.1153,331.1623,331.2466,131.3690,1
331.2080,331.2466,331.3293,121.2889,1
331.2311,331.3293,331.4110,179.8655,1
331.5948,331.5953,331.6522,57.4301,1
331.6862,331.6866,331.7490,62.7273,1
331.7100,331.7490,331.8315,121.4941,1
331.8553,331.8557,331.9189,63.5859,1
332.2114,332.2120,332.2729,61.4991,1
332.2976,332.2978,332.3620,64.4772,1
332.3196,332.3621,332.4427,123.1184,1
332.9001,332.9009,332.9606,60.4420,1
332.9294,332.9606,333.0445,115.0928,1
333.0146,333.0446,333.1221,107.5929,1
333.6094,333.6103,333.6717,62.2504,1
333.6463,333.6717,333.7552,108.9556,1
333.7871,333.7875,333.8491,61.9825,1
334.0216,334.0221,334.0820,60.3850,1
334.2416,334.2420,334.3019,60.3749,1
334.3207,334.3211,334.3898,69.0930,1
334.3321,334.3898,334.4693,137.1324,1
334.3395,334.4693,334.5474,207.9023,1
334.4058,334.5474,334.6256,219.8116,1
334.6079,334.6256,334.7038,95.8542,1
334.6772,334.7038,334.7819,104.7862,1
334.8742,334.8747,334.9302,55.9408,1
334.9493,334.9497,335.0187,69.4420,1
335.1494,335.1499,335.2081,58.7037,1
335.2972,335.2975,335.3571,59.8364,1
335.4499,335.4504,335.5102,60.2931,1
335.9584,335.9592,336.0187,60.3591,1
336.1737,336.1741,336.2295,55.8020,1
336.3450,336.3455,336.4068,61.7482,1
336.5475,336.5480,336.6082,60.7294,1
336.5986,336.6082,336.6918,93.1993,1
336.6033,336.6918,336.7702,166.9514,1
336.6116,336.7702,336.8484,236.8219,1
336.6356,336.8484,336.9272,291.5342,1
336.8112,336.9272,337.0058,194.6927,1
336.8515,337.0059,337.0840,232.5041,1
336.8848,337.0840,337.1622,277.3847,1
336.9153,337.1622,337.2405,325.1606,1
336.9602,337.2405,337.3194,359.1408,1
336.9617,337.3194,337.4120,450.2790,1
336.9766,337.4120,337.5077,531.1137,1
337.0414,337.5077,337.5926,551.2323,1
337.0972,337.5926,337.6746,577.4757,1
337.1671,337.6746,337.7546,587.5665,1
337.2240,337.7547,337.8347,610.6561,1
337.2302,337.8347,337.9143,684.1182,1
337.4102,337.9143,337.9925,582.3035,1
337.4296,337.9925,338.0714,641.8533,1
337.5441,338.0714,338.1503,606.2395,1
337.6176,338.1503,338.2292,611.5379,1
337.6188,338.2292,338.3144,695.6252,1
337.6814,338.3144,338.4066,725.2161,1
338.1662,338.4066,338.4947,328.4480,1
338.1845,338.4947,338.5786,394.1714,1
338.2144,338.5787,338.6615,447.0423,1
338.2301,338.6615,338.7429,512.7965,1
338.2544,338.7429,338.8241,569.6843,1
338.4250,338.8241,338.9043,479.2873,1
338.4832,338.9043,338.9838,500.5683,1
338.5583,338.9838,339.0632,504.9179,1
338.6690,339.0632,339.1423,473.2958,1
338.9208,339.1424,339.2242,303.4361,1
339.2520,339.2526,339.3207,68.7176,1
339.2656,339.3207,339.4063,140.7277,1
339.3148,339.4063,339.4892,174.3933,1
339.3774,339.4892,339.5720,194.5532,1
339.4275,339.5720,339.6548,227.3615,1
339.4992,339.6548,339.7364,237.1483,1
339.5539,339.7364,339.8175,263.5891,1
339.6031,339.8175,339.8975,294.4420,1
339.7318,339.8976,339.9773,245.4572,1
339.7923,339.9773,340.0573,264.9972,1
339.8291,340.0573,340.1455,316.4607,1
339.8639,340.1455,340.2292,365.2512,1
339.9869,340.2292,340.3145,327.5708,1
340.0033,340.3145,340.3985,395.1725,1
340.1712,340.3985,340.4821,310.8977,1
340.5024,340.5031,340.5703,67.8188,1
340.8113,340.8119,340.8734,62.1741,1
340.8490,340.8735,340.9576,108.6133,1
340.9725,340.9730,341.0402,67.6797,1
341.0496,341.0500,341.1222,72.5806,1
341.3159,341.3164,341.3742,58.3347,1
341.4430,341.4434,341.5027,59.7142,1
341.5144,341.5148,341.5884,73.9911,1
341.5405,341.5885,341.6683,127.7446,1
341.6728,341.6732,341.7489,76.0358,1
341.8522,341.8526,341.9143,62.1201,1
341.9272,341.9276,342.0007,73.4267,1
341.9715,342.0007,342.0801,108.5894,1
342.0257,342.0801,342.1598,134.1211,1
342.1165,342.1598,342.2390,122.5047,1
342.3107,342.3113,342.3688,58.0793,1
342.4014,342.4018,342.4673,65.8892,1
342.4043,342.4673,342.5495,145.1470,1
342.5724,342.5729,342.6374,64.9860,1
343.0695,343.0703,343.1266,57.1111,1
343.1296,343.1299,343.2109,81.3316,1
343.3563,343.3568,343.4179,61.6505,1
343.6326,343.6332,343.6901,57.5746,1
343.8437,343.8443,343.9054,61.6826,1
344.0570,344.0573,344.1177,60.6450,1
344.2132,344.2136,344.2708,57.6280,1
344.4743,344.4748,344.5382,63.8650,1
344.7837,344.7843,344.8534,69.7910,1
344.8683,344.8687,344.9497,81.3860,1
345.1203,345.1207,345.1909,70.6447,1
345.1722,345.1909,345.2881,115.8662,1
345.3351,345.3356,345.4087,73.5826,1
345.3480,345.4087,345.5059,157.9388,1
345.3674,345.5059,345.6000,232.5745,1
345.4217,345.6000,345.6941,272.3326,1
345.5063,345.6941,345.7887,282.3554,1
345.5258,345.7887,345.8836,357.8201,1
345.5398,345.8836,345.9881,448.2805,1
345.5784,345.9881,346.0946,516.1745,1
345.6880,346.0946,346.2035,515.4809,1
345.9291,346.2035,346.3066,377.4484,1
346.0422,346.3066,346.4041,361.9035,1
346.2058,346.4041,346.5004,294.6247,1
346.3599,346.5004,346.5926,232.7153,1
346.4345,346.5927,346.6699,235.3806,1
346.4833,346.6699,346.7491,265.8046,1
346.5311,346.7491,346.8285,297.3635,1
346.5667,346.8285,346.9116,344.8743,1
346.7491,346.9116,346.9970,247.9246,1
346.8583,346.9971,347.0810,222.6642,1
346.8666,347.0810,347.1705,303.8830,1
346.8726,347.1705,347.2560,383.4148,1
346.9411,347.2560,347.3394,398.2895,1
347.1675,347.3394,347.4207,253.2689,1
347.1796,347.4207,347.5039,324.2942,1
347.2583,347.5039,347.5840,325.7022,1
347.3892,347.5840,347.6641,274.8370,1
347.5173,347.6641,347.7437,226.3824,1
347.9392,347.9399,348.0002,61.0101,1
348.0132,348.0135,348.0875,74.2847,1
348.1684,348.1688,348.2250,56.6409,1
348.2589,348.2593,348.3213,62.3593,1
348.3265,348.3268,348.4043,77.8008,1
348.4260,348.4264,348.4914,65.3314,1
348.4485,348.4914,348.5729,124.3573,1
348.8325,348.8333,348.9764,143.8945,1
348.9455,348.9765,349.1475,202.0020,1
348.9828,349.1475,349.3198,336.9899,1
348.9974,349.3198,349.4904,493.0150,1
349.0727,349.4904,349.6603,587.5960,1
349.1461,349.6603,349.8334,687.3475,1
349.3031,349.8334,350.0020,698.8395,1
349.3157,350.0020,350.1713,855.5702,1
349.6774,350.1713,350.3406,663.1710,1
349.7971,350.3406,350.5104,713.2410,1
350.0408,350.5104,350.6813,640.4354,1
350.0941,350.6813,350.8380,743.9693,1
350.1406,350.8381,350.9106,769.9431,1
350.1928,350.9106,350.9901,797.2656,1
350.5114,350.9901,351.0709,559.5516,1
350.5691,351.0709,351.1529,583.8290,1
350.6806,351.1529,351.2354,554.7960,1
350.7568,351.2354,351.3182,561.4400,1
350.9594,351.3182,351.4010,441.6227,1
351.1229,351.4011,351.4839,360.9405,1
351.2819,351.4839,351.5679,285.9936,1
351.3152,351.5679,351.6516,336.3830,1
351.3872,351.6516,351.7395,352.2954,1
351.7953,351.7959,351.8573,61.9580,1
351.9844,351.9849,352.0487,64.3102,1
352.0407,352.0487,352.1328,92.0241,1
352.0487,352.1328,352.2128,164.1048,1
352.1142,352.2128,352.2917,177.5159,1
352.1192,352.2917,352.3714,252.2217,1
352.2560,352.3714,352.4510,195.0419,1
352.4363,352.4510,352.5307,94.4311,1
352.4661,352.5307,352.6104,144.2519,1
352.5675,352.6104,352.6900,122.5580,1
352.8992,352.8997,352.9588,59.6549,1
353.1390,353.1396,353.2308,91.7434,1
353.5595,353.5601,353.6536,94.1217,1
353.6024,353.6536,353.7742,171.8206,1
353.7886,353.7890,353.8954,106.8346,1
354.3748,354.3758,354.4591,84.3041,1
354.4808,354.4811,354.5800,99.1844,1
354.5200,354.5800,354.6995,179.5533,1
354.5494,354.6995,354.8191,269.6867,1
354.7282,354.8191,354.9382,209.9976,1
354.9152,354.9382,355.0590,143.7694,1
355.0344,355.0590,355.1353,100.8376,1
355.1375,355.1379,355.2180,80.5710,1
355.2588,355.2592,355.3191,60.2985,1
355.3955,355.3958,355.4571,61.5481,1
355.6186,355.6191,355.6789,60.3044,1
355.6464,355.6789,355.7651,118.6588,1
355.6639,355.7651,355.8433,179.4194,1
355.7606,355.8433,355.9223,161.6047,1
356.0170,356.0176,356.0770,59.9814,1
356.1621,356.1624,356.2224,60.3349,1
356.1720,356.2224,356.3068,134.7699,1
356.2042,356.3068,356.3853,181.0894,1
356.2977,356.3853,356.4650,167.2770,1
356.5659,356.5664,356.6262,60.3558,1
356.5726,356.6262,356.7118,139.2005,1
356.5754,356.7118,356.7912,215.7271,1
356.7889,356.7912,356.8708,81.9408,1
356.9098,356.9101,356.9696,59.8240,1
356.9475,356.9696,357.0539,106.4584,1
357.0228,357.0540,357.1336,110.8192,1
357.1379,357.1381,357.2623,124.4360,1
357.2546,357.2624,357.4352,180.5915,1
357.3724,357.4352,357.6257,253.2722,1
357.4234,357.6257,357.7995,376.0243,1
358.0884,358.0895,358.2347,146.2992,1
358.1615,358.2348,358.4058,244.2727,1
358.1882,358.4058,358.5760,387.7980,1
358.2261,358.5760,358.7443,518.1499,1
358.3450,358.7443,358.9150,569.9928,1
358.4426,358.9150,359.0867,644.0476,1
358.4835,359.0867,359.2555,771.9984,1
358.4969,359.2555,359.3582,861.2831,1
358.6471,359.3582,359.4364,789.3604,1
358.6481,359.4364,359.5161,867.9749,1
358.6750,359.5161,359.5973,922.3356,1
358.6882,359.5973,359.6794,991.1711,1
358.7235,359.6794,359.7618,1038.2484,1
358.7414,359.7618,359.8446,1103.1733,1
358.9438,359.8446,359.9285,984.7392,1
359.0709,359.9285,360.0115,940.6396,1
359.1579,360.0115,360.0955,937.6513,1
359.2874,360.0955,360.1787,891.3218,1
359.3658,360.1787,360.2657,899.9311,1
359.5048,360.2658,360.3477,842.9063,1
359.5645,360.3477,360.4290,864.4826,1
359.6949,360.4290,360.5102,815.2805,1
359.8306,360.5102,360.5921,761.5054,1
359.8716,360.5921,360.6749,803.3719,1
359.8836,360.6749,360.7578,874.1796,1
359.9296,360.7578,360.8411,911.4753,1
359.9465,360.8411,360.9242,977.6978,1
360.0668,360.9242,361.0079,941.0378,1
360.1827,361.0079,361.0918,909.1020,1
360.7247,361.0918,361.1771,452.4285,1
360.7762,361.1772,361.2603,484.1758,1
360.7995,361.2604,361.3432,543.6462,1
360.9910,361.3432,361.4254,434.4351,1
361.3228,361.4255,361.5077,184.8985,1
361.3793,361.5077,361.5903,210.9605,1
361.5011,361.5903,361.6730,171.9678,1
361.5742,361.6731,361.7559,181.6948,1
361.7514,361.7559,361.8403,88.9608,1
361.8117,361.8404,361.9232,111.5252,1
361.8316,361.9232,362.0071,175.5059,1
361.8713,362.0071,362.0916,220.3277,1
361.9726,362.0916,362.1753,202.7729,1
362.0819,362.1753,362.2590,177.1198,1
362.1640,362.2590,362.3418,177.8406,1
362.1828,362.3419,362.4247,241.8513,1
362.1918,362.4247,362.5076,315.7810,1
363.0542,363.0554,363.1150,60.7897,1
363.3723,363.3728,363.4320,59.7780,1
363.4811,363.4815,363.5422,61.1213,1
363.4939,363.5423,363.6265,132.5546,1
363.6222,363.6265,363.7060,83.8120,1
363.7975,363.7978,363.8579,60.4732,1
363.9605,363.9609,364.0186,58.1270,1
363.9728,364.0187,364.1043,131.5264,1
363.9807,364.1044,364.1827,201.9367,1
364.0522,364.1827,364.2623,210.1218,1
364.1365,364.2623,364.3420,205.5284,1
364.2424,364.3420,364.4217,179.2609,1
364.3925,364.4217,364.5013,108.8450,1
364.7053,364.7059,364.7677,62.3751,1
365.2009,365.2016,365.2631,62.2609,1
365.2826,365.2829,365.3520,69.3802,1
365.4909,365.4913,365.5541,63.2205,1
366.0812,366.0819,366.1406,59.4565,1
366.1319,366.1406,366.2261,94.1336,1
366.1814,366.2261,366.3051,123.6925,1
366.2366,366.3051,366.3836,146.9649,1
366.4649,366.4654,366.5258,60.8631,1
366.4916,366.5258,366.6111,119.5139,1
366.7368,366.7372,366.7939,57.1015,1
366.7686,366.7939,366.8795,110.9425,1
366.8363,366.8795,366.9585,122.2407,1
366.8408,366.9585,367.0382,197.3864,1
367.0755,367.0761,367.1391,63.5670,1
367.0797,367.1391,367.2217,142.0104,1
367.2010,367.2217,367.3006,99.5925,1
367.5180,367.5186,367.5771,59.0821,1
367.5315,367.5771,367.6637,132.1709,1
367.7106,367.7110,367.7734,62.8604,1
367.7337,367.7734,367.8558,122.0604,1
367.7911,367.8558,367.9347,143.5940,1
368.1192,368.1199,368.1815,62.2475,1
368.3802,368.3807,368.4421,61.8833,1
368.4093,368.4421,368.5270,117.6693,1
368.6040,368.6046,368.6649,60.8559,1
368.9627,368.9633,369.0200,57.3757,1
368.9926,369.0201,369.1065,113.8552,1
369.0439,369.1065,369.1846,140.6139,1
369.3006,369.3012,369.3579,57.2855,1
369.3122,369.3579,369.4452,132.9446,1
369.4669,369.4674,369.5330,66.0332,1
369.4678,369.5330,369.6150,147.1661,1
369.5011,369.6150,369.6947,193.6120,1
369.5534,369.6947,369.7743,220.8809,1
369.7176,369.7743,369.8540,136.3907,1
369.8204,369.8540,369.9337,113.2543,1
369.9399,369.9404,370.0151,75.1946,1
369.9431,370.0151,370.0951,151.9474,1
369.9608,370.0951,370.1998,238.9230,1
370.0364,370.1998,370.2800,243.6293,1
370.1055,370.2800,370.3712,265.6260,1
370.1436,370.3712,370.4523,308.6854,1
370.2091,370.4523,370.5331,323.9967,1
370.2839,370.5331,370.6135,329.6665,1
370.5503,370.6135,370.6939,143.6128,1
370.6693,370.6939,370.7740,104.7256,1
370.9061,370.9067,370.9662,60.0462,1
370.9982,370.9985,371.0624,64.1699,1
371.0333,371.0624,371.1449,111.6013,1
371.0410,371.1449,371.2240,182.9909,1
371.1503,371.2240,371.3037,153.3583,1
371.5147,371.5153,371.5774,62.6720,1
371.5949,371.5952,371.6654,70.5400,1
371.6275,371.6655,371.7458,118.2658,1
371.7163,371.7458,371.8251,108.7922,1
371.8559,371.8563,371.9197,63.8340,1
371.8718,371.9197,372.0022,130.3578,1
371.9085,372.0022,372.0813,172.7901,1
371.9679,372.0813,372.1609,193.0729,1
371.9879,372.1609,372.2406,252.6790,1
372.0992,372.2406,372.3203,221.1035,1
372.1253,372.3203,372.4239,298.5866,1
372.1307,372.4239,372.5090,378.3267,1
372.1574,372.5090,372.5917,434.2783,1
372.2201,372.5917,372.6729,452.8222,1
372.2732,372.6729,372.7627,489.4500,1
372.4326,372.7627,372.8425,409.9464,1
372.5567,372.8425,372.9237,367.0231,1
372.6660,372.9237,373.0033,337.3246,1
372.6851,373.0034,373.0834,398.2765,1
372.7489,373.0834,373.1635,414.5056,1
372.9406,373.1635,373.2449,304.2953,1
373.0970,373.2449,373.3357,238.7030,1
373.1296,373.3357,373.4242,294.6195,1
373.2355,373.4243,373.5103,274.7999,1
373.3447,373.5103,373.5940,249.2985,1
373.7592,373.7599,373.8212,62.0193,1
373.8260,373.8264,373.9054,79.3610,1
373.8953,373.9054,373.9852,89.8276,1
374.3611,374.3619,374.4212,60.1302,1
374.4800,374.4802,374.5381,58.1791,1
374.8359,374.8364,374.8928,56.9293,1
374.9513,374.9515,375.0119,60.6140,1
375.4024,375.4030,375.4640,61.6536,1
375.4100,375.4641,375.5500,139.9345,1
375.4854,375.5500,375.6284,143.0926,1
375.7153,375.7159,375.7774,62.1080,1
375.9611,375.9616,376.0227,61.6114,1
375.9895,376.0227,376.1083,118.7924,1
376.4837,376.4846,376.5444,60.7233,1
376.7553,376.7558,376.8120,56.7349,1
376.8454,376.8459,376.9090,63.5042,1
376.9437,376.9440,377.0076,63.8469,1
377.4360,377.4368,377.4940,57.9963,1
377.4885,377.4940,377.5797,91.2650,1
377.5318,377.5797,377.6592,127.3989,1
377.5963,377.6592,377.7388,142.5080,1
377.6395,377.7389,377.8185,179.0128,1
377.6816,377.8185,377.8982,216.6114,1
377.7200,377.8982,377.9779,257.8619,1
377.8999,377.9779,378.0575,157.5935,1
377.9122,378.0576,378.1372,224.9606,1
378.1202,378.1372,378.2169,96.7181,1
378.1512,378.2169,378.3264,175.2380,1
378.2369,378.3265,378.4126,175.7006,1
378.3392,378.4126,378.4964,157.2015,1
378.4710,378.4964,378.5776,106.5739,1
378.5915,378.5919,378.6620,70.5137,1
378.6708,378.6713,378.7449,74.1341,1
378.7329,378.7450,378.8251,92.1687,1
378.8556,378.8559,378.9184,62.7616,1
379.2519,379.2525,379.3149,63.0044,1
379.2670,379.3149,379.3989,131.8095,1
379.2796,379.3989,379.4783,198.6978,1
379.3548,379.4783,379.5580,203.1688,1
379.3971,379.5580,379.6376,240.5228,1
379.5464,379.6376,379.7173,170.8659,1
379.6204,379.7173,379.7969,176.5388,1
379.8140,379.8145,379.8834,69.3309,1
379.8332,379.8834,379.9648,131.5894,1
380.0190,380.0194,380.0784,59.3655,1
380.0956,380.0961,380.1730,77.3714,1
380.1735,380.1739,380.2533,79.7683,1
380.6206,380.6215,380.6814,60.7200,1
380.6380,380.6814,380.7670,129.0277,1
380.7144,380.7670,380.8462,131.8246,1
381.0122,381.0128,381.0745,62.2239,1
381.0594,381.0745,381.1594,100.0378,1
381.0807,381.1595,381.2386,157.8873,1
381.1141,381.2386,381.3182,204.1953,1
381.2583,381.3183,381.3979,139.6635,1
381.4377,381.4380,381.4991,61.3764,1
381.7882,381.7886,381.8506,62.4776,1
381.8528,381.8530,381.9345,81.6752,1
382.0793,382.0797,382.1394,60.0633,1
382.4194,382.4199,382.4800,60.5521,1
382.5066,382.5069,382.5727,66.1379,1
382.6295,382.6298,382.6909,61.3506,1
382.8319,382.8323,382.8941,62.2407,1
382.8359,382.8941,382.9792,143.2924,1
382.8835,382.9792,383.0588,175.3822,1
382.9775,383.0588,383.1385,160.9969,1
383.1559,383.1563,383.2248,68.8882,1
383.1601,383.2248,383.3063,146.1911,1
383.5041,383.5046,383.5648,60.6187,1
383.5880,383.5883,383.6555,67.4756,1
383.7716,383.7720,383.8347,63.0809,1
383.7775,383.8347,383.9187,141.1526,1
383.7969,383.9187,383.9980,201.0215,1
383.8506,383.9980,384.0777,227.0564,1
384.0374,384.0777,384.1573,119.9317,1
384.3417,384.3422,384.4046,62.9118,1
384.3621,384.4046,384.4888,126.6843,1
384.4355,384.4888,384.5677,132.1702,1
384.4402,384.5677,384.6470,206.7900,1
384.5622,384.6470,384.7270,164.8377,1
384.5944,384.7270,384.8070,212.6197,1
384.6457,384.8070,384.8867,241.0308,1
384.7197,384.8867,384.9667,247.0370,1
384.8623,384.9668,385.0464,184.0923,1
385.1236,385.1241,385.1866,62.9851,1
385.1621,385.1866,385.2727,110.6838,1
385.3950,385.3953,385.4532,58.2410,1
385.5126,385.5129,385.5702,57.5935,1
385.8761,385.8766,385.9390,62.8300,1
385.8767,385.9390,386.0248,148.0364,1
386.0351,386.0356,386.1078,72.6920,1
386.0763,386.1078,386.1879,111.5958,1
386.0783,386.1879,386.2672,188.8901,1
386.0837,386.2672,386.3464,262.6855,1
386.1024,386.3464,386.4265,324.0509,1
386.2291,386.4265,386.5065,277.3823,1
386.3964,386.5065,386.5862,189.7076,1
386.5583,386.5862,386.6662,107.8987,1
386.6646,386.6662,386.7767,112.0849,1
386.7334,386.7767,386.8606,127.1731,1
387.0595,387.0601,387.1207,61.2228,1
387.0846,387.1207,387.2061,121.5572,1
387.2185,387.2190,387.2922,73.6997,1
387.3492,387.3496,387.4085,59.3403,1
387.3880,387.4086,387.4929,104.9458,1
387.4087,387.4930,387.5724,163.7912,1
387.5603,387.5725,387.6524,92.0936,1
387.8659,387.8664,387.9260,60.1589,1
388.1438,388.1443,388.2078,64.0056,1
388.3132,388.3135,388.3744,61.1742,1
388.8371,388.8378,388.8962,59.1057,1
388.8455,388.8963,388.9825,137.0063,1
389.0838,389.0844,389.1438,59.9912,1
389.2518,389.2521,389.3110,59.1817,1
389.3550,389.3555,389.4158,60.7507,1
389.4813,389.4816,389.5438,62.5151,1
389.4858,389.5438,389.6279,142.0411,1
389.5011,389.6279,389.7075,206.4233,1
389.7244,389.7250,389.7928,68.3877,1
389.8614,389.8618,389.9234,61.9800,1
389.8955,389.9234,390.0072,111.6599,1
390.1201,390.1206,390.1847,64.6541,1
390.1504,390.1848,390.2688,118.3456,1
390.6187,390.6195,390.6782,59.5028,1
390.6249,390.6783,390.7634,138.4394,1
390.7824,390.7827,390.8517,69.3275,1
391.3727,391.3736,391.4302,57.5727,1
391.5303,391.5307,391.5926,62.3211,1
391.6294,391.6297,391.6931,63.6549,1
391.6659,391.6931,391.7752,109.3258,1
391.8521,391.8526,391.9089,56.8140,1
392.0685,392.0690,392.1196,51.0245,1
392.6410,392.6418,392.7657,124.7224,1
392.7123,392.7658,392.9296,217.2783,1
392.7663,392.9296,393.0950,328.7109,1
392.8728,393.0950,393.2604,387.6225,1
393.0001,393.2604,393.4250,424.9188,1
393.0879,393.4250,393.6329,545.0049,1
393.2643,393.6329,393.8040,539.6969,1
393.3233,393.8041,393.9719,648.5755,1
393.3651,393.9719,394.1373,772.2013,1
393.6704,394.1373,394.2669,596.5419,1
393.6795,394.2669,394.3456,666.0666,1
393.7418,394.3456,394.4292,687.3818,1
394.1639,394.4292,394.5167,352.7886,1
394.2916,394.5167,394.6030,311.3756,1
394.4897,394.6030,394.6871,197.4427,1
394.4946,394.6872,394.7700,275.4095,1
394.8253,394.8259,394.8874,62.1183,1
394.8300,394.8874,394.9709,140.8561,1
395.1659,395.1666,395.2250,59.1320,1
395.6451,395.6459,395.7071,62.0469,1
395.8773,395.8779,395.9359,58.5293,1
395.8878,395.9359,396.0216,133.7521,1
395.8998,396.0216,396.1004,200.5794,1
396.2227,396.2232,396.2861,63.4483,1
396.3579,396.3583,396.4190,61.0789,1
396.4089,396.4190,396.5040,95.1371,1
396.4304,396.5040,396.5828,152.4046,1
396.4662,396.5828,396.6625,196.3862,1
396.5164,396.6626,396.7422,225.7703,1
396.5915,396.7422,396.8219,230.3926,1
396.7092,396.8219,396.9016,192.3983,1
396.7210,396.9016,396.9812,260.2657,1
396.7931,396.9812,397.0613,268.1849,1
396.8347,397.0613,397.1455,310.7807,1
396.9185,397.1455,397.2459,327.3910,1
396.9319,397.2459,397.3335,401.5458,1
397.0306,397.3335,397.4200,389.3997,1
397.2106,397.4200,397.5029,292.2996,1
397.2209,397.5030,397.5842,363.2968,1
397.2731,397.5842,397.6647,391.5892,1
397.3658,397.6647,397.7447,378.9255,1
397.5207,397.7447,397.8247,304.0895,1
397.5530,397.8248,397.9052,352.1700,1
397.6003,397.9052,397.9860,385.6886,1
397.6360,397.9860,398.0680,431.9923,1
397.9115,398.0681,398.1590,247.4781,1
398.0131,398.1590,398.2495,236.3869,1
398.1379,398.2495,398.3379,200.0663,1
398.2049,398.3379,398.4232,218.2682,1
398.3302,398.4232,398.5069,176.6858,1
398.4025,398.5069,398.5893,186.7818,1
398.4503,398.5893,398.6705,220.2026,1
398.4695,398.6705,398.7509,281.4232,1
398.6105,398.7509,398.8316,221.0762,1
398.8161,398.8316,398.9122,96.0345,1
399.0135,399.0139,399.0752,61.7780,1
399.4391,399.4397,399.4997,60.5825,1
399.8259,399.8266,399.8890,63.1623,1
400.0038,400.0042,400.0642,60.3692,1
400.2008,400.2013,400.2634,62.5577,1
400.2882,400.2886,400.3547,66.4405,1
400.4438,400.4442,400.5980,154.1782,1
400.7069,400.7075,400.8630,156.1045,1
401.0135,401.0141,401.1689,155.3235,1
401.0786,401.1689,401.3397,261.0977,1
401.3745,401.3751,401.5306,156.1396,1
402.0210,402.0218,402.1744,153.4762,1
402.1793,402.1797,402.3428,163.5442,1
402.4185,402.4189,402.5724,153.9039,1
402.4216,402.5724,402.6539,232.3024,1
402.8448,402.8455,402.9038,59.0172,1
403.1537,403.1544,403.2099,56.2112,1
403.2030,403.2099,403.2956,92.5823,1
403.3307,403.3310,403.3962,65.5275,1
403.4435,403.4439,403.5038,60.3433,1
404.0380,404.0389,404.0987,60.6968,1
404.0528,404.0987,404.1848,132.0397,1
404.5726,404.5733,404.6334,60.8197,1
404.7243,404.7245,404.7841,59.8208,1
405.0514,405.0518,405.1067,55.3420,1
405.1777,405.1779,405.2390,61.2542,1
405.2153,405.2390,405.3240,108.6978,1
405.5529,405.5533,405.6094,56.4360,1
405.6773,405.6777,405.7384,61.0886,1
406.0804,406.0810,406.1397,59.2372,1
406.3998,406.4003,406.4601,60.2600,1
406.4851,406.4853,406.5526,67.5822,1
406.5264,406.5527,406.6332,106.8653,1
406.7143,406.7146,406.7762,61.8602,1
407.3563,407.3571,407.4509,94.5580,1
407.4254,407.4509,407.5877,162.3302,1
408.2631,408.2641,408.3709,107.8146,1
408.3171,408.3709,408.5064,189.2464,1
408.3406,408.5064,408.6423,301.6948,1
408.4614,408.6423,408.7795,318.0910,1
409.2053,409.2061,409.2627,57.3864,1
409.2649,409.2652,409.3468,81.9084,1
409.3099,409.3468,409.4254,115.4877,1
409.3235,409.4254,409.5043,180.7962,1
409.5427,409.5431,409.6041,61.4446,1
409.8474,409.8479,409.9087,61.2153,1
409.9879,409.9881,410.0481,60.2092,1
410.0165,410.0482,410.1315,115.0720,1
410.0448,410.1316,410.2108,166.0118,1
410.1145,410.2108,410.2905,175.9623,1
410.1303,410.2905,410.3701,239.8465,1
410.4964,410.4971,410.5578,61.4187,1
410.9065,410.9071,410.9640,57.5229,1
411.1121,411.1127,411.1703,58.1800,1
411.8132,411.8142,411.8762,62.9920,1
412.1973,412.1977,412.2603,63.0219,1
412.7680,412.7687,412.8281,60.1617,1
412.8572,412.8574,412.9241,66.9660,1
413.6134,413.6143,413.7302,116.8858,1
413.6611,413.7303,413.8734,212.2967,1
413.7385,413.8734,414.0159,277.4822,1
413.9811,414.0160,414.1579,176.8079,1
414.1572,414.1579,414.3019,144.7261,1
414.5633,414.5638,414.6694,106.1466,1
414.7485,414.7489,414.8594,110.8736,1
414.7992,414.8594,415.0015,202.2898,1
414.9256,415.0015,415.1434,217.7727,1
414.9894,415.1434,415.2460,256.6439,1
415.1204,415.2460,415.3261,205.6603,1
415.5145,415.5151,415.5757,61.2415,1
415.6159,415.6163,415.6782,62.2575,1
415.8280,415.8283,415.8882,60.1292,1
415.8561,415.8882,415.9723,116.2056,1
416.1513,416.1519,416.2093,57.9900,1
416.6301,416.6309,416.6880,57.9021,1
416.7452,416.7456,416.8064,61.2705,1
417.3751,417.3759,417.4317,56.6473,1
417.5905,417.5909,417.6514,60.8420,1
417.9175,417.9181,417.9789,61.4492,1
418.0754,418.0757,418.1359,60.5318,1
418.9236,418.9248,418.9854,61.7310,1
419.0075,419.0079,419.0747,67.1985,1
419.2211,419.2216,419.2808,59.6643,1
419.9872,419.9881,420.0490,61.8748,1
420.0614,420.0618,420.1337,72.3426,1
420.0657,420.1338,420.2122,146.4224,1
420.2128,420.2133,420.2908,77.9805,1
420.2615,420.2908,420.3690,107.4988,1
420.3799,420.3803,420.4510,71.0929,1
420.6546,420.6552,420.7147,60.0979,1
421.0719,421.0725,421.1291,57.2153,1
421.4834,421.4840,421.5445,61.0876,1
421.5225,421.5445,421.6278,105.3206,1
422.0702,422.0711,422.1299,59.7262,1
422.1514,422.1518,422.2185,67.1181,1
422.4933,422.4940,422.5520,58.7119,1
422.7792,422.7798,422.8391,59.8874,1
422.8856,422.8859,422.9490,63.4611,1
423.4197,423.4205,423.4800,60.2647,1
423.6628,423.6633,423.7225,59.6572,1
423.8731,423.8736,423.9338,60.7280,1
424.1647,424.1653,424.2256,60.9139,1
424.2583,424.2585,424.3191,60.7798,1
424.3211,424.3215,424.4002,79.0785,1
424.6057,424.6063,424.6675,61.7956,1
425.0139,425.0144,425.0738,59.8965,1
425.3203,425.3207,425.3785,58.2075,1
425.4643,425.4645,425.5442,79.8406,1
425.5281,425.5442,425.7185,190.4223,1
425.8347,425.8353,425.9747,140.0188,1
427.2965,427.2976,427.4347,138.1726,1
427.9496,427.9506,428.0102,60.5597,1
428.6006,428.6015,428.6616,61.0411,1
429.1615,429.1623,429.2209,59.3718,1
429.4228,429.4233,429.4850,62.1973,1
429.9412,429.9420,430.0006,59.4077,1
429.9999,430.0006,430.0847,84.7514,1
430.2703,430.2707,430.3299,59.6453,1
430.3641,430.3645,430.4269,62.8253,1
430.4854,430.4859,430.5455,60.0144,1
430.4874,430.5455,430.6277,140.3027,1
431.0642,431.0652,431.1221,57.8372,1
431.1275,431.1278,431.2058,78.2560,1
431.3653,431.3659,431.4274,62.1155,1
431.7705,431.7711,431.8311,60.6261,1
432.7637,432.7648,432.8223,58.6058,1
433.2248,433.2255,433.2853,60.4996,1
433.2480,433.2853,433.3670,118.9616,1
433.3175,433.3670,433.4448,127.3218,1
433.5402,433.5405,433.5982,58.0535,1
433.5755,433.5982,433.6816,106.1395,1
433.6606,433.6817,433.7597,99.0987,1
434.4486,434.4497,434.5062,57.6306,1
434.5799,434.5802,434.6404,60.5658,1
434.6562,434.6565,434.7241,67.9427,1
434.8661,434.8666,434.9234,57.2761,1
434.9938,434.9941,435.0516,57.7824,1
435.8746,435.8756,435.9330,58.4572,1
436.0783,436.0787,436.1367,58.4605,1
436.2120,436.2123,436.2716,59.5743,1
437.0287,437.0297,437.0853,56.6794,1
437.0898,437.0901,437.1682,78.3740,1
437.5191,437.5197,437.5788,59.7530,1
437.5358,437.5788,437.6607,124.9495,1
438.2036,438.2045,438.2648,61.1971,1
438.6895,438.6902,438.7477,58.2055,1
438.9862,438.9866,439.0422,55.9749,1
439.0659,439.0661,439.1317,65.8800,1
439.5983,439.5991,439.6589,60.5306,1
439.6206,439.6589,439.7413,120.6840,1
439.8729,439.8734,439.9326,59.6296,1
439.9604,439.9608,440.0256,65.1558,1
440.0268,440.0272,440.1039,77.0879,1
440.7953,440.7962,440.8560,60.6917,1
440.9202,440.9206,440.9793,59.0889,1
440.9559,440.9793,441.0611,105.2158,1
441.1912,441.1917,441.2482,56.9971,1
441.2255,441.2483,441.3321,106.5981,1
441.9409,441.9418,442.0019,61.0691,1
442.7010,442.7020,442.7615,60.4515,1
442.8494,442.8498,442.9060,56.5462,1
442.9064,442.9067,442.9904,83.9728,1
443.2158,443.2163,443.2742,58.3780,1
443.5604,443.5609,443.6193,58.8537,1
443.6390,443.6391,443.7034,64.4360,1
443.7238,443.7241,443.7899,66.0782,1
444.0468,444.0473,444.1051,58.3017,1
444.1561,444.1564,444.2160,59.8258,1
444.3809,444.3813,444.4374,56.4361,1
444.4770,444.4773,444.5372,60.1079,1
444.9756,444.9763,445.0364,60.7832,1
444.9828,445.0364,445.1183,135.5267,1
445.6409,445.6418,445.6997,58.8443,1
446.4807,446.4817,446.5376,56.9567,1
446.5554,446.5556,446.6223,66.9936,1
446.6601,446.6606,446.7221,61.9250,1
446.7251,446.7253,446.8017,76.5761,1
447.8475,447.8489,447.9050,57.5634,1
447.8686,447.9051,447.9893,120.6921,1
448.2861,448.2868,448.3441,58.0720,1
448.3877,448.3881,448.4474,59.6630,1
448.9447,448.9455,449.0038,59.1608,1
449.1581,449.1587,449.2167,58.5604,1
449.6179,449.6186,449.6793,61.4014,1
449.8990,449.8996,449.9589,59.8857,1
450.4709,450.4718,450.5303,59.4633,1
451.1070,451.1079,451.1645,57.5260,1
451.1325,451.1645,451.2498,117.2773,1
451.2606,451.2610,451.3315,70.8373,1
451.5375,451.5380,451.5974,59.9049,1
451.5852,451.5974,451.6824,97.2192,1
452.3206,452.3217,452.3790,58.3671,1
452.5103,452.5109,452.5705,60.1860,1
452.5290,452.5705,452.6552,126.2457,1
452.7078,452.7081,452.7686,60.8317,1
452.8241,452.8245,452.8844,60.2630,1
452.8725,452.8844,452.9678,95.3523,1
453.1890,453.1895,453.2487,59.7063,1
453.2709,453.2713,453.3402,69.3036,1
453.3905,453.3909,453.4495,59.0546,1
453.4920,453.4924,453.5523,60.2990,1
453.5360,453.5523,453.6350,98.9454,1
453.5874,453.6350,453.7132,125.7124,1
453.5914,453.7132,453.7917,200.2905,1
453.6368,453.7917,453.8706,233.7783,1
453.6395,453.8706,453.9495,310.0494,1
454.3936,454.3945,454.4555,61.9194,1
454.5547,454.5553,454.6151,60.4009,1
454.7650,454.7655,454.8245,59.4834,1
454.8605,454.8608,454.9237,63.1702,1
455.2127,455.2135,455.2728,60.1213,1
455.5128,455.5134,455.5742,61.3677,1
455.5574,455.5742,455.6572,99.7317,1
455.6388,455.6572,455.7353,96.4711,1
455.6834,455.7353,455.8142,130.8570,1
455.6891,455.8142,455.8931,203.9906,1
456.2135,456.2142,456.2734,59.9763,1
456.2664,456.2735,456.3584,92.0409,1
456.2720,456.3584,456.4377,165.6518,1
456.3770,456.4377,456.5162,139.2232,1
456.5731,456.5736,456.6351,62.0180,1
456.7203,456.7207,456.7810,60.6488,1
457.0832,457.0837,457.1430,59.8240,1
457.3509,457.3514,457.4117,60.7923,1
458.2048,458.2060,458.2646,59.8174,1
458.3138,458.3143,458.3738,60.0451,1
458.8263,458.8270,458.8830,56.7931,1
459.1189,459.1196,459.1766,57.6998,1
459.3126,459.3131,459.3727,60.0987,1
459.5543,459.5547,459.6143,60.0528,1
459.5882,459.6144,459.6984,110.1899,1
459.6376,459.6984,459.7765,138.9064,1
459.8026,459.8030,459.8671,64.4596,1
460.5532,460.5543,460.6148,61.6081,1
460.5651,460.6149,460.6976,132.5435,1
460.8166,460.8172,460.8742,57.6159,1
460.8679,460.8742,460.9573,89.3554,1
460.9956,460.9959,461.0581,62.4190,1
461.0030,461.0581,461.1398,136.8491,1
461.1138,461.1398,461.2184,104.6352,1
461.4886,461.4892,461.5478,59.2457,1
461.6471,461.6476,461.7042,57.1002,1
461.7002,461.7042,461.7890,88.7543,1
461.8405,461.8408,461.8997,59.1827,1
462.8225,462.8238,462.8829,60.3745,1
463.0160,463.0165,463.0782,62.1758,1
463.4331,463.4337,463.4922,59.1642,1
463.5116,463.5119,463.5790,67.3932,1
463.7005,463.7008,463.7579,57.3502,1
464.8396,464.8410,464.8998,60.1596,1
465.0205,465.0209,465.0779,57.3828,1
465.2613,465.2617,465.3180,56.7107,1
465.3054,465.3180,465.4036,98.2323,1
465.4815,465.4819,465.5412,59.7110,1
465.9073,465.9079,465.9682,60.9106,1
466.2303,466.2310,466.2894,59.0745,1
466.5375,466.5381,466.5951,57.5731,1
466.7298,466.7303,466.7886,58.7435,1
466.8443,466.8446,466.9028,58.5267,1
467.0668,467.0673,467.1268,60.0051,1
467.3034,467.3037,467.3624,58.9699,1
467.4889,467.4893,467.5481,59.2667,1
467.5281,467.5481,467.6318,103.7674,1
467.5612,467.6319,467.7100,148.8011,1
467.7204,467.7209,467.7923,71.9407,1
468.5757,468.5769,468.6357,59.9636,1
468.8927,468.8933,468.9507,57.9654,1
468.9989,468.9993,469.0600,61.1360,1
469.0925,469.0929,469.1564,63.8016,1
469.3161,469.3166,469.3763,60.1887,1
469.9049,469.9058,469.9637,58.7730,1
470.2471,470.2477,470.3066,59.4835,1
470.7204,470.7210,470.7772,56.7908,1
471.4337,471.4346,471.4903,56.5894,1
471.5052,471.5054,471.5758,70.6559,1
472.2733,472.2743,472.3312,57.8198,1
472.4936,472.4939,472.5523,58.7340,1
472.6997,472.7001,472.7573,57.6186,1
473.1945,473.1952,473.2519,57.3742,1
473.1946,473.2519,473.3349,140.3272,1
473.3953,473.3956,473.4522,56.8094,1
474.0097,474.0104,474.0678,58.1363,1
474.0505,474.0678,474.1509,100.4259,1
474.1038,474.1509,474.2291,125.2914,1
474.2112,474.2291,474.3080,96.7971,1
474.2206,474.3080,474.3862,165.5699,1
474.2285,474.3862,474.4644,235.8687,1
474.4534,474.4644,474.5425,89.0895,1
474.5115,474.5425,474.6212,109.7104,1
474.7686,474.7691,474.8287,60.1082,1
474.8491,474.8495,474.9168,67.7199,1
475.0906,475.0912,475.1489,58.3089,1
475.1776,475.1779,475.2398,62.1614,1
475.8005,475.8015,475.8601,59.6295,1
475.9866,475.9871,476.0459,59.2993,1
476.7506,476.7517,476.8124,61.7046,1
477.2485,477.2493,477.3068,58.3297,1
478.1944,478.1955,478.2528,58.4518,1
478.2045,478.2528,478.3379,133.4298,1
478.2176,478.3379,478.4162,198.5865,1
478.4766,478.4772,478.5339,57.2841,1
479.0189,479.0197,479.0764,57.5117,1
479.1055,479.1057,479.1684,62.9398,1
479.4381,479.4387,479.4982,60.1156,1
479.9157,479.9165,479.9720,56.3315,1
