2026/10/02 09:41:10.947, 67.53, 1695, 150.00, 0, 60
2026/10/02 09:41:11.151, 67.57, 1695, 150.00, 0, 60
2026/10/02 09:41:11.351, 67.61, 1695, 150.00, 0, 60
2026/10/02 09:41:11.552, 68.13, 1695, 150.00, 0, 60
2026/10/02 09:41:11.752, 67.60, 1695, 150.00, 0, 60
2026/10/02 09:41:11.952, 67.60, 1695, 150.00, 0, 60
2026/10/02 09:41:12.153, 52.33, 405, 150.00, 0, 59
2026/10/02 09:41:12.353, 53.31, 1695, 150.00, 0, 59
2026/10/02 09:41:12.554, 55.19, 1695, 150.00, 3, 59
2026/10/02 09:41:12.755, 55.23, 900, 150.00, 0, 59
2026/10/02 09:41:12.955, 55.27, 1680, 150.00, 58, 60
2026/10/02 09:41:13.155, 56.89, 1680, 150.00, 0, 59
2026/10/02 09:41:13.356, 68.14, 615, 150.00, 0, 59
2026/10/02 09:41:13.556, 64.95, 1680, 150.00, 58, 60
2026/10/02 09:41:13.757, 64.24, 1620, 150.00, 0, 60
2026/10/02 09:41:13.957, 65.10, 1680, 150.00, 0, 60
2026/10/02 09:41:14.158, 87.97, 1425, 150.00, 18, 61
2026/10/02 09:41:14.359, 87.25, 1680, 150.00, 20, 60
2026/10/02 09:41:14.559, 86.18, 1695, 150.00, 0, 60
2026/10/02 09:41:14.760, 86.52, 1695, 150.00, 0, 60
2026/10/02 09:41:14.960, 100.50, 1680, 150.00, 41, 60
2026/10/02 09:41:15.161, 87.40, 1680, 150.00, 0, 60
2026/10/02 09:41:15.362, 93.95, 1680, 123.00, 39, 60
2026/10/02 09:41:15.562, 56.79, 1440, 123.00, 0, 59
2026/10/02 09:41:15.763, 56.64, 1440, 123.00, 0, 59
2026/10/02 09:41:15.963, 56.60, 1440, 123.00, 0, 59
2026/10/02 09:41:16.164, 66.18, 1440, 123.00, 0, 60
2026/10/02 09:41:16.364, 63.80, 1440, 123.00, 8, 59
2026/10/02 09:41:16.565, 62.32, 1440, 123.00, 0, 59
2026/10/02 09:41:16.766, 75.80, 555, 123.00, 0, 60
2026/10/02 09:41:16.966, 82.25, 1440, 123.00, 100, 60
2026/10/02 09:41:17.167, 85.98, 1230, 123.00, 0, 60
2026/10/02 09:41:17.367, 88.73, 570, 123.00, 29, 61
2026/10/02 09:41:17.568, 102.84, 555, 150.00, 100, 61
2026/10/02 09:41:17.768, 234.09, 1275, 150.00, 100, 62
2026/10/02 09:41:17.969, 142.94, 660, 150.00, 26, 61
2026/10/02 09:41:18.169, 109.63, 1680, 150.00, 53, 60
2026/10/02 09:41:18.370, 97.42, 645, 150.00, 0, 60
2026/10/02 09:41:18.570, 90.20, 1680, 150.00, 59, 60
2026/10/02 09:41:18.771, 87.00, 1245, 150.00, 31, 61
2026/10/02 09:41:18.972, 80.54, 1680, 150.00, 0, 60
2026/10/02 09:41:19.173, 81.79, 1695, 150.00, 0, 59
2026/10/02 09:41:19.373, 81.89, 1695, 150.00, 0, 59
2026/10/02 09:41:19.574, 101.54, 795, 150.00, 100, 62
2026/10/02 09:41:19.774, 117.21, 810, 150.00, 100, 62
2026/10/02 09:41:19.975, 108.42, 615, 150.00, 0, 61
2026/10/02 09:41:20.176, 111.72, 660, 150.00, 61, 62
2026/10/02 09:41:20.376, 110.57, 1665, 150.00, 0, 60
2026/10/02 09:41:20.577, 104.93, 1665, 150.00, 16, 61
2026/10/02 09:41:20.778, 93.49, 1665, 150.00, 0, 60
2026/10/02 09:41:20.978, 94.60, 1350, 150.00, 36, 61
2026/10/02 09:41:21.179, 93.95, 1665, 150.00, 0, 60
2026/10/02 09:41:21.379, 95.65, 1665, 150.00, 0, 60
2026/10/02 09:41:21.580, 80.68, 1665, 150.00, 0, 60
2026/10/02 09:41:21.781, 109.12, 1470, 150.00, 94, 61
2026/10/02 09:41:21.981, 104.78, 1665, 150.00, 0, 60
2026/10/02 09:41:22.182, 108.68, 1050, 150.00, 27, 61
2026/10/02 09:41:22.382, 117.70, 1665, 150.00, 17, 60
2026/10/02 09:41:22.583, 117.70, 1440, 150.00, 0, 60
2026/10/02 09:41:22.783, 118.50, 1395, 150.00, 44, 61
2026/10/02 09:41:22.984, 113.67, 1635, 150.00, 61, 61
2026/10/02 09:41:23.184, 109.40, 1665, 150.00, 0, 60
2026/10/02 09:41:23.385, 100.67, 1260, 150.00, 100, 62
2026/10/02 09:41:23.585, 100.41, 1665, 150.00, 0, 60
2026/10/02 09:41:23.786, 94.46, 1635, 150.00, 52, 60
2026/10/02 09:41:23.986, 83.01, 1635, 150.00, 0, 60
2026/10/02 09:41:24.187, 97.52, 1485, 150.00, 53, 61
2026/10/02 09:41:24.388, 85.91, 1140, 150.00, 0, 60
2026/10/02 09:41:24.588, 99.42, 1500, 150.00, 54, 61
2026/10/02 09:41:24.789, 94.94, 1575, 150.00, 58, 61
2026/10/02 09:41:24.989, 95.84, 900, 150.00, 0, 60
2026/10/02 09:41:25.190, 97.65, 1635, 150.00, 0, 60
2026/10/02 09:41:25.390, 86.86, 690, 150.00, 0, 60
2026/10/02 09:41:25.591, 85.35, 1635, 150.00, 62, 61
2026/10/02 09:41:25.791, 74.48, 1635, 150.00, 0, 60
2026/10/02 09:41:25.992, 91.50, 810, 150.00, 87, 62
2026/10/02 09:41:26.193, 103.14, 1545, 150.00, 77, 62
2026/10/02 09:41:26.393, 103.15, 1635, 150.00, 0, 60
2026/10/02 09:41:26.594, 113.26, 1635, 150.00, 27, 61
2026/10/02 09:41:26.794, 113.92, 630, 150.00, 0, 61
2026/10/02 09:41:26.995, 111.69, 810, 150.00, 50, 62
2026/10/02 09:41:27.195, 102.96, 1635, 150.00, 0, 61
2026/10/02 09:41:27.396, 114.82, 810, 150.00, 100, 62
2026/10/02 09:41:27.596, 102.11, 1635, 150.00, 10, 61
2026/10/02 09:41:27.797, 131.78, 1470, 150.00, 100, 62
2026/10/02 09:41:27.998, 125.95, 1620, 150.00, 0, 60
2026/10/02 09:41:28.198, 109.76, 660, 150.00, 0, 61
2026/10/02 09:41:28.399, 102.05, 1620, 150.00, 0, 60
2026/10/02 09:41:28.599, 94.23, 1620, 150.00, 48, 61
2026/10/02 09:41:28.800, 92.84, 1620, 150.00, 36, 61
2026/10/02 09:41:29.001, 94.06, 630, 150.00, 52, 61
2026/10/02 09:41:29.201, 91.35, 1620, 150.00, 0, 61
2026/10/02 09:41:29.402, 91.20, 1620, 150.00, 0, 60
2026/10/02 09:41:29.602, 82.76, 1620, 150.00, 0, 60
2026/10/02 09:41:29.803, 69.25, 1620, 150.00, 0, 60
2026/10/02 09:41:30.004, 83.05, 795, 150.00, 100, 62
2026/10/02 09:41:30.204, 83.55, 1620, 150.00, 0, 61
2026/10/02 09:41:30.405, 83.55, 1620, 150.00, 0, 60
2026/10/02 09:41:30.605, 99.01, 825, 150.00, 48, 61
2026/10/02 09:41:30.806, 105.10, 1620, 150.00, 0, 60
2026/10/02 09:41:31.006, 89.19, 630, 150.00, 0, 61
2026/10/02 09:41:31.207, 80.76, 1620, 150.00, 0, 60
2026/10/02 09:41:31.407, 100.12, 780, 150.00, 38, 62
2026/10/02 09:41:31.608, 104.81, 1620, 150.00, 2, 60
2026/10/02 09:41:31.809, 104.12, 990, 150.00, 20, 61
2026/10/02 09:41:32.009, 99.72, 1605, 150.00, 0, 60
2026/10/02 09:41:32.210, 119.85, 1605, 150.00, 12, 60
2026/10/02 09:41:32.410, 125.64, 1605, 150.00, 42, 61
2026/10/02 09:41:32.611, 101.31, 1605, 150.00, 0, 60
2026/10/02 09:41:32.811, 102.44, 1605, 150.00, 60, 61
2026/10/02 09:41:33.012, 89.69, 1605, 150.00, 0, 60
2026/10/02 09:41:33.213, 74.92, 1605, 150.00, 0, 60
2026/10/02 09:41:33.413, 72.39, 1545, 150.00, 58, 61
2026/10/02 09:41:33.613, 71.42, 1605, 150.00, 0, 60
2026/10/02 09:41:33.814, 71.42, 1605, 150.00, 0, 60
2026/10/02 09:41:34.015, 70.18, 1605, 150.00, 0, 59
2026/10/02 09:41:34.215, 74.58, 1575, 150.00, 59, 60
2026/10/02 09:41:34.416, 73.48, 1605, 150.00, 0, 60
2026/10/02 09:41:34.616, 66.01, 1380, 150.00, 0, 59
2026/10/02 09:41:34.817, 75.28, 1605, 150.00, 0, 60
2026/10/02 09:41:35.017, 76.49, 615, 150.00, 0, 59
2026/10/02 09:41:35.218, 81.48, 1605, 150.00, 54, 60
2026/10/02 09:41:35.419, 78.24, 1605, 150.00, 0, 60
2026/10/02 09:41:35.619, 78.23, 1605, 150.00, 0, 59
2026/10/02 09:41:35.820, 68.86, 1605, 150.00, 0, 59
2026/10/02 09:41:36.020, 85.87, 1605, 147.00, 29, 60
2026/10/02 09:41:36.221, 135.50, 780, 147.00, 97, 61
2026/10/02 09:41:36.422, 104.51, 1590, 147.00, 60, 61
2026/10/02 09:41:36.622, 83.08, 1590, 147.00, 0, 60
2026/10/02 09:41:36.823, 76.00, 1065, 147.00, 0, 59
2026/10/02 09:41:37.024, 100.01, 765, 147.00, 98, 61
2026/10/02 09:41:37.224, 93.55, 1590, 147.00, 0, 60
2026/10/02 09:41:37.425, 91.10, 615, 147.00, 60, 60
2026/10/02 09:41:37.625, 87.02, 1590, 147.00, 0, 60
2026/10/02 09:41:37.826, 106.36, 1365, 147.00, 84, 62
2026/10/02 09:41:38.026, 89.61, 1590, 147.00, 0, 60
2026/10/02 09:41:38.227, 80.81, 1590, 147.00, 0, 60
2026/10/02 09:41:38.427, 93.31, 1305, 147.00, 18, 60
2026/10/02 09:41:38.628, 88.61, 1590, 147.00, 0, 60
2026/10/02 09:41:38.829, 84.63, 630, 147.00, 0, 59
2026/10/02 09:41:39.029, 89.88, 1290, 147.00, 100, 62
2026/10/02 09:41:39.230, 88.96, 1590, 147.00, 62, 61
2026/10/02 09:41:39.430, 86.55, 1590, 147.00, 0, 60
2026/10/02 09:41:39.631, 90.68, 1020, 147.00, 19, 61
2026/10/02 09:41:39.831, 109.66, 1185, 147.00, 36, 62
2026/10/02 09:41:40.032, 99.05, 1590, 147.00, 0, 60
2026/10/02 09:41:40.233, 91.85, 1575, 144.00, 0, 60
2026/10/02 09:41:40.433, 61.36, 1575, 144.00, 0, 59
2026/10/02 09:41:40.634, 92.65, 765, 144.00, 63, 61
2026/10/02 09:41:40.834, 86.91, 660, 144.00, 0, 60
2026/10/02 09:41:41.035, 90.97, 600, 144.00, 0, 60
2026/10/02 09:41:41.235, 102.42, 1470, 144.00, 41, 62
2026/10/02 09:41:41.436, 94.70, 1575, 144.00, 0, 60
2026/10/02 09:41:41.636, 96.56, 960, 144.00, 5, 60
2026/10/02 09:41:41.837, 88.90, 1575, 144.00, 56, 60
2026/10/02 09:41:42.037, 81.65, 1575, 144.00, 0, 60
2026/10/02 09:41:42.238, 81.18, 570, 144.00, 0, 59
2026/10/02 09:41:42.438, 71.04, 1575, 144.00, 0, 60
2026/10/02 09:41:42.639, 71.03, 1575, 144.00, 0, 59
2026/10/02 09:41:42.840, 64.69, 1575, 144.00, 0, 59
2026/10/02 09:41:43.040, 65.23, 1575, 144.00, 0, 59
2026/10/02 09:41:43.241, 65.18, 660, 144.00, 3, 60
2026/10/02 09:41:43.441, 79.93, 1245, 144.00, 69, 62
2026/10/02 09:41:43.642, 79.37, 1575, 144.00, 0, 60
2026/10/02 09:41:43.843, 83.43, 1575, 144.00, 53, 60
2026/10/02 09:41:44.043, 97.45, 1395, 144.00, 34, 61
2026/10/02 09:41:44.244, 96.72, 585, 144.00, 63, 60
2026/10/02 09:41:44.444, 50.59, 630, 105.00, 52, 61
2026/10/02 09:41:44.645, 103.89, 390, 105.00, 100, 61
2026/10/02 09:41:44.846, 104.37, 390, 105.00, 100, 61
2026/10/02 09:41:45.046, 104.60, 375, 105.00, 100, 61
2026/10/02 09:41:45.247, 104.53, 375, 105.00, 100, 61
2026/10/02 09:41:45.448, 104.35, 390, 105.00, 100, 61
2026/10/02 09:41:45.648, 104.42, 375, 105.00, 100, 61
2026/10/02 09:41:45.849, 104.31, 390, 105.00, 100, 61
2026/10/02 09:41:46.050, 104.35, 390, 105.00, 100, 61
2026/10/02 09:41:46.250, 104.17, 390, 105.00, 100, 61
2026/10/02 09:41:46.451, 99.41, 630, 150.00, 31, 61
2026/10/02 09:41:46.651, 67.16, 1695, 150.00, 0, 60
2026/10/02 09:41:46.852, 78.42, 630, 150.00, 58, 60
2026/10/02 09:41:47.052, 85.07, 1170, 150.00, 52, 61
2026/10/02 09:41:47.253, 119.41, 1560, 150.00, 43, 61
2026/10/02 09:41:47.453, 106.92, 1680, 150.00, 0, 61
2026/10/02 09:41:47.654, 99.69, 1680, 150.00, 0, 60
2026/10/02 09:41:47.855, 99.70, 1695, 150.00, 0, 60
2026/10/02 09:41:48.055, 90.53, 1695, 150.00, 0, 60
2026/10/02 09:41:48.256, 93.49, 1200, 150.00, 47, 60
2026/10/02 09:41:48.456, 101.37, 810, 150.00, 100, 62
2026/10/02 09:41:48.657, 104.57, 1635, 150.00, 0, 62
2026/10/02 09:41:48.857, 112.87, 1605, 150.00, 0, 61
2026/10/02 09:41:49.058, 112.63, 690, 150.00, 57, 61
2026/10/02 09:41:49.258, 124.42, 1140, 150.00, 49, 60
2026/10/02 09:41:49.459, 112.18, 1620, 150.00, 39, 60
2026/10/02 09:41:49.659, 114.91, 1680, 150.00, 31, 60
2026/10/02 09:41:49.860, 105.44, 1680, 150.00, 0, 61
2026/10/02 09:41:50.061, 107.20, 1635, 150.00, 0, 61
2026/10/02 09:41:50.261, 117.55, 930, 150.00, 60, 60
2026/10/02 09:41:50.462, 112.58, 690, 150.00, 59, 61
2026/10/02 09:41:50.662, 98.31, 1605, 150.00, 0, 61
2026/10/02 09:41:50.863, 87.90, 1155, 150.00, 51, 61
2026/10/02 09:41:51.064, 85.64, 1605, 150.00, 0, 60
2026/10/02 09:41:51.265, 84.94, 735, 150.00, 58, 60
2026/10/02 09:41:51.465, 72.98, 1605, 150.00, 0, 60
2026/10/02 09:41:51.666, 68.50, 1605, 150.00, 0, 61
2026/10/02 09:41:51.866, 77.37, 1515, 150.00, 16, 62
2026/10/02 09:41:52.067, 78.08, 1605, 150.00, 0, 60
2026/10/02 09:41:52.267, 78.06, 1605, 150.00, 0, 60
2026/10/02 09:41:52.468, 78.16, 1605, 150.00, 0, 59
2026/10/02 09:41:52.669, 90.98, 1605, 150.00, 27, 59
2026/10/02 09:41:52.869, 76.08, 1605, 150.00, 0, 60
2026/10/02 09:41:53.069, 76.37, 1605, 150.00, 0, 59
2026/10/02 09:41:53.270, 76.32, 1605, 150.00, 0, 59
2026/10/02 09:41:53.470, 91.15, 1515, 150.00, 40, 59
2026/10/02 09:41:53.671, 90.77, 675, 150.00, 59, 60
2026/10/02 09:41:53.871, 77.13, 1605, 150.00, 1, 60
2026/10/02 09:41:54.072, 76.53, 1605, 150.00, 0, 60
2026/10/02 09:41:54.272, 76.52, 1605, 150.00, 0, 59
2026/10/02 09:41:54.473, 87.78, 1575, 150.00, 5, 60
2026/10/02 09:41:54.673, 82.58, 1260, 150.00, 45, 61
2026/10/02 09:41:54.874, 52.64, 450, 105.00, 55, 61
2026/10/02 09:41:55.075, 52.05, 1260, 105.00, 0, 60
2026/10/02 09:41:55.275, 68.62, 1050, 105.00, 70, 60
2026/10/02 09:41:55.476, 63.05, 1260, 105.00, 0, 59
2026/10/02 09:41:55.676, 60.17, 1260, 105.00, 0, 59
2026/10/02 09:41:55.877, 65.95, 1260, 105.00, 10, 59
2026/10/02 09:41:56.078, 69.48, 1260, 105.00, 11, 60
2026/10/02 09:41:56.278, 77.40, 495, 105.00, 84, 60
2026/10/02 09:41:56.479, 88.45, 420, 105.00, 100, 60
2026/10/02 09:41:56.679, 88.48, 1260, 105.00, 0, 59
2026/10/02 09:41:56.880, 95.12, 855, 105.00, 74, 60
2026/10/02 09:41:57.081, 83.42, 1260, 105.00, 0, 59
2026/10/02 09:41:57.281, 71.36, 1260, 105.00, 0, 58
2026/10/02 09:41:57.482, 76.64, 525, 105.00, 83, 59
2026/10/02 09:41:57.682, 71.70, 1260, 105.00, 0, 59
2026/10/02 09:41:57.883, 65.69, 1260, 105.00, 0, 58
2026/10/02 09:41:58.084, 64.93, 1260, 105.00, 0, 58
2026/10/02 09:41:58.284, 69.53, 435, 105.00, 100, 58
2026/10/02 09:41:58.485, 67.72, 390, 105.00, 100, 60
2026/10/02 09:41:58.685, 76.23, 405, 105.00, 100, 60
2026/10/02 09:41:58.886, 86.22, 405, 150.00, 100, 60
2026/10/02 09:41:59.087, 53.87, 1485, 150.00, 45, 60
2026/10/02 09:41:59.287, 62.04, 1680, 150.00, 0, 59
2026/10/02 09:41:59.488, 86.68, 1635, 150.00, 3, 61
2026/10/02 09:41:59.688, 80.94, 1680, 150.00, 0, 59
2026/10/02 09:41:59.889, 77.76, 1695, 150.00, 0, 59
2026/10/02 09:42:00.090, 86.93, 1635, 150.00, 4, 61
2026/10/02 09:42:00.290, 95.71, 645, 150.00, 62, 59
2026/10/02 09:42:00.491, 80.73, 1350, 150.00, 59, 61
2026/10/02 09:42:00.691, 81.11, 1680, 150.00, 0, 59
2026/10/02 09:42:00.892, 91.35, 1470, 150.00, 46, 61
2026/10/02 09:42:01.092, 82.73, 1425, 150.00, 51, 60
2026/10/02 09:42:01.293, 91.41, 1650, 150.00, 0, 61
2026/10/02 09:42:01.493, 86.70, 1665, 150.00, 0, 59
2026/10/02 09:42:01.694, 96.63, 1665, 150.00, 13, 59
2026/10/02 09:42:01.894, 86.12, 1665, 150.00, 0, 60
2026/10/02 09:42:02.095, 80.52, 1665, 150.00, 0, 59
2026/10/02 09:42:02.296, 73.85, 1665, 150.00, 0, 60
2026/10/02 09:42:02.496, 74.18, 1665, 150.00, 0, 59
2026/10/02 09:42:02.697, 76.36, 1635, 150.00, 3, 60
2026/10/02 09:42:02.897, 94.47, 1590, 150.00, 23, 61
2026/10/02 09:42:03.098, 101.57, 765, 150.00, 96, 60
2026/10/02 09:42:03.298, 115.91, 1590, 150.00, 34, 61
2026/10/02 09:42:03.499, 110.91, 1245, 150.00, 0, 60
2026/10/02 09:42:03.700, 100.83, 1665, 150.00, 0, 60
2026/10/02 09:42:03.900, 111.46, 990, 150.00, 86, 61
2026/10/02 09:42:04.101, 100.10, 1665, 150.00, 35, 60
2026/10/02 09:42:04.301, 99.57, 1545, 150.00, 24, 61
2026/10/02 09:42:04.502, 100.32, 1665, 150.00, 0, 60
2026/10/02 09:42:04.703, 100.81, 1665, 150.00, 0, 59
2026/10/02 09:42:04.903, 92.47, 1665, 150.00, 0, 59
2026/10/02 09:42:05.104, 79.14, 1095, 105.00, 60, 59
2026/10/02 09:42:05.311, 48.62, 1095, 105.00, 0, 59
2026/10/02 09:42:05.512, 91.12, 270, 105.00, 79, 59
2026/10/02 09:42:05.713, 83.19, 1095, 105.00, 92, 60
2026/10/02 09:42:05.913, 73.29, 1095, 105.00, 0, 58
2026/10/02 09:42:06.114, 82.16, 1095, 105.00, 95, 59
2026/10/02 09:42:06.314, 81.25, 1095, 105.00, 100, 60
2026/10/02 09:42:06.515, 76.56, 1095, 105.00, 0, 58
2026/10/02 09:42:06.716, 70.00, 1095, 105.00, 81, 59
2026/10/02 09:42:06.916, 79.75, 390, 105.00, 80, 60
2026/10/02 09:42:07.117, 85.37, 390, 105.00, 100, 60
2026/10/02 09:42:07.318, 117.00, 1080, 150.00, 51, 59
2026/10/02 09:42:07.518, 64.72, 1680, 150.00, 0, 59
2026/10/02 09:42:07.719, 71.75, 1095, 150.00, 0, 59
2026/10/02 09:42:07.919, 69.43, 1680, 150.00, 0, 59
2026/10/02 09:42:08.120, 87.02, 1590, 150.00, 24, 60
2026/10/02 09:42:08.321, 99.98, 825, 150.00, 12, 61
2026/10/02 09:42:08.521, 96.39, 1680, 150.00, 29, 60
2026/10/02 09:42:08.722, 96.39, 1680, 150.00, 0, 59
2026/10/02 09:42:08.922, 95.93, 1185, 150.00, 0, 59
2026/10/02 09:42:09.123, 109.06, 1005, 150.00, 32, 61
2026/10/02 09:42:09.323, 100.85, 1680, 150.00, 35, 60
2026/10/02 09:42:09.524, 56.97, 1455, 125.00, 0, 59
2026/10/02 09:42:09.724, 56.97, 1455, 125.00, 0, 58
2026/10/02 09:42:09.925, 56.94, 1455, 125.00, 0, 58
2026/10/02 09:42:10.126, 56.89, 1455, 125.00, 0, 58
2026/10/02 09:42:10.326, 72.58, 570, 125.00, 0, 60
2026/10/02 09:42:10.527, 78.23, 1455, 125.00, 100, 59
2026/10/02 09:42:10.727, 83.64, 1455, 125.00, 82, 59
2026/10/02 09:42:10.928, 83.57, 1455, 125.00, 0, 58
2026/10/02 09:42:11.129, 81.13, 1455, 125.00, 0, 58
2026/10/02 09:42:11.329, 78.17, 1410, 125.00, 7, 59
2026/10/02 09:42:11.530, 91.37, 570, 125.00, 13, 60
2026/10/02 09:42:11.730, 96.14, 585, 125.00, 100, 60
2026/10/02 09:42:11.931, 98.08, 1455, 125.00, 89, 59
2026/10/02 09:42:12.132, 108.00, 1455, 125.00, 75, 59
2026/10/02 09:42:12.332, 107.35, 585, 125.00, 62, 60
2026/10/02 09:42:12.533, 95.44, 1455, 125.00, 31, 59
2026/10/02 09:42:12.733, 78.06, 1455, 125.00, 0, 58
2026/10/02 09:42:12.934, 74.18, 1455, 125.00, 0, 58
2026/10/02 09:42:13.134, 77.02, 1455, 125.00, 49, 59
2026/10/02 09:42:13.335, 71.39, 1455, 125.00, 0, 58
2026/10/02 09:42:13.536, 79.64, 450, 125.00, 0, 59
2026/10/02 09:42:13.736, 77.12, 1455, 125.00, 65, 58
2026/10/02 09:42:13.937, 79.05, 1455, 125.00, 0, 58
2026/10/02 09:42:14.137, 69.88, 1455, 125.00, 0, 58
2026/10/02 09:42:14.338, 74.13, 1125, 125.00, 0, 59
2026/10/02 09:42:14.538, 73.84, 1260, 125.00, 0, 59
2026/10/02 09:42:14.739, 78.43, 480, 125.00, 82, 60
2026/10/02 09:42:14.940, 89.45, 585, 125.00, 100, 60
2026/10/02 09:42:15.140, 103.76, 450, 125.00, 60, 60
2026/10/02 09:42:15.341, 103.43, 1455, 125.00, 60, 59
2026/10/02 09:42:15.541, 99.80, 1440, 122.00, 0, 58
2026/10/02 09:42:15.742, 114.95, 750, 122.00, 0, 59
2026/10/02 09:42:15.943, 76.03, 1440, 122.00, 8, 58
2026/10/02 09:42:16.143, 68.04, 1440, 122.00, 0, 58
2026/10/02 09:42:16.344, 64.62, 1440, 122.00, 0, 58
2026/10/02 09:42:16.544, 76.66, 555, 122.00, 82, 60
2026/10/02 09:42:16.745, 85.85, 495, 122.00, 100, 60
2026/10/02 09:42:16.945, 89.50, 1440, 122.00, 100, 59
2026/10/02 09:42:17.146, 116.72, 510, 122.00, 34, 60
2026/10/02 09:42:17.347, 116.80, 1440, 122.00, 72, 59
2026/10/02 09:42:17.547, 107.08, 750, 122.00, 0, 60
2026/10/02 09:42:17.748, 102.27, 1425, 122.00, 100, 59
2026/10/02 09:42:17.948, 104.35, 435, 122.00, 0, 60
2026/10/02 09:42:18.149, 88.68, 1425, 122.00, 44, 59
2026/10/02 09:42:18.349, 79.41, 1425, 122.00, 0, 58
2026/10/02 09:42:18.550, 100.03, 555, 122.00, 36, 60
2026/10/02 09:42:18.751, 103.03, 435, 122.00, 57, 60
2026/10/02 09:42:18.951, 104.48, 525, 122.00, 33, 60
2026/10/02 09:42:19.152, 98.51, 525, 122.00, 28, 60
2026/10/02 09:42:19.352, 94.69, 1425, 122.00, 12, 59
2026/10/02 09:42:19.553, 80.16, 1200, 122.00, 0, 58
2026/10/02 09:42:19.753, 75.93, 1335, 108.00, 83, 58
2026/10/02 09:42:19.954, 220.15, 255, 108.00, 0, 59
2026/10/02 09:42:20.155, 110.30, 1335, 108.00, 78, 58
2026/10/02 09:42:20.355, 101.40, 345, 108.00, 0, 59
2026/10/02 09:42:20.556, 88.17, 1335, 108.00, 77, 58
2026/10/02 09:42:20.756, 104.32, 420, 108.00, 24, 59
2026/10/02 09:42:20.957, 100.20, 1335, 108.00, 100, 59
2026/10/02 09:42:21.157, 107.47, 300, 108.00, 70, 60
2026/10/02 09:42:21.358, 117.01, 300, 108.00, 81, 60
2026/10/02 09:42:21.559, 113.25, 1335, 108.00, 95, 58
2026/10/02 09:42:21.759, 98.89, 1335, 108.00, 0, 58
2026/10/02 09:42:21.960, 52.74, 1320, 105.00, 0, 58
2026/10/02 09:42:22.160, 52.24, 1320, 105.00, 0, 58
2026/10/02 09:42:22.361, 52.29, 1320, 105.00, 0, 58
2026/10/02 09:42:22.561, 52.29, 1320, 105.00, 0, 58
2026/10/02 09:42:22.762, 52.29, 1320, 105.00, 0, 58
2026/10/02 09:42:22.963, 65.80, 1320, 105.00, 0, 57
2026/10/02 09:42:23.163, 74.42, 405, 105.00, 100, 59
2026/10/02 09:42:23.364, 85.45, 405, 105.00, 100, 59
2026/10/02 09:42:23.564, 86.32, 1125, 105.00, 100, 59
2026/10/02 09:42:23.765, 81.49, 1320, 105.00, 0, 58
2026/10/02 09:42:23.966, 83.50, 420, 105.00, 0, 59
2026/10/02 09:42:24.166, 92.21, 405, 105.00, 100, 59
2026/10/02 09:42:24.367, 92.47, 825, 105.00, 100, 59
2026/10/02 09:42:24.567, 82.45, 1320, 105.00, 0, 58
2026/10/02 09:42:24.768, 99.09, 255, 105.00, 0, 59
2026/10/02 09:42:24.968, 104.92, 405, 105.00, 100, 59
2026/10/02 09:42:25.169, 90.50, 1320, 105.00, 19, 58
2026/10/02 09:42:25.369, 89.56, 405, 105.00, 80, 59
2026/10/02 09:42:25.570, 96.22, 405, 105.00, 100, 59
2026/10/02 09:42:25.771, 106.29, 450, 105.00, 100, 59
2026/10/02 09:42:25.971, 86.91, 1320, 105.00, 9, 58
2026/10/02 09:42:26.172, 81.82, 1305, 105.00, 0, 58
2026/10/02 09:42:26.372, 94.04, 1050, 105.00, 25, 58
2026/10/02 09:42:26.573, 84.11, 315, 105.00, 0, 58
2026/10/02 09:42:26.774, 83.83, 405, 105.00, 100, 59
2026/10/02 09:42:26.974, 79.96, 1305, 105.00, 82, 58
2026/10/02 09:42:27.175, 79.88, 1305, 105.00, 0, 57
2026/10/02 09:42:27.375, 75.07, 285, 105.00, 0, 58
2026/10/02 09:42:27.576, 76.75, 1305, 105.00, 100, 58
2026/10/02 09:42:27.777, 77.96, 495, 105.00, 41, 59
2026/10/02 09:42:27.977, 89.76, 345, 105.00, 100, 59
2026/10/02 09:42:28.178, 60.51, 1695, 150.00, 92, 58
2026/10/02 09:42:28.378, 196.59, 690, 150.00, 58, 60
2026/10/02 09:42:28.579, 129.14, 1680, 150.00, 24, 58
2026/10/02 09:42:28.779, 107.98, 1680, 150.00, 0, 58
2026/10/02 09:42:28.980, 97.62, 1695, 150.00, 0, 58
2026/10/02 09:42:29.180, 91.37, 1695, 150.00, 0, 58
2026/10/02 09:42:29.381, 81.70, 1350, 150.00, 0, 59
2026/10/02 09:42:29.581, 66.60, 1680, 150.00, 0, 58
2026/10/02 09:42:29.782, 73.91, 1125, 150.00, 0, 59
2026/10/02 09:42:29.982, 72.46, 1485, 150.00, 52, 59
2026/10/02 09:42:30.183, 86.84, 705, 132.00, 58, 60
2026/10/02 09:42:30.383, 57.98, 1500, 132.00, 38, 58
2026/10/02 09:42:30.584, 57.94, 1500, 132.00, 0, 58
2026/10/02 09:42:30.784, 57.92, 1500, 132.00, 0, 58
2026/10/02 09:42:30.985, 57.87, 1500, 132.00, 0, 57
2026/10/02 09:42:31.186, 74.45, 1500, 132.00, 23, 58
2026/10/02 09:42:31.386, 72.77, 1500, 132.00, 0, 58
2026/10/02 09:42:31.587, 84.28, 1500, 132.00, 50, 58
2026/10/02 09:42:31.787, 96.90, 525, 132.00, 0, 59
2026/10/02 09:42:31.988, 104.30, 600, 132.00, 24, 59
2026/10/02 09:42:32.188, 86.55, 1440, 132.00, 15, 59
2026/10/02 09:42:32.389, 95.69, 540, 129.00, 0, 59
2026/10/02 09:42:32.590, 51.16, 1485, 129.00, 24, 59
2026/10/02 09:42:32.790, 95.14, 960, 129.00, 80, 60
2026/10/02 09:42:32.991, 95.41, 735, 129.00, 0, 60
2026/10/02 09:42:33.191, 98.81, 495, 129.00, 67, 60
2026/10/02 09:42:33.392, 107.78, 600, 129.00, 70, 60
2026/10/02 09:42:33.592, 110.59, 1485, 129.00, 100, 59
2026/10/02 09:42:33.793, 101.30, 1485, 129.00, 0, 58
2026/10/02 09:42:33.993, 101.00, 1485, 129.00, 71, 58
2026/10/02 09:42:34.194, 95.38, 1275, 129.00, 0, 59
2026/10/02 09:42:34.394, 89.27, 1485, 129.00, 17, 59
2026/10/02 09:42:34.595, 75.47, 1485, 129.00, 0, 58
2026/10/02 09:42:34.796, 97.66, 630, 129.00, 32, 60
2026/10/02 09:42:34.996, 102.91, 1485, 129.00, 92, 59
2026/10/02 09:42:35.197, 114.48, 450, 129.00, 0, 60
2026/10/02 09:42:35.397, 110.84, 1485, 129.00, 75, 59
2026/10/02 09:42:35.598, 115.00, 1485, 129.00, 75, 59
2026/10/02 09:42:35.798, 110.16, 630, 129.00, 95, 60
2026/10/02 09:42:35.999, 111.52, 615, 129.00, 100, 60
2026/10/02 09:42:36.199, 114.12, 1485, 129.00, 85, 59
2026/10/02 09:42:36.400, 104.41, 1485, 129.00, 35, 59
2026/10/02 09:42:36.600, 106.68, 1410, 129.00, 4, 59
2026/10/02 09:42:36.801, 114.49, 630, 129.00, 17, 60
2026/10/02 09:42:37.002, 113.68, 600, 129.00, 100, 60
2026/10/02 09:42:37.202, 126.07, 630, 129.00, 100, 61
2026/10/02 09:42:37.403, 117.83, 615, 129.00, 100, 61
2026/10/02 09:42:37.603, 121.65, 645, 129.00, 60, 60
2026/10/02 09:42:37.804, 119.72, 630, 129.00, 20, 61
2026/10/02 09:42:38.004, 113.73, 1395, 129.00, 100, 60
2026/10/02 09:42:38.205, 99.64, 1470, 129.00, 0, 59
2026/10/02 09:42:38.406, 108.22, 630, 129.00, 31, 60
2026/10/02 09:42:38.606, 111.43, 630, 105.00, 83, 60
2026/10/02 09:42:38.807, 103.53, 390, 105.00, 94, 60
2026/10/02 09:42:39.007, 104.71, 390, 105.00, 100, 60
2026/10/02 09:42:39.208, 104.67, 390, 105.00, 100, 60
2026/10/02 09:42:39.409, 104.61, 390, 105.00, 100, 60
2026/10/02 09:42:39.609, 104.38, 405, 105.00, 100, 60
2026/10/02 09:42:39.810, 104.35, 390, 105.00, 100, 60
2026/10/02 09:42:40.011, 104.46, 375, 105.00, 100, 60
2026/10/02 09:42:40.211, 104.60, 390, 105.00, 100, 60
2026/10/02 09:42:40.412, 104.55, 375, 105.00, 100, 60
2026/10/02 09:42:40.613, 104.64, 390, 105.00, 100, 60
2026/10/02 09:42:40.818, 108.38, 810, 150.00, 100, 61
2026/10/02 09:42:41.019, 151.53, 795, 150.00, 100, 61
2026/10/02 09:42:41.219, 151.50, 780, 150.00, 100, 62
2026/10/02 09:42:41.420, 151.08, 765, 150.00, 100, 62
2026/10/02 09:42:41.620, 150.62, 765, 150.00, 100, 62
2026/10/02 09:42:41.821, 149.85, 780, 150.00, 100, 62
2026/10/02 09:42:42.021, 150.00, 795, 150.00, 100, 62
2026/10/02 09:42:42.222, 149.78, 765, 150.00, 100, 63
2026/10/02 09:42:42.423, 149.46, 780, 150.00, 100, 63
2026/10/02 09:42:42.623, 149.30, 750, 150.00, 100, 63
2026/10/02 09:42:42.824, 149.90, 780, 150.00, 100, 63
2026/10/02 09:42:43.024, 149.79, 780, 150.00, 100, 63
2026/10/02 09:42:43.225, 149.51, 765, 150.00, 100, 63
2026/10/02 09:42:43.425, 149.69, 750, 150.00, 100, 63
2026/10/02 09:42:43.626, 149.72, 765, 150.00, 100, 63
2026/10/02 09:42:43.827, 149.88, 780, 150.00, 100, 63
2026/10/02 09:42:44.028, 133.69, 1680, 150.00, 0, 61
2026/10/02 09:42:44.228, 132.43, 1665, 150.00, 23, 61
2026/10/02 09:42:44.429, 130.62, 1185, 150.00, 45, 62
2026/10/02 09:42:44.630, 134.71, 780, 150.00, 100, 63
2026/10/02 09:42:44.830, 116.57, 1590, 150.00, 61, 62
2026/10/02 09:42:45.031, 137.67, 855, 150.00, 95, 62
2026/10/02 09:42:45.231, 121.58, 1620, 150.00, 55, 62
2026/10/02 09:42:45.432, 129.01, 1575, 150.00, 70, 62
2026/10/02 09:42:45.633, 104.85, 1680, 150.00, 0, 61
2026/10/02 09:42:45.833, 97.83, 1695, 150.00, 0, 61
2026/10/02 09:42:46.034, 101.72, 705, 150.00, 40, 62
2026/10/02 09:42:46.234, 116.31, 675, 150.00, 29, 63
2026/10/02 09:42:46.435, 103.93, 960, 150.00, 0, 62
2026/10/02 09:42:46.635, 129.73, 735, 150.00, 75, 63
2026/10/02 09:42:46.836, 147.82, 810, 150.00, 100, 63
2026/10/02 09:42:47.036, 139.71, 1605, 150.00, 62, 62
2026/10/02 09:42:47.237, 119.98, 1680, 150.00, 0, 62
2026/10/02 09:42:47.438, 112.00, 1425, 150.00, 58, 62
2026/10/02 09:42:47.638, 104.96, 1680, 150.00, 0, 61
2026/10/02 09:42:47.839, 88.58, 1680, 150.00, 3, 61
2026/10/02 09:42:48.039, 97.07, 1680, 150.00, 3, 61
2026/10/02 09:42:48.240, 109.80, 795, 150.00, 100, 63
2026/10/02 09:42:48.441, 125.77, 795, 150.00, 100, 63
2026/10/02 09:42:48.641, 135.28, 795, 150.00, 100, 63
2026/10/02 09:42:48.842, 139.11, 720, 150.00, 100, 64
2026/10/02 09:42:49.043, 140.64, 750, 150.00, 100, 63
2026/10/02 09:42:49.243, 139.42, 1650, 150.00, 46, 62
2026/10/02 09:42:49.444, 134.28, 840, 150.00, 63, 63
2026/10/02 09:42:49.644, 132.81, 690, 150.00, 36, 64
2026/10/02 09:42:49.845, 129.54, 885, 150.00, 72, 63
2026/10/02 09:42:50.046, 133.55, 720, 150.00, 42, 64
2026/10/02 09:42:50.246, 135.41, 810, 150.00, 100, 64
2026/10/02 09:42:50.447, 149.06, 810, 150.00, 100, 64
2026/10/02 09:42:50.647, 158.84, 825, 150.00, 100, 64
2026/10/02 09:42:50.848, 149.55, 525, 150.00, 100, 64
2026/10/02 09:42:51.048, 158.22, 780, 150.00, 100, 64
2026/10/02 09:42:51.249, 151.46, 810, 150.00, 100, 64
2026/10/02 09:42:51.450, 150.37, 810, 150.00, 84, 64
2026/10/02 09:42:51.650, 151.95, 1095, 150.00, 86, 64
2026/10/02 09:42:51.851, 142.56, 810, 150.00, 79, 64
2026/10/02 09:42:52.051, 135.35, 1650, 150.00, 37, 63
2026/10/02 09:42:52.252, 137.61, 825, 150.00, 100, 64
2026/10/02 09:42:52.452, 141.91, 615, 150.00, 20, 64
2026/10/02 09:42:52.653, 133.13, 1635, 150.00, 48, 63
2026/10/02 09:42:52.853, 146.12, 810, 150.00, 100, 64
2026/10/02 09:42:53.054, 147.45, 810, 150.00, 100, 64
2026/10/02 09:42:53.255, 152.24, 1350, 150.00, 100, 64
2026/10/02 09:42:53.455, 141.55, 1065, 150.00, 0, 63
2026/10/02 09:42:53.656, 137.18, 825, 150.00, 100, 64
2026/10/02 09:42:53.856, 123.36, 1680, 150.00, 0, 63
2026/10/02 09:42:54.057, 120.65, 825, 150.00, 50, 64
2026/10/02 09:42:54.257, 108.04, 1005, 150.00, 65, 64
2026/10/02 09:42:54.458, 105.89, 1635, 150.00, 52, 63
2026/10/02 09:42:54.658, 100.13, 1680, 150.00, 0, 62
2026/10/02 09:42:54.859, 109.92, 780, 150.00, 100, 64
2026/10/02 09:42:55.060, 124.15, 720, 150.00, 37, 64
2026/10/02 09:42:55.260, 112.49, 1530, 150.00, 71, 63
2026/10/02 09:42:55.461, 119.24, 1650, 150.00, 38, 63
2026/10/02 09:42:55.661, 132.32, 825, 150.00, 91, 64
2026/10/02 09:42:55.862, 132.04, 675, 150.00, 28, 64
2026/10/02 09:42:56.062, 140.59, 810, 150.00, 100, 64
2026/10/02 09:42:56.263, 133.32, 1050, 150.00, 100, 65
2026/10/02 09:42:56.464, 119.23, 1500, 150.00, 57, 63
2026/10/02 09:42:56.664, 120.20, 1680, 150.00, 0, 62
2026/10/02 09:42:56.865, 140.30, 1050, 150.00, 48, 64
2026/10/02 09:42:57.065, 131.05, 855, 150.00, 64, 64
2026/10/02 09:42:57.266, 121.09, 1620, 150.00, 58, 63
2026/10/02 09:42:57.466, 124.22, 1680, 150.00, 7, 63
2026/10/02 09:42:57.667, 149.67, 705, 150.00, 65, 64
2026/10/02 09:42:57.867, 138.84, 795, 150.00, 100, 65
2026/10/02 09:42:58.068, 124.50, 1380, 150.00, 61, 64
2026/10/02 09:42:58.269, 120.72, 945, 150.00, 63, 64
2026/10/02 09:42:58.469, 116.64, 735, 150.00, 48, 65
2026/10/02 09:42:58.670, 123.65, 795, 150.00, 100, 65
2026/10/02 09:42:58.870, 121.51, 810, 150.00, 100, 65
2026/10/02 09:42:59.071, 114.27, 1680, 150.00, 0, 63
2026/10/02 09:42:59.271, 112.28, 1680, 150.00, 0, 63
2026/10/02 09:42:59.472, 123.78, 765, 150.00, 86, 64
2026/10/02 09:42:59.672, 97.60, 1680, 150.00, 0, 63
2026/10/02 09:42:59.873, 92.50, 1635, 150.00, 40, 63
2026/10/02 09:43:00.073, 109.28, 1065, 150.00, 100, 64
2026/10/02 09:43:00.274, 111.59, 1590, 150.00, 59, 63
2026/10/02 09:43:00.474, 106.87, 1680, 150.00, 0, 63
2026/10/02 09:43:00.675, 105.13, 1635, 150.00, 45, 63
2026/10/02 09:43:00.875, 115.90, 1200, 150.00, 100, 64
2026/10/02 09:43:01.076, 129.69, 690, 150.00, 39, 65
2026/10/02 09:43:01.276, 138.65, 795, 150.00, 100, 65
2026/10/02 09:43:01.477, 155.21, 1140, 150.00, 100, 65
2026/10/02 09:43:01.678, 153.09, 795, 150.00, 74, 65
2026/10/02 09:43:01.878, 148.44, 1290, 150.00, 54, 64
2026/10/02 09:43:02.079, 138.93, 1215, 150.00, 51, 65
2026/10/02 09:43:02.279, 128.72, 810, 150.00, 78, 65
2026/10/02 09:43:02.480, 126.08, 780, 150.00, 94, 65
2026/10/02 09:43:02.680, 137.30, 780, 150.00, 74, 65
2026/10/02 09:43:02.881, 132.24, 1680, 150.00, 0, 64
2026/10/02 09:43:03.082, 122.57, 810, 150.00, 87, 65
2026/10/02 09:43:03.282, 118.77, 1665, 150.00, 34, 64
2026/10/02 09:43:03.483, 121.28, 1665, 150.00, 16, 63
2026/10/02 09:43:03.683, 105.32, 1245, 150.00, 0, 63
2026/10/02 09:43:03.884, 101.30, 1035, 150.00, 60, 64
2026/10/02 09:43:04.085, 115.04, 795, 150.00, 100, 65
2026/10/02 09:43:04.285, 108.26, 840, 150.00, 11, 65
2026/10/02 09:43:04.486, 93.21, 1680, 150.00, 0, 63
2026/10/02 09:43:04.687, 116.88, 975, 150.00, 37, 65
2026/10/02 09:43:04.887, 105.22, 1185, 150.00, 0, 63
2026/10/02 09:43:05.088, 94.84, 1020, 150.00, 0, 63
2026/10/02 09:43:05.288, 97.89, 660, 150.00, 22, 64
2026/10/02 09:43:05.489, 98.38, 1680, 150.00, 0, 63
2026/10/02 09:43:05.690, 111.85, 810, 150.00, 100, 65
2026/10/02 09:43:05.890, 112.67, 810, 150.00, 100, 65
2026/10/02 09:43:06.091, 134.41, 795, 150.00, 100, 65
2026/10/02 09:43:06.291, 130.93, 1470, 150.00, 58, 65
2026/10/02 09:43:06.492, 118.17, 1680, 150.00, 0, 63
2026/10/02 09:43:06.692, 109.33, 1695, 150.00, 0, 63
2026/10/02 09:43:06.893, 93.93, 1695, 150.00, 0, 63
2026/10/02 09:43:07.094, 93.50, 705, 150.00, 43, 64
2026/10/02 09:43:07.294, 102.00, 795, 150.00, 100, 65
2026/10/02 09:43:07.495, 104.29, 1125, 150.00, 55, 64
2026/10/02 09:43:07.695, 101.02, 1680, 150.00, 0, 63
2026/10/02 09:43:07.896, 110.96, 1605, 150.00, 65, 64
2026/10/02 09:43:08.096, 109.94, 1455, 150.00, 59, 64
2026/10/02 09:43:08.297, 87.06, 1680, 150.00, 0, 63
2026/10/02 09:43:08.497, 85.79, 930, 150.00, 56, 64
2026/10/02 09:43:08.698, 87.73, 1680, 150.00, 0, 63
2026/10/02 09:43:08.898, 96.64, 870, 150.00, 38, 64
2026/10/02 09:43:09.099, 106.11, 1545, 150.00, 80, 64
2026/10/02 09:43:09.300, 103.26, 1680, 150.00, 0, 63
2026/10/02 09:43:09.500, 116.48, 810, 150.00, 12, 64
2026/10/02 09:43:09.701, 104.35, 1560, 150.00, 60, 64
2026/10/02 09:43:09.901, 106.44, 1485, 150.00, 59, 64
2026/10/02 09:43:10.102, 82.63, 1650, 150.00, 0, 63
2026/10/02 09:43:10.302, 90.09, 1590, 150.00, 67, 63
2026/10/02 09:43:10.503, 96.04, 795, 150.00, 100, 65
2026/10/02 09:43:10.703, 113.26, 795, 150.00, 100, 65
2026/10/02 09:43:10.904, 120.95, 780, 150.00, 62, 65
2026/10/02 09:43:11.105, 124.98, 1680, 150.00, 0, 63
2026/10/02 09:43:11.305, 130.61, 810, 150.00, 80, 65
2026/10/02 09:43:11.506, 116.12, 1680, 150.00, 0, 63
2026/10/02 09:43:11.706, 101.28, 1680, 150.00, 0, 63
2026/10/02 09:43:11.907, 117.49, 795, 150.00, 100, 65
2026/10/02 09:43:12.107, 108.84, 1680, 150.00, 0, 63
2026/10/02 09:43:12.308, 98.79, 1680, 150.00, 0, 63
2026/10/02 09:43:12.508, 92.18, 1695, 150.00, 0, 63
2026/10/02 09:43:12.709, 96.75, 1620, 150.00, 52, 63
2026/10/02 09:43:12.909, 87.03, 1665, 150.00, 18, 63
2026/10/02 09:43:13.110, 95.02, 1035, 150.00, 40, 63
2026/10/02 09:43:13.311, 97.01, 1680, 150.00, 0, 63
2026/10/02 09:43:13.511, 97.04, 1665, 150.00, 0, 63
2026/10/02 09:43:13.712, 103.93, 1515, 150.00, 85, 64
2026/10/02 09:43:13.912, 119.58, 795, 150.00, 58, 65
2026/10/02 09:43:14.113, 122.02, 660, 150.00, 23, 64
2026/10/02 09:43:14.313, 145.95, 810, 150.00, 86, 65
2026/10/02 09:43:14.514, 161.72, 1575, 150.00, 70, 64
2026/10/02 09:43:14.714, 142.40, 1665, 150.00, 0, 63
2026/10/02 09:43:14.915, 138.19, 1650, 150.00, 38, 63
2026/10/02 09:43:15.115, 124.31, 1620, 150.00, 54, 63
2026/10/02 09:43:15.316, 110.49, 1650, 150.00, 31, 63
2026/10/02 09:43:15.516, 113.69, 1050, 118.00, 39, 65
2026/10/02 09:43:15.717, 110.94, 930, 118.00, 85, 64
2026/10/02 09:43:15.918, 57.12, 1410, 118.00, 0, 63
2026/10/02 09:43:16.118, 109.94, 510, 118.00, 100, 63
2026/10/02 09:43:16.319, 113.90, 510, 118.00, 100, 64
2026/10/02 09:43:16.519, 115.51, 510, 118.00, 100, 64
2026/10/02 09:43:16.720, 116.41, 510, 118.00, 100, 64
2026/10/02 09:43:16.920, 127.87, 435, 118.00, 100, 64
2026/10/02 09:43:17.121, 118.88, 510, 118.00, 100, 64
2026/10/02 09:43:17.322, 118.60, 510, 118.00, 100, 64
2026/10/02 09:43:17.522, 118.59, 495, 118.00, 100, 64
2026/10/02 09:43:17.723, 118.49, 1005, 150.00, 100, 64
2026/10/02 09:43:17.923, 145.99, 750, 150.00, 100, 65
2026/10/02 09:43:18.124, 148.32, 780, 150.00, 100, 65
2026/10/02 09:43:18.324, 149.66, 795, 150.00, 100, 65
2026/10/02 09:43:18.525, 150.65, 780, 150.00, 100, 66
2026/10/02 09:43:18.725, 150.29, 1380, 150.00, 100, 65
2026/10/02 09:43:18.926, 138.82, 645, 150.00, 4, 64
2026/10/02 09:43:19.127, 123.56, 1650, 150.00, 60, 64
2026/10/02 09:43:19.327, 115.27, 810, 150.00, 81, 65
2026/10/02 09:43:19.528, 111.70, 795, 150.00, 100, 65
2026/10/02 09:43:19.729, 115.77, 795, 150.00, 100, 66
2026/10/02 09:43:19.929, 124.93, 795, 150.00, 100, 66
2026/10/02 09:43:20.130, 140.21, 765, 150.00, 100, 65
2026/10/02 09:43:20.330, 146.47, 945, 150.00, 16, 66
2026/10/02 09:43:20.531, 129.04, 1590, 150.00, 63, 64
2026/10/02 09:43:20.732, 115.04, 1515, 150.00, 0, 65
2026/10/02 09:43:20.932, 124.54, 795, 150.00, 22, 66
2026/10/02 09:43:21.133, 119.96, 1680, 150.00, 99, 64
2026/10/02 09:43:21.334, 123.28, 735, 150.00, 0, 65
2026/10/02 09:43:21.534, 136.52, 750, 150.00, 100, 65
2026/10/02 09:43:21.735, 150.28, 795, 150.00, 90, 66
2026/10/02 09:43:21.936, 102.27, 360, 105.00, 100, 65
2026/10/02 09:43:22.136, 103.46, 210, 105.00, 100, 65
2026/10/02 09:43:22.337, 101.10, 375, 105.00, 100, 64
2026/10/02 09:43:22.538, 101.85, 375, 105.00, 100, 64
2026/10/02 09:43:22.739, 100.60, 795, 105.00, 100, 64
2026/10/02 09:43:22.939, 91.12, 795, 105.00, 0, 63
2026/10/02 09:43:23.140, 81.38, 795, 105.00, 0, 62
2026/10/02 09:43:23.341, 79.68, 240, 105.00, 54, 63
2026/10/02 09:43:23.541, 79.46, 360, 105.00, 83, 64
2026/10/02 09:43:23.742, 79.38, 360, 105.00, 100, 64
2026/10/02 09:43:23.943, 85.76, 1065, 150.00, 100, 64
2026/10/02 09:43:24.143, 152.13, 1500, 150.00, 97, 65
2026/10/02 09:43:24.344, 131.09, 795, 150.00, 8, 65
2026/10/02 09:43:24.544, 140.21, 810, 150.00, 100, 66
2026/10/02 09:43:24.745, 143.93, 795, 150.00, 100, 66
2026/10/02 09:43:24.946, 140.95, 1425, 150.00, 75, 65
2026/10/02 09:43:25.146, 134.22, 825, 150.00, 12, 65
2026/10/02 09:43:25.347, 141.20, 1440, 150.00, 48, 65
2026/10/02 09:43:25.547, 137.38, 1575, 150.00, 67, 65
2026/10/02 09:43:25.748, 121.82, 765, 150.00, 0, 64
2026/10/02 09:43:25.948, 128.66, 1155, 150.00, 81, 66
2026/10/02 09:43:26.149, 51.91, 1140, 105.00, 38, 63
2026/10/02 09:43:26.350, 51.25, 1140, 105.00, 0, 63
2026/10/02 09:43:26.550, 79.47, 390, 105.00, 55, 64
2026/10/02 09:43:26.751, 88.82, 375, 105.00, 100, 64
2026/10/02 09:43:26.951, 93.17, 390, 105.00, 100, 64
2026/10/02 09:43:27.152, 95.82, 300, 105.00, 100, 64
2026/10/02 09:43:27.352, 99.97, 375, 105.00, 100, 64
2026/10/02 09:43:27.553, 104.66, 375, 105.00, 100, 64
2026/10/02 09:43:27.754, 104.17, 375, 105.00, 100, 64
2026/10/02 09:43:27.954, 104.22, 390, 105.00, 100, 64
2026/10/02 09:43:28.155, 103.56, 345, 150.00, 100, 64
2026/10/02 09:43:28.355, 149.88, 765, 150.00, 100, 65
2026/10/02 09:43:28.556, 150.13, 765, 150.00, 100, 65
2026/10/02 09:43:28.756, 150.51, 780, 150.00, 100, 66
2026/10/02 09:43:28.957, 150.90, 765, 150.00, 100, 66
2026/10/02 09:43:29.158, 149.79, 750, 150.00, 100, 66
2026/10/02 09:43:29.358, 141.63, 915, 150.00, 100, 65
2026/10/02 09:43:29.559, 141.33, 795, 150.00, 74, 66
2026/10/02 09:43:29.759, 141.87, 795, 150.00, 100, 66
2026/10/02 09:43:29.960, 142.03, 930, 150.00, 100, 66
2026/10/02 09:43:30.161, 125.96, 1635, 150.00, 45, 65
2026/10/02 09:43:30.361, 111.25, 1635, 150.00, 0, 65
2026/10/02 09:43:30.562, 105.25, 1680, 150.00, 0, 64
2026/10/02 09:43:30.762, 90.91, 825, 150.00, 0, 65
2026/10/02 09:43:30.963, 96.52, 795, 150.00, 100, 66
2026/10/02 09:43:31.163, 104.64, 795, 150.00, 100, 66
2026/10/02 09:43:31.364, 104.40, 1680, 150.00, 55, 64
2026/10/02 09:43:31.564, 105.56, 870, 150.00, 0, 64
2026/10/02 09:43:31.765, 120.01, 795, 150.00, 74, 66
2026/10/02 09:43:31.965, 107.42, 1035, 150.00, 51, 66
2026/10/02 09:43:32.166, 102.23, 1125, 150.00, 49, 66
2026/10/02 09:43:32.366, 109.99, 870, 150.00, 37, 66
2026/10/02 09:43:32.567, 108.79, 1680, 150.00, 43, 64
2026/10/02 09:43:32.767, 101.99, 1695, 150.00, 0, 64
2026/10/02 09:43:32.968, 108.57, 1665, 150.00, 22, 64
2026/10/02 09:43:33.168, 98.07, 945, 150.00, 0, 64
2026/10/02 09:43:33.369, 93.26, 1395, 150.00, 58, 64
2026/10/02 09:43:33.570, 103.16, 795, 150.00, 59, 66
2026/10/02 09:43:33.770, 115.24, 795, 150.00, 100, 66
2026/10/02 09:43:33.971, 116.47, 780, 150.00, 100, 66
2026/10/02 09:43:34.171, 132.93, 600, 150.00, 100, 66
2026/10/02 09:43:34.372, 142.85, 765, 150.00, 100, 66
2026/10/02 09:43:34.573, 149.30, 780, 150.00, 100, 67
2026/10/02 09:43:34.773, 149.52, 795, 150.00, 100, 67
2026/10/02 09:43:34.974, 149.38, 780, 150.00, 100, 67
2026/10/02 09:43:35.174, 148.30, 675, 150.00, 100, 67
2026/10/02 09:43:35.375, 150.27, 735, 150.00, 100, 67
2026/10/02 09:43:35.576, 133.64, 1680, 150.00, 74, 65
2026/10/02 09:43:35.776, 120.50, 1680, 150.00, 0, 64
2026/10/02 09:43:35.977, 105.37, 1695, 150.00, 0, 64
2026/10/02 09:43:36.177, 89.31, 1695, 150.00, 0, 64
2026/10/02 09:43:36.378, 69.92, 1695, 150.00, 0, 64
2026/10/02 09:43:36.578, 87.34, 1305, 150.00, 0, 65
2026/10/02 09:43:36.779, 103.35, 1260, 150.00, 22, 66
2026/10/02 09:43:36.980, 102.11, 645, 150.00, 26, 64
2026/10/02 09:43:37.180, 108.04, 630, 150.00, 99, 65
2026/10/02 09:43:37.381, 103.46, 1680, 150.00, 57, 64
2026/10/02 09:43:37.581, 108.96, 1140, 150.00, 0, 65
2026/10/02 09:43:37.782, 115.62, 1395, 150.00, 33, 66
2026/10/02 09:43:37.982, 100.33, 1035, 150.00, 14, 64
2026/10/02 09:43:38.183, 104.48, 720, 150.00, 58, 65
2026/10/02 09:43:38.383, 105.11, 645, 150.00, 48, 64
2026/10/02 09:43:38.584, 110.12, 630, 150.00, 60, 65
2026/10/02 09:43:38.784, 95.92, 1680, 150.00, 55, 64
2026/10/02 09:43:38.985, 82.65, 1680, 150.00, 0, 64
2026/10/02 09:43:39.185, 96.73, 1245, 150.00, 13, 65
2026/10/02 09:43:39.386, 99.34, 795, 150.00, 32, 65
2026/10/02 09:43:39.586, 115.11, 795, 150.00, 77, 66
2026/10/02 09:43:39.787, 125.78, 795, 150.00, 100, 66
2026/10/02 09:43:39.988, 148.87, 810, 150.00, 100, 66
2026/10/02 09:43:40.188, 139.50, 720, 150.00, 100, 65
2026/10/02 09:43:40.389, 133.95, 1620, 150.00, 59, 65
2026/10/02 09:43:40.589, 123.98, 795, 150.00, 0, 66
2026/10/02 09:43:40.790, 122.06, 795, 150.00, 100, 66
2026/10/02 09:43:40.991, 113.76, 1635, 150.00, 100, 65
2026/10/02 09:43:41.191, 106.07, 795, 150.00, 0, 66
2026/10/02 09:43:41.391, 121.67, 795, 150.00, 100, 67
2026/10/02 09:43:41.592, 137.25, 795, 150.00, 100, 67
2026/10/02 09:43:41.793, 138.81, 780, 150.00, 100, 67
2026/10/02 09:43:41.993, 135.96, 765, 150.00, 100, 67
2026/10/02 09:43:42.194, 146.46, 1590, 150.00, 100, 66
2026/10/02 09:43:42.394, 127.07, 1620, 150.00, 0, 66
2026/10/02 09:43:42.595, 130.33, 795, 150.00, 54, 67
2026/10/02 09:43:42.795, 132.48, 990, 150.00, 100, 67
2026/10/02 09:43:42.996, 126.79, 735, 150.00, 90, 67
2026/10/02 09:43:43.197, 120.52, 930, 150.00, 82, 66
2026/10/02 09:43:43.397, 122.59, 645, 150.00, 61, 67
2026/10/02 09:43:43.598, 120.10, 675, 150.00, 100, 66
2026/10/02 09:43:43.798, 98.54, 1680, 150.00, 57, 65
2026/10/02 09:43:43.999, 92.56, 750, 150.00, 0, 66
2026/10/02 09:43:44.199, 100.26, 1020, 150.00, 88, 67
2026/10/02 09:43:44.400, 106.75, 630, 150.00, 89, 66
2026/10/02 09:43:44.600, 101.24, 900, 105.00, 60, 66
2026/10/02 09:43:44.801, 104.73, 360, 105.00, 51, 66
2026/10/02 09:43:45.002, 104.43, 360, 105.00, 100, 66
2026/10/02 09:43:45.202, 98.33, 360, 105.00, 64, 65
2026/10/02 09:43:45.403, 99.97, 375, 105.00, 100, 65
2026/10/02 09:43:45.604, 101.02, 360, 105.00, 100, 65
2026/10/02 09:43:45.804, 101.61, 360, 105.00, 100, 65
2026/10/02 09:43:46.005, 101.11, 360, 105.00, 100, 65
2026/10/02 09:43:46.206, 104.01, 375, 105.00, 100, 65
2026/10/02 09:43:46.406, 104.28, 375, 105.00, 100, 65
2026/10/02 09:43:46.607, 103.04, 900, 105.00, 100, 65
2026/10/02 09:43:46.808, 108.31, 1065, 150.00, 30, 65
2026/10/02 09:43:47.008, 154.79, 780, 150.00, 100, 66
2026/10/02 09:43:47.209, 154.27, 780, 150.00, 100, 67
2026/10/02 09:43:47.409, 153.85, 780, 150.00, 100, 67
2026/10/02 09:43:47.610, 151.09, 705, 150.00, 100, 67
2026/10/02 09:43:47.810, 150.26, 765, 150.00, 100, 67
2026/10/02 09:43:48.011, 142.38, 645, 150.00, 100, 66
2026/10/02 09:43:48.212, 126.66, 1650, 150.00, 67, 66
2026/10/02 09:43:48.412, 119.69, 1665, 150.00, 13, 66
2026/10/02 09:43:48.613, 117.09, 1245, 150.00, 0, 66
2026/10/02 09:43:48.813, 112.67, 675, 150.00, 31, 66
2026/10/02 09:43:49.014, 97.37, 645, 150.00, 61, 65
2026/10/02 09:43:49.214, 103.31, 1650, 150.00, 95, 65
2026/10/02 09:43:49.415, 94.73, 1680, 150.00, 0, 65
2026/10/02 09:43:49.616, 95.99, 1695, 150.00, 0, 64
2026/10/02 09:43:49.816, 74.04, 630, 150.00, 0, 64
2026/10/02 09:43:50.017, 77.86, 1680, 150.00, 60, 64
2026/10/02 09:43:50.217, 72.62, 1620, 150.00, 0, 65
2026/10/02 09:43:50.418, 73.42, 1680, 150.00, 0, 64
2026/10/02 09:43:50.619, 72.43, 1650, 150.00, 0, 65
2026/10/02 09:43:50.819, 90.00, 795, 150.00, 15, 66
2026/10/02 09:43:51.020, 102.64, 780, 150.00, 100, 67
2026/10/02 09:43:51.220, 117.51, 795, 150.00, 83, 67
2026/10/02 09:43:51.421, 131.70, 780, 150.00, 100, 67
2026/10/02 09:43:51.621, 145.49, 735, 150.00, 100, 67
2026/10/02 09:43:51.822, 150.44, 780, 150.00, 100, 67
2026/10/02 09:43:52.022, 150.24, 765, 150.00, 100, 67
2026/10/02 09:43:52.223, 150.59, 780, 150.00, 100, 67
2026/10/02 09:43:52.423, 150.26, 645, 150.00, 100, 67
2026/10/02 09:43:52.624, 148.44, 735, 150.00, 100, 67
2026/10/02 09:43:52.825, 149.80, 750, 150.00, 100, 67
2026/10/02 09:43:53.025, 149.53, 765, 150.00, 100, 67
2026/10/02 09:43:53.226, 150.09, 780, 150.00, 100, 68
2026/10/02 09:43:53.426, 149.56, 720, 150.00, 100, 68
2026/10/02 09:43:53.627, 149.78, 735, 150.00, 100, 68
2026/10/02 09:43:53.827, 150.21, 750, 150.00, 100, 68
2026/10/02 09:43:54.028, 150.15, 765, 150.00, 100, 68
2026/10/02 09:43:54.229, 150.30, 750, 150.00, 100, 68
2026/10/02 09:43:54.429, 149.51, 720, 150.00, 100, 68
2026/10/02 09:43:54.630, 149.69, 750, 150.00, 100, 68
2026/10/02 09:43:54.830, 149.83, 750, 150.00, 100, 68
2026/10/02 09:43:55.031, 149.96, 765, 150.00, 100, 68
2026/10/02 09:43:55.231, 149.99, 750, 150.00, 100, 68
2026/10/02 09:43:55.432, 149.64, 735, 150.00, 100, 68
2026/10/02 09:43:55.633, 149.92, 735, 150.00, 100, 68
2026/10/02 09:43:55.833, 149.99, 750, 150.00, 100, 68
2026/10/02 09:43:56.034, 150.26, 765, 150.00, 100, 68
2026/10/02 09:43:56.234, 150.20, 735, 150.00, 100, 68
2026/10/02 09:43:56.435, 149.87, 735, 150.00, 100, 68
2026/10/02 09:43:56.635, 149.98, 735, 150.00, 100, 68
2026/10/02 09:43:56.836, 150.15, 750, 150.00, 100, 68
2026/10/02 09:43:57.037, 150.35, 765, 150.00, 100, 68
2026/10/02 09:43:57.237, 150.17, 735, 150.00, 100, 68
2026/10/02 09:43:57.438, 149.96, 735, 150.00, 100, 68
2026/10/02 09:43:57.638, 150.03, 735, 150.00, 100, 68
2026/10/02 09:43:57.839, 150.14, 750, 150.00, 100, 69
2026/10/02 09:43:58.039, 150.12, 750, 150.00, 100, 69
2026/10/02 09:43:58.240, 149.74, 735, 150.00, 100, 69
2026/10/02 09:43:58.441, 149.75, 750, 150.00, 100, 69
2026/10/02 09:43:58.641, 149.83, 750, 150.00, 100, 69
2026/10/02 09:43:58.842, 150.05, 750, 150.00, 100, 69
2026/10/02 09:43:59.043, 150.03, 750, 150.00, 100, 69
2026/10/02 09:43:59.243, 149.76, 735, 150.00, 100, 69
2026/10/02 09:43:59.444, 149.72, 750, 150.00, 100, 69
2026/10/02 09:43:59.645, 152.83, 1290, 150.00, 80, 69
2026/10/02 09:43:59.845, 137.66, 1680, 150.00, 0, 67
2026/10/02 09:44:00.046, 144.22, 780, 150.00, 100, 68
2026/10/02 09:44:00.247, 133.42, 750, 150.00, 70, 68
2026/10/02 09:44:00.447, 133.78, 780, 150.00, 100, 69
2026/10/02 09:44:00.648, 126.64, 1230, 150.00, 8, 67
2026/10/02 09:44:00.848, 131.28, 720, 150.00, 90, 68
2026/10/02 09:44:01.049, 132.07, 780, 150.00, 100, 69
2026/10/02 09:44:01.250, 50.87, 285, 105.00, 0, 66
2026/10/02 09:44:01.451, 83.18, 300, 105.00, 85, 66
2026/10/02 09:44:01.651, 92.24, 360, 105.00, 100, 67
2026/10/02 09:44:01.852, 96.28, 360, 105.00, 100, 67
2026/10/02 09:44:02.053, 98.41, 360, 105.00, 100, 67
2026/10/02 09:44:02.253, 99.67, 285, 105.00, 100, 67
2026/10/02 09:44:02.454, 99.83, 360, 105.00, 100, 67
2026/10/02 09:44:02.655, 103.98, 360, 105.00, 100, 67
2026/10/02 09:44:02.855, 104.13, 360, 105.00, 100, 67
2026/10/02 09:44:03.056, 104.19, 360, 105.00, 100, 67
2026/10/02 09:44:03.257, 103.90, 810, 150.00, 100, 67
2026/10/02 09:44:03.457, 151.63, 750, 150.00, 100, 68
2026/10/02 09:44:03.658, 150.96, 750, 150.00, 100, 68
2026/10/02 09:44:03.859, 150.58, 750, 150.00, 100, 68
2026/10/02 09:44:04.059, 150.53, 750, 150.00, 100, 69
2026/10/02 09:44:04.260, 150.35, 750, 150.00, 100, 69
2026/10/02 09:44:04.460, 150.33, 750, 150.00, 100, 69
2026/10/02 09:44:04.661, 150.22, 750, 150.00, 100, 69
2026/10/02 09:44:04.862, 150.20, 735, 150.00, 100, 69
2026/10/02 09:44:05.062, 150.13, 720, 150.00, 100, 69
2026/10/02 09:44:05.263, 149.70, 750, 150.00, 100, 69
2026/10/02 09:44:05.463, 149.90, 750, 150.00, 100, 69
2026/10/02 09:44:05.664, 149.90, 750, 150.00, 100, 69
2026/10/02 09:44:05.864, 149.90, 750, 150.00, 100, 69
2026/10/02 09:44:06.065, 149.96, 735, 150.00, 100, 69
2026/10/02 09:44:06.266, 150.01, 750, 150.00, 100, 69
2026/10/02 09:44:06.466, 150.09, 750, 150.00, 100, 69
2026/10/02 09:44:06.667, 150.06, 750, 150.00, 100, 69
2026/10/02 09:44:06.867, 149.99, 735, 150.00, 100, 69
2026/10/02 09:44:07.068, 149.82, 735, 150.00, 100, 69
2026/10/02 09:44:07.269, 149.94, 750, 150.00, 100, 69
2026/10/02 09:44:07.469, 149.98, 735, 150.00, 100, 69
2026/10/02 09:44:07.670, 149.80, 735, 150.00, 100, 69
2026/10/02 09:44:07.871, 149.79, 735, 150.00, 100, 70
2026/10/02 09:44:08.071, 149.80, 750, 150.00, 100, 70
2026/10/02 09:44:08.272, 149.88, 735, 150.00, 100, 70
2026/10/02 09:44:08.472, 149.80, 735, 150.00, 100, 70
2026/10/02 09:44:08.673, 149.82, 750, 150.00, 100, 70
2026/10/02 09:44:08.873, 149.88, 735, 150.00, 100, 70
2026/10/02 09:44:09.074, 149.77, 735, 150.00, 100, 70
2026/10/02 09:44:09.275, 149.77, 750, 150.00, 100, 70
2026/10/02 09:44:09.475, 149.97, 735, 150.00, 100, 70
2026/10/02 09:44:09.676, 150.03, 750, 150.00, 100, 70
2026/10/02 09:44:09.876, 150.03, 735, 150.00, 100, 70
2026/10/02 09:44:10.077, 150.10, 735, 150.00, 100, 70
2026/10/02 09:44:10.278, 150.13, 735, 150.00, 100, 70
2026/10/02 09:44:10.478, 149.84, 735, 150.00, 100, 70
2026/10/02 09:44:10.679, 149.89, 735, 150.00, 100, 70
2026/10/02 09:44:10.879, 149.70, 735, 150.00, 100, 70
2026/10/02 09:44:11.080, 149.66, 735, 150.00, 100, 70
2026/10/02 09:44:11.281, 149.81, 735, 150.00, 100, 70
2026/10/02 09:44:11.481, 149.86, 735, 150.00, 100, 70
2026/10/02 09:44:11.682, 150.01, 735, 150.00, 100, 70
2026/10/02 09:44:11.883, 149.91, 735, 150.00, 100, 70
2026/10/02 09:44:12.083, 149.98, 735, 150.00, 100, 70
2026/10/02 09:44:12.284, 149.95, 735, 150.00, 100, 70
2026/10/02 09:44:12.484, 149.92, 735, 150.00, 100, 70
2026/10/02 09:44:12.685, 149.85, 735, 150.00, 100, 70
2026/10/02 09:44:12.886, 149.78, 735, 150.00, 100, 70
2026/10/02 09:44:13.086, 149.84, 735, 150.00, 100, 70
2026/10/02 09:44:13.287, 149.91, 720, 150.00, 100, 70
2026/10/02 09:44:13.487, 149.86, 735, 150.00, 100, 70
2026/10/02 09:44:13.688, 149.87, 735, 150.00, 100, 70
2026/10/02 09:44:13.889, 149.87, 735, 150.00, 100, 70
2026/10/02 09:44:14.089, 149.92, 735, 150.00, 100, 70
2026/10/02 09:44:14.290, 149.65, 720, 150.00, 100, 71
2026/10/02 09:44:14.490, 149.76, 735, 150.00, 100, 71
2026/10/02 09:44:14.691, 149.63, 735, 150.00, 100, 71
2026/10/02 09:44:14.892, 149.47, 720, 150.00, 100, 71
2026/10/02 09:44:15.092, 149.47, 735, 150.00, 100, 71
2026/10/02 09:44:15.293, 149.43, 735, 150.00, 100, 71
2026/10/02 09:44:15.493, 149.53, 735, 150.00, 100, 71
2026/10/02 09:44:15.694, 149.76, 735, 150.00, 100, 71
2026/10/02 09:44:15.895, 149.68, 735, 150.00, 100, 71
2026/10/02 09:44:16.095, 149.70, 720, 150.00, 100, 71
2026/10/02 09:44:16.296, 149.75, 720, 150.00, 100, 71
2026/10/02 09:44:16.496, 149.84, 735, 150.00, 100, 71
2026/10/02 09:44:16.697, 149.56, 720, 150.00, 100, 71
2026/10/02 09:44:16.897, 149.62, 735, 150.00, 100, 71
2026/10/02 09:44:17.098, 149.33, 720, 150.00, 100, 71
2026/10/02 09:44:17.299, 149.58, 735, 150.00, 100, 71
2026/10/02 09:44:17.499, 149.61, 735, 150.00, 100, 71
2026/10/02 09:44:17.700, 142.97, 1635, 150.00, 94, 70
2026/10/02 09:44:17.901, 134.32, 645, 150.00, 55, 70
2026/10/02 09:44:18.101, 135.10, 765, 150.00, 100, 71
2026/10/02 09:44:18.302, 124.76, 1275, 150.00, 41, 71
2026/10/02 09:44:18.502, 125.45, 765, 150.00, 89, 71
2026/10/02 09:44:18.703, 127.63, 765, 150.00, 100, 71
2026/10/02 09:44:18.904, 141.64, 765, 150.00, 100, 71
2026/10/02 09:44:19.104, 141.17, 690, 150.00, 100, 71
2026/10/02 09:44:19.305, 140.89, 720, 150.00, 100, 71
2026/10/02 09:44:19.505, 149.04, 750, 150.00, 100, 71
2026/10/02 09:44:19.706, 149.18, 765, 150.00, 100, 71
2026/10/02 09:44:19.906, 149.16, 765, 150.00, 100, 71
2026/10/02 09:44:20.107, 147.07, 630, 150.00, 100, 71
2026/10/02 09:44:20.308, 144.80, 690, 150.00, 50, 70
2026/10/02 09:44:20.508, 144.96, 690, 150.00, 80, 70
2026/10/02 09:44:20.709, 130.93, 1665, 150.00, 5, 70
2026/10/02 09:44:20.909, 121.37, 630, 150.00, 83, 70
2026/10/02 09:44:21.110, 122.09, 765, 150.00, 100, 71
2026/10/02 09:44:21.311, 131.96, 765, 150.00, 100, 71
2026/10/02 09:44:21.511, 129.62, 765, 150.00, 100, 71
2026/10/02 09:44:21.712, 133.90, 435, 150.00, 100, 71
2026/10/02 09:44:21.912, 149.27, 705, 150.00, 71, 71
2026/10/02 09:44:22.113, 150.16, 1665, 150.00, 28, 70
2026/10/02 09:44:22.313, 150.67, 765, 150.00, 100, 71
2026/10/02 09:44:22.514, 150.72, 765, 150.00, 100, 71
2026/10/02 09:44:22.715, 151.82, 765, 150.00, 100, 71
2026/10/02 09:44:22.915, 153.80, 540, 150.00, 100, 71
2026/10/02 09:44:23.116, 159.53, 735, 150.00, 100, 71
2026/10/02 09:44:23.316, 151.08, 750, 150.00, 100, 71
2026/10/02 09:44:23.517, 151.03, 765, 150.00, 100, 71
2026/10/02 09:44:23.718, 150.95, 765, 150.00, 100, 72
2026/10/02 09:44:23.918, 149.06, 645, 150.00, 100, 71
2026/10/02 09:44:24.119, 150.03, 720, 150.00, 100, 71
2026/10/02 09:44:24.319, 146.08, 795, 150.00, 49, 70
2026/10/02 09:44:24.520, 150.77, 1065, 150.00, 42, 71
2026/10/02 09:44:24.720, 150.79, 765, 150.00, 100, 71
2026/10/02 09:44:24.921, 151.32, 765, 150.00, 100, 71
2026/10/02 09:44:25.122, 153.00, 690, 150.00, 100, 72
2026/10/02 09:44:25.322, 160.48, 645, 150.00, 100, 72
2026/10/02 09:44:25.523, 156.54, 735, 150.00, 100, 71
2026/10/02 09:44:25.723, 155.29, 1020, 150.00, 67, 71
2026/10/02 09:44:25.924, 155.03, 735, 150.00, 94, 71
2026/10/02 09:44:26.124, 144.08, 645, 150.00, 63, 70
2026/10/02 09:44:26.325, 137.04, 555, 150.00, 64, 70
2026/10/02 09:44:26.526, 130.32, 1050, 150.00, 67, 71
2026/10/02 09:44:26.726, 137.24, 780, 150.00, 100, 71
2026/10/02 09:44:26.927, 133.89, 765, 150.00, 100, 71
2026/10/02 09:44:27.127, 141.61, 765, 150.00, 100, 72
2026/10/02 09:44:27.328, 152.64, 750, 150.00, 100, 72
2026/10/02 09:44:27.528, 150.30, 660, 150.00, 100, 72
2026/10/02 09:44:27.729, 150.78, 735, 150.00, 100, 71
2026/10/02 09:44:27.929, 151.01, 765, 150.00, 100, 72
2026/10/02 09:44:28.130, 150.79, 750, 150.00, 100, 72
2026/10/02 09:44:28.331, 150.46, 720, 150.00, 100, 72
2026/10/02 09:44:28.531, 148.63, 675, 150.00, 100, 72
2026/10/02 09:44:28.732, 150.21, 735, 150.00, 100, 72
2026/10/02 09:44:28.932, 150.23, 750, 150.00, 100, 72
2026/10/02 09:44:29.133, 150.16, 765, 150.00, 100, 72
2026/10/02 09:44:29.334, 149.33, 675, 150.00, 100, 72
2026/10/02 09:44:29.534, 149.46, 690, 150.00, 100, 72
2026/10/02 09:44:29.735, 142.29, 1545, 150.00, 23, 72
2026/10/02 09:44:29.935, 128.51, 1680, 150.00, 0, 70
2026/10/02 09:44:30.136, 125.82, 1515, 150.00, 25, 71
2026/10/02 09:44:30.337, 111.98, 1650, 150.00, 0, 70
2026/10/02 09:44:30.537, 99.18, 1680, 150.00, 0, 69
2026/10/02 09:44:30.738, 97.89, 1695, 150.00, 18, 69
2026/10/02 09:44:30.938, 106.15, 600, 150.00, 55, 69
2026/10/02 09:44:31.139, 107.87, 765, 150.00, 100, 71
2026/10/02 09:44:31.339, 122.61, 765, 150.00, 100, 71
2026/10/02 09:44:31.540, 137.28, 765, 150.00, 100, 72
2026/10/02 09:44:31.741, 149.22, 450, 150.00, 100, 72
2026/10/02 09:44:31.941, 152.17, 720, 150.00, 100, 71
2026/10/02 09:44:32.142, 150.29, 750, 150.00, 100, 72
2026/10/02 09:44:32.342, 150.19, 750, 150.00, 100, 72
2026/10/02 09:44:32.543, 150.08, 765, 150.00, 100, 72
2026/10/02 09:44:32.743, 148.10, 675, 150.00, 100, 72
2026/10/02 09:44:32.944, 149.65, 720, 150.00, 100, 72
2026/10/02 09:44:33.145, 149.64, 750, 150.00, 100, 72
2026/10/02 09:44:33.345, 149.82, 765, 150.00, 100, 72
2026/10/02 09:44:33.546, 149.50, 690, 150.00, 100, 72
2026/10/02 09:44:33.746, 149.23, 690, 150.00, 100, 72
2026/10/02 09:44:33.947, 149.83, 720, 150.00, 100, 72
2026/10/02 09:44:34.147, 150.26, 750, 150.00, 100, 72
2026/10/02 09:44:34.348, 150.32, 750, 150.00, 100, 72
2026/10/02 09:44:34.548, 149.39, 705, 150.00, 100, 72
2026/10/02 09:44:34.749, 149.65, 705, 150.00, 100, 72
2026/10/02 09:44:34.950, 143.76, 600, 150.00, 47, 71
2026/10/02 09:44:35.151, 135.51, 675, 150.00, 7, 71
2026/10/02 09:44:35.351, 135.85, 765, 150.00, 100, 72
2026/10/02 09:44:35.552, 136.49, 690, 150.00, 98, 72
2026/10/02 09:44:35.753, 137.74, 750, 150.00, 100, 72
2026/10/02 09:44:35.953, 140.15, 615, 150.00, 44, 71
2026/10/02 09:44:36.154, 146.25, 765, 150.00, 100, 72
2026/10/02 09:44:36.354, 147.00, 750, 150.00, 100, 72
2026/10/02 09:44:36.555, 146.96, 765, 150.00, 100, 72
2026/10/02 09:44:36.756, 145.97, 1395, 150.00, 66, 71
2026/10/02 09:44:36.956, 147.30, 600, 150.00, 30, 70
2026/10/02 09:44:37.157, 142.89, 705, 150.00, 92, 72
2026/10/02 09:44:37.358, 134.90, 1350, 150.00, 92, 72
2026/10/02 09:44:37.558, 120.58, 1680, 150.00, 0, 70
2026/10/02 09:44:37.759, 130.48, 1650, 150.00, 58, 71
2026/10/02 09:44:37.959, 123.82, 1545, 150.00, 97, 71
2026/10/02 09:44:38.160, 121.83, 885, 150.00, 63, 70
2026/10/02 09:44:38.361, 106.90, 1680, 150.00, 8, 70
2026/10/02 09:44:38.561, 107.10, 1335, 150.00, 59, 71
2026/10/02 09:44:38.762, 116.85, 750, 150.00, 81, 72
2026/10/02 09:44:38.963, 104.28, 1335, 150.00, 57, 71
2026/10/02 09:44:39.163, 118.35, 990, 150.00, 0, 70
2026/10/02 09:44:39.364, 122.49, 765, 150.00, 95, 71
2026/10/02 09:44:39.565, 137.12, 750, 150.00, 100, 72
2026/10/02 09:44:39.765, 146.70, 750, 150.00, 100, 72
2026/10/02 09:44:39.966, 134.81, 1635, 150.00, 92, 71
2026/10/02 09:44:40.166, 136.65, 1155, 150.00, 0, 70
2026/10/02 09:44:40.367, 122.01, 1665, 150.00, 62, 71
2026/10/02 09:44:40.567, 122.47, 765, 150.00, 61, 71
2026/10/02 09:44:40.768, 122.58, 765, 150.00, 100, 72
2026/10/02 09:44:40.968, 124.89, 750, 150.00, 100, 72
2026/10/02 09:44:41.169, 124.82, 1680, 150.00, 0, 70
2026/10/02 09:44:41.369, 125.05, 615, 150.00, 0, 70
2026/10/02 09:44:41.570, 132.09, 765, 150.00, 99, 71
2026/10/02 09:44:41.771, 119.97, 630, 150.00, 49, 70
2026/10/02 09:44:41.971, 116.63, 570, 150.00, 0, 70
2026/10/02 09:44:42.172, 123.99, 750, 150.00, 100, 71
2026/10/02 09:44:42.372, 123.17, 1680, 150.00, 70, 70
2026/10/02 09:44:42.573, 108.61, 1680, 150.00, 0, 70
2026/10/02 09:44:42.774, 102.25, 1290, 150.00, 0, 69
2026/10/02 09:44:42.974, 112.92, 570, 150.00, 0, 69
2026/10/02 09:44:43.175, 104.67, 1500, 150.00, 61, 71
2026/10/02 09:44:43.375, 113.02, 780, 150.00, 66, 71
2026/10/02 09:44:43.576, 120.31, 1335, 150.00, 83, 72
2026/10/02 09:44:43.776, 132.73, 1080, 150.00, 0, 70
2026/10/02 09:44:43.977, 139.21, 1515, 150.00, 100, 71
2026/10/02 09:44:44.177, 128.71, 765, 150.00, 63, 70
2026/10/02 09:44:44.378, 137.96, 765, 150.00, 68, 71
2026/10/02 09:44:44.579, 128.05, 690, 150.00, 0, 70
2026/10/02 09:44:44.779, 143.47, 750, 150.00, 100, 71
2026/10/02 09:44:44.980, 138.65, 750, 150.00, 100, 72
2026/10/02 09:44:45.180, 149.38, 750, 150.00, 100, 72
2026/10/02 09:44:45.381, 142.37, 690, 150.00, 100, 72
2026/10/02 09:44:45.582, 149.08, 735, 150.00, 100, 72
2026/10/02 09:44:45.782, 149.71, 750, 150.00, 100, 72
2026/10/02 09:44:45.983, 150.04, 750, 150.00, 100, 72
2026/10/02 09:44:46.183, 143.11, 615, 150.00, 6, 70
2026/10/02 09:44:46.384, 137.97, 1080, 150.00, 74, 72
2026/10/02 09:44:46.585, 136.05, 1515, 150.00, 16, 72
2026/10/02 09:44:46.785, 128.60, 690, 150.00, 0, 70
2026/10/02 09:44:46.986, 128.71, 765, 150.00, 100, 72
2026/10/02 09:44:47.186, 136.45, 750, 150.00, 100, 72
2026/10/02 09:44:47.387, 135.93, 765, 150.00, 100, 72
2026/10/02 09:44:47.587, 134.17, 525, 150.00, 100, 72
2026/10/02 09:44:47.788, 153.72, 1515, 150.00, 100, 72
2026/10/02 09:44:47.989, 155.98, 750, 150.00, 60, 72
2026/10/02 09:44:48.189, 147.07, 630, 150.00, 34, 70
2026/10/02 09:44:48.390, 96.39, 345, 105.00, 100, 72
2026/10/02 09:44:48.590, 104.19, 345, 105.00, 100, 71
2026/10/02 09:44:48.791, 104.75, 345, 105.00, 100, 70
2026/10/02 09:44:48.992, 102.94, 210, 105.00, 100, 70
2026/10/02 09:44:49.192, 103.51, 360, 105.00, 100, 70
2026/10/02 09:44:49.393, 103.62, 345, 105.00, 100, 70
2026/10/02 09:44:49.594, 104.00, 345, 105.00, 100, 70
2026/10/02 09:44:49.794, 103.88, 360, 105.00, 100, 70
2026/10/02 09:44:49.995, 104.88, 345, 105.00, 100, 70
2026/10/02 09:44:50.196, 104.55, 360, 105.00, 100, 70
2026/10/02 09:44:50.396, 104.70, 345, 150.00, 100, 70
2026/10/02 09:44:50.598, 151.17, 765, 150.00, 100, 70
2026/10/02 09:44:50.798, 152.14, 735, 150.00, 100, 71
2026/10/02 09:44:50.999, 151.20, 720, 150.00, 100, 71
2026/10/02 09:44:51.200, 150.70, 720, 150.00, 100, 71
2026/10/02 09:44:51.400, 149.99, 705, 150.00, 100, 72
2026/10/02 09:44:51.601, 150.05, 735, 150.00, 100, 72
2026/10/02 09:44:51.801, 149.90, 735, 150.00, 100, 72
2026/10/02 09:44:52.002, 149.81, 720, 150.00, 100, 72
2026/10/02 09:44:52.203, 149.76, 720, 150.00, 100, 72
2026/10/02 09:44:52.403, 149.82, 720, 150.00, 100, 72
2026/10/02 09:44:52.604, 150.21, 735, 150.00, 100, 72
2026/10/02 09:44:52.804, 150.13, 735, 150.00, 100, 72
2026/10/02 09:44:53.005, 149.95, 720, 150.00, 100, 72
2026/10/02 09:44:53.206, 149.88, 720, 150.00, 100, 72
2026/10/02 09:44:53.406, 150.05, 720, 150.00, 100, 72
2026/10/02 09:44:53.607, 150.06, 720, 150.00, 100, 72
2026/10/02 09:44:53.807, 149.99, 720, 150.00, 100, 72
2026/10/02 09:44:54.008, 149.94, 720, 150.00, 100, 72
2026/10/02 09:44:54.209, 149.76, 720, 150.00, 95, 72
2026/10/02 09:44:54.409, 149.69, 720, 150.00, 100, 72
2026/10/02 09:44:54.610, 149.76, 735, 150.00, 100, 72
2026/10/02 09:44:54.810, 149.64, 720, 150.00, 100, 72
2026/10/02 09:44:55.011, 149.24, 1680, 150.00, 1, 71
2026/10/02 09:44:55.211, 149.74, 765, 150.00, 100, 72
2026/10/02 09:44:55.412, 150.62, 765, 150.00, 100, 72
2026/10/02 09:44:55.613, 151.30, 750, 150.00, 100, 73
2026/10/02 09:44:55.813, 151.05, 585, 150.00, 100, 73
2026/10/02 09:44:56.014, 153.51, 705, 150.00, 100, 72
2026/10/02 09:44:56.214, 151.86, 750, 150.00, 46, 72
2026/10/02 09:44:56.415, 152.41, 1185, 150.00, 100, 73
2026/10/02 09:44:56.615, 151.96, 750, 150.00, 100, 73
2026/10/02 09:44:56.816, 147.08, 750, 150.00, 100, 73
2026/10/02 09:44:57.016, 154.70, 720, 150.00, 40, 73
2026/10/02 09:44:57.217, 154.76, 750, 150.00, 100, 73
2026/10/02 09:44:57.418, 146.26, 1380, 150.00, 100, 73
2026/10/02 09:44:57.618, 154.40, 1605, 150.00, 53, 72
2026/10/02 09:44:57.819, 154.21, 750, 150.00, 100, 72
2026/10/02 09:44:58.019, 153.88, 750, 150.00, 96, 73
2026/10/02 09:44:58.220, 153.07, 750, 150.00, 100, 73
2026/10/02 09:44:58.421, 153.10, 780, 150.00, 100, 73
2026/10/02 09:44:58.621, 157.72, 720, 150.00, 100, 73
2026/10/02 09:44:58.822, 151.66, 735, 150.00, 100, 73
2026/10/02 09:44:59.023, 152.03, 750, 150.00, 100, 73
2026/10/02 09:44:59.223, 144.94, 705, 150.00, 19, 73
2026/10/02 09:44:59.424, 145.20, 750, 150.00, 100, 73
2026/10/02 09:44:59.624, 151.58, 765, 150.00, 37, 73
2026/10/02 09:44:59.825, 152.32, 750, 150.00, 100, 73
2026/10/02 09:45:00.025, 151.45, 705, 150.00, 100, 73
2026/10/02 09:45:00.226, 157.54, 750, 150.00, 100, 73
2026/10/02 09:45:00.426, 157.36, 750, 150.00, 100, 73
2026/10/02 09:45:00.627, 150.62, 720, 150.00, 100, 73
2026/10/02 09:45:00.827, 150.90, 750, 150.00, 100, 73
2026/10/02 09:45:01.028, 150.38, 735, 150.00, 100, 73
2026/10/02 09:45:01.229, 140.33, 1650, 150.00, 90, 73
2026/10/02 09:45:01.429, 125.45, 1665, 150.00, 65, 72
2026/10/02 09:45:01.630, 123.77, 1575, 150.00, 43, 72
2026/10/02 09:45:01.830, 125.67, 765, 150.00, 54, 72
2026/10/02 09:45:02.031, 126.14, 750, 150.00, 100, 73
2026/10/02 09:45:02.232, 130.02, 750, 150.00, 100, 73
2026/10/02 09:45:02.432, 145.21, 750, 150.00, 100, 73
2026/10/02 09:45:02.633, 144.72, 720, 150.00, 100, 73
2026/10/02 09:45:02.833, 150.31, 735, 150.00, 100, 73
2026/10/02 09:45:03.034, 150.34, 750, 150.00, 100, 73
2026/10/02 09:45:03.235, 150.32, 750, 150.00, 100, 73
2026/10/02 09:45:03.435, 149.50, 645, 150.00, 100, 73
2026/10/02 09:45:03.636, 150.17, 690, 150.00, 100, 73
2026/10/02 09:45:03.836, 150.11, 720, 150.00, 100, 73
2026/10/02 09:45:04.037, 150.15, 735, 150.00, 100, 73
2026/10/02 09:45:04.237, 150.09, 750, 150.00, 100, 73
2026/10/02 09:45:04.438, 148.86, 675, 150.00, 100, 73
2026/10/02 09:45:04.639, 149.39, 690, 150.00, 100, 73
2026/10/02 09:45:04.839, 141.83, 1380, 150.00, 100, 73
2026/10/02 09:45:05.040, 139.29, 750, 150.00, 62, 73
2026/10/02 09:45:05.240, 148.46, 1485, 150.00, 27, 73
2026/10/02 09:45:05.441, 143.11, 585, 150.00, 43, 72
2026/10/02 09:45:05.641, 137.58, 1605, 150.00, 71, 73
2026/10/02 09:45:05.842, 144.55, 765, 150.00, 27, 73
2026/10/02 09:45:06.043, 147.34, 750, 150.00, 100, 73
2026/10/02 09:45:06.243, 136.38, 1290, 150.00, 100, 73
2026/10/02 09:45:06.444, 134.00, 720, 150.00, 3, 72
2026/10/02 09:45:06.644, 122.77, 1515, 150.00, 100, 73
2026/10/02 09:45:06.845, 123.15, 750, 150.00, 79, 73
2026/10/02 09:45:07.045, 123.37, 750, 150.00, 100, 73
2026/10/02 09:45:07.246, 128.39, 750, 150.00, 100, 73
2026/10/02 09:45:07.447, 143.79, 750, 150.00, 100, 73
2026/10/02 09:45:07.647, 140.80, 690, 150.00, 100, 73
2026/10/02 09:45:07.848, 149.38, 735, 150.00, 100, 73
2026/10/02 09:45:08.048, 148.99, 705, 150.00, 99, 73
2026/10/02 09:45:08.249, 140.76, 1320, 150.00, 100, 74
2026/10/02 09:45:08.449, 141.26, 765, 150.00, 63, 73
2026/10/02 09:45:08.650, 144.54, 750, 150.00, 100, 74
2026/10/02 09:45:08.850, 143.34, 1680, 150.00, 40, 72
2026/10/02 09:45:09.051, 134.01, 585, 150.00, 33, 72
2026/10/02 09:45:09.251, 125.79, 705, 150.00, 69, 73
2026/10/02 09:45:09.452, 125.36, 1440, 150.00, 100, 73
2026/10/02 09:45:09.652, 111.19, 1680, 150.00, 0, 72
2026/10/02 09:45:09.853, 118.56, 1545, 150.00, 0, 71
2026/10/02 09:45:10.054, 116.31, 765, 150.00, 31, 71
2026/10/02 09:45:10.254, 116.64, 645, 150.00, 16, 71
2026/10/02 09:45:10.455, 119.67, 1035, 150.00, 100, 73
2026/10/02 09:45:10.655, 142.10, 750, 150.00, 100, 73
2026/10/02 09:45:10.856, 143.03, 750, 150.00, 100, 73
2026/10/02 09:45:11.057, 143.74, 705, 150.00, 100, 73
2026/10/02 09:45:11.258, 152.13, 765, 150.00, 100, 73
2026/10/02 09:45:11.458, 149.58, 750, 150.00, 100, 74
2026/10/02 09:45:11.659, 149.59, 750, 150.00, 100, 74
2026/10/02 09:45:11.859, 141.95, 1650, 150.00, 10, 72
2026/10/02 09:45:12.060, 142.49, 645, 150.00, 62, 73
2026/10/02 09:45:12.260, 143.18, 750, 150.00, 100, 74
2026/10/02 09:45:12.461, 143.59, 750, 150.00, 100, 74
2026/10/02 09:45:12.662, 128.84, 1680, 150.00, 0, 72
2026/10/02 09:45:12.862, 120.66, 735, 150.00, 91, 73
2026/10/02 09:45:13.063, 123.96, 570, 150.00, 58, 73
2026/10/02 09:45:13.264, 118.39, 1515, 150.00, 48, 72
2026/10/02 09:45:13.464, 106.05, 1050, 150.00, 65, 72
2026/10/02 09:45:13.665, 103.65, 930, 150.00, 60, 72
2026/10/02 09:45:13.865, 112.82, 600, 150.00, 51, 72
2026/10/02 09:45:14.066, 107.18, 1680, 150.00, 0, 71
2026/10/02 09:45:14.267, 103.12, 750, 150.00, 100, 73
2026/10/02 09:45:14.467, 111.45, 630, 150.00, 62, 72
2026/10/02 09:45:14.668, 119.15, 600, 150.00, 52, 72
2026/10/02 09:45:14.869, 114.48, 1680, 150.00, 0, 71
2026/10/02 09:45:15.069, 105.61, 1680, 150.00, 0, 70
2026/10/02 09:45:15.269, 104.84, 840, 150.00, 82, 72
2026/10/02 09:45:15.470, 104.65, 1575, 150.00, 41, 71
2026/10/02 09:45:15.670, 97.15, 1680, 150.00, 0, 70
2026/10/02 09:45:15.871, 88.10, 1695, 150.00, 0, 70
2026/10/02 09:45:16.071, 88.08, 1695, 150.00, 0, 70
2026/10/02 09:45:16.272, 88.57, 1665, 150.00, 0, 70
2026/10/02 09:45:16.472, 74.98, 1680, 150.00, 0, 70
2026/10/02 09:45:16.673, 86.44, 1635, 150.00, 16, 70
2026/10/02 09:45:16.874, 86.36, 1680, 150.00, 0, 70
2026/10/02 09:45:17.074, 95.22, 1650, 150.00, 9, 70
2026/10/02 09:45:17.275, 106.83, 585, 150.00, 40, 71
2026/10/02 09:45:17.475, 106.14, 1680, 150.00, 0, 70
2026/10/02 09:45:17.676, 94.98, 1680, 150.00, 0, 69
2026/10/02 09:45:17.876, 108.42, 1575, 150.00, 34, 70
2026/10/02 09:45:18.077, 102.72, 1665, 150.00, 0, 70
2026/10/02 09:45:18.277, 103.39, 1680, 150.00, 0, 70
2026/10/02 09:45:18.478, 91.67, 1695, 150.00, 0, 69
2026/10/02 09:45:18.678, 103.96, 1560, 150.00, 41, 70
2026/10/02 09:45:18.879, 89.93, 1680, 150.00, 0, 69
2026/10/02 09:45:19.079, 86.82, 1695, 150.00, 0, 69
2026/10/02 09:45:19.279, 87.26, 1695, 150.00, 0, 69
2026/10/02 09:45:19.480, 105.14, 690, 150.00, 76, 71
2026/10/02 09:45:19.681, 101.89, 585, 150.00, 48, 71
2026/10/02 09:45:19.881, 102.53, 1680, 150.00, 0, 69
2026/10/02 09:45:20.082, 102.55, 1680, 150.00, 0, 69
2026/10/02 09:45:20.282, 105.48, 1665, 150.00, 0, 69
2026/10/02 09:45:20.483, 102.52, 705, 150.00, 63, 70
2026/10/02 09:45:20.683, 94.92, 1680, 150.00, 0, 69
2026/10/02 09:45:20.884, 84.56, 1680, 150.00, 0, 69
2026/10/02 09:45:21.084, 94.36, 645, 150.00, 52, 70
2026/10/02 09:45:21.285, 96.90, 1665, 150.00, 0, 69
2026/10/02 09:45:21.485, 102.65, 1410, 150.00, 67, 70
2026/10/02 09:45:21.686, 95.66, 1680, 150.00, 0, 69
2026/10/02 09:45:21.886, 107.38, 1635, 150.00, 17, 69
2026/10/02 09:45:22.087, 108.46, 1665, 150.00, 0, 69
2026/10/02 09:45:22.288, 92.23, 1680, 150.00, 0, 69
2026/10/02 09:45:22.488, 86.33, 1695, 150.00, 0, 69
2026/10/02 09:45:22.689, 93.92, 1665, 150.00, 0, 69
2026/10/02 09:45:22.889, 81.40, 1680, 150.00, 0, 69
2026/10/02 09:45:23.090, 92.31, 1635, 150.00, 17, 69
2026/10/02 09:45:23.291, 91.61, 1665, 150.00, 0, 69
2026/10/02 09:45:23.491, 101.75, 1635, 150.00, 15, 70
2026/10/02 09:45:23.692, 107.19, 765, 150.00, 100, 71
2026/10/02 09:45:23.892, 106.45, 1665, 150.00, 0, 69
2026/10/02 09:45:24.093, 93.87, 1665, 150.00, 0, 68
2026/10/02 09:45:24.294, 95.24, 1260, 150.00, 58, 69
2026/10/02 09:45:24.494, 84.10, 1665, 150.00, 0, 68
2026/10/02 09:45:24.695, 79.12, 1665, 150.00, 0, 68
2026/10/02 09:45:24.895, 72.61, 1665, 150.00, 0, 68
2026/10/02 09:45:25.096, 72.52, 1665, 150.00, 0, 68
2026/10/02 09:45:25.297, 72.50, 1665, 150.00, 0, 68
2026/10/02 09:45:25.497, 72.50, 1665, 150.00, 0, 68
2026/10/02 09:45:25.698, 100.83, 1635, 150.00, 13, 68
2026/10/02 09:45:25.898, 104.57, 1650, 150.00, 0, 68
2026/10/02 09:45:26.099, 103.53, 1380, 150.00, 64, 69
2026/10/02 09:45:26.299, 103.34, 1650, 150.00, 0, 68
2026/10/02 09:45:26.500, 105.47, 1515, 150.00, 49, 68
2026/10/02 09:45:26.700, 81.50, 1380, 150.00, 63, 69
2026/10/02 09:45:26.901, 92.44, 765, 150.00, 100, 70
2026/10/02 09:45:27.102, 91.61, 1650, 150.00, 0, 68
2026/10/02 09:45:27.302, 112.41, 780, 150.00, 91, 70
2026/10/02 09:45:27.503, 102.28, 1650, 150.00, 0, 68
2026/10/02 09:45:27.703, 103.39, 1650, 150.00, 0, 68
2026/10/02 09:45:27.904, 97.14, 1650, 150.00, 0, 68
2026/10/02 09:45:28.105, 90.41, 1650, 150.00, 0, 67
2026/10/02 09:45:28.305, 78.15, 1650, 150.00, 0, 67
2026/10/02 09:45:28.505, 78.15, 1650, 150.00, 0, 67
2026/10/02 09:45:28.706, 78.15, 1650, 150.00, 0, 67
2026/10/02 09:45:28.906, 115.00, 870, 150.00, 78, 69
2026/10/02 09:45:29.107, 126.65, 1035, 150.00, 22, 69
2026/10/02 09:45:29.308, 126.09, 1260, 150.00, 59, 68
2026/10/02 09:45:29.508, 55.93, 1260, 105.00, 0, 67
2026/10/02 09:45:29.709, 55.81, 1260, 105.00, 0, 67
2026/10/02 09:45:29.910, 67.72, 375, 105.00, 100, 68
2026/10/02 09:45:30.110, 70.67, 390, 105.00, 73, 68
2026/10/02 09:45:30.311, 67.33, 1260, 105.00, 0, 67
2026/10/02 09:45:30.511, 84.51, 360, 105.00, 100, 68
2026/10/02 09:45:30.712, 91.37, 375, 105.00, 100, 68
2026/10/02 09:45:30.912, 96.10, 1260, 105.00, 26, 67
2026/10/02 09:45:31.113, 91.73, 1260, 105.00, 0, 66
2026/10/02 09:45:31.314, 87.63, 1260, 105.00, 0, 66
2026/10/02 09:45:31.514, 86.47, 360, 105.00, 100, 67
2026/10/02 09:45:31.715, 81.72, 1260, 105.00, 44, 67
2026/10/02 09:45:31.915, 81.17, 375, 105.00, 100, 67
2026/10/02 09:45:32.116, 85.78, 1260, 105.00, 55, 67
2026/10/02 09:45:32.316, 89.43, 390, 105.00, 85, 67
2026/10/02 09:45:32.517, 88.20, 285, 105.00, 10, 67
2026/10/02 09:45:32.717, 83.39, 1260, 105.00, 24, 67
2026/10/02 09:45:32.918, 88.82, 1260, 105.00, 81, 67
2026/10/02 09:45:33.119, 83.91, 375, 105.00, 95, 67
2026/10/02 09:45:33.319, 99.65, 345, 105.00, 100, 68
2026/10/02 09:45:33.520, 105.58, 300, 150.00, 78, 68
2026/10/02 09:45:33.729, 118.31, 1230, 150.00, 41, 68
2026/10/02 09:45:33.929, 64.99, 1680, 150.00, 0, 67
2026/10/02 09:45:34.130, 79.96, 1665, 150.00, 0, 67
2026/10/02 09:45:34.331, 77.58, 1680, 150.00, 0, 67
2026/10/02 09:45:34.531, 89.48, 735, 150.00, 57, 68
2026/10/02 09:45:34.732, 99.82, 780, 150.00, 26, 68
2026/10/02 09:45:34.932, 97.49, 1680, 150.00, 0, 67
2026/10/02 09:45:35.133, 102.47, 1560, 150.00, 47, 67
2026/10/02 09:45:35.334, 102.69, 1515, 150.00, 3, 68
2026/10/02 09:45:35.534, 107.34, 1545, 150.00, 51, 67
2026/10/02 09:45:35.735, 87.78, 1260, 105.00, 0, 67
2026/10/02 09:45:35.935, 100.81, 390, 105.00, 100, 67
2026/10/02 09:45:36.136, 88.14, 315, 105.00, 52, 67
2026/10/02 09:45:36.337, 87.33, 300, 105.00, 48, 67
2026/10/02 09:45:36.537, 89.65, 375, 105.00, 100, 67
2026/10/02 09:45:36.738, 81.99, 1260, 105.00, 0, 66
2026/10/02 09:45:36.938, 87.49, 240, 105.00, 20, 67
2026/10/02 09:45:37.139, 88.14, 1260, 105.00, 3, 67
2026/10/02 09:45:37.339, 86.55, 1260, 105.00, 31, 66
2026/10/02 09:45:37.540, 84.14, 285, 105.00, 53, 67
2026/10/02 09:45:37.741, 79.99, 1260, 105.00, 0, 66
2026/10/02 09:45:37.941, 84.98, 285, 105.00, 58, 67
2026/10/02 09:45:38.142, 79.55, 375, 105.00, 100, 67
2026/10/02 09:45:38.342, 75.53, 1260, 105.00, 0, 66
2026/10/02 09:45:38.543, 84.96, 795, 105.00, 95, 66
2026/10/02 09:45:38.743, 87.68, 375, 105.00, 100, 67
2026/10/02 09:45:38.944, 97.09, 375, 105.00, 100, 67
2026/10/02 09:45:39.145, 96.80, 375, 105.00, 100, 67
2026/10/02 09:45:39.345, 91.88, 1260, 105.00, 0, 66
2026/10/02 09:45:39.546, 92.24, 375, 105.00, 48, 66
2026/10/02 09:45:39.747, 85.42, 1260, 105.00, 0, 66
2026/10/02 09:45:39.947, 75.83, 1245, 105.00, 0, 65
2026/10/02 09:45:40.148, 66.11, 1245, 105.00, 0, 65
2026/10/02 09:45:40.348, 61.19, 1245, 105.00, 0, 65
2026/10/02 09:45:40.549, 65.33, 1245, 105.00, 59, 65
2026/10/02 09:45:40.750, 70.12, 285, 105.00, 35, 66
2026/10/02 09:45:40.950, 79.79, 390, 105.00, 100, 66
2026/10/02 09:45:41.151, 79.71, 1245, 105.00, 0, 65
2026/10/02 09:45:41.351, 95.96, 390, 105.00, 100, 66
2026/10/02 09:45:41.552, 96.55, 1245, 105.00, 57, 66
2026/10/02 09:45:41.753, 96.51, 1245, 105.00, 0, 65
2026/10/02 09:45:41.953, 83.67, 405, 105.00, 79, 66
2026/10/02 09:45:42.154, 78.80, 1245, 105.00, 0, 65
2026/10/02 09:45:42.354, 67.48, 1245, 105.00, 0, 64
2026/10/02 09:45:42.555, 71.33, 1065, 105.00, 88, 65
2026/10/02 09:45:42.755, 74.99, 1245, 105.00, 44, 65
2026/10/02 09:45:42.956, 74.98, 1245, 105.00, 0, 64
2026/10/02 09:45:43.157, 71.18, 1245, 105.00, 0, 64
2026/10/02 09:45:43.357, 75.90, 360, 105.00, 100, 65
2026/10/02 09:45:43.558, 74.36, 375, 105.00, 100, 65
2026/10/02 09:45:43.758, 77.88, 390, 105.00, 100, 66
2026/10/02 09:45:43.959, 87.63, 375, 150.00, 100, 66
2026/10/02 09:45:44.159, 130.81, 765, 150.00, 100, 66
2026/10/02 09:45:44.360, 151.14, 780, 150.00, 100, 67
2026/10/02 09:45:44.561, 107.78, 1680, 150.00, 0, 66
2026/10/02 09:45:44.761, 95.80, 1680, 150.00, 0, 65
2026/10/02 09:45:44.962, 94.93, 1680, 150.00, 0, 65
2026/10/02 09:45:45.162, 90.28, 1680, 150.00, 0, 65
2026/10/02 09:45:45.363, 76.44, 1575, 150.00, 72, 66
2026/10/02 09:45:45.563, 78.92, 900, 150.00, 61, 67
2026/10/02 09:45:45.764, 92.61, 765, 150.00, 100, 67
2026/10/02 09:45:45.964, 87.27, 1680, 150.00, 0, 66
2026/10/02 09:45:46.165, 91.94, 1080, 150.00, 60, 66
2026/10/02 09:45:46.366, 102.23, 780, 150.00, 100, 68
2026/10/02 09:45:46.566, 117.84, 1380, 150.00, 98, 67
2026/10/02 09:45:46.767, 109.31, 1665, 150.00, 0, 66
2026/10/02 09:45:46.967, 126.41, 645, 150.00, 17, 66
2026/10/02 09:45:47.168, 117.65, 1665, 150.00, 47, 66
2026/10/02 09:45:47.368, 98.45, 795, 150.00, 0, 66
2026/10/02 09:45:47.569, 87.89, 1665, 150.00, 67, 66
2026/10/02 09:45:47.769, 88.94, 1575, 150.00, 0, 66
2026/10/02 09:45:47.970, 75.53, 1665, 150.00, 0, 65
2026/10/02 09:45:48.170, 90.00, 660, 150.00, 59, 67
2026/10/02 09:45:48.371, 87.23, 675, 150.00, 32, 66
2026/10/02 09:45:48.572, 93.71, 1350, 150.00, 59, 67
2026/10/02 09:45:48.772, 104.95, 1665, 150.00, 44, 66
2026/10/02 09:45:48.973, 105.90, 1665, 150.00, 0, 65
2026/10/02 09:45:49.174, 102.12, 1665, 150.00, 0, 65
2026/10/02 09:45:49.374, 117.29, 1080, 150.00, 43, 67
2026/10/02 09:45:49.575, 127.21, 795, 150.00, 24, 67
2026/10/02 09:45:49.775, 121.72, 1410, 150.00, 100, 67
2026/10/02 09:45:49.976, 122.10, 1665, 150.00, 0, 66
2026/10/02 09:45:50.176, 122.12, 1650, 150.00, 0, 65
2026/10/02 09:45:50.377, 107.90, 1650, 150.00, 62, 66
2026/10/02 09:45:50.577, 108.22, 1650, 150.00, 56, 66
2026/10/02 09:45:50.778, 93.72, 1650, 150.00, 0, 65
2026/10/02 09:45:50.978, 87.00, 1650, 150.00, 0, 65
2026/10/02 09:45:51.179, 100.04, 1245, 150.00, 0, 66
2026/10/02 09:45:51.380, 110.40, 1035, 150.00, 28, 67
2026/10/02 09:45:51.580, 109.45, 1650, 150.00, 69, 66
2026/10/02 09:45:51.781, 109.81, 840, 150.00, 0, 66
2026/10/02 09:45:51.981, 125.55, 1080, 150.00, 93, 67
2026/10/02 09:45:52.182, 138.92, 1155, 150.00, 19, 67
2026/10/02 09:45:52.382, 114.48, 1650, 150.00, 12, 65
2026/10/02 09:45:52.583, 102.53, 1410, 150.00, 0, 66
2026/10/02 09:45:52.783, 102.80, 1650, 150.00, 0, 65
2026/10/02 09:45:52.984, 100.86, 1650, 150.00, 49, 65
2026/10/02 09:45:53.184, 98.62, 1650, 150.00, 0, 65
2026/10/02 09:45:53.385, 85.01, 1650, 150.00, 0, 65
2026/10/02 09:45:53.585, 84.87, 1650, 150.00, 0, 65
2026/10/02 09:45:53.786, 79.86, 1650, 150.00, 0, 65
2026/10/02 09:45:53.986, 79.84, 1650, 150.00, 0, 65
2026/10/02 09:45:54.187, 84.51, 1545, 150.00, 0, 65
2026/10/02 09:45:54.387, 83.18, 1650, 150.00, 0, 65
2026/10/02 09:45:54.588, 83.18, 1650, 150.00, 0, 65
2026/10/02 09:45:54.789, 83.14, 1650, 150.00, 0, 64
2026/10/02 09:45:54.989, 109.33, 630, 150.00, 43, 66
2026/10/02 09:45:55.190, 102.35, 1650, 150.00, 100, 65
2026/10/02 09:45:55.390, 101.67, 1650, 150.00, 0, 65
2026/10/02 09:45:55.591, 101.65, 735, 150.00, 0, 65
2026/10/02 09:45:55.791, 116.69, 1200, 150.00, 60, 66
2026/10/02 09:45:55.992, 97.56, 1650, 150.00, 8, 65
2026/10/02 09:45:56.193, 78.36, 1650, 150.00, 0, 64
2026/10/02 09:45:56.393, 78.91, 1650, 150.00, 0, 64
2026/10/02 09:45:56.594, 95.83, 1650, 150.00, 32, 65
2026/10/02 09:45:56.794, 105.72, 1650, 150.00, 53, 65
2026/10/02 09:45:56.995, 94.44, 1650, 150.00, 0, 64
2026/10/02 09:45:57.195, 94.38, 1650, 150.00, 0, 64
2026/10/02 09:45:57.396, 104.53, 810, 150.00, 1, 66
2026/10/02 09:45:57.596, 85.06, 1650, 150.00, 43, 65
2026/10/02 09:45:57.797, 74.20, 1650, 150.00, 0, 64
2026/10/02 09:45:57.997, 75.03, 600, 150.00, 0, 65
2026/10/02 09:45:58.198, 73.85, 1440, 150.00, 57, 64
2026/10/02 09:45:58.399, 74.96, 1500, 132.00, 61, 64
2026/10/02 09:45:58.599, 128.22, 1140, 132.00, 0, 65
2026/10/02 09:45:58.800, 83.54, 1500, 132.00, 9, 64
2026/10/02 09:45:59.001, 74.66, 1500, 132.00, 0, 64
2026/10/02 09:45:59.201, 70.86, 1500, 132.00, 0, 64
2026/10/02 09:45:59.402, 68.73, 1500, 132.00, 0, 63
2026/10/02 09:45:59.602, 67.36, 1500, 132.00, 0, 63
2026/10/02 09:45:59.803, 67.36, 1500, 132.00, 0, 63
2026/10/02 09:46:00.003, 93.09, 510, 132.00, 0, 65
2026/10/02 09:46:00.204, 94.81, 1500, 132.00, 42, 64
2026/10/02 09:46:00.404, 105.75, 690, 132.00, 17, 64
2026/10/02 09:46:00.605, 115.93, 1410, 132.00, 90, 65
2026/10/02 09:46:00.805, 111.44, 1500, 132.00, 0, 64
2026/10/02 09:46:01.006, 90.19, 1500, 132.00, 0, 63
2026/10/02 09:46:01.207, 83.45, 540, 132.00, 0, 65
2026/10/02 09:46:01.407, 72.77, 1500, 132.00, 80, 64
2026/10/02 09:46:01.608, 67.49, 1500, 132.00, 0, 63
2026/10/02 09:46:01.809, 76.41, 540, 132.00, 0, 65
2026/10/02 09:46:02.009, 89.86, 615, 132.00, 100, 65
2026/10/02 09:46:02.210, 103.30, 615, 132.00, 100, 66
2026/10/02 09:46:02.410, 114.92, 615, 132.00, 100, 66
2026/10/02 09:46:02.611, 126.22, 705, 150.00, 100, 66
2026/10/02 09:46:02.811, 148.78, 765, 150.00, 100, 66
2026/10/02 09:46:03.012, 121.25, 1680, 150.00, 100, 65
2026/10/02 09:46:03.213, 104.34, 1680, 150.00, 57, 65
2026/10/02 09:46:03.413, 94.66, 1080, 150.00, 0, 64
2026/10/02 09:46:03.614, 95.81, 1620, 150.00, 85, 65
2026/10/02 09:46:03.814, 86.87, 1500, 150.00, 0, 65
2026/10/02 09:46:04.015, 77.66, 1680, 150.00, 0, 64
2026/10/02 09:46:04.216, 78.88, 1680, 150.00, 61, 64
2026/10/02 09:46:04.416, 79.05, 1680, 150.00, 0, 64
2026/10/02 09:46:04.617, 72.44, 1035, 150.00, 0, 64
2026/10/02 09:46:04.821, 83.75, 795, 150.00, 69, 66
2026/10/02 09:46:05.022, 100.62, 1395, 150.00, 100, 66
2026/10/02 09:46:05.222, 94.68, 1665, 150.00, 0, 64
2026/10/02 09:46:05.423, 109.83, 795, 150.00, 4, 66
2026/10/02 09:46:05.624, 117.39, 1665, 150.00, 100, 65
2026/10/02 09:46:05.824, 110.16, 1665, 150.00, 0, 64
2026/10/02 09:46:06.024, 95.18, 1110, 150.00, 0, 64
2026/10/02 09:46:06.225, 101.80, 795, 150.00, 86, 66
2026/10/02 09:46:06.426, 116.41, 630, 150.00, 100, 66
2026/10/02 09:46:06.626, 100.69, 1665, 150.00, 42, 65
2026/10/02 09:46:06.827, 104.64, 1530, 150.00, 0, 65
2026/10/02 09:46:07.027, 105.86, 1500, 150.00, 0, 65
2026/10/02 09:46:07.228, 95.64, 975, 150.00, 0, 65
2026/10/02 09:46:07.428, 79.46, 1665, 150.00, 58, 64
2026/10/02 09:46:07.629, 69.03, 1665, 150.00, 0, 64
2026/10/02 09:46:07.830, 69.76, 1620, 150.00, 3, 64
2026/10/02 09:46:08.030, 86.98, 1470, 150.00, 49, 66
2026/10/02 09:46:08.231, 85.69, 1185, 150.00, 0, 64
2026/10/02 09:46:08.431, 100.16, 1305, 150.00, 58, 65
2026/10/02 09:46:08.631, 116.02, 795, 150.00, 50, 66
2026/10/02 09:46:08.832, 129.44, 795, 150.00, 100, 67
2026/10/02 09:46:09.033, 134.67, 780, 150.00, 100, 67
2026/10/02 09:46:09.233, 134.26, 1680, 150.00, 68, 65
2026/10/02 09:46:09.434, 130.89, 1680, 150.00, 61, 65
2026/10/02 09:46:09.635, 109.31, 1680, 150.00, 0, 64
2026/10/02 09:46:09.835, 87.15, 1590, 150.00, 0, 65
2026/10/02 09:46:10.036, 77.88, 1680, 150.00, 0, 64
2026/10/02 09:46:10.236, 71.17, 1695, 150.00, 0, 64
2026/10/02 09:46:10.437, 68.86, 1695, 150.00, 0, 64
2026/10/02 09:46:10.637, 84.24, 1155, 150.00, 0, 66
2026/10/02 09:46:10.843, 91.26, 1530, 105.00, 81, 65
2026/10/02 09:46:11.045, 50.68, 795, 105.00, 30, 65
2026/10/02 09:46:11.246, 49.47, 795, 105.00, 0, 63
2026/10/02 09:46:11.446, 49.35, 660, 105.00, 0, 63
2026/10/02 09:46:11.647, 57.85, 795, 105.00, 79, 64
2026/10/02 09:46:11.848, 55.68, 795, 105.00, 0, 63
2026/10/02 09:46:12.048, 54.35, 795, 105.00, 0, 63
2026/10/02 09:46:12.249, 53.81, 795, 105.00, 0, 62
2026/10/02 09:46:12.450, 64.70, 375, 105.00, 68, 64
2026/10/02 09:46:12.650, 69.00, 360, 105.00, 100, 64
2026/10/02 09:46:12.851, 81.64, 375, 105.00, 100, 64
2026/10/02 09:46:13.052, 83.18, 795, 105.00, 83, 63
2026/10/02 09:46:13.252, 83.21, 795, 105.00, 0, 63
2026/10/02 09:46:13.453, 80.10, 375, 105.00, 0, 63
2026/10/02 09:46:13.654, 70.74, 795, 105.00, 71, 63
2026/10/02 09:46:13.854, 69.40, 795, 105.00, 39, 63
2026/10/02 09:46:14.055, 66.15, 495, 105.00, 0, 62
2026/10/02 09:46:14.256, 78.34, 360, 105.00, 82, 64
2026/10/02 09:46:14.456, 85.79, 375, 105.00, 100, 64
2026/10/02 09:46:14.657, 88.89, 285, 105.00, 98, 63
2026/10/02 09:46:14.858, 82.56, 525, 105.00, 90, 63
2026/10/02 09:46:15.058, 86.34, 795, 105.00, 80, 63
2026/10/02 09:46:15.259, 78.42, 585, 105.00, 0, 62
2026/10/02 09:46:15.460, 79.87, 585, 105.00, 32, 63
2026/10/02 09:46:15.660, 70.08, 585, 105.00, 18, 62
2026/10/02 09:46:15.861, 77.10, 585, 105.00, 39, 63
2026/10/02 09:46:16.062, 77.18, 375, 105.00, 9, 63
2026/10/02 09:46:16.262, 90.81, 375, 105.00, 100, 64
2026/10/02 09:46:16.463, 78.22, 585, 105.00, 50, 62
2026/10/02 09:46:16.664, 81.65, 345, 105.00, 0, 63
2026/10/02 09:46:16.864, 83.04, 375, 105.00, 100, 63
2026/10/02 09:46:17.065, 90.03, 375, 105.00, 100, 64
2026/10/02 09:46:17.268, 109.11, 840, 150.00, 100, 64
2026/10/02 09:46:17.469, 155.25, 795, 150.00, 100, 65
2026/10/02 09:46:17.669, 130.49, 1665, 150.00, 100, 64
2026/10/02 09:46:17.869, 110.16, 1680, 150.00, 0, 63
2026/10/02 09:46:18.070, 100.05, 1695, 150.00, 0, 63
2026/10/02 09:46:18.270, 93.98, 1395, 150.00, 0, 63
2026/10/02 09:46:18.471, 84.70, 1680, 150.00, 60, 63
2026/10/02 09:46:18.671, 87.92, 750, 150.00, 61, 65
2026/10/02 09:46:18.872, 98.82, 1575, 150.00, 100, 64
2026/10/02 09:46:19.072, 114.03, 1110, 150.00, 0, 65
2026/10/02 09:46:19.273, 134.43, 1290, 106.00, 77, 65
2026/10/02 09:46:19.473, 92.14, 420, 106.00, 74, 64
2026/10/02 09:46:19.674, 66.87, 1320, 106.00, 0, 63
2026/10/02 09:46:19.875, 90.33, 375, 106.00, 25, 63
2026/10/02 09:46:20.076, 85.84, 1320, 106.00, 0, 63
2026/10/02 09:46:20.276, 78.88, 1320, 106.00, 0, 62
2026/10/02 09:46:20.477, 88.89, 405, 106.00, 34, 63
2026/10/02 09:46:20.677, 95.51, 390, 106.00, 100, 64
2026/10/02 09:46:20.878, 105.28, 405, 106.00, 100, 64
2026/10/02 09:46:21.079, 93.84, 1320, 106.00, 34, 63
2026/10/02 09:46:21.279, 93.83, 885, 106.00, 0, 62
2026/10/02 09:46:21.480, 87.09, 1305, 106.00, 57, 63
2026/10/02 09:46:21.680, 79.12, 1305, 106.00, 0, 62
2026/10/02 09:46:21.881, 69.21, 1305, 106.00, 0, 62
2026/10/02 09:46:22.082, 64.22, 420, 106.00, 66, 63
2026/10/02 09:46:22.282, 73.28, 390, 106.00, 100, 63
2026/10/02 09:46:22.483, 78.04, 405, 106.00, 100, 63
2026/10/02 09:46:22.683, 87.86, 390, 106.00, 100, 64
2026/10/02 09:46:22.884, 95.72, 390, 106.00, 100, 63
2026/10/02 09:46:23.084, 104.82, 375, 106.00, 100, 63
2026/10/02 09:46:23.285, 105.30, 1305, 106.00, 100, 64
2026/10/02 09:46:23.486, 75.14, 1695, 150.00, 0, 63
2026/10/02 09:46:23.686, 132.65, 1410, 150.00, 51, 64
2026/10/02 09:46:23.887, 98.71, 1680, 150.00, 0, 63
2026/10/02 09:46:24.088, 88.64, 1695, 150.00, 0, 62
2026/10/02 09:46:24.288, 83.72, 1695, 150.00, 0, 62
2026/10/02 09:46:24.489, 80.55, 1605, 150.00, 58, 63
2026/10/02 09:46:24.689, 78.80, 1605, 150.00, 61, 63
2026/10/02 09:46:24.890, 67.94, 1680, 150.00, 0, 63
2026/10/02 09:46:25.090, 82.15, 675, 150.00, 23, 64
2026/10/02 09:46:25.291, 88.94, 1290, 150.00, 21, 63
2026/10/02 09:46:25.491, 92.10, 1680, 150.00, 0, 63
2026/10/02 09:46:25.697, 92.59, 1665, 150.00, 0, 63
2026/10/02 09:46:25.898, 92.83, 1665, 150.00, 0, 62
2026/10/02 09:46:26.098, 92.58, 1665, 150.00, 0, 62
2026/10/02 09:46:26.299, 87.57, 780, 150.00, 100, 64
2026/10/02 09:46:26.499, 83.70, 1665, 150.00, 0, 63
2026/10/02 09:46:26.700, 83.41, 1665, 150.00, 0, 62
2026/10/02 09:46:26.901, 84.26, 1575, 150.00, 58, 63
2026/10/02 09:46:27.101, 84.20, 1665, 150.00, 0, 62
2026/10/02 09:46:27.302, 74.88, 1665, 150.00, 0, 62
2026/10/02 09:46:27.502, 81.97, 780, 150.00, 77, 64
2026/10/02 09:46:27.703, 140.62, 270, 105.00, 100, 65
2026/10/02 09:46:27.903, 76.25, 810, 105.00, 42, 63
2026/10/02 09:46:28.104, 62.21, 810, 105.00, 0, 62
2026/10/02 09:46:28.305, 79.96, 375, 105.00, 100, 63
2026/10/02 09:46:28.505, 86.15, 375, 105.00, 100, 63
2026/10/02 09:46:28.706, 89.88, 375, 105.00, 100, 63
2026/10/02 09:46:28.907, 86.32, 810, 105.00, 14, 62
2026/10/02 09:46:29.107, 97.76, 375, 105.00, 100, 63
2026/10/02 09:46:29.308, 101.02, 375, 105.00, 100, 63
2026/10/02 09:46:29.509, 101.05, 375, 105.00, 100, 63
2026/10/02 09:46:29.709, 101.17, 360, 105.00, 100, 63
2026/10/02 09:46:29.910, 162.26, 795, 150.00, 100, 64
2026/10/02 09:46:30.111, 105.31, 1665, 150.00, 40, 63
2026/10/02 09:46:30.311, 87.01, 1680, 150.00, 0, 63
2026/10/02 09:46:30.512, 111.04, 1290, 150.00, 31, 64
2026/10/02 09:46:30.712, 106.43, 1560, 150.00, 60, 64
2026/10/02 09:46:30.913, 115.64, 645, 150.00, 24, 64
2026/10/02 09:46:31.114, 102.97, 1680, 150.00, 0, 63
2026/10/02 09:46:31.314, 123.91, 1680, 150.00, 26, 63
2026/10/02 09:46:31.515, 118.89, 1680, 150.00, 0, 63
2026/10/02 09:46:31.715, 115.66, 1680, 150.00, 14, 63
2026/10/02 09:46:31.916, 94.50, 1665, 150.00, 0, 62
2026/10/02 09:46:32.116, 95.69, 1665, 150.00, 0, 62
2026/10/02 09:46:32.317, 79.67, 1665, 150.00, 0, 62
2026/10/02 09:46:32.517, 104.86, 840, 150.00, 21, 64
2026/10/02 09:46:32.718, 87.34, 660, 150.00, 0, 64
2026/10/02 09:46:32.918, 87.82, 1620, 150.00, 61, 63
2026/10/02 09:46:33.119, 87.71, 1260, 150.00, 0, 62
2026/10/02 09:46:33.320, 102.33, 780, 150.00, 82, 64
2026/10/02 09:46:33.520, 92.90, 1665, 150.00, 41, 63
2026/10/02 09:46:33.721, 115.94, 1365, 150.00, 63, 65
2026/10/02 09:46:33.921, 124.33, 1125, 105.00, 100, 65
2026/10/02 09:46:34.130, 106.70, 390, 105.00, 57, 64
2026/10/02 09:46:34.330, 95.10, 375, 105.00, 61, 63
2026/10/02 09:46:34.531, 99.89, 375, 105.00, 100, 63
2026/10/02 09:46:34.732, 102.72, 375, 105.00, 100, 63
2026/10/02 09:46:34.932, 103.12, 375, 105.00, 100, 63
2026/10/02 09:46:35.133, 103.45, 375, 105.00, 100, 63
2026/10/02 09:46:35.334, 105.31, 375, 105.00, 100, 63
2026/10/02 09:46:35.534, 105.35, 375, 105.00, 100, 64
2026/10/02 09:46:35.735, 104.67, 375, 105.00, 100, 64
2026/10/02 09:46:35.936, 104.77, 375, 105.00, 100, 64
2026/10/02 09:46:36.136, 104.84, 375, 150.00, 100, 63
2026/10/02 09:46:36.337, 151.72, 780, 150.00, 100, 65
2026/10/02 09:46:36.537, 151.13, 765, 150.00, 100, 65
2026/10/02 09:46:36.738, 150.68, 765, 150.00, 100, 65
2026/10/02 09:46:36.939, 150.52, 750, 150.00, 100, 65
2026/10/02 09:46:37.139, 149.84, 780, 150.00, 100, 65
2026/10/02 09:46:37.340, 150.12, 765, 150.00, 100, 66
2026/10/02 09:46:37.540, 149.98, 765, 150.00, 100, 66
2026/10/02 09:46:37.741, 150.00, 750, 150.00, 100, 66
2026/10/02 09:46:37.942, 149.72, 735, 150.00, 100, 66
2026/10/02 09:46:38.142, 149.66, 765, 150.00, 100, 66
2026/10/02 09:46:38.343, 149.96, 765, 150.00, 100, 66
2026/10/02 09:46:38.543, 143.16, 1590, 150.00, 63, 65
2026/10/02 09:46:38.744, 147.28, 1260, 150.00, 100, 66
2026/10/02 09:46:38.944, 151.90, 1530, 150.00, 100, 66
2026/10/02 09:46:39.145, 157.85, 1530, 150.00, 92, 66
2026/10/02 09:46:39.345, 142.12, 1680, 150.00, 0, 64
2026/10/02 09:46:39.546, 128.95, 1695, 150.00, 0, 64
2026/10/02 09:46:39.746, 128.46, 780, 150.00, 46, 65
2026/10/02 09:46:39.947, 124.95, 795, 150.00, 100, 66
2026/10/02 09:46:40.147, 102.49, 1635, 150.00, 60, 65
2026/10/02 09:46:40.348, 100.66, 1575, 150.00, 61, 65
2026/10/02 09:46:40.548, 124.09, 1380, 150.00, 100, 66
2026/10/02 09:46:40.749, 117.63, 1635, 150.00, 58, 65
2026/10/02 09:46:40.949, 98.84, 810, 150.00, 71, 65
2026/10/02 09:46:41.150, 112.72, 1245, 150.00, 100, 66
2026/10/02 09:46:41.351, 137.50, 780, 150.00, 76, 66
2026/10/02 09:46:41.551, 128.39, 720, 150.00, 75, 66
2026/10/02 09:46:41.752, 120.87, 1620, 150.00, 61, 66
2026/10/02 09:46:41.952, 134.11, 795, 150.00, 90, 66
2026/10/02 09:46:42.153, 135.26, 795, 150.00, 100, 66
2026/10/02 09:46:42.353, 120.14, 630, 150.00, 56, 65
2026/10/02 09:46:42.554, 107.82, 630, 150.00, 7, 66
2026/10/02 09:46:42.754, 107.49, 1680, 150.00, 0, 64
2026/10/02 09:46:42.955, 113.23, 1140, 150.00, 100, 66
2026/10/02 09:46:43.156, 96.51, 1545, 150.00, 60, 65
2026/10/02 09:46:43.356, 114.37, 690, 150.00, 21, 66
2026/10/02 09:46:43.557, 117.01, 645, 150.00, 27, 65
2026/10/02 09:46:43.757, 127.38, 795, 150.00, 100, 66
2026/10/02 09:46:43.958, 131.61, 1680, 150.00, 4, 65
2026/10/02 09:46:44.158, 126.24, 720, 150.00, 66, 65
2026/10/02 09:46:44.359, 130.92, 1215, 150.00, 78, 67
2026/10/02 09:46:44.560, 110.53, 1680, 150.00, 0, 65
2026/10/02 09:46:44.760, 100.81, 735, 150.00, 59, 65
2026/10/02 09:46:44.961, 96.33, 1665, 150.00, 52, 65
2026/10/02 09:46:45.161, 96.76, 1680, 150.00, 0, 64
2026/10/02 09:46:45.362, 89.38, 645, 150.00, 0, 64
2026/10/02 09:46:45.562, 91.26, 1230, 150.00, 100, 66
2026/10/02 09:46:45.763, 90.29, 1680, 150.00, 0, 64
2026/10/02 09:46:45.963, 82.24, 1695, 150.00, 0, 64
2026/10/02 09:46:46.164, 92.09, 795, 150.00, 80, 65
2026/10/02 09:46:46.364, 90.28, 1650, 150.00, 62, 65
2026/10/02 09:46:46.565, 79.76, 1560, 150.00, 61, 65
2026/10/02 09:46:46.765, 91.84, 885, 150.00, 48, 66
2026/10/02 09:46:46.966, 106.88, 780, 150.00, 100, 66
2026/10/02 09:46:47.167, 121.97, 795, 150.00, 100, 67
2026/10/02 09:46:47.367, 132.42, 930, 150.00, 15, 66
2026/10/02 09:46:47.568, 142.44, 1680, 150.00, 29, 65
2026/10/02 09:46:47.768, 151.47, 585, 150.00, 16, 65
2026/10/02 09:46:47.969, 144.99, 1335, 150.00, 39, 66
2026/10/02 09:46:48.169, 129.82, 1680, 150.00, 0, 64
2026/10/02 09:46:48.370, 116.69, 1695, 150.00, 0, 64
2026/10/02 09:46:48.570, 110.26, 1680, 150.00, 26, 64
2026/10/02 09:46:48.771, 106.79, 1665, 150.00, 43, 65
2026/10/02 09:46:48.971, 108.91, 1680, 150.00, 15, 65
2026/10/02 09:46:49.172, 128.28, 795, 150.00, 100, 66
2026/10/02 09:46:49.373, 150.85, 795, 150.00, 100, 66
2026/10/02 09:46:49.573, 143.65, 780, 150.00, 100, 67
2026/10/02 09:46:49.774, 148.62, 735, 150.00, 100, 67
2026/10/02 09:46:49.974, 150.25, 735, 150.00, 100, 67
2026/10/02 09:46:50.175, 150.83, 780, 150.00, 100, 67
2026/10/02 09:46:50.375, 150.77, 780, 150.00, 100, 67
2026/10/02 09:46:50.576, 150.62, 795, 150.00, 100, 67
2026/10/02 09:46:50.776, 150.07, 660, 150.00, 100, 67
2026/10/02 09:46:50.977, 150.04, 735, 150.00, 100, 67
2026/10/02 09:46:51.178, 150.04, 765, 150.00, 100, 67
2026/10/02 09:46:51.378, 149.82, 780, 150.00, 100, 67
2026/10/02 09:46:51.579, 149.82, 765, 150.00, 100, 67
2026/10/02 09:46:51.779, 154.49, 690, 150.00, 81, 68
2026/10/02 09:46:51.980, 154.84, 735, 150.00, 100, 67
2026/10/02 09:46:52.180, 155.85, 765, 150.00, 100, 68
2026/10/02 09:46:52.381, 155.57, 780, 150.00, 100, 68
2026/10/02 09:46:52.581, 155.24, 735, 150.00, 100, 68
2026/10/02 09:46:52.782, 149.75, 735, 150.00, 100, 68
2026/10/02 09:46:52.983, 145.58, 1575, 150.00, 100, 67
2026/10/02 09:46:53.184, 131.42, 825, 150.00, 0, 66
2026/10/02 09:46:53.384, 128.28, 765, 150.00, 76, 67
2026/10/02 09:46:53.585, 120.72, 1665, 150.00, 95, 66
2026/10/02 09:46:53.786, 105.79, 1560, 150.00, 0, 66
2026/10/02 09:46:53.986, 114.82, 795, 150.00, 44, 67
2026/10/02 09:46:54.187, 122.39, 1650, 150.00, 96, 66
2026/10/02 09:46:54.387, 135.26, 780, 150.00, 35, 67
2026/10/02 09:46:54.588, 136.62, 885, 150.00, 100, 68
2026/10/02 09:46:54.788, 137.87, 720, 150.00, 48, 67
2026/10/02 09:46:54.989, 134.81, 705, 150.00, 86, 68
2026/10/02 09:46:55.190, 127.18, 1680, 150.00, 51, 66
2026/10/02 09:46:55.390, 106.49, 1695, 150.00, 0, 65
2026/10/02 09:46:55.591, 105.66, 1515, 150.00, 17, 67
2026/10/02 09:46:55.791, 118.08, 1455, 150.00, 25, 67
2026/10/02 09:46:55.992, 108.69, 1005, 150.00, 28, 65
2026/10/02 09:46:56.192, 113.81, 1230, 150.00, 54, 66
2026/10/02 09:46:56.393, 132.31, 1680, 150.00, 43, 66
2026/10/02 09:46:56.594, 128.87, 600, 150.00, 30, 66
2026/10/02 09:46:56.794, 124.21, 1680, 150.00, 59, 65
2026/10/02 09:46:56.995, 117.44, 1680, 150.00, 12, 66
2026/10/02 09:46:57.195, 106.51, 1005, 150.00, 0, 66
2026/10/02 09:46:57.396, 98.94, 1680, 150.00, 77, 66
2026/10/02 09:46:57.597, 95.02, 780, 150.00, 0, 67
2026/10/02 09:46:57.797, 105.44, 795, 150.00, 78, 67
2026/10/02 09:46:57.998, 108.50, 780, 150.00, 100, 67
2026/10/02 09:46:58.198, 124.93, 795, 150.00, 100, 68
2026/10/02 09:46:58.399, 133.19, 795, 150.00, 100, 68
2026/10/02 09:46:58.600, 147.91, 750, 150.00, 100, 68
2026/10/02 09:46:58.800, 161.48, 840, 150.00, 100, 68
2026/10/02 09:46:59.001, 159.09, 780, 150.00, 87, 68
2026/10/02 09:46:59.201, 159.84, 1380, 150.00, 100, 68
2026/10/02 09:46:59.402, 164.60, 780, 150.00, 67, 68
2026/10/02 09:46:59.603, 164.07, 765, 150.00, 100, 68
2026/10/02 09:46:59.803, 165.44, 765, 150.00, 100, 68
2026/10/02 09:47:00.004, 158.39, 1605, 150.00, 100, 68
2026/10/02 09:47:00.204, 143.19, 1680, 150.00, 3, 66
2026/10/02 09:47:00.405, 134.14, 765, 150.00, 0, 67
2026/10/02 09:47:00.606, 138.77, 1290, 150.00, 86, 67
2026/10/02 09:47:00.806, 143.28, 750, 150.00, 71, 68
2026/10/02 09:47:01.007, 138.49, 1635, 150.00, 80, 67
2026/10/02 09:47:01.207, 132.63, 1020, 150.00, 0, 66
2026/10/02 09:47:01.408, 157.98, 795, 150.00, 52, 68
2026/10/02 09:47:01.609, 153.19, 780, 150.00, 100, 68
2026/10/02 09:47:01.809, 144.82, 780, 150.00, 100, 68
2026/10/02 09:47:02.010, 136.29, 1680, 150.00, 100, 67
2026/10/02 09:47:02.211, 144.23, 660, 150.00, 7, 67
2026/10/02 09:47:02.411, 126.09, 1245, 150.00, 63, 66
2026/10/02 09:47:02.612, 122.86, 780, 150.00, 44, 68
2026/10/02 09:47:02.812, 113.13, 1665, 150.00, 100, 67
2026/10/02 09:47:03.013, 108.44, 795, 150.00, 0, 68
2026/10/02 09:47:03.213, 112.82, 1335, 150.00, 74, 68
2026/10/02 09:47:03.414, 127.88, 1380, 150.00, 44, 68
2026/10/02 09:47:03.614, 117.24, 1605, 150.00, 36, 67
2026/10/02 09:47:03.815, 112.11, 780, 150.00, 2, 68
2026/10/02 09:47:04.016, 120.14, 1680, 150.00, 100, 66
2026/10/02 09:47:04.216, 112.89, 660, 150.00, 0, 66
2026/10/02 09:47:04.417, 104.90, 690, 150.00, 62, 67
2026/10/02 09:47:04.617, 105.19, 780, 150.00, 100, 68
2026/10/02 09:47:04.818, 112.87, 780, 150.00, 100, 68
2026/10/02 09:47:05.018, 113.82, 780, 150.00, 100, 68
2026/10/02 09:47:05.219, 126.65, 1680, 150.00, 100, 67
2026/10/02 09:47:05.420, 122.22, 1650, 150.00, 0, 67
2026/10/02 09:47:05.620, 129.74, 1560, 150.00, 0, 67
2026/10/02 09:47:05.821, 110.26, 1680, 150.00, 12, 66
2026/10/02 09:47:06.021, 109.55, 780, 150.00, 0, 67
2026/10/02 09:47:06.222, 105.13, 885, 150.00, 100, 67
2026/10/02 09:47:06.422, 104.41, 1680, 150.00, 59, 66
2026/10/02 09:47:06.623, 104.45, 1695, 150.00, 0, 65
2026/10/02 09:47:06.824, 96.68, 1170, 150.00, 0, 67
2026/10/02 09:47:07.024, 102.98, 780, 150.00, 56, 67
2026/10/02 09:47:07.225, 97.06, 1560, 150.00, 100, 68
2026/10/02 09:47:07.425, 106.77, 1005, 150.00, 10, 67
2026/10/02 09:47:07.626, 129.96, 1530, 150.00, 49, 68
2026/10/02 09:47:07.826, 137.27, 660, 150.00, 41, 66
2026/10/02 09:47:08.027, 131.64, 600, 150.00, 60, 66
2026/10/02 09:47:08.227, 131.79, 780, 150.00, 64, 68
2026/10/02 09:47:08.428, 130.17, 645, 150.00, 100, 67
2026/10/02 09:47:08.629, 133.66, 765, 150.00, 59, 68
2026/10/02 09:47:08.829, 124.50, 780, 150.00, 100, 68
2026/10/02 09:47:09.030, 139.52, 750, 150.00, 85, 68
2026/10/02 09:47:09.230, 146.92, 780, 150.00, 100, 68
2026/10/02 09:47:09.431, 142.07, 780, 150.00, 89, 68
2026/10/02 09:47:09.631, 152.47, 1455, 150.00, 100, 68
2026/10/02 09:47:09.832, 151.69, 735, 150.00, 62, 68
2026/10/02 09:47:10.032, 148.54, 1680, 150.00, 100, 67
2026/10/02 09:47:10.233, 127.57, 1680, 150.00, 0, 66
2026/10/02 09:47:10.433, 119.45, 1695, 150.00, 0, 66
2026/10/02 09:47:10.634, 111.74, 780, 150.00, 0, 67
2026/10/02 09:47:10.834, 105.01, 780, 150.00, 100, 68
2026/10/02 09:47:11.035, 106.92, 780, 150.00, 100, 68
2026/10/02 09:47:11.235, 122.96, 780, 150.00, 100, 68
2026/10/02 09:47:11.436, 141.10, 690, 150.00, 100, 68
2026/10/02 09:47:11.636, 148.44, 765, 150.00, 100, 68
2026/10/02 09:47:11.837, 148.97, 780, 150.00, 100, 69
2026/10/02 09:47:12.038, 149.29, 780, 150.00, 100, 69
2026/10/02 09:47:12.238, 149.27, 645, 150.00, 100, 69
2026/10/02 09:47:12.439, 146.91, 720, 150.00, 100, 69
2026/10/02 09:47:12.639, 149.93, 750, 150.00, 100, 69
2026/10/02 09:47:12.840, 149.88, 780, 150.00, 100, 69
2026/10/02 09:47:13.041, 141.09, 1680, 150.00, 98, 67
2026/10/02 09:47:13.241, 135.08, 795, 150.00, 0, 68
2026/10/02 09:47:13.442, 128.66, 675, 150.00, 100, 68
2026/10/02 09:47:13.642, 112.58, 1680, 150.00, 61, 67
2026/10/02 09:47:13.843, 106.82, 795, 150.00, 0, 68
2026/10/02 09:47:14.043, 101.89, 945, 150.00, 87, 68
2026/10/02 09:47:14.244, 116.65, 780, 150.00, 66, 68
2026/10/02 09:47:14.445, 119.46, 780, 150.00, 100, 69
2026/10/02 09:47:14.645, 130.62, 780, 150.00, 100, 69
2026/10/02 09:47:14.846, 145.62, 780, 150.00, 100, 69
2026/10/02 09:47:15.046, 134.27, 1635, 150.00, 76, 67
2026/10/02 09:47:15.247, 131.41, 1635, 150.00, 0, 66
2026/10/02 09:47:15.447, 108.25, 1635, 150.00, 0, 66
2026/10/02 09:47:15.648, 101.42, 1635, 150.00, 26, 66
2026/10/02 09:47:15.848, 96.44, 1170, 150.00, 0, 67
2026/10/02 09:47:16.049, 94.16, 765, 150.00, 52, 68
2026/10/02 09:47:16.249, 104.22, 660, 150.00, 100, 67
2026/10/02 09:47:16.450, 118.47, 750, 150.00, 59, 68
2026/10/02 09:47:16.651, 114.77, 780, 150.00, 100, 68
2026/10/02 09:47:16.851, 130.88, 780, 150.00, 100, 69
2026/10/02 09:47:17.052, 133.57, 1635, 150.00, 100, 67
2026/10/02 09:47:17.252, 121.75, 1635, 150.00, 0, 68
2026/10/02 09:47:17.453, 122.17, 1680, 150.00, 0, 66
2026/10/02 09:47:17.653, 97.69, 645, 150.00, 0, 66
2026/10/02 09:47:17.854, 82.05, 1665, 150.00, 60, 67
2026/10/02 09:47:18.054, 73.09, 1650, 150.00, 0, 67
2026/10/02 09:47:18.255, 73.82, 1680, 150.00, 0, 66
2026/10/02 09:47:18.456, 71.70, 1695, 150.00, 0, 66
2026/10/02 09:47:18.656, 85.27, 780, 150.00, 0, 67
2026/10/02 09:47:18.857, 91.66, 1605, 150.00, 100, 67
2026/10/02 09:47:19.057, 109.44, 1455, 150.00, 20, 68
2026/10/02 09:47:19.258, 127.79, 780, 150.00, 34, 68
2026/10/02 09:47:19.458, 137.31, 1110, 150.00, 100, 68
2026/10/02 09:47:19.659, 144.18, 780, 150.00, 61, 68
2026/10/02 09:47:19.860, 129.40, 1665, 150.00, 100, 67
2026/10/02 09:47:20.060, 126.83, 795, 150.00, 0, 68
2026/10/02 09:47:20.261, 123.46, 795, 150.00, 85, 68
2026/10/02 09:47:20.461, 107.47, 1665, 150.00, 100, 67
2026/10/02 09:47:20.662, 104.37, 1590, 150.00, 0, 67
2026/10/02 09:47:20.863, 112.12, 690, 150.00, 0, 66
2026/10/02 09:47:21.063, 101.41, 600, 150.00, 99, 67
2026/10/02 09:47:21.264, 86.39, 1665, 150.00, 58, 66
2026/10/02 09:47:21.464, 108.02, 750, 150.00, 0, 67
2026/10/02 09:47:21.665, 103.13, 1590, 150.00, 100, 68
2026/10/02 09:47:21.865, 114.39, 885, 150.00, 9, 68
2026/10/02 09:47:22.066, 123.85, 795, 150.00, 100, 68
2026/10/02 09:47:22.266, 137.05, 780, 150.00, 100, 69
2026/10/02 09:47:22.467, 141.40, 780, 150.00, 96, 69
2026/10/02 09:47:22.667, 138.31, 720, 150.00, 100, 68
2026/10/02 09:47:22.868, 146.31, 750, 150.00, 100, 69
2026/10/02 09:47:23.069, 149.39, 765, 150.00, 100, 69
2026/10/02 09:47:23.269, 140.30, 1605, 150.00, 100, 69
2026/10/02 09:47:23.470, 133.58, 690, 150.00, 59, 68
2026/10/02 09:47:23.670, 138.50, 780, 150.00, 100, 69
2026/10/02 09:47:23.871, 121.71, 1680, 150.00, 25, 67
2026/10/02 09:47:24.071, 124.47, 765, 150.00, 62, 68
2026/10/02 09:47:24.272, 134.26, 1320, 150.00, 100, 69
2026/10/02 09:47:24.472, 140.52, 780, 150.00, 100, 69
2026/10/02 09:47:24.673, 140.03, 780, 150.00, 100, 69
2026/10/02 09:47:24.873, 146.79, 690, 150.00, 100, 69
2026/10/02 09:47:25.074, 153.98, 765, 150.00, 100, 69
2026/10/02 09:47:25.275, 153.24, 765, 150.00, 100, 69
2026/10/02 09:47:25.475, 149.41, 780, 150.00, 100, 69
2026/10/02 09:47:25.676, 148.50, 690, 150.00, 100, 69
2026/10/02 09:47:25.876, 150.34, 735, 150.00, 100, 69
2026/10/02 09:47:26.077, 141.42, 1545, 150.00, 100, 69
2026/10/02 09:47:26.277, 148.17, 840, 150.00, 18, 69
2026/10/02 09:47:26.478, 140.80, 1590, 150.00, 100, 69
2026/10/02 09:47:26.678, 126.18, 1680, 150.00, 0, 67
2026/10/02 09:47:26.879, 120.59, 1260, 150.00, 16, 68
2026/10/02 09:47:27.080, 107.87, 1665, 150.00, 57, 67
2026/10/02 09:47:27.280, 111.00, 1320, 150.00, 0, 67
2026/10/02 09:47:27.481, 108.08, 1500, 132.00, 45, 68
2026/10/02 09:47:27.681, 63.41, 1500, 132.00, 0, 67
2026/10/02 09:47:27.882, 84.87, 510, 132.00, 0, 66
2026/10/02 09:47:28.082, 104.96, 615, 132.00, 100, 68
2026/10/02 09:47:28.283, 103.30, 1500, 132.00, 66, 68
2026/10/02 09:47:28.483, 114.39, 630, 132.00, 16, 68
2026/10/02 09:47:28.684, 104.78, 1500, 132.00, 65, 67
2026/10/02 09:47:28.885, 104.70, 1500, 132.00, 0, 66
2026/10/02 09:47:29.085, 93.65, 1500, 132.00, 77, 66
2026/10/02 09:47:29.286, 106.26, 645, 132.00, 21, 67
2026/10/02 09:47:29.486, 99.89, 1335, 132.00, 90, 68
2026/10/02 09:47:29.687, 60.61, 1440, 121.00, 0, 66
2026/10/02 09:47:29.888, 127.00, 345, 121.00, 0, 66
2026/10/02 09:47:30.088, 126.03, 510, 121.00, 100, 67
2026/10/02 09:47:30.289, 125.22, 510, 121.00, 100, 67
2026/10/02 09:47:30.489, 125.08, 525, 121.00, 100, 67
2026/10/02 09:47:30.690, 122.69, 300, 121.00, 100, 67
2026/10/02 09:47:30.890, 128.41, 495, 121.00, 100, 67
2026/10/02 09:47:31.091, 121.94, 510, 121.00, 100, 67
2026/10/02 09:47:31.292, 121.71, 510, 121.00, 100, 67
2026/10/02 09:47:31.492, 121.61, 510, 121.00, 100, 68
2026/10/02 09:47:31.693, 120.13, 450, 150.00, 100, 67
2026/10/02 09:47:31.893, 148.12, 750, 150.00, 100, 68
2026/10/02 09:47:32.094, 150.47, 765, 150.00, 100, 68
2026/10/02 09:47:32.294, 151.29, 765, 150.00, 100, 69
2026/10/02 09:47:32.495, 150.82, 720, 150.00, 100, 69
2026/10/02 09:47:32.696, 149.89, 720, 150.00, 100, 69
2026/10/02 09:47:32.897, 144.41, 960, 150.00, 83, 69
2026/10/02 09:47:33.098, 147.31, 795, 150.00, 100, 69
2026/10/02 09:47:33.298, 132.29, 1680, 150.00, 0, 68
2026/10/02 09:47:33.499, 134.00, 795, 150.00, 100, 69
2026/10/02 09:47:33.699, 135.58, 780, 150.00, 100, 69
2026/10/02 09:47:33.900, 134.27, 1590, 150.00, 22, 69
2026/10/02 09:47:34.101, 123.22, 1680, 150.00, 0, 67
2026/10/02 09:47:34.301, 120.75, 1365, 150.00, 57, 68
2026/10/02 09:47:34.502, 110.99, 1260, 150.00, 58, 68
2026/10/02 09:47:34.702, 96.11, 1680, 150.00, 0, 67
2026/10/02 09:47:34.903, 92.38, 720, 150.00, 73, 68
2026/10/02 09:47:35.104, 103.84, 1605, 150.00, 17, 68
2026/10/02 09:47:35.304, 118.36, 795, 150.00, 100, 68
2026/10/02 09:47:35.505, 134.43, 1230, 150.00, 79, 69
2026/10/02 09:47:35.705, 141.89, 1575, 150.00, 31, 69
2026/10/02 09:47:35.906, 112.86, 570, 143.00, 63, 67
2026/10/02 09:47:36.106, 89.68, 1560, 143.00, 3, 68
2026/10/02 09:47:36.307, 116.06, 720, 143.00, 100, 68
2026/10/02 09:47:36.507, 126.38, 705, 143.00, 100, 69
2026/10/02 09:47:36.708, 132.87, 765, 143.00, 32, 67
2026/10/02 09:47:36.909, 135.40, 720, 143.00, 100, 69
2026/10/02 09:47:37.109, 141.03, 720, 143.00, 100, 69
2026/10/02 09:47:37.310, 147.43, 720, 143.00, 100, 69
2026/10/02 09:47:37.510, 147.48, 390, 143.00, 83, 69
2026/10/02 09:47:37.711, 146.53, 1485, 143.00, 47, 69
2026/10/02 09:47:37.912, 131.47, 600, 105.00, 61, 68
2026/10/02 09:47:38.119, 50.97, 870, 105.00, 0, 67
2026/10/02 09:47:38.320, 68.07, 375, 105.00, 97, 66
2026/10/02 09:47:38.521, 82.45, 345, 105.00, 100, 67
2026/10/02 09:47:38.721, 88.78, 360, 105.00, 100, 67
2026/10/02 09:47:38.922, 92.46, 345, 105.00, 100, 67
2026/10/02 09:47:39.123, 98.42, 375, 105.00, 100, 67
2026/10/02 09:47:39.323, 103.97, 360, 105.00, 100, 67
2026/10/02 09:47:39.524, 104.11, 360, 105.00, 100, 67
2026/10/02 09:47:39.725, 104.04, 360, 105.00, 100, 67
2026/10/02 09:47:39.925, 104.14, 360, 105.00, 100, 67
2026/10/02 09:47:40.126, 151.58, 1065, 150.00, 100, 67
2026/10/02 09:47:40.327, 152.35, 765, 150.00, 100, 68
2026/10/02 09:47:40.527, 151.16, 750, 150.00, 100, 69
2026/10/02 09:47:40.728, 150.61, 735, 150.00, 100, 69
2026/10/02 09:47:40.928, 150.55, 750, 150.00, 100, 69
2026/10/02 09:47:41.129, 141.88, 1635, 150.00, 0, 68
2026/10/02 09:47:41.329, 149.06, 795, 150.00, 100, 69
2026/10/02 09:47:41.530, 133.99, 915, 150.00, 61, 67
2026/10/02 09:47:41.730, 141.65, 1425, 150.00, 58, 69
2026/10/02 09:47:41.931, 132.86, 705, 150.00, 91, 68
2026/10/02 09:47:42.132, 135.54, 750, 150.00, 82, 69
2026/10/02 09:47:42.332, 135.76, 750, 150.00, 100, 69
2026/10/02 09:47:42.533, 138.30, 765, 150.00, 52, 68
2026/10/02 09:47:42.733, 130.86, 1650, 150.00, 0, 68
2026/10/02 09:47:42.934, 122.65, 1680, 150.00, 0, 67
2026/10/02 09:47:43.134, 122.86, 795, 150.00, 91, 68
2026/10/02 09:47:43.335, 107.42, 1665, 150.00, 0, 68
2026/10/02 09:47:43.536, 101.50, 1680, 150.00, 0, 67
2026/10/02 09:47:43.736, 86.67, 1695, 150.00, 0, 67
2026/10/02 09:47:43.936, 98.26, 1065, 150.00, 42, 67
2026/10/02 09:47:44.137, 106.91, 795, 150.00, 100, 69
2026/10/02 09:47:44.337, 112.39, 1425, 150.00, 40, 69
2026/10/02 09:47:44.538, 111.24, 1230, 150.00, 56, 68
2026/10/02 09:47:44.738, 111.09, 1680, 150.00, 0, 67
2026/10/02 09:47:44.939, 112.19, 1695, 150.00, 0, 67
2026/10/02 09:47:45.139, 110.13, 765, 150.00, 86, 68
2026/10/02 09:47:45.340, 97.25, 975, 150.00, 72, 68
2026/10/02 09:47:45.540, 104.39, 705, 150.00, 67, 68
2026/10/02 09:47:45.741, 116.15, 750, 150.00, 100, 68
2026/10/02 09:47:45.941, 122.92, 1575, 150.00, 18, 69
2026/10/02 09:47:46.142, 115.71, 735, 150.00, 100, 67
2026/10/02 09:47:46.342, 108.26, 1545, 150.00, 27, 69
2026/10/02 09:47:46.543, 107.97, 1680, 150.00, 7, 67
2026/10/02 09:47:46.743, 102.74, 645, 150.00, 61, 67
2026/10/02 09:47:46.944, 94.59, 660, 150.00, 81, 67
2026/10/02 09:47:47.145, 94.20, 1665, 150.00, 0, 67
2026/10/02 09:47:47.345, 99.64, 795, 150.00, 100, 68
2026/10/02 09:47:47.546, 101.32, 1680, 150.00, 5, 67
2026/10/02 09:47:47.746, 97.45, 1680, 150.00, 0, 67
2026/10/02 09:47:47.947, 96.47, 1680, 150.00, 0, 67
2026/10/02 09:47:48.147, 103.91, 1485, 150.00, 33, 68
2026/10/02 09:47:48.347, 98.51, 690, 150.00, 93, 67
2026/10/02 09:47:48.548, 98.06, 1515, 150.00, 33, 68
2026/10/02 09:47:48.749, 117.14, 1575, 150.00, 28, 68
2026/10/02 09:47:48.949, 131.40, 780, 150.00, 100, 69
2026/10/02 09:47:49.150, 132.28, 780, 150.00, 100, 69
2026/10/02 09:47:49.350, 148.16, 780, 150.00, 100, 69
2026/10/02 09:47:49.551, 149.18, 795, 150.00, 100, 69
2026/10/02 09:47:49.751, 151.86, 720, 150.00, 100, 69
2026/10/02 09:47:49.952, 151.29, 765, 150.00, 100, 69
2026/10/02 09:47:50.153, 151.25, 780, 150.00, 100, 69
2026/10/02 09:47:50.353, 151.32, 750, 150.00, 100, 70
2026/10/02 09:47:50.554, 149.76, 660, 150.00, 100, 70
2026/10/02 09:47:50.754, 149.95, 735, 150.00, 100, 70
2026/10/02 09:47:50.955, 150.41, 765, 150.00, 100, 70
2026/10/02 09:47:51.155, 150.25, 765, 150.00, 100, 70
2026/10/02 09:47:51.356, 141.52, 1365, 150.00, 50, 70
2026/10/02 09:47:51.557, 135.05, 1605, 150.00, 9, 70
2026/10/02 09:47:51.757, 122.53, 1680, 150.00, 0, 68
2026/10/02 09:47:51.958, 121.29, 1500, 150.00, 29, 69
2026/10/02 09:47:52.158, 106.84, 1680, 150.00, 0, 67
2026/10/02 09:47:52.359, 103.90, 1575, 150.00, 16, 69
2026/10/02 09:47:52.559, 102.53, 1635, 150.00, 0, 68
2026/10/02 09:47:52.760, 110.83, 705, 150.00, 67, 68
2026/10/02 09:47:52.960, 109.51, 1485, 150.00, 32, 69
2026/10/02 09:47:53.161, 118.69, 585, 150.00, 59, 67
2026/10/02 09:47:53.361, 105.91, 1680, 150.00, 0, 67
2026/10/02 09:47:53.562, 113.74, 765, 150.00, 87, 68
2026/10/02 09:47:53.762, 108.50, 1680, 150.00, 0, 67
2026/10/02 09:47:53.963, 91.56, 1665, 150.00, 0, 68
2026/10/02 09:47:54.164, 92.58, 1680, 150.00, 0, 67
2026/10/02 09:47:54.364, 84.93, 1695, 150.00, 0, 67
2026/10/02 09:47:54.565, 86.26, 1590, 150.00, 12, 68
2026/10/02 09:47:54.765, 81.80, 1665, 150.00, 0, 67
2026/10/02 09:47:54.966, 100.16, 795, 150.00, 96, 68
2026/10/02 09:47:55.166, 99.94, 1680, 150.00, 0, 67
2026/10/02 09:47:55.367, 111.85, 1470, 150.00, 35, 68
2026/10/02 09:47:55.567, 110.50, 1680, 150.00, 14, 67
2026/10/02 09:47:55.768, 129.09, 930, 150.00, 70, 68
2026/10/02 09:47:55.969, 130.72, 1455, 150.00, 37, 69
2026/10/02 09:47:56.169, 123.82, 1680, 150.00, 0, 67
2026/10/02 09:47:56.370, 110.71, 1695, 150.00, 0, 67
2026/10/02 09:47:56.570, 132.82, 795, 150.00, 100, 68
2026/10/02 09:47:56.771, 115.21, 1680, 150.00, 0, 67
2026/10/02 09:47:56.971, 91.63, 1680, 150.00, 0, 66
2026/10/02 09:47:57.171, 103.68, 915, 150.00, 43, 67
2026/10/02 09:47:57.372, 102.86, 1680, 150.00, 0, 67
2026/10/02 09:47:57.572, 98.58, 1380, 150.00, 46, 68
2026/10/02 09:47:57.773, 97.42, 1350, 150.00, 53, 68
2026/10/02 09:47:57.974, 107.17, 1680, 150.00, 14, 67
2026/10/02 09:47:58.174, 106.33, 960, 150.00, 61, 67
2026/10/02 09:47:58.375, 95.15, 1680, 150.00, 0, 67
2026/10/02 09:47:58.575, 84.28, 885, 150.00, 60, 67
2026/10/02 09:47:58.776, 78.71, 1680, 150.00, 0, 66
2026/10/02 09:47:58.976, 91.87, 720, 150.00, 82, 67
2026/10/02 09:47:59.177, 92.15, 645, 150.00, 52, 67
2026/10/02 09:47:59.378, 92.07, 1680, 150.00, 0, 67
2026/10/02 09:47:59.578, 92.05, 1680, 150.00, 0, 66
2026/10/02 09:47:59.779, 98.57, 1695, 150.00, 10, 66
2026/10/02 09:47:59.979, 100.87, 1515, 150.00, 33, 68
2026/10/02 09:48:00.180, 94.78, 1680, 150.00, 0, 66
2026/10/02 09:48:00.380, 85.60, 1695, 150.00, 0, 66
2026/10/02 09:48:00.581, 85.63, 1695, 150.00, 0, 66
2026/10/02 09:48:00.781, 92.21, 735, 150.00, 100, 67
2026/10/02 09:48:00.982, 92.58, 795, 150.00, 100, 68
2026/10/02 09:48:01.182, 93.12, 1680, 150.00, 0, 67
2026/10/02 09:48:01.382, 93.15, 1680, 150.00, 0, 66
2026/10/02 09:48:01.583, 93.12, 1695, 150.00, 0, 66
2026/10/02 09:48:01.784, 108.91, 795, 150.00, 100, 67
2026/10/02 09:48:01.984, 114.24, 1455, 150.00, 65, 68
2026/10/02 09:48:02.185, 105.97, 1680, 150.00, 0, 67
2026/10/02 09:48:02.385, 117.05, 1395, 150.00, 44, 67
2026/10/02 09:48:02.586, 130.91, 780, 150.00, 100, 68
2026/10/02 09:48:02.786, 137.31, 780, 150.00, 100, 68
2026/10/02 09:48:02.987, 125.83, 615, 150.00, 56, 67
2026/10/02 09:48:03.187, 114.82, 1680, 150.00, 0, 67
2026/10/02 09:48:03.388, 111.29, 630, 150.00, 59, 66
2026/10/02 09:48:03.588, 115.90, 735, 150.00, 53, 66
2026/10/02 09:48:03.789, 100.58, 1680, 150.00, 0, 66
2026/10/02 09:48:03.989, 93.64, 1680, 150.00, 0, 66
2026/10/02 09:48:04.190, 90.03, 1695, 150.00, 0, 66
2026/10/02 09:48:04.390, 99.69, 1590, 150.00, 10, 67
2026/10/02 09:48:04.591, 91.32, 1680, 150.00, 0, 66
2026/10/02 09:48:04.791, 85.96, 1635, 150.00, 0, 67
2026/10/02 09:48:04.992, 85.92, 1680, 150.00, 0, 66
2026/10/02 09:48:05.193, 85.89, 1695, 150.00, 0, 66
2026/10/02 09:48:05.393, 76.52, 1470, 150.00, 59, 66
2026/10/02 09:48:05.594, 77.04, 1680, 150.00, 0, 66
2026/10/02 09:48:05.794, 72.19, 1695, 150.00, 0, 65
2026/10/02 09:48:05.995, 72.61, 1695, 150.00, 0, 65
2026/10/02 09:48:06.195, 90.27, 795, 150.00, 100, 67
2026/10/02 09:48:06.396, 87.69, 1680, 150.00, 0, 66
2026/10/02 09:48:06.596, 93.00, 1560, 150.00, 7, 66
2026/10/02 09:48:06.797, 91.75, 1680, 150.00, 0, 66
2026/10/02 09:48:06.997, 91.67, 1680, 150.00, 1, 66
2026/10/02 09:48:07.198, 91.06, 1215, 150.00, 16, 67
2026/10/02 09:48:07.398, 101.69, 690, 150.00, 67, 68
2026/10/02 09:48:07.599, 121.00, 630, 150.00, 51, 68
2026/10/02 09:48:07.799, 117.69, 1680, 150.00, 0, 66
2026/10/02 09:48:08.000, 128.40, 645, 150.00, 50, 67
2026/10/02 09:48:08.201, 139.68, 1650, 150.00, 9, 66
2026/10/02 09:48:08.401, 131.32, 1650, 150.00, 100, 66
2026/10/02 09:48:08.602, 119.73, 1515, 150.00, 13, 66
2026/10/02 09:48:08.803, 120.28, 1680, 150.00, 0, 65
2026/10/02 09:48:09.003, 123.79, 630, 150.00, 0, 67
2026/10/02 09:48:09.204, 123.43, 1560, 150.00, 47, 66
2026/10/02 09:48:09.404, 102.53, 1680, 150.00, 0, 65
2026/10/02 09:48:09.605, 94.01, 1695, 150.00, 0, 65
2026/10/02 09:48:09.805, 95.03, 1320, 150.00, 0, 66
2026/10/02 09:48:10.006, 97.86, 1020, 150.00, 0, 66
2026/10/02 09:48:10.207, 72.42, 1680, 150.00, 0, 65
2026/10/02 09:48:10.407, 85.08, 1635, 150.00, 46, 65
2026/10/02 09:48:10.608, 84.46, 1680, 150.00, 57, 65
2026/10/02 09:48:10.808, 84.48, 1665, 150.00, 0, 65
2026/10/02 09:48:11.009, 84.64, 1665, 150.00, 0, 65
2026/10/02 09:48:11.210, 81.52, 1665, 150.00, 0, 65
2026/10/02 09:48:11.410, 90.18, 735, 150.00, 39, 66
2026/10/02 09:48:11.611, 102.92, 615, 150.00, 11, 67
2026/10/02 09:48:11.811, 102.23, 1665, 150.00, 17, 65
2026/10/02 09:48:12.012, 101.96, 1665, 150.00, 0, 65
2026/10/02 09:48:12.212, 101.99, 1665, 150.00, 0, 65
2026/10/02 09:48:12.413, 91.46, 1095, 150.00, 0, 66
2026/10/02 09:48:12.614, 98.76, 810, 150.00, 100, 67
2026/10/02 09:48:12.814, 97.94, 1050, 150.00, 100, 67
2026/10/02 09:48:13.015, 102.86, 1560, 150.00, 0, 66
2026/10/02 09:48:13.215, 101.86, 1680, 150.00, 49, 65
2026/10/02 09:48:13.416, 102.20, 1680, 150.00, 0, 65
2026/10/02 09:48:13.617, 92.11, 1680, 150.00, 61, 65
2026/10/02 09:48:13.817, 76.98, 1680, 150.00, 0, 65
2026/10/02 09:48:14.018, 79.62, 1395, 150.00, 78, 66
2026/10/02 09:48:14.218, 75.87, 1680, 150.00, 0, 65
2026/10/02 09:48:14.419, 75.92, 1695, 150.00, 0, 65
2026/10/02 09:48:14.619, 79.28, 1485, 150.00, 70, 66
2026/10/02 09:48:14.820, 79.42, 1680, 150.00, 0, 65
2026/10/02 09:48:15.021, 76.96, 1665, 150.00, 57, 65
2026/10/02 09:48:15.221, 78.07, 1245, 150.00, 0, 66
2026/10/02 09:48:15.422, 80.38, 1665, 150.00, 63, 65
2026/10/02 09:48:15.622, 76.07, 1665, 150.00, 0, 65
2026/10/02 09:48:15.823, 89.80, 600, 150.00, 0, 66
2026/10/02 09:48:16.023, 84.68, 1665, 150.00, 17, 65
2026/10/02 09:48:16.224, 83.87, 1665, 150.00, 59, 65
2026/10/02 09:48:16.424, 80.17, 1665, 150.00, 57, 65
2026/10/02 09:48:16.625, 79.48, 1410, 150.00, 0, 66
2026/10/02 09:48:16.825, 86.37, 1590, 150.00, 97, 65
2026/10/02 09:48:17.026, 83.22, 630, 150.00, 0, 66
2026/10/02 09:48:17.227, 83.74, 1665, 150.00, 7, 65
2026/10/02 09:48:17.427, 96.03, 630, 150.00, 0, 66
2026/10/02 09:48:17.628, 95.56, 1665, 150.00, 10, 65
2026/10/02 09:48:17.828, 100.58, 1620, 150.00, 41, 65
2026/10/02 09:48:18.029, 107.51, 1545, 150.00, 93, 65
2026/10/02 09:48:18.229, 113.32, 915, 150.00, 0, 66
2026/10/02 09:48:18.430, 112.36, 1665, 150.00, 32, 65
2026/10/02 09:48:18.631, 100.91, 1665, 150.00, 0, 64
2026/10/02 09:48:18.831, 88.20, 1665, 150.00, 0, 64
2026/10/02 09:48:19.032, 83.99, 1665, 150.00, 0, 64
2026/10/02 09:48:19.232, 82.49, 1650, 150.00, 0, 64
2026/10/02 09:48:19.433, 82.49, 1650, 150.00, 0, 64
2026/10/02 09:48:19.633, 82.49, 1650, 150.00, 0, 64
2026/10/02 09:48:19.834, 103.13, 1650, 150.00, 92, 64
2026/10/02 09:48:20.034, 102.97, 1650, 150.00, 0, 64
2026/10/02 09:48:20.235, 102.81, 1650, 150.00, 0, 64
2026/10/02 09:48:20.436, 105.61, 1515, 150.00, 10, 64
2026/10/02 09:48:20.636, 100.26, 1650, 150.00, 0, 64
2026/10/02 09:48:20.837, 74.03, 1650, 150.00, 0, 64
2026/10/02 09:48:21.037, 83.91, 795, 150.00, 0, 65
2026/10/02 09:48:21.238, 83.70, 1635, 150.00, 0, 64
2026/10/02 09:48:21.438, 76.23, 1635, 150.00, 0, 64
2026/10/02 09:48:21.639, 76.28, 1425, 150.00, 0, 64
2026/10/02 09:48:21.839, 89.21, 645, 150.00, 0, 65
2026/10/02 09:48:22.040, 88.54, 1635, 150.00, 23, 64
2026/10/02 09:48:22.241, 78.66, 1635, 150.00, 0, 64
2026/10/02 09:48:22.441, 97.95, 810, 150.00, 18, 65
2026/10/02 09:48:22.642, 97.56, 1635, 150.00, 24, 64
2026/10/02 09:48:22.842, 97.85, 1350, 150.00, 58, 65
2026/10/02 09:48:23.043, 92.34, 1350, 150.00, 74, 65
2026/10/02 09:48:23.243, 92.78, 1680, 150.00, 0, 64
2026/10/02 09:48:23.444, 81.66, 1695, 150.00, 0, 65
2026/10/02 09:48:23.645, 81.27, 1545, 150.00, 89, 65
2026/10/02 09:48:23.845, 81.21, 1350, 150.00, 0, 65
2026/10/02 09:48:24.046, 74.80, 1680, 150.00, 0, 64
2026/10/02 09:48:24.246, 75.09, 1305, 150.00, 0, 65
2026/10/02 09:48:24.447, 74.82, 1680, 150.00, 0, 64
2026/10/02 09:48:24.647, 67.49, 1695, 150.00, 0, 64
2026/10/02 09:48:24.848, 68.67, 1695, 150.00, 0, 63
2026/10/02 09:48:25.048, 69.59, 1695, 150.00, 0, 63
2026/10/02 09:48:25.249, 68.79, 1425, 150.00, 0, 64
2026/10/02 09:48:25.449, 68.85, 1680, 150.00, 0, 64
2026/10/02 09:48:25.650, 83.11, 600, 150.00, 0, 65
2026/10/02 09:48:25.850, 95.01, 1065, 150.00, 100, 65
2026/10/02 09:48:26.051, 114.16, 795, 150.00, 18, 66
2026/10/02 09:48:26.252, 121.42, 1665, 150.00, 100, 64
2026/10/02 09:48:26.452, 122.44, 1680, 150.00, 0, 64
2026/10/02 09:48:26.652, 122.49, 1695, 150.00, 0, 64
2026/10/02 09:48:26.853, 106.23, 1530, 150.00, 0, 65
2026/10/02 09:48:27.054, 90.27, 1140, 150.00, 49, 65
2026/10/02 09:48:27.254, 74.60, 1680, 150.00, 68, 64
2026/10/02 09:48:27.455, 81.21, 840, 150.00, 59, 65
2026/10/02 09:48:27.655, 80.77, 1680, 150.00, 0, 64
2026/10/02 09:48:27.856, 80.73, 1695, 150.00, 0, 64
2026/10/02 09:48:28.056, 76.43, 1695, 150.00, 0, 63
2026/10/02 09:48:28.257, 75.47, 1695, 150.00, 0, 64
2026/10/02 09:48:28.457, 76.46, 1680, 150.00, 59, 64
2026/10/02 09:48:28.658, 82.87, 630, 150.00, 60, 65
2026/10/02 09:48:28.858, 82.24, 1680, 150.00, 13, 64
2026/10/02 09:48:29.059, 82.16, 1695, 150.00, 0, 63
2026/10/02 09:48:29.259, 82.17, 1695, 150.00, 0, 63
2026/10/02 09:48:29.460, 96.37, 630, 150.00, 0, 65
2026/10/02 09:48:29.660, 101.98, 1650, 150.00, 100, 64
2026/10/02 09:48:29.861, 90.99, 1680, 150.00, 0, 63
2026/10/02 09:48:30.062, 111.66, 810, 150.00, 38, 65
2026/10/02 09:48:30.262, 111.15, 1680, 150.00, 5, 64
2026/10/02 09:48:30.463, 111.06, 1695, 150.00, 0, 63
2026/10/02 09:48:30.663, 99.28, 630, 150.00, 0, 64
2026/10/02 09:48:30.864, 99.29, 1680, 150.00, 8, 63
2026/10/02 09:48:31.064, 86.05, 1695, 150.00, 0, 63
2026/10/02 09:48:31.265, 84.57, 1665, 150.00, 59, 63
2026/10/02 09:48:31.465, 88.77, 990, 150.00, 0, 64
2026/10/02 09:48:31.666, 88.96, 1680, 150.00, 67, 64
2026/10/02 09:48:31.866, 79.23, 1680, 150.00, 0, 63
2026/10/02 09:48:32.067, 88.11, 675, 150.00, 0, 65
2026/10/02 09:48:32.268, 84.15, 1680, 150.00, 85, 64
2026/10/02 09:48:32.468, 92.29, 810, 150.00, 57, 65
2026/10/02 09:48:32.669, 86.57, 1680, 150.00, 48, 64
2026/10/02 09:48:32.869, 86.78, 1680, 150.00, 0, 63
2026/10/02 09:48:33.069, 86.84, 1695, 150.00, 0, 63
2026/10/02 09:48:33.270, 84.32, 660, 150.00, 0, 64
2026/10/02 09:48:33.470, 104.56, 795, 150.00, 36, 65
2026/10/02 09:48:33.671, 105.90, 615, 150.00, 6, 65
2026/10/02 09:48:33.871, 106.85, 1680, 150.00, 80, 64
2026/10/02 09:48:34.072, 106.85, 1680, 150.00, 0, 63
2026/10/02 09:48:34.272, 106.86, 1695, 150.00, 0, 63
2026/10/02 09:48:34.473, 94.74, 1530, 150.00, 14, 63
2026/10/02 09:48:34.673, 87.35, 1680, 150.00, 0, 63
2026/10/02 09:48:34.874, 78.07, 1695, 150.00, 0, 63
2026/10/02 09:48:35.075, 78.25, 1695, 150.00, 0, 63
2026/10/02 09:48:35.275, 90.18, 1650, 150.00, 54, 64
2026/10/02 09:48:35.476, 86.04, 1590, 150.00, 100, 64
2026/10/02 09:48:35.676, 100.15, 615, 150.00, 0, 65
2026/10/02 09:48:35.877, 99.42, 1680, 150.00, 20, 63
2026/10/02 09:48:36.077, 106.02, 1005, 150.00, 0, 64
2026/10/02 09:48:36.278, 105.05, 1590, 150.00, 84, 64
2026/10/02 09:48:36.478, 101.27, 1500, 150.00, 0, 65
2026/10/02 09:48:36.679, 100.16, 1440, 150.00, 48, 64
2026/10/02 09:48:36.879, 90.42, 1065, 150.00, 0, 64
2026/10/02 09:48:37.080, 92.16, 1665, 150.00, 62, 64
2026/10/02 09:48:37.280, 76.03, 1680, 150.00, 0, 63
2026/10/02 09:48:37.481, 83.57, 735, 150.00, 0, 65
2026/10/02 09:48:37.681, 78.17, 1680, 150.00, 65, 63
2026/10/02 09:48:37.882, 79.18, 1680, 150.00, 0, 63
2026/10/02 09:48:38.083, 84.35, 750, 150.00, 0, 64
2026/10/02 09:48:38.283, 83.34, 1680, 150.00, 43, 63
2026/10/02 09:48:38.484, 83.30, 1680, 150.00, 0, 63
2026/10/02 09:48:38.684, 77.38, 1695, 150.00, 0, 63
2026/10/02 09:48:38.885, 77.50, 1695, 150.00, 0, 63
2026/10/02 09:48:39.085, 80.08, 1035, 150.00, 60, 64
2026/10/02 09:48:39.286, 78.15, 1620, 150.00, 91, 64
2026/10/02 09:48:39.486, 78.21, 1680, 150.00, 0, 63
2026/10/02 09:48:39.687, 78.23, 1695, 150.00, 0, 63
2026/10/02 09:48:39.888, 78.23, 1695, 150.00, 0, 63
2026/10/02 09:48:40.088, 75.30, 1695, 150.00, 0, 63
2026/10/02 09:48:40.289, 77.46, 915, 150.00, 0, 63
2026/10/02 09:48:40.489, 82.33, 1635, 150.00, 100, 63
2026/10/02 09:48:40.690, 82.21, 1680, 150.00, 0, 63
2026/10/02 09:48:40.890, 94.39, 1275, 150.00, 59, 64
2026/10/02 09:48:41.091, 94.01, 1680, 150.00, 0, 63
2026/10/02 09:48:41.291, 93.95, 1695, 150.00, 0, 63
2026/10/02 09:48:41.492, 84.34, 1605, 150.00, 9, 63
2026/10/02 09:48:41.692, 84.46, 1545, 150.00, 0, 63
2026/10/02 09:48:41.893, 78.99, 1680, 150.00, 0, 63
2026/10/02 09:48:42.093, 86.71, 645, 150.00, 0, 64
2026/10/02 09:48:42.294, 85.85, 1680, 150.00, 24, 63
2026/10/02 09:48:42.495, 89.67, 1665, 150.00, 54, 63
2026/10/02 09:48:42.695, 90.81, 1680, 150.00, 0, 63
2026/10/02 09:48:42.896, 91.72, 1695, 150.00, 0, 62
2026/10/02 09:48:43.096, 92.08, 1680, 150.00, 58, 63
2026/10/02 09:48:43.297, 78.57, 1680, 150.00, 0, 62
2026/10/02 09:48:43.497, 68.55, 1695, 150.00, 0, 62
2026/10/02 09:48:43.698, 89.16, 1020, 150.00, 45, 64
2026/10/02 09:48:43.898, 89.66, 1680, 150.00, 70, 63
2026/10/02 09:48:44.099, 106.98, 795, 150.00, 15, 64
2026/10/02 09:48:44.299, 106.48, 1680, 150.00, 27, 63
2026/10/02 09:48:44.500, 106.45, 1680, 150.00, 0, 62
2026/10/02 09:48:44.700, 94.19, 1695, 150.00, 0, 62
2026/10/02 09:48:44.901, 99.48, 1650, 150.00, 31, 63
2026/10/02 09:48:45.101, 109.51, 1260, 150.00, 42, 64
2026/10/02 09:48:45.302, 128.52, 630, 150.00, 45, 65
2026/10/02 09:48:45.503, 135.37, 1665, 150.00, 100, 63
2026/10/02 09:48:45.703, 143.36, 1230, 150.00, 0, 64
2026/10/02 09:48:45.904, 139.59, 1185, 150.00, 68, 64
2026/10/02 09:48:46.104, 143.82, 795, 150.00, 60, 65
2026/10/02 09:48:46.305, 139.18, 795, 150.00, 100, 65
2026/10/02 09:48:46.506, 124.62, 1680, 150.00, 94, 64
2026/10/02 09:48:46.706, 125.25, 1680, 150.00, 0, 63
2026/10/02 09:48:46.907, 123.66, 1170, 150.00, 0, 64
2026/10/02 09:48:47.107, 105.80, 1560, 150.00, 2, 64
2026/10/02 09:48:47.308, 90.19, 1170, 150.00, 0, 64
2026/10/02 09:48:47.508, 75.68, 1680, 150.00, 60, 63
2026/10/02 09:48:47.709, 88.78, 675, 150.00, 0, 64
2026/10/02 09:48:47.909, 87.96, 1680, 150.00, 20, 63
2026/10/02 09:48:48.110, 100.26, 795, 150.00, 39, 65
2026/10/02 09:48:48.310, 116.66, 795, 150.00, 100, 65
2026/10/02 09:48:48.511, 116.37, 1680, 150.00, 38, 63
2026/10/02 09:48:48.711, 129.58, 690, 150.00, 0, 64
2026/10/02 09:48:48.912, 132.11, 1575, 150.00, 60, 65
2026/10/02 09:48:49.112, 126.75, 660, 150.00, 31, 65
2026/10/02 09:48:49.313, 110.50, 1680, 150.00, 0, 63
2026/10/02 09:48:49.514, 115.73, 1335, 150.00, 56, 64
2026/10/02 09:48:49.715, 102.38, 1080, 150.00, 0, 64
2026/10/02 09:48:49.916, 85.68, 1680, 150.00, 0, 63
2026/10/02 09:48:50.116, 85.08, 1680, 150.00, 0, 63
2026/10/02 09:48:50.317, 71.88, 1695, 150.00, 0, 63
2026/10/02 09:48:50.517, 71.94, 1695, 150.00, 0, 63
2026/10/02 09:48:50.718, 91.97, 705, 150.00, 51, 65
2026/10/02 09:48:50.918, 92.21, 1680, 150.00, 0, 63
2026/10/02 09:48:51.119, 92.27, 1695, 150.00, 0, 63
2026/10/02 09:48:51.320, 105.57, 1635, 150.00, 36, 63
2026/10/02 09:48:51.520, 119.34, 660, 150.00, 31, 64
2026/10/02 09:48:51.721, 119.21, 660, 150.00, 38, 64
2026/10/02 09:48:51.922, 107.20, 1185, 150.00, 0, 63
2026/10/02 09:48:52.122, 121.98, 795, 150.00, 100, 65
2026/10/02 09:48:52.323, 117.38, 1665, 150.00, 15, 63
2026/10/02 09:48:52.524, 118.45, 1680, 150.00, 0, 63
2026/10/02 09:48:52.724, 105.51, 1695, 150.00, 0, 63
2026/10/02 09:48:52.925, 93.48, 1125, 150.00, 0, 64
2026/10/02 09:48:53.125, 92.22, 1620, 150.00, 47, 63
2026/10/02 09:48:53.326, 95.62, 1065, 150.00, 100, 65
2026/10/02 09:48:53.527, 112.58, 810, 150.00, 100, 65
2026/10/02 09:48:53.727, 111.80, 1680, 150.00, 0, 63
2026/10/02 09:48:53.928, 120.33, 1200, 150.00, 59, 64
2026/10/02 09:48:54.128, 120.22, 810, 150.00, 100, 65
2026/10/02 09:48:54.329, 110.57, 1605, 150.00, 48, 64
2026/10/02 09:48:54.530, 94.28, 1680, 150.00, 0, 63
2026/10/02 09:48:54.730, 87.35, 1695, 150.00, 0, 63
2026/10/02 09:48:54.930, 87.50, 1695, 150.00, 0, 63
2026/10/02 09:48:55.131, 79.41, 1695, 150.00, 0, 62
2026/10/02 09:48:55.331, 81.80, 1635, 150.00, 32, 63
2026/10/02 09:48:55.532, 96.20, 1650, 150.00, 28, 63
2026/10/02 09:48:55.732, 96.11, 1680, 150.00, 0, 62
2026/10/02 09:48:55.933, 116.31, 765, 150.00, 80, 64
2026/10/02 09:48:56.133, 126.57, 975, 150.00, 49, 64
2026/10/02 09:48:56.334, 111.11, 1680, 150.00, 0, 63
2026/10/02 09:48:56.535, 97.77, 1695, 150.00, 0, 62
2026/10/02 09:48:56.735, 98.75, 1695, 150.00, 0, 62
2026/10/02 09:48:56.936, 88.06, 1695, 150.00, 0, 62
2026/10/02 09:48:57.136, 79.32, 1695, 150.00, 0, 62
2026/10/02 09:48:57.337, 75.62, 1605, 150.00, 50, 63
2026/10/02 09:48:57.537, 89.19, 1635, 150.00, 30, 63
2026/10/02 09:48:57.738, 95.65, 810, 150.00, 87, 64
2026/10/02 09:48:57.938, 100.01, 1305, 150.00, 58, 64
2026/10/02 09:48:58.139, 99.69, 1680, 150.00, 0, 63
2026/10/02 09:48:58.340, 104.68, 735, 150.00, 41, 64
2026/10/02 09:48:58.540, 90.40, 1680, 150.00, 0, 63
2026/10/02 09:48:58.741, 102.47, 1620, 150.00, 43, 63
2026/10/02 09:48:58.941, 104.01, 840, 150.00, 10, 64
2026/10/02 09:48:59.142, 110.12, 645, 150.00, 18, 64
2026/10/02 09:48:59.342, 108.17, 1575, 150.00, 56, 63
2026/10/02 09:48:59.543, 96.71, 1455, 150.00, 58, 63
2026/10/02 09:48:59.743, 96.86, 885, 150.00, 45, 64
2026/10/02 09:48:59.943, 106.16, 750, 150.00, 59, 64
2026/10/02 09:49:00.144, 116.19, 765, 150.00, 89, 65
2026/10/02 09:49:00.344, 103.75, 1680, 150.00, 0, 63
2026/10/02 09:49:00.545, 104.90, 1695, 150.00, 0, 63
2026/10/02 09:49:00.746, 104.41, 1695, 150.00, 0, 62
2026/10/02 09:49:00.946, 92.64, 1695, 150.00, 0, 62
2026/10/02 09:49:01.147, 79.40, 1680, 150.00, 0, 62
2026/10/02 09:49:01.348, 81.45, 1065, 150.00, 54, 63
2026/10/02 09:49:01.548, 100.95, 1050, 150.00, 67, 64
2026/10/02 09:49:01.749, 114.85, 615, 150.00, 31, 64
2026/10/02 09:49:01.949, 113.83, 1680, 150.00, 0, 63
2026/10/02 09:49:02.150, 110.27, 1680, 150.00, 0, 62
2026/10/02 09:49:02.350, 123.21, 765, 150.00, 41, 64
2026/10/02 09:49:02.551, 102.37, 1680, 150.00, 0, 62
2026/10/02 09:49:02.751, 92.97, 1560, 150.00, 59, 63
2026/10/02 09:49:02.952, 79.29, 1680, 150.00, 0, 62
2026/10/02 09:49:03.152, 93.68, 630, 150.00, 26, 64
2026/10/02 09:49:03.353, 92.67, 1680, 150.00, 0, 62
2026/10/02 09:49:03.553, 80.69, 1680, 150.00, 0, 62
2026/10/02 09:49:03.754, 80.74, 1695, 150.00, 0, 62
2026/10/02 09:49:03.954, 99.63, 765, 150.00, 86, 64
2026/10/02 09:49:04.155, 98.81, 1680, 150.00, 0, 62
2026/10/02 09:49:04.356, 85.28, 1680, 150.00, 0, 62
2026/10/02 09:49:04.556, 85.39, 1695, 150.00, 0, 62
2026/10/02 09:49:04.757, 89.04, 1350, 150.00, 61, 63
2026/10/02 09:49:04.957, 90.46, 1080, 150.00, 53, 63
2026/10/02 09:49:05.157, 93.92, 915, 150.00, 47, 64
2026/10/02 09:49:05.358, 93.36, 1680, 150.00, 0, 62
2026/10/02 09:49:05.558, 93.34, 1695, 150.00, 0, 62
2026/10/02 09:49:05.759, 107.89, 1395, 150.00, 89, 63
2026/10/02 09:49:05.959, 114.24, 1665, 150.00, 10, 62
2026/10/02 09:49:06.160, 104.31, 1680, 150.00, 0, 62
2026/10/02 09:49:06.360, 92.66, 1695, 150.00, 0, 62
2026/10/02 09:49:06.561, 114.22, 795, 150.00, 100, 64
2026/10/02 09:49:06.762, 119.27, 795, 150.00, 100, 64
2026/10/02 09:49:06.962, 120.43, 795, 150.00, 100, 65
2026/10/02 09:49:07.163, 120.90, 1680, 150.00, 0, 63
2026/10/02 09:49:07.363, 122.37, 1530, 150.00, 66, 64
2026/10/02 09:49:07.564, 117.94, 1110, 150.00, 55, 64
2026/10/02 09:49:07.765, 109.57, 1680, 150.00, 0, 63
2026/10/02 09:49:07.965, 94.11, 1680, 150.00, 0, 62
2026/10/02 09:49:08.166, 86.48, 1695, 150.00, 0, 62
2026/10/02 09:49:08.366, 96.59, 1665, 150.00, 15, 62
2026/10/02 09:49:08.567, 105.71, 1665, 150.00, 0, 63
2026/10/02 09:49:08.767, 88.62, 1680, 150.00, 0, 62
2026/10/02 09:49:08.968, 88.86, 1695, 150.00, 0, 62
2026/10/02 09:49:09.168, 88.86, 1260, 150.00, 0, 62
2026/10/02 09:49:09.369, 75.62, 1680, 150.00, 0, 62
2026/10/02 09:49:09.570, 67.11, 1680, 150.00, 0, 62
2026/10/02 09:49:09.770, 66.72, 1560, 150.00, 57, 63
2026/10/02 09:49:09.971, 66.49, 1680, 150.00, 0, 62
2026/10/02 09:49:10.171, 66.48, 1695, 150.00, 0, 62
2026/10/02 09:49:10.372, 67.14, 1695, 150.00, 0, 62
2026/10/02 09:49:10.572, 67.30, 1695, 150.00, 0, 62
2026/10/02 09:49:10.773, 86.41, 810, 150.00, 100, 64
2026/10/02 09:49:10.973, 92.43, 1305, 150.00, 58, 64
2026/10/02 09:49:11.174, 92.14, 1680, 150.00, 0, 62
2026/10/02 09:49:11.375, 92.10, 1695, 150.00, 0, 62
2026/10/02 09:49:11.575, 116.87, 735, 150.00, 72, 64
2026/10/02 09:49:11.776, 104.82, 1680, 150.00, 0, 62
2026/10/02 09:49:11.976, 98.93, 1590, 150.00, 50, 62
2026/10/02 09:49:12.177, 93.85, 1680, 150.00, 0, 62
2026/10/02 09:49:12.377, 108.69, 600, 150.00, 28, 63
2026/10/02 09:49:12.578, 93.28, 1680, 150.00, 0, 62
2026/10/02 09:49:12.778, 83.66, 1680, 150.00, 0, 62
2026/10/02 09:49:12.979, 80.75, 1695, 150.00, 0, 61
2026/10/02 09:49:13.179, 81.95, 1695, 150.00, 0, 61
2026/10/02 09:49:13.380, 81.99, 1695, 150.00, 0, 61
2026/10/02 09:49:13.581, 81.99, 1695, 150.00, 0, 61
2026/10/02 09:49:13.781, 81.99, 1695, 150.00, 0, 61
2026/10/02 09:49:13.982, 81.99, 1695, 150.00, 0, 61
2026/10/02 09:49:14.182, 81.99, 1695, 150.00, 0, 61
2026/10/02 09:49:14.383, 67.95, 1695, 150.00, 0, 61
2026/10/02 09:49:14.583, 67.95, 1695, 150.00, 0, 61
2026/10/02 09:49:14.784, 67.95, 1695, 150.00, 0, 61
2026/10/02 09:49:14.985, 67.95, 1695, 150.00, 0, 61
2026/10/02 09:49:15.185, 67.95, 1695, 150.00, 0, 61
2026/10/02 09:49:15.386, 67.71, 1695, 150.00, 0, 61
2026/10/02 09:49:15.586, 67.71, 1695, 150.00, 0, 61
2026/10/02 09:49:15.787, 67.71, 1695, 150.00, 0, 61
2026/10/02 09:49:15.987, 67.71, 1695, 150.00, 0, 61
2026/10/02 09:49:16.188, 67.71, 1695, 150.00, 0, 61
2026/10/02 09:49:16.388, 67.38, 1695, 150.00, 0, 61
2026/10/02 09:49:16.589, 67.38, 1695, 150.00, 0, 61
2026/10/02 09:49:16.790, 67.38, 1695, 150.00, 0, 61
2026/10/02 09:49:16.990, 67.38, 1695, 150.00, 0, 61
2026/10/02 09:49:17.191, 67.38, 1695, 150.00, 0, 61
2026/10/02 09:49:17.391, 67.19, 1695, 150.00, 0, 60
2026/10/02 09:49:17.592, 67.19, 1695, 150.00, 0, 60
2026/10/02 09:49:17.792, 67.19, 1695, 150.00, 0, 60
2026/10/02 09:49:17.993, 67.19, 1695, 150.00, 0, 60
2026/10/02 09:49:18.193, 67.19, 1695, 150.00, 0, 60
2026/10/02 09:49:18.394, 67.05, 1695, 150.00, 0, 60
2026/10/02 09:49:18.595, 67.05, 1695, 150.00, 0, 60
2026/10/02 09:49:18.795, 67.05, 1695, 150.00, 0, 60
2026/10/02 09:49:18.996, 67.05, 1695, 150.00, 0, 60
2026/10/02 09:49:19.196, 67.05, 1695, 150.00, 0, 60
2026/10/02 09:49:19.397, 66.91, 1695, 150.00, 0, 60
2026/10/02 09:49:19.597, 66.91, 1695, 150.00, 0, 60
2026/10/02 09:49:19.798, 66.91, 1695, 150.00, 0, 60
2026/10/02 09:49:19.999, 66.91, 1695, 150.00, 0, 60
2026/10/02 09:49:20.199, 66.91, 1695, 150.00, 0, 60
2026/10/02 09:49:20.400, 66.82, 1695, 150.00, 0, 60
2026/10/02 09:49:20.600, 66.82, 1695, 150.00, 0, 60
2026/10/02 09:49:20.801, 66.82, 1695, 150.00, 0, 60
2026/10/02 09:49:21.001, 66.82, 1695, 150.00, 0, 60
2026/10/02 09:49:21.202, 66.82, 1695, 150.00, 0, 60
2026/10/02 09:49:21.403, 66.73, 1695, 150.00, 0, 60
2026/10/02 09:49:21.603, 66.73, 1695, 150.00, 0, 60
2026/10/02 09:49:21.804, 66.73, 1695, 150.00, 0, 60
2026/10/02 09:49:22.004, 66.73, 1695, 150.00, 0, 60
2026/10/02 09:49:22.205, 66.73, 1695, 150.00, 0, 60
2026/10/02 09:49:22.406, 66.68, 1695, 150.00, 0, 60
2026/10/02 09:49:22.606, 66.68, 1695, 150.00, 0, 60
