arrival_s,start_s,done_s,latency_ms,ok
0.3163,0.3168,0.3751,58.8190,1
0.9439,0.9446,1.0008,56.8427,1
1.2614,1.2619,1.3216,60.2555,1
1.6454,1.6459,1.7041,58.7702,1
1.6542,1.7042,1.7862,132.0068,1
2.4546,2.4556,2.5152,60.5826,1
2.8743,2.8749,2.9332,58.9303,1
3.7736,3.7746,3.8337,60.1152,1
4.4413,4.4422,4.4991,57.7836,1
4.5006,4.5008,4.5818,81.2396,1
4.8355,4.8359,4.8960,60.4523,1
5.0304,5.0308,5.0906,60.2013,1
5.0392,5.0906,5.1714,132.1840,1
5.0473,5.1714,5.2472,199.8943,1
5.3487,5.3492,5.4086,59.8790,1
5.4887,5.4889,5.5449,56.2465,1
5.7221,5.7225,5.7814,59.2818,1
6.1625,6.1632,6.2204,57.9197,1
6.6372,6.6379,6.6972,60.0152,1
7.3433,7.3441,7.4013,57.9937,1
7.3594,7.4013,7.4846,125.1388,1
7.4162,7.4846,7.5604,144.1888,1
7.5019,7.5604,7.6366,134.6654,1
7.5088,7.6366,7.7124,203.6049,1
7.6872,7.7124,7.7889,101.6189,1
7.9286,7.9289,7.9901,61.5426,1
8.0211,8.0214,8.0859,64.7703,1
8.1324,8.1327,8.1936,61.2601,1
8.3981,8.3986,8.4558,57.7281,1
8.9254,8.9261,8.9849,59.5428,1
9.6617,9.6627,9.7209,59.2149,1
9.7292,9.7295,9.8027,73.4936,1
10.1867,10.1872,10.2449,58.1771,1
10.2617,10.2618,10.3311,69.4558,1
10.6752,10.6757,10.7363,61.0633,1
10.7948,10.7950,10.8534,58.5374,1
10.9455,10.9457,11.0054,59.8646,1
11.3504,11.3509,11.4105,60.0102,1
11.3531,11.4105,11.4931,139.9687,1
11.7726,11.7733,11.8338,61.1336,1
12.2452,12.2458,12.3043,59.0626,1
12.5451,12.5456,12.6042,59.0984,1
12.6615,12.6617,12.7222,60.7107,1
12.8538,12.8542,12.9122,58.4538,1
13.1600,13.1605,13.2190,59.0544,1
13.5723,13.5729,13.6342,61.9685,1
13.6445,13.6447,13.7165,72.0025,1
14.0614,14.0619,14.1218,60.3673,1
14.1372,14.1373,14.2073,70.1715,1
14.1373,14.2074,14.2862,148.8156,1
14.3141,14.3144,14.3756,61.5460,1
14.6673,14.6677,14.7277,60.3715,1
15.0200,15.0204,15.0776,57.6276,1
15.1691,15.1694,15.2292,60.0301,1
15.1736,15.2292,15.3096,135.9971,1
15.5230,15.5234,15.5823,59.3313,1
15.5487,15.5823,15.6650,116.2632,1
15.6552,15.6650,15.7403,85.1592,1
15.9195,15.9200,15.9781,58.5753,1
15.9453,15.9781,16.0601,114.8178,1
16.4859,16.4866,16.5433,57.4236,1
16.7736,16.7741,16.8334,59.8068,1
16.9697,16.9701,17.0291,59.3766,1
17.1926,17.1931,17.2508,58.1452,1
17.3182,17.3185,17.3758,57.5852,1
18.1918,18.1929,18.2804,88.6001,1
18.2222,18.2805,18.3965,174.3061,1
18.2482,18.3965,18.5121,263.9675,1
18.9250,18.9258,19.0195,94.4380,1
18.9884,19.0195,19.1345,146.1398,1
19.3925,19.3931,19.4790,86.4583,1
19.7696,19.7701,19.8582,88.5602,1
19.7741,19.8582,19.9742,200.1544,1
20.2052,20.2059,20.2981,92.8953,1
20.4940,20.4945,20.5834,89.4333,1
20.7307,20.7311,20.8213,90.5726,1
21.1856,21.1863,21.2817,96.1385,1
21.8296,21.8304,21.9173,87.7273,1
22.6540,22.6550,22.7437,89.6402,1
23.1882,23.1889,23.2792,90.9620,1
23.5744,23.5749,23.6735,99.0720,1
23.6215,23.6735,23.7947,173.2383,1
24.4718,24.4729,24.5685,96.6454,1
24.7145,24.7149,24.8111,96.6218,1
24.7431,24.8111,24.9324,189.3356,1
24.9617,24.9621,25.0617,100.0454,1
25.4966,25.4973,25.5960,99.3977,1
25.5438,25.5960,25.7182,174.3602,1
25.6551,25.7182,25.8403,185.2417,1
25.9717,25.9722,26.0684,96.7320,1
26.0980,26.0983,26.2006,102.6518,1
26.3739,26.3743,26.4735,99.6226,1
26.4540,26.4735,26.5958,141.8019,1
27.0909,27.0918,27.1897,98.7929,1
27.5531,27.5538,27.6529,99.7781,1
27.6229,27.6529,27.7752,152.3126,1
27.6233,27.7752,27.8980,274.7427,1
27.8467,27.8980,28.0224,175.6882,1
28.3406,28.3412,28.4328,92.1978,1
28.4221,28.4329,28.5559,133.8134,1
28.5602,28.5604,28.6797,119.4961,1
29.3375,29.3384,29.4396,102.1385,1
29.3994,29.4397,29.5630,163.6813,1
29.6478,29.6483,29.7414,93.5370,1
29.8334,29.8338,29.9736,140.1767,1
29.9872,29.9876,30.1325,145.2229,1
30.4414,30.4420,30.5817,140.3087,1
30.5420,30.5818,30.7374,195.3152,1
31.0988,31.0995,31.2396,140.7686,1
32.1115,32.1126,32.2513,139.8607,1
32.1531,32.2514,32.4067,253.5201,1
32.3008,32.4067,32.5620,261.1863,1
32.6285,32.6290,32.7684,139.8589,1
32.9146,32.9151,33.0574,142.8074,1
33.0535,33.0575,33.2115,157.9805,1
33.1875,33.2116,33.3671,179.5522,1
33.3412,33.3671,33.5222,181.0648,1
33.4716,33.5223,33.6788,207.2037,1
33.4740,33.6789,33.8336,359.6503,1
33.5272,33.8336,33.9877,460.5432,1
33.6261,33.9877,34.0612,435.0872,1
33.7134,34.0612,34.1373,423.8676,1
34.0067,34.1373,34.2145,207.7986,1
34.2503,34.2508,34.3116,61.2559,1
34.3464,34.3467,34.4079,61.5115,1
34.3628,34.4079,34.4882,125.3197,1
34.5569,34.5574,34.6153,58.3766,1
35.1349,35.1357,35.1952,60.3415,1
35.2330,35.2333,35.2951,62.1070,1
35.8977,35.8986,35.9565,58.7427,1
36.0694,36.0698,36.1295,60.1074,1
36.2324,36.2328,36.2923,59.9056,1
36.3536,36.3539,36.4143,60.7633,1
37.3843,37.3855,37.4440,59.6791,1
37.5077,37.5081,37.5677,59.9603,1
37.5623,37.5677,37.6492,86.8241,1
37.6426,37.6492,37.7253,82.6532,1
37.8910,37.8915,37.9523,61.2297,1
38.1782,38.1787,38.2373,59.0693,1
38.4251,38.4255,38.4849,59.8883,1
38.6450,38.6454,38.7047,59.6928,1
38.8619,38.8624,38.9198,57.8462,1
39.1264,39.1269,39.1863,59.8868,1
39.4574,39.4579,39.5168,59.4972,1
39.4804,39.5169,39.5990,118.5949,1
39.6580,39.6583,39.7170,59.0366,1
40.0330,40.0334,40.0913,58.3178,1
40.4670,40.4676,40.5273,60.2621,1
40.7916,40.7920,40.8515,59.9456,1
41.0390,41.0393,41.0969,57.8576,1
41.9941,41.9951,42.0524,58.3015,1
42.8146,42.8155,42.8743,59.6778,1
42.9720,42.9723,43.0310,59.0156,1
43.2737,43.2741,43.3335,59.8019,1
43.7403,43.7409,43.7989,58.6262,1
43.9899,43.9902,44.0511,61.2624,1
44.1210,44.1212,44.1800,58.9576,1
44.1802,44.1803,44.2628,82.5497,1
44.5770,44.5775,44.7171,140.0546,1
45.3483,45.3491,45.4890,140.7605,1
45.6373,45.6376,45.7772,139.8866,1
45.8711,45.8714,46.0109,139.7776,1
46.2486,46.2490,46.3886,139.9948,1
46.8890,46.8897,47.0279,138.9959,1
47.7573,47.7582,47.8967,139.4432,1
47.7766,47.8968,48.0509,274.2416,1
47.9075,48.0509,48.2057,298.2489,1
48.0873,48.2057,48.3617,274.3968,1
48.1730,48.3617,48.5073,334.3485,1
48.2427,48.5073,48.5778,335.1276,1
48.9525,48.9534,49.0125,60.0208,1
49.5803,49.5812,49.6382,57.9141,1
49.8768,49.8773,49.9360,59.1722,1
50.0529,50.0532,50.1116,58.6735,1
50.4569,50.4575,50.5179,61.0273,1
50.6685,50.6688,50.7255,57.0275,1
50.8244,50.8248,50.8840,59.5779,1
51.3948,51.3956,51.4533,58.4766,1
51.8474,51.8480,51.9067,59.3413,1
52.2897,52.2903,52.3461,56.4419,1
52.5214,52.5218,52.5815,60.1790,1
52.7681,52.7685,52.8266,58.4711,1
52.8050,52.8266,52.9107,105.7042,1
53.0409,53.0412,53.1025,61.5568,1
53.2957,53.2962,53.3541,58.4071,1
53.5990,53.5996,53.6585,59.4689,1
53.6742,53.6744,53.7427,68.5081,1
53.7789,53.7792,53.8396,60.7706,1
54.0948,54.0953,54.1538,59.0212,1
54.8656,54.8666,54.9247,59.1663,1
55.2882,55.2889,55.3443,56.0721,1
55.4283,55.4286,55.4867,58.4105,1
55.8982,55.8989,55.9575,59.2412,1
56.0869,56.0872,56.1444,57.5578,1
56.5375,56.5382,56.5983,60.8229,1
56.7478,56.7482,56.8067,58.9378,1
56.8329,56.8331,56.8965,63.6161,1
56.8640,56.8965,56.9762,112.1471,1
57.2617,57.2623,57.3206,58.9631,1
57.6914,57.6920,57.7496,58.2069,1
58.0584,58.0588,58.1193,60.9343,1
58.2795,58.2798,58.3376,58.1315,1
58.3052,58.3377,58.4198,114.5664,1
58.9403,58.9411,59.0018,61.5812,1
59.0922,59.0925,59.1498,57.6607,1
59.2058,59.2061,59.2648,59.0549,1
60.4081,60.4095,60.4678,59.6238,1
60.4249,60.4678,60.5506,125.7587,1
60.7088,60.7093,60.7690,60.2191,1
61.4120,61.4129,61.4723,60.2569,1
61.6158,61.6161,61.6763,60.5099,1
61.7013,61.7016,61.7651,63.7962,1
61.7708,61.7711,61.8439,73.0735,1
61.8176,61.8439,61.9206,103.0444,1
62.1763,62.1768,62.2363,60.0026,1
62.3987,62.3990,62.4588,60.1475,1
62.4522,62.4588,62.5413,89.0874,1
63.2454,63.2465,63.3037,58.2618,1
63.8039,63.8047,63.8620,58.1038,1
64.5648,64.5658,64.6232,58.3859,1
64.7699,64.7702,64.8277,57.7843,1
64.8799,64.8802,64.9414,61.4713,1
65.0299,65.0301,65.1512,121.3048,1
65.0628,65.1512,65.3056,242.8150,1
65.1634,65.3056,65.4604,297.0747,1
65.4639,65.4644,65.6148,150.9141,1
66.0276,66.0282,66.1463,118.7454,1
66.7565,66.7574,66.8844,127.8963,1
66.7669,66.8844,67.0398,272.8266,1
66.8357,67.0398,67.1958,360.1425,1
67.1024,67.1958,67.3542,251.7478,1
67.1327,67.3542,67.5125,379.8015,1
67.4332,67.5125,67.6790,245.7089,1
67.5602,67.6790,67.8359,275.7142,1
67.8932,67.8936,68.0384,145.2109,1
67.9887,68.0384,68.1967,208.0382,1
68.3730,68.3736,68.5174,144.4307,1
68.8909,68.8916,69.0358,144.9236,1
68.8960,69.0359,69.1944,298.3625,1
69.1868,69.1944,69.3511,164.2916,1
69.3876,69.3880,69.5338,146.1689,1
69.5808,69.5813,69.7258,144.9431,1
70.0786,70.0791,70.2228,144.2875,1
70.4639,70.4643,70.6084,144.5557,1
70.8678,70.8683,71.0120,144.2494,1
71.1982,71.1987,71.3439,145.6185,1
71.2713,71.3439,71.5014,230.1394,1
71.5674,71.5679,71.7109,143.5620,1
71.7158,71.7161,71.8692,153.3426,1
71.9312,71.9316,72.0768,145.5979,1
73.6447,73.6465,73.7912,146.4879,1
73.6985,73.7912,73.9476,249.1756,1
73.9130,73.9477,74.1049,191.9387,1
73.9754,74.1050,74.2633,287.8799,1
74.6519,74.6528,74.7960,144.0509,1
74.6848,74.7960,74.9532,268.4258,1
74.7675,74.9532,75.1129,345.4318,1
75.4613,75.4621,75.5201,58.8156,1
75.5448,75.5449,75.6099,65.0824,1
75.9367,75.9372,75.9977,61.0055,1
76.0358,76.0360,76.0973,61.4533,1
76.1639,76.1641,76.2226,58.6669,1
76.3886,76.3890,76.4481,59.4399,1
77.0366,77.0374,77.0960,59.3787,1
77.3756,77.3760,77.4338,58.2533,1
77.4715,77.4717,77.5338,62.2614,1
78.1965,78.1973,78.2567,60.2675,1
78.4801,78.4805,78.5384,58.2813,1
78.6224,78.6227,78.6810,58.5535,1
78.7939,78.7941,78.8546,60.7646,1
79.0886,79.0890,79.1483,59.6893,1
79.2182,79.2184,79.2786,60.4269,1
80.2167,80.2179,80.3442,127.5589,1
80.7071,80.7078,80.8324,125.3543,1
80.9266,80.9270,81.0515,124.8700,1
81.1093,81.1097,81.2391,129.7548,1
82.0442,82.0453,82.1706,126.4586,1
82.4331,82.4337,82.5636,130.4664,1
82.7515,82.7520,82.8822,130.7304,1
82.9426,82.9431,83.0708,128.2675,1
83.1074,83.1078,83.2354,128.0069,1
83.3453,83.3458,83.4709,125.5422,1
83.6636,83.6641,83.7905,126.9344,1
83.7600,83.7906,83.9462,186.1330,1
84.0489,84.0494,84.1791,130.2260,1
84.2651,84.2655,84.3926,127.4987,1
84.8325,84.8333,84.9608,128.2937,1
85.1634,85.1638,85.2912,127.8368,1
85.3827,85.3831,85.5094,126.7050,1
85.5489,85.5492,85.6720,123.0639,1
85.5679,85.6720,85.7431,175.1742,1
86.5815,86.5826,86.6423,60.7516,1
87.1644,87.1650,87.2240,59.6212,1
87.5286,87.5291,87.5892,60.6101,1
88.3317,88.3326,88.3923,60.5879,1
88.3433,88.3923,88.4756,132.3709,1
88.7099,88.7104,88.7688,58.8942,1
89.3651,89.3659,89.4252,60.0365,1
89.5641,89.5645,89.6238,59.6657,1
89.8942,89.8947,89.9529,58.7119,1
90.2849,90.2854,90.3441,59.2424,1
90.3076,90.3441,90.4265,118.9145,1
90.5658,90.5662,90.6234,57.5390,1
90.6636,90.6639,90.7241,60.4717,1
90.9197,90.9201,90.9800,60.3333,1
91.6628,91.6637,91.7231,60.2401,1
92.1455,92.1462,92.2874,141.9439,1
92.5340,92.5346,92.6750,140.9316,1
92.6162,92.6750,92.8328,216.6469,1
92.7198,92.8328,92.9911,271.2868,1
93.1156,93.1162,93.2576,141.9627,1
93.2355,93.2576,93.4159,180.4307,1
93.3420,93.4159,93.5742,232.2352,1
93.4911,93.5742,93.7327,241.5957,1
93.5904,93.7327,93.8940,303.5815,1
94.2801,94.2810,94.3399,59.7488,1
94.6430,94.6434,94.7054,62.3871,1
94.6495,94.7054,94.7880,138.4640,1
94.8761,94.8764,94.9366,60.5548,1
95.8412,95.8422,95.9019,60.7311,1
95.9659,95.9661,96.0246,58.6966,1
96.2445,96.2448,96.3798,135.2837,1
96.5450,96.5454,96.6816,136.5877,1
96.6431,96.6816,96.8398,196.7533,1
96.9375,96.9380,97.0749,137.3793,1
96.9535,97.0749,97.2333,279.7749,1
97.0084,97.2333,97.3920,383.5309,1
97.2292,97.3920,97.5517,322.5021,1
97.4802,97.5517,97.7115,231.2348,1
97.5248,97.7115,97.8741,349.3333,1
97.7246,97.8741,98.0324,307.7483,1
97.9864,98.0324,98.1933,206.9185,1
98.1945,98.1949,98.2875,92.9771,1
98.4209,98.4213,98.4805,59.5908,1
98.6068,98.6072,98.6664,59.5356,1
98.6589,98.6664,98.7481,89.2557,1
98.8850,98.8855,98.9458,60.7900,1
99.0580,99.0582,99.1174,59.4511,1
99.5484,99.5492,99.6062,57.7497,1
99.7911,99.7914,99.8497,58.5985,1
99.9729,99.9733,100.0307,57.8519,1
99.9844,100.0308,100.1130,128.6584,1
100.1186,100.1190,100.1903,71.6369,1
100.1314,100.1903,100.2684,137.0059,1
100.1826,100.2684,100.3463,163.6705,1
100.2013,100.3463,100.4248,223.5597,1
100.2214,100.4249,100.5006,279.2589,1
100.2586,100.5007,100.5774,318.7577,1
100.2943,100.5774,100.6544,360.0414,1
100.3521,100.6544,100.7302,378.1165,1
100.6150,100.7303,100.8131,198.0924,1
100.7232,100.8131,100.9144,191.1655,1
101.0214,101.0219,101.0819,60.4135,1
101.1547,101.1550,101.2146,59.8579,1
101.3317,101.3322,101.3913,59.6181,1
101.4504,101.4507,101.5083,57.9616,1
101.4933,101.5084,101.5913,97.9772,1
101.6186,101.6190,101.6822,63.5949,1
101.6282,101.6823,101.7621,133.8779,1
101.7290,101.7621,101.8392,110.2074,1
101.8006,101.8392,101.9161,115.4582,1
102.2613,102.2618,102.3208,59.5819,1
102.4136,102.4138,102.4734,59.8205,1
102.4265,102.4734,102.5560,129.5208,1
102.5637,102.5641,102.6365,72.7785,1
102.6204,102.6366,102.7149,94.4919,1
102.7151,102.7154,102.7918,76.7197,1
102.8955,102.8959,102.9557,60.1967,1
103.0311,103.0314,103.0912,60.1458,1
103.1654,103.1658,103.2237,58.2304,1
103.1880,103.2237,103.3052,117.2369,1
103.4677,103.4682,103.5263,58.5753,1
103.4821,103.5263,103.6110,128.8717,1
103.5803,103.6110,103.6875,107.1828,1
104.0643,104.0650,104.1230,58.7166,1
104.3645,104.3649,104.4223,57.7174,1
104.4650,104.4653,104.5245,59.5217,1
104.4671,104.5246,104.6063,139.1940,1
104.4941,104.6063,104.6832,189.0639,1
104.7289,104.7294,104.7885,59.5179,1
104.8835,104.8839,104.9415,57.9824,1
104.8877,104.9416,105.0248,137.0165,1
105.0442,105.0445,105.1098,65.5781,1
105.1152,105.1155,105.1888,73.5814,1
105.2733,105.2736,105.3319,58.5133,1
105.2782,105.3319,105.4154,137.2896,1
106.0388,106.0398,106.0998,61.0159,1
106.0849,106.0998,106.1819,96.9754,1
106.2591,106.2594,106.3175,58.3560,1
106.5030,106.5035,106.5639,60.8286,1
106.5199,106.5639,106.6466,126.7089,1
106.6766,106.6769,106.7400,63.3801,1
106.7536,106.7538,106.8229,69.3154,1
106.7873,106.8230,106.9017,114.4086,1
106.8796,106.9018,106.9799,100.3450,1
107.0159,107.0163,107.0781,62.1854,1
107.1531,107.1533,107.2113,58.2023,1
107.4735,107.4740,107.5333,59.7800,1
107.7983,107.7989,107.8582,59.9308,1
108.0060,108.0063,108.0649,58.8394,1
108.1961,108.1965,108.2572,61.0980,1
108.2219,108.2573,108.3397,117.8403,1
108.3246,108.3397,108.4183,93.6776,1
108.3406,108.4183,108.4951,154.5177,1
108.3919,108.4951,108.5732,181.2966,1
108.4127,108.5732,108.6500,237.3220,1
108.4247,108.6500,108.7282,303.4712,1
108.7025,108.7282,108.8053,102.8330,1
108.7233,108.8053,108.8823,159.0296,1
108.8180,108.8823,108.9608,142.7803,1
108.8504,108.9608,109.0438,193.4027,1
108.8530,109.0438,109.1448,291.8055,1
108.9526,109.1448,109.2277,275.0512,1
109.0651,109.2277,109.3087,243.5833,1
109.4480,109.4486,109.5085,60.4273,1
109.5559,109.5561,109.6165,60.6161,1
109.6224,109.6226,109.6991,76.7014,1
109.7977,109.7981,109.8604,62.6713,1
109.8353,109.8604,109.9426,107.3248,1
109.9660,109.9663,110.0278,61.8181,1
110.0470,110.0473,110.1161,69.1113,1
110.2086,110.2090,110.2696,61.0094,1
110.2378,110.2697,110.3528,114.9731,1
110.2553,110.3528,110.4304,175.1381,1
110.2599,110.4305,110.5079,247.9467,1
110.4367,110.5079,110.5858,149.1582,1
110.4408,110.5859,110.6643,223.5626,1
110.5451,110.6643,110.7418,196.6791,1
110.6751,110.7418,110.8204,145.2600,1
110.7034,110.8204,110.8972,193.7950,1
110.7667,110.8972,110.9747,208.0143,1
110.7957,110.9747,111.0642,268.5167,1
110.9788,111.0642,111.1613,182.4662,1
111.0802,111.1613,111.2451,164.8511,1
111.0853,111.2451,111.3260,240.7655,1
111.3563,111.3566,111.4196,63.3360,1
111.4108,111.4196,111.5003,89.5022,1
111.4167,111.5004,111.5778,161.1369,1
111.6244,111.6248,111.6846,60.2272,1
111.6763,111.6846,111.7683,91.9571,1
111.7135,111.7683,111.8475,133.9280,1
111.8695,111.8698,111.9343,64.7849,1
112.0454,112.0458,112.1041,58.6951,1
112.1065,112.1068,112.1873,80.7600,1
112.1879,112.1883,112.2656,77.7117,1
112.4260,112.4265,112.4872,61.1823,1
112.4479,112.4873,112.5710,123.1577,1
112.4483,112.5711,112.6493,201.0198,1
112.7397,112.7402,112.8853,145.5945,1
112.8468,112.8853,113.0479,201.1337,1
113.0422,113.0479,113.2118,169.6545,1
113.0982,113.2119,113.3732,274.9757,1
113.1208,113.3732,113.5360,415.1453,1
113.1249,113.5360,113.7010,576.0169,1
113.1425,113.7010,113.8653,722.8014,1
113.3480,113.8653,114.0276,679.5784,1
113.3735,114.0276,114.1907,817.2078,1
113.6164,114.1907,114.3531,736.6671,1
113.8108,114.3531,114.5172,706.3792,1
113.8805,114.5172,114.6800,799.5795,1
113.9345,114.6800,114.8407,906.1417,1
114.3711,114.8407,114.9120,540.8715,1
114.4332,114.9120,114.9908,557.5378,1
114.5052,114.9908,115.0715,566.3674,1
114.6422,115.0716,115.1528,510.6816,1
114.6931,115.1529,115.2344,541.2548,1
115.0900,115.2344,115.3159,225.9131,1
115.1160,115.3159,115.3982,282.1928,1
115.2139,115.3982,115.4805,266.6334,1
115.4276,115.4805,115.5628,135.2410,1
115.4467,115.5629,115.6452,198.4765,1
115.5815,115.6452,115.7303,148.7416,1
115.7566,115.7570,115.8224,65.7618,1
115.9966,115.9969,116.0600,63.4040,1
116.0423,116.0600,116.1436,101.2819,1
116.2714,116.2718,116.3319,60.4890,1
116.2937,116.3320,116.4161,122.4514,1
116.3770,116.4162,116.4944,117.3591,1
116.4689,116.4944,116.5727,103.8492,1
116.4813,116.5727,116.6512,169.8792,1
116.5610,116.6512,116.7293,168.2579,1
116.8466,116.8469,116.9047,58.0723,1
117.1874,117.1878,117.2474,59.9809,1
117.3006,117.3008,117.3625,61.8584,1
117.3776,117.3777,117.4476,69.9745,1
117.4794,117.4796,117.5411,61.6409,1
117.5609,117.5611,117.6283,67.4015,1
117.6389,117.6390,117.7108,71.9453,1
117.8120,117.8122,117.8748,62.8389,1
118.0614,118.0617,118.1186,57.2491,1
118.1583,118.1585,118.2232,64.8256,1
118.1605,118.2232,118.3041,143.6477,1
118.1686,118.3041,118.3826,214.0337,1
118.2175,118.3826,118.4601,242.6528,1
118.5075,118.5079,118.5696,62.0792,1
118.6193,118.6194,118.6818,62.5188,1
118.7119,118.7122,118.7782,66.2458,1
118.8096,118.8099,118.8756,65.9402,1
118.9617,118.9620,119.0771,115.3660,1
119.0140,119.0771,119.2360,222.0275,1
119.0162,119.2361,119.3982,382.0023,1
119.1868,119.3982,119.5594,372.5384,1
119.2331,119.5594,119.7192,486.0889,1
119.2854,119.7192,119.8999,614.5452,1
119.3464,119.9000,120.0736,727.2038,1
119.9467,120.0736,120.2379,291.2436,1
120.0230,120.2379,120.3992,376.1798,1
120.3489,120.3992,120.5605,211.6036,1
120.5558,120.5605,120.7243,168.5110,1
120.5886,120.7243,120.9029,314.3414,1
120.7890,120.9029,121.0728,283.8273,1
121.1899,121.1905,121.2542,64.2975,1
121.3833,121.3837,121.4432,59.9087,1
121.3910,121.4433,121.5290,137.9913,1
121.5638,121.5643,121.6241,60.2543,1
121.6875,121.6878,121.7490,61.4503,1
121.7230,121.7490,121.8326,109.5757,1
121.7522,121.8326,121.9111,158.8858,1
121.8210,121.9111,121.9902,169.2136,1
121.9508,121.9902,122.0694,118.5911,1
121.9630,122.0694,122.1484,185.3876,1
122.2722,122.2727,122.3333,61.0715,1
122.3074,122.3333,122.4163,108.8826,1
122.5012,122.5015,122.5604,59.1672,1
122.5869,122.5871,122.6547,67.8544,1
122.7128,122.7131,122.7749,62.0654,1
122.8935,122.8939,122.9551,61.5572,1
122.9105,122.9551,123.0386,128.0101,1
123.0680,123.0684,123.1310,62.9408,1
123.1424,123.1426,123.2205,78.1515,1
123.1650,123.2206,123.3854,220.4800,1
123.3281,123.3855,123.5528,224.7447,1
123.3516,123.5528,123.7189,367.2814,1
123.7175,123.7190,123.8952,177.6938,1
123.7249,123.8952,124.0679,343.0115,1
123.8444,124.0679,124.2338,389.4755,1
124.0814,124.2339,124.3992,317.7198,1
124.4523,124.4528,124.5976,145.2658,1
124.4659,124.5976,124.7628,296.8784,1
124.6566,124.7629,124.9288,272.1206,1
124.7264,124.9288,125.0932,366.7425,1
124.7265,125.0932,125.2599,533.3841,1
124.7438,125.2599,125.3852,641.3705,1
125.0614,125.3852,125.4636,402.2565,1
125.3002,125.4637,125.5434,243.2222,1
125.4393,125.5434,125.6242,184.8942,1
125.7021,125.7026,125.7635,61.3970,1
125.9043,125.9046,125.9654,61.0142,1
126.0811,126.0815,126.1433,62.2568,1
126.3528,126.3532,126.4126,59.8432,1
126.3931,126.4126,126.4978,104.7007,1
126.4131,126.4979,126.5764,163.3228,1
126.4612,126.5765,126.6558,194.6055,1
126.5053,126.6558,126.7341,228.8073,1
126.7242,126.7341,126.8135,89.2765,1
126.7661,126.8135,126.8934,127.3290,1
126.8450,126.8934,126.9719,126.8633,1
127.0715,127.0719,127.1305,59.0566,1
127.9357,127.9368,127.9986,62.8607,1
127.9514,127.9986,128.0826,131.1471,1
128.0740,128.0826,128.1612,87.2428,1
128.0948,128.1612,128.2398,145.0197,1
128.2870,128.2873,128.3491,62.1791,1
128.4138,128.4140,128.4759,62.1331,1
128.6319,128.6322,128.6929,61.0007,1
128.6573,128.6929,128.7776,120.3688,1
128.9492,128.9497,129.0091,59.9301,1
129.3790,129.3796,129.4378,58.7750,1
129.4524,129.4526,129.5228,70.3238,1
129.8185,129.8190,129.8806,62.1776,1
129.8847,129.8849,129.9636,78.9514,1
129.9000,129.9637,130.0408,140.7504,1
130.3332,130.3338,130.3948,61.6804,1
130.4834,130.4837,130.5440,60.6541,1
130.5983,130.5986,130.6600,61.6611,1
130.8221,130.8226,130.8824,60.2636,1
131.1343,131.1349,131.1975,63.1541,1
131.1966,131.1975,131.2815,84.9134,1
131.3949,131.3954,131.4565,61.6055,1
131.3975,131.4566,131.5396,142.1661,1
131.5289,131.5397,131.6536,124.6983,1
131.6224,131.6536,131.8141,191.6294,1
131.6364,131.8141,131.9744,338.0304,1
131.8788,131.9744,132.1356,256.7843,1
131.9396,132.1356,132.3346,395.0346,1
132.1980,132.3346,132.5088,310.8250,1
132.2777,132.5088,132.6694,391.6869,1
132.3491,132.6694,132.8306,481.5021,1
132.8386,132.8393,132.9946,155.9774,1
132.8570,132.9946,133.1593,302.3321,1
132.9630,133.1594,133.3478,384.7647,1
133.7095,133.7103,133.8299,120.4178,1
133.8824,133.8827,134.0032,120.7335,1
134.1156,134.1159,134.2436,128.0238,1
134.2485,134.2489,134.4007,152.1345,1
134.7019,134.7025,134.8186,116.7197,1
134.7090,134.8186,134.9770,268.0002,1
134.9366,134.9770,135.1361,199.4753,1
135.0400,135.1361,135.2974,257.4113,1
135.2566,135.2974,135.4586,202.0295,1
135.3518,135.4586,135.6528,301.0743,1
135.4301,135.6529,135.7836,353.4734,1
135.4841,135.7837,135.8625,378.3972,1
135.5066,135.8626,135.9419,435.2981,1
135.9880,135.9887,136.0492,61.1828,1
136.2154,136.2158,136.2776,62.1964,1
136.3983,136.3987,136.4590,60.6176,1
136.5641,136.5644,136.6246,60.4640,1
136.7001,136.7004,136.7619,61.8092,1
136.8609,136.8611,136.9194,58.5486,1
137.2388,137.2393,137.3024,63.6329,1
137.2864,137.3025,137.3865,100.0380,1
137.3870,137.3872,137.4659,78.9938,1
137.5243,137.5246,137.5866,62.2841,1
137.6025,137.6027,137.6738,71.2848,1
137.6877,137.6880,137.7589,71.2548,1
137.8975,137.8980,138.0402,142.6751,1
137.9011,138.0402,138.2062,305.0172,1
138.0492,138.2062,138.3736,324.3609,1
138.1891,138.3736,138.5404,351.2690,1
138.2840,138.5404,138.7090,424.9627,1
138.3167,138.7090,138.8777,560.9429,1
138.3259,138.8777,139.0439,717.9820,1
138.5353,139.0439,139.2117,676.3679,1
138.7293,139.2117,139.3794,650.1135,1
138.7993,139.3794,139.5469,747.6534,1
138.8177,139.5469,139.7129,895.1926,1
138.8856,139.7129,139.8797,994.1570,1
138.9373,139.8797,140.0171,1079.8126,1
139.1139,140.0172,140.0947,980.7348,1
139.2368,140.0947,140.1746,937.8895,1
139.2732,140.1747,140.2565,983.2907,1
139.4037,140.2565,140.3389,935.2133,1
139.5555,140.3389,140.4213,865.7300,1
139.6608,140.4213,140.5044,843.5733,1
139.7475,140.5044,140.5872,839.6924,1
140.2817,140.5872,140.6704,388.6167,1
140.3884,140.6704,140.7535,365.0998,1
140.6198,140.7535,140.8371,217.2416,1
140.6456,140.8371,140.9240,278.4055,1
140.7402,140.9244,141.0056,265.4204,1
140.7677,141.0056,141.0868,319.0742,1
140.8827,141.0868,141.1691,286.3799,1
140.9803,141.1691,141.2515,271.1460,1
141.0457,141.2515,141.3338,288.1612,1
141.0999,141.3339,141.4166,316.6962,1
141.1337,141.4166,141.5001,366.3674,1
141.1388,141.5001,141.5836,444.7414,1
141.3454,141.5836,141.6667,321.3029,1
141.3755,141.6667,141.7506,375.0494,1
141.7296,141.7506,141.8362,106.6409,1
141.8672,141.8676,141.9295,62.2327,1
141.9822,141.9825,142.0466,64.3420,1
142.2078,142.2082,142.2697,61.8929,1
142.3492,142.3494,142.4093,60.1380,1
142.3895,142.4093,142.4946,105.0727,1
142.4635,142.4946,142.5751,111.5859,1
142.8619,142.8625,142.9238,61.9086,1
142.8702,142.9239,143.0080,137.7746,1
143.0180,143.0184,143.0894,71.3592,1
143.1126,143.1129,143.1810,68.3565,1
143.1435,143.1810,143.2628,119.2554,1
143.1869,143.2628,143.3428,155.9420,1
143.2586,143.3428,143.4232,164.5852,1
143.2936,143.4232,143.5014,207.7221,1
143.5620,143.5625,143.6257,63.6380,1
143.6922,143.6926,143.7539,61.6937,1
143.8766,143.8769,143.9396,63.0818,1
143.9186,143.9397,144.0238,105.2021,1
144.8176,144.8188,144.8807,63.0485,1
144.9974,144.9978,145.0605,63.1171,1
145.0520,145.0606,145.1452,93.2771,1
145.2698,145.2702,145.3299,60.0487,1
145.4725,145.4728,145.5349,62.4647,1
145.6712,145.6716,145.7332,61.9200,1
145.7313,145.7332,145.8191,87.8678,1
145.9632,145.9636,146.0221,58.9368,1
145.9813,146.0221,146.1073,126.0379,1
146.0320,146.1073,146.1857,153.6930,1
146.1170,146.1857,146.2651,148.1464,1
146.2079,146.2652,146.3455,137.6324,1
146.3272,146.3456,146.4249,97.6551,1
146.3849,146.4249,146.5056,120.7684,1
146.5988,146.5992,146.6586,59.8373,1
146.8470,146.8474,146.9062,59.1877,1
147.0216,147.0219,147.0809,59.3704,1
147.1153,147.1156,147.1808,65.4321,1
147.1536,147.1808,147.2635,109.8883,1
147.5019,147.5025,147.5638,61.8764,1
147.5370,147.5638,147.6494,112.3807,1
147.6363,147.6494,147.7290,92.6969,1
148.1547,148.1554,148.2159,61.1407,1
148.1893,148.2159,148.3016,112.2408,1
148.2510,148.3016,148.3812,130.1994,1
148.2947,148.3812,148.4609,166.2650,1
148.3030,148.4610,148.5410,237.9713,1
148.5677,148.5682,148.6325,64.8066,1
148.5895,148.6326,148.7155,125.9901,1
148.6792,148.7155,148.7955,116.2676,1
148.6842,148.7955,148.8759,191.7177,1
148.7653,148.8759,148.9559,190.6790,1
148.9047,148.9560,149.0596,154.9694,1
148.9545,149.0597,149.1420,187.5333,1
149.0889,149.1420,149.2254,136.4631,1
149.3376,149.3380,149.4002,62.5884,1
149.3578,149.4002,149.4856,127.8643,1
149.3622,149.4857,149.5659,203.7226,1
149.4175,149.5659,149.6458,228.2947,1
149.7381,149.7386,149.7995,61.4844,1
150.0026,150.0030,150.0634,60.8019,1
150.1866,150.1870,150.2467,60.0169,1
150.2402,150.2467,150.3406,100.4304,1
150.2584,150.3407,150.4309,172.5156,1
150.7391,150.7397,150.8099,70.8145,1
150.9327,150.9331,151.0028,70.1439,1
151.2632,151.2637,151.3317,68.5552,1
151.3009,151.3318,151.4263,125.3439,1
151.3426,151.4263,151.5154,172.8113,1
151.4015,151.5155,151.6046,203.1608,1
151.4949,151.6046,151.6941,199.2042,1
151.5123,151.6941,151.7841,271.8795,1
151.6229,151.7842,151.8745,251.6674,1
151.8374,151.8745,151.9656,128.2019,1
151.9696,151.9699,152.0554,85.8321,1
152.1795,152.1799,152.2460,66.4868,1
152.6114,152.6121,152.7614,149.9933,1
152.6142,152.7615,152.9308,316.6592,1
152.7588,152.9309,153.1018,342.9879,1
152.7647,153.1018,153.2720,507.3142,1
152.8129,153.2721,153.4431,630.1462,1
152.9230,153.4431,153.6141,691.0621,1
153.0322,153.6141,153.7851,752.8448,1
153.5572,153.7851,153.9544,397.2660,1
153.5962,153.9545,154.1254,529.1430,1
153.6044,154.1254,154.2950,690.5854,1
153.8426,154.2950,154.4642,621.5714,1
153.8675,154.4642,154.5763,708.8405,1
154.0453,154.5764,154.6568,611.4468,1
154.0719,154.6568,154.7365,664.5767,1
154.3505,154.7365,154.8172,466.7764,1
154.8634,154.8641,154.9260,62.5925,1
155.2252,155.2258,155.2845,59.2759,1
155.4498,155.4501,155.5133,63.5561,1
155.5315,155.5317,155.6029,71.4297,1
155.5780,155.6029,155.6832,105.2884,1
155.6760,155.6833,155.7641,88.0376,1
155.7309,155.7641,155.8446,113.7075,1
155.7660,155.8446,155.9255,159.4316,1
155.8277,155.9255,156.0056,177.9366,1
155.8282,156.0057,156.0861,257.8814,1
155.8462,156.0861,156.1665,320.2750,1
155.8700,156.1665,156.2469,376.9137,1
155.9732,156.2469,156.3510,377.8194,1
156.0367,156.3510,156.4411,404.3289,1
156.0877,156.4411,156.5256,437.8965,1
156.2569,156.5256,156.6082,351.2437,1
156.3525,156.6082,156.6895,336.9750,1
156.4400,156.6895,156.7710,331.0277,1
156.4970,156.7710,156.8522,355.1623,1
156.5935,156.8522,156.9330,339.4548,1
156.7556,156.9330,157.0138,258.2092,1
156.9792,157.0138,157.0945,115.2864,1
157.0904,157.0945,157.1764,86.0386,1
157.0992,157.1765,157.2679,168.6290,1
157.1697,157.2679,157.3589,189.1667,1
157.3592,157.3596,157.4473,88.1443,1
157.4585,157.4587,157.5325,74.0415,1
158.7066,158.7079,158.7688,62.2470,1
158.9196,158.9200,158.9818,62.2271,1
159.1628,159.1631,159.2239,61.1429,1
159.1659,159.2240,159.3097,143.8280,1
159.3763,159.3767,159.4365,60.2917,1
159.7638,159.7644,159.8258,61.9289,1
159.9503,159.9507,160.0145,64.2117,1
160.2328,160.2333,160.2962,63.4423,1
160.4019,160.4022,160.4628,60.9578,1
160.6241,160.6246,160.6828,58.6799,1
160.8230,160.8234,160.8926,69.5844,1
161.3389,161.3396,161.4103,71.3749,1
161.3852,161.4103,161.5055,120.2359,1
161.6113,161.6117,161.6806,69.3051,1
161.6880,161.6883,161.7738,85.7221,1
161.8121,161.8124,161.8854,73.2923,1
161.8466,161.8854,161.9795,132.8564,1
161.9311,161.9795,162.0705,139.4088,1
161.9824,162.0706,162.1616,179.1647,1
162.0759,162.1616,162.2540,178.1352,1
162.2291,162.2540,162.3462,117.1018,1
162.2810,162.3462,162.4398,158.8021,1
162.2971,162.4398,162.5509,253.8675,1
162.5191,162.5509,162.6465,127.4717,1
162.6136,162.6466,162.7535,139.8896,1
162.8231,162.8235,162.8889,65.7905,1
162.8742,162.8889,162.9769,102.6922,1
162.9097,162.9769,163.0550,145.3049,1
163.0026,163.0550,163.1352,132.6179,1
163.0605,163.1352,163.2166,156.0577,1
163.1628,163.2166,163.2974,134.5948,1
163.4778,163.4783,163.5412,63.3395,1
163.4910,163.5412,163.6280,136.9735,1
163.5405,163.6280,163.7077,167.1601,1
163.6184,163.7077,163.7885,170.0332,1
163.7480,163.7885,163.8696,121.6237,1
163.7829,163.8696,163.9504,167.5004,1
163.8589,163.9504,164.0312,172.2798,1
163.8834,164.0312,164.1120,228.5398,1
163.9257,164.1120,164.1927,267.0052,1
163.9662,164.1927,164.2741,307.9036,1
164.0847,164.2741,164.3808,296.0703,1
164.1635,164.3808,164.4673,303.8179,1
164.4613,164.4673,164.5535,92.1999,1
164.6993,164.6998,164.7611,61.7926,1
164.8420,164.8424,164.9020,59.9511,1
164.9009,164.9020,164.9887,87.7642,1
164.9647,164.9887,165.0695,104.8146,1
164.9918,165.0695,165.1503,158.4589,1
165.1554,165.1557,165.2322,76.7873,1
165.2469,165.2472,165.3165,69.6568,1
165.2883,165.3166,165.3995,111.2315,1
165.4388,165.4390,165.4996,60.8420,1
165.5010,165.5013,165.5866,85.5499,1
165.6561,165.6565,165.7149,58.7451,1
165.8329,165.8332,165.8936,60.6792,1
165.8334,165.8936,165.9807,147.3247,1
166.0416,166.0420,166.1021,60.5331,1
166.3906,166.3912,166.4511,60.5116,1
166.4752,166.4755,166.5444,69.1809,1
166.4922,166.5444,166.6264,134.1772,1
166.6423,166.6427,166.7114,69.0418,1
166.7258,166.7261,166.7967,70.8763,1
166.8902,166.8905,166.9533,63.1676,1
167.0113,167.0116,167.1562,144.8763,1
167.1390,167.1563,167.3214,182.3202,1
167.1973,167.3214,167.4857,288.4540,1
167.3006,167.4857,167.6516,351.0368,1
167.6083,167.6516,167.8423,234.0034,1
167.6378,167.8424,168.0328,395.0916,1
167.6389,168.0329,168.1998,560.8654,1
167.6429,168.1998,168.3652,722.3092,1
167.6676,168.3652,168.5305,862.8536,1
168.3140,168.5305,168.7062,392.2817,1
168.3209,168.7063,168.8973,576.3694,1
168.6240,168.8973,169.0760,452.0676,1
168.8722,169.0761,169.1860,313.7602,1
169.2466,169.2472,169.3078,61.2153,1
169.2480,169.3078,169.3930,144.9591,1
169.2692,169.3930,169.4738,204.6475,1
169.3775,169.4738,169.5551,177.5965,1
169.4260,169.5551,169.6361,210.1208,1
169.4681,169.6361,169.7169,248.7874,1
169.6181,169.7170,169.7977,179.6269,1
169.8845,169.8850,169.9468,62.2269,1
169.8962,169.9468,170.0328,136.6455,1
169.9543,170.0328,170.1134,159.0983,1
170.0668,170.1134,170.1941,127.3416,1
170.1986,170.1989,170.2746,75.9597,1
170.2312,170.2746,170.3563,125.0740,1
170.2614,170.3563,170.4376,176.2162,1
170.3124,170.4376,170.5186,206.2062,1
170.6449,170.6453,170.7075,62.6365,1
170.7336,170.7339,170.8015,67.8341,1
170.9334,170.9338,170.9960,62.6040,1
171.2151,171.2156,171.2792,64.0201,1
171.3482,171.3485,171.4080,59.8899,1
171.4757,171.4760,171.5364,60.7222,1
171.6816,171.6820,171.7453,63.6759,1
171.6964,171.7453,171.8313,134.9017,1
172.5362,172.5373,172.5988,62.5808,1
172.8462,172.8468,172.9087,62.4453,1
173.2444,173.2449,173.3071,62.7189,1
173.4340,173.4343,173.4928,58.8279,1
173.4863,173.4929,173.5810,94.7283,1
173.5534,173.5810,173.6621,108.6779,1
173.6363,173.6621,173.7428,106.5835,1
173.6588,173.7429,173.8243,165.5000,1
173.8507,173.8511,173.9149,64.2032,1
173.8792,173.9149,173.9995,120.3114,1
173.9220,173.9995,174.0806,158.6016,1
173.9834,174.0806,174.1618,178.4105,1
174.0051,174.1618,174.2426,237.4481,1
174.0287,174.2426,174.3511,322.4031,1
174.1205,174.3511,174.4344,313.9381,1
174.2430,174.4344,174.5194,276.3871,1
174.2765,174.5194,174.6022,325.6735,1
174.2780,174.6022,174.6845,406.5456,1
174.3039,174.6846,174.7740,470.0626,1
174.4307,174.7740,174.8553,424.6447,1
174.8101,174.8554,174.9365,126.4315,1
174.8134,174.9365,175.0179,204.4776,1
174.8205,175.0179,175.0994,278.9495,1
174.9401,175.0995,175.1842,244.0935,1
174.9532,175.1842,175.2782,324.9828,1
174.9661,175.2782,175.3663,400.1287,1
174.9899,175.3663,175.4534,463.5233,1
175.0398,175.4535,175.5380,498.2101,1
175.2349,175.5380,175.6222,387.2983,1
175.4562,175.6223,175.7083,252.0914,1
175.5588,175.7083,175.7921,233.3274,1
175.7091,175.7921,175.8748,165.7582,1
175.8048,175.8748,175.9564,151.6045,1
175.8268,175.9564,176.0387,211.8501,1
175.8503,176.0387,176.1240,273.6941,1
175.9082,176.1240,176.2128,304.5828,1
175.9419,176.2128,176.3016,359.7391,1
176.0224,176.3016,176.3889,366.4939,1
176.1540,176.3889,176.4745,320.5506,1
176.1680,176.4745,176.5597,391.7780,1
176.2131,176.5598,176.6454,432.2603,1
176.4741,176.6454,176.7304,256.3444,1
176.5478,176.7304,176.8138,266.0218,1
176.6104,176.8138,176.8961,285.7816,1
176.7361,176.8962,176.9788,242.6416,1
176.8413,176.9788,177.0642,222.9867,1
176.8478,177.0643,177.1512,303.3196,1
177.1689,177.1694,177.2416,72.7663,1
177.4493,177.4498,177.5115,62.2380,1
177.6374,177.6378,177.7011,63.7032,1
177.6962,177.7011,177.7881,91.8794,1
177.7335,177.7881,177.8700,136.4898,1
177.7897,177.8700,177.9516,161.9682,1
177.8176,177.9516,178.0339,216.3009,1
177.9265,178.0340,178.1163,189.7442,1
178.1424,178.1428,178.2113,68.9044,1
178.2001,178.2113,178.2954,95.2524,1
178.3344,178.3347,178.3978,63.4032,1
178.3482,178.3979,178.4842,136.0254,1
178.4554,178.4842,178.5760,120.5899,1
178.5555,178.5760,178.6580,102.5229,1
178.7070,178.7073,178.7670,60.0306,1
178.8021,178.8023,178.8701,68.0710,1
179.1370,179.1375,179.1983,61.3098,1
179.1476,179.1983,179.2833,135.6779,1
179.2152,179.2833,179.3629,147.6749,1
179.2274,179.3629,179.4432,215.8273,1
179.3977,179.4432,179.5230,125.2809,1
179.5368,179.5372,179.6077,70.8636,1
179.6617,179.6620,179.7262,64.4340,1
179.6902,179.7262,179.8096,119.3898,1
179.9914,179.9918,180.0552,63.7611,1
180.1633,180.1636,180.2259,62.6677,1
180.6087,180.6092,180.6702,61.4890,1
180.6647,180.6702,180.7562,91.5518,1
180.7633,180.7634,180.8398,76.4923,1
181.0423,181.0426,181.1037,61.4041,1
181.0761,181.1037,181.1885,112.3759,1
181.1737,181.1885,181.2686,94.8592,1
181.3366,181.3369,181.3994,62.7491,1
181.4239,181.4242,181.4911,67.1634,1
181.7625,181.7630,181.8982,135.6748,1
181.7879,181.8982,182.0672,279.2449,1
181.8136,182.0672,182.2360,422.4362,1
181.9525,182.2360,182.4047,452.1956,1
182.1396,182.4047,182.5748,435.2087,1
182.3084,182.5748,182.7602,451.7795,1
182.4328,182.7602,182.9327,499.8967,1
182.6177,182.9327,183.1028,485.0685,1
182.7132,183.1028,183.2725,559.3481,1
182.8277,183.2725,183.4422,614.4223,1
182.9916,183.4422,183.6207,629.1353,1
183.0723,183.6207,183.7495,677.2231,1
183.0802,183.7496,183.8306,750.4249,1
183.1380,183.8306,183.9116,773.6363,1
183.2534,183.9116,183.9934,740.0108,1
183.2541,183.9934,184.0757,821.5840,1
183.4779,184.0757,184.1588,680.8711,1
183.5835,184.1588,184.2418,658.3479,1
183.6042,184.2419,184.3242,719.9980,1
183.6419,184.3242,184.4078,765.9418,1
183.6875,184.4078,184.4924,804.8376,1
183.8458,184.4924,184.5772,731.4552,1
184.0540,184.5773,184.6662,612.1158,1
184.2227,184.6662,184.7498,527.0467,1
184.3775,184.7498,184.8325,455.0223,1
184.4360,184.8326,184.9158,479.7124,1
184.5111,184.9158,184.9982,487.0745,1
184.5690,184.9982,185.0813,512.3506,1
184.6733,185.0813,185.1648,491.4863,1
185.0556,185.1649,185.2475,191.9037,1
185.3226,185.3231,185.3818,59.1852,1
185.4875,185.4877,185.5500,62.5799,1
185.8977,185.8982,185.9577,60.0198,1
185.9472,185.9578,186.0433,96.1486,1
186.0396,186.0434,186.1233,83.7108,1
186.2224,186.2228,186.2826,60.1941,1
186.3696,186.3699,186.4323,62.7294,1
186.4034,186.4323,186.5191,115.6855,1
186.4466,186.5191,186.5997,153.1947,1
186.5152,186.5998,186.6798,164.6176,1
186.9836,186.9842,187.0465,62.8962,1
187.0235,187.0465,187.1320,108.4997,1
187.2162,187.2166,187.2786,62.4277,1
187.2701,187.2786,187.3637,93.6062,1
187.3784,187.3786,187.4483,69.8796,1
187.8066,187.8073,187.8694,62.7408,1
188.0630,188.0634,188.1251,62.1359,1
188.1172,188.1251,188.2119,94.7172,1
188.1262,188.2119,188.2922,166.0098,1
188.1670,188.2922,188.3726,205.6007,1
188.2664,188.3726,188.4530,186.6080,1
188.3357,188.4530,188.5334,197.7073,1
188.3393,188.5334,188.6138,274.4768,1
188.7532,188.7539,188.8140,60.7324,1
188.8142,188.8144,188.8996,85.4104,1
189.0705,189.0709,189.1316,61.1002,1
189.3316,189.3321,189.3941,62.5280,1
189.3663,189.3941,189.4805,114.2743,1
189.4200,189.4806,189.5603,140.2419,1
189.4760,189.5603,189.6407,164.6759,1
189.5999,189.6407,189.7211,121.1523,1
189.8014,189.8018,189.8651,63.7273,1
189.9339,189.9342,189.9975,63.5658,1
189.9865,189.9975,190.0817,95.1594,1
190.0381,190.0817,190.1628,124.7158,1
190.3548,190.3555,190.4161,61.2546,1
190.7065,190.7070,190.7667,60.2135,1
190.7255,190.7667,190.8540,128.4453,1
190.8379,190.8540,190.9341,96.2635,1
190.8753,190.9342,191.0142,138.9215,1
190.9677,191.0142,191.0954,127.6518,1
191.0163,191.0954,191.1761,159.7932,1
191.0294,191.1762,191.2566,227.1603,1
191.5822,191.5830,191.6459,63.6877,1
191.6035,191.6460,191.7317,128.2421,1
191.8376,191.8379,191.8981,60.5294,1
191.8936,191.8982,191.9851,91.4486,1
191.9114,191.9851,192.0653,153.8233,1
191.9147,192.0653,192.1459,231.1954,1
192.1890,192.1895,192.2537,64.6968,1
192.2921,192.2924,192.3570,64.8249,1
192.3349,192.3570,192.4413,106.4853,1
192.3519,192.4414,192.5222,170.2495,1
192.3730,192.5222,192.6028,229.8015,1
192.4968,192.6029,192.6836,186.7866,1
192.5014,192.6836,192.7748,273.4149,1
192.5118,192.7749,192.8548,342.9874,1
192.5465,192.8548,192.9356,389.0596,1
192.5696,192.9356,193.0167,447.1083,1
192.8402,193.0167,193.1102,270.0695,1
192.9235,193.1102,193.2056,282.0825,1
192.9470,193.2056,193.2880,340.9934,1
193.1438,193.2880,193.3718,227.9845,1
193.1581,193.3718,193.4538,295.7485,1
193.4360,193.4538,193.5349,98.9271,1
193.8404,193.8410,193.9002,59.7492,1
194.2318,194.2324,194.2953,63.4882,1
194.3675,194.3678,194.4283,60.7837,1
194.5695,194.5699,194.6315,62.0096,1
194.5907,194.6316,194.7187,128.0314,1
194.6282,194.7188,194.7984,170.1224,1
194.6681,194.7984,194.8791,211.0292,1
194.7220,194.8792,194.9599,237.8714,1
194.7280,194.9599,195.0404,312.4052,1
194.7390,195.0404,195.1215,382.4528,1
194.9395,195.1215,195.2026,263.0970,1
195.0084,195.2026,195.2834,275.0249,1
195.1829,195.2834,195.3642,181.2775,1
195.1850,195.3642,195.4740,289.0108,1
195.2225,195.4740,195.5608,338.3156,1
195.4004,195.5608,195.6468,246.4444,1
195.4298,195.6469,195.7287,298.8642,1
195.5175,195.7287,195.8101,292.5191,1
195.5367,195.8101,195.8915,354.8460,1
195.6639,195.8916,195.9728,308.9017,1
195.7937,195.9728,196.0550,261.2941,1
195.7982,196.0550,196.1358,337.5114,1
195.8544,196.1358,196.2173,362.9070,1
195.9302,196.2173,196.2999,369.6832,1
196.0450,196.2999,196.3956,350.6132,1
196.6417,196.6426,196.7024,60.7001,1
196.9814,196.9819,197.0416,60.2056,1
197.2227,197.2232,197.2858,63.0663,1
197.2695,197.2858,197.3727,103.2339,1
197.2707,197.3728,197.4531,182.3661,1
197.3136,197.4531,197.5339,220.2957,1
197.3413,197.5339,197.6150,273.7594,1
197.6400,197.6404,197.7045,64.4643,1
197.6742,197.7045,197.7886,114.4432,1
197.9107,197.9111,197.9733,62.6379,1
198.7421,198.7431,198.8019,59.8123,1
198.8110,198.8112,198.8875,76.4634,1
199.1419,199.1425,199.1997,57.7315,1
199.2935,199.2939,199.3579,64.3765,1
199.2947,199.3579,199.4429,148.1171,1
199.3636,199.4429,199.5234,159.8374,1
199.5782,199.5786,199.6374,59.2067,1
199.6347,199.6374,199.7242,89.5217,1
199.9794,199.9799,200.0426,63.2298,1
200.0095,200.0426,200.1288,119.3119,1
200.0737,200.1288,200.2097,135.9735,1
200.2728,200.2732,200.3370,64.2341,1
200.3374,200.3377,200.4211,83.6984,1
200.3762,200.4212,200.5024,126.2469,1
200.3917,200.5024,200.5835,191.7930,1
200.4890,200.5835,200.6643,175.2266,1
200.5064,200.6643,200.7451,238.6772,1
200.5776,200.7451,200.8264,248.7924,1
200.5954,200.8264,200.9159,320.5072,1
200.6152,200.9160,200.9968,381.5316,1
200.7440,200.9968,201.0783,334.3512,1
200.7987,201.0783,201.1835,384.7446,1
200.8453,201.1835,201.2675,422.1798,1
200.8456,201.2676,201.3513,505.6950,1
200.8505,201.3514,201.4352,584.7383,1
200.9322,201.4352,201.5175,585.3628,1
201.0369,201.5175,201.5994,562.5489,1
201.1349,201.5994,201.6807,545.7985,1
201.3490,201.6807,201.7637,414.7088,1
201.3562,201.7638,201.8480,491.7741,1
201.3795,201.8480,201.9305,550.9853,1
201.5308,201.9305,202.0140,483.1536,1
201.6078,202.0140,202.1080,500.2140,1
201.8227,202.1080,202.1973,374.6523,1
201.8418,202.1973,202.2837,441.8297,1
201.9383,202.2837,202.3686,430.2590,1
201.9807,202.3686,202.4526,471.8319,1
202.1323,202.4526,202.5349,402.5747,1
202.1751,202.5349,202.6172,442.0924,1
202.1948,202.6172,202.7000,505.1615,1
202.2244,202.7000,202.7839,559.5655,1
202.2529,202.7839,202.8672,614.3491,1
202.3039,202.8672,202.9521,648.2778,1
202.3468,202.9521,203.0408,694.0168,1
202.5592,203.0408,203.1296,570.4121,1
202.6903,203.1296,203.2170,526.6275,1
202.7854,203.2170,203.3036,518.1268,1
202.7960,203.3036,203.3883,592.3485,1
202.7963,203.3884,203.4723,676.0238,1
203.0298,203.4723,203.5555,525.6486,1
203.1568,203.5555,203.6379,481.0922,1
203.2074,203.6379,203.7218,514.4155,1
203.2198,203.7218,203.8058,585.9745,1
203.2973,203.8058,203.8902,592.8888,1
203.3509,203.8902,203.9776,626.6961,1
203.5125,203.9776,204.0649,552.4521,1
203.6641,204.0649,204.1523,488.2105,1
203.6783,204.1523,204.2395,561.1634,1
203.6900,204.2395,204.3251,635.1219,1
203.7246,204.3251,204.4096,685.0438,1
203.8996,204.4096,204.4935,593.9270,1
203.9307,204.4935,204.5775,646.7834,1
203.9654,204.5775,204.6614,696.0185,1
204.0678,204.6614,204.7450,677.1969,1
204.1826,204.7450,204.8300,647.3680,1
204.2444,204.8300,204.9161,671.6448,1
204.3500,204.9161,205.0034,653.4368,1
204.4659,205.0034,205.0902,624.3731,1
204.4831,205.0902,205.1780,694.9328,1
204.4847,205.1780,205.2642,779.5092,1
204.6003,205.2642,205.3492,748.8875,1
204.7415,205.3492,205.4344,692.9006,1
204.8136,205.4344,205.5184,704.7272,1
204.9938,205.5184,205.6023,608.5240,1
205.1508,205.6023,205.6864,535.6327,1
205.3147,205.6864,205.7716,456.9337,1
205.4103,205.7716,205.8572,446.9158,1
205.4228,205.8572,205.9438,521.0753,1
205.4797,205.9438,206.0304,550.6462,1
205.5073,206.0304,206.1177,610.4288,1
205.5576,206.1177,206.2042,646.5880,1
205.6274,206.2042,206.2904,662.9660,1
206.0615,206.2904,206.3760,314.5314,1
206.0804,206.3760,206.4607,380.2449,1
206.1176,206.4607,206.5446,426.9934,1
206.2793,206.5446,206.6286,349.2435,1
206.3145,206.6286,206.7145,399.9515,1
206.5401,206.7145,206.8001,259.9328,1
206.5548,206.8001,206.8857,330.9081,1
206.6520,206.8857,206.9725,320.4655,1
206.7031,206.9725,207.0593,356.1694,1
206.7482,207.0593,207.1459,397.7374,1
206.8415,207.1460,207.2317,390.2077,1
207.0071,207.2317,207.3173,310.1818,1
207.2465,207.3173,207.4029,156.4387,1
207.5083,207.5088,207.5747,66.3502,1
207.9369,207.9374,207.9997,62.8686,1
208.0707,208.0710,208.1341,63.3536,1
208.0801,208.1341,208.2204,140.3562,1
208.1822,208.2205,208.3014,119.2228,1
208.2586,208.3014,208.3829,124.3198,1
208.4554,208.4558,208.5179,62.4965,1
208.5727,208.5730,208.6382,65.4604,1
208.6446,208.6448,208.7217,77.1175,1
208.7034,208.7217,208.8043,100.8491,1
208.7853,208.8043,208.8864,101.1000,1
208.7883,208.8864,208.9679,179.5923,1
208.8243,208.9679,209.0502,225.9454,1
208.8907,209.0503,209.1326,241.9135,1
209.0033,209.1326,209.2149,211.5703,1
209.1374,209.2149,209.2975,160.0655,1
209.1735,209.2975,209.3908,217.2861,1
209.3838,209.3908,209.4944,110.6210,1
209.3892,209.4944,209.5813,192.1035,1
209.4012,209.5813,209.6654,264.1770,1
209.4399,209.6654,209.7490,309.1244,1
209.6800,209.7490,209.8318,151.8059,1
209.8192,209.8318,209.9141,94.8989,1
209.9406,209.9409,210.0073,66.7067,1
210.0205,210.0208,210.0963,75.8329,1
210.0580,210.0964,210.1793,121.3801,1
210.1871,210.1874,210.2627,75.6148,1
210.2612,210.2628,210.3494,88.1721,1
210.3292,210.3494,210.5397,210.5079,1
210.6022,210.6026,210.7527,150.5337,1
210.6136,210.7527,210.9318,318.2618,1
210.7792,210.9319,211.1108,331.5269,1
210.8491,211.1108,211.2888,439.7377,1
211.0665,211.2888,211.4702,403.7891,1
211.1938,211.4703,211.6517,457.8463,1
211.2259,211.6517,211.8297,603.8201,1
211.2605,211.8297,212.0078,747.2385,1
211.2704,212.0078,212.1858,915.4354,1
211.3299,212.1858,212.3641,1034.2650,1
211.3473,212.3642,212.5166,1169.3610,1
211.4147,212.5166,212.5957,1181.0346,1
211.4344,212.5957,212.6773,1242.8739,1
211.7557,212.6773,212.7611,1005.3990,1
211.7972,212.7611,212.8462,1048.9709,1
211.8900,212.8462,212.9311,1041.1410,1
211.9959,212.9312,213.0168,1020.9300,1
212.2659,213.0168,213.1024,836.5350,1
212.5028,213.1024,213.1880,685.2549,1
212.5817,213.1880,213.2736,691.9395,1
212.5852,213.2736,213.3604,775.2047,1
212.6554,213.3604,213.4508,795.3584,1
212.6712,213.4508,213.5357,864.4515,1
212.7023,213.5357,213.6196,917.3640,1
212.7357,213.6196,213.7040,968.2636,1
212.7384,213.7040,213.7896,1051.2333,1
212.8561,213.7896,213.8748,1018.7260,1
212.9072,213.8748,213.9600,1052.7678,1
212.9127,213.9600,214.0456,1132.8677,1
212.9936,214.0456,214.1312,1137.6295,1
213.1253,214.1312,214.2173,1091.9347,1
213.2960,214.2173,214.3050,1008.9732,1
213.5719,214.3050,214.3931,821.1322,1
213.5775,214.3931,214.4788,901.3162,1
213.5971,214.4789,214.5640,966.8894,1
213.6837,214.5641,214.6492,965.5243,1
213.8790,214.6493,214.7349,855.8803,1
214.1008,214.7349,214.8205,719.6203,1
214.1352,214.8205,214.9061,770.9024,1
214.3092,214.9061,214.9917,682.4597,1
214.3978,214.9917,215.0773,679.4686,1
214.4834,215.0773,215.1637,680.3086,1
214.7741,215.1637,215.2511,477.0095,1
214.8333,215.2511,215.3384,505.1040,1
214.9912,215.3385,215.4253,434.1313,1
215.0348,215.4253,215.5109,476.1415,1
215.0770,215.5109,215.5965,519.4798,1
215.0903,215.5965,215.6821,591.8156,1
215.1516,215.6821,215.7677,616.1634,1
215.2100,215.7677,215.8534,643.4196,1
215.3405,215.8534,215.9390,598.5111,1
215.4392,215.9390,216.0246,585.4148,1
215.5486,216.0246,216.1112,562.5781,1
215.5809,216.1112,216.1986,617.7028,1
215.7504,216.1986,216.2859,535.5292,1
215.8157,216.2859,216.3721,556.3109,1
215.8831,216.3721,216.4586,575.5296,1
215.9040,216.4587,216.5442,640.2084,1
216.2452,216.5443,216.6299,384.6304,1
216.3045,216.6299,216.7158,411.2643,1
216.4057,216.7158,216.8031,397.3739,1
216.4271,216.8031,216.8887,461.5946,1
216.6269,216.8887,216.9743,347.3835,1
216.8446,216.9743,217.0611,216.4620,1
216.8701,217.0611,217.1485,278.3669,1
216.9851,217.1485,217.2350,249.8488,1
217.1904,217.2350,217.3223,131.9732,1
217.2308,217.3223,217.4084,177.6564,1
217.2665,217.4085,217.4943,227.8344,1
217.3404,217.4943,217.5803,239.8247,1
217.3656,217.5803,217.6663,300.6474,1
217.4233,217.6663,217.7527,329.3933,1
217.5344,217.7527,217.8391,304.6962,1
217.6044,217.8391,217.9247,320.3388,1
217.7061,217.9247,218.0117,305.5695,1
217.7123,218.0117,218.0991,386.7796,1
217.8073,218.0991,218.1864,379.1202,1
218.1366,218.1864,218.2737,137.1780,1
218.1919,218.2737,218.3595,167.5536,1
218.2626,218.3595,218.4456,182.9095,1
218.2696,218.4456,218.5318,262.1990,1
218.3347,218.5319,218.6186,283.9759,1
218.3655,218.6187,218.7051,339.6557,1
218.3884,218.7052,218.7913,402.8958,1
218.5920,218.7913,218.8778,285.8712,1
218.6816,218.8779,218.9647,283.1448,1
218.7434,218.9647,219.0521,308.6413,1
218.7482,219.0521,219.1394,391.2517,1
218.8143,219.1394,219.2268,412.5019,1
218.8938,219.2268,219.3126,418.7982,1
219.0024,219.3126,219.3994,397.0080,1
219.1193,219.3994,219.4855,366.2442,1
219.1227,219.4855,219.5726,449.9643,1
219.1819,219.5726,219.6594,477.4618,1
219.3155,219.6594,219.7459,430.4248,1
219.3792,219.7460,219.8321,452.8790,1
219.5150,219.8321,219.9194,404.4095,1
219.5500,219.9194,220.0068,456.7147,1
219.5677,220.0068,220.0941,526.4373,1
219.6618,220.0941,220.1814,519.6062,1
220.0077,220.1814,220.2680,260.2495,1
220.0099,220.2680,220.3546,344.7238,1
220.7299,220.7307,220.7923,62.4626,1
220.8944,220.8947,220.9603,65.8759,1
221.4808,221.4815,221.5469,66.1297,1
221.6517,221.6519,221.7182,66.5136,1
221.6576,221.7182,221.8062,148.6084,1
221.6631,221.8062,221.8883,225.1827,1
221.6644,221.8883,221.9706,306.2372,1
221.7194,221.9706,222.0529,333.4737,1
221.7982,222.0529,222.1352,337.0028,1
221.8044,222.1352,222.2176,413.2184,1
221.9142,222.2176,222.3000,385.7674,1
222.1320,222.3000,222.3824,250.4293,1
222.3296,222.3824,222.4657,136.0946,1
222.3725,222.4658,222.5786,206.0805,1
222.4342,222.5786,222.6675,233.2988,1
222.4688,222.6676,222.7558,286.9947,1
222.6561,222.7558,222.8403,184.1741,1
222.6680,222.8403,222.9243,256.2642,1
222.7699,222.9243,223.0070,237.1343,1
222.7904,223.0071,223.0910,300.6711,1
222.9367,223.0911,223.1735,236.8049,1
223.0407,223.1736,223.2563,215.5806,1
223.0583,223.2563,223.3386,280.3553,1
223.0840,223.3386,223.4299,345.9364,1
223.2775,223.4299,223.5259,248.3763,1
223.3754,223.5259,223.6185,243.1310,1
223.4323,223.6185,223.7075,275.1665,1
223.6947,223.7075,223.7942,99.4247,1
223.7121,223.7942,223.8794,167.3186,1
223.7565,223.8794,223.9634,206.8251,1
223.9131,223.9634,224.0473,134.2387,1
224.0041,224.0474,224.1307,126.5494,1
224.0852,224.1307,224.2133,128.1184,1
224.1731,224.2133,224.2976,124.5181,1
224.2078,224.2976,224.3873,179.4385,1
224.3536,224.3873,224.4796,126.0192,1
224.3736,224.4797,224.5711,197.4789,1
224.5317,224.5711,224.6605,128.7562,1
224.6078,224.6605,224.7482,140.3608,1
224.6824,224.7482,224.8340,151.6950,1
224.7586,224.8341,224.9197,161.0669,1
224.7907,224.9197,225.0036,212.9167,1
224.9273,225.0036,225.0876,160.3040,1
225.0395,225.0876,225.1715,132.0092,1
225.1514,225.1715,225.2566,105.2286,1
225.2675,225.2677,225.3473,79.8498,1
225.3004,225.3473,225.4370,136.5696,1
225.3952,225.4370,225.5256,130.3508,1
225.5624,225.5628,225.6294,67.0101,1
225.6012,225.6294,225.7167,115.5541,1
225.9258,225.9264,225.9917,65.8503,1
226.0928,226.0930,226.1592,66.4419,1
226.0980,226.1592,226.2455,147.5295,1
226.2345,226.2456,226.3282,93.7379,1
226.2994,226.3283,226.4105,111.0778,1
226.3300,226.4105,226.4940,163.9929,1
226.5388,226.5391,226.6054,66.6191,1
226.5605,226.6054,226.6913,130.8383,1
226.5811,226.6913,226.7744,193.3243,1
226.7025,226.7745,226.8576,155.0341,1
226.9690,226.9695,227.0341,65.0549,1
227.0327,227.0341,227.1232,90.4863,1
227.1128,227.1232,227.2057,92.8707,1
227.1224,227.2057,227.2889,166.4177,1
227.1536,227.2889,227.3728,219.2232,1
227.2280,227.3728,227.4567,228.7812,1
227.4398,227.4568,227.5408,100.9637,1
227.4691,227.5408,227.6244,155.2616,1
227.6029,227.6244,227.7079,105.0543,1
227.8296,227.8300,227.8938,64.2394,1
228.0103,228.0107,228.0762,65.8897,1
228.0461,228.0762,228.1642,118.0756,1
228.1890,228.1893,228.2608,71.7525,1
228.2194,228.2608,228.3458,126.3840,1
228.3544,228.3548,228.4302,75.7521,1
228.7241,228.7246,228.7865,62.4440,1
228.8798,228.8802,228.9458,65.9225,1
228.9468,228.9471,229.0309,84.1006,1
229.1297,229.1301,229.1956,65.8987,1
229.2704,229.2707,229.3359,65.5019,1
229.5444,229.5449,229.6082,63.7879,1
229.6350,229.6353,229.7043,69.3378,1
229.7395,229.7398,229.8062,66.7059,1
229.8282,229.8284,229.8975,69.3102,1
229.9009,229.9011,229.9832,82.3590,1
230.0347,230.0350,230.0986,63.9341,1
230.3377,230.3382,230.4035,65.8538,1
230.4052,230.4055,230.4896,84.3705,1
230.4499,230.4896,230.5724,122.4721,1
230.4989,230.5724,230.6555,156.6422,1
230.5383,230.6555,230.7390,200.7732,1
230.5736,230.7390,230.8226,249.0114,1
230.5880,230.8226,230.9065,318.5009,1
230.5990,230.9065,230.9900,391.0160,1
230.9940,230.9946,231.0758,81.7544,1
231.3206,231.3212,231.3869,66.2653,1
231.4425,231.4429,231.5083,65.7751,1
231.6569,231.6572,231.7219,64.9873,1
231.6752,231.7219,231.8104,135.2142,1
231.6911,231.8104,231.8928,201.7007,1
231.7115,231.8928,231.9763,264.8533,1
231.7427,231.9764,232.0603,317.5461,1
231.7627,232.0603,232.1442,381.5643,1
232.0792,232.1442,232.2270,147.8021,1
232.5916,232.5922,232.6569,65.3713,1
232.6595,232.6598,232.7449,85.3568,1
232.7244,232.7449,232.8278,103.4373,1
232.8031,232.8278,232.9116,108.5068,1
233.0008,233.0012,233.0670,66.1989,1
233.2376,233.2380,233.3022,64.6606,1
233.2462,233.3022,233.3902,144.0269,1
233.3313,233.3903,233.4730,141.6392,1
233.3973,233.4730,233.5557,158.4097,1
234.0269,234.0278,234.0929,65.9240,1
234.2909,234.2914,234.3585,67.5625,1
234.3972,234.3975,234.4655,68.2900,1
234.5717,234.5720,234.6376,65.8850,1
234.5958,234.6376,234.7246,128.7664,1
234.6917,234.7246,234.8073,115.5752,1
234.8278,234.8282,234.8981,70.2253,1
235.1417,235.1422,235.2024,60.7532,1
235.1487,235.2025,235.2924,143.7438,1
235.4000,235.4005,235.4631,63.1236,1
235.5287,235.5290,235.5920,63.3690,1
235.6284,235.6286,235.6966,68.2558,1
235.6301,235.6966,235.7826,152.5000,1
235.8927,235.8932,235.9584,65.7322,1
235.9273,235.9585,236.0455,118.2143,1
236.0453,236.0455,236.1281,82.7778,1
236.0462,236.1281,236.2116,165.3767,1
236.0785,236.2116,236.2947,216.2700,1
236.0849,236.2948,236.3775,292.6118,1
236.0889,236.3775,236.4614,372.5653,1
236.1085,236.4614,236.5446,436.0541,1
236.2605,236.5446,236.6285,367.9954,1
236.3431,236.6285,236.7135,370.3929,1
236.4501,236.7135,236.8265,376.3723,1
236.4502,236.8265,236.9161,465.8460,1
236.5598,236.9161,237.0028,442.9700,1
236.6892,237.0028,237.0874,398.1613,1
236.7390,237.0874,237.1713,432.3581,1
236.9118,237.1713,237.2553,343.4924,1
236.9675,237.2553,237.3392,371.6472,1
237.3391,237.3396,237.4232,84.1547,1
237.6037,237.6041,237.6643,60.6897,1
237.6983,237.6986,237.7651,66.7259,1
237.7346,237.7651,237.8517,117.1246,1
237.9605,237.9609,238.0270,66.4846,1
238.2112,238.2116,238.2777,66.4513,1
238.2487,238.2777,238.3649,116.1984,1
238.2954,238.3649,238.4488,153.3997,1
238.3251,238.4489,238.5324,207.3232,1
238.3290,238.5324,238.6163,287.2720,1
238.4958,238.6163,238.7002,204.4352,1
238.5100,238.7002,238.7838,273.7240,1
238.5970,238.7838,238.8670,270.0450,1
238.7308,238.8670,238.9504,219.5931,1
238.8453,238.9504,239.0370,191.6569,1
238.8808,239.0370,239.1498,268.9234,1
238.9610,239.1498,239.2385,277.5716,1
239.3133,239.3138,239.3800,66.7099,1
239.4208,239.4211,239.4875,66.7368,1
239.4835,239.4876,239.5740,90.4908,1
239.6702,239.6706,239.7358,65.5433,1
239.7183,239.7358,239.8233,104.9863,1
239.7649,239.8233,239.9068,141.9655,1
239.7720,239.9068,239.9903,218.3007,1
239.9553,239.9904,240.0743,118.9554,1
240.0667,240.0743,240.1582,91.5331,1
240.1613,240.1616,240.2421,80.8104,1
240.4040,240.4045,240.4699,65.8221,1
240.4157,240.4699,240.5580,142.2990,1
240.5224,240.5580,240.6412,118.8693,1
240.6388,240.6412,240.7252,86.3754,1
240.6419,240.7252,240.8091,167.1642,1
240.7447,240.8091,240.8930,148.3235,1
240.9024,240.9027,240.9796,77.2211,1
240.9685,240.9796,241.0638,95.2770,1
241.0088,241.0638,241.1466,137.7278,1
241.0966,241.1466,241.2342,137.6003,1
241.1703,241.2342,241.3440,173.6212,1
241.2238,241.3440,241.4325,208.6828,1
241.2843,241.4325,241.5177,233.4740,1
241.5290,241.5295,241.6041,75.1095,1
241.5398,241.6042,241.6886,148.8211,1
241.8632,241.8637,241.9306,67.3411,1
241.8802,241.9306,242.0182,138.0401,1
242.0328,242.0332,242.1055,72.6946,1
242.2765,242.2769,242.3380,61.5105,1
242.3176,242.3380,242.4280,110.4373,1
242.3179,242.4280,242.5115,193.5907,1
242.3336,242.5115,242.5954,261.7702,1
242.4035,242.5954,242.6793,275.7739,1
242.4160,242.6793,242.7633,347.3026,1
242.5104,242.7633,242.8472,336.8195,1
242.7005,242.8472,242.9311,230.6092,1
242.9055,242.9311,243.0150,109.5588,1
242.9128,243.0151,243.1042,191.3630,1
242.9207,243.1042,243.2164,295.7737,1
243.0171,243.2164,243.3050,287.8365,1
243.1827,243.3050,243.3917,208.9584,1
243.2258,243.3917,243.4773,251.5343,1
243.3463,243.4773,243.5615,215.2399,1
243.4230,243.5615,243.6462,223.2330,1
243.5181,243.6462,243.7305,212.4370,1
243.6490,243.7306,243.8145,165.4286,1
243.8370,243.8374,243.9077,70.7047,1
243.9198,243.9201,243.9970,77.2121,1
243.9214,243.9970,244.0912,169.7943,1
244.0875,244.0912,244.1819,94.4037,1
244.5111,244.5116,244.5745,63.3768,1
244.5980,244.5981,244.6692,71.2417,1
244.9544,244.9548,245.0216,67.2346,1
245.2294,245.2298,245.2956,66.2318,1
245.3225,245.3227,245.3936,71.0730,1
245.3513,245.3936,245.4785,127.1991,1
245.4124,245.4785,245.5614,148.9790,1
245.4994,245.5614,245.6453,145.9254,1
245.6048,245.6453,245.7292,124.4585,1
245.8279,245.8284,245.8919,63.9911,1
245.8450,245.8920,245.9808,135.7729,1
245.8760,245.9808,246.0645,188.5103,1
245.9673,246.0645,246.1484,181.1047,1
246.0480,246.1484,246.2323,184.3117,1
246.1122,246.2324,246.3163,204.1300,1
246.1555,246.3163,246.4002,244.7067,1
246.3248,246.4002,246.4841,159.3335,1
246.4119,246.4842,246.5681,156.1506,1
246.8178,246.8183,246.8780,60.1438,1
246.8220,246.8780,246.9682,146.1836,1
246.9022,246.9682,247.0510,148.7637,1
247.0000,247.0510,247.1349,134.9117,1
247.0214,247.1349,247.2188,197.4114,1
247.0430,247.2189,247.3028,259.8118,1
247.0590,247.3028,247.3867,327.7523,1
247.0630,247.3868,247.4707,407.6714,1
247.3077,247.4707,247.5546,246.9708,1
247.3726,247.5546,247.6428,270.1037,1
247.4976,247.6428,247.7556,257.9839,1
247.6042,247.7556,247.8442,239.9642,1
247.9411,247.9415,248.0039,62.7948,1
248.0073,248.0076,248.0933,86.0234,1
248.0335,248.0933,248.1772,143.6635,1
248.1325,248.1772,248.2606,128.0389,1
248.2852,248.2855,248.3536,68.4041,1
248.3094,248.3536,248.4393,129.9284,1
248.4144,248.4393,248.5232,108.8814,1
248.4279,248.5233,248.6072,179.3353,1
248.5632,248.6072,248.6911,127.8764,1
248.7810,248.7814,248.8473,66.2427,1
248.8699,248.8702,248.9407,70.7815,1
248.8732,248.9407,249.0262,153.0098,1
248.9050,249.0262,249.1101,205.1397,1
248.9354,249.1101,249.1944,258.9767,1
249.0089,249.1944,249.2784,269.4775,1
249.3936,249.3942,249.4545,60.9287,1
249.5291,249.5294,249.5941,65.0543,1
249.5577,249.5942,249.6817,123.9551,1
249.6598,249.6817,249.7655,105.6452,1
249.7783,249.7786,249.8545,76.2127,1
249.8302,249.8545,249.9384,108.2342,1
249.8693,249.9384,250.0223,153.0645,1
249.9485,250.0223,250.1062,157.7232,1
250.0532,250.1063,250.1902,136.9412,1
250.1423,250.1902,250.2795,137.2657,1
250.1499,250.2796,250.3676,217.6186,1
250.1967,250.3676,250.4758,279.1508,1
250.3392,250.4759,250.5641,224.8909,1
250.3984,250.5641,250.6502,251.8724,1
250.4857,250.6503,250.7388,253.0901,1
250.6183,250.7388,250.8242,205.8317,1
250.7948,250.8242,250.9086,113.8447,1
250.9443,250.9447,251.0099,65.6030,1
251.1123,251.1127,251.1782,65.8794,1
251.1383,251.1782,251.2673,128.9929,1
251.1653,251.2673,251.3508,185.4579,1
251.2990,251.3508,251.4348,135.7764,1
251.5085,251.5089,251.5724,63.8498,1
251.5593,251.5724,251.6619,102.6625,1
251.5773,251.6620,251.7457,168.4381,1
251.6056,251.7457,251.8297,224.0199,1
251.7147,251.8297,251.9136,198.9612,1
251.7520,251.9136,252.0020,250.0326,1
251.9268,252.0021,252.0858,159.0313,1
251.9935,252.0858,252.1697,176.2744,1
252.0172,252.1697,252.2537,236.4941,1
252.1234,252.2537,252.3401,216.6771,1
252.2356,252.3401,252.4528,217.1468,1
252.3119,252.4528,252.5425,230.6048,1
252.3514,252.5425,252.6300,278.6128,1
252.4170,252.6300,252.7160,299.0171,1
252.5744,252.7160,252.8010,226.5672,1
252.6234,252.8010,252.8867,263.2958,1
252.6566,252.8868,252.9735,316.9029,1
252.7810,252.9735,253.0586,277.5919,1
252.9343,253.0586,253.1428,208.5159,1
253.3120,253.3126,253.3792,67.1312,1
253.5752,253.5757,253.7041,128.8946,1
253.7726,253.7730,253.9103,137.7487,1
253.7850,253.9103,254.0875,302.5538,1
253.8156,254.0876,254.2656,449.9881,1
253.8607,254.2656,254.4687,608.0419,1
253.8808,254.4688,254.6679,787.1067,1
253.9672,254.6679,254.8460,878.8419,1
253.9694,254.8460,255.0234,1053.9494,1
253.9982,255.0234,255.1988,1200.6183,1
254.0949,255.1988,255.3895,1294.5557,1
254.1289,255.3895,255.5875,1458.6588,1
254.3533,255.5876,255.7000,1346.7256,1
254.5361,255.7000,255.7855,1249.3633,1
254.6424,255.7855,255.8710,1228.6389,1
254.6503,255.8710,255.9566,1306.3688,1
254.6920,255.9566,256.0418,1349.8095,1
254.8133,256.0418,256.1266,1313.3071,1
255.0564,256.1267,256.2122,1155.8691,1
255.0714,256.2123,256.3003,1228.8752,1
255.2354,256.3003,256.3895,1154.0772,1
255.3433,256.3895,256.4786,1135.3261,1
255.3497,256.4786,256.5735,1223.8140,1
255.4380,256.5735,256.6627,1224.7373,1
255.7283,256.6627,256.7514,1023.0532,1
255.7547,256.7514,256.8385,1083.8403,1
255.8119,256.8385,256.9241,1112.2457,1
255.8453,256.9241,257.0098,1164.4772,1
255.8773,257.0098,257.0954,1218.0923,1
255.9890,257.0954,257.1821,1193.1031,1
256.1248,257.1821,257.2695,1144.7555,1
256.1685,257.2696,257.3587,1190.2666,1
256.3279,257.3588,257.4500,1122.1219,1
256.3507,257.4500,257.5415,1190.7665,1
256.3824,257.5415,257.6324,1249.9944,1
256.4116,257.6325,257.7216,1309.9768,1
256.5123,257.7216,257.8091,1296.7911,1
256.7116,257.8091,257.8956,1184.0322,1
257.1015,257.8956,257.9814,879.9334,1
257.1297,257.9814,258.0674,937.7143,1
257.3467,258.0674,258.1547,807.9915,1
257.4599,258.1547,258.2428,782.9107,1
257.6346,258.2428,258.3319,697.3879,1
257.7323,258.3320,258.4218,689.5122,1
257.9719,258.4218,258.5128,540.9107,1
258.0102,258.5129,258.6039,593.6644,1
258.0911,258.6039,258.6942,603.1303,1
258.1913,258.6942,258.7822,590.9717,1
258.3125,258.7823,258.8697,557.1787,1
258.3153,258.8697,258.9560,640.7074,1
258.6224,258.9560,259.0428,420.4096,1
258.6595,259.0428,259.1296,470.1668,1
258.7430,259.1297,259.2176,474.5919,1
258.9611,259.2176,259.3067,345.6696,1
258.9673,259.3068,259.3969,429.6300,1
258.9675,259.3969,259.4880,520.4384,1
259.0142,259.4880,259.5790,564.7881,1
259.0213,259.5790,259.6687,647.4904,1
259.0470,259.6688,259.7565,709.4842,1
259.1064,259.7565,259.8446,738.1445,1
259.1845,259.8446,259.9320,747.4336,1
259.2441,259.9320,260.0187,774.5982,1
259.2826,260.0187,260.1062,823.5648,1
259.4043,260.1062,260.1945,790.1853,1
259.6462,260.1945,260.2836,637.4106,1
259.7292,260.2837,260.3733,644.1104,1
260.0779,260.3733,260.4644,386.4720,1
260.1410,260.4644,260.5554,414.4398,1
260.3100,260.5554,260.6448,334.8589,1
260.3421,260.6448,260.7331,390.9709,1
260.3852,260.7331,260.8211,435.9687,1
260.6465,260.8211,260.9097,263.1219,1
260.6543,260.9097,260.9970,342.7315,1
260.8047,260.9970,261.0843,279.6778,1
260.8789,261.0843,261.1734,294.5271,1
260.8863,261.1734,261.2626,376.2773,1
261.2070,261.2626,261.3517,144.7472,1
261.3553,261.3556,261.4408,85.5251,1
261.3619,261.4408,261.5313,169.4000,1
261.5550,261.5554,261.6282,73.1791,1
261.5938,261.6282,261.7159,122.1105,1
261.6746,261.7159,261.8024,127.7263,1
262.2474,262.2482,262.3106,63.1884,1
262.4363,262.4366,262.5036,67.3406,1
262.6033,262.6036,262.6704,67.1700,1
262.6610,262.6705,262.7583,97.2977,1
262.7199,262.7584,262.8423,122.3871,1
262.8677,262.8681,262.9363,68.5749,1
262.8737,262.9363,263.0226,148.8331,1
262.8964,263.0226,263.1080,211.6435,1
262.9062,263.1081,263.1920,285.7909,1
262.9424,263.1920,263.2773,334.8723,1
263.0756,263.2773,263.3621,286.4976,1
263.1475,263.3621,263.4549,307.4515,1
263.1920,263.4549,263.5593,367.3075,1
263.2325,263.5593,263.6491,416.5435,1
263.2397,263.6491,263.7386,498.9052,1
263.4078,263.7386,263.8280,420.1866,1
263.4789,263.8280,263.9136,434.7216,1
263.5687,263.9136,263.9992,430.5486,1
263.6343,263.9992,264.0848,450.5040,1
263.9960,264.0848,264.1704,174.4303,1
264.0710,264.1704,264.2548,183.8397,1
264.2499,264.2548,264.3417,91.7973,1
264.4966,264.4970,264.5618,65.2885,1
264.6099,264.6102,264.6753,65.4434,1
264.6560,264.6754,264.7634,107.4079,1
264.6658,264.7635,264.8486,182.7737,1
264.6937,264.8486,264.9334,239.6752,1
264.8299,264.9334,265.0190,189.1156,1
264.9502,265.0190,265.1038,153.5632,1
264.9705,265.1038,265.1894,218.8237,1
265.1381,265.1894,265.2750,136.8643,1
265.1418,265.2750,265.3753,233.4824,1
265.2294,265.3753,265.4724,243.0726,1
265.2846,265.4725,265.5699,285.2801,1
265.3774,265.5699,265.6570,279.5751,1
265.4594,265.6570,265.7426,283.2062,1
265.5447,265.7426,265.8282,283.4374,1
265.6555,265.8282,265.9138,258.2615,1
265.6770,265.9138,265.9994,322.3593,1
265.6955,265.9994,266.0850,389.4526,1
265.7753,266.0850,266.1706,395.2578,1
265.8571,266.1706,266.2591,402.0222,1
266.0778,266.2591,266.3558,277.9820,1
266.1034,266.3558,266.4541,350.7726,1
266.1249,266.4541,266.5461,421.1660,1
266.4323,266.5461,266.6350,202.6486,1
266.6021,266.6350,266.7223,120.2207,1
266.7565,266.7568,266.8225,66.0350,1
266.8786,266.8789,266.9472,68.5923,1
267.0795,267.0799,267.1456,66.0414,1
267.1405,267.1456,267.2349,94.3419,1
267.3939,267.3945,267.4583,64.3961,1
267.6962,267.6967,267.7605,64.3640,1
267.7311,267.7606,267.8504,119.3142,1
267.8145,267.8505,267.9341,119.6246,1
268.0003,268.0008,268.0688,68.4521,1
268.1207,268.1210,268.1860,65.2780,1
268.3603,268.3607,268.4275,67.2697,1
268.3735,268.4276,268.5165,143.0411,1
268.4653,268.5166,268.6003,134.9864,1
268.4845,268.6003,268.6850,200.4999,1
268.6380,268.6850,268.7706,132.6491,1
268.7018,268.7706,268.8556,153.8321,1
268.9418,268.9422,269.0070,65.2717,1
269.1068,269.1072,269.1737,66.8450,1
269.1661,269.1737,269.2622,96.1054,1
269.2615,269.2623,269.3466,85.0821,1
269.3204,269.3466,269.4314,111.0325,1
269.3535,269.4314,269.5159,162.3988,1
269.3538,269.5159,269.6008,247.0359,1
269.5991,269.6008,269.6864,87.2336,1
270.1203,270.1211,270.1865,66.1616,1
270.1913,270.1916,270.2743,82.9743,1
270.2971,270.2974,270.3690,71.8914,1
270.4480,270.4484,270.5153,67.3052,1
270.5328,270.5331,270.6083,75.5001,1
270.5786,270.6083,270.6936,114.9796,1
270.5870,270.6936,270.7786,191.6501,1
270.6294,270.7786,270.8634,234.0243,1
270.7583,270.8634,270.9490,190.6961,1
270.7861,270.9491,271.0350,248.9498,1
271.3904,271.3911,271.4566,66.1935,1
271.4235,271.4566,271.5458,122.2986,1
271.5004,271.5459,271.6298,129.4104,1
271.5545,271.6298,271.7143,159.8123,1
271.7824,271.7828,271.8484,66.0227,1
271.8715,271.8718,271.9433,71.7438,1
272.0079,272.0083,272.0697,61.8078,1
272.0468,272.0698,272.1599,113.1638,1
272.0702,272.1600,272.2454,175.1961,1
272.3901,272.3907,272.4548,64.6376,1
272.3948,272.4548,272.5443,149.4797,1
272.5445,272.5449,272.6285,84.0055,1
272.5546,272.6286,272.7142,159.5834,1
272.7271,272.7275,272.8041,76.9128,1
272.8350,272.8353,272.9043,69.3163,1
272.9400,272.9402,273.0110,71.0207,1
273.0364,273.0367,273.1072,70.8031,1
273.1039,273.1072,273.1946,90.6983,1
273.1434,273.1946,273.2835,140.0887,1
273.2252,273.2835,273.3683,143.0999,1
273.3051,273.3683,273.4539,148.7882,1
273.3987,273.4540,273.5396,140.8776,1
273.5983,273.5987,273.6634,65.1425,1
273.6890,273.6893,273.7598,70.7922,1
273.8105,273.8108,273.8769,66.3313,1
273.9324,273.9327,273.9950,62.5524,1
273.9678,273.9950,274.0857,117.9529,1
274.0197,274.0857,274.1702,150.4810,1
274.1294,274.1702,274.2558,126.3481,1
274.2263,274.2558,274.3406,114.2721,1
274.3060,274.3406,274.4258,119.7873,1
274.3628,274.4258,274.5118,149.0065,1
274.5514,274.5518,274.6179,66.4802,1
274.6406,274.6409,274.7172,76.6141,1
274.7733,274.7736,274.8417,68.3685,1
274.9280,274.9283,274.9918,63.8071,1
274.9309,274.9918,275.0819,151.0147,1
275.1286,275.1290,275.1931,64.4266,1
275.1934,275.1937,275.2828,89.4435,1
275.2293,275.2829,275.3681,138.8103,1
275.2900,275.3681,275.4537,163.6678,1
275.3412,275.4537,275.5393,198.1188,1
275.5573,275.5577,275.6321,74.8010,1
275.9011,275.9017,275.9678,66.6991,1
276.0319,276.0322,276.0974,65.5276,1
276.0764,276.0975,276.1873,110.8379,1
276.2288,276.2292,276.2960,67.1941,1
276.2355,276.2961,276.3846,149.1034,1
276.4838,276.4842,276.5502,66.3872,1
276.6973,276.6976,276.7621,64.8183,1
276.7574,276.7621,276.8511,93.6677,1
277.0216,277.0221,277.0871,65.5225,1
277.0293,277.0872,277.1771,147.7524,1
277.0993,277.1771,277.2614,162.1255,1
277.1727,277.2614,277.3470,174.3359,1
277.1729,277.3470,277.4322,259.3671,1
277.2345,277.4322,277.5174,282.9219,1
277.2366,277.5174,277.6030,366.4095,1
277.2470,277.6031,277.6887,441.6344,1
277.3522,277.6887,277.7739,421.7112,1
277.6218,277.7739,277.8722,250.3470,1
277.7760,277.8722,277.9784,202.4052,1
277.8044,277.9784,278.0687,264.3632,1
277.8916,278.0687,278.1563,264.7375,1
277.9267,278.1563,278.2436,316.8997,1
277.9525,278.2436,278.3292,376.7356,1
277.9651,278.3292,278.4148,449.7533,1
278.1287,278.4148,278.5004,371.7347,1
278.1640,278.5005,278.5866,422.5438,1
278.1784,278.5866,278.6720,493.6313,1
278.1902,278.6721,278.7612,570.9811,1
278.2389,278.7612,278.8625,623.5730,1
278.2710,278.8625,278.9580,686.9782,1
278.4633,278.9580,279.0500,586.6941,1
278.5048,279.0500,279.1391,634.2710,1
278.6337,279.1391,279.2264,592.6925,1
278.6682,279.2264,279.3135,645.2764,1
278.7856,279.3135,279.3998,614.2375,1
278.9123,279.3999,279.4860,573.6364,1
278.9677,279.4860,279.5719,604.2132,1
279.0561,279.5719,279.6590,602.8697,1
279.1108,279.6590,279.7535,642.6379,1
279.1569,279.7535,279.8485,691.6049,1
279.3918,279.8485,279.9427,550.9060,1
279.4298,279.9427,280.0345,604.7746,1
279.4837,280.0346,280.1247,640.9118,1
279.4940,280.1247,280.2127,718.7121,1
279.5275,280.2127,280.3001,772.5710,1
279.5695,280.3001,280.3866,817.0828,1
279.7753,280.3866,280.4737,698.3985,1
279.8557,280.4737,280.5604,704.7431,1
280.1307,280.5605,280.6506,519.9601,1
280.1820,280.6506,280.7434,561.3671,1
280.1960,280.7434,280.8364,640.4073,1
280.2504,280.8364,280.9294,679.0447,1
280.3864,280.9294,281.0207,634.3583,1
280.4114,281.0207,281.1107,699.3071,1
280.4318,281.1107,281.1986,766.8145,1
280.5255,281.1986,281.2868,761.2876,1
280.6731,281.2868,281.3742,701.0469,1
280.7973,281.3742,281.4615,664.2079,1
281.2909,281.4615,281.5494,258.5260,1
281.5819,281.5824,281.6518,69.9213,1
281.6309,281.6519,281.7413,110.3648,1
281.6314,281.7413,281.8304,199.0798,1
281.8725,281.8730,281.9411,68.6199,1
281.9313,281.9412,282.0310,99.6893,1
282.2119,282.2124,282.2769,64.9916,1
282.2820,282.2823,282.3686,86.6024,1
282.5367,282.5371,282.6032,66.4941,1
282.5519,282.6032,282.6932,141.2288,1
282.8094,282.8098,282.8756,66.1782,1
282.8975,282.8978,282.9715,73.9777,1
283.0198,283.0202,283.0853,65.4813,1
283.5778,283.5785,283.6458,68.0702,1
283.6303,283.6459,283.7348,104.4945,1
283.7038,283.7349,283.8192,115.3525,1
283.7537,283.8192,283.9048,151.0719,1
283.7654,283.9048,283.9904,224.9842,1
284.0240,284.0245,284.0926,68.5431,1
284.0610,284.0926,284.1812,120.1702,1
284.2811,284.2816,284.3479,66.8278,1
284.2898,284.3480,284.4374,147.6264,1
284.3162,284.4374,284.5226,206.3945,1
284.3467,284.5226,284.6083,261.5955,1
284.3528,284.6083,284.6939,341.1256,1
284.3672,284.6939,284.7795,412.3267,1
284.3737,284.7795,284.8651,491.4134,1
284.4658,284.8651,284.9507,484.9750,1
284.5680,284.9508,285.0363,468.3800,1
284.5811,285.0364,285.1374,556.3185,1
284.5903,285.1374,285.2431,652.7573,1
284.5903,285.2431,285.3341,743.7885,1
284.7776,285.3341,285.4221,644.4828,1
284.9289,285.4221,285.5094,580.4708,1
284.9368,285.5094,285.5959,659.1393,1
285.0497,285.5959,285.6824,632.6980,1
285.1692,285.6824,285.7680,598.7972,1
285.3971,285.7680,285.8536,456.5153,1
285.4288,285.8536,285.9392,510.4336,1
285.4380,285.9392,286.0308,592.8307,1
285.4511,286.0309,286.1331,682.0249,1
285.4776,286.1331,286.2281,750.5149,1
285.6642,286.2281,286.3206,656.4211,1
285.6735,286.3206,286.4098,736.2918,1
285.7213,286.4098,286.4973,775.9725,1
285.9450,286.4973,286.5846,639.6518,1
285.9510,286.5846,286.6713,720.3332,1
285.9613,286.6713,286.7569,795.5968,1
285.9624,286.7569,286.8425,880.0919,1
286.0904,286.8425,286.9308,840.4011,1
286.2202,286.9309,287.0256,805.3739,1
286.3010,287.0256,287.1211,820.0461,1
286.4123,287.1211,287.2157,803.4326,1
286.6032,287.2158,287.3081,704.9518,1
286.6636,287.3081,287.3975,733.9373,1
286.6866,287.3976,287.4861,799.5948,1
286.8063,287.4862,287.5736,767.2135,1
286.8580,287.5736,287.6610,802.9727,1
286.8990,287.6610,287.7469,847.9647,1
286.9167,287.7470,287.8335,916.8805,1
286.9496,287.8336,287.9236,974.0016,1
286.9521,287.9236,288.0163,1064.2178,1
286.9657,288.0163,288.1114,1145.6290,1
286.9978,288.1114,288.2045,1206.7614,1
287.0214,288.2045,288.2967,1275.2219,1
287.0346,288.2967,288.3877,1353.1041,1
287.2023,288.3878,288.4767,1274.4675,1
287.3893,288.4767,288.5649,1175.5507,1
287.7219,288.5649,288.6522,930.3387,1
287.7522,288.6522,288.7388,986.5145,1
287.7770,288.7388,288.8281,1051.1191,1
287.8443,288.8282,288.9179,1073.6566,1
288.0597,288.9180,289.0110,951.2060,1
288.3767,289.0110,289.1040,727.2389,1
288.4137,289.1040,289.1970,783.2789,1
288.4362,289.1970,289.2880,851.8563,1
288.4950,289.2881,289.3778,882.7704,1
288.8063,289.3778,289.4674,661.0855,1
288.9357,289.4674,289.5565,620.8669,1
289.0757,289.5566,289.6439,568.2483,1
289.1114,289.6439,289.7319,620.4903,1
289.1463,289.7320,289.8212,674.8158,1
289.3068,289.8212,289.9122,605.3936,1
289.3889,289.9122,290.0032,614.3001,1
289.5640,290.0033,290.0943,530.2899,1
289.7178,290.0943,290.1868,468.9907,1
289.8235,290.1868,290.2785,454.9996,1
289.8436,290.2785,290.3680,524.4565,1
290.0749,290.3680,290.4580,383.0606,1
290.1375,290.4580,290.5471,409.6252,1
290.1792,290.5471,290.6350,455.8549,1
290.2198,290.6350,290.7242,504.4140,1
290.2347,290.7242,290.8137,578.9603,1
290.2829,290.8137,290.9047,621.8148,1
290.3630,290.9047,290.9958,632.7428,1
290.3652,290.9958,291.0879,722.6916,1
290.7187,291.0879,291.1799,461.2028,1
290.8040,291.1800,291.2714,467.3552,1
290.8482,291.2714,291.3624,514.2760,1
290.8578,291.3625,291.4535,595.6778,1
290.8910,291.4535,291.5427,651.7163,1
291.0077,291.5427,291.6319,624.1918,1
291.0387,291.6319,291.7209,682.2294,1
291.0813,291.7210,291.8113,729.9874,1
291.1901,291.8113,291.9023,712.1732,1
291.3658,291.9023,291.9941,628.2920,1
291.5968,291.9941,292.0867,489.8862,1
291.6136,292.0867,292.1784,564.8017,1
291.6785,292.1784,292.2694,590.9020,1
291.7169,292.2694,292.3605,643.6006,1
291.9394,292.3605,292.4500,510.5233,1
292.2101,292.4500,292.5391,329.0916,1
292.2122,292.5392,292.6291,416.8802,1
292.2968,292.6291,292.7183,421.5189,1
292.3515,292.7183,292.8085,457.0382,1
292.3750,292.8085,292.8987,523.7171,1
292.4357,292.8987,292.9898,554.1117,1
292.4964,292.9898,293.0808,584.4171,1
292.5744,293.0808,293.1719,597.4546,1
292.8416,293.1719,293.2629,421.3399,1
293.1406,293.2629,293.3540,213.3440,1
293.2173,293.3540,293.4440,226.7254,1
293.4003,293.4440,293.5335,133.1686,1
293.4016,293.5335,293.6246,222.9514,1
293.4989,293.6246,293.7156,216.6606,1
293.8167,293.8171,293.8845,67.8011,1
293.8357,293.8845,293.9753,139.6125,1
293.8498,293.9753,294.0614,211.5696,1
294.0816,294.0821,294.1556,73.9409,1
294.3058,294.3062,294.3751,69.2193,1
294.3371,294.3751,294.4656,128.5002,1
294.3376,294.4657,294.5511,213.4788,1
294.3776,294.5511,294.6375,259.8731,1
294.4053,294.6375,294.7235,318.1632,1
294.6130,294.7235,294.8097,196.7275,1
294.6166,294.8097,294.8959,279.2106,1
294.6354,294.8959,294.9832,347.8143,1
294.7430,294.9832,295.0697,326.7460,1
294.9171,295.0697,295.1793,262.1869,1
294.9253,295.1793,295.2772,351.8801,1
294.9917,295.2772,295.3703,378.6603,1
295.0747,295.3703,295.4603,385.6219,1
295.1543,295.4604,295.5477,393.3398,1
295.1885,295.5477,295.6350,446.5563,1
295.2131,295.6350,295.7211,508.0251,1
295.3043,295.7211,295.8078,503.5354,1
295.5088,295.8078,295.8946,385.7876,1
295.5741,295.8946,295.9811,407.0079,1
295.6255,295.9811,296.0782,452.6567,1
295.6825,296.0782,296.1779,495.4321,1
295.7831,296.1779,296.2738,490.7371,1
295.9344,296.2738,296.3666,432.2816,1
296.2467,296.3666,296.4572,210.4508,1
296.2802,296.4572,296.5454,265.1836,1
296.3473,296.5454,296.6327,285.4522,1
296.5109,296.6327,296.7200,209.0979,1
296.5979,296.7201,296.8074,209.4664,1
296.8550,296.8554,296.9232,68.1889,1
296.9096,296.9232,297.0128,103.1863,1
296.9722,297.0128,297.0996,127.4464,1
296.9763,297.0996,297.1891,212.8434,1
297.1846,297.1891,297.2810,96.3807,1
297.2590,297.2810,297.3724,113.4864,1
297.3672,297.3725,297.4629,95.7127,1
297.3851,297.4629,297.5505,165.3742,1
297.5612,297.5616,297.6418,80.5912,1
297.7141,297.7143,297.7816,67.5879,1
297.7265,297.7817,297.8713,144.8183,1
297.9649,297.9652,298.0291,64.2345,1
297.9722,298.0292,298.1211,148.8407,1
298.0044,298.1211,298.2079,203.4368,1
298.1340,298.2079,298.2942,160.1884,1
298.3294,298.3297,298.3998,70.4297,1
298.3375,298.3999,298.4889,151.3447,1
298.3806,298.4889,298.5749,194.2868,1
298.4082,298.5749,298.6622,254.0561,1
298.4989,298.6622,298.7488,249.8216,1
298.5648,298.7488,298.8522,287.3865,1
298.6878,298.8522,298.9417,253.9009,1
298.8154,298.9417,299.0309,215.4531,1
298.9306,299.0309,299.1195,188.9670,1
298.9876,299.1195,299.2180,230.3587,1
299.0159,299.2180,299.3098,293.9123,1
299.1103,299.3098,299.3985,288.2802,1
299.1131,299.3985,299.4859,372.7538,1
299.1156,299.4859,299.5732,457.6053,1
299.1164,299.5733,299.6606,544.2292,1
299.2796,299.6606,299.7548,475.2155,1
299.4000,299.7548,299.8491,449.1040,1
299.4571,299.8491,299.9403,483.1368,1
299.5167,299.9403,300.0310,514.2428,1
299.5233,300.0310,300.1247,601.4001,1
299.5247,300.1247,300.2186,693.9090,1
299.5656,300.2186,300.3100,744.3827,1
299.6393,300.3100,300.3992,759.9049,1
299.7314,300.3992,300.4869,755.4336,1
299.9195,300.4869,300.5750,655.5271,1
299.9313,300.5750,300.6659,734.6172,1
299.9785,300.6659,300.7589,780.3429,1
300.8431,300.8443,300.9091,65.9578,1
301.1119,301.1124,301.1830,71.0582,1
301.3126,301.3131,301.3812,68.5974,1
301.3175,301.3813,301.4706,153.1146,1
301.4937,301.4940,301.5653,71.5881,1
302.3987,302.3999,302.4680,69.3001,1
302.7348,302.7354,302.8025,67.6422,1
302.7454,302.8025,302.8920,146.6381,1
303.0975,303.0981,303.1662,68.6933,1
303.1731,303.1734,303.2567,83.5566,1
303.5125,303.5131,303.5797,67.1829,1
303.6537,303.6540,303.7210,67.2957,1
304.9634,304.9649,305.0310,67.6316,1
305.0631,305.0634,305.1349,71.8319,1
305.2593,305.2597,305.3251,65.7665,1
305.3887,305.3890,305.4554,66.6752,1
305.6932,305.6937,305.7591,65.9738,1
306.1598,306.1605,306.2229,63.0483,1
306.4749,306.4754,306.5422,67.3669,1
306.5424,306.5427,306.6308,88.4342,1
306.9569,306.9574,307.0222,65.3797,1
307.4161,307.4166,307.4833,67.2580,1
307.4309,307.4833,307.5727,141.8561,1
307.4376,307.5727,307.6571,219.5483,1
307.6999,307.7002,307.7675,67.5646,1
308.1159,308.1164,308.1837,67.8250,1
308.2906,308.2909,308.3585,67.9041,1
308.4210,308.4212,308.4896,68.5568,1
308.4619,308.4896,308.5788,116.8842,1
308.8098,308.8103,308.8777,67.9301,1
309.0556,309.0559,309.1233,67.7861,1
309.4306,309.4311,309.4976,66.9926,1
309.5827,309.5829,309.6495,66.7748,1
309.7084,309.7086,309.7766,68.2493,1
309.7277,309.7767,309.8646,136.9977,1
309.7868,309.8647,309.9497,162.9153,1
309.9339,309.9497,310.0349,101.0491,1
310.5083,310.5091,310.5755,67.2479,1
310.8871,310.8876,310.9542,67.1174,1
311.5168,311.5175,311.5848,68.0172,1
311.5798,311.5849,311.6738,94.0101,1
312.0142,312.0147,312.0798,65.6341,1
312.2483,312.2487,312.3133,64.9984,1
312.5313,312.5317,312.5985,67.1820,1
312.5797,312.5985,312.6878,108.0520,1
312.9977,312.9982,313.0644,66.7597,1
313.0387,313.0644,313.1529,114.2121,1
313.2322,313.2326,313.2954,63.2108,1
313.2805,313.2954,313.3858,105.2903,1
314.0392,314.0402,314.1072,68.0597,1
314.2300,314.2304,314.2970,67.0504,1
314.2795,314.2971,314.3859,106.3747,1
314.5827,314.5832,314.6467,64.0265,1
315.3257,315.3267,315.3924,66.6930,1
315.5055,315.5059,315.5725,67.0450,1
315.5514,315.5725,315.6600,108.6332,1
316.7627,316.7641,316.8325,69.7972,1
316.8238,316.8325,316.9197,95.8396,1
317.0014,317.0018,317.0651,63.6922,1
318.2425,318.2439,318.3108,68.2836,1
318.3194,318.3197,318.3991,79.7825,1
318.6131,318.6136,318.6802,67.0034,1
319.1024,319.1031,319.1683,65.8289,1
319.5614,319.5621,319.6266,65.1761,1
319.7265,319.7269,319.7918,65.3664,1
319.7504,319.7919,319.8793,128.9659,1
319.7658,319.8793,319.9627,196.8967,1
319.9041,319.9627,320.0466,142.5776,1
320.3258,320.3263,320.3902,64.4433,1
320.4702,320.4705,320.5350,64.7937,1
320.8814,320.8819,320.9461,64.7151,1
321.0380,321.0382,321.1043,66.2774,1
321.4555,321.4560,321.6184,162.9322,1
321.7640,321.7644,321.9256,161.6431,1
322.0824,322.0828,322.2460,163.5813,1
323.1433,323.1445,323.3055,162.1372,1
323.5927,323.5932,323.7513,158.6268,1
323.9501,323.9505,324.1106,160.4908,1
324.3724,324.3729,324.5321,159.7123,1
324.4791,324.5322,324.7119,232.8484,1
324.4888,324.7120,324.8909,402.0651,1
324.5061,324.8909,325.0715,565.3349,1
324.5564,325.0715,325.2561,699.6877,1
324.9226,325.2561,325.3792,456.6117,1
325.0068,325.3792,325.4624,455.5886,1
325.0762,325.4624,325.5463,470.0724,1
325.1399,325.5463,325.6303,490.4022,1
325.2336,325.6303,325.7161,482.4995,1
325.2366,325.7161,325.8031,566.4548,1
325.2678,325.8031,325.8892,621.4085,1
325.4029,325.8892,325.9765,573.6134,1
325.5193,325.9765,326.0635,544.1526,1
325.6652,326.0635,326.1501,484.8789,1
325.7839,326.1501,326.2424,458.4282,1
325.7969,326.2424,326.3294,532.5481,1
326.1724,326.3294,326.4156,243.1375,1
326.2128,326.4156,326.5014,288.5489,1
326.4518,326.5014,326.5874,135.6024,1
326.6052,326.6055,326.6767,71.5347,1
326.6076,326.6768,326.7619,154.3080,1
326.7382,326.7619,326.8475,109.3148,1
327.7497,327.7510,327.8175,67.7612,1
327.7879,327.8175,327.9051,117.2033,1
327.8504,327.9051,327.9878,137.3937,1
327.8831,327.9878,328.0706,187.4937,1
327.9338,328.0706,328.1537,219.9005,1
328.2898,328.2903,328.3567,66.8680,1
328.4112,328.4115,328.4730,61.7953,1
328.5678,328.5681,328.6328,65.0465,1
328.7989,328.7993,328.8657,66.8628,1
329.3240,329.3248,329.3892,65.1503,1
330.0151,330.0160,330.0815,66.3658,1
330.0435,330.0815,330.1690,125.4900,1
330.1461,330.1690,330.2513,105.2282,1
330.2768,330.2772,330.3478,70.9435,1
330.3812,330.3815,330.4475,66.2704,1
330.5310,330.5313,330.5924,61.4488,1
330.6451,330.6454,330.7084,63.2762,1
330.7477,330.7480,330.8141,66.4327,1
331.0163,331.0168,331.0819,65.6073,1
331.1425,331.1428,331.2066,64.0772,1
331.2191,331.2194,331.2950,75.8303,1
331.2919,331.2950,331.3789,87.0348,1
331.5485,331.5489,331.6089,60.3457,1
331.5827,331.6089,331.6985,115.8083,1
331.9330,331.9336,331.9990,65.9734,1
332.6241,332.6250,332.6884,64.3776,1
333.2684,333.2692,333.3336,65.2225,1
333.3472,333.3476,333.4236,76.4666,1
333.6049,333.6053,333.7498,144.9355,1
333.7656,333.7660,333.9248,159.1631,1
334.3212,334.3219,334.4650,143.8346,1
334.5864,334.5869,334.7186,132.1619,1
334.7355,334.7358,334.8890,153.4636,1
334.7899,334.8890,335.0654,275.4224,1
335.0660,335.0665,335.2420,176.0153,1
335.4401,335.4407,335.5838,143.7098,1
335.5967,335.5971,335.7571,160.4138,1
335.6892,335.7572,335.9369,247.6878,1
335.8021,335.9369,336.1166,314.4824,1
335.9915,336.1166,336.2978,306.2105,1
336.3969,336.3975,336.5577,160.8138,1
336.5861,336.5864,336.7454,159.3423,1
336.5922,336.7454,336.9243,332.1679,1
336.9429,336.9434,337.1021,159.2629,1
337.9799,337.9812,338.1354,155.4835,1
338.1054,338.1354,338.3135,208.1184,1
338.5783,338.5790,338.7349,156.6493,1
339.1547,339.1554,339.3121,157.3568,1
339.5953,339.5958,339.7539,158.6341,1
340.0403,340.0409,340.1951,154.8256,1
340.3661,340.3665,340.5205,154.3921,1
340.9110,340.9116,341.0658,154.8458,1
341.5563,341.5571,341.7117,155.3266,1
341.7330,341.7332,341.8941,161.1487,1
342.2587,342.2593,342.4143,155.5774,1
342.3670,342.4143,342.5889,221.8413,1
342.7069,342.7073,342.8645,157.5745,1
342.7337,342.8645,343.0417,308.0358,1
342.7743,343.0418,343.2190,444.6741,1
342.8877,343.2190,343.3953,507.6785,1
343.0642,343.3954,343.5734,509.2194,1
343.1048,343.5734,343.7515,646.7314,1
343.1340,343.7515,343.9276,793.6555,1
343.2145,343.9276,344.0273,812.7357,1
343.4432,344.0273,344.1086,665.3897,1
343.9463,344.1087,344.1908,244.5234,1
344.1822,344.1908,344.2742,92.0119,1
344.5234,344.5240,344.5861,62.6490,1
344.8451,344.8456,344.9096,64.5003,1
345.0008,345.0011,345.0657,64.9886,1
345.1025,345.1027,345.1639,61.3616,1
345.2022,345.2025,345.2637,61.4431,1
345.2764,345.2767,345.3504,73.9831,1
345.6571,345.6577,345.7224,65.2931,1
345.8849,345.8854,345.9485,63.5415,1
345.9021,345.9485,346.0355,133.4016,1
345.9147,346.0356,346.1670,252.3028,1
346.0577,346.1670,346.3446,286.8998,1
346.5299,346.5306,346.6860,156.0658,1
346.5552,346.6860,346.8609,305.7455,1
346.7194,346.8610,347.0365,317.0724,1
346.9926,347.0365,347.2108,218.2423,1
347.2599,347.2604,347.4169,157.0130,1
348.1400,348.1410,348.2959,155.9077,1
348.2944,348.2959,348.4703,175.8654,1
348.6182,348.6187,348.7743,156.1107,1
348.8071,348.8075,348.9623,155.1578,1
348.9481,348.9623,349.1387,190.5986,1
349.1558,349.1562,349.3190,163.2768,1
349.2027,349.3191,349.4955,292.7489,1
350.0039,350.0050,350.1565,152.5416,1
350.2396,350.2400,350.3936,154.0022,1
350.3174,350.3936,350.5697,252.2896,1
350.3479,350.5697,350.7453,397.4396,1
350.5050,350.7453,350.9201,415.1277,1
350.6581,350.9202,351.0973,439.2083,1
350.9858,351.0973,351.2728,287.0679,1
351.0120,351.2729,351.4476,435.6461,1
351.7666,351.7675,351.9211,154.4796,1
352.0164,352.0168,352.1703,153.8074,1
352.5249,352.5255,352.5883,63.4102,1
352.6360,352.6362,352.7001,64.1192,1
352.7331,352.7332,352.7978,64.7771,1
352.8420,352.8422,352.9064,64.3449,1
353.5066,353.5074,353.5693,62.7069,1
353.6271,353.6273,353.6881,61.0607,1
353.8596,353.8600,353.9241,64.4994,1
354.0186,354.0188,354.0773,58.7388,1
354.4414,354.4419,354.5053,63.9111,1
354.7826,354.7830,354.8419,59.3192,1
355.1142,355.1146,355.1782,64.0255,1
355.1837,355.1838,355.2629,79.2171,1
355.3340,355.3342,355.3963,62.2557,1
356.1854,356.1864,356.2468,61.3511,1
356.5798,356.5803,356.6430,63.2056,1
356.6975,356.6977,356.7613,63.8566,1
356.7141,356.7614,356.8461,131.9408,1
356.8507,356.8511,356.9282,77.4248,1
356.8611,356.9282,357.0099,148.8081,1
357.1466,357.1471,357.2114,64.8089,1
357.5227,357.5233,357.5836,60.9007,1
357.5850,357.5851,357.6703,85.3247,1
357.7964,357.7969,357.8567,60.2990,1
358.4885,358.4894,358.5530,64.4817,1
358.9890,358.9897,359.0515,62.5537,1
359.8662,359.8673,359.9302,64.0281,1
359.9558,359.9561,360.0220,66.2014,1
360.3442,360.3446,360.4082,64.0672,1
361.5673,361.5687,361.6311,63.7792,1
361.7884,361.7887,361.8505,62.1419,1
361.8702,361.8703,361.9394,69.1988,1
361.9316,361.9394,362.0210,89.4200,1
362.3045,362.3051,362.3680,63.4428,1
362.6947,362.6954,362.7555,60.7858,1
362.9435,362.9441,363.0076,64.1198,1
363.1585,363.1589,363.2217,63.1688,1
363.4116,363.4121,363.4755,63.9082,1
363.6969,363.6973,363.7610,64.1477,1
364.1623,364.1630,364.2252,62.8816,1
364.2204,364.2252,364.3113,90.9457,1
364.2567,364.3114,364.3917,134.9831,1
364.4587,364.4591,364.5216,62.9115,1
364.9936,364.9943,365.0681,74.5579,1
365.2962,365.2967,365.3758,79.6203,1
365.3169,365.3758,365.4783,161.3333,1
365.3841,365.4783,365.5794,195.3350,1
365.5791,365.5795,365.6819,102.7215,1
366.1387,366.1394,366.2150,76.3570,1
366.1527,366.2151,366.3194,166.6461,1
366.1587,366.3194,366.4212,262.5488,1
366.6040,366.6047,366.6825,78.5068,1
366.8562,366.8566,366.9339,77.7752,1
366.9349,366.9352,367.0368,101.9447,1
367.0920,367.0924,367.1712,79.2208,1
367.3322,367.3326,367.4120,79.8124,1
367.5756,367.5761,367.6526,76.9475,1
367.8214,367.8220,367.8989,77.5233,1
367.9279,367.9282,368.0116,83.6931,1
369.3154,369.3170,369.3876,72.2075,1
369.4678,369.4681,369.5441,76.3100,1
369.5235,369.5441,369.6430,119.4563,1
369.6027,369.6430,369.7402,137.5084,1
369.8506,369.8510,369.9241,73.4853,1
370.0544,370.0548,370.1280,73.6014,1
370.1395,370.1398,370.2298,90.2827,1
370.1677,370.2298,370.3270,159.3845,1
370.4809,370.4814,370.5570,76.1186,1
370.4830,370.5570,370.6561,173.1105,1
370.5391,370.6562,370.7537,214.5912,1
370.5667,370.7537,370.8509,284.2528,1
370.6404,370.8509,370.9482,307.7408,1
370.6778,370.9482,371.0366,358.8489,1
371.0999,371.1005,371.1644,64.4267,1
371.3651,371.3655,371.4290,63.9371,1
371.5466,371.5470,371.6099,63.2675,1
371.8168,371.8172,371.8758,59.0487,1
371.9805,371.9808,372.0410,60.5321,1
372.2705,372.2710,372.3302,59.6897,1
372.3950,372.3952,372.4545,59.5674,1
372.6671,372.6675,372.7297,62.6674,1
372.9502,372.9507,373.0145,64.2594,1
373.0357,373.0360,373.1064,70.7439,1
373.0607,373.1064,373.1877,126.9783,1
373.1568,373.1877,373.2681,111.3026,1
373.1921,373.2681,373.3489,156.7956,1
373.4431,373.4435,373.5054,62.3504,1
373.6849,373.6853,373.7470,62.1242,1
374.8157,374.8170,374.8778,62.1387,1
374.9230,374.9233,374.9858,62.7408,1
374.9718,374.9858,375.0692,97.4078,1
375.3713,375.3719,375.5120,140.7652,1
376.0636,376.0645,376.2106,147.0448,1
376.1815,376.2107,376.3816,200.1151,1
376.4355,376.4359,376.5812,145.7817,1
376.5881,376.5884,376.7563,168.1877,1
376.9577,376.9583,377.1024,144.7006,1
377.0835,377.1024,377.2733,189.8837,1
377.1250,377.2734,377.3759,250.8777,1
377.2079,377.3759,377.4567,248.8509,1
377.4192,377.4568,377.5368,117.6030,1
377.6472,377.6476,377.7086,61.4301,1
377.8186,377.8190,377.8802,61.6139,1
377.8579,377.8803,377.9665,108.5419,1
377.8765,377.9665,378.0474,170.8583,1
379.6759,379.6779,379.7392,63.3438,1
380.3395,380.3404,380.4022,62.6746,1
380.5666,380.5670,380.6301,63.4948,1
380.5933,380.6302,380.7136,120.2675,1
380.8609,380.8614,380.9237,62.8529,1
381.2267,381.2271,381.2909,64.2145,1
381.5668,381.5672,381.6295,62.7103,1
381.5925,381.6295,381.7134,120.9159,1
381.6090,381.7134,381.7937,184.7042,1
381.7581,381.7937,381.8715,113.4118,1
381.9339,381.9343,381.9980,64.0173,1
382.1549,382.1554,382.2143,59.3705,1
382.4681,382.4686,382.5318,63.7084,1
383.1208,383.1216,383.1830,62.2552,1
384.1547,384.1559,384.2247,70.0451,1
384.3253,384.3256,384.3882,62.8811,1
384.7598,384.7604,384.8281,68.2846,1
385.9913,385.9928,386.0554,64.0202,1
386.0973,386.0975,386.1640,66.7758,1
386.2004,386.2007,386.2674,66.9594,1
386.3157,386.3160,386.3821,66.4483,1
386.7919,386.7925,386.8547,62.7838,1
386.8476,386.8548,386.9430,95.3984,1
387.3592,387.3599,387.4262,66.9436,1
387.4255,387.4262,387.5136,88.0855,1
387.5668,387.5672,387.6316,64.7627,1
387.5763,387.6316,387.7202,143.9059,1
388.0659,388.0666,388.1274,61.5441,1
388.0746,388.1275,388.2128,138.1567,1
388.3278,388.3282,388.3869,59.0999,1
388.9892,388.9901,389.0511,61.8842,1
389.0173,389.0511,389.1368,119.4631,1
389.3909,389.3915,389.4519,60.9757,1
389.4392,389.4519,389.5367,97.4763,1
389.5590,389.5593,389.6273,68.2218,1
390.2436,390.2445,390.3063,62.6958,1
390.7880,390.7887,390.8496,61.5944,1
390.8487,390.8496,390.9359,87.1743,1
391.2550,391.2555,391.3193,64.2751,1
392.0033,392.0041,392.0666,63.3262,1
392.0658,392.0666,392.1525,86.6296,1
392.1728,392.1732,392.2395,66.6187,1
392.7083,392.7091,392.7696,61.2330,1
392.7327,392.7696,392.8556,122.9146,1
393.0554,393.0559,393.1184,63.0549,1
393.0572,393.1185,393.2027,145.4774,1
393.1266,393.2027,393.2828,156.2079,1
393.2359,393.2828,393.3624,126.4771,1
393.5784,393.5789,393.6420,63.6120,1
393.7929,393.7933,393.8554,62.4999,1
394.0422,394.0427,394.1044,62.1289,1
394.0490,394.1044,394.1889,139.9592,1
394.0859,394.1889,394.2687,182.8773,1
394.2435,394.2688,394.3477,104.2064,1
394.3877,394.3880,394.4474,59.6186,1
394.4671,394.4674,394.5382,71.0957,1
394.6038,394.6041,394.6665,62.6617,1
394.7598,394.7601,394.8237,63.8477,1
395.3158,395.3165,395.3781,62.2930,1
395.5639,395.5643,395.6268,62.8908,1
396.0581,396.0588,396.1177,59.6101,1
396.2502,396.2506,396.3131,62.9317,1
396.3235,396.3238,396.4010,77.5281,1
396.3396,396.4010,396.4821,142.4957,1
396.5676,396.5680,396.6266,58.9976,1
397.3279,397.3289,397.3909,62.9983,1
397.4952,397.4955,397.5570,61.7948,1
397.5633,397.5635,397.6411,77.8840,1
397.7484,397.7488,397.8094,60.9578,1
398.0397,398.0402,398.1038,64.0883,1
398.0730,398.1038,398.1876,114.6834,1
398.1494,398.1877,398.2680,118.6040,1
398.2733,398.2736,398.3482,74.9345,1
398.3152,398.3483,398.4292,114.0459,1
398.5473,398.5476,398.6086,61.3554,1
398.6018,398.6086,398.6939,92.1155,1
398.6130,398.6939,398.7720,159.0222,1
398.6687,398.7720,398.8523,183.5476,1
398.7995,398.8523,398.9329,133.4006,1
398.9104,398.9329,399.0129,102.4666,1
399.2429,399.2434,399.3054,62.5180,1
399.5018,399.5021,399.5647,62.9015,1
399.7299,399.7304,399.7924,62.4848,1
399.7698,399.7925,399.8766,106.7807,1
399.9030,399.9033,399.9676,64.6642,1
400.1632,400.1637,400.2758,112.6032,1
400.1972,400.2759,400.4204,223.1183,1
400.3077,400.4204,400.5662,258.4684,1
400.4216,400.5662,400.7109,289.3331,1
400.8540,400.8545,400.9678,113.8429,1
400.9237,400.9679,401.1116,187.9561,1
400.9960,401.1117,401.2557,259.6670,1
401.4819,401.4826,401.5988,116.9079,1
401.6059,401.6062,401.7427,136.7432,1
401.9772,401.9776,402.0955,118.3047,1
402.0976,402.0979,402.2384,140.7148,1
402.5682,402.5689,402.6763,108.1213,1
402.5761,402.6763,402.8174,241.3077,1
402.6547,402.8175,402.9613,306.5290,1
402.8946,402.9613,403.1050,210.3971,1
403.1510,403.1514,403.2568,105.7991,1
403.1807,403.2568,403.4196,238.8752,1
403.6962,403.6969,403.8129,116.7244,1
403.9795,403.9800,404.0924,112.8691,1
404.0736,404.0924,404.2368,163.2163,1
404.1761,404.2368,404.3665,190.4032,1
404.6896,404.6902,404.7530,63.3755,1
404.7444,404.7530,404.8387,94.3254,1
404.7895,404.8387,404.9184,128.8095,1
404.8569,404.9184,404.9987,141.8493,1
404.9019,404.9987,405.0780,176.0744,1
404.9458,405.0780,405.1587,212.9194,1
404.9859,405.1588,405.2381,252.1547,1
405.1736,405.2381,405.3192,145.5965,1
405.1865,405.3193,405.3990,212.5060,1
405.4033,405.4037,405.4800,76.6950,1
405.4357,405.4801,405.5833,147.6020,1
405.5251,405.5834,405.6704,145.3075,1
405.6318,405.6704,405.7554,123.5104,1
405.7694,405.7697,405.8403,70.9482,1
405.8950,405.8953,405.9592,64.1918,1
405.9778,405.9781,406.0467,68.9108,1
406.0426,406.0467,406.1282,85.6246,1
406.1706,406.1709,406.2338,63.1890,1
406.5840,406.5845,406.6450,61.0428,1
406.5998,406.6451,406.7312,131.4467,1
406.6129,406.7312,406.8118,198.9586,1
406.6913,406.8119,406.8918,200.4901,1
406.7354,406.8918,406.9727,237.2085,1
406.8912,406.9727,407.0527,161.5459,1
406.9684,407.0528,407.1335,165.0937,1
407.1704,407.1708,407.2357,65.2969,1
407.1904,407.2357,407.3198,129.4040,1
407.3842,407.3845,407.4439,59.7113,1
407.4642,407.4644,407.5361,71.9349,1
407.5454,407.5457,407.6196,74.2035,1
408.0118,408.0125,408.0742,62.3589,1
408.0299,408.0742,408.1595,129.6344,1
408.1096,408.1596,408.2397,130.0739,1
408.4204,408.4209,408.4811,60.7306,1
408.4696,408.4811,408.5685,98.9078,1
408.4917,408.5685,408.6488,157.0343,1
408.5266,408.6488,408.7289,202.3740,1
408.6770,408.7290,408.8096,132.6229,1
408.8642,408.8645,408.9268,62.6764,1
409.2298,409.2303,409.2931,63.2976,1
409.2972,409.2973,409.3782,80.9634,1
409.5335,409.5338,409.5957,62.1630,1
409.8883,409.8888,409.9511,62.7689,1
409.9793,409.9794,410.0438,64.5183,1
410.1075,410.1077,410.1681,60.6461,1
410.3186,410.3189,410.3817,63.0944,1
410.3228,410.3817,410.4659,143.1409,1
410.3724,410.4659,410.5441,171.6717,1
410.4705,410.5441,410.6740,203.4576,1
410.6567,410.6740,410.8464,189.7099,1
410.6610,410.8464,411.0182,357.2017,1
411.0199,411.0204,411.2091,189.1656,1
411.1074,411.2091,411.3888,281.4548,1
411.2989,411.3889,411.5598,260.8785,1
411.3051,411.5598,411.7299,424.8203,1
411.3254,411.7299,411.9001,574.7658,1
411.3813,411.9001,412.0710,689.7067,1
411.5762,412.0711,412.2419,665.7550,1
411.8936,412.2420,412.4129,519.2273,1
411.9149,412.4129,412.5830,668.1239,1
411.9915,412.5831,412.7333,741.8290,1
411.9964,412.7334,412.8086,812.2907,1
412.1236,412.8087,412.8899,766.2752,1
412.1572,412.8899,412.9726,815.3480,1
412.2107,412.9726,413.0556,844.8918,1
412.2880,413.0556,413.1390,851.0495,1
412.4367,413.1390,413.2230,786.2070,1
412.7093,413.2230,413.3077,598.4127,1
412.7494,413.3077,413.3927,643.3032,1
412.9924,413.3927,413.4769,484.5222,1
413.1151,413.4769,413.5618,446.6740,1
413.4943,413.5618,413.6500,155.6993,1
413.4950,413.6501,413.7334,238.4379,1
413.6602,413.7334,413.8157,155.5299,1
413.7031,413.8158,413.8984,195.2132,1
413.7052,413.8984,413.9823,277.0730,1
413.7109,413.9823,414.0662,355.3077,1
413.7304,414.0662,414.1502,419.7631,1
413.8626,414.1502,414.2351,372.5475,1
414.0371,414.2351,414.3196,282.4290,1
414.2060,414.3196,414.4047,198.6976,1
414.3169,414.4047,414.4897,172.8153,1
414.3886,414.4897,414.5767,188.0846,1
414.7288,414.7293,414.7936,64.8351,1
414.7550,414.7937,414.8805,125.5162,1
414.8947,414.8951,414.9677,72.9120,1
415.0310,415.0314,415.0946,63.5318,1
415.0715,415.0946,415.1812,109.6674,1
415.0931,415.1812,415.2619,168.8647,1
415.2513,415.2619,415.3427,91.4148,1
415.5701,415.5705,415.6328,62.7908,1
415.8600,415.8605,415.9227,62.7568,1
416.0367,416.0371,416.0996,62.9153,1
416.5833,416.5840,416.6444,61.1417,1
416.5920,416.6444,416.7309,138.9345,1
416.8406,416.8411,416.9045,63.8644,1
417.0158,417.0162,417.0777,61.8559,1
417.1235,417.1240,417.1872,63.6640,1
417.2552,417.2555,417.3177,62.4901,1
417.2600,417.3177,417.4028,142.8711,1
417.2759,417.4029,417.4835,207.6238,1
417.5089,417.5093,417.5763,67.3857,1
417.6517,417.6521,417.7135,61.7578,1
417.6874,417.7135,417.7999,112.4755,1
417.9216,417.9220,417.9864,64.7870,1
417.9533,417.9864,418.0720,118.7540,1
418.4418,418.4425,418.5037,61.8753,1
418.4483,418.5037,418.5894,141.1407,1
418.6126,418.6129,418.6783,65.7188,1
419.2283,419.2291,419.2920,63.6251,1
419.3927,419.3931,419.4537,61.0061,1
419.4961,419.4964,419.5622,66.0383,1
419.5342,419.5622,419.6467,112.4805,1
419.7284,419.7288,419.7913,62.8203,1
419.9542,419.9546,420.0171,62.8609,1
420.5514,420.5522,420.6108,59.3442,1
420.6258,420.6261,420.6994,73.5297,1
420.6821,420.6994,420.7798,97.7102,1
420.7932,420.7935,420.8661,72.8808,1
420.9261,420.9263,420.9811,55.0265,1
421.0176,421.0179,421.1639,146.2798,1
421.2017,421.2021,421.3463,144.5689,1
421.2632,421.3463,421.5120,248.7258,1
421.3068,421.5120,421.6771,370.3195,1
421.6253,421.6772,421.8671,241.8595,1
421.6348,421.8672,422.0402,405.3829,1
421.6998,422.0402,422.2204,520.5890,1
422.1401,422.2204,422.3873,247.2240,1
422.2733,422.3874,422.5538,280.4886,1
422.4800,422.5538,422.7279,247.8684,1
422.4851,422.7279,422.9120,426.8678,1
422.8301,422.9120,423.0925,262.4642,1
422.8350,423.0926,423.1734,338.3643,1
423.1854,423.1859,423.2582,72.8114,1
423.6853,423.6859,423.7474,62.0824,1
423.9276,423.9280,423.9914,63.8386,1
423.9385,423.9914,424.0766,138.0778,1
423.9510,424.0766,424.1571,206.0355,1
424.2878,424.2883,424.3471,59.2358,1
424.4289,424.4291,424.4902,61.3559,1
424.4821,424.4903,424.5765,94.3635,1
424.5045,424.5765,424.6567,152.2049,1
424.5418,424.6568,424.7375,195.6540,1
424.5943,424.7375,424.8187,224.4641,1
424.6726,424.8188,424.8996,226.9612,1
424.7953,424.8996,424.9807,185.3481,1
424.8076,424.9807,425.0615,253.8533,1
424.8829,425.0615,425.1423,259.4062,1
424.9263,425.1423,425.2276,301.2886,1
425.0137,425.2276,425.3344,320.6613,1
425.0277,425.3344,425.4197,391.9660,1
425.1306,425.4197,425.5061,375.4600,1
425.3185,425.5061,425.5892,270.7067,1
425.3292,425.5892,425.6715,342.3149,1
425.3836,425.6715,425.7532,369.6231,1
425.4803,425.7533,425.8350,354.7066,1
425.6419,425.8350,425.9160,274.0760,1
425.6756,425.9160,425.9978,322.1742,1
425.7250,425.9978,426.0794,354.4385,1
425.7623,426.0795,426.1635,401.2735,1
426.0496,426.1636,426.2583,208.6190,1
426.1556,426.2583,426.3480,192.4187,1
426.2858,426.3480,426.4360,150.2915,1
426.3557,426.4361,426.5209,165.2185,1
426.4864,426.5209,426.6048,118.4489,1
426.5618,426.6049,426.6873,125.4853,1
426.6117,426.6873,426.7700,158.3058,1
426.6317,426.7700,426.8523,220.6075,1
426.7788,426.8523,426.9335,154.6664,1
426.9933,426.9937,427.0580,64.6653,1
427.1992,427.1996,427.2602,61.0541,1
427.6432,427.6439,427.7349,91.7390,1
428.0467,428.0473,428.1404,93.6694,1
428.3255,428.3260,428.4135,87.9838,1
428.3275,428.4136,428.5345,206.9403,1
428.4303,428.5345,428.6544,224.1390,1
428.4759,428.6544,428.7748,298.9564,1
428.5570,428.7749,428.8954,338.3392,1
428.6943,428.8954,429.0164,322.1197,1
428.8542,429.0164,429.1432,289.0402,1
428.8881,429.1433,429.2992,411.0550,1
429.0425,429.2992,429.4126,370.1166,1
429.3797,429.4126,429.4892,109.5751,1
429.4623,429.4893,429.5701,107.8628,1
429.5870,429.5873,429.6602,73.1793,1
429.5886,429.6602,429.7424,153.8100,1
429.8094,429.8098,429.8710,61.6239,1
429.9705,429.9708,430.0310,60.4559,1
429.9962,430.0310,430.1175,121.2637,1
430.0628,430.1175,430.1979,135.0780,1
430.1216,430.1979,430.2787,157.0436,1
430.4318,430.4323,430.4959,64.1234,1
430.4395,430.4959,430.5813,141.8329,1
430.7106,430.7111,430.7747,64.0955,1
430.7897,430.7900,430.8638,74.0933,1
430.9603,430.9607,431.0202,59.8678,1
431.0262,431.0264,431.1056,79.3749,1
431.0458,431.1057,431.1865,140.6359,1
431.2219,431.2223,431.2855,63.5267,1
431.2868,431.2870,431.3701,83.2371,1
431.4971,431.4975,431.6403,143.1813,1
431.6637,431.6641,431.8006,136.9074,1
431.7081,431.8006,431.9709,262.8024,1
431.7297,431.9710,432.1417,411.9750,1
431.8277,432.1417,432.3112,483.4791,1
432.1626,432.3112,432.5212,358.5972,1
432.1986,432.5212,432.6998,501.1369,1
432.6355,432.6998,432.8707,235.1343,1
432.6637,432.8707,433.0416,377.8448,1
432.6760,433.0416,433.2117,535.7441,1
432.7390,433.2117,433.4048,665.8378,1
433.1270,433.4049,433.5951,468.0588,1
433.1581,433.5951,433.6901,532.0171,1
433.1816,433.6901,433.7718,590.2346,1
433.1887,433.7718,433.8533,664.5919,1
433.3030,433.8533,433.9356,632.5776,1
433.4620,433.9356,434.0182,556.2825,1
433.5352,434.0182,434.1006,565.3330,1
433.5501,434.1006,434.1843,634.1824,1
433.5649,434.1843,434.2706,705.7318,1
433.6012,434.2706,434.3580,756.7110,1
433.6095,434.3580,434.4459,836.4004,1
433.8004,434.4459,434.5372,736.7392,1
434.0144,434.5372,434.6227,608.2899,1
434.1216,434.6227,434.7070,585.3693,1
434.4873,434.7070,434.7901,302.8532,1
434.6876,434.7901,434.8730,185.3718,1
434.9853,434.9858,435.0501,64.8086,1
435.0318,435.0501,435.1369,105.0718,1
435.4262,435.4269,435.4918,65.5103,1
435.4512,435.4918,435.5782,127.0219,1
435.4915,435.5782,435.6597,168.2064,1
435.6181,435.6597,435.7405,122.4424,1
435.7099,435.7405,435.8217,111.8389,1
435.9217,435.9221,435.9838,62.0291,1
436.0183,436.0185,436.0829,64.5929,1
436.0448,436.0830,436.1672,122.4449,1
436.1107,436.1673,436.2482,137.4990,1
436.1440,436.2482,436.3295,185.5714,1
436.2123,436.3296,436.4113,199.0264,1
436.4179,436.4182,436.4963,78.4565,1
436.4708,436.4963,436.5786,107.8550,1
436.5814,436.5817,436.6609,79.4786,1
436.5961,436.6609,436.7438,147.7235,1
436.7500,436.7504,436.8468,96.7768,1
436.9998,437.0002,437.0635,63.6642,1
437.0598,437.0635,437.1502,90.4312,1
437.3883,437.3889,437.4537,65.3712,1
437.5007,437.5011,437.5658,65.0653,1
437.6713,437.6715,437.7350,63.7747,1
437.7536,437.7539,437.8355,81.8748,1
438.1961,438.1967,438.3308,134.7176,1
438.2398,438.3308,438.4975,257.6560,1
438.3513,438.4975,438.6634,312.1389,1
438.7508,438.7515,438.8882,137.3398,1
438.7895,438.8882,439.0607,271.1586,1
438.7918,439.0607,439.2350,443.2418,1
438.8685,439.2351,439.4052,536.7211,1
438.8939,439.4053,439.5848,690.9496,1
438.9557,439.5849,439.7845,828.8804,1
439.0989,439.7846,439.9502,851.2642,1
439.3166,439.9502,440.0255,708.9014,1
439.5313,440.0255,440.1078,576.5024,1
439.5516,440.1078,440.1891,637.4787,1
439.8373,440.1891,440.2718,434.4194,1
439.8797,440.2718,440.3543,474.5902,1
440.0580,440.3543,440.4370,379.0011,1
440.2071,440.4370,440.5249,317.7893,1
440.2626,440.5249,440.6153,352.6696,1
440.5412,440.6153,440.7032,161.9804,1
440.6680,440.7032,440.7892,121.1898,1
440.7777,440.7892,440.8791,101.4470,1
440.9298,440.9301,440.9921,62.2570,1
440.9786,440.9921,441.0790,100.3398,1
441.0114,441.0790,441.1609,149.4759,1
441.1598,441.1609,441.2424,82.5275,1
441.3727,441.3731,441.4367,63.9601,1
441.5326,441.5329,441.5936,60.9906,1
441.6077,441.6079,441.6824,74.7350,1
441.6410,441.6825,441.7636,122.6855,1
441.8009,441.8012,441.8688,67.9656,1
442.5634,442.5643,442.6886,125.2636,1
442.9040,442.9046,443.0279,123.9164,1
443.2435,443.2441,443.3607,117.1344,1
443.5361,443.5366,443.6526,116.4301,1
443.6724,443.6728,443.8035,131.1265,1
443.9428,443.9432,444.0673,124.5170,1
443.9734,444.0673,444.2273,253.8322,1
444.1145,444.2273,444.4014,286.9669,1
444.1634,444.4015,444.5740,410.6005,1
444.2267,444.5740,444.7465,519.8298,1
444.2277,444.7465,444.9324,704.7093,1
444.5286,444.9324,445.1080,579.3969,1
444.5616,445.1080,445.2835,721.9183,1
444.6856,445.2836,445.4591,773.4581,1
444.8970,445.4591,445.6344,737.4134,1
445.4150,445.6344,445.8103,395.3277,1
445.6556,445.8104,445.9867,331.1249,1
445.6677,445.9867,446.1623,494.6890,1
445.7039,446.1624,446.3254,621.5393,1
445.8200,446.3255,446.4001,580.0390,1
445.8385,446.4001,446.4820,643.5532,1
445.8828,446.4820,446.5648,681.9541,1
446.2939,446.5648,446.6487,354.8606,1
446.3624,446.6487,446.7333,370.9394,1
446.4021,446.7333,446.8185,416.3580,1
446.5116,446.8185,446.9037,392.0570,1
446.5782,446.9037,446.9889,410.6647,1
447.0377,447.0384,447.1029,65.2439,1
447.1439,447.1442,447.2045,60.6044,1
447.2137,447.2139,447.2897,76.0360,1
447.6396,447.6401,447.6994,59.7868,1
447.6715,447.6995,447.7861,114.5727,1
447.8954,447.8958,447.9582,62.7880,1
447.9041,447.9582,448.0454,141.2883,1
448.2525,448.2530,448.3151,62.6274,1
448.5059,448.5064,448.5679,61.9130,1
448.6607,448.6610,448.7225,61.8112,1
448.7022,448.7225,448.8095,107.2580,1
448.9800,448.9804,449.0405,60.5450,1
448.9916,449.0405,449.1274,135.8642,1
449.1232,449.1275,449.2082,85.0480,1
449.1688,449.2083,449.2896,120.7877,1
449.2035,449.2896,449.3712,167.7226,1
449.6043,449.6048,449.6692,64.8879,1
449.6695,449.6697,449.7552,85.7599,1
449.6881,449.7553,449.8360,147.9348,1
449.8108,449.8360,449.9175,106.7117,1
449.8287,449.9175,449.9991,170.3956,1
450.2018,450.2024,450.2624,60.5698,1
450.5983,450.5988,450.6631,64.7758,1
450.6757,450.6759,450.7497,73.9990,1
450.7054,450.7497,450.8315,126.0147,1
450.8668,450.8672,450.9331,66.2353,1
451.0466,451.0470,451.1078,61.2374,1
451.0876,451.1079,451.1961,108.5540,1
451.1318,451.1961,451.2779,146.0379,1
451.3003,451.3006,451.3666,66.3585,1
451.3573,451.3666,451.4504,93.1229,1
451.4746,451.4749,451.5464,71.8586,1
451.5247,451.5465,451.6291,104.3664,1
451.7847,451.7852,451.8453,60.5382,1
451.7885,451.8453,451.9334,144.9070,1
452.1317,452.1323,452.1957,63.9827,1
452.5698,452.5704,452.6325,62.6669,1
452.6087,452.6325,452.7185,109.7702,1
452.6634,452.7185,452.8001,136.6928,1
452.6973,452.8001,452.8809,183.5967,1
453.2827,453.2834,453.3439,61.2135,1
453.2938,453.3440,453.4305,136.7663,1
453.5115,453.5119,453.5758,64.3556,1
453.5645,453.5759,453.6615,96.9851,1
453.8550,453.8555,453.9197,64.7367,1
453.9663,453.9665,454.0296,63.2153,1
454.2061,454.2065,454.2695,63.3740,1
454.3528,454.3531,454.4173,64.5017,1
454.6511,454.6516,454.8049,153.8130,1
454.9828,454.9833,455.1359,153.0560,1
454.9962,455.1359,455.3133,317.1410,1
455.0630,455.3133,455.4892,426.2413,1
455.2074,455.4893,455.6650,457.5435,1
455.2323,455.6650,455.8412,608.8671,1
455.6159,455.8412,456.0191,403.1808,1
455.7149,456.0191,456.1957,480.8542,1
455.7246,456.1958,456.3730,648.4340,1
455.8178,456.3730,456.5497,731.8638,1
455.8785,456.5497,456.7091,830.6015,1
455.9037,456.7092,456.7847,880.9952,1
456.0689,456.7848,456.8674,798.5658,1
456.1116,456.8675,456.9508,839.2374,1
456.1739,456.9508,457.0350,861.0843,1
456.2269,457.0350,457.1206,893.7252,1
456.2499,457.1206,457.2057,955.8545,1
456.2767,457.2057,457.2906,1013.9365,1
456.2787,457.2906,457.3762,1097.4696,1
456.3024,457.3762,457.4618,1159.3809,1
456.3038,457.4618,457.5474,1243.6039,1
456.6971,457.5474,457.6373,940.2144,1
456.7812,457.6374,457.7213,940.1202,1
456.8909,457.7213,457.8053,914.3763,1
456.9407,457.8053,457.8892,948.4858,1
457.1244,457.8892,457.9731,848.7024,1
457.2809,457.9731,458.0578,776.8831,1
457.3042,458.0578,458.1429,838.7422,1
457.3467,458.1430,458.2285,881.8739,1
457.3699,458.2286,458.3141,944.2529,1
457.3729,458.3142,458.3998,1026.8812,1
457.6464,458.3998,458.4864,840.0040,1
457.6740,458.4864,458.5740,900.0238,1
457.6769,458.5740,458.6593,982.3942,1
457.7317,458.6593,458.7448,1013.1348,1
457.8340,458.7448,458.8287,994.7633,1
457.9108,458.8288,458.9141,1003.3583,1
458.1000,458.9141,458.9989,898.8845,1
458.2397,458.9989,459.0845,844.8388,1
458.6851,459.0845,459.1697,484.6223,1
458.7419,459.1697,459.2549,512.9865,1
459.0092,459.2549,459.3405,331.2930,1
459.1619,459.3405,459.4275,265.5829,1
459.2629,459.4275,459.5148,251.9380,1
459.3890,459.5148,459.6005,211.5532,1
459.4066,459.6005,459.6861,279.4729,1
459.4324,459.6861,459.7717,339.2972,1
459.5185,459.7717,459.8566,338.0680,1
459.9100,459.9106,459.9714,61.3713,1
459.9162,459.9714,460.0593,143.1324,1
460.0474,460.0593,460.1416,94.2649,1
460.0742,460.1417,460.2240,149.8088,1
460.1408,460.2240,460.3063,165.5232,1
460.1446,460.3063,460.3884,243.8424,1
460.2024,460.3885,460.4702,267.7831,1
460.3979,460.4702,460.5535,155.6600,1
460.4806,460.5536,460.6390,158.4477,1
460.5083,460.6390,460.7238,215.5188,1
460.5815,460.7238,460.8318,250.3567,1
461.0936,461.0944,461.1603,66.6944,1
461.1946,461.1949,461.2632,68.6086,1
461.4121,461.4125,461.4764,64.2806,1
461.4531,461.4764,461.5635,110.3773,1
461.5516,461.5635,461.6451,93.4659,1
462.1458,462.1466,462.2083,62.5248,1
462.2402,462.2405,462.3051,64.9627,1
462.3657,462.3661,462.4306,64.8698,1
462.3887,462.4307,462.5171,128.3636,1
462.4806,462.5171,462.5994,118.7819,1
462.7027,462.7030,462.7674,64.7584,1
462.8712,462.8715,462.9354,64.2379,1
463.0314,463.0317,463.0944,62.9625,1
463.1317,463.1320,463.1969,65.1980,1
463.1914,463.1969,463.2821,90.6467,1
463.3075,463.3078,463.3761,68.6078,1
463.4309,463.4311,463.4950,64.0931,1
463.5276,463.5279,463.5947,67.0824,1
463.5481,463.5947,463.6804,132.3416,1
463.5653,463.6805,463.7621,196.7297,1
463.6484,463.7621,463.8444,196.0243,1
464.0945,464.0952,464.1570,62.5149,1
464.2599,464.2602,464.3223,62.3810,1
464.3152,464.3223,464.4094,94.1928,1
464.3641,464.4095,464.4916,127.4948,1
464.4807,464.4916,464.5739,93.1983,1
464.7878,464.7884,464.8528,64.9600,1
464.9663,464.9668,465.0291,62.8024,1
465.2132,465.2135,465.2793,66.1407,1
465.5852,465.5857,465.6454,60.1825,1
465.6225,465.6454,465.7342,111.7124,1
466.0232,466.0238,466.0884,65.2104,1
466.1381,466.1384,466.2017,63.6096,1
466.2456,466.2459,466.3080,62.3580,1
466.5037,466.5041,466.5638,60.1010,1
466.5037,466.5638,466.6523,148.5633,1
466.6084,466.6523,466.7341,125.6187,1
466.9289,466.9294,466.9907,61.8196,1
466.9502,466.9907,467.0774,127.2071,1
466.9780,467.0774,467.1589,180.9650,1
467.0340,467.1589,467.2413,207.2827,1
467.0389,467.2413,467.3236,284.7167,1
467.0430,467.3236,467.4059,362.9402,1
467.1603,467.4060,467.4883,327.9406,1
467.1906,467.4883,467.5706,379.9751,1
467.3247,467.5706,467.6525,327.8040,1
467.3667,467.6525,467.7348,368.1132,1
467.4927,467.7348,467.8453,352.6556,1
467.5381,467.8453,467.9322,394.1482,1
467.8630,467.9322,468.0193,156.3449,1
467.9600,468.0194,468.1036,143.5850,1
468.3586,468.3591,468.4253,66.7264,1
468.6182,468.6186,468.6777,59.4357,1
469.1116,469.1123,469.1774,65.8187,1
469.1169,469.1774,469.2626,145.6988,1
469.1237,469.2626,469.3439,220.1448,1
469.2588,469.3439,469.4251,166.3048,1
469.5417,469.5422,469.6015,59.7937,1
469.5868,469.6015,469.6893,102.4357,1
469.7603,469.7607,469.8249,64.5937,1
470.0095,470.0098,470.0778,68.3448,1
470.0897,470.0900,470.1647,74.9699,1
470.1055,470.1647,470.2472,141.7031,1
470.2101,470.2472,470.3288,118.6794,1
470.4623,470.4628,470.5281,65.7697,1
470.6036,470.6040,470.6667,63.0455,1
470.6593,470.6667,470.7541,94.7879,1
470.7072,470.7541,470.8360,128.8493,1
470.8208,470.8361,470.9185,97.7275,1
471.5382,471.5391,471.6023,64.1432,1
471.5668,471.6024,471.6889,122.1759,1
471.5810,471.6889,471.7697,188.7335,1
471.6377,471.7697,471.8523,214.6430,1
472.1954,472.1960,472.2559,60.4858,1
472.4134,472.4137,472.4787,65.3024,1
472.8295,472.8301,472.8933,63.7260,1
473.3127,473.3133,473.3753,62.5892,1
473.4632,473.4634,473.5240,60.7954,1
473.7788,473.7792,473.8441,65.2563,1
473.9224,473.9226,473.9873,64.8941,1
474.1286,474.1289,474.1935,64.8091,1
474.1471,474.1935,474.2795,132.3910,1
474.1576,474.2796,474.3604,202.8566,1
474.2017,474.3605,474.4428,241.0594,1
474.2087,474.4428,474.5247,316.0404,1
474.3582,474.5247,474.6057,247.5440,1
474.3663,474.6057,474.6878,321.5638,1
474.4106,474.6879,474.7702,359.5436,1
474.4887,474.7702,474.8525,363.8793,1
474.8417,474.8526,474.9349,93.1535,1
474.9053,474.9349,475.0471,141.8026,1
474.9990,475.0472,475.1347,135.6663,1
475.2267,475.2271,475.2918,65.0967,1
475.2703,475.2919,475.3791,108.7972,1
475.3606,475.3791,475.4603,99.6891,1
475.4573,475.4603,475.5427,85.3983,1
475.5494,475.5495,475.6253,75.9533,1
475.7462,475.7466,475.8095,63.2319,1
475.8374,475.8377,475.9054,67.9633,1
476.0044,476.0048,476.0694,65.0499,1
476.0112,476.0695,476.1572,145.9796,1
476.1467,476.1572,476.2388,92.0827,1
476.3933,476.3937,476.4588,65.4767,1
476.6485,476.6490,476.7119,63.3387,1
476.7308,476.7311,476.8025,71.6346,1
476.7380,476.8025,476.8857,147.6498,1
476.7920,476.8857,476.9671,175.1479,1
476.8926,476.9671,477.0487,156.0975,1
476.9219,477.0487,477.1310,209.1110,1
477.1064,477.1310,477.2134,107.0251,1
477.1204,477.2134,477.2958,175.3177,1
477.2542,477.2958,477.3781,123.8823,1
477.3984,477.3986,477.4681,69.7160,1
477.4106,477.4681,477.5765,165.8918,1
477.7757,477.7762,477.8389,63.1955,1
477.8844,477.8847,477.9480,63.6437,1
477.9885,477.9887,478.0563,67.8604,1
478.0520,478.0564,478.1413,89.3356,1
478.2126,478.2128,478.2761,63.5073,1
478.5002,478.5006,478.5657,65.5090,1
478.6179,478.6182,478.6834,65.5724,1
478.8627,478.8632,478.9281,65.3722,1
478.8814,478.9281,479.0152,133.7776,1
479.3685,479.3690,479.4345,66.0167,1
479.3760,479.4345,479.5207,144.7659,1
479.4012,479.5207,479.6028,201.6245,1
479.4411,479.6028,479.6851,244.0061,1
479.5424,479.6851,479.7674,225.0533,1
479.8507,479.8512,479.9164,65.6927,1
479.9195,479.9197,480.0005,81.0508,1
479.9239,480.0006,480.0826,158.6869,1
480.0504,480.0826,480.1643,113.9499,1
480.3323,480.3327,480.3963,64.0060,1
480.4032,480.4035,480.4821,78.8673,1
480.4979,480.4981,480.5700,72.1641,1
480.6059,480.6061,480.6697,63.8631,1
480.6594,480.6697,480.7564,97.0028,1
480.8921,480.8925,480.9535,61.3616,1
480.9325,480.9535,481.0410,108.4919,1
481.0827,481.0830,481.1437,60.9581,1
481.1713,481.1716,481.2414,70.0598,1
481.2346,481.2414,481.3254,90.7675,1
481.2814,481.3254,481.4077,126.3368,1
481.3258,481.4077,481.4900,164.2488,1
481.3549,481.4900,481.5723,217.4345,1
481.4127,481.5724,481.6547,241.9857,1
481.4602,481.6547,481.7389,278.6665,1
481.8608,481.8614,481.9214,60.5421,1
482.1148,482.1152,482.1807,65.9216,1
482.2613,482.2615,482.3214,60.1856,1
482.4172,482.4174,482.4781,60.8722,1
482.8988,482.8995,482.9640,65.1580,1
483.4847,483.4854,483.5470,62.3567,1
483.4860,483.5471,483.6347,148.7128,1
483.6070,483.6347,483.7165,109.5976,1
483.7937,483.7941,483.8548,61.1356,1
483.8748,483.8751,483.9467,71.8565,1
484.0099,484.0103,484.0741,64.1380,1
484.0734,484.0741,484.1601,86.7511,1
484.3873,484.3878,484.4497,62.4766,1
484.4023,484.4498,484.5369,134.6157,1
484.4084,484.5369,484.6182,209.8506,1
484.4858,484.6182,484.7006,214.7950,1
484.4936,484.7006,484.7829,289.3124,1
484.5215,484.7829,484.8653,343.7801,1
484.5353,484.8653,484.9476,412.3230,1
484.7239,484.9477,485.0300,306.0748,1
484.8661,485.0300,485.1123,246.2410,1
484.9645,485.1123,485.1951,230.6613,1
485.3070,485.3075,485.3736,66.5866,1
485.3324,485.3736,485.4593,126.8737,1
485.4797,485.4801,485.5505,70.7862,1
485.8604,485.8609,485.9216,61.2056,1
485.8890,485.9216,486.0103,121.3123,1
485.9807,486.0103,486.0922,111.4913,1
486.0512,486.0923,486.1746,123.4399,1
486.2813,486.2817,486.3444,63.1760,1
486.3069,486.3445,486.4331,126.1879,1
486.5938,486.5943,486.6602,66.3976,1
486.6350,486.6602,486.7465,111.4897,1
486.8286,486.8289,486.8936,64.9761,1
487.4022,487.4028,487.4674,65.1414,1
487.4776,487.4778,487.5566,78.9572,1
487.5456,487.5566,487.6392,93.6327,1
487.5784,487.6392,487.7215,143.1530,1
487.6087,487.7215,487.8039,195.1666,1
487.6851,487.8039,487.8862,201.0691,1
487.7495,487.8862,487.9685,219.0391,1
488.0576,488.0581,488.1237,66.1247,1
488.1735,488.1738,488.2380,64.5114,1
488.2474,488.2476,488.3236,76.1756,1
488.4265,488.4269,488.4919,65.4582,1
488.4331,488.4920,488.5782,145.0823,1
488.4470,488.5782,488.6602,213.2449,1
488.6080,488.6602,488.7425,134.5726,1
488.6252,488.7426,488.8249,199.6305,1
488.6963,488.8249,488.9076,211.2855,1
488.7348,488.9076,488.9903,255.4802,1
488.7794,488.9903,489.0727,293.2350,1
488.8343,489.0727,489.1553,321.0000,1
488.8825,489.1554,489.2383,355.8483,1
488.9119,489.2384,489.3505,438.5979,1
488.9234,489.3505,489.4393,515.8237,1
489.1353,489.4393,489.5269,391.5760,1
489.1674,489.5269,489.6125,445.0697,1
489.2303,489.6125,489.6959,465.5732,1
489.2378,489.6959,489.7795,541.7518,1
489.6012,489.7795,489.8627,261.4906,1
489.6953,489.8627,489.9451,249.8561,1
489.9294,489.9451,490.0282,98.7891,1
489.9334,490.0282,490.1113,177.8897,1
490.2688,490.2693,490.3339,65.0944,1
490.3610,490.3613,490.4296,68.5898,1
490.4392,490.4394,490.5183,79.0805,1
490.5914,490.5918,490.6555,64.0545,1
490.6860,490.6861,490.7544,68.4017,1
490.7660,490.7662,490.8410,75.0029,1
490.8612,490.8614,490.9326,71.3491,1
490.9758,490.9760,491.0414,65.6872,1
491.0004,491.0415,491.1281,127.7402,1
491.1693,491.1697,491.2363,66.9742,1
491.1851,491.2363,491.3217,136.6182,1
491.2712,491.3217,491.4040,132.7679,1
491.6762,491.6769,491.7383,62.0227,1
492.0099,492.0104,492.0758,65.9445,1
492.2299,492.2302,492.2962,66.3630,1
492.2700,492.2963,492.3834,113.3552,1
492.5982,492.5987,492.6601,61.9098,1
493.1026,493.1033,493.1680,65.4660,1
493.4733,493.4737,493.5329,59.5895,1
493.5421,493.5423,493.6208,78.7160,1
493.7229,493.7231,493.7878,64.9392,1
493.7271,493.7878,493.8743,147.1208,1
494.0275,494.0280,494.0920,64.5669,1
494.0832,494.0920,494.1788,95.5664,1
494.1244,494.1788,494.2611,136.7230,1
494.4765,494.4770,494.5368,60.2682,1
494.5924,494.5927,494.6529,60.4777,1
494.7441,494.7444,494.8074,63.2536,1
494.7532,494.8074,494.8945,141.2456,1
494.8776,494.8945,494.9766,98.9779,1
494.9268,494.9766,495.0591,132.2884,1
495.1286,495.1290,495.1935,64.9101,1
495.1414,495.1935,495.2805,139.0995,1
495.1646,495.2805,495.3627,198.0615,1
495.1734,495.3627,495.4450,271.5434,1
495.1821,495.4450,495.5277,345.6517,1
495.2964,495.5278,495.6115,315.1127,1
495.4919,495.6115,495.6996,207.6937,1
495.6335,495.6996,495.7819,148.4355,1
495.6609,495.7819,495.8642,203.3803,1
495.6630,495.8643,495.9466,283.6425,1
495.7463,495.9466,496.0565,310.2330,1
495.7769,496.0566,496.1442,367.2429,1
495.7798,496.1442,496.2303,450.4967,1
495.9209,496.2303,496.3154,394.4558,1
496.3969,496.3976,496.4634,66.4731,1
496.4136,496.4634,496.5504,136.7566,1
496.9482,496.9489,497.0097,61.4979,1
497.0021,497.0097,497.0966,94.4768,1
497.1095,497.1098,497.1821,72.6309,1
497.2031,497.2034,497.2742,71.1311,1
497.2206,497.2743,497.3586,138.0032,1
497.2258,497.3586,497.4409,215.0850,1
497.4313,497.4409,497.5240,92.6745,1
497.7050,497.7054,497.7696,64.6073,1
497.9273,497.9277,497.9887,61.3729,1
498.0245,498.0248,498.0931,68.5638,1
498.3228,498.3233,498.3884,65.5922,1
498.3637,498.3884,498.4752,111.4968,1
498.3989,498.4752,498.5575,158.6757,1
498.4346,498.5575,498.6398,205.2028,1
498.7496,498.7501,498.8140,64.4186,1
498.8632,498.8634,498.9295,66.3065,1
498.9834,498.9838,499.0484,64.9420,1
499.4036,499.4042,499.4666,62.9590,1
500.2488,500.2498,500.3100,61.2455,1
500.7347,500.7354,500.7953,60.6836,1
501.2520,501.2527,501.3168,64.8789,1
501.8436,501.8443,501.9071,63.5449,1
502.3882,502.3889,502.4535,65.3651,1
503.2155,503.2166,503.2781,62.6035,1
503.4124,503.4126,503.4768,64.4495,1
503.7130,503.7135,503.7779,64.8836,1
504.1008,504.1013,504.2347,133.8734,1
504.2282,504.2347,504.4029,174.6953,1
504.2820,504.4030,504.5716,289.6190,1
504.5543,504.5716,504.7403,185.9218,1
504.5592,504.7403,504.9082,349.0092,1
505.0505,505.0512,505.1725,121.9934,1
505.2208,505.2211,505.3647,143.9008,1
505.2300,505.3647,505.5356,305.5840,1
505.3477,505.5356,505.7065,358.7459,1
506.2648,506.2660,506.3994,134.5829,1
506.3711,506.3995,506.5687,197.5474,1
507.2491,507.2501,507.3694,120.3699,1
507.4680,507.4685,507.5887,120.6901,1
507.5910,507.5913,507.7565,165.4850,1
508.0223,508.0228,508.1619,139.5828,1
508.4760,508.4765,508.6028,126.8005,1
508.4936,508.6028,508.7707,277.0101,1
509.0094,509.0100,509.1293,119.9025,1
509.0933,509.1293,509.2955,202.2142,1
509.1854,509.2955,509.4657,280.2832,1
509.5311,509.5316,509.6558,124.7173,1
509.6926,509.6929,509.8258,133.1443,1
510.6651,510.6663,510.7888,123.6678,1
510.7280,510.7888,510.9527,224.7113,1
511.0159,511.0164,511.1461,130.2198,1
511.4336,511.4341,511.5572,123.6193,1
511.6278,511.6281,511.7443,116.4304,1
511.8624,511.8627,511.9927,130.2831,1
512.0228,512.0230,512.1625,139.6324,1
512.3998,512.4003,512.4650,65.1967,1
512.7729,512.7734,512.8373,64.3644,1
512.9801,512.9804,513.0392,59.1182,1
513.2028,513.2031,513.2674,64.6737,1
513.2307,513.2675,513.3533,122.6189,1
513.2750,513.3533,513.4340,158.9592,1
514.1785,514.1797,514.2404,61.8241,1
514.4161,514.4165,514.4807,64.6346,1
514.9257,514.9264,514.9852,59.5790,1
515.0071,515.0074,515.0767,69.5767,1
515.2308,515.2312,515.2942,63.3372,1
515.5618,515.5623,515.6236,61.7544,1
515.6343,515.6346,515.7082,73.8624,1
515.8289,515.8293,515.8919,62.9542,1
515.9840,515.9844,516.0475,63.4759,1
516.2319,516.2324,516.2945,62.5119,1
516.5304,516.5309,516.5908,60.4443,1
517.0308,517.0315,517.0932,62.3915,1
517.3375,517.3380,517.4009,63.4338,1
517.5968,517.5973,517.6617,64.9130,1
517.8589,517.8593,517.9218,62.8611,1
518.0599,518.0603,518.1238,63.9057,1
518.1543,518.1546,518.2204,66.0665,1
518.2812,518.2815,518.3437,62.5673,1
518.3154,518.3438,518.4301,114.6992,1
518.8568,518.8576,519.0061,149.2813,1
519.0262,519.0265,519.1800,153.8028,1
519.0476,519.1800,519.3549,307.2529,1
519.3235,519.3549,519.5267,203.1920,1
519.5037,519.5267,519.7008,197.0512,1
519.9243,519.9248,520.0705,146.2100,1
520.4019,520.4024,520.5472,145.3668,1
520.4763,520.5473,520.7196,243.2078,1
520.4934,520.7196,520.8921,398.6766,1
520.7272,520.8921,521.0654,338.2857,1
520.8842,521.0655,521.2396,355.3656,1
521.0145,521.2396,521.4169,402.4012,1
521.3414,521.4169,521.5909,249.4755,1
521.3782,521.5909,521.7645,386.3431,1
521.4931,521.7645,521.9362,443.1899,1
521.9095,521.9363,522.1109,201.4338,1
522.0661,522.1110,522.2881,222.0308,1
522.0712,522.2882,522.4610,389.8111,1
522.0771,522.4610,522.6351,558.0358,1
522.6449,522.6457,522.7222,77.3049,1
522.9434,522.9439,523.0051,61.7564,1
523.1707,523.1712,523.2357,64.9839,1
523.7094,523.7101,523.7733,63.9625,1
524.3501,524.3509,524.4121,62.0292,1
524.4798,524.4802,524.5411,61.2063,1
524.4806,524.5411,524.6268,146.1609,1
524.6760,524.6764,524.7403,64.3733,1
524.8786,524.8790,525.0255,146.9257,1
525.0774,525.0778,525.2251,147.6964,1
525.2240,525.2251,525.3998,175.8299,1
526.6947,526.6964,526.8392,144.5161,1
527.2681,527.2688,527.4090,140.9137,1
527.4810,527.4814,527.6228,141.7683,1
527.4899,527.6228,527.7937,303.8222,1
528.7827,528.7842,528.9246,141.8377,1
528.8788,528.9246,529.0948,215.9162,1
530.4976,530.4994,530.6396,142.0234,1
530.5388,530.6396,530.8098,270.9754,1
530.5516,530.8098,530.9799,428.3438,1
532.0465,532.0483,532.1105,63.9874,1
532.3606,532.3611,532.4206,59.9152,1
532.5404,532.5408,532.6017,61.2324,1
532.6161,532.6164,532.6880,71.9050,1
532.7291,532.7294,532.7957,66.5885,1
533.4767,533.4777,533.5406,63.8756,1
533.9170,533.9176,533.9755,58.4916,1
534.4643,534.4650,534.5264,62.0689,1
534.7879,534.7885,534.8515,63.5924,1
535.0067,535.0071,535.0687,61.9980,1
535.2123,535.2127,535.2755,63.1761,1
535.3908,535.3911,535.4527,61.9115,1
535.7099,535.7104,535.7742,64.3551,1
536.0950,536.0956,536.1582,63.2384,1
536.6189,536.6196,536.6819,63.0237,1
537.0366,537.0371,537.0991,62.4698,1
537.0713,537.0991,537.1827,111.3868,1
537.1687,537.1827,537.2602,91.5700,1
537.1826,537.2602,537.3400,157.4068,1
537.7384,537.7392,537.7996,61.2219,1
537.7843,537.7997,537.8835,99.1442,1
537.7962,537.8835,537.9621,165.8812,1
538.2835,538.2845,538.3492,65.7061,1
538.3587,538.3589,538.4357,77.0153,1
538.4308,538.4357,538.5163,85.5513,1
539.4575,539.4587,539.5211,63.5890,1
539.5171,539.5211,539.6051,87.9927,1
539.6386,539.6389,539.7031,64.5519,1
539.7809,539.7813,539.8404,59.4093,1
539.9399,539.9403,540.0005,60.5534,1
539.9538,540.0005,540.0857,131.9255,1
540.2406,540.2411,540.3028,62.2517,1
541.4705,541.4719,541.5318,61.2817,1
541.5461,541.5463,541.6184,72.3780,1
541.6705,541.6707,541.7327,62.1764,1
542.2275,542.2282,542.2912,63.7479,1
542.2536,542.2912,542.3748,121.1889,1
542.3529,542.3748,542.4542,101.2836,1
542.6964,542.6969,542.7570,60.6580,1
542.7226,542.7570,542.8422,119.5668,1
543.6761,543.6773,543.7367,60.6065,1
543.7636,543.7638,543.8307,67.1687,1
544.1361,544.1367,544.1965,60.3685,1
544.9288,544.9298,544.9903,61.5146,1
545.0301,545.0304,545.0964,66.2281,1
545.1175,545.1178,545.1849,67.3729,1
545.2613,545.2616,545.3218,60.4627,1
545.3692,545.3693,545.4328,63.6036,1
545.6230,545.6235,545.7616,138.5804,1
545.6251,545.7616,545.9324,307.2993,1
546.6287,546.6299,546.7728,144.0839,1
547.4748,547.4758,547.6200,145.1883,1
547.8678,547.8684,548.0098,141.9492,1
548.8173,548.8184,548.9584,141.0917,1
548.9677,548.9680,549.1250,157.2472,1
549.0911,549.1250,549.2959,204.8214,1
549.1973,549.2960,549.4666,269.2841,1
549.3742,549.4666,549.6377,263.5281,1
549.4546,549.6378,549.7197,265.0999,1
550.1218,550.1227,550.1841,62.3090,1
550.9333,550.9343,550.9951,61.7910,1
550.9689,550.9951,551.0802,111.2882,1
551.3941,551.3946,551.4573,63.2358,1
551.5895,551.5898,551.6530,63.5040,1
551.7859,551.7862,551.8482,62.2380,1
551.8020,551.8482,551.9334,131.3565,1
552.4235,552.4243,552.4866,63.0385,1
552.6776,552.6780,552.7383,60.7758,1
552.9234,552.9239,552.9844,60.9523,1
553.7658,553.7667,553.8261,60.3357,1
553.7813,553.8261,553.9119,130.5284,1
553.9806,553.9811,554.0433,62.6982,1
554.1570,554.1572,554.2198,62.8692,1
554.1818,554.2199,554.3054,123.6145,1
554.4589,554.4594,554.5199,60.9929,1
554.9705,554.9712,555.0319,61.4288,1
555.0383,555.0384,555.1172,78.9646,1
555.2145,555.2148,555.2769,62.4175,1
555.3873,555.3876,555.4503,62.9679,1
555.7822,555.7827,555.8445,62.3334,1
555.9550,555.9554,556.0178,62.7489,1
556.4287,556.4293,556.4923,63.6414,1
556.8834,556.8840,556.9457,62.3890,1
556.9161,556.9458,557.0320,115.8856,1
557.1576,557.1580,557.2205,62.8759,1
557.9905,557.9914,558.0532,62.7373,1
558.3219,558.3224,558.3830,61.0181,1
558.4808,558.4810,558.5414,60.6479,1
558.5465,558.5467,558.6255,78.9172,1
558.6486,558.6487,558.7174,68.7911,1
558.9402,558.9406,559.0012,60.9895,1
559.1541,559.1544,559.2162,62.1431,1
559.7774,559.7782,559.8400,62.5222,1
560.1861,560.1866,560.2495,63.3774,1
560.4466,560.4470,560.5088,62.1432,1
560.5323,560.5325,560.5992,66.9031,1
560.6212,560.6213,560.6905,69.3643,1
560.8527,560.8530,560.9129,60.1383,1
560.8546,560.9129,560.9978,143.2822,1
561.0188,561.0191,561.0878,69.0345,1
561.2607,561.2611,561.3226,61.8793,1
561.5557,561.5562,561.6177,62.0220,1
562.5286,562.5298,562.5934,64.7839,1
562.5509,562.5934,562.6789,127.9676,1
562.8529,562.8534,562.9133,60.3998,1
562.9823,562.9827,563.0456,63.2326,1
563.0667,563.0670,563.1354,68.7154,1
563.3679,563.3684,563.4313,63.3638,1
563.3723,563.4313,563.5158,143.4897,1
563.4177,563.5158,563.5959,178.1929,1
563.4523,563.5959,563.6767,224.4189,1
563.5276,563.6767,563.7575,229.8508,1
563.7644,563.7648,563.8391,74.7364,1
563.9032,563.9036,563.9684,65.2159,1
564.2210,564.2214,564.3243,103.2508,1
564.8775,564.8782,564.9832,105.7187,1
564.9426,564.9832,565.1127,170.1913,1
564.9752,565.1128,565.2464,271.1915,1
565.1780,565.2464,565.3800,201.9552,1
565.3073,565.3800,565.5130,205.6783,1
565.5095,565.5130,565.6466,137.1016,1
565.5125,565.6466,565.8098,297.3118,1
565.7733,565.8099,565.9528,179.4521,1
566.0104,566.0108,566.1137,103.2827,1
566.1979,566.1983,566.3144,116.4747,1
566.4718,566.4722,566.6223,150.5155,1
566.9077,566.9083,567.0567,149.0024,1
567.0182,567.0567,567.2276,209.4669,1
567.1160,567.2277,567.3986,282.6421,1
567.2217,567.3986,567.5696,347.8972,1
567.3183,567.5696,567.7398,421.4436,1
567.3357,567.7398,567.9134,577.6850,1
567.8153,567.9134,568.0835,268.1993,1
567.9865,568.0835,568.2544,267.8933,1
568.4463,568.4469,568.5085,62.2483,1
568.4840,568.5085,568.5953,111.2776,1
568.7159,568.7163,568.7772,61.3018,1
568.7469,568.7773,568.8629,116.0478,1
568.7622,568.8630,568.9433,181.0825,1
568.8840,568.9433,569.0238,139.7388,1
568.9757,569.0238,569.1053,129.5600,1
568.9931,569.1053,569.1860,192.9898,1
569.2134,569.2138,569.2815,68.0653,1
569.4496,569.4501,569.5099,60.2764,1
570.4234,570.4246,570.4837,60.2765,1
570.5604,570.5607,570.6226,62.2282,1
570.9054,570.9060,570.9666,61.1835,1
571.0462,571.0466,571.1089,62.6498,1
571.1724,571.1728,571.2341,61.6412,1
571.2092,571.2341,571.3200,110.7822,1
571.2703,571.3200,571.4008,130.5268,1
571.2851,571.4008,571.4816,196.5053,1
571.8144,571.8150,571.8760,61.5800,1
572.1005,572.1008,572.1640,63.4877,1
573.0246,573.0256,573.0847,60.0996,1
573.0418,573.0847,573.1714,129.6184,1
573.1239,573.1714,573.2519,128.0344,1
573.1700,573.2519,573.3320,162.0383,1
573.2217,573.3320,573.4128,191.0708,1
573.4323,573.4326,573.5039,71.5485,1
573.7712,573.7717,573.8336,62.4494,1
574.1152,574.1157,574.1751,59.9153,1
574.2231,574.2234,574.2849,61.7828,1
575.0657,575.0667,575.1279,62.1785,1
575.1430,575.1433,575.2175,74.4924,1
575.3247,575.3251,575.3845,59.7728,1
575.4483,575.4487,575.5112,62.9480,1
575.9106,575.9112,575.9721,61.5756,1
576.0646,576.0650,576.1249,60.2514,1
576.0885,576.1249,576.2120,123.4428,1
576.3727,576.3733,576.4357,62.9949,1
576.3980,576.4358,576.5211,123.0397,1
577.4287,577.4300,577.4910,62.2837,1
577.6051,577.6054,577.6653,60.2167,1
577.6627,577.6653,577.7525,89.8445,1
578.7926,578.7939,578.8557,63.1655,1
578.9227,578.9230,578.9823,59.5803,1
579.1612,579.1616,579.2234,62.2434,1
579.2156,579.2235,579.3088,93.2438,1
579.2687,579.3089,579.3892,120.5557,1
579.5628,579.5633,579.6232,60.4434,1
579.9222,579.9226,579.9837,61.5650,1
579.9552,579.9838,580.0711,115.8374,1
580.0473,580.0711,580.1512,103.9821,1
580.1489,580.1513,580.2325,83.6203,1
580.3497,580.3500,580.4133,63.5792,1
580.5369,580.5372,580.6006,63.7145,1
580.7990,580.7993,580.8720,73.0498,1
581.3396,581.3402,581.4135,73.8848,1
582.0304,582.0312,582.1032,72.7730,1
582.4635,582.4640,582.5369,73.4160,1
582.6740,582.6743,582.7505,76.4478,1
582.7829,582.7831,582.8598,76.9360,1
583.4692,583.4700,583.5455,76.2144,1
583.7451,583.7455,583.8193,74.2120,1
584.7103,584.7113,584.7830,72.7278,1
584.8050,584.8052,584.8872,82.1310,1
585.0504,585.0507,585.1965,146.1446,1
585.1940,585.1966,585.3649,170.9004,1
585.6020,585.6026,585.7491,147.1782,1
585.9257,585.9263,586.0717,145.9421,1
585.9908,586.0717,586.2419,251.0800,1
586.2389,586.2419,586.4109,171.9932,1
586.4012,586.4109,586.5813,180.0719,1
586.5365,586.5813,586.7507,214.2407,1
586.6219,586.7507,586.9225,300.6222,1
587.9160,587.9174,587.9781,62.1275,1
588.2687,588.2692,588.3324,63.6978,1
589.2936,589.2947,589.3547,61.1129,1
589.9903,589.9911,590.0529,62.5439,1
590.1017,590.1018,590.1655,63.8112,1
590.8958,590.8967,590.9592,63.3919,1
591.0927,591.0930,591.1552,62.5147,1
591.9720,591.9730,592.0338,61.7375,1
592.0475,592.0476,592.1218,74.3857,1
592.6499,592.6506,592.7125,62.5210,1
592.7868,592.7870,592.8476,60.8161,1
592.8801,592.8802,592.9470,66.9465,1
592.9061,592.9470,593.0282,122.1412,1
593.6654,593.6664,593.7278,62.4137,1
593.8156,593.8159,593.8767,61.1301,1
593.9172,593.9174,593.9806,63.4431,1
594.1209,594.1213,594.1833,62.4383,1
594.1997,594.1999,594.2711,71.4250,1
594.9257,594.9267,594.9885,62.8174,1
594.9564,594.9886,595.0733,116.8851,1
594.9907,595.0733,595.1524,161.7444,1
595.0741,595.1524,595.2321,157.9190,1
595.1168,595.2321,595.3125,195.6229,1
595.1471,595.3125,595.3929,245.7930,1
596.5122,596.5138,596.5738,61.6060,1
596.5248,596.5738,596.6588,134.0244,1
597.0457,597.0464,597.1058,60.0700,1
597.0628,597.1058,597.1918,128.9999,1
597.0650,597.1918,597.2716,206.6561,1
597.4283,597.4290,597.4905,62.1484,1
597.6793,597.6797,597.7433,64.0490,1
597.7945,597.7948,597.8571,62.6374,1
597.9497,597.9500,598.0123,62.5389,1
598.4523,598.4529,598.5132,60.9314,1
598.6456,598.6459,598.7070,61.3971,1
598.6729,598.7070,598.7920,119.0611,1
598.8043,598.8047,598.8761,71.7500,1
598.8272,598.8761,598.9572,130.0050,1
599.1660,599.1665,599.2264,60.4085,1
599.1832,599.2264,599.3122,129.0440,1
599.4795,599.4800,599.5386,59.1273,1
599.6858,599.6862,599.8108,124.9754,1
