2026/10/02 12:18:27.014, 67.69, 1695, 150.00, 0, 60
2026/10/02 12:18:27.217, 67.74, 1695, 150.00, 0, 60
2026/10/02 12:18:27.418, 68.25, 1695, 150.00, 0, 60
2026/10/02 12:18:27.618, 67.55, 1695, 150.00, 0, 60
2026/10/02 12:18:27.819, 67.55, 1695, 150.00, 0, 60
2026/10/02 12:18:28.019, 67.55, 1695, 150.00, 0, 60
2026/10/02 12:18:28.219, 70.09, 1695, 150.00, 0, 60
2026/10/02 12:18:28.420, 70.22, 1695, 150.00, 3, 60
2026/10/02 12:18:28.621, 70.19, 1695, 150.00, 5, 60
2026/10/02 12:18:28.821, 69.99, 1260, 150.00, 0, 60
2026/10/02 12:18:29.022, 69.36, 1680, 150.00, 0, 60
2026/10/02 12:18:29.222, 66.93, 1695, 150.00, 0, 60
2026/10/02 12:18:29.423, 67.08, 1245, 150.00, 0, 60
2026/10/02 12:18:29.623, 66.78, 1680, 150.00, 0, 60
2026/10/02 12:18:29.824, 67.79, 1665, 150.00, 59, 60
2026/10/02 12:18:30.024, 75.82, 1500, 150.00, 0, 60
2026/10/02 12:18:30.225, 82.41, 1605, 150.00, 100, 62
2026/10/02 12:18:30.425, 82.32, 1680, 150.00, 0, 60
2026/10/02 12:18:30.626, 82.17, 1695, 150.00, 0, 60
2026/10/02 12:18:30.827, 95.97, 690, 150.00, 0, 60
2026/10/02 12:18:31.027, 95.39, 1680, 150.00, 24, 60
2026/10/02 12:18:31.228, 94.98, 765, 150.00, 0, 60
2026/10/02 12:18:31.428, 94.90, 1680, 150.00, 26, 60
2026/10/02 12:18:31.629, 94.92, 1680, 150.00, 0, 60
2026/10/02 12:18:31.829, 94.92, 1695, 150.00, 0, 60
2026/10/02 12:18:32.030, 80.75, 1695, 150.00, 0, 60
2026/10/02 12:18:32.231, 84.96, 1665, 150.00, 58, 61
2026/10/02 12:18:32.431, 70.85, 1680, 150.00, 0, 60
2026/10/02 12:18:32.632, 70.90, 1695, 150.00, 0, 60
2026/10/02 12:18:32.832, 93.93, 810, 150.00, 29, 61
2026/10/02 12:18:33.033, 93.38, 1680, 150.00, 9, 60
2026/10/02 12:18:33.233, 99.18, 1650, 150.00, 52, 61
2026/10/02 12:18:33.434, 115.85, 780, 150.00, 65, 62
2026/10/02 12:18:33.635, 123.86, 690, 150.00, 54, 61
2026/10/02 12:18:33.835, 121.82, 1590, 150.00, 26, 62
2026/10/02 12:18:34.036, 113.46, 1425, 150.00, 2, 61
2026/10/02 12:18:34.236, 102.65, 1680, 150.00, 0, 60
2026/10/02 12:18:34.437, 96.10, 1185, 150.00, 0, 60
2026/10/02 12:18:34.637, 88.64, 1680, 150.00, 0, 60
2026/10/02 12:18:34.838, 79.59, 1575, 150.00, 34, 61
2026/10/02 12:18:35.039, 80.54, 1680, 150.00, 0, 60
2026/10/02 12:18:35.239, 80.70, 1695, 150.00, 0, 60
2026/10/02 12:18:35.440, 91.80, 990, 150.00, 47, 60
2026/10/02 12:18:35.640, 108.04, 810, 150.00, 100, 62
2026/10/02 12:18:35.841, 109.84, 810, 150.00, 100, 62
2026/10/02 12:18:36.041, 110.50, 1260, 150.00, 58, 61
2026/10/02 12:18:36.242, 109.70, 960, 150.00, 60, 61
2026/10/02 12:18:36.443, 124.26, 600, 150.00, 36, 61
2026/10/02 12:18:36.643, 103.18, 1680, 150.00, 0, 61
2026/10/02 12:18:36.844, 87.25, 1680, 150.00, 0, 60
2026/10/02 12:18:37.045, 94.00, 1590, 150.00, 27, 62
2026/10/02 12:18:37.245, 94.43, 1680, 150.00, 0, 60
2026/10/02 12:18:37.446, 94.87, 1695, 150.00, 0, 60
2026/10/02 12:18:37.646, 94.87, 1080, 150.00, 24, 60
2026/10/02 12:18:37.847, 102.71, 1590, 150.00, 15, 62
2026/10/02 12:18:38.047, 87.69, 1680, 150.00, 0, 60
2026/10/02 12:18:38.248, 110.39, 885, 150.00, 87, 62
2026/10/02 12:18:38.449, 109.77, 1680, 150.00, 0, 61
2026/10/02 12:18:38.649, 120.33, 705, 150.00, 52, 60
2026/10/02 12:18:38.850, 110.19, 1620, 150.00, 22, 62
2026/10/02 12:18:39.051, 109.96, 1680, 150.00, 0, 61
2026/10/02 12:18:39.251, 98.36, 1680, 150.00, 5, 60
2026/10/02 12:18:39.452, 96.37, 1485, 150.00, 35, 62
2026/10/02 12:18:39.652, 96.36, 1680, 150.00, 0, 61
2026/10/02 12:18:39.853, 71.87, 1680, 150.00, 0, 61
2026/10/02 12:18:40.053, 73.21, 1680, 150.00, 0, 60
2026/10/02 12:18:40.254, 84.82, 1635, 150.00, 10, 62
2026/10/02 12:18:40.454, 85.05, 675, 150.00, 59, 60
2026/10/02 12:18:40.655, 96.61, 1635, 150.00, 9, 62
2026/10/02 12:18:40.856, 104.71, 1665, 150.00, 0, 62
2026/10/02 12:18:41.056, 108.70, 975, 150.00, 56, 60
2026/10/02 12:18:41.257, 96.35, 1680, 150.00, 0, 60
2026/10/02 12:18:41.457, 100.44, 675, 150.00, 65, 60
2026/10/02 12:18:41.658, 79.99, 1665, 150.00, 0, 61
2026/10/02 12:18:41.858, 75.11, 1680, 150.00, 5, 60
2026/10/02 12:18:42.059, 92.13, 795, 150.00, 100, 62
2026/10/02 12:18:42.260, 96.49, 1620, 150.00, 1, 62
2026/10/02 12:18:42.460, 110.60, 1065, 150.00, 24, 61
2026/10/02 12:18:42.661, 106.61, 1680, 150.00, 0, 61
2026/10/02 12:18:42.861, 106.71, 1275, 150.00, 58, 60
2026/10/02 12:18:43.062, 115.50, 810, 150.00, 99, 62
2026/10/02 12:18:43.262, 99.15, 1680, 150.00, 4, 61
2026/10/02 12:18:43.463, 114.60, 780, 150.00, 100, 62
2026/10/02 12:18:43.663, 115.25, 1020, 150.00, 23, 61
2026/10/02 12:18:43.864, 122.52, 1575, 150.00, 20, 63
2026/10/02 12:18:44.064, 110.42, 1680, 150.00, 0, 61
2026/10/02 12:18:44.265, 104.10, 1185, 150.00, 58, 61
2026/10/02 12:18:44.466, 98.39, 1680, 150.00, 5, 61
2026/10/02 12:18:44.666, 100.77, 1245, 150.00, 17, 61
2026/10/02 12:18:44.867, 77.65, 1680, 150.00, 3, 61
2026/10/02 12:18:45.067, 77.71, 705, 150.00, 59, 61
2026/10/02 12:18:45.268, 77.43, 1680, 150.00, 0, 61
2026/10/02 12:18:45.468, 76.73, 1695, 150.00, 0, 60
2026/10/02 12:18:45.669, 76.16, 1695, 150.00, 0, 60
2026/10/02 12:18:45.869, 79.05, 615, 150.00, 44, 60
2026/10/02 12:18:46.070, 88.15, 930, 150.00, 74, 62
2026/10/02 12:18:46.270, 87.58, 1680, 150.00, 0, 61
2026/10/02 12:18:46.471, 87.61, 1695, 150.00, 0, 60
2026/10/02 12:18:46.671, 108.56, 795, 150.00, 98, 62
2026/10/02 12:18:46.871, 108.19, 1680, 150.00, 0, 61
2026/10/02 12:18:47.072, 87.13, 1365, 150.00, 58, 61
2026/10/02 12:18:47.272, 86.93, 1680, 150.00, 0, 61
2026/10/02 12:18:47.473, 109.26, 825, 150.00, 100, 62
2026/10/02 12:18:47.674, 95.69, 1680, 150.00, 0, 61
2026/10/02 12:18:47.874, 96.64, 1530, 150.00, 44, 62
2026/10/02 12:18:48.075, 110.68, 660, 150.00, 37, 61
2026/10/02 12:18:48.275, 118.10, 1530, 150.00, 10, 61
2026/10/02 12:18:48.476, 102.28, 1680, 150.00, 0, 61
2026/10/02 12:18:48.676, 95.07, 1680, 150.00, 0, 60
2026/10/02 12:18:48.877, 87.81, 1665, 150.00, 0, 61
2026/10/02 12:18:49.078, 88.93, 1680, 150.00, 0, 60
2026/10/02 12:18:49.278, 75.50, 1695, 150.00, 0, 60
2026/10/02 12:18:49.479, 78.36, 1605, 150.00, 4, 61
2026/10/02 12:18:49.679, 78.40, 1680, 150.00, 0, 60
2026/10/02 12:18:49.880, 75.80, 1695, 150.00, 0, 60
2026/10/02 12:18:50.080, 76.04, 1695, 150.00, 0, 60
2026/10/02 12:18:50.281, 81.82, 1635, 150.00, 0, 61
2026/10/02 12:18:50.481, 72.25, 1680, 150.00, 0, 60
2026/10/02 12:18:50.681, 82.66, 720, 150.00, 54, 60
2026/10/02 12:18:50.882, 82.16, 1680, 150.00, 0, 60
2026/10/02 12:18:51.082, 89.10, 690, 150.00, 83, 60
2026/10/02 12:18:51.283, 81.97, 1680, 150.00, 0, 61
2026/10/02 12:18:51.484, 82.34, 1680, 150.00, 0, 60
2026/10/02 12:18:51.684, 82.37, 1695, 150.00, 0, 60
2026/10/02 12:18:51.885, 86.60, 1080, 150.00, 22, 60
2026/10/02 12:18:52.085, 85.55, 1680, 150.00, 0, 60
2026/10/02 12:18:52.286, 85.17, 1350, 150.00, 51, 62
2026/10/02 12:18:52.487, 94.84, 1650, 150.00, 6, 62
2026/10/02 12:18:52.687, 94.78, 1680, 150.00, 0, 60
2026/10/02 12:18:52.888, 107.84, 645, 150.00, 40, 60
2026/10/02 12:18:53.088, 104.46, 1200, 150.00, 71, 62
2026/10/02 12:18:53.289, 97.53, 1680, 150.00, 0, 61
2026/10/02 12:18:53.489, 95.83, 660, 150.00, 58, 61
2026/10/02 12:18:53.690, 95.98, 1680, 150.00, 0, 61
2026/10/02 12:18:53.890, 103.86, 1380, 150.00, 47, 62
2026/10/02 12:18:54.091, 83.02, 1680, 150.00, 0, 61
2026/10/02 12:18:54.291, 81.71, 1695, 150.00, 0, 60
2026/10/02 12:18:54.492, 88.38, 1500, 150.00, 48, 62
2026/10/02 12:18:54.692, 81.42, 1680, 150.00, 0, 60
2026/10/02 12:18:54.893, 77.40, 900, 150.00, 60, 60
2026/10/02 12:18:55.094, 85.31, 1350, 150.00, 51, 62
2026/10/02 12:18:55.294, 85.03, 1680, 150.00, 0, 61
2026/10/02 12:18:55.495, 77.17, 1680, 150.00, 0, 60
2026/10/02 12:18:55.695, 97.63, 750, 150.00, 79, 62
2026/10/02 12:18:55.896, 95.81, 1560, 150.00, 56, 61
2026/10/02 12:18:56.096, 82.98, 1680, 150.00, 0, 60
2026/10/02 12:18:56.297, 84.09, 1695, 150.00, 0, 60
2026/10/02 12:18:56.498, 84.26, 1695, 150.00, 0, 60
2026/10/02 12:18:56.698, 87.26, 1410, 150.00, 85, 61
2026/10/02 12:18:56.899, 86.70, 1170, 150.00, 58, 61
2026/10/02 12:18:57.099, 88.26, 1425, 150.00, 60, 61
2026/10/02 12:18:57.300, 102.07, 1650, 150.00, 25, 61
2026/10/02 12:18:57.500, 102.04, 1680, 150.00, 0, 60
2026/10/02 12:18:57.701, 91.61, 975, 150.00, 61, 62
2026/10/02 12:18:57.902, 88.08, 1680, 150.00, 0, 60
2026/10/02 12:18:58.102, 79.63, 1680, 150.00, 0, 60
2026/10/02 12:18:58.303, 69.37, 1305, 150.00, 58, 61
2026/10/02 12:18:58.503, 69.87, 1680, 150.00, 0, 60
2026/10/02 12:18:58.704, 69.79, 1695, 150.00, 0, 60
2026/10/02 12:18:58.905, 71.63, 1695, 150.00, 0, 60
2026/10/02 12:18:59.105, 71.75, 1695, 150.00, 0, 60
2026/10/02 12:18:59.306, 78.68, 810, 150.00, 96, 61
2026/10/02 12:18:59.506, 82.42, 1605, 150.00, 47, 61
2026/10/02 12:18:59.707, 82.41, 1110, 150.00, 1, 61
2026/10/02 12:18:59.907, 81.27, 1680, 150.00, 0, 60
2026/10/02 12:19:00.108, 95.46, 1290, 150.00, 31, 62
2026/10/02 12:19:00.308, 100.88, 1275, 150.00, 58, 62
2026/10/02 12:19:00.509, 94.97, 1335, 150.00, 41, 61
2026/10/02 12:19:00.709, 111.21, 810, 150.00, 100, 63
2026/10/02 12:19:00.910, 121.33, 1470, 150.00, 79, 62
2026/10/02 12:19:01.110, 107.20, 1440, 150.00, 59, 61
2026/10/02 12:19:01.311, 120.60, 855, 150.00, 46, 62
2026/10/02 12:19:01.512, 114.99, 1380, 150.00, 88, 62
2026/10/02 12:19:01.712, 118.25, 1665, 150.00, 7, 61
2026/10/02 12:19:01.913, 102.39, 1680, 150.00, 0, 61
2026/10/02 12:19:02.113, 101.61, 1245, 150.00, 0, 61
2026/10/02 12:19:02.314, 99.31, 1575, 150.00, 54, 61
2026/10/02 12:19:02.514, 78.48, 1680, 150.00, 0, 60
2026/10/02 12:19:02.715, 65.05, 1695, 150.00, 0, 60
2026/10/02 12:19:02.915, 71.01, 1275, 150.00, 57, 61
2026/10/02 12:19:03.116, 69.67, 1560, 150.00, 57, 61
2026/10/02 12:19:03.316, 96.55, 720, 150.00, 40, 62
2026/10/02 12:19:03.517, 96.75, 1680, 150.00, 0, 61
2026/10/02 12:19:03.717, 96.74, 1680, 150.00, 0, 60
2026/10/02 12:19:03.918, 96.75, 1695, 150.00, 0, 60
2026/10/02 12:19:04.119, 91.61, 1695, 150.00, 0, 60
2026/10/02 12:19:04.319, 93.75, 660, 150.00, 40, 61
2026/10/02 12:19:04.520, 101.26, 795, 150.00, 100, 62
2026/10/02 12:19:04.720, 108.77, 1680, 150.00, 0, 61
2026/10/02 12:19:04.921, 118.27, 1665, 150.00, 3, 61
2026/10/02 12:19:05.121, 119.12, 1425, 150.00, 58, 61
2026/10/02 12:19:05.322, 131.73, 825, 150.00, 43, 62
2026/10/02 12:19:05.522, 119.74, 630, 150.00, 32, 62
2026/10/02 12:19:05.723, 117.68, 630, 150.00, 24, 62
2026/10/02 12:19:05.924, 107.10, 1680, 150.00, 0, 60
2026/10/02 12:19:06.124, 111.00, 1680, 150.00, 0, 61
2026/10/02 12:19:06.325, 120.71, 720, 150.00, 53, 62
2026/10/02 12:19:06.525, 119.67, 1185, 150.00, 61, 62
2026/10/02 12:19:06.726, 105.04, 1680, 150.00, 0, 61
2026/10/02 12:19:06.926, 90.57, 1560, 150.00, 58, 61
2026/10/02 12:19:07.127, 86.72, 1680, 150.00, 0, 60
2026/10/02 12:19:07.327, 87.28, 1470, 150.00, 59, 61
2026/10/02 12:19:07.528, 73.58, 1680, 150.00, 0, 60
2026/10/02 12:19:07.728, 67.99, 1680, 150.00, 0, 60
2026/10/02 12:19:07.929, 81.53, 1650, 150.00, 20, 61
2026/10/02 12:19:08.129, 82.59, 1680, 150.00, 0, 60
2026/10/02 12:19:08.330, 82.58, 1695, 150.00, 0, 60
2026/10/02 12:19:08.530, 82.57, 1695, 150.00, 0, 60
2026/10/02 12:19:08.731, 93.02, 660, 150.00, 20, 61
2026/10/02 12:19:08.931, 78.14, 1680, 150.00, 0, 60
2026/10/02 12:19:09.132, 78.78, 1680, 150.00, 0, 60
2026/10/02 12:19:09.333, 78.83, 1695, 150.00, 0, 60
2026/10/02 12:19:09.533, 93.35, 630, 150.00, 33, 61
2026/10/02 12:19:09.734, 93.01, 1455, 150.00, 58, 61
2026/10/02 12:19:09.934, 80.84, 1365, 150.00, 0, 60
2026/10/02 12:19:10.135, 80.00, 1680, 150.00, 0, 60
2026/10/02 12:19:10.336, 79.99, 1680, 150.00, 0, 60
2026/10/02 12:19:10.536, 91.58, 1665, 150.00, 11, 60
2026/10/02 12:19:10.737, 80.53, 1590, 150.00, 51, 60
2026/10/02 12:19:10.937, 86.18, 1575, 150.00, 61, 61
2026/10/02 12:19:11.138, 86.86, 1680, 150.00, 0, 60
2026/10/02 12:19:11.338, 99.06, 1665, 150.00, 13, 60
2026/10/02 12:19:11.539, 86.86, 1680, 150.00, 0, 60
2026/10/02 12:19:11.740, 83.60, 1695, 150.00, 0, 60
2026/10/02 12:19:11.940, 78.57, 1095, 150.00, 4, 61
2026/10/02 12:19:12.141, 78.31, 1680, 150.00, 0, 60
2026/10/02 12:19:12.341, 80.09, 1635, 150.00, 32, 60
2026/10/02 12:19:12.542, 79.49, 1575, 150.00, 55, 60
2026/10/02 12:19:12.743, 79.39, 1680, 150.00, 0, 60
2026/10/02 12:19:12.943, 90.81, 1680, 150.00, 17, 60
2026/10/02 12:19:13.144, 91.88, 1695, 150.00, 0, 60
2026/10/02 12:19:13.345, 92.37, 600, 150.00, 0, 61
2026/10/02 12:19:13.545, 92.56, 1680, 150.00, 30, 60
2026/10/02 12:19:13.746, 92.61, 1680, 150.00, 0, 60
2026/10/02 12:19:13.946, 80.51, 1695, 150.00, 0, 59
2026/10/02 12:19:14.147, 80.56, 1380, 150.00, 0, 59
2026/10/02 12:19:14.348, 95.58, 795, 150.00, 94, 62
2026/10/02 12:19:14.548, 82.57, 1080, 150.00, 26, 62
2026/10/02 12:19:14.749, 89.68, 1605, 150.00, 93, 61
2026/10/02 12:19:14.950, 89.64, 1680, 150.00, 0, 60
2026/10/02 12:19:15.150, 89.64, 1695, 150.00, 0, 60
2026/10/02 12:19:15.351, 94.67, 915, 150.00, 0, 61
2026/10/02 12:19:15.551, 86.62, 1680, 150.00, 10, 60
2026/10/02 12:19:15.752, 77.01, 1695, 150.00, 0, 60
2026/10/02 12:19:15.952, 90.28, 900, 150.00, 0, 61
2026/10/02 12:19:16.153, 89.64, 1680, 150.00, 10, 60
2026/10/02 12:19:16.354, 97.32, 1395, 150.00, 59, 61
2026/10/02 12:19:16.554, 85.11, 1680, 150.00, 57, 60
2026/10/02 12:19:16.755, 88.08, 1035, 150.00, 0, 61
2026/10/02 12:19:16.955, 86.91, 1065, 150.00, 51, 61
2026/10/02 12:19:17.156, 84.28, 1050, 150.00, 56, 62
2026/10/02 12:19:17.356, 75.67, 1680, 150.00, 5, 60
2026/10/02 12:19:17.557, 76.79, 1695, 150.00, 0, 60
2026/10/02 12:19:17.757, 79.14, 1590, 150.00, 6, 60
2026/10/02 12:19:17.958, 77.16, 1680, 150.00, 0, 60
2026/10/02 12:19:18.159, 81.11, 1380, 150.00, 0, 60
2026/10/02 12:19:18.359, 71.16, 1680, 150.00, 0, 60
2026/10/02 12:19:18.560, 83.14, 930, 150.00, 0, 61
2026/10/02 12:19:18.760, 94.41, 630, 150.00, 8, 61
2026/10/02 12:19:18.961, 94.57, 1665, 150.00, 32, 60
2026/10/02 12:19:19.161, 100.40, 1605, 150.00, 90, 61
2026/10/02 12:19:19.362, 111.90, 1635, 150.00, 28, 60
2026/10/02 12:19:19.562, 112.26, 1455, 150.00, 0, 61
2026/10/02 12:19:19.763, 100.65, 1410, 150.00, 0, 60
2026/10/02 12:19:19.964, 105.22, 735, 150.00, 77, 62
2026/10/02 12:19:20.164, 97.47, 1680, 150.00, 44, 60
2026/10/02 12:19:20.365, 94.15, 1620, 150.00, 18, 60
2026/10/02 12:19:20.565, 95.03, 1680, 150.00, 0, 60
2026/10/02 12:19:20.766, 94.93, 1695, 150.00, 0, 60
2026/10/02 12:19:20.966, 87.25, 1695, 150.00, 0, 59
2026/10/02 12:19:21.167, 78.68, 1680, 150.00, 59, 60
2026/10/02 12:19:21.367, 67.02, 1680, 150.00, 0, 60
2026/10/02 12:19:21.568, 83.83, 690, 150.00, 57, 62
2026/10/02 12:19:21.768, 83.15, 1680, 150.00, 19, 60
2026/10/02 12:19:21.969, 83.04, 1695, 150.00, 0, 60
2026/10/02 12:19:22.169, 85.97, 960, 150.00, 58, 61
2026/10/02 12:19:22.370, 85.08, 1680, 150.00, 50, 60
2026/10/02 12:19:22.571, 82.38, 1680, 150.00, 0, 60
2026/10/02 12:19:22.771, 71.62, 1680, 150.00, 57, 60
2026/10/02 12:19:22.972, 81.66, 810, 150.00, 57, 62
2026/10/02 12:19:23.172, 80.82, 1680, 150.00, 51, 60
2026/10/02 12:19:23.373, 78.03, 1440, 150.00, 0, 61
2026/10/02 12:19:23.573, 77.86, 1680, 150.00, 0, 60
2026/10/02 12:19:23.774, 80.37, 1320, 150.00, 0, 61
2026/10/02 12:19:23.975, 77.79, 1680, 150.00, 0, 60
2026/10/02 12:19:24.175, 81.69, 1605, 150.00, 17, 60
2026/10/02 12:19:24.376, 90.56, 810, 150.00, 5, 61
2026/10/02 12:19:24.576, 89.03, 1680, 150.00, 36, 60
2026/10/02 12:19:24.777, 89.07, 1680, 150.00, 0, 60
2026/10/02 12:19:24.977, 88.62, 1335, 150.00, 0, 61
2026/10/02 12:19:25.178, 101.21, 675, 150.00, 26, 62
2026/10/02 12:19:25.378, 99.51, 1680, 150.00, 44, 60
2026/10/02 12:19:25.579, 93.19, 1680, 150.00, 0, 60
2026/10/02 12:19:25.779, 93.33, 1695, 150.00, 0, 60
2026/10/02 12:19:25.980, 93.32, 1695, 150.00, 0, 59
2026/10/02 12:19:26.180, 75.74, 1695, 150.00, 0, 59
2026/10/02 12:19:26.381, 80.87, 765, 150.00, 0, 61
2026/10/02 12:19:26.582, 81.59, 1680, 150.00, 78, 60
2026/10/02 12:19:26.782, 83.21, 1680, 150.00, 57, 60
2026/10/02 12:19:26.983, 83.14, 1680, 150.00, 0, 60
2026/10/02 12:19:27.183, 83.13, 1695, 150.00, 0, 59
2026/10/02 12:19:27.384, 72.41, 1560, 150.00, 1, 60
2026/10/02 12:19:27.584, 80.04, 750, 150.00, 6, 61
2026/10/02 12:19:27.785, 93.67, 1260, 150.00, 100, 61
2026/10/02 12:19:27.985, 93.58, 1680, 150.00, 0, 60
2026/10/02 12:19:28.186, 97.96, 1680, 150.00, 58, 60
2026/10/02 12:19:28.386, 110.29, 1410, 150.00, 55, 61
2026/10/02 12:19:28.587, 109.01, 1680, 150.00, 0, 60
2026/10/02 12:19:28.788, 90.58, 1695, 150.00, 0, 60
2026/10/02 12:19:28.988, 83.10, 1695, 150.00, 0, 59
2026/10/02 12:19:29.189, 90.67, 1665, 150.00, 42, 60
2026/10/02 12:19:29.389, 80.98, 1680, 150.00, 0, 60
2026/10/02 12:19:29.590, 83.50, 1020, 150.00, 0, 61
2026/10/02 12:19:29.790, 82.28, 1680, 150.00, 48, 60
2026/10/02 12:19:29.991, 82.27, 1680, 150.00, 0, 59
2026/10/02 12:19:30.192, 69.49, 1695, 150.00, 0, 59
2026/10/02 12:19:30.392, 71.58, 1440, 150.00, 0, 60
2026/10/02 12:19:30.593, 72.08, 1440, 150.00, 0, 60
2026/10/02 12:19:30.793, 85.17, 630, 150.00, 59, 61
2026/10/02 12:19:30.994, 96.83, 1380, 150.00, 100, 61
2026/10/02 12:19:31.195, 107.88, 720, 150.00, 0, 61
2026/10/02 12:19:31.395, 106.73, 1680, 150.00, 42, 60
2026/10/02 12:19:31.596, 105.53, 1680, 150.00, 0, 60
2026/10/02 12:19:31.796, 104.78, 1395, 150.00, 0, 60
2026/10/02 12:19:31.997, 81.92, 1680, 150.00, 0, 60
2026/10/02 12:19:32.197, 78.52, 1695, 150.00, 0, 59
2026/10/02 12:19:32.398, 68.32, 1695, 150.00, 0, 59
2026/10/02 12:19:32.598, 83.22, 810, 150.00, 76, 61
2026/10/02 12:19:32.799, 94.53, 660, 150.00, 44, 62
2026/10/02 12:19:32.999, 100.35, 1680, 150.00, 98, 60
2026/10/02 12:19:33.200, 116.59, 960, 150.00, 27, 61
2026/10/02 12:19:33.400, 115.49, 1680, 150.00, 53, 60
2026/10/02 12:19:33.601, 108.46, 1110, 150.00, 0, 61
2026/10/02 12:19:33.801, 100.84, 1680, 150.00, 61, 60
2026/10/02 12:19:34.002, 95.54, 645, 150.00, 0, 61
2026/10/02 12:19:34.202, 80.17, 1680, 150.00, 32, 60
2026/10/02 12:19:34.403, 79.72, 1680, 150.00, 0, 59
2026/10/02 12:19:34.604, 103.25, 975, 150.00, 29, 61
2026/10/02 12:19:34.804, 115.68, 870, 150.00, 13, 61
2026/10/02 12:19:35.005, 125.38, 1065, 150.00, 11, 61
2026/10/02 12:19:35.205, 115.20, 1305, 150.00, 4, 61
2026/10/02 12:19:35.405, 114.88, 1680, 150.00, 0, 60
2026/10/02 12:19:35.606, 99.31, 1620, 150.00, 0, 60
2026/10/02 12:19:35.807, 91.37, 1680, 150.00, 58, 60
2026/10/02 12:19:36.007, 93.25, 615, 150.00, 0, 61
2026/10/02 12:19:36.208, 82.57, 1680, 150.00, 39, 60
2026/10/02 12:19:36.408, 92.74, 660, 150.00, 0, 61
2026/10/02 12:19:36.609, 92.00, 1680, 150.00, 22, 60
2026/10/02 12:19:36.809, 112.60, 780, 150.00, 17, 61
2026/10/02 12:19:37.010, 112.05, 1680, 150.00, 25, 60
2026/10/02 12:19:37.211, 119.97, 675, 150.00, 59, 61
2026/10/02 12:19:37.411, 129.37, 690, 150.00, 38, 61
2026/10/02 12:19:37.612, 114.68, 1680, 150.00, 45, 60
2026/10/02 12:19:37.812, 103.31, 1680, 150.00, 0, 59
2026/10/02 12:19:38.013, 95.23, 1695, 150.00, 0, 59
2026/10/02 12:19:38.213, 87.33, 1695, 150.00, 0, 59
2026/10/02 12:19:38.414, 75.75, 1695, 150.00, 0, 59
2026/10/02 12:19:38.615, 75.75, 1695, 150.00, 0, 59
2026/10/02 12:19:38.815, 75.75, 1695, 150.00, 0, 59
2026/10/02 12:19:39.016, 114.15, 1260, 150.00, 0, 59
2026/10/02 12:19:39.216, 115.82, 1605, 150.00, 100, 60
2026/10/02 12:19:39.417, 133.39, 1095, 150.00, 14, 61
2026/10/02 12:19:39.617, 127.13, 1680, 150.00, 27, 60
2026/10/02 12:19:39.818, 118.41, 1695, 150.00, 0, 59
2026/10/02 12:19:40.019, 113.12, 630, 150.00, 0, 60
2026/10/02 12:19:40.219, 99.81, 1020, 150.00, 100, 61
2026/10/02 12:19:40.420, 89.88, 1680, 150.00, 11, 60
2026/10/02 12:19:40.620, 82.70, 1695, 150.00, 0, 59
2026/10/02 12:19:40.821, 97.78, 945, 150.00, 0, 61
2026/10/02 12:19:41.021, 106.85, 1680, 150.00, 76, 60
2026/10/02 12:19:41.222, 97.93, 1380, 150.00, 0, 59
2026/10/02 12:19:41.423, 94.90, 1560, 150.00, 58, 60
2026/10/02 12:19:41.623, 104.13, 1680, 150.00, 55, 60
2026/10/02 12:19:41.824, 116.74, 1665, 150.00, 40, 60
2026/10/02 12:19:42.025, 91.99, 1680, 150.00, 0, 59
2026/10/02 12:19:42.225, 92.61, 1695, 150.00, 0, 59
2026/10/02 12:19:42.426, 101.07, 1650, 150.00, 18, 60
2026/10/02 12:19:42.626, 89.62, 795, 150.00, 0, 60
2026/10/02 12:19:42.827, 75.19, 1620, 150.00, 58, 60
2026/10/02 12:19:43.027, 75.76, 1680, 150.00, 0, 59
2026/10/02 12:19:43.228, 75.77, 1695, 150.00, 0, 59
2026/10/02 12:19:43.428, 66.57, 600, 150.00, 0, 60
2026/10/02 12:19:43.629, 66.50, 1680, 150.00, 50, 59
2026/10/02 12:19:43.829, 81.31, 675, 150.00, 34, 61
2026/10/02 12:19:44.030, 95.51, 1065, 150.00, 58, 61
2026/10/02 12:19:44.230, 94.73, 1680, 150.00, 23, 60
2026/10/02 12:19:44.431, 120.04, 885, 150.00, 51, 61
2026/10/02 12:19:44.632, 117.21, 1680, 150.00, 31, 60
2026/10/02 12:19:44.832, 102.47, 1695, 150.00, 0, 59
2026/10/02 12:19:45.033, 104.14, 1695, 150.00, 0, 59
2026/10/02 12:19:45.233, 90.83, 1695, 150.00, 0, 59
2026/10/02 12:19:45.434, 84.20, 1500, 150.00, 0, 60
2026/10/02 12:19:45.634, 70.48, 1680, 150.00, 0, 59
2026/10/02 12:19:45.835, 70.48, 660, 150.00, 0, 59
2026/10/02 12:19:46.035, 69.41, 960, 150.00, 58, 59
2026/10/02 12:19:46.236, 78.34, 660, 150.00, 56, 61
2026/10/02 12:19:46.436, 77.16, 1680, 150.00, 45, 60
2026/10/02 12:19:46.637, 73.00, 1680, 150.00, 0, 59
2026/10/02 12:19:46.837, 73.09, 1695, 150.00, 0, 59
2026/10/02 12:19:47.038, 73.99, 1695, 150.00, 0, 59
2026/10/02 12:19:47.238, 84.94, 1650, 150.00, 16, 59
2026/10/02 12:19:47.439, 76.63, 1680, 150.00, 0, 59
2026/10/02 12:19:47.640, 89.02, 1680, 150.00, 44, 59
2026/10/02 12:19:47.840, 102.61, 1185, 150.00, 0, 61
2026/10/02 12:19:48.040, 111.81, 1425, 150.00, 18, 60
2026/10/02 12:19:48.241, 99.05, 1620, 150.00, 2, 60
2026/10/02 12:19:48.442, 104.32, 1500, 150.00, 0, 60
2026/10/02 12:19:48.642, 101.47, 1185, 150.00, 17, 60
2026/10/02 12:19:48.843, 105.68, 1530, 150.00, 58, 61
2026/10/02 12:19:49.043, 92.48, 645, 150.00, 0, 60
2026/10/02 12:19:49.244, 94.25, 1260, 150.00, 54, 61
2026/10/02 12:19:49.444, 114.93, 810, 150.00, 52, 62
2026/10/02 12:19:49.645, 101.70, 1680, 150.00, 84, 60
2026/10/02 12:19:49.846, 101.59, 1680, 150.00, 0, 59
2026/10/02 12:19:50.046, 106.07, 1680, 150.00, 58, 60
2026/10/02 12:19:50.247, 107.20, 1590, 150.00, 0, 60
2026/10/02 12:19:50.447, 90.04, 1650, 150.00, 11, 60
2026/10/02 12:19:50.648, 79.33, 1680, 150.00, 0, 59
2026/10/02 12:19:50.848, 101.76, 1275, 150.00, 25, 61
2026/10/02 12:19:51.049, 106.28, 1680, 150.00, 0, 60
2026/10/02 12:19:51.250, 133.24, 1095, 150.00, 61, 62
2026/10/02 12:19:51.450, 128.08, 1545, 150.00, 59, 61
2026/10/02 12:19:51.651, 134.66, 810, 150.00, 89, 61
2026/10/02 12:19:51.852, 128.32, 855, 150.00, 100, 62
2026/10/02 12:19:52.052, 119.37, 1680, 150.00, 0, 60
2026/10/02 12:19:52.253, 119.76, 900, 150.00, 28, 61
2026/10/02 12:19:52.454, 107.59, 630, 150.00, 0, 61
2026/10/02 12:19:52.654, 112.65, 660, 150.00, 11, 61
2026/10/02 12:19:52.855, 113.20, 1410, 150.00, 100, 62
2026/10/02 12:19:53.055, 124.92, 825, 150.00, 100, 62
2026/10/02 12:19:53.256, 140.82, 795, 150.00, 100, 62
2026/10/02 12:19:53.457, 125.47, 1425, 150.00, 0, 60
2026/10/02 12:19:53.657, 128.93, 645, 150.00, 0, 62
2026/10/02 12:19:53.858, 128.72, 1245, 150.00, 100, 62
2026/10/02 12:19:54.059, 106.11, 1680, 150.00, 0, 60
2026/10/02 12:19:54.259, 104.68, 750, 150.00, 24, 62
2026/10/02 12:19:54.460, 119.52, 1020, 150.00, 46, 62
2026/10/02 12:19:54.661, 122.66, 810, 150.00, 88, 62
2026/10/02 12:19:54.861, 122.32, 810, 150.00, 99, 62
2026/10/02 12:19:55.062, 130.88, 810, 150.00, 100, 63
2026/10/02 12:19:55.262, 146.55, 795, 150.00, 100, 63
2026/10/02 12:19:55.463, 138.09, 840, 150.00, 96, 62
2026/10/02 12:19:55.663, 131.48, 825, 150.00, 99, 63
2026/10/02 12:19:55.864, 141.01, 1230, 150.00, 100, 63
2026/10/02 12:19:56.064, 137.21, 1275, 150.00, 47, 62
2026/10/02 12:19:56.265, 145.38, 780, 150.00, 70, 63
2026/10/02 12:19:56.465, 145.29, 795, 150.00, 100, 63
2026/10/02 12:19:56.666, 154.45, 795, 150.00, 100, 63
2026/10/02 12:19:56.867, 157.37, 750, 150.00, 100, 63
2026/10/02 12:19:57.067, 165.47, 645, 150.00, 100, 63
2026/10/02 12:19:57.268, 155.40, 780, 150.00, 100, 63
2026/10/02 12:19:57.468, 142.83, 1635, 150.00, 59, 62
2026/10/02 12:19:57.669, 153.36, 705, 150.00, 42, 63
2026/10/02 12:19:57.869, 152.89, 795, 150.00, 80, 63
2026/10/02 12:19:58.070, 152.93, 1035, 150.00, 100, 64
2026/10/02 12:19:58.270, 137.18, 1680, 150.00, 0, 62
2026/10/02 12:19:58.471, 132.81, 1395, 150.00, 55, 62
2026/10/02 12:19:58.671, 135.14, 915, 150.00, 100, 63
2026/10/02 12:19:58.872, 129.15, 795, 150.00, 100, 63
2026/10/02 12:19:59.073, 124.52, 1275, 150.00, 48, 63
2026/10/02 12:19:59.273, 127.21, 930, 150.00, 43, 62
2026/10/02 12:19:59.474, 132.99, 1635, 150.00, 54, 62
2026/10/02 12:19:59.674, 123.74, 810, 150.00, 98, 63
2026/10/02 12:19:59.875, 115.74, 1680, 150.00, 21, 62
2026/10/02 12:20:00.075, 108.66, 1680, 150.00, 0, 61
2026/10/02 12:20:00.276, 100.14, 1665, 150.00, 32, 62
2026/10/02 12:20:00.476, 108.19, 1170, 150.00, 39, 63
2026/10/02 12:20:00.677, 128.05, 795, 150.00, 100, 63
2026/10/02 12:20:00.878, 114.09, 1590, 150.00, 62, 62
2026/10/02 12:20:01.078, 135.37, 855, 150.00, 100, 63
2026/10/02 12:20:01.279, 127.42, 1635, 150.00, 61, 63
2026/10/02 12:20:01.479, 136.72, 1575, 150.00, 77, 63
2026/10/02 12:20:01.680, 111.91, 1680, 150.00, 0, 62
2026/10/02 12:20:01.880, 103.39, 1695, 150.00, 0, 61
2026/10/02 12:20:02.081, 104.94, 705, 150.00, 33, 63
2026/10/02 12:20:02.282, 110.07, 735, 150.00, 30, 63
2026/10/02 12:20:02.482, 102.27, 975, 150.00, 0, 62
2026/10/02 12:20:02.683, 119.14, 720, 150.00, 76, 64
2026/10/02 12:20:02.883, 135.36, 795, 150.00, 100, 64
2026/10/02 12:20:03.084, 136.30, 1605, 150.00, 63, 63
2026/10/02 12:20:03.284, 120.16, 1680, 150.00, 0, 62
2026/10/02 12:20:03.485, 117.36, 1410, 150.00, 58, 63
2026/10/02 12:20:03.685, 110.13, 1680, 150.00, 0, 62
2026/10/02 12:20:03.886, 102.64, 1680, 150.00, 11, 62
2026/10/02 12:20:04.087, 104.93, 1680, 150.00, 10, 62
2026/10/02 12:20:04.287, 115.22, 795, 150.00, 100, 64
2026/10/02 12:20:04.488, 131.20, 795, 150.00, 100, 64
2026/10/02 12:20:04.688, 138.18, 795, 150.00, 100, 64
2026/10/02 12:20:04.889, 141.63, 705, 150.00, 100, 64
2026/10/02 12:20:05.089, 142.50, 750, 150.00, 100, 64
2026/10/02 12:20:05.290, 141.56, 1635, 150.00, 56, 63
2026/10/02 12:20:05.491, 141.17, 810, 150.00, 61, 64
2026/10/02 12:20:05.691, 142.01, 675, 150.00, 29, 64
2026/10/02 12:20:05.892, 141.47, 825, 150.00, 79, 64
2026/10/02 12:20:06.093, 144.49, 705, 150.00, 35, 64
2026/10/02 12:20:06.293, 144.92, 795, 150.00, 100, 64
2026/10/02 12:20:06.494, 154.38, 780, 150.00, 100, 65
2026/10/02 12:20:06.694, 159.66, 780, 150.00, 100, 65
2026/10/02 12:20:06.895, 152.44, 540, 150.00, 100, 65
2026/10/02 12:20:07.095, 157.43, 765, 150.00, 100, 65
2026/10/02 12:20:07.296, 151.08, 780, 150.00, 100, 65
2026/10/02 12:20:07.497, 151.02, 795, 150.00, 100, 65
2026/10/02 12:20:07.697, 150.78, 780, 150.00, 100, 65
2026/10/02 12:20:07.898, 141.52, 795, 150.00, 74, 65
2026/10/02 12:20:08.098, 134.48, 1650, 150.00, 50, 64
2026/10/02 12:20:08.299, 132.57, 795, 150.00, 100, 65
2026/10/02 12:20:08.499, 129.43, 585, 150.00, 21, 65
2026/10/02 12:20:08.700, 113.58, 1620, 150.00, 56, 64
2026/10/02 12:20:08.900, 126.45, 795, 150.00, 100, 65
2026/10/02 12:20:09.101, 127.00, 780, 150.00, 100, 65
2026/10/02 12:20:09.302, 137.82, 1095, 150.00, 100, 65
2026/10/02 12:20:09.502, 130.41, 1155, 150.00, 5, 64
2026/10/02 12:20:09.703, 138.18, 780, 150.00, 100, 65
2026/10/02 12:20:09.903, 126.03, 1680, 150.00, 0, 63
2026/10/02 12:20:10.104, 123.33, 735, 150.00, 43, 64
2026/10/02 12:20:10.305, 116.37, 945, 150.00, 79, 64
2026/10/02 12:20:10.505, 106.80, 1620, 150.00, 61, 64
2026/10/02 12:20:10.705, 102.11, 1680, 150.00, 0, 63
2026/10/02 12:20:10.906, 112.90, 795, 150.00, 100, 65
2026/10/02 12:20:11.107, 127.15, 675, 150.00, 31, 65
2026/10/02 12:20:11.307, 118.82, 1515, 150.00, 86, 64
2026/10/02 12:20:11.508, 120.39, 1650, 150.00, 47, 64
2026/10/02 12:20:11.708, 127.86, 810, 150.00, 85, 64
2026/10/02 12:20:11.909, 130.73, 660, 150.00, 21, 65
2026/10/02 12:20:12.110, 138.72, 780, 150.00, 100, 65
2026/10/02 12:20:12.310, 131.90, 780, 150.00, 100, 65
2026/10/02 12:20:12.511, 120.48, 1500, 150.00, 58, 64
2026/10/02 12:20:12.711, 121.47, 1680, 150.00, 0, 63
2026/10/02 12:20:12.912, 140.95, 1050, 150.00, 51, 65
2026/10/02 12:20:13.113, 136.29, 840, 150.00, 72, 65
2026/10/02 12:20:13.313, 125.80, 1605, 150.00, 66, 64
2026/10/02 12:20:13.514, 130.52, 1665, 150.00, 16, 64
2026/10/02 12:20:13.714, 133.74, 705, 150.00, 67, 65
2026/10/02 12:20:13.915, 136.32, 795, 150.00, 100, 65
2026/10/02 12:20:14.116, 122.49, 1395, 150.00, 64, 65
2026/10/02 12:20:14.316, 115.11, 795, 150.00, 67, 65
2026/10/02 12:20:14.517, 116.25, 720, 150.00, 42, 65
2026/10/02 12:20:14.717, 130.82, 780, 150.00, 100, 66
2026/10/02 12:20:14.918, 133.22, 780, 150.00, 100, 66
2026/10/02 12:20:15.118, 129.04, 1680, 150.00, 0, 64
2026/10/02 12:20:15.319, 122.22, 1680, 150.00, 0, 63
2026/10/02 12:20:15.520, 127.74, 750, 150.00, 83, 65
2026/10/02 12:20:15.720, 106.93, 1680, 150.00, 0, 63
2026/10/02 12:20:15.921, 98.84, 1650, 150.00, 46, 64
2026/10/02 12:20:16.121, 100.14, 975, 150.00, 100, 65
2026/10/02 12:20:16.322, 99.14, 1590, 150.00, 57, 64
2026/10/02 12:20:16.522, 98.95, 1680, 150.00, 0, 63
2026/10/02 12:20:16.723, 91.93, 1620, 150.00, 55, 63
2026/10/02 12:20:16.923, 103.25, 1155, 150.00, 100, 65
2026/10/02 12:20:17.124, 119.04, 675, 150.00, 44, 65
2026/10/02 12:20:17.325, 127.82, 780, 150.00, 100, 66
2026/10/02 12:20:17.525, 143.82, 990, 150.00, 100, 66
2026/10/02 12:20:17.726, 149.31, 795, 150.00, 67, 65
2026/10/02 12:20:17.926, 150.19, 1275, 150.00, 48, 65
2026/10/02 12:20:18.127, 151.53, 1275, 150.00, 48, 65
2026/10/02 12:20:18.327, 137.00, 795, 150.00, 71, 65
2026/10/02 12:20:18.528, 130.36, 765, 150.00, 93, 66
2026/10/02 12:20:18.729, 139.90, 765, 150.00, 79, 66
2026/10/02 12:20:18.929, 136.64, 1680, 150.00, 0, 64
2026/10/02 12:20:19.130, 124.08, 810, 150.00, 81, 65
2026/10/02 12:20:19.330, 119.71, 1650, 150.00, 43, 64
2026/10/02 12:20:19.531, 125.99, 1665, 150.00, 29, 64
2026/10/02 12:20:19.731, 110.35, 1215, 150.00, 0, 63
2026/10/02 12:20:19.932, 102.20, 1065, 150.00, 70, 64
2026/10/02 12:20:20.133, 115.63, 780, 150.00, 100, 66
2026/10/02 12:20:20.333, 108.39, 645, 150.00, 22, 65
2026/10/02 12:20:20.534, 93.95, 1035, 150.00, 0, 64
2026/10/02 12:20:20.734, 117.18, 1335, 150.00, 30, 66
2026/10/02 12:20:20.935, 109.95, 690, 150.00, 0, 64
2026/10/02 12:20:21.135, 105.80, 585, 150.00, 0, 64
2026/10/02 12:20:21.336, 100.48, 1065, 150.00, 15, 65
2026/10/02 12:20:21.536, 100.48, 1320, 150.00, 0, 64
2026/10/02 12:20:21.737, 109.91, 795, 150.00, 100, 65
2026/10/02 12:20:21.938, 111.62, 780, 150.00, 100, 66
2026/10/02 12:20:22.138, 125.87, 780, 150.00, 100, 66
2026/10/02 12:20:22.339, 131.55, 1575, 150.00, 58, 65
2026/10/02 12:20:22.539, 122.65, 1680, 150.00, 0, 64
2026/10/02 12:20:22.740, 113.21, 1695, 150.00, 0, 63
2026/10/02 12:20:22.940, 97.88, 1695, 150.00, 0, 63
2026/10/02 12:20:23.141, 97.10, 765, 150.00, 36, 65
2026/10/02 12:20:23.341, 105.14, 780, 150.00, 100, 65
2026/10/02 12:20:23.542, 97.81, 675, 150.00, 63, 64
2026/10/02 12:20:23.742, 99.17, 960, 150.00, 0, 64
2026/10/02 12:20:23.943, 107.00, 1635, 150.00, 75, 65
2026/10/02 12:20:24.143, 113.84, 1575, 150.00, 59, 64
2026/10/02 12:20:24.344, 91.38, 1680, 150.00, 0, 64
2026/10/02 12:20:24.545, 94.26, 765, 150.00, 53, 64
2026/10/02 12:20:24.745, 97.25, 1680, 150.00, 0, 64
2026/10/02 12:20:24.946, 104.75, 810, 150.00, 31, 65
2026/10/02 12:20:25.146, 117.38, 1605, 150.00, 91, 65
2026/10/02 12:20:25.347, 110.38, 1680, 150.00, 0, 63
2026/10/02 12:20:25.547, 123.30, 660, 150.00, 19, 64
2026/10/02 12:20:25.748, 108.94, 1635, 150.00, 58, 64
2026/10/02 12:20:25.948, 114.54, 1590, 150.00, 61, 64
2026/10/02 12:20:26.149, 91.36, 840, 150.00, 0, 63
2026/10/02 12:20:26.350, 94.39, 1635, 150.00, 77, 64
2026/10/02 12:20:26.550, 100.39, 780, 150.00, 100, 65
2026/10/02 12:20:26.751, 116.97, 780, 150.00, 100, 66
2026/10/02 12:20:26.951, 125.19, 795, 150.00, 55, 66
2026/10/02 12:20:27.152, 124.17, 1635, 150.00, 0, 64
2026/10/02 12:20:27.352, 135.70, 795, 150.00, 84, 66
2026/10/02 12:20:27.553, 123.41, 1680, 150.00, 0, 64
2026/10/02 12:20:27.753, 108.60, 1680, 150.00, 0, 63
2026/10/02 12:20:27.954, 123.78, 795, 150.00, 100, 65
2026/10/02 12:20:28.154, 113.04, 1680, 150.00, 0, 64
2026/10/02 12:20:28.355, 102.25, 1680, 150.00, 0, 63
2026/10/02 12:20:28.555, 94.20, 645, 150.00, 0, 64
2026/10/02 12:20:28.756, 107.55, 1335, 150.00, 60, 65
2026/10/02 12:20:28.957, 92.31, 960, 150.00, 27, 65
2026/10/02 12:20:29.157, 88.70, 1620, 150.00, 48, 64
2026/10/02 12:20:29.358, 88.45, 1680, 150.00, 0, 63
2026/10/02 12:20:29.558, 99.80, 795, 150.00, 0, 65
2026/10/02 12:20:29.759, 122.30, 1170, 150.00, 98, 65
2026/10/02 12:20:29.959, 119.67, 1665, 150.00, 62, 64
2026/10/02 12:20:30.160, 136.11, 975, 150.00, 17, 65
2026/10/02 12:20:30.360, 151.78, 780, 150.00, 90, 66
2026/10/02 12:20:30.561, 153.81, 1680, 150.00, 84, 64
2026/10/02 12:20:30.762, 145.24, 990, 150.00, 0, 65
2026/10/02 12:20:30.962, 118.43, 645, 150.00, 46, 65
2026/10/02 12:20:31.163, 120.41, 1170, 150.00, 61, 65
2026/10/02 12:20:31.363, 107.62, 1560, 150.00, 40, 64
2026/10/02 12:20:31.564, 110.46, 660, 150.00, 32, 64
2026/10/02 12:20:31.765, 111.65, 1680, 150.00, 58, 64
2026/10/02 12:20:31.965, 113.04, 720, 150.00, 0, 65
2026/10/02 12:20:32.166, 128.98, 1530, 150.00, 100, 65
2026/10/02 12:20:32.366, 135.95, 735, 150.00, 51, 65
2026/10/02 12:20:32.567, 117.40, 585, 150.00, 79, 64
2026/10/02 12:20:32.768, 131.01, 1215, 150.00, 84, 66
2026/10/02 12:20:32.968, 138.72, 750, 150.00, 45, 66
2026/10/02 12:20:33.169, 135.60, 735, 150.00, 100, 66
2026/10/02 12:20:33.369, 123.23, 615, 150.00, 79, 65
2026/10/02 12:20:33.570, 126.98, 780, 150.00, 79, 66
2026/10/02 12:20:33.770, 136.01, 780, 150.00, 100, 66
2026/10/02 12:20:33.971, 136.39, 1020, 150.00, 76, 66
2026/10/02 12:20:34.172, 129.70, 645, 150.00, 89, 65
2026/10/02 12:20:34.372, 118.37, 750, 150.00, 61, 66
2026/10/02 12:20:34.573, 110.88, 1680, 150.00, 57, 64
2026/10/02 12:20:34.773, 95.75, 1695, 150.00, 0, 64
2026/10/02 12:20:34.974, 86.71, 690, 150.00, 0, 65
2026/10/02 12:20:35.174, 69.48, 675, 150.00, 63, 64
2026/10/02 12:20:35.375, 85.71, 780, 150.00, 74, 66
2026/10/02 12:20:35.575, 98.09, 780, 150.00, 100, 66
2026/10/02 12:20:35.776, 113.37, 780, 150.00, 100, 66
2026/10/02 12:20:35.977, 128.69, 480, 150.00, 100, 67
2026/10/02 12:20:36.177, 141.84, 1530, 150.00, 100, 66
2026/10/02 12:20:36.378, 139.53, 645, 150.00, 15, 65
2026/10/02 12:20:36.579, 131.06, 1590, 150.00, 60, 66
2026/10/02 12:20:36.779, 125.98, 1515, 150.00, 0, 66
2026/10/02 12:20:36.980, 128.27, 795, 150.00, 23, 66
2026/10/02 12:20:37.180, 123.57, 1680, 150.00, 100, 65
2026/10/02 12:20:37.381, 124.63, 735, 150.00, 0, 66
2026/10/02 12:20:37.581, 139.07, 750, 150.00, 100, 66
2026/10/02 12:20:37.782, 149.14, 780, 150.00, 86, 66
2026/10/02 12:20:37.982, 143.74, 1245, 150.00, 100, 66
2026/10/02 12:20:38.183, 152.61, 1245, 150.00, 58, 67
2026/10/02 12:20:38.383, 162.17, 780, 150.00, 34, 66
2026/10/02 12:20:38.584, 148.03, 1680, 150.00, 96, 65
2026/10/02 12:20:38.785, 132.97, 1680, 150.00, 0, 64
2026/10/02 12:20:38.985, 117.85, 1695, 150.00, 0, 64
2026/10/02 12:20:39.186, 100.74, 1695, 150.00, 0, 64
2026/10/02 12:20:39.387, 98.48, 615, 150.00, 48, 64
2026/10/02 12:20:39.587, 87.31, 1650, 150.00, 76, 65
2026/10/02 12:20:39.788, 96.16, 1665, 150.00, 15, 65
2026/10/02 12:20:39.988, 108.28, 1665, 150.00, 21, 65
2026/10/02 12:20:40.189, 130.52, 1470, 150.00, 30, 66
2026/10/02 12:20:40.389, 129.05, 780, 150.00, 16, 66
2026/10/02 12:20:40.590, 137.93, 780, 150.00, 100, 66
2026/10/02 12:20:40.790, 144.02, 780, 150.00, 100, 67
2026/10/02 12:20:40.991, 149.06, 1425, 150.00, 92, 66
2026/10/02 12:20:41.192, 134.58, 630, 150.00, 20, 65
2026/10/02 12:20:41.392, 140.63, 1380, 150.00, 59, 66
2026/10/02 12:20:41.593, 139.58, 1560, 150.00, 68, 66
2026/10/02 12:20:41.793, 123.93, 750, 150.00, 3, 65
2026/10/02 12:20:41.994, 125.81, 1035, 150.00, 74, 66
2026/10/02 12:20:42.194, 113.21, 1680, 150.00, 49, 65
2026/10/02 12:20:42.395, 114.28, 1695, 150.00, 0, 64
2026/10/02 12:20:42.595, 109.51, 780, 150.00, 48, 66
2026/10/02 12:20:42.796, 117.57, 1050, 150.00, 100, 66
2026/10/02 12:20:42.996, 126.60, 765, 150.00, 88, 67
2026/10/02 12:20:43.197, 135.58, 765, 150.00, 100, 67
2026/10/02 12:20:43.398, 148.04, 765, 150.00, 100, 67
2026/10/02 12:20:43.598, 153.25, 705, 150.00, 100, 66
2026/10/02 12:20:43.799, 152.74, 780, 150.00, 100, 67
2026/10/02 12:20:43.999, 154.06, 1305, 150.00, 87, 67
2026/10/02 12:20:44.200, 137.94, 765, 150.00, 27, 65
2026/10/02 12:20:44.401, 126.44, 675, 150.00, 56, 66
2026/10/02 12:20:44.601, 126.09, 1440, 150.00, 100, 67
2026/10/02 12:20:44.802, 108.97, 1680, 150.00, 22, 65
2026/10/02 12:20:45.002, 101.68, 1605, 150.00, 0, 65
2026/10/02 12:20:45.203, 87.99, 1635, 150.00, 0, 65
2026/10/02 12:20:45.403, 86.46, 900, 150.00, 0, 64
2026/10/02 12:20:45.604, 94.85, 795, 150.00, 68, 66
2026/10/02 12:20:45.804, 103.00, 780, 150.00, 100, 67
2026/10/02 12:20:46.005, 117.36, 975, 150.00, 100, 67
2026/10/02 12:20:46.206, 112.78, 1650, 150.00, 51, 66
2026/10/02 12:20:46.406, 112.50, 1635, 150.00, 0, 65
2026/10/02 12:20:46.607, 105.04, 1680, 150.00, 0, 65
2026/10/02 12:20:46.807, 97.44, 795, 150.00, 0, 66
2026/10/02 12:20:47.008, 97.82, 795, 150.00, 98, 67
2026/10/02 12:20:47.209, 107.01, 795, 150.00, 100, 67
2026/10/02 12:20:47.409, 106.62, 1680, 150.00, 58, 65
2026/10/02 12:20:47.610, 107.15, 990, 150.00, 0, 65
2026/10/02 12:20:47.810, 122.18, 975, 150.00, 68, 66
2026/10/02 12:20:48.011, 112.77, 1035, 150.00, 52, 67
2026/10/02 12:20:48.211, 103.58, 1140, 150.00, 49, 67
2026/10/02 12:20:48.412, 100.83, 840, 150.00, 43, 66
2026/10/02 12:20:48.612, 99.62, 1680, 150.00, 50, 65
2026/10/02 12:20:48.813, 92.13, 1695, 150.00, 0, 64
2026/10/02 12:20:49.014, 95.35, 1665, 150.00, 16, 65
2026/10/02 12:20:49.214, 89.46, 885, 150.00, 0, 64
2026/10/02 12:20:49.415, 87.88, 1425, 150.00, 59, 64
2026/10/02 12:20:49.615, 101.98, 810, 150.00, 53, 66
2026/10/02 12:20:49.816, 117.03, 795, 150.00, 100, 67
2026/10/02 12:20:50.016, 121.31, 795, 150.00, 100, 67
2026/10/02 12:20:50.217, 138.12, 600, 150.00, 100, 67
2026/10/02 12:20:50.417, 145.26, 765, 150.00, 100, 67
2026/10/02 12:20:50.618, 150.27, 795, 150.00, 100, 67
2026/10/02 12:20:50.819, 150.43, 780, 150.00, 100, 67
2026/10/02 12:20:51.019, 150.27, 795, 150.00, 100, 67
2026/10/02 12:20:51.220, 149.29, 690, 150.00, 100, 67
2026/10/02 12:20:51.420, 149.85, 750, 150.00, 100, 67
2026/10/02 12:20:51.621, 136.50, 1680, 150.00, 79, 66
2026/10/02 12:20:51.822, 121.45, 1680, 150.00, 0, 65
2026/10/02 12:20:52.022, 106.64, 1695, 150.00, 0, 65
2026/10/02 12:20:52.223, 91.61, 1695, 150.00, 0, 65
2026/10/02 12:20:52.423, 78.36, 1695, 150.00, 0, 64
2026/10/02 12:20:52.624, 77.63, 1320, 150.00, 0, 66
2026/10/02 12:20:52.824, 91.51, 1245, 150.00, 26, 66
2026/10/02 12:20:53.025, 90.28, 645, 150.00, 34, 65
2026/10/02 12:20:53.225, 95.54, 630, 150.00, 93, 65
2026/10/02 12:20:53.426, 95.07, 1680, 150.00, 61, 65
2026/10/02 12:20:53.626, 105.31, 1020, 150.00, 0, 66
2026/10/02 12:20:53.827, 112.09, 1380, 150.00, 44, 66
2026/10/02 12:20:54.027, 97.45, 915, 150.00, 23, 64
2026/10/02 12:20:54.228, 98.21, 675, 150.00, 60, 66
2026/10/02 12:20:54.428, 98.14, 660, 150.00, 55, 65
2026/10/02 12:20:54.629, 97.43, 660, 150.00, 60, 65
2026/10/02 12:20:54.829, 86.25, 1680, 150.00, 58, 65
2026/10/02 12:20:55.030, 73.95, 1695, 150.00, 0, 64
2026/10/02 12:20:55.230, 77.75, 1230, 150.00, 6, 66
2026/10/02 12:20:55.431, 88.77, 810, 150.00, 37, 66
2026/10/02 12:20:55.631, 106.73, 795, 150.00, 85, 66
2026/10/02 12:20:55.832, 123.16, 795, 150.00, 100, 67
2026/10/02 12:20:56.032, 139.68, 795, 150.00, 100, 67
2026/10/02 12:20:56.233, 143.93, 660, 150.00, 100, 66
2026/10/02 12:20:56.434, 142.00, 1620, 150.00, 61, 66
2026/10/02 12:20:56.634, 128.43, 795, 150.00, 0, 67
2026/10/02 12:20:56.835, 126.65, 780, 150.00, 100, 67
2026/10/02 12:20:57.035, 119.16, 1635, 150.00, 100, 66
2026/10/02 12:20:57.236, 111.89, 810, 150.00, 0, 67
2026/10/02 12:20:57.436, 124.54, 795, 150.00, 100, 67
2026/10/02 12:20:57.637, 139.09, 795, 150.00, 100, 67
2026/10/02 12:20:57.837, 140.32, 795, 150.00, 100, 67
2026/10/02 12:20:58.038, 137.85, 780, 150.00, 100, 67
2026/10/02 12:20:58.239, 151.42, 1590, 150.00, 100, 67
2026/10/02 12:20:58.439, 134.71, 1620, 150.00, 0, 66
2026/10/02 12:20:58.640, 138.59, 795, 150.00, 47, 67
2026/10/02 12:20:58.840, 138.47, 975, 150.00, 100, 67
2026/10/02 12:20:59.041, 136.22, 720, 150.00, 91, 67
2026/10/02 12:20:59.241, 130.66, 930, 150.00, 75, 67
2026/10/02 12:20:59.442, 130.58, 675, 150.00, 60, 67
2026/10/02 12:20:59.643, 124.41, 675, 150.00, 97, 67
2026/10/02 12:20:59.843, 108.52, 1680, 150.00, 60, 66
2026/10/02 12:21:00.044, 100.77, 735, 150.00, 0, 66
2026/10/02 12:21:00.244, 103.89, 1005, 150.00, 82, 67
2026/10/02 12:21:00.445, 106.03, 630, 150.00, 90, 66
2026/10/02 12:21:00.645, 105.62, 1575, 150.00, 58, 67
2026/10/02 12:21:00.846, 126.39, 750, 150.00, 45, 67
2026/10/02 12:21:01.046, 127.81, 1680, 150.00, 73, 66
2026/10/02 12:21:01.247, 119.84, 795, 150.00, 0, 67
2026/10/02 12:21:01.447, 117.94, 780, 150.00, 100, 68
2026/10/02 12:21:01.648, 120.69, 1680, 150.00, 85, 66
2026/10/02 12:21:01.848, 114.88, 765, 150.00, 0, 67
2026/10/02 12:21:02.049, 112.22, 1680, 150.00, 100, 66
2026/10/02 12:21:02.250, 123.74, 1680, 150.00, 21, 66
2026/10/02 12:21:02.450, 110.10, 1650, 150.00, 0, 66
2026/10/02 12:21:02.651, 99.97, 1680, 150.00, 0, 65
2026/10/02 12:21:02.851, 121.66, 795, 150.00, 24, 67
2026/10/02 12:21:03.052, 118.27, 795, 150.00, 100, 67
2026/10/02 12:21:03.253, 121.79, 1575, 150.00, 100, 67
2026/10/02 12:21:03.453, 137.72, 795, 150.00, 29, 67
2026/10/02 12:21:03.654, 152.35, 795, 150.00, 100, 68
2026/10/02 12:21:03.854, 153.65, 780, 150.00, 100, 68
2026/10/02 12:21:04.055, 145.81, 660, 150.00, 100, 66
2026/10/02 12:21:04.255, 130.88, 1665, 150.00, 62, 66
2026/10/02 12:21:04.456, 116.87, 1680, 150.00, 6, 66
2026/10/02 12:21:04.656, 116.28, 1515, 150.00, 0, 67
2026/10/02 12:21:04.857, 104.58, 780, 150.00, 32, 66
2026/10/02 12:21:05.057, 89.17, 660, 150.00, 60, 66
2026/10/02 12:21:05.258, 94.15, 1680, 150.00, 89, 66
2026/10/02 12:21:05.458, 91.85, 1680, 150.00, 0, 65
2026/10/02 12:21:05.659, 93.14, 1695, 150.00, 0, 65
2026/10/02 12:21:05.859, 74.65, 570, 150.00, 0, 65
2026/10/02 12:21:06.060, 80.62, 1680, 150.00, 61, 65
2026/10/02 12:21:06.260, 77.20, 1650, 150.00, 0, 66
2026/10/02 12:21:06.461, 78.03, 1680, 150.00, 0, 65
2026/10/02 12:21:06.661, 77.50, 1665, 150.00, 0, 65
2026/10/02 12:21:06.862, 97.03, 795, 150.00, 100, 66
2026/10/02 12:21:07.062, 103.42, 780, 150.00, 79, 67
2026/10/02 12:21:07.263, 115.78, 795, 150.00, 100, 67
2026/10/02 12:21:07.464, 131.15, 675, 150.00, 100, 67
2026/10/02 12:21:07.665, 144.40, 780, 150.00, 100, 67
2026/10/02 12:21:07.865, 147.32, 735, 150.00, 100, 68
2026/10/02 12:21:08.066, 146.32, 780, 150.00, 100, 68
2026/10/02 12:21:08.267, 150.34, 750, 150.00, 100, 68
2026/10/02 12:21:08.467, 148.94, 705, 150.00, 100, 68
2026/10/02 12:21:08.668, 149.50, 765, 150.00, 100, 68
2026/10/02 12:21:08.868, 149.54, 765, 150.00, 100, 68
2026/10/02 12:21:09.069, 150.05, 780, 150.00, 100, 68
2026/10/02 12:21:09.270, 150.09, 720, 150.00, 100, 68
2026/10/02 12:21:09.470, 148.90, 720, 150.00, 100, 68
2026/10/02 12:21:09.671, 149.73, 750, 150.00, 100, 68
2026/10/02 12:21:09.871, 149.80, 765, 150.00, 100, 68
2026/10/02 12:21:10.072, 150.05, 780, 150.00, 100, 68
2026/10/02 12:21:10.273, 149.82, 735, 150.00, 100, 68
2026/10/02 12:21:10.473, 149.39, 735, 150.00, 100, 68
2026/10/02 12:21:10.674, 149.92, 750, 150.00, 100, 68
2026/10/02 12:21:10.874, 150.05, 765, 150.00, 100, 68
2026/10/02 12:21:11.075, 150.29, 765, 150.00, 100, 69
2026/10/02 12:21:11.276, 150.12, 720, 150.00, 100, 69
2026/10/02 12:21:11.476, 149.87, 720, 150.00, 100, 69
2026/10/02 12:21:11.677, 149.94, 735, 150.00, 100, 69
2026/10/02 12:21:11.877, 149.94, 765, 150.00, 100, 69
2026/10/02 12:21:12.078, 150.12, 750, 150.00, 100, 69
2026/10/02 12:21:12.279, 149.63, 735, 150.00, 100, 69
2026/10/02 12:21:12.479, 149.41, 735, 150.00, 100, 69
2026/10/02 12:21:12.680, 149.59, 750, 150.00, 100, 69
2026/10/02 12:21:12.881, 149.87, 750, 150.00, 100, 69
2026/10/02 12:21:13.081, 149.90, 750, 150.00, 100, 69
2026/10/02 12:21:13.282, 149.64, 735, 150.00, 100, 69
2026/10/02 12:21:13.482, 149.60, 720, 150.00, 100, 69
2026/10/02 12:21:13.683, 149.71, 750, 150.00, 100, 69
2026/10/02 12:21:13.884, 149.81, 750, 150.00, 100, 69
2026/10/02 12:21:14.084, 149.82, 735, 150.00, 100, 69
2026/10/02 12:21:14.285, 149.68, 735, 150.00, 100, 69
2026/10/02 12:21:14.485, 149.68, 735, 150.00, 100, 69
2026/10/02 12:21:14.686, 149.84, 750, 150.00, 100, 69
2026/10/02 12:21:14.887, 149.94, 750, 150.00, 100, 69
2026/10/02 12:21:15.087, 149.97, 735, 150.00, 100, 69
2026/10/02 12:21:15.288, 149.84, 735, 150.00, 100, 69
2026/10/02 12:21:15.489, 149.76, 735, 150.00, 100, 69
2026/10/02 12:21:15.689, 153.06, 1395, 150.00, 79, 70
2026/10/02 12:21:15.890, 137.74, 1680, 150.00, 0, 68
2026/10/02 12:21:16.090, 144.85, 780, 150.00, 100, 69
2026/10/02 12:21:16.291, 137.69, 690, 150.00, 72, 68
2026/10/02 12:21:16.491, 137.73, 765, 150.00, 100, 69
2026/10/02 12:21:16.692, 130.44, 1020, 150.00, 17, 68
2026/10/02 12:21:16.893, 140.34, 720, 150.00, 98, 69
2026/10/02 12:21:17.093, 140.62, 1365, 150.00, 100, 69
2026/10/02 12:21:17.294, 125.85, 570, 150.00, 0, 68
2026/10/02 12:21:17.494, 126.88, 615, 150.00, 7, 67
2026/10/02 12:21:17.695, 126.63, 780, 150.00, 100, 69
2026/10/02 12:21:17.896, 130.37, 780, 150.00, 100, 69
2026/10/02 12:21:18.096, 130.93, 780, 150.00, 100, 70
2026/10/02 12:21:18.297, 141.73, 1560, 150.00, 78, 70
2026/10/02 12:21:18.497, 140.67, 780, 150.00, 59, 69
2026/10/02 12:21:18.698, 148.90, 765, 150.00, 100, 70
2026/10/02 12:21:18.899, 148.95, 780, 150.00, 100, 70
2026/10/02 12:21:19.099, 148.77, 1335, 150.00, 100, 70
2026/10/02 12:21:19.300, 143.43, 1680, 150.00, 41, 68
2026/10/02 12:21:19.500, 141.56, 780, 150.00, 71, 69
2026/10/02 12:21:19.701, 140.76, 765, 150.00, 100, 70
2026/10/02 12:21:19.901, 140.69, 765, 150.00, 100, 70
2026/10/02 12:21:20.102, 138.16, 795, 150.00, 41, 70
2026/10/02 12:21:20.303, 135.69, 795, 150.00, 62, 70
2026/10/02 12:21:20.503, 151.56, 765, 150.00, 100, 70
2026/10/02 12:21:20.704, 151.95, 780, 150.00, 100, 70
2026/10/02 12:21:20.904, 151.87, 795, 150.00, 100, 70
2026/10/02 12:21:21.105, 158.19, 750, 150.00, 100, 70
2026/10/02 12:21:21.305, 152.77, 765, 150.00, 100, 70
2026/10/02 12:21:21.506, 152.00, 765, 150.00, 100, 70
2026/10/02 12:21:21.707, 152.06, 750, 150.00, 100, 70
2026/10/02 12:21:21.907, 151.18, 690, 150.00, 100, 70
2026/10/02 12:21:22.108, 149.79, 1200, 150.00, 100, 70
2026/10/02 12:21:22.308, 141.79, 780, 150.00, 92, 70
2026/10/02 12:21:22.509, 142.39, 765, 150.00, 100, 70
2026/10/02 12:21:22.709, 142.51, 765, 150.00, 100, 70
2026/10/02 12:21:22.910, 142.40, 705, 150.00, 100, 70
2026/10/02 12:21:23.111, 140.98, 735, 150.00, 100, 70
2026/10/02 12:21:23.311, 149.83, 765, 150.00, 100, 70
2026/10/02 12:21:23.512, 149.59, 765, 150.00, 100, 71
2026/10/02 12:21:23.712, 149.33, 750, 150.00, 100, 71
2026/10/02 12:21:23.913, 147.85, 630, 150.00, 100, 71
2026/10/02 12:21:24.113, 149.97, 735, 150.00, 100, 70
2026/10/02 12:21:24.314, 150.09, 750, 150.00, 100, 71
2026/10/02 12:21:24.514, 150.04, 765, 150.00, 100, 71
2026/10/02 12:21:24.715, 149.79, 735, 150.00, 100, 71
2026/10/02 12:21:24.916, 135.69, 1650, 150.00, 76, 69
2026/10/02 12:21:25.116, 123.22, 1680, 150.00, 0, 69
2026/10/02 12:21:25.317, 114.23, 1230, 150.00, 91, 70
2026/10/02 12:21:25.517, 98.56, 1155, 150.00, 4, 70
2026/10/02 12:21:25.718, 98.11, 765, 150.00, 95, 70
2026/10/02 12:21:25.918, 103.97, 765, 150.00, 100, 71
2026/10/02 12:21:26.119, 108.11, 1170, 150.00, 2, 70
2026/10/02 12:21:26.319, 116.12, 765, 150.00, 100, 70
2026/10/02 12:21:26.520, 134.74, 780, 150.00, 68, 71
2026/10/02 12:21:26.720, 143.93, 765, 150.00, 100, 71
2026/10/02 12:21:26.921, 141.81, 585, 150.00, 100, 71
2026/10/02 12:21:27.121, 149.61, 735, 150.00, 100, 70
2026/10/02 12:21:27.322, 152.74, 780, 150.00, 100, 71
2026/10/02 12:21:27.523, 149.91, 765, 150.00, 100, 71
2026/10/02 12:21:27.723, 149.62, 750, 150.00, 100, 71
2026/10/02 12:21:27.924, 147.78, 675, 150.00, 100, 71
2026/10/02 12:21:28.124, 150.19, 720, 150.00, 100, 71
2026/10/02 12:21:28.325, 150.03, 735, 150.00, 100, 71
2026/10/02 12:21:28.525, 150.04, 750, 150.00, 100, 71
2026/10/02 12:21:28.726, 149.64, 720, 150.00, 100, 71
2026/10/02 12:21:28.926, 149.51, 720, 150.00, 100, 71
2026/10/02 12:21:29.127, 149.94, 720, 150.00, 100, 71
2026/10/02 12:21:29.328, 150.21, 750, 150.00, 100, 71
2026/10/02 12:21:29.528, 150.27, 750, 150.00, 100, 71
2026/10/02 12:21:29.729, 149.61, 720, 150.00, 100, 71
2026/10/02 12:21:29.929, 149.69, 720, 150.00, 100, 71
2026/10/02 12:21:30.130, 149.67, 720, 150.00, 100, 71
2026/10/02 12:21:30.331, 150.04, 750, 150.00, 100, 71
2026/10/02 12:21:30.531, 150.07, 750, 150.00, 100, 71
2026/10/02 12:21:30.732, 149.61, 720, 150.00, 100, 71
2026/10/02 12:21:30.932, 149.74, 720, 150.00, 100, 71
2026/10/02 12:21:31.133, 150.02, 720, 150.00, 100, 71
2026/10/02 12:21:31.333, 150.21, 750, 150.00, 100, 71
2026/10/02 12:21:31.534, 150.14, 735, 150.00, 100, 72
2026/10/02 12:21:31.735, 149.94, 720, 150.00, 100, 72
2026/10/02 12:21:31.935, 149.99, 720, 150.00, 100, 72
2026/10/02 12:21:32.136, 150.14, 720, 150.00, 100, 72
2026/10/02 12:21:32.336, 150.22, 735, 150.00, 100, 72
2026/10/02 12:21:32.537, 150.08, 735, 150.00, 100, 72
2026/10/02 12:21:32.738, 149.78, 720, 150.00, 100, 72
2026/10/02 12:21:32.938, 149.74, 720, 150.00, 100, 72
2026/10/02 12:21:33.139, 149.79, 720, 150.00, 100, 72
2026/10/02 12:21:33.339, 149.83, 735, 150.00, 100, 72
2026/10/02 12:21:33.540, 149.78, 735, 150.00, 100, 72
2026/10/02 12:21:33.741, 137.36, 1650, 150.00, 0, 71
2026/10/02 12:21:33.941, 129.15, 600, 150.00, 71, 70
2026/10/02 12:21:34.142, 129.97, 765, 150.00, 100, 71
2026/10/02 12:21:34.342, 114.04, 1080, 150.00, 61, 71
2026/10/02 12:21:34.543, 113.81, 765, 150.00, 100, 72
2026/10/02 12:21:34.744, 119.42, 735, 150.00, 100, 72
2026/10/02 12:21:34.944, 135.21, 750, 150.00, 100, 72
2026/10/02 12:21:35.145, 134.12, 600, 150.00, 100, 72
2026/10/02 12:21:35.345, 139.56, 720, 150.00, 100, 72
2026/10/02 12:21:35.546, 148.48, 750, 150.00, 100, 72
2026/10/02 12:21:35.746, 148.33, 750, 150.00, 100, 72
2026/10/02 12:21:35.947, 148.49, 750, 150.00, 100, 72
2026/10/02 12:21:36.148, 146.49, 630, 150.00, 100, 72
2026/10/02 12:21:36.348, 148.11, 1065, 150.00, 43, 71
2026/10/02 12:21:36.549, 148.20, 675, 150.00, 78, 72
2026/10/02 12:21:36.749, 134.62, 1665, 150.00, 0, 71
2026/10/02 12:21:36.950, 125.70, 645, 150.00, 76, 71
2026/10/02 12:21:37.151, 126.55, 750, 150.00, 100, 72
2026/10/02 12:21:37.351, 134.92, 750, 150.00, 100, 72
2026/10/02 12:21:37.552, 130.38, 765, 150.00, 100, 72
2026/10/02 12:21:37.752, 133.10, 435, 150.00, 100, 72
2026/10/02 12:21:37.953, 149.56, 690, 150.00, 83, 72
2026/10/02 12:21:38.153, 148.01, 1680, 150.00, 21, 71
2026/10/02 12:21:38.354, 148.82, 765, 150.00, 100, 72
2026/10/02 12:21:38.555, 148.95, 765, 150.00, 100, 72
2026/10/02 12:21:38.755, 150.46, 750, 150.00, 100, 72
2026/10/02 12:21:38.956, 153.23, 720, 150.00, 100, 72
2026/10/02 12:21:39.156, 158.11, 690, 150.00, 100, 72
2026/10/02 12:21:39.357, 151.27, 735, 150.00, 100, 72
2026/10/02 12:21:39.557, 151.16, 750, 150.00, 100, 72
2026/10/02 12:21:39.758, 150.90, 750, 150.00, 100, 73
2026/10/02 12:21:39.958, 149.98, 660, 150.00, 100, 73
2026/10/02 12:21:40.159, 149.79, 705, 150.00, 100, 72
2026/10/02 12:21:40.359, 147.42, 990, 150.00, 43, 71
2026/10/02 12:21:40.560, 153.29, 1215, 150.00, 43, 72
2026/10/02 12:21:40.761, 153.40, 765, 150.00, 100, 72
2026/10/02 12:21:40.961, 153.53, 750, 150.00, 100, 72
2026/10/02 12:21:41.162, 155.28, 750, 150.00, 100, 73
2026/10/02 12:21:41.362, 163.43, 525, 150.00, 100, 73
2026/10/02 12:21:41.563, 158.05, 735, 150.00, 100, 72
2026/10/02 12:21:41.763, 155.71, 690, 150.00, 79, 73
2026/10/02 12:21:41.964, 155.45, 750, 150.00, 100, 73
2026/10/02 12:21:42.165, 151.22, 705, 150.00, 62, 72
2026/10/02 12:21:42.365, 144.66, 615, 150.00, 57, 71
2026/10/02 12:21:42.566, 138.38, 1275, 150.00, 75, 72
2026/10/02 12:21:42.766, 145.63, 765, 150.00, 100, 72
2026/10/02 12:21:42.967, 142.24, 750, 150.00, 100, 72
2026/10/02 12:21:43.167, 146.57, 750, 150.00, 100, 73
2026/10/02 12:21:43.368, 154.07, 750, 150.00, 100, 73
2026/10/02 12:21:43.569, 157.88, 720, 150.00, 100, 73
2026/10/02 12:21:43.769, 151.03, 750, 150.00, 100, 73
2026/10/02 12:21:43.970, 151.09, 750, 150.00, 100, 73
2026/10/02 12:21:44.171, 150.94, 750, 150.00, 100, 73
2026/10/02 12:21:44.371, 149.48, 660, 150.00, 100, 73
2026/10/02 12:21:44.572, 150.09, 705, 150.00, 100, 73
2026/10/02 12:21:44.773, 150.19, 735, 150.00, 100, 73
2026/10/02 12:21:44.973, 150.11, 750, 150.00, 100, 73
2026/10/02 12:21:45.174, 149.87, 705, 150.00, 100, 73
2026/10/02 12:21:45.374, 149.06, 675, 150.00, 100, 73
2026/10/02 12:21:45.575, 149.77, 705, 150.00, 100, 73
2026/10/02 12:21:45.776, 135.08, 1680, 150.00, 64, 72
2026/10/02 12:21:45.976, 134.99, 840, 150.00, 0, 71
2026/10/02 12:21:46.177, 122.60, 600, 150.00, 27, 71
2026/10/02 12:21:46.377, 109.06, 1680, 150.00, 0, 71
2026/10/02 12:21:46.578, 96.23, 1695, 150.00, 0, 70
2026/10/02 12:21:46.779, 97.31, 1485, 150.00, 12, 71
2026/10/02 12:21:46.979, 115.26, 780, 150.00, 48, 72
2026/10/02 12:21:47.180, 116.73, 750, 150.00, 100, 72
2026/10/02 12:21:47.380, 128.59, 750, 150.00, 100, 72
2026/10/02 12:21:47.581, 142.60, 750, 150.00, 100, 73
2026/10/02 12:21:47.782, 146.23, 720, 150.00, 100, 72
2026/10/02 12:21:47.982, 150.75, 735, 150.00, 100, 73
2026/10/02 12:21:48.183, 150.55, 750, 150.00, 100, 73
2026/10/02 12:21:48.384, 150.49, 735, 150.00, 100, 73
2026/10/02 12:21:48.584, 149.65, 630, 150.00, 100, 73
2026/10/02 12:21:48.785, 150.18, 690, 150.00, 100, 73
2026/10/02 12:21:48.985, 150.24, 720, 150.00, 100, 73
2026/10/02 12:21:49.186, 150.32, 750, 150.00, 100, 73
2026/10/02 12:21:49.387, 150.38, 750, 150.00, 100, 73
2026/10/02 12:21:49.587, 149.22, 675, 150.00, 100, 73
2026/10/02 12:21:49.788, 149.74, 705, 150.00, 100, 73
2026/10/02 12:21:49.988, 149.91, 720, 150.00, 100, 73
2026/10/02 12:21:50.189, 150.21, 750, 150.00, 100, 73
2026/10/02 12:21:50.390, 149.99, 720, 150.00, 100, 73
2026/10/02 12:21:50.590, 149.29, 690, 150.00, 100, 73
2026/10/02 12:21:50.791, 149.75, 705, 150.00, 100, 73
2026/10/02 12:21:50.992, 151.29, 825, 150.00, 92, 73
2026/10/02 12:21:51.192, 142.80, 645, 150.00, 10, 72
2026/10/02 12:21:51.393, 142.89, 750, 150.00, 100, 73
2026/10/02 12:21:51.593, 143.78, 660, 150.00, 100, 73
2026/10/02 12:21:51.794, 144.89, 750, 150.00, 100, 73
2026/10/02 12:21:51.994, 143.71, 900, 150.00, 59, 72
2026/10/02 12:21:52.195, 148.24, 750, 150.00, 97, 73
2026/10/02 12:21:52.396, 149.59, 750, 150.00, 100, 73
2026/10/02 12:21:52.596, 149.45, 750, 150.00, 100, 73
2026/10/02 12:21:52.797, 149.47, 1665, 150.00, 78, 73
2026/10/02 12:21:52.997, 152.76, 840, 150.00, 40, 72
2026/10/02 12:21:53.198, 148.36, 690, 150.00, 98, 72
2026/10/02 12:21:53.399, 140.01, 1455, 150.00, 95, 73
2026/10/02 12:21:53.599, 125.92, 1680, 150.00, 0, 71
2026/10/02 12:21:53.800, 136.15, 1620, 150.00, 65, 72
2026/10/02 12:21:54.000, 129.30, 1485, 150.00, 100, 73
2026/10/02 12:21:54.201, 124.90, 990, 150.00, 62, 72
2026/10/02 12:21:54.401, 110.32, 1680, 150.00, 18, 71
2026/10/02 12:21:54.602, 113.11, 705, 150.00, 63, 72
2026/10/02 12:21:54.803, 115.34, 750, 150.00, 72, 73
2026/10/02 12:21:55.003, 100.98, 1245, 150.00, 55, 73
2026/10/02 12:21:55.204, 112.71, 1080, 150.00, 0, 71
2026/10/02 12:21:55.404, 115.86, 750, 150.00, 100, 72
2026/10/02 12:21:55.605, 128.53, 750, 150.00, 100, 73
2026/10/02 12:21:55.805, 140.29, 750, 150.00, 100, 73
2026/10/02 12:21:56.006, 135.29, 1590, 150.00, 100, 73
2026/10/02 12:21:56.207, 138.90, 975, 150.00, 0, 71
2026/10/02 12:21:56.407, 126.71, 1650, 150.00, 60, 72
2026/10/02 12:21:56.608, 129.16, 765, 150.00, 54, 72
2026/10/02 12:21:56.808, 129.14, 750, 150.00, 100, 73
2026/10/02 12:21:57.009, 129.19, 750, 150.00, 100, 73
2026/10/02 12:21:57.209, 129.29, 1680, 150.00, 8, 71
2026/10/02 12:21:57.410, 127.78, 600, 150.00, 0, 71
2026/10/02 12:21:57.610, 133.02, 750, 150.00, 99, 72
2026/10/02 12:21:57.811, 124.79, 585, 150.00, 59, 71
2026/10/02 12:21:58.012, 123.42, 570, 150.00, 0, 71
2026/10/02 12:21:58.212, 130.91, 750, 150.00, 100, 72
2026/10/02 12:21:58.413, 130.97, 1680, 150.00, 78, 72
2026/10/02 12:21:58.613, 115.72, 1680, 150.00, 0, 71
2026/10/02 12:21:58.814, 111.11, 1050, 150.00, 0, 70
2026/10/02 12:21:59.014, 118.11, 975, 150.00, 0, 70
2026/10/02 12:21:59.215, 109.38, 1425, 150.00, 56, 72
2026/10/02 12:21:59.415, 117.13, 765, 150.00, 59, 72
2026/10/02 12:21:59.616, 121.33, 1200, 150.00, 87, 72
2026/10/02 12:21:59.816, 129.38, 1380, 150.00, 0, 71
2026/10/02 12:22:00.017, 133.93, 1455, 150.00, 100, 72
2026/10/02 12:22:00.217, 125.66, 1035, 150.00, 63, 71
2026/10/02 12:22:00.418, 136.18, 765, 150.00, 65, 72
2026/10/02 12:22:00.619, 129.32, 660, 150.00, 3, 71
2026/10/02 12:22:00.819, 144.91, 750, 150.00, 100, 72
2026/10/02 12:22:01.020, 144.14, 750, 150.00, 100, 73
2026/10/02 12:22:01.220, 152.30, 750, 150.00, 100, 73
2026/10/02 12:22:01.421, 142.04, 660, 150.00, 100, 73
2026/10/02 12:22:01.622, 148.74, 720, 150.00, 100, 73
2026/10/02 12:22:01.822, 149.68, 750, 150.00, 100, 73
2026/10/02 12:22:02.023, 149.71, 735, 150.00, 100, 73
2026/10/02 12:22:02.223, 144.25, 600, 150.00, 26, 71
2026/10/02 12:22:02.424, 142.77, 915, 150.00, 73, 73
2026/10/02 12:22:02.624, 136.45, 1470, 150.00, 9, 73
2026/10/02 12:22:02.825, 129.34, 645, 150.00, 0, 71
2026/10/02 12:22:03.025, 129.59, 750, 150.00, 100, 72
2026/10/02 12:22:03.226, 137.55, 750, 150.00, 100, 73
2026/10/02 12:22:03.427, 134.82, 750, 150.00, 100, 73
2026/10/02 12:22:03.627, 134.54, 480, 150.00, 100, 73
2026/10/02 12:22:03.828, 149.28, 1185, 150.00, 100, 73
2026/10/02 12:22:04.028, 146.58, 750, 150.00, 61, 73
2026/10/02 12:22:04.229, 138.00, 600, 150.00, 39, 72
2026/10/02 12:22:04.429, 138.06, 750, 150.00, 100, 73
2026/10/02 12:22:04.630, 138.18, 750, 150.00, 100, 73
2026/10/02 12:22:04.831, 133.78, 1635, 150.00, 96, 73
2026/10/02 12:22:05.031, 136.77, 765, 150.00, 67, 72
2026/10/02 12:22:05.232, 145.41, 750, 150.00, 100, 73
2026/10/02 12:22:05.432, 145.70, 750, 150.00, 100, 73
2026/10/02 12:22:05.633, 145.66, 750, 150.00, 100, 73
2026/10/02 12:22:05.833, 142.76, 690, 150.00, 100, 73
2026/10/02 12:22:06.034, 149.71, 735, 150.00, 100, 73
2026/10/02 12:22:06.235, 142.12, 1605, 150.00, 100, 73
2026/10/02 12:22:06.435, 137.17, 750, 150.00, 67, 73
2026/10/02 12:22:06.636, 122.21, 1680, 150.00, 70, 72
2026/10/02 12:22:06.836, 124.70, 750, 150.00, 71, 73
2026/10/02 12:22:07.037, 125.49, 750, 150.00, 100, 73
2026/10/02 12:22:07.237, 125.88, 750, 150.00, 100, 73
2026/10/02 12:22:07.438, 133.38, 750, 150.00, 100, 73
2026/10/02 12:22:07.638, 142.82, 690, 150.00, 100, 73
2026/10/02 12:22:07.839, 149.79, 735, 150.00, 100, 73
2026/10/02 12:22:08.040, 149.68, 750, 150.00, 100, 73
2026/10/02 12:22:08.240, 149.77, 750, 150.00, 100, 73
2026/10/02 12:22:08.441, 148.44, 615, 150.00, 100, 73
2026/10/02 12:22:08.641, 143.02, 1605, 150.00, 100, 73
2026/10/02 12:22:08.842, 144.62, 780, 150.00, 0, 71
2026/10/02 12:22:09.042, 138.44, 1515, 150.00, 81, 73
2026/10/02 12:22:09.243, 124.31, 1680, 150.00, 0, 71
2026/10/02 12:22:09.443, 108.73, 1680, 150.00, 61, 71
2026/10/02 12:22:09.644, 117.12, 735, 150.00, 39, 72
2026/10/02 12:22:09.844, 131.87, 750, 150.00, 100, 73
2026/10/02 12:22:10.045, 114.01, 1335, 150.00, 100, 73
2026/10/02 12:22:10.246, 129.48, 765, 150.00, 66, 73
2026/10/02 12:22:10.446, 144.97, 750, 150.00, 100, 73
2026/10/02 12:22:10.647, 147.02, 750, 150.00, 100, 73
2026/10/02 12:22:10.847, 137.61, 1395, 150.00, 100, 73
2026/10/02 12:22:11.048, 134.43, 1185, 150.00, 0, 72
2026/10/02 12:22:11.248, 141.96, 750, 150.00, 100, 73
2026/10/02 12:22:11.449, 141.87, 750, 150.00, 100, 73
2026/10/02 12:22:11.650, 141.91, 750, 150.00, 100, 73
2026/10/02 12:22:11.850, 141.02, 540, 150.00, 100, 73
2026/10/02 12:22:12.051, 154.45, 690, 150.00, 100, 73
2026/10/02 12:22:12.251, 155.65, 765, 150.00, 42, 73
2026/10/02 12:22:12.452, 151.84, 780, 150.00, 100, 73
2026/10/02 12:22:12.652, 151.68, 750, 150.00, 100, 74
2026/10/02 12:22:12.853, 151.74, 720, 150.00, 100, 74
2026/10/02 12:22:13.054, 160.98, 795, 150.00, 34, 74
2026/10/02 12:22:13.254, 157.05, 750, 150.00, 100, 74
2026/10/02 12:22:13.455, 148.82, 1455, 150.00, 100, 74
2026/10/02 12:22:13.655, 159.75, 1560, 150.00, 46, 73
2026/10/02 12:22:13.856, 159.17, 750, 150.00, 100, 73
2026/10/02 12:22:14.056, 153.35, 750, 150.00, 95, 74
2026/10/02 12:22:14.257, 152.19, 750, 150.00, 100, 74
2026/10/02 12:22:14.458, 152.08, 645, 150.00, 100, 74
2026/10/02 12:22:14.658, 154.83, 705, 150.00, 100, 73
2026/10/02 12:22:14.859, 151.73, 735, 150.00, 100, 74
2026/10/02 12:22:15.059, 151.70, 750, 150.00, 100, 74
2026/10/02 12:22:15.260, 142.69, 675, 150.00, 31, 73
2026/10/02 12:22:15.460, 143.04, 750, 150.00, 100, 74
2026/10/02 12:22:15.661, 147.86, 750, 150.00, 39, 74
2026/10/02 12:22:15.862, 148.59, 750, 150.00, 100, 74
2026/10/02 12:22:16.062, 147.53, 735, 150.00, 100, 74
2026/10/02 12:22:16.263, 155.64, 750, 150.00, 100, 74
2026/10/02 12:22:16.463, 155.07, 735, 150.00, 100, 74
2026/10/02 12:22:16.664, 150.15, 720, 150.00, 100, 74
2026/10/02 12:22:16.864, 150.41, 750, 150.00, 100, 74
2026/10/02 12:22:17.065, 149.58, 735, 150.00, 100, 74
2026/10/02 12:22:17.266, 143.16, 1605, 150.00, 100, 74
2026/10/02 12:22:17.466, 128.75, 1665, 150.00, 64, 73
2026/10/02 12:22:17.667, 128.96, 1590, 150.00, 37, 73
2026/10/02 12:22:17.867, 132.74, 765, 150.00, 47, 73
2026/10/02 12:22:18.068, 133.39, 750, 150.00, 100, 74
2026/10/02 12:22:18.269, 133.70, 750, 150.00, 100, 74
2026/10/02 12:22:18.469, 148.47, 750, 150.00, 100, 74
2026/10/02 12:22:18.670, 146.55, 690, 150.00, 100, 74
2026/10/02 12:22:18.870, 150.49, 735, 150.00, 100, 74
2026/10/02 12:22:19.071, 150.38, 735, 150.00, 100, 74
2026/10/02 12:22:19.271, 150.43, 750, 150.00, 100, 74
2026/10/02 12:22:19.472, 149.49, 615, 150.00, 100, 74
2026/10/02 12:22:19.672, 150.13, 675, 150.00, 100, 74
2026/10/02 12:22:19.873, 150.20, 720, 150.00, 100, 74
2026/10/02 12:22:20.074, 150.35, 735, 150.00, 100, 74
2026/10/02 12:22:20.274, 150.18, 735, 150.00, 100, 74
2026/10/02 12:22:20.475, 149.29, 675, 150.00, 100, 74
2026/10/02 12:22:20.675, 149.64, 690, 150.00, 100, 74
2026/10/02 12:22:20.876, 145.27, 690, 150.00, 55, 74
2026/10/02 12:22:21.076, 150.26, 555, 150.00, 20, 74
2026/10/02 12:22:21.277, 141.41, 1575, 150.00, 53, 73
2026/10/02 12:22:21.478, 148.92, 795, 150.00, 65, 74
2026/10/02 12:22:21.679, 148.79, 525, 150.00, 21, 74
2026/10/02 12:22:21.879, 155.79, 735, 150.00, 100, 74
2026/10/02 12:22:22.080, 154.60, 735, 150.00, 95, 74
2026/10/02 12:22:22.280, 135.20, 1230, 150.00, 0, 74
2026/10/02 12:22:22.481, 137.84, 735, 150.00, 100, 74
2026/10/02 12:22:22.682, 135.34, 705, 150.00, 72, 74
2026/10/02 12:22:22.882, 129.66, 735, 150.00, 100, 74
2026/10/02 12:22:23.083, 129.51, 735, 150.00, 100, 74
2026/10/02 12:22:23.283, 137.02, 750, 150.00, 100, 74
2026/10/02 12:22:23.484, 141.93, 630, 150.00, 100, 74
2026/10/02 12:22:23.685, 149.54, 735, 150.00, 100, 74
2026/10/02 12:22:23.885, 149.49, 900, 150.00, 100, 74
2026/10/02 12:22:24.086, 149.17, 735, 150.00, 100, 75
2026/10/02 12:22:24.286, 142.78, 675, 150.00, 56, 74
2026/10/02 12:22:24.487, 142.70, 735, 150.00, 100, 74
2026/10/02 12:22:24.688, 137.77, 1605, 150.00, 49, 73
2026/10/02 12:22:24.888, 134.49, 1590, 150.00, 48, 73
2026/10/02 12:22:25.089, 126.74, 1455, 150.00, 77, 73
2026/10/02 12:22:25.289, 133.73, 735, 150.00, 100, 74
2026/10/02 12:22:25.490, 117.47, 1680, 150.00, 0, 72
2026/10/02 12:22:25.691, 103.59, 1680, 150.00, 0, 72
2026/10/02 12:22:25.891, 104.71, 1605, 150.00, 45, 72
2026/10/02 12:22:26.092, 110.92, 1650, 150.00, 23, 72
2026/10/02 12:22:26.293, 117.48, 750, 150.00, 100, 74
2026/10/02 12:22:26.493, 129.47, 750, 150.00, 100, 74
2026/10/02 12:22:26.694, 143.45, 750, 150.00, 100, 74
2026/10/02 12:22:26.894, 144.59, 720, 150.00, 100, 74
2026/10/02 12:22:27.095, 144.36, 690, 150.00, 100, 74
2026/10/02 12:22:27.296, 152.94, 750, 150.00, 100, 74
2026/10/02 12:22:27.496, 149.13, 735, 150.00, 100, 74
2026/10/02 12:22:27.697, 149.12, 735, 150.00, 100, 74
2026/10/02 12:22:27.897, 141.08, 1635, 150.00, 35, 73
2026/10/02 12:22:28.098, 145.84, 690, 150.00, 56, 74
2026/10/02 12:22:28.298, 146.96, 735, 150.00, 100, 74
2026/10/02 12:22:28.499, 147.29, 735, 150.00, 100, 75
2026/10/02 12:22:28.700, 132.48, 1680, 150.00, 0, 73
2026/10/02 12:22:28.900, 124.07, 750, 150.00, 84, 74
2026/10/02 12:22:29.101, 126.17, 840, 150.00, 51, 74
2026/10/02 12:22:29.301, 115.44, 1575, 150.00, 51, 73
2026/10/02 12:22:29.502, 104.47, 1290, 150.00, 60, 73
2026/10/02 12:22:29.702, 105.11, 1095, 150.00, 63, 73
2026/10/02 12:22:29.903, 115.73, 615, 150.00, 45, 73
2026/10/02 12:22:30.103, 110.19, 1680, 150.00, 0, 72
2026/10/02 12:22:30.304, 109.10, 735, 150.00, 100, 74
2026/10/02 12:22:30.504, 119.32, 945, 150.00, 55, 73
2026/10/02 12:22:30.705, 127.07, 600, 150.00, 46, 73
2026/10/02 12:22:30.906, 119.81, 1680, 150.00, 0, 72
2026/10/02 12:22:31.106, 109.41, 1680, 150.00, 0, 71
2026/10/02 12:22:31.307, 108.04, 765, 150.00, 80, 73
2026/10/02 12:22:31.507, 106.65, 1590, 150.00, 53, 72
2026/10/02 12:22:31.708, 98.50, 1680, 150.00, 0, 71
2026/10/02 12:22:31.908, 88.16, 1695, 150.00, 0, 71
2026/10/02 12:22:32.109, 88.26, 1695, 150.00, 0, 71
2026/10/02 12:22:32.309, 90.25, 1680, 150.00, 0, 71
2026/10/02 12:22:32.510, 77.49, 1680, 150.00, 0, 71
2026/10/02 12:22:32.710, 90.00, 1650, 150.00, 22, 71
2026/10/02 12:22:32.911, 89.93, 1680, 150.00, 0, 71
2026/10/02 12:22:33.111, 99.96, 1650, 150.00, 17, 71
2026/10/02 12:22:33.312, 110.82, 600, 150.00, 34, 72
2026/10/02 12:22:33.512, 109.99, 1680, 150.00, 0, 71
2026/10/02 12:22:33.713, 97.69, 1680, 150.00, 0, 71
2026/10/02 12:22:33.913, 109.90, 1605, 150.00, 44, 71
2026/10/02 12:22:34.114, 105.36, 1665, 150.00, 0, 71
2026/10/02 12:22:34.315, 106.21, 1680, 150.00, 0, 70
2026/10/02 12:22:34.515, 93.80, 1695, 150.00, 0, 70
2026/10/02 12:22:34.716, 103.38, 1590, 150.00, 46, 70
2026/10/02 12:22:34.916, 90.53, 1680, 150.00, 0, 70
2026/10/02 12:22:35.117, 84.90, 1695, 150.00, 0, 70
2026/10/02 12:22:35.317, 85.39, 1695, 150.00, 0, 70
2026/10/02 12:22:35.518, 104.98, 855, 150.00, 75, 72
2026/10/02 12:22:35.718, 105.14, 615, 150.00, 41, 72
2026/10/02 12:22:35.919, 105.64, 1680, 150.00, 0, 70
2026/10/02 12:22:36.119, 105.64, 1680, 150.00, 0, 70
2026/10/02 12:22:36.320, 111.77, 1680, 150.00, 0, 70
2026/10/02 12:22:36.520, 108.23, 990, 150.00, 58, 71
2026/10/02 12:22:36.721, 100.29, 1680, 150.00, 0, 70
2026/10/02 12:22:36.921, 89.32, 1695, 150.00, 0, 70
2026/10/02 12:22:37.122, 101.07, 615, 150.00, 45, 71
2026/10/02 12:22:37.323, 100.96, 1665, 150.00, 4, 70
2026/10/02 12:22:37.523, 107.15, 1500, 150.00, 73, 71
2026/10/02 12:22:37.724, 99.36, 1680, 150.00, 0, 70
2026/10/02 12:22:37.924, 111.83, 1650, 150.00, 23, 70
2026/10/02 12:22:38.125, 114.79, 1680, 150.00, 0, 70
2026/10/02 12:22:38.325, 95.97, 1680, 150.00, 0, 70
2026/10/02 12:22:38.525, 90.31, 1695, 150.00, 0, 69
2026/10/02 12:22:38.726, 98.98, 1665, 150.00, 3, 70
2026/10/02 12:22:38.926, 85.54, 1680, 150.00, 0, 69
2026/10/02 12:22:39.127, 95.51, 1650, 150.00, 23, 70
2026/10/02 12:22:39.328, 95.59, 1680, 150.00, 0, 70
2026/10/02 12:22:39.528, 106.68, 1545, 150.00, 22, 70
2026/10/02 12:22:39.729, 105.46, 765, 150.00, 100, 71
2026/10/02 12:22:39.929, 104.70, 1680, 150.00, 0, 70
2026/10/02 12:22:40.130, 91.29, 1680, 150.00, 0, 69
2026/10/02 12:22:40.330, 93.83, 1380, 150.00, 59, 70
2026/10/02 12:22:40.531, 81.66, 1680, 150.00, 0, 69
2026/10/02 12:22:40.731, 81.78, 1695, 150.00, 0, 69
2026/10/02 12:22:40.932, 76.38, 1695, 150.00, 0, 69
2026/10/02 12:22:41.133, 76.48, 1695, 150.00, 0, 69
2026/10/02 12:22:41.333, 76.52, 1695, 150.00, 0, 69
2026/10/02 12:22:41.534, 76.52, 1695, 150.00, 0, 69
2026/10/02 12:22:41.734, 85.33, 1635, 150.00, 33, 69
2026/10/02 12:22:41.935, 92.54, 1665, 150.00, 0, 69
2026/10/02 12:22:42.135, 91.87, 1485, 150.00, 64, 70
2026/10/02 12:22:42.336, 91.55, 1680, 150.00, 0, 69
2026/10/02 12:22:42.537, 90.97, 1560, 150.00, 57, 69
2026/10/02 12:22:42.737, 81.98, 1470, 150.00, 63, 70
2026/10/02 12:22:42.938, 88.82, 765, 150.00, 100, 71
2026/10/02 12:22:43.138, 87.94, 1680, 150.00, 0, 69
2026/10/02 12:22:43.339, 105.99, 735, 150.00, 93, 71
2026/10/02 12:22:43.539, 101.11, 1680, 150.00, 0, 69
2026/10/02 12:22:43.740, 102.69, 1680, 150.00, 0, 69
2026/10/02 12:22:43.941, 96.68, 1695, 150.00, 0, 69
2026/10/02 12:22:44.141, 91.05, 1695, 150.00, 0, 68
2026/10/02 12:22:44.342, 81.68, 1695, 150.00, 0, 68
2026/10/02 12:22:44.542, 81.68, 1695, 150.00, 0, 68
2026/10/02 12:22:44.743, 81.68, 1695, 150.00, 0, 68
2026/10/02 12:22:44.943, 115.28, 765, 150.00, 80, 70
2026/10/02 12:22:45.144, 124.77, 585, 150.00, 16, 70
2026/10/02 12:22:45.344, 125.35, 1350, 150.00, 63, 69
2026/10/02 12:22:45.545, 120.72, 1680, 150.00, 0, 69
2026/10/02 12:22:45.746, 114.09, 1695, 150.00, 0, 68
2026/10/02 12:22:45.946, 87.49, 1500, 150.00, 62, 69
2026/10/02 12:22:46.147, 90.02, 1260, 150.00, 59, 69
2026/10/02 12:22:46.347, 80.07, 1680, 150.00, 0, 68
2026/10/02 12:22:46.548, 99.70, 705, 150.00, 64, 70
2026/10/02 12:22:46.749, 105.86, 1650, 150.00, 29, 69
2026/10/02 12:22:46.949, 105.75, 1680, 150.00, 0, 68
2026/10/02 12:22:47.150, 106.85, 1695, 150.00, 0, 68
2026/10/02 12:22:47.350, 101.88, 1695, 150.00, 0, 68
2026/10/02 12:22:47.551, 110.04, 1050, 150.00, 100, 70
2026/10/02 12:22:47.751, 92.80, 1680, 150.00, 0, 68
2026/10/02 12:22:47.952, 112.72, 1155, 150.00, 100, 69
2026/10/02 12:22:48.152, 112.22, 1680, 150.00, 0, 68
2026/10/02 12:22:48.353, 113.54, 1380, 150.00, 61, 69
2026/10/02 12:22:48.554, 100.28, 1020, 150.00, 3, 69
2026/10/02 12:22:48.754, 92.17, 1680, 150.00, 0, 68
2026/10/02 12:22:48.955, 93.46, 1650, 150.00, 25, 68
2026/10/02 12:22:49.155, 85.94, 1485, 150.00, 57, 68
2026/10/02 12:22:49.356, 104.30, 690, 150.00, 60, 70
2026/10/02 12:22:49.556, 103.68, 930, 150.00, 5, 69
2026/10/02 12:22:49.757, 103.52, 1080, 150.00, 1, 70
2026/10/02 12:22:49.958, 88.25, 1680, 150.00, 0, 68
2026/10/02 12:22:50.158, 96.67, 1665, 150.00, 0, 68
2026/10/02 12:22:50.359, 86.91, 1680, 150.00, 0, 68
2026/10/02 12:22:50.559, 90.06, 885, 150.00, 51, 69
2026/10/02 12:22:50.760, 101.55, 540, 150.00, 19, 69
2026/10/02 12:22:50.960, 101.36, 1680, 150.00, 0, 68
2026/10/02 12:22:51.161, 97.97, 1590, 150.00, 50, 68
2026/10/02 12:22:51.361, 98.29, 1215, 150.00, 0, 68
2026/10/02 12:22:51.562, 98.11, 1545, 150.00, 61, 68
2026/10/02 12:22:51.763, 91.36, 1680, 150.00, 0, 68
2026/10/02 12:22:51.963, 79.20, 1500, 150.00, 61, 68
2026/10/02 12:22:52.164, 85.39, 780, 150.00, 46, 69
2026/10/02 12:22:52.364, 97.94, 600, 150.00, 42, 69
2026/10/02 12:22:52.565, 94.92, 1515, 150.00, 61, 68
2026/10/02 12:22:52.765, 93.25, 1680, 150.00, 0, 68
2026/10/02 12:22:52.966, 102.70, 795, 150.00, 14, 68
2026/10/02 12:22:53.166, 102.27, 1680, 150.00, 0, 68
2026/10/02 12:22:53.367, 90.84, 1680, 150.00, 0, 68
2026/10/02 12:22:53.567, 91.75, 840, 150.00, 47, 69
2026/10/02 12:22:53.768, 92.12, 1680, 150.00, 0, 68
2026/10/02 12:22:53.968, 101.98, 675, 150.00, 51, 69
2026/10/02 12:22:54.169, 100.69, 1680, 150.00, 0, 68
2026/10/02 12:22:54.369, 100.65, 1680, 150.00, 0, 67
2026/10/02 12:22:54.570, 113.56, 1650, 150.00, 20, 68
2026/10/02 12:22:54.770, 107.53, 1365, 150.00, 66, 69
2026/10/02 12:22:54.971, 120.21, 1245, 150.00, 33, 69
2026/10/02 12:22:55.171, 102.31, 1680, 150.00, 0, 68
2026/10/02 12:22:55.372, 102.67, 1680, 150.00, 0, 67
2026/10/02 12:22:55.572, 101.25, 645, 150.00, 42, 69
2026/10/02 12:22:55.773, 98.23, 1680, 150.00, 0, 67
2026/10/02 12:22:55.974, 82.39, 1680, 150.00, 0, 67
2026/10/02 12:22:56.174, 84.54, 1695, 150.00, 0, 67
2026/10/02 12:22:56.375, 84.71, 1695, 150.00, 0, 67
2026/10/02 12:22:56.575, 91.99, 1665, 150.00, 0, 67
2026/10/02 12:22:56.776, 94.68, 600, 150.00, 28, 69
2026/10/02 12:22:56.976, 102.49, 1605, 150.00, 47, 68
2026/10/02 12:22:57.177, 102.22, 1680, 150.00, 0, 67
2026/10/02 12:22:57.378, 123.37, 780, 150.00, 100, 69
2026/10/02 12:22:57.578, 114.68, 1680, 150.00, 0, 67
2026/10/02 12:22:57.779, 115.07, 1695, 150.00, 0, 67
2026/10/02 12:22:57.979, 95.51, 1305, 150.00, 62, 67
2026/10/02 12:22:58.180, 96.52, 1680, 150.00, 0, 67
2026/10/02 12:22:58.380, 82.25, 1695, 150.00, 0, 67
2026/10/02 12:22:58.581, 89.41, 1635, 150.00, 34, 67
2026/10/02 12:22:58.781, 92.37, 1680, 150.00, 0, 67
2026/10/02 12:22:58.982, 88.51, 1695, 150.00, 0, 66
2026/10/02 12:22:59.182, 88.90, 1215, 150.00, 0, 67
2026/10/02 12:22:59.383, 94.30, 1065, 150.00, 97, 68
2026/10/02 12:22:59.584, 87.09, 885, 150.00, 65, 69
2026/10/02 12:22:59.784, 99.13, 765, 150.00, 100, 69
2026/10/02 12:22:59.985, 106.74, 1470, 150.00, 100, 68
2026/10/02 12:23:00.185, 116.60, 1665, 150.00, 52, 67
2026/10/02 12:23:00.386, 109.98, 1680, 150.00, 0, 67
2026/10/02 12:23:00.586, 112.18, 1695, 150.00, 0, 67
2026/10/02 12:23:00.787, 105.96, 1170, 150.00, 0, 67
2026/10/02 12:23:00.987, 89.91, 1680, 150.00, 0, 67
2026/10/02 12:23:01.188, 83.76, 990, 150.00, 0, 68
2026/10/02 12:23:01.389, 84.28, 1680, 150.00, 72, 67
2026/10/02 12:23:01.589, 93.37, 780, 150.00, 57, 69
2026/10/02 12:23:01.790, 99.41, 1620, 150.00, 100, 68
2026/10/02 12:23:01.990, 91.89, 1680, 150.00, 0, 67
2026/10/02 12:23:02.191, 105.74, 780, 150.00, 63, 68
2026/10/02 12:23:02.391, 115.87, 780, 150.00, 100, 69
2026/10/02 12:23:02.592, 120.58, 1665, 150.00, 100, 67
2026/10/02 12:23:02.793, 106.62, 1680, 150.00, 0, 67
2026/10/02 12:23:02.993, 116.07, 630, 150.00, 11, 68
2026/10/02 12:23:03.194, 107.76, 1680, 150.00, 56, 67
2026/10/02 12:23:03.395, 96.10, 870, 150.00, 0, 68
2026/10/02 12:23:03.595, 81.38, 1680, 150.00, 65, 67
2026/10/02 12:23:03.796, 81.88, 1575, 150.00, 0, 67
2026/10/02 12:23:03.996, 73.99, 1680, 150.00, 0, 67
2026/10/02 12:23:04.197, 95.03, 645, 150.00, 62, 68
2026/10/02 12:23:04.398, 93.90, 600, 150.00, 39, 67
2026/10/02 12:23:04.598, 98.87, 1350, 150.00, 63, 68
2026/10/02 12:23:04.799, 109.71, 1665, 150.00, 44, 67
2026/10/02 12:23:04.999, 109.79, 1680, 150.00, 0, 67
2026/10/02 12:23:05.200, 102.17, 1695, 150.00, 0, 66
2026/10/02 12:23:05.401, 114.65, 1080, 150.00, 36, 68
2026/10/02 12:23:05.601, 121.45, 795, 150.00, 25, 68
2026/10/02 12:23:05.802, 115.90, 1410, 150.00, 100, 69
2026/10/02 12:23:06.002, 116.45, 1680, 150.00, 4, 67
2026/10/02 12:23:06.203, 116.41, 1695, 150.00, 0, 66
2026/10/02 12:23:06.403, 111.49, 1680, 150.00, 56, 67
2026/10/02 12:23:06.604, 112.35, 1680, 150.00, 51, 67
2026/10/02 12:23:06.804, 98.16, 1680, 150.00, 0, 66
2026/10/02 12:23:07.005, 91.24, 1695, 150.00, 0, 66
2026/10/02 12:23:07.205, 102.86, 1290, 150.00, 0, 67
2026/10/02 12:23:07.406, 111.13, 1020, 150.00, 26, 68
2026/10/02 12:23:07.607, 110.27, 1665, 150.00, 71, 67
2026/10/02 12:23:07.807, 110.83, 840, 150.00, 0, 67
2026/10/02 12:23:08.008, 125.14, 1020, 150.00, 86, 68
2026/10/02 12:23:08.208, 137.19, 1035, 150.00, 29, 68
2026/10/02 12:23:08.409, 114.17, 1680, 150.00, 23, 67
2026/10/02 12:23:08.610, 104.85, 1425, 150.00, 0, 68
2026/10/02 12:23:08.810, 105.21, 1680, 150.00, 0, 66
2026/10/02 12:23:09.011, 109.39, 1665, 150.00, 43, 66
2026/10/02 12:23:09.211, 102.93, 1680, 150.00, 0, 66
2026/10/02 12:23:09.412, 90.75, 1695, 150.00, 0, 66
2026/10/02 12:23:09.612, 90.81, 1695, 150.00, 0, 66
2026/10/02 12:23:09.813, 83.05, 1695, 150.00, 0, 66
2026/10/02 12:23:10.014, 83.10, 1695, 150.00, 0, 66
2026/10/02 12:23:10.214, 88.72, 1545, 150.00, 0, 66
2026/10/02 12:23:10.415, 88.38, 1680, 150.00, 0, 66
2026/10/02 12:23:10.615, 88.30, 1695, 150.00, 0, 66
2026/10/02 12:23:10.816, 88.26, 1695, 150.00, 0, 65
2026/10/02 12:23:11.016, 109.64, 630, 150.00, 36, 67
2026/10/02 12:23:11.217, 100.40, 1665, 150.00, 100, 66
2026/10/02 12:23:11.418, 99.00, 1680, 150.00, 0, 66
2026/10/02 12:23:11.618, 99.07, 705, 150.00, 0, 66
2026/10/02 12:23:11.819, 110.40, 1215, 150.00, 60, 67
2026/10/02 12:23:12.019, 95.47, 1680, 150.00, 14, 66
2026/10/02 12:23:12.220, 81.18, 1695, 150.00, 0, 65
2026/10/02 12:23:12.421, 82.08, 1695, 150.00, 0, 65
2026/10/02 12:23:12.621, 95.54, 1650, 150.00, 25, 66
2026/10/02 12:23:12.822, 107.11, 1680, 150.00, 47, 66
2026/10/02 12:23:13.022, 95.66, 1680, 150.00, 0, 65
2026/10/02 12:23:13.223, 95.65, 1695, 150.00, 0, 65
2026/10/02 12:23:13.423, 102.37, 795, 150.00, 0, 67
2026/10/02 12:23:13.624, 86.53, 1680, 150.00, 45, 66
2026/10/02 12:23:13.824, 76.07, 1680, 150.00, 0, 65
2026/10/02 12:23:14.025, 76.82, 585, 150.00, 0, 65
2026/10/02 12:23:14.225, 75.68, 1410, 150.00, 62, 65
2026/10/02 12:23:14.426, 78.65, 1680, 150.00, 61, 66
2026/10/02 12:23:14.627, 81.64, 1425, 150.00, 0, 67
2026/10/02 12:23:14.827, 81.29, 1680, 150.00, 0, 65
2026/10/02 12:23:15.028, 81.22, 1695, 150.00, 0, 65
2026/10/02 12:23:15.229, 82.21, 1695, 150.00, 0, 65
2026/10/02 12:23:15.429, 79.04, 1695, 150.00, 0, 65
2026/10/02 12:23:15.630, 79.39, 1695, 150.00, 0, 65
2026/10/02 12:23:15.831, 79.39, 1695, 150.00, 0, 65
2026/10/02 12:23:16.031, 100.33, 1005, 150.00, 0, 66
2026/10/02 12:23:16.231, 98.29, 1605, 150.00, 25, 65
2026/10/02 12:23:16.432, 104.56, 1035, 150.00, 11, 66
2026/10/02 12:23:16.632, 109.82, 1620, 150.00, 83, 66
2026/10/02 12:23:16.833, 106.46, 1680, 150.00, 0, 65
2026/10/02 12:23:17.034, 84.33, 1695, 150.00, 0, 65
2026/10/02 12:23:17.234, 80.98, 720, 150.00, 0, 66
2026/10/02 12:23:17.435, 73.48, 1680, 150.00, 65, 65
2026/10/02 12:23:17.635, 68.42, 1680, 150.00, 0, 65
2026/10/02 12:23:17.836, 83.97, 690, 150.00, 0, 66
2026/10/02 12:23:18.036, 98.91, 795, 150.00, 100, 67
2026/10/02 12:23:18.237, 113.89, 780, 150.00, 100, 67
2026/10/02 12:23:18.438, 124.67, 1545, 150.00, 100, 67
2026/10/02 12:23:18.638, 131.16, 810, 150.00, 1, 67
2026/10/02 12:23:18.839, 146.28, 1395, 150.00, 100, 68
2026/10/02 12:23:19.039, 124.01, 1680, 150.00, 4, 66
2026/10/02 12:23:19.240, 115.74, 1680, 150.00, 62, 66
2026/10/02 12:23:19.440, 100.70, 1215, 150.00, 0, 65
2026/10/02 12:23:19.641, 105.10, 1620, 150.00, 78, 66
2026/10/02 12:23:19.841, 96.02, 1485, 150.00, 0, 66
2026/10/02 12:23:20.042, 88.36, 1680, 150.00, 0, 65
2026/10/02 12:23:20.243, 88.17, 1680, 150.00, 59, 65
2026/10/02 12:23:20.443, 88.61, 1680, 150.00, 0, 65
2026/10/02 12:23:20.644, 81.77, 1065, 150.00, 0, 65
2026/10/02 12:23:20.844, 90.91, 780, 150.00, 62, 67
2026/10/02 12:23:21.045, 101.22, 1380, 150.00, 100, 67
2026/10/02 12:23:21.245, 93.30, 1680, 150.00, 6, 66
2026/10/02 12:23:21.446, 100.35, 795, 150.00, 0, 67
2026/10/02 12:23:21.646, 107.49, 1665, 150.00, 99, 66
2026/10/02 12:23:21.847, 106.46, 1680, 150.00, 0, 65
2026/10/02 12:23:22.047, 91.87, 1110, 150.00, 0, 65
2026/10/02 12:23:22.248, 99.11, 795, 150.00, 80, 67
2026/10/02 12:23:22.449, 111.54, 645, 150.00, 100, 67
2026/10/02 12:23:22.649, 95.79, 1680, 150.00, 53, 66
2026/10/02 12:23:22.850, 98.68, 1515, 150.00, 0, 66
2026/10/02 12:23:23.050, 102.85, 1485, 150.00, 0, 66
2026/10/02 12:23:23.251, 95.75, 1035, 150.00, 0, 65
2026/10/02 12:23:23.452, 80.39, 1680, 150.00, 58, 65
2026/10/02 12:23:23.652, 76.79, 1680, 150.00, 0, 65
2026/10/02 12:23:23.853, 75.89, 1605, 150.00, 0, 66
2026/10/02 12:23:24.053, 93.53, 1440, 150.00, 43, 66
2026/10/02 12:23:24.254, 88.97, 1245, 150.00, 2, 65
2026/10/02 12:23:24.454, 102.08, 1275, 150.00, 58, 67
2026/10/02 12:23:24.655, 120.99, 780, 150.00, 51, 67
2026/10/02 12:23:24.855, 136.07, 795, 150.00, 100, 68
2026/10/02 12:23:25.056, 140.28, 795, 150.00, 100, 68
2026/10/02 12:23:25.257, 133.49, 1680, 150.00, 77, 66
2026/10/02 12:23:25.457, 138.43, 1680, 150.00, 60, 66
2026/10/02 12:23:25.658, 115.31, 1680, 150.00, 0, 65
2026/10/02 12:23:25.858, 100.34, 1575, 150.00, 0, 66
2026/10/02 12:23:26.059, 84.95, 1680, 150.00, 0, 65
2026/10/02 12:23:26.259, 77.04, 1695, 150.00, 0, 65
2026/10/02 12:23:26.460, 70.61, 1695, 150.00, 0, 65
2026/10/02 12:23:26.660, 85.18, 1005, 150.00, 0, 67
2026/10/02 12:23:26.861, 96.90, 1530, 150.00, 84, 66
2026/10/02 12:23:27.062, 109.71, 1650, 150.00, 24, 66
2026/10/02 12:23:27.262, 109.64, 1680, 150.00, 0, 65
2026/10/02 12:23:27.463, 109.64, 1455, 150.00, 0, 65
2026/10/02 12:23:27.663, 112.94, 1680, 150.00, 61, 65
2026/10/02 12:23:27.864, 90.57, 1680, 150.00, 0, 65
2026/10/02 12:23:28.064, 73.15, 1695, 150.00, 0, 65
2026/10/02 12:23:28.265, 74.38, 1695, 150.00, 0, 65
2026/10/02 12:23:28.465, 90.41, 795, 150.00, 59, 67
2026/10/02 12:23:28.666, 94.99, 1410, 150.00, 76, 66
2026/10/02 12:23:28.866, 94.90, 1680, 150.00, 2, 65
2026/10/02 12:23:29.067, 94.94, 1695, 150.00, 0, 65
2026/10/02 12:23:29.267, 94.87, 1695, 150.00, 0, 65
2026/10/02 12:23:29.468, 94.15, 1455, 150.00, 0, 65
2026/10/02 12:23:29.668, 85.81, 1680, 150.00, 0, 65
2026/10/02 12:23:29.869, 91.36, 1665, 150.00, 32, 65
2026/10/02 12:23:30.069, 91.19, 1305, 150.00, 0, 65
2026/10/02 12:23:30.270, 94.63, 750, 150.00, 61, 66
2026/10/02 12:23:30.470, 93.98, 1680, 150.00, 64, 65
2026/10/02 12:23:30.671, 86.73, 1020, 150.00, 0, 65
2026/10/02 12:23:30.871, 72.71, 1320, 150.00, 60, 65
2026/10/02 12:23:31.072, 76.40, 1680, 150.00, 61, 65
2026/10/02 12:23:31.272, 73.80, 1680, 150.00, 0, 65
2026/10/02 12:23:31.473, 87.01, 1650, 150.00, 26, 65
2026/10/02 12:23:31.673, 87.02, 1680, 150.00, 0, 65
2026/10/02 12:23:31.874, 99.57, 1665, 150.00, 33, 65
2026/10/02 12:23:32.074, 105.04, 795, 150.00, 0, 66
2026/10/02 12:23:32.275, 105.96, 1680, 150.00, 80, 65
2026/10/02 12:23:32.475, 91.29, 1680, 150.00, 0, 64
2026/10/02 12:23:32.676, 104.29, 645, 150.00, 0, 66
2026/10/02 12:23:32.876, 97.36, 1395, 150.00, 38, 66
2026/10/02 12:23:33.077, 117.88, 750, 150.00, 56, 67
2026/10/02 12:23:33.277, 114.29, 1575, 150.00, 93, 66
2026/10/02 12:23:33.478, 120.53, 810, 150.00, 0, 67
2026/10/02 12:23:33.679, 119.45, 1680, 150.00, 63, 65
2026/10/02 12:23:33.879, 108.81, 1680, 150.00, 0, 65
2026/10/02 12:23:34.080, 91.71, 1695, 150.00, 0, 64
2026/10/02 12:23:34.280, 76.01, 1425, 150.00, 0, 64
2026/10/02 12:23:34.480, 79.08, 1680, 150.00, 61, 65
2026/10/02 12:23:34.681, 94.33, 750, 150.00, 55, 66
2026/10/02 12:23:34.882, 102.99, 1575, 150.00, 100, 66
2026/10/02 12:23:35.082, 116.89, 1050, 150.00, 0, 67
2026/10/02 12:23:35.283, 135.85, 1245, 150.00, 78, 67
2026/10/02 12:23:35.483, 131.65, 1680, 150.00, 14, 65
2026/10/02 12:23:35.684, 126.87, 1680, 150.00, 57, 65
2026/10/02 12:23:35.884, 107.79, 1680, 150.00, 0, 65
2026/10/02 12:23:36.085, 117.88, 1650, 150.00, 18, 65
2026/10/02 12:23:36.285, 95.30, 1680, 150.00, 0, 64
2026/10/02 12:23:36.486, 85.32, 1695, 150.00, 0, 64
2026/10/02 12:23:36.686, 103.16, 1245, 150.00, 28, 66
2026/10/02 12:23:36.887, 126.26, 705, 150.00, 36, 67
2026/10/02 12:23:37.087, 114.28, 1680, 150.00, 0, 65
2026/10/02 12:23:37.288, 114.46, 1695, 150.00, 0, 64
2026/10/02 12:23:37.489, 123.73, 1680, 150.00, 9, 65
2026/10/02 12:23:37.690, 101.40, 1680, 150.00, 0, 64
2026/10/02 12:23:37.890, 78.63, 1695, 150.00, 0, 64
2026/10/02 12:23:38.091, 88.00, 795, 150.00, 60, 66
2026/10/02 12:23:38.291, 102.89, 1110, 150.00, 38, 66
2026/10/02 12:23:38.492, 98.93, 795, 150.00, 98, 66
2026/10/02 12:23:38.692, 99.06, 1560, 150.00, 60, 66
2026/10/02 12:23:38.893, 113.02, 1665, 150.00, 31, 65
2026/10/02 12:23:39.093, 126.86, 1665, 150.00, 30, 65
2026/10/02 12:23:39.294, 116.47, 1680, 150.00, 0, 65
2026/10/02 12:23:39.495, 104.54, 1695, 150.00, 0, 64
2026/10/02 12:23:39.695, 111.10, 1275, 150.00, 45, 66
2026/10/02 12:23:39.896, 95.01, 1680, 150.00, 0, 64
2026/10/02 12:23:40.096, 81.04, 1695, 150.00, 0, 64
2026/10/02 12:23:40.297, 82.08, 1695, 150.00, 0, 64
2026/10/02 12:23:40.498, 83.07, 1560, 150.00, 60, 65
2026/10/02 12:23:40.698, 82.90, 1560, 150.00, 60, 65
2026/10/02 12:23:40.898, 71.01, 1680, 150.00, 0, 64
2026/10/02 12:23:41.099, 81.74, 675, 150.00, 16, 65
2026/10/02 12:23:41.300, 88.07, 1665, 150.00, 26, 65
2026/10/02 12:23:41.500, 94.49, 1680, 150.00, 0, 65
2026/10/02 12:23:41.701, 93.71, 1680, 150.00, 0, 64
2026/10/02 12:23:41.902, 93.77, 1695, 150.00, 0, 64
2026/10/02 12:23:42.102, 93.87, 1695, 150.00, 0, 64
2026/10/02 12:23:42.303, 94.34, 795, 150.00, 100, 66
2026/10/02 12:23:42.504, 87.74, 1680, 150.00, 0, 65
2026/10/02 12:23:42.704, 88.06, 1680, 150.00, 0, 64
2026/10/02 12:23:42.905, 90.23, 1530, 150.00, 57, 65
2026/10/02 12:23:43.105, 89.84, 1680, 150.00, 0, 64
2026/10/02 12:23:43.306, 78.89, 1695, 150.00, 0, 64
2026/10/02 12:23:43.506, 80.65, 750, 150.00, 81, 65
2026/10/02 12:23:43.707, 95.98, 795, 150.00, 100, 66
2026/10/02 12:23:43.908, 97.09, 1680, 150.00, 0, 65
2026/10/02 12:23:44.108, 95.30, 1680, 150.00, 0, 64
2026/10/02 12:23:44.309, 113.28, 825, 150.00, 100, 66
2026/10/02 12:23:44.509, 120.46, 1080, 150.00, 4, 65
2026/10/02 12:23:44.710, 104.22, 1680, 150.00, 0, 65
2026/10/02 12:23:44.911, 95.32, 1680, 150.00, 0, 64
2026/10/02 12:23:45.111, 116.73, 1440, 150.00, 100, 65
2026/10/02 12:23:45.312, 116.97, 1680, 150.00, 9, 65
2026/10/02 12:23:45.512, 115.26, 1680, 150.00, 21, 65
2026/10/02 12:23:45.713, 140.40, 795, 150.00, 73, 66
2026/10/02 12:23:45.913, 147.63, 1680, 150.00, 0, 65
2026/10/02 12:23:46.114, 144.72, 1680, 150.00, 11, 65
2026/10/02 12:23:46.314, 125.67, 1680, 150.00, 0, 64
2026/10/02 12:23:46.515, 126.88, 1185, 150.00, 25, 65
2026/10/02 12:23:46.716, 120.61, 1560, 150.00, 58, 65
2026/10/02 12:23:46.916, 116.36, 645, 150.00, 32, 65
2026/10/02 12:23:47.117, 106.01, 1680, 150.00, 0, 65
2026/10/02 12:23:47.317, 118.85, 1680, 150.00, 35, 65
2026/10/02 12:23:47.518, 118.80, 1680, 150.00, 0, 64
2026/10/02 12:23:47.719, 118.57, 1680, 150.00, 22, 65
2026/10/02 12:23:47.919, 95.27, 1680, 150.00, 0, 64
2026/10/02 12:23:48.120, 95.28, 1695, 150.00, 0, 64
2026/10/02 12:23:48.320, 82.26, 1695, 150.00, 0, 64
2026/10/02 12:23:48.521, 95.99, 675, 150.00, 24, 65
2026/10/02 12:23:48.721, 80.77, 660, 150.00, 0, 65
2026/10/02 12:23:48.922, 81.72, 1620, 150.00, 61, 65
2026/10/02 12:23:49.122, 81.54, 1455, 150.00, 0, 64
2026/10/02 12:23:49.323, 95.67, 765, 150.00, 81, 66
2026/10/02 12:23:49.524, 88.33, 1665, 150.00, 47, 65
2026/10/02 12:23:49.724, 115.55, 1350, 150.00, 62, 66
2026/10/02 12:23:49.925, 122.30, 1095, 150.00, 98, 66
2026/10/02 12:23:50.125, 131.55, 1485, 150.00, 50, 66
2026/10/02 12:23:50.326, 129.96, 810, 150.00, 55, 66
2026/10/02 12:23:50.526, 122.56, 1680, 150.00, 0, 65
2026/10/02 12:23:50.727, 130.77, 795, 150.00, 100, 66
2026/10/02 12:23:50.928, 127.89, 1650, 150.00, 65, 66
2026/10/02 12:23:51.128, 129.45, 810, 150.00, 67, 66
2026/10/02 12:23:51.329, 134.35, 780, 150.00, 100, 67
2026/10/02 12:23:51.529, 142.93, 780, 150.00, 100, 67
2026/10/02 12:23:51.730, 133.42, 1470, 150.00, 46, 67
2026/10/02 12:23:51.930, 125.88, 780, 150.00, 87, 67
2026/10/02 12:23:52.131, 141.94, 795, 150.00, 95, 67
2026/10/02 12:23:52.331, 142.19, 795, 150.00, 100, 67
2026/10/02 12:23:52.532, 142.59, 795, 150.00, 100, 68
2026/10/02 12:23:52.733, 147.72, 690, 150.00, 100, 67
2026/10/02 12:23:52.933, 150.84, 780, 150.00, 100, 67
2026/10/02 12:23:53.134, 150.25, 780, 150.00, 100, 68
2026/10/02 12:23:53.334, 150.24, 780, 150.00, 100, 68
2026/10/02 12:23:53.535, 142.08, 1680, 150.00, 13, 66
2026/10/02 12:23:53.736, 137.12, 1095, 150.00, 16, 67
2026/10/02 12:23:53.936, 123.99, 660, 150.00, 58, 66
2026/10/02 12:23:54.137, 123.47, 1335, 150.00, 100, 68
2026/10/02 12:23:54.337, 107.82, 1680, 150.00, 0, 66
2026/10/02 12:23:54.538, 97.17, 1590, 150.00, 61, 66
2026/10/02 12:23:54.738, 110.41, 1245, 150.00, 100, 67
2026/10/02 12:23:54.939, 120.07, 1530, 150.00, 100, 68
2026/10/02 12:23:55.139, 134.62, 1530, 150.00, 92, 67
2026/10/02 12:23:55.340, 127.30, 1680, 150.00, 0, 66
2026/10/02 12:23:55.541, 127.29, 1695, 150.00, 0, 65
2026/10/02 12:23:55.741, 129.54, 780, 150.00, 40, 67
2026/10/02 12:23:55.942, 126.70, 795, 150.00, 100, 67
2026/10/02 12:23:56.142, 104.64, 1650, 150.00, 57, 67
2026/10/02 12:23:56.343, 103.04, 1575, 150.00, 59, 66
2026/10/02 12:23:56.543, 120.67, 1365, 150.00, 100, 67
2026/10/02 12:23:56.744, 119.85, 1635, 150.00, 58, 66
2026/10/02 12:23:56.944, 107.13, 795, 150.00, 65, 67
2026/10/02 12:23:57.145, 115.36, 1230, 150.00, 100, 68
2026/10/02 12:23:57.346, 138.41, 780, 150.00, 79, 68
2026/10/02 12:23:57.546, 131.79, 735, 150.00, 84, 68
2026/10/02 12:23:57.747, 126.09, 1620, 150.00, 60, 67
2026/10/02 12:23:57.947, 133.92, 780, 150.00, 86, 68
2026/10/02 12:23:58.148, 133.64, 780, 150.00, 100, 68
2026/10/02 12:23:58.348, 119.81, 630, 150.00, 64, 67
2026/10/02 12:23:58.549, 103.78, 630, 150.00, 0, 67
2026/10/02 12:23:58.749, 101.18, 1680, 150.00, 0, 66
2026/10/02 12:23:58.950, 106.65, 1065, 150.00, 99, 67
2026/10/02 12:23:59.150, 98.80, 1530, 150.00, 60, 67
2026/10/02 12:23:59.351, 102.43, 690, 150.00, 25, 68
2026/10/02 12:23:59.551, 108.53, 630, 150.00, 34, 67
2026/10/02 12:23:59.752, 123.96, 780, 150.00, 100, 68
2026/10/02 12:23:59.953, 131.00, 1680, 150.00, 15, 67
2026/10/02 12:24:00.153, 125.25, 705, 150.00, 60, 68
2026/10/02 12:24:00.354, 124.17, 1215, 150.00, 77, 68
2026/10/02 12:24:00.554, 108.35, 1680, 150.00, 0, 66
2026/10/02 12:24:00.755, 105.39, 705, 150.00, 57, 67
2026/10/02 12:24:00.955, 96.21, 1650, 150.00, 61, 67
2026/10/02 12:24:01.156, 96.70, 1680, 150.00, 0, 66
2026/10/02 12:24:01.356, 90.22, 600, 150.00, 0, 66
2026/10/02 12:24:01.557, 93.81, 1185, 150.00, 100, 68
2026/10/02 12:24:01.757, 92.74, 1680, 150.00, 0, 66
2026/10/02 12:24:01.958, 83.10, 1695, 150.00, 0, 66
2026/10/02 12:24:02.159, 91.00, 810, 150.00, 73, 67
2026/10/02 12:24:02.359, 89.96, 1650, 150.00, 64, 66
2026/10/02 12:24:02.560, 91.90, 1560, 150.00, 59, 67
2026/10/02 12:24:02.760, 97.28, 885, 150.00, 41, 67
2026/10/02 12:24:02.961, 112.31, 780, 150.00, 100, 68
2026/10/02 12:24:03.161, 127.18, 780, 150.00, 100, 68
2026/10/02 12:24:03.362, 133.42, 855, 150.00, 15, 67
2026/10/02 12:24:03.562, 142.04, 1680, 150.00, 37, 67
2026/10/02 12:24:03.763, 147.54, 630, 150.00, 27, 67
2026/10/02 12:24:03.963, 141.73, 1335, 150.00, 33, 68
2026/10/02 12:24:04.164, 125.95, 1680, 150.00, 0, 66
2026/10/02 12:24:04.365, 111.00, 1695, 150.00, 0, 66
2026/10/02 12:24:04.565, 110.14, 1665, 150.00, 37, 66
2026/10/02 12:24:04.766, 101.18, 1665, 150.00, 51, 66
2026/10/02 12:24:04.966, 114.81, 1680, 150.00, 18, 66
2026/10/02 12:24:05.167, 123.40, 795, 150.00, 100, 67
2026/10/02 12:24:05.367, 138.46, 780, 150.00, 100, 68
2026/10/02 12:24:05.568, 139.04, 780, 150.00, 100, 68
2026/10/02 12:24:05.769, 149.43, 735, 150.00, 100, 68
2026/10/02 12:24:05.969, 150.30, 735, 150.00, 100, 68
2026/10/02 12:24:06.170, 150.78, 780, 150.00, 100, 68
2026/10/02 12:24:06.370, 150.94, 780, 150.00, 100, 69
2026/10/02 12:24:06.571, 150.91, 780, 150.00, 100, 69
2026/10/02 12:24:06.771, 150.30, 660, 150.00, 100, 69
2026/10/02 12:24:06.972, 149.96, 735, 150.00, 100, 68
2026/10/02 12:24:07.173, 150.12, 765, 150.00, 100, 69
2026/10/02 12:24:07.373, 150.11, 780, 150.00, 100, 69
2026/10/02 12:24:07.574, 150.02, 765, 150.00, 100, 69
2026/10/02 12:24:07.774, 148.93, 705, 150.00, 100, 69
2026/10/02 12:24:07.975, 149.29, 735, 150.00, 100, 69
2026/10/02 12:24:08.175, 149.92, 750, 150.00, 100, 69
2026/10/02 12:24:08.376, 149.87, 765, 150.00, 100, 69
2026/10/02 12:24:08.576, 149.84, 735, 150.00, 100, 69
2026/10/02 12:24:08.777, 149.20, 705, 150.00, 100, 69
2026/10/02 12:24:08.978, 149.63, 735, 150.00, 100, 69
2026/10/02 12:24:09.178, 142.02, 1680, 150.00, 25, 68
2026/10/02 12:24:09.379, 134.60, 780, 150.00, 70, 69
2026/10/02 12:24:09.579, 131.06, 1065, 150.00, 95, 69
2026/10/02 12:24:09.780, 115.58, 1005, 150.00, 0, 67
2026/10/02 12:24:09.980, 121.41, 870, 150.00, 38, 69
2026/10/02 12:24:10.181, 121.14, 765, 150.00, 98, 69
2026/10/02 12:24:10.381, 136.23, 1005, 150.00, 29, 69
2026/10/02 12:24:10.582, 141.41, 765, 150.00, 100, 69
2026/10/02 12:24:10.783, 141.26, 870, 150.00, 61, 68
2026/10/02 12:24:10.983, 145.27, 780, 150.00, 79, 69
2026/10/02 12:24:11.184, 127.25, 1665, 150.00, 58, 68
2026/10/02 12:24:11.384, 121.53, 1680, 150.00, 0, 67
2026/10/02 12:24:11.585, 105.82, 720, 150.00, 11, 67
2026/10/02 12:24:11.786, 96.94, 1680, 150.00, 33, 67
2026/10/02 12:24:11.986, 106.82, 1665, 150.00, 38, 67
2026/10/02 12:24:12.186, 108.92, 1470, 150.00, 48, 68
2026/10/02 12:24:12.387, 122.99, 1380, 150.00, 36, 68
2026/10/02 12:24:12.587, 135.03, 1170, 150.00, 23, 68
2026/10/02 12:24:12.788, 125.51, 1575, 150.00, 59, 68
2026/10/02 12:24:12.988, 114.29, 690, 150.00, 5, 68
2026/10/02 12:24:13.189, 114.04, 1680, 150.00, 0, 67
2026/10/02 12:24:13.390, 106.94, 780, 150.00, 73, 67
2026/10/02 12:24:13.590, 92.84, 1110, 150.00, 0, 67
2026/10/02 12:24:13.791, 92.68, 1605, 150.00, 89, 67
2026/10/02 12:24:13.991, 106.25, 780, 150.00, 100, 69
2026/10/02 12:24:14.192, 120.00, 780, 150.00, 100, 69
2026/10/02 12:24:14.393, 135.05, 780, 150.00, 100, 69
2026/10/02 12:24:14.593, 147.11, 765, 150.00, 100, 69
2026/10/02 12:24:14.794, 152.25, 1290, 150.00, 100, 69
2026/10/02 12:24:14.994, 156.45, 780, 150.00, 90, 69
2026/10/02 12:24:15.195, 156.71, 1020, 150.00, 100, 69
2026/10/02 12:24:15.396, 159.80, 780, 150.00, 70, 69
2026/10/02 12:24:15.596, 159.66, 600, 150.00, 100, 70
2026/10/02 12:24:15.797, 160.11, 750, 150.00, 100, 69
2026/10/02 12:24:15.998, 155.62, 1455, 150.00, 100, 70
2026/10/02 12:24:16.198, 140.10, 1680, 150.00, 19, 68
2026/10/02 12:24:16.399, 134.32, 870, 150.00, 0, 69
2026/10/02 12:24:16.599, 133.96, 930, 150.00, 88, 68
2026/10/02 12:24:16.800, 137.17, 1110, 150.00, 68, 69
2026/10/02 12:24:17.001, 138.83, 1575, 150.00, 82, 69
2026/10/02 12:24:17.201, 131.70, 1680, 150.00, 0, 67
2026/10/02 12:24:17.402, 156.30, 750, 150.00, 46, 69
2026/10/02 12:24:17.602, 150.81, 780, 150.00, 100, 69
2026/10/02 12:24:17.803, 149.18, 765, 150.00, 100, 70
2026/10/02 12:24:18.003, 140.64, 1680, 150.00, 100, 68
2026/10/02 12:24:18.204, 132.48, 645, 150.00, 1, 68
2026/10/02 12:24:18.404, 121.46, 1680, 150.00, 60, 67
2026/10/02 12:24:18.605, 122.07, 780, 150.00, 37, 69
2026/10/02 12:24:18.805, 113.94, 1650, 150.00, 100, 68
2026/10/02 12:24:19.006, 106.29, 795, 150.00, 0, 69
2026/10/02 12:24:19.207, 115.29, 975, 150.00, 81, 69
2026/10/02 12:24:19.407, 126.68, 1020, 150.00, 51, 69
2026/10/02 12:24:19.608, 121.27, 1515, 150.00, 45, 69
2026/10/02 12:24:19.808, 112.28, 795, 150.00, 4, 69
2026/10/02 12:24:20.009, 119.70, 1680, 150.00, 100, 68
2026/10/02 12:24:20.209, 111.29, 615, 150.00, 0, 67
2026/10/02 12:24:20.410, 105.30, 615, 150.00, 60, 68
2026/10/02 12:24:20.611, 108.05, 780, 150.00, 93, 69
2026/10/02 12:24:20.811, 114.19, 780, 150.00, 100, 69
2026/10/02 12:24:21.012, 115.37, 765, 150.00, 100, 70
2026/10/02 12:24:21.212, 123.03, 1680, 150.00, 100, 68
2026/10/02 12:24:21.413, 124.08, 1605, 150.00, 0, 68
2026/10/02 12:24:21.614, 130.79, 1365, 150.00, 0, 69
2026/10/02 12:24:21.814, 115.11, 1680, 150.00, 22, 67
2026/10/02 12:24:22.015, 112.08, 705, 150.00, 0, 68
2026/10/02 12:24:22.215, 103.44, 615, 150.00, 100, 68
2026/10/02 12:24:22.416, 103.67, 1680, 150.00, 61, 67
2026/10/02 12:24:22.617, 102.36, 1680, 150.00, 0, 67
2026/10/02 12:24:22.817, 90.01, 645, 150.00, 0, 67
2026/10/02 12:24:23.018, 95.58, 795, 150.00, 59, 69
2026/10/02 12:24:23.218, 93.51, 1440, 150.00, 100, 69
2026/10/02 12:24:23.419, 101.68, 1545, 150.00, 19, 68
2026/10/02 12:24:23.620, 124.30, 1380, 150.00, 43, 69
2026/10/02 12:24:23.820, 133.29, 630, 150.00, 41, 68
2026/10/02 12:24:24.021, 135.36, 1170, 150.00, 62, 67
2026/10/02 12:24:24.221, 136.98, 780, 150.00, 58, 69
2026/10/02 12:24:24.422, 134.78, 1110, 150.00, 100, 68
2026/10/02 12:24:24.622, 132.63, 705, 150.00, 59, 69
2026/10/02 12:24:24.823, 125.96, 765, 150.00, 100, 69
2026/10/02 12:24:25.023, 136.56, 660, 150.00, 90, 69
2026/10/02 12:24:25.224, 142.52, 780, 150.00, 100, 69
2026/10/02 12:24:25.424, 142.35, 780, 150.00, 99, 70
2026/10/02 12:24:25.625, 150.20, 1200, 150.00, 100, 70
2026/10/02 12:24:25.826, 144.25, 720, 150.00, 62, 69
2026/10/02 12:24:26.026, 138.60, 1680, 150.00, 100, 68
2026/10/02 12:24:26.227, 125.38, 1680, 150.00, 0, 68
2026/10/02 12:24:26.427, 110.67, 1695, 150.00, 0, 67
2026/10/02 12:24:26.628, 101.04, 780, 150.00, 0, 69
2026/10/02 12:24:26.828, 97.16, 780, 150.00, 100, 69
2026/10/02 12:24:27.029, 106.53, 780, 150.00, 100, 70
2026/10/02 12:24:27.230, 122.33, 765, 150.00, 100, 70
2026/10/02 12:24:27.430, 133.99, 690, 150.00, 100, 69
2026/10/02 12:24:27.631, 147.38, 765, 150.00, 100, 70
2026/10/02 12:24:27.831, 149.42, 765, 150.00, 100, 70
2026/10/02 12:24:28.032, 149.13, 765, 150.00, 100, 70
2026/10/02 12:24:28.233, 148.85, 645, 150.00, 100, 70
2026/10/02 12:24:28.433, 146.79, 705, 150.00, 100, 70
2026/10/02 12:24:28.634, 149.87, 750, 150.00, 100, 70
2026/10/02 12:24:28.834, 150.14, 765, 150.00, 100, 70
2026/10/02 12:24:29.035, 142.13, 1680, 150.00, 100, 69
2026/10/02 12:24:29.236, 138.84, 780, 150.00, 0, 70
2026/10/02 12:24:29.436, 132.62, 720, 150.00, 100, 69
2026/10/02 12:24:29.637, 119.61, 1680, 150.00, 59, 68
2026/10/02 12:24:29.837, 115.30, 780, 150.00, 0, 69
2026/10/02 12:24:30.038, 111.06, 915, 150.00, 96, 70
2026/10/02 12:24:30.238, 125.18, 780, 150.00, 73, 70
2026/10/02 12:24:30.439, 121.22, 765, 150.00, 100, 70
2026/10/02 12:24:30.639, 135.33, 765, 150.00, 100, 70
2026/10/02 12:24:30.840, 150.09, 765, 150.00, 100, 70
2026/10/02 12:24:31.041, 137.08, 1680, 150.00, 90, 69
2026/10/02 12:24:31.241, 133.80, 1680, 150.00, 0, 68
2026/10/02 12:24:31.442, 113.19, 1695, 150.00, 0, 68
2026/10/02 12:24:31.642, 109.83, 1680, 150.00, 19, 68
2026/10/02 12:24:31.843, 95.16, 1140, 150.00, 0, 68
2026/10/02 12:24:32.043, 89.40, 780, 150.00, 60, 69
2026/10/02 12:24:32.244, 96.08, 630, 150.00, 100, 68
2026/10/02 12:24:32.445, 106.80, 735, 150.00, 62, 69
2026/10/02 12:24:32.645, 108.39, 765, 150.00, 100, 70
2026/10/02 12:24:32.846, 124.36, 765, 150.00, 100, 70
2026/10/02 12:24:33.047, 131.80, 1680, 150.00, 100, 69
2026/10/02 12:24:33.247, 122.92, 1635, 150.00, 0, 69
2026/10/02 12:24:33.448, 121.11, 1680, 150.00, 0, 68
2026/10/02 12:24:33.648, 105.88, 585, 150.00, 0, 67
2026/10/02 12:24:33.849, 94.71, 1665, 150.00, 58, 68
2026/10/02 12:24:34.049, 80.88, 1650, 150.00, 0, 68
2026/10/02 12:24:34.250, 81.69, 1680, 150.00, 0, 67
2026/10/02 12:24:34.450, 76.89, 1695, 150.00, 0, 67
2026/10/02 12:24:34.651, 83.18, 780, 150.00, 0, 69
2026/10/02 12:24:34.851, 94.82, 1590, 150.00, 100, 69
2026/10/02 12:24:35.052, 105.98, 1470, 150.00, 23, 69
2026/10/02 12:24:35.253, 117.95, 780, 150.00, 37, 69
2026/10/02 12:24:35.453, 132.54, 960, 150.00, 100, 70
2026/10/02 12:24:35.654, 138.99, 780, 150.00, 72, 70
2026/10/02 12:24:35.854, 131.83, 1680, 150.00, 100, 69
2026/10/02 12:24:36.055, 128.90, 780, 150.00, 0, 69
2026/10/02 12:24:36.255, 135.60, 780, 150.00, 91, 70
2026/10/02 12:24:36.456, 121.31, 1665, 150.00, 100, 69
2026/10/02 12:24:36.656, 124.29, 1605, 150.00, 0, 69
2026/10/02 12:24:36.857, 109.63, 660, 150.00, 5, 68
2026/10/02 12:24:37.057, 115.49, 615, 150.00, 92, 68
2026/10/02 12:24:37.258, 107.02, 1680, 150.00, 61, 68
2026/10/02 12:24:37.458, 98.23, 750, 150.00, 0, 68
2026/10/02 12:24:37.659, 113.44, 1575, 150.00, 100, 70
2026/10/02 12:24:37.859, 110.26, 945, 150.00, 18, 69
2026/10/02 12:24:38.060, 111.88, 780, 150.00, 79, 70
2026/10/02 12:24:38.261, 122.23, 765, 150.00, 100, 70
2026/10/02 12:24:38.461, 137.38, 765, 150.00, 100, 70
2026/10/02 12:24:38.662, 136.05, 735, 150.00, 100, 70
2026/10/02 12:24:38.862, 142.52, 750, 150.00, 100, 70
2026/10/02 12:24:39.063, 148.82, 765, 150.00, 100, 70
2026/10/02 12:24:39.263, 149.23, 1575, 150.00, 100, 71
2026/10/02 12:24:39.464, 141.02, 675, 150.00, 19, 70
2026/10/02 12:24:39.665, 140.25, 765, 150.00, 73, 70
2026/10/02 12:24:39.865, 135.02, 1680, 150.00, 100, 69
2026/10/02 12:24:40.065, 131.01, 720, 150.00, 0, 70
2026/10/02 12:24:40.266, 130.90, 1305, 150.00, 79, 70
2026/10/02 12:24:40.467, 139.87, 765, 150.00, 69, 70
2026/10/02 12:24:40.667, 140.38, 765, 150.00, 100, 71
2026/10/02 12:24:40.868, 138.86, 660, 150.00, 100, 70
2026/10/02 12:24:41.068, 153.89, 750, 150.00, 100, 71
2026/10/02 12:24:41.269, 151.32, 750, 150.00, 100, 71
2026/10/02 12:24:41.469, 150.01, 765, 150.00, 100, 71
2026/10/02 12:24:41.670, 150.03, 675, 150.00, 100, 71
2026/10/02 12:24:41.870, 148.68, 720, 150.00, 100, 71
2026/10/02 12:24:42.071, 150.20, 1350, 150.00, 100, 71
2026/10/02 12:24:42.272, 142.47, 840, 150.00, 47, 70
2026/10/02 12:24:42.472, 143.83, 1575, 150.00, 96, 71
2026/10/02 12:24:42.673, 128.65, 1680, 150.00, 16, 69
2026/10/02 12:24:42.873, 120.57, 1290, 150.00, 0, 69
2026/10/02 12:24:43.074, 105.48, 1665, 150.00, 48, 69
2026/10/02 12:24:43.274, 99.56, 1335, 150.00, 0, 68
2026/10/02 12:24:43.475, 108.80, 1350, 150.00, 34, 70
2026/10/02 12:24:43.676, 100.75, 1680, 150.00, 45, 68
2026/10/02 12:24:43.876, 100.65, 585, 150.00, 0, 68
2026/10/02 12:24:44.077, 110.82, 1170, 150.00, 67, 70
2026/10/02 12:24:44.277, 119.02, 1590, 150.00, 62, 70
2026/10/02 12:24:44.478, 110.14, 735, 150.00, 9, 70
2026/10/02 12:24:44.679, 105.86, 1680, 150.00, 100, 69
2026/10/02 12:24:44.879, 105.92, 1680, 150.00, 0, 68
2026/10/02 12:24:45.080, 98.74, 1650, 150.00, 0, 68
2026/10/02 12:24:45.280, 101.77, 1350, 150.00, 0, 69
2026/10/02 12:24:45.481, 116.23, 1470, 150.00, 67, 70
2026/10/02 12:24:45.681, 103.02, 1680, 150.00, 33, 68
2026/10/02 12:24:45.882, 104.10, 1395, 150.00, 0, 68
2026/10/02 12:24:46.082, 125.79, 780, 150.00, 33, 69
2026/10/02 12:24:46.283, 140.68, 765, 150.00, 100, 70
2026/10/02 12:24:46.483, 134.55, 765, 150.00, 100, 70
2026/10/02 12:24:46.684, 138.61, 540, 150.00, 100, 70
2026/10/02 12:24:46.885, 151.31, 735, 150.00, 100, 70
2026/10/02 12:24:47.085, 150.82, 765, 150.00, 100, 70
2026/10/02 12:24:47.286, 150.76, 1020, 150.00, 100, 71
2026/10/02 12:24:47.486, 140.57, 1680, 150.00, 82, 69
2026/10/02 12:24:47.687, 126.04, 1680, 150.00, 0, 68
2026/10/02 12:24:47.888, 131.82, 780, 150.00, 17, 70
2026/10/02 12:24:48.088, 132.35, 765, 150.00, 100, 70
2026/10/02 12:24:48.289, 132.88, 765, 150.00, 100, 70
2026/10/02 12:24:48.489, 145.88, 765, 150.00, 92, 70
2026/10/02 12:24:48.690, 158.68, 750, 150.00, 54, 70
2026/10/02 12:24:48.890, 140.24, 1680, 150.00, 95, 69
2026/10/02 12:24:49.091, 136.76, 915, 150.00, 0, 68
2026/10/02 12:24:49.292, 130.47, 765, 150.00, 48, 70
2026/10/02 12:24:49.492, 123.86, 585, 150.00, 80, 69
2026/10/02 12:24:49.693, 121.84, 765, 150.00, 56, 70
2026/10/02 12:24:49.893, 135.56, 1320, 150.00, 100, 71
2026/10/02 12:24:50.094, 134.65, 1680, 150.00, 66, 69
2026/10/02 12:24:50.294, 122.04, 615, 150.00, 0, 68
2026/10/02 12:24:50.495, 120.59, 1665, 150.00, 80, 69
2026/10/02 12:24:50.695, 104.23, 1665, 150.00, 0, 69
2026/10/02 12:24:50.896, 100.73, 840, 150.00, 0, 68
2026/10/02 12:24:51.097, 108.13, 1035, 150.00, 48, 69
2026/10/02 12:24:51.297, 120.66, 1245, 150.00, 45, 69
2026/10/02 12:24:51.498, 129.62, 765, 150.00, 36, 70
2026/10/02 12:24:51.698, 142.06, 750, 150.00, 100, 70
2026/10/02 12:24:51.899, 141.18, 1680, 150.00, 100, 69
2026/10/02 12:24:52.100, 133.26, 720, 150.00, 0, 69
2026/10/02 12:24:52.300, 128.89, 690, 150.00, 69, 70
2026/10/02 12:24:52.501, 121.09, 765, 150.00, 100, 70
2026/10/02 12:24:52.701, 122.57, 1680, 150.00, 0, 69
2026/10/02 12:24:52.902, 137.93, 765, 150.00, 100, 70
2026/10/02 12:24:53.103, 141.78, 765, 150.00, 100, 71
2026/10/02 12:24:53.303, 150.47, 765, 150.00, 100, 71
2026/10/02 12:24:53.504, 150.59, 1065, 150.00, 87, 70
2026/10/02 12:24:53.704, 151.71, 1605, 150.00, 100, 70
2026/10/02 12:24:53.905, 143.51, 675, 150.00, 54, 70
2026/10/02 12:24:54.106, 128.35, 1680, 150.00, 0, 69
2026/10/02 12:24:54.306, 119.98, 660, 150.00, 90, 69
2026/10/02 12:24:54.507, 126.74, 780, 150.00, 100, 70
2026/10/02 12:24:54.707, 122.45, 765, 150.00, 100, 71
2026/10/02 12:24:54.908, 133.72, 765, 150.00, 100, 71
2026/10/02 12:24:55.108, 137.50, 510, 150.00, 100, 71
2026/10/02 12:24:55.309, 143.90, 1605, 150.00, 6, 70
2026/10/02 12:24:55.510, 138.85, 720, 150.00, 100, 70
2026/10/02 12:24:55.710, 142.89, 1530, 150.00, 44, 71
2026/10/02 12:24:55.911, 142.37, 765, 150.00, 100, 71
2026/10/02 12:24:56.111, 132.95, 1635, 150.00, 0, 70
2026/10/02 12:24:56.312, 120.44, 1065, 150.00, 62, 69
2026/10/02 12:24:56.512, 130.25, 1680, 150.00, 22, 69
2026/10/02 12:24:56.713, 124.01, 675, 150.00, 53, 69
2026/10/02 12:24:56.914, 105.54, 1680, 150.00, 0, 69
2026/10/02 12:24:57.114, 92.87, 1680, 150.00, 0, 68
2026/10/02 12:24:57.315, 114.66, 780, 150.00, 100, 70
2026/10/02 12:24:57.516, 115.93, 630, 150.00, 61, 68
2026/10/02 12:24:57.716, 118.04, 1335, 150.00, 56, 70
2026/10/02 12:24:57.917, 114.24, 630, 150.00, 85, 69
2026/10/02 12:24:58.117, 130.13, 870, 150.00, 87, 70
2026/10/02 12:24:58.318, 121.51, 720, 150.00, 100, 70
2026/10/02 12:24:58.518, 125.50, 930, 150.00, 45, 69
2026/10/02 12:24:58.719, 122.49, 1620, 150.00, 4, 70
2026/10/02 12:24:58.920, 118.39, 1680, 150.00, 0, 68
2026/10/02 12:24:59.120, 124.16, 780, 150.00, 99, 70
2026/10/02 12:24:59.321, 118.31, 1650, 150.00, 0, 69
2026/10/02 12:24:59.521, 112.81, 1680, 150.00, 0, 68
2026/10/02 12:24:59.722, 94.42, 1695, 150.00, 0, 68
2026/10/02 12:24:59.922, 107.79, 1290, 150.00, 35, 68
2026/10/02 12:25:00.123, 114.11, 780, 150.00, 100, 70
2026/10/02 12:25:00.323, 111.05, 1335, 150.00, 46, 70
2026/10/02 12:25:00.524, 110.19, 1020, 150.00, 60, 68
2026/10/02 12:25:00.724, 110.04, 1680, 150.00, 0, 68
2026/10/02 12:25:00.925, 110.71, 1695, 150.00, 0, 68
2026/10/02 12:25:01.125, 107.73, 855, 150.00, 93, 69
2026/10/02 12:25:01.326, 102.70, 765, 150.00, 88, 70
2026/10/02 12:25:01.526, 115.03, 705, 150.00, 66, 69
2026/10/02 12:25:01.727, 122.46, 720, 150.00, 100, 69
2026/10/02 12:25:01.927, 128.82, 1530, 150.00, 27, 70
2026/10/02 12:25:02.128, 121.15, 690, 150.00, 94, 69
2026/10/02 12:25:02.328, 112.33, 1485, 150.00, 35, 70
2026/10/02 12:25:02.529, 102.05, 1680, 150.00, 0, 68
2026/10/02 12:25:02.730, 100.42, 630, 150.00, 58, 68
2026/10/02 12:25:02.930, 93.10, 630, 150.00, 74, 68
2026/10/02 12:25:03.131, 93.58, 1665, 150.00, 0, 69
2026/10/02 12:25:03.331, 100.17, 780, 150.00, 100, 70
2026/10/02 12:25:03.532, 100.59, 1680, 150.00, 0, 68
2026/10/02 12:25:03.732, 100.50, 1665, 150.00, 0, 68
2026/10/02 12:25:03.933, 97.90, 1680, 150.00, 0, 68
2026/10/02 12:25:04.133, 101.39, 1365, 150.00, 43, 69
2026/10/02 12:25:04.334, 94.71, 645, 150.00, 86, 68
2026/10/02 12:25:04.534, 93.97, 1410, 150.00, 43, 70
2026/10/02 12:25:04.735, 109.08, 1560, 150.00, 24, 70
2026/10/02 12:25:04.935, 123.22, 780, 150.00, 100, 70
2026/10/02 12:25:05.136, 126.69, 765, 150.00, 100, 70
2026/10/02 12:25:05.336, 142.76, 765, 150.00, 100, 70
2026/10/02 12:25:05.537, 144.06, 780, 150.00, 100, 70
2026/10/02 12:25:05.737, 144.73, 720, 150.00, 100, 70
2026/10/02 12:25:05.938, 150.94, 750, 150.00, 100, 70
2026/10/02 12:25:06.138, 150.89, 765, 150.00, 100, 71
2026/10/02 12:25:06.339, 150.85, 765, 150.00, 100, 71
2026/10/02 12:25:06.540, 149.28, 645, 150.00, 100, 71
2026/10/02 12:25:06.740, 150.16, 720, 150.00, 100, 71
2026/10/02 12:25:06.941, 150.27, 750, 150.00, 100, 71
2026/10/02 12:25:07.141, 150.36, 750, 150.00, 100, 71
2026/10/02 12:25:07.342, 143.73, 1215, 150.00, 79, 71
2026/10/02 12:25:07.543, 139.46, 1635, 150.00, 11, 71
2026/10/02 12:25:07.743, 126.86, 1680, 150.00, 0, 69
2026/10/02 12:25:07.944, 125.82, 1545, 150.00, 40, 70
2026/10/02 12:25:08.144, 111.43, 1680, 150.00, 0, 68
2026/10/02 12:25:08.345, 109.86, 1605, 150.00, 24, 70
2026/10/02 12:25:08.545, 105.96, 1650, 150.00, 5, 69
2026/10/02 12:25:08.746, 118.84, 705, 150.00, 65, 70
2026/10/02 12:25:08.947, 114.79, 1530, 150.00, 42, 70
2026/10/02 12:25:09.147, 124.64, 615, 150.00, 55, 68
2026/10/02 12:25:09.348, 110.03, 1680, 150.00, 0, 68
2026/10/02 12:25:09.548, 121.16, 780, 150.00, 94, 69
2026/10/02 12:25:09.749, 113.31, 1680, 150.00, 0, 68
2026/10/02 12:25:09.949, 97.46, 1680, 150.00, 0, 69
2026/10/02 12:25:10.150, 98.74, 1680, 150.00, 0, 68
2026/10/02 12:25:10.351, 90.70, 1695, 150.00, 0, 68
2026/10/02 12:25:10.551, 91.12, 1605, 150.00, 23, 69
2026/10/02 12:25:10.752, 84.62, 1665, 150.00, 0, 68
2026/10/02 12:25:10.952, 104.22, 765, 150.00, 100, 69
2026/10/02 12:25:11.153, 103.97, 1680, 150.00, 0, 68
2026/10/02 12:25:11.353, 114.04, 1500, 150.00, 47, 69
2026/10/02 12:25:11.554, 106.21, 1680, 150.00, 8, 68
2026/10/02 12:25:11.754, 125.19, 720, 150.00, 72, 69
2026/10/02 12:25:11.955, 122.36, 1350, 150.00, 45, 70
2026/10/02 12:25:12.155, 115.36, 1680, 150.00, 0, 68
2026/10/02 12:25:12.356, 103.94, 1695, 150.00, 0, 67
2026/10/02 12:25:12.556, 125.59, 795, 150.00, 100, 69
2026/10/02 12:25:12.757, 113.74, 1680, 150.00, 0, 68
2026/10/02 12:25:12.957, 91.07, 1680, 150.00, 0, 67
2026/10/02 12:25:13.158, 105.20, 1170, 150.00, 37, 68
2026/10/02 12:25:13.359, 104.23, 1680, 150.00, 0, 68
2026/10/02 12:25:13.559, 95.81, 1485, 150.00, 51, 68
2026/10/02 12:25:13.760, 94.76, 1125, 150.00, 64, 69
2026/10/02 12:25:13.960, 98.73, 1680, 150.00, 7, 68
2026/10/02 12:25:14.161, 97.93, 675, 150.00, 59, 68
2026/10/02 12:25:14.362, 85.54, 1680, 150.00, 0, 68
2026/10/02 12:25:14.562, 80.88, 1065, 150.00, 62, 67
2026/10/02 12:25:14.762, 75.52, 1680, 150.00, 0, 67
2026/10/02 12:25:14.963, 91.75, 720, 150.00, 78, 68
2026/10/02 12:25:15.164, 99.99, 975, 150.00, 46, 68
2026/10/02 12:25:15.364, 99.28, 1680, 150.00, 0, 68
2026/10/02 12:25:15.565, 99.23, 1680, 150.00, 0, 67
2026/10/02 12:25:15.765, 98.24, 1695, 150.00, 3, 67
2026/10/02 12:25:15.966, 97.05, 1425, 150.00, 41, 69
2026/10/02 12:25:16.166, 90.03, 1680, 150.00, 0, 67
2026/10/02 12:25:16.367, 79.35, 1695, 150.00, 0, 67
2026/10/02 12:25:16.567, 79.41, 1695, 150.00, 0, 67
2026/10/02 12:25:16.768, 85.93, 690, 150.00, 96, 67
2026/10/02 12:25:16.969, 92.68, 780, 150.00, 100, 69
2026/10/02 12:25:17.169, 93.39, 1680, 150.00, 0, 68
2026/10/02 12:25:17.370, 93.43, 1680, 150.00, 0, 67
2026/10/02 12:25:17.570, 93.32, 1695, 150.00, 0, 67
2026/10/02 12:25:17.771, 110.11, 795, 150.00, 100, 68
2026/10/02 12:25:17.971, 112.58, 1005, 150.00, 67, 69
2026/10/02 12:25:18.172, 104.51, 1680, 150.00, 0, 68
2026/10/02 12:25:18.372, 111.68, 1485, 150.00, 51, 68
2026/10/02 12:25:18.573, 125.86, 780, 150.00, 100, 69
2026/10/02 12:25:18.774, 131.20, 765, 150.00, 100, 69
2026/10/02 12:25:18.974, 123.85, 645, 150.00, 60, 68
2026/10/02 12:25:19.175, 115.64, 1680, 150.00, 0, 67
2026/10/02 12:25:19.375, 117.07, 630, 150.00, 52, 67
2026/10/02 12:25:19.576, 122.15, 600, 150.00, 47, 67
2026/10/02 12:25:19.776, 106.55, 1680, 150.00, 0, 67
2026/10/02 12:25:19.977, 99.65, 1680, 150.00, 0, 67
2026/10/02 12:25:20.178, 92.12, 1695, 150.00, 0, 67
2026/10/02 12:25:20.378, 103.52, 1635, 150.00, 12, 68
2026/10/02 12:25:20.579, 94.19, 1680, 150.00, 0, 67
2026/10/02 12:25:20.779, 90.78, 1620, 150.00, 2, 68
2026/10/02 12:25:20.980, 90.74, 1680, 150.00, 0, 67
2026/10/02 12:25:21.180, 90.69, 1695, 150.00, 0, 66
2026/10/02 12:25:21.381, 76.89, 1050, 150.00, 65, 67
2026/10/02 12:25:21.582, 77.39, 1680, 150.00, 0, 67
2026/10/02 12:25:21.782, 69.87, 1695, 150.00, 0, 66
2026/10/02 12:25:21.982, 70.41, 1695, 150.00, 0, 66
2026/10/02 12:25:22.183, 90.01, 795, 150.00, 100, 68
2026/10/02 12:25:22.384, 91.17, 1680, 150.00, 0, 67
2026/10/02 12:25:22.584, 93.76, 1665, 150.00, 1, 67
2026/10/02 12:25:22.785, 92.48, 1680, 150.00, 0, 67
2026/10/02 12:25:22.986, 92.44, 1680, 150.00, 0, 66
2026/10/02 12:25:23.186, 85.33, 1590, 150.00, 9, 67
2026/10/02 12:25:23.387, 96.75, 720, 150.00, 69, 68
2026/10/02 12:25:23.587, 114.79, 675, 150.00, 49, 68
2026/10/02 12:25:23.788, 115.36, 1680, 150.00, 0, 67
2026/10/02 12:25:23.989, 127.60, 600, 150.00, 43, 67
2026/10/02 12:25:24.189, 138.43, 1620, 150.00, 20, 68
2026/10/02 12:25:24.390, 147.82, 795, 150.00, 100, 68
2026/10/02 12:25:24.590, 129.59, 1680, 150.00, 6, 67
2026/10/02 12:25:24.791, 116.94, 1680, 150.00, 0, 67
2026/10/02 12:25:24.991, 116.84, 1680, 150.00, 0, 66
2026/10/02 12:25:25.192, 115.38, 1320, 150.00, 43, 68
2026/10/02 12:25:25.392, 99.93, 1680, 150.00, 0, 67
2026/10/02 12:25:25.593, 93.32, 1680, 150.00, 0, 66
2026/10/02 12:25:25.793, 91.87, 1695, 150.00, 0, 66
2026/10/02 12:25:25.994, 92.71, 1665, 150.00, 0, 67
2026/10/02 12:25:26.195, 83.84, 1635, 150.00, 0, 67
2026/10/02 12:25:26.395, 91.42, 1185, 150.00, 39, 66
2026/10/02 12:25:26.596, 91.73, 645, 150.00, 62, 67
2026/10/02 12:25:26.796, 91.43, 1680, 150.00, 0, 66
2026/10/02 12:25:26.997, 90.38, 1695, 150.00, 0, 66
2026/10/02 12:25:27.197, 84.93, 1695, 150.00, 0, 66
2026/10/02 12:25:27.398, 100.14, 690, 150.00, 32, 66
2026/10/02 12:25:27.598, 95.74, 1575, 150.00, 18, 68
2026/10/02 12:25:27.799, 108.30, 1605, 150.00, 24, 68
2026/10/02 12:25:27.999, 108.21, 1680, 150.00, 0, 66
2026/10/02 12:25:28.200, 108.24, 1695, 150.00, 0, 66
2026/10/02 12:25:28.400, 108.23, 1695, 150.00, 0, 66
2026/10/02 12:25:28.601, 96.98, 780, 150.00, 95, 67
2026/10/02 12:25:28.801, 98.46, 780, 150.00, 100, 68
2026/10/02 12:25:29.002, 106.50, 1635, 150.00, 0, 67
2026/10/02 12:25:29.202, 105.46, 1410, 150.00, 60, 67
2026/10/02 12:25:29.403, 105.25, 1680, 150.00, 0, 66
2026/10/02 12:25:29.604, 100.41, 1170, 150.00, 61, 66
2026/10/02 12:25:29.804, 85.08, 1680, 150.00, 0, 66
2026/10/02 12:25:30.005, 77.36, 675, 150.00, 72, 66
2026/10/02 12:25:30.205, 77.15, 1680, 150.00, 0, 66
2026/10/02 12:25:30.406, 78.36, 1680, 150.00, 0, 66
2026/10/02 12:25:30.606, 78.51, 1200, 150.00, 64, 66
2026/10/02 12:25:30.807, 77.34, 1680, 150.00, 0, 66
2026/10/02 12:25:31.008, 77.22, 1650, 150.00, 62, 66
2026/10/02 12:25:31.208, 79.78, 1005, 150.00, 0, 66
2026/10/02 12:25:31.409, 84.27, 1665, 150.00, 61, 67
2026/10/02 12:25:31.609, 84.11, 1680, 150.00, 0, 66
2026/10/02 12:25:31.810, 99.60, 630, 150.00, 0, 66
2026/10/02 12:25:32.011, 91.02, 1680, 150.00, 26, 66
2026/10/02 12:25:32.211, 90.54, 1680, 150.00, 55, 66
2026/10/02 12:25:32.412, 84.32, 1665, 150.00, 63, 66
2026/10/02 12:25:32.612, 84.11, 1305, 150.00, 0, 66
2026/10/02 12:25:32.813, 90.23, 1530, 150.00, 95, 68
2026/10/02 12:25:33.013, 88.28, 585, 150.00, 0, 66
2026/10/02 12:25:33.214, 88.54, 1680, 150.00, 7, 66
2026/10/02 12:25:33.415, 100.14, 600, 150.00, 0, 65
2026/10/02 12:25:33.615, 99.62, 1680, 150.00, 21, 66
2026/10/02 12:25:33.816, 105.70, 1605, 150.00, 34, 67
2026/10/02 12:25:34.016, 112.59, 1500, 150.00, 87, 67
2026/10/02 12:25:34.217, 113.96, 1125, 150.00, 0, 66
2026/10/02 12:25:34.417, 112.71, 1680, 150.00, 42, 66
2026/10/02 12:25:34.618, 100.97, 1680, 150.00, 0, 65
2026/10/02 12:25:34.818, 87.31, 1695, 150.00, 0, 65
2026/10/02 12:25:35.019, 81.45, 1695, 150.00, 0, 65
2026/10/02 12:25:35.219, 82.70, 1695, 150.00, 0, 65
2026/10/02 12:25:35.420, 82.70, 1695, 150.00, 0, 65
2026/10/02 12:25:35.621, 82.70, 1695, 150.00, 0, 65
2026/10/02 12:25:35.821, 107.26, 1650, 150.00, 100, 66
2026/10/02 12:25:36.022, 107.09, 1680, 150.00, 0, 65
2026/10/02 12:25:36.222, 107.00, 1695, 150.00, 0, 65
2026/10/02 12:25:36.423, 102.83, 1455, 150.00, 3, 65
2026/10/02 12:25:36.623, 98.18, 1680, 150.00, 0, 65
2026/10/02 12:25:36.824, 69.11, 1695, 150.00, 0, 65
2026/10/02 12:25:37.024, 79.42, 645, 150.00, 0, 65
2026/10/02 12:25:37.225, 78.78, 1680, 150.00, 9, 65
2026/10/02 12:25:37.425, 78.65, 1680, 150.00, 0, 65
2026/10/02 12:25:37.626, 79.38, 1305, 150.00, 0, 65
2026/10/02 12:25:37.826, 94.24, 795, 150.00, 0, 65
2026/10/02 12:25:38.027, 93.08, 1680, 150.00, 30, 65
2026/10/02 12:25:38.227, 83.84, 1680, 150.00, 0, 65
2026/10/02 12:25:38.428, 98.52, 795, 150.00, 11, 66
2026/10/02 12:25:38.629, 97.59, 1680, 150.00, 32, 65
2026/10/02 12:25:38.829, 98.66, 1275, 150.00, 59, 66
2026/10/02 12:25:39.030, 92.26, 1245, 150.00, 67, 67
2026/10/02 12:25:39.230, 92.24, 1680, 150.00, 0, 65
2026/10/02 12:25:39.431, 84.68, 1695, 150.00, 0, 65
2026/10/02 12:25:39.631, 84.17, 1485, 150.00, 85, 66
2026/10/02 12:25:39.832, 83.61, 1245, 150.00, 0, 66
2026/10/02 12:25:40.032, 76.34, 1680, 150.00, 0, 65
2026/10/02 12:25:40.233, 76.94, 1155, 150.00, 0, 65
2026/10/02 12:25:40.433, 76.68, 1680, 150.00, 0, 65
2026/10/02 12:25:40.634, 69.90, 1695, 150.00, 0, 65
2026/10/02 12:25:40.834, 71.14, 1695, 150.00, 0, 64
2026/10/02 12:25:41.035, 71.49, 1695, 150.00, 0, 64
2026/10/02 12:25:41.235, 71.11, 1290, 150.00, 0, 64
2026/10/02 12:25:41.436, 70.24, 1680, 150.00, 0, 65
2026/10/02 12:25:41.636, 84.76, 990, 150.00, 0, 64
2026/10/02 12:25:41.837, 98.51, 930, 150.00, 100, 66
2026/10/02 12:25:42.037, 113.48, 795, 150.00, 12, 66
2026/10/02 12:25:42.238, 120.47, 1650, 150.00, 100, 67
2026/10/02 12:25:42.438, 121.03, 1680, 150.00, 0, 65
2026/10/02 12:25:42.639, 121.09, 1695, 150.00, 0, 65
2026/10/02 12:25:42.839, 99.36, 1695, 150.00, 0, 65
2026/10/02 12:25:43.040, 86.89, 975, 150.00, 56, 65
2026/10/02 12:25:43.241, 72.15, 1680, 150.00, 68, 66
2026/10/02 12:25:43.441, 81.69, 690, 150.00, 61, 65
2026/10/02 12:25:43.642, 81.20, 1680, 150.00, 2, 65
2026/10/02 12:25:43.842, 81.14, 1680, 150.00, 0, 65
2026/10/02 12:25:44.043, 82.34, 1695, 150.00, 0, 64
2026/10/02 12:25:44.243, 79.13, 1695, 150.00, 0, 64
2026/10/02 12:25:44.444, 80.58, 1665, 150.00, 57, 65
2026/10/02 12:25:44.644, 87.29, 660, 150.00, 57, 65
2026/10/02 12:25:44.845, 86.52, 1680, 150.00, 21, 65
2026/10/02 12:25:45.046, 86.47, 1680, 150.00, 0, 64
2026/10/02 12:25:45.246, 86.46, 1695, 150.00, 0, 64
2026/10/02 12:25:45.447, 97.91, 1080, 150.00, 0, 64
2026/10/02 12:25:45.647, 101.95, 1620, 150.00, 100, 66
2026/10/02 12:25:45.848, 90.20, 1680, 150.00, 0, 65
2026/10/02 12:25:46.048, 112.64, 810, 150.00, 31, 66
2026/10/02 12:25:46.249, 112.04, 1680, 150.00, 13, 65
2026/10/02 12:25:46.449, 111.90, 1680, 150.00, 0, 64
2026/10/02 12:25:46.650, 103.15, 630, 150.00, 0, 64
2026/10/02 12:25:46.850, 103.28, 1680, 150.00, 11, 64
2026/10/02 12:25:47.051, 88.24, 1680, 150.00, 0, 64
2026/10/02 12:25:47.252, 89.20, 1650, 150.00, 60, 65
2026/10/02 12:25:47.452, 96.77, 645, 150.00, 0, 64
2026/10/02 12:25:47.653, 98.54, 1665, 150.00, 69, 65
2026/10/02 12:25:47.853, 87.41, 1680, 150.00, 0, 64
2026/10/02 12:25:48.054, 97.84, 630, 150.00, 0, 64
2026/10/02 12:25:48.254, 94.69, 1665, 150.00, 93, 65
2026/10/02 12:25:48.455, 103.86, 810, 150.00, 57, 65
2026/10/02 12:25:48.655, 93.02, 1680, 150.00, 55, 65
2026/10/02 12:25:48.856, 93.33, 1680, 150.00, 0, 64
2026/10/02 12:25:49.056, 93.42, 1695, 150.00, 0, 64
2026/10/02 12:25:49.257, 87.93, 645, 150.00, 0, 64
2026/10/02 12:25:49.457, 108.11, 810, 150.00, 32, 66
2026/10/02 12:25:49.658, 110.22, 720, 150.00, 12, 65
2026/10/02 12:25:49.859, 112.82, 1680, 150.00, 87, 65
2026/10/02 12:25:50.059, 112.76, 1680, 150.00, 0, 64
2026/10/02 12:25:50.260, 112.76, 1695, 150.00, 0, 64
2026/10/02 12:25:50.460, 93.49, 1590, 150.00, 8, 64
2026/10/02 12:25:50.661, 86.40, 1680, 150.00, 0, 64
2026/10/02 12:25:50.861, 74.82, 1695, 150.00, 0, 64
2026/10/02 12:25:51.062, 75.09, 1695, 150.00, 0, 64
2026/10/02 12:25:51.262, 86.55, 1110, 150.00, 47, 65
2026/10/02 12:25:51.463, 86.06, 1620, 150.00, 99, 64
2026/10/02 12:25:51.663, 101.46, 660, 150.00, 0, 66
2026/10/02 12:25:51.864, 100.54, 1680, 150.00, 24, 64
2026/10/02 12:25:52.064, 104.00, 840, 150.00, 0, 66
2026/10/02 12:25:52.265, 100.64, 1620, 150.00, 83, 65
2026/10/02 12:25:52.466, 94.43, 1095, 150.00, 0, 65
2026/10/02 12:25:52.666, 93.59, 1530, 150.00, 58, 65
2026/10/02 12:25:52.867, 85.76, 1275, 150.00, 0, 65
2026/10/02 12:25:53.067, 88.88, 1680, 150.00, 57, 65
2026/10/02 12:25:53.268, 75.50, 1680, 150.00, 0, 64
2026/10/02 12:25:53.468, 83.78, 765, 150.00, 0, 65
2026/10/02 12:25:53.669, 84.47, 1680, 150.00, 70, 64
2026/10/02 12:25:53.869, 85.38, 1680, 150.00, 0, 64
2026/10/02 12:25:54.070, 79.83, 1005, 150.00, 0, 64
2026/10/02 12:25:54.270, 78.76, 1680, 150.00, 52, 64
2026/10/02 12:25:54.470, 78.66, 1680, 150.00, 0, 64
2026/10/02 12:25:54.671, 71.95, 1695, 150.00, 0, 64
2026/10/02 12:25:54.871, 72.12, 1695, 150.00, 0, 63
2026/10/02 12:25:55.072, 78.81, 1425, 150.00, 59, 65
2026/10/02 12:25:55.273, 82.78, 1590, 150.00, 82, 65
2026/10/02 12:25:55.473, 82.83, 1680, 150.00, 0, 64
2026/10/02 12:25:55.674, 82.85, 1695, 150.00, 0, 64
2026/10/02 12:25:55.874, 82.78, 1695, 150.00, 0, 63
2026/10/02 12:25:56.075, 76.76, 1695, 150.00, 0, 63
2026/10/02 12:25:56.275, 78.24, 1170, 150.00, 0, 65
2026/10/02 12:25:56.476, 82.60, 1620, 150.00, 100, 64
2026/10/02 12:25:56.676, 82.53, 1680, 150.00, 0, 64
2026/10/02 12:25:56.877, 99.68, 1185, 150.00, 58, 65
2026/10/02 12:25:57.077, 99.20, 1680, 150.00, 1, 64
2026/10/02 12:25:57.278, 99.09, 1695, 150.00, 0, 63
2026/10/02 12:25:57.479, 84.38, 1560, 150.00, 2, 64
2026/10/02 12:25:57.679, 85.03, 1485, 150.00, 0, 64
2026/10/02 12:25:57.880, 76.07, 1680, 150.00, 0, 63
2026/10/02 12:25:58.080, 82.65, 585, 150.00, 0, 65
2026/10/02 12:25:58.281, 81.58, 1680, 150.00, 28, 63
2026/10/02 12:25:58.481, 93.01, 1665, 150.00, 47, 64
2026/10/02 12:25:58.682, 94.21, 1680, 150.00, 0, 63
2026/10/02 12:25:58.882, 94.64, 1695, 150.00, 0, 63
2026/10/02 12:25:59.083, 96.22, 1680, 150.00, 56, 63
2026/10/02 12:25:59.283, 82.44, 1680, 150.00, 0, 63
2026/10/02 12:25:59.484, 70.42, 1695, 150.00, 0, 63
2026/10/02 12:25:59.685, 92.28, 1110, 150.00, 39, 65
2026/10/02 12:25:59.885, 93.96, 1680, 150.00, 72, 64
2026/10/02 12:26:00.086, 104.63, 810, 150.00, 9, 65
2026/10/02 12:26:00.286, 104.04, 1680, 150.00, 33, 64
2026/10/02 12:26:00.487, 104.07, 1680, 150.00, 0, 63
2026/10/02 12:26:00.687, 90.69, 1695, 150.00, 0, 63
2026/10/02 12:26:00.888, 94.65, 1635, 150.00, 25, 63
2026/10/02 12:26:01.088, 110.65, 1140, 150.00, 35, 64
2026/10/02 12:26:01.289, 128.67, 645, 150.00, 42, 65
2026/10/02 12:26:01.490, 135.32, 1650, 150.00, 100, 64
2026/10/02 12:26:01.690, 144.40, 1035, 150.00, 0, 64
2026/10/02 12:26:01.891, 143.70, 1035, 150.00, 72, 65
2026/10/02 12:26:02.091, 147.79, 780, 150.00, 60, 66
2026/10/02 12:26:02.292, 143.25, 795, 150.00, 100, 66
2026/10/02 12:26:02.492, 131.47, 1680, 150.00, 100, 65
2026/10/02 12:26:02.693, 132.17, 1680, 150.00, 0, 64
2026/10/02 12:26:02.893, 128.78, 990, 150.00, 0, 65
2026/10/02 12:26:03.094, 110.00, 1500, 150.00, 6, 64
2026/10/02 12:26:03.294, 95.41, 1440, 150.00, 0, 64
2026/10/02 12:26:03.495, 80.17, 1680, 150.00, 59, 64
2026/10/02 12:26:03.695, 94.59, 645, 150.00, 0, 65
2026/10/02 12:26:03.896, 93.62, 1680, 150.00, 25, 64
2026/10/02 12:26:04.096, 105.67, 810, 150.00, 32, 65
2026/10/02 12:26:04.297, 121.64, 780, 150.00, 100, 66
2026/10/02 12:26:04.498, 119.40, 1680, 150.00, 46, 64
2026/10/02 12:26:04.698, 134.29, 615, 150.00, 0, 65
2026/10/02 12:26:04.899, 136.43, 795, 150.00, 100, 66
2026/10/02 12:26:05.099, 124.66, 1320, 150.00, 68, 65
2026/10/02 12:26:05.300, 122.05, 1635, 150.00, 24, 64
2026/10/02 12:26:05.500, 115.32, 1680, 150.00, 0, 64
2026/10/02 12:26:05.702, 123.27, 1665, 150.00, 61, 64
2026/10/02 12:26:05.903, 100.15, 1515, 150.00, 0, 64
2026/10/02 12:26:06.103, 92.76, 1680, 150.00, 0, 64
2026/10/02 12:26:06.304, 75.67, 1695, 150.00, 0, 63
2026/10/02 12:26:06.504, 76.68, 1695, 150.00, 0, 63
2026/10/02 12:26:06.705, 82.10, 660, 150.00, 0, 65
2026/10/02 12:26:06.905, 95.53, 1635, 150.00, 50, 64
2026/10/02 12:26:07.106, 96.37, 1680, 150.00, 0, 63
2026/10/02 12:26:07.306, 108.43, 615, 150.00, 0, 64
2026/10/02 12:26:07.506, 107.11, 1680, 150.00, 43, 63
2026/10/02 12:26:07.707, 119.78, 1635, 150.00, 25, 64
2026/10/02 12:26:07.907, 106.13, 1635, 150.00, 31, 64
2026/10/02 12:26:08.108, 113.54, 810, 150.00, 0, 65
2026/10/02 12:26:08.309, 131.90, 735, 150.00, 100, 66
2026/10/02 12:26:08.509, 120.36, 1680, 150.00, 21, 64
2026/10/02 12:26:08.710, 106.68, 1680, 150.00, 0, 63
2026/10/02 12:26:08.910, 92.83, 1695, 150.00, 0, 63
2026/10/02 12:26:09.111, 100.45, 810, 150.00, 0, 65
2026/10/02 12:26:09.311, 99.11, 585, 150.00, 53, 65
2026/10/02 12:26:09.512, 106.78, 705, 150.00, 100, 66
2026/10/02 12:26:09.712, 114.14, 1680, 150.00, 100, 65
2026/10/02 12:26:09.913, 123.55, 1005, 150.00, 54, 65
2026/10/02 12:26:10.114, 123.23, 810, 150.00, 96, 65
2026/10/02 12:26:10.315, 108.19, 1560, 150.00, 58, 65
2026/10/02 12:26:10.515, 90.55, 1680, 150.00, 0, 64
2026/10/02 12:26:10.716, 83.26, 1695, 150.00, 0, 63
2026/10/02 12:26:10.916, 83.39, 1695, 150.00, 0, 63
2026/10/02 12:26:11.117, 74.40, 1695, 150.00, 0, 63
2026/10/02 12:26:11.318, 80.20, 1620, 150.00, 42, 63
2026/10/02 12:26:11.518, 94.51, 1635, 150.00, 31, 64
2026/10/02 12:26:11.719, 94.40, 1680, 150.00, 0, 63
2026/10/02 12:26:11.919, 109.71, 765, 150.00, 81, 65
2026/10/02 12:26:12.120, 120.96, 660, 150.00, 42, 65
2026/10/02 12:26:12.320, 107.39, 1680, 150.00, 0, 63
2026/10/02 12:26:12.521, 94.39, 1695, 150.00, 0, 63
2026/10/02 12:26:12.721, 95.44, 1695, 150.00, 0, 63
2026/10/02 12:26:12.922, 89.63, 1695, 150.00, 0, 63
2026/10/02 12:26:13.122, 81.15, 1695, 150.00, 0, 63
2026/10/02 12:26:13.323, 76.30, 1560, 150.00, 57, 63
2026/10/02 12:26:13.523, 87.88, 1620, 150.00, 37, 63
2026/10/02 12:26:13.724, 94.48, 795, 150.00, 80, 65
2026/10/02 12:26:13.924, 101.75, 1170, 150.00, 60, 65
2026/10/02 12:26:14.125, 101.27, 1680, 150.00, 0, 63
2026/10/02 12:26:14.325, 108.32, 660, 150.00, 34, 65
2026/10/02 12:26:14.526, 95.48, 1680, 150.00, 0, 63
2026/10/02 12:26:14.726, 103.28, 1605, 150.00, 44, 63
2026/10/02 12:26:14.928, 97.96, 1035, 150.00, 4, 64
2026/10/02 12:26:15.129, 97.21, 735, 150.00, 12, 64
2026/10/02 12:26:15.329, 95.17, 1545, 150.00, 60, 64
2026/10/02 12:26:15.530, 83.94, 1350, 150.00, 60, 64
2026/10/02 12:26:15.730, 89.40, 645, 150.00, 38, 65
2026/10/02 12:26:15.931, 100.03, 720, 150.00, 52, 65
2026/10/02 12:26:16.132, 116.42, 780, 150.00, 87, 65
2026/10/02 12:26:16.332, 108.16, 1680, 150.00, 0, 64
2026/10/02 12:26:16.533, 109.21, 1680, 150.00, 0, 63
2026/10/02 12:26:16.734, 106.95, 1695, 150.00, 0, 63
2026/10/02 12:26:16.934, 94.22, 1695, 150.00, 0, 63
2026/10/02 12:26:17.135, 82.48, 1680, 150.00, 0, 63
2026/10/02 12:26:17.335, 86.98, 885, 150.00, 48, 64
2026/10/02 12:26:17.536, 108.85, 870, 150.00, 66, 65
2026/10/02 12:26:17.737, 121.99, 630, 150.00, 25, 65
2026/10/02 12:26:17.937, 120.87, 1680, 150.00, 0, 63
2026/10/02 12:26:18.138, 114.42, 1680, 150.00, 0, 63
2026/10/02 12:26:18.338, 129.51, 630, 150.00, 35, 64
2026/10/02 12:26:18.539, 105.40, 1680, 150.00, 0, 63
2026/10/02 12:26:18.740, 95.00, 1515, 150.00, 60, 64
2026/10/02 12:26:18.940, 82.02, 1680, 150.00, 0, 63
2026/10/02 12:26:19.141, 94.79, 645, 150.00, 20, 64
2026/10/02 12:26:19.341, 93.59, 1680, 150.00, 0, 63
2026/10/02 12:26:19.542, 79.68, 1680, 150.00, 0, 63
2026/10/02 12:26:19.742, 79.82, 1695, 150.00, 0, 62
2026/10/02 12:26:19.943, 92.08, 780, 150.00, 86, 64
2026/10/02 12:26:20.143, 91.10, 1680, 150.00, 0, 63
2026/10/02 12:26:20.344, 79.40, 1680, 150.00, 0, 63
2026/10/02 12:26:20.544, 79.60, 1695, 150.00, 0, 62
2026/10/02 12:26:20.745, 85.49, 1260, 150.00, 59, 63
2026/10/02 12:26:20.946, 93.95, 810, 150.00, 46, 64
2026/10/02 12:26:21.146, 98.38, 675, 150.00, 40, 64
2026/10/02 12:26:21.347, 97.72, 1680, 150.00, 0, 63
2026/10/02 12:26:21.547, 97.63, 1695, 150.00, 0, 62
2026/10/02 12:26:21.748, 116.98, 1260, 150.00, 98, 64
2026/10/02 12:26:21.948, 122.54, 1665, 150.00, 15, 63
2026/10/02 12:26:22.149, 111.43, 1680, 150.00, 0, 63
2026/10/02 12:26:22.349, 99.45, 1695, 150.00, 0, 62
2026/10/02 12:26:22.550, 122.26, 795, 150.00, 100, 64
2026/10/02 12:26:22.751, 125.61, 780, 150.00, 100, 65
2026/10/02 12:26:22.951, 122.01, 795, 150.00, 100, 65
2026/10/02 12:26:23.152, 122.97, 1680, 150.00, 0, 63
2026/10/02 12:26:23.352, 126.81, 1455, 150.00, 66, 64
2026/10/02 12:26:23.553, 123.33, 915, 150.00, 48, 65
2026/10/02 12:26:23.754, 115.73, 1665, 150.00, 1, 63
2026/10/02 12:26:23.954, 100.40, 1680, 150.00, 0, 63
2026/10/02 12:26:24.155, 92.27, 1695, 150.00, 0, 63
2026/10/02 12:26:24.355, 102.29, 1650, 150.00, 20, 63
2026/10/02 12:26:24.556, 112.22, 1665, 150.00, 5, 63
2026/10/02 12:26:24.756, 92.25, 1680, 150.00, 0, 63
2026/10/02 12:26:24.957, 92.59, 1695, 150.00, 0, 63
2026/10/02 12:26:25.157, 92.68, 1695, 150.00, 0, 63
2026/10/02 12:26:25.358, 78.16, 1680, 150.00, 0, 63
2026/10/02 12:26:25.559, 68.15, 1680, 150.00, 0, 62
2026/10/02 12:26:25.759, 68.18, 1500, 150.00, 55, 63
2026/10/02 12:26:25.959, 68.03, 1680, 150.00, 0, 62
2026/10/02 12:26:26.160, 67.98, 1695, 150.00, 0, 62
2026/10/02 12:26:26.361, 68.18, 1695, 150.00, 0, 62
2026/10/02 12:26:26.561, 68.38, 1695, 150.00, 0, 62
2026/10/02 12:26:26.762, 88.24, 810, 150.00, 100, 64
2026/10/02 12:26:26.963, 97.92, 1200, 150.00, 58, 64
2026/10/02 12:26:27.163, 97.57, 1680, 150.00, 0, 63
2026/10/02 12:26:27.364, 97.52, 1695, 150.00, 0, 62
2026/10/02 12:26:27.564, 120.83, 735, 150.00, 72, 64
2026/10/02 12:26:27.765, 107.65, 1680, 150.00, 0, 63
2026/10/02 12:26:27.965, 98.56, 1530, 150.00, 61, 63
2026/10/02 12:26:28.166, 90.18, 1680, 150.00, 0, 62
2026/10/02 12:26:28.366, 103.27, 660, 150.00, 21, 64
2026/10/02 12:26:28.567, 90.46, 1680, 150.00, 0, 62
2026/10/02 12:26:28.768, 79.50, 1680, 150.00, 0, 62
2026/10/02 12:26:28.968, 79.61, 1695, 150.00, 0, 62
2026/10/02 12:26:29.169, 80.79, 1695, 150.00, 0, 62
2026/10/02 12:26:29.369, 80.82, 1695, 150.00, 0, 62
2026/10/02 12:26:29.570, 80.82, 1695, 150.00, 0, 62
2026/10/02 12:26:29.770, 80.82, 1695, 150.00, 0, 62
2026/10/02 12:26:29.971, 80.82, 1695, 150.00, 0, 62
2026/10/02 12:26:30.171, 80.82, 1695, 150.00, 0, 62
2026/10/02 12:26:30.372, 68.28, 1695, 150.00, 0, 62
2026/10/02 12:26:30.572, 68.28, 1695, 150.00, 0, 62
2026/10/02 12:26:30.773, 68.28, 1695, 150.00, 0, 62
2026/10/02 12:26:30.974, 68.28, 1695, 150.00, 0, 62
2026/10/02 12:26:31.174, 68.28, 1695, 150.00, 0, 62
2026/10/02 12:26:31.375, 68.08, 1695, 150.00, 0, 61
2026/10/02 12:26:31.575, 68.08, 1695, 150.00, 0, 61
2026/10/02 12:26:31.776, 68.08, 1695, 150.00, 0, 61
2026/10/02 12:26:31.977, 68.08, 1695, 150.00, 0, 61
2026/10/02 12:26:32.177, 68.08, 1695, 150.00, 0, 61
2026/10/02 12:26:32.378, 67.86, 1695, 150.00, 0, 61
2026/10/02 12:26:32.578, 67.86, 1695, 150.00, 0, 61
2026/10/02 12:26:32.779, 67.86, 1695, 150.00, 0, 61
2026/10/02 12:26:32.979, 67.86, 1695, 150.00, 0, 61
2026/10/02 12:26:33.180, 67.86, 1695, 150.00, 0, 61
2026/10/02 12:26:33.380, 67.67, 1695, 150.00, 0, 61
2026/10/02 12:26:33.581, 67.67, 1695, 150.00, 0, 61
2026/10/02 12:26:33.781, 67.67, 1695, 150.00, 0, 61
2026/10/02 12:26:33.982, 67.67, 1695, 150.00, 0, 61
2026/10/02 12:26:34.182, 67.67, 1695, 150.00, 0, 61
2026/10/02 12:26:34.383, 67.48, 1695, 150.00, 0, 61
2026/10/02 12:26:34.584, 67.48, 1695, 150.00, 0, 61
2026/10/02 12:26:34.784, 67.48, 1695, 150.00, 0, 61
2026/10/02 12:26:34.985, 67.48, 1695, 150.00, 0, 61
2026/10/02 12:26:35.186, 67.48, 1695, 150.00, 0, 61
2026/10/02 12:26:35.386, 67.44, 1695, 150.00, 0, 61
2026/10/02 12:26:35.587, 67.44, 1695, 150.00, 0, 61
2026/10/02 12:26:35.787, 67.44, 1695, 150.00, 0, 61
2026/10/02 12:26:35.988, 67.44, 1695, 150.00, 0, 61
2026/10/02 12:26:36.189, 67.44, 1695, 150.00, 0, 61
2026/10/02 12:26:36.389, 67.35, 1695, 150.00, 0, 60
2026/10/02 12:26:36.590, 67.35, 1695, 150.00, 0, 60
2026/10/02 12:26:36.790, 67.35, 1695, 150.00, 0, 60
2026/10/02 12:26:36.991, 67.35, 1695, 150.00, 0, 60
2026/10/02 12:26:37.191, 67.35, 1695, 150.00, 0, 60
2026/10/02 12:26:37.392, 67.25, 1695, 150.00, 0, 60
2026/10/02 12:26:37.592, 67.25, 1695, 150.00, 0, 60
2026/10/02 12:26:37.793, 67.25, 1695, 150.00, 0, 60
2026/10/02 12:26:37.993, 67.25, 1695, 150.00, 0, 60
2026/10/02 12:26:38.194, 67.25, 1695, 150.00, 0, 60
2026/10/02 12:26:38.395, 67.20, 1695, 150.00, 0, 60
2026/10/02 12:26:38.595, 67.20, 1695, 150.00, 0, 60
