arrival_s,start_s,done_s,latency_ms,ok
0.3032,0.3037,0.3605,57.3251,1
0.9048,0.9057,0.9636,58.7368,1
1.2092,1.2098,1.2694,60.2857,1
1.5772,1.5779,1.6333,56.1017,1
1.5857,1.6334,1.7173,131.6455,1
2.3530,2.3540,2.4123,59.2870,1
2.7553,2.7558,2.8140,58.7763,1
3.6173,3.6182,3.6762,58.8201,1
4.2574,4.2583,4.3144,57.0328,1
4.3142,4.3144,4.3990,84.7946,1
4.6353,4.6358,4.6921,56.8382,1
4.8221,4.8226,4.8794,57.2932,1
4.8306,4.8794,4.9633,132.7778,1
4.8383,4.9634,5.0397,201.4342,1
5.1272,5.1277,5.1871,59.9232,1
5.2614,5.2619,5.3197,58.3312,1
5.4852,5.4857,5.5459,60.7444,1
5.9073,5.9079,5.9658,58.5074,1
6.3624,6.3629,6.4209,58.5433,1
7.0392,7.0401,7.0958,56.6305,1
7.0547,7.0959,7.1807,126.0032,1
7.1091,7.1807,7.2572,148.0457,1
7.1913,7.2572,7.3345,143.1493,1
7.1979,7.3345,7.4120,214.0691,1
7.3689,7.4120,7.4898,120.8359,1
7.6003,7.6006,7.6588,58.5098,1
7.6890,7.6893,7.7510,62.0154,1
7.7956,7.7961,7.8568,61.1867,1
8.0504,8.0510,8.1112,60.8036,1
8.5558,8.5567,8.6135,57.7064,1
9.2616,9.2626,9.3203,58.6647,1
9.3264,9.3266,9.4014,75.0567,1
9.7649,9.7655,9.8241,59.1847,1
9.8368,9.8371,9.9102,73.4199,1
10.2332,10.2338,10.2902,56.9593,1
10.3478,10.3481,10.4069,59.0251,1
10.4923,10.4926,10.5518,59.5408,1
10.8804,10.8809,10.9390,58.6041,1
10.8830,10.9391,11.0227,139.6734,1
11.2851,11.2856,11.3454,60.2629,1
11.7382,11.7387,11.7956,57.4309,1
12.0256,12.0261,12.0848,59.1789,1
12.1372,12.1375,12.1936,56.3833,1
12.3215,12.3218,12.3804,58.8933,1
12.6150,12.6155,12.6727,57.6939,1
13.0103,13.0108,13.0678,57.4887,1
13.0795,13.0798,13.1516,72.0313,1
13.4792,13.4797,13.5385,59.3320,1
13.5518,13.5519,13.6227,70.9582,1
13.5519,13.6228,13.7008,148.8630,1
13.7214,13.7218,13.7857,64.2736,1
14.0600,14.0604,14.1181,58.1655,1
14.3981,14.3987,14.4568,58.7345,1
14.5410,14.5414,14.5980,56.9932,1
14.5453,14.5980,14.6819,136.5952,1
14.8802,14.8809,14.9382,57.9888,1
14.9049,14.9382,15.0222,117.2608,1
15.0069,15.0222,15.0995,92.5223,1
15.2603,15.2608,15.3185,58.2230,1
15.2850,15.3186,15.4030,117.9508,1
15.8032,15.8040,15.8626,59.3728,1
16.0790,16.0796,16.1380,58.9609,1
16.2671,16.2674,16.3273,60.2028,1
16.4807,16.4811,16.5390,58.2779,1
16.6011,16.6015,16.6603,59.2011,1
17.4385,17.4397,17.4970,58.4245,1
17.4677,17.4970,17.5812,113.5802,1
17.4925,17.5813,17.6587,166.2074,1
18.1414,18.1422,18.2013,59.9112,1
18.2021,18.2024,18.2857,83.5574,1
18.5895,18.5902,18.6467,57.1857,1
18.9510,18.9516,19.0089,57.8887,1
18.9553,19.0089,19.0929,137.6758,1
19.3686,19.3693,19.4258,57.2364,1
19.6454,19.6460,19.7031,57.6679,1
19.8723,19.8729,19.9324,60.1113,1
20.3083,20.3090,20.3675,59.1360,1
20.9257,20.9265,20.9857,60.0408,1
21.7160,21.7171,21.7755,59.5807,1
22.2280,22.2289,22.2877,59.6440,1
22.5983,22.5989,22.6574,59.1754,1
22.6434,22.6575,22.7412,97.8332,1
23.4585,23.4595,23.5165,58.0360,1
23.6911,23.6914,23.7495,58.4600,1
23.7185,23.7496,23.8313,112.8041,1
23.9281,23.9283,23.9853,57.2615,1
24.4408,24.4415,24.4991,58.2889,1
24.4861,24.4991,24.5816,95.5214,1
24.5928,24.5930,24.6624,69.5948,1
24.8962,24.8967,24.9552,58.9488,1
25.0173,25.0176,25.0755,58.1968,1
25.2818,25.2821,25.3404,58.5865,1
25.3586,25.3588,25.4253,66.7612,1
25.9691,25.9699,26.0290,59.8621,1
26.4122,26.4127,26.4700,57.8609,1
26.4791,26.4793,26.5521,72.9659,1
26.4795,26.5521,26.6294,149.9664,1
26.6936,26.6942,26.7503,56.6926,1
27.1671,27.1677,27.2264,59.3180,1
27.2452,27.2453,27.3121,66.9616,1
27.3776,27.3780,27.4363,58.7465,1
28.1227,28.1237,28.1840,61.3640,1
28.1820,28.1841,28.2665,84.5096,1
28.4202,28.4207,28.4798,59.6519,1
28.5981,28.5986,28.6571,58.9583,1
28.7455,28.7460,28.8031,57.5939,1
29.1809,29.1815,29.2389,57.9842,1
29.2774,29.2775,29.3368,59.4026,1
29.8111,29.8117,29.8671,56.0072,1
30.7818,30.7830,30.8420,60.2355,1
30.8217,30.8421,30.9247,102.9225,1
30.9633,30.9638,31.0247,61.4040,1
31.2774,31.2781,31.3365,59.1168,1
31.5517,31.5523,31.6107,59.0401,1
31.6849,31.6852,31.7433,58.3970,1
31.8133,31.8137,31.8726,59.2833,1
31.9606,31.9610,32.0194,58.8552,1
32.0856,32.0861,32.1455,59.8811,1
32.0879,32.1456,32.2275,139.6213,1
32.1389,32.2275,32.3029,163.9850,1
32.2337,32.3029,32.3782,144.4766,1
32.3174,32.3782,32.4539,136.4662,1
32.5985,32.5990,32.6577,59.1362,1
32.8321,32.8324,32.8884,56.3569,1
32.9241,32.9245,32.9883,64.1840,1
32.9399,32.9884,33.0686,128.6931,1
33.1260,33.1265,33.1859,59.9106,1
33.6800,33.6809,33.7376,57.5766,1
33.7741,33.7744,33.8346,60.5083,1
34.4113,34.4122,34.4687,57.4890,1
34.5758,34.5763,34.6351,59.2572,1
34.7321,34.7325,34.7894,57.3309,1
34.8482,34.8487,34.9078,59.5551,1
35.8363,35.8375,35.8964,60.0602,1
35.9546,35.9550,36.0121,57.5057,1
36.0070,36.0121,36.0953,88.3169,1
36.0839,36.0953,36.1706,86.6417,1
36.3220,36.3225,36.3826,60.5239,1
36.5973,36.5979,36.6569,59.5244,1
36.8339,36.8345,36.8932,59.2409,1
37.0448,37.0452,37.1027,57.9246,1
37.2527,37.2531,37.3107,57.9860,1
37.5062,37.5068,37.5656,59.3979,1
37.8235,37.8241,37.8815,58.0358,1
37.8456,37.8816,37.9648,119.1920,1
38.0158,38.0162,38.0757,59.8398,1
38.3753,38.3757,38.4343,59.0120,1
38.7914,38.7920,38.8496,58.1946,1
39.1025,39.1030,39.1591,56.6172,1
39.3396,39.3401,39.3977,58.0613,1
40.2552,40.2562,40.3144,59.2027,1
41.0417,41.0427,41.0993,57.5438,1
41.1926,41.1929,41.2499,57.3002,1
41.4818,41.4823,41.5384,56.5936,1
41.9291,41.9297,41.9865,57.4235,1
42.1683,42.1687,42.2267,58.3504,1
42.2940,42.2943,42.3535,59.4805,1
42.3508,42.3535,42.4354,84.6380,1
42.7312,42.7317,42.7884,57.2045,1
43.4705,43.4713,43.5289,58.4120,1
43.7475,43.7480,43.8060,58.4899,1
43.9717,43.9721,44.0302,58.4781,1
44.3335,44.3341,44.3917,58.1699,1
44.9474,44.9482,45.0047,57.2856,1
45.7798,45.7808,45.8392,59.4739,1
45.7983,45.8392,45.9221,123.8686,1
45.9237,45.9239,45.9996,75.8548,1
46.0961,46.0964,46.1546,58.4688,1
46.1782,46.1784,46.2433,65.1047,1
46.2451,46.2453,46.3220,76.9772,1
46.9255,46.9262,46.9834,57.8685,1
47.5273,47.5280,47.5842,56.8945,1
47.8115,47.8118,47.8717,60.2272,1
47.9803,47.9806,48.0396,59.2881,1
48.3676,48.3682,48.4242,56.5767,1
48.5704,48.5709,48.6291,58.6419,1
48.7199,48.7202,48.7802,60.2810,1
49.2666,49.2674,49.3236,56.9448,1
49.7005,49.7011,49.7577,57.2070,1
50.1244,50.1249,50.1835,59.0116,1
50.3466,50.3470,50.4048,58.2752,1
50.5831,50.5835,50.6416,58.4983,1
50.6184,50.6416,50.7235,105.0442,1
50.8446,50.8450,50.9012,56.5981,1
51.0888,51.0893,51.1485,59.6617,1
51.3796,51.3802,51.4390,59.3883,1
51.4517,51.4519,51.5221,70.4224,1
51.5520,51.5524,51.6150,63.0104,1
51.8548,51.8554,51.9145,59.6577,1
52.5937,52.5948,52.6534,59.6822,1
52.9989,52.9994,53.0562,57.3144,1
53.1331,53.1333,53.1903,57.1402,1
53.5836,53.5841,53.6406,57.0266,1
53.7644,53.7648,53.8224,58.0129,1
54.1964,54.1970,54.2561,59.6879,1
54.3980,54.3983,54.4552,57.2305,1
54.4795,54.4798,54.5429,63.4099,1
54.5094,54.5430,54.6220,112.5690,1
54.8906,54.8910,54.9504,59.8566,1
55.3025,55.3031,55.3596,57.1229,1
55.6543,55.6549,55.7150,60.7613,1
55.8663,55.8667,55.9233,57.0110,1
55.8909,55.9233,56.0073,116.3632,1
56.4997,56.5006,56.5576,57.9515,1
56.6453,56.6457,56.7018,56.5602,1
56.7542,56.7545,56.8142,60.0757,1
57.9068,57.9081,57.9663,59.5451,1
57.9228,57.9663,58.0485,125.6732,1
58.1950,58.1954,58.2541,59.1211,1
58.8690,58.8699,58.9275,58.4602,1
59.0644,59.0649,59.1227,58.3129,1
59.1464,59.1468,59.2120,65.5618,1
59.2130,59.2134,59.2915,78.4725,1
59.2579,59.2915,59.3668,108.9731,1
59.6017,59.6023,59.6612,59.4882,1
59.8149,59.8154,59.8751,60.2801,1
59.8662,59.8752,59.9579,91.7135,1
60.6266,60.6277,60.6851,58.5020,1
61.1619,61.1628,61.2191,57.1239,1
61.8913,61.8923,61.9495,58.1741,1
62.0879,62.0884,62.1474,59.5007,1
62.1934,62.1938,62.2538,60.3877,1
62.3371,62.3376,62.3931,55.9578,1
62.3687,62.3931,62.4772,108.4671,1
62.4651,62.4772,62.5543,89.1757,1
62.7531,62.7536,62.8114,58.2871,1
63.2935,63.2943,63.3528,59.3478,1
63.9922,63.9932,64.0523,60.0769,1
64.0022,64.0523,64.1359,133.6134,1
64.0681,64.1359,64.2129,144.8311,1
64.3238,64.3243,64.3798,55.9600,1
64.3528,64.3798,64.4644,111.6002,1
64.6410,64.6416,64.6989,57.9520,1
64.7627,64.7631,64.8201,57.3669,1
65.0819,65.0824,65.1384,56.5832,1
65.1734,65.1738,65.2370,63.5542,1
65.5418,65.5425,65.6005,58.6683,1
66.0383,66.0391,66.0970,58.6764,1
66.0432,66.0970,66.1806,137.3884,1
66.3220,66.3225,66.3797,57.7269,1
66.5144,66.5149,66.5715,57.1076,1
66.6996,66.7000,66.7579,58.2876,1
67.1767,67.1775,67.2338,57.0240,1
67.5461,67.5466,67.6062,60.1077,1
67.9333,67.9338,67.9896,56.3688,1
68.2501,68.2504,68.3094,59.3596,1
68.3201,68.3202,68.3920,71.8687,1
68.6039,68.6044,68.6631,59.1665,1
68.7462,68.7465,68.8039,57.6654,1
68.9527,68.9530,69.0098,57.1694,1
70.5952,70.5971,70.6564,61.1481,1
70.6467,70.6564,70.7385,91.7419,1
70.8524,70.8529,70.9118,59.4064,1
70.9123,70.9126,70.9935,81.2766,1
71.5607,71.5616,71.6181,57.3354,1
71.5922,71.6181,71.7023,110.0556,1
71.6715,71.7023,71.7794,107.8916,1
72.3366,72.3373,72.3950,58.4094,1
72.4166,72.4171,72.4832,66.5873,1
72.7923,72.7927,72.8514,59.0752,1
72.8873,72.8876,72.9500,62.7005,1
73.0101,73.0104,73.0705,60.3421,1
73.2255,73.2259,73.2867,61.1222,1
73.8467,73.8474,73.9065,59.7556,1
74.1716,74.1721,74.2306,59.0167,1
74.2636,74.2638,74.3279,64.2943,1
74.9585,74.9593,75.0164,57.8883,1
75.2304,75.2309,75.2894,58.9793,1
75.3668,75.3672,75.4263,59.5090,1
75.5312,75.5315,75.5890,57.8301,1
75.8137,75.8141,75.8726,58.9459,1
75.9379,75.9382,75.9957,57.7948,1
76.8951,76.8962,76.9530,57.9539,1
77.3652,77.3657,77.4239,58.7695,1
77.5756,77.5760,77.6343,58.6871,1
77.7507,77.7511,77.8078,57.0944,1
78.6469,78.6479,78.7077,60.7958,1
79.0197,79.0202,79.0780,58.2806,1
79.3249,79.3254,79.3822,57.2839,1
79.5081,79.5084,79.5663,58.2416,1
79.6661,79.6664,79.7259,59.7795,1
79.8942,79.8945,79.9511,56.9732,1
80.0462,80.0465,80.1061,59.8355,1
80.1847,80.1850,80.2455,60.8842,1
80.2883,80.2885,80.3493,61.0434,1
80.5603,80.5607,80.6193,59.0037,1
80.7188,80.7191,80.7749,56.0300,1
80.8240,80.8241,80.8831,59.1790,1
80.9036,80.9039,80.9700,66.3613,1
80.9127,80.9700,81.0481,135.3737,1
81.3985,81.3993,81.4570,58.4283,1
81.6779,81.6784,81.7357,57.7566,1
81.8525,81.8530,81.9116,59.0931,1
82.2374,82.2380,82.2968,59.4158,1
82.2429,82.2968,82.3799,136.9922,1
82.4187,82.4190,82.4786,59.9094,1
82.7327,82.7332,82.7890,56.3016,1
82.8281,82.8284,82.8888,60.7068,1
82.9863,82.9866,83.0454,59.0845,1
83.1735,83.1738,83.2324,58.8682,1
83.1844,83.2324,83.3154,130.9941,1
83.3082,83.3155,83.3925,84.2709,1
83.3551,83.3925,83.4692,114.1626,1
83.4778,83.4781,83.5477,69.9096,1
83.8340,83.8347,83.8936,59.6142,1
84.0653,84.0658,84.1228,57.5245,1
84.2516,84.2520,84.3089,57.2850,1
84.2909,84.3089,84.3925,101.5480,1
84.3406,84.3925,84.4686,128.0322,1
84.5303,84.5308,84.5883,57.9745,1
84.5878,84.5883,84.6714,83.6198,1
84.6388,84.6714,84.7481,109.3185,1
84.7103,84.7481,84.8238,113.5282,1
84.7579,84.8238,84.9018,143.8953,1
85.0885,85.0891,85.1490,60.5557,1
85.2624,85.2629,85.3225,60.0872,1
85.2655,85.3225,85.4050,139.4713,1
85.3741,85.4050,85.4827,108.6028,1
85.8367,85.8374,85.8957,59.0601,1
85.8964,85.8969,85.9790,82.6051,1
86.0300,86.0304,86.0886,58.6293,1
86.1740,86.1745,86.2332,59.1638,1
86.2210,86.2332,86.3166,95.6025,1
86.3621,86.3625,86.4211,58.9783,1
86.3698,86.4211,86.5034,133.5746,1
86.3961,86.5034,86.5807,184.6117,1
86.5019,86.5808,86.6583,156.3558,1
86.6223,86.6583,86.7361,113.8381,1
86.6436,86.7361,86.8141,170.4903,1
86.7394,86.8141,86.8921,152.7360,1
86.8649,86.8922,86.9696,104.7752,1
86.9646,86.9697,87.0590,94.3902,1
87.0731,87.0736,87.1424,69.3146,1
87.1622,87.1626,87.2373,75.0658,1
87.1872,87.2373,87.3241,136.8920,1
87.2956,87.3241,87.4038,108.1991,1
87.3785,87.4038,87.4795,101.0643,1
87.6135,87.6141,87.6707,57.1792,1
87.7298,87.7303,87.7879,58.1133,1
87.8170,87.8174,87.8809,63.9201,1
87.8225,87.8809,87.9614,138.9158,1
87.8370,87.9614,88.0392,202.1878,1
87.9507,88.0392,88.1174,166.6250,1
87.9630,88.1174,88.1955,232.5433,1
88.0121,88.1955,88.2737,261.6333,1
88.0299,88.2737,88.3519,321.9228,1
88.0492,88.3519,88.4297,380.5146,1
88.0849,88.4297,88.5178,432.8713,1
88.1192,88.5178,88.6082,489.0507,1
88.1745,88.6082,88.6975,522.9370,1
88.4266,88.6975,88.7816,355.0045,1
88.5303,88.7816,88.8612,330.8646,1
88.8162,88.8612,88.9404,124.2823,1
88.9439,88.9444,89.0208,76.8762,1
89.1136,89.1140,89.1718,58.2304,1
89.2273,89.2277,89.2891,61.7776,1
89.2685,89.2891,89.3716,103.1245,1
89.3886,89.3891,89.4557,67.1209,1
89.3978,89.4558,89.5354,137.6607,1
89.4944,89.5354,89.6134,119.0424,1
89.5631,89.6134,89.6916,128.5106,1
90.0046,90.0054,90.0654,60.7835,1
90.1507,90.1510,90.2081,57.4297,1
90.1630,90.2081,90.2923,129.2140,1
90.2946,90.2948,90.3695,74.9501,1
90.3489,90.3696,90.4479,99.0575,1
90.4397,90.4479,90.5257,86.0893,1
90.6126,90.6131,90.6711,58.4363,1
90.7426,90.7430,90.8036,61.0465,1
90.8714,90.8719,90.9296,58.2678,1
90.8930,90.9297,91.0153,122.3145,1
91.1611,91.1617,91.2217,60.5202,1
91.1749,91.2217,91.3050,130.0287,1
91.2690,91.3050,91.3831,114.0249,1
91.7330,91.7335,91.7899,56.8436,1
92.0208,92.0213,92.0817,60.9116,1
92.1171,92.1174,92.1769,59.7330,1
92.1191,92.1769,92.2596,140.4728,1
92.1450,92.2596,92.3374,192.3843,1
92.3701,92.3707,92.4323,62.1798,1
92.5183,92.5187,92.5772,58.8517,1
92.5224,92.5772,92.6615,139.1047,1
92.6723,92.6728,92.7428,70.4398,1
92.7404,92.7428,92.8226,82.2007,1
92.8920,92.8925,92.9494,57.4269,1
92.8966,92.9494,93.0347,138.0621,1
93.6257,93.6267,93.6867,60.9431,1
93.6699,93.6867,93.7704,100.5138,1
93.8370,93.8374,93.8958,58.8100,1
94.0708,94.0713,94.1284,57.6413,1
94.0869,94.1284,94.2145,127.5173,1
94.2371,94.2376,94.3026,65.4475,1
94.3110,94.3113,94.3846,73.5945,1
94.3433,94.3846,94.4635,120.1766,1
94.4317,94.4635,94.5416,109.9287,1
94.5624,94.5629,94.6276,65.1614,1
94.6939,94.6943,94.7535,59.6390,1
95.0010,95.0016,95.0607,59.6489,1
95.3124,95.3130,95.3725,60.0692,1
95.5115,95.5120,95.5709,59.3914,1
95.6938,95.6941,95.7521,58.3512,1
95.7184,95.7521,95.8366,118.2249,1
95.8169,95.8367,95.9131,96.1267,1
95.8322,95.9131,95.9909,158.6518,1
95.8814,95.9909,96.0694,187.9943,1
95.9013,96.0694,96.1476,246.2575,1
95.9128,96.1476,96.2258,312.9660,1
96.1791,96.2258,96.3040,124.8528,1
96.1991,96.3040,96.3822,183.0895,1
96.2899,96.3822,96.4607,170.7591,1
96.3209,96.4607,96.5506,229.7395,1
96.3234,96.5506,96.6474,323.9553,1
96.4189,96.6474,96.7319,313.0008,1
96.5268,96.7319,96.8147,287.9426,1
96.8938,96.8944,96.9521,58.2636,1
96.9972,96.9976,97.0592,61.9796,1
97.0610,97.0612,97.1411,80.1876,1
97.2290,97.2295,97.2898,60.7468,1
97.2650,97.2898,97.3740,108.9813,1
97.3903,97.3906,97.4568,66.5275,1
97.4680,97.4682,97.5412,73.2501,1
97.6229,97.6233,97.6853,62.4386,1
97.6509,97.6854,97.7689,118.0420,1
97.6677,97.7689,97.8472,179.5108,1
97.6721,97.8472,97.9261,254.0022,1
97.8415,97.9261,98.0046,163.0952,1
97.8454,98.0046,98.0839,238.4507,1
97.9455,98.0839,98.1624,216.9816,1
98.0701,98.1625,98.2410,170.9202,1
98.0972,98.2410,98.3199,222.7606,1
98.1579,98.3199,98.3988,240.9115,1
98.1857,98.3988,98.4952,309.5156,1
98.3612,98.4952,98.5859,224.7209,1
98.4584,98.5860,98.6722,213.7204,1
98.4632,98.6722,98.7536,290.3202,1
98.7230,98.7536,98.8338,110.7556,1
98.7753,98.8338,98.9134,138.0955,1
98.7810,98.9134,98.9931,212.1401,1
98.9800,98.9931,99.0724,92.3468,1
99.0299,99.0724,99.1507,120.8531,1
99.0655,99.1507,99.2298,164.2654,1
99.2150,99.2298,99.3083,93.2927,1
99.3836,99.3841,99.4437,60.1176,1
99.4422,99.4438,99.5280,85.7614,1
99.5203,99.5280,99.6069,86.6159,1
99.7485,99.7490,99.8090,60.4420,1
99.7695,99.8090,99.8947,125.2952,1
99.7698,99.8948,99.9727,202.8993,1
100.0492,100.0498,100.1103,61.1722,1
100.1518,100.1523,100.2107,58.8564,1
100.3391,100.3396,100.3998,60.6229,1
100.3928,100.3998,100.4843,91.4588,1
100.4145,100.4843,100.5624,147.8985,1
100.4185,100.5624,100.6413,222.8314,1
100.4353,100.6413,100.7210,285.6881,1
100.6323,100.7210,100.7999,167.6135,1
100.6567,100.7999,100.8788,222.0914,1
100.8896,100.8901,100.9613,71.6671,1
101.0760,101.0762,101.1370,61.0253,1
101.1427,101.1430,101.2214,78.7219,1
101.1945,101.2214,101.3007,106.2031,1
101.6131,101.6138,101.6733,60.2697,1
101.6726,101.6733,101.7589,86.2737,1
101.7415,101.7589,101.8374,95.8127,1
101.8729,101.8732,101.9323,59.4269,1
101.9217,101.9323,102.0163,94.6227,1
102.3021,102.3026,102.3637,61.5107,1
102.3271,102.3637,102.4472,120.1238,1
102.4209,102.4472,102.5264,105.4354,1
102.6258,102.6263,102.6875,61.6761,1
102.6441,102.6875,102.7720,127.9633,1
102.7733,102.7736,102.8501,76.7187,1
102.9412,102.9416,103.0019,60.7217,1
103.1712,103.1717,103.2301,58.9013,1
103.2151,103.2302,103.3166,101.5644,1
103.4347,103.4352,103.4958,61.1577,1
103.4560,103.4959,103.5800,124.0126,1
103.5359,103.5800,103.6582,122.2968,1
103.6240,103.6582,103.7370,113.0499,1
103.6359,103.7370,103.8159,180.0220,1
103.7123,103.8159,103.8948,182.5046,1
103.9861,103.9866,104.0471,61.0835,1
104.3127,104.3134,104.3726,59.9372,1
104.4213,104.4217,104.4833,62.0843,1
104.4950,104.4953,104.5664,71.3688,1
104.5927,104.5931,104.6588,66.1761,1
104.6708,104.6712,104.7428,71.9904,1
104.7455,104.7458,104.8232,77.7579,1
104.9114,104.9119,104.9678,56.3640,1
105.1505,105.1511,105.2091,58.6670,1
105.2434,105.2439,105.3058,62.3735,1
105.2455,105.3058,105.3878,142.2807,1
105.2533,105.3878,105.4668,213.5530,1
105.3001,105.4668,105.5465,246.3426,1
105.5782,105.5788,105.6434,65.2506,1
105.6853,105.6856,105.7474,62.0938,1
105.7741,105.7745,105.8404,66.3054,1
105.8678,105.8682,105.9330,65.2265,1
106.0135,106.0141,106.0730,59.4810,1
106.0637,106.0730,106.1580,94.3294,1
106.0658,106.1580,106.2376,171.8212,1
106.2294,106.2376,106.3173,87.9103,1
106.2737,106.3173,106.3969,123.2248,1
106.3238,106.3969,106.4766,152.7665,1
106.3823,106.4766,106.5563,173.9884,1
106.9577,106.9584,107.0165,58.7676,1
107.0309,107.0311,107.1019,70.9435,1
107.3433,107.3437,107.4052,61.8805,1
107.5416,107.5419,107.6030,61.3562,1
107.5730,107.6030,107.6864,113.3658,1
107.7652,107.7657,107.8253,60.0837,1
108.1495,108.1500,108.2079,58.3615,1
108.3349,108.3351,108.3969,61.9873,1
108.3422,108.3969,108.4804,138.2300,1
108.5079,108.5084,108.5726,64.6900,1
108.6265,108.6269,108.6881,61.6603,1
108.6605,108.6882,108.7723,111.7997,1
108.6885,108.7723,108.8515,162.9465,1
108.7544,108.8515,108.9311,176.7232,1
108.8788,108.9312,109.0108,131.9756,1
108.8906,109.0108,109.0905,199.9135,1
109.1870,109.1876,109.2439,56.9443,1
109.2207,109.2439,109.3310,110.3289,1
109.4065,109.4070,109.4676,61.0986,1
109.4886,109.4889,109.5579,69.2753,1
109.6093,109.6097,109.6704,61.0890,1
109.7826,109.7831,109.8407,58.0903,1
109.7989,109.8407,109.9271,128.2085,1
109.9498,109.9503,110.0174,67.5980,1
110.0211,110.0215,110.0995,78.3691,1
110.0428,110.0995,110.1795,136.7599,1
110.1991,110.1995,110.2653,66.2561,1
110.2217,110.2654,110.3469,125.1650,1
110.5724,110.5731,110.6326,60.1923,1
110.5795,110.6326,110.7180,138.4965,1
110.6940,110.7180,110.7977,103.6446,1
110.9213,110.9218,110.9793,58.0612,1
111.2768,111.2772,111.3378,61.0438,1
111.2899,111.3379,111.4218,131.9237,1
111.4727,111.4732,111.5345,61.8344,1
111.5395,111.5399,111.6194,79.8145,1
111.5396,111.6194,111.6990,159.4200,1
111.5562,111.6990,111.7787,222.4786,1
111.8606,111.8611,111.9217,61.0635,1
112.0895,112.0901,112.1491,59.5549,1
112.2229,112.2234,112.2838,60.8964,1
112.4748,112.4754,112.5371,62.2425,1
112.6687,112.6691,112.7277,59.0439,1
112.8381,112.8386,112.9011,62.9869,1
113.0986,113.0991,113.1569,58.3779,1
113.1373,113.1570,113.2415,104.2017,1
113.1564,113.2415,113.3200,163.6050,1
113.2025,113.3200,113.3989,196.4030,1
113.2448,113.3989,113.4786,233.7988,1
113.4546,113.4786,113.5578,103.2125,1
113.4947,113.5579,113.6375,142.7644,1
113.5704,113.6375,113.7172,146.7170,1
113.7875,113.7880,113.8478,60.2822,1
114.6160,114.6171,114.6744,58.4721,1
114.6310,114.6745,114.7589,127.9053,1
114.7485,114.7590,114.8383,89.7898,1
114.7684,114.8383,114.9168,148.3692,1
114.9527,114.9532,115.0151,62.4133,1
115.0742,115.0747,115.1367,62.4770,1
115.2833,115.2839,115.3422,58.9156,1
115.3076,115.3422,115.4286,120.9408,1
115.5875,115.5881,115.6487,61.2201,1
115.9995,116.0001,116.0598,60.3094,1
116.0699,116.0703,116.1432,73.2728,1
116.4207,116.4212,116.4798,59.0712,1
116.4842,116.4843,116.5644,80.2184,1
116.4990,116.5645,116.6435,144.5327,1
116.9141,116.9147,116.9760,61.8635,1
117.0581,117.0584,117.1178,59.6517,1
117.1683,117.1686,117.2280,59.7093,1
117.3829,117.3833,117.4401,57.2191,1
117.6821,117.6826,117.7401,57.9986,1
117.7418,117.7421,117.8261,84.2841,1
117.9319,117.9322,117.9934,61.4688,1
117.9344,117.9934,118.0767,142.2718,1
118.0603,118.0767,118.1556,95.2635,1
118.1500,118.1556,118.2352,85.1597,1
118.1634,118.2352,118.3148,151.4675,1
118.3958,118.3963,118.4546,58.8728,1
118.4540,118.4547,118.5393,85.3121,1
118.7017,118.7023,118.7610,59.3316,1
118.7782,118.7786,118.8492,71.0922,1
118.8466,118.8493,118.9296,82.9743,1
119.3158,119.3166,119.3776,61.8004,1
119.3335,119.3777,119.4625,129.0474,1
119.4351,119.4625,119.5419,106.7992,1
120.1506,120.1517,120.2102,59.5552,1
120.3164,120.3169,120.3725,56.1189,1
120.5399,120.5405,120.6012,61.3430,1
120.6674,120.6679,120.7282,60.8410,1
121.1019,121.1027,121.1601,58.1301,1
121.1088,121.1601,121.2465,137.7372,1
121.3270,121.3274,121.3861,59.1491,1
121.4261,121.4265,121.4886,62.5535,1
121.6337,121.6341,121.6953,61.6331,1
121.7249,121.7253,121.7881,63.1336,1
121.8001,121.8003,121.8742,74.0938,1
121.8518,121.8742,121.9542,102.4222,1
121.8734,121.9542,122.0335,160.1499,1
122.3348,122.3354,122.3975,62.7111,1
122.5528,122.5534,122.6144,61.5798,1
122.7282,122.7287,122.7883,60.1695,1
122.8871,122.8875,122.9471,59.9463,1
123.0174,123.0179,123.0798,62.3395,1
123.1715,123.1720,123.2332,61.6135,1
123.5338,123.5344,123.5970,63.1636,1
123.5795,123.5970,123.6810,101.5664,1
123.6758,123.6810,123.7607,84.8559,1
123.8075,123.8078,123.8680,60.5389,1
123.8824,123.8826,123.9559,73.4473,1
123.9641,123.9644,124.0363,72.2204,1
124.1653,124.1657,124.2229,57.5736,1
124.1687,124.2229,124.3092,140.4707,1
124.3107,124.3110,124.3896,78.8976,1
124.4448,124.4451,124.5022,57.4455,1
124.5357,124.5362,124.5977,61.9649,1
124.5671,124.5977,124.6804,113.2570,1
124.5759,124.6804,124.7600,184.1460,1
124.7766,124.7772,124.8448,68.1468,1
124.9626,124.9631,125.0236,60.9646,1
125.0297,125.0301,125.1075,77.8057,1
125.0473,125.1075,125.1873,139.9244,1
125.1124,125.1873,125.2669,154.5465,1
125.1620,125.2669,125.3462,184.1970,1
125.3313,125.3462,125.4259,94.5538,1
125.4490,125.4493,125.5177,68.6370,1
125.4840,125.5177,125.5990,114.9686,1
125.6091,125.6094,125.6809,71.8624,1
125.7546,125.7550,125.8143,59.7043,1
125.8555,125.8559,125.9185,63.0386,1
125.9387,125.9391,126.0077,68.9968,1
126.4508,126.4516,126.5130,62.2870,1
126.5530,126.5534,126.6159,62.8689,1
126.7749,126.7753,126.8366,61.7819,1
126.7996,126.8367,126.9210,121.3839,1
126.8902,126.9210,127.0000,109.7538,1
126.9166,127.0000,127.0796,163.0263,1
127.0269,127.0796,127.1593,132.4214,1
127.1204,127.1593,127.2389,118.4878,1
127.1831,127.2389,127.3186,135.5287,1
127.2351,127.3186,127.3983,163.2024,1
127.2674,127.3983,127.4779,210.4802,1
127.2724,127.4779,127.5576,285.2209,1
127.4704,127.5576,127.6664,196.0517,1
127.4993,127.6664,127.7524,253.0926,1
127.8387,127.8392,127.8993,60.6597,1
127.9706,127.9711,128.0323,61.6585,1
128.0808,128.0813,128.1436,62.7345,1
128.2971,128.2976,128.3591,62.0522,1
128.4326,128.4331,128.4921,59.5311,1
128.4712,128.4921,128.5772,105.9928,1
128.5422,128.5772,128.6569,114.7355,1
128.9241,128.9247,128.9825,58.4585,1
128.9321,128.9826,129.0682,136.1646,1
129.0737,129.0743,129.1506,76.8281,1
129.1644,129.1647,129.2343,69.8575,1
129.1940,129.2343,129.3154,121.3645,1
129.2356,129.3154,129.3951,159.4393,1
129.3043,129.3951,129.4747,170.3688,1
129.3379,129.4747,129.5544,216.4595,1
129.5952,129.5958,129.6578,62.5619,1
129.7200,129.7204,129.7787,58.6338,1
129.8967,129.8970,129.9585,61.7550,1
129.9371,129.9585,130.0432,106.1066,1
130.7988,130.8000,130.8567,57.8614,1
130.9711,130.9716,131.0309,59.7670,1
131.0235,131.0309,131.1157,92.2283,1
131.2323,131.2329,131.2958,63.4490,1
131.4265,131.4269,131.4906,64.1069,1
131.6171,131.6176,131.6750,57.8848,1
131.6746,131.6750,131.7618,87.1776,1
131.8969,131.8972,131.9569,59.9637,1
131.9143,131.9569,132.0420,127.7207,1
131.9629,132.0420,132.1207,157.7343,1
132.0444,132.1207,132.2003,155.9528,1
132.1315,132.2003,132.2804,148.8285,1
132.2459,132.2804,132.3600,114.1464,1
132.3012,132.3601,132.4397,138.5474,1
132.5062,132.5067,132.5662,59.9987,1
132.7441,132.7446,132.8051,60.9568,1
132.9115,132.9119,132.9692,57.6413,1
133.0014,133.0018,133.0645,63.1305,1
133.0381,133.0646,133.1475,109.3941,1
133.3720,133.3726,133.4345,62.5767,1
133.4056,133.4346,133.5188,113.2204,1
133.5008,133.5188,133.5978,97.0423,1
133.9977,133.9985,134.0593,61.5812,1
134.0309,134.0593,134.1451,114.1545,1
134.0900,134.1451,134.2246,134.5439,1
134.1319,134.2246,134.3042,172.3440,1
134.1399,134.3043,134.3839,244.0504,1
134.3936,134.3941,134.4684,74.7523,1
134.4145,134.4684,134.5489,134.3648,1
134.5005,134.5489,134.6286,128.0517,1
134.5053,134.6286,134.7082,202.9532,1
134.5830,134.7082,134.7879,204.8835,1
134.7166,134.7879,134.8982,181.5359,1
134.7644,134.8982,134.9825,218.1547,1
134.8933,134.9825,135.0669,173.6166,1
135.1316,135.1321,135.1917,60.0394,1
135.1510,135.1917,135.2775,126.5657,1
135.1552,135.2775,135.3566,201.3873,1
135.2082,135.3566,135.4370,228.7794,1
135.5155,135.5160,135.5724,56.8503,1
135.7691,135.7696,135.8316,62.5351,1
135.9455,135.9459,136.0083,62.7641,1
135.9968,136.0083,136.0930,96.1542,1
136.0143,136.0930,136.1727,158.4108,1
136.4751,136.4759,136.5375,62.4655,1
136.6607,136.6612,136.7220,61.3256,1
136.9775,136.9781,137.0393,61.8512,1
137.0137,137.0394,137.1247,111.0114,1
137.0536,137.1247,137.2038,150.2044,1
137.1100,137.2038,137.2835,173.4727,1
137.1996,137.2835,137.3632,163.5506,1
137.2162,137.3632,137.4432,226.9438,1
137.3223,137.4432,137.5231,200.8444,1
137.5279,137.5283,137.6060,78.1530,1
137.6546,137.6551,137.7167,62.0241,1
137.8559,137.8563,137.9149,59.0466,1
138.2699,138.2704,138.3277,57.7582,1
138.2725,138.3277,138.4140,141.4431,1
138.4112,138.4140,138.4936,82.4742,1
138.4168,138.4937,138.5733,156.4653,1
138.4630,138.5733,138.6530,189.9558,1
138.5686,138.6530,138.7327,164.1490,1
138.6733,138.7327,138.8131,139.8303,1
139.1765,139.1773,139.2385,62.0284,1
139.2139,139.2385,139.3234,109.5067,1
139.2217,139.3235,139.4034,181.6634,1
139.4501,139.4505,139.5117,61.5616,1
139.4740,139.5117,139.5960,122.0131,1
139.6444,139.6447,139.7075,63.0868,1
139.6699,139.7075,139.7921,122.2381,1
139.9369,139.9374,139.9997,62.7540,1
140.4286,140.4294,140.4917,63.1442,1
140.7755,140.7760,140.8368,61.3465,1
140.9907,140.9912,141.0486,57.9389,1
141.0690,141.0694,141.1383,69.2674,1
141.1136,141.1383,141.2200,106.4083,1
141.2076,141.2200,141.2993,91.6600,1
141.2602,141.2993,141.3793,119.1531,1
141.2939,141.3793,141.4592,165.3061,1
141.3530,141.4592,141.5398,186.7807,1
141.3534,141.5398,141.6194,266.0031,1
141.3707,141.6195,141.7001,329.3413,1
141.3935,141.7001,141.7806,387.1131,1
141.4925,141.7806,141.8859,393.4404,1
141.5534,141.8859,141.9755,422.0819,1
141.6022,141.9755,142.0597,457.4790,1
141.7644,142.0597,142.1428,378.3820,1
141.8561,142.1428,142.2240,367.9640,1
141.9399,142.2240,142.3053,365.3268,1
141.9946,142.3053,142.3865,391.8630,1
142.0871,142.3865,142.4660,378.9163,1
142.2425,142.4660,142.5445,302.0366,1
142.4568,142.5445,142.6234,166.5379,1
142.5634,142.6234,142.7023,138.8450,1
142.5719,142.7023,142.7906,218.7291,1
142.6394,142.7906,142.8803,240.9084,1
142.8211,142.8803,142.9668,145.7207,1
142.9162,142.9668,143.0505,134.2341,1
144.1127,144.1142,144.1754,62.7353,1
144.3168,144.3172,144.3783,61.4308,1
144.5500,144.5505,144.6100,59.9902,1
144.5529,144.6100,144.6948,141.8409,1
144.7546,144.7550,144.8157,61.0982,1
145.1261,145.1267,145.1860,59.8413,1
145.3048,145.3053,145.3630,58.1030,1
145.5756,145.5761,145.6366,60.9968,1
145.7378,145.7382,145.7964,58.6313,1
145.9508,145.9512,146.0115,60.7228,1
146.1415,146.1419,146.2006,59.1593,1
146.6360,146.6368,146.6946,58.6506,1
146.6804,146.6947,146.7794,99.0120,1
146.8971,146.8975,146.9530,55.9662,1
146.9707,146.9710,147.0414,70.7655,1
147.0896,147.0899,147.1508,61.2119,1
147.1227,147.1508,147.2333,110.5833,1
147.2037,147.2333,147.3114,107.7343,1
147.2529,147.3114,147.3901,137.1973,1
147.3424,147.3901,147.4686,126.1321,1
147.4893,147.4898,147.5551,65.7781,1
147.5391,147.5551,147.6357,96.5990,1
147.5545,147.6357,147.7140,159.5328,1
147.7673,147.7679,147.8268,59.5385,1
147.8579,147.8581,147.9216,63.7267,1
148.0587,148.0592,148.1179,59.1642,1
148.1077,148.1179,148.2026,94.9251,1
148.1417,148.2026,148.2814,139.6795,1
148.2308,148.2814,148.3603,129.4909,1
148.2863,148.3603,148.4388,152.4858,1
148.3843,148.4388,148.5175,133.1325,1
148.6863,148.6869,148.7480,61.6716,1
148.6990,148.7480,148.8322,133.2189,1
148.7464,148.8322,148.9105,164.0403,1
148.8211,148.9105,148.9893,168.2004,1
148.9453,148.9893,149.0675,122.1767,1
148.9788,149.0675,149.1460,167.2456,1
149.0516,149.1460,149.2253,173.6684,1
149.0751,149.2253,149.3038,228.6231,1
149.1157,149.3038,149.3823,266.6426,1
149.1544,149.3823,149.4612,306.7996,1
149.2681,149.4613,149.5659,297.8060,1
149.3436,149.5659,149.6537,310.1645,1
149.6291,149.6538,149.7374,108.2475,1
149.8572,149.8577,149.9180,60.7857,1
149.9941,149.9945,150.0555,61.4112,1
150.0505,150.0555,150.1406,90.0677,1
150.1116,150.1406,150.2187,107.1233,1
150.1376,150.2187,150.2975,159.8334,1
150.2944,150.2975,150.3762,81.7402,1
150.3821,150.3825,150.4556,73.4817,1
150.4218,150.4556,150.5346,112.7366,1
150.5661,150.5666,150.6297,63.6366,1
150.6258,150.6298,150.7108,85.0894,1
150.7745,150.7748,150.8338,59.3682,1
150.9439,150.9444,151.0040,60.1373,1
150.9443,151.0040,151.0885,144.1379,1
151.1439,151.1445,151.2059,61.9603,1
151.4785,151.4791,151.5417,63.1990,1
151.5596,151.5600,151.6297,70.1371,1
151.5759,151.6298,151.7095,133.6397,1
151.7198,151.7203,151.7901,70.2851,1
151.7999,151.8002,151.8714,71.5217,1
151.9574,151.9579,152.0190,61.5884,1
152.0735,152.0739,152.1363,62.7818,1
152.1959,152.1964,152.2561,60.1570,1
152.2518,152.2561,152.3430,91.2744,1
152.3508,152.3510,152.4242,73.3605,1
152.6458,152.6464,152.7076,61.7607,1
152.6740,152.7076,152.7915,117.4444,1
152.6751,152.7915,152.8696,194.4938,1
152.6789,152.8696,152.9482,269.2927,1
152.7026,152.9482,153.0271,324.4963,1
153.3222,153.3229,153.3817,59.4763,1
153.3289,153.3817,153.4665,137.6150,1
153.6194,153.6199,153.6798,60.4675,1
153.8573,153.8579,153.9186,61.2962,1
154.2162,154.2167,154.2770,60.7474,1
154.2176,154.2770,154.3621,144.4763,1
154.2379,154.3621,154.4402,202.3421,1
154.3417,154.4402,154.5191,177.3820,1
154.3882,154.5191,154.5975,209.3094,1
154.4286,154.5975,154.6766,247.9588,1
154.5723,154.6766,154.7553,182.9746,1
154.8278,154.8284,154.8881,60.3270,1
154.8389,154.8881,154.9724,133.4825,1
154.8946,154.9724,155.0513,156.7029,1
155.0025,155.0513,155.1372,134.6849,1
155.1288,155.1372,155.2160,87.1304,1
155.1600,155.2160,155.2945,134.4289,1
155.1890,155.2945,155.3741,185.1233,1
155.2379,155.3742,155.4530,215.1328,1
155.5566,155.5572,155.6165,59.8405,1
155.6417,155.6421,155.7084,66.7659,1
155.8332,155.8337,155.8948,61.5908,1
156.1033,156.1039,156.1647,61.4026,1
156.2308,156.2312,156.2923,61.5067,1
156.3530,156.3535,156.4112,58.1193,1
156.5504,156.5510,156.6121,61.6587,1
156.5646,156.6121,156.6976,133.0335,1
157.3696,157.3705,157.4309,61.3175,1
157.6668,157.6674,157.7281,61.2922,1
158.0485,158.0492,158.1072,58.7666,1
158.2303,158.2306,158.2868,56.5768,1
158.2804,158.2869,158.3733,92.9902,1
158.3447,158.3734,158.4515,106.8455,1
158.4241,158.4516,158.5306,106.4733,1
158.4458,158.5306,158.6091,163.3092,1
158.6297,158.6300,158.6963,66.6129,1
158.6570,158.6963,158.7773,120.3301,1
158.6980,158.7773,158.8561,158.1529,1
158.7569,158.8562,158.9350,178.1534,1
158.7777,158.9351,159.0136,235.8465,1
158.8003,159.0136,159.1176,317.2976,1
158.8883,159.1176,159.2014,313.1074,1
159.0058,159.2014,159.2842,278.4834,1
159.0379,159.2842,159.3646,326.7422,1
159.0393,159.3647,159.4443,405.0456,1
159.0641,159.4444,159.5294,465.2730,1
159.1857,159.5294,159.6093,423.5843,1
159.5494,159.6093,159.6887,139.3032,1
159.5525,159.6887,159.7683,215.8037,1
159.5593,159.7683,159.8476,288.2652,1
159.6740,159.8476,159.9269,252.8734,1
159.6866,159.9269,160.0160,329.4663,1
159.6989,160.0160,160.1055,406.5589,1
159.7217,160.1055,160.1912,469.4431,1
159.7696,160.1912,160.2740,504.4462,1
159.9566,160.2740,160.3556,398.9951,1
160.0738,160.3556,160.4386,364.8422,1
160.1818,160.4386,160.5204,338.5639,1
160.2506,160.5204,160.6012,350.5763,1
160.2665,160.6012,160.6812,414.7549,1
160.2834,160.6813,160.7609,477.5331,1
160.3250,160.7609,160.8413,516.3711,1
160.3492,160.8413,160.9259,576.6945,1
160.4071,160.9259,161.0129,605.8143,1
160.5017,161.0129,161.0992,597.4980,1
160.5117,161.0992,161.1845,672.7967,1
160.5442,161.1845,161.2674,723.1856,1
160.7318,161.2674,161.3502,618.3764,1
160.7848,161.3502,161.4330,648.2541,1
160.8298,161.4330,161.5144,684.6514,1
160.9202,161.5145,161.5957,675.4583,1
160.9958,161.5957,161.6758,680.0368,1
161.0005,161.6758,161.7564,755.8766,1
161.2313,161.7564,161.8393,607.9248,1
161.4329,161.8393,161.9250,492.0518,1
161.5682,161.9250,162.0107,442.5278,1
161.6104,162.0107,162.0964,485.9963,1
161.6373,162.0964,162.1810,543.7032,1
161.6776,162.1810,162.2642,586.5989,1
161.6978,162.2643,162.3474,649.6825,1
161.7760,162.3475,162.4303,654.2752,1
161.9312,162.4303,162.5118,580.5456,1
161.9727,162.5118,162.5930,620.2395,1
162.0693,162.5930,162.6738,604.4891,1
162.0792,162.6738,162.7565,677.2798,1
162.1563,162.7565,162.8397,683.3588,1
162.2282,162.8397,162.9250,696.7699,1
162.3372,162.9250,163.0105,673.3357,1
162.4055,163.0105,163.0952,689.7356,1
162.6463,163.0952,163.1790,532.7348,1
162.6539,163.1790,163.2630,609.1153,1
162.7025,163.2630,163.3459,643.3588,1
162.7113,163.3459,163.4286,717.2836,1
162.8337,163.4286,163.5107,677.0318,1
162.9337,163.5108,163.5926,658.8363,1
163.0235,163.5926,163.6744,650.8815,1
163.0440,163.6744,163.7573,713.2527,1
163.2606,163.7573,163.8409,580.3005,1
163.3841,163.8409,163.9254,541.2736,1
163.7044,163.9254,164.0099,305.5712,1
163.7446,164.0099,164.0945,349.8403,1
163.8155,164.0945,164.1790,363.4683,1
164.0161,164.1790,164.2623,246.2002,1
164.0404,164.2623,164.3460,305.5621,1
164.1106,164.3460,164.4284,317.8076,1
164.2277,164.4284,164.5106,282.9428,1
164.2905,164.5107,164.5921,301.5815,1
164.5339,164.5921,164.6749,140.9657,1
164.5522,164.6749,164.7580,205.8483,1
164.5706,164.7580,164.8426,271.9238,1
164.6705,164.8426,164.9271,256.6128,1
164.8050,164.9271,165.0116,206.5955,1
164.9264,165.0116,165.0961,169.7281,1
165.0158,165.0961,165.1806,164.7969,1
165.1487,165.1806,165.2639,115.1036,1
165.2174,165.2639,165.3471,129.7039,1
165.2997,165.3471,165.4299,130.1638,1
165.4175,165.4299,165.5123,94.8226,1
165.4756,165.5124,165.5952,119.6037,1
165.4812,165.5952,165.6780,196.7690,1
165.5228,165.6780,165.7616,238.8673,1
165.6057,165.7616,165.8458,240.0128,1
165.6063,165.8458,165.9303,323.9913,1
165.7672,165.9303,166.0148,247.6238,1
165.8431,166.0148,166.0993,256.2551,1
165.8580,166.0993,166.1826,324.6697,1
165.8851,166.1827,166.2663,381.2734,1
165.9179,166.2663,166.3499,431.9719,1
166.0317,166.3499,166.4327,401.0493,1
166.1814,166.4327,166.5155,334.1546,1
166.3027,166.5156,166.5984,295.7161,1
166.4139,166.5984,166.6813,267.3260,1
166.4560,166.6813,166.7658,309.7842,1
166.5100,166.7658,166.8503,340.3491,1
166.5516,166.8504,166.9349,383.2869,1
166.6266,166.9349,167.0194,392.7527,1
166.9014,167.0194,167.1039,202.4510,1
167.0934,167.1039,167.1884,95.0293,1
167.2119,167.2122,167.2803,68.3569,1
167.5069,167.5073,167.5643,57.4280,1
167.5424,167.5643,167.6514,108.9402,1
167.6089,167.6514,167.7305,121.5481,1
167.7403,167.7407,167.8124,72.1089,1
167.8461,167.8466,167.9055,59.3780,1
167.8704,167.9055,167.9905,120.1073,1
167.9015,167.9906,168.0708,169.3347,1
167.9508,168.0708,168.1507,199.8627,1
168.2876,168.2880,168.3449,57.3388,1
168.3163,168.3449,168.4318,115.5068,1
168.4548,168.4552,168.5216,66.8008,1
168.4936,168.5216,168.6039,110.2803,1
168.5714,168.6039,168.6839,112.5017,1
168.8793,168.8798,168.9427,63.3993,1
169.0636,169.0641,169.1256,62.0740,1
169.1025,169.1257,169.2106,108.0857,1
169.1090,169.2106,169.2901,181.0928,1
169.1384,169.2901,169.3700,231.6202,1
169.2098,169.3700,169.4498,240.0288,1
169.2597,169.4499,169.5299,270.2162,1
169.2622,169.5299,169.6098,347.5214,1
169.5598,169.6098,169.6898,129.9816,1
169.6036,169.6898,169.7697,166.0329,1
169.7879,169.7884,169.8572,69.2894,1
169.9756,169.9760,170.0385,62.8749,1
170.0006,170.0385,170.1230,122.4024,1
170.0392,170.1230,170.2027,163.5042,1
170.0795,170.2027,170.2824,202.9069,1
170.1685,170.2824,170.3621,193.5625,1
170.3134,170.3621,170.4422,128.7993,1
170.4087,170.4422,170.5234,114.6841,1
170.4465,170.5234,170.6034,156.8862,1
170.4836,170.6034,170.6835,199.8723,1
170.7113,170.7117,170.7739,62.6132,1
170.9641,170.9646,171.0210,56.8990,1
170.9778,171.0210,171.1086,130.7783,1
171.0586,171.1086,171.1881,129.4824,1
171.0855,171.1881,171.2678,182.2774,1
171.1519,171.2678,171.3482,196.2817,1
171.1869,171.3482,171.4279,240.9935,1
171.1963,171.4279,171.5083,311.9916,1
171.5937,171.5945,171.6552,61.4868,1
171.6090,171.6552,171.7398,130.8161,1
171.7773,171.7779,171.8406,63.2785,1
171.8176,171.8406,171.9239,106.3146,1
171.8304,171.9240,172.0041,173.7102,1
171.8328,172.0041,172.0845,251.7044,1
172.0300,172.0845,172.1641,134.1664,1
172.1041,172.1642,172.2446,140.4672,1
172.1348,172.2446,172.3243,189.4267,1
172.1471,172.3243,172.4047,257.6279,1
172.1623,172.4047,172.5024,340.1733,1
172.2512,172.5025,172.5837,332.4926,1
172.2546,172.5837,172.6825,427.9237,1
172.2621,172.6825,172.7660,503.9528,1
172.2870,172.7660,172.8495,562.5214,1
172.3036,172.8495,172.9313,627.7194,1
172.4981,172.9313,173.0126,514.4633,1
172.5581,173.0126,173.0938,535.7379,1
172.5749,173.0938,173.1750,600.1039,1
172.7164,173.1750,173.2551,538.6616,1
172.7267,173.2551,173.3359,609.2462,1
172.9265,173.3359,173.4248,498.3413,1
173.2172,173.4249,173.5103,293.0570,1
173.4986,173.5103,173.6021,103.4503,1
173.5962,173.6021,173.6895,93.3105,1
173.7414,173.7418,173.7993,57.8387,1
173.7567,173.7993,173.8857,129.0513,1
173.7836,173.8857,173.9663,182.6687,1
173.8123,173.9663,174.0462,233.9380,1
173.8511,174.0463,174.1264,275.3647,1
173.8554,174.1265,174.2073,351.9154,1
173.8633,174.2073,174.2877,424.4132,1
174.0074,174.2877,174.3689,361.4947,1
174.0569,174.3690,174.4507,393.7151,1
174.1824,174.4507,174.5364,353.9401,1
174.1839,174.5364,174.6438,459.9006,1
174.2109,174.6438,174.7288,517.9299,1
174.3388,174.7288,174.8129,474.0820,1
174.3600,174.8129,174.8954,535.4456,1
174.4230,174.8954,174.9766,553.6467,1
174.4368,174.9767,175.0579,621.1185,1
174.5282,175.0579,175.1391,610.9291,1
174.6215,175.1392,175.2204,598.8368,1
174.6248,175.2204,175.3016,676.7821,1
174.6652,175.3016,175.3834,718.2397,1
174.7197,175.3834,175.4675,747.8444,1
174.8022,175.4675,175.5630,760.8408,1
175.2312,175.5630,175.6534,422.1313,1
175.4754,175.6534,175.7402,264.8086,1
175.6489,175.7403,175.8250,176.0631,1
175.6826,175.8250,175.9078,225.2735,1
175.6835,175.9079,175.9904,306.9869,1
175.7143,175.9905,176.0717,357.4215,1
175.7342,176.0717,176.1533,419.1370,1
175.9490,176.1533,176.2345,285.5554,1
175.9735,176.2345,176.3173,343.7952,1
176.1435,176.3173,176.4012,257.6222,1
176.7413,176.7420,176.8027,61.4518,1
176.7908,176.8027,176.8889,98.1296,1
177.0287,177.0293,177.0906,61.8338,1
177.1377,177.1382,177.2018,64.1057,1
177.1386,177.2019,177.2855,146.9043,1
177.1881,177.2855,177.3661,178.0315,1
177.3424,177.3661,177.4465,104.1678,1
177.3830,177.4465,177.5278,144.7679,1
177.6308,177.6313,177.6928,62.0600,1
177.7228,177.7231,177.7867,63.8450,1
177.7319,177.7867,177.8704,138.4882,1
177.7935,177.8704,177.9511,157.6394,1
177.9843,177.9848,178.0463,62.0341,1
178.0463,178.0464,178.1315,85.2571,1
178.0834,178.1315,178.2126,129.2148,1
178.0983,178.2126,178.2939,195.5747,1
178.1916,178.2939,178.3751,183.4771,1
178.2082,178.3751,178.4563,248.0783,1
178.2765,178.4563,178.5578,281.2724,1
178.2936,178.5578,178.6469,353.3533,1
178.3126,178.6469,178.7274,414.7819,1
178.4360,178.7274,178.8088,372.8069,1
178.4884,178.8088,178.9004,411.9679,1
178.5331,178.9004,178.9818,448.6870,1
178.5334,178.9819,179.0650,531.5398,1
178.5381,179.0650,179.1465,608.4389,1
178.6164,179.1465,179.2281,611.7117,1
178.7167,179.2281,179.3093,592.5639,1
178.8107,179.3093,179.3937,582.9958,1
179.0160,179.3937,179.4845,468.5727,1
179.0228,179.4846,179.5746,551.7946,1
179.0452,179.5746,179.6596,614.4649,1
179.1902,179.6596,179.7443,554.0730,1
179.2640,179.7443,179.8306,566.5609,1
179.4700,179.8306,179.9152,445.2190,1
179.4884,179.9152,179.9989,510.5507,1
179.5809,179.9989,180.0821,501.2208,1
179.6215,180.0821,180.1649,543.4192,1
179.7668,180.1649,180.2464,479.5299,1
179.8079,180.2464,180.3312,523.2956,1
179.8268,180.3312,180.4183,591.5381,1
179.8551,180.4183,180.5064,651.3314,1
179.8824,180.5064,180.5933,710.9089,1
179.9313,180.5933,180.6796,748.3155,1
179.9724,180.6796,180.7659,793.4732,1
180.1760,180.7659,180.8506,674.5583,1
180.3017,180.8506,180.9351,633.3815,1
180.3929,180.9351,181.0188,625.9102,1
180.4030,181.0188,181.1020,698.9774,1
180.4033,181.1020,181.1848,781.5367,1
180.6272,181.1848,181.2691,641.9435,1
180.7489,181.2691,181.3543,605.4586,1
180.7974,181.3544,181.4411,643.6694,1
180.8093,181.4411,181.5274,718.0816,1
180.8836,181.5274,181.6136,730.0102,1
180.9349,181.6136,181.6999,764.9668,1
181.0898,181.6999,181.7849,695.0904,1
181.2351,181.7849,181.8709,635.7311,1
181.2488,181.8709,181.9554,706.5626,1
181.2600,181.9554,182.0387,778.6816,1
181.2931,182.0387,182.1227,829.5093,1
181.4609,182.1227,182.2065,745.5494,1
181.4907,182.2065,182.2913,800.5864,1
181.5240,182.2913,182.3776,853.5921,1
181.6222,182.3776,182.4639,841.6877,1
181.7322,182.4639,182.5501,817.9278,1
181.7915,182.5501,182.6364,844.9229,1
181.8927,182.6364,182.7227,830.0131,1
182.0037,182.7227,182.8079,804.1194,1
182.0202,182.8079,182.8924,872.1371,1
182.0218,182.8924,182.9769,955.0861,1
182.1327,182.9769,183.0606,927.9178,1
182.2680,183.0606,183.1451,877.1174,1
182.3371,183.1451,183.2299,892.8082,1
182.5098,183.2299,183.3162,806.4042,1
182.6603,183.3162,183.4023,742.0350,1
182.8174,183.4023,183.4879,670.5224,1
182.9091,183.4879,183.5742,665.1102,1
182.9210,183.5742,183.6592,738.1718,1
182.9756,183.6592,183.7455,769.8496,1
183.0021,183.7455,183.8302,828.1195,1
183.0503,183.8302,183.9147,864.4069,1
183.1172,183.9147,183.9992,882.0045,1
183.5333,183.9992,184.0837,550.4091,1
183.5515,184.0837,184.1693,617.8639,1
183.5871,184.1693,184.2556,668.4839,1
183.7421,184.2556,184.3410,598.9001,1
183.7759,184.3410,184.4273,651.4426,1
183.9921,184.4273,184.5132,521.0487,1
184.0062,184.5132,184.5990,592.8238,1
184.0994,184.5990,184.6845,585.0786,1
184.1484,184.6845,184.7692,620.8221,1
184.1916,184.7692,184.8545,662.9209,1
184.2810,184.8545,184.9390,658.0373,1
184.4398,184.9391,185.0237,583.9430,1
184.6692,185.0238,185.1100,440.7820,1
184.9202,185.1100,185.1963,276.0346,1
185.3310,185.3317,185.3955,64.4832,1
185.4593,185.4598,185.5183,58.9786,1
185.4683,185.5183,185.6053,136.9479,1
185.5662,185.6053,185.6865,120.3323,1
185.6394,185.6865,185.7677,128.3077,1
185.8281,185.8286,185.8910,62.9647,1
185.9405,185.9410,186.0039,63.3429,1
186.0094,186.0097,186.0879,78.4961,1
186.0658,186.0880,186.1698,103.9629,1
186.1443,186.1698,186.2510,106.6822,1
186.1472,186.2510,186.3322,185.0407,1
186.1817,186.3322,186.4134,231.7434,1
186.2453,186.4135,186.4955,250.1384,1
186.3533,186.4955,186.5774,224.1272,1
186.4819,186.5775,186.6593,177.4417,1
186.5165,186.6593,186.7600,243.5516,1
186.7180,186.7600,186.8623,144.2959,1
186.7232,186.8623,186.9471,223.9239,1
186.7348,186.9471,187.0308,296.0550,1
186.7718,187.0308,187.1137,341.9046,1
187.0019,187.1137,187.1958,193.8123,1
187.1354,187.1958,187.2785,143.0726,1
187.2518,187.2785,187.3598,107.9650,1
187.3284,187.3598,187.4423,113.9178,1
187.3643,187.4423,187.5238,159.4665,1
187.4881,187.5238,187.6099,121.7688,1
187.5591,187.6099,187.7019,142.8185,1
187.6243,187.7019,187.7974,173.1200,1
187.8860,187.8865,187.9452,59.1871,1
187.8969,187.9452,188.0350,138.1227,1
188.0557,188.0560,188.1243,68.5609,1
188.1226,188.1243,188.2081,85.4784,1
188.3310,188.3315,188.3971,66.1189,1
188.4531,188.4535,188.5156,62.4505,1
188.4839,188.5156,188.6020,118.1649,1
188.5170,188.6020,188.6838,166.7837,1
188.5265,188.6838,188.7652,238.7203,1
188.5835,188.7652,188.8479,264.3657,1
188.6002,188.8479,188.9299,329.7400,1
188.6648,188.9300,189.0128,347.9438,1
188.6837,189.0128,189.0940,410.2706,1
188.9917,189.0940,189.1768,185.0528,1
189.0315,189.1768,189.2694,237.8140,1
189.1205,189.2694,189.3718,251.3894,1
189.2219,189.3719,189.4583,236.3242,1
189.4808,189.4812,189.5474,66.6319,1
189.7079,189.7084,189.7684,60.5802,1
189.7835,189.7839,189.8577,74.1703,1
189.7869,189.8577,189.9399,153.0418,1
189.8542,189.9400,190.0213,167.1560,1
189.8694,190.0213,190.1042,234.7983,1
189.8991,190.1042,190.1856,286.4601,1
189.9312,190.1856,190.2678,336.6452,1
189.9337,190.2678,190.3499,416.2225,1
190.0465,190.3499,190.4319,385.3620,1
190.0956,190.4319,190.5149,419.2814,1
190.1008,190.5149,190.6268,525.9445,1
190.1783,190.6268,190.7169,538.5894,1
190.3046,190.7169,190.8018,497.1431,1
190.4682,190.8018,190.8857,417.4147,1
190.7327,190.8857,190.9685,235.7397,1
190.7381,190.9685,191.0510,312.8560,1
190.7569,191.0510,191.1334,376.4339,1
190.8399,191.1334,191.2154,375.4773,1
191.0271,191.2154,191.2982,271.1376,1
191.2398,191.2982,191.3803,140.4971,1
191.2727,191.3803,191.4680,195.2800,1
191.4395,191.4680,191.5644,124.8815,1
191.5244,191.5644,191.6565,132.0758,1
191.6065,191.6565,191.7450,138.4639,1
191.8851,191.8856,191.9483,63.2217,1
191.9419,191.9484,192.0363,94.3234,1
192.0932,192.0936,192.1545,61.2301,1
192.1350,192.1545,192.2416,106.6255,1
192.1755,192.2417,192.3231,147.5653,1
192.1883,192.3231,192.4052,216.9350,1
192.2470,192.4052,192.4876,240.6707,1
192.3029,192.4877,192.5701,267.1962,1
192.4281,192.5702,192.6525,224.4603,1
192.5227,192.6525,192.7343,211.6366,1
192.6276,192.7344,192.8266,199.0344,1
192.6585,192.8267,192.9089,250.3493,1
192.8210,192.9089,193.0169,195.8684,1
192.8837,193.0169,193.1022,218.5185,1
192.9482,193.1022,193.1869,238.6649,1
192.9683,193.1869,193.2702,301.9515,1
193.2954,193.2960,193.3608,65.4579,1
193.3522,193.3608,193.4473,95.1007,1
193.4492,193.4496,193.5305,81.3397,1
193.4697,193.5305,193.6133,143.6730,1
193.6612,193.6616,193.7257,64.4876,1
193.8699,193.8703,193.9346,64.6785,1
193.8943,193.9346,194.0212,126.8601,1
194.0046,194.0212,194.1026,98.0119,1
194.2013,194.2019,194.2634,62.0112,1
194.2401,194.2634,194.3513,111.2060,1
194.2743,194.3513,194.4330,158.6728,1
194.3452,194.4330,194.5158,170.5981,1
194.3694,194.5158,194.5985,229.1632,1
194.4246,194.5986,194.6798,255.1501,1
194.5311,194.6798,194.7620,230.8641,1
194.5982,194.7620,194.8441,245.8638,1
194.6958,194.8441,194.9269,231.1674,1
194.7017,194.9270,195.0095,307.7988,1
194.7927,195.0095,195.1233,330.6035,1
195.1084,195.1233,195.2104,102.0549,1
195.1614,195.2104,195.2962,134.7790,1
195.2292,195.2962,195.3807,151.5073,1
195.2359,195.3808,195.4638,227.8769,1
195.2983,195.4638,195.5467,248.3891,1
195.3278,195.5467,195.6295,301.6976,1
195.3497,195.6295,195.7124,362.6131,1
195.5449,195.7124,195.7952,250.2685,1
195.6308,195.7952,195.8775,246.7038,1
195.6901,195.8775,195.9668,276.7473,1
195.6946,195.9669,196.0627,368.0812,1
195.7580,196.0627,196.1542,396.2434,1
195.8343,196.1543,196.2421,407.7757,1
195.9384,196.2421,196.3283,389.9843,1
196.0504,196.3284,196.4134,362.9683,1
196.0536,196.4134,196.4967,443.0605,1
196.1105,196.4967,196.5802,469.7825,1
196.2385,196.5803,196.6631,424.5864,1
196.2996,196.6631,196.7468,447.2010,1
196.4297,196.7468,196.8292,399.4737,1
196.4633,196.8292,196.9174,454.1036,1
196.4802,196.9174,197.0086,528.4014,1
196.5705,197.0086,197.1000,529.5186,1
196.9020,197.1000,197.1888,286.7174,1
196.9041,197.1888,197.2763,372.2234,1
197.5943,197.5951,197.6562,61.9555,1
197.7520,197.7524,197.8167,64.6503,1
198.3141,198.3148,198.3770,62.8966,1
198.4779,198.4783,198.5400,62.1295,1
198.4836,198.5401,198.6292,145.6060,1
198.4889,198.6292,198.7104,221.5496,1
198.4901,198.7104,198.7924,302.3243,1
198.5429,198.7924,198.8745,331.5905,1
198.6184,198.8745,198.9568,338.3916,1
198.6243,198.9568,199.0394,415.0905,1
198.7296,199.0394,199.1216,392.0256,1
198.9383,199.1216,199.2035,265.1653,1
199.1278,199.2035,199.2855,157.7348,1
199.1689,199.2856,199.3996,230.6731,1
199.2281,199.3996,199.4863,258.2293,1
199.2612,199.4863,199.5739,312.6257,1
199.4408,199.5739,199.6584,217.5970,1
199.4522,199.6584,199.7415,289.2746,1
199.5499,199.7415,199.8243,274.4276,1
199.5695,199.8243,199.9071,337.6641,1
199.7098,199.9071,199.9900,280.1822,1
199.8094,199.9900,200.0728,263.3888,1
199.8263,200.0728,200.1556,329.3675,1
199.8509,200.1557,200.2446,393.7114,1
200.0364,200.2446,200.3406,304.2266,1
200.1302,200.3407,200.4317,301.4862,1
200.1848,200.4317,200.5207,335.8081,1
200.4364,200.5207,200.6071,170.7307,1
200.4530,200.6071,200.6917,238.6696,1
200.4956,200.6917,200.7745,278.8744,1
200.6457,200.7745,200.8579,212.1802,1
200.7330,200.8579,200.9410,208.0163,1
200.8107,200.9410,201.0238,213.1398,1
200.8949,201.0238,201.1073,212.4065,1
200.9283,201.1073,201.1970,268.7007,1
201.0680,201.1970,201.2885,220.5037,1
201.0872,201.2885,201.3794,292.2549,1
201.2387,201.3794,201.4690,230.3197,1
201.3117,201.4690,201.5566,244.8934,1
201.3831,201.5566,201.6413,258.2306,1
201.4562,201.6414,201.7259,269.6750,1
201.4870,201.7259,201.8100,323.0068,1
201.6179,201.8100,201.8928,274.9108,1
201.7255,201.8928,201.9756,250.1724,1
201.8327,201.9757,202.0610,228.2734,1
201.9440,202.0610,202.1489,204.8783,1
201.9756,202.1489,202.2389,263.3130,1
202.0665,202.2389,202.3289,262.4059,1
202.2267,202.3289,202.4189,192.1914,1
202.2639,202.4189,202.5064,242.4949,1
202.5751,202.5757,202.6393,64.2257,1
202.7351,202.7356,202.7964,61.2541,1
202.7402,202.7964,202.8846,144.4990,1
202.8710,202.8847,202.9670,95.9944,1
202.9332,202.9670,203.0498,116.6558,1
202.9626,203.0499,203.1327,170.1224,1
203.1626,203.1632,203.2307,68.0267,1
203.1835,203.2307,203.3162,132.6795,1
203.2032,203.3162,203.3990,195.7453,1
203.3196,203.3990,203.4818,162.1750,1
203.5751,203.5756,203.6337,58.6234,1
203.6362,203.6366,203.7218,85.5769,1
203.7129,203.7218,203.8043,91.3438,1
203.7222,203.8043,203.8866,164.4570,1
203.7520,203.8866,203.9695,217.4505,1
203.8233,203.9695,204.0523,228.9936,1
204.0264,204.0523,204.1351,108.7662,1
204.0545,204.1351,204.2180,163.4913,1
204.1827,204.2180,204.3008,118.1002,1
204.4000,204.4006,204.4656,65.5498,1
204.5733,204.5737,204.6373,64.0041,1
204.6076,204.6373,204.7245,116.8510,1
204.7446,204.7450,204.8161,71.5493,1
204.7737,204.8161,204.8998,126.0713,1
204.9032,204.9035,204.9818,78.6104,1
205.2575,205.2580,205.3188,61.3521,1
205.4068,205.4071,205.4706,63.8306,1
205.4710,205.4713,205.5566,85.6227,1
205.6463,205.6468,205.7109,64.6358,1
205.7811,205.7816,205.8415,60.3725,1
206.0438,206.0443,206.1061,62.2238,1
206.1307,206.1311,206.1984,67.7616,1
206.2309,206.2313,206.2950,64.1791,1
206.3158,206.3162,206.3871,71.2119,1
206.3855,206.3871,206.4700,84.4249,1
206.5138,206.5143,206.5791,65.3026,1
206.8043,206.8049,206.8686,64.3283,1
206.8690,206.8694,206.9558,86.8324,1
206.9118,206.9559,207.0377,125.8284,1
206.9588,207.0377,207.1205,161.7242,1
206.9965,207.1205,207.2033,206.7883,1
207.0304,207.2033,207.2862,255.7773,1
207.0442,207.2862,207.3690,324.8029,1
207.0548,207.3690,207.4519,397.0861,1
207.4334,207.4519,207.5347,101.2715,1
207.7465,207.7472,207.8095,63.0089,1
207.8634,207.8639,207.9280,64.6126,1
208.0689,208.0694,208.1329,64.0279,1
208.0864,208.1329,208.2196,133.2268,1
208.1017,208.2196,208.3008,199.1812,1
208.1212,208.3009,208.3831,261.9045,1
208.1511,208.3831,208.4659,314.7880,1
208.1702,208.4659,208.5488,378.5449,1
208.4736,208.5488,208.6316,157.9713,1
208.9648,208.9654,209.0296,64.7715,1
209.0300,209.0301,209.1167,86.7391,1
209.0921,209.1167,209.1989,106.8062,1
209.1675,209.1989,209.2811,113.5331,1
209.3571,209.3576,209.4174,60.2657,1
209.5841,209.5846,209.6502,66.1508,1
209.5924,209.6502,209.7378,145.3929,1
209.6739,209.7378,209.8200,146.0318,1
209.7371,209.8200,209.9024,165.2710,1
210.3408,210.3417,210.4028,62.0701,1
210.5938,210.5944,210.6568,63.0249,1
210.6957,210.6961,210.7563,60.6210,1
210.8630,210.8634,210.9275,64.4694,1
210.8861,210.9275,211.0133,127.2857,1
210.9780,211.0134,211.0953,117.3467,1
211.1085,211.1088,211.1802,71.6666,1
211.4093,211.4100,211.4742,64.8145,1
211.4160,211.4742,211.5605,144.4740,1
211.6570,211.6574,211.7197,62.7426,1
211.7803,211.7807,211.8446,64.2910,1
211.8759,211.8762,211.9420,66.1369,1
211.8775,211.9420,212.0265,148.9564,1
212.1293,212.1298,212.1939,64.5833,1
212.1624,212.1939,212.2815,119.0949,1
212.2755,212.2815,212.3639,88.3224,1
212.2765,212.3639,212.4467,170.2514,1
212.3073,212.4467,212.5296,222.2073,1
212.3135,212.5296,212.6124,298.9277,1
212.3173,212.6124,212.6952,377.9527,1
212.3361,212.6953,212.7779,441.7253,1
212.4818,212.7779,212.8601,378.2993,1
212.5610,212.8601,212.9436,382.6109,1
212.6636,212.9436,213.0580,394.4067,1
212.6637,213.0580,213.1451,481.4271,1
212.7688,213.1451,213.2309,462.1247,1
212.8928,213.2309,213.3148,422.0467,1
212.9405,213.3149,213.3985,457.9775,1
213.1061,213.3985,213.4813,375.1854,1
213.1596,213.4813,213.5642,404.5661,1
213.5157,213.5642,213.6478,132.0556,1
213.7694,213.7698,213.8342,64.8400,1
213.8601,213.8605,213.9288,68.6484,1
213.8949,213.9288,214.0131,118.1871,1
214.1114,214.1120,214.1764,64.9200,1
214.3518,214.3522,214.4155,63.7136,1
214.3877,214.4155,214.5024,114.6949,1
214.4325,214.5024,214.5852,152.6711,1
214.4609,214.5852,214.6680,207.1321,1
214.4647,214.6680,214.7509,286.1572,1
214.6246,214.7509,214.8337,209.1365,1
214.6382,214.8337,214.9165,278.3324,1
214.7216,214.9166,214.9994,277.8236,1
214.8499,214.9994,215.0822,232.3624,1
214.9596,215.0822,215.1676,207.9344,1
214.9937,215.1676,215.2810,287.3510,1
215.0705,215.2810,215.3678,297.3617,1
215.4082,215.4088,215.4730,64.8637,1
215.5113,215.5117,215.5746,63.3243,1
215.5714,215.5746,215.6616,90.1820,1
215.7504,215.7507,215.8117,61.3672,1
215.7965,215.8118,215.9003,103.8085,1
215.8411,215.9003,215.9826,141.5095,1
215.8480,215.9826,216.0654,217.4505,1
216.0237,216.0654,216.1483,124.5973,1
216.1304,216.1483,216.2311,100.6939,1
216.2211,216.2311,216.3139,92.8073,1
216.4538,216.4542,216.5181,64.3433,1
216.4650,216.5182,216.6058,140.8472,1
216.5672,216.6058,216.6882,120.9825,1
216.6788,216.6882,216.7703,91.4371,1
216.6818,216.7703,216.8531,171.2826,1
216.7803,216.8531,216.9360,155.6114,1
216.9315,216.9360,217.0188,87.2806,1
216.9949,217.0188,217.1016,106.7092,1
217.0336,217.1016,217.1845,150.9128,1
217.1177,217.1845,217.2680,150.3230,1
217.1884,217.2680,217.3815,193.0833,1
217.2397,217.3815,217.4686,228.9205,1
217.2976,217.4686,217.5552,257.5975,1
217.5322,217.5552,217.6403,108.0940,1
217.5425,217.6403,217.7240,181.5026,1
217.8526,217.8531,217.9118,59.2420,1
217.8688,217.9118,218.0014,132.6443,1
218.0151,218.0156,218.0884,73.2242,1
218.2487,218.2492,218.3131,64.3272,1
218.2881,218.3131,218.4003,112.1473,1
218.2884,218.4003,218.4826,194.2268,1
218.3035,218.4826,218.5654,261.9580,1
218.3705,218.5655,218.6483,277.7688,1
218.3824,218.6483,218.7311,348.7133,1
218.4729,218.7311,218.8139,341.0496,1
218.6552,218.8140,218.8968,241.6254,1
218.8517,218.8968,218.9796,127.9799,1
218.8587,218.9797,219.0656,206.8463,1
218.8662,219.0656,219.1811,314.8894,1
218.9587,219.1811,219.2685,309.7877,1
219.1174,219.2685,219.3533,235.9052,1
219.1587,219.3533,219.4378,279.1507,1
219.2742,219.4378,219.5208,246.5587,1
219.3477,219.5208,219.6040,256.2179,1
219.4389,219.6040,219.6869,247.9412,1
219.5644,219.6869,219.7704,206.0164,1
219.7446,219.7705,219.8533,108.6626,1
219.8240,219.8533,219.9363,112.3504,1
219.8255,219.9363,220.0326,207.0570,1
219.9847,220.0326,220.1286,143.9273,1
220.3908,220.3915,220.4503,59.5160,1
220.4741,220.4745,220.5461,72.0564,1
220.8157,220.8164,220.8802,64.4905,1
221.0794,221.0799,221.1438,64.4136,1
221.1686,221.1690,221.2382,69.5994,1
221.1962,221.2383,221.3215,125.3422,1
221.2547,221.3215,221.4039,149.1630,1
221.3381,221.4039,221.4867,148.6020,1
221.4392,221.4868,221.5696,130.4149,1
221.6531,221.6536,221.7188,65.6606,1
221.6695,221.7188,221.8069,137.4384,1
221.6992,221.8069,221.8894,190.2470,1
221.7867,221.8894,221.9723,185.5516,1
221.8641,221.9723,222.0551,191.0062,1
221.9255,222.0551,222.1379,212.3745,1
221.9671,222.1379,222.2208,253.6602,1
222.1294,222.2208,222.3036,174.2008,1
222.2129,222.3036,222.3864,173.5272,1
222.6020,222.6027,222.6651,63.1259,1
222.6060,222.6652,222.7537,147.6906,1
222.6829,222.7537,222.8356,152.6688,1
222.7766,222.8356,222.9184,141.7722,1
222.7972,222.9184,223.0013,204.0698,1
222.8178,223.0013,223.0841,266.2393,1
222.8332,223.0841,223.1669,333.7346,1
222.8370,223.1669,223.2497,412.7254,1
223.0715,223.2498,223.3326,261.0472,1
223.1338,223.3326,223.4182,284.3028,1
223.2536,223.4182,223.5332,279.5833,1
223.3558,223.5332,223.6206,264.8172,1
223.6787,223.6794,223.7423,63.6083,1
223.7422,223.7424,223.8300,87.8470,1
223.7674,223.8300,223.9129,145.4855,1
223.8623,223.9129,223.9957,133.4544,1
224.0086,224.0091,224.0845,75.8923,1
224.0318,224.0845,224.1673,135.5080,1
224.1324,224.1673,224.2504,118.0028,1
224.1454,224.2504,224.3333,187.9030,1
224.2751,224.3333,224.4161,140.9667,1
224.4839,224.4845,224.5437,59.8151,1
224.5691,224.5694,224.6418,72.6827,1
224.5722,224.6418,224.7271,154.8372,1
224.6027,224.7271,224.8099,207.2002,1
224.6319,224.8099,224.8927,260.8019,1
224.7023,224.8927,224.9756,273.2534,1
225.0711,225.0717,225.1301,58.9260,1
225.2010,225.2014,225.2691,68.1196,1
225.2285,225.2691,225.3555,127.0563,1
225.3263,225.3555,225.4378,111.5062,1
225.4399,225.4403,225.5221,82.1824,1
225.4896,225.5221,225.6057,116.1306,1
225.5271,225.6057,225.6886,161.4774,1
225.6031,225.6886,225.7714,168.3337,1
225.7034,225.7714,225.8542,150.7996,1
225.7888,225.8543,225.9390,150.1869,1
225.7961,225.9390,226.0271,230.9823,1
225.8410,226.0271,226.1358,294.8053,1
225.9776,226.1358,226.2249,247.3136,1
226.0343,226.2249,226.3121,277.8059,1
226.1180,226.3121,226.3974,279.3922,1
226.2451,226.3974,226.4819,236.7848,1
226.4143,226.4819,226.5656,151.2896,1
226.5576,226.5656,226.6493,91.7051,1
226.7187,226.7191,226.7833,64.6683,1
226.7436,226.7833,226.8699,126.3497,1
226.7695,226.8699,226.9530,183.5333,1
226.8976,226.9530,227.0358,138.2008,1
227.0985,227.0989,227.1632,64.7481,1
227.1471,227.1632,227.2501,103.0013,1
227.1644,227.2501,227.3330,168.5764,1
227.1916,227.3330,227.4158,224.2408,1
227.2961,227.4158,227.4987,202.5925,1
227.3319,227.4987,227.5848,252.9641,1
227.4994,227.5848,227.6746,175.1872,1
227.5633,227.6746,227.7581,194.8123,1
227.5860,227.7581,227.8418,255.7743,1
227.6879,227.8418,227.9251,237.1979,1
227.7955,227.9251,228.0347,239.2699,1
227.8686,228.0347,228.1224,253.8071,1
227.9064,228.1224,228.2090,302.6183,1
227.9693,228.2090,228.2938,324.5068,1
228.1202,228.2938,228.3780,257.7830,1
228.1672,228.3780,228.4612,294.0072,1
228.1990,228.4612,228.5500,350.9653,1
228.3183,228.5500,228.6351,316.8681,1
228.4652,228.6352,228.7197,254.4817,1
228.8273,228.8280,228.8925,65.2328,1
229.0796,229.0802,229.1435,63.9534,1
229.2688,229.2693,229.3338,65.0417,1
229.2807,229.3338,229.4219,141.2653,1
229.3100,229.4219,229.5048,194.7705,1
229.3532,229.5048,229.5876,234.3658,1
229.3725,229.5876,229.6708,298.3807,1
229.4553,229.6709,229.7537,298.3676,1
229.4575,229.7537,229.8365,379.0431,1
229.4850,229.8365,229.9197,434.7077,1
229.5778,229.9197,230.0030,425.2147,1
229.6103,230.0030,230.0908,480.4423,1
229.8254,230.0908,230.2053,379.8979,1
230.0007,230.2053,230.2940,293.3431,1
230.1025,230.2940,230.3804,277.8796,1
230.1101,230.3804,230.4653,355.2318,1
230.1501,230.4653,230.5489,398.7350,1
230.2664,230.5489,230.6319,365.4913,1
230.4994,230.6319,230.7157,216.3026,1
230.5138,230.7157,230.7993,285.4768,1
230.6710,230.7993,230.8826,211.6068,1
230.7744,230.8826,230.9668,192.3855,1
230.7806,230.9668,231.0643,283.7412,1
230.8652,231.0643,231.1596,294.4064,1
231.1435,231.1596,231.2518,108.2639,1
231.1688,231.2518,231.3405,171.7165,1
231.2236,231.3405,231.4272,203.5729,1
231.2557,231.4272,231.5120,256.3258,1
231.2863,231.5120,231.5965,310.1678,1
231.3934,231.5965,231.6798,286.3748,1
231.5236,231.6798,231.7634,239.8673,1
231.5655,231.7634,231.8476,282.1506,1
231.7183,231.8476,231.9345,216.1980,1
231.7402,231.9345,232.0283,288.1066,1
231.7706,232.0283,232.1212,350.6136,1
231.7985,232.1212,232.2133,414.7620,1
231.8950,232.2133,232.3028,407.7845,1
232.0861,232.3028,232.3898,303.7892,1
232.4598,232.4604,232.5255,65.6690,1
232.4869,232.5255,232.6124,125.4919,1
232.6949,232.6953,232.7609,65.9360,1
232.8034,232.8037,232.8692,65.8430,1
232.9708,232.9713,233.0361,65.2779,1
233.0645,233.0650,233.1326,68.1178,1
233.2942,233.2948,233.3600,65.7336,1
233.3309,233.3600,233.4475,116.5486,1
233.4085,233.4475,233.5305,122.0327,1
233.5045,233.5305,233.6143,109.8107,1
233.6207,233.6211,233.7004,79.6756,1
233.6234,233.7004,233.7849,161.5056,1
233.9178,233.9184,233.9833,65.4872,1
233.9533,233.9833,234.0711,117.7585,1
234.0334,234.0711,234.1541,120.7788,1
234.2424,234.2429,234.3080,65.5373,1
234.2484,234.3080,234.3956,147.1991,1
234.2486,234.3956,234.4787,230.1176,1
234.2934,234.4787,234.5620,268.6009,1
234.3001,234.5620,234.6456,345.4832,1
234.3248,234.6456,234.7293,404.4812,1
234.3817,234.7293,234.8151,433.3574,1
234.4566,234.8151,234.8985,441.8808,1
234.5137,234.8985,234.9818,468.0719,1
234.5507,234.9818,235.0689,518.2336,1
234.6673,235.0689,235.1825,515.1782,1
234.8992,235.1825,235.2712,371.9561,1
234.9788,235.2712,235.3568,378.0599,1
235.3130,235.3568,235.4425,129.5450,1
235.3734,235.4426,235.5271,153.6153,1
235.5355,235.5359,235.6117,76.1993,1
235.5663,235.6117,235.6957,129.4459,1
235.6075,235.6958,235.7798,172.2391,1
235.8581,235.8587,235.9237,65.6462,1
235.8655,235.9238,236.0120,146.4766,1
236.0097,236.0120,236.0948,85.1516,1
236.0808,236.0948,236.1780,97.1892,1
236.0879,236.1780,236.2617,173.7532,1
236.3953,236.3959,236.4610,65.6559,1
236.5375,236.5378,236.6025,65.0732,1
236.5439,236.6026,236.6907,146.8032,1
236.7290,236.7295,236.7947,65.7555,1
236.7661,236.7947,236.8811,114.9759,1
236.8436,236.8811,236.9655,121.8830,1
237.3927,237.3934,237.4589,66.2124,1
237.5737,237.5741,237.6367,63.0082,1
237.7338,237.7341,237.7988,65.0293,1
237.7892,237.7989,237.8858,96.6316,1
237.8456,237.8858,237.9690,123.4022,1
237.9873,237.9878,238.0573,70.0324,1
237.9931,238.0573,238.1426,149.5544,1
238.0148,238.1426,238.2260,211.2119,1
238.0242,238.2260,238.3091,284.9151,1
238.0589,238.3091,238.3919,333.0411,1
238.1865,238.3920,238.4752,288.6510,1
238.2555,238.4752,238.5601,304.6199,1
238.2981,238.5601,238.6730,374.8643,1
238.3370,238.6730,238.7622,425.1738,1
238.3439,238.7622,238.8495,505.6150,1
238.5051,238.8495,238.9398,434.7806,1
238.5732,238.9398,239.0236,450.4443,1
238.6592,239.0236,239.1075,448.2998,1
238.7221,239.1075,239.1910,468.8778,1
239.0688,239.1910,239.2743,205.4672,1
239.1407,239.2743,239.3580,217.2900,1
239.3123,239.3580,239.4421,129.8321,1
239.5487,239.5491,239.6132,64.5459,1
239.6573,239.6578,239.7226,65.2787,1
239.7016,239.7226,239.8084,106.8834,1
239.7109,239.8084,239.8915,180.6080,1
239.7377,239.8916,239.9749,237.2730,1
239.8682,239.9750,240.0590,190.7830,1
239.9836,240.0590,240.1423,158.7218,1
240.4283,240.4289,240.4890,60.7219,1
240.4378,240.4891,240.5791,141.2888,1
240.6616,240.6622,240.7238,62.1971,1
240.8028,240.8031,240.8629,60.1199,1
241.0400,241.0406,241.1041,64.0683,1
241.2496,241.2500,241.3140,64.4340,1
241.4678,241.4683,241.5290,61.2385,1
241.7509,241.7515,241.8176,66.6703,1
241.8059,241.8176,241.9042,98.2518,1
241.8533,241.9042,241.9867,133.4746,1
242.0572,242.0577,242.1232,65.9735,1
242.2663,242.2668,242.3270,60.7194,1
242.8304,242.8313,242.8962,65.8252,1
242.8958,242.8962,242.9836,87.8226,1
242.9508,242.9836,243.0662,115.3528,1
243.7367,243.7377,243.7990,62.2658,1
244.1707,244.1715,244.2356,64.8760,1
244.5653,244.5658,244.6248,59.5550,1
244.8775,244.8779,244.9373,59.8553,1
245.3911,245.3918,245.4552,64.1445,1
245.5470,245.5472,245.6068,59.8406,1
246.1948,246.1957,246.2556,60.7869,1
246.9674,246.9684,247.0277,60.2761,1
247.0567,247.0570,247.1236,66.8247,1
247.2698,247.2702,247.3319,62.0420,1
247.7449,247.7454,247.8061,61.2258,1
248.0526,248.0531,248.1149,62.3169,1
248.6650,248.6657,248.7265,61.5197,1
248.6988,248.7265,248.8155,116.7238,1
248.9335,248.9339,248.9954,61.9365,1
248.9826,248.9955,249.0820,99.4773,1
249.3748,249.3754,249.4393,64.4950,1
249.5379,249.5383,249.6018,63.9133,1
250.1515,250.1522,250.2128,61.3854,1
250.5734,250.5740,250.6336,60.1849,1
250.7250,250.7252,250.7837,58.7045,1
250.9687,250.9691,251.0291,60.3415,1
251.1193,251.1196,251.1831,63.8181,1
251.2040,251.2042,251.2752,71.2398,1
251.2047,251.2752,251.3588,154.0604,1
251.8318,251.8328,251.8965,64.7216,1
253.1641,253.1658,253.2279,63.8193,1
253.3456,253.3461,253.4082,62.5986,1
253.6161,253.6166,253.6782,62.1127,1
254.0018,254.0023,254.0653,63.5086,1
254.2186,254.2190,254.2773,58.7060,1
254.3356,254.3359,254.3998,64.2520,1
254.3570,254.3999,254.4851,128.1224,1
254.4655,254.4851,254.5657,100.2680,1
254.7950,254.7955,254.8587,63.6377,1
254.8659,254.8661,254.9421,76.1152,1
256.4108,256.4125,256.4739,63.0675,1
256.4954,256.4957,256.5643,68.8529,1
256.6918,256.6922,256.7511,59.3111,1
256.8302,256.8305,256.8914,61.2032,1
257.4128,257.4135,257.4713,58.5919,1
257.6407,257.6409,257.6990,58.3314,1
257.9893,257.9897,258.0528,63.5260,1
258.0886,258.0888,258.1546,65.9316,1
258.1485,258.1546,258.2377,89.1871,1
258.9663,258.9674,259.0296,63.3456,1
258.9782,259.0297,259.1147,136.5355,1
259.3610,259.3617,259.4240,62.9603,1
259.3867,259.4240,259.5103,123.5413,1
259.8278,259.8284,259.8915,63.6391,1
260.1034,260.1037,260.1650,61.6349,1
260.3718,260.3722,260.4338,61.9792,1
260.6184,260.6187,260.6813,62.9689,1
260.7908,260.7912,260.8539,63.0636,1
260.8919,260.8922,260.9562,64.2341,1
261.1010,261.1014,261.1601,59.0979,1
261.3053,261.3057,261.3694,64.1218,1
261.5444,261.5449,261.6098,65.3584,1
262.0546,262.0552,262.1124,57.7555,1
262.2865,262.2869,262.3479,61.3544,1
262.5972,262.5977,262.6591,61.9030,1
262.9088,262.9094,262.9715,62.6491,1
262.9991,262.9994,263.0659,66.8180,1
263.1319,263.1322,263.1919,59.9634,1
263.4124,263.4129,263.4756,63.1639,1
263.6601,263.6605,263.7228,62.7599,1
263.8637,263.8641,263.9270,63.2341,1
264.0090,264.0093,264.0715,62.4838,1
264.4911,264.4918,264.5553,64.1998,1
264.7191,264.7195,264.7773,58.1962,1
265.0583,265.0588,265.1199,61.6051,1
265.4536,265.4542,265.5134,59.7217,1
265.4612,265.5134,265.5992,137.9992,1
265.9666,265.9673,266.0297,63.0843,1
266.1322,266.1324,266.1939,61.6908,1
266.2238,266.2241,266.2887,64.9175,1
266.3791,266.3794,266.4420,62.9433,1
266.5099,266.5102,266.5728,62.9537,1
267.0623,267.0630,267.1254,63.0871,1
267.9413,267.9423,268.0039,62.6590,1
268.2755,268.2760,268.3362,60.6444,1
268.3894,268.3897,268.4508,61.4160,1
268.7790,268.7795,268.8416,62.5676,1
268.7961,268.8416,268.9266,130.4946,1
269.4308,269.4317,269.4886,57.7795,1
269.9765,269.9773,270.0394,62.9203,1
270.1302,270.1307,270.1925,62.2344,1
270.8055,270.8065,270.8660,60.4251,1
270.8252,270.8660,270.9518,126.5970,1
271.0040,271.0045,271.0642,60.1026,1
271.1917,271.1922,271.2510,59.3028,1
271.1921,271.2510,271.3375,145.3679,1
271.3497,271.3502,271.4214,71.6904,1
271.3551,271.4214,271.5011,145.9733,1
271.3818,271.5011,271.5807,198.9749,1
271.6505,271.6511,271.7096,59.0912,1
272.3398,272.3407,272.3997,59.9211,1
272.7339,272.7346,272.7969,63.0096,1
272.8064,272.8069,272.8815,75.0555,1
273.0294,273.0299,273.0929,63.4775,1
273.1192,273.1194,273.1867,67.4972,1
273.1851,273.1867,273.2683,83.2582,1
273.2172,273.2684,273.3480,130.7865,1
273.6355,273.6363,273.6973,61.7740,1
273.7258,273.7260,273.7900,64.2093,1
273.7626,273.7900,273.8721,109.5415,1
273.7927,273.8721,273.9518,159.0799,1
273.9172,273.9518,274.0315,114.2117,1
273.9993,274.0315,274.1111,111.7900,1
274.4909,274.4917,274.5510,60.0842,1
274.5969,274.5973,274.6552,58.3687,1
274.9264,274.9269,274.9850,58.6086,1
275.0146,275.0149,275.0803,65.6705,1
275.3147,275.3153,275.3720,57.2536,1
275.6386,275.6393,275.6999,61.2379,1
275.7801,275.7805,275.8431,63.0204,1
276.0061,276.0066,276.0644,58.2330,1
276.1460,276.1465,276.2064,60.3927,1
276.2639,276.2643,276.3259,61.9670,1
276.8642,276.8652,276.9255,61.2826,1
276.9614,276.9618,277.0273,65.9594,1
277.0993,277.0998,277.1608,61.4969,1
277.1256,277.1608,277.2453,119.6989,1
277.2111,277.2453,277.3240,112.8738,1
277.3186,277.3240,277.4037,85.1401,1
277.8445,277.8454,277.9027,58.1838,1
278.0501,278.0507,278.1115,61.3909,1
278.7530,278.7541,278.8136,60.6165,1
278.8843,278.8848,278.9454,61.0719,1
278.9200,278.9454,279.0292,109.1254,1
279.0591,279.0594,279.1230,63.9234,1
279.4066,279.4073,279.4643,57.6847,1
279.4706,279.4709,279.5508,80.1979,1
279.5227,279.5508,279.6305,107.7496,1
279.7623,279.7629,279.8219,59.5567,1
280.1396,280.1402,280.2028,63.1413,1
280.4571,280.4576,280.5154,58.3099,1
281.7189,281.7202,281.7798,60.9435,1
282.4628,282.4636,282.5231,60.3570,1
282.5880,282.5883,282.6455,57.4432,1
282.5891,282.6455,282.7297,140.5952,1
283.2056,283.2064,283.2668,61.1606,1
283.3559,283.3563,283.4166,60.7161,1
284.0732,284.0741,284.1337,60.5181,1
284.2524,284.2529,284.3127,60.2802,1
284.9034,284.9043,284.9630,59.6354,1
284.9424,284.9631,285.0465,104.1017,1
285.6005,285.6015,285.6615,60.9487,1
285.8258,285.8263,285.8825,56.7754,1
286.1384,286.1389,286.2008,62.3237,1
287.5647,287.5665,287.6289,64.2330,1
287.6990,287.6994,287.7586,59.5793,1
287.8869,287.8874,287.9433,56.4712,1
288.0145,288.0149,288.0728,58.3044,1
288.0444,288.0728,288.1571,112.7120,1
288.7054,288.7063,288.7672,61.7461,1
288.7999,288.8003,288.8653,65.4079,1
289.3626,289.3635,289.4237,61.1213,1
289.3848,289.4237,289.5074,122.6642,1
289.4523,289.5074,289.5861,133.8247,1
289.5302,289.5861,289.6654,135.2519,1
289.5457,289.6655,289.7436,197.8884,1
289.5826,289.7436,289.8225,239.9519,1
289.5992,289.8225,289.9018,302.5663,1
289.8346,289.9018,289.9803,145.7316,1
290.0958,290.0964,290.1581,62.3049,1
290.1294,290.1582,290.2417,112.2748,1
290.1530,290.2417,290.3201,167.1263,1
290.1530,290.3202,290.3987,245.6860,1
290.6317,290.6324,290.6943,62.6488,1
291.0186,291.0193,291.0792,60.6481,1
291.0386,291.0792,291.1643,125.7002,1
291.3272,291.3277,291.3891,61.9280,1
291.6327,291.6333,291.6924,59.6700,1
292.2153,292.2162,292.2775,62.2200,1
292.2963,292.2967,292.3667,70.4595,1
292.3199,292.3667,292.4468,126.8705,1
292.3534,292.4468,292.5258,172.4144,1
292.4211,292.5258,292.6044,183.2772,1
292.8981,292.8989,292.9609,62.8269,1
292.9218,292.9609,293.0443,122.5195,1
293.0441,293.0443,293.1225,78.4054,1
293.6158,293.6167,293.6773,61.5205,1
293.6311,293.6774,293.7609,129.7470,1
293.6576,293.7609,293.8398,182.2355,1
293.6605,293.8398,293.9186,258.1840,1
293.9877,293.9882,294.0449,57.1754,1
294.3193,294.3199,294.3802,60.8540,1
294.5260,294.5264,294.5878,61.8137,1
294.8105,294.8111,294.8689,58.4806,1
295.2983,295.2991,295.3562,57.9401,1
295.4528,295.4532,295.5120,59.2239,1
295.5115,295.5120,295.5975,86.0669,1
295.8177,295.8182,295.8797,61.9988,1
295.9497,295.9500,296.0093,59.6016,1
296.0545,296.0549,296.1127,58.2246,1
296.0997,296.1127,296.1961,96.3969,1
296.1840,296.1961,296.2749,90.9392,1
296.1902,296.2749,296.3532,162.9982,1
296.2251,296.3532,296.4313,206.2197,1
296.3070,296.4313,296.5109,203.8504,1
296.3675,296.5109,296.5905,222.9929,1
296.4013,296.5905,296.6696,268.3886,1
296.8297,296.8305,296.8921,62.3828,1
297.3080,297.3089,297.3677,59.7988,1
298.1580,298.1591,298.2195,61.4584,1
298.2356,298.2361,298.3049,69.3077,1
298.2990,298.3050,298.3841,85.0745,1
298.4709,298.4714,298.5305,59.6100,1
299.0217,299.0225,299.0832,61.4797,1
299.8320,299.8331,299.8924,60.4460,1
299.9265,299.9268,299.9901,63.5957,1
299.9840,299.9901,300.0717,87.6921,1
300.1344,300.1349,300.1950,60.5769,1
300.9300,300.9311,300.9892,59.1321,1
301.2608,301.2614,301.3186,57.7777,1
301.6186,301.6193,301.6811,62.4602,1
301.7101,301.7105,301.7749,64.8338,1
301.7993,301.7997,301.8642,64.8734,1
302.2095,302.2101,302.2684,58.9566,1
302.4194,302.4197,302.4809,61.4528,1
302.8669,302.8676,302.9272,60.2752,1
303.2600,303.2606,303.3167,56.6537,1
303.5302,303.5307,303.5908,60.6414,1
303.5816,303.5909,303.6748,93.2484,1
304.1730,304.1738,304.2341,61.1550,1
304.3330,304.3334,304.3935,60.5543,1
304.4395,304.4399,304.5004,60.9132,1
304.5432,304.5437,304.6012,57.9098,1
304.5815,304.6012,304.6859,104.4589,1
304.7047,304.7050,304.7721,67.4559,1
304.9095,304.9098,304.9692,59.7591,1
304.9149,304.9692,305.0530,138.0658,1
305.8187,305.8199,305.8797,61.0004,1
306.0368,306.0373,306.0992,62.4526,1
306.1496,306.1501,306.2079,58.3617,1
306.1742,306.2080,306.2917,117.5067,1
306.2591,306.2917,306.3699,110.8347,1
306.5573,306.5578,306.6148,57.4932,1
306.6367,306.6371,306.7033,66.6262,1
306.7455,306.7459,306.8069,61.4574,1
307.0237,307.0243,307.0824,58.6851,1
307.4728,307.4736,307.5337,60.9130,1
308.0633,308.0642,308.1218,58.5260,1
308.1062,308.1218,308.2076,101.4380,1
308.2722,308.2727,308.3332,61.0358,1
308.3702,308.3706,308.4333,63.1329,1
308.9391,308.9401,308.9963,57.1239,1
309.6309,309.6318,309.6925,61.5943,1
309.6364,309.6925,309.7748,138.3496,1
309.8526,309.8530,309.9122,59.6360,1
309.9924,309.9928,310.0515,59.0191,1
310.0525,310.0529,310.1351,82.5528,1
310.2076,310.2080,310.2681,60.4781,1
310.3629,310.3633,310.4218,58.9563,1
310.5623,310.5628,310.6242,61.9496,1
311.2452,311.2462,311.3047,59.5500,1
312.0096,312.0107,312.0699,60.3009,1
312.2056,312.2061,312.2651,59.4846,1
312.6736,312.6743,312.7325,58.9099,1
312.6768,312.7325,312.8161,139.3338,1
312.9256,312.9260,312.9841,58.5550,1
313.7379,313.7389,313.7964,58.4655,1
313.7864,313.7964,313.8811,94.7038,1
313.8225,313.8811,313.9590,136.4572,1
314.4151,314.4161,314.4767,61.5816,1
314.9882,314.9890,315.0498,61.5317,1
315.0683,315.0687,315.1356,67.3124,1
315.0694,315.1356,315.2151,145.6881,1
315.1716,315.2151,315.2929,121.2250,1
315.2425,315.2929,315.3710,128.5822,1
315.7734,315.7741,315.8357,62.2489,1
315.7827,315.8357,315.9189,136.1979,1
315.8306,315.9190,315.9972,166.5987,1
316.1056,316.1060,316.1635,57.9367,1
316.5507,316.5512,316.6093,58.5719,1
316.5718,316.6093,316.6934,121.5992,1
316.7414,316.7417,316.7996,58.1859,1
316.9537,316.9540,317.0102,56.5652,1
317.1572,317.1575,317.2183,61.1125,1
317.2445,317.2447,317.3105,66.0031,1
317.3074,317.3105,317.3908,83.3139,1
317.5405,317.5409,317.5983,57.7933,1
318.0633,318.0639,318.1220,58.6778,1
318.2302,318.2305,318.2907,60.5410,1
318.3616,318.3619,318.4218,60.1036,1
318.5073,318.5076,318.5683,61.0611,1
318.7644,318.7649,318.8230,58.5623,1
319.1511,319.1517,319.2132,62.0562,1
319.9497,319.9507,320.0094,59.7051,1
320.0857,320.0859,320.1447,58.9457,1
320.2949,320.2953,320.3556,60.6882,1
320.4061,320.4064,320.4648,58.6549,1
320.7347,320.7351,320.7942,59.5191,1
320.8044,320.8047,320.8772,72.7758,1
320.8844,320.8847,320.9560,71.5528,1
320.8897,320.9560,321.0352,145.4672,1
321.1560,321.1565,321.2153,59.3219,1
321.2510,321.2513,321.3141,63.1286,1
321.3893,321.3897,321.4511,61.7736,1
321.4123,321.4511,321.5337,121.3774,1
321.6373,321.6379,321.6960,58.7256,1
321.8327,321.8332,321.8899,57.1863,1
321.8486,321.8899,321.9742,125.6523,1
322.1533,322.1537,322.2108,57.5475,1
322.1627,322.2108,322.2957,133.0407,1
322.2038,322.2957,322.3743,170.5106,1
322.3695,322.3743,322.4524,82.9826,1
322.6192,322.6196,322.6806,61.4258,1
322.6295,322.6806,322.7645,135.0020,1
322.6846,322.7646,322.8426,158.0132,1
322.7198,322.8426,322.9208,200.9364,1
322.8358,322.9208,322.9989,163.0804,1
322.9201,322.9989,323.0775,157.4046,1
323.0773,323.0775,323.1556,78.3837,1
323.2404,323.2409,323.2976,57.2310,1
323.3875,323.3880,323.4496,62.0379,1
323.4605,323.4609,323.5335,73.0638,1
323.4965,323.5335,323.6120,115.5054,1
323.6172,323.6176,323.6929,75.7610,1
323.6209,323.6930,323.7725,151.6896,1
323.6241,323.7726,323.8515,227.3897,1
323.6250,323.8515,323.9304,305.3708,1
323.8336,323.9304,324.0089,175.2565,1
323.9875,324.0089,324.0871,99.5291,1
324.0605,324.0871,324.1656,105.0712,1
324.1367,324.1656,324.2583,121.5549,1
324.1451,324.2583,324.3521,206.9813,1
324.1469,324.3521,324.4359,289.0618,1
324.1992,324.4360,324.5186,319.4065,1
324.2934,324.5186,324.5999,306.4885,1
324.4111,324.5999,324.6801,269.0015,1
324.6515,324.6801,324.7596,108.1250,1
324.6665,324.7596,324.8387,172.1437,1
324.7270,324.8387,324.9178,190.8571,1
324.8659,324.9178,324.9967,130.8836,1
325.2700,325.2707,325.3330,63.0378,1
325.3988,325.3990,325.4548,56.0372,1
325.4950,325.4953,325.5546,59.5927,1
325.4973,325.5546,325.6383,141.0201,1
325.5818,325.6384,325.7174,135.6374,1
326.0156,326.0162,326.0728,57.2760,1
326.1767,326.1770,326.2371,60.4050,1
326.1817,326.2371,326.3228,141.1208,1
326.3505,326.3510,326.4149,64.4423,1
326.3867,326.4150,326.4953,108.6189,1
326.5494,326.5497,326.6095,60.0777,1
326.6170,326.6174,326.6931,76.0979,1
327.2448,327.2455,327.3064,61.6277,1
327.2926,327.3065,327.3896,97.0328,1
327.3866,327.3896,327.4681,81.4947,1
327.4486,327.4681,327.5467,98.0980,1
327.5946,327.5951,327.6558,61.1995,1
327.8182,327.8187,327.8775,59.2935,1
327.9692,327.9697,328.0271,57.9006,1
328.0016,328.0272,328.1111,109.4624,1
328.2003,328.2008,328.2612,60.9076,1
328.4203,328.4208,328.4805,60.1131,1
328.4274,328.4805,328.5660,138.5862,1
328.4307,328.5660,328.6452,214.4964,1
328.5564,328.6452,328.7237,167.2863,1
328.7558,328.7563,328.8179,62.0834,1
328.8395,328.8398,328.9066,67.1282,1
328.9020,328.9067,328.9873,85.2599,1
328.9216,328.9873,329.0661,144.5065,1
329.0883,329.0889,329.1535,65.1917,1
329.2062,329.2066,329.2698,63.6801,1
329.3859,329.3863,329.4457,59.7592,1
329.4588,329.4591,329.5319,73.1214,1
329.5191,329.5320,329.6115,92.4310,1
329.5283,329.6115,329.6904,162.0986,1
329.5566,329.6904,329.7700,213.4037,1
329.6271,329.7701,329.8486,221.4462,1
329.9024,329.9031,329.9626,60.1448,1
330.0840,330.0844,330.1440,59.9969,1
330.3858,330.3864,330.4470,61.1278,1
330.4160,330.4470,330.5317,115.7069,1
330.6242,330.6245,330.6844,60.2091,1
330.7364,330.7369,330.7937,57.2938,1
330.8721,330.8725,330.9335,61.4697,1
330.8953,330.9335,331.0174,122.1122,1
331.0956,331.0960,331.1530,57.3750,1
331.1153,331.1530,331.2388,123.5621,1
331.2080,331.2388,331.3179,109.9247,1
331.2311,331.3179,331.3969,165.7108,1
331.5948,331.5954,331.6562,61.4345,1
331.6862,331.6865,331.7518,65.6102,1
331.7100,331.7519,331.8331,123.1287,1
331.8553,331.8557,331.9204,65.1425,1
332.2114,332.2121,332.2729,61.5076,1
332.2976,332.2980,332.3652,67.6689,1
332.3196,332.3653,332.4464,126.8107,1
332.9001,332.9011,332.9589,58.7100,1
332.9294,332.9589,333.0435,114.0463,1
333.0146,333.0435,333.1224,107.8563,1
333.6094,333.6102,333.6715,62.1187,1
333.6463,333.6715,333.7547,108.4573,1
333.7871,333.7875,333.8498,62.7762,1
334.0216,334.0221,334.0855,63.9208,1
334.2416,334.2421,334.3033,61.7013,1
334.3207,334.3210,334.3913,70.6305,1
334.3321,334.3913,334.4708,138.7031,1
334.3395,334.4708,334.5498,210.2702,1
334.4058,334.5498,334.6283,222.5074,1
334.6079,334.6283,334.7072,99.3195,1
334.6772,334.7073,334.7861,108.9790,1
334.8742,334.8747,334.9314,57.1316,1
334.9493,334.9497,335.0203,71.0389,1
335.1494,335.1498,335.2074,57.9718,1
335.2972,335.2977,335.3584,61.1444,1
335.4499,335.4503,335.5091,59.2039,1
335.9584,335.9592,336.0177,59.2795,1
336.1737,336.1743,336.2346,60.8065,1
336.3450,336.3455,336.4068,61.7906,1
336.5475,336.5480,336.6052,57.7254,1
336.5986,336.6052,336.6898,91.2042,1
336.6033,336.6898,336.7680,164.7113,1
336.6116,336.7680,336.8469,235.3137,1
336.6356,336.8469,336.9257,290.1046,1
336.8112,336.9258,337.0043,193.1526,1
336.8515,337.0043,337.0839,232.4063,1
336.8848,337.0839,337.1636,278.7712,1
336.9153,337.1636,337.2425,327.2226,1
336.9602,337.2426,337.3215,361.2286,1
336.9617,337.3215,337.4222,460.4957,1
336.9766,337.4222,337.5123,535.6901,1
337.0414,337.5123,337.5966,555.2216,1
337.0972,337.5966,337.6780,580.8461,1
337.1671,337.6780,337.7582,591.1330,1
337.2240,337.7582,337.8381,614.0872,1
337.2302,337.8381,337.9183,688.0892,1
337.4102,337.9183,337.9980,587.7661,1
337.4296,337.9980,338.0776,648.0631,1
337.5441,338.0776,338.1573,613.1933,1
337.6176,338.1573,338.2365,618.9050,1
337.6188,338.2365,338.3255,706.7609,1
337.6814,338.3256,338.4175,736.1728,1
338.1662,338.4176,338.5053,339.0592,1
338.1845,338.5053,338.5893,404.8565,1
338.2144,338.5893,338.6722,457.7412,1
338.2301,338.6722,338.7537,523.5619,1
338.2544,338.7537,338.8347,580.2879,1
338.4250,338.8347,338.9144,489.3428,1
338.4832,338.9144,338.9950,511.7664,1
338.5583,338.9950,339.0753,516.9683,1
338.6690,339.0753,339.1551,486.0406,1
338.9208,339.1551,339.2394,318.6411,1
339.2520,339.2525,339.3312,79.2634,1
339.2656,339.3313,339.4200,154.3808,1
339.3148,339.4200,339.5052,190.3918,1
339.3774,339.5052,339.5892,211.7617,1
339.4275,339.5892,339.6720,244.5775,1
339.4992,339.6720,339.7543,255.0764,1
339.5539,339.7543,339.8355,281.5930,1
339.6031,339.8355,339.9167,313.6220,1
339.7318,339.9167,339.9966,264.7277,1
339.7923,339.9966,340.0772,284.8751,1
339.8291,340.0772,340.1624,333.3007,1
339.8639,340.1624,340.2466,382.6921,1
339.9869,340.2466,340.3328,345.8150,1
340.0033,340.3328,340.4181,414.7670,1
340.1712,340.4181,340.5026,331.3830,1
340.5024,340.5029,340.5871,84.6066,1
340.8113,340.8119,340.8723,61.0839,1
340.8490,340.8724,340.9572,108.1804,1
340.9725,340.9730,341.0427,70.2142,1
341.0496,341.0499,341.1257,76.1049,1
341.3159,341.3164,341.3771,61.2538,1
341.4430,341.4434,341.5039,60.9090,1
341.5144,341.5147,341.5894,74.9347,1
341.5405,341.5894,341.6694,128.8212,1
341.6728,341.6733,341.7489,76.0870,1
341.8522,341.8526,341.9113,59.0967,1
341.9272,341.9275,341.9988,71.5694,1
341.9715,341.9988,342.0791,107.5958,1
342.0257,342.0791,342.1588,133.1264,1
342.1165,342.1588,342.2381,121.6030,1
342.3107,342.3111,342.3734,62.6797,1
342.4014,342.4017,342.4654,63.9675,1
342.4043,342.4654,342.5477,143.4003,1
342.5724,342.5729,342.6371,64.6646,1
343.0695,343.0702,343.1322,62.7243,1
343.1296,343.1322,343.2170,87.3733,1
343.3563,343.3569,343.4192,62.9566,1
343.6326,343.6330,343.6938,61.2053,1
343.8437,343.8443,343.9056,61.8605,1
344.0570,344.0576,344.1212,64.2005,1
344.2132,344.2137,344.2742,61.0352,1
344.4743,344.4749,344.5338,59.4632,1
344.7837,344.7843,344.8417,58.0287,1
344.8683,344.8687,344.9339,65.5834,1
345.1203,345.1209,345.1826,62.3663,1
345.1722,345.1827,345.2676,95.4010,1
345.3351,345.3356,345.3955,60.3935,1
345.3480,345.3955,345.4809,132.9538,1
345.3674,345.4809,345.5593,191.9426,1
345.4217,345.5594,345.6390,217.2654,1
345.5063,345.6390,345.7187,212.3313,1
345.5258,345.7187,345.7979,272.1409,1
345.5398,345.7980,345.8776,337.8034,1
345.5784,345.8776,345.9573,378.8556,1
345.6880,345.9573,346.0426,354.5333,1
345.9291,346.0426,346.1219,192.7301,1
346.0422,346.1219,346.2215,179.3044,1
346.2058,346.2215,346.3086,102.8720,1
346.3599,346.3602,346.4237,63.8081,1
346.4345,346.4349,346.5079,73.3215,1
346.4833,346.5079,346.5875,104.1859,1
346.5311,346.5875,346.6672,136.0494,1
346.5667,346.6672,346.7468,180.1465,1
346.7491,346.7495,346.8269,77.7522,1
346.8583,346.8588,346.9210,62.7199,1
346.8666,346.9211,347.0048,138.2663,1
346.8726,347.0049,347.0845,211.9154,1
346.9411,347.0845,347.1642,223.0472,1
347.1675,347.1680,347.2590,91.5729,1
347.1796,347.2591,347.3431,163.5525,1
347.2583,347.3432,347.4256,167.2985,1
347.3892,347.4256,347.5068,117.5847,1
347.5173,347.5178,347.5893,71.9530,1
347.9392,347.9398,347.9988,59.6746,1
348.0132,348.0133,348.0870,73.7709,1
348.1684,348.1687,348.2271,58.6936,1
348.2589,348.2591,348.3221,63.1974,1
348.3265,348.3266,348.4048,78.3602,1
348.4260,348.4262,348.4926,66.5408,1
348.4485,348.4926,348.5747,126.1455,1
348.8325,348.8331,348.8915,58.9582,1
348.9455,348.9459,349.0077,62.2503,1
348.9828,349.0078,349.0915,108.7363,1
348.9974,349.0915,349.1705,173.1491,1
349.0727,349.1706,349.2502,177.5100,1
349.1461,349.2502,349.3299,183.7829,1
349.3031,349.3299,349.4095,106.3950,1
349.3157,349.4095,349.4892,173.5013,1
349.6774,349.6781,349.7407,63.3532,1
349.7971,349.7974,349.8598,62.6443,1
350.0408,350.0412,350.1007,59.8215,1
350.0941,350.1007,350.1865,92.4032,1
350.1406,350.1865,350.2663,125.6451,1
350.1928,350.2663,350.3459,153.0927,1
350.5114,350.5119,350.5731,61.7499,1
350.5691,350.5731,350.6594,90.3163,1
350.6806,350.6810,350.7478,67.1846,1
350.7568,350.7572,350.8299,73.1223,1
350.9594,350.9600,351.0243,64.8531,1
351.1229,351.1234,351.1862,63.2376,1
351.2819,351.2822,351.3447,62.8546,1
351.3152,351.3447,351.4288,113.6788,1
351.3872,351.4289,351.5086,121.3928,1
351.7953,351.7960,351.8577,62.4068,1
351.9844,351.9849,352.0465,62.1026,1
352.0407,352.0465,352.1315,90.7196,1
352.0487,352.1315,352.2101,161.4328,1
352.1142,352.2102,352.2898,175.6078,1
352.1192,352.2898,352.3695,250.3205,1
352.2560,352.3695,352.4491,193.1344,1
352.4363,352.4491,352.5288,92.5270,1
352.4661,352.5288,352.6085,142.3637,1
352.5675,352.6085,352.6885,121.0769,1
352.8992,352.8999,352.9605,61.3520,1
353.1390,353.1395,353.2015,62.4802,1
353.5595,353.5601,353.6211,61.5976,1
353.6024,353.6211,353.7054,102.9371,1
353.7886,353.7888,353.8488,60.1964,1
354.3748,354.3756,354.4378,62.9417,1
354.4808,354.4811,354.5442,63.4265,1
354.5200,354.5442,354.6262,106.2208,1
354.5494,354.6262,354.7059,156.4342,1
354.7282,354.7284,354.7951,66.9651,1
354.9152,354.9156,354.9761,60.8843,1
355.0344,355.0346,355.0920,57.5602,1
355.1375,355.1378,355.2006,63.1744,1
355.2588,355.2590,355.3207,61.8938,1
355.3955,355.3958,355.4576,62.1075,1
355.6186,355.6189,355.6817,63.0746,1
355.6464,355.6817,355.7666,120.1396,1
355.6639,355.7666,355.8455,181.6215,1
355.7606,355.8455,355.9252,164.5179,1
356.0170,356.0176,356.0770,59.9830,1
356.1621,356.1625,356.2227,60.6140,1
356.1720,356.2227,356.3070,134.9752,1
356.2042,356.3070,356.3864,182.1947,1
356.2977,356.3864,356.4661,168.3758,1
356.5659,356.5663,356.6224,56.5652,1
356.5726,356.6224,356.7097,137.1083,1
356.5754,356.7097,356.7884,212.9621,1
356.7889,356.7893,356.8682,79.2917,1
356.9098,356.9101,356.9699,60.0994,1
356.9475,356.9699,357.0556,108.1107,1
357.0228,357.0556,357.1353,112.4692,1
357.1379,357.1383,357.2172,79.3219,1
357.2546,357.2549,357.3150,60.3946,1
357.3724,357.3726,357.4336,61.2137,1
357.4234,357.4336,357.5185,95.0752,1
358.0884,358.0894,358.1480,59.5703,1
358.1615,358.1619,358.2364,74.8646,1
358.1882,358.2364,358.3162,127.9892,1
358.2261,358.3162,358.3950,168.8858,1
358.3450,358.3950,358.4747,129.7404,1
358.4426,358.4747,358.5544,111.7217,1
358.4835,358.5544,358.6340,150.5816,1
358.4969,358.6340,358.7137,216.7700,1
358.6471,358.7137,358.7936,146.5587,1
358.6481,358.7936,358.8738,225.7130,1
358.6750,358.8738,358.9808,305.8279,1
358.6882,358.9808,359.0685,380.3547,1
358.7235,359.0685,359.1542,430.6651,1
358.7414,359.1542,359.2376,496.1458,1
358.9438,359.2376,359.3188,375.0568,1
359.0709,359.3188,359.3997,328.8046,1
359.1579,359.3997,359.4793,321.4873,1
359.2874,359.4794,359.5594,272.0109,1
359.3658,359.5594,359.6398,273.9758,1
359.5048,359.6398,359.7202,215.4096,1
359.5645,359.7203,359.8012,236.7135,1
359.6949,359.8012,359.8950,200.0813,1
359.8306,359.8950,359.9865,155.8926,1
359.8716,359.9865,360.0749,203.3101,1
359.8836,360.0749,360.1608,277.1768,1
359.9296,360.1608,360.2436,313.9885,1
359.9465,360.2436,360.3259,379.3848,1
360.0668,360.3259,360.4071,340.3088,1
360.1827,360.4072,360.4884,305.6439,1
360.7247,360.7255,360.7881,63.3595,1
360.7762,360.7881,360.8735,97.3552,1
360.7995,360.8735,360.9531,153.5268,1
360.9910,360.9914,361.0525,61.4837,1
361.3228,361.3234,361.3850,62.1346,1
361.3793,361.3850,361.4699,90.5315,1
361.5011,361.5015,361.5647,63.6777,1
361.5742,361.5746,361.6476,73.4230,1
361.7514,361.7519,361.8111,59.7527,1
361.8117,361.8119,361.8975,85.7990,1
361.8316,361.8975,361.9771,145.5910,1
361.8713,361.9772,362.0572,185.9108,1
361.9726,362.0572,362.1372,164.6472,1
362.0819,362.1372,362.2177,135.7952,1
362.1640,362.2177,362.2985,134.5080,1
362.1828,362.2985,362.3790,196.1164,1
362.1918,362.3790,362.4598,268.0070,1
363.0542,363.0554,363.1147,60.5248,1
363.3723,363.3729,363.4361,63.7844,1
363.4811,363.4815,363.5434,62.2764,1
363.4939,363.5434,363.6270,133.1000,1
363.6222,363.6270,363.7067,84.5062,1
363.7975,363.7980,363.8596,62.1165,1
363.9605,363.9610,364.0214,60.8874,1
363.9728,364.0214,364.1071,134.3046,1
363.9807,364.1071,364.1872,206.4567,1
364.0522,364.1872,364.2668,214.6436,1
364.1365,364.2669,364.3468,210.3719,1
364.2424,364.3468,364.4273,184.8744,1
364.3925,364.4273,364.5075,115.0066,1
364.7053,364.7059,364.7648,59.4872,1
365.2009,365.2017,365.2615,60.6524,1
365.2826,365.2831,365.3518,69.2020,1
365.4909,365.4913,365.5499,58.9571,1
366.0812,366.0821,366.1436,62.4313,1
366.1319,366.1436,366.2288,96.9102,1
366.1814,366.2289,366.3074,126.0042,1
366.2366,366.3074,366.3873,150.6480,1
366.4649,366.4653,366.5231,58.1592,1
366.4916,366.5231,366.6091,117.5261,1
366.7368,366.7374,366.7995,62.6672,1
366.7686,366.7995,366.8851,116.5088,1
366.8363,366.8851,366.9645,128.2061,1
366.8408,366.9645,367.0442,203.3452,1
367.0755,367.0760,367.1392,63.6889,1
367.0797,367.1392,367.2213,141.6012,1
367.2010,367.2213,367.3014,100.3715,1
367.5180,367.5187,367.5763,58.3073,1
367.5315,367.5764,367.6625,130.9743,1
367.7106,367.7110,367.7725,61.9811,1
367.7337,367.7725,367.8569,123.2175,1
367.7911,367.8570,367.9366,145.4537,1
368.1192,368.1198,368.1829,63.6795,1
368.3802,368.3807,368.4416,61.4380,1
368.4093,368.4416,368.5273,117.9676,1
368.6040,368.6044,368.6668,62.7737,1
368.9627,368.9631,369.0208,58.1453,1
368.9926,369.0208,369.1089,116.2678,1
369.0439,369.1089,369.1884,144.4784,1
369.3006,369.3010,369.3635,62.9036,1
369.3122,369.3635,369.4490,136.7871,1
369.4669,369.4674,369.5382,71.3062,1
369.4678,369.5383,369.6197,151.8629,1
369.5011,369.6197,369.6993,198.2869,1
369.5534,369.6993,369.7790,225.5537,1
369.7176,369.7790,369.8590,141.4349,1
369.8204,369.8590,369.9395,119.1225,1
369.9399,369.9404,370.0201,80.1283,1
369.9431,370.0201,370.1005,157.3978,1
369.9608,370.1006,370.2103,249.5059,1
370.0364,370.2104,370.2944,258.0032,1
370.1055,370.2944,370.3837,278.1436,1
370.1436,370.3837,370.4647,321.1528,1
370.2091,370.4647,370.5459,336.8506,1
370.2839,370.5460,370.6263,342.4923,1
370.5503,370.6264,370.7066,156.2793,1
370.6693,370.7066,370.7872,117.9890,1
370.9061,370.9067,370.9646,58.5220,1
370.9982,370.9986,371.0629,64.7007,1
371.0333,371.0629,371.1454,112.0584,1
371.0410,371.1454,371.2250,183.9979,1
371.1503,371.2250,371.3052,154.9062,1
371.5147,371.5154,371.5768,62.1008,1
371.5949,371.5952,371.6644,69.5050,1
371.6275,371.6644,371.7452,117.6153,1
371.7163,371.7452,371.8252,108.9168,1
371.8559,371.8562,371.9193,63.3906,1
371.8718,371.9193,372.0020,130.1505,1
371.9085,372.0020,372.0821,173.5969,1
371.9679,372.0821,372.1626,194.7819,1
371.9879,372.1627,372.2435,255.5416,1
372.0992,372.2435,372.3243,225.1057,1
372.1253,372.3243,372.4256,300.2577,1
372.1307,372.4256,372.5101,379.4325,1
372.1574,372.5101,372.5932,435.7864,1
372.2201,372.5932,372.6748,454.7758,1
372.2732,372.6748,372.7677,494.4972,1
372.4326,372.7677,372.8494,416.8879,1
372.5567,372.8495,372.9312,374.5293,1
372.6660,372.9312,373.0124,346.3785,1
372.6851,373.0124,373.0936,408.5009,1
372.7489,373.0936,373.1741,425.1334,1
372.9406,373.1741,373.2565,315.9612,1
373.0970,373.2565,373.3467,249.6828,1
373.1296,373.3467,373.4352,305.5898,1
373.2355,373.4352,373.5214,285.8581,1
373.3447,373.5214,373.6055,260.7508,1
373.7592,373.7599,373.8234,64.2026,1
373.8260,373.8264,373.9062,80.1942,1
373.8953,373.9062,373.9872,91.8642,1
374.3611,374.3619,374.4184,57.3125,1
374.4800,374.4804,374.5426,62.6345,1
374.8359,374.8365,374.8938,57.9357,1
374.9513,374.9518,375.0153,63.9485,1
375.4024,375.4031,375.4650,62.5797,1
375.4100,375.4650,375.5503,140.2749,1
375.4854,375.5503,375.6305,145.1478,1
375.7153,375.7159,375.7776,62.3120,1
375.9611,375.9615,376.0183,57.2347,1
375.9895,376.0183,376.1067,117.2001,1
376.4837,376.4845,376.5467,63.0338,1
376.7553,376.7559,376.8151,59.8091,1
376.8454,376.8457,376.9077,62.2751,1
376.9437,376.9441,377.0040,60.3295,1
377.4360,377.4368,377.4960,60.0036,1
377.4885,377.4960,377.5814,92.9541,1
377.5318,377.5814,377.6611,129.2947,1
377.5963,377.6611,377.7407,144.4025,1
377.6395,377.7407,377.8204,180.8827,1
377.6816,377.8204,377.9005,218.9645,1
377.7200,377.9006,377.9810,260.9924,1
377.8999,377.9810,378.0609,160.9610,1
377.9122,378.0609,378.1415,229.2321,1
378.1202,378.1415,378.2217,101.5900,1
378.1512,378.2218,378.3353,184.0522,1
378.2369,378.3353,378.4202,183.2929,1
378.3392,378.4202,378.5051,165.9363,1
378.4710,378.5051,378.5873,116.2467,1
378.5915,378.5919,378.6705,79.0630,1
378.6708,378.6712,378.7518,80.9488,1
378.7329,378.7518,378.8330,100.0664,1
378.8556,378.8561,378.9214,65.7658,1
379.2519,379.2525,379.3146,62.7364,1
379.2670,379.3147,379.4004,133.3939,1
379.2796,379.4005,379.4798,200.2243,1
379.3548,379.4798,379.5599,205.0930,1
379.3971,379.5599,379.6401,242.9552,1
379.5464,379.6401,379.7209,174.4757,1
379.6204,379.7209,379.8012,180.7748,1
379.8140,379.8144,379.8848,70.7359,1
379.8332,379.8848,379.9664,133.1820,1
380.0190,380.0195,380.0804,61.3709,1
380.0956,380.0960,380.1753,79.6837,1
380.1735,380.1754,380.2554,81.8817,1
380.6206,380.6213,380.6772,56.5523,1
380.6380,380.6772,380.7656,127.6051,1
380.7144,380.7656,380.8447,130.3136,1
381.0122,381.0129,381.0709,58.6799,1
381.0594,381.0709,381.1576,98.1441,1
381.0807,381.1576,381.2372,156.5720,1
381.1141,381.2372,381.3170,202.9180,1
381.2583,381.3170,381.3974,139.1657,1
381.4377,381.4380,381.4987,61.0307,1
381.7882,381.7889,381.8491,60.9039,1
381.8528,381.8532,381.9337,80.9406,1
382.0793,382.0799,382.1364,57.1393,1
382.4194,382.4200,382.4812,61.7333,1
382.5066,382.5068,382.5763,69.6999,1
382.6295,382.6297,382.6915,61.9482,1
382.8319,382.8322,382.8902,58.3265,1
382.8359,382.8902,382.9755,139.6014,1
382.8835,382.9755,383.0551,171.6961,1
382.9775,383.0552,383.1356,158.1405,1
383.1559,383.1564,383.2240,68.0264,1
383.1601,383.2240,383.3063,146.2608,1
383.5041,383.5046,383.5666,62.4829,1
383.5880,383.5884,383.6576,69.6228,1
383.7716,383.7720,383.8321,60.5015,1
383.7775,383.8321,383.9188,141.2850,1
383.7969,383.9188,383.9985,201.5298,1
383.8506,383.9985,384.0785,227.8669,1
384.0374,384.0785,384.1594,122.0281,1
384.3417,384.3424,384.4039,62.2157,1
384.3621,384.4040,384.4903,128.1767,1
384.4355,384.4903,384.5706,135.1093,1
384.4402,384.5706,384.6519,211.6984,1
384.5622,384.6519,384.7319,169.7744,1
384.5944,384.7319,384.8124,217.9852,1
384.6457,384.8124,384.8931,247.4785,1
384.7197,384.8932,384.9736,253.9154,1
384.8623,384.9736,385.0548,192.5172,1
385.1236,385.1242,385.1867,63.0921,1
385.1621,385.1867,385.2778,115.7591,1
385.3950,385.3955,385.4577,62.7325,1
385.5126,385.5130,385.5764,63.8564,1
385.8761,385.8766,385.9390,62.8644,1
385.8767,385.9390,386.0248,148.0223,1
386.0351,386.0356,386.1097,74.5943,1
386.0763,386.1097,386.1899,113.6116,1
386.0783,386.1899,386.2696,191.2864,1
386.0837,386.2696,386.3496,265.8776,1
386.1024,386.3496,386.4308,328.4002,1
386.2291,386.4308,386.5116,282.5235,1
386.3964,386.5116,386.5928,196.3923,1
386.5583,386.5929,386.6742,115.8748,1
386.6646,386.6742,386.7864,121.8328,1
386.7334,386.7864,386.8695,136.1557,1
387.0595,387.0601,387.1174,57.9743,1
387.0846,387.1175,387.2062,121.6632,1
387.2185,387.2188,387.2912,72.6276,1
387.3492,387.3496,387.4109,61.7557,1
387.3880,387.4110,387.4964,108.4425,1
387.4087,387.4965,387.5762,167.5698,1
387.5603,387.5762,387.6573,96.9886,1
387.8659,387.8665,387.9298,63.9149,1
388.1438,388.1444,388.2082,64.4029,1
388.3132,388.3135,388.3750,61.7889,1
388.8371,388.8380,388.9006,63.4361,1
388.8455,388.9006,388.9872,141.6581,1
389.0838,389.0844,389.1461,62.3372,1
389.2518,389.2522,389.3145,62.7612,1
389.3550,389.3555,389.4184,63.3414,1
389.4813,389.4817,389.5400,58.7065,1
389.4858,389.5400,389.6262,140.3960,1
389.5011,389.6262,389.7062,205.0858,1
389.7244,389.7249,389.7940,69.5905,1
389.8614,389.8619,389.9202,58.7908,1
389.8955,389.9202,390.0064,110.8170,1
390.1201,390.1206,390.1833,63.2198,1
390.1504,390.1833,390.2690,118.6023,1
390.6187,390.6193,390.6763,57.5292,1
390.6249,390.6763,390.7634,138.4939,1
390.7824,390.7827,390.8518,69.4092,1
391.3727,391.3734,391.4302,57.4799,1
391.5303,391.5306,391.5927,62.4604,1
391.6294,391.6296,391.6928,63.3663,1
391.6659,391.6928,391.7755,109.6416,1
391.8521,391.8526,391.9145,62.4714,1
392.0685,392.0690,392.1307,62.2049,1
392.6410,392.6419,392.7027,61.6458,1
392.7123,392.7127,392.7892,76.8859,1
392.7663,392.7892,392.8700,103.7530,1
392.8728,392.8732,392.9509,78.0840,1
393.0001,393.0005,393.0633,63.2186,1
393.0879,393.0883,393.1553,67.4465,1
393.2643,393.2646,393.3273,62.9779,1
393.3233,393.3273,393.4116,88.2378,1
393.3651,393.4116,393.4917,126.6431,1
393.6704,393.6710,393.7328,62.4331,1
393.6795,393.7328,393.8193,139.8388,1
393.7418,393.8193,393.8992,157.3725,1
394.1639,394.1646,394.2284,64.5270,1
394.2916,394.2919,394.3524,60.8143,1
394.4897,394.4902,394.5525,62.7872,1
394.4946,394.5525,394.6373,142.6844,1
394.8253,394.8258,394.8885,63.2170,1
394.8300,394.8885,394.9732,143.2368,1
395.1659,395.1666,395.2274,61.5467,1
395.6451,395.6458,395.7056,60.4655,1
395.8773,395.8779,395.9360,58.6802,1
395.8878,395.9360,396.0241,136.2498,1
395.8998,396.0241,396.1034,203.5546,1
396.2227,396.2233,396.2867,63.9747,1
396.3579,396.3582,396.4203,62.3985,1
396.4089,396.4203,396.5061,97.1708,1
396.4304,396.5061,396.5856,155.2458,1
396.4662,396.5857,396.6653,199.1498,1
396.5164,396.6653,396.7457,229.2437,1
396.5915,396.7457,396.8261,234.6085,1
396.7092,396.8261,396.9066,197.4286,1
396.7210,396.9066,396.9866,265.6539,1
396.7931,396.9866,397.0674,274.3398,1
396.8347,397.0674,397.1531,318.3951,1
396.9185,397.1531,397.2564,337.8808,1
396.9319,397.2564,397.3433,411.4060,1
397.0306,397.3433,397.4293,398.7417,1
397.2106,397.4293,397.5120,301.3894,1
397.2209,397.5120,397.5932,372.3217,1
397.2731,397.5933,397.6745,401.3624,1
397.3658,397.6745,397.7557,389.9090,1
397.5207,397.7557,397.8357,315.0820,1
397.5530,397.8357,397.9170,363.9438,1
397.6003,397.9170,397.9988,398.4521,1
397.6360,397.9988,398.0821,446.0571,1
397.9115,398.0821,398.1755,263.9664,1
398.0131,398.1755,398.2658,252.6706,1
398.1379,398.2658,398.3550,217.1263,1
398.2049,398.3550,398.4398,234.8404,1
398.3302,398.4398,398.5227,192.5467,1
398.4025,398.5228,398.6052,202.7457,1
398.4503,398.6052,398.6876,237.3398,1
398.4695,398.6876,398.7688,299.3491,1
398.6105,398.7688,398.8500,239.5057,1
398.8161,398.8501,398.9321,116.0151,1
399.0135,399.0138,399.0751,61.6181,1
399.4391,399.4397,399.4978,58.7133,1
399.8259,399.8264,399.8851,59.2626,1
400.0038,400.0041,400.0645,60.7381,1
400.2008,400.2011,400.2642,63.3427,1
400.2882,400.2885,400.3541,65.8840,1
400.4438,400.4441,400.5057,61.8492,1
400.7069,400.7072,400.7668,59.9284,1
401.0135,401.0140,401.0725,59.0112,1
401.0786,401.0788,401.1581,79.5030,1
401.3745,401.3749,401.4321,57.6060,1
402.0210,402.0218,402.0838,62.8551,1
402.1793,402.1795,402.2379,58.6304,1
402.4185,402.4189,402.4795,60.9856,1
402.4216,402.4795,402.5651,143.4917,1
402.8448,402.8453,402.9044,59.5728,1
403.1537,403.1542,403.2131,59.3805,1
403.2030,403.2131,403.3004,97.4084,1
403.3307,403.3311,403.3942,63.5238,1
403.4435,403.4438,403.5060,62.5231,1
404.0380,404.0389,404.0988,60.7427,1
404.0528,404.0988,404.1851,132.3641,1
404.5726,404.5734,404.6297,57.0548,1
404.7243,404.7248,404.7867,62.4552,1
405.0514,405.0520,405.1147,63.2945,1
405.1777,405.1782,405.2365,58.7342,1
405.2153,405.2365,405.3218,106.5128,1
405.5529,405.5536,405.6163,63.3566,1
405.6773,405.6778,405.7404,63.0596,1
406.0804,406.0809,406.1407,60.2681,1
406.3998,406.4003,406.4610,61.1539,1
406.4851,406.4853,406.5511,66.0869,1
406.5264,406.5512,406.6327,106.2845,1
406.7143,406.7146,406.7765,62.1235,1
407.3563,407.3571,407.4193,62.9995,1
407.4254,407.4256,407.5053,79.8564,1
408.2631,408.2641,408.3234,60.3710,1
408.3171,408.3234,408.4082,91.0378,1
408.3406,408.4082,408.4875,146.9725,1
408.4614,408.4875,408.5672,105.7801,1
409.2053,409.2062,409.2666,61.3375,1
409.2649,409.2667,409.3511,86.1827,1
409.3099,409.3511,409.4305,120.6159,1
409.3235,409.4305,409.5102,186.6841,1
409.5427,409.5431,409.6078,65.0863,1
409.8474,409.8479,409.9077,60.3055,1
409.9879,409.9883,410.0456,57.6782,1
410.0165,410.0456,410.1322,115.7170,1
410.0448,410.1322,410.2116,166.8167,1
410.1145,410.2116,410.2912,176.7525,1
410.1303,410.2913,410.3709,240.6267,1
410.4964,410.4971,410.5588,62.3961,1
410.9065,410.9072,410.9679,61.4034,1
411.1121,411.1127,411.1738,61.6762,1
411.8132,411.8142,411.8717,58.5064,1
412.1973,412.1979,412.2606,63.3091,1
412.7680,412.7686,412.8301,62.1405,1
412.8572,412.8574,412.9266,69.4205,1
413.6134,413.6143,413.6714,58.0059,1
413.6611,413.6714,413.7575,96.3676,1
413.7385,413.7575,413.8367,98.2071,1
413.9811,413.9817,414.0403,59.1670,1
414.1572,414.1577,414.2207,63.5736,1
414.5633,414.5638,414.6238,60.4924,1
414.7485,414.7489,414.8101,61.6333,1
414.7992,414.8102,414.8949,95.6431,1
414.9256,414.9258,414.9891,63.4197,1
414.9894,414.9895,415.0710,81.6620,1
415.1204,415.1207,415.1822,61.8017,1
415.5145,415.5150,415.5736,59.1086,1
415.6159,415.6162,415.6763,60.3446,1
415.8280,415.8283,415.8865,58.4431,1
415.8561,415.8865,415.9714,115.3016,1
416.1513,416.1519,416.2115,60.1537,1
416.6301,416.6308,416.6880,57.8428,1
416.7452,416.7456,416.8041,58.8741,1
417.3751,417.3760,417.4368,61.7435,1
417.5905,417.5910,417.6522,61.6851,1
417.9175,417.9180,417.9794,61.8743,1
418.0754,418.0757,418.1369,61.5246,1
418.9236,418.9249,418.9841,60.4669,1
419.0075,419.0079,419.0749,67.3933,1
419.2211,419.2217,419.2815,60.3514,1
419.9872,419.9883,420.0492,62.0353,1
420.0614,420.0618,420.1347,73.2475,1
420.0657,420.1347,420.2142,148.4732,1
420.2128,420.2142,420.2931,80.3082,1
420.2615,420.2931,420.3719,110.3884,1
420.3799,420.3803,420.4531,73.1853,1
420.6546,420.6552,420.7163,61.6891,1
421.0719,421.0724,421.1304,58.5861,1
421.4834,421.4840,421.5451,61.6465,1
421.5225,421.5451,421.6295,107.0137,1
422.0702,422.0709,422.1306,60.4248,1
422.1514,422.1516,422.2189,67.4782,1
422.4933,422.4938,422.5549,61.6100,1
422.7792,422.7797,422.8408,61.5610,1
422.8856,422.8859,422.9441,58.5296,1
423.4197,423.4205,423.4816,61.9184,1
423.6628,423.6632,423.7240,61.2359,1
423.8731,423.8735,423.9350,61.9269,1
424.1647,424.1650,424.2229,58.2496,1
424.2583,424.2586,424.3231,64.7883,1
424.3211,424.3231,424.4036,82.4741,1
424.6057,424.6062,424.6647,58.9655,1
425.0139,425.0145,425.0762,62.2820,1
425.3203,425.3209,425.3786,58.2334,1
425.4643,425.4645,425.5215,57.1966,1
425.5281,425.5282,425.6051,77.0477,1
425.8347,425.8351,425.8954,60.7115,1
427.2965,427.2981,427.3557,59.1730,1
427.9496,427.9504,428.0092,59.6529,1
428.6006,428.6013,428.6619,61.3520,1
429.1615,429.1623,429.2232,61.6717,1
429.4228,429.4231,429.4812,58.4424,1
429.9412,429.9417,430.0025,61.3419,1
429.9999,430.0025,430.0857,85.7815,1
430.2703,430.2707,430.3294,59.1411,1
430.3641,430.3645,430.4269,62.7873,1
430.4854,430.4859,430.5472,61.7401,1
430.4874,430.5472,430.6313,143.9820,1
431.0642,431.0651,431.1208,56.5517,1
431.1275,431.1278,431.2055,77.9621,1
431.3653,431.3659,431.4267,61.4280,1
431.7705,431.7711,431.8320,61.4975,1
432.7637,432.7649,432.8247,61.0640,1
433.2248,433.2255,433.2836,58.8031,1
433.2480,433.2836,433.3681,120.0918,1
433.3175,433.3681,433.4459,128.4229,1
433.5402,433.5406,433.5971,56.9072,1
433.5755,433.5971,433.6812,105.6977,1
433.6606,433.6812,433.7590,98.4252,1
434.4486,434.4496,434.5087,60.1115,1
434.5799,434.5802,434.6412,61.3227,1
434.6562,434.6565,434.7260,69.8165,1
434.8661,434.8666,434.9239,57.8310,1
434.9938,434.9942,435.0553,61.4871,1
435.8746,435.8758,435.9370,62.4722,1
436.0783,436.0787,436.1358,57.5383,1
436.2120,436.2125,436.2723,60.2582,1
437.0287,437.0299,437.0886,59.9700,1
437.0898,437.0902,437.1716,81.7996,1
437.5191,437.5199,437.5775,58.4602,1
437.5358,437.5775,437.6619,126.0858,1
438.2036,438.2045,438.2630,59.4040,1
438.6895,438.6903,438.7512,61.6545,1
438.9862,438.9869,439.0468,60.6461,1
439.0659,439.0663,439.1350,69.1606,1
439.5983,439.5991,439.6557,57.3712,1
439.6206,439.6557,439.7396,119.0432,1
439.8729,439.8734,439.9317,58.7613,1
439.9604,439.9608,440.0244,64.0141,1
440.0268,440.0272,440.1033,76.4795,1
440.7953,440.7964,440.8574,62.0634,1
440.9202,440.9207,440.9799,59.7385,1
440.9559,440.9800,441.0632,107.2997,1
441.1912,441.1918,441.2509,59.6161,1
441.2255,441.2509,441.3338,108.2931,1
441.9409,441.9419,441.9973,56.4634,1
442.7010,442.7021,442.7613,60.2421,1
442.8494,442.8499,442.9097,60.2532,1
442.9064,442.9097,442.9923,85.9393,1
443.2158,443.2163,443.2765,60.7004,1
443.5604,443.5611,443.6214,60.9889,1
443.6390,443.6393,443.7093,70.3077,1
443.7238,443.7242,443.7927,68.8832,1
444.0468,444.0473,444.1070,60.2791,1
444.1561,444.1565,444.2175,61.3104,1
444.3809,444.3815,444.4418,60.8200,1
444.4770,444.4773,444.5379,60.8136,1
444.9756,444.9763,445.0364,60.8509,1
444.9828,445.0365,445.1200,137.2094,1
445.6409,445.6417,445.6981,57.2055,1
446.4807,446.4818,446.5399,59.1945,1
446.5554,446.5557,446.6265,71.1113,1
446.6601,446.6606,446.7215,61.4064,1
446.7251,446.7255,446.8007,75.5850,1
447.8475,447.8488,447.9093,61.8243,1
447.8686,447.9093,447.9918,123.1637,1
448.2861,448.2867,448.3477,61.6116,1
448.3877,448.3879,448.4507,62.9471,1
448.9447,448.9454,449.0039,59.2231,1
449.1581,449.1585,449.2147,56.5492,1
449.6179,449.6184,449.6740,56.1731,1
449.8990,449.8994,449.9562,57.2310,1
450.4709,450.4716,450.5315,60.6764,1
451.1070,451.1078,451.1665,59.5425,1
451.1325,451.1665,451.2498,117.3020,1
451.2606,451.2611,451.3305,69.8630,1
451.5375,451.5380,451.5960,58.5159,1
451.5852,451.5960,451.6814,96.2088,1
452.3206,452.3216,452.3785,57.8723,1
452.5103,452.5109,452.5696,59.2491,1
452.5290,452.5696,452.6524,123.3823,1
452.7078,452.7083,452.7678,60.0271,1
452.8241,452.8244,452.8840,59.8360,1
452.8725,452.8840,452.9667,94.1641,1
453.1890,453.1895,453.2481,59.0280,1
453.2709,453.2711,453.3352,64.2474,1
453.3905,453.3909,453.4500,59.5393,1
453.4920,453.4924,453.5526,60.6013,1
453.5360,453.5526,453.6345,98.4533,1
453.5874,453.6345,453.7120,124.5431,1
453.5914,453.7120,453.7905,199.0861,1
453.6368,453.7905,453.8683,231.4754,1
453.6395,453.8683,453.9465,306.9851,1
454.3936,454.3947,454.4536,60.0417,1
454.5547,454.5551,454.6132,58.4141,1
454.7650,454.7654,454.8261,61.1008,1
454.8605,454.8609,454.9210,60.4241,1
455.2127,455.2134,455.2722,59.4615,1
455.5128,455.5133,455.5725,59.7334,1
455.5574,455.5726,455.6549,97.4922,1
455.6388,455.6549,455.7325,93.6813,1
455.6834,455.7325,455.8103,126.9260,1
455.6891,455.8103,455.8877,198.6680,1
456.2135,456.2141,456.2721,58.5919,1
456.2664,456.2721,456.3563,89.9621,1
456.2720,456.3563,456.4340,161.9411,1
456.3770,456.4340,456.5124,135.4069,1
456.5731,456.5736,456.6339,60.7800,1
456.7203,456.7208,456.7780,57.6826,1
457.0832,457.0838,457.1434,60.2541,1
457.3509,457.3515,457.4091,58.2200,1
458.2048,458.2059,458.2661,61.3204,1
458.3138,458.3142,458.3734,59.6017,1
458.8263,458.8270,458.8831,56.8252,1
459.1189,459.1194,459.1792,60.2921,1
459.3126,459.3130,459.3725,59.9295,1
459.5543,459.5549,459.6118,57.5390,1
459.5882,459.6118,459.6974,109.2487,1
459.6376,459.6974,459.7746,137.0452,1
459.8026,459.8032,459.8639,61.2579,1
460.5532,460.5543,460.6132,60.0059,1
460.5651,460.6133,460.6971,132.0715,1
460.8166,460.8172,460.8752,58.6245,1
460.8679,460.8752,460.9609,92.9871,1
460.9956,460.9960,461.0541,58.4727,1
461.0030,461.0541,461.1372,134.1833,1
461.1138,461.1372,461.2147,100.9078,1
461.4886,461.4893,461.5467,58.1492,1
461.6471,461.6474,461.7073,60.2279,1
461.7002,461.7073,461.7896,89.3648,1
461.8405,461.8410,461.9011,60.6080,1
462.8225,462.8239,462.8840,61.5552,1
463.0160,463.0164,463.0741,58.1192,1
463.4331,463.4338,463.4936,60.4956,1
463.5116,463.5119,463.5801,68.4725,1
463.7005,463.7010,463.7594,58.8330,1
464.8396,464.8411,464.9005,60.8778,1
465.0205,465.0210,465.0804,59.8868,1
465.2613,465.2619,465.3203,58.9854,1
465.3054,465.3203,465.4030,97.6343,1
465.4815,465.4819,465.5409,59.4538,1
465.9073,465.9081,465.9677,60.3936,1
466.2303,466.2310,466.2907,60.4271,1
466.5375,466.5379,466.5950,57.5454,1
466.7298,466.7303,466.7897,59.8756,1
466.8443,466.8447,466.9045,60.1665,1
467.0668,467.0672,467.1272,60.4068,1
467.3034,467.3039,467.3643,60.9379,1
467.4889,467.4894,467.5490,60.1145,1
467.5281,467.5490,467.6327,104.6401,1
467.5612,467.6327,467.7099,148.6615,1
467.7204,467.7208,467.7900,69.6239,1
468.5757,468.5768,468.6336,57.8920,1
468.8927,468.8933,468.9525,59.7429,1
468.9989,468.9993,469.0562,57.2819,1
469.0925,469.0930,469.1513,58.7783,1
469.3161,469.3167,469.3760,59.8650,1
469.9049,469.9059,469.9655,60.5308,1
470.2471,470.2477,470.3048,57.6553,1
470.7204,470.7210,470.7815,61.1030,1
471.4337,471.4346,471.4918,58.1643,1
471.5052,471.5055,471.5780,72.8580,1
472.2733,472.2745,472.3334,60.0148,1
472.4936,472.4940,472.5530,59.4048,1
472.6997,472.7002,472.7620,62.3057,1
473.1945,473.1952,473.2549,60.4083,1
473.1946,473.2549,473.3403,145.7539,1
473.3953,473.3959,473.4528,57.4014,1
474.0097,474.0106,474.0705,60.8207,1
474.0505,474.0705,474.1564,105.8603,1
474.1038,474.1564,474.2346,130.7601,1
474.2112,474.2346,474.3135,102.2652,1
474.2206,474.3135,474.3922,171.5754,1
474.2285,474.3922,474.4709,242.4449,1
474.4534,474.4709,474.5498,96.4219,1
474.5115,474.5499,474.6285,116.9805,1
474.7686,474.7692,474.8260,57.4045,1
474.8491,474.8495,474.9169,67.8097,1
475.0906,475.0912,475.1477,57.1420,1
475.1776,475.1781,475.2451,67.4828,1
475.8005,475.8015,475.8584,57.9141,1
475.9866,475.9871,476.0451,58.4667,1
476.7506,476.7516,476.8114,60.7424,1
477.2485,477.2491,477.3081,59.6249,1
478.1944,478.1956,478.2529,58.5922,1
478.2045,478.2530,478.3377,133.1798,1
478.2176,478.3377,478.4157,198.1214,1
478.4766,478.4772,478.5362,59.5582,1
479.0189,479.0197,479.0775,58.6726,1
479.1055,479.1059,479.1696,64.1465,1
479.4381,479.4386,479.4988,60.7684,1
479.9157,479.9164,479.9761,60.3323,1
