arrival_s,start_s,done_s,latency_ms,ok
0.3163,0.3168,0.3744,58.0906,1
0.9439,0.9447,1.0040,60.1320,1
1.2614,1.2620,1.3212,59.8243,1
1.6454,1.6460,1.7058,60.4215,1
1.6542,1.7058,1.7865,132.3446,1
2.4546,2.4556,2.5122,57.5530,1
2.8743,2.8749,2.9316,57.3146,1
3.7736,3.7747,3.8335,59.8695,1
4.4413,4.4422,4.5017,60.4310,1
4.5006,4.5018,4.5834,82.8076,1
4.8355,4.8361,4.8955,60.0211,1
5.0304,5.0307,5.0897,59.2778,1
5.0392,5.0897,5.1709,131.6352,1
5.0473,5.1709,5.2458,198.4907,1
5.3487,5.3491,5.4089,60.2313,1
5.4887,5.4890,5.5491,60.4128,1
5.7221,5.7226,5.7836,61.5401,1
6.1625,6.1631,6.2224,59.8787,1
6.6372,6.6379,6.6963,59.0922,1
7.3433,7.3442,7.4033,60.0324,1
7.3594,7.4033,7.4849,125.4602,1
7.4162,7.4849,7.5604,144.2045,1
7.5019,7.5604,7.6369,134.9499,1
7.5088,7.6369,7.7132,204.3233,1
7.6872,7.7132,7.7905,103.2441,1
7.9286,7.9290,7.9886,60.0079,1
8.0211,8.0214,8.0842,63.0288,1
8.1324,8.1327,8.1927,60.3502,1
8.3981,8.3986,8.4590,60.8752,1
8.9254,8.9261,8.9853,59.8988,1
9.6617,9.6625,9.7230,61.3432,1
9.7292,9.7294,9.8049,75.6836,1
10.1867,10.1873,10.2465,59.8284,1
10.2617,10.2618,10.3302,68.4961,1
10.6752,10.6757,10.7340,58.7461,1
10.7948,10.7950,10.8527,57.8572,1
10.9455,10.9457,11.0047,59.2379,1
11.3504,11.3509,11.4102,59.7339,1
11.3531,11.4102,11.4937,140.5717,1
11.7726,11.7732,11.8306,57.9631,1
12.2452,12.2459,12.3042,58.9635,1
12.5451,12.5456,12.6068,61.7433,1
12.6615,12.6618,12.7231,61.6266,1
12.8538,12.8541,12.9146,60.8044,1
13.1600,13.1605,13.2202,60.2852,1
13.5723,13.5729,13.6306,58.3785,1
13.6445,13.6447,13.7161,71.5646,1
14.0614,14.0619,14.1210,59.5362,1
14.1372,14.1373,14.2063,69.0959,1
14.1373,14.2063,14.2828,145.4369,1
14.3141,14.3144,14.3781,64.0517,1
14.6673,14.6678,14.7268,59.5244,1
15.0200,15.0205,15.0791,59.1450,1
15.1691,15.1694,15.2265,57.3893,1
15.1736,15.2266,15.3097,136.1027,1
15.5230,15.5235,15.5828,59.8068,1
15.5487,15.5828,15.6637,114.9505,1
15.6552,15.6637,15.7385,83.3166,1
15.9195,15.9200,15.9789,59.3994,1
15.9453,15.9789,16.0595,114.2368,1
16.4859,16.4866,16.5445,58.6421,1
16.7736,16.7741,16.8335,59.9356,1
16.9697,16.9701,17.0268,57.0903,1
17.1926,17.1931,17.2504,57.7155,1
17.3182,17.3185,17.3775,59.2576,1
18.1918,18.1929,18.2494,57.6155,1
18.2222,18.2495,18.3317,109.4671,1
18.2482,18.3317,18.4074,159.2665,1
18.9250,18.9258,18.9833,58.2417,1
18.9884,18.9886,19.0646,76.2417,1
19.3925,19.3930,19.4521,59.5875,1
19.7696,19.7701,19.8269,57.2218,1
19.7741,19.8269,19.9102,136.1161,1
20.2052,20.2059,20.2626,57.4155,1
20.4940,20.4945,20.5546,60.6436,1
20.7307,20.7311,20.7890,58.3009,1
21.1856,21.1863,21.2446,58.9905,1
21.8296,21.8305,21.8880,58.3866,1
22.6540,22.6550,22.7142,60.2375,1
23.1882,23.1890,23.2452,56.9994,1
23.5744,23.5750,23.6337,59.3053,1
23.6215,23.6338,23.7152,93.7030,1
24.4718,24.4729,24.5312,59.3607,1
24.7145,24.7149,24.7739,59.4708,1
24.7431,24.7740,24.8553,112.1741,1
24.9617,24.9621,25.0219,60.2318,1
25.4966,25.4973,25.5568,60.2332,1
25.5438,25.5568,25.6378,94.0285,1
25.6551,25.6554,25.7209,65.7774,1
25.9717,25.9721,26.0312,59.5683,1
26.0980,26.0983,26.1583,60.3902,1
26.3739,26.3743,26.4344,60.5215,1
26.4540,26.4542,26.5220,68.0296,1
27.0909,27.0917,27.1497,58.8538,1
27.5531,27.5538,27.6129,59.8145,1
27.6229,27.6232,27.6968,73.8661,1
27.6233,27.6968,27.7746,151.2919,1
27.8467,27.8472,27.9043,57.5560,1
28.3406,28.3414,28.4002,59.5378,1
28.4221,28.4224,28.4880,65.9192,1
28.5602,28.5605,28.6184,58.2151,1
29.3375,29.3385,29.3987,61.2485,1
29.3994,29.3996,29.4800,80.6701,1
29.6478,29.6483,29.7075,59.6622,1
29.8334,29.8339,29.8942,60.7990,1
29.9872,29.9876,30.0453,58.0532,1
30.4414,30.4421,30.5009,59.4625,1
30.5420,30.5423,30.6044,62.3593,1
31.0988,31.0996,31.1582,59.4114,1
32.1115,32.1127,32.1725,60.9896,1
32.1531,32.1725,32.2530,99.9009,1
32.3008,32.3012,32.3619,61.0570,1
32.6285,32.6290,32.6877,59.1888,1
32.9146,32.9151,32.9757,61.1008,1
33.0535,33.0539,33.1145,60.9455,1
33.1875,33.1878,33.2463,58.7603,1
33.3412,33.3415,33.3990,57.7940,1
33.4716,33.4720,33.5326,60.9160,1
33.4740,33.5326,33.6141,140.1484,1
33.5272,33.6141,33.6914,164.2720,1
33.6261,33.6915,33.7685,142.4266,1
33.7134,33.7685,33.8448,131.4298,1
34.0067,34.0072,34.0655,58.8073,1
34.2503,34.2508,34.3101,59.8171,1
34.3464,34.3466,34.4059,59.5606,1
34.3628,34.4059,34.4867,123.8488,1
34.5569,34.5572,34.6184,61.4145,1
35.1349,35.1357,35.1957,60.8489,1
35.2330,35.2333,35.2958,62.7887,1
35.8977,35.8985,35.9573,59.6173,1
36.0694,36.0698,36.1294,60.0832,1
36.2324,36.2327,36.2924,60.0157,1
36.3536,36.3539,36.4140,60.4896,1
37.3843,37.3856,37.4432,58.8551,1
37.5077,37.5081,37.5670,59.2386,1
37.5623,37.5670,37.6482,85.8522,1
37.6426,37.6482,37.7238,81.1648,1
37.8910,37.8915,37.9516,60.5562,1
38.1782,38.1787,38.2366,58.3525,1
38.4251,38.4255,38.4848,59.7811,1
38.6450,38.6454,38.7030,58.0337,1
38.8619,38.8624,38.9212,59.2532,1
39.1264,39.1268,39.1854,58.9873,1
39.4574,39.4579,39.5161,58.7353,1
39.4804,39.5161,39.5975,117.0863,1
39.6580,39.6583,39.7174,59.4141,1
40.0330,40.0335,40.0929,59.9115,1
40.4670,40.4676,40.5276,60.5935,1
40.7916,40.7920,40.8522,60.6614,1
41.0390,41.0393,41.0983,59.2730,1
41.9941,41.9951,42.0530,58.8622,1
42.8146,42.8155,42.8721,57.4484,1
42.9720,42.9724,43.0331,61.0508,1
43.2737,43.2742,43.3358,62.0585,1
43.7403,43.7410,43.7986,58.3014,1
43.9899,43.9903,44.0506,60.7010,1
44.1210,44.1213,44.1800,58.9942,1
44.1802,44.1805,44.2635,83.2859,1
44.5770,44.5776,44.6352,58.1998,1
45.3483,45.3493,45.4094,61.0741,1
45.6373,45.6378,45.6970,59.6971,1
45.8711,45.8716,45.9314,60.2970,1
46.2486,46.2491,46.3090,60.3905,1
46.8890,46.8897,46.9494,60.4799,1
47.7573,47.7583,47.8164,59.1059,1
47.7766,47.8164,47.8995,122.9148,1
47.9075,47.9078,47.9781,70.6084,1
48.0873,48.0877,48.1485,61.1498,1
48.1730,48.1732,48.2384,65.3995,1
48.2427,48.2430,48.3164,73.7289,1
48.9525,48.9535,49.0139,61.3903,1
49.5803,49.5812,49.6394,59.0888,1
49.8768,49.8772,49.9368,60.0519,1
50.0529,50.0532,50.1137,60.7698,1
50.4569,50.4575,50.5170,60.0726,1
50.6685,50.6689,50.7291,60.5563,1
50.8244,50.8248,50.8843,59.8162,1
51.3948,51.3956,51.4533,58.5529,1
51.8474,51.8480,51.9089,61.5753,1
52.2897,52.2903,52.3505,60.8014,1
52.5214,52.5218,52.5803,58.9366,1
52.7681,52.7686,52.8298,61.7415,1
52.8050,52.8299,52.9118,106.7810,1
53.0409,53.0413,53.0999,58.9943,1
53.2957,53.2962,53.3555,59.7388,1
53.5990,53.5996,53.6579,58.9084,1
53.6742,53.6744,53.7453,71.0531,1
53.7789,53.7792,53.8411,62.1870,1
54.0948,54.0952,54.1543,59.4879,1
54.8656,54.8666,54.9263,60.7537,1
55.2882,55.2889,55.3484,60.1358,1
55.4283,55.4286,55.4896,61.3477,1
55.8982,55.8989,55.9574,59.1801,1
56.0869,56.0873,56.1478,60.9808,1
56.5375,56.5382,56.5959,58.4326,1
56.7478,56.7482,56.8086,60.8663,1
56.8329,56.8331,56.8975,64.6620,1
56.8640,56.8976,56.9768,112.7891,1
57.2617,57.2623,57.3220,60.3422,1
57.6914,57.6920,57.7506,59.1737,1
58.0584,58.0588,58.1183,59.9475,1
58.2795,58.2798,58.3402,60.7096,1
58.3052,58.3402,58.4248,119.5448,1
58.9403,58.9411,58.9996,59.3078,1
59.0922,59.0924,59.1528,60.6459,1
59.2058,59.2061,59.2667,60.9019,1
60.4081,60.4095,60.4703,62.1925,1
60.4249,60.4704,60.5516,126.6847,1
60.7088,60.7093,60.7708,62.0083,1
61.4120,61.4129,61.4716,59.5927,1
61.6158,61.6162,61.6748,59.0540,1
61.7013,61.7016,61.7678,66.4978,1
61.7708,61.7711,61.8475,76.7019,1
61.8176,61.8476,61.9259,108.2913,1
62.1763,62.1767,62.2345,58.2319,1
62.3987,62.3991,62.4575,58.8118,1
62.4522,62.4575,62.5397,87.4151,1
63.2454,63.2464,63.3072,61.7623,1
63.8039,63.8047,63.8643,60.3751,1
64.5648,64.5658,64.6260,61.1902,1
64.7699,64.7703,64.8285,58.5693,1
64.8799,64.8802,64.9409,60.9785,1
65.0299,65.0301,65.0882,58.3069,1
65.0628,65.0882,65.1706,107.8106,1
65.1634,65.1706,65.2470,83.6647,1
65.4639,65.4644,65.5247,60.8199,1
66.0276,66.0283,66.0883,60.6878,1
66.7565,66.7574,66.8169,60.4608,1
66.7669,66.8170,66.8991,132.2067,1
66.8357,66.8991,66.9744,138.7431,1
67.1024,67.1029,67.1631,60.7023,1
67.1327,67.1632,67.2439,111.2817,1
67.4332,67.4337,67.4913,58.0970,1
67.5602,67.5605,67.6223,62.0343,1
67.8932,67.8937,67.9523,59.1588,1
67.9887,67.9889,68.0505,61.8370,1
68.3730,68.3734,68.4310,58.0187,1
68.8909,68.8915,68.9500,59.0630,1
68.8960,68.9500,69.0331,137.0235,1
69.1868,69.1873,69.2474,60.5892,1
69.3876,69.3880,69.4458,58.1599,1
69.5808,69.5812,69.6419,61.0330,1
70.0786,70.0793,70.1388,60.2452,1
70.4639,70.4643,70.5239,60.0709,1
70.8678,70.8683,70.9283,60.4872,1
71.1982,71.1987,71.2565,58.2854,1
71.2713,71.2714,71.3412,69.8712,1
71.5674,71.5678,71.6254,57.9697,1
71.7158,71.7161,71.7746,58.7919,1
71.9312,71.9315,71.9896,58.4282,1
73.6447,73.6465,73.7074,62.7036,1
73.6985,73.7074,73.7887,90.2766,1
73.9130,73.9134,73.9715,58.5152,1
73.9754,73.9757,74.0534,77.9632,1
74.6519,74.6528,74.7108,58.8558,1
74.6848,74.7108,74.7951,110.3865,1
74.7675,74.7952,74.8712,103.7176,1
75.4613,75.4622,75.5228,61.4775,1
75.5448,75.5451,75.6100,65.1988,1
75.9367,75.9373,75.9967,60.0366,1
76.0358,76.0361,76.0963,60.4995,1
76.1639,76.1641,76.2252,61.2473,1
76.3886,76.3891,76.4476,58.9610,1
77.0366,77.0375,77.0969,60.2637,1
77.3756,77.3760,77.4343,58.7010,1
77.4715,77.4717,77.5333,61.7585,1
78.1965,78.1974,78.2563,59.8475,1
78.4801,78.4806,78.5412,61.1163,1
78.6224,78.6228,78.6826,60.1652,1
78.7939,78.7942,78.8529,59.0519,1
79.0886,79.0891,79.1466,58.0596,1
79.2182,79.2185,79.2791,60.9412,1
80.2167,80.2179,80.2779,61.2014,1
80.7071,80.7078,80.7658,58.7138,1
80.9266,80.9269,80.9858,59.2193,1
81.1093,81.1097,81.1671,57.8225,1
82.0442,82.0453,82.1039,59.7271,1
82.4331,82.4336,82.4930,59.9355,1
82.7515,82.7519,82.8104,58.9425,1
82.9426,82.9428,83.0030,60.4512,1
83.1074,83.1076,83.1648,57.4160,1
83.3453,83.3457,83.4045,59.2155,1
83.6636,83.6640,83.7225,58.9209,1
83.7600,83.7602,83.8239,63.8230,1
84.0489,84.0492,84.1083,59.4404,1
84.2651,84.2655,84.3247,59.6015,1
84.8325,84.8332,84.8931,60.5786,1
85.1634,85.1638,85.2229,59.4693,1
85.3827,85.3830,85.4415,58.8656,1
85.5489,85.5492,85.6089,59.9456,1
85.5679,85.6089,85.6925,124.6006,1
86.5815,86.5826,86.6399,58.4127,1
87.1644,87.1650,87.2235,59.0892,1
87.5286,87.5291,87.5869,58.2907,1
88.3317,88.3326,88.3926,60.9605,1
88.3433,88.3927,88.4746,131.3823,1
88.7099,88.7104,88.7687,58.8697,1
89.3651,89.3659,89.4245,59.3490,1
89.5641,89.5644,89.6237,59.5571,1
89.8942,89.8947,89.9551,60.9142,1
90.2849,90.2853,90.3442,59.3729,1
90.3076,90.3443,90.4279,120.3455,1
90.5658,90.5662,90.6250,59.1208,1
90.6636,90.6639,90.7264,62.7925,1
90.9197,90.9201,90.9807,61.0470,1
91.6628,91.6638,91.7230,60.2002,1
92.1455,92.1461,92.2034,57.9112,1
92.5340,92.5345,92.5947,60.6500,1
92.6162,92.6163,92.6837,67.5110,1
92.7198,92.7200,92.7831,63.3027,1
93.1156,93.1161,93.1752,59.5443,1
93.2355,93.2356,93.2966,61.1630,1
93.3420,93.3421,93.4037,61.7294,1
93.4911,93.4913,93.5517,60.5866,1
93.5904,93.5905,93.6499,59.5478,1
94.2801,94.2809,94.3391,58.9546,1
94.6430,94.6434,94.7032,60.2333,1
94.6495,94.7032,94.7856,136.1234,1
94.8761,94.8765,94.9364,60.3281,1
95.8412,95.8424,95.9021,60.9364,1
95.9659,95.9662,96.0227,56.7988,1
96.2445,96.2449,96.3044,59.9195,1
96.5450,96.5455,96.6032,58.2214,1
96.6431,96.6434,96.7028,59.7394,1
96.9375,96.9380,96.9991,61.5747,1
96.9535,96.9991,97.0807,127.1723,1
97.0084,97.0807,97.1575,149.0533,1
97.2292,97.2295,97.2886,59.4003,1
97.4802,97.4806,97.5410,60.8067,1
97.5248,97.5411,97.6233,98.5748,1
97.7246,97.7251,97.7827,58.0795,1
97.9864,97.9869,98.0470,60.5781,1
98.1945,98.1949,98.2557,61.1658,1
98.4209,98.4213,98.4817,60.7723,1
98.6068,98.6072,98.6661,59.2222,1
98.6589,98.6661,98.7490,90.1140,1
98.8850,98.8854,98.9447,59.7130,1
99.0580,99.0582,99.1201,62.1018,1
99.5484,99.5490,99.6095,61.0074,1
99.7911,99.7915,99.8523,61.2648,1
99.9729,99.9732,100.0347,61.7783,1
99.9844,100.0347,100.1166,132.1992,1
100.1186,100.1190,100.1941,75.5061,1
100.1314,100.1942,100.2718,140.4160,1
100.1826,100.2719,100.3494,166.7515,1
100.2013,100.3494,100.4268,225.5378,1
100.2214,100.4268,100.5048,283.4620,1
100.2586,100.5049,100.5813,322.6995,1
100.2943,100.5814,100.6595,365.1190,1
100.3521,100.6595,100.7363,384.1730,1
100.6150,100.7363,100.8189,203.8765,1
100.7232,100.8189,100.9190,195.7799,1
101.0214,101.0218,101.0805,59.0188,1
101.1547,101.1549,101.2150,60.3441,1
101.3317,101.3321,101.3941,62.4482,1
101.4504,101.4507,101.5118,61.4473,1
101.4933,101.5118,101.5938,100.4480,1
101.6186,101.6190,101.6823,63.6570,1
101.6282,101.6823,101.7620,133.8459,1
101.7290,101.7620,101.8406,111.6450,1
101.8006,101.8406,101.9181,117.5170,1
102.2613,102.2619,102.3219,60.6173,1
102.4136,102.4140,102.4744,60.7843,1
102.4265,102.4744,102.5564,129.9385,1
102.5637,102.5641,102.6366,72.8597,1
102.6204,102.6366,102.7156,95.2392,1
102.7151,102.7156,102.7931,77.9910,1
102.8955,102.8959,102.9580,62.4794,1
103.0311,103.0314,103.0927,61.6210,1
103.1654,103.1657,103.2253,59.8427,1
103.1880,103.2253,103.3090,120.9553,1
103.4677,103.4682,103.5294,61.7136,1
103.4821,103.5295,103.6135,131.3798,1
103.5803,103.6135,103.6907,110.4162,1
104.0643,104.0649,104.1248,60.4719,1
104.3645,104.3651,104.4241,59.5990,1
104.4650,104.4652,104.5273,62.2818,1
104.4671,104.5273,104.6095,142.3614,1
104.4941,104.6095,104.6879,193.8136,1
104.7289,104.7294,104.7924,63.4551,1
104.8835,104.8838,104.9445,60.9928,1
104.8877,104.9446,105.0292,141.4986,1
105.0442,105.0446,105.1130,68.8329,1
105.1152,105.1155,105.1933,78.0953,1
105.2733,105.2736,105.3349,61.5885,1
105.2782,105.3350,105.4178,139.6385,1
106.0388,106.0398,106.0981,59.2938,1
106.0849,106.0981,106.1824,97.5168,1
106.2591,106.2595,106.3200,60.8530,1
106.5030,106.5035,106.5623,59.2618,1
106.5199,106.5623,106.6466,126.7071,1
106.6766,106.6768,106.7404,63.7991,1
106.7536,106.7539,106.8235,69.9266,1
106.7873,106.8236,106.9017,114.3861,1
106.8796,106.9017,106.9804,100.8567,1
107.0159,107.0163,107.0784,62.4673,1
107.1531,107.1534,107.2156,62.5602,1
107.4735,107.4739,107.5355,61.9788,1
107.7983,107.7988,107.8578,59.4831,1
108.0060,108.0064,108.0675,61.4544,1
108.1961,108.1965,108.2584,62.2982,1
108.2219,108.2585,108.3415,119.6918,1
108.3246,108.3416,108.4193,94.6169,1
108.3406,108.4193,108.4973,156.7388,1
108.3919,108.4973,108.5760,184.0301,1
108.4127,108.5760,108.6546,241.8562,1
108.4247,108.6546,108.7335,308.7799,1
108.7025,108.7335,108.8112,108.7492,1
108.7233,108.8112,108.8896,166.3567,1
108.8180,108.8896,108.9685,150.4591,1
108.8504,108.9685,109.0627,212.2986,1
108.8530,109.0627,109.1556,302.6336,1
108.9526,109.1557,109.2402,287.6144,1
109.0651,109.2402,109.3213,256.1256,1
109.4480,109.4486,109.5098,61.7670,1
109.5559,109.5562,109.6197,63.7748,1
109.6224,109.6226,109.7004,77.9980,1
109.7977,109.7981,109.8602,62.4418,1
109.8353,109.8602,109.9439,108.6180,1
109.9660,109.9662,110.0328,66.8327,1
110.0470,110.0473,110.1175,70.5367,1
110.2086,110.2090,110.2714,62.7524,1
110.2378,110.2714,110.3544,116.5580,1
110.2553,110.3544,110.4340,178.6701,1
110.2599,110.4340,110.5129,253.0034,1
110.4367,110.5130,110.5915,154.8389,1
110.4408,110.5916,110.6691,228.3606,1
110.5451,110.6692,110.7479,202.8296,1
110.6751,110.7480,110.8263,151.1435,1
110.7034,110.8263,110.9045,201.1645,1
110.7667,110.9045,110.9835,216.8233,1
110.7957,110.9835,111.0752,279.5550,1
110.9788,111.0753,111.1712,192.3690,1
111.0802,111.1712,111.2555,175.2360,1
111.0853,111.2555,111.3370,251.6996,1
111.3563,111.3566,111.4234,67.1432,1
111.4108,111.4234,111.5046,93.7906,1
111.4167,111.5047,111.5823,165.6501,1
111.6244,111.6247,111.6847,60.3408,1
111.6763,111.6847,111.7687,92.3499,1
111.7135,111.7687,111.8466,133.0945,1
111.8695,111.8698,111.9350,65.5040,1
112.0454,112.0458,112.1059,60.5211,1
112.1065,112.1068,112.1893,82.7969,1
112.1879,112.1893,112.2683,80.3907,1
112.4260,112.4266,112.4898,63.7371,1
112.4479,112.4898,112.5739,126.0607,1
112.4483,112.5740,112.6529,204.5960,1
112.7397,112.7401,112.7989,59.2384,1
112.8468,112.8471,112.9081,61.2784,1
113.0422,113.0426,113.1014,59.2149,1
113.0982,113.1014,113.1873,89.1063,1
113.1208,113.1873,113.2659,145.0965,1
113.1249,113.2660,113.3437,218.7279,1
113.1425,113.3437,113.4234,280.9268,1
113.3480,113.4234,113.5031,155.0884,1
113.3735,113.5031,113.5824,208.9156,1
113.6164,113.6169,113.6793,62.8130,1
113.8108,113.8112,113.8721,61.2582,1
113.8805,113.8807,113.9560,75.5162,1
113.9345,113.9560,114.0352,100.7138,1
114.3711,114.3717,114.4312,60.0250,1
114.4332,114.4334,114.5151,81.8589,1
114.5052,114.5151,114.5944,89.2726,1
114.6422,114.6425,114.7029,60.7144,1
114.6931,114.7029,114.7872,94.1092,1
115.0900,115.0906,115.1523,62.2687,1
115.1160,115.1523,115.2354,119.3822,1
115.2139,115.2354,115.3129,99.0122,1
115.4276,115.4280,115.4886,60.9552,1
115.4467,115.4886,115.5717,125.0565,1
115.5815,115.5819,115.6529,71.3392,1
115.7566,115.7570,115.8159,59.2689,1
115.9966,115.9970,116.0584,61.8129,1
116.0423,116.0585,116.1420,99.6768,1
116.2714,116.2719,116.3343,62.8788,1
116.2937,116.3344,116.4186,124.8915,1
116.3770,116.4186,116.4976,120.5974,1
116.4689,116.4976,116.5769,107.9857,1
116.4813,116.5769,116.6554,174.0724,1
116.5610,116.6554,116.7348,173.8063,1
116.8466,116.8472,116.9088,62.1445,1
117.1874,117.1879,117.2480,60.6172,1
117.3006,117.3010,117.3613,60.6671,1
117.3776,117.3779,117.4474,69.8471,1
117.4794,117.4797,117.5431,63.6621,1
117.5609,117.5612,117.6317,70.7354,1
117.6389,117.6392,117.7143,75.4361,1
117.8120,117.8123,117.8743,62.3143,1
118.0614,118.0618,118.1215,60.1384,1
118.1583,118.1586,118.2195,61.1254,1
118.1605,118.2195,118.3024,141.9480,1
118.1686,118.3025,118.3818,213.2450,1
118.2175,118.3818,118.4600,242.5210,1
118.5075,118.5080,118.5711,63.6005,1
118.6193,118.6196,118.6803,61.0491,1
118.7119,118.7121,118.7745,62.5824,1
118.8096,118.8099,118.8745,64.9176,1
118.9617,118.9621,119.0209,59.2017,1
119.0140,119.0209,119.1069,92.8801,1
119.0162,119.1069,119.1853,169.1560,1
119.1868,119.1872,119.2656,78.7929,1
119.2331,119.2657,119.3458,112.7452,1
119.2854,119.3459,119.4254,140.0551,1
119.3464,119.4255,119.5056,159.2004,1
119.9467,119.9475,120.0083,61.6641,1
120.0230,120.0233,120.0939,70.8517,1
120.3489,120.3494,120.4128,63.9608,1
120.5558,120.5562,120.6170,61.1949,1
120.5886,120.6170,120.7022,113.6311,1
120.7890,120.7893,120.8483,59.2832,1
121.1899,121.1904,121.2531,63.2141,1
121.3833,121.3836,121.4448,61.5257,1
121.3910,121.4449,121.5296,138.6406,1
121.5638,121.5643,121.6259,62.0139,1
121.6875,121.6879,121.7507,63.1695,1
121.7230,121.7507,121.8339,110.8720,1
121.7522,121.8339,121.9136,161.3829,1
121.8210,121.9136,121.9936,172.6064,1
121.9508,121.9936,122.0731,122.3412,1
121.9630,122.0731,122.1532,190.1907,1
122.2722,122.2728,122.3322,59.9294,1
122.3074,122.3322,122.4179,110.4893,1
122.5012,122.5016,122.5614,60.2518,1
122.5869,122.5872,122.6535,66.5796,1
122.7128,122.7131,122.7737,60.9298,1
122.8935,122.8939,122.9547,61.1366,1
122.9105,122.9547,123.0399,129.3542,1
123.0680,123.0684,123.1354,67.4226,1
123.1424,123.1426,123.2162,73.8300,1
123.1650,123.2162,123.2963,131.2936,1
123.3281,123.3285,123.3945,66.4841,1
123.3516,123.3946,123.4759,124.2245,1
123.7175,123.7181,123.7786,61.1143,1
123.7249,123.7786,123.8644,139.5599,1
123.8444,123.8645,123.9444,100.0113,1
124.0814,124.0819,124.1437,62.2214,1
124.4523,124.4529,124.5120,59.6902,1
124.4659,124.5120,124.5974,131.4342,1
124.6566,124.6571,124.7177,61.0597,1
124.7264,124.7267,124.8020,75.6101,1
124.7265,124.8021,124.8821,155.6620,1
124.7438,124.8822,124.9624,218.6267,1
125.0614,125.0618,125.1232,61.8448,1
125.3002,125.3006,125.3610,60.8020,1
125.4393,125.4396,125.5008,61.5241,1
125.7021,125.7026,125.7658,63.7425,1
125.9043,125.9047,125.9690,64.6564,1
126.0811,126.0814,126.1417,60.6354,1
126.3528,126.3532,126.4140,61.2015,1
126.3931,126.4140,126.4983,105.1401,1
126.4131,126.4983,126.5764,163.2687,1
126.4612,126.5764,126.6557,194.4766,1
126.5053,126.6557,126.7353,230.0439,1
126.7242,126.7353,126.8150,90.7857,1
126.7661,126.8150,126.8944,128.3550,1
126.8450,126.8944,126.9720,126.9476,1
127.0715,127.0719,127.1327,61.2505,1
127.9357,127.9367,127.9970,61.2616,1
127.9514,127.9970,128.0822,130.8086,1
128.0740,128.0823,128.1619,87.9458,1
128.0948,128.1619,128.2416,146.7749,1
128.2870,128.2872,128.3500,63.0089,1
128.4138,128.4140,128.4746,60.8229,1
128.6319,128.6322,128.6917,59.8264,1
128.6573,128.6917,128.7775,120.2556,1
128.9492,128.9497,129.0106,61.3707,1
129.3790,129.3796,129.4407,61.6411,1
129.4524,129.4527,129.5282,75.7217,1
129.8185,129.8190,129.8798,61.3671,1
129.8847,129.8849,129.9640,79.2924,1
129.9000,129.9640,130.0441,144.0482,1
130.3332,130.3338,130.3946,61.4789,1
130.4834,130.4836,130.5452,61.8398,1
130.5983,130.5986,130.6601,61.7427,1
130.8221,130.8225,130.8849,62.7327,1
131.1343,131.1349,131.1956,61.2912,1
131.1966,131.1968,131.2803,83.7124,1
131.3949,131.3953,131.4558,60.8591,1
131.3975,131.4558,131.5414,143.8863,1
131.5289,131.5414,131.6209,92.0448,1
131.6224,131.6227,131.7015,79.0120,1
131.6364,131.7015,131.7799,143.5444,1
131.8788,131.8792,131.9409,62.1200,1
131.9396,131.9409,132.0259,86.3723,1
132.1980,132.1984,132.2589,60.8981,1
132.2777,132.2780,132.3490,71.3203,1
132.3491,132.3493,132.4289,79.8427,1
132.8386,132.8393,132.9015,62.9353,1
132.8570,132.9016,132.9857,128.6849,1
132.9630,132.9857,133.0664,103.3833,1
133.7095,133.7104,133.7703,60.8522,1
133.8824,133.8828,133.9439,61.5198,1
134.1156,134.1160,134.1753,59.7355,1
134.2485,134.2488,134.3097,61.2060,1
134.7019,134.7025,134.7650,63.1340,1
134.7090,134.7650,134.8490,139.9597,1
134.9366,134.9370,134.9971,60.4276,1
135.0400,135.0403,135.1037,63.7320,1
135.2566,135.2570,135.3177,61.1520,1
135.3518,135.3521,135.4129,61.1112,1
135.4301,135.4304,135.5005,70.3938,1
135.4841,135.5006,135.5809,96.7461,1
135.5066,135.5809,135.6606,154.0062,1
135.9880,135.9886,136.0482,60.2464,1
136.2154,136.2159,136.2755,60.0506,1
136.3983,136.3987,136.4606,62.2792,1
136.5641,136.5645,136.6230,58.8239,1
136.7001,136.7004,136.7633,63.1856,1
136.8609,136.8612,136.9228,61.9013,1
137.2388,137.2393,137.3024,63.5427,1
137.2864,137.3024,137.3855,99.1176,1
137.3870,137.3871,137.4656,78.6786,1
137.5243,137.5245,137.5870,62.6689,1
137.6025,137.6026,137.6726,70.1157,1
137.6877,137.6878,137.7581,70.3953,1
137.8975,137.8978,137.9597,62.2041,1
137.9011,137.9598,138.0456,144.4698,1
138.0492,138.0494,138.1268,77.5866,1
138.1891,138.1893,138.2515,62.4440,1
138.2840,138.2842,138.3477,63.6893,1
138.3167,138.3477,138.4296,112.9040,1
138.3259,138.4296,138.5097,183.8448,1
138.5353,138.5356,138.6031,67.7821,1
138.7293,138.7296,138.7912,61.9481,1
138.7993,138.7994,138.8750,75.7455,1
138.8177,138.8750,138.9558,138.0875,1
138.8856,138.9558,139.0356,150.0852,1
138.9373,139.0357,139.1158,178.5071,1
139.1139,139.1158,139.1958,81.8987,1
139.2368,139.2369,139.2979,61.1561,1
139.2732,139.2979,139.3824,109.1971,1
139.4037,139.4040,139.4700,66.2649,1
139.5555,139.5559,139.6160,60.4689,1
139.6608,139.6611,139.7246,63.8436,1
139.7475,139.7478,139.8157,68.1359,1
140.2817,140.2825,140.3431,61.3936,1
140.3884,140.3886,140.4515,63.1393,1
140.6198,140.6203,140.6836,63.7420,1
140.6456,140.6836,140.7681,122.4744,1
140.7402,140.7681,140.8477,107.5573,1
140.7677,140.8477,140.9277,160.0341,1
140.8827,140.9277,141.0078,125.0724,1
140.9803,141.0078,141.0882,107.8353,1
141.0457,141.0882,141.1685,122.7995,1
141.0999,141.1685,141.2482,148.3045,1
141.1337,141.2482,141.3286,194.9061,1
141.1388,141.3286,141.4090,270.1713,1
141.3454,141.4090,141.5138,168.4219,1
141.3755,141.5138,141.6011,225.6053,1
141.7296,141.7301,141.7894,59.7851,1
141.8672,141.8676,141.9278,60.5851,1
141.9822,141.9825,142.0450,62.7767,1
142.2078,142.2082,142.2679,60.0543,1
142.3492,142.3495,142.4114,62.2854,1
142.3895,142.4115,142.4964,106.9172,1
142.4635,142.4964,142.5767,113.1447,1
142.8619,142.8625,142.9244,62.4670,1
142.8702,142.9244,143.0089,138.6502,1
143.0180,143.0183,143.0907,72.6817,1
143.1126,143.1129,143.1813,68.7116,1
143.1435,143.1814,143.2642,120.6715,1
143.1869,143.2642,143.3446,157.6773,1
143.2586,143.3446,143.4250,166.3589,1
143.2936,143.4250,143.5053,211.6923,1
143.5620,143.5625,143.6255,63.4378,1
143.6922,143.6926,143.7543,62.0363,1
143.8766,143.8769,143.9395,62.9771,1
143.9186,143.9396,144.0244,105.7962,1
144.8176,144.8188,144.8819,64.2315,1
144.9974,144.9978,145.0597,62.3269,1
145.0520,145.0597,145.1444,92.4329,1
145.2698,145.2703,145.3318,61.9942,1
145.4725,145.4729,145.5333,60.8367,1
145.6712,145.6717,145.7329,61.6294,1
145.7313,145.7329,145.8186,87.3808,1
145.9632,145.9636,146.0257,62.5038,1
145.9813,146.0257,146.1103,129.0801,1
146.0320,146.1104,146.1911,159.0714,1
146.1170,146.1911,146.2715,154.4867,1
146.2079,146.2715,146.3519,143.9500,1
146.3272,146.3519,146.4323,105.0526,1
146.3849,146.4323,146.5130,128.1691,1
146.5988,146.5992,146.6621,63.3796,1
146.8470,146.8474,146.9101,63.1730,1
147.0216,147.0219,147.0849,63.3684,1
147.1153,147.1156,147.1797,64.3726,1
147.1536,147.1797,147.2631,109.4051,1
147.5019,147.5025,147.5650,63.1403,1
147.5370,147.5651,147.6503,113.3179,1
147.6363,147.6503,147.7306,94.3241,1
148.1547,148.1555,148.2182,63.4831,1
148.1893,148.2182,148.3027,113.4026,1
148.2510,148.3027,148.3835,132.4437,1
148.2947,148.3835,148.4638,169.1597,1
148.3030,148.4639,148.5446,241.5699,1
148.5677,148.5682,148.6344,66.6662,1
148.5895,148.6344,148.7172,127.6486,1
148.6792,148.7172,148.7979,118.7198,1
148.6842,148.7980,148.8784,194.2108,1
148.7653,148.8784,148.9595,194.2184,1
148.9047,148.9595,149.0635,158.8678,1
148.9545,149.0636,149.1476,193.1009,1
149.0889,149.1476,149.2320,143.0151,1
149.3376,149.3380,149.4012,63.5789,1
149.3578,149.4012,149.4858,128.0149,1
149.3622,149.4858,149.5666,204.4167,1
149.4175,149.5666,149.6473,229.8097,1
149.7381,149.7386,149.8015,63.4730,1
150.0026,150.0031,150.0664,63.8685,1
150.1866,150.1870,150.2474,60.8160,1
150.2402,150.2475,150.3337,93.5428,1
150.2584,150.3337,150.4138,155.4315,1
150.7391,150.7398,150.8037,64.6146,1
150.9327,150.9331,150.9951,62.4656,1
151.2632,151.2638,151.3228,59.5770,1
151.3009,151.3228,151.4088,107.9050,1
151.3426,151.4088,151.4895,146.9080,1
151.4015,151.4895,151.5703,168.8329,1
151.4949,151.5703,151.6511,156.1482,1
151.5123,151.6511,151.7318,219.5758,1
151.6229,151.7319,151.8127,189.8120,1
151.8374,151.8378,151.9043,66.9012,1
151.9696,151.9699,152.0289,59.3503,1
152.1795,152.1799,152.2436,64.0939,1
152.6114,152.6121,152.6727,61.2635,1
152.6142,152.6727,152.7596,145.4551,1
152.7588,152.7596,152.8400,81.2162,1
152.7647,152.8400,152.9208,156.0620,1
152.8129,152.9208,153.0016,188.6714,1
152.9230,153.0016,153.0827,159.7137,1
153.0322,153.0828,153.1635,131.2992,1
153.5572,153.5579,153.6186,61.4688,1
153.5962,153.6187,153.7040,107.7977,1
153.6044,153.7040,153.7845,180.1503,1
153.8426,153.8430,153.9063,63.6458,1
153.8675,153.9063,153.9908,123.2538,1
154.0453,154.0457,154.1087,63.3546,1
154.0719,154.1087,154.1940,122.1500,1
154.3505,154.3509,154.4129,62.4227,1
154.8634,154.8641,154.9258,62.4280,1
155.2252,155.2258,155.2880,62.7558,1
155.4498,155.4501,155.5103,60.5791,1
155.5315,155.5317,155.6030,71.5139,1
155.5780,155.6030,155.6847,106.7041,1
155.6760,155.6847,155.7655,89.5061,1
155.7309,155.7655,155.8463,115.4288,1
155.7660,155.8463,155.9271,161.0350,1
155.8277,155.9271,156.0078,180.1388,1
155.8282,156.0079,156.0887,260.4839,1
155.8462,156.0887,156.1700,323.7918,1
155.8700,156.1700,156.2512,381.1904,1
155.9732,156.2512,156.3583,385.0705,1
156.0367,156.3583,156.4483,411.5604,1
156.0877,156.4483,156.5323,444.5778,1
156.2569,156.5323,156.6155,358.5656,1
156.3525,156.6155,156.6978,345.2928,1
156.4400,156.6978,156.7793,339.3478,1
156.4970,156.7794,156.8605,363.4857,1
156.5935,156.8605,156.9421,348.5408,1
156.7556,156.9421,157.0232,267.6409,1
156.9792,157.0232,157.1048,125.5544,1
157.0904,157.1048,157.1880,97.5641,1
157.0992,157.1880,157.2816,182.3364,1
157.1697,157.2816,157.3738,204.1081,1
157.3592,157.3738,157.4618,102.5736,1
157.4585,157.4618,157.5475,89.0504,1
158.7066,158.7079,158.7673,60.7339,1
158.9196,158.9200,158.9825,62.9366,1
159.1628,159.1632,159.2235,60.6952,1
159.1659,159.2235,159.3100,144.1388,1
159.3763,159.3766,159.4390,62.7356,1
159.7638,159.7643,159.8254,61.5631,1
159.9503,159.9505,160.0126,62.3514,1
160.2328,160.2331,160.2970,64.2379,1
160.4019,160.4021,160.4620,60.1544,1
160.6241,160.6244,160.6853,61.1958,1
160.8230,160.8233,160.8859,62.8459,1
161.3389,161.3395,161.3995,60.6194,1
161.3852,161.3995,161.4855,100.2995,1
161.6113,161.6118,161.6751,63.7871,1
161.6880,161.6883,161.7623,74.2268,1
161.8121,161.8124,161.8746,62.4940,1
161.8466,161.8746,161.9595,112.9272,1
161.9311,161.9595,162.0406,109.4560,1
161.9824,162.0406,162.1221,139.6866,1
162.0759,162.1221,162.2036,127.7692,1
162.2291,162.2294,162.2944,65.3760,1
162.2810,162.2945,162.3781,97.1300,1
162.2971,162.3782,162.4590,161.8935,1
162.5191,162.5195,162.5798,60.7597,1
162.6136,162.6138,162.6826,69.0597,1
162.8231,162.8235,162.8862,63.1232,1
162.8742,162.8862,162.9724,98.1762,1
162.9097,162.9724,163.0532,143.4917,1
163.0026,163.0532,163.1347,132.0951,1
163.0605,163.1347,163.2162,155.7106,1
163.1628,163.2162,163.2974,134.5967,1
163.4778,163.4783,163.5428,64.9355,1
163.4910,163.5428,163.6282,137.1943,1
163.5405,163.6283,163.7099,169.3509,1
163.6184,163.7099,163.7914,172.9448,1
163.7480,163.7914,163.8728,124.8526,1
163.7829,163.8729,163.9540,171.1110,1
163.8589,163.9540,164.0355,176.6529,1
163.8834,164.0355,164.1170,233.6331,1
163.9257,164.1171,164.1986,272.8879,1
163.9662,164.1986,164.2800,313.8181,1
164.0847,164.2800,164.3919,307.2129,1
164.1635,164.3920,164.4773,313.8889,1
164.4613,164.4774,164.5628,101.4607,1
164.6993,164.6997,164.7610,61.7549,1
164.8420,164.8424,164.9030,60.9209,1
164.9009,164.9030,164.9903,89.4303,1
164.9647,164.9904,165.0717,107.0705,1
164.9918,165.0717,165.1532,161.4157,1
165.1554,165.1557,165.2353,79.9524,1
165.2469,165.2472,165.3213,74.4647,1
165.2883,165.3214,165.4037,115.4108,1
165.4388,165.4391,165.5035,64.7413,1
165.5010,165.5035,165.5878,86.7996,1
165.6561,165.6565,165.7198,63.6262,1
165.8329,165.8333,165.8970,64.1406,1
165.8334,165.8971,165.9829,149.5070,1
166.0416,166.0420,166.1054,63.8239,1
166.3906,166.3912,166.4533,62.6119,1
166.4752,166.4755,166.5438,68.5602,1
166.4922,166.5438,166.6266,134.3835,1
166.6423,166.6427,166.7145,72.1875,1
166.7258,166.7261,166.8008,74.9808,1
166.8902,166.8905,166.9560,65.8663,1
167.0113,167.0117,167.0762,64.8716,1
167.1390,167.1393,167.1997,60.6923,1
167.1973,167.1998,167.2869,89.6170,1
167.3006,167.3009,167.3727,72.1746,1
167.6083,167.6088,167.6708,62.4629,1
167.6378,167.6708,167.7580,120.2071,1
167.6389,167.7580,167.8387,199.8141,1
167.6429,167.8388,167.9199,277.0109,1
167.6676,167.9199,168.0017,334.1035,1
168.3140,168.3148,168.3781,64.1532,1
168.3209,168.3781,168.4645,143.6349,1
168.6240,168.6245,168.6848,60.8081,1
168.8722,168.8726,168.9351,62.9033,1
169.2466,169.2471,169.3098,63.2277,1
169.2480,169.3098,169.3963,148.2561,1
169.2692,169.3963,169.4778,208.6396,1
169.3775,169.4778,169.5590,181.5031,1
169.4260,169.5590,169.6406,214.5628,1
169.4681,169.6406,169.7229,254.7338,1
169.6181,169.7229,169.8052,187.1085,1
169.8845,169.8850,169.9455,60.9180,1
169.8962,169.9455,170.0337,137.5282,1
169.9543,170.0337,170.1162,161.8995,1
170.0668,170.1162,170.1998,133.0231,1
170.1986,170.1998,170.2815,82.8774,1
170.2312,170.2815,170.3638,132.6663,1
170.2614,170.3639,170.4455,184.0523,1
170.3124,170.4455,170.5257,213.2840,1
170.6449,170.6454,170.7090,64.1268,1
170.7336,170.7339,170.8035,69.9134,1
170.9334,170.9338,170.9979,64.4956,1
171.2151,171.2156,171.2780,62.8336,1
171.3482,171.3485,171.4098,61.5937,1
171.4757,171.4761,171.5402,64.5436,1
171.6816,171.6820,171.7426,60.9785,1
171.6964,171.7426,171.8299,133.4996,1
172.5362,172.5373,172.6003,64.1194,1
172.8462,172.8467,172.9095,63.2955,1
173.2444,173.2449,173.3072,62.7926,1
173.4340,173.4343,173.4976,63.5463,1
173.4863,173.4976,173.5825,96.2110,1
173.5534,173.5825,173.6624,109.0249,1
173.6363,173.6624,173.7428,106.5516,1
173.6588,173.7428,173.8227,163.8225,1
173.8507,173.8510,173.9157,65.0844,1
173.8792,173.9158,173.9982,119.0062,1
173.9220,173.9982,174.0786,156.6316,1
173.9834,174.0786,174.1597,176.3276,1
174.0051,174.1597,174.2405,235.3667,1
174.0287,174.2405,174.3452,316.4528,1
174.1205,174.3452,174.4269,306.3794,1
174.2430,174.4269,174.5101,267.0725,1
174.2765,174.5101,174.5913,314.7546,1
174.2780,174.5913,174.6728,394.8258,1
174.3039,174.6729,174.7643,460.4355,1
174.4307,174.7644,174.8452,414.5146,1
174.8101,174.8452,174.9265,116.3813,1
174.8134,174.9265,175.0078,194.4557,1
174.8205,175.0079,175.0886,268.1359,1
174.9401,175.0886,175.1712,231.0637,1
174.9532,175.1712,175.2640,310.7380,1
174.9661,175.2640,175.3515,385.3832,1
174.9899,175.3515,175.4370,447.1264,1
175.0398,175.4370,175.5204,480.6039,1
175.2349,175.5204,175.6029,367.9854,1
175.4562,175.6029,175.6895,233.3362,1
175.5588,175.6895,175.7735,214.7309,1
175.7091,175.7735,175.8565,147.4414,1
175.8048,175.8565,175.9381,133.3627,1
175.8268,175.9381,176.0199,193.0907,1
175.8503,176.0200,176.1033,252.9240,1
175.9082,176.1033,176.1908,282.6250,1
175.9419,176.1908,176.2781,336.2828,1
176.0224,176.2782,176.3644,342.0429,1
176.1540,176.3645,176.4489,294.9683,1
176.1680,176.4490,176.5329,364.9089,1
176.2131,176.5329,176.6185,405.3896,1
176.4741,176.6185,176.7027,228.6254,1
176.5478,176.7027,176.7866,238.8875,1
176.6104,176.7867,176.8702,259.7983,1
176.7361,176.8702,176.9525,216.3879,1
176.8413,176.9525,177.0365,195.2317,1
176.8478,177.0365,177.1221,274.2509,1
177.1689,177.1694,177.2313,62.4264,1
177.4493,177.4498,177.5149,65.5753,1
177.6374,177.6378,177.7023,64.9225,1
177.6962,177.7023,177.7880,91.8133,1
177.7335,177.7880,177.8684,134.8948,1
177.7897,177.8684,177.9502,160.4935,1
177.8176,177.9502,178.0310,213.3116,1
177.9265,178.0310,178.1117,185.2146,1
178.1424,178.1428,178.2091,66.7833,1
178.2001,178.2092,178.2930,92.8581,1
178.3344,178.3348,178.4005,66.0243,1
178.3482,178.4005,178.4851,136.9639,1
178.4554,178.4852,178.5756,120.1686,1
178.5555,178.5756,178.6565,101.0758,1
178.7070,178.7073,178.7705,63.5547,1
178.8021,178.8023,178.8688,66.7663,1
179.1370,179.1375,179.1994,62.4870,1
179.1476,179.1995,179.2852,137.6461,1
179.2152,179.2852,179.3633,148.1063,1
179.2274,179.3633,179.4444,217.0271,1
179.3977,179.4444,179.5260,128.2837,1
179.5368,179.5371,179.6121,75.3098,1
179.6617,179.6620,179.7244,62.6928,1
179.6902,179.7244,179.8105,120.3248,1
179.9914,179.9919,180.0572,65.7989,1
180.1633,180.1636,180.2240,60.7536,1
180.6087,180.6093,180.6713,62.5912,1
180.6647,180.6713,180.7564,91.7632,1
180.7633,180.7636,180.8369,73.5780,1
181.0423,181.0427,181.1073,65.0216,1
181.0761,181.1073,181.1923,116.2566,1
181.1737,181.1924,181.2702,96.4726,1
181.3366,181.3370,181.4008,64.1777,1
181.4239,181.4242,181.4946,70.6685,1
181.7625,181.7631,181.8264,63.8452,1
181.7879,181.8264,181.9124,124.4590,1
181.8136,181.9124,181.9939,180.2847,1
181.9525,181.9939,182.0747,122.1963,1
182.1396,182.1400,182.2014,61.8322,1
182.3084,182.3088,182.3726,64.2122,1
182.4328,182.4331,182.4982,65.4055,1
182.6177,182.6181,182.6786,60.8376,1
182.7132,182.7134,182.7779,64.7703,1
182.8277,182.8280,182.8940,66.2452,1
182.9916,182.9919,183.0557,64.1392,1
183.0723,183.0726,183.1460,73.7291,1
183.0802,183.1461,183.2279,147.6800,1
183.1380,183.2279,183.3094,171.4393,1
183.2534,183.3094,183.3905,137.1837,1
183.2541,183.3906,183.4721,217.9672,1
183.4779,183.4783,183.5550,77.0927,1
183.5835,183.5838,183.6490,65.5113,1
183.6042,183.6490,183.7337,129.4998,1
183.6419,183.7337,183.8152,173.3479,1
183.6875,183.8152,183.9117,224.1195,1
183.8458,183.9117,183.9967,150.9080,1
184.0540,184.0544,184.1195,65.4872,1
184.2227,184.2231,184.2882,65.4429,1
184.3775,184.3778,184.4381,60.5563,1
184.4360,184.4381,184.5252,89.1266,1
184.5111,184.5252,184.6057,94.6319,1
184.5690,184.6058,184.6869,117.9982,1
184.6733,184.6870,184.7688,95.4855,1
185.0556,185.0562,185.1162,60.6044,1
185.3226,185.3230,185.3884,65.8207,1
185.4875,185.4878,185.5518,64.3762,1
185.8977,185.8982,185.9577,60.0336,1
185.9472,185.9578,186.0453,98.0912,1
186.0396,186.0453,186.1261,86.4293,1
186.2224,186.2228,186.2842,61.8203,1
186.3696,186.3699,186.4348,65.2481,1
186.4034,186.4349,186.5206,117.1819,1
186.4466,186.5206,186.6015,154.9888,1
186.5152,186.6016,186.6831,167.9463,1
186.9836,186.9843,187.0462,62.6498,1
187.0235,187.0463,187.1317,108.1695,1
187.2162,187.2166,187.2769,60.7449,1
187.2701,187.2769,187.3649,94.7561,1
187.3784,187.3787,187.4524,74.0129,1
187.8066,187.8072,187.8710,64.3868,1
188.0630,188.0634,188.1266,63.6807,1
188.1172,188.1267,188.2128,95.6778,1
188.1262,188.2128,188.2937,167.5158,1
188.1670,188.2937,188.3752,208.2511,1
188.2664,188.3752,188.4564,190.0327,1
188.3357,188.4564,188.5381,202.4291,1
188.3393,188.5382,188.6195,280.1790,1
188.7532,188.7538,188.8158,62.5754,1
188.8142,188.8158,188.9028,88.6686,1
189.0705,189.0709,189.1310,60.5302,1
189.3316,189.3320,189.3966,65.0481,1
189.3663,189.3967,189.4832,116.9534,1
189.4200,189.4832,189.5640,143.9892,1
189.4760,189.5640,189.6455,169.4545,1
189.5999,189.6455,189.7270,127.0829,1
189.8014,189.8018,189.8662,64.7582,1
189.9339,189.9342,189.9979,64.0324,1
189.9865,189.9980,190.0842,97.7016,1
190.0381,190.0843,190.1653,127.2124,1
190.3548,190.3554,190.4195,64.6609,1
190.7065,190.7069,190.7692,62.7183,1
190.7255,190.7692,190.8550,129.4571,1
190.8379,190.8550,190.9367,98.8426,1
190.8753,190.9367,191.0181,142.7811,1
190.9677,191.0181,191.0994,131.7310,1
191.0163,191.0995,191.1810,164.6397,1
191.0294,191.1810,191.2628,233.3508,1
191.5822,191.5829,191.6473,65.0038,1
191.6035,191.6473,191.7327,129.1814,1
191.8376,191.8379,191.8981,60.5052,1
191.8936,191.8981,191.9850,91.3957,1
191.9114,191.9851,192.0669,155.4522,1
191.9147,192.0669,192.1481,233.3651,1
192.1890,192.1895,192.2550,65.9416,1
192.2921,192.2924,192.3578,65.6552,1
192.3349,192.3578,192.4429,108.0158,1
192.3519,192.4429,192.5247,172.8303,1
192.3730,192.5248,192.6059,232.9163,1
192.4968,192.6060,192.6889,192.1267,1
192.5014,192.6889,192.7815,280.0272,1
192.5118,192.7815,192.8635,351.7172,1
192.5465,192.8636,192.9451,398.5728,1
192.5696,192.9451,193.0263,456.6575,1
192.8402,193.0263,193.1228,282.6245,1
192.9235,193.1228,193.2189,295.4069,1
192.9470,193.2190,193.3022,355.1678,1
193.1438,193.3022,193.3846,240.7771,1
193.1581,193.3846,193.4669,308.8654,1
193.4360,193.4670,193.5493,113.2704,1
193.8404,193.8410,193.9061,65.6519,1
194.2318,194.2323,194.2932,61.3513,1
194.3675,194.3678,194.4322,64.7033,1
194.5695,194.5698,194.6344,64.8849,1
194.5907,194.6344,194.7208,130.1283,1
194.6282,194.7209,194.8026,174.3257,1
194.6681,194.8026,194.8841,215.9583,1
194.7220,194.8841,194.9660,243.9656,1
194.7280,194.9660,195.0483,320.3153,1
194.7390,195.0483,195.1306,391.5953,1
194.9395,195.1306,195.2121,272.5359,1
195.0084,195.2121,195.2936,285.2138,1
195.1829,195.2936,195.3755,192.5567,1
195.1850,195.3755,195.4876,302.5885,1
195.2225,195.4876,195.5735,351.0494,1
195.4004,195.5735,195.6600,259.6340,1
195.4298,195.6600,195.7437,313.8875,1
195.5175,195.7438,195.8264,308.8762,1
195.5367,195.8264,195.9087,372.0396,1
195.6639,195.9088,195.9912,327.2752,1
195.7937,195.9912,196.0738,280.0865,1
195.7982,196.0738,196.1561,357.8363,1
195.8544,196.1561,196.2384,384.0475,1
195.9302,196.2385,196.3261,395.9474,1
196.0450,196.3262,196.4218,376.8987,1
196.6417,196.6425,196.7052,63.5147,1
196.9814,196.9819,197.0471,65.7203,1
197.2227,197.2232,197.2874,64.6327,1
197.2695,197.2874,197.3739,104.3589,1
197.2707,197.3739,197.4552,184.4458,1
197.3136,197.4552,197.5364,222.7332,1
197.3413,197.5364,197.6183,277.0378,1
197.6400,197.6405,197.7080,67.9471,1
197.6742,197.7080,197.7923,118.1742,1
197.9107,197.9111,197.9770,66.2746,1
198.7421,198.7431,198.8080,65.8853,1
198.8110,198.8113,198.8920,80.9878,1
199.1419,199.1425,199.2069,64.9998,1
199.2935,199.2939,199.3537,60.1580,1
199.2947,199.3537,199.4415,146.7947,1
199.3636,199.4416,199.5234,159.7911,1
199.5782,199.5786,199.6429,64.7562,1
199.6347,199.6430,199.7299,95.2501,1
199.9794,199.9798,200.0423,62.9708,1
200.0095,200.0424,200.1293,119.8238,1
200.0737,200.1294,200.2110,137.3042,1
200.2728,200.2732,200.3367,63.9275,1
200.3374,200.3377,200.4233,85.8518,1
200.3762,200.4233,200.5056,129.4221,1
200.3917,200.5056,200.5871,195.4414,1
200.4890,200.5871,200.6694,180.3999,1
200.5064,200.6695,200.7518,245.3913,1
200.5776,200.7518,200.8349,257.2382,1
200.5954,200.8349,200.9248,329.3886,1
200.6152,200.9248,201.0064,391.1670,1
200.7440,201.0064,201.0890,344.9932,1
200.7987,201.0890,201.1957,397.0017,1
200.8453,201.1957,201.2819,436.5314,1
200.8456,201.2819,201.3667,521.0705,1
200.8505,201.3667,201.4501,599.6826,1
200.9322,201.4502,201.5325,600.3081,1
201.0369,201.5325,201.6150,578.1507,1
201.1349,201.6150,201.6978,562.8726,1
201.3490,201.6978,201.7836,434.5794,1
201.3562,201.7837,201.8680,511.8614,1
201.3795,201.8681,201.9512,571.7419,1
201.5308,201.9512,202.0392,508.4102,1
201.6078,202.0392,202.1330,525.2658,1
201.8227,202.1331,202.2224,399.7767,1
201.8418,202.2224,202.3098,467.9880,1
201.9383,202.3098,202.3947,456.3817,1
201.9807,202.3947,202.4786,497.9154,1
202.1323,202.4786,202.5618,429.4462,1
202.1751,202.5618,202.6458,470.6126,1
202.1948,202.6458,202.7308,535.9946,1
202.2244,202.7308,202.8152,590.7832,1
202.2529,202.8152,202.8991,646.2073,1
202.3039,202.8991,202.9880,684.1465,1
202.3468,202.9880,203.0790,732.2950,1
202.5592,203.0791,203.1687,609.5129,1
202.6903,203.1687,203.2564,566.0413,1
202.7854,203.2564,203.3421,556.6781,1
202.7960,203.3421,203.4273,631.2795,1
202.7963,203.4273,203.5114,715.0923,1
203.0298,203.5114,203.5967,566.9144,1
203.1568,203.5968,203.6807,523.8775,1
203.2074,203.6807,203.7654,557.9798,1
203.2198,203.7654,203.8502,630.4371,1
203.2973,203.8502,203.9384,641.0603,1
203.3509,203.9384,204.0276,676.7266,1
203.5125,204.0276,204.1168,604.3060,1
203.6641,204.1168,204.2043,540.2148,1
203.6783,204.2043,204.2916,613.2986,1
203.6900,204.2916,204.3771,687.0758,1
203.7246,204.3771,204.4623,737.7085,1
203.8996,204.4623,204.5474,647.8006,1
203.9307,204.5474,204.6315,700.7994,1
203.9654,204.6315,204.7167,751.2882,1
204.0678,204.7167,204.8019,734.0594,1
204.1826,204.8019,204.8893,706.6808,1
204.2444,204.8893,204.9784,733.9923,1
204.3500,204.9784,205.0671,717.0922,1
204.4659,205.0671,205.1546,688.7765,1
204.4831,205.1546,205.2430,759.8974,1
204.4847,205.2430,205.3290,844.2770,1
204.6003,205.3290,205.4150,814.6179,1
204.7415,205.4150,205.5006,759.0597,1
204.8136,205.5006,205.5854,771.7396,1
204.9938,205.5854,205.6710,677.1981,1
205.1508,205.6710,205.7566,605.7958,1
205.3147,205.7566,205.8430,528.3206,1
205.4103,205.8430,205.9321,521.8338,1
205.4228,205.9321,206.0197,596.9465,1
205.4797,206.0197,206.1071,627.3483,1
205.5073,206.1071,206.1944,687.1237,1
205.5576,206.1944,206.2818,724.1506,1
205.6274,206.2818,206.3679,740.4870,1
206.0615,206.3679,206.4542,392.7079,1
206.0804,206.4542,206.5398,459.3648,1
206.1176,206.5398,206.6254,507.7848,1
206.2793,206.6254,206.7110,431.6982,1
206.3145,206.7110,206.7981,483.6064,1
206.5401,206.7981,206.8855,345.3233,1
206.5548,206.8855,206.9738,419.0507,1
206.6520,206.9739,207.0614,409.3619,1
206.7031,207.0614,207.1487,445.6143,1
206.7482,207.1488,207.2361,487.8849,1
206.8415,207.2361,207.3230,481.5380,1
207.0071,207.3230,207.4094,402.2903,1
207.2465,207.4094,207.4950,248.5330,1
207.5083,207.5087,207.5851,76.7819,1
207.9369,207.9374,208.0004,63.5038,1
208.0707,208.0710,208.1316,60.8551,1
208.0801,208.1316,208.2205,140.4580,1
208.1822,208.2206,208.3029,120.6954,1
208.2586,208.3029,208.3852,126.6000,1
208.4554,208.4558,208.5203,64.8810,1
208.5727,208.5729,208.6399,67.1594,1
208.6446,208.6449,208.7273,82.7329,1
208.7034,208.7273,208.8110,107.5479,1
208.7853,208.8110,208.8933,107.9890,1
208.7883,208.8933,208.9764,188.1001,1
208.8243,208.9764,209.0591,234.7856,1
208.8907,209.0591,209.1418,251.1488,1
209.0033,209.1418,209.2242,220.8560,1
209.1374,209.2242,209.3080,170.5271,1
209.1735,209.3080,209.4034,229.9290,1
209.3838,209.4035,209.5083,124.5045,1
209.3892,209.5083,209.5971,207.8932,1
209.4012,209.5971,209.6836,282.3422,1
209.4399,209.6836,209.7679,327.9993,1
209.6800,209.7679,209.8516,171.6741,1
209.8192,209.8517,209.9350,115.7854,1
209.9406,209.9408,210.0203,79.6973,1
210.0205,210.0207,210.1039,83.4271,1
210.0580,210.1040,210.1879,129.9118,1
210.1871,210.1879,210.2746,87.4967,1
210.2612,210.2747,210.3679,106.6520,1
210.3292,210.3679,210.4615,132.2727,1
210.6022,210.6026,210.6697,67.4882,1
210.6136,210.6697,210.7571,143.4720,1
210.7792,210.7796,210.8501,70.8786,1
210.8491,210.8501,210.9351,86.0092,1
211.0665,211.0668,211.1278,61.3176,1
211.1938,211.1942,211.2587,64.8361,1
211.2259,211.2587,211.3477,121.7622,1
211.2605,211.3477,211.4302,169.7226,1
211.2704,211.4302,211.5135,243.1387,1
211.3299,211.5135,211.5959,265.9839,1
211.3473,211.5959,211.6797,332.4238,1
211.4147,211.6797,211.7628,348.1299,1
211.4344,211.7628,211.8459,411.5005,1
211.7557,211.8459,211.9322,176.4817,1
211.7972,211.9322,212.0225,225.2563,1
211.8900,212.0225,212.1300,240.0192,1
211.9959,212.1300,212.2176,221.7562,1
212.2659,212.2663,212.3266,60.7747,1
212.5028,212.5032,212.5707,67.9661,1
212.5817,212.5818,212.6580,76.3407,1
212.5852,212.6580,212.7423,157.0948,1
212.6554,212.7423,212.8251,169.6910,1
212.6712,212.8251,212.9082,236.9862,1
212.7023,212.9082,212.9918,289.4942,1
212.7357,212.9918,213.0743,338.5243,1
212.7384,213.0743,213.1577,419.2971,1
212.8561,213.1577,213.2408,384.7477,1
212.9072,213.2408,213.3265,419.2196,1
212.9127,213.3265,213.4368,524.0760,1
212.9936,213.4368,213.5275,533.9607,1
213.1253,213.5276,213.6149,489.5474,1
213.2960,213.6149,213.7002,404.2118,1
213.5719,213.7002,213.7841,212.2138,1
213.5775,213.7842,213.8681,290.5639,1
213.5971,213.8681,213.9520,354.8711,1
213.6837,213.9520,214.0359,352.2261,1
213.8790,214.0360,214.1195,240.4938,1
214.1008,214.1195,214.2031,102.2484,1
214.1352,214.2031,214.2979,162.6783,1
214.3092,214.3096,214.3937,84.4367,1
214.3978,214.3980,214.4852,87.3841,1
214.4834,214.4852,214.5740,90.5577,1
214.7741,214.7745,214.8415,67.3695,1
214.8333,214.8415,214.9289,95.5794,1
214.9912,214.9915,215.0537,62.5248,1
215.0348,215.0537,215.1428,108.0297,1
215.0770,215.1428,215.2255,148.4634,1
215.0903,215.2255,215.3088,218.4525,1
215.1516,215.3088,215.3927,241.1191,1
215.2100,215.3927,215.4759,265.9676,1
215.3405,215.4759,215.5598,219.3278,1
215.4392,215.5598,215.6448,205.5635,1
215.5486,215.6448,215.7332,184.5342,1
215.5809,215.7332,215.8169,236.0683,1
215.7504,215.8170,215.9265,176.0743,1
215.8157,215.9265,216.0153,199.5581,1
215.8831,216.0153,216.1015,218.3766,1
215.9040,216.1015,216.1865,282.5100,1
216.2452,216.2457,216.3127,67.4984,1
216.3045,216.3128,216.4000,95.5420,1
216.4057,216.4060,216.4850,79.3705,1
216.4271,216.4851,216.5693,142.1953,1
216.6269,216.6273,216.6934,66.4800,1
216.8446,216.8450,216.9048,60.1619,1
216.8701,216.9048,216.9952,125.1543,1
216.9851,216.9953,217.0779,92.7923,1
217.1904,217.1908,217.2557,65.3416,1
217.2308,217.2557,217.3448,114.0098,1
217.2665,217.3448,217.4280,161.5761,1
217.3404,217.4281,217.5116,171.1350,1
217.3656,217.5116,217.5955,229.8683,1
217.4233,217.5955,217.6794,256.1508,1
217.5344,217.6795,217.7626,228.1943,1
217.6044,217.7626,217.8465,242.1520,1
217.7061,217.8465,217.9305,224.3249,1
217.7123,217.9305,218.0160,303.7268,1
217.8073,218.0160,218.1273,320.0649,1
218.1366,218.1371,218.2148,78.2734,1
218.1919,218.2149,218.3017,109.7577,1
218.2626,218.3017,218.3869,124.2414,1
218.2696,218.3869,218.4711,201.4279,1
218.3347,218.4711,218.5553,220.6529,1
218.3655,218.5553,218.6397,274.2606,1
218.3884,218.6398,218.7237,335.3300,1
218.5920,218.7237,218.8076,215.6497,1
218.6816,218.8076,218.8918,210.2184,1
218.7434,218.8918,218.9868,243.3731,1
218.7482,218.9868,219.0852,337.0775,1
218.8143,219.0853,219.1755,361.2594,1
218.8938,219.1755,219.2646,370.7327,1
219.0024,219.2646,219.3510,348.6138,1
219.1193,219.3510,219.4361,316.7746,1
219.1227,219.4361,219.5209,398.2022,1
219.1819,219.5209,219.6063,424.3853,1
219.3155,219.6063,219.6903,374.7536,1
219.3792,219.6903,219.7742,395.0161,1
219.5150,219.7742,219.8611,346.0399,1
219.5500,219.8611,219.9545,404.4057,1
219.5677,219.9545,220.0484,480.7638,1
219.6618,220.0485,220.1388,477.0337,1
220.0077,220.1389,220.2284,220.7054,1
220.0099,220.2284,220.3152,305.2796,1
220.7299,220.7307,220.7959,66.0365,1
220.8944,220.8948,220.9609,66.4424,1
221.4808,221.4816,221.5432,62.4135,1
221.6517,221.6519,221.7164,64.7607,1
221.6576,221.7165,221.8038,146.2002,1
221.6631,221.8038,221.8870,223.9191,1
221.6644,221.8870,221.9709,306.5887,1
221.7194,221.9710,222.0545,335.0707,1
221.7982,222.0545,222.1385,340.2275,1
221.8044,222.1385,222.2224,418.0515,1
221.9142,222.2224,222.3063,392.1310,1
222.1320,222.3064,222.3903,258.3353,1
222.3296,222.3903,222.4742,144.6060,1
222.3725,222.4743,222.5860,213.4942,1
222.4342,222.5860,222.6763,242.0623,1
222.4688,222.6763,222.7633,294.5019,1
222.6561,222.7633,222.8493,193.1442,1
222.6680,222.8493,222.9338,265.7794,1
222.7699,222.9338,223.0185,248.6068,1
222.7904,223.0185,223.1036,313.2426,1
222.9367,223.1036,223.1881,251.3961,1
223.0407,223.1882,223.2723,231.5892,1
223.0583,223.2723,223.3566,298.3041,1
223.0840,223.3566,223.4512,367.2450,1
223.2775,223.4512,223.5464,268.9008,1
223.3754,223.5464,223.6389,263.5586,1
223.4323,223.6389,223.7279,295.5548,1
223.6947,223.7279,223.8141,119.3228,1
223.7121,223.8141,223.8997,187.5995,1
223.7565,223.8997,223.9853,228.7297,1
223.9131,223.9853,224.0709,157.7893,1
224.0041,224.0709,224.1550,150.8624,1
224.0852,224.1550,224.2393,154.1666,1
224.1731,224.2394,224.3263,153.2107,1
224.2078,224.3263,224.4173,209.4882,1
224.3536,224.4174,224.5104,156.7359,1
224.3736,224.5104,224.6015,227.9226,1
224.5317,224.6016,224.6910,159.3403,1
224.6078,224.6911,224.7797,171.9027,1
224.6824,224.7797,224.8661,183.6990,1
224.7586,224.8661,224.9524,193.8500,1
224.7907,224.9525,225.0376,246.9547,1
224.9273,225.0377,225.1225,195.1784,1
225.0395,225.1225,225.2083,168.7978,1
225.1514,225.2083,225.2957,144.3164,1
225.2675,225.2957,225.3858,118.3479,1
225.3004,225.3858,225.4769,176.4601,1
225.3952,225.4769,225.5679,172.6648,1
225.5624,225.5679,225.6585,96.1074,1
225.6012,225.6585,225.7470,145.8639,1
225.9258,225.9263,225.9878,61.9924,1
226.0928,226.0931,226.1566,63.8850,1
226.0980,226.1567,226.2453,147.2997,1
226.2345,226.2453,226.3290,94.5142,1
226.2994,226.3290,226.4130,113.5758,1
226.3300,226.4130,226.4969,166.8609,1
226.5388,226.5392,226.6055,66.7136,1
226.5605,226.6055,226.6946,134.1346,1
226.5811,226.6946,226.7773,196.2357,1
226.7025,226.7774,226.8613,158.7654,1
226.9690,226.9695,227.0372,68.1745,1
227.0327,227.0373,227.1255,92.7322,1
227.1128,227.1255,227.2084,95.5481,1
227.1224,227.2084,227.2923,169.8779,1
227.1536,227.2923,227.3763,222.6837,1
227.2280,227.3763,227.4602,232.2415,1
227.4398,227.4602,227.5442,104.3656,1
227.4691,227.5442,227.6281,158.9765,1
227.6029,227.6281,227.7120,109.1652,1
227.8296,227.8299,227.8990,69.4194,1
228.0103,228.0107,228.0741,63.7923,1
228.0461,228.0741,228.1614,115.2310,1
228.1890,228.1893,228.2595,70.5124,1
228.2194,228.2596,228.3456,126.2215,1
228.3544,228.3547,228.4302,75.7126,1
228.7241,228.7246,228.7852,61.1559,1
228.8798,228.8801,228.9465,66.6259,1
228.9468,228.9471,229.0338,86.9383,1
229.1297,229.1300,229.1944,64.7276,1
229.2704,229.2706,229.3334,63.0502,1
229.5444,229.5449,229.6066,62.2288,1
229.6350,229.6353,229.7045,69.5141,1
229.7395,229.7398,229.8052,65.6334,1
229.8282,229.8284,229.8984,70.2293,1
229.9009,229.9010,229.9823,81.4293,1
230.0347,230.0350,230.1015,66.8001,1
230.3377,230.3382,230.4001,62.4112,1
230.4052,230.4055,230.4865,81.2826,1
230.4499,230.4865,230.5698,119.9155,1
230.4989,230.5698,230.6536,154.7895,1
230.5383,230.6537,230.7376,199.3197,1
230.5736,230.7376,230.8207,247.1690,1
230.5880,230.8208,230.9047,316.6866,1
230.5990,230.9047,230.9886,389.6010,1
230.9940,230.9945,231.0749,80.9080,1
231.3206,231.3212,231.3850,64.3090,1
231.4425,231.4429,231.5067,64.1326,1
231.6569,231.6573,231.7234,66.4626,1
231.6752,231.7234,231.8106,135.4492,1
231.6911,231.8107,231.8937,202.5962,1
231.7115,231.8937,231.9776,266.1527,1
231.7427,231.9777,232.0616,318.8274,1
231.7627,232.0616,232.1455,382.8629,1
232.0792,232.1455,232.2295,150.2779,1
232.5916,232.5922,232.6556,64.0493,1
232.6595,232.6598,232.7443,84.7666,1
232.7244,232.7443,232.8278,103.4173,1
232.8031,232.8278,232.9109,107.8759,1
233.0008,233.0012,233.0668,66.0043,1
233.2376,233.2380,233.2979,60.2900,1
233.2462,233.2979,233.3869,140.7180,1
233.3313,233.3870,233.4696,138.2506,1
233.3973,233.4696,233.5535,156.2461,1
234.0269,234.0278,234.0939,66.9457,1
234.2909,234.2914,234.3564,65.4868,1
234.3972,234.3975,234.4639,66.6303,1
234.5717,234.5721,234.6375,65.8180,1
234.5958,234.6376,234.7254,129.5532,1
234.6917,234.7254,234.8087,117.0361,1
234.8278,234.8282,234.8995,71.6251,1
235.1417,235.1422,235.2041,62.3907,1
235.1487,235.2041,235.2946,145.9383,1
235.4000,235.4004,235.4621,62.0637,1
235.5287,235.5290,235.5918,63.1892,1
235.6284,235.6287,235.6941,65.7900,1
235.6301,235.6942,235.7807,150.6041,1
235.8927,235.8931,235.9587,65.9824,1
235.9273,235.9587,236.0467,119.3958,1
236.0453,236.0467,236.1301,84.8110,1
236.0462,236.1301,236.2132,166.9701,1
236.0785,236.2132,236.2971,218.5945,1
236.0849,236.2971,236.3807,295.8033,1
236.0889,236.3807,236.4642,375.3585,1
236.1085,236.4642,236.5481,439.6472,1
236.2605,236.5482,236.6321,371.5989,1
236.3431,236.6321,236.7192,376.0899,1
236.4501,236.7192,236.8327,382.6107,1
236.4502,236.8327,236.9213,471.0621,1
236.5598,236.9213,237.0071,447.2925,1
236.6892,237.0072,237.0928,403.5627,1
236.7390,237.0928,237.1767,437.7613,1
236.9118,237.1767,237.2607,348.8954,1
236.9675,237.2607,237.3446,377.0508,1
237.3391,237.3446,237.4285,89.4784,1
237.6037,237.6041,237.6693,65.6708,1
237.6983,237.6985,237.7668,68.4664,1
237.7346,237.7668,237.8526,118.0282,1
237.9605,237.9609,238.0283,67.7601,1
238.2112,238.2117,238.2782,67.0180,1
238.2487,238.2783,238.3660,117.2512,1
238.2954,238.3660,238.4494,153.9567,1
238.3251,238.4494,238.5334,208.3103,1
238.3290,238.5334,238.6173,288.3025,1
238.4958,238.6173,238.7013,205.4874,1
238.5100,238.7013,238.7852,275.1725,1
238.5970,238.7852,238.8691,272.1567,1
238.7308,238.8692,238.9527,221.8607,1
238.8453,238.9527,239.0401,194.7639,1
238.8808,239.0401,239.1510,270.1479,1
238.9610,239.1510,239.2398,278.8536,1
239.3133,239.3138,239.3811,67.8291,1
239.4208,239.4211,239.4881,67.3165,1
239.4835,239.4881,239.5755,91.9885,1
239.6702,239.6705,239.7384,68.1861,1
239.7183,239.7384,239.8262,107.8450,1
239.7649,239.8262,239.9096,144.7357,1
239.7720,239.9096,239.9931,221.0744,1
239.9553,239.9931,240.0771,121.7359,1
240.0667,240.0771,240.1610,94.3131,1
240.1613,240.1616,240.2448,83.4366,1
240.4040,240.4044,240.4718,67.7607,1
240.4157,240.4718,240.5598,144.0769,1
240.5224,240.5598,240.6437,121.3489,1
240.6388,240.6437,240.7276,88.8219,1
240.6419,240.7276,240.8116,169.6354,1
240.7447,240.8116,240.8955,150.7961,1
240.9024,240.9027,240.9810,78.6119,1
240.9685,240.9810,241.0652,96.6196,1
241.0088,241.0652,241.1491,140.2543,1
241.0966,241.1491,241.2366,140.0373,1
241.1703,241.2366,241.3456,175.2907,1
241.2238,241.3457,241.4353,211.4301,1
241.2843,241.4353,241.5226,238.3454,1
241.5290,241.5294,241.6080,78.9983,1
241.5398,241.6080,241.6925,152.7199,1
241.8632,241.8637,241.9304,67.1463,1
241.8802,241.9304,242.0186,138.4432,1
242.0328,242.0331,242.1066,73.7966,1
242.2765,242.2769,242.3378,61.2984,1
242.3176,242.3378,242.4282,110.6200,1
242.3179,242.4282,242.5117,193.8139,1
242.3336,242.5117,242.5952,261.6056,1
242.4035,242.5952,242.6792,275.6253,1
242.4160,242.6792,242.7631,347.1503,1
242.5104,242.7631,242.8470,336.6738,1
242.7005,242.8470,242.9310,230.4910,1
242.9055,242.9310,243.0150,109.4706,1
242.9128,243.0150,243.1038,190.9113,1
242.9207,243.1038,243.2152,294.5304,1
243.0171,243.2152,243.3046,287.4253,1
243.1827,243.3046,243.3920,209.3488,1
243.2258,243.3921,243.4781,252.3223,1
243.3463,243.4781,243.5634,217.1567,1
243.4230,243.5635,243.6477,224.6997,1
243.5181,243.6477,243.7321,214.0157,1
243.6490,243.7321,243.8161,167.1041,1
243.8370,243.8374,243.9084,71.3616,1
243.9198,243.9202,243.9977,77.8452,1
243.9214,243.9977,244.0914,169.9455,1
244.0875,244.0914,244.1818,94.2927,1
244.5111,244.5116,244.5756,64.5577,1
244.5980,244.5982,244.6710,73.0159,1
244.9544,244.9549,245.0225,68.0913,1
245.2294,245.2298,245.2958,66.4140,1
245.3225,245.3227,245.3944,71.8509,1
245.3513,245.3944,245.4798,128.5613,1
245.4124,245.4798,245.5636,151.1766,1
245.4994,245.5636,245.6475,148.1078,1
245.6048,245.6475,245.7314,126.6395,1
245.8279,245.8284,245.8926,64.6794,1
245.8450,245.8927,245.9814,136.4507,1
245.8760,245.9815,246.0652,189.2265,1
245.9673,246.0652,246.1491,181.8309,1
246.0480,246.1492,246.2331,185.0552,1
246.1122,246.2331,246.3171,204.9644,1
246.1555,246.3171,246.4011,245.5578,1
246.3248,246.4011,246.4850,160.1936,1
246.4119,246.4850,246.5689,157.0116,1
246.8178,246.8184,246.8811,63.2530,1
246.8220,246.8811,246.9714,149.3948,1
246.9022,246.9714,247.0546,152.4043,1
247.0000,247.0547,247.1386,138.6283,1
247.0214,247.1387,247.2226,201.1518,1
247.0430,247.2226,247.3066,263.5578,1
247.0590,247.3066,247.3905,331.5372,1
247.0630,247.3905,247.4745,411.4590,1
247.3077,247.4745,247.5584,250.7549,1
247.3726,247.5584,247.6520,279.3770,1
247.4976,247.6520,247.7636,265.9966,1
247.6042,247.7636,247.8529,248.6752,1
247.9411,247.9416,248.0062,65.1501,1
248.0073,248.0075,248.0966,89.3677,1
248.0335,248.0967,248.1803,146.7181,1
248.1325,248.1803,248.2642,131.6821,1
248.2852,248.2855,248.3573,72.0522,1
248.3094,248.3573,248.4424,132.9838,1
248.4144,248.4424,248.5263,111.9334,1
248.4279,248.5263,248.6102,182.3674,1
248.5632,248.6102,248.6942,130.9156,1
248.7810,248.7814,248.8473,66.2850,1
248.8699,248.8702,248.9409,71.0218,1
248.8732,248.9409,249.0264,153.2135,1
248.9050,249.0264,249.1103,205.3567,1
248.9354,249.1103,249.1943,258.8866,1
249.0089,249.1944,249.2786,269.6751,1
249.3936,249.3942,249.4563,62.7094,1
249.5291,249.5294,249.5918,62.6602,1
249.5577,249.5918,249.6804,122.6383,1
249.6598,249.6804,249.7643,104.4938,1
249.7783,249.7786,249.8526,74.3318,1
249.8302,249.8527,249.9391,108.9512,1
249.8693,249.9391,250.0230,153.7795,1
249.9485,250.0231,250.1077,159.1836,1
250.0532,250.1077,250.1917,138.4862,1
250.1423,250.1917,250.2820,139.6955,1
250.1499,250.2820,250.3702,220.2127,1
250.1967,250.3702,250.4775,280.8345,1
250.3392,250.4776,250.5664,227.1909,1
250.3984,250.5664,250.6543,255.9144,1
250.4857,250.6543,250.7422,256.4837,1
250.6183,250.7422,250.8277,209.3435,1
250.7948,250.8277,250.9133,118.5027,1
250.9443,250.9448,251.0145,70.1620,1
251.1123,251.1127,251.1806,68.2862,1
251.1383,251.1806,251.2690,130.7379,1
251.1653,251.2691,251.3530,187.6553,1
251.2990,251.3530,251.4370,138.0453,1
251.5085,251.5089,251.5749,66.4305,1
251.5593,251.5750,251.6639,104.6204,1
251.5773,251.6639,251.7479,170.5568,1
251.6056,251.7479,251.8326,227.0061,1
251.7147,251.8327,251.9169,202.2532,1
251.7520,251.9169,252.0064,254.3568,1
251.9268,252.0064,252.0909,164.1597,1
251.9935,252.0910,252.1761,182.6867,1
252.0172,252.1762,252.2609,243.7748,1
252.1234,252.2610,252.3508,227.4032,1
252.2356,252.3509,252.4595,223.8407,1
252.3119,252.4595,252.5503,238.3898,1
252.3514,252.5503,252.6380,286.6091,1
252.4170,252.6380,252.7238,306.7989,1
252.5744,252.7238,252.8094,234.9685,1
252.6234,252.8094,252.8955,272.0655,1
252.6566,252.8955,252.9818,325.1485,1
252.7810,252.9818,253.0674,286.3521,1
252.9343,253.0674,253.1530,218.7193,1
253.3120,253.3126,253.3777,65.7090,1
253.5752,253.5757,253.6416,66.3384,1
253.7726,253.7728,253.8372,64.6708,1
253.7850,253.8373,253.9264,141.4637,1
253.8156,253.9265,254.0104,194.7865,1
253.8607,254.0104,254.0943,233.6171,1
253.8808,254.0943,254.1784,297.6835,1
253.9672,254.1784,254.2640,296.8516,1
253.9694,254.2640,254.3488,379.3919,1
253.9982,254.3488,254.4343,436.1245,1
254.0949,254.4343,254.5184,423.4901,1
254.1289,254.5184,254.6132,484.3516,1
254.3533,254.6132,254.7229,369.6458,1
254.5361,254.7230,254.8122,276.1446,1
254.6424,254.8123,254.8989,256.5824,1
254.6503,254.8990,254.9845,334.2862,1
254.6920,254.9846,255.0693,377.3361,1
254.8133,255.0694,255.1550,341.6186,1
255.0564,255.1550,255.2402,183.7762,1
255.0714,255.2402,255.3253,253.9165,1
255.2354,255.3253,255.4109,175.5588,1
255.3433,255.4109,255.4982,154.8874,1
255.3497,255.4982,255.6002,250.4899,1
255.4380,255.6002,255.6950,257.0711,1
255.7283,255.7288,255.7982,69.8715,1
255.7547,255.7982,255.8844,129.7381,1
255.8119,255.8844,255.9687,156.8577,1
255.8453,255.9687,256.0538,208.5172,1
255.8773,256.0538,256.1388,261.4629,1
255.9890,256.1388,256.2244,235.3644,1
256.1248,256.2244,256.3096,184.7992,1
256.1685,256.3096,256.3955,227.0266,1
256.3279,256.3955,256.4885,160.5608,1
256.3507,256.4885,256.5850,234.3168,1
256.3824,256.5851,256.6861,303.6663,1
256.4116,256.6861,256.7751,363.4755,1
256.5123,256.7751,256.8613,349.0631,1
256.7116,256.8614,256.9473,235.7824,1
257.1015,257.1021,257.1700,68.4948,1
257.1297,257.1700,257.2584,128.7384,1
257.3467,257.3472,257.4121,65.3824,1
257.4599,257.4602,257.5289,69.0525,1
257.6346,257.6349,257.6992,64.6098,1
257.7323,257.7326,257.7989,66.5897,1
257.9719,257.9724,258.0382,66.2379,1
258.0102,258.0382,258.1282,117.9428,1
258.0911,258.1282,258.2130,121.8600,1
258.1913,258.2130,258.2974,106.0925,1
258.3125,258.3128,258.3875,75.0172,1
258.3153,258.3876,258.4740,158.6984,1
258.6224,258.6229,258.6903,67.9263,1
258.6595,258.6904,258.7780,118.5152,1
258.7430,258.7780,258.8625,119.5258,1
258.9611,258.9615,259.0311,70.0706,1
258.9673,259.0312,259.1194,152.1507,1
258.9675,259.1195,259.2034,235.8532,1
259.0142,259.2034,259.2881,273.9052,1
259.0213,259.2881,259.3737,352.4692,1
259.0470,259.3737,259.4579,410.9072,1
259.1064,259.4579,259.5425,436.1054,1
259.1845,259.5425,259.6281,443.6140,1
259.2441,259.6282,259.7133,469.2139,1
259.2826,259.7133,259.8043,521.6244,1
259.4043,259.8043,259.9149,510.6317,1
259.6462,259.9150,260.0079,361.6493,1
259.7292,260.0079,260.0956,366.3689,1
260.0779,260.0956,260.1821,104.1963,1
260.1410,260.1821,260.2678,126.8272,1
260.3100,260.3103,260.3781,68.1553,1
260.3421,260.3782,260.4664,124.2819,1
260.3852,260.4664,260.5516,166.4648,1
260.6465,260.6470,260.7126,66.0219,1
260.6543,260.7126,260.8017,147.4106,1
260.8047,260.8050,260.8886,83.9084,1
260.8789,260.8886,260.9742,95.2991,1
260.8863,260.9742,261.0590,172.7396,1
261.2070,261.2075,261.2731,66.1261,1
261.3553,261.3556,261.4220,66.7313,1
261.3619,261.4220,261.5120,150.0486,1
261.5550,261.5554,261.6231,68.0298,1
261.5938,261.6231,261.7110,117.2584,1
261.6746,261.7110,261.7966,121.9935,1
262.2474,262.2482,262.3152,67.8404,1
262.4363,262.4366,262.4996,63.3365,1
262.6033,262.6036,262.6688,65.5222,1
262.6610,262.6688,262.7583,97.2602,1
262.7199,262.7583,262.8422,122.3544,1
262.8677,262.8680,262.9354,67.6654,1
262.8737,262.9354,263.0224,148.6652,1
262.8964,263.0224,263.1072,210.7534,1
262.9062,263.1072,263.1919,285.7356,1
262.9424,263.1919,263.2775,335.1204,1
263.0756,263.2775,263.3631,287.5450,1
263.1475,263.3631,263.4567,309.2154,1
263.1920,263.4567,263.5600,368.0588,1
263.2325,263.5600,263.6512,418.7037,1
263.2397,263.6512,263.7427,503.0558,1
263.4078,263.7428,263.8323,424.4268,1
263.4789,263.8323,263.9172,438.3154,1
263.5687,263.9172,264.0028,434.1566,1
263.6343,264.0028,264.0884,454.1165,1
263.9960,264.0884,264.1740,178.0505,1
264.0710,264.1740,264.2597,188.6970,1
264.2499,264.2597,264.3476,97.6346,1
264.4966,264.4970,264.5613,64.7156,1
264.6099,264.6102,264.6735,63.6244,1
264.6560,264.6735,264.7641,108.1182,1
264.6658,264.7642,264.8497,183.8921,1
264.6937,264.8497,264.9353,241.6123,1
264.8299,264.9353,265.0209,191.0592,1
264.9502,265.0209,265.1065,156.3050,1
264.9705,265.1065,265.1921,221.5712,1
265.1381,265.1921,265.2777,139.6054,1
265.1418,265.2777,265.3775,235.6739,1
265.2294,265.3775,265.4752,245.8390,1
265.2846,265.4752,265.5715,286.9299,1
265.3774,265.5715,265.6593,281.9480,1
265.4594,265.6594,265.7466,287.2115,1
265.5447,265.7466,265.8325,287.7955,1
265.6555,265.8325,265.9184,262.9020,1
265.6770,265.9184,266.0049,327.9227,1
265.6955,266.0050,266.0906,395.0275,1
265.7753,266.0906,266.1762,400.8436,1
265.8571,266.1762,266.2668,409.7355,1
266.0778,266.2668,266.3618,284.0180,1
266.1034,266.3618,266.4609,357.5475,1
266.1249,266.4609,266.5529,427.9553,1
266.4323,266.5529,266.6431,210.7301,1
266.6021,266.6431,266.7304,128.3139,1
266.7565,266.7568,266.8262,69.7529,1
266.8786,266.8789,266.9470,68.4057,1
267.0795,267.0799,267.1453,65.7986,1
267.1405,267.1453,267.2351,94.5485,1
267.3939,267.3944,267.4580,64.0350,1
267.6962,267.6966,267.7638,67.6028,1
267.7311,267.7638,267.8535,122.4148,1
267.8145,267.8535,267.9375,122.9740,1
268.0003,268.0006,268.0694,69.1235,1
268.1207,268.1210,268.1876,66.9013,1
268.3603,268.3607,268.4254,65.0962,1
268.3735,268.4254,268.5152,141.6779,1
268.4653,268.5152,268.5998,134.4656,1
268.4845,268.5998,268.6854,200.8730,1
268.6380,268.6854,268.7706,132.6207,1
268.7018,268.7706,268.8558,154.0054,1
268.9418,268.9422,269.0057,63.9659,1
269.1068,269.1072,269.1692,62.3287,1
269.1661,269.1692,269.2599,93.7436,1
269.2615,269.2618,269.3452,83.7512,1
269.3204,269.3453,269.4309,110.4773,1
269.3535,269.4309,269.5165,162.9634,1
269.3538,269.5165,269.6021,248.2775,1
269.5991,269.6021,269.6877,88.5601,1
270.1203,270.1210,270.1881,67.7947,1
270.1913,270.1916,270.2749,83.5410,1
270.2971,270.2974,270.3713,74.1589,1
270.4480,270.4484,270.5162,68.1354,1
270.5328,270.5331,270.6075,74.6335,1
270.5786,270.6075,270.6938,115.1754,1
270.5870,270.6938,270.7784,191.4364,1
270.6294,270.7784,270.8640,234.5996,1
270.7583,270.8640,270.9496,191.2753,1
270.7861,270.9496,271.0384,252.3076,1
271.3904,271.3912,271.4588,68.3486,1
271.4235,271.4588,271.5479,124.3328,1
271.5004,271.5479,271.6318,131.4398,1
271.5545,271.6318,271.7172,162.6876,1
271.7824,271.7828,271.8503,67.9470,1
271.8715,271.8718,271.9428,71.2550,1
272.0079,272.0083,272.0737,65.7700,1
272.0468,272.0737,272.1625,115.6739,1
272.0702,272.1625,272.2472,177.0276,1
272.3901,272.3906,272.4525,62.4022,1
272.3948,272.4526,272.5442,149.4519,1
272.5445,272.5449,272.6290,84.4750,1
272.5546,272.6290,272.7144,159.8037,1
272.7271,272.7275,272.8048,77.6939,1
272.8350,272.8353,272.9055,70.5696,1
272.9400,272.9402,273.0091,69.1337,1
273.0364,273.0367,273.1097,73.3275,1
273.1039,273.1098,273.1967,92.8377,1
273.1434,273.1967,273.2871,143.6252,1
273.2252,273.2871,273.3717,146.5202,1
273.3051,273.3718,273.4574,152.2097,1
273.3987,273.4574,273.5430,144.2797,1
273.5983,273.5986,273.6660,67.7195,1
273.6890,273.6892,273.7620,72.9844,1
273.8105,273.8109,273.8737,63.1981,1
273.9324,273.9328,273.9985,66.0422,1
273.9678,273.9985,274.0885,120.7477,1
274.0197,274.0885,274.1738,154.1198,1
274.1294,274.1738,274.2594,129.9815,1
274.2263,274.2594,274.3450,118.7074,1
274.3060,274.3450,274.4306,124.6219,1
274.3628,274.4306,274.5162,153.3980,1
274.5514,274.5518,274.6211,69.6750,1
274.6406,274.6409,274.7185,77.9213,1
274.7733,274.7737,274.8421,68.7715,1
274.9280,274.9282,274.9901,62.1600,1
274.9309,274.9902,275.0817,150.8153,1
275.1286,275.1291,275.1949,66.2841,1
275.1934,275.1949,275.2843,90.8667,1
275.2293,275.2843,275.3691,139.8673,1
275.2900,275.3691,275.4547,164.7233,1
275.3412,275.4547,275.5403,199.1624,1
275.5573,275.5577,275.6317,74.4316,1
275.9011,275.9017,275.9691,67.9866,1
276.0319,276.0322,276.0958,63.9063,1
276.0764,276.0958,276.1867,110.3276,1
276.2288,276.2292,276.2946,65.7292,1
276.2355,276.2946,276.3838,148.3299,1
276.4838,276.4843,276.5480,64.1963,1
276.6973,276.6977,276.7655,68.1683,1
276.7574,276.7655,276.8538,96.3675,1
277.0216,277.0222,277.0856,63.9544,1
277.0293,277.0856,277.1763,146.9583,1
277.0993,277.1763,277.2610,161.7250,1
277.1727,277.2610,277.3466,173.9617,1
277.1729,277.3467,277.4322,259.3976,1
277.2345,277.4323,277.5179,283.3607,1
277.2366,277.5179,277.6035,366.8436,1
277.2470,277.6035,277.6891,442.0162,1
277.3522,277.6891,277.7747,422.5022,1
277.6218,277.7747,277.8753,253.4569,1
277.7760,277.8753,277.9804,204.4466,1
277.8044,277.9805,278.0723,267.9620,1
277.8916,278.0723,278.1604,268.8147,1
277.9267,278.1604,278.2468,320.0743,1
277.9525,278.2468,278.3324,379.9032,1
277.9651,278.3324,278.4188,453.6972,1
278.1287,278.4188,278.5044,375.6663,1
278.1640,278.5044,278.5900,425.9647,1
278.1784,278.5900,278.6756,497.1841,1
278.1902,278.6756,278.7665,576.3350,1
278.2389,278.7665,278.8694,630.4584,1
278.2710,278.8694,278.9646,693.6063,1
278.4633,278.9647,279.0565,593.1985,1
278.5048,279.0566,279.1457,640.9204,1
278.6337,279.1457,279.2337,600.0407,1
278.6682,279.2338,279.3211,652.8542,1
278.7856,279.3211,279.4070,621.4265,1
278.9123,279.4070,279.4930,580.6971,1
278.9677,279.4930,279.5790,611.3312,1
279.0561,279.5790,279.6666,610.4844,1
279.1108,279.6666,279.7611,650.2435,1
279.1569,279.7611,279.8565,699.6217,1
279.3918,279.8566,279.9514,559.5830,1
279.4298,279.9514,280.0430,613.2328,1
279.4837,280.0430,280.1329,649.1646,1
279.4940,280.1329,280.2204,726.3880,1
279.5275,280.2204,280.3077,780.2420,1
279.5695,280.3078,280.3951,825.5933,1
279.7753,280.3951,280.4817,706.4042,1
279.8557,280.4817,280.5680,712.3501,1
280.1307,280.5681,280.6584,527.7831,1
280.1820,280.6585,280.7506,568.5628,1
280.1960,280.7506,280.8454,649.3602,1
280.2504,280.8454,280.9384,688.0111,1
280.3864,280.9384,281.0308,644.3992,1
280.4114,281.0308,281.1209,709.5413,1
280.4318,281.1210,281.2095,777.7049,1
280.5255,281.2095,281.2968,771.3315,1
280.6731,281.2969,281.3842,711.0805,1
280.7973,281.3842,281.4715,674.2320,1
281.2909,281.4716,281.5597,268.7913,1
281.5819,281.5824,281.6551,73.1637,1
281.6309,281.6551,281.7459,114.9977,1
281.6314,281.7459,281.8367,205.2970,1
281.8725,281.8730,281.9393,66.7852,1
281.9313,281.9393,282.0293,98.0359,1
282.2119,282.2124,282.2792,67.2707,1
282.2820,282.2823,282.3692,87.1655,1
282.5367,282.5372,282.6042,67.4709,1
282.5519,282.6042,282.6940,142.0625,1
282.8094,282.8099,282.8771,67.6571,1
282.8975,282.8978,282.9718,74.2621,1
283.0198,283.0202,283.0864,66.5970,1
283.5778,283.5785,283.6465,68.7249,1
283.6303,283.6465,283.7360,105.6812,1
283.7038,283.7360,283.8216,117.7556,1
283.7537,283.8216,283.9072,153.4552,1
283.7654,283.9072,283.9928,227.3557,1
284.0240,284.0245,284.0913,67.3065,1
284.0610,284.0914,284.1802,119.2120,1
284.2811,284.2816,284.3486,67.5076,1
284.2898,284.3487,284.4375,147.7279,1
284.3162,284.4375,284.5231,206.8991,1
284.3467,284.5231,284.6087,262.0166,1
284.3528,284.6087,284.6943,341.5385,1
284.3672,284.6943,284.7799,412.7382,1
284.3737,284.7799,284.8655,491.8090,1
284.4658,284.8655,284.9511,485.3471,1
284.5680,284.9511,285.0367,468.7788,1
284.5811,285.0368,285.1404,559.3016,1
284.5903,285.1404,285.2446,654.2546,1
284.5903,285.2446,285.3364,746.0338,1
284.7776,285.3364,285.4242,646.5773,1
284.9289,285.4242,285.5115,582.5737,1
284.9368,285.5115,285.5976,660.8478,1
285.0497,285.5976,285.6836,633.9443,1
285.1692,285.6836,285.7694,600.2398,1
285.3971,285.7694,285.8560,458.9145,1
285.4288,285.8560,285.9424,513.6143,1
285.4380,285.9424,286.0342,596.1557,1
285.4511,286.0342,286.1356,684.5441,1
285.4776,286.1357,286.2316,754.0440,1
285.6642,286.2317,286.3238,659.5915,1
285.6735,286.3238,286.4137,740.2560,1
285.7213,286.4137,286.5011,779.7504,1
285.9450,286.5011,286.5884,643.4302,1
285.9510,286.5884,286.6742,723.2290,1
285.9613,286.6742,286.7606,799.2891,1
285.9624,286.7606,286.8474,884.9511,1
286.0904,286.8474,286.9365,846.0052,1
286.2202,286.9365,287.0315,811.3058,1
286.3010,287.0315,287.1268,825.7384,1
286.4123,287.1268,287.2215,809.2154,1
286.6032,287.2215,287.3138,710.6095,1
286.6636,287.3138,287.4039,740.3078,1
286.6866,287.4039,287.4923,805.7906,1
286.8063,287.4924,287.5797,773.3426,1
286.8580,287.5797,287.6665,808.4833,1
286.8990,287.6665,287.7536,854.6157,1
286.9167,287.7536,287.8414,924.7468,1
286.9496,287.8414,287.9317,982.0493,1
286.9521,287.9317,288.0252,1073.1149,1
286.9657,288.0252,288.1198,1154.0338,1
286.9978,288.1198,288.2132,1215.4619,1
287.0214,288.2132,288.3052,1283.7619,1
287.0346,288.3052,288.3962,1361.6123,1
287.2023,288.3963,288.4858,1283.5741,1
287.3893,288.4858,288.5742,1184.8893,1
287.7219,288.5742,288.6616,939.6721,1
287.7522,288.6616,288.7489,996.6625,1
287.7770,288.7489,288.8379,1060.8493,1
287.8443,288.8379,288.9300,1085.7385,1
288.0597,288.9300,289.0231,963.3110,1
288.3767,289.0231,289.1161,739.3527,1
288.4137,289.1161,289.2091,795.3792,1
288.4362,289.2091,289.3003,864.1011,1
288.4950,289.3003,289.3902,895.1616,1
288.8063,289.3902,289.4793,673.0560,1
288.9357,289.4794,289.5685,632.8113,1
289.0757,289.5685,289.6572,581.5462,1
289.1114,289.6572,289.7455,634.0801,1
289.1463,289.7455,289.8351,688.7366,1
289.3068,289.8351,289.9267,619.9346,1
289.3889,289.9268,290.0198,630.8135,1
289.5640,290.0198,290.1128,548.7827,1
289.7178,290.1128,290.2052,487.3907,1
289.8235,290.2052,290.2954,471.9479,1
289.8436,290.2954,290.3858,542.2417,1
290.0749,290.3858,290.4750,400.0286,1
290.1375,290.4750,290.5641,426.5972,1
290.1792,290.5641,290.6517,472.5105,1
290.2198,290.6517,290.7407,520.9677,1
290.2347,290.7408,290.8306,595.8539,1
290.2829,290.8306,290.9216,638.7055,1
290.3630,290.9216,291.0143,651.2865,1
290.3652,291.0143,291.1073,742.1567,1
290.7187,291.1073,291.1990,480.2277,1
290.8040,291.1990,291.2900,485.9588,1
290.8482,291.2900,291.3810,532.8813,1
290.8578,291.3811,291.4721,614.2830,1
290.8910,291.4721,291.5613,670.3180,1
291.0077,291.5613,291.6505,642.7913,1
291.0387,291.6505,291.7396,700.8901,1
291.0813,291.7396,291.8290,747.7414,1
291.1901,291.8290,291.9209,730.7606,1
291.3658,291.9209,292.0136,647.7589,1
291.5968,292.0136,292.1057,508.8935,1
291.6136,292.1057,292.1973,583.7558,1
291.6785,292.1974,292.2892,610.6937,1
291.7169,292.2892,292.3803,663.3885,1
291.9394,292.3803,292.4713,531.8506,1
292.2101,292.4713,292.5609,350.8775,1
292.2122,292.5609,292.6501,437.8749,1
292.2968,292.6501,292.7402,443.3776,1
292.3515,292.7402,292.8312,479.7124,1
292.3750,292.8312,292.9232,548.2444,1
292.4357,292.9233,293.0145,578.8834,1
292.4964,293.0146,293.1064,610.0295,1
292.5744,293.1064,293.1975,623.0593,1
292.8416,293.1975,293.2885,446.9373,1
293.1406,293.2885,293.3795,238.9368,1
293.2173,293.3796,293.4690,251.7561,1
293.4003,293.4690,293.5590,158.6617,1
293.4016,293.5590,293.6486,246.9546,1
293.4989,293.6486,293.7386,239.6629,1
293.8167,293.8172,293.8852,68.5047,1
293.8357,293.8852,293.9750,139.3565,1
293.8498,293.9751,294.0618,212.0255,1
294.0816,294.0821,294.1555,73.8483,1
294.3058,294.3063,294.3738,67.9139,1
294.3371,294.3738,294.4641,126.9683,1
294.3376,294.4641,294.5513,213.6817,1
294.3776,294.5513,294.6378,260.2254,1
294.4053,294.6378,294.7252,319.9081,1
294.6130,294.7252,294.8113,198.3167,1
294.6166,294.8113,294.8987,282.0040,1
294.6354,294.8987,294.9860,350.6364,1
294.7430,294.9860,295.0733,330.3921,1
294.9171,295.0734,295.1821,265.0773,1
294.9253,295.1822,295.2801,354.7760,1
294.9917,295.2801,295.3731,381.3856,1
295.0747,295.3731,295.4625,387.7847,1
295.1543,295.4625,295.5498,395.5007,1
295.1885,295.5499,295.6377,449.1838,1
295.2131,295.6377,295.7254,512.2432,1
295.3043,295.7254,295.8127,508.4009,1
295.5088,295.8127,295.9000,391.2359,1
295.5741,295.9001,295.9868,412.6575,1
295.6255,295.9868,296.0834,457.9188,1
295.6825,296.0835,296.1839,501.4631,1
295.7831,296.1840,296.2789,495.8428,1
295.9344,296.2789,296.3716,437.2323,1
296.2467,296.3716,296.4616,214.8852,1
296.2802,296.4617,296.5492,269.0699,1
296.3473,296.5493,296.6382,290.9292,1
296.5109,296.6382,296.7255,214.5758,1
296.5979,296.7255,296.8129,214.9441,1
296.8550,296.8554,296.9235,68.4680,1
296.9096,296.9235,297.0138,104.2172,1
296.9722,297.0138,297.1018,129.6669,1
296.9763,297.1018,297.1929,216.6098,1
297.1846,297.1929,297.2839,99.3210,1
297.2590,297.2839,297.3750,116.0032,1
297.3672,297.3750,297.4645,97.3230,1
297.3851,297.4645,297.5537,168.5421,1
297.5612,297.5616,297.6432,81.9765,1
297.7141,297.7143,297.7840,69.9910,1
297.7265,297.7841,297.8735,146.9753,1
297.9649,297.9653,298.0301,65.2503,1
297.9722,298.0302,298.1227,150.4399,1
298.0044,298.1227,298.2083,203.8683,1
298.1340,298.2083,298.2955,161.4771,1
298.3294,298.3298,298.3973,67.8979,1
298.3375,298.3973,298.4875,149.9597,1
298.3806,298.4875,298.5748,194.2570,1
298.4082,298.5749,298.6622,254.0380,1
298.4989,298.6622,298.7495,250.6029,1
298.5648,298.7495,298.8553,290.5003,1
298.6878,298.8553,298.9455,257.6708,1
298.8154,298.9455,299.0346,219.1916,1
298.9306,299.0346,299.1220,191.4010,1
298.9876,299.1220,299.2215,233.8683,1
299.0159,299.2215,299.3123,296.4581,1
299.1103,299.3123,299.4027,292.4556,1
299.1131,299.4027,299.4907,377.5496,1
299.1156,299.4907,299.5788,463.1956,1
299.1164,299.5788,299.6662,549.8246,1
299.2796,299.6662,299.7609,481.2690,1
299.4000,299.7609,299.8560,456.0034,1
299.4571,299.8560,299.9472,490.0173,1
299.5167,299.9472,300.0363,519.5682,1
299.5233,300.0363,300.1297,606.3889,1
299.5247,300.1297,300.2233,698.6422,1
299.5656,300.2233,300.3146,748.9739,1
299.6393,300.3146,300.4041,764.7830,1
299.7314,300.4041,300.4933,761.8149,1
299.9195,300.4933,300.5824,662.9049,1
299.9313,300.5824,300.6732,741.9375,1
299.9785,300.6732,300.7666,788.1030,1
300.8431,300.8442,300.9138,70.6725,1
301.1119,301.1124,301.1802,68.2924,1
301.3126,301.3130,301.3807,68.0972,1
301.3175,301.3808,301.4722,154.7665,1
301.4937,301.4940,301.5665,72.8646,1
302.3987,302.3999,302.4643,65.5494,1
302.7348,302.7354,302.7994,64.5363,1
302.7454,302.7994,302.8915,146.1630,1
303.0975,303.0981,303.1642,66.6364,1
303.1731,303.1734,303.2562,83.1143,1
303.5125,303.5130,303.5789,66.3934,1
303.6537,303.6540,303.7204,66.7839,1
304.9634,304.9648,305.0313,67.9006,1
305.0631,305.0634,305.1348,71.6831,1
305.2593,305.2597,305.3269,67.5591,1
305.3887,305.3890,305.4559,67.1713,1
305.6932,305.6937,305.7585,65.3555,1
306.1598,306.1605,306.2286,68.7453,1
306.4749,306.4754,306.5391,64.2229,1
306.5424,306.5427,306.6264,83.9448,1
306.9569,306.9574,307.0252,68.3433,1
307.4161,307.4167,307.4806,64.5177,1
307.4309,307.4806,307.5717,140.8386,1
307.4376,307.5717,307.6569,219.2557,1
307.6999,307.7004,307.7637,63.8172,1
308.1159,308.1165,308.1785,62.5802,1
308.2906,308.2910,308.3563,65.6813,1
308.4210,308.4214,308.4892,68.2287,1
308.4619,308.4893,308.5782,116.2914,1
308.8098,308.8103,308.8755,65.7798,1
309.0556,309.0560,309.1184,62.8943,1
309.4306,309.4312,309.4984,67.7601,1
309.5827,309.5830,309.6462,63.4591,1
309.7084,309.7087,309.7725,64.0674,1
309.7277,309.7725,309.8615,133.8785,1
309.7868,309.8615,309.9465,159.6856,1
309.9339,309.9465,310.0321,98.2276,1
310.5083,310.5091,310.5727,64.3733,1
310.8871,310.8876,310.9542,67.1307,1
311.5168,311.5175,311.5797,62.8900,1
311.5798,311.5799,311.6699,90.0337,1
312.0142,312.0147,312.0813,67.0943,1
312.2483,312.2487,312.3152,66.8826,1
312.5313,312.5317,312.5938,62.5249,1
312.5797,312.5938,312.6839,104.1798,1
312.9977,312.9982,313.0600,62.3088,1
313.0387,313.0600,313.1515,112.8346,1
313.2322,313.2326,313.2995,67.2957,1
313.2805,313.2995,313.3883,107.7847,1
314.0392,314.0401,314.1022,63.0092,1
314.2300,314.2303,314.2951,65.0988,1
314.2795,314.2951,314.3840,104.4982,1
314.5827,314.5831,314.6508,68.1092,1
315.3257,315.3267,315.3928,67.0731,1
315.5055,315.5058,315.5694,63.9238,1
315.5514,315.5694,315.6586,107.2301,1
316.7627,316.7641,316.8282,65.5391,1
316.8238,316.8283,316.9159,92.0827,1
317.0014,317.0018,317.0685,67.0990,1
318.2425,318.2439,318.3069,64.4214,1
318.3194,318.3196,318.3952,75.8688,1
318.6131,318.6135,318.6801,66.9796,1
319.1024,319.1031,319.1685,66.0760,1
319.5614,319.5620,319.6291,67.7220,1
319.7265,319.7268,319.7919,65.4268,1
319.7504,319.7919,319.8794,129.0568,1
319.7658,319.8794,319.9624,196.6263,1
319.9041,319.9624,320.0464,142.3168,1
320.3258,320.3264,320.3909,65.1013,1
320.4702,320.4706,320.5364,66.1944,1
320.8814,320.8820,320.9487,67.3242,1
321.0380,321.0383,321.0998,61.7843,1
321.4555,321.4561,321.5172,61.6665,1
321.7640,321.7645,321.8302,66.1928,1
322.0824,322.0830,322.1501,67.6665,1
323.1433,323.1446,323.2099,66.5180,1
323.5927,323.5934,323.6575,64.8463,1
323.9501,323.9505,324.0171,66.9749,1
324.3724,324.3729,324.4333,60.8509,1
324.4791,324.4793,324.5428,63.6925,1
324.4888,324.5428,324.6303,141.4456,1
324.5061,324.6303,324.7135,207.3690,1
324.5564,324.7135,324.7972,240.8084,1
324.9226,324.9231,324.9870,64.3810,1
325.0068,325.0070,325.0780,71.1992,1
325.0762,325.0780,325.1627,86.4299,1
325.1399,325.1627,325.2466,106.6747,1
325.2336,325.2466,325.3305,96.8929,1
325.2366,325.3305,325.4145,177.8227,1
325.2678,325.4145,325.4984,230.6185,1
325.4029,325.4984,325.5823,179.4325,1
325.5193,325.5823,325.6662,146.9452,1
325.6652,325.6663,325.7526,87.4586,1
325.7839,325.7843,325.8630,79.0987,1
325.7969,325.8631,325.9570,160.1492,1
326.1724,326.1730,326.2365,64.1150,1
326.2128,326.2366,326.3261,113.3213,1
326.4518,326.4522,326.5184,66.6141,1
326.6052,326.6056,326.6711,65.9103,1
326.6076,326.6711,326.7581,150.5280,1
326.7382,326.7582,326.8411,102.9103,1
327.7497,327.7510,327.8139,64.1102,1
327.7879,327.8139,327.9029,115.0343,1
327.8504,327.9029,327.9864,136.0428,1
327.8831,327.9864,328.0700,186.8710,1
327.9338,328.0700,328.1539,220.0511,1
328.2898,328.2904,328.3546,64.8353,1
328.4112,328.4115,328.4737,62.5003,1
328.5678,328.5681,328.6315,63.7104,1
328.7989,328.7993,328.8670,68.1699,1
329.3240,329.3248,329.3870,62.9976,1
330.0151,330.0164,330.0819,66.8599,1
330.0435,330.0820,330.1702,126.6530,1
330.1461,330.1702,330.2529,106.7759,1
330.2768,330.2772,330.3436,66.7489,1
330.3812,330.3815,330.4477,66.4593,1
330.5310,330.5313,330.5913,60.3656,1
330.6451,330.6454,330.7115,66.4127,1
330.7477,330.7480,330.8145,66.8474,1
331.0163,331.0168,331.0818,65.5055,1
331.1425,331.1428,331.2058,63.3398,1
331.2191,331.2198,331.2963,77.1557,1
331.2919,331.2963,331.3797,87.8585,1
331.5485,331.5490,331.6159,67.3822,1
331.5827,331.6159,331.7034,120.6931,1
331.9330,331.9336,331.9968,63.7841,1
332.6241,332.6250,332.6870,62.9022,1
333.2684,333.2692,333.3324,63.9801,1
333.3472,333.3474,333.4219,74.7517,1
333.6049,333.6053,333.6717,66.8898,1
333.7656,333.7660,333.8269,61.3091,1
334.3212,334.3218,334.3856,64.4063,1
334.5864,334.5869,334.6537,67.2483,1
334.7355,334.7358,334.7977,62.1707,1
334.7899,334.7977,334.8859,95.9564,1
335.0660,335.0665,335.1329,66.9437,1
335.4401,335.4406,335.5051,65.0251,1
335.5967,335.5970,335.6652,68.4612,1
335.6892,335.6893,335.7597,70.5465,1
335.8021,335.8023,335.8714,69.3015,1
335.9915,335.9918,336.0565,64.9087,1
336.3969,336.3974,336.4627,65.7877,1
336.5861,336.5863,336.6468,60.7515,1
336.5922,336.6469,336.7351,142.9470,1
336.9429,336.9434,337.0078,64.9251,1
337.9799,337.9811,338.0453,65.3496,1
338.1054,338.1056,338.1642,58.8018,1
338.5783,338.5789,338.6446,66.3106,1
339.1547,339.1555,339.2226,67.8546,1
339.5953,339.5959,339.6622,66.9051,1
340.0403,340.0410,340.1054,65.0813,1
340.3661,340.3666,340.4323,66.1615,1
340.9110,340.9118,340.9744,63.3870,1
341.5563,341.5572,341.6224,66.0215,1
341.7330,341.7333,341.7985,65.5061,1
342.2587,342.2594,342.3231,64.4045,1
342.3670,342.3673,342.4325,65.4459,1
342.7069,342.7074,342.7689,62.0464,1
342.7337,342.7690,342.8575,123.7614,1
342.7743,342.8575,342.9386,164.2950,1
342.8877,342.9386,343.0209,133.2588,1
343.0642,343.0645,343.1302,66.0775,1
343.1048,343.1303,343.2160,111.2826,1
343.1340,343.2161,343.2983,164.3171,1
343.2145,343.2983,343.3810,166.4540,1
343.4432,343.4437,343.5101,66.8212,1
343.9463,343.9470,344.0131,66.8225,1
344.1822,344.1827,344.2484,66.1722,1
344.5234,344.5239,344.5891,65.6535,1
344.8451,344.8456,344.9098,64.6889,1
345.0008,345.0011,345.0618,61.0501,1
345.1025,345.1028,345.1668,64.2848,1
345.2022,345.2025,345.2683,66.0669,1
345.2764,345.2767,345.3540,77.5720,1
345.6571,345.6577,345.7221,65.0433,1
345.8849,345.8853,345.9478,62.8866,1
345.9021,345.9478,346.0364,134.2102,1
345.9147,346.0364,346.1182,203.4584,1
346.0577,346.1182,346.2005,142.7953,1
346.5299,346.5306,346.5950,65.0544,1
346.5552,346.5950,346.6824,127.1808,1
346.7194,346.7198,346.7840,64.5541,1
346.9926,346.9931,347.0593,66.6896,1
347.2599,347.2605,347.3261,66.1959,1
348.1400,348.1411,348.2041,64.1444,1
348.2944,348.2948,348.3593,64.8895,1
348.6182,348.6187,348.6834,65.2540,1
348.8071,348.8075,348.8717,64.6152,1
348.9481,348.9484,349.0136,65.5040,1
349.1558,349.1562,349.2223,66.5474,1
349.2027,349.2223,349.3086,105.8601,1
350.0039,350.0050,350.0661,62.1344,1
350.2396,350.2400,350.3063,66.6937,1
350.3174,350.3177,350.3938,76.3813,1
350.3479,350.3938,350.4766,128.6987,1
350.5050,350.5054,350.5698,64.8052,1
350.6581,350.6585,350.7243,66.2131,1
350.9858,350.9863,351.0468,61.0686,1
351.0120,351.0469,351.1359,123.8751,1
351.7666,351.7675,351.8323,65.6565,1
352.0164,352.0169,352.0802,63.7067,1
352.5249,352.5256,352.5857,60.7906,1
352.6360,352.6363,352.6999,63.9600,1
352.7331,352.7334,352.8001,67.0569,1
352.8420,352.8423,352.9078,65.7134,1
353.5066,353.5074,353.5718,65.1804,1
353.6271,353.6274,353.6920,64.9175,1
353.8596,353.8601,353.9205,60.8758,1
354.0186,354.0190,354.0845,65.8868,1
354.4414,354.4419,354.5069,65.4336,1
354.7826,354.7830,354.8432,60.5739,1
355.1142,355.1146,355.1784,64.2307,1
355.1837,355.1838,355.2649,81.2333,1
355.3340,355.3342,355.3973,63.3037,1
356.1854,356.1864,356.2478,62.3220,1
356.5798,356.5803,356.6457,65.8615,1
356.6975,356.6977,356.7618,64.3491,1
356.7141,356.7619,356.8469,132.8061,1
356.8507,356.8511,356.9291,78.3525,1
356.8611,356.9291,357.0119,150.8302,1
357.1466,357.1471,357.2119,65.3414,1
357.5227,357.5233,357.5849,62.1652,1
357.5850,357.5852,357.6732,88.1899,1
357.7964,357.7968,357.8587,62.2507,1
358.4885,358.4894,358.5546,66.1241,1
358.9890,358.9897,359.0524,63.3563,1
359.8662,359.8673,359.9286,62.4740,1
359.9558,359.9559,360.0231,67.2971,1
360.3442,360.3447,360.4094,65.2130,1
361.5673,361.5688,361.6338,66.4247,1
361.7884,361.7888,361.8525,64.1054,1
361.8702,361.8704,361.9413,71.1243,1
361.9316,361.9413,362.0239,92.3282,1
362.3045,362.3050,362.3672,62.6849,1
362.6947,362.6952,362.7601,65.3439,1
362.9435,362.9439,363.0064,62.8669,1
363.1585,363.1588,363.2197,61.1687,1
363.4116,363.4119,363.4743,62.7245,1
363.6969,363.6972,363.7574,60.5428,1
364.1623,364.1629,364.2237,61.4414,1
364.2204,364.2238,364.3121,91.7086,1
364.2567,364.3121,364.3936,136.8073,1
364.4587,364.4591,364.5189,60.2371,1
364.9936,364.9942,365.0551,61.5696,1
365.2962,365.2967,365.3609,64.6804,1
365.3169,365.3609,365.4465,129.5437,1
365.3841,365.4465,365.5286,144.4617,1
365.5791,365.5794,365.6434,64.2368,1
366.1387,366.1393,366.2025,63.8238,1
366.1527,366.2025,366.2897,136.9525,1
366.1587,366.2897,366.3708,212.1232,1
366.6040,366.6045,366.6671,63.0330,1
366.8562,366.8566,366.9214,65.2579,1
366.9349,366.9351,367.0092,74.2684,1
367.0920,367.0924,367.1553,63.3119,1
367.3322,367.3325,367.3962,64.0322,1
367.5756,367.5761,367.6360,60.4169,1
367.8214,367.8219,367.8820,60.6083,1
367.9279,367.9282,367.9914,63.4500,1
369.3154,369.3169,369.3826,67.2018,1
369.4678,369.4681,369.5331,65.3540,1
369.5235,369.5332,369.6186,95.0612,1
369.6027,369.6186,369.6994,96.6733,1
369.8506,369.8509,369.9115,60.9135,1
370.0544,370.0547,370.1154,61.0660,1
370.1395,370.1398,370.2100,70.4450,1
370.1677,370.2100,370.2932,125.5217,1
370.4809,370.4814,370.5457,64.8673,1
370.4830,370.5458,370.6333,150.2737,1
370.5391,370.6333,370.7145,175.3897,1
370.5667,370.7145,370.7961,229.4270,1
370.6404,370.7961,370.8784,238.0155,1
370.6778,370.8785,370.9608,282.9787,1
371.0999,371.1005,371.1652,65.2371,1
371.3651,371.3655,371.4317,66.6535,1
371.5466,371.5470,371.6090,62.4445,1
371.8168,371.8172,371.8774,60.5784,1
371.9805,371.9807,372.0416,61.1416,1
372.2705,372.2710,372.3359,65.3467,1
372.3950,372.3953,372.4596,64.6057,1
372.6671,372.6674,372.7309,63.8717,1
372.9502,372.9506,373.0159,65.7336,1
373.0357,373.0360,373.1073,71.6822,1
373.0607,373.1074,373.1904,129.6222,1
373.1568,373.1904,373.2719,115.1421,1
373.1921,373.2720,373.3543,162.1772,1
373.4431,373.4434,373.5060,62.9300,1
373.6849,373.6852,373.7490,64.1615,1
374.8157,374.8169,374.8837,68.0415,1
374.9230,374.9234,374.9896,66.5974,1
374.9718,374.9897,375.0743,102.5042,1
375.3713,375.3718,375.4354,64.1176,1
376.0636,376.0644,376.1306,66.9686,1
376.1815,376.1818,376.2461,64.6635,1
376.4355,376.4359,376.5006,65.0919,1
376.5881,376.5883,376.6497,61.5932,1
376.9577,376.9583,377.0198,62.1375,1
377.0835,377.0838,377.1481,64.6845,1
377.1250,377.1482,377.2342,109.1729,1
377.2079,377.2342,377.3160,108.0718,1
377.4192,377.4195,377.4814,62.2038,1
377.6472,377.6476,377.7099,62.7209,1
377.8186,377.8189,377.8803,61.6502,1
377.8579,377.8803,377.9688,110.9251,1
377.8765,377.9689,378.0496,173.0875,1
379.6759,379.6778,379.7387,62.7949,1
380.3395,380.3404,380.4017,62.1892,1
380.5666,380.5670,380.6319,65.2983,1
380.5933,380.6320,380.7176,124.2978,1
380.8609,380.8613,380.9234,62.4616,1
381.2267,381.2271,381.2922,65.5398,1
381.5668,381.5673,381.6273,60.5313,1
381.5925,381.6274,381.7133,120.8374,1
381.6090,381.7134,381.7948,185.8272,1
381.7581,381.7948,381.8758,117.6873,1
381.9339,381.9343,381.9990,65.0853,1
382.1549,382.1553,382.2157,60.7459,1
382.4681,382.4686,382.5341,65.9925,1
383.1208,383.1216,383.1848,63.9883,1
384.1547,384.1558,384.2179,63.2302,1
384.3253,384.3255,384.3889,63.6282,1
384.7598,384.7605,384.8240,64.1980,1
385.9913,385.9927,386.0560,64.6451,1
386.0973,386.0976,386.1582,60.9663,1
386.2004,386.2007,386.2633,62.8543,1
386.3157,386.3160,386.3770,61.3306,1
386.7919,386.7925,386.8536,61.6424,1
386.8476,386.8536,386.9392,91.5945,1
387.3592,387.3600,387.4236,64.3615,1
387.4255,387.4258,387.5096,84.0566,1
387.5668,387.5670,387.6312,64.3773,1
387.5763,387.6312,387.7161,139.7889,1
388.0659,388.0665,388.1290,63.0881,1
388.0746,388.1290,388.2141,139.4987,1
388.3278,388.3283,388.3896,61.8316,1
388.9892,388.9900,389.0501,60.8753,1
389.0173,389.0501,389.1361,118.7216,1
389.3909,389.3914,389.4543,63.3774,1
389.4392,389.4543,389.5403,101.0183,1
389.5590,389.5593,389.6305,71.4590,1
390.2436,390.2445,390.3077,64.1718,1
390.7880,390.7888,390.8520,63.9913,1
390.8487,390.8520,390.9372,88.4946,1
391.2550,391.2555,391.3159,60.8900,1
392.0033,392.0041,392.0683,65.0512,1
392.0658,392.0684,392.1530,87.1434,1
392.1728,392.1731,392.2411,68.2810,1
392.7083,392.7091,392.7682,59.8593,1
392.7327,392.7682,392.8557,123.0573,1
393.0554,393.0559,393.1214,65.9675,1
393.0572,393.1214,393.2083,151.0392,1
393.1266,393.2083,393.2888,162.2054,1
393.2359,393.2888,393.3695,133.5707,1
393.5784,393.5789,393.6412,62.8405,1
393.7929,393.7933,393.8567,63.7984,1
394.0422,394.0427,394.1028,60.5580,1
394.0490,394.1028,394.1894,140.4162,1
394.0859,394.1894,394.2702,184.3456,1
394.2435,394.2702,394.3511,107.5689,1
394.3877,394.3881,394.4494,61.7000,1
394.4671,394.4673,394.5385,71.3458,1
394.6038,394.6041,394.6675,63.6532,1
394.7598,394.7601,394.8273,67.4496,1
395.3158,395.3164,395.3797,63.9224,1
395.5639,395.5642,395.6234,59.5480,1
396.0581,396.0587,396.1254,67.3469,1
396.2502,396.2505,396.3107,60.5182,1
396.3235,396.3236,396.3990,75.5090,1
396.3396,396.3990,396.4803,140.7032,1
396.5676,396.5680,396.6313,63.7130,1
397.3279,397.3289,397.3911,63.1798,1
397.4952,397.4956,397.5572,61.9712,1
397.5633,397.5635,397.6444,81.1558,1
397.7484,397.7488,397.8129,64.5080,1
398.0397,398.0402,398.1021,62.4328,1
398.0730,398.1021,398.1880,115.0921,1
398.1494,398.1881,398.2690,119.6035,1
398.2733,398.2736,398.3498,76.4968,1
398.3152,398.3498,398.4314,116.2700,1
398.5473,398.5476,398.6105,63.2147,1
398.6018,398.6105,398.6962,94.3964,1
398.6130,398.6962,398.7759,162.8802,1
398.6687,398.7759,398.8566,187.9418,1
398.7995,398.8567,398.9377,138.2432,1
398.9104,398.9377,399.0186,108.1892,1
399.2429,399.2434,399.3088,65.9808,1
399.5018,399.5022,399.5616,59.8142,1
399.7299,399.7304,399.7901,60.1211,1
399.7698,399.7901,399.8780,108.1531,1
399.9030,399.9033,399.9692,66.2404,1
400.1632,400.1637,400.2293,66.0293,1
400.1972,400.2293,400.3145,117.2343,1
400.3077,400.3145,400.3952,87.5600,1
400.4216,400.4219,400.4884,66.8121,1
400.8540,400.8546,400.9187,64.7175,1
400.9237,400.9239,401.0047,80.9685,1
400.9960,401.0047,401.0859,89.8554,1
401.4819,401.4825,401.5423,60.4328,1
401.6059,401.6061,401.6675,61.6144,1
401.9772,401.9776,402.0412,64.0505,1
402.0976,402.0978,402.1613,63.6243,1
402.5682,402.5687,402.6282,59.9934,1
402.5761,402.6282,402.7163,140.2111,1
402.6547,402.7164,402.7967,141.9620,1
402.8946,402.8951,402.9553,60.6855,1
403.1510,403.1514,403.2152,64.2688,1
403.1807,403.2153,403.3017,120.9561,1
403.6962,403.6969,403.7583,62.0770,1
403.9795,403.9800,404.0431,63.6116,1
404.0736,404.0738,404.1378,64.2521,1
404.1761,404.1764,404.2402,64.1495,1
404.6896,404.6903,404.7536,63.9899,1
404.7444,404.7536,404.8386,94.2294,1
404.7895,404.8386,404.9200,130.4339,1
404.8569,404.9200,405.0008,143.9056,1
404.9019,405.0008,405.0816,179.6500,1
404.9458,405.0816,405.1624,216.5702,1
404.9859,405.1624,405.2432,257.2667,1
405.1736,405.2432,405.3243,150.6960,1
405.1865,405.3243,405.4051,218.6371,1
405.4033,405.4051,405.4865,83.1399,1
405.4357,405.4865,405.6004,164.6457,1
405.5251,405.6004,405.6862,161.0913,1
405.6318,405.6862,405.7721,140.2725,1
405.7694,405.7721,405.8550,85.5830,1
405.8950,405.8953,405.9586,63.5521,1
405.9778,405.9780,406.0477,69.8725,1
406.0426,406.0477,406.1310,88.3961,1
406.1706,406.1709,406.2359,65.3734,1
406.5840,406.5846,406.6481,64.1480,1
406.5998,406.6482,406.7353,135.5093,1
406.6129,406.7353,406.8161,203.1867,1
406.6913,406.8161,406.8976,206.3203,1
406.7354,406.8977,406.9792,243.7255,1
406.8912,406.9792,407.0607,169.4988,1
406.9684,407.0607,407.1422,173.8284,1
407.1704,407.1708,407.2357,65.2860,1
407.1904,407.2357,407.3231,132.6940,1
407.3842,407.3846,407.4494,65.1799,1
407.4642,407.4644,407.5404,76.2243,1
407.5454,407.5456,407.6242,78.8254,1
408.0118,408.0124,408.0733,61.4472,1
408.0299,408.0733,408.1599,129.9729,1
408.1096,408.1599,408.2406,130.9721,1
408.4204,408.4207,408.4810,60.6404,1
408.4696,408.4810,408.5688,99.2241,1
408.4917,408.5688,408.6496,157.8278,1
408.5266,408.6496,408.7311,204.5591,1
408.6770,408.7311,408.8125,135.5235,1
408.8642,408.8645,408.9265,62.3129,1
409.2298,409.2302,409.2915,61.7235,1
409.2972,409.2974,409.3797,82.4912,1
409.5335,409.5338,409.5961,62.5906,1
409.8883,409.8888,409.9490,60.6995,1
409.9793,409.9795,410.0477,68.4333,1
410.1075,410.1077,410.1685,61.0321,1
410.3186,410.3189,410.3799,61.3026,1
410.3228,410.3799,410.4668,144.0647,1
410.3724,410.4668,410.5476,175.2086,1
410.4705,410.5476,410.6289,158.3799,1
410.6567,410.6570,410.7253,68.6339,1
410.6610,410.7253,410.8084,147.4666,1
411.0199,411.0205,411.0851,65.2281,1
411.1074,411.1077,411.1782,70.8638,1
411.2989,411.2993,411.3612,62.3395,1
411.3051,411.3613,411.4471,142.0576,1
411.3254,411.4472,411.5281,202.6991,1
411.3813,411.5281,411.6096,228.2643,1
411.5762,411.6096,411.6911,114.9389,1
411.8936,411.8942,411.9563,62.6527,1
411.9149,411.9563,412.0430,128.1356,1
411.9915,412.0431,412.1243,132.8151,1
411.9964,412.1243,412.2059,209.5188,1
412.1236,412.2059,412.2874,163.7939,1
412.1572,412.2874,412.3690,211.7100,1
412.2107,412.3690,412.4513,240.5435,1
412.2880,412.4513,412.5324,244.4612,1
412.4367,412.5324,412.6137,176.9305,1
412.7093,412.7098,412.7746,65.2446,1
412.7494,412.7746,412.8619,112.4298,1
412.9924,412.9929,413.0554,62.9494,1
413.1151,413.1154,413.1783,63.1988,1
413.4943,413.4948,413.5593,64.9489,1
413.4950,413.5593,413.6457,150.7599,1
413.6602,413.6606,413.7315,71.2677,1
413.7031,413.7315,413.8142,111.0478,1
413.7052,413.8142,413.8957,190.4526,1
413.7109,413.8957,413.9780,267.0979,1
413.7304,413.9780,414.0603,329.9399,1
413.8626,414.0604,414.1427,280.1086,1
414.0371,414.1427,414.2250,187.8505,1
414.2060,414.2250,414.3065,100.5511,1
414.3169,414.3172,414.4162,99.3092,1
414.3886,414.4162,414.5003,111.6556,1
414.7288,414.7294,414.7926,63.7695,1
414.7550,414.7926,414.8797,124.7411,1
414.8947,414.8951,414.9661,71.3306,1
415.0310,415.0313,415.0937,62.6701,1
415.0715,415.0937,415.1803,108.7625,1
415.0931,415.1803,415.2615,168.4480,1
415.2513,415.2615,415.3430,91.7195,1
415.5701,415.5706,415.6327,62.6928,1
415.8600,415.8605,415.9244,64.4255,1
416.0367,416.0370,416.1008,64.1063,1
416.5833,416.5839,416.6439,60.6393,1
416.5920,416.6439,416.7320,140.0014,1
416.8406,416.8411,416.9062,65.5743,1
417.0158,417.0162,417.0796,63.7543,1
417.1235,417.1239,417.1844,60.9042,1
417.2552,417.2555,417.3198,64.5648,1
417.2600,417.3198,417.4056,145.6705,1
417.2759,417.4057,417.4874,211.4553,1
417.5089,417.5093,417.5792,70.3003,1
417.6517,417.6521,417.7175,65.7026,1
417.6874,417.7175,417.8033,115.9494,1
417.9216,417.9221,417.9879,66.2671,1
417.9533,417.9879,418.0739,120.6418,1
418.4418,418.4425,418.5028,60.9192,1
418.4483,418.5028,418.5907,142.4145,1
418.6126,418.6129,418.6826,70.0662,1
419.2283,419.2292,419.2916,63.2581,1
419.3927,419.3931,419.4577,64.9633,1
419.4961,419.4965,419.5628,66.6510,1
419.5342,419.5628,419.6469,112.6801,1
419.7284,419.7288,419.7935,65.0403,1
419.9542,419.9547,420.0157,61.4168,1
420.5514,420.5523,420.6165,65.0337,1
420.6258,420.6261,420.7021,76.2706,1
420.6821,420.7021,420.7843,102.1452,1
420.7932,420.7935,420.8673,74.1147,1
420.9261,420.9264,420.9903,64.2353,1
421.0176,421.0180,421.0842,66.5447,1
421.2017,421.2021,421.2621,60.4146,1
421.2632,421.2635,421.3500,86.7529,1
421.3068,421.3500,421.4315,124.6696,1
421.6253,421.6258,421.6902,64.9319,1
421.6348,421.6902,421.7784,143.6194,1
421.6998,421.7784,421.8601,160.2664,1
422.1401,422.1408,422.2013,61.1704,1
422.2733,422.2737,422.3373,63.9638,1
422.4800,422.4804,422.5403,60.3236,1
422.4851,422.5404,422.6282,143.1322,1
422.8301,422.8306,422.8969,66.8220,1
422.8350,422.8969,422.9827,147.7343,1
423.1854,423.1860,423.2489,63.5487,1
423.6853,423.6860,423.7491,63.7682,1
423.9276,423.9279,423.9925,64.8959,1
423.9385,423.9925,424.0790,140.4463,1
423.9510,424.0790,424.1599,208.8354,1
424.2878,424.2884,424.3528,64.9355,1
424.4289,424.4292,424.4946,65.6983,1
424.4821,424.4946,424.5800,97.8992,1
424.5045,424.5800,424.6620,157.5172,1
424.5418,424.6621,424.7440,202.1873,1
424.5943,424.7440,424.8259,231.6620,1
424.6726,424.8260,424.9083,235.6632,1
424.7953,424.9083,424.9906,195.2430,1
424.8076,424.9906,425.0729,265.2818,1
424.8829,425.0729,425.1553,272.4462,1
424.9263,425.1553,425.2397,313.3931,1
425.0137,425.2397,425.3473,333.5397,1
425.0277,425.3473,425.4352,407.4777,1
425.1306,425.4352,425.5214,390.7210,1
425.3185,425.5214,425.6053,286.7968,1
425.3292,425.6053,425.6885,359.3163,1
425.3836,425.6885,425.7708,387.2089,1
425.4803,425.7709,425.8543,373.9849,1
425.6419,425.8543,425.9366,294.7379,1
425.6756,425.9366,426.0190,343.3139,1
425.7250,426.0190,426.1026,377.6577,1
425.7623,426.1027,426.1903,428.0455,1
426.0496,426.1903,426.2861,236.5053,1
426.1556,426.2862,426.3773,221.6806,1
426.2858,426.3773,426.4653,179.5780,1
426.3557,426.4653,426.5511,195.3578,1
426.4864,426.5511,426.6358,149.4218,1
426.5618,426.6358,426.7194,157.5641,1
426.6117,426.7194,426.8027,191.0446,1
426.6317,426.8027,426.8856,253.9324,1
426.7788,426.8856,426.9681,189.2421,1
426.9933,426.9936,427.0609,67.6091,1
427.1992,427.1996,427.2642,65.0001,1
427.6432,427.6437,427.7067,63.4928,1
428.0467,428.0472,428.1116,64.8903,1
428.3255,428.3259,428.3873,61.7696,1
428.3275,428.3873,428.4753,147.7737,1
428.4303,428.4753,428.5567,126.4483,1
428.4759,428.5567,428.6387,162.8539,1
428.5570,428.6388,428.7211,164.0310,1
428.6943,428.7211,428.8034,109.1254,1
428.8542,428.8546,428.9203,66.0684,1
428.8881,428.9203,429.0062,118.0546,1
429.0425,429.0428,429.1091,66.6436,1
429.3797,429.3802,429.4399,60.2592,1
429.4623,429.4626,429.5338,71.5447,1
429.5870,429.5874,429.6497,62.6457,1
429.5886,429.6497,429.7359,147.2509,1
429.8094,429.8098,429.8747,65.3466,1
429.9705,429.9708,430.0342,63.6438,1
429.9962,430.0342,430.1214,125.1917,1
430.0628,430.1214,430.2032,140.3416,1
430.1216,430.2032,430.2855,163.8337,1
430.4318,430.4323,430.4992,67.3961,1
430.4395,430.4992,430.5862,146.7470,1
430.7106,430.7111,430.7743,63.6424,1
430.7897,430.7900,430.8634,73.7022,1
430.9603,430.9607,431.0253,64.9489,1
431.0262,431.0265,431.1122,85.9640,1
431.0458,431.1122,431.1945,148.7231,1
431.2219,431.2223,431.2892,67.2077,1
431.2868,431.2892,431.3750,88.1446,1
431.4971,431.4975,431.5605,63.4674,1
431.6637,431.6641,431.7248,61.1044,1
431.7081,431.7248,431.8126,104.4205,1
431.7297,431.8126,431.8949,165.1977,1
431.8277,431.8949,431.9772,149.4771,1
432.1626,432.1631,432.2248,62.1754,1
432.1986,432.2248,432.3129,114.2519,1
432.6355,432.6362,432.6983,62.7977,1
432.6637,432.6984,432.7862,122.4128,1
432.6760,432.7862,432.8684,192.4185,1
432.7390,432.8684,432.9507,211.7080,1
433.1270,433.1276,433.1939,66.8674,1
433.1581,433.1939,433.2811,122.9448,1
433.1816,433.2811,433.3634,181.8207,1
433.1887,433.3634,433.4457,257.0476,1
433.3030,433.4457,433.5280,225.0403,1
433.4620,433.5281,433.6104,148.4137,1
433.5352,433.6104,433.6927,157.4644,1
433.5501,433.6927,433.7754,225.2633,1
433.5649,433.7754,433.8577,292.8274,1
433.6012,433.8577,433.9408,339.5215,1
433.6095,433.9408,434.0529,443.4424,1
433.8004,434.0529,434.1409,340.4865,1
434.0144,434.1409,434.2273,212.9513,1
434.1216,434.2273,434.3129,191.2700,1
434.4873,434.4879,434.5531,65.8160,1
434.6876,434.6880,434.7503,62.6675,1
434.9853,434.9858,435.0498,64.4741,1
435.0318,435.0498,435.1360,104.2339,1
435.4262,435.4268,435.4909,64.6357,1
435.4512,435.4909,435.5778,126.6468,1
435.4915,435.5778,435.6595,167.9960,1
435.6181,435.6595,435.7418,123.7459,1
435.7099,435.7418,435.8241,114.2429,1
435.9217,435.9221,435.9875,65.8167,1
436.0183,436.0186,436.0862,67.8790,1
436.0448,436.0862,436.1719,127.1099,1
436.1107,436.1719,436.2542,143.5009,1
436.1440,436.2542,436.3366,192.5929,1
436.2123,436.3366,436.4189,206.5658,1
436.4179,436.4189,436.5012,83.3395,1
436.4708,436.5012,436.5835,112.7329,1
436.5814,436.5835,436.6662,84.7336,1
436.5961,436.6662,436.7489,152.8500,1
436.7500,436.7504,436.8571,107.0817,1
436.9998,437.0002,437.0661,66.3573,1
437.0598,437.0662,437.1535,93.6702,1
437.3883,437.3889,437.4517,63.3179,1
437.5007,437.5010,437.5662,65.4594,1
437.6713,437.6717,437.7333,62.0110,1
437.7536,437.7539,437.8255,71.8344,1
438.1961,438.1967,438.2569,60.8593,1
438.2398,438.2570,438.3452,105.4031,1
438.3513,438.3516,438.4301,78.8848,1
438.7508,438.7514,438.8173,66.4588,1
438.7895,438.8173,438.9035,113.9255,1
438.7918,438.9035,438.9860,194.1704,1
438.8685,438.9860,439.0683,199.7829,1
438.8939,439.0683,439.1506,256.7442,1
438.9557,439.1507,439.2333,277.6682,1
439.0989,439.2334,439.3157,216.7200,1
439.3166,439.3170,439.3988,82.1634,1
439.5313,439.5317,439.5980,66.7087,1
439.5516,439.5980,439.6847,133.0763,1
439.8373,439.8377,439.9030,65.7003,1
439.8797,439.9031,439.9911,111.4682,1
440.0580,440.0584,440.1241,66.0675,1
440.2071,440.2075,440.2735,66.3836,1
440.2626,440.2736,440.3596,97.0314,1
440.5412,440.5417,440.6070,65.7670,1
440.6680,440.6683,440.7341,66.1160,1
440.7777,440.7780,440.8442,66.5113,1
440.9298,440.9301,440.9911,61.3240,1
440.9786,440.9912,441.0796,100.9589,1
441.0114,441.0796,441.1619,150.5071,1
441.1598,441.1619,441.2442,84.3973,1
441.3727,441.3732,441.4328,60.0940,1
441.5326,441.5330,441.5997,67.0665,1
441.6077,441.6080,441.6861,78.4370,1
441.6410,441.6862,441.7693,128.3253,1
441.8009,441.8012,441.8688,67.9684,1
442.5634,442.5642,442.6274,64.0172,1
442.9040,442.9046,442.9707,66.7358,1
443.2435,443.2441,443.3103,66.7064,1
443.5361,443.5367,443.6013,65.1493,1
443.6724,443.6727,443.7354,63.0163,1
443.9428,443.9433,444.0074,64.5981,1
443.9734,444.0074,444.0936,120.1168,1
444.1145,444.1148,444.1825,68.0206,1
444.1634,444.1825,444.2674,103.9980,1
444.2267,444.2674,444.3497,123.0271,1
444.2277,444.3497,444.4320,204.3401,1
444.5286,444.5291,444.5949,66.2931,1
444.5616,444.5949,444.6806,118.9884,1
444.6856,444.6859,444.7653,79.6254,1
444.8970,444.8974,444.9622,65.2622,1
445.4150,445.4158,445.4816,66.5756,1
445.6556,445.6560,445.7165,60.9481,1
445.6677,445.7165,445.8060,138.3381,1
445.7039,445.8060,445.8883,184.3793,1
445.8200,445.8883,445.9706,150.5740,1
445.8385,445.9706,446.0530,214.5031,1
445.8828,446.0530,446.1353,252.4679,1
446.2939,446.2945,446.3555,61.6261,1
446.3624,446.3626,446.4416,79.2614,1
446.4021,446.4416,446.5243,122.1421,1
446.5116,446.5243,446.6066,94.9610,1
446.5782,446.6066,446.6889,110.6938,1
447.0377,447.0382,447.1005,62.8756,1
447.1439,447.1441,447.2110,67.0561,1
447.2137,447.2138,447.2961,82.3825,1
447.6396,447.6402,447.7059,66.2811,1
447.6715,447.7060,447.7922,120.6991,1
447.8954,447.8959,447.9605,65.0538,1
447.9041,447.9605,448.0485,144.3641,1
448.2525,448.2530,448.3137,61.2193,1
448.5059,448.5064,448.5726,66.6447,1
448.6607,448.6610,448.7251,64.4369,1
448.7022,448.7251,448.8120,109.7247,1
448.9800,448.9805,449.0483,68.2876,1
448.9916,449.0483,449.1348,143.1832,1
449.1232,449.1348,449.2171,93.8843,1
449.1688,449.2171,449.2994,130.5793,1
449.2035,449.2994,449.3817,178.2611,1
449.6043,449.6049,449.6667,62.3823,1
449.6695,449.6697,449.7537,84.2370,1
449.6881,449.7537,449.8360,147.9330,1
449.8108,449.8360,449.9183,107.5149,1
449.8287,449.9184,450.0007,171.9804,1
450.2018,450.2024,450.2679,66.0267,1
450.5983,450.5988,450.6624,64.0902,1
450.6757,450.6759,450.7512,75.5033,1
450.7054,450.7513,450.8338,128.3990,1
450.8668,450.8671,450.9332,66.3395,1
451.0466,451.0468,451.1097,63.0835,1
451.0876,451.1097,451.1962,108.6186,1
451.1318,451.1962,451.2784,146.5759,1
451.3003,451.3006,451.3739,73.6480,1
451.3573,451.3739,451.4579,100.5686,1
451.4746,451.4749,451.5473,72.6927,1
451.5247,451.5473,451.6310,106.3327,1
451.7847,451.7852,451.8490,64.3056,1
451.7885,451.8491,451.9370,148.4753,1
452.1317,452.1323,452.1950,63.2786,1
452.5698,452.5704,452.6352,65.4272,1
452.6087,452.6352,452.7224,113.6447,1
452.6634,452.7224,452.8039,140.4776,1
452.6973,452.8039,452.8862,188.9528,1
453.2827,453.2835,453.3481,65.3907,1
453.2938,453.3481,453.4354,141.6602,1
453.5115,453.5119,453.5776,66.1468,1
453.5645,453.5777,453.6643,99.8105,1
453.8550,453.8555,453.9208,65.7815,1
453.9663,453.9667,454.0310,64.6363,1
454.2061,454.2066,454.2669,60.7414,1
454.3528,454.3530,454.4189,66.1520,1
454.6511,454.6516,454.7169,65.7965,1
454.9828,454.9833,455.0440,61.1589,1
454.9962,455.0440,455.1318,135.6293,1
455.0630,455.1318,455.2138,150.8212,1
455.2074,455.2138,455.2962,88.7431,1
455.2323,455.2962,455.3785,146.2060,1
455.6159,455.6165,455.6807,64.8744,1
455.7149,455.7151,455.7820,67.1055,1
455.7246,455.7820,455.8672,142.6638,1
455.8178,455.8672,455.9496,131.7339,1
455.8785,455.9496,456.0319,153.3567,1
455.9037,456.0319,456.1146,210.8421,1
456.0689,456.1146,456.1969,128.0747,1
456.1116,456.1970,456.2793,167.7108,1
456.1739,456.2793,456.3616,187.6771,1
456.2269,456.3616,456.4439,217.0396,1
456.2499,456.4439,456.5503,300.4162,1
456.2767,456.5503,456.6476,370.9508,1
456.2787,456.6476,456.7323,453.5458,1
456.3024,456.7323,456.8179,515.5048,1
456.3038,456.8179,456.9024,598.5803,1
456.6971,456.9024,456.9863,289.1707,1
456.7812,456.9863,457.0697,288.5193,1
456.8909,457.0697,457.1528,261.9353,1
456.9407,457.1528,457.2355,294.7952,1
457.1244,457.2355,457.3182,193.8016,1
457.2809,457.3182,457.4089,127.9207,1
457.3042,457.4089,457.5030,198.8353,1
457.3467,457.5030,457.5959,249.2736,1
457.3699,457.5960,457.6851,315.1673,1
457.3729,457.6851,457.7714,398.5432,1
457.6464,457.7714,457.8570,210.6138,1
457.6740,457.8570,457.9422,268.2056,1
457.6769,457.9422,458.0261,349.2081,1
457.7317,458.0262,458.1096,377.9026,1
457.8340,458.1096,458.1926,358.6676,1
457.9108,458.1927,458.2766,365.8503,1
458.1000,458.2766,458.3651,265.0521,1
458.2397,458.3651,458.4573,217.5895,1
458.6851,458.6857,458.7475,62.3803,1
458.7419,458.7475,458.8360,94.0774,1
459.0092,459.0097,459.0707,61.4668,1
459.1619,459.1622,459.2264,64.5603,1
459.2629,459.2632,459.3308,67.9268,1
459.3890,459.3893,459.4552,66.2657,1
459.4066,459.4552,459.5423,135.7091,1
459.4324,459.5424,459.6250,192.5396,1
459.5185,459.6250,459.7077,189.2001,1
459.9100,459.9106,459.9720,62.0338,1
459.9162,459.9721,460.0608,144.6662,1
460.0474,460.0609,460.1436,96.1779,1
460.0742,460.1436,460.2259,151.7445,1
460.1408,460.2259,460.3090,168.2158,1
460.1446,460.3090,460.3913,246.7247,1
460.2024,460.3914,460.4737,271.3191,1
460.3979,460.4737,460.5568,158.9278,1
460.4806,460.5568,460.6402,159.6571,1
460.5083,460.6402,460.7268,218.5053,1
460.5815,460.7268,460.8427,261.2778,1
461.0936,461.0944,461.1596,65.9570,1
461.1946,461.1949,461.2592,64.6228,1
461.4121,461.4126,461.4753,63.1569,1
461.4531,461.4753,461.5650,111.8600,1
461.5516,461.5650,461.6478,96.1151,1
462.1458,462.1466,462.2102,64.4015,1
462.2402,462.2404,462.3107,70.5125,1
462.3657,462.3660,462.4320,66.2450,1
462.3887,462.4320,462.5184,129.6260,1
462.4806,462.5184,462.6007,120.0953,1
462.7027,462.7031,462.7695,66.8241,1
462.8712,462.8716,462.9335,62.3101,1
463.0314,463.0318,463.0941,62.6851,1
463.1317,463.1320,463.2000,68.2845,1
463.1914,463.2000,463.2861,94.7098,1
463.3075,463.3078,463.3756,68.1880,1
463.4309,463.4312,463.4965,65.5703,1
463.5276,463.5279,463.5950,67.3446,1
463.5481,463.5950,463.6800,131.9104,1
463.5653,463.6800,463.7634,198.0899,1
463.6484,463.7634,463.8470,198.5745,1
464.0945,464.0952,464.1584,63.8487,1
464.2599,464.2602,464.3240,64.1466,1
464.3152,464.3241,464.4128,97.5403,1
464.3641,464.4128,464.4951,131.0394,1
464.4807,464.4952,464.5775,96.7710,1
464.7878,464.7884,464.8539,66.0403,1
464.9663,464.9667,465.0272,60.8244,1
465.2132,465.2136,465.2796,66.4237,1
465.5852,465.5857,465.6469,61.6594,1
465.6225,465.6469,465.7360,113.4376,1
466.0232,466.0238,466.0887,65.4829,1
466.1381,466.1384,466.2043,66.2651,1
466.2456,466.2459,466.3066,60.9525,1
466.5037,466.5041,466.5664,62.7574,1
466.5037,466.5665,466.6543,150.5932,1
466.6084,466.6543,466.7366,128.1963,1
466.9289,466.9294,466.9914,62.5444,1
466.9502,466.9914,467.0812,131.0747,1
466.9780,467.0813,467.1639,185.9574,1
467.0340,467.1639,467.2466,212.6332,1
467.0389,467.2466,467.3289,290.0474,1
467.0430,467.3290,467.4124,369.4080,1
467.1603,467.4124,467.4962,335.8328,1
467.1906,467.4962,467.5793,388.6910,1
467.3247,467.5793,467.6629,338.1369,1
467.3667,467.6629,467.7483,381.6068,1
467.4927,467.7483,467.8615,368.8118,1
467.5381,467.8615,467.9499,411.8132,1
467.8630,467.9499,468.0359,172.9159,1
467.9600,468.0359,468.1211,161.0322,1
468.3586,468.3592,468.4249,66.3553,1
468.6182,468.6187,468.6836,65.3581,1
469.1116,469.1123,469.1762,64.5622,1
469.1169,469.1762,469.2636,146.7081,1
469.1237,469.2636,469.3456,221.8597,1
469.2588,469.3456,469.4279,169.0673,1
469.5417,469.5421,469.6080,66.3452,1
469.5868,469.6080,469.6949,108.0445,1
469.7603,469.7607,469.8246,64.2981,1
470.0095,470.0098,470.0737,64.2620,1
470.0897,470.0900,470.1654,75.6840,1
470.1055,470.1654,470.2494,143.9048,1
470.2101,470.2494,470.3319,121.8393,1
470.4623,470.4628,470.5280,65.7052,1
470.6036,470.6040,470.6704,66.7502,1
470.6593,470.6704,470.7574,98.0913,1
470.7072,470.7574,470.8393,132.1046,1
470.8208,470.8393,470.9220,101.1988,1
471.5382,471.5391,471.6055,67.3232,1
471.5668,471.6055,471.6930,126.2875,1
471.5810,471.6931,471.7756,194.6327,1
471.6377,471.7756,471.8583,220.6540,1
472.1954,472.1961,472.2623,66.9284,1
472.4134,472.4138,472.4764,62.9167,1
472.8295,472.8301,472.8945,64.9445,1
473.3127,473.3133,473.3790,66.3176,1
473.4632,473.4635,473.5265,63.3083,1
473.7788,473.7792,473.8397,60.8325,1
473.9224,473.9226,473.9850,62.6233,1
474.1286,474.1289,474.1924,63.7151,1
474.1471,474.1924,474.2818,134.6633,1
474.1576,474.2818,474.3641,206.5343,1
474.2017,474.3641,474.4464,244.7270,1
474.2087,474.4465,474.5288,320.0926,1
474.3582,474.5288,474.6113,253.1723,1
474.3663,474.6114,474.6941,327.8262,1
474.4106,474.6941,474.7773,366.6459,1
474.4887,474.7773,474.8600,371.3255,1
474.8417,474.8600,474.9440,102.2908,1
474.9053,474.9440,475.0570,151.7047,1
474.9990,475.0570,475.1457,146.7204,1
475.2267,475.2272,475.2874,60.6785,1
475.2703,475.2874,475.3763,106.0784,1
475.3606,475.3763,475.4591,98.4391,1
475.4573,475.4591,475.5426,85.3596,1
475.5494,475.5496,475.6275,78.1507,1
475.7462,475.7466,475.8121,65.9017,1
475.8374,475.8377,475.9069,69.4545,1
476.0044,476.0046,476.0644,59.9730,1
476.0112,476.0644,476.1543,143.0974,1
476.1467,476.1543,476.2373,90.5726,1
476.3933,476.3937,476.4593,66.0069,1
476.6485,476.6489,476.7109,62.3168,1
476.7308,476.7310,476.8041,73.2136,1
476.7380,476.8041,476.8879,149.9179,1
476.7920,476.8880,476.9707,178.7108,1
476.8926,476.9707,477.0533,160.7513,1
476.9219,477.0533,477.1369,214.9746,1
477.1064,477.1369,477.2204,114.0156,1
477.1204,477.2204,477.3043,183.8587,1
477.2542,477.3043,477.3878,133.6274,1
477.3984,477.3987,477.4765,78.0977,1
477.4106,477.4765,477.5845,173.8989,1
477.7757,477.7762,477.8406,64.9289,1
477.8844,477.8847,477.9520,67.6460,1
477.9885,477.9888,478.0523,63.7891,1
478.0520,478.0523,478.1405,88.5677,1
478.2126,478.2129,478.2794,66.8279,1
478.5002,478.5006,478.5662,66.0433,1
478.6179,478.6182,478.6837,65.8466,1
478.8627,478.8632,478.9265,63.7544,1
478.8814,478.9265,479.0154,134.0154,1
479.3685,479.3690,479.4318,63.2974,1
479.3760,479.4318,479.5203,144.3416,1
479.4012,479.5203,479.6031,201.9639,1
479.4411,479.6032,479.6865,245.3747,1
479.5424,479.6865,479.7688,226.4179,1
479.8507,479.8511,479.9177,67.0055,1
479.9195,479.9198,480.0044,84.9199,1
479.9239,480.0044,480.0883,164.4073,1
480.0504,480.0884,480.1713,120.8863,1
480.3323,480.3328,480.3964,64.1288,1
480.4032,480.4035,480.4852,81.9456,1
480.4979,480.4980,480.5711,73.2469,1
480.6059,480.6062,480.6719,66.0826,1
480.6594,480.6720,480.7592,99.8209,1
480.8921,480.8925,480.9573,65.2064,1
480.9325,480.9574,481.0460,113.4239,1
481.0827,481.0831,481.1503,67.6258,1
481.1713,481.1716,481.2430,71.6119,1
481.2346,481.2430,481.3267,92.0992,1
481.2814,481.3267,481.4098,128.4715,1
481.3258,481.4098,481.4938,167.9826,1
481.3549,481.4938,481.5777,222.7870,1
481.4127,481.5777,481.6612,248.5576,1
481.4602,481.6612,481.7497,289.5608,1
481.8608,481.8615,481.9250,64.1142,1
482.1148,482.1153,482.1783,63.4969,1
482.2613,482.2616,482.3259,64.6716,1
482.4172,482.4176,482.4842,66.9968,1
482.8988,482.8995,482.9621,63.2840,1
483.4847,483.4854,483.5507,66.0361,1
483.4860,483.5508,483.6389,152.9477,1
483.6070,483.6389,483.7209,113.9811,1
483.7937,483.7941,483.8594,65.7336,1
483.8748,483.8751,483.9472,72.4168,1
484.0099,484.0103,484.0731,63.1601,1
484.0734,484.0736,484.1602,86.8126,1
484.3873,484.3878,484.4503,62.9813,1
484.4023,484.4503,484.5388,136.4860,1
484.4084,484.5388,484.6211,212.7862,1
484.4858,484.6212,484.7041,218.2888,1
484.4936,484.7041,484.7870,293.4137,1
484.5215,484.7871,484.8701,348.6043,1
484.5353,484.8701,484.9541,418.7652,1
484.7239,484.9541,485.0381,314.1740,1
484.8661,485.0381,485.1219,255.8039,1
484.9645,485.1219,485.2061,241.6162,1
485.3070,485.3076,485.3742,67.1658,1
485.3324,485.3742,485.4611,128.7142,1
485.4797,485.4801,485.5518,72.0542,1
485.8604,485.8609,485.9255,65.0889,1
485.8890,485.9255,486.0136,124.6536,1
485.9807,486.0136,486.0962,115.4954,1
486.0512,486.0963,486.1798,128.6028,1
486.2813,486.2817,486.3432,61.9754,1
486.3069,486.3433,486.4330,126.0341,1
486.5938,486.5943,486.6600,66.2458,1
486.6350,486.6601,486.7476,112.5550,1
486.8286,486.8291,486.8975,68.8723,1
487.4022,487.4030,487.4673,65.0955,1
487.4776,487.4779,487.5584,80.8297,1
487.5456,487.5585,487.6422,96.6059,1
487.5784,487.6422,487.7250,146.6749,1
487.6087,487.7251,487.8090,200.2699,1
487.6851,487.8090,487.8929,207.8049,1
487.7495,487.8929,487.9764,226.9641,1
488.0576,488.0581,488.1219,64.2863,1
488.1735,488.1738,488.2407,67.2143,1
488.2474,488.2477,488.3252,77.7734,1
488.4265,488.4269,488.4920,65.5497,1
488.4331,488.4921,488.5798,146.7172,1
488.4470,488.5798,488.6626,215.6318,1
488.6080,488.6626,488.7463,138.3349,1
488.6252,488.7463,488.8294,204.1868,1
488.6963,488.8295,488.9130,216.7020,1
488.7348,488.9130,488.9969,262.0805,1
488.7794,488.9969,489.0809,301.4210,1
488.8343,489.0809,489.1648,330.4557,1
488.8825,489.1648,489.2496,367.1607,1
488.9119,489.2497,489.3629,450.9260,1
488.9234,489.3629,489.4528,529.3687,1
489.1353,489.4528,489.5396,404.3342,1
489.1674,489.5397,489.6252,457.8534,1
489.2303,489.6253,489.7093,479.0333,1
489.2378,489.7094,489.7933,555.5343,1
489.6012,489.7933,489.8776,276.4616,1
489.6953,489.8776,489.9616,266.2967,1
489.9294,489.9616,490.0461,116.7495,1
489.9334,490.0461,490.1302,196.7788,1
490.2688,490.2694,490.3340,65.2162,1
490.3610,490.3613,490.4297,68.6725,1
490.4392,490.4395,490.5186,79.3251,1
490.5914,490.5917,490.6552,63.7914,1
490.6860,490.6863,490.7538,67.8564,1
490.7660,490.7661,490.8417,75.7063,1
490.8612,490.8615,490.9324,71.1979,1
490.9758,490.9760,491.0428,67.0958,1
491.0004,491.0429,491.1298,129.4651,1
491.1693,491.1697,491.2374,68.1038,1
491.1851,491.2375,491.3246,139.5769,1
491.2712,491.3247,491.4086,137.3287,1
491.6762,491.6769,491.7415,65.2401,1
492.0099,492.0104,492.0782,68.3439,1
492.2299,492.2303,492.2975,67.5825,1
492.2700,492.2975,492.3853,115.2773,1
492.5982,492.5987,492.6630,64.8027,1
493.1026,493.1032,493.1655,62.9011,1
493.4733,493.4737,493.5341,60.7918,1
493.5421,493.5422,493.6215,79.4259,1
493.7229,493.7231,493.7871,64.2061,1
493.7271,493.7871,493.8752,148.1091,1
494.0275,494.0280,494.0960,68.5773,1
494.0832,494.0961,494.1824,99.1960,1
494.1244,494.1824,494.2653,140.9413,1
494.4765,494.4770,494.5375,61.0356,1
494.5924,494.5928,494.6574,64.9316,1
494.7441,494.7445,494.8086,64.4948,1
494.7532,494.8087,494.8959,142.7203,1
494.8776,494.8960,494.9788,101.2705,1
494.9268,494.9789,495.0624,135.5895,1
495.1286,495.1289,495.1952,66.5830,1
495.1414,495.1952,495.2822,140.8461,1
495.1646,495.2823,495.3656,201.0093,1
495.1734,495.3656,495.4496,276.1333,1
495.1821,495.4496,495.5335,351.4526,1
495.2964,495.5336,495.6189,322.5032,1
495.4919,495.6189,495.7058,213.9486,1
495.6335,495.7058,495.7896,156.1804,1
495.6609,495.7897,495.8736,212.7651,1
495.6630,495.8736,495.9585,295.5642,1
495.7463,495.9585,496.0669,320.6322,1
495.7769,496.0670,496.1558,378.8938,1
495.7798,496.1558,496.2435,463.6535,1
495.9209,496.2435,496.3293,408.3672,1
496.3969,496.3975,496.4632,66.3206,1
496.4136,496.4633,496.5516,138.0236,1
496.9482,496.9489,497.0130,64.7910,1
497.0021,497.0130,497.1012,99.0552,1
497.1095,497.1097,497.1860,76.5063,1
497.2031,497.2034,497.2758,72.7120,1
497.2206,497.2758,497.3612,140.5759,1
497.2258,497.3612,497.4445,218.6739,1
497.4313,497.4445,497.5285,97.1116,1
497.7050,497.7056,497.7694,64.4097,1
497.9273,497.9277,497.9946,67.2782,1
498.0245,498.0248,498.0954,70.8930,1
498.3228,498.3233,498.3893,66.5238,1
498.3637,498.3894,498.4775,113.7606,1
498.3989,498.4775,498.5612,162.3021,1
498.4346,498.5612,498.6448,210.1094,1
498.7496,498.7501,498.8141,64.5171,1
498.8632,498.8635,498.9281,64.8974,1
498.9834,498.9836,499.0495,66.1354,1
499.4036,499.4041,499.4687,65.0634,1
500.2488,500.2497,500.3107,61.9158,1
500.7347,500.7352,500.8015,66.8990,1
501.2520,501.2526,501.3160,64.0021,1
501.8436,501.8443,501.9078,64.1792,1
502.3882,502.3888,502.4497,61.5355,1
503.2155,503.2165,503.2821,66.5292,1
503.4124,503.4127,503.4785,66.1053,1
503.7130,503.7135,503.7751,62.0086,1
504.1008,504.1013,504.1661,65.3345,1
504.2282,504.2285,504.2914,63.1347,1
504.2820,504.2914,504.3781,96.1292,1
504.5543,504.5547,504.6153,60.9433,1
504.5592,504.6153,504.7044,145.2299,1
505.0505,505.0511,505.1147,64.1968,1
505.2208,505.2210,505.2848,64.0537,1
505.2300,505.2848,505.3723,142.2856,1
505.3477,505.3723,505.4546,106.8839,1
506.2648,506.2658,506.3289,64.0149,1
506.3711,506.3713,506.4370,65.8849,1
507.2491,507.2500,507.3132,64.1048,1
507.4680,507.4683,507.5339,65.9729,1
507.5910,507.5912,507.6516,60.6215,1
508.0223,508.0228,508.0895,67.2665,1
508.4760,508.4765,508.5413,65.3220,1
508.4936,508.5413,508.6280,134.3803,1
509.0094,509.0101,509.0754,66.0153,1
509.0933,509.0934,509.1648,71.5620,1
509.1854,509.1855,509.2544,68.9910,1
509.5311,509.5315,509.5934,62.2567,1
509.6926,509.6929,509.7582,65.6222,1
510.6651,510.6662,510.7283,63.2572,1
510.7280,510.7284,510.8153,87.2790,1
511.0159,511.0163,511.0799,64.0107,1
511.4336,511.4341,511.4992,65.6004,1
511.6278,511.6281,511.6920,64.1668,1
511.8624,511.8627,511.9276,65.2317,1
512.0228,512.0231,512.0899,67.0805,1
512.3998,512.4003,512.4649,65.1520,1
512.7729,512.7734,512.8339,60.9844,1
512.9801,512.9804,513.0447,64.6004,1
513.2028,513.2031,513.2680,65.2182,1
513.2307,513.2680,513.3545,123.7942,1
513.2750,513.3545,513.4362,161.1939,1
514.1785,514.1796,514.2448,66.2120,1
514.4161,514.4165,514.4788,62.6997,1
514.9257,514.9265,514.9900,64.2876,1
515.0071,515.0073,515.0793,72.2162,1
515.2308,515.2313,515.2937,62.8960,1
515.5618,515.5624,515.6253,63.4625,1
515.6343,515.6346,515.7123,78.0326,1
515.8289,515.8292,515.8886,59.6783,1
515.9840,515.9843,516.0456,61.5669,1
516.2319,516.2324,516.2963,64.3379,1
516.5304,516.5309,516.5966,66.2037,1
517.0308,517.0315,517.0965,65.7040,1
517.3375,517.3380,517.4007,63.2347,1
517.5968,517.5973,517.6591,62.2933,1
517.8589,517.8593,517.9234,64.5303,1
518.0599,518.0603,518.1231,63.1415,1
518.1543,518.1546,518.2202,65.9074,1
518.2812,518.2814,518.3472,65.9971,1
518.3154,518.3472,518.4321,116.7433,1
518.8568,518.8575,518.9221,65.2810,1
519.0262,519.0264,519.0904,64.2834,1
519.0476,519.0905,519.1761,128.4639,1
519.3235,519.3240,519.3877,64.2023,1
519.5037,519.5041,519.5698,66.0250,1
519.9243,519.9249,519.9862,61.9386,1
520.4019,520.4025,520.4670,65.1421,1
520.4763,520.4766,520.5525,76.1552,1
520.4934,520.5525,520.6343,140.8818,1
520.7272,520.7276,520.7905,63.3681,1
520.8842,520.8846,520.9450,60.7643,1
521.0145,521.0147,521.0779,63.4245,1
521.3414,521.3419,521.4062,64.7606,1
521.3782,521.4062,521.4920,113.8681,1
521.4931,521.4934,521.5732,80.1906,1
521.9095,521.9100,521.9753,65.7666,1
522.0661,522.0664,522.1269,60.8382,1
522.0712,522.1270,522.2138,142.6221,1
522.0771,522.2138,522.2954,218.3149,1
522.6449,522.6456,522.7107,65.7497,1
522.9434,522.9438,523.0046,61.2606,1
523.1707,523.1711,523.2324,61.6460,1
523.7094,523.7100,523.7728,63.4167,1
524.3501,524.3508,524.4123,62.2324,1
524.4798,524.4801,524.5454,65.5185,1
524.4806,524.5454,524.6300,149.3456,1
524.6760,524.6764,524.7421,66.1068,1
524.8786,524.8790,524.9411,62.5691,1
525.0774,525.0778,525.1412,63.7481,1
525.2240,525.2243,525.2888,64.8144,1
526.6947,526.6963,526.7605,65.7648,1
527.2681,527.2688,527.3284,60.2994,1
527.4810,527.4814,527.5451,64.1063,1
527.4899,527.5451,527.6308,140.9558,1
528.7827,528.7843,528.8460,63.2318,1
528.8788,528.8791,528.9457,66.8788,1
530.4976,530.4994,530.5638,66.2250,1
530.5388,530.5638,530.6490,110.1533,1
530.5516,530.6490,530.7268,175.2426,1
532.0465,532.0483,532.1082,61.6117,1
532.3606,532.3612,532.4257,65.0804,1
532.5404,532.5408,532.6057,65.2648,1
532.6161,532.6164,532.6905,74.3434,1
532.7291,532.7294,532.7940,64.9440,1
533.4767,533.4777,533.5416,64.8840,1
533.9170,533.9177,533.9797,62.6578,1
534.4643,534.4650,534.5282,63.9169,1
534.7879,534.7883,534.8482,60.2986,1
535.0067,535.0072,535.0694,62.6587,1
535.2123,535.2127,535.2749,62.5956,1
535.3908,535.3912,535.4563,65.5863,1
535.7099,535.7104,535.7737,63.7845,1
536.0950,536.0956,536.1605,65.4847,1
536.6189,536.6196,536.6840,65.1659,1
537.0366,537.0371,537.0962,59.6239,1
537.0713,537.0963,537.1822,110.8450,1
537.1687,537.1822,537.2627,94.0023,1
537.1826,537.2627,537.3434,160.8233,1
537.7384,537.7393,537.8037,65.2963,1
537.7843,537.8037,537.8888,104.4907,1
537.7962,537.8888,537.9694,173.2115,1
538.2835,538.2842,538.3454,61.9672,1
538.3587,538.3589,538.4324,73.6927,1
538.4308,538.4324,538.5135,82.7586,1
539.4575,539.4587,539.5182,60.6784,1
539.5171,539.5182,539.6036,86.5043,1
539.6386,539.6389,539.7031,64.4831,1
539.7809,539.7813,539.8448,63.8048,1
539.9399,539.9403,540.0046,64.6489,1
539.9538,540.0046,540.0895,135.7325,1
540.2406,540.2411,540.3012,60.5891,1
541.4705,541.4719,541.5352,64.7134,1
541.5461,541.5463,541.6208,74.7350,1
541.6705,541.6708,541.7364,65.8879,1
542.2275,542.2282,542.2878,60.3690,1
542.2536,542.2879,542.3740,120.3724,1
542.3529,542.3740,542.4518,98.9434,1
542.6964,542.6969,542.7565,60.1912,1
542.7226,542.7566,542.8425,119.9355,1
543.6761,543.6773,543.7403,64.1536,1
543.7636,543.7638,543.8330,69.4498,1
544.1361,544.1367,544.2012,65.0227,1
544.9288,544.9297,544.9907,61.8823,1
545.0301,545.0303,545.0946,64.4628,1
545.1175,545.1178,545.1843,66.7768,1
545.2613,545.2616,545.3254,64.1091,1
545.3692,545.3693,545.4323,63.1748,1
545.6230,545.6235,545.6821,59.0831,1
545.6251,545.6821,545.7691,144.0227,1
546.6287,546.6299,546.6916,62.8537,1
547.4748,547.4758,547.5395,64.6970,1
547.8678,547.8683,547.9314,63.5510,1
548.8173,548.8184,548.8774,60.1343,1
548.9677,548.9679,549.0302,62.4371,1
549.0911,549.0913,549.1557,64.6095,1
549.1973,549.1974,549.2611,63.8392,1
549.3742,549.3745,549.4361,61.9209,1
549.4546,549.4547,549.5243,69.7851,1
550.1218,550.1226,550.1814,59.5628,1
550.9333,550.9342,550.9963,62.9644,1
550.9689,550.9963,551.0815,112.5488,1
551.3941,551.3946,551.4581,63.9810,1
551.5895,551.5898,551.6540,64.4633,1
551.7859,551.7862,551.8486,62.6720,1
551.8020,551.8487,551.9335,131.4668,1
552.4235,552.4244,552.4870,63.4149,1
552.6776,552.6780,552.7384,60.8201,1
552.9234,552.9238,552.9836,60.1480,1
553.7658,553.7668,553.8274,61.6564,1
553.7813,553.8274,553.9129,131.6089,1
553.9806,553.9810,554.0414,60.8448,1
554.1570,554.1573,554.2213,64.3271,1
554.1818,554.2213,554.3061,124.3647,1
554.4589,554.4594,554.5218,62.8300,1
554.9705,554.9712,555.0310,60.4952,1
555.0383,555.0385,555.1163,78.0137,1
555.2145,555.2149,555.2791,64.5673,1
555.3873,555.3876,555.4517,64.4137,1
555.7822,555.7826,555.8455,63.2954,1
555.9550,555.9553,556.0165,61.4161,1
556.4287,556.4293,556.4923,63.6176,1
556.8834,556.8839,556.9462,62.8752,1
556.9161,556.9463,557.0318,115.6253,1
557.1576,557.1581,557.2189,61.2544,1
557.9905,557.9915,558.0513,60.8533,1
558.3219,558.3224,558.3847,62.7083,1
558.4808,558.4810,558.5435,62.7413,1
558.5465,558.5467,558.6278,81.2732,1
558.6486,558.6487,558.7166,67.9993,1
558.9402,558.9406,559.0041,63.8702,1
559.1541,559.1544,559.2179,63.8025,1
559.7774,559.7782,559.8376,60.1327,1
560.1861,560.1866,560.2492,63.1068,1
560.4466,560.4470,560.5087,62.0954,1
560.5323,560.5325,560.5993,66.9731,1
560.6212,560.6213,560.6871,65.9728,1
560.8527,560.8530,560.9161,63.3788,1
560.8546,560.9161,561.0008,146.2685,1
561.0188,561.0190,561.0866,67.8174,1
561.2607,561.2610,561.3232,62.5216,1
561.5557,561.5562,561.6153,59.6407,1
562.5286,562.5298,562.5896,60.9662,1
562.5509,562.5896,562.6741,123.2087,1
562.8529,562.8535,562.9156,62.6125,1
562.9823,562.9827,563.0440,61.6914,1
563.0667,563.0670,563.1371,70.3375,1
563.3679,563.3684,563.4300,62.0517,1
563.3723,563.4300,563.5153,143.0679,1
563.4177,563.5153,563.5953,177.6564,1
563.4523,563.5954,563.6754,223.1558,1
563.5276,563.6754,563.7550,227.4040,1
563.7644,563.7648,563.8377,73.3241,1
563.9032,563.9035,563.9676,64.3736,1
564.2210,564.2216,564.2811,60.0273,1
564.8775,564.8782,564.9386,61.1910,1
564.9426,564.9428,565.0222,79.6773,1
564.9752,565.0223,565.1017,126.5417,1
565.1780,565.1784,565.2408,62.8095,1
565.3073,565.3077,565.3704,63.1292,1
565.5095,565.5099,565.5696,60.1631,1
565.5125,565.5697,565.6544,141.9276,1
565.7733,565.7738,565.8377,64.3906,1
566.0104,566.0109,566.0751,64.7469,1
566.1979,566.1984,566.2598,61.9128,1
566.4718,566.4722,566.5359,64.1930,1
566.9077,566.9082,566.9722,64.5120,1
567.0182,567.0184,567.0817,63.5192,1
567.1160,567.1161,567.1810,65.0557,1
567.2217,567.2219,567.2836,61.9138,1
567.3183,567.3185,567.3810,62.6520,1
567.3357,567.3810,567.4651,129.4700,1
567.8153,567.8158,567.8779,62.6438,1
567.9865,567.9868,568.0485,61.9393,1
568.4463,568.4468,568.5091,62.8522,1
568.4840,568.5092,568.5942,110.1621,1
568.7159,568.7163,568.7757,59.7481,1
568.7469,568.7757,568.8628,115.8556,1
568.7622,568.8628,568.9428,180.6003,1
568.8840,568.9429,569.0229,138.8110,1
568.9757,569.0229,569.1039,128.1839,1
568.9931,569.1039,569.1840,190.9390,1
569.2134,569.2138,569.2789,65.5088,1
569.4496,569.4501,569.5107,61.0124,1
570.4234,570.4246,570.4869,63.4648,1
570.5604,570.5606,570.6224,62.0115,1
570.9054,570.9058,570.9700,64.6351,1
571.0462,571.0464,571.1072,60.9754,1
571.1724,571.1726,571.2351,62.6246,1
571.2092,571.2351,571.3198,110.5784,1
571.2703,571.3198,571.4001,129.8004,1
571.2851,571.4001,571.4805,195.4408,1
571.8144,571.8150,571.8778,63.3919,1
572.1005,572.1008,572.1649,64.4032,1
573.0246,573.0256,573.0854,60.8393,1
573.0418,573.0854,573.1702,128.3875,1
573.1239,573.1702,573.2502,126.3555,1
573.1700,573.2502,573.3306,160.6349,1
573.2217,573.3306,573.4109,189.2053,1
573.4323,573.4327,573.4997,67.3948,1
573.7712,573.7717,573.8345,63.2854,1
574.1152,574.1157,574.1793,64.1176,1
574.2231,574.2232,574.2848,61.7286,1
575.0657,575.0666,575.1309,65.2533,1
575.1430,575.1431,575.2157,72.7497,1
575.3247,575.3250,575.3880,63.2603,1
575.4483,575.4485,575.5122,63.9095,1
575.9106,575.9111,575.9722,61.5994,1
576.0646,576.0648,576.1286,64.0232,1
576.0885,576.1287,576.2123,123.8088,1
576.3727,576.3731,576.4319,59.1932,1
576.3980,576.4320,576.5196,121.6097,1
577.4287,577.4299,577.4896,60.9012,1
577.6051,577.6053,577.6682,63.1544,1
577.6627,577.6682,577.7527,89.9695,1
578.7926,578.7939,578.8553,62.7579,1
578.9227,578.9230,578.9860,63.3115,1
579.1612,579.1616,579.2236,62.4186,1
579.2156,579.2236,579.3089,93.2861,1
579.2687,579.3089,579.3889,120.2122,1
579.5628,579.5633,579.6255,62.7284,1
579.9222,579.9227,579.9866,64.4649,1
579.9552,579.9867,580.0712,115.9777,1
580.0473,580.0712,580.1520,104.7174,1
580.1489,580.1520,580.2322,83.3612,1
580.3497,580.3501,580.4113,61.5642,1
580.5369,580.5373,580.5981,61.1875,1
580.7990,580.7995,580.8632,64.1807,1
581.3396,581.3404,581.4048,65.1550,1
582.0304,582.0313,582.0905,60.1114,1
582.4635,582.4640,582.5279,64.3676,1
582.6740,582.6743,582.7340,59.9761,1
582.7829,582.7831,582.8460,63.1252,1
583.4692,583.4700,583.5324,63.1910,1
583.7451,583.7454,583.8051,59.9929,1
584.7103,584.7114,584.7731,62.8543,1
584.8050,584.8052,584.8677,62.6858,1
585.0504,585.0507,585.1131,62.7069,1
585.1940,585.1942,585.2568,62.8604,1
585.6020,585.6025,585.6668,64.8231,1
585.9257,585.9261,585.9864,60.7045,1
585.9908,585.9909,586.0700,79.2333,1
586.2389,586.2392,586.3026,63.6965,1
586.4012,586.4015,586.4630,61.7473,1
586.5365,586.5367,586.5979,61.4583,1
586.6219,586.6221,586.6889,66.9417,1
587.9160,587.9174,587.9802,64.1890,1
588.2687,588.2692,588.3290,60.2530,1
589.2936,589.2947,589.3571,63.5152,1
589.9903,589.9911,590.0512,60.8308,1
590.1017,590.1018,590.1636,61.9601,1
590.8958,590.8967,590.9585,62.6943,1
591.0927,591.0930,591.1544,61.7268,1
591.9720,591.9730,592.0327,60.6426,1
592.0475,592.0476,592.1221,74.6008,1
592.6499,592.6506,592.7108,60.8482,1
592.7868,592.7870,592.8494,62.5341,1
592.8801,592.8802,592.9461,65.9893,1
592.9061,592.9461,593.0274,121.2971,1
593.6654,593.6664,593.7258,60.4253,1
593.8156,593.8159,593.8775,61.9861,1
593.9172,593.9175,593.9813,64.1303,1
594.1209,594.1212,594.1849,64.0501,1
594.1997,594.2000,594.2713,71.6569,1
594.9257,594.9266,594.9882,62.4450,1
594.9564,594.9882,595.0740,117.6291,1
594.9907,595.0740,595.1533,162.6574,1
595.0741,595.1533,595.2327,158.5539,1
595.1168,595.2327,595.3121,195.2911,1
595.1471,595.3121,595.3916,244.4980,1
596.5122,596.5137,596.5742,62.0042,1
596.5248,596.5742,596.6584,133.5873,1
597.0457,597.0464,597.1052,59.4474,1
597.0628,597.1052,597.1915,128.6780,1
597.0650,597.1915,597.2717,206.7416,1
597.4283,597.4289,597.4898,61.4575,1
597.6793,597.6797,597.7435,64.1994,1
597.7945,597.7948,597.8586,64.1575,1
597.9497,597.9501,598.0115,61.7622,1
598.4523,598.4530,598.5157,63.4510,1
598.6456,598.6460,598.7075,61.9291,1
598.6729,598.7075,598.7926,119.7114,1
598.8043,598.8047,598.8787,74.3610,1
598.8272,598.8787,598.9592,131.9991,1
599.1660,599.1665,599.2246,58.6458,1
599.1832,599.2246,599.3122,128.9729,1
599.4795,599.4800,599.5401,60.5813,1
599.6858,599.6863,599.7474,61.5316,1
