2026/10/02 18:23:21.531, 0, 22.40, 42, 0, 150.00, 210, 150.00, 0x0000000000000001
2026/10/02 18:23:21.740, 0, 22.40, 42, 0, 150.00, 210, 150.00, 0x0000000000000001
2026/10/02 18:23:21.941, 0, 22.40, 42, 0, 150.00, 210, 150.00, 0x0000000000000001
2026/10/02 18:23:22.142, 0, 22.35, 42, 0, 150.00, 210, 150.00, 0x0000000000000001
2026/10/02 18:23:22.342, 0, 22.35, 42, 0, 150.00, 210, 150.00, 0x0000000000000001
2026/10/02 18:23:22.543, 0, 22.35, 42, 0, 150.00, 210, 150.00, 0x0000000000000001
2026/10/02 18:23:22.744, 0, 22.35, 42, 0, 150.00, 210, 150.00, 0x0000000000000001
2026/10/02 18:23:22.963, 0, 24.59, 43, 1, 150.00, 1695, 150.00, 0x0000000000000000
2026/10/02 18:23:23.164, 0, 32.39, 43, 5, 150.00, 1695, 150.00, 0x0000000000000000
2026/10/02 18:23:23.364, 0, 36.21, 43, 0, 150.00, 1695, 150.00, 0x0000000000000000
2026/10/02 18:23:23.565, 0, 49.09, 44, 30, 150.00, 1635, 150.00, 0x0000000000000004
2026/10/02 18:23:23.765, 0, 50.14, 44, 0, 150.00, 1680, 150.00, 0x0000000000000004
2026/10/02 18:23:23.966, 0, 74.15, 44, 0, 150.00, 1695, 150.00, 0x0000000000000000
2026/10/02 18:23:24.166, 0, 73.24, 45, 59, 150.00, 1560, 150.00, 0x0000000000000004
2026/10/02 18:23:24.367, 0, 72.84, 44, 0, 150.00, 1110, 150.00, 0x0000000000000004
2026/10/02 18:23:24.568, 0, 58.29, 45, 0, 150.00, 1680, 150.00, 0x0000000000000004
2026/10/02 18:23:24.768, 0, 59.13, 44, 0, 150.00, 705, 150.00, 0x0000000000000004
2026/10/02 18:23:24.969, 0, 66.14, 46, 43, 150.00, 1635, 150.00, 0x0000000000000004
2026/10/02 18:23:25.169, 0, 66.07, 45, 0, 150.00, 1680, 150.00, 0x0000000000000004
2026/10/02 18:23:25.370, 0, 66.83, 45, 0, 150.00, 1695, 150.00, 0x0000000000000000
2026/10/02 18:23:25.570, 0, 66.02, 45, 0, 150.00, 1035, 150.00, 0x0000000000000000
2026/10/02 18:23:25.771, 0, 66.14, 45, 0, 150.00, 1680, 150.00, 0x0000000000000004
2026/10/02 18:23:25.971, 0, 58.48, 45, 0, 150.00, 1680, 150.00, 0x0000000000000004
2026/10/02 18:23:26.172, 0, 63.99, 45, 0, 150.00, 1680, 150.00, 0x0000000000000004
2026/10/02 18:23:26.372, 0, 64.07, 45, 0, 150.00, 1680, 150.00, 0x0000000000000004
2026/10/02 18:23:26.573, 0, 64.05, 45, 0, 150.00, 1695, 150.00, 0x0000000000000000
2026/10/02 18:23:26.773, 0, 64.06, 45, 0, 150.00, 1695, 150.00, 0x0000000000000000
2026/10/02 18:23:26.974, 0, 69.96, 46, 59, 150.00, 1500, 150.00, 0x0000000000000004
2026/10/02 18:23:27.174, 0, 64.72, 45, 0, 150.00, 1680, 150.00, 0x0000000000000004
2026/10/02 18:23:27.375, 0, 64.93, 45, 0, 150.00, 1695, 150.00, 0x0000000000000004
2026/10/02 18:23:27.575, 0, 65.08, 46, 1, 150.00, 660, 150.00, 0x0000000000000000
2026/10/02 18:23:27.776, 0, 72.01, 46, 40, 150.00, 1635, 150.00, 0x0000000000000004
2026/10/02 18:23:27.976, 0, 75.94, 47, 7, 150.00, 600, 150.00, 0x0000000000000004
2026/10/02 18:23:28.177, 0, 78.54, 48, 12, 150.00, 690, 150.00, 0x0000000000000004
2026/10/02 18:23:28.378, 0, 95.19, 49, 100, 150.00, 1215, 150.00, 0x0000000000000004
2026/10/02 18:23:28.578, 0, 94.65, 47, 60, 150.00, 1605, 150.00, 0x0000000000000004
2026/10/02 18:23:28.779, 0, 97.45, 47, 6, 150.00, 1665, 150.00, 0x0000000000000004
2026/10/02 18:23:28.979, 0, 110.95, 47, 41, 150.00, 1620, 150.00, 0x0000000000000004
2026/10/02 18:23:29.180, 0, 107.80, 46, 0, 150.00, 1680, 150.00, 0x0000000000000004
2026/10/02 18:23:29.380, 0, 92.67, 47, 59, 150.00, 1560, 150.00, 0x0000000000000004
2026/10/02 18:23:29.581, 0, 84.15, 46, 0, 150.00, 1680, 150.00, 0x0000000000000004
2026/10/02 18:23:29.781, 0, 74.61, 47, 4, 150.00, 690, 150.00, 0x0000000000000000
2026/10/02 18:23:29.982, 0, 60.59, 46, 0, 150.00, 1680, 150.00, 0x0000000000000004
2026/10/02 18:23:30.182, 0, 61.40, 46, 0, 150.00, 1680, 150.00, 0x0000000000000004
2026/10/02 18:23:30.383, 0, 61.53, 46, 0, 150.00, 1695, 150.00, 0x0000000000000000
2026/10/02 18:23:30.583, 0, 67.88, 48, 98, 150.00, 840, 150.00, 0x0000000000000004
2026/10/02 18:23:30.784, 0, 85.01, 49, 100, 150.00, 840, 150.00, 0x0000000000000004
2026/10/02 18:23:30.984, 0, 92.52, 48, 48, 150.00, 1620, 150.00, 0x0000000000000004
2026/10/02 18:23:31.185, 0, 113.55, 50, 67, 150.00, 750, 150.00, 0x0000000000000004
2026/10/02 18:23:31.385, 0, 117.92, 49, 51, 150.00, 1590, 150.00, 0x0000000000000004
2026/10/02 18:23:31.586, 0, 130.96, 49, 43, 150.00, 1200, 150.00, 0x0000000000000004
2026/10/02 18:23:31.787, 0, 114.01, 47, 0, 150.00, 1680, 150.00, 0x0000000000000004
2026/10/02 18:23:31.987, 0, 97.03, 47, 0, 150.00, 1695, 150.00, 0x0000000000000004
2026/10/02 18:23:32.188, 0, 97.84, 48, 44, 150.00, 1605, 150.00, 0x0000000000000004
2026/10/02 18:23:32.388, 0, 81.56, 47, 0, 150.00, 1680, 150.00, 0x0000000000000004
2026/10/02 18:23:32.589, 0, 82.44, 47, 0, 150.00, 1695, 150.00, 0x0000000000000000
2026/10/02 18:23:32.789, 0, 70.04, 47, 0, 150.00, 1170, 150.00, 0x0000000000000000
2026/10/02 18:23:32.990, 0, 75.50, 48, 63, 150.00, 1560, 150.00, 0x0000000000000004
2026/10/02 18:23:33.190, 0, 64.73, 47, 0, 150.00, 1680, 150.00, 0x0000000000000004
2026/10/02 18:23:33.391, 0, 76.63, 49, 54, 150.00, 1020, 150.00, 0x0000000000000004
2026/10/02 18:23:33.591, 0, 80.62, 48, 0, 150.00, 1680, 150.00, 0x0000000000000004
2026/10/02 18:23:33.792, 0, 80.57, 47, 0, 150.00, 1680, 150.00, 0x0000000000000004
2026/10/02 18:23:33.992, 0, 94.10, 50, 46, 150.00, 1305, 150.00, 0x0000000000000004
2026/10/02 18:23:34.193, 0, 93.77, 49, 59, 150.00, 1605, 150.00, 0x0000000000000004
2026/10/02 18:23:34.393, 0, 93.71, 48, 0, 150.00, 1680, 150.00, 0x0000000000000004
2026/10/02 18:23:34.594, 0, 85.92, 50, 90, 150.00, 840, 150.00, 0x0000000000000004
2026/10/02 18:23:34.794, 0, 85.34, 48, 0, 150.00, 1680, 150.00, 0x0000000000000004
2026/10/02 18:23:34.995, 0, 83.73, 49, 57, 150.00, 1500, 150.00, 0x0000000000000004
2026/10/02 18:23:35.195, 0, 71.59, 48, 0, 150.00, 1680, 150.00, 0x0000000000000004
2026/10/02 18:23:35.396, 0, 72.05, 49, 0, 150.00, 795, 150.00, 0x0000000000000004
2026/10/02 18:23:35.596, 0, 71.52, 48, 0, 150.00, 1680, 150.00, 0x0000000000000004
2026/10/02 18:23:35.797, 0, 64.57, 49, 61, 150.00, 1110, 150.00, 0x0000000000000004
2026/10/02 18:23:35.997, 0, 66.61, 49, 0, 150.00, 1020, 150.00, 0x0000000000000004
2026/10/02 18:23:36.198, 0, 61.83, 49, 0, 150.00, 1680, 150.00, 0x0000000000000004
2026/10/02 18:23:36.399, 0, 63.46, 49, 59, 150.00, 1560, 150.00, 0x0000000000000004
2026/10/02 18:23:36.599, 0, 63.76, 48, 0, 150.00, 1680, 150.00, 0x0000000000000004
2026/10/02 18:23:36.800, 0, 69.93, 50, 58, 150.00, 840, 150.00, 0x0000000000000004
2026/10/02 18:23:37.000, 0, 68.61, 49, 0, 150.00, 1680, 150.00, 0x0000000000000004
2026/10/02 18:23:37.201, 0, 68.07, 48, 0, 150.00, 720, 150.00, 0x0000000000000004
2026/10/02 18:23:37.401, 0, 78.25, 51, 100, 150.00, 855, 150.00, 0x0000000000000004
2026/10/02 18:23:37.602, 0, 88.19, 50, 38, 150.00, 1680, 150.00, 0x0000000000000004
2026/10/02 18:23:37.802, 0, 88.00, 49, 0, 150.00, 825, 150.00, 0x0000000000000004
2026/10/02 18:23:38.003, 0, 84.86, 49, 0, 150.00, 1680, 150.00, 0x0000000000000004
2026/10/02 18:23:38.203, 0, 97.96, 50, 19, 150.00, 1200, 150.00, 0x0000000000000004
2026/10/02 18:23:38.404, 0, 103.47, 51, 70, 150.00, 840, 150.00, 0x0000000000000004
2026/10/02 18:23:38.604, 0, 83.00, 49, 0, 150.00, 1680, 150.00, 0x0000000000000004
2026/10/02 18:23:38.805, 0, 102.84, 51, 100, 150.00, 855, 150.00, 0x0000000000000004
2026/10/02 18:23:39.006, 0, 107.40, 50, 0, 150.00, 1680, 150.00, 0x0000000000000004
2026/10/02 18:23:39.206, 0, 128.70, 51, 100, 150.00, 1485, 150.00, 0x0000000000000004
2026/10/02 18:23:39.407, 0, 116.07, 49, 0, 150.00, 1680, 150.00, 0x0000000000000004
2026/10/02 18:23:39.607, 0, 107.77, 49, 0, 150.00, 1470, 150.00, 0x0000000000000004
2026/10/02 18:23:39.808, 0, 107.60, 49, 5, 150.00, 1680, 150.00, 0x0000000000000004
2026/10/02 18:23:40.008, 0, 98.75, 50, 59, 150.00, 1590, 150.00, 0x0000000000000004
2026/10/02 18:23:40.209, 0, 90.24, 50, 57, 150.00, 1590, 150.00, 0x0000000000000004
2026/10/02 18:23:40.409, 0, 95.14, 51, 46, 150.00, 1500, 150.00, 0x0000000000000004
2026/10/02 18:23:40.610, 0, 106.88, 50, 38, 150.00, 1680, 150.00, 0x0000000000000004
2026/10/02 18:23:40.810, 0, 95.57, 49, 0, 150.00, 1680, 150.00, 0x0000000000000004
2026/10/02 18:23:41.011, 0, 96.03, 49, 0, 150.00, 1695, 150.00, 0x0000000000000000
2026/10/02 18:23:41.211, 0, 88.85, 49, 0, 150.00, 1695, 150.00, 0x0000000000000000
2026/10/02 18:23:41.412, 0, 97.53, 51, 46, 150.00, 840, 150.00, 0x0000000000000004
2026/10/02 18:23:41.612, 0, 80.36, 51, 69, 150.00, 1650, 150.00, 0x0000000000000004
2026/10/02 18:23:41.813, 0, 81.03, 49, 0, 150.00, 1680, 150.00, 0x0000000000000004
2026/10/02 18:23:42.013, 0, 81.10, 49, 0, 150.00, 1695, 150.00, 0x0000000000000000
2026/10/02 18:23:42.214, 0, 99.23, 51, 95, 150.00, 1410, 150.00, 0x0000000000000004
2026/10/02 18:23:42.414, 0, 98.62, 50, 0, 150.00, 1680, 150.00, 0x0000000000000004
2026/10/02 18:23:42.615, 0, 90.34, 51, 45, 150.00, 1485, 150.00, 0x0000000000000004
2026/10/02 18:23:42.815, 0, 90.00, 49, 0, 150.00, 1680, 150.00, 0x0000000000000004
2026/10/02 18:23:43.016, 0, 98.57, 51, 68, 150.00, 840, 150.00, 0x0000000000000004
2026/10/02 18:23:43.216, 0, 89.26, 50, 0, 150.00, 1680, 150.00, 0x0000000000000004
2026/10/02 18:23:43.417, 0, 96.08, 51, 32, 150.00, 1380, 150.00, 0x0000000000000004
2026/10/02 18:23:43.617, 0, 95.49, 50, 0, 150.00, 1680, 150.00, 0x0000000000000004
2026/10/02 18:23:43.818, 0, 95.72, 50, 17, 150.00, 1680, 150.00, 0x0000000000000004
2026/10/02 18:23:44.018, 0, 98.99, 50, 51, 150.00, 1665, 150.00, 0x0000000000000004
2026/10/02 18:23:44.219, 0, 90.24, 49, 0, 150.00, 1680, 150.00, 0x0000000000000004
2026/10/02 18:23:44.419, 0, 101.62, 51, 51, 150.00, 1530, 150.00, 0x0000000000000004
2026/10/02 18:23:44.620, 0, 86.76, 50, 0, 150.00, 1680, 150.00, 0x0000000000000004
2026/10/02 18:23:44.820, 0, 73.64, 49, 0, 150.00, 1695, 150.00, 0x0000000000000004
2026/10/02 18:23:45.021, 0, 74.80, 51, 7, 150.00, 930, 150.00, 0x0000000000000000
2026/10/02 18:23:45.221, 0, 74.84, 50, 0, 150.00, 1680, 150.00, 0x0000000000000004
2026/10/02 18:23:45.422, 0, 74.80, 49, 0, 150.00, 1695, 150.00, 0x0000000000000004
2026/10/02 18:23:45.622, 0, 63.95, 49, 0, 150.00, 1695, 150.00, 0x0000000000000000
2026/10/02 18:23:45.823, 0, 64.04, 49, 0, 150.00, 690, 150.00, 0x0000000000000000
2026/10/02 18:23:46.023, 0, 64.96, 50, 0, 150.00, 1680, 150.00, 0x0000000000000004
2026/10/02 18:23:46.224, 0, 61.08, 49, 0, 150.00, 1680, 150.00, 0x0000000000000004
2026/10/02 18:23:46.424, 0, 73.69, 51, 48, 150.00, 1515, 150.00, 0x0000000000000004
2026/10/02 18:23:46.624, 0, 73.20, 49, 0, 150.00, 1680, 150.00, 0x0000000000000004
2026/10/02 18:23:46.825, 0, 82.41, 51, 62, 150.00, 855, 150.00, 0x0000000000000004
2026/10/02 18:23:47.025, 0, 82.40, 50, 0, 150.00, 1680, 150.00, 0x0000000000000004
2026/10/02 18:23:47.226, 0, 82.56, 49, 0, 150.00, 1680, 150.00, 0x0000000000000004
2026/10/02 18:23:47.426, 0, 82.60, 49, 0, 150.00, 1695, 150.00, 0x0000000000000000
2026/10/02 18:23:47.627, 0, 70.59, 49, 0, 150.00, 1095, 150.00, 0x0000000000000000
2026/10/02 18:23:47.827, 0, 78.44, 50, 0, 150.00, 1680, 150.00, 0x0000000000000004
2026/10/02 18:23:48.028, 0, 90.01, 52, 100, 150.00, 1485, 150.00, 0x0000000000000004
2026/10/02 18:23:48.228, 0, 92.70, 51, 60, 150.00, 1605, 150.00, 0x0000000000000004
2026/10/02 18:23:48.429, 0, 92.53, 50, 0, 150.00, 1680, 150.00, 0x0000000000000004
2026/10/02 18:23:48.629, 0, 92.45, 50, 0, 150.00, 1695, 150.00, 0x0000000000000004
2026/10/02 18:23:48.830, 0, 106.75, 52, 100, 150.00, 780, 150.00, 0x0000000000000004
2026/10/02 18:23:49.030, 0, 95.93, 51, 0, 150.00, 1680, 150.00, 0x0000000000000004
2026/10/02 18:23:49.231, 0, 96.28, 51, 59, 150.00, 1575, 150.00, 0x0000000000000004
2026/10/02 18:23:49.432, 0, 105.82, 51, 22, 150.00, 1680, 150.00, 0x0000000000000004
2026/10/02 18:23:49.632, 0, 114.83, 51, 60, 150.00, 795, 150.00, 0x0000000000000004
2026/10/02 18:23:49.833, 0, 103.92, 51, 0, 150.00, 1680, 150.00, 0x0000000000000004
2026/10/02 18:23:50.033, 0, 92.75, 50, 0, 150.00, 1680, 150.00, 0x0000000000000004
2026/10/02 18:23:50.233, 0, 92.95, 50, 0, 150.00, 1695, 150.00, 0x0000000000000000
2026/10/02 18:23:50.434, 0, 84.67, 50, 14, 150.00, 1680, 150.00, 0x0000000000000004
2026/10/02 18:23:50.634, 0, 85.23, 50, 0, 150.00, 1680, 150.00, 0x0000000000000004
2026/10/02 18:23:50.835, 0, 78.50, 52, 72, 150.00, 825, 150.00, 0x0000000000000004
2026/10/02 18:23:51.036, 0, 86.40, 52, 39, 150.00, 675, 150.00, 0x0000000000000004
2026/10/02 18:23:51.236, 0, 86.38, 51, 0, 150.00, 1680, 150.00, 0x0000000000000004
2026/10/02 18:23:51.437, 0, 73.05, 50, 0, 150.00, 1680, 150.00, 0x0000000000000004
2026/10/02 18:23:51.637, 0, 79.55, 52, 72, 150.00, 990, 150.00, 0x0000000000000004
2026/10/02 18:23:51.838, 0, 81.42, 52, 58, 150.00, 1620, 150.00, 0x0000000000000004
2026/10/02 18:23:52.038, 0, 67.43, 51, 0, 150.00, 1680, 150.00, 0x0000000000000004
2026/10/02 18:23:52.239, 0, 68.08, 50, 0, 150.00, 1695, 150.00, 0x0000000000000004
2026/10/02 18:23:52.439, 0, 68.27, 50, 0, 150.00, 1695, 150.00, 0x0000000000000000
2026/10/02 18:23:52.640, 0, 75.99, 52, 96, 150.00, 1170, 150.00, 0x0000000000000004
2026/10/02 18:23:52.840, 0, 69.98, 51, 0, 150.00, 600, 150.00, 0x0000000000000004
2026/10/02 18:23:53.041, 0, 67.75, 51, 1, 150.00, 720, 150.00, 0x0000000000000004
2026/10/02 18:23:53.241, 0, 79.42, 52, 47, 150.00, 1500, 150.00, 0x0000000000000004
2026/10/02 18:23:53.442, 0, 78.93, 51, 0, 150.00, 1680, 150.00, 0x0000000000000004
2026/10/02 18:23:53.642, 0, 78.89, 50, 0, 150.00, 660, 150.00, 0x0000000000000004
2026/10/02 18:23:53.843, 0, 71.57, 52, 62, 150.00, 1650, 150.00, 0x0000000000000004
2026/10/02 18:23:54.043, 0, 71.18, 51, 0, 150.00, 1680, 150.00, 0x0000000000000004
2026/10/02 18:23:54.244, 0, 71.97, 50, 0, 150.00, 1695, 150.00, 0x0000000000000000
2026/10/02 18:23:54.444, 0, 74.31, 51, 24, 150.00, 1680, 150.00, 0x0000000000000004
2026/10/02 18:23:54.645, 0, 74.28, 50, 0, 150.00, 1680, 150.00, 0x0000000000000004
2026/10/02 18:23:54.845, 0, 74.57, 50, 0, 150.00, 1695, 150.00, 0x0000000000000000
2026/10/02 18:23:55.045, 0, 74.79, 50, 0, 150.00, 1695, 150.00, 0x0000000000000000
2026/10/02 18:23:55.246, 0, 74.93, 50, 0, 150.00, 1695, 150.00, 0x0000000000000000
2026/10/02 18:23:55.447, 0, 82.07, 52, 100, 150.00, 1470, 150.00, 0x0000000000000004
2026/10/02 18:23:55.647, 0, 96.44, 51, 28, 150.00, 1680, 150.00, 0x0000000000000004
2026/10/02 18:23:55.848, 0, 98.55, 51, 5, 150.00, 870, 150.00, 0x0000000000000004
2026/10/02 18:23:56.048, 0, 97.66, 51, 0, 150.00, 1680, 150.00, 0x0000000000000004
2026/10/02 18:23:56.249, 0, 109.13, 51, 42, 150.00, 705, 150.00, 0x0000000000000004
2026/10/02 18:23:56.449, 0, 109.58, 53, 46, 150.00, 1470, 150.00, 0x0000000000000004
2026/10/02 18:23:56.650, 0, 86.20, 52, 57, 150.00, 1095, 150.00, 0x0000000000000004
2026/10/02 18:23:56.851, 0, 104.06, 54, 100, 150.00, 825, 150.00, 0x0000000000000004
2026/10/02 18:23:57.051, 0, 119.63, 54, 100, 150.00, 1530, 150.00, 0x0000000000000004
2026/10/02 18:23:57.252, 0, 122.30, 54, 26, 150.00, 1290, 150.00, 0x0000000000000004
2026/10/02 18:23:57.452, 0, 120.85, 52, 0, 150.00, 675, 150.00, 0x0000000000000004
2026/10/02 18:23:57.653, 0, 117.37, 54, 87, 150.00, 1005, 150.00, 0x0000000000000004
2026/10/02 18:23:57.853, 0, 111.06, 53, 61, 150.00, 1605, 150.00, 0x0000000000000004
2026/10/02 18:23:58.054, 0, 94.24, 52, 0, 150.00, 1680, 150.00, 0x0000000000000004
2026/10/02 18:23:58.254, 0, 86.05, 51, 0, 150.00, 1695, 150.00, 0x0000000000000004
2026/10/02 18:23:58.455, 0, 71.00, 53, 60, 150.00, 750, 150.00, 0x0000000000000004
2026/10/02 18:23:58.655, 0, 69.48, 52, 0, 150.00, 1680, 150.00, 0x0000000000000004
2026/10/02 18:23:58.856, 0, 62.50, 51, 0, 150.00, 1695, 150.00, 0x0000000000000004
2026/10/02 18:23:59.056, 0, 59.92, 51, 0, 150.00, 1695, 150.00, 0x0000000000000000
2026/10/02 18:23:59.257, 0, 74.26, 52, 24, 150.00, 1080, 150.00, 0x0000000000000004
2026/10/02 18:23:59.457, 0, 82.86, 52, 0, 150.00, 705, 150.00, 0x0000000000000004
2026/10/02 18:23:59.658, 0, 85.10, 53, 60, 150.00, 1620, 150.00, 0x0000000000000004
2026/10/02 18:23:59.858, 0, 84.98, 52, 0, 150.00, 1680, 150.00, 0x0000000000000004
2026/10/02 18:24:00.059, 0, 84.96, 51, 0, 150.00, 1695, 150.00, 0x0000000000000000
2026/10/02 18:24:00.259, 0, 70.04, 51, 0, 150.00, 1695, 150.00, 0x0000000000000000
2026/10/02 18:24:00.460, 0, 61.87, 51, 0, 150.00, 1695, 150.00, 0x0000000000000000
2026/10/02 18:24:00.660, 0, 75.45, 53, 47, 150.00, 1500, 150.00, 0x0000000000000004
2026/10/02 18:24:00.861, 0, 95.89, 54, 100, 150.00, 840, 150.00, 0x0000000000000004
2026/10/02 18:24:01.061, 0, 101.22, 52, 0, 150.00, 1680, 150.00, 0x0000000000000004
2026/10/02 18:24:01.262, 0, 113.96, 52, 19, 150.00, 1680, 150.00, 0x0000000000000004
2026/10/02 18:24:01.462, 0, 124.80, 53, 54, 150.00, 1530, 150.00, 0x0000000000000004
2026/10/02 18:24:01.663, 0, 128.37, 53, 7, 150.00, 840, 150.00, 0x0000000000000004
2026/10/02 18:24:01.863, 0, 100.82, 52, 0, 150.00, 660, 150.00, 0x0000000000000004
2026/10/02 18:24:02.064, 0, 87.45, 52, 0, 150.00, 900, 150.00, 0x0000000000000004
2026/10/02 18:24:02.264, 0, 78.99, 52, 0, 150.00, 1680, 150.00, 0x0000000000000004
2026/10/02 18:24:02.465, 0, 81.04, 53, 53, 150.00, 1665, 150.00, 0x0000000000000004
2026/10/02 18:24:02.665, 0, 70.45, 52, 0, 150.00, 810, 150.00, 0x0000000000000004
2026/10/02 18:24:02.866, 0, 74.90, 53, 65, 150.00, 795, 150.00, 0x0000000000000004
2026/10/02 18:24:03.066, 0, 77.93, 53, 0, 150.00, 1680, 150.00, 0x0000000000000004
2026/10/02 18:24:03.267, 0, 73.08, 52, 0, 150.00, 705, 150.00, 0x0000000000000004
2026/10/02 18:24:03.467, 0, 70.39, 52, 0, 150.00, 1680, 150.00, 0x0000000000000004
2026/10/02 18:24:03.668, 0, 71.25, 52, 0, 150.00, 1050, 150.00, 0x0000000000000004
2026/10/02 18:24:03.868, 0, 71.37, 52, 0, 150.00, 1680, 150.00, 0x0000000000000004
2026/10/02 18:24:04.069, 0, 82.13, 53, 39, 150.00, 1680, 150.00, 0x0000000000000004
2026/10/02 18:24:04.269, 0, 81.55, 53, 0, 150.00, 1650, 150.00, 0x0000000000000004
2026/10/02 18:24:04.470, 0, 82.12, 52, 0, 150.00, 1680, 150.00, 0x0000000000000004
2026/10/02 18:24:04.670, 0, 82.10, 52, 0, 150.00, 1695, 150.00, 0x0000000000000000
2026/10/02 18:24:04.871, 0, 74.16, 51, 0, 150.00, 1695, 150.00, 0x0000000000000000
2026/10/02 18:24:05.071, 0, 60.47, 51, 0, 150.00, 1695, 150.00, 0x0000000000000000
2026/10/02 18:24:05.272, 0, 75.64, 52, 36, 150.00, 1680, 150.00, 0x0000000000000004
2026/10/02 18:24:05.472, 0, 75.87, 52, 0, 150.00, 1680, 150.00, 0x0000000000000004
2026/10/02 18:24:05.673, 0, 75.97, 51, 0, 150.00, 1695, 150.00, 0x0000000000000000
2026/10/02 18:24:05.873, 0, 75.96, 51, 0, 150.00, 1695, 150.00, 0x0000000000000000
2026/10/02 18:24:06.075, 0, 86.37, 52, 15, 150.00, 1155, 150.00, 0x0000000000000004
2026/10/02 18:24:06.276, 0, 80.40, 52, 58, 150.00, 1680, 150.00, 0x0000000000000004
2026/10/02 18:24:06.476, 0, 90.76, 53, 0, 150.00, 1530, 150.00, 0x0000000000000004
2026/10/02 18:24:06.676, 0, 90.36, 52, 5, 150.00, 1680, 150.00, 0x0000000000000004
2026/10/02 18:24:06.877, 0, 90.29, 52, 0, 150.00, 645, 150.00, 0x0000000000000004
2026/10/02 18:24:07.077, 0, 78.78, 52, 57, 150.00, 1680, 150.00, 0x0000000000000004
2026/10/02 18:24:07.278, 0, 89.44, 54, 40, 150.00, 720, 150.00, 0x0000000000000004
2026/10/02 18:24:07.479, 0, 96.95, 53, 99, 150.00, 1680, 150.00, 0x0000000000000004
2026/10/02 18:24:07.679, 0, 87.62, 52, 0, 150.00, 1395, 150.00, 0x0000000000000004
2026/10/02 18:24:07.880, 0, 98.46, 52, 53, 150.00, 1680, 150.00, 0x0000000000000004
2026/10/02 18:24:08.080, 0, 98.55, 52, 0, 150.00, 1680, 150.00, 0x0000000000000004
2026/10/02 18:24:08.281, 0, 85.15, 52, 0, 150.00, 1695, 150.00, 0x0000000000000000
2026/10/02 18:24:08.481, 0, 71.57, 52, 0, 150.00, 675, 150.00, 0x0000000000000000
2026/10/02 18:24:08.682, 0, 73.40, 52, 60, 150.00, 1680, 150.00, 0x0000000000000004
2026/10/02 18:24:08.882, 0, 61.91, 53, 0, 150.00, 1650, 150.00, 0x0000000000000004
2026/10/02 18:24:09.083, 0, 71.84, 53, 0, 150.00, 1560, 150.00, 0x0000000000000004
2026/10/02 18:24:09.283, 0, 71.47, 52, 2, 150.00, 1680, 150.00, 0x0000000000000004
2026/10/02 18:24:09.484, 0, 72.83, 53, 0, 150.00, 1620, 150.00, 0x0000000000000004
2026/10/02 18:24:09.684, 0, 71.27, 52, 0, 150.00, 1680, 150.00, 0x0000000000000004
2026/10/02 18:24:09.884, 0, 71.49, 52, 0, 150.00, 1695, 150.00, 0x0000000000000000
2026/10/02 18:24:10.085, 0, 85.51, 54, 0, 150.00, 1440, 150.00, 0x0000000000000004
2026/10/02 18:24:10.285, 0, 75.63, 52, 20, 150.00, 1680, 150.00, 0x0000000000000004
2026/10/02 18:24:10.486, 0, 75.55, 52, 0, 150.00, 1695, 150.00, 0x0000000000000004
2026/10/02 18:24:10.686, 0, 74.38, 52, 0, 150.00, 1695, 150.00, 0x0000000000000000
2026/10/02 18:24:10.887, 0, 74.45, 52, 0, 150.00, 885, 150.00, 0x0000000000000000
2026/10/02 18:24:11.087, 0, 91.38, 54, 71, 150.00, 1065, 150.00, 0x0000000000000004
2026/10/02 18:24:11.288, 0, 90.41, 54, 49, 150.00, 1065, 150.00, 0x0000000000000004
2026/10/02 18:24:11.489, 0, 103.18, 54, 75, 150.00, 1620, 150.00, 0x0000000000000004
2026/10/02 18:24:11.689, 0, 103.04, 52, 0, 150.00, 1680, 150.00, 0x0000000000000004
2026/10/02 18:24:11.889, 0, 103.01, 52, 0, 150.00, 1695, 150.00, 0x0000000000000004
2026/10/02 18:24:12.090, 0, 94.91, 52, 0, 150.00, 690, 150.00, 0x0000000000000000
2026/10/02 18:24:12.291, 0, 89.53, 52, 60, 150.00, 1680, 150.00, 0x0000000000000004
2026/10/02 18:24:12.491, 0, 67.64, 52, 0, 150.00, 1680, 150.00, 0x0000000000000004
2026/10/02 18:24:12.692, 0, 64.14, 52, 0, 150.00, 1695, 150.00, 0x0000000000000000
2026/10/02 18:24:12.892, 0, 76.00, 52, 48, 150.00, 1680, 150.00, 0x0000000000000004
2026/10/02 18:24:13.093, 0, 87.36, 54, 0, 150.00, 1515, 150.00, 0x0000000000000004
2026/10/02 18:24:13.293, 0, 86.99, 53, 8, 150.00, 1605, 150.00, 0x0000000000000004
2026/10/02 18:24:13.494, 0, 87.03, 52, 0, 150.00, 1680, 150.00, 0x0000000000000004
2026/10/02 18:24:13.694, 0, 91.62, 53, 0, 150.00, 1605, 150.00, 0x0000000000000004
2026/10/02 18:24:13.895, 0, 88.43, 53, 0, 150.00, 1560, 150.00, 0x0000000000000004
2026/10/02 18:24:14.095, 0, 87.73, 53, 4, 150.00, 1665, 150.00, 0x0000000000000004
2026/10/02 18:24:14.296, 0, 76.77, 52, 0, 150.00, 1680, 150.00, 0x0000000000000004
2026/10/02 18:24:14.496, 0, 74.03, 52, 0, 150.00, 1695, 150.00, 0x0000000000000000
2026/10/02 18:24:14.697, 0, 88.70, 53, 33, 150.00, 1680, 150.00, 0x0000000000000004
2026/10/02 18:24:14.897, 0, 84.29, 52, 0, 150.00, 1680, 150.00, 0x0000000000000004
2026/10/02 18:24:15.098, 0, 76.85, 53, 0, 150.00, 1620, 150.00, 0x0000000000000004
2026/10/02 18:24:15.298, 0, 77.49, 52, 0, 150.00, 1680, 150.00, 0x0000000000000004
2026/10/02 18:24:15.499, 0, 91.64, 54, 0, 150.00, 1410, 150.00, 0x0000000000000004
2026/10/02 18:24:15.699, 0, 78.54, 54, 23, 150.00, 900, 150.00, 0x0000000000000004
2026/10/02 18:24:15.900, 0, 78.40, 53, 52, 150.00, 1155, 150.00, 0x0000000000000004
2026/10/02 18:24:16.100, 0, 90.09, 54, 59, 150.00, 1620, 150.00, 0x0000000000000004
2026/10/02 18:24:16.301, 0, 88.87, 53, 0, 150.00, 1635, 150.00, 0x0000000000000004
2026/10/02 18:24:16.501, 0, 103.91, 54, 0, 150.00, 1335, 150.00, 0x0000000000000004
2026/10/02 18:24:16.702, 0, 89.71, 53, 28, 150.00, 1680, 150.00, 0x0000000000000004
2026/10/02 18:24:16.902, 0, 112.02, 54, 28, 150.00, 1365, 150.00, 0x0000000000000004
2026/10/02 18:24:17.103, 0, 113.66, 53, 66, 150.00, 1680, 150.00, 0x0000000000000004
2026/10/02 18:24:17.303, 0, 126.26, 55, 0, 150.00, 1350, 150.00, 0x0000000000000004
2026/10/02 18:24:17.504, 0, 125.33, 53, 27, 150.00, 1680, 150.00, 0x0000000000000004
2026/10/02 18:24:17.704, 0, 110.93, 53, 0, 150.00, 1695, 150.00, 0x0000000000000004
2026/10/02 18:24:17.905, 0, 95.71, 52, 0, 150.00, 1695, 150.00, 0x0000000000000000
2026/10/02 18:24:18.105, 0, 84.84, 53, 0, 150.00, 1560, 150.00, 0x0000000000000004
2026/10/02 18:24:18.306, 0, 84.97, 52, 0, 150.00, 1680, 150.00, 0x0000000000000004
2026/10/02 18:24:18.506, 0, 84.89, 54, 0, 150.00, 1425, 150.00, 0x0000000000000004
2026/10/02 18:24:18.707, 0, 83.78, 53, 21, 150.00, 1650, 150.00, 0x0000000000000004
2026/10/02 18:24:18.907, 0, 83.68, 53, 0, 150.00, 1680, 150.00, 0x0000000000000004
2026/10/02 18:24:19.108, 0, 99.09, 54, 0, 150.00, 1305, 150.00, 0x0000000000000000
2026/10/02 18:24:19.308, 0, 102.59, 54, 31, 150.00, 1440, 150.00, 0x0000000000000004
2026/10/02 18:24:19.509, 0, 102.00, 53, 21, 150.00, 1680, 150.00, 0x0000000000000004
2026/10/02 18:24:19.709, 0, 88.43, 53, 0, 150.00, 630, 150.00, 0x0000000000000004
2026/10/02 18:24:19.910, 0, 89.06, 53, 58, 150.00, 705, 150.00, 0x0000000000000004
2026/10/02 18:24:20.111, 0, 99.10, 55, 60, 150.00, 1365, 150.00, 0x0000000000000004
2026/10/02 18:24:20.311, 0, 83.50, 53, 50, 150.00, 1680, 150.00, 0x0000000000000004
2026/10/02 18:24:20.511, 0, 79.34, 54, 0, 150.00, 1635, 150.00, 0x0000000000000004
2026/10/02 18:24:20.712, 0, 79.00, 53, 0, 150.00, 1680, 150.00, 0x0000000000000004
2026/10/02 18:24:20.912, 0, 93.65, 54, 0, 150.00, 1545, 150.00, 0x0000000000000004
2026/10/02 18:24:21.113, 0, 91.07, 53, 24, 150.00, 1680, 150.00, 0x0000000000000004
2026/10/02 18:24:21.313, 0, 90.08, 54, 0, 150.00, 1635, 150.00, 0x0000000000000004
2026/10/02 18:24:21.514, 0, 102.49, 55, 0, 150.00, 840, 150.00, 0x0000000000000004
2026/10/02 18:24:21.714, 0, 102.21, 53, 99, 150.00, 1680, 150.00, 0x0000000000000004
2026/10/02 18:24:21.915, 0, 102.21, 53, 0, 150.00, 1680, 150.00, 0x0000000000000004
2026/10/02 18:24:22.115, 0, 88.23, 53, 0, 150.00, 840, 150.00, 0x0000000000000004
2026/10/02 18:24:22.316, 0, 103.76, 55, 58, 150.00, 1515, 150.00, 0x0000000000000004
2026/10/02 18:24:22.516, 0, 109.23, 54, 47, 150.00, 1680, 150.00, 0x0000000000000004
2026/10/02 18:24:22.717, 0, 88.38, 53, 0, 150.00, 1680, 150.00, 0x0000000000000004
2026/10/02 18:24:22.917, 0, 88.67, 53, 0, 150.00, 1695, 150.00, 0x0000000000000000
2026/10/02 18:24:23.118, 0, 88.79, 53, 0, 150.00, 1695, 150.00, 0x0000000000000000
2026/10/02 18:24:23.318, 0, 88.26, 53, 0, 150.00, 1695, 150.00, 0x0000000000000000
2026/10/02 18:24:23.519, 0, 73.35, 52, 0, 150.00, 1695, 150.00, 0x0000000000000000
2026/10/02 18:24:23.720, 0, 84.39, 55, 100, 150.00, 1545, 150.00, 0x0000000000000004
2026/10/02 18:24:23.920, 0, 95.10, 55, 26, 150.00, 1365, 150.00, 0x0000000000000004
2026/10/02 18:24:24.120, 0, 94.10, 53, 46, 150.00, 1680, 150.00, 0x0000000000000004
2026/10/02 18:24:24.321, 0, 94.01, 53, 0, 150.00, 1695, 150.00, 0x0000000000000000
2026/10/02 18:24:24.521, 0, 93.99, 52, 0, 150.00, 1695, 150.00, 0x0000000000000000
2026/10/02 18:24:24.722, 0, 87.13, 53, 12, 150.00, 1680, 150.00, 0x0000000000000004
2026/10/02 18:24:24.923, 0, 97.25, 55, 9, 150.00, 870, 150.00, 0x0000000000000004
2026/10/02 18:24:25.123, 0, 103.69, 55, 97, 150.00, 1635, 150.00, 0x0000000000000004
2026/10/02 18:24:25.324, 0, 103.57, 54, 1, 150.00, 990, 150.00, 0x0000000000000004
2026/10/02 18:24:25.524, 0, 115.60, 54, 48, 150.00, 1680, 150.00, 0x0000000000000004
2026/10/02 18:24:25.725, 0, 129.72, 55, 26, 150.00, 1605, 150.00, 0x0000000000000004
2026/10/02 18:24:25.925, 0, 124.39, 54, 15, 150.00, 1680, 150.00, 0x0000000000000004
2026/10/02 18:24:26.126, 0, 104.39, 53, 0, 150.00, 1695, 150.00, 0x0000000000000000
2026/10/02 18:24:26.326, 0, 96.61, 53, 0, 150.00, 1695, 150.00, 0x0000000000000000
2026/10/02 18:24:26.527, 0, 86.30, 54, 0, 150.00, 1650, 150.00, 0x0000000000000004
2026/10/02 18:24:26.727, 0, 71.89, 53, 0, 150.00, 1680, 150.00, 0x0000000000000004
2026/10/02 18:24:26.928, 0, 64.38, 53, 0, 150.00, 1695, 150.00, 0x0000000000000000
2026/10/02 18:24:27.128, 0, 76.72, 54, 19, 150.00, 1680, 150.00, 0x0000000000000004
2026/10/02 18:24:27.329, 0, 76.58, 53, 0, 150.00, 1680, 150.00, 0x0000000000000004
2026/10/02 18:24:27.529, 0, 76.57, 53, 0, 150.00, 1695, 150.00, 0x0000000000000000
2026/10/02 18:24:27.730, 0, 74.64, 53, 0, 150.00, 705, 150.00, 0x0000000000000004
2026/10/02 18:24:27.930, 0, 83.73, 53, 58, 150.00, 825, 150.00, 0x0000000000000004
2026/10/02 18:24:28.131, 0, 93.02, 55, 54, 150.00, 1575, 150.00, 0x0000000000000004
2026/10/02 18:24:28.331, 0, 100.63, 55, 17, 150.00, 840, 150.00, 0x0000000000000004
2026/10/02 18:24:28.532, 0, 108.30, 54, 100, 150.00, 1680, 150.00, 0x0000000000000004
2026/10/02 18:24:28.732, 0, 117.49, 55, 0, 150.00, 1620, 150.00, 0x0000000000000004
2026/10/02 18:24:28.933, 0, 107.75, 54, 1, 150.00, 1680, 150.00, 0x0000000000000004
2026/10/02 18:24:29.133, 0, 97.59, 53, 0, 150.00, 1695, 150.00, 0x0000000000000000
2026/10/02 18:24:29.334, 0, 85.74, 54, 0, 150.00, 1665, 150.00, 0x0000000000000004
2026/10/02 18:24:29.534, 0, 70.19, 53, 0, 150.00, 1680, 150.00, 0x0000000000000004
2026/10/02 18:24:29.735, 0, 70.72, 53, 0, 150.00, 1695, 150.00, 0x0000000000000000
2026/10/02 18:24:29.935, 0, 61.93, 53, 0, 150.00, 675, 150.00, 0x0000000000000004
2026/10/02 18:24:30.136, 0, 78.69, 55, 66, 150.00, 1365, 150.00, 0x0000000000000004
2026/10/02 18:24:30.336, 0, 91.29, 55, 51, 150.00, 840, 150.00, 0x0000000000000004
2026/10/02 18:24:30.537, 0, 99.39, 54, 100, 150.00, 1680, 150.00, 0x0000000000000004
2026/10/02 18:24:30.737, 0, 99.21, 55, 0, 150.00, 660, 150.00, 0x0000000000000004
2026/10/02 18:24:30.938, 0, 107.42, 54, 62, 150.00, 1680, 150.00, 0x0000000000000004
2026/10/02 18:24:31.138, 0, 114.75, 55, 0, 150.00, 1140, 150.00, 0x0000000000000004
2026/10/02 18:24:31.339, 0, 118.76, 54, 63, 150.00, 1680, 150.00, 0x0000000000000004
2026/10/02 18:24:31.539, 0, 97.30, 54, 0, 150.00, 960, 150.00, 0x0000000000000004
2026/10/02 18:24:31.740, 0, 109.44, 54, 49, 150.00, 1680, 150.00, 0x0000000000000004
2026/10/02 18:24:31.940, 0, 101.03, 54, 0, 150.00, 1680, 150.00, 0x0000000000000004
2026/10/02 18:24:32.141, 0, 116.77, 55, 0, 150.00, 855, 150.00, 0x0000000000000004
2026/10/02 18:24:32.341, 0, 96.56, 54, 100, 150.00, 1320, 150.00, 0x0000000000000004
2026/10/02 18:24:32.542, 0, 111.64, 54, 35, 150.00, 1290, 150.00, 0x0000000000000004
2026/10/02 18:24:32.742, 0, 113.27, 54, 35, 150.00, 1095, 150.00, 0x0000000000000004
2026/10/02 18:24:32.943, 0, 126.11, 54, 41, 150.00, 1680, 150.00, 0x0000000000000004
2026/10/02 18:24:33.144, 0, 126.20, 54, 0, 150.00, 1680, 150.00, 0x0000000000000004
2026/10/02 18:24:33.344, 0, 115.88, 55, 0, 150.00, 1575, 150.00, 0x0000000000000004
2026/10/02 18:24:33.545, 0, 100.67, 54, 17, 150.00, 1680, 150.00, 0x0000000000000004
2026/10/02 18:24:33.745, 0, 96.76, 55, 0, 150.00, 1620, 150.00, 0x0000000000000004
2026/10/02 18:24:33.946, 0, 84.11, 54, 2, 150.00, 1680, 150.00, 0x0000000000000004
2026/10/02 18:24:34.146, 0, 95.33, 55, 0, 150.00, 1605, 150.00, 0x0000000000000004
2026/10/02 18:24:34.347, 0, 94.85, 54, 6, 150.00, 1680, 150.00, 0x0000000000000004
2026/10/02 18:24:34.548, 0, 105.45, 56, 23, 150.00, 1575, 150.00, 0x0000000000000004
2026/10/02 18:24:34.748, 0, 104.91, 54, 19, 150.00, 840, 150.00, 0x0000000000000004
2026/10/02 18:24:34.949, 0, 108.94, 55, 54, 150.00, 1275, 150.00, 0x0000000000000004
2026/10/02 18:24:35.149, 0, 108.02, 54, 53, 150.00, 945, 150.00, 0x0000000000000004
2026/10/02 18:24:35.349, 0, 97.52, 54, 58, 150.00, 1680, 150.00, 0x0000000000000004
2026/10/02 18:24:35.550, 0, 83.66, 54, 0, 150.00, 1695, 150.00, 0x0000000000000000
2026/10/02 18:24:35.750, 0, 74.89, 54, 0, 150.00, 1695, 150.00, 0x0000000000000000
2026/10/02 18:24:35.951, 0, 63.93, 53, 0, 150.00, 1695, 150.00, 0x0000000000000000
2026/10/02 18:24:36.151, 0, 62.42, 53, 0, 150.00, 1695, 150.00, 0x0000000000000000
2026/10/02 18:24:36.352, 0, 62.42, 53, 0, 150.00, 1695, 150.00, 0x0000000000000000
2026/10/02 18:24:36.552, 0, 62.42, 53, 0, 150.00, 1695, 150.00, 0x0000000000000000
2026/10/02 18:24:36.753, 0, 62.42, 53, 0, 150.00, 1695, 150.00, 0x0000000000000000
2026/10/02 18:24:36.953, 0, 120.44, 55, 0, 150.00, 1110, 150.00, 0x0000000000000004
2026/10/02 18:24:37.154, 0, 124.86, 56, 68, 150.00, 870, 150.00, 0x0000000000000004
2026/10/02 18:24:37.354, 0, 126.47, 55, 96, 150.00, 1680, 150.00, 0x0000000000000004
2026/10/02 18:24:37.555, 0, 117.36, 54, 0, 150.00, 1680, 150.00, 0x0000000000000004
2026/10/02 18:24:37.755, 0, 110.53, 53, 0, 150.00, 1695, 150.00, 0x0000000000000000
2026/10/02 18:24:37.956, 0, 88.58, 55, 0, 150.00, 855, 150.00, 0x0000000000000004
2026/10/02 18:24:38.156, 0, 90.72, 55, 100, 150.00, 1680, 150.00, 0x0000000000000004
2026/10/02 18:24:38.357, 0, 77.79, 54, 0, 150.00, 1680, 150.00, 0x0000000000000004
2026/10/02 18:24:38.557, 0, 78.53, 54, 0, 150.00, 1695, 150.00, 0x0000000000000000
2026/10/02 18:24:38.758, 0, 87.90, 55, 0, 150.00, 780, 150.00, 0x0000000000000004
2026/10/02 18:24:38.958, 0, 92.03, 54, 67, 150.00, 1680, 150.00, 0x0000000000000004
2026/10/02 18:24:39.159, 0, 75.40, 54, 0, 150.00, 765, 150.00, 0x0000000000000004
2026/10/02 18:24:39.359, 0, 77.88, 55, 59, 150.00, 720, 150.00, 0x0000000000000004
2026/10/02 18:24:39.560, 0, 87.15, 55, 56, 150.00, 1530, 150.00, 0x0000000000000004
2026/10/02 18:24:39.760, 0, 101.64, 55, 31, 150.00, 1680, 150.00, 0x0000000000000004
2026/10/02 18:24:39.961, 0, 87.85, 54, 0, 150.00, 1680, 150.00, 0x0000000000000004
2026/10/02 18:24:40.161, 0, 88.18, 54, 0, 150.00, 1695, 150.00, 0x0000000000000000
2026/10/02 18:24:40.362, 0, 88.23, 55, 0, 150.00, 1665, 150.00, 0x0000000000000004
2026/10/02 18:24:40.562, 0, 77.71, 54, 0, 150.00, 1095, 150.00, 0x0000000000000004
2026/10/02 18:24:40.763, 0, 87.05, 56, 44, 150.00, 1590, 150.00, 0x0000000000000004
2026/10/02 18:24:40.963, 0, 87.35, 54, 13, 150.00, 1680, 150.00, 0x0000000000000004
2026/10/02 18:24:41.164, 0, 87.26, 54, 0, 150.00, 1695, 150.00, 0x0000000000000000
2026/10/02 18:24:41.364, 0, 87.32, 54, 0, 150.00, 1695, 150.00, 0x0000000000000000
2026/10/02 18:24:41.565, 0, 99.59, 54, 22, 150.00, 1680, 150.00, 0x0000000000000004
2026/10/02 18:24:41.765, 0, 100.07, 56, 0, 150.00, 1560, 150.00, 0x0000000000000004
2026/10/02 18:24:41.966, 0, 88.28, 55, 22, 150.00, 1665, 150.00, 0x0000000000000004
2026/10/02 18:24:42.166, 0, 102.37, 55, 25, 150.00, 1680, 150.00, 0x0000000000000004
2026/10/02 18:24:42.367, 0, 117.21, 56, 0, 150.00, 1515, 150.00, 0x0000000000000004
2026/10/02 18:24:42.568, 0, 101.86, 55, 28, 150.00, 1680, 150.00, 0x0000000000000004
2026/10/02 18:24:42.768, 0, 102.72, 54, 0, 150.00, 1680, 150.00, 0x0000000000000004
2026/10/02 18:24:42.968, 0, 89.65, 54, 0, 150.00, 1695, 150.00, 0x0000000000000000
2026/10/02 18:24:43.169, 0, 75.49, 54, 0, 150.00, 1695, 150.00, 0x0000000000000000
2026/10/02 18:24:43.369, 0, 61.43, 54, 0, 150.00, 1695, 150.00, 0x0000000000000000
2026/10/02 18:24:43.570, 0, 62.01, 54, 1, 150.00, 1665, 150.00, 0x0000000000000004
2026/10/02 18:24:43.770, 0, 62.05, 54, 0, 150.00, 1680, 150.00, 0x0000000000000004
2026/10/02 18:24:43.971, 0, 69.12, 55, 0, 150.00, 1335, 150.00, 0x0000000000000004
2026/10/02 18:24:44.171, 0, 68.77, 54, 47, 150.00, 1020, 150.00, 0x0000000000000004
2026/10/02 18:24:44.372, 0, 73.79, 56, 59, 150.00, 1320, 150.00, 0x0000000000000004
2026/10/02 18:24:44.572, 0, 74.50, 54, 48, 150.00, 1680, 150.00, 0x0000000000000004
2026/10/02 18:24:44.773, 0, 74.61, 54, 0, 150.00, 1695, 150.00, 0x0000000000000000
2026/10/02 18:24:44.973, 0, 66.57, 54, 0, 150.00, 1695, 150.00, 0x0000000000000000
2026/10/02 18:24:45.174, 0, 67.57, 54, 0, 150.00, 1695, 150.00, 0x0000000000000000
2026/10/02 18:24:45.375, 0, 65.02, 55, 0, 150.00, 1650, 150.00, 0x0000000000000004
2026/10/02 18:24:45.575, 0, 65.95, 54, 0, 150.00, 825, 150.00, 0x0000000000000004
2026/10/02 18:24:45.776, 0, 66.35, 54, 0, 150.00, 1680, 150.00, 0x0000000000000004
2026/10/02 18:24:45.976, 0, 72.49, 55, 58, 150.00, 1635, 150.00, 0x0000000000000004
2026/10/02 18:24:46.177, 0, 82.61, 55, 60, 150.00, 1650, 150.00, 0x0000000000000004
2026/10/02 18:24:46.377, 0, 78.46, 55, 47, 150.00, 1680, 150.00, 0x0000000000000004
2026/10/02 18:24:46.578, 0, 81.97, 55, 59, 150.00, 1650, 150.00, 0x0000000000000004
2026/10/02 18:24:46.778, 0, 92.42, 54, 0, 150.00, 810, 150.00, 0x0000000000000004
2026/10/02 18:24:46.979, 0, 94.49, 55, 62, 150.00, 1620, 150.00, 0x0000000000000004
2026/10/02 18:24:47.180, 0, 97.70, 54, 0, 150.00, 660, 150.00, 0x0000000000000004
2026/10/02 18:24:47.380, 0, 101.64, 54, 0, 150.00, 825, 150.00, 0x0000000000000004
2026/10/02 18:24:47.581, 0, 97.57, 54, 7, 150.00, 1680, 150.00, 0x0000000000000004
2026/10/02 18:24:47.781, 0, 97.83, 54, 0, 150.00, 1680, 150.00, 0x0000000000000004
2026/10/02 18:24:47.982, 0, 78.77, 54, 0, 150.00, 810, 150.00, 0x0000000000000004
2026/10/02 18:24:48.182, 0, 78.92, 54, 0, 150.00, 1680, 150.00, 0x0000000000000004
2026/10/02 18:24:48.383, 0, 83.99, 56, 54, 150.00, 1605, 150.00, 0x0000000000000004
2026/10/02 18:24:48.583, 0, 87.61, 56, 34, 150.00, 1545, 150.00, 0x0000000000000004
2026/10/02 18:24:48.784, 0, 96.01, 56, 75, 150.00, 945, 150.00, 0x0000000000000004
2026/10/02 18:24:48.984, 0, 95.82, 55, 0, 150.00, 1680, 150.00, 0x0000000000000004
2026/10/02 18:24:49.185, 0, 95.39, 54, 0, 150.00, 1695, 150.00, 0x0000000000000000
2026/10/02 18:24:49.385, 0, 84.68, 54, 0, 150.00, 1695, 150.00, 0x0000000000000000
2026/10/02 18:24:49.586, 0, 70.58, 54, 0, 150.00, 1695, 150.00, 0x0000000000000000
2026/10/02 18:24:49.786, 0, 77.03, 56, 23, 150.00, 1545, 150.00, 0x0000000000000004
2026/10/02 18:24:49.987, 0, 76.66, 54, 0, 150.00, 1680, 150.00, 0x0000000000000004
2026/10/02 18:24:50.187, 0, 76.66, 54, 0, 150.00, 1695, 150.00, 0x0000000000000000
2026/10/02 18:24:50.388, 0, 87.59, 55, 6, 150.00, 1605, 150.00, 0x0000000000000004
2026/10/02 18:24:50.589, 0, 87.49, 54, 0, 150.00, 1680, 150.00, 0x0000000000000004
2026/10/02 18:24:50.789, 0, 73.02, 55, 0, 150.00, 1665, 150.00, 0x0000000000000004
2026/10/02 18:24:50.990, 0, 73.70, 54, 0, 150.00, 1680, 150.00, 0x0000000000000004
2026/10/02 18:24:51.190, 0, 73.75, 54, 0, 150.00, 1695, 150.00, 0x0000000000000000
2026/10/02 18:24:51.391, 0, 62.32, 54, 0, 150.00, 1695, 150.00, 0x0000000000000000
2026/10/02 18:24:51.591, 0, 69.31, 56, 58, 150.00, 1260, 150.00, 0x0000000000000004
2026/10/02 18:24:51.792, 0, 72.13, 54, 6, 150.00, 1680, 150.00, 0x0000000000000004
2026/10/02 18:24:51.993, 0, 71.28, 55, 0, 150.00, 1680, 150.00, 0x0000000000000004
2026/10/02 18:24:52.193, 0, 71.26, 54, 0, 150.00, 1680, 150.00, 0x0000000000000004
2026/10/02 18:24:52.394, 0, 71.26, 54, 0, 150.00, 1695, 150.00, 0x0000000000000000
2026/10/02 18:24:52.594, 0, 75.23, 55, 8, 150.00, 1590, 150.00, 0x0000000000000004
2026/10/02 18:24:52.795, 0, 86.95, 55, 8, 150.00, 1605, 150.00, 0x0000000000000004
2026/10/02 18:24:52.995, 0, 98.63, 54, 21, 150.00, 1680, 150.00, 0x0000000000000004
2026/10/02 18:24:53.196, 0, 97.76, 55, 0, 150.00, 1680, 150.00, 0x0000000000000004
2026/10/02 18:24:53.396, 0, 113.28, 54, 30, 150.00, 1575, 150.00, 0x0000000000000004
2026/10/02 18:24:53.597, 0, 109.22, 56, 12, 150.00, 1605, 150.00, 0x0000000000000004
2026/10/02 18:24:53.797, 0, 120.23, 56, 61, 150.00, 780, 150.00, 0x0000000000000004
2026/10/02 18:24:53.998, 0, 120.22, 55, 0, 150.00, 1680, 150.00, 0x0000000000000004
2026/10/02 18:24:54.198, 0, 106.90, 55, 0, 150.00, 1665, 150.00, 0x0000000000000004
2026/10/02 18:24:54.399, 0, 106.99, 54, 0, 150.00, 1680, 150.00, 0x0000000000000004
2026/10/02 18:24:54.599, 0, 83.39, 54, 0, 150.00, 1695, 150.00, 0x0000000000000000
2026/10/02 18:24:54.800, 0, 83.26, 54, 52, 150.00, 840, 150.00, 0x0000000000000004
2026/10/02 18:24:55.000, 0, 73.34, 54, 0, 150.00, 1680, 150.00, 0x0000000000000004
2026/10/02 18:24:55.201, 0, 73.83, 54, 0, 150.00, 1680, 150.00, 0x0000000000000004
2026/10/02 18:24:55.401, 0, 78.46, 55, 0, 150.00, 1635, 150.00, 0x0000000000000004
2026/10/02 18:24:55.602, 0, 78.45, 54, 0, 150.00, 1680, 150.00, 0x0000000000000004
2026/10/02 18:24:55.802, 0, 79.53, 56, 67, 150.00, 1050, 150.00, 0x0000000000000004
2026/10/02 18:24:56.003, 0, 68.19, 55, 0, 150.00, 1665, 150.00, 0x0000000000000004
2026/10/02 18:24:56.203, 0, 68.19, 54, 0, 150.00, 1680, 150.00, 0x0000000000000004
2026/10/02 18:24:56.404, 0, 64.53, 55, 61, 150.00, 735, 150.00, 0x0000000000000004
2026/10/02 18:24:56.605, 0, 82.70, 56, 23, 150.00, 1650, 150.00, 0x0000000000000004
2026/10/02 18:24:56.805, 0, 93.33, 57, 35, 150.00, 1485, 150.00, 0x0000000000000004
2026/10/02 18:24:57.006, 0, 93.92, 55, 0, 150.00, 1680, 150.00, 0x0000000000000004
2026/10/02 18:24:57.206, 0, 94.12, 54, 0, 150.00, 1695, 150.00, 0x0000000000000000
2026/10/02 18:24:57.407, 0, 109.35, 54, 34, 150.00, 1335, 150.00, 0x0000000000000004
2026/10/02 18:24:57.607, 0, 102.94, 55, 0, 150.00, 1680, 150.00, 0x0000000000000004
2026/10/02 18:24:57.808, 0, 84.01, 54, 71, 150.00, 660, 150.00, 0x0000000000000004
2026/10/02 18:24:58.008, 0, 98.50, 55, 38, 150.00, 1200, 150.00, 0x0000000000000004
2026/10/02 18:24:58.209, 0, 97.84, 55, 0, 150.00, 1680, 150.00, 0x0000000000000004
2026/10/02 18:24:58.409, 0, 97.78, 55, 0, 150.00, 1680, 150.00, 0x0000000000000004
2026/10/02 18:24:58.610, 0, 84.03, 54, 0, 150.00, 1695, 150.00, 0x0000000000000000
2026/10/02 18:24:58.810, 0, 84.08, 54, 0, 150.00, 1695, 150.00, 0x0000000000000000
2026/10/02 18:24:59.011, 0, 80.39, 54, 60, 150.00, 660, 150.00, 0x0000000000000004
2026/10/02 18:24:59.211, 0, 78.99, 56, 8, 150.00, 1590, 150.00, 0x0000000000000004
2026/10/02 18:24:59.412, 0, 84.36, 55, 59, 150.00, 660, 150.00, 0x0000000000000004
2026/10/02 18:24:59.612, 0, 84.01, 55, 0, 150.00, 1680, 150.00, 0x0000000000000004
2026/10/02 18:24:59.813, 0, 93.53, 56, 59, 150.00, 720, 150.00, 0x0000000000000004
2026/10/02 18:25:00.013, 0, 93.23, 55, 0, 150.00, 1680, 150.00, 0x0000000000000004
2026/10/02 18:25:00.214, 0, 92.64, 56, 100, 150.00, 840, 150.00, 0x0000000000000004
2026/10/02 18:25:00.415, 0, 92.95, 56, 59, 150.00, 825, 150.00, 0x0000000000000004
2026/10/02 18:25:00.615, 0, 103.08, 55, 33, 150.00, 1410, 150.00, 0x0000000000000004
2026/10/02 18:25:00.816, 0, 106.00, 57, 10, 150.00, 1605, 150.00, 0x0000000000000004
2026/10/02 18:25:01.016, 0, 101.60, 56, 0, 150.00, 1665, 150.00, 0x0000000000000004
2026/10/02 18:25:01.217, 0, 108.56, 57, 33, 150.00, 1470, 150.00, 0x0000000000000004
2026/10/02 18:25:01.417, 0, 112.69, 56, 42, 150.00, 1425, 150.00, 0x0000000000000004
2026/10/02 18:25:01.618, 0, 111.93, 55, 60, 150.00, 975, 150.00, 0x0000000000000004
2026/10/02 18:25:01.818, 0, 98.67, 57, 100, 150.00, 840, 150.00, 0x0000000000000004
2026/10/02 18:25:02.019, 0, 113.31, 56, 28, 150.00, 1005, 150.00, 0x0000000000000004
2026/10/02 18:25:02.219, 0, 107.46, 56, 55, 150.00, 675, 150.00, 0x0000000000000004
2026/10/02 18:25:02.420, 0, 95.47, 56, 0, 150.00, 1680, 150.00, 0x0000000000000004
2026/10/02 18:25:02.620, 0, 96.33, 55, 0, 150.00, 1680, 150.00, 0x0000000000000004
2026/10/02 18:25:02.820, 0, 101.85, 56, 0, 150.00, 1665, 150.00, 0x0000000000000004
2026/10/02 18:25:03.021, 0, 107.50, 57, 39, 150.00, 1560, 150.00, 0x0000000000000004
2026/10/02 18:25:03.221, 0, 114.87, 57, 100, 150.00, 840, 150.00, 0x0000000000000004
2026/10/02 18:25:03.422, 0, 121.84, 58, 100, 150.00, 825, 150.00, 0x0000000000000004
2026/10/02 18:25:03.623, 0, 138.10, 58, 100, 150.00, 855, 150.00, 0x0000000000000004
2026/10/02 18:25:03.823, 0, 146.07, 58, 100, 150.00, 840, 150.00, 0x0000000000000004
2026/10/02 18:25:04.024, 0, 147.89, 58, 100, 150.00, 825, 150.00, 0x0000000000000004
2026/10/02 18:25:04.224, 0, 134.94, 57, 59, 150.00, 1320, 150.00, 0x0000000000000004
2026/10/02 18:25:04.425, 0, 128.15, 58, 2, 150.00, 1650, 150.00, 0x0000000000000004
2026/10/02 18:25:04.625, 0, 122.08, 57, 62, 150.00, 705, 150.00, 0x0000000000000004
2026/10/02 18:25:04.826, 0, 115.66, 58, 93, 150.00, 810, 150.00, 0x0000000000000004
2026/10/02 18:25:05.027, 0, 116.79, 59, 100, 150.00, 810, 150.00, 0x0000000000000004
2026/10/02 18:25:05.227, 0, 109.28, 57, 0, 150.00, 1680, 150.00, 0x0000000000000004
2026/10/02 18:25:05.427, 0, 111.14, 56, 50, 150.00, 660, 150.00, 0x0000000000000004
2026/10/02 18:25:05.628, 0, 116.66, 56, 98, 150.00, 825, 150.00, 0x0000000000000004
2026/10/02 18:25:05.829, 0, 123.44, 58, 100, 150.00, 810, 150.00, 0x0000000000000004
2026/10/02 18:25:06.029, 0, 120.09, 58, 16, 150.00, 1230, 150.00, 0x0000000000000004
2026/10/02 18:25:06.230, 0, 112.79, 57, 61, 150.00, 1200, 150.00, 0x0000000000000004
2026/10/02 18:25:06.430, 0, 132.79, 58, 97, 150.00, 855, 150.00, 0x0000000000000004
2026/10/02 18:25:06.631, 0, 134.52, 57, 43, 150.00, 630, 150.00, 0x0000000000000004
2026/10/02 18:25:06.831, 0, 127.26, 58, 79, 150.00, 1260, 150.00, 0x0000000000000004
2026/10/02 18:25:07.032, 0, 117.42, 57, 0, 150.00, 1680, 150.00, 0x0000000000000004
2026/10/02 18:25:07.232, 0, 119.72, 56, 47, 150.00, 630, 150.00, 0x0000000000000004
2026/10/02 18:25:07.433, 0, 105.77, 57, 0, 150.00, 1680, 150.00, 0x0000000000000004
2026/10/02 18:25:07.633, 0, 121.74, 58, 59, 150.00, 690, 150.00, 0x0000000000000004
2026/10/02 18:25:07.834, 0, 109.75, 59, 77, 150.00, 1290, 150.00, 0x0000000000000004
2026/10/02 18:25:08.035, 0, 125.30, 58, 27, 150.00, 945, 150.00, 0x0000000000000004
2026/10/02 18:25:08.235, 0, 141.55, 59, 85, 150.00, 765, 150.00, 0x0000000000000004
2026/10/02 18:25:08.436, 0, 145.20, 58, 37, 150.00, 690, 150.00, 0x0000000000000004
2026/10/02 18:25:08.636, 0, 140.33, 59, 7, 150.00, 1650, 150.00, 0x0000000000000004
2026/10/02 18:25:08.837, 0, 120.97, 57, 0, 150.00, 1680, 150.00, 0x0000000000000004
2026/10/02 18:25:09.037, 0, 118.89, 56, 0, 150.00, 1695, 150.00, 0x0000000000000000
2026/10/02 18:25:09.238, 0, 103.84, 56, 71, 150.00, 720, 150.00, 0x0000000000000004
2026/10/02 18:25:09.438, 0, 104.58, 57, 51, 150.00, 690, 150.00, 0x0000000000000004
2026/10/02 18:25:09.639, 0, 87.13, 57, 7, 150.00, 1680, 150.00, 0x0000000000000004
2026/10/02 18:25:09.839, 0, 106.48, 58, 70, 150.00, 795, 150.00, 0x0000000000000004
2026/10/02 18:25:10.040, 0, 123.50, 59, 100, 150.00, 810, 150.00, 0x0000000000000004
2026/10/02 18:25:10.241, 0, 122.99, 59, 62, 150.00, 1365, 150.00, 0x0000000000000004
2026/10/02 18:25:10.441, 0, 124.02, 59, 5, 150.00, 1650, 150.00, 0x0000000000000004
2026/10/02 18:25:10.642, 0, 128.29, 57, 36, 150.00, 675, 150.00, 0x0000000000000004
2026/10/02 18:25:10.842, 0, 115.34, 57, 0, 150.00, 1680, 150.00, 0x0000000000000004
2026/10/02 18:25:11.043, 0, 102.71, 58, 47, 150.00, 1515, 150.00, 0x0000000000000004
2026/10/02 18:25:11.243, 0, 93.62, 58, 57, 150.00, 1440, 150.00, 0x0000000000000004
2026/10/02 18:25:11.443, 0, 101.90, 59, 100, 150.00, 840, 150.00, 0x0000000000000004
2026/10/02 18:25:11.644, 0, 118.93, 59, 100, 150.00, 810, 150.00, 0x0000000000000004
2026/10/02 18:25:11.845, 0, 121.52, 59, 100, 150.00, 810, 150.00, 0x0000000000000004
2026/10/02 18:25:12.045, 0, 129.29, 60, 100, 150.00, 810, 150.00, 0x0000000000000004
2026/10/02 18:25:12.246, 0, 144.77, 60, 100, 150.00, 810, 150.00, 0x0000000000000004
2026/10/02 18:25:12.446, 0, 151.03, 60, 100, 150.00, 795, 150.00, 0x0000000000000004
2026/10/02 18:25:12.647, 0, 143.92, 58, 61, 150.00, 690, 150.00, 0x0000000000000004
2026/10/02 18:25:12.848, 0, 141.70, 60, 88, 150.00, 1035, 150.00, 0x0000000000000004
2026/10/02 18:25:13.048, 0, 140.50, 59, 100, 150.00, 840, 150.00, 0x0000000000000004
2026/10/02 18:25:13.249, 0, 143.40, 60, 85, 150.00, 780, 150.00, 0x0000000000000004
2026/10/02 18:25:13.449, 0, 136.50, 59, 100, 150.00, 825, 150.00, 0x0000000000000004
2026/10/02 18:25:13.650, 0, 145.05, 60, 100, 150.00, 825, 150.00, 0x0000000000000004
2026/10/02 18:25:13.850, 0, 143.11, 60, 100, 150.00, 795, 150.00, 0x0000000000000004
2026/10/02 18:25:14.051, 0, 146.71, 60, 100, 150.00, 795, 150.00, 0x0000000000000004
2026/10/02 18:25:14.252, 0, 142.07, 61, 100, 150.00, 735, 150.00, 0x0000000000000004
2026/10/02 18:25:14.452, 0, 149.24, 60, 100, 150.00, 795, 150.00, 0x0000000000000004
2026/10/02 18:25:14.653, 0, 151.09, 61, 100, 150.00, 825, 150.00, 0x0000000000000004
2026/10/02 18:25:14.853, 0, 142.50, 60, 84, 150.00, 780, 150.00, 0x0000000000000004
2026/10/02 18:25:15.054, 0, 144.92, 61, 77, 150.00, 765, 150.00, 0x0000000000000004
2026/10/02 18:25:15.254, 0, 136.74, 59, 62, 150.00, 705, 150.00, 0x0000000000000004
2026/10/02 18:25:15.455, 0, 131.77, 61, 59, 150.00, 1470, 150.00, 0x0000000000000004
2026/10/02 18:25:15.655, 0, 121.24, 59, 82, 150.00, 765, 150.00, 0x0000000000000004
2026/10/02 18:25:15.856, 0, 120.02, 60, 44, 150.00, 1560, 150.00, 0x0000000000000004
2026/10/02 18:25:16.057, 0, 118.77, 60, 61, 150.00, 720, 150.00, 0x0000000000000004
2026/10/02 18:25:16.257, 0, 116.74, 59, 66, 150.00, 675, 150.00, 0x0000000000000004
2026/10/02 18:25:16.458, 0, 116.01, 61, 100, 150.00, 840, 150.00, 0x0000000000000004
2026/10/02 18:25:16.658, 0, 132.91, 61, 100, 150.00, 810, 150.00, 0x0000000000000004
2026/10/02 18:25:16.859, 0, 118.76, 61, 62, 150.00, 1335, 150.00, 0x0000000000000004
2026/10/02 18:25:17.059, 0, 122.21, 59, 88, 150.00, 900, 150.00, 0x0000000000000004
2026/10/02 18:25:17.260, 0, 120.95, 61, 27, 150.00, 1620, 150.00, 0x0000000000000004
2026/10/02 18:25:17.460, 0, 104.49, 59, 0, 150.00, 1680, 150.00, 0x0000000000000004
2026/10/02 18:25:17.661, 0, 110.70, 60, 98, 150.00, 810, 150.00, 0x0000000000000004
2026/10/02 18:25:17.862, 0, 113.77, 60, 66, 150.00, 705, 150.00, 0x0000000000000004
2026/10/02 18:25:18.062, 0, 114.84, 60, 0, 150.00, 1680, 150.00, 0x0000000000000004
2026/10/02 18:25:18.263, 0, 110.69, 59, 17, 150.00, 1230, 150.00, 0x0000000000000004
2026/10/02 18:25:18.463, 0, 126.75, 60, 100, 150.00, 840, 150.00, 0x0000000000000004
2026/10/02 18:25:18.664, 0, 119.65, 59, 80, 150.00, 750, 150.00, 0x0000000000000004
2026/10/02 18:25:18.864, 0, 116.80, 61, 45, 150.00, 1545, 150.00, 0x0000000000000004
2026/10/02 18:25:19.065, 0, 117.90, 60, 8, 150.00, 1650, 150.00, 0x0000000000000004
2026/10/02 18:25:19.265, 0, 132.67, 60, 100, 150.00, 825, 150.00, 0x0000000000000004
2026/10/02 18:25:19.466, 0, 127.63, 59, 36, 150.00, 630, 150.00, 0x0000000000000004
2026/10/02 18:25:19.666, 0, 135.76, 61, 100, 150.00, 825, 150.00, 0x0000000000000004
2026/10/02 18:25:19.867, 0, 135.11, 61, 100, 150.00, 795, 150.00, 0x0000000000000004
2026/10/02 18:25:20.068, 0, 133.43, 60, 60, 150.00, 690, 150.00, 0x0000000000000004
2026/10/02 18:25:20.268, 0, 126.39, 59, 0, 150.00, 1680, 150.00, 0x0000000000000004
2026/10/02 18:25:20.469, 0, 134.06, 60, 47, 150.00, 1560, 150.00, 0x0000000000000004
2026/10/02 18:25:20.669, 0, 134.18, 61, 68, 150.00, 825, 150.00, 0x0000000000000004
2026/10/02 18:25:20.870, 0, 136.65, 61, 92, 150.00, 795, 150.00, 0x0000000000000004
2026/10/02 18:25:21.070, 0, 128.43, 60, 62, 150.00, 1350, 150.00, 0x0000000000000004
2026/10/02 18:25:21.271, 0, 132.22, 59, 45, 150.00, 630, 150.00, 0x0000000000000004
2026/10/02 18:25:21.471, 0, 138.41, 61, 100, 150.00, 810, 150.00, 0x0000000000000004
2026/10/02 18:25:21.672, 0, 134.27, 61, 53, 150.00, 1515, 150.00, 0x0000000000000004
2026/10/02 18:25:21.872, 0, 110.66, 60, 61, 150.00, 1290, 150.00, 0x0000000000000004
2026/10/02 18:25:22.073, 0, 102.08, 61, 65, 150.00, 1365, 150.00, 0x0000000000000004
2026/10/02 18:25:22.274, 0, 122.98, 61, 100, 150.00, 825, 150.00, 0x0000000000000004
2026/10/02 18:25:22.474, 0, 115.48, 61, 100, 150.00, 795, 150.00, 0x0000000000000004
2026/10/02 18:25:22.675, 0, 115.36, 62, 99, 150.00, 810, 150.00, 0x0000000000000004
2026/10/02 18:25:22.875, 0, 116.63, 60, 0, 150.00, 1680, 150.00, 0x0000000000000004
2026/10/02 18:25:23.076, 0, 116.76, 59, 0, 150.00, 1695, 150.00, 0x0000000000000004
2026/10/02 18:25:23.276, 0, 117.40, 60, 72, 150.00, 1065, 150.00, 0x0000000000000004
2026/10/02 18:25:23.477, 0, 101.71, 60, 0, 150.00, 1680, 150.00, 0x0000000000000004
2026/10/02 18:25:23.677, 0, 94.30, 61, 6, 150.00, 1650, 150.00, 0x0000000000000004
2026/10/02 18:25:23.878, 0, 105.95, 61, 96, 150.00, 885, 150.00, 0x0000000000000004
2026/10/02 18:25:24.079, 0, 115.97, 61, 42, 150.00, 1545, 150.00, 0x0000000000000004
2026/10/02 18:25:24.280, 0, 106.67, 59, 0, 150.00, 1680, 150.00, 0x0000000000000004
2026/10/02 18:25:24.480, 0, 113.73, 60, 47, 150.00, 1515, 150.00, 0x0000000000000004
2026/10/02 18:25:24.681, 0, 125.63, 60, 100, 150.00, 810, 150.00, 0x0000000000000004
2026/10/02 18:25:24.882, 0, 137.67, 61, 38, 150.00, 1125, 150.00, 0x0000000000000004
2026/10/02 18:25:25.082, 0, 143.77, 61, 100, 150.00, 810, 150.00, 0x0000000000000004
2026/10/02 18:25:25.283, 0, 150.99, 62, 100, 150.00, 1395, 150.00, 0x0000000000000004
2026/10/02 18:25:25.483, 0, 162.65, 61, 33, 150.00, 810, 150.00, 0x0000000000000004
2026/10/02 18:25:25.684, 0, 151.04, 61, 16, 150.00, 1230, 150.00, 0x0000000000000004
2026/10/02 18:25:25.885, 0, 126.79, 61, 48, 150.00, 1005, 150.00, 0x0000000000000004
2026/10/02 18:25:26.085, 0, 126.77, 61, 11, 150.00, 780, 150.00, 0x0000000000000004
2026/10/02 18:25:26.286, 0, 129.57, 62, 71, 150.00, 795, 150.00, 0x0000000000000004
2026/10/02 18:25:26.487, 0, 128.68, 61, 91, 150.00, 780, 150.00, 0x0000000000000004
2026/10/02 18:25:26.687, 0, 120.50, 61, 70, 150.00, 1680, 150.00, 0x0000000000000004
2026/10/02 18:25:26.888, 0, 119.07, 60, 0, 150.00, 675, 150.00, 0x0000000000000004
2026/10/02 18:25:27.089, 0, 118.27, 62, 100, 150.00, 1470, 150.00, 0x0000000000000004
2026/10/02 18:25:27.289, 0, 113.16, 61, 23, 150.00, 1560, 150.00, 0x0000000000000004
2026/10/02 18:25:27.489, 0, 100.01, 60, 0, 150.00, 1680, 150.00, 0x0000000000000004
2026/10/02 18:25:27.690, 0, 109.52, 61, 52, 150.00, 840, 150.00, 0x0000000000000004
2026/10/02 18:25:27.890, 0, 128.86, 62, 48, 150.00, 795, 150.00, 0x0000000000000004
2026/10/02 18:25:28.091, 0, 121.22, 62, 100, 150.00, 1470, 150.00, 0x0000000000000004
2026/10/02 18:25:28.292, 0, 119.78, 62, 43, 150.00, 1620, 150.00, 0x0000000000000004
2026/10/02 18:25:28.492, 0, 120.48, 60, 4, 150.00, 1440, 150.00, 0x0000000000000004
2026/10/02 18:25:28.693, 0, 117.03, 61, 61, 150.00, 1650, 150.00, 0x0000000000000004
2026/10/02 18:25:28.893, 0, 99.05, 61, 2, 150.00, 1440, 150.00, 0x0000000000000004
2026/10/02 18:25:29.093, 0, 82.25, 60, 0, 150.00, 1380, 150.00, 0x0000000000000004
2026/10/02 18:25:29.294, 0, 83.82, 61, 23, 150.00, 1560, 150.00, 0x0000000000000004
2026/10/02 18:25:29.494, 0, 94.51, 60, 0, 150.00, 645, 150.00, 0x0000000000000004
2026/10/02 18:25:29.695, 0, 103.86, 61, 100, 150.00, 780, 150.00, 0x0000000000000004
2026/10/02 18:25:29.896, 0, 120.49, 62, 100, 150.00, 795, 150.00, 0x0000000000000004
2026/10/02 18:25:30.096, 0, 129.07, 62, 100, 150.00, 1395, 150.00, 0x0000000000000004
2026/10/02 18:25:30.297, 0, 129.89, 62, 32, 150.00, 1605, 150.00, 0x0000000000000004
2026/10/02 18:25:30.497, 0, 130.91, 60, 0, 150.00, 1680, 150.00, 0x0000000000000004
2026/10/02 18:25:30.698, 0, 112.22, 60, 0, 150.00, 1695, 150.00, 0x0000000000000000
2026/10/02 18:25:30.898, 0, 95.75, 59, 0, 150.00, 1695, 150.00, 0x0000000000000000
2026/10/02 18:25:31.099, 0, 87.60, 59, 0, 150.00, 690, 150.00, 0x0000000000000004
2026/10/02 18:25:31.299, 0, 89.13, 61, 100, 150.00, 810, 150.00, 0x0000000000000004
2026/10/02 18:25:31.500, 0, 98.62, 61, 54, 150.00, 1380, 150.00, 0x0000000000000004
2026/10/02 18:25:31.701, 0, 98.42, 61, 61, 150.00, 1680, 150.00, 0x0000000000000004
2026/10/02 18:25:31.901, 0, 106.26, 61, 71, 150.00, 960, 150.00, 0x0000000000000004
2026/10/02 18:25:32.102, 0, 116.26, 60, 0, 150.00, 645, 150.00, 0x0000000000000004
2026/10/02 18:25:32.302, 0, 100.06, 60, 7, 150.00, 1680, 150.00, 0x0000000000000004
2026/10/02 18:25:32.503, 0, 96.70, 59, 0, 150.00, 1050, 150.00, 0x0000000000000004
2026/10/02 18:25:32.703, 0, 105.86, 61, 88, 150.00, 1545, 150.00, 0x0000000000000004
2026/10/02 18:25:32.904, 0, 98.14, 60, 0, 150.00, 1680, 150.00, 0x0000000000000004
2026/10/02 18:25:33.104, 0, 112.37, 61, 79, 150.00, 795, 150.00, 0x0000000000000004
2026/10/02 18:25:33.305, 0, 101.80, 60, 41, 150.00, 1680, 150.00, 0x0000000000000004
2026/10/02 18:25:33.505, 0, 107.18, 60, 0, 150.00, 915, 150.00, 0x0000000000000004
2026/10/02 18:25:33.706, 0, 95.92, 61, 19, 150.00, 1545, 150.00, 0x0000000000000004
2026/10/02 18:25:33.907, 0, 95.57, 60, 57, 150.00, 1680, 150.00, 0x0000000000000004
2026/10/02 18:25:34.107, 0, 90.56, 60, 62, 150.00, 1665, 150.00, 0x0000000000000004
2026/10/02 18:25:34.308, 0, 90.83, 59, 0, 150.00, 720, 150.00, 0x0000000000000004
2026/10/02 18:25:34.508, 0, 95.83, 61, 77, 150.00, 1665, 150.00, 0x0000000000000004
2026/10/02 18:25:34.709, 0, 93.51, 61, 100, 150.00, 795, 150.00, 0x0000000000000004
2026/10/02 18:25:34.910, 0, 103.52, 62, 98, 150.00, 1260, 150.00, 0x0000000000000004
2026/10/02 18:25:35.110, 0, 123.56, 62, 23, 150.00, 840, 150.00, 0x0000000000000004
2026/10/02 18:25:35.310, 0, 123.83, 61, 23, 150.00, 1680, 150.00, 0x0000000000000004
2026/10/02 18:25:35.511, 0, 133.08, 62, 81, 150.00, 825, 150.00, 0x0000000000000004
2026/10/02 18:25:35.712, 0, 121.12, 61, 26, 150.00, 1680, 150.00, 0x0000000000000004
2026/10/02 18:25:35.912, 0, 105.00, 60, 0, 150.00, 1680, 150.00, 0x0000000000000004
2026/10/02 18:25:36.113, 0, 106.23, 61, 63, 150.00, 795, 150.00, 0x0000000000000004
2026/10/02 18:25:36.313, 0, 98.50, 61, 64, 150.00, 1680, 150.00, 0x0000000000000004
2026/10/02 18:25:36.513, 0, 88.47, 60, 0, 150.00, 1680, 150.00, 0x0000000000000004
2026/10/02 18:25:36.714, 0, 81.43, 59, 0, 150.00, 1695, 150.00, 0x0000000000000000
2026/10/02 18:25:36.914, 0, 81.11, 59, 0, 150.00, 1350, 150.00, 0x0000000000000004
2026/10/02 18:25:37.115, 0, 84.35, 61, 19, 150.00, 1560, 150.00, 0x0000000000000004
2026/10/02 18:25:37.315, 0, 77.32, 60, 0, 150.00, 1260, 150.00, 0x0000000000000004
2026/10/02 18:25:37.516, 0, 87.23, 61, 53, 150.00, 1650, 150.00, 0x0000000000000004
2026/10/02 18:25:37.716, 0, 87.13, 60, 0, 150.00, 1680, 150.00, 0x0000000000000004
2026/10/02 18:25:37.917, 0, 94.13, 61, 0, 150.00, 750, 150.00, 0x0000000000000004
2026/10/02 18:25:38.117, 0, 88.97, 60, 47, 150.00, 615, 150.00, 0x0000000000000004
2026/10/02 18:25:38.318, 0, 97.98, 61, 61, 150.00, 1650, 150.00, 0x0000000000000004
2026/10/02 18:25:38.518, 0, 110.35, 61, 45, 150.00, 885, 150.00, 0x0000000000000004
2026/10/02 18:25:38.719, 0, 126.82, 62, 82, 150.00, 810, 150.00, 0x0000000000000004
2026/10/02 18:25:38.919, 0, 126.06, 61, 59, 150.00, 1680, 150.00, 0x0000000000000004
2026/10/02 18:25:39.120, 0, 129.04, 60, 0, 150.00, 1365, 150.00, 0x0000000000000004
2026/10/02 18:25:39.320, 0, 111.84, 60, 47, 150.00, 1680, 150.00, 0x0000000000000004
2026/10/02 18:25:39.521, 0, 99.94, 60, 60, 150.00, 1680, 150.00, 0x0000000000000004
2026/10/02 18:25:39.722, 0, 94.34, 60, 59, 150.00, 1245, 150.00, 0x0000000000000004
2026/10/02 18:25:39.922, 0, 85.66, 61, 22, 150.00, 1140, 150.00, 0x0000000000000004
2026/10/02 18:25:40.123, 0, 98.24, 62, 40, 150.00, 1620, 150.00, 0x0000000000000004
2026/10/02 18:25:40.323, 0, 90.15, 60, 0, 150.00, 1680, 150.00, 0x0000000000000004
2026/10/02 18:25:40.524, 0, 105.79, 61, 62, 150.00, 795, 150.00, 0x0000000000000004
2026/10/02 18:25:40.724, 0, 109.04, 61, 65, 150.00, 690, 150.00, 0x0000000000000004
2026/10/02 18:25:40.925, 0, 100.79, 62, 83, 150.00, 1245, 150.00, 0x0000000000000004
2026/10/02 18:25:41.125, 0, 95.21, 61, 3, 150.00, 750, 150.00, 0x0000000000000004
2026/10/02 18:25:41.326, 0, 111.47, 62, 96, 150.00, 1395, 150.00, 0x0000000000000004
2026/10/02 18:25:41.526, 0, 119.89, 62, 67, 150.00, 810, 150.00, 0x0000000000000004
2026/10/02 18:25:41.727, 0, 128.91, 62, 100, 150.00, 750, 150.00, 0x0000000000000004
2026/10/02 18:25:41.927, 0, 124.92, 61, 2, 150.00, 930, 150.00, 0x0000000000000004
2026/10/02 18:25:42.128, 0, 141.74, 62, 100, 150.00, 795, 150.00, 0x0000000000000004
2026/10/02 18:25:42.329, 0, 141.90, 62, 100, 150.00, 1305, 150.00, 0x0000000000000004
2026/10/02 18:25:42.529, 0, 135.73, 62, 63, 150.00, 1020, 150.00, 0x0000000000000004
2026/10/02 18:25:42.730, 0, 131.86, 63, 66, 150.00, 720, 150.00, 0x0000000000000004
2026/10/02 18:25:42.930, 0, 144.99, 62, 55, 150.00, 885, 150.00, 0x0000000000000004
2026/10/02 18:25:43.131, 0, 131.99, 61, 15, 150.00, 1680, 150.00, 0x0000000000000004
2026/10/02 18:25:43.331, 0, 116.12, 60, 0, 150.00, 1695, 150.00, 0x0000000000000004
2026/10/02 18:25:43.532, 0, 118.68, 62, 17, 150.00, 750, 150.00, 0x0000000000000004
2026/10/02 18:25:43.732, 0, 116.20, 60, 52, 150.00, 1680, 150.00, 0x0000000000000004
2026/10/02 18:25:43.933, 0, 107.24, 62, 80, 150.00, 810, 150.00, 0x0000000000000004
2026/10/02 18:25:44.133, 0, 114.64, 63, 100, 150.00, 795, 150.00, 0x0000000000000004
2026/10/02 18:25:44.334, 0, 130.30, 63, 100, 150.00, 795, 150.00, 0x0000000000000004
2026/10/02 18:25:44.534, 0, 134.63, 63, 100, 150.00, 765, 150.00, 0x0000000000000004
2026/10/02 18:25:44.735, 0, 140.84, 62, 100, 150.00, 1215, 150.00, 0x0000000000000004
2026/10/02 18:25:44.936, 0, 138.51, 62, 1, 150.00, 1305, 150.00, 0x0000000000000004
2026/10/02 18:25:45.136, 0, 146.77, 63, 32, 150.00, 720, 150.00, 0x0000000000000004
2026/10/02 18:25:45.337, 0, 129.94, 62, 45, 150.00, 1455, 150.00, 0x0000000000000004
2026/10/02 18:25:45.537, 0, 124.90, 63, 60, 150.00, 705, 150.00, 0x0000000000000004
2026/10/02 18:25:45.738, 0, 121.06, 62, 100, 150.00, 1470, 150.00, 0x0000000000000004
2026/10/02 18:25:45.938, 0, 113.86, 61, 0, 150.00, 1680, 150.00, 0x0000000000000004
2026/10/02 18:25:46.139, 0, 116.64, 62, 37, 150.00, 1065, 150.00, 0x0000000000000004
2026/10/02 18:25:46.339, 0, 119.50, 63, 82, 150.00, 795, 150.00, 0x0000000000000004
2026/10/02 18:25:46.540, 0, 135.35, 63, 100, 150.00, 795, 150.00, 0x0000000000000004
2026/10/02 18:25:46.740, 0, 136.85, 63, 100, 150.00, 690, 150.00, 0x0000000000000004
2026/10/02 18:25:46.941, 0, 138.09, 62, 33, 150.00, 1575, 150.00, 0x0000000000000004
2026/10/02 18:25:47.141, 0, 145.07, 63, 22, 150.00, 795, 150.00, 0x0000000000000004
2026/10/02 18:25:47.342, 0, 131.91, 61, 25, 150.00, 1680, 150.00, 0x0000000000000004
2026/10/02 18:25:47.542, 0, 117.05, 61, 0, 150.00, 1680, 150.00, 0x0000000000000004
2026/10/02 18:25:47.743, 0, 101.47, 61, 0, 150.00, 1695, 150.00, 0x0000000000000000
2026/10/02 18:25:47.943, 0, 86.09, 60, 0, 150.00, 1695, 150.00, 0x0000000000000000
2026/10/02 18:25:48.144, 0, 75.42, 62, 63, 150.00, 1110, 150.00, 0x0000000000000004
2026/10/02 18:25:48.344, 0, 74.86, 61, 100, 150.00, 1620, 150.00, 0x0000000000000004
2026/10/02 18:25:48.545, 0, 88.95, 61, 28, 150.00, 1635, 150.00, 0x0000000000000004
2026/10/02 18:25:48.746, 0, 102.69, 61, 25, 150.00, 1635, 150.00, 0x0000000000000004
2026/10/02 18:25:48.946, 0, 125.09, 62, 27, 150.00, 810, 150.00, 0x0000000000000004
2026/10/02 18:25:49.146, 0, 137.48, 63, 20, 150.00, 660, 150.00, 0x0000000000000004
2026/10/02 18:25:49.347, 0, 146.38, 63, 100, 150.00, 810, 150.00, 0x0000000000000004
2026/10/02 18:25:49.548, 0, 148.18, 63, 100, 150.00, 795, 150.00, 0x0000000000000004
2026/10/02 18:25:49.748, 0, 141.88, 62, 100, 150.00, 1140, 150.00, 0x0000000000000004
2026/10/02 18:25:49.949, 0, 127.08, 61, 63, 150.00, 1680, 150.00, 0x0000000000000004
2026/10/02 18:25:50.149, 0, 130.29, 61, 50, 150.00, 1665, 150.00, 0x0000000000000004
2026/10/02 18:25:50.350, 0, 117.63, 63, 63, 150.00, 795, 150.00, 0x0000000000000004
2026/10/02 18:25:50.550, 0, 101.15, 61, 65, 150.00, 1680, 150.00, 0x0000000000000004
2026/10/02 18:25:50.751, 0, 92.44, 63, 0, 150.00, 810, 150.00, 0x0000000000000004
2026/10/02 18:25:50.952, 0, 100.68, 62, 100, 150.00, 1650, 150.00, 0x0000000000000004
2026/10/02 18:25:51.152, 0, 89.99, 61, 0, 150.00, 1680, 150.00, 0x0000000000000004
2026/10/02 18:25:51.352, 0, 100.01, 62, 0, 150.00, 675, 150.00, 0x0000000000000004
2026/10/02 18:25:51.553, 0, 109.37, 63, 100, 150.00, 795, 150.00, 0x0000000000000004
2026/10/02 18:25:51.754, 0, 129.22, 63, 100, 150.00, 735, 150.00, 0x0000000000000004
2026/10/02 18:25:51.954, 0, 130.21, 63, 100, 150.00, 795, 150.00, 0x0000000000000004
2026/10/02 18:25:52.155, 0, 145.72, 64, 100, 150.00, 465, 150.00, 0x0000000000000004
2026/10/02 18:25:52.355, 0, 160.82, 64, 100, 150.00, 780, 150.00, 0x0000000000000004
2026/10/02 18:25:52.556, 0, 148.26, 63, 35, 150.00, 750, 150.00, 0x0000000000000004
2026/10/02 18:25:52.756, 0, 148.03, 64, 100, 150.00, 795, 150.00, 0x0000000000000004
2026/10/02 18:25:52.957, 0, 136.21, 63, 50, 150.00, 1080, 150.00, 0x0000000000000004
2026/10/02 18:25:53.157, 0, 120.04, 62, 4, 150.00, 1350, 150.00, 0x0000000000000004
2026/10/02 18:25:53.358, 0, 112.19, 63, 63, 150.00, 870, 150.00, 0x0000000000000004
2026/10/02 18:25:53.558, 0, 120.33, 63, 100, 150.00, 825, 150.00, 0x0000000000000004
2026/10/02 18:25:53.759, 0, 103.38, 62, 17, 150.00, 1680, 150.00, 0x0000000000000004
2026/10/02 18:25:53.959, 0, 105.54, 63, 0, 150.00, 1005, 150.00, 0x0000000000000004
2026/10/02 18:25:54.160, 0, 104.74, 62, 7, 150.00, 1185, 150.00, 0x0000000000000004
2026/10/02 18:25:54.360, 0, 104.82, 61, 0, 150.00, 1680, 150.00, 0x0000000000000004
2026/10/02 18:25:54.561, 0, 112.71, 63, 33, 150.00, 795, 150.00, 0x0000000000000004
2026/10/02 18:25:54.762, 0, 121.28, 63, 100, 150.00, 795, 150.00, 0x0000000000000004
2026/10/02 18:25:54.962, 0, 136.92, 64, 100, 150.00, 855, 150.00, 0x0000000000000004
2026/10/02 18:25:55.163, 0, 150.60, 64, 75, 150.00, 645, 150.00, 0x0000000000000004
2026/10/02 18:25:55.363, 0, 153.45, 63, 33, 150.00, 615, 150.00, 0x0000000000000004
2026/10/02 18:25:55.564, 0, 138.00, 62, 47, 150.00, 1680, 150.00, 0x0000000000000004
2026/10/02 18:25:55.764, 0, 122.54, 61, 0, 150.00, 1680, 150.00, 0x0000000000000004
2026/10/02 18:25:55.965, 0, 121.49, 63, 84, 150.00, 795, 150.00, 0x0000000000000004
2026/10/02 18:25:56.165, 0, 120.68, 64, 100, 150.00, 795, 150.00, 0x0000000000000004
2026/10/02 18:25:56.366, 0, 115.21, 63, 100, 150.00, 1530, 150.00, 0x0000000000000004
2026/10/02 18:25:56.567, 0, 104.77, 62, 0, 150.00, 1680, 150.00, 0x0000000000000004
2026/10/02 18:25:56.767, 0, 118.98, 63, 0, 150.00, 675, 150.00, 0x0000000000000004
2026/10/02 18:25:56.968, 0, 123.68, 63, 100, 150.00, 1380, 150.00, 0x0000000000000004
2026/10/02 18:25:57.168, 0, 124.70, 63, 53, 150.00, 1305, 150.00, 0x0000000000000004
2026/10/02 18:25:57.369, 0, 127.40, 64, 50, 150.00, 1245, 150.00, 0x0000000000000004
2026/10/02 18:25:57.569, 0, 139.81, 64, 0, 150.00, 690, 150.00, 0x0000000000000004
2026/10/02 18:25:57.770, 0, 139.16, 62, 17, 150.00, 1680, 150.00, 0x0000000000000004
2026/10/02 18:25:57.970, 0, 117.38, 61, 0, 150.00, 1695, 150.00, 0x0000000000000004
2026/10/02 18:25:58.171, 0, 117.60, 62, 31, 150.00, 1635, 150.00, 0x0000000000000004
2026/10/02 18:25:58.371, 0, 100.37, 61, 0, 150.00, 1680, 150.00, 0x0000000000000004
2026/10/02 18:25:58.572, 0, 98.24, 62, 62, 150.00, 1680, 150.00, 0x0000000000000004
2026/10/02 18:25:58.772, 0, 106.97, 63, 45, 150.00, 780, 150.00, 0x0000000000000004
2026/10/02 18:25:58.973, 0, 122.74, 64, 100, 150.00, 795, 150.00, 0x0000000000000004
2026/10/02 18:25:59.174, 0, 123.80, 64, 100, 150.00, 795, 150.00, 0x0000000000000004
2026/10/02 18:25:59.374, 0, 140.27, 64, 100, 150.00, 795, 150.00, 0x0000000000000004
2026/10/02 18:25:59.575, 0, 148.36, 64, 100, 150.00, 660, 150.00, 0x0000000000000004
2026/10/02 18:25:59.775, 0, 151.70, 64, 100, 150.00, 780, 150.00, 0x0000000000000004
2026/10/02 18:25:59.976, 0, 151.47, 64, 100, 150.00, 780, 150.00, 0x0000000000000004
2026/10/02 18:26:00.177, 0, 151.47, 65, 100, 150.00, 780, 150.00, 0x0000000000000004
2026/10/02 18:26:00.377, 0, 150.90, 65, 100, 150.00, 675, 150.00, 0x0000000000000004
2026/10/02 18:26:00.578, 0, 150.67, 64, 100, 150.00, 735, 150.00, 0x0000000000000004
2026/10/02 18:26:00.778, 0, 141.95, 63, 100, 150.00, 1605, 150.00, 0x0000000000000004
2026/10/02 18:26:00.979, 0, 126.54, 62, 0, 150.00, 1680, 150.00, 0x0000000000000004
2026/10/02 18:26:01.179, 0, 111.05, 62, 0, 150.00, 1695, 150.00, 0x0000000000000000
2026/10/02 18:26:01.380, 0, 95.44, 62, 0, 150.00, 1695, 150.00, 0x0000000000000000
2026/10/02 18:26:01.580, 0, 81.54, 62, 0, 150.00, 1695, 150.00, 0x0000000000000000
2026/10/02 18:26:01.781, 0, 74.56, 62, 0, 150.00, 1695, 150.00, 0x0000000000000000
2026/10/02 18:26:01.981, 0, 84.57, 62, 0, 150.00, 1470, 150.00, 0x0000000000000004
2026/10/02 18:26:02.182, 0, 88.01, 63, 0, 150.00, 1335, 150.00, 0x0000000000000004
2026/10/02 18:26:02.382, 0, 102.11, 63, 0, 150.00, 630, 150.00, 0x0000000000000004
2026/10/02 18:26:02.583, 0, 120.89, 64, 100, 150.00, 675, 150.00, 0x0000000000000004
2026/10/02 18:26:02.783, 0, 119.63, 62, 45, 150.00, 1680, 150.00, 0x0000000000000004
2026/10/02 18:26:02.984, 0, 119.73, 63, 0, 150.00, 630, 150.00, 0x0000000000000004
2026/10/02 18:26:03.184, 0, 130.23, 63, 31, 150.00, 660, 150.00, 0x0000000000000004
2026/10/02 18:26:03.384, 0, 126.09, 62, 19, 150.00, 1680, 150.00, 0x0000000000000004
2026/10/02 18:26:03.585, 0, 111.69, 62, 61, 150.00, 1440, 150.00, 0x0000000000000004
2026/10/02 18:26:03.785, 0, 100.91, 62, 60, 150.00, 1680, 150.00, 0x0000000000000004
2026/10/02 18:26:03.986, 0, 106.00, 62, 61, 150.00, 1680, 150.00, 0x0000000000000004
2026/10/02 18:26:04.186, 0, 96.79, 62, 63, 150.00, 1680, 150.00, 0x0000000000000004
2026/10/02 18:26:04.387, 0, 84.98, 61, 0, 150.00, 1680, 150.00, 0x0000000000000004
2026/10/02 18:26:04.587, 0, 86.92, 63, 0, 150.00, 720, 150.00, 0x0000000000000004
2026/10/02 18:26:04.788, 0, 92.79, 62, 92, 150.00, 1680, 150.00, 0x0000000000000004
2026/10/02 18:26:04.988, 0, 89.49, 63, 68, 150.00, 1530, 150.00, 0x0000000000000004
2026/10/02 18:26:05.189, 0, 99.41, 64, 81, 150.00, 795, 150.00, 0x0000000000000004
2026/10/02 18:26:05.389, 0, 123.43, 64, 100, 150.00, 765, 150.00, 0x0000000000000004
2026/10/02 18:26:05.590, 0, 120.56, 63, 66, 150.00, 1545, 150.00, 0x0000000000000004
2026/10/02 18:26:05.791, 0, 122.61, 63, 69, 150.00, 1350, 150.00, 0x0000000000000004
2026/10/02 18:26:05.991, 0, 128.30, 64, 69, 150.00, 765, 150.00, 0x0000000000000004
2026/10/02 18:26:06.192, 0, 128.63, 64, 100, 150.00, 795, 150.00, 0x0000000000000004
2026/10/02 18:26:06.393, 0, 128.82, 64, 100, 150.00, 1140, 150.00, 0x0000000000000004
2026/10/02 18:26:06.593, 0, 122.66, 63, 14, 150.00, 630, 150.00, 0x0000000000000004
2026/10/02 18:26:06.794, 0, 134.87, 64, 100, 150.00, 795, 150.00, 0x0000000000000004
2026/10/02 18:26:06.994, 0, 146.86, 65, 100, 150.00, 795, 150.00, 0x0000000000000004
2026/10/02 18:26:07.195, 0, 147.14, 65, 100, 150.00, 795, 150.00, 0x0000000000000004
2026/10/02 18:26:07.396, 0, 146.82, 65, 100, 150.00, 480, 150.00, 0x0000000000000004
2026/10/02 18:26:07.596, 0, 153.02, 65, 100, 150.00, 750, 150.00, 0x0000000000000004
2026/10/02 18:26:07.797, 0, 135.26, 63, 0, 150.00, 1410, 150.00, 0x0000000000000004
2026/10/02 18:26:07.998, 0, 130.77, 65, 50, 150.00, 675, 150.00, 0x0000000000000004
2026/10/02 18:26:08.198, 0, 130.96, 65, 100, 150.00, 795, 150.00, 0x0000000000000004
2026/10/02 18:26:08.399, 0, 132.31, 65, 88, 150.00, 750, 150.00, 0x0000000000000004
2026/10/02 18:26:08.599, 0, 135.67, 65, 64, 150.00, 735, 150.00, 0x0000000000000004
2026/10/02 18:26:08.800, 0, 149.88, 65, 35, 150.00, 645, 150.00, 0x0000000000000004
2026/10/02 18:26:09.000, 0, 158.21, 65, 59, 150.00, 735, 150.00, 0x0000000000000004
2026/10/02 18:26:09.201, 0, 153.95, 65, 50, 150.00, 855, 150.00, 0x0000000000000004
2026/10/02 18:26:09.401, 0, 137.84, 63, 0, 150.00, 1680, 150.00, 0x0000000000000004
2026/10/02 18:26:09.602, 0, 128.71, 64, 78, 150.00, 735, 150.00, 0x0000000000000004
2026/10/02 18:26:09.802, 0, 128.62, 65, 84, 150.00, 750, 150.00, 0x0000000000000004
2026/10/02 18:26:10.003, 0, 123.11, 65, 10, 150.00, 1035, 150.00, 0x0000000000000004
2026/10/02 18:26:10.204, 0, 111.08, 64, 65, 150.00, 1380, 150.00, 0x0000000000000004
2026/10/02 18:26:10.404, 0, 118.72, 65, 95, 150.00, 1110, 150.00, 0x0000000000000004
2026/10/02 18:26:10.605, 0, 120.01, 63, 0, 150.00, 1680, 150.00, 0x0000000000000004
2026/10/02 18:26:10.805, 0, 111.34, 64, 82, 150.00, 795, 150.00, 0x0000000000000004
2026/10/02 18:26:11.006, 0, 109.82, 65, 100, 150.00, 780, 150.00, 0x0000000000000004
2026/10/02 18:26:11.206, 0, 118.51, 64, 10, 150.00, 1665, 150.00, 0x0000000000000004
2026/10/02 18:26:11.407, 0, 106.20, 63, 0, 150.00, 1680, 150.00, 0x0000000000000004
2026/10/02 18:26:11.607, 0, 104.59, 64, 73, 150.00, 1515, 150.00, 0x0000000000000004
2026/10/02 18:26:11.808, 0, 111.22, 64, 60, 150.00, 1260, 150.00, 0x0000000000000004
2026/10/02 18:26:12.008, 0, 108.40, 64, 18, 150.00, 615, 150.00, 0x0000000000000004
2026/10/02 18:26:12.209, 0, 91.59, 63, 0, 150.00, 1680, 150.00, 0x0000000000000004
2026/10/02 18:26:12.409, 0, 104.24, 64, 44, 150.00, 660, 150.00, 0x0000000000000004
2026/10/02 18:26:12.610, 0, 112.86, 65, 100, 150.00, 795, 150.00, 0x0000000000000004
2026/10/02 18:26:12.810, 0, 128.42, 65, 100, 150.00, 780, 150.00, 0x0000000000000004
2026/10/02 18:26:13.011, 0, 132.25, 65, 20, 150.00, 1035, 150.00, 0x0000000000000004
2026/10/02 18:26:13.212, 0, 136.29, 65, 100, 150.00, 720, 150.00, 0x0000000000000004
2026/10/02 18:26:13.412, 0, 151.74, 65, 100, 150.00, 780, 150.00, 0x0000000000000004
2026/10/02 18:26:13.613, 0, 147.00, 66, 100, 150.00, 795, 150.00, 0x0000000000000004
2026/10/02 18:26:13.813, 0, 143.22, 65, 45, 150.00, 630, 150.00, 0x0000000000000004
2026/10/02 18:26:14.014, 0, 135.61, 64, 13, 150.00, 1665, 150.00, 0x0000000000000004
2026/10/02 18:26:14.214, 0, 134.62, 63, 7, 150.00, 1665, 150.00, 0x0000000000000004
2026/10/02 18:26:14.415, 0, 122.68, 64, 62, 150.00, 1335, 150.00, 0x0000000000000004
2026/10/02 18:26:14.615, 0, 128.56, 65, 33, 150.00, 660, 150.00, 0x0000000000000004
2026/10/02 18:26:14.816, 0, 125.31, 65, 8, 150.00, 945, 150.00, 0x0000000000000004
2026/10/02 18:26:15.017, 0, 110.69, 64, 40, 150.00, 1635, 150.00, 0x0000000000000004
2026/10/02 18:26:15.217, 0, 102.37, 63, 0, 150.00, 1680, 150.00, 0x0000000000000004
2026/10/02 18:26:15.417, 0, 102.98, 63, 0, 150.00, 1695, 150.00, 0x0000000000000000
2026/10/02 18:26:15.618, 0, 87.86, 63, 0, 150.00, 1695, 150.00, 0x0000000000000000
2026/10/02 18:26:15.818, 0, 89.22, 63, 10, 150.00, 1665, 150.00, 0x0000000000000004
2026/10/02 18:26:16.019, 0, 90.19, 64, 43, 150.00, 660, 150.00, 0x0000000000000004
2026/10/02 18:26:16.219, 0, 90.35, 63, 0, 150.00, 1680, 150.00, 0x0000000000000004
2026/10/02 18:26:16.420, 0, 102.37, 64, 45, 150.00, 675, 150.00, 0x0000000000000004
2026/10/02 18:26:16.620, 0, 110.91, 64, 55, 150.00, 720, 150.00, 0x0000000000000004
2026/10/02 18:26:16.821, 0, 116.19, 65, 100, 150.00, 810, 150.00, 0x0000000000000004
2026/10/02 18:26:17.021, 0, 135.40, 65, 72, 150.00, 735, 150.00, 0x0000000000000004
2026/10/02 18:26:17.222, 0, 139.06, 65, 100, 150.00, 780, 150.00, 0x0000000000000004
2026/10/02 18:26:17.422, 0, 152.79, 65, 100, 150.00, 570, 150.00, 0x0000000000000004
2026/10/02 18:26:17.623, 0, 156.77, 65, 100, 150.00, 780, 150.00, 0x0000000000000004
2026/10/02 18:26:17.823, 0, 155.13, 66, 100, 150.00, 585, 150.00, 0x0000000000000004
2026/10/02 18:26:18.024, 0, 154.77, 66, 100, 150.00, 810, 150.00, 0x0000000000000004
2026/10/02 18:26:18.224, 0, 151.57, 66, 100, 150.00, 780, 150.00, 0x0000000000000004
2026/10/02 18:26:18.425, 0, 150.04, 66, 100, 150.00, 735, 150.00, 0x0000000000000004
2026/10/02 18:26:18.626, 0, 150.98, 66, 100, 150.00, 780, 150.00, 0x0000000000000004
2026/10/02 18:26:18.826, 0, 150.38, 66, 100, 150.00, 765, 150.00, 0x0000000000000004
2026/10/02 18:26:19.027, 0, 150.10, 66, 100, 150.00, 780, 150.00, 0x0000000000000004
2026/10/02 18:26:19.227, 0, 150.01, 66, 100, 150.00, 735, 150.00, 0x0000000000000004
2026/10/02 18:26:19.428, 0, 149.56, 66, 100, 150.00, 750, 150.00, 0x0000000000000004
2026/10/02 18:26:19.629, 0, 150.18, 66, 100, 150.00, 765, 150.00, 0x0000000000000004
2026/10/02 18:26:19.829, 0, 149.90, 66, 100, 150.00, 765, 150.00, 0x0000000000000004
2026/10/02 18:26:20.030, 0, 150.29, 66, 100, 150.00, 780, 150.00, 0x0000000000000004
2026/10/02 18:26:20.230, 0, 149.91, 66, 100, 150.00, 750, 150.00, 0x0000000000000004
2026/10/02 18:26:20.431, 0, 144.85, 65, 43, 150.00, 1620, 150.00, 0x0000000000000004
2026/10/02 18:26:20.632, 0, 143.58, 66, 38, 150.00, 660, 150.00, 0x0000000000000004
2026/10/02 18:26:20.832, 0, 138.62, 65, 50, 150.00, 690, 150.00, 0x0000000000000004
2026/10/02 18:26:21.033, 0, 139.27, 66, 100, 150.00, 795, 150.00, 0x0000000000000004
2026/10/02 18:26:21.233, 0, 139.68, 66, 100, 150.00, 795, 150.00, 0x0000000000000004
2026/10/02 18:26:21.434, 0, 140.21, 66, 100, 150.00, 1125, 150.00, 0x0000000000000004
2026/10/02 18:26:21.634, 0, 157.52, 66, 100, 150.00, 630, 150.00, 0x0000000000000004
2026/10/02 18:26:21.835, 0, 152.47, 65, 69, 150.00, 1530, 150.00, 0x0000000000000004
2026/10/02 18:26:22.036, 0, 137.04, 65, 67, 150.00, 1440, 150.00, 0x0000000000000004
2026/10/02 18:26:22.236, 0, 121.65, 64, 0, 150.00, 1680, 150.00, 0x0000000000000004
2026/10/02 18:26:22.437, 0, 122.18, 66, 100, 150.00, 825, 150.00, 0x0000000000000004
2026/10/02 18:26:22.637, 0, 121.10, 66, 100, 150.00, 780, 150.00, 0x0000000000000004
2026/10/02 18:26:22.838, 0, 127.91, 66, 50, 150.00, 690, 150.00, 0x0000000000000004
2026/10/02 18:26:23.038, 0, 133.41, 65, 23, 150.00, 1650, 150.00, 0x0000000000000004
2026/10/02 18:26:23.239, 0, 131.92, 65, 65, 150.00, 1590, 150.00, 0x0000000000000004
2026/10/02 18:26:23.439, 0, 133.75, 65, 36, 150.00, 1620, 150.00, 0x0000000000000004
2026/10/02 18:26:23.640, 0, 118.23, 64, 0, 150.00, 1680, 150.00, 0x0000000000000004
2026/10/02 18:26:23.840, 0, 108.85, 65, 78, 150.00, 810, 150.00, 0x0000000000000004
2026/10/02 18:26:24.041, 0, 95.66, 65, 50, 150.00, 1605, 150.00, 0x0000000000000004
2026/10/02 18:26:24.241, 0, 108.08, 65, 44, 150.00, 750, 150.00, 0x0000000000000004
2026/10/02 18:26:24.442, 0, 103.90, 65, 83, 150.00, 1425, 150.00, 0x0000000000000004
2026/10/02 18:26:24.642, 0, 122.99, 66, 76, 150.00, 1365, 150.00, 0x0000000000000004
2026/10/02 18:26:24.843, 0, 122.47, 64, 0, 150.00, 1680, 150.00, 0x0000000000000004
2026/10/02 18:26:25.043, 0, 128.83, 66, 100, 150.00, 780, 150.00, 0x0000000000000004
2026/10/02 18:26:25.244, 0, 140.90, 66, 88, 150.00, 1380, 150.00, 0x0000000000000004
2026/10/02 18:26:25.445, 0, 132.49, 65, 15, 150.00, 1155, 150.00, 0x0000000000000004
2026/10/02 18:26:25.645, 0, 132.01, 66, 54, 150.00, 1305, 150.00, 0x0000000000000004
2026/10/02 18:26:25.846, 0, 129.77, 65, 60, 150.00, 1170, 150.00, 0x0000000000000004
2026/10/02 18:26:26.046, 0, 128.46, 66, 59, 150.00, 1350, 150.00, 0x0000000000000004
2026/10/02 18:26:26.247, 0, 118.17, 66, 78, 150.00, 735, 150.00, 0x0000000000000004
2026/10/02 18:26:26.447, 0, 118.32, 66, 100, 150.00, 795, 150.00, 0x0000000000000004
2026/10/02 18:26:26.648, 0, 129.21, 67, 94, 150.00, 765, 150.00, 0x0000000000000004
2026/10/02 18:26:26.848, 0, 127.30, 67, 100, 150.00, 795, 150.00, 0x0000000000000004
2026/10/02 18:26:27.049, 0, 130.26, 66, 100, 150.00, 735, 150.00, 0x0000000000000004
2026/10/02 18:26:27.249, 0, 143.68, 67, 42, 150.00, 645, 150.00, 0x0000000000000004
2026/10/02 18:26:27.450, 0, 137.54, 66, 63, 150.00, 1410, 150.00, 0x0000000000000004
2026/10/02 18:26:27.651, 0, 134.34, 66, 100, 150.00, 810, 150.00, 0x0000000000000004
2026/10/02 18:26:27.851, 0, 145.25, 67, 100, 150.00, 780, 150.00, 0x0000000000000004
2026/10/02 18:26:28.052, 0, 132.24, 65, 0, 150.00, 1680, 150.00, 0x0000000000000004
2026/10/02 18:26:28.252, 0, 133.68, 66, 30, 150.00, 915, 150.00, 0x0000000000000004
2026/10/02 18:26:28.453, 0, 120.26, 64, 0, 150.00, 1680, 150.00, 0x0000000000000004
2026/10/02 18:26:28.653, 0, 114.58, 65, 2, 150.00, 615, 150.00, 0x0000000000000004
2026/10/02 18:26:28.854, 0, 99.08, 65, 0, 150.00, 1680, 150.00, 0x0000000000000004
2026/10/02 18:26:29.054, 0, 89.65, 64, 0, 150.00, 1005, 150.00, 0x0000000000000004
2026/10/02 18:26:29.255, 0, 104.00, 66, 100, 150.00, 780, 150.00, 0x0000000000000004
2026/10/02 18:26:29.455, 0, 98.01, 66, 61, 150.00, 1425, 150.00, 0x0000000000000004
2026/10/02 18:26:29.656, 0, 108.20, 66, 100, 150.00, 795, 150.00, 0x0000000000000004
2026/10/02 18:26:29.856, 0, 124.69, 66, 98, 150.00, 1245, 150.00, 0x0000000000000004
2026/10/02 18:26:30.057, 0, 124.50, 65, 0, 150.00, 1680, 150.00, 0x0000000000000004
2026/10/02 18:26:30.257, 0, 124.75, 66, 100, 150.00, 810, 150.00, 0x0000000000000004
2026/10/02 18:26:30.458, 0, 124.53, 66, 69, 150.00, 795, 150.00, 0x0000000000000004
2026/10/02 18:26:30.658, 0, 107.57, 65, 67, 150.00, 1530, 150.00, 0x0000000000000004
2026/10/02 18:26:30.859, 0, 92.62, 64, 0, 150.00, 1680, 150.00, 0x0000000000000004
2026/10/02 18:26:31.059, 0, 87.82, 65, 64, 150.00, 1515, 150.00, 0x0000000000000004
2026/10/02 18:26:31.260, 0, 100.35, 66, 21, 150.00, 645, 150.00, 0x0000000000000004
2026/10/02 18:26:31.460, 0, 109.34, 66, 100, 150.00, 795, 150.00, 0x0000000000000004
2026/10/02 18:26:31.661, 0, 114.06, 67, 100, 150.00, 795, 150.00, 0x0000000000000004
2026/10/02 18:26:31.861, 0, 121.66, 65, 35, 150.00, 1635, 150.00, 0x0000000000000004
2026/10/02 18:26:32.062, 0, 143.55, 66, 100, 150.00, 780, 150.00, 0x0000000000000004
2026/10/02 18:26:32.262, 0, 150.31, 66, 14, 150.00, 645, 150.00, 0x0000000000000004
2026/10/02 18:26:32.463, 0, 129.05, 65, 0, 150.00, 1680, 150.00, 0x0000000000000004
2026/10/02 18:26:32.663, 0, 131.20, 66, 100, 150.00, 795, 150.00, 0x0000000000000004
2026/10/02 18:26:32.864, 0, 131.41, 67, 100, 150.00, 795, 150.00, 0x0000000000000004
2026/10/02 18:26:33.064, 0, 118.08, 66, 64, 150.00, 1545, 150.00, 0x0000000000000004
2026/10/02 18:26:33.265, 0, 128.97, 67, 100, 150.00, 795, 150.00, 0x0000000000000004
2026/10/02 18:26:33.466, 0, 121.82, 65, 0, 150.00, 1680, 150.00, 0x0000000000000004
2026/10/02 18:26:33.666, 0, 126.41, 65, 35, 150.00, 1635, 150.00, 0x0000000000000004
2026/10/02 18:26:33.867, 0, 111.20, 64, 0, 150.00, 1230, 150.00, 0x0000000000000004
2026/10/02 18:26:34.068, 0, 118.93, 66, 100, 150.00, 780, 150.00, 0x0000000000000004
2026/10/02 18:26:34.268, 0, 122.80, 67, 100, 150.00, 780, 150.00, 0x0000000000000004
2026/10/02 18:26:34.469, 0, 122.41, 66, 79, 150.00, 1455, 150.00, 0x0000000000000004
2026/10/02 18:26:34.672, 0, 107.11, 65, 0, 150.00, 1680, 150.00, 0x0000000000000004
2026/10/02 18:26:34.872, 0, 115.08, 66, 100, 150.00, 795, 150.00, 0x0000000000000004
2026/10/02 18:26:35.074, 0, 119.20, 66, 46, 150.00, 750, 150.00, 0x0000000000000004
2026/10/02 18:26:35.274, 0, 119.34, 67, 100, 150.00, 780, 150.00, 0x0000000000000004
2026/10/02 18:26:35.476, 0, 103.05, 66, 65, 150.00, 705, 150.00, 0x0000000000000004
2026/10/02 18:26:35.676, 0, 116.79, 67, 100, 150.00, 780, 150.00, 0x0000000000000004
2026/10/02 18:26:35.877, 0, 131.84, 67, 100, 150.00, 705, 150.00, 0x0000000000000004
2026/10/02 18:26:36.078, 0, 141.25, 67, 100, 150.00, 780, 150.00, 0x0000000000000004
2026/10/02 18:26:36.278, 0, 134.72, 67, 100, 150.00, 735, 150.00, 0x0000000000000004
2026/10/02 18:26:36.479, 0, 140.88, 67, 100, 150.00, 780, 150.00, 0x0000000000000004
2026/10/02 18:26:36.679, 0, 149.38, 67, 100, 150.00, 780, 150.00, 0x0000000000000004
2026/10/02 18:26:36.880, 0, 133.47, 66, 0, 150.00, 1680, 150.00, 0x0000000000000004
2026/10/02 18:26:37.080, 0, 130.57, 67, 42, 150.00, 1110, 150.00, 0x0000000000000004
2026/10/02 18:26:37.281, 0, 114.68, 65, 0, 150.00, 1680, 150.00, 0x0000000000000004
2026/10/02 18:26:37.481, 0, 114.10, 66, 51, 150.00, 1305, 150.00, 0x0000000000000004
2026/10/02 18:26:37.682, 0, 107.91, 65, 49, 150.00, 1590, 150.00, 0x0000000000000004
2026/10/02 18:26:37.883, 0, 117.24, 66, 100, 150.00, 810, 150.00, 0x0000000000000004
2026/10/02 18:26:38.083, 0, 132.21, 67, 100, 150.00, 780, 150.00, 0x0000000000000004
2026/10/02 18:26:38.284, 0, 135.79, 67, 100, 150.00, 780, 150.00, 0x0000000000000004
2026/10/02 18:26:38.484, 0, 150.78, 67, 100, 150.00, 780, 150.00, 0x0000000000000004
2026/10/02 18:26:38.685, 0, 143.85, 67, 100, 150.00, 735, 150.00, 0x0000000000000004
2026/10/02 18:26:38.886, 0, 149.96, 67, 100, 150.00, 780, 150.00, 0x0000000000000004
2026/10/02 18:26:39.086, 0, 150.68, 68, 100, 150.00, 780, 150.00, 0x0000000000000004
2026/10/02 18:26:39.287, 0, 150.79, 68, 100, 150.00, 780, 150.00, 0x0000000000000004
2026/10/02 18:26:39.487, 0, 150.82, 68, 100, 150.00, 645, 150.00, 0x0000000000000004
2026/10/02 18:26:39.688, 0, 141.27, 66, 40, 150.00, 1620, 150.00, 0x0000000000000004
2026/10/02 18:26:39.888, 0, 141.41, 67, 40, 150.00, 1080, 150.00, 0x0000000000000004
2026/10/02 18:26:40.089, 0, 125.84, 65, 0, 150.00, 1680, 150.00, 0x0000000000000004
2026/10/02 18:26:40.289, 0, 109.83, 66, 65, 150.00, 1530, 150.00, 0x0000000000000004
2026/10/02 18:26:40.490, 0, 103.21, 67, 59, 150.00, 780, 150.00, 0x0000000000000004
2026/10/02 18:26:40.690, 0, 104.39, 67, 100, 150.00, 780, 150.00, 0x0000000000000004
2026/10/02 18:26:40.891, 0, 123.17, 68, 78, 150.00, 750, 150.00, 0x0000000000000004
2026/10/02 18:26:41.091, 0, 117.89, 66, 10, 150.00, 1470, 150.00, 0x0000000000000004
2026/10/02 18:26:41.292, 0, 123.99, 66, 0, 150.00, 1680, 150.00, 0x0000000000000004
2026/10/02 18:26:41.492, 0, 125.13, 65, 0, 150.00, 1680, 150.00, 0x0000000000000004
2026/10/02 18:26:41.693, 0, 109.14, 65, 0, 150.00, 1695, 150.00, 0x0000000000000000
2026/10/02 18:26:41.893, 0, 94.22, 65, 0, 150.00, 1695, 150.00, 0x0000000000000000
2026/10/02 18:26:42.094, 0, 96.99, 66, 97, 150.00, 1035, 150.00, 0x0000000000000004
2026/10/02 18:26:42.294, 0, 90.51, 65, 0, 150.00, 1680, 150.00, 0x0000000000000004
2026/10/02 18:26:42.495, 0, 102.83, 65, 25, 150.00, 990, 150.00, 0x0000000000000004
2026/10/02 18:26:42.695, 0, 116.85, 67, 100, 150.00, 780, 150.00, 0x0000000000000004
2026/10/02 18:26:42.896, 0, 122.51, 67, 100, 150.00, 1605, 150.00, 0x0000000000000004
2026/10/02 18:26:43.097, 0, 100.77, 66, 0, 150.00, 630, 150.00, 0x0000000000000004
2026/10/02 18:26:43.298, 0, 115.58, 67, 100, 150.00, 1020, 150.00, 0x0000000000000004
2026/10/02 18:26:43.498, 0, 114.56, 67, 38, 150.00, 780, 150.00, 0x0000000000000004
2026/10/02 18:26:43.699, 0, 115.60, 67, 100, 150.00, 780, 150.00, 0x0000000000000004
2026/10/02 18:26:43.900, 0, 124.86, 68, 100, 150.00, 720, 150.00, 0x0000000000000004
2026/10/02 18:26:44.100, 0, 139.92, 68, 100, 150.00, 780, 150.00, 0x0000000000000004
2026/10/02 18:26:44.301, 0, 146.55, 67, 100, 150.00, 735, 150.00, 0x0000000000000004
2026/10/02 18:26:44.502, 0, 149.45, 68, 100, 150.00, 780, 150.00, 0x0000000000000004
2026/10/02 18:26:44.702, 0, 149.98, 68, 100, 150.00, 780, 150.00, 0x0000000000000004
2026/10/02 18:26:44.903, 0, 149.51, 68, 100, 150.00, 765, 150.00, 0x0000000000000004
2026/10/02 18:26:45.104, 0, 150.42, 68, 100, 150.00, 675, 150.00, 0x0000000000000004
2026/10/02 18:26:45.304, 0, 148.62, 68, 100, 150.00, 735, 150.00, 0x0000000000000004
2026/10/02 18:26:45.505, 0, 150.25, 68, 100, 150.00, 765, 150.00, 0x0000000000000004
2026/10/02 18:26:45.706, 0, 150.10, 68, 100, 150.00, 750, 150.00, 0x0000000000000004
2026/10/02 18:26:45.906, 0, 149.72, 68, 100, 150.00, 765, 150.00, 0x0000000000000004
2026/10/02 18:26:46.107, 0, 149.59, 68, 100, 150.00, 705, 150.00, 0x0000000000000004
2026/10/02 18:26:46.308, 0, 149.52, 68, 100, 150.00, 735, 150.00, 0x0000000000000004
2026/10/02 18:26:46.508, 0, 149.99, 68, 100, 150.00, 765, 150.00, 0x0000000000000004
2026/10/02 18:26:46.709, 0, 149.95, 68, 100, 150.00, 765, 150.00, 0x0000000000000004
2026/10/02 18:26:46.910, 0, 149.98, 68, 100, 150.00, 750, 150.00, 0x0000000000000004
2026/10/02 18:26:47.110, 0, 149.35, 68, 100, 150.00, 720, 150.00, 0x0000000000000004
2026/10/02 18:26:47.311, 0, 149.79, 68, 100, 150.00, 735, 150.00, 0x0000000000000004
2026/10/02 18:26:47.511, 0, 150.11, 68, 100, 150.00, 750, 150.00, 0x0000000000000004
2026/10/02 18:26:47.712, 0, 150.06, 68, 100, 150.00, 750, 150.00, 0x0000000000000004
2026/10/02 18:26:47.913, 0, 150.13, 68, 100, 150.00, 735, 150.00, 0x0000000000000004
2026/10/02 18:26:48.113, 0, 149.55, 68, 100, 150.00, 720, 150.00, 0x0000000000000004
2026/10/02 18:26:48.314, 0, 149.65, 68, 100, 150.00, 735, 150.00, 0x0000000000000004
2026/10/02 18:26:48.514, 0, 149.86, 69, 100, 150.00, 750, 150.00, 0x0000000000000004
2026/10/02 18:26:48.715, 0, 150.02, 69, 100, 150.00, 750, 150.00, 0x0000000000000004
2026/10/02 18:26:48.916, 0, 149.84, 69, 100, 150.00, 735, 150.00, 0x0000000000000004
2026/10/02 18:26:49.116, 0, 149.62, 69, 100, 150.00, 735, 150.00, 0x0000000000000004
2026/10/02 18:26:49.317, 0, 149.84, 69, 100, 150.00, 735, 150.00, 0x0000000000000004
2026/10/02 18:26:49.517, 0, 150.03, 69, 100, 150.00, 750, 150.00, 0x0000000000000004
2026/10/02 18:26:49.718, 0, 150.19, 69, 100, 150.00, 750, 150.00, 0x0000000000000004
2026/10/02 18:26:49.919, 0, 149.97, 69, 100, 150.00, 735, 150.00, 0x0000000000000004
2026/10/02 18:26:50.119, 0, 149.71, 69, 100, 150.00, 735, 150.00, 0x0000000000000004
2026/10/02 18:26:50.320, 0, 149.66, 69, 100, 150.00, 735, 150.00, 0x0000000000000004
2026/10/02 18:26:50.521, 0, 149.77, 69, 100, 150.00, 750, 150.00, 0x0000000000000004
2026/10/02 18:26:50.721, 0, 150.01, 68, 100, 150.00, 1050, 150.00, 0x0000000000000004
2026/10/02 18:26:50.922, 0, 135.20, 67, 6, 150.00, 1680, 150.00, 0x0000000000000004
2026/10/02 18:26:51.122, 0, 133.71, 68, 0, 150.00, 1110, 150.00, 0x0000000000000004
2026/10/02 18:26:51.323, 0, 130.36, 68, 29, 150.00, 780, 150.00, 0x0000000000000004
2026/10/02 18:26:51.523, 0, 131.18, 68, 100, 150.00, 1080, 150.00, 0x0000000000000004
2026/10/02 18:26:51.724, 0, 130.46, 68, 29, 150.00, 600, 150.00, 0x0000000000000004
2026/10/02 18:26:51.924, 0, 138.17, 69, 95, 150.00, 780, 150.00, 0x0000000000000004
2026/10/02 18:26:52.125, 0, 153.07, 69, 100, 150.00, 780, 150.00, 0x0000000000000004
2026/10/02 18:26:52.326, 0, 151.57, 69, 100, 150.00, 765, 150.00, 0x0000000000000004
2026/10/02 18:26:52.526, 0, 151.67, 69, 100, 150.00, 495, 150.00, 0x0000000000000004
2026/10/02 18:26:52.727, 0, 144.29, 69, 100, 150.00, 735, 150.00, 0x0000000000000004
2026/10/02 18:26:52.927, 0, 150.45, 69, 100, 150.00, 765, 150.00, 0x0000000000000004
2026/10/02 18:26:53.128, 0, 151.08, 69, 100, 150.00, 750, 150.00, 0x0000000000000004
2026/10/02 18:26:53.329, 0, 150.92, 69, 99, 150.00, 735, 150.00, 0x0000000000000004
2026/10/02 18:26:53.529, 0, 149.25, 69, 100, 150.00, 690, 150.00, 0x0000000000000004
2026/10/02 18:26:53.730, 0, 138.44, 67, 84, 150.00, 1230, 150.00, 0x0000000000000004
2026/10/02 18:26:53.931, 0, 131.52, 68, 75, 150.00, 750, 150.00, 0x0000000000000004
2026/10/02 18:26:54.131, 0, 122.52, 68, 98, 150.00, 1575, 150.00, 0x0000000000000004
2026/10/02 18:26:54.332, 0, 112.83, 67, 11, 150.00, 990, 150.00, 0x0000000000000004
2026/10/02 18:26:54.532, 0, 112.42, 69, 84, 150.00, 765, 150.00, 0x0000000000000004
2026/10/02 18:26:54.733, 0, 119.53, 69, 100, 150.00, 765, 150.00, 0x0000000000000004
2026/10/02 18:26:54.934, 0, 128.18, 69, 100, 150.00, 765, 150.00, 0x0000000000000004
2026/10/02 18:26:55.134, 0, 134.65, 69, 100, 150.00, 630, 150.00, 0x0000000000000004
2026/10/02 18:26:55.335, 0, 140.40, 69, 100, 150.00, 735, 150.00, 0x0000000000000004
2026/10/02 18:26:55.535, 0, 140.23, 68, 51, 150.00, 1590, 150.00, 0x0000000000000004
2026/10/02 18:26:55.736, 0, 130.21, 68, 0, 150.00, 780, 150.00, 0x0000000000000004
2026/10/02 18:26:55.936, 0, 130.07, 69, 95, 150.00, 765, 150.00, 0x0000000000000004
2026/10/02 18:26:56.137, 0, 130.07, 69, 100, 150.00, 780, 150.00, 0x0000000000000004
2026/10/02 18:26:56.338, 0, 133.68, 69, 100, 150.00, 780, 150.00, 0x0000000000000004
2026/10/02 18:26:56.538, 0, 132.07, 69, 100, 150.00, 780, 150.00, 0x0000000000000004
2026/10/02 18:26:56.739, 0, 147.04, 69, 100, 150.00, 735, 150.00, 0x0000000000000004
2026/10/02 18:26:56.939, 0, 149.46, 69, 100, 150.00, 765, 150.00, 0x0000000000000004
2026/10/02 18:26:57.140, 0, 149.21, 69, 100, 150.00, 765, 150.00, 0x0000000000000004
2026/10/02 18:26:57.341, 0, 149.03, 69, 100, 150.00, 705, 150.00, 0x0000000000000004
2026/10/02 18:26:57.541, 0, 147.27, 69, 100, 150.00, 720, 150.00, 0x0000000000000004
2026/10/02 18:26:57.742, 0, 150.46, 69, 96, 150.00, 1215, 150.00, 0x0000000000000004
2026/10/02 18:26:57.942, 0, 135.78, 69, 0, 150.00, 585, 150.00, 0x0000000000000004
2026/10/02 18:26:58.143, 0, 126.35, 68, 100, 150.00, 1005, 150.00, 0x0000000000000004
2026/10/02 18:26:58.344, 0, 125.53, 69, 85, 150.00, 780, 150.00, 0x0000000000000004
2026/10/02 18:26:58.544, 0, 126.76, 69, 100, 150.00, 765, 150.00, 0x0000000000000004
2026/10/02 18:26:58.745, 0, 127.85, 70, 100, 150.00, 735, 150.00, 0x0000000000000004
2026/10/02 18:26:58.945, 0, 135.01, 70, 100, 150.00, 570, 150.00, 0x0000000000000004
2026/10/02 18:26:59.146, 0, 139.86, 69, 100, 150.00, 735, 150.00, 0x0000000000000004
2026/10/02 18:26:59.347, 0, 149.05, 70, 100, 150.00, 1350, 150.00, 0x0000000000000004
2026/10/02 18:26:59.547, 0, 155.47, 70, 41, 150.00, 945, 150.00, 0x0000000000000004
2026/10/02 18:26:59.748, 0, 153.46, 69, 94, 150.00, 1320, 150.00, 0x0000000000000004
2026/10/02 18:26:59.948, 0, 149.44, 68, 49, 150.00, 1650, 150.00, 0x0000000000000004
2026/10/02 18:27:00.149, 0, 158.42, 69, 31, 150.00, 780, 150.00, 0x0000000000000004
2026/10/02 18:27:00.350, 0, 151.41, 68, 100, 150.00, 960, 150.00, 0x0000000000000004
2026/10/02 18:27:00.550, 0, 143.64, 69, 85, 150.00, 765, 150.00, 0x0000000000000004
2026/10/02 18:27:00.751, 0, 143.67, 70, 100, 150.00, 765, 150.00, 0x0000000000000004
2026/10/02 18:27:00.951, 0, 142.39, 70, 100, 150.00, 765, 150.00, 0x0000000000000004
2026/10/02 18:27:01.152, 0, 144.17, 70, 100, 150.00, 525, 150.00, 0x0000000000000004
2026/10/02 18:27:01.353, 0, 142.74, 70, 100, 150.00, 705, 150.00, 0x0000000000000004
2026/10/02 18:27:01.553, 0, 151.54, 70, 100, 150.00, 765, 150.00, 0x0000000000000004
2026/10/02 18:27:01.754, 0, 151.37, 70, 100, 150.00, 765, 150.00, 0x0000000000000004
2026/10/02 18:27:01.954, 0, 151.53, 70, 100, 150.00, 765, 150.00, 0x0000000000000004
2026/10/02 18:27:02.155, 0, 150.44, 70, 100, 150.00, 660, 150.00, 0x0000000000000004
2026/10/02 18:27:02.356, 0, 152.19, 70, 100, 150.00, 720, 150.00, 0x0000000000000004
2026/10/02 18:27:02.556, 0, 150.59, 70, 100, 150.00, 750, 150.00, 0x0000000000000004
2026/10/02 18:27:02.757, 0, 150.55, 70, 100, 150.00, 765, 150.00, 0x0000000000000004
2026/10/02 18:27:02.958, 0, 150.64, 70, 100, 150.00, 720, 150.00, 0x0000000000000004
2026/10/02 18:27:03.158, 0, 149.20, 70, 100, 150.00, 690, 150.00, 0x0000000000000004
2026/10/02 18:27:03.359, 0, 149.93, 70, 100, 150.00, 735, 150.00, 0x0000000000000004
2026/10/02 18:27:03.559, 0, 142.15, 69, 100, 150.00, 1680, 150.00, 0x0000000000000004
2026/10/02 18:27:03.760, 0, 127.49, 68, 0, 150.00, 1680, 150.00, 0x0000000000000004
2026/10/02 18:27:03.960, 0, 124.97, 69, 0, 150.00, 1410, 150.00, 0x0000000000000004
2026/10/02 18:27:04.161, 0, 112.23, 69, 21, 150.00, 1605, 150.00, 0x0000000000000004
2026/10/02 18:27:04.361, 0, 98.82, 67, 0, 150.00, 1680, 150.00, 0x0000000000000004
2026/10/02 18:27:04.562, 0, 84.88, 67, 0, 150.00, 1695, 150.00, 0x0000000000000004
2026/10/02 18:27:04.762, 0, 85.27, 68, 0, 150.00, 1635, 150.00, 0x0000000000000004
2026/10/02 18:27:04.963, 0, 104.86, 69, 22, 150.00, 780, 150.00, 0x0000000000000004
2026/10/02 18:27:05.164, 0, 108.25, 69, 100, 150.00, 765, 150.00, 0x0000000000000004
2026/10/02 18:27:05.364, 0, 121.07, 70, 100, 150.00, 765, 150.00, 0x0000000000000004
2026/10/02 18:27:05.565, 0, 135.73, 70, 100, 150.00, 765, 150.00, 0x0000000000000004
2026/10/02 18:27:05.766, 0, 149.23, 70, 100, 150.00, 690, 150.00, 0x0000000000000004
2026/10/02 18:27:05.966, 0, 151.15, 70, 100, 150.00, 750, 150.00, 0x0000000000000004
2026/10/02 18:27:06.167, 0, 151.27, 70, 100, 150.00, 750, 150.00, 0x0000000000000004
2026/10/02 18:27:06.367, 0, 151.12, 70, 100, 150.00, 765, 150.00, 0x0000000000000004
2026/10/02 18:27:06.568, 0, 151.02, 70, 100, 150.00, 645, 150.00, 0x0000000000000004
2026/10/02 18:27:06.769, 0, 149.21, 70, 100, 150.00, 720, 150.00, 0x0000000000000004
2026/10/02 18:27:06.969, 0, 150.33, 70, 100, 150.00, 750, 150.00, 0x0000000000000004
2026/10/02 18:27:07.170, 0, 150.47, 70, 100, 150.00, 750, 150.00, 0x0000000000000004
2026/10/02 18:27:07.370, 0, 150.49, 70, 100, 150.00, 750, 150.00, 0x0000000000000004
2026/10/02 18:27:07.571, 0, 149.95, 70, 100, 150.00, 690, 150.00, 0x0000000000000004
2026/10/02 18:27:07.772, 0, 149.74, 70, 100, 150.00, 720, 150.00, 0x0000000000000004
2026/10/02 18:27:07.972, 0, 150.10, 70, 100, 150.00, 750, 150.00, 0x0000000000000004
2026/10/02 18:27:08.173, 0, 150.16, 70, 100, 150.00, 750, 150.00, 0x0000000000000004
2026/10/02 18:27:08.373, 0, 150.21, 70, 100, 150.00, 735, 150.00, 0x0000000000000004
2026/10/02 18:27:08.574, 0, 149.46, 70, 100, 150.00, 705, 150.00, 0x0000000000000004
2026/10/02 18:27:08.775, 0, 149.62, 70, 100, 150.00, 720, 150.00, 0x0000000000000004
2026/10/02 18:27:08.975, 0, 142.85, 70, 100, 150.00, 1635, 150.00, 0x0000000000000004
2026/10/02 18:27:09.176, 0, 140.43, 70, 0, 150.00, 1440, 150.00, 0x0000000000000004
2026/10/02 18:27:09.376, 0, 132.01, 70, 15, 150.00, 780, 150.00, 0x0000000000000004
2026/10/02 18:27:09.577, 0, 132.42, 70, 100, 150.00, 765, 150.00, 0x0000000000000004
2026/10/02 18:27:09.778, 0, 138.30, 71, 100, 150.00, 660, 150.00, 0x0000000000000004
2026/10/02 18:27:09.978, 0, 138.99, 71, 100, 150.00, 765, 150.00, 0x0000000000000004
2026/10/02 18:27:10.179, 0, 142.29, 69, 89, 150.00, 600, 150.00, 0x0000000000000004
2026/10/02 18:27:10.379, 0, 144.85, 70, 100, 150.00, 765, 150.00, 0x0000000000000004
2026/10/02 18:27:10.580, 0, 145.39, 70, 100, 150.00, 765, 150.00, 0x0000000000000004
2026/10/02 18:27:10.781, 0, 145.19, 71, 100, 150.00, 765, 150.00, 0x0000000000000004
2026/10/02 18:27:10.981, 0, 132.50, 69, 100, 150.00, 1680, 150.00, 0x0000000000000004
2026/10/02 18:27:11.182, 0, 133.15, 69, 42, 150.00, 1080, 150.00, 0x0000000000000004
2026/10/02 18:27:11.382, 0, 138.85, 70, 62, 150.00, 660, 150.00, 0x0000000000000004
2026/10/02 18:27:11.583, 0, 137.32, 70, 83, 150.00, 750, 150.00, 0x0000000000000004
2026/10/02 18:27:11.783, 0, 121.61, 69, 58, 150.00, 1680, 150.00, 0x0000000000000004
2026/10/02 18:27:11.984, 0, 118.88, 70, 0, 150.00, 1470, 150.00, 0x0000000000000004
2026/10/02 18:27:12.185, 0, 113.56, 70, 13, 150.00, 780, 150.00, 0x0000000000000004
2026/10/02 18:27:12.385, 0, 117.14, 70, 62, 150.00, 1380, 150.00, 0x0000000000000004
2026/10/02 18:27:12.586, 0, 105.10, 69, 24, 150.00, 1650, 150.00, 0x0000000000000004
2026/10/02 18:27:12.786, 0, 113.61, 70, 0, 150.00, 1215, 150.00, 0x0000000000000004
2026/10/02 18:27:12.987, 0, 135.37, 70, 71, 150.00, 1275, 150.00, 0x0000000000000004
2026/10/02 18:27:13.187, 0, 141.77, 70, 77, 150.00, 1515, 150.00, 0x0000000000000004
2026/10/02 18:27:13.388, 0, 147.42, 69, 47, 150.00, 1680, 150.00, 0x0000000000000004
2026/10/02 18:27:13.588, 0, 150.18, 70, 0, 150.00, 825, 150.00, 0x0000000000000004
2026/10/02 18:27:13.789, 0, 166.21, 70, 95, 150.00, 765, 150.00, 0x0000000000000004
2026/10/02 18:27:13.990, 0, 156.89, 70, 100, 150.00, 765, 150.00, 0x0000000000000004
2026/10/02 18:27:14.190, 0, 149.50, 70, 100, 150.00, 780, 150.00, 0x0000000000000004
2026/10/02 18:27:14.391, 0, 136.74, 69, 94, 150.00, 1680, 150.00, 0x0000000000000004
2026/10/02 18:27:14.591, 0, 148.45, 70, 0, 150.00, 1470, 150.00, 0x0000000000000004
2026/10/02 18:27:14.792, 0, 139.67, 69, 42, 150.00, 1680, 150.00, 0x0000000000000004
2026/10/02 18:27:14.992, 0, 141.62, 70, 14, 150.00, 780, 150.00, 0x0000000000000004
2026/10/02 18:27:15.193, 0, 141.60, 70, 100, 150.00, 765, 150.00, 0x0000000000000004
2026/10/02 18:27:15.394, 0, 141.54, 70, 100, 150.00, 765, 150.00, 0x0000000000000004
2026/10/02 18:27:15.594, 0, 140.71, 69, 58, 150.00, 1680, 150.00, 0x0000000000000004
2026/10/02 18:27:15.795, 0, 116.68, 68, 0, 150.00, 615, 150.00, 0x0000000000000004
2026/10/02 18:27:15.995, 0, 120.52, 70, 74, 150.00, 780, 150.00, 0x0000000000000004
2026/10/02 18:27:16.196, 0, 112.83, 69, 100, 150.00, 765, 150.00, 0x0000000000000004
2026/10/02 18:27:16.396, 0, 104.82, 69, 66, 150.00, 1680, 150.00, 0x0000000000000004
2026/10/02 18:27:16.597, 0, 119.34, 70, 33, 150.00, 780, 150.00, 0x0000000000000004
2026/10/02 18:27:16.797, 0, 128.13, 70, 100, 150.00, 1620, 150.00, 0x0000000000000004
2026/10/02 18:27:16.998, 0, 122.65, 68, 0, 150.00, 1680, 150.00, 0x0000000000000004
2026/10/02 18:27:17.198, 0, 108.10, 68, 0, 150.00, 1695, 150.00, 0x0000000000000004
2026/10/02 18:27:17.399, 0, 113.20, 68, 43, 150.00, 1680, 150.00, 0x0000000000000004
2026/10/02 18:27:17.599, 0, 102.26, 68, 0, 150.00, 705, 150.00, 0x0000000000000004
2026/10/02 18:27:17.800, 0, 92.64, 69, 66, 150.00, 630, 150.00, 0x0000000000000004
2026/10/02 18:27:18.000, 0, 104.91, 70, 98, 150.00, 1230, 150.00, 0x0000000000000004
2026/10/02 18:27:18.201, 0, 113.19, 69, 80, 150.00, 1680, 150.00, 0x0000000000000004
2026/10/02 18:27:18.401, 0, 115.68, 70, 0, 150.00, 720, 150.00, 0x0000000000000004
2026/10/02 18:27:18.602, 0, 122.67, 68, 100, 150.00, 885, 150.00, 0x0000000000000004
2026/10/02 18:27:18.802, 0, 132.43, 70, 62, 150.00, 1395, 150.00, 0x0000000000000004
2026/10/02 18:27:19.003, 0, 144.36, 70, 63, 150.00, 600, 150.00, 0x0000000000000004
2026/10/02 18:27:19.204, 0, 142.13, 70, 11, 150.00, 765, 150.00, 0x0000000000000004
2026/10/02 18:27:19.404, 0, 142.40, 70, 100, 150.00, 765, 150.00, 0x0000000000000004
2026/10/02 18:27:19.605, 0, 150.84, 70, 100, 150.00, 765, 150.00, 0x0000000000000004
2026/10/02 18:27:19.806, 0, 148.19, 71, 100, 150.00, 465, 150.00, 0x0000000000000004
2026/10/02 18:27:20.006, 0, 141.32, 70, 100, 150.00, 750, 150.00, 0x0000000000000004
2026/10/02 18:27:20.207, 0, 149.59, 70, 100, 150.00, 765, 150.00, 0x0000000000000004
2026/10/02 18:27:20.408, 0, 149.42, 71, 100, 150.00, 765, 150.00, 0x0000000000000004
2026/10/02 18:27:20.608, 0, 141.12, 69, 59, 150.00, 1665, 150.00, 0x0000000000000004
2026/10/02 18:27:20.809, 0, 133.94, 69, 65, 150.00, 720, 150.00, 0x0000000000000004
2026/10/02 18:27:21.009, 0, 131.31, 69, 83, 150.00, 1620, 150.00, 0x0000000000000004
2026/10/02 18:27:21.210, 0, 121.32, 69, 59, 150.00, 1650, 150.00, 0x0000000000000004
2026/10/02 18:27:21.410, 0, 114.97, 70, 57, 150.00, 780, 150.00, 0x0000000000000004
2026/10/02 18:27:21.611, 0, 114.88, 70, 100, 150.00, 765, 150.00, 0x0000000000000004
2026/10/02 18:27:21.812, 0, 130.58, 70, 100, 150.00, 765, 150.00, 0x0000000000000004
2026/10/02 18:27:22.012, 0, 130.80, 71, 100, 150.00, 780, 150.00, 0x0000000000000004
2026/10/02 18:27:22.213, 0, 136.16, 70, 100, 150.00, 765, 150.00, 0x0000000000000004
2026/10/02 18:27:22.414, 0, 144.07, 69, 71, 150.00, 1215, 150.00, 0x0000000000000004
2026/10/02 18:27:22.614, 0, 147.36, 71, 60, 150.00, 765, 150.00, 0x0000000000000004
2026/10/02 18:27:22.815, 0, 139.64, 70, 7, 150.00, 615, 150.00, 0x0000000000000004
2026/10/02 18:27:23.015, 0, 138.67, 71, 100, 150.00, 780, 150.00, 0x0000000000000004
2026/10/02 18:27:23.216, 0, 138.68, 71, 100, 150.00, 765, 150.00, 0x0000000000000004
2026/10/02 18:27:23.416, 0, 133.85, 70, 76, 150.00, 1635, 150.00, 0x0000000000000004
2026/10/02 18:27:23.617, 0, 132.82, 70, 64, 150.00, 780, 150.00, 0x0000000000000004
2026/10/02 18:27:23.817, 0, 130.10, 71, 100, 150.00, 765, 150.00, 0x0000000000000004
2026/10/02 18:27:24.018, 0, 138.80, 71, 100, 150.00, 780, 150.00, 0x0000000000000004
2026/10/02 18:27:24.219, 0, 138.93, 71, 100, 150.00, 765, 150.00, 0x0000000000000004
2026/10/02 18:27:24.419, 0, 136.84, 71, 100, 150.00, 750, 150.00, 0x0000000000000004
2026/10/02 18:27:24.620, 0, 150.53, 71, 100, 150.00, 900, 150.00, 0x0000000000000004
2026/10/02 18:27:24.821, 0, 151.61, 71, 100, 150.00, 1395, 150.00, 0x0000000000000004
2026/10/02 18:27:25.021, 0, 137.06, 70, 4, 150.00, 615, 150.00, 0x0000000000000004
2026/10/02 18:27:25.222, 0, 138.02, 71, 85, 150.00, 1215, 150.00, 0x0000000000000004
2026/10/02 18:27:25.422, 0, 122.35, 69, 0, 150.00, 615, 150.00, 0x0000000000000004
2026/10/02 18:27:25.623, 0, 124.12, 71, 100, 150.00, 780, 150.00, 0x0000000000000004
2026/10/02 18:27:25.823, 0, 123.49, 71, 100, 150.00, 765, 150.00, 0x0000000000000004
2026/10/02 18:27:26.024, 0, 131.40, 71, 100, 150.00, 765, 150.00, 0x0000000000000004
2026/10/02 18:27:26.225, 0, 138.79, 71, 100, 150.00, 420, 150.00, 0x0000000000000004
2026/10/02 18:27:26.425, 0, 141.76, 71, 100, 150.00, 735, 150.00, 0x0000000000000004
2026/10/02 18:27:26.626, 0, 149.65, 71, 100, 150.00, 750, 150.00, 0x0000000000000004
2026/10/02 18:27:26.826, 0, 149.58, 71, 100, 150.00, 765, 150.00, 0x0000000000000004
2026/10/02 18:27:27.027, 0, 153.10, 71, 79, 150.00, 1035, 150.00, 0x0000000000000004
2026/10/02 18:27:27.228, 0, 153.32, 71, 100, 150.00, 720, 150.00, 0x0000000000000004
2026/10/02 18:27:27.428, 0, 147.70, 70, 14, 150.00, 1680, 150.00, 0x0000000000000004
2026/10/02 18:27:27.629, 0, 134.20, 69, 0, 150.00, 1275, 150.00, 0x0000000000000004
2026/10/02 18:27:27.829, 0, 136.19, 70, 77, 150.00, 1545, 150.00, 0x0000000000000004
2026/10/02 18:27:28.030, 0, 121.33, 69, 0, 150.00, 1680, 150.00, 0x0000000000000004
2026/10/02 18:27:28.231, 0, 109.36, 69, 56, 150.00, 1665, 150.00, 0x0000000000000004
2026/10/02 18:27:28.431, 0, 110.19, 70, 37, 150.00, 1305, 150.00, 0x0000000000000004
2026/10/02 18:27:28.631, 0, 127.41, 70, 100, 150.00, 765, 150.00, 0x0000000000000004
2026/10/02 18:27:28.832, 0, 132.79, 71, 100, 150.00, 765, 150.00, 0x0000000000000004
2026/10/02 18:27:29.033, 0, 137.91, 71, 38, 150.00, 750, 150.00, 0x0000000000000004
2026/10/02 18:27:29.233, 0, 143.69, 71, 100, 150.00, 765, 150.00, 0x0000000000000004
2026/10/02 18:27:29.434, 0, 159.59, 71, 100, 150.00, 765, 150.00, 0x0000000000000004
2026/10/02 18:27:29.635, 0, 150.98, 71, 100, 150.00, 765, 150.00, 0x0000000000000004
2026/10/02 18:27:29.835, 0, 143.41, 70, 2, 150.00, 1680, 150.00, 0x0000000000000004
2026/10/02 18:27:30.036, 0, 148.69, 71, 48, 150.00, 780, 150.00, 0x0000000000000004
2026/10/02 18:27:30.236, 0, 143.38, 71, 100, 150.00, 765, 150.00, 0x0000000000000004
2026/10/02 18:27:30.437, 0, 143.49, 71, 100, 150.00, 765, 150.00, 0x0000000000000004
2026/10/02 18:27:30.638, 0, 143.57, 71, 100, 150.00, 765, 150.00, 0x0000000000000004
2026/10/02 18:27:30.838, 0, 140.90, 71, 100, 150.00, 750, 150.00, 0x0000000000000004
2026/10/02 18:27:31.039, 0, 150.74, 70, 87, 150.00, 1605, 150.00, 0x0000000000000004
2026/10/02 18:27:31.240, 0, 152.37, 71, 99, 150.00, 765, 150.00, 0x0000000000000004
2026/10/02 18:27:31.440, 0, 152.28, 71, 98, 150.00, 735, 150.00, 0x0000000000000004
2026/10/02 18:27:31.641, 0, 152.00, 71, 100, 150.00, 765, 150.00, 0x0000000000000004
2026/10/02 18:27:31.841, 0, 152.01, 71, 100, 150.00, 1365, 150.00, 0x0000000000000004
2026/10/02 18:27:32.042, 0, 140.56, 71, 66, 150.00, 705, 150.00, 0x0000000000000004
2026/10/02 18:27:32.243, 0, 138.65, 71, 100, 150.00, 765, 150.00, 0x0000000000000004
2026/10/02 18:27:32.443, 0, 139.10, 72, 100, 150.00, 1500, 150.00, 0x0000000000000004
2026/10/02 18:27:32.644, 0, 128.90, 70, 62, 150.00, 1590, 150.00, 0x0000000000000004
2026/10/02 18:27:32.844, 0, 134.73, 71, 100, 150.00, 765, 150.00, 0x0000000000000004
2026/10/02 18:27:33.045, 0, 142.37, 71, 87, 150.00, 765, 150.00, 0x0000000000000004
2026/10/02 18:27:33.246, 0, 148.96, 72, 100, 150.00, 765, 150.00, 0x0000000000000004
2026/10/02 18:27:33.446, 0, 148.03, 72, 100, 150.00, 765, 150.00, 0x0000000000000004
2026/10/02 18:27:33.647, 0, 154.62, 71, 100, 150.00, 720, 150.00, 0x0000000000000004
2026/10/02 18:27:33.847, 0, 150.10, 72, 100, 150.00, 765, 150.00, 0x0000000000000004
2026/10/02 18:27:34.048, 0, 149.98, 72, 100, 150.00, 1020, 150.00, 0x0000000000000004
2026/10/02 18:27:34.249, 0, 144.97, 70, 49, 150.00, 1335, 150.00, 0x0000000000000004
2026/10/02 18:27:34.449, 0, 146.82, 72, 100, 150.00, 765, 150.00, 0x0000000000000004
2026/10/02 18:27:34.650, 0, 140.85, 70, 72, 150.00, 1200, 150.00, 0x0000000000000004
2026/10/02 18:27:34.851, 0, 143.07, 72, 100, 150.00, 765, 150.00, 0x0000000000000004
2026/10/02 18:27:35.051, 0, 144.01, 72, 100, 150.00, 750, 150.00, 0x0000000000000004
2026/10/02 18:27:35.252, 0, 141.07, 72, 100, 150.00, 765, 150.00, 0x0000000000000004
2026/10/02 18:27:35.452, 0, 147.46, 72, 100, 150.00, 615, 150.00, 0x0000000000000004
2026/10/02 18:27:35.653, 0, 145.27, 72, 100, 150.00, 705, 150.00, 0x0000000000000004
2026/10/02 18:27:35.854, 0, 150.77, 72, 100, 150.00, 750, 150.00, 0x0000000000000004
2026/10/02 18:27:36.054, 0, 150.55, 72, 100, 150.00, 750, 150.00, 0x0000000000000004
2026/10/02 18:27:36.255, 0, 150.45, 72, 100, 150.00, 750, 150.00, 0x0000000000000004
2026/10/02 18:27:36.456, 0, 139.03, 70, 0, 150.00, 1425, 150.00, 0x0000000000000004
2026/10/02 18:27:36.656, 0, 135.88, 70, 13, 150.00, 1680, 150.00, 0x0000000000000004
2026/10/02 18:27:36.857, 0, 122.38, 70, 66, 150.00, 1620, 150.00, 0x0000000000000004
2026/10/02 18:27:37.057, 0, 114.37, 71, 91, 150.00, 765, 150.00, 0x0000000000000004
2026/10/02 18:27:37.258, 0, 114.68, 72, 100, 150.00, 765, 150.00, 0x0000000000000004
2026/10/02 18:27:37.458, 0, 118.78, 72, 100, 150.00, 750, 150.00, 0x0000000000000004
2026/10/02 18:27:37.659, 0, 123.48, 72, 100, 150.00, 750, 150.00, 0x0000000000000004
2026/10/02 18:27:37.860, 0, 135.38, 72, 100, 150.00, 720, 150.00, 0x0000000000000004
2026/10/02 18:27:38.060, 0, 148.98, 72, 100, 150.00, 750, 150.00, 0x0000000000000004
2026/10/02 18:27:38.261, 0, 149.70, 72, 100, 150.00, 750, 150.00, 0x0000000000000004
2026/10/02 18:27:38.462, 0, 149.59, 72, 100, 150.00, 750, 150.00, 0x0000000000000004
2026/10/02 18:27:38.662, 0, 149.61, 72, 100, 150.00, 630, 150.00, 0x0000000000000004
2026/10/02 18:27:38.863, 0, 147.54, 72, 100, 150.00, 1320, 150.00, 0x0000000000000004
2026/10/02 18:27:39.063, 0, 154.53, 72, 100, 150.00, 765, 150.00, 0x0000000000000004
2026/10/02 18:27:39.264, 0, 154.93, 72, 100, 150.00, 750, 150.00, 0x0000000000000004
2026/10/02 18:27:39.465, 0, 154.91, 72, 100, 150.00, 750, 150.00, 0x0000000000000004
2026/10/02 18:27:39.665, 0, 154.14, 72, 100, 150.00, 675, 150.00, 0x0000000000000004
2026/10/02 18:27:39.866, 0, 154.10, 72, 100, 150.00, 720, 150.00, 0x0000000000000004
2026/10/02 18:27:40.066, 0, 150.99, 72, 100, 150.00, 750, 150.00, 0x0000000000000004
2026/10/02 18:27:40.267, 0, 138.17, 71, 0, 150.00, 1020, 150.00, 0x0000000000000004
2026/10/02 18:27:40.467, 0, 138.17, 71, 95, 150.00, 1590, 150.00, 0x0000000000000004
2026/10/02 18:27:40.668, 0, 132.61, 72, 52, 150.00, 1005, 150.00, 0x0000000000000004
2026/10/02 18:27:40.869, 0, 133.13, 72, 28, 150.00, 1245, 150.00, 0x0000000000000004
2026/10/02 18:27:41.069, 0, 130.62, 71, 36, 150.00, 1680, 150.00, 0x0000000000000004
2026/10/02 18:27:41.270, 0, 127.59, 72, 90, 150.00, 765, 150.00, 0x0000000000000004
2026/10/02 18:27:41.470, 0, 134.41, 72, 100, 150.00, 720, 150.00, 0x0000000000000004
2026/10/02 18:27:41.671, 0, 133.20, 72, 100, 150.00, 1605, 150.00, 0x0000000000000004
2026/10/02 18:27:41.871, 0, 147.43, 72, 40, 150.00, 780, 150.00, 0x0000000000000004
2026/10/02 18:27:42.072, 0, 135.48, 72, 100, 150.00, 1635, 150.00, 0x0000000000000004
2026/10/02 18:27:42.272, 0, 142.46, 72, 100, 150.00, 765, 150.00, 0x0000000000000004
2026/10/02 18:27:42.473, 0, 143.97, 72, 100, 150.00, 750, 150.00, 0x0000000000000004
2026/10/02 18:27:42.674, 0, 142.78, 72, 100, 150.00, 750, 150.00, 0x0000000000000004
2026/10/02 18:27:42.874, 0, 150.60, 72, 100, 150.00, 750, 150.00, 0x0000000000000004
2026/10/02 18:27:43.075, 0, 142.86, 72, 100, 150.00, 690, 150.00, 0x0000000000000004
2026/10/02 18:27:43.276, 0, 149.53, 72, 100, 150.00, 750, 150.00, 0x0000000000000004
2026/10/02 18:27:43.476, 0, 150.29, 72, 100, 150.00, 645, 150.00, 0x0000000000000004
2026/10/02 18:27:43.677, 0, 152.31, 72, 100, 150.00, 750, 150.00, 0x0000000000000004
2026/10/02 18:27:43.877, 0, 151.60, 72, 15, 150.00, 735, 150.00, 0x0000000000000004
2026/10/02 18:27:44.078, 0, 151.10, 72, 97, 150.00, 750, 150.00, 0x0000000000000004
2026/10/02 18:27:44.278, 0, 154.20, 72, 97, 150.00, 1635, 150.00, 0x0000000000000004
2026/10/02 18:27:44.479, 0, 148.83, 72, 54, 150.00, 1590, 150.00, 0x0000000000000004
2026/10/02 18:27:44.679, 0, 141.08, 72, 100, 150.00, 1350, 150.00, 0x0000000000000004
2026/10/02 18:27:44.880, 0, 138.80, 72, 100, 150.00, 750, 150.00, 0x0000000000000004
2026/10/02 18:27:45.081, 0, 128.16, 71, 35, 150.00, 1680, 150.00, 0x0000000000000004
2026/10/02 18:27:45.281, 0, 113.80, 70, 0, 150.00, 1680, 150.00, 0x0000000000000004
2026/10/02 18:27:45.481, 0, 116.60, 71, 13, 150.00, 1260, 150.00, 0x0000000000000004
2026/10/02 18:27:45.682, 0, 117.46, 71, 25, 150.00, 1425, 150.00, 0x0000000000000004
2026/10/02 18:27:45.882, 0, 116.79, 71, 58, 150.00, 765, 150.00, 0x0000000000000004
2026/10/02 18:27:46.083, 0, 110.90, 72, 81, 150.00, 720, 150.00, 0x0000000000000004
2026/10/02 18:27:46.284, 0, 125.73, 72, 100, 150.00, 765, 150.00, 0x0000000000000004
2026/10/02 18:27:46.484, 0, 140.06, 72, 100, 150.00, 750, 150.00, 0x0000000000000004
2026/10/02 18:27:46.685, 0, 143.90, 72, 100, 150.00, 735, 150.00, 0x0000000000000004
2026/10/02 18:27:46.886, 0, 145.37, 72, 100, 150.00, 630, 150.00, 0x0000000000000004
2026/10/02 18:27:47.086, 0, 143.01, 72, 100, 150.00, 750, 150.00, 0x0000000000000004
2026/10/02 18:27:47.287, 0, 149.48, 73, 100, 150.00, 750, 150.00, 0x0000000000000004
2026/10/02 18:27:47.487, 0, 149.48, 73, 100, 150.00, 660, 150.00, 0x0000000000000004
2026/10/02 18:27:47.688, 0, 137.28, 71, 0, 150.00, 555, 150.00, 0x0000000000000004
2026/10/02 18:27:47.888, 0, 143.13, 72, 51, 150.00, 765, 150.00, 0x0000000000000004
2026/10/02 18:27:48.089, 0, 144.87, 72, 100, 150.00, 750, 150.00, 0x0000000000000004
2026/10/02 18:27:48.290, 0, 144.78, 73, 100, 150.00, 750, 150.00, 0x0000000000000004
2026/10/02 18:27:48.490, 0, 144.73, 73, 100, 150.00, 510, 150.00, 0x0000000000000004
2026/10/02 18:27:48.691, 0, 147.14, 72, 100, 150.00, 780, 150.00, 0x0000000000000004
2026/10/02 18:27:48.891, 0, 153.98, 73, 100, 150.00, 735, 150.00, 0x0000000000000004
2026/10/02 18:27:49.092, 0, 150.85, 73, 100, 150.00, 735, 150.00, 0x0000000000000004
2026/10/02 18:27:49.293, 0, 150.72, 73, 100, 150.00, 750, 150.00, 0x0000000000000004
2026/10/02 18:27:49.493, 0, 150.08, 73, 100, 150.00, 660, 150.00, 0x0000000000000004
2026/10/02 18:27:49.694, 0, 150.40, 73, 100, 150.00, 705, 150.00, 0x0000000000000004
2026/10/02 18:27:49.894, 0, 150.29, 73, 100, 150.00, 990, 150.00, 0x0000000000000004
2026/10/02 18:27:50.095, 0, 134.76, 72, 66, 150.00, 645, 150.00, 0x0000000000000004
2026/10/02 18:27:50.295, 0, 122.73, 71, 0, 150.00, 615, 150.00, 0x0000000000000004
2026/10/02 18:27:50.496, 0, 114.51, 72, 75, 150.00, 1665, 150.00, 0x0000000000000004
2026/10/02 18:27:50.696, 0, 109.17, 72, 64, 150.00, 1620, 150.00, 0x0000000000000004
2026/10/02 18:27:50.897, 0, 95.64, 70, 0, 150.00, 555, 150.00, 0x0000000000000004
2026/10/02 18:27:51.097, 0, 103.65, 72, 100, 150.00, 750, 150.00, 0x0000000000000004
2026/10/02 18:27:51.298, 0, 110.29, 72, 59, 150.00, 1050, 150.00, 0x0000000000000004
2026/10/02 18:27:51.499, 0, 114.81, 71, 28, 150.00, 1680, 150.00, 0x0000000000000004
2026/10/02 18:27:51.699, 0, 121.27, 72, 99, 150.00, 765, 150.00, 0x0000000000000004
2026/10/02 18:27:51.900, 0, 128.40, 72, 100, 150.00, 750, 150.00, 0x0000000000000004
2026/10/02 18:27:52.100, 0, 135.31, 72, 96, 150.00, 1635, 150.00, 0x0000000000000004
2026/10/02 18:27:52.301, 0, 136.76, 71, 46, 150.00, 795, 150.00, 0x0000000000000004
2026/10/02 18:27:52.501, 0, 134.63, 72, 100, 150.00, 750, 150.00, 0x0000000000000004
2026/10/02 18:27:52.702, 0, 149.86, 73, 100, 150.00, 750, 150.00, 0x0000000000000004
2026/10/02 18:27:52.903, 0, 150.65, 73, 100, 150.00, 1515, 150.00, 0x0000000000000004
2026/10/02 18:27:53.103, 0, 135.57, 71, 0, 150.00, 1680, 150.00, 0x0000000000000004
2026/10/02 18:27:53.304, 0, 118.40, 70, 0, 150.00, 1125, 150.00, 0x0000000000000004
2026/10/02 18:27:53.504, 0, 130.06, 72, 96, 150.00, 705, 150.00, 0x0000000000000004
2026/10/02 18:27:53.705, 0, 130.31, 72, 23, 150.00, 1185, 150.00, 0x0000000000000004
2026/10/02 18:27:53.905, 0, 132.64, 72, 100, 150.00, 750, 150.00, 0x0000000000000004
2026/10/02 18:27:54.106, 0, 140.74, 73, 100, 150.00, 750, 150.00, 0x0000000000000004
2026/10/02 18:27:54.306, 0, 148.37, 72, 80, 150.00, 1665, 150.00, 0x0000000000000004
2026/10/02 18:27:54.507, 0, 135.49, 71, 0, 150.00, 1680, 150.00, 0x0000000000000004
2026/10/02 18:27:54.707, 0, 127.82, 72, 67, 150.00, 765, 150.00, 0x0000000000000004
2026/10/02 18:27:54.908, 0, 125.65, 72, 100, 150.00, 1215, 150.00, 0x0000000000000004
2026/10/02 18:27:55.108, 0, 114.39, 72, 68, 150.00, 690, 150.00, 0x0000000000000004
2026/10/02 18:27:55.309, 0, 112.01, 72, 50, 150.00, 765, 150.00, 0x0000000000000004
2026/10/02 18:27:55.510, 0, 121.89, 72, 89, 150.00, 1650, 150.00, 0x0000000000000004
2026/10/02 18:27:55.710, 0, 128.85, 72, 67, 150.00, 750, 150.00, 0x0000000000000004
2026/10/02 18:27:55.911, 0, 130.07, 72, 100, 150.00, 1365, 150.00, 0x0000000000000004
2026/10/02 18:27:56.112, 0, 147.63, 73, 69, 150.00, 1320, 150.00, 0x0000000000000004
2026/10/02 18:27:56.313, 0, 153.11, 73, 72, 150.00, 660, 150.00, 0x0000000000000004
2026/10/02 18:27:56.514, 0, 156.64, 73, 100, 150.00, 750, 150.00, 0x0000000000000004
2026/10/02 18:27:56.714, 0, 158.62, 72, 100, 150.00, 600, 150.00, 0x0000000000000004
2026/10/02 18:27:56.915, 0, 159.45, 72, 59, 150.00, 930, 150.00, 0x0000000000000004
2026/10/02 18:27:57.116, 0, 163.85, 73, 51, 150.00, 750, 150.00, 0x0000000000000004
2026/10/02 18:27:57.316, 0, 157.84, 73, 100, 150.00, 750, 150.00, 0x0000000000000004
2026/10/02 18:27:57.517, 0, 158.57, 73, 100, 150.00, 750, 150.00, 0x0000000000000004
2026/10/02 18:27:57.718, 0, 151.96, 72, 100, 150.00, 1065, 150.00, 0x0000000000000004
2026/10/02 18:27:57.918, 0, 147.78, 72, 80, 150.00, 645, 150.00, 0x0000000000000004
2026/10/02 18:27:58.119, 0, 145.24, 73, 69, 150.00, 750, 150.00, 0x0000000000000004
2026/10/02 18:27:58.320, 0, 145.42, 73, 100, 150.00, 750, 150.00, 0x0000000000000004
2026/10/02 18:27:58.520, 0, 145.33, 73, 100, 150.00, 750, 150.00, 0x0000000000000004
2026/10/02 18:27:58.721, 0, 139.78, 73, 100, 150.00, 870, 150.00, 0x0000000000000004
2026/10/02 18:27:58.921, 0, 131.96, 71, 74, 150.00, 1680, 150.00, 0x0000000000000004
2026/10/02 18:27:59.122, 0, 140.35, 72, 0, 150.00, 1590, 150.00, 0x0000000000000004
2026/10/02 18:27:59.323, 0, 139.21, 73, 37, 150.00, 1425, 150.00, 0x0000000000000004
2026/10/02 18:27:59.523, 0, 138.56, 73, 57, 150.00, 1530, 150.00, 0x0000000000000004
2026/10/02 18:27:59.724, 0, 127.82, 72, 27, 150.00, 1635, 150.00, 0x0000000000000004
2026/10/02 18:27:59.924, 0, 134.07, 72, 0, 150.00, 750, 150.00, 0x0000000000000004
2026/10/02 18:28:00.125, 0, 140.88, 71, 97, 150.00, 1320, 150.00, 0x0000000000000004
2026/10/02 18:28:00.325, 0, 140.52, 72, 35, 150.00, 750, 150.00, 0x0000000000000004
2026/10/02 18:28:00.526, 0, 135.09, 73, 100, 150.00, 750, 150.00, 0x0000000000000004
2026/10/02 18:28:00.727, 0, 143.21, 73, 100, 150.00, 750, 150.00, 0x0000000000000004
2026/10/02 18:28:00.927, 0, 153.37, 73, 100, 150.00, 510, 150.00, 0x0000000000000004
2026/10/02 18:28:01.128, 0, 150.36, 73, 100, 150.00, 705, 150.00, 0x0000000000000004
2026/10/02 18:28:01.328, 0, 150.62, 73, 100, 150.00, 750, 150.00, 0x0000000000000004
2026/10/02 18:28:01.529, 0, 150.68, 73, 100, 150.00, 750, 150.00, 0x0000000000000004
2026/10/02 18:28:01.730, 0, 150.77, 73, 100, 150.00, 750, 150.00, 0x0000000000000004
2026/10/02 18:28:01.930, 0, 148.90, 73, 100, 150.00, 630, 150.00, 0x0000000000000004
2026/10/02 18:28:02.131, 0, 149.98, 73, 100, 150.00, 720, 150.00, 0x0000000000000004
2026/10/02 18:28:02.332, 0, 150.11, 73, 100, 150.00, 735, 150.00, 0x0000000000000004
2026/10/02 18:28:02.532, 0, 150.22, 73, 100, 150.00, 750, 150.00, 0x0000000000000004
2026/10/02 18:28:02.733, 0, 149.97, 73, 100, 150.00, 720, 150.00, 0x0000000000000004
2026/10/02 18:28:02.933, 0, 149.15, 73, 100, 150.00, 675, 150.00, 0x0000000000000004
2026/10/02 18:28:03.134, 0, 150.00, 73, 100, 150.00, 705, 150.00, 0x0000000000000004
2026/10/02 18:28:03.335, 0, 150.38, 73, 100, 150.00, 735, 150.00, 0x0000000000000004
2026/10/02 18:28:03.535, 0, 150.25, 73, 100, 150.00, 735, 150.00, 0x0000000000000004
2026/10/02 18:28:03.736, 0, 149.69, 73, 100, 150.00, 705, 150.00, 0x0000000000000004
2026/10/02 18:28:03.937, 0, 149.48, 73, 100, 150.00, 690, 150.00, 0x0000000000000004
2026/10/02 18:28:04.137, 0, 149.78, 73, 100, 150.00, 705, 150.00, 0x0000000000000004
2026/10/02 18:28:04.338, 0, 150.04, 73, 100, 150.00, 735, 150.00, 0x0000000000000004
2026/10/02 18:28:04.539, 0, 150.12, 74, 100, 150.00, 735, 150.00, 0x0000000000000004
2026/10/02 18:28:04.739, 0, 149.57, 73, 100, 150.00, 660, 150.00, 0x0000000000000004
2026/10/02 18:28:04.940, 0, 144.09, 74, 77, 150.00, 705, 150.00, 0x0000000000000004
2026/10/02 18:28:05.141, 0, 137.46, 74, 81, 150.00, 915, 150.00, 0x0000000000000004
2026/10/02 18:28:05.341, 0, 136.12, 72, 74, 150.00, 1065, 150.00, 0x0000000000000004
2026/10/02 18:28:05.542, 0, 128.75, 73, 43, 150.00, 1590, 150.00, 0x0000000000000004
2026/10/02 18:28:05.742, 0, 133.39, 73, 14, 150.00, 735, 150.00, 0x0000000000000004
2026/10/02 18:28:05.943, 0, 130.01, 72, 100, 150.00, 900, 150.00, 0x0000000000000004
2026/10/02 18:28:06.143, 0, 142.45, 73, 45, 150.00, 1185, 150.00, 0x0000000000000004
2026/10/02 18:28:06.344, 0, 141.66, 72, 51, 150.00, 1680, 150.00, 0x0000000000000004
2026/10/02 18:28:06.544, 0, 122.39, 71, 0, 150.00, 1680, 150.00, 0x0000000000000004
2026/10/02 18:28:06.745, 0, 117.20, 71, 0, 150.00, 585, 150.00, 0x0000000000000004
2026/10/02 18:28:06.945, 0, 125.80, 73, 76, 150.00, 750, 150.00, 0x0000000000000004
2026/10/02 18:28:07.146, 0, 126.09, 73, 100, 150.00, 1245, 150.00, 0x0000000000000004
2026/10/02 18:28:07.347, 0, 121.10, 73, 68, 150.00, 1530, 150.00, 0x0000000000000004
2026/10/02 18:28:07.547, 0, 134.92, 73, 26, 150.00, 750, 150.00, 0x0000000000000004
2026/10/02 18:28:07.748, 0, 149.05, 73, 100, 150.00, 750, 150.00, 0x0000000000000004
2026/10/02 18:28:07.948, 0, 150.22, 73, 100, 150.00, 750, 150.00, 0x0000000000000004
2026/10/02 18:28:08.149, 0, 150.27, 73, 100, 150.00, 750, 150.00, 0x0000000000000004
2026/10/02 18:28:08.350, 0, 141.80, 73, 100, 150.00, 690, 150.00, 0x0000000000000004
2026/10/02 18:28:08.550, 0, 149.71, 73, 100, 150.00, 735, 150.00, 0x0000000000000004
2026/10/02 18:28:08.751, 0, 149.62, 74, 100, 150.00, 750, 150.00, 0x0000000000000004
2026/10/02 18:28:08.952, 0, 149.70, 74, 100, 150.00, 750, 150.00, 0x0000000000000004
2026/10/02 18:28:09.152, 0, 148.27, 74, 100, 150.00, 600, 150.00, 0x0000000000000004
2026/10/02 18:28:09.353, 0, 150.12, 73, 100, 150.00, 690, 150.00, 0x0000000000000004
2026/10/02 18:28:09.553, 0, 150.46, 73, 100, 150.00, 735, 150.00, 0x0000000000000004
2026/10/02 18:28:09.754, 0, 150.45, 74, 100, 150.00, 750, 150.00, 0x0000000000000004
2026/10/02 18:28:09.955, 0, 150.40, 74, 100, 150.00, 750, 150.00, 0x0000000000000004
2026/10/02 18:28:10.155, 0, 149.11, 74, 100, 150.00, 675, 150.00, 0x0000000000000004
2026/10/02 18:28:10.356, 0, 149.88, 74, 100, 150.00, 690, 150.00, 0x0000000000000004
2026/10/02 18:28:10.556, 0, 150.15, 74, 100, 150.00, 720, 150.00, 0x0000000000000004
2026/10/02 18:28:10.757, 0, 150.24, 74, 100, 150.00, 750, 150.00, 0x0000000000000004
2026/10/02 18:28:10.958, 0, 149.88, 74, 100, 150.00, 720, 150.00, 0x0000000000000004
2026/10/02 18:28:11.158, 0, 149.24, 74, 100, 150.00, 675, 150.00, 0x0000000000000004
2026/10/02 18:28:11.359, 0, 149.46, 74, 100, 150.00, 690, 150.00, 0x0000000000000004
2026/10/02 18:28:11.559, 0, 149.84, 74, 100, 150.00, 720, 150.00, 0x0000000000000004
2026/10/02 18:28:11.760, 0, 149.98, 74, 100, 150.00, 735, 150.00, 0x0000000000000004
2026/10/02 18:28:11.961, 0, 149.66, 74, 100, 150.00, 705, 150.00, 0x0000000000000004
2026/10/02 18:28:12.161, 0, 149.32, 74, 100, 150.00, 690, 150.00, 0x0000000000000004
2026/10/02 18:28:12.362, 0, 149.65, 74, 100, 150.00, 705, 150.00, 0x0000000000000004
2026/10/02 18:28:12.562, 0, 150.14, 74, 100, 150.00, 720, 150.00, 0x0000000000000004
2026/10/02 18:28:12.763, 0, 150.28, 74, 100, 150.00, 735, 150.00, 0x0000000000000004
2026/10/02 18:28:12.964, 0, 149.84, 74, 100, 150.00, 705, 150.00, 0x0000000000000004
2026/10/02 18:28:13.164, 0, 149.59, 74, 100, 150.00, 690, 150.00, 0x0000000000000004
2026/10/02 18:28:13.365, 0, 149.71, 74, 100, 150.00, 705, 150.00, 0x0000000000000004
2026/10/02 18:28:13.566, 0, 149.80, 74, 100, 150.00, 720, 150.00, 0x0000000000000004
2026/10/02 18:28:13.766, 0, 149.98, 74, 100, 150.00, 735, 150.00, 0x0000000000000004
2026/10/02 18:28:13.967, 0, 149.73, 74, 100, 150.00, 705, 150.00, 0x0000000000000004
2026/10/02 18:28:14.167, 0, 149.62, 74, 100, 150.00, 690, 150.00, 0x0000000000000004
2026/10/02 18:28:14.368, 0, 149.99, 74, 100, 150.00, 705, 150.00, 0x0000000000000004
2026/10/02 18:28:14.569, 0, 150.17, 74, 100, 150.00, 705, 150.00, 0x0000000000000004
2026/10/02 18:28:14.769, 0, 150.09, 74, 100, 150.00, 720, 150.00, 0x0000000000000004
2026/10/02 18:28:14.970, 0, 149.79, 74, 100, 150.00, 705, 150.00, 0x0000000000000004
2026/10/02 18:28:15.170, 0, 149.90, 74, 100, 150.00, 705, 150.00, 0x0000000000000004
2026/10/02 18:28:15.371, 0, 149.98, 74, 100, 150.00, 690, 150.00, 0x0000000000000004
2026/10/02 18:28:15.572, 0, 149.89, 74, 100, 150.00, 705, 150.00, 0x0000000000000004
2026/10/02 18:28:15.772, 0, 150.06, 74, 100, 150.00, 720, 150.00, 0x0000000000000004
2026/10/02 18:28:15.973, 0, 150.01, 74, 100, 150.00, 705, 150.00, 0x0000000000000004
2026/10/02 18:28:16.173, 0, 149.93, 74, 100, 150.00, 705, 150.00, 0x0000000000000004
2026/10/02 18:28:16.374, 0, 149.74, 74, 100, 150.00, 705, 150.00, 0x0000000000000004
2026/10/02 18:28:16.575, 0, 149.96, 74, 100, 150.00, 720, 150.00, 0x0000000000000004
2026/10/02 18:28:16.775, 0, 150.04, 74, 100, 150.00, 720, 150.00, 0x0000000000000004
2026/10/02 18:28:16.976, 0, 152.27, 74, 87, 150.00, 1230, 150.00, 0x0000000000000004
2026/10/02 18:28:17.176, 0, 153.02, 74, 100, 150.00, 750, 150.00, 0x0000000000000004
2026/10/02 18:28:17.377, 0, 146.32, 74, 80, 150.00, 1605, 150.00, 0x0000000000000004
2026/10/02 18:28:17.577, 0, 151.41, 74, 45, 150.00, 765, 150.00, 0x0000000000000004
2026/10/02 18:28:17.778, 0, 151.75, 74, 100, 150.00, 735, 150.00, 0x0000000000000004
2026/10/02 18:28:17.979, 0, 156.55, 74, 100, 150.00, 735, 150.00, 0x0000000000000004
2026/10/02 18:28:18.179, 0, 150.16, 74, 100, 150.00, 735, 150.00, 0x0000000000000004
2026/10/02 18:28:18.380, 0, 147.76, 74, 100, 150.00, 735, 150.00, 0x0000000000000004
2026/10/02 18:28:18.580, 0, 150.38, 74, 100, 150.00, 720, 150.00, 0x0000000000000004
2026/10/02 18:28:18.781, 0, 150.11, 75, 100, 150.00, 720, 150.00, 0x0000000000000004
2026/10/02 18:28:18.982, 0, 150.09, 75, 100, 150.00, 735, 150.00, 0x0000000000000004
2026/10/02 18:28:19.182, 0, 149.42, 75, 100, 150.00, 645, 150.00, 0x0000000000000004
2026/10/02 18:28:19.383, 0, 149.96, 74, 100, 150.00, 675, 150.00, 0x0000000000000004
2026/10/02 18:28:19.584, 0, 149.97, 74, 100, 150.00, 720, 150.00, 0x0000000000000004
2026/10/02 18:28:19.784, 0, 150.07, 75, 100, 150.00, 735, 150.00, 0x0000000000000004
2026/10/02 18:28:19.985, 0, 142.12, 75, 100, 150.00, 1140, 150.00, 0x0000000000000004
2026/10/02 18:28:20.185, 0, 141.65, 75, 95, 150.00, 735, 150.00, 0x0000000000000004
2026/10/02 18:28:20.386, 0, 142.59, 75, 100, 150.00, 705, 150.00, 0x0000000000000004
2026/10/02 18:28:20.587, 0, 143.07, 75, 100, 150.00, 720, 150.00, 0x0000000000000004
2026/10/02 18:28:20.787, 0, 140.95, 75, 100, 150.00, 915, 150.00, 0x0000000000000004
2026/10/02 18:28:20.988, 0, 146.15, 75, 36, 150.00, 750, 150.00, 0x0000000000000004
2026/10/02 18:28:21.188, 0, 146.04, 73, 23, 150.00, 690, 150.00, 0x0000000000000004
2026/10/02 18:28:21.389, 0, 146.57, 75, 100, 150.00, 735, 150.00, 0x0000000000000004
2026/10/02 18:28:21.590, 0, 149.95, 75, 66, 150.00, 750, 150.00, 0x0000000000000004
2026/10/02 18:28:21.790, 0, 150.24, 75, 100, 150.00, 735, 150.00, 0x0000000000000004
2026/10/02 18:28:21.991, 0, 144.93, 75, 100, 150.00, 615, 150.00, 0x0000000000000004
2026/10/02 18:28:22.191, 0, 152.42, 75, 100, 150.00, 735, 150.00, 0x0000000000000004
2026/10/02 18:28:22.392, 0, 152.23, 75, 100, 150.00, 750, 150.00, 0x0000000000000004
2026/10/02 18:28:22.593, 0, 149.08, 75, 100, 150.00, 735, 150.00, 0x0000000000000004
2026/10/02 18:28:22.793, 0, 149.24, 75, 100, 150.00, 735, 150.00, 0x0000000000000004
2026/10/02 18:28:22.994, 0, 147.89, 75, 100, 150.00, 690, 150.00, 0x0000000000000004
2026/10/02 18:28:23.194, 0, 150.24, 75, 100, 150.00, 705, 150.00, 0x0000000000000004
2026/10/02 18:28:23.395, 0, 149.22, 75, 100, 150.00, 705, 150.00, 0x0000000000000004
2026/10/02 18:28:23.596, 0, 150.14, 75, 100, 150.00, 720, 150.00, 0x0000000000000004
2026/10/02 18:28:23.796, 0, 149.85, 75, 100, 150.00, 690, 150.00, 0x0000000000000004
2026/10/02 18:28:23.997, 0, 144.29, 75, 100, 150.00, 1620, 150.00, 0x0000000000000004
2026/10/02 18:28:24.197, 0, 129.76, 74, 64, 150.00, 1680, 150.00, 0x0000000000000004
2026/10/02 18:28:24.398, 0, 128.68, 74, 37, 150.00, 1590, 150.00, 0x0000000000000004
2026/10/02 18:28:24.599, 0, 135.40, 74, 36, 150.00, 750, 150.00, 0x0000000000000004
2026/10/02 18:28:24.799, 0, 128.95, 74, 78, 150.00, 1620, 150.00, 0x0000000000000004
2026/10/02 18:28:25.000, 0, 115.87, 73, 0, 150.00, 1680, 150.00, 0x0000000000000004
2026/10/02 18:28:25.200, 0, 116.18, 72, 0, 150.00, 1695, 150.00, 0x0000000000000000
2026/10/02 18:28:25.401, 0, 103.25, 72, 0, 150.00, 1695, 150.00, 0x0000000000000000
2026/10/02 18:28:25.601, 0, 101.75, 72, 0, 150.00, 600, 150.00, 0x0000000000000004
2026/10/02 18:28:25.802, 0, 86.40, 72, 16, 150.00, 1680, 150.00, 0x0000000000000004
2026/10/02 18:28:26.002, 0, 102.44, 73, 13, 150.00, 750, 150.00, 0x0000000000000004
2026/10/02 18:28:26.203, 0, 101.01, 72, 43, 150.00, 1680, 150.00, 0x0000000000000004
2026/10/02 18:28:26.403, 0, 117.96, 73, 50, 150.00, 735, 150.00, 0x0000000000000004
2026/10/02 18:28:26.604, 0, 117.27, 72, 8, 150.00, 1680, 150.00, 0x0000000000000004
2026/10/02 18:28:26.804, 0, 119.59, 73, 35, 150.00, 1590, 150.00, 0x0000000000000004
2026/10/02 18:28:27.005, 0, 109.78, 72, 66, 150.00, 1680, 150.00, 0x0000000000000004
2026/10/02 18:28:27.205, 0, 104.66, 72, 0, 150.00, 1680, 150.00, 0x0000000000000004
2026/10/02 18:28:27.406, 0, 94.58, 71, 0, 150.00, 1695, 150.00, 0x0000000000000000
2026/10/02 18:28:27.606, 0, 88.20, 71, 0, 150.00, 1695, 150.00, 0x0000000000000000
2026/10/02 18:28:27.807, 0, 74.81, 71, 0, 150.00, 1695, 150.00, 0x0000000000000000
2026/10/02 18:28:28.007, 0, 74.81, 71, 0, 150.00, 1695, 150.00, 0x0000000000000000
2026/10/02 18:28:28.208, 0, 100.32, 71, 0, 150.00, 1035, 150.00, 0x0000000000000004
2026/10/02 18:28:28.408, 0, 102.06, 72, 71, 150.00, 1665, 150.00, 0x0000000000000004
2026/10/02 18:28:28.609, 0, 110.14, 72, 67, 150.00, 630, 150.00, 0x0000000000000004
2026/10/02 18:28:28.809, 0, 109.42, 71, 8, 150.00, 1680, 150.00, 0x0000000000000004
2026/10/02 18:28:29.010, 0, 114.54, 73, 54, 150.00, 1635, 150.00, 0x0000000000000004
2026/10/02 18:28:29.210, 0, 95.42, 71, 0, 150.00, 1680, 150.00, 0x0000000000000004
2026/10/02 18:28:29.411, 0, 92.52, 71, 0, 150.00, 1140, 150.00, 0x0000000000000004
2026/10/02 18:28:29.611, 0, 92.14, 71, 0, 150.00, 1680, 150.00, 0x0000000000000004
2026/10/02 18:28:29.812, 0, 90.41, 72, 68, 150.00, 1215, 150.00, 0x0000000000000004
2026/10/02 18:28:30.012, 0, 80.79, 71, 0, 150.00, 1680, 150.00, 0x0000000000000004
2026/10/02 18:28:30.213, 0, 81.60, 71, 0, 150.00, 1170, 150.00, 0x0000000000000004
2026/10/02 18:28:30.413, 0, 81.31, 71, 0, 150.00, 1680, 150.00, 0x0000000000000004
2026/10/02 18:28:30.614, 0, 94.76, 70, 0, 150.00, 810, 150.00, 0x0000000000000004
2026/10/02 18:28:30.814, 0, 103.61, 72, 100, 150.00, 750, 150.00, 0x0000000000000004
2026/10/02 18:28:31.015, 0, 113.24, 73, 56, 150.00, 1620, 150.00, 0x0000000000000004
2026/10/02 18:28:31.215, 0, 113.20, 71, 0, 150.00, 1680, 150.00, 0x0000000000000004
2026/10/02 18:28:31.416, 0, 125.95, 72, 30, 150.00, 1590, 150.00, 0x0000000000000004
2026/10/02 18:28:31.617, 0, 148.20, 72, 56, 150.00, 855, 150.00, 0x0000000000000004
2026/10/02 18:28:31.817, 0, 133.44, 72, 100, 150.00, 1680, 150.00, 0x0000000000000004
2026/10/02 18:28:32.018, 0, 129.03, 72, 29, 150.00, 1590, 150.00, 0x0000000000000004
2026/10/02 18:28:32.219, 0, 128.54, 70, 62, 150.00, 1275, 150.00, 0x0000000000000004
2026/10/02 18:28:32.419, 0, 115.73, 70, 0, 150.00, 1680, 150.00, 0x0000000000000004
2026/10/02 18:28:32.620, 0, 102.19, 71, 52, 150.00, 1485, 150.00, 0x0000000000000004
2026/10/02 18:28:32.820, 0, 116.09, 72, 38, 150.00, 1125, 150.00, 0x0000000000000004
2026/10/02 18:28:33.021, 0, 116.60, 72, 100, 150.00, 750, 150.00, 0x0000000000000004
2026/10/02 18:28:33.222, 0, 119.57, 72, 0, 150.00, 1650, 150.00, 0x0000000000000004
2026/10/02 18:28:33.422, 0, 120.14, 71, 0, 150.00, 1680, 150.00, 0x0000000000000004
2026/10/02 18:28:33.623, 0, 123.74, 70, 37, 150.00, 600, 150.00, 0x0000000000000004
2026/10/02 18:28:33.823, 0, 116.29, 70, 0, 150.00, 1680, 150.00, 0x0000000000000004
2026/10/02 18:28:34.024, 0, 105.39, 70, 58, 150.00, 615, 150.00, 0x0000000000000004
2026/10/02 18:28:34.224, 0, 95.47, 70, 0, 150.00, 1680, 150.00, 0x0000000000000004
2026/10/02 18:28:34.425, 0, 95.66, 70, 0, 150.00, 1680, 150.00, 0x0000000000000004
2026/10/02 18:28:34.626, 0, 109.48, 70, 28, 150.00, 915, 150.00, 0x0000000000000004
2026/10/02 18:28:34.827, 0, 102.67, 71, 24, 150.00, 1545, 150.00, 0x0000000000000004
2026/10/02 18:28:35.027, 0, 102.69, 70, 0, 150.00, 1680, 150.00, 0x0000000000000004
2026/10/02 18:28:35.228, 0, 108.14, 71, 36, 150.00, 1575, 150.00, 0x0000000000000004
2026/10/02 18:28:35.428, 0, 107.17, 71, 66, 150.00, 1305, 150.00, 0x0000000000000004
2026/10/02 18:28:35.629, 0, 116.25, 70, 14, 150.00, 1320, 150.00, 0x0000000000000004
2026/10/02 18:28:35.830, 0, 100.86, 71, 38, 150.00, 1455, 150.00, 0x0000000000000004
2026/10/02 18:28:36.030, 0, 101.65, 70, 0, 150.00, 1680, 150.00, 0x0000000000000004
2026/10/02 18:28:36.230, 0, 106.09, 71, 100, 150.00, 780, 150.00, 0x0000000000000004
2026/10/02 18:28:36.431, 0, 122.27, 71, 100, 150.00, 750, 150.00, 0x0000000000000004
2026/10/02 18:28:36.632, 0, 122.07, 70, 0, 150.00, 1680, 150.00, 0x0000000000000004
2026/10/02 18:28:36.832, 0, 106.31, 70, 0, 150.00, 1680, 150.00, 0x0000000000000004
2026/10/02 18:28:37.033, 0, 107.48, 69, 0, 150.00, 1695, 150.00, 0x0000000000000000
2026/10/02 18:28:37.233, 0, 95.86, 71, 57, 150.00, 1425, 150.00, 0x0000000000000004
2026/10/02 18:28:37.433, 0, 97.43, 70, 100, 150.00, 735, 150.00, 0x0000000000000004
2026/10/02 18:28:37.634, 0, 90.74, 70, 0, 150.00, 1680, 150.00, 0x0000000000000004
2026/10/02 18:28:37.835, 0, 97.55, 70, 6, 150.00, 1650, 150.00, 0x0000000000000004
2026/10/02 18:28:38.035, 0, 97.52, 69, 0, 150.00, 1680, 150.00, 0x0000000000000004
2026/10/02 18:28:38.235, 0, 96.09, 69, 0, 150.00, 1695, 150.00, 0x0000000000000000
2026/10/02 18:28:38.436, 0, 99.12, 69, 18, 150.00, 1125, 150.00, 0x0000000000000000
2026/10/02 18:28:38.637, 0, 104.84, 69, 39, 150.00, 1155, 150.00, 0x0000000000000004
2026/10/02 18:28:38.837, 0, 103.85, 71, 14, 150.00, 1590, 150.00, 0x0000000000000004
2026/10/02 18:28:39.038, 0, 104.39, 69, 0, 150.00, 1680, 150.00, 0x0000000000000004
2026/10/02 18:28:39.238, 0, 104.36, 69, 0, 150.00, 1695, 150.00, 0x0000000000000000
2026/10/02 18:28:39.439, 0, 104.36, 69, 0, 150.00, 1695, 150.00, 0x0000000000000000
2026/10/02 18:28:39.639, 0, 93.76, 69, 0, 150.00, 1695, 150.00, 0x0000000000000000
2026/10/02 18:28:39.840, 0, 81.06, 69, 0, 150.00, 1695, 150.00, 0x0000000000000000
2026/10/02 18:28:40.040, 0, 86.82, 70, 72, 150.00, 990, 150.00, 0x0000000000000004
2026/10/02 18:28:40.241, 0, 97.61, 71, 24, 150.00, 1605, 150.00, 0x0000000000000004
2026/10/02 18:28:40.441, 0, 97.57, 69, 0, 150.00, 1680, 150.00, 0x0000000000000004
2026/10/02 18:28:40.642, 0, 97.53, 69, 0, 150.00, 1695, 150.00, 0x0000000000000000
2026/10/02 18:28:40.842, 0, 97.41, 68, 0, 150.00, 1695, 150.00, 0x0000000000000000
2026/10/02 18:28:41.043, 0, 84.68, 68, 0, 150.00, 1695, 150.00, 0x0000000000000000
2026/10/02 18:28:41.243, 0, 85.14, 68, 0, 150.00, 1695, 150.00, 0x0000000000000000
2026/10/02 18:28:41.444, 0, 94.43, 69, 87, 150.00, 1035, 150.00, 0x0000000000000004
2026/10/02 18:28:41.644, 0, 93.10, 69, 0, 150.00, 1680, 150.00, 0x0000000000000004
2026/10/02 18:28:41.845, 0, 106.43, 70, 36, 150.00, 1560, 150.00, 0x0000000000000004
2026/10/02 18:28:42.045, 0, 106.31, 69, 0, 150.00, 1680, 150.00, 0x0000000000000004
2026/10/02 18:28:42.246, 0, 118.47, 68, 40, 150.00, 585, 150.00, 0x0000000000000004
2026/10/02 18:28:42.446, 0, 104.22, 69, 0, 150.00, 1680, 150.00, 0x0000000000000004
2026/10/02 18:28:42.647, 0, 98.45, 68, 0, 150.00, 1680, 150.00, 0x0000000000000004
2026/10/02 18:28:42.847, 0, 96.62, 69, 17, 150.00, 1650, 150.00, 0x0000000000000004
2026/10/02 18:28:43.048, 0, 112.08, 70, 100, 150.00, 765, 150.00, 0x0000000000000004
2026/10/02 18:28:43.249, 0, 118.89, 70, 3, 150.00, 1620, 150.00, 0x0000000000000004
2026/10/02 18:28:43.449, 0, 119.11, 69, 17, 150.00, 1200, 150.00, 0x0000000000000004
2026/10/02 18:28:43.650, 0, 123.10, 69, 66, 150.00, 645, 150.00, 0x0000000000000004
2026/10/02 18:28:43.850, 0, 121.01, 69, 0, 150.00, 1680, 150.00, 0x0000000000000004
2026/10/02 18:28:44.051, 0, 110.82, 68, 61, 150.00, 630, 150.00, 0x0000000000000004
2026/10/02 18:28:44.251, 0, 95.30, 70, 57, 150.00, 1425, 150.00, 0x0000000000000004
2026/10/02 18:28:44.452, 0, 95.52, 68, 0, 150.00, 1680, 150.00, 0x0000000000000004
2026/10/02 18:28:44.652, 0, 85.36, 68, 61, 150.00, 1230, 150.00, 0x0000000000000004
2026/10/02 18:28:44.853, 0, 80.19, 68, 0, 150.00, 1680, 150.00, 0x0000000000000004
2026/10/02 18:28:45.053, 0, 82.32, 69, 0, 150.00, 1665, 150.00, 0x0000000000000004
2026/10/02 18:28:45.254, 0, 82.24, 68, 60, 150.00, 615, 150.00, 0x0000000000000004
2026/10/02 18:28:45.454, 0, 83.03, 68, 0, 150.00, 1680, 150.00, 0x0000000000000004
2026/10/02 18:28:45.655, 0, 82.96, 68, 0, 150.00, 1680, 150.00, 0x0000000000000004
2026/10/02 18:28:45.855, 0, 83.16, 68, 0, 150.00, 1695, 150.00, 0x0000000000000000
2026/10/02 18:28:46.056, 0, 80.57, 68, 0, 150.00, 1695, 150.00, 0x0000000000000000
2026/10/02 18:28:46.256, 0, 80.93, 68, 0, 150.00, 1695, 150.00, 0x0000000000000000
2026/10/02 18:28:46.457, 0, 72.50, 68, 0, 150.00, 1665, 150.00, 0x0000000000000004
2026/10/02 18:28:46.657, 0, 72.48, 68, 0, 150.00, 1680, 150.00, 0x0000000000000004
2026/10/02 18:28:46.858, 0, 82.58, 69, 15, 150.00, 1575, 150.00, 0x0000000000000004
2026/10/02 18:28:47.058, 0, 82.54, 68, 0, 150.00, 1680, 150.00, 0x0000000000000004
2026/10/02 18:28:47.259, 0, 82.15, 68, 0, 150.00, 1665, 150.00, 0x0000000000000004
2026/10/02 18:28:47.459, 0, 82.98, 68, 0, 150.00, 1680, 150.00, 0x0000000000000004
2026/10/02 18:28:47.660, 0, 96.05, 68, 62, 150.00, 645, 150.00, 0x0000000000000004
2026/10/02 18:28:47.860, 0, 99.70, 70, 100, 150.00, 765, 150.00, 0x0000000000000004
2026/10/02 18:28:48.061, 0, 110.82, 69, 19, 150.00, 1170, 150.00, 0x0000000000000004
2026/10/02 18:28:48.261, 0, 127.70, 70, 100, 150.00, 765, 150.00, 0x0000000000000004
2026/10/02 18:28:48.462, 0, 142.52, 70, 100, 150.00, 765, 150.00, 0x0000000000000004
2026/10/02 18:28:48.663, 0, 152.09, 70, 100, 150.00, 765, 150.00, 0x0000000000000004
2026/10/02 18:28:48.863, 0, 151.22, 71, 100, 150.00, 570, 150.00, 0x0000000000000004
2026/10/02 18:28:49.064, 0, 158.61, 70, 100, 150.00, 735, 150.00, 0x0000000000000004
2026/10/02 18:28:49.264, 0, 137.05, 69, 0, 150.00, 1680, 150.00, 0x0000000000000004
2026/10/02 18:28:49.465, 0, 131.45, 70, 85, 150.00, 1110, 150.00, 0x0000000000000004
2026/10/02 18:28:49.666, 0, 116.88, 69, 66, 150.00, 1170, 150.00, 0x0000000000000004
2026/10/02 18:28:49.866, 0, 122.43, 70, 100, 150.00, 780, 150.00, 0x0000000000000004
2026/10/02 18:28:50.067, 0, 115.66, 70, 0, 150.00, 1635, 150.00, 0x0000000000000004
2026/10/02 18:28:50.267, 0, 109.67, 68, 0, 150.00, 1680, 150.00, 0x0000000000000004
2026/10/02 18:28:50.468, 0, 102.71, 68, 0, 150.00, 1695, 150.00, 0x0000000000000000
2026/10/02 18:28:50.668, 0, 101.07, 68, 0, 150.00, 1695, 150.00, 0x0000000000000000
2026/10/02 18:28:50.869, 0, 87.97, 68, 0, 150.00, 1695, 150.00, 0x0000000000000000
2026/10/02 18:28:51.069, 0, 86.91, 69, 100, 150.00, 765, 150.00, 0x0000000000000004
2026/10/02 18:28:51.270, 0, 101.80, 70, 100, 150.00, 765, 150.00, 0x0000000000000004
2026/10/02 18:28:51.470, 0, 111.62, 69, 50, 150.00, 585, 150.00, 0x0000000000000004
2026/10/02 18:28:51.671, 0, 123.35, 70, 33, 150.00, 1575, 150.00, 0x0000000000000004
2026/10/02 18:28:51.871, 0, 127.12, 69, 0, 150.00, 1665, 150.00, 0x0000000000000004
2026/10/02 18:28:52.072, 0, 131.76, 70, 27, 150.00, 1605, 150.00, 0x0000000000000004
2026/10/02 18:28:52.272, 0, 117.19, 68, 0, 150.00, 1680, 150.00, 0x0000000000000004
2026/10/02 18:28:52.473, 0, 120.76, 68, 15, 150.00, 1275, 150.00, 0x0000000000000000
2026/10/02 18:28:52.673, 0, 95.95, 68, 0, 150.00, 1680, 150.00, 0x0000000000000004
2026/10/02 18:28:52.874, 0, 92.75, 68, 0, 150.00, 1680, 150.00, 0x0000000000000004
2026/10/02 18:28:53.074, 0, 81.36, 68, 0, 150.00, 1695, 150.00, 0x0000000000000000
2026/10/02 18:28:53.275, 0, 103.28, 69, 100, 150.00, 780, 150.00, 0x0000000000000004
2026/10/02 18:28:53.475, 0, 118.53, 69, 76, 150.00, 690, 150.00, 0x0000000000000004
2026/10/02 18:28:53.676, 0, 122.50, 70, 16, 150.00, 1620, 150.00, 0x0000000000000004
2026/10/02 18:28:53.876, 0, 120.85, 69, 66, 150.00, 915, 150.00, 0x0000000000000004
2026/10/02 18:28:54.077, 0, 120.59, 69, 0, 150.00, 1680, 150.00, 0x0000000000000004
2026/10/02 18:28:54.278, 0, 118.57, 69, 42, 150.00, 1530, 150.00, 0x0000000000000004
2026/10/02 18:28:54.478, 0, 118.70, 70, 100, 150.00, 780, 150.00, 0x0000000000000004
2026/10/02 18:28:54.679, 0, 101.64, 69, 0, 150.00, 1680, 150.00, 0x0000000000000004
2026/10/02 18:28:54.879, 0, 103.18, 70, 64, 150.00, 1410, 150.00, 0x0000000000000004
2026/10/02 18:28:55.080, 0, 105.99, 68, 6, 150.00, 1680, 150.00, 0x0000000000000004
2026/10/02 18:28:55.280, 0, 91.39, 68, 0, 150.00, 1680, 150.00, 0x0000000000000004
2026/10/02 18:28:55.481, 0, 85.63, 68, 0, 150.00, 1680, 150.00, 0x0000000000000004
2026/10/02 18:28:55.681, 0, 79.39, 68, 0, 150.00, 1695, 150.00, 0x0000000000000000
2026/10/02 18:28:55.882, 0, 81.24, 68, 48, 150.00, 1500, 150.00, 0x0000000000000004
2026/10/02 18:28:56.082, 0, 82.29, 68, 0, 150.00, 1680, 150.00, 0x0000000000000004
2026/10/02 18:28:56.283, 0, 81.21, 67, 0, 150.00, 1695, 150.00, 0x0000000000000000
2026/10/02 18:28:56.483, 0, 87.01, 67, 63, 150.00, 825, 150.00, 0x0000000000000004
2026/10/02 18:28:56.684, 0, 88.15, 68, 0, 150.00, 1650, 150.00, 0x0000000000000004
2026/10/02 18:28:56.884, 0, 92.07, 69, 33, 150.00, 1485, 150.00, 0x0000000000000004
2026/10/02 18:28:57.085, 0, 96.78, 69, 0, 150.00, 1635, 150.00, 0x0000000000000004
2026/10/02 18:28:57.285, 0, 96.77, 67, 0, 150.00, 1680, 150.00, 0x0000000000000004
2026/10/02 18:28:57.486, 0, 108.15, 67, 17, 150.00, 1695, 150.00, 0x0000000000000000
2026/10/02 18:28:57.686, 0, 99.54, 68, 0, 150.00, 1680, 150.00, 0x0000000000000004
2026/10/02 18:28:57.887, 0, 94.37, 69, 18, 150.00, 1575, 150.00, 0x0000000000000004
2026/10/02 18:28:58.088, 0, 97.13, 69, 47, 150.00, 1365, 150.00, 0x0000000000000004
2026/10/02 18:28:58.288, 0, 102.79, 68, 66, 150.00, 810, 150.00, 0x0000000000000004
2026/10/02 18:28:58.489, 0, 102.37, 68, 0, 150.00, 1680, 150.00, 0x0000000000000004
2026/10/02 18:28:58.689, 0, 91.39, 68, 64, 150.00, 1335, 150.00, 0x0000000000000004
2026/10/02 18:28:58.890, 0, 102.58, 69, 76, 150.00, 750, 150.00, 0x0000000000000004
2026/10/02 18:28:59.090, 0, 106.86, 69, 33, 150.00, 1485, 150.00, 0x0000000000000004
2026/10/02 18:28:59.291, 0, 118.75, 69, 18, 150.00, 1620, 150.00, 0x0000000000000004
2026/10/02 18:28:59.491, 0, 113.76, 68, 0, 150.00, 1680, 150.00, 0x0000000000000004
2026/10/02 18:28:59.692, 0, 125.07, 69, 25, 150.00, 1605, 150.00, 0x0000000000000004
2026/10/02 18:28:59.893, 0, 131.99, 69, 97, 150.00, 780, 150.00, 0x0000000000000004
2026/10/02 18:29:00.093, 0, 111.43, 68, 0, 150.00, 1680, 150.00, 0x0000000000000004
2026/10/02 18:29:00.294, 0, 100.25, 68, 0, 150.00, 1680, 150.00, 0x0000000000000004
2026/10/02 18:29:00.494, 0, 101.06, 67, 0, 150.00, 1680, 150.00, 0x0000000000000004
2026/10/02 18:29:00.694, 0, 88.73, 67, 0, 150.00, 1695, 150.00, 0x0000000000000000
2026/10/02 18:29:00.895, 0, 79.07, 67, 0, 150.00, 1695, 150.00, 0x0000000000000000
2026/10/02 18:29:01.095, 0, 72.14, 67, 0, 150.00, 1695, 150.00, 0x0000000000000000
2026/10/02 18:29:01.296, 0, 94.51, 69, 40, 150.00, 1350, 150.00, 0x0000000000000004
2026/10/02 18:29:01.497, 0, 93.70, 67, 0, 150.00, 1680, 150.00, 0x0000000000000004
2026/10/02 18:29:01.697, 0, 93.63, 67, 0, 150.00, 1680, 150.00, 0x0000000000000004
2026/10/02 18:29:01.898, 0, 101.27, 67, 7, 150.00, 1665, 150.00, 0x0000000000000004
2026/10/02 18:29:02.098, 0, 101.15, 67, 0, 150.00, 1680, 150.00, 0x0000000000000004
2026/10/02 18:29:02.298, 0, 92.14, 66, 0, 150.00, 1695, 150.00, 0x0000000000000000
2026/10/02 18:29:02.499, 0, 81.76, 67, 0, 150.00, 1680, 150.00, 0x0000000000000004
2026/10/02 18:29:02.699, 0, 81.71, 66, 0, 150.00, 1680, 150.00, 0x0000000000000004
2026/10/02 18:29:02.900, 0, 84.51, 67, 25, 150.00, 1650, 150.00, 0x0000000000000004
2026/10/02 18:29:03.100, 0, 85.02, 66, 0, 150.00, 1680, 150.00, 0x0000000000000004
2026/10/02 18:29:03.301, 0, 84.29, 67, 64, 150.00, 1500, 150.00, 0x0000000000000004
2026/10/02 18:29:03.501, 0, 82.21, 67, 0, 150.00, 1680, 150.00, 0x0000000000000004
2026/10/02 18:29:03.702, 0, 88.45, 67, 0, 150.00, 1680, 150.00, 0x0000000000000004
2026/10/02 18:29:03.902, 0, 76.40, 66, 0, 150.00, 1680, 150.00, 0x0000000000000004
2026/10/02 18:29:04.103, 0, 91.67, 68, 25, 150.00, 630, 150.00, 0x0000000000000000
2026/10/02 18:29:04.303, 0, 90.38, 66, 0, 150.00, 1680, 150.00, 0x0000000000000004
2026/10/02 18:29:04.504, 0, 91.32, 66, 0, 150.00, 1680, 150.00, 0x0000000000000004
2026/10/02 18:29:04.704, 0, 84.97, 66, 0, 150.00, 1695, 150.00, 0x0000000000000000
2026/10/02 18:29:04.905, 0, 87.09, 68, 3, 150.00, 1005, 150.00, 0x0000000000000004
2026/10/02 18:29:05.105, 0, 85.78, 67, 0, 150.00, 1680, 150.00, 0x0000000000000004
2026/10/02 18:29:05.306, 0, 72.64, 66, 0, 150.00, 1680, 150.00, 0x0000000000000004
2026/10/02 18:29:05.506, 0, 75.28, 67, 63, 150.00, 1335, 150.00, 0x0000000000000004
2026/10/02 18:29:05.706, 0, 81.94, 67, 0, 150.00, 1680, 150.00, 0x0000000000000004
2026/10/02 18:29:05.907, 0, 94.64, 68, 29, 150.00, 615, 150.00, 0x0000000000000004
2026/10/02 18:29:06.107, 0, 110.68, 68, 100, 150.00, 780, 150.00, 0x0000000000000004
2026/10/02 18:29:06.308, 0, 119.90, 69, 71, 150.00, 765, 150.00, 0x0000000000000004
2026/10/02 18:29:06.509, 0, 134.89, 69, 100, 150.00, 765, 150.00, 0x0000000000000004
2026/10/02 18:29:06.709, 0, 123.93, 68, 66, 150.00, 1470, 150.00, 0x0000000000000004
2026/10/02 18:29:06.910, 0, 124.24, 67, 0, 150.00, 1680, 150.00, 0x0000000000000004
2026/10/02 18:29:07.110, 0, 102.41, 66, 0, 150.00, 1620, 150.00, 0x0000000000000000
2026/10/02 18:29:07.311, 0, 92.74, 67, 0, 150.00, 1680, 150.00, 0x0000000000000004
2026/10/02 18:29:07.511, 0, 87.27, 67, 13, 150.00, 1665, 150.00, 0x0000000000000004
2026/10/02 18:29:07.712, 0, 89.47, 68, 12, 150.00, 705, 150.00, 0x0000000000000004
2026/10/02 18:29:07.912, 0, 88.45, 67, 0, 150.00, 1680, 150.00, 0x0000000000000004
2026/10/02 18:29:08.113, 0, 88.36, 67, 64, 150.00, 1470, 150.00, 0x0000000000000004
2026/10/02 18:29:08.313, 0, 114.05, 69, 59, 150.00, 690, 150.00, 0x0000000000000004
2026/10/02 18:29:08.514, 0, 124.52, 69, 92, 150.00, 765, 150.00, 0x0000000000000004
2026/10/02 18:29:08.714, 0, 124.56, 67, 0, 150.00, 1680, 150.00, 0x0000000000000004
2026/10/02 18:29:08.915, 0, 119.87, 67, 64, 150.00, 1335, 150.00, 0x0000000000000004
2026/10/02 18:29:09.115, 0, 130.33, 68, 50, 150.00, 660, 150.00, 0x0000000000000004
2026/10/02 18:29:09.316, 0, 131.73, 69, 100, 150.00, 780, 150.00, 0x0000000000000004
2026/10/02 18:29:09.516, 0, 106.09, 67, 0, 150.00, 1680, 150.00, 0x0000000000000004
2026/10/02 18:29:09.717, 0, 99.66, 68, 4, 150.00, 990, 150.00, 0x0000000000000004
2026/10/02 18:29:09.917, 0, 114.18, 68, 63, 150.00, 735, 150.00, 0x0000000000000004
2026/10/02 18:29:10.118, 0, 110.64, 67, 0, 150.00, 1680, 150.00, 0x0000000000000004
2026/10/02 18:29:10.318, 0, 103.98, 67, 25, 150.00, 1650, 150.00, 0x0000000000000004
2026/10/02 18:29:10.519, 0, 101.53, 68, 65, 150.00, 1305, 150.00, 0x0000000000000004
2026/10/02 18:29:10.719, 0, 101.15, 66, 0, 150.00, 1680, 150.00, 0x0000000000000004
2026/10/02 18:29:10.920, 0, 93.93, 66, 0, 150.00, 1695, 150.00, 0x0000000000000004
2026/10/02 18:29:11.120, 0, 87.18, 66, 0, 150.00, 1695, 150.00, 0x0000000000000000
2026/10/02 18:29:11.321, 0, 75.17, 66, 0, 150.00, 1350, 150.00, 0x0000000000000000
2026/10/02 18:29:11.521, 0, 87.64, 68, 40, 150.00, 645, 150.00, 0x0000000000000004
2026/10/02 18:29:11.722, 0, 82.81, 66, 0, 150.00, 1680, 150.00, 0x0000000000000004
2026/10/02 18:29:11.922, 0, 92.36, 67, 49, 150.00, 1590, 150.00, 0x0000000000000004
2026/10/02 18:29:12.123, 0, 105.77, 67, 38, 150.00, 1620, 150.00, 0x0000000000000004
2026/10/02 18:29:12.323, 0, 106.11, 66, 0, 150.00, 1680, 150.00, 0x0000000000000004
2026/10/02 18:29:12.524, 0, 112.80, 67, 75, 150.00, 1680, 150.00, 0x0000000000000004
2026/10/02 18:29:12.724, 0, 101.52, 66, 0, 150.00, 1680, 150.00, 0x0000000000000004
2026/10/02 18:29:12.925, 0, 91.99, 66, 0, 150.00, 1695, 150.00, 0x0000000000000000
2026/10/02 18:29:13.126, 0, 92.84, 68, 0, 150.00, 615, 150.00, 0x0000000000000004
2026/10/02 18:29:13.326, 0, 91.29, 67, 32, 150.00, 1290, 150.00, 0x0000000000000004
2026/10/02 18:29:13.527, 0, 97.76, 68, 82, 150.00, 780, 150.00, 0x0000000000000004
2026/10/02 18:29:13.728, 0, 108.96, 67, 71, 150.00, 1635, 150.00, 0x0000000000000004
2026/10/02 18:29:13.928, 0, 112.63, 67, 66, 150.00, 1680, 150.00, 0x0000000000000004
2026/10/02 18:29:14.129, 0, 124.40, 68, 0, 150.00, 645, 150.00, 0x0000000000000004
2026/10/02 18:29:14.329, 0, 118.17, 67, 100, 150.00, 1665, 150.00, 0x0000000000000004
2026/10/02 18:29:14.530, 0, 112.75, 66, 0, 150.00, 1680, 150.00, 0x0000000000000004
2026/10/02 18:29:14.730, 0, 93.49, 66, 0, 150.00, 1695, 150.00, 0x0000000000000000
2026/10/02 18:29:14.931, 0, 97.75, 67, 0, 150.00, 1170, 150.00, 0x0000000000000004
2026/10/02 18:29:15.131, 0, 108.59, 67, 0, 150.00, 660, 150.00, 0x0000000000000004
2026/10/02 18:29:15.332, 0, 88.04, 66, 47, 150.00, 1680, 150.00, 0x0000000000000004
2026/10/02 18:29:15.533, 0, 88.45, 66, 0, 150.00, 1680, 150.00, 0x0000000000000004
2026/10/02 18:29:15.733, 0, 91.08, 67, 7, 150.00, 1125, 150.00, 0x0000000000000004
2026/10/02 18:29:15.934, 0, 89.48, 68, 63, 150.00, 1305, 150.00, 0x0000000000000004
2026/10/02 18:29:16.134, 0, 82.56, 67, 65, 150.00, 1680, 150.00, 0x0000000000000004
2026/10/02 18:29:16.335, 0, 72.74, 66, 0, 150.00, 1680, 150.00, 0x0000000000000004
2026/10/02 18:29:16.535, 0, 72.85, 66, 0, 150.00, 1695, 150.00, 0x0000000000000000
2026/10/02 18:29:16.736, 0, 83.90, 67, 25, 150.00, 915, 150.00, 0x0000000000000004
2026/10/02 18:29:16.937, 0, 84.67, 66, 59, 150.00, 1680, 150.00, 0x0000000000000004
2026/10/02 18:29:17.137, 0, 98.11, 68, 60, 150.00, 645, 150.00, 0x0000000000000004
2026/10/02 18:29:17.338, 0, 96.96, 66, 52, 150.00, 1680, 150.00, 0x0000000000000004
2026/10/02 18:29:17.539, 0, 96.90, 66, 0, 150.00, 1500, 150.00, 0x0000000000000004
2026/10/02 18:29:17.739, 0, 81.93, 66, 65, 150.00, 1680, 150.00, 0x0000000000000004
2026/10/02 18:29:17.940, 0, 94.02, 67, 0, 150.00, 900, 150.00, 0x0000000000000004
2026/10/02 18:29:18.140, 0, 90.01, 66, 11, 150.00, 1680, 150.00, 0x0000000000000004
2026/10/02 18:29:18.341, 0, 101.64, 67, 17, 150.00, 765, 150.00, 0x0000000000000004
2026/10/02 18:29:18.541, 0, 99.86, 67, 33, 150.00, 1515, 150.00, 0x0000000000000004
2026/10/02 18:29:18.742, 0, 99.95, 66, 0, 150.00, 1680, 150.00, 0x0000000000000004
2026/10/02 18:29:18.942, 0, 100.21, 66, 0, 150.00, 1695, 150.00, 0x0000000000000000
2026/10/02 18:29:19.143, 0, 89.45, 65, 0, 150.00, 1695, 150.00, 0x0000000000000000
2026/10/02 18:29:19.343, 0, 89.61, 67, 0, 150.00, 705, 150.00, 0x0000000000000004
2026/10/02 18:29:19.544, 0, 81.99, 66, 16, 150.00, 1680, 150.00, 0x0000000000000004
2026/10/02 18:29:19.744, 0, 92.94, 67, 0, 150.00, 840, 150.00, 0x0000000000000004
2026/10/02 18:29:19.945, 0, 113.21, 67, 48, 150.00, 900, 150.00, 0x0000000000000004
2026/10/02 18:29:20.145, 0, 121.72, 67, 96, 150.00, 1455, 150.00, 0x0000000000000004
2026/10/02 18:29:20.346, 0, 122.34, 67, 0, 150.00, 1425, 150.00, 0x0000000000000004
2026/10/02 18:29:20.546, 0, 110.86, 66, 0, 150.00, 1680, 150.00, 0x0000000000000004
2026/10/02 18:29:20.746, 0, 122.48, 67, 8, 150.00, 795, 150.00, 0x0000000000000004
2026/10/02 18:29:20.947, 0, 112.39, 67, 42, 150.00, 645, 150.00, 0x0000000000000004
2026/10/02 18:29:21.148, 0, 96.46, 66, 27, 150.00, 1680, 150.00, 0x0000000000000004
2026/10/02 18:29:21.348, 0, 95.47, 65, 0, 150.00, 1680, 150.00, 0x0000000000000004
2026/10/02 18:29:21.548, 0, 94.87, 65, 0, 150.00, 1695, 150.00, 0x0000000000000000
2026/10/02 18:29:21.749, 0, 101.48, 66, 42, 150.00, 1650, 150.00, 0x0000000000000004
2026/10/02 18:29:21.949, 0, 95.67, 65, 0, 150.00, 1680, 150.00, 0x0000000000000004
2026/10/02 18:29:22.150, 0, 95.28, 67, 0, 150.00, 630, 150.00, 0x0000000000000004
2026/10/02 18:29:22.350, 0, 94.46, 65, 22, 150.00, 1680, 150.00, 0x0000000000000004
2026/10/02 18:29:22.551, 0, 94.30, 65, 0, 150.00, 1680, 150.00, 0x0000000000000004
2026/10/02 18:29:22.751, 0, 82.00, 65, 0, 150.00, 1695, 150.00, 0x0000000000000000
2026/10/02 18:29:22.952, 0, 82.96, 65, 0, 150.00, 1695, 150.00, 0x0000000000000000
2026/10/02 18:29:23.152, 0, 96.49, 66, 61, 150.00, 1320, 150.00, 0x0000000000000004
2026/10/02 18:29:23.353, 0, 84.25, 65, 0, 150.00, 1680, 150.00, 0x0000000000000004
2026/10/02 18:29:23.553, 0, 84.94, 66, 0, 150.00, 1425, 150.00, 0x0000000000000004
2026/10/02 18:29:23.754, 0, 84.65, 65, 0, 150.00, 1680, 150.00, 0x0000000000000004
2026/10/02 18:29:23.954, 0, 84.54, 65, 0, 150.00, 1695, 150.00, 0x0000000000000000
2026/10/02 18:29:24.155, 0, 76.26, 65, 0, 150.00, 1695, 150.00, 0x0000000000000000
2026/10/02 18:29:24.355, 0, 71.45, 65, 0, 150.00, 1695, 150.00, 0x0000000000000000
2026/10/02 18:29:24.556, 0, 71.48, 65, 0, 150.00, 1695, 150.00, 0x0000000000000000
2026/10/02 18:29:24.756, 0, 80.28, 66, 0, 150.00, 1065, 150.00, 0x0000000000000004
2026/10/02 18:29:24.956, 0, 92.36, 66, 4, 150.00, 645, 150.00, 0x0000000000000004
2026/10/02 18:29:25.157, 0, 106.32, 66, 82, 150.00, 1305, 150.00, 0x0000000000000004
2026/10/02 18:29:25.357, 0, 105.89, 65, 0, 150.00, 1680, 150.00, 0x0000000000000004
2026/10/02 18:29:25.558, 0, 118.81, 65, 25, 150.00, 1620, 150.00, 0x0000000000000004
2026/10/02 18:29:25.759, 0, 115.85, 65, 0, 150.00, 1680, 150.00, 0x0000000000000004
2026/10/02 18:29:25.959, 0, 123.34, 65, 35, 150.00, 1635, 150.00, 0x0000000000000004
2026/10/02 18:29:26.160, 0, 103.05, 66, 0, 150.00, 1425, 150.00, 0x0000000000000004
2026/10/02 18:29:26.360, 0, 101.61, 66, 0, 150.00, 1290, 150.00, 0x0000000000000004
2026/10/02 18:29:26.561, 0, 98.35, 66, 0, 150.00, 645, 150.00, 0x0000000000000004
2026/10/02 18:29:26.761, 0, 98.20, 65, 45, 150.00, 1680, 150.00, 0x0000000000000004
2026/10/02 18:29:26.962, 0, 96.92, 65, 32, 150.00, 1635, 150.00, 0x0000000000000004
2026/10/02 18:29:27.162, 0, 97.83, 65, 0, 150.00, 1680, 150.00, 0x0000000000000004
2026/10/02 18:29:27.363, 0, 105.51, 66, 0, 150.00, 735, 150.00, 0x0000000000000004
2026/10/02 18:29:27.563, 0, 108.06, 66, 100, 150.00, 1545, 150.00, 0x0000000000000004
2026/10/02 18:29:27.764, 0, 102.58, 65, 60, 150.00, 1680, 150.00, 0x0000000000000004
2026/10/02 18:29:27.964, 0, 88.73, 65, 0, 150.00, 1680, 150.00, 0x0000000000000004
2026/10/02 18:29:28.165, 0, 103.50, 66, 0, 150.00, 645, 150.00, 0x0000000000000004
2026/10/02 18:29:28.365, 0, 102.58, 65, 26, 150.00, 1680, 150.00, 0x0000000000000004
2026/10/02 18:29:28.566, 0, 109.35, 66, 32, 150.00, 780, 150.00, 0x0000000000000004
2026/10/02 18:29:28.766, 0, 123.28, 67, 100, 150.00, 840, 150.00, 0x0000000000000004
2026/10/02 18:29:28.967, 0, 122.91, 65, 15, 150.00, 1680, 150.00, 0x0000000000000004
2026/10/02 18:29:29.167, 0, 122.92, 65, 0, 150.00, 1695, 150.00, 0x0000000000000004
2026/10/02 18:29:29.368, 0, 116.54, 66, 0, 150.00, 795, 150.00, 0x0000000000000004
2026/10/02 18:29:29.568, 0, 108.28, 66, 100, 150.00, 1620, 150.00, 0x0000000000000004
2026/10/02 18:29:29.769, 0, 106.80, 66, 0, 150.00, 585, 150.00, 0x0000000000000004
2026/10/02 18:29:29.969, 0, 95.88, 65, 39, 150.00, 1680, 150.00, 0x0000000000000004
2026/10/02 18:29:30.170, 0, 102.11, 66, 65, 150.00, 1455, 150.00, 0x0000000000000004
2026/10/02 18:29:30.370, 0, 114.24, 65, 36, 150.00, 1650, 150.00, 0x0000000000000004
2026/10/02 18:29:30.571, 0, 99.64, 66, 0, 150.00, 1515, 150.00, 0x0000000000000004
2026/10/02 18:29:30.771, 0, 110.95, 66, 0, 150.00, 975, 150.00, 0x0000000000000004
2026/10/02 18:29:30.972, 0, 100.91, 65, 8, 150.00, 1035, 150.00, 0x0000000000000004
2026/10/02 18:29:31.172, 0, 93.75, 66, 54, 150.00, 1545, 150.00, 0x0000000000000004
2026/10/02 18:29:31.373, 0, 79.45, 65, 0, 150.00, 1680, 150.00, 0x0000000000000004
2026/10/02 18:29:31.573, 0, 80.42, 65, 0, 150.00, 1695, 150.00, 0x0000000000000000
2026/10/02 18:29:31.774, 0, 81.36, 64, 0, 150.00, 1695, 150.00, 0x0000000000000000
2026/10/02 18:29:31.974, 0, 71.58, 64, 0, 150.00, 1695, 150.00, 0x0000000000000000
2026/10/02 18:29:32.175, 0, 68.69, 64, 0, 150.00, 1695, 150.00, 0x0000000000000000
2026/10/02 18:29:32.375, 0, 68.69, 64, 0, 150.00, 1695, 150.00, 0x0000000000000000
2026/10/02 18:29:32.576, 0, 99.02, 65, 100, 150.00, 1575, 150.00, 0x0000000000000004
2026/10/02 18:29:32.776, 0, 114.68, 66, 59, 150.00, 795, 150.00, 0x0000000000000004
2026/10/02 18:29:32.977, 0, 114.19, 65, 72, 150.00, 1680, 150.00, 0x0000000000000004
2026/10/02 18:29:33.177, 0, 116.01, 65, 60, 150.00, 1680, 150.00, 0x0000000000000004
2026/10/02 18:29:33.378, 0, 118.21, 67, 61, 150.00, 780, 150.00, 0x0000000000000004
2026/10/02 18:29:33.578, 0, 96.63, 65, 66, 150.00, 1680, 150.00, 0x0000000000000004
2026/10/02 18:29:33.779, 0, 108.85, 67, 46, 150.00, 795, 150.00, 0x0000000000000004
2026/10/02 18:29:33.980, 0, 116.67, 67, 100, 150.00, 780, 150.00, 0x0000000000000004
2026/10/02 18:29:34.180, 0, 121.24, 66, 100, 150.00, 1635, 150.00, 0x0000000000000004
2026/10/02 18:29:34.381, 0, 131.42, 65, 27, 150.00, 1620, 150.00, 0x0000000000000004
2026/10/02 18:29:34.581, 0, 132.88, 66, 0, 150.00, 1050, 150.00, 0x0000000000000004
2026/10/02 18:29:34.782, 0, 122.27, 66, 5, 150.00, 1395, 150.00, 0x0000000000000004
2026/10/02 18:29:34.982, 0, 113.43, 66, 0, 150.00, 900, 150.00, 0x0000000000000004
2026/10/02 18:29:35.183, 0, 109.36, 67, 50, 150.00, 765, 150.00, 0x0000000000000004
2026/10/02 18:29:35.383, 0, 94.74, 65, 15, 150.00, 1680, 150.00, 0x0000000000000004
2026/10/02 18:29:35.584, 0, 118.71, 67, 56, 150.00, 660, 150.00, 0x0000000000000004
2026/10/02 18:29:35.784, 0, 110.34, 65, 33, 150.00, 1680, 150.00, 0x0000000000000004
2026/10/02 18:29:35.985, 0, 117.18, 65, 59, 150.00, 1665, 150.00, 0x0000000000000004
2026/10/02 18:29:36.185, 0, 115.28, 66, 0, 150.00, 1140, 150.00, 0x0000000000000004
2026/10/02 18:29:36.386, 0, 118.61, 67, 90, 150.00, 780, 150.00, 0x0000000000000004
2026/10/02 18:29:36.586, 0, 116.20, 66, 100, 150.00, 1650, 150.00, 0x0000000000000004
2026/10/02 18:29:36.787, 0, 104.34, 65, 62, 150.00, 1680, 150.00, 0x0000000000000004
2026/10/02 18:29:36.988, 0, 107.17, 65, 41, 150.00, 1650, 150.00, 0x0000000000000004
2026/10/02 18:29:37.188, 0, 107.71, 65, 0, 150.00, 1680, 150.00, 0x0000000000000004
2026/10/02 18:29:37.388, 0, 97.23, 65, 0, 150.00, 1695, 150.00, 0x0000000000000000
2026/10/02 18:29:37.589, 0, 82.15, 64, 0, 150.00, 1695, 150.00, 0x0000000000000000
2026/10/02 18:29:37.789, 0, 82.01, 64, 0, 150.00, 1695, 150.00, 0x0000000000000000
2026/10/02 18:29:37.990, 0, 79.68, 66, 0, 150.00, 720, 150.00, 0x0000000000000000
2026/10/02 18:29:38.191, 0, 84.73, 66, 60, 150.00, 795, 150.00, 0x0000000000000004
2026/10/02 18:29:38.391, 0, 83.52, 65, 48, 150.00, 1680, 150.00, 0x0000000000000004
2026/10/02 18:29:38.591, 0, 93.00, 66, 0, 150.00, 945, 150.00, 0x0000000000000004
2026/10/02 18:29:38.792, 0, 92.27, 65, 10, 150.00, 1680, 150.00, 0x0000000000000004
2026/10/02 18:29:38.992, 0, 92.13, 64, 0, 150.00, 1695, 150.00, 0x0000000000000004
2026/10/02 18:29:39.193, 0, 85.20, 64, 0, 150.00, 1695, 150.00, 0x0000000000000000
2026/10/02 18:29:39.393, 0, 98.54, 66, 61, 150.00, 675, 150.00, 0x0000000000000004
2026/10/02 18:29:39.594, 0, 97.89, 65, 21, 150.00, 1560, 150.00, 0x0000000000000004
2026/10/02 18:29:39.794, 0, 102.46, 66, 64, 150.00, 645, 150.00, 0x0000000000000004
2026/10/02 18:29:39.995, 0, 101.58, 65, 24, 150.00, 1680, 150.00, 0x0000000000000004
2026/10/02 18:29:40.195, 0, 108.49, 65, 0, 150.00, 1230, 150.00, 0x0000000000000004
2026/10/02 18:29:40.396, 0, 120.11, 66, 41, 150.00, 780, 150.00, 0x0000000000000004
2026/10/02 18:29:40.596, 0, 115.69, 66, 91, 150.00, 1005, 150.00, 0x0000000000000004
2026/10/02 18:29:40.797, 0, 114.38, 65, 56, 150.00, 1680, 150.00, 0x0000000000000004
2026/10/02 18:29:40.997, 0, 106.51, 66, 62, 150.00, 1035, 150.00, 0x0000000000000004
2026/10/02 18:29:41.198, 0, 120.72, 67, 100, 150.00, 795, 150.00, 0x0000000000000004
2026/10/02 18:29:41.398, 0, 101.17, 65, 25, 150.00, 1680, 150.00, 0x0000000000000004
2026/10/02 18:29:41.599, 0, 89.06, 64, 0, 150.00, 1680, 150.00, 0x0000000000000004
2026/10/02 18:29:41.799, 0, 88.63, 64, 0, 150.00, 1695, 150.00, 0x0000000000000000
2026/10/02 18:29:42.000, 0, 86.57, 64, 0, 150.00, 1695, 150.00, 0x0000000000000000
2026/10/02 18:29:42.200, 0, 77.30, 64, 0, 150.00, 1695, 150.00, 0x0000000000000000
2026/10/02 18:29:42.401, 0, 77.30, 64, 0, 150.00, 1695, 150.00, 0x0000000000000000
2026/10/02 18:29:42.601, 0, 77.30, 64, 0, 150.00, 1695, 150.00, 0x0000000000000000
2026/10/02 18:29:42.802, 0, 77.30, 64, 0, 150.00, 1695, 150.00, 0x0000000000000000
2026/10/02 18:29:43.002, 0, 121.94, 64, 100, 150.00, 1665, 150.00, 0x0000000000000004
2026/10/02 18:29:43.203, 0, 121.78, 64, 0, 150.00, 1680, 150.00, 0x0000000000000004
2026/10/02 18:29:43.403, 0, 117.41, 64, 0, 150.00, 1695, 150.00, 0x0000000000000000
2026/10/02 18:29:43.604, 0, 111.08, 64, 0, 150.00, 1560, 150.00, 0x0000000000000004
2026/10/02 18:29:43.804, 0, 111.76, 65, 0, 150.00, 780, 150.00, 0x0000000000000004
2026/10/02 18:29:44.005, 0, 84.01, 64, 93, 150.00, 1680, 150.00, 0x0000000000000004
2026/10/02 18:29:44.205, 0, 92.43, 64, 62, 150.00, 1665, 150.00, 0x0000000000000004
2026/10/02 18:29:44.406, 0, 92.48, 65, 0, 150.00, 585, 150.00, 0x0000000000000004
2026/10/02 18:29:44.606, 0, 91.57, 64, 65, 150.00, 1680, 150.00, 0x0000000000000004
2026/10/02 18:29:44.807, 0, 100.88, 65, 0, 150.00, 780, 150.00, 0x0000000000000004
2026/10/02 18:29:45.007, 0, 101.47, 66, 100, 150.00, 795, 150.00, 0x0000000000000004
2026/10/02 18:29:45.208, 0, 92.74, 65, 52, 150.00, 1575, 150.00, 0x0000000000000004
2026/10/02 18:29:45.408, 0, 98.68, 66, 0, 150.00, 1470, 150.00, 0x0000000000000004
2026/10/02 18:29:45.609, 0, 99.03, 64, 0, 150.00, 1680, 150.00, 0x0000000000000004
2026/10/02 18:29:45.809, 0, 107.93, 64, 55, 150.00, 1665, 150.00, 0x0000000000000004
2026/10/02 18:29:46.010, 0, 90.72, 64, 0, 150.00, 1680, 150.00, 0x0000000000000004
2026/10/02 18:29:46.210, 0, 84.14, 64, 0, 150.00, 1695, 150.00, 0x0000000000000000
2026/10/02 18:29:46.411, 0, 83.06, 64, 2, 150.00, 1545, 150.00, 0x0000000000000004
2026/10/02 18:29:46.611, 0, 77.55, 64, 0, 150.00, 1680, 150.00, 0x0000000000000004
2026/10/02 18:29:46.812, 0, 68.26, 64, 0, 150.00, 1695, 150.00, 0x0000000000000000
2026/10/02 18:29:47.012, 0, 68.84, 64, 0, 150.00, 1695, 150.00, 0x0000000000000000
2026/10/02 18:29:47.213, 0, 68.93, 63, 0, 150.00, 1695, 150.00, 0x0000000000000000
2026/10/02 18:29:47.413, 0, 75.90, 64, 0, 150.00, 1455, 150.00, 0x0000000000000004
2026/10/02 18:29:47.614, 0, 75.85, 64, 0, 150.00, 1515, 150.00, 0x0000000000000004
2026/10/02 18:29:47.814, 0, 75.69, 64, 0, 150.00, 1680, 150.00, 0x0000000000000004
2026/10/02 18:29:48.015, 0, 83.66, 65, 0, 150.00, 1410, 150.00, 0x0000000000000004
2026/10/02 18:29:48.215, 0, 83.12, 64, 1, 150.00, 1680, 150.00, 0x0000000000000004
2026/10/02 18:29:48.416, 0, 82.99, 63, 0, 150.00, 1695, 150.00, 0x0000000000000004
2026/10/02 18:29:48.616, 0, 76.36, 63, 0, 150.00, 1695, 150.00, 0x0000000000000000
2026/10/02 18:29:48.817, 0, 77.39, 63, 0, 150.00, 1695, 150.00, 0x0000000000000000
2026/10/02 18:29:49.017, 0, 77.48, 63, 0, 150.00, 1695, 150.00, 0x0000000000000000
2026/10/02 18:29:49.218, 0, 85.35, 65, 0, 150.00, 885, 150.00, 0x0000000000000004
2026/10/02 18:29:49.419, 0, 108.68, 65, 58, 150.00, 705, 150.00, 0x0000000000000004
2026/10/02 18:29:49.619, 0, 109.28, 64, 47, 150.00, 1575, 150.00, 0x0000000000000004
2026/10/02 18:29:49.820, 0, 109.17, 64, 0, 150.00, 1680, 150.00, 0x0000000000000004
2026/10/02 18:29:50.020, 0, 123.79, 65, 0, 150.00, 690, 150.00, 0x0000000000000004
2026/10/02 18:29:50.221, 0, 121.43, 64, 100, 150.00, 1665, 150.00, 0x0000000000000004
2026/10/02 18:29:50.421, 0, 102.66, 63, 0, 150.00, 1680, 150.00, 0x0000000000000004
2026/10/02 18:29:50.622, 0, 98.18, 65, 0, 150.00, 825, 150.00, 0x0000000000000004
2026/10/02 18:29:50.822, 0, 111.63, 65, 85, 150.00, 780, 150.00, 0x0000000000000004
2026/10/02 18:29:51.023, 0, 117.48, 64, 94, 150.00, 1680, 150.00, 0x0000000000000004
2026/10/02 18:29:51.224, 0, 95.25, 64, 0, 150.00, 1680, 150.00, 0x0000000000000004
2026/10/02 18:29:51.424, 0, 110.73, 65, 55, 150.00, 1350, 150.00, 0x0000000000000004
2026/10/02 18:29:51.625, 0, 109.98, 64, 0, 150.00, 1605, 150.00, 0x0000000000000004
2026/10/02 18:29:51.825, 0, 98.44, 64, 0, 150.00, 1680, 150.00, 0x0000000000000004
2026/10/02 18:29:52.026, 0, 83.31, 63, 0, 150.00, 1695, 150.00, 0x0000000000000000
2026/10/02 18:29:52.226, 0, 97.81, 65, 0, 150.00, 705, 150.00, 0x0000000000000004
2026/10/02 18:29:52.427, 0, 95.37, 64, 100, 150.00, 1665, 150.00, 0x0000000000000004
2026/10/02 18:29:52.627, 0, 105.15, 65, 0, 150.00, 690, 150.00, 0x0000000000000004
2026/10/02 18:29:52.828, 0, 121.24, 65, 100, 150.00, 1350, 150.00, 0x0000000000000004
2026/10/02 18:29:53.028, 0, 120.73, 64, 9, 150.00, 1680, 150.00, 0x0000000000000004
2026/10/02 18:29:53.229, 0, 120.64, 63, 0, 150.00, 1695, 150.00, 0x0000000000000004
2026/10/02 18:29:53.429, 0, 99.03, 63, 0, 150.00, 1245, 150.00, 0x0000000000000000
2026/10/02 18:29:53.630, 0, 101.88, 63, 63, 150.00, 1680, 150.00, 0x0000000000000004
2026/10/02 18:29:53.830, 0, 79.47, 63, 0, 150.00, 1680, 150.00, 0x0000000000000004
2026/10/02 18:29:54.030, 0, 86.67, 65, 0, 150.00, 705, 150.00, 0x0000000000000004
2026/10/02 18:29:54.231, 0, 93.63, 64, 100, 150.00, 1680, 150.00, 0x0000000000000004
2026/10/02 18:29:54.431, 0, 101.21, 64, 60, 150.00, 1455, 150.00, 0x0000000000000004
2026/10/02 18:29:54.632, 0, 98.51, 63, 0, 150.00, 1680, 150.00, 0x0000000000000004
2026/10/02 18:29:54.833, 0, 98.44, 63, 0, 150.00, 1695, 150.00, 0x0000000000000004
2026/10/02 18:29:55.033, 0, 83.86, 63, 0, 150.00, 1695, 150.00, 0x0000000000000000
2026/10/02 18:29:55.234, 0, 95.70, 65, 100, 150.00, 825, 150.00, 0x0000000000000004
2026/10/02 18:29:55.434, 0, 104.86, 64, 21, 150.00, 1665, 150.00, 0x0000000000000004
2026/10/02 18:29:55.635, 0, 97.50, 63, 0, 150.00, 1680, 150.00, 0x0000000000000004
2026/10/02 18:29:55.835, 0, 105.38, 64, 11, 150.00, 615, 150.00, 0x0000000000000000
2026/10/02 18:29:56.036, 0, 111.49, 64, 36, 150.00, 1635, 150.00, 0x0000000000000004
2026/10/02 18:29:56.237, 0, 107.41, 65, 64, 150.00, 810, 150.00, 0x0000000000000004
2026/10/02 18:29:56.437, 0, 105.55, 65, 100, 150.00, 810, 150.00, 0x0000000000000004
2026/10/02 18:29:56.638, 0, 105.13, 64, 0, 150.00, 1680, 150.00, 0x0000000000000004
2026/10/02 18:29:56.838, 0, 116.99, 64, 21, 150.00, 1650, 150.00, 0x0000000000000004
2026/10/02 18:29:57.039, 0, 115.78, 64, 37, 150.00, 1620, 150.00, 0x0000000000000004
2026/10/02 18:29:57.239, 0, 123.74, 65, 77, 150.00, 795, 150.00, 0x0000000000000004
2026/10/02 18:29:57.440, 0, 123.76, 66, 100, 150.00, 1020, 150.00, 0x0000000000000004
2026/10/02 18:29:57.641, 0, 138.55, 66, 82, 150.00, 765, 150.00, 0x0000000000000004
2026/10/02 18:29:57.841, 0, 134.83, 64, 48, 150.00, 1605, 150.00, 0x0000000000000004
2026/10/02 18:29:58.042, 0, 128.29, 64, 8, 150.00, 1665, 150.00, 0x0000000000000004
2026/10/02 18:29:58.242, 0, 129.44, 64, 0, 150.00, 1680, 150.00, 0x0000000000000004
2026/10/02 18:29:58.443, 0, 115.05, 65, 3, 150.00, 600, 150.00, 0x0000000000000000
2026/10/02 18:29:58.644, 0, 93.53, 64, 0, 150.00, 1680, 150.00, 0x0000000000000004
2026/10/02 18:29:58.844, 0, 84.35, 64, 4, 150.00, 1665, 150.00, 0x0000000000000004
2026/10/02 18:29:59.045, 0, 77.37, 63, 0, 150.00, 1680, 150.00, 0x0000000000000004
2026/10/02 18:29:59.245, 0, 85.88, 65, 60, 150.00, 1350, 150.00, 0x0000000000000004
2026/10/02 18:29:59.447, 0, 90.43, 65, 60, 150.00, 795, 150.00, 0x0000000000000004
2026/10/02 18:29:59.648, 0, 97.78, 64, 61, 150.00, 1575, 150.00, 0x0000000000000004
2026/10/02 18:29:59.848, 0, 97.77, 64, 12, 150.00, 1665, 150.00, 0x0000000000000004
2026/10/02 18:30:00.049, 0, 98.37, 63, 0, 150.00, 1680, 150.00, 0x0000000000000004
2026/10/02 18:30:00.249, 0, 98.41, 63, 0, 150.00, 1695, 150.00, 0x0000000000000000
2026/10/02 18:30:00.450, 0, 91.07, 63, 0, 150.00, 840, 150.00, 0x0000000000000000
2026/10/02 18:30:00.650, 0, 92.20, 65, 23, 150.00, 645, 150.00, 0x0000000000000004
2026/10/02 18:30:00.851, 0, 89.73, 64, 26, 150.00, 1545, 150.00, 0x0000000000000004
2026/10/02 18:30:01.051, 0, 96.16, 64, 0, 150.00, 1680, 150.00, 0x0000000000000004
2026/10/02 18:30:01.252, 0, 102.90, 65, 78, 150.00, 810, 150.00, 0x0000000000000004
2026/10/02 18:30:01.452, 0, 118.42, 66, 95, 150.00, 780, 150.00, 0x0000000000000004
2026/10/02 18:30:01.653, 0, 125.84, 64, 13, 150.00, 1515, 150.00, 0x0000000000000004
2026/10/02 18:30:01.854, 0, 119.09, 66, 100, 150.00, 795, 150.00, 0x0000000000000004
2026/10/02 18:30:02.054, 0, 129.14, 66, 100, 150.00, 795, 150.00, 0x0000000000000004
2026/10/02 18:30:02.255, 0, 136.89, 65, 0, 150.00, 1680, 150.00, 0x0000000000000004
2026/10/02 18:30:02.455, 0, 126.79, 65, 65, 150.00, 1500, 150.00, 0x0000000000000004
2026/10/02 18:30:02.656, 0, 121.37, 65, 16, 150.00, 660, 150.00, 0x0000000000000004
2026/10/02 18:30:02.856, 0, 113.51, 64, 0, 150.00, 1005, 150.00, 0x0000000000000004
2026/10/02 18:30:03.057, 0, 112.60, 66, 75, 150.00, 720, 150.00, 0x0000000000000004
2026/10/02 18:30:03.257, 0, 96.08, 64, 0, 150.00, 1680, 150.00, 0x0000000000000004
2026/10/02 18:30:03.458, 0, 113.06, 66, 100, 150.00, 795, 150.00, 0x0000000000000004
2026/10/02 18:30:03.659, 0, 109.50, 65, 66, 150.00, 1515, 150.00, 0x0000000000000004
2026/10/02 18:30:03.859, 0, 100.00, 64, 0, 150.00, 1680, 150.00, 0x0000000000000004
2026/10/02 18:30:04.060, 0, 101.66, 65, 63, 150.00, 870, 150.00, 0x0000000000000004
2026/10/02 18:30:04.260, 0, 101.64, 65, 68, 150.00, 1530, 150.00, 0x0000000000000004
2026/10/02 18:30:04.461, 0, 92.47, 64, 0, 150.00, 1680, 150.00, 0x0000000000000004
2026/10/02 18:30:04.661, 0, 98.32, 65, 35, 150.00, 1035, 150.00, 0x0000000000000004
2026/10/02 18:30:04.862, 0, 104.58, 64, 50, 150.00, 1590, 150.00, 0x0000000000000004
2026/10/02 18:30:05.063, 0, 104.45, 64, 0, 150.00, 1680, 150.00, 0x0000000000000004
2026/10/02 18:30:05.264, 0, 113.02, 65, 43, 150.00, 690, 150.00, 0x0000000000000004
2026/10/02 18:30:05.464, 0, 112.47, 64, 0, 150.00, 1680, 150.00, 0x0000000000000004
2026/10/02 18:30:05.665, 0, 112.42, 64, 0, 150.00, 1680, 150.00, 0x0000000000000004
2026/10/02 18:30:05.865, 0, 111.12, 65, 100, 150.00, 795, 150.00, 0x0000000000000004
2026/10/02 18:30:06.066, 0, 125.92, 66, 22, 150.00, 660, 150.00, 0x0000000000000004
2026/10/02 18:30:06.266, 0, 112.06, 64, 0, 150.00, 1680, 150.00, 0x0000000000000004
2026/10/02 18:30:06.467, 0, 111.59, 65, 85, 150.00, 1395, 150.00, 0x0000000000000004
2026/10/02 18:30:06.667, 0, 111.40, 64, 0, 150.00, 1680, 150.00, 0x0000000000000004
2026/10/02 18:30:06.868, 0, 111.62, 65, 20, 150.00, 660, 150.00, 0x0000000000000004
2026/10/02 18:30:07.068, 0, 101.90, 64, 0, 150.00, 1680, 150.00, 0x0000000000000004
2026/10/02 18:30:07.269, 0, 114.45, 66, 69, 150.00, 1170, 150.00, 0x0000000000000004
2026/10/02 18:30:07.470, 0, 117.35, 64, 24, 150.00, 1650, 150.00, 0x0000000000000004
2026/10/02 18:30:07.670, 0, 115.31, 64, 0, 150.00, 1680, 150.00, 0x0000000000000004
2026/10/02 18:30:07.871, 0, 130.13, 65, 26, 150.00, 675, 150.00, 0x0000000000000000
2026/10/02 18:30:08.071, 0, 133.97, 66, 100, 150.00, 795, 150.00, 0x0000000000000004
2026/10/02 18:30:08.272, 0, 135.55, 66, 100, 150.00, 795, 150.00, 0x0000000000000004
2026/10/02 18:30:08.472, 0, 129.25, 66, 100, 150.00, 795, 150.00, 0x0000000000000004
2026/10/02 18:30:08.673, 0, 144.12, 66, 100, 150.00, 465, 150.00, 0x0000000000000004
2026/10/02 18:30:08.874, 0, 157.83, 66, 100, 150.00, 765, 150.00, 0x0000000000000004
2026/10/02 18:30:09.074, 0, 154.18, 67, 60, 150.00, 705, 150.00, 0x0000000000000004
2026/10/02 18:30:09.275, 0, 156.33, 66, 100, 150.00, 1305, 150.00, 0x0000000000000004
2026/10/02 18:30:09.476, 0, 151.44, 65, 20, 150.00, 1650, 150.00, 0x0000000000000004
2026/10/02 18:30:09.676, 0, 136.16, 64, 0, 150.00, 1680, 150.00, 0x0000000000000004
2026/10/02 18:30:09.877, 0, 145.40, 66, 100, 150.00, 795, 150.00, 0x0000000000000004
2026/10/02 18:30:10.077, 0, 146.37, 66, 100, 150.00, 780, 150.00, 0x0000000000000004
2026/10/02 18:30:10.278, 0, 140.75, 67, 100, 150.00, 1095, 150.00, 0x0000000000000004
2026/10/02 18:30:10.478, 0, 140.39, 66, 100, 150.00, 1080, 150.00, 0x0000000000000004
2026/10/02 18:30:10.679, 0, 163.39, 67, 85, 150.00, 765, 150.00, 0x0000000000000004
2026/10/02 18:30:10.880, 0, 155.73, 65, 9, 150.00, 1665, 150.00, 0x0000000000000004
2026/10/02 18:30:11.080, 0, 140.68, 64, 0, 150.00, 1680, 150.00, 0x0000000000000004
2026/10/02 18:30:11.281, 0, 132.30, 66, 100, 150.00, 810, 150.00, 0x0000000000000004
2026/10/02 18:30:11.481, 0, 120.73, 65, 25, 150.00, 1650, 150.00, 0x0000000000000004
2026/10/02 18:30:11.682, 0, 105.92, 66, 94, 150.00, 795, 150.00, 0x0000000000000004
2026/10/02 18:30:11.882, 0, 104.83, 67, 100, 150.00, 795, 150.00, 0x0000000000000004
2026/10/02 18:30:12.083, 0, 122.98, 67, 51, 150.00, 1305, 150.00, 0x0000000000000004
2026/10/02 18:30:12.283, 0, 122.48, 65, 0, 150.00, 1680, 150.00, 0x0000000000000004
2026/10/02 18:30:12.484, 0, 114.10, 66, 79, 150.00, 765, 150.00, 0x0000000000000004
2026/10/02 18:30:12.684, 0, 113.88, 65, 0, 150.00, 1125, 150.00, 0x0000000000000004
2026/10/02 18:30:12.885, 0, 100.92, 65, 0, 150.00, 1680, 150.00, 0x0000000000000004
2026/10/02 18:30:13.085, 0, 100.05, 66, 26, 150.00, 810, 150.00, 0x0000000000000004
2026/10/02 18:30:13.286, 0, 103.51, 66, 40, 150.00, 615, 150.00, 0x0000000000000004
2026/10/02 18:30:13.487, 0, 102.22, 66, 0, 150.00, 705, 150.00, 0x0000000000000004
2026/10/02 18:30:13.687, 0, 111.27, 67, 100, 150.00, 795, 150.00, 0x0000000000000004
2026/10/02 18:30:13.888, 0, 125.86, 67, 72, 150.00, 780, 150.00, 0x0000000000000004
2026/10/02 18:30:14.088, 0, 132.00, 65, 0, 150.00, 1680, 150.00, 0x0000000000000004
2026/10/02 18:30:14.289, 0, 109.34, 66, 71, 150.00, 720, 150.00, 0x0000000000000004
2026/10/02 18:30:14.489, 0, 116.58, 66, 15, 150.00, 660, 150.00, 0x0000000000000004
2026/10/02 18:30:14.690, 0, 124.93, 67, 100, 150.00, 795, 150.00, 0x0000000000000004
2026/10/02 18:30:14.890, 0, 117.81, 66, 77, 150.00, 1470, 150.00, 0x0000000000000004
2026/10/02 18:30:15.091, 0, 115.53, 66, 20, 150.00, 660, 150.00, 0x0000000000000004
2026/10/02 18:30:15.292, 0, 130.61, 67, 100, 150.00, 795, 150.00, 0x0000000000000004
2026/10/02 18:30:15.492, 0, 144.99, 67, 100, 150.00, 780, 150.00, 0x0000000000000004
2026/10/02 18:30:15.693, 0, 143.42, 67, 100, 150.00, 795, 150.00, 0x0000000000000004
2026/10/02 18:30:15.893, 0, 136.24, 67, 4, 150.00, 570, 150.00, 0x0000000000000004
2026/10/02 18:30:16.094, 0, 141.48, 66, 48, 150.00, 1605, 150.00, 0x0000000000000004
2026/10/02 18:30:16.295, 0, 133.54, 66, 42, 150.00, 675, 150.00, 0x0000000000000004
2026/10/02 18:30:16.495, 0, 117.41, 65, 0, 150.00, 1680, 150.00, 0x0000000000000004
2026/10/02 18:30:16.696, 0, 114.68, 66, 19, 150.00, 645, 150.00, 0x0000000000000004
2026/10/02 18:30:16.896, 0, 114.91, 67, 85, 150.00, 750, 150.00, 0x0000000000000004
2026/10/02 18:30:17.097, 0, 123.06, 67, 100, 150.00, 780, 150.00, 0x0000000000000004
2026/10/02 18:30:17.298, 0, 126.77, 67, 100, 150.00, 780, 150.00, 0x0000000000000004
2026/10/02 18:30:17.498, 0, 141.79, 67, 93, 150.00, 390, 150.00, 0x0000000000000004
2026/10/02 18:30:17.699, 0, 150.80, 66, 87, 150.00, 1365, 150.00, 0x0000000000000004
2026/10/02 18:30:17.899, 0, 131.00, 65, 0, 150.00, 1020, 150.00, 0x0000000000000004
2026/10/02 18:30:18.100, 0, 129.10, 67, 85, 150.00, 720, 150.00, 0x0000000000000004
2026/10/02 18:30:18.300, 0, 119.70, 67, 82, 150.00, 795, 150.00, 0x0000000000000004
2026/10/02 18:30:18.501, 0, 119.72, 67, 100, 150.00, 1020, 150.00, 0x0000000000000004
2026/10/02 18:30:18.701, 0, 107.22, 66, 0, 150.00, 1680, 150.00, 0x0000000000000004
2026/10/02 18:30:18.902, 0, 116.47, 66, 20, 150.00, 1650, 150.00, 0x0000000000000004
2026/10/02 18:30:19.102, 0, 119.95, 67, 52, 150.00, 1290, 150.00, 0x0000000000000004
2026/10/02 18:30:19.303, 0, 115.86, 66, 64, 150.00, 1500, 150.00, 0x0000000000000004
2026/10/02 18:30:19.503, 0, 101.39, 65, 0, 150.00, 1680, 150.00, 0x0000000000000004
2026/10/02 18:30:19.704, 0, 94.57, 65, 0, 150.00, 1695, 150.00, 0x0000000000000004
2026/10/02 18:30:19.904, 0, 103.62, 67, 100, 150.00, 780, 150.00, 0x0000000000000004
2026/10/02 18:30:20.105, 0, 109.12, 66, 65, 150.00, 1470, 150.00, 0x0000000000000004
2026/10/02 18:30:20.306, 0, 98.71, 66, 63, 150.00, 930, 150.00, 0x0000000000000004
2026/10/02 18:30:20.506, 0, 104.59, 67, 57, 150.00, 780, 150.00, 0x0000000000000004
2026/10/02 18:30:20.707, 0, 112.18, 67, 78, 150.00, 735, 150.00, 0x0000000000000004
2026/10/02 18:30:20.907, 0, 105.21, 67, 60, 150.00, 780, 150.00, 0x0000000000000004
2026/10/02 18:30:21.108, 0, 102.98, 66, 0, 150.00, 720, 150.00, 0x0000000000000004
2026/10/02 18:30:21.308, 0, 103.50, 66, 62, 150.00, 1560, 150.00, 0x0000000000000004
2026/10/02 18:30:21.509, 0, 104.25, 65, 0, 150.00, 1680, 150.00, 0x0000000000000004
2026/10/02 18:30:21.709, 0, 95.37, 67, 69, 150.00, 795, 150.00, 0x0000000000000004
2026/10/02 18:30:21.910, 0, 96.22, 66, 70, 150.00, 1515, 150.00, 0x0000000000000004
2026/10/02 18:30:22.110, 0, 83.50, 65, 0, 150.00, 1680, 150.00, 0x0000000000000004
2026/10/02 18:30:22.311, 0, 77.25, 65, 0, 150.00, 1695, 150.00, 0x0000000000000000
2026/10/02 18:30:22.512, 0, 79.37, 65, 62, 150.00, 1560, 150.00, 0x0000000000000004
2026/10/02 18:30:22.712, 0, 100.46, 67, 61, 150.00, 705, 150.00, 0x0000000000000004
2026/10/02 18:30:22.913, 0, 98.98, 66, 35, 150.00, 1005, 150.00, 0x0000000000000004
2026/10/02 18:30:23.113, 0, 100.52, 65, 0, 150.00, 1680, 150.00, 0x0000000000000004
2026/10/02 18:30:23.314, 0, 109.42, 65, 4, 150.00, 1665, 150.00, 0x0000000000000004
2026/10/02 18:30:23.514, 0, 109.23, 65, 0, 150.00, 1680, 150.00, 0x0000000000000004
2026/10/02 18:30:23.715, 0, 96.21, 65, 0, 150.00, 1695, 150.00, 0x0000000000000000
2026/10/02 18:30:23.915, 0, 95.50, 67, 90, 150.00, 780, 150.00, 0x0000000000000004
2026/10/02 18:30:24.116, 0, 101.23, 66, 56, 150.00, 960, 150.00, 0x0000000000000004
2026/10/02 18:30:24.317, 0, 92.64, 66, 66, 150.00, 1500, 150.00, 0x0000000000000004
2026/10/02 18:30:24.517, 0, 105.72, 67, 99, 150.00, 795, 150.00, 0x0000000000000004
2026/10/02 18:30:24.718, 0, 112.62, 66, 20, 150.00, 1680, 150.00, 0x0000000000000004
2026/10/02 18:30:24.918, 0, 110.25, 67, 85, 150.00, 810, 150.00, 0x0000000000000004
2026/10/02 18:30:25.119, 0, 102.03, 66, 49, 150.00, 1665, 150.00, 0x0000000000000004
2026/10/02 18:30:25.319, 0, 102.33, 65, 0, 150.00, 885, 150.00, 0x0000000000000004
2026/10/02 18:30:25.520, 0, 114.39, 67, 37, 150.00, 1350, 150.00, 0x0000000000000004
2026/10/02 18:30:25.720, 0, 112.99, 67, 30, 150.00, 750, 150.00, 0x0000000000000004
2026/10/02 18:30:25.921, 0, 120.43, 65, 17, 150.00, 1680, 150.00, 0x0000000000000004
2026/10/02 18:30:26.122, 0, 113.24, 66, 80, 150.00, 795, 150.00, 0x0000000000000004
2026/10/02 18:30:26.322, 0, 113.92, 65, 0, 150.00, 1680, 150.00, 0x0000000000000004
2026/10/02 18:30:26.522, 0, 122.05, 65, 38, 150.00, 1665, 150.00, 0x0000000000000004
2026/10/02 18:30:26.723, 0, 110.26, 65, 0, 150.00, 1680, 150.00, 0x0000000000000004
2026/10/02 18:30:26.923, 0, 103.21, 66, 24, 150.00, 1155, 150.00, 0x0000000000000000
2026/10/02 18:30:27.124, 0, 102.61, 65, 0, 150.00, 585, 150.00, 0x0000000000000004
2026/10/02 18:30:27.324, 0, 110.30, 67, 100, 150.00, 1020, 150.00, 0x0000000000000004
2026/10/02 18:30:27.525, 0, 108.68, 67, 22, 150.00, 1095, 150.00, 0x0000000000000004
2026/10/02 18:30:27.725, 0, 115.35, 67, 81, 150.00, 795, 150.00, 0x0000000000000004
2026/10/02 18:30:27.926, 0, 130.47, 67, 100, 150.00, 795, 150.00, 0x0000000000000004
2026/10/02 18:30:28.127, 0, 132.25, 67, 100, 150.00, 780, 150.00, 0x0000000000000004
2026/10/02 18:30:28.327, 0, 141.13, 67, 100, 150.00, 765, 150.00, 0x0000000000000004
2026/10/02 18:30:28.528, 0, 146.57, 67, 100, 150.00, 750, 150.00, 0x0000000000000004
2026/10/02 18:30:28.728, 0, 148.43, 67, 100, 150.00, 765, 150.00, 0x0000000000000004
2026/10/02 18:30:28.929, 0, 149.24, 68, 100, 150.00, 765, 150.00, 0x0000000000000004
2026/10/02 18:30:29.130, 0, 149.26, 68, 100, 150.00, 780, 150.00, 0x0000000000000004
2026/10/02 18:30:29.330, 0, 149.05, 68, 100, 150.00, 645, 150.00, 0x0000000000000004
2026/10/02 18:30:29.531, 0, 147.11, 68, 100, 150.00, 720, 150.00, 0x0000000000000004
2026/10/02 18:30:29.731, 0, 150.06, 68, 100, 150.00, 750, 150.00, 0x0000000000000004
2026/10/02 18:30:29.932, 0, 150.25, 68, 100, 150.00, 765, 150.00, 0x0000000000000004
2026/10/02 18:30:30.132, 0, 150.17, 68, 100, 150.00, 780, 150.00, 0x0000000000000004
2026/10/02 18:30:30.333, 0, 142.13, 67, 51, 150.00, 1665, 150.00, 0x0000000000000004
2026/10/02 18:30:30.534, 0, 133.95, 67, 55, 150.00, 1665, 150.00, 0x0000000000000004
2026/10/02 18:30:30.734, 0, 120.29, 66, 0, 150.00, 1680, 150.00, 0x0000000000000004
2026/10/02 18:30:30.935, 0, 113.44, 67, 63, 150.00, 1560, 150.00, 0x0000000000000004
2026/10/02 18:30:31.135, 0, 98.21, 65, 0, 150.00, 1680, 150.00, 0x0000000000000004
2026/10/02 18:30:31.336, 0, 90.76, 66, 62, 150.00, 1545, 150.00, 0x0000000000000004
2026/10/02 18:30:31.536, 0, 84.79, 65, 0, 150.00, 630, 150.00, 0x0000000000000004
2026/10/02 18:30:31.737, 0, 100.12, 67, 100, 150.00, 780, 150.00, 0x0000000000000004
2026/10/02 18:30:31.937, 0, 115.07, 68, 100, 150.00, 1170, 150.00, 0x0000000000000004
2026/10/02 18:30:32.138, 0, 130.31, 67, 54, 150.00, 840, 150.00, 0x0000000000000004
2026/10/02 18:30:32.339, 0, 129.32, 66, 66, 150.00, 1680, 150.00, 0x0000000000000004
2026/10/02 18:30:32.540, 0, 144.10, 67, 0, 150.00, 1275, 150.00, 0x0000000000000004
2026/10/02 18:30:32.740, 0, 151.04, 68, 77, 150.00, 735, 150.00, 0x0000000000000004
2026/10/02 18:30:32.941, 0, 142.54, 66, 100, 150.00, 660, 150.00, 0x0000000000000004
2026/10/02 18:30:33.142, 0, 139.59, 67, 65, 150.00, 765, 150.00, 0x0000000000000004
2026/10/02 18:30:33.342, 0, 139.63, 68, 100, 150.00, 780, 150.00, 0x0000000000000004
2026/10/02 18:30:33.543, 0, 140.31, 66, 77, 150.00, 555, 150.00, 0x0000000000000004
2026/10/02 18:30:33.744, 0, 123.02, 67, 76, 150.00, 1635, 150.00, 0x0000000000000004
2026/10/02 18:30:33.944, 0, 110.85, 67, 0, 150.00, 885, 150.00, 0x0000000000000004
2026/10/02 18:30:34.145, 0, 122.67, 68, 55, 150.00, 810, 150.00, 0x0000000000000004
2026/10/02 18:30:34.346, 0, 112.29, 67, 99, 150.00, 675, 150.00, 0x0000000000000004
2026/10/02 18:30:34.546, 0, 110.49, 67, 86, 150.00, 1650, 150.00, 0x0000000000000004
2026/10/02 18:30:34.747, 0, 110.36, 67, 11, 150.00, 1665, 150.00, 0x0000000000000004
2026/10/02 18:30:34.947, 0, 129.91, 68, 44, 150.00, 780, 150.00, 0x0000000000000004
2026/10/02 18:30:35.148, 0, 131.48, 67, 100, 150.00, 1650, 150.00, 0x0000000000000004
2026/10/02 18:30:35.349, 0, 124.86, 68, 0, 150.00, 780, 150.00, 0x0000000000000004
2026/10/02 18:30:35.549, 0, 122.47, 66, 100, 150.00, 1680, 150.00, 0x0000000000000004
2026/10/02 18:30:35.750, 0, 116.14, 66, 0, 150.00, 810, 150.00, 0x0000000000000004
2026/10/02 18:30:35.950, 0, 119.66, 67, 71, 150.00, 780, 150.00, 0x0000000000000004
2026/10/02 18:30:36.151, 0, 110.88, 67, 100, 150.00, 1665, 150.00, 0x0000000000000004
2026/10/02 18:30:36.351, 0, 117.67, 67, 0, 150.00, 780, 150.00, 0x0000000000000004
2026/10/02 18:30:36.552, 0, 112.77, 68, 100, 150.00, 780, 150.00, 0x0000000000000004
2026/10/02 18:30:36.753, 0, 128.26, 68, 100, 150.00, 780, 150.00, 0x0000000000000004
2026/10/02 18:30:36.953, 0, 136.25, 68, 100, 150.00, 780, 150.00, 0x0000000000000004
2026/10/02 18:30:37.154, 0, 132.96, 68, 100, 150.00, 750, 150.00, 0x0000000000000004
2026/10/02 18:30:37.355, 0, 148.15, 68, 100, 150.00, 750, 150.00, 0x0000000000000004
2026/10/02 18:30:37.555, 0, 141.40, 67, 100, 150.00, 1680, 150.00, 0x0000000000000004
2026/10/02 18:30:37.756, 0, 137.84, 67, 19, 150.00, 1665, 150.00, 0x0000000000000004
2026/10/02 18:30:37.957, 0, 133.30, 67, 19, 150.00, 1665, 150.00, 0x0000000000000004
2026/10/02 18:30:38.157, 0, 131.11, 67, 0, 150.00, 735, 150.00, 0x0000000000000004
2026/10/02 18:30:38.358, 0, 126.50, 66, 100, 150.00, 1680, 150.00, 0x0000000000000004
2026/10/02 18:30:38.558, 0, 112.09, 66, 0, 150.00, 615, 150.00, 0x0000000000000004
2026/10/02 18:30:38.759, 0, 114.07, 68, 80, 150.00, 780, 150.00, 0x0000000000000004
2026/10/02 18:30:38.959, 0, 118.66, 68, 100, 150.00, 1455, 150.00, 0x0000000000000004
2026/10/02 18:30:39.160, 0, 120.09, 67, 18, 150.00, 675, 150.00, 0x0000000000000004
2026/10/02 18:30:39.360, 0, 113.99, 68, 88, 150.00, 780, 150.00, 0x0000000000000004
2026/10/02 18:30:39.561, 0, 129.93, 68, 100, 150.00, 780, 150.00, 0x0000000000000004
2026/10/02 18:30:39.762, 0, 138.36, 69, 100, 150.00, 780, 150.00, 0x0000000000000004
2026/10/02 18:30:39.962, 0, 135.56, 68, 100, 150.00, 1005, 150.00, 0x0000000000000004
2026/10/02 18:30:40.163, 0, 130.35, 67, 51, 150.00, 645, 150.00, 0x0000000000000004
2026/10/02 18:30:40.364, 0, 128.30, 67, 100, 150.00, 1665, 150.00, 0x0000000000000004
2026/10/02 18:30:40.564, 0, 124.29, 68, 0, 150.00, 1005, 150.00, 0x0000000000000004
2026/10/02 18:30:40.765, 0, 108.15, 67, 51, 150.00, 1650, 150.00, 0x0000000000000004
2026/10/02 18:30:40.965, 0, 115.85, 68, 34, 150.00, 1455, 150.00, 0x0000000000000004
2026/10/02 18:30:41.166, 0, 111.52, 66, 19, 150.00, 1680, 150.00, 0x0000000000000004
2026/10/02 18:30:41.366, 0, 108.61, 67, 0, 150.00, 660, 150.00, 0x0000000000000004
2026/10/02 18:30:41.567, 0, 124.42, 68, 100, 150.00, 1395, 150.00, 0x0000000000000004
2026/10/02 18:30:41.767, 0, 112.76, 66, 24, 150.00, 1680, 150.00, 0x0000000000000004
2026/10/02 18:30:41.968, 0, 109.14, 67, 0, 150.00, 795, 150.00, 0x0000000000000004
2026/10/02 18:30:42.169, 0, 116.07, 68, 100, 150.00, 780, 150.00, 0x0000000000000004
2026/10/02 18:30:42.369, 0, 131.09, 68, 100, 150.00, 780, 150.00, 0x0000000000000004
2026/10/02 18:30:42.570, 0, 130.73, 68, 100, 150.00, 1590, 150.00, 0x0000000000000004
2026/10/02 18:30:42.770, 0, 129.96, 68, 0, 150.00, 795, 150.00, 0x0000000000000004
2026/10/02 18:30:42.971, 0, 130.67, 67, 79, 150.00, 855, 150.00, 0x0000000000000004
2026/10/02 18:30:43.172, 0, 123.56, 67, 67, 150.00, 1620, 150.00, 0x0000000000000004
2026/10/02 18:30:43.372, 0, 118.93, 67, 47, 150.00, 645, 150.00, 0x0000000000000004
2026/10/02 18:30:43.573, 0, 109.42, 67, 97, 150.00, 1665, 150.00, 0x0000000000000004
2026/10/02 18:30:43.773, 0, 111.90, 68, 0, 150.00, 1545, 150.00, 0x0000000000000004
2026/10/02 18:30:43.974, 0, 129.82, 68, 39, 150.00, 1185, 150.00, 0x0000000000000004
2026/10/02 18:30:44.174, 0, 128.56, 68, 39, 150.00, 780, 150.00, 0x0000000000000004
2026/10/02 18:30:44.375, 0, 130.00, 68, 100, 150.00, 1230, 150.00, 0x0000000000000004
2026/10/02 18:30:44.575, 0, 136.84, 68, 39, 150.00, 1320, 150.00, 0x0000000000000004
2026/10/02 18:30:44.776, 0, 142.77, 68, 28, 150.00, 765, 150.00, 0x0000000000000004
2026/10/02 18:30:44.976, 0, 129.38, 68, 97, 150.00, 675, 150.00, 0x0000000000000004
2026/10/02 18:30:45.177, 0, 116.26, 67, 64, 150.00, 1680, 150.00, 0x0000000000000004
2026/10/02 18:30:45.377, 0, 102.03, 66, 0, 150.00, 1680, 150.00, 0x0000000000000004
2026/10/02 18:30:45.578, 0, 95.59, 66, 0, 150.00, 1695, 150.00, 0x0000000000000000
2026/10/02 18:30:45.778, 0, 95.57, 67, 0, 150.00, 1380, 150.00, 0x0000000000000004
2026/10/02 18:30:45.979, 0, 81.71, 66, 23, 150.00, 1680, 150.00, 0x0000000000000004
2026/10/02 18:30:46.179, 0, 82.49, 66, 0, 150.00, 1650, 150.00, 0x0000000000000004
2026/10/02 18:30:46.380, 0, 82.38, 66, 0, 150.00, 1035, 150.00, 0x0000000000000004
2026/10/02 18:30:46.580, 0, 89.73, 66, 60, 150.00, 1680, 150.00, 0x0000000000000004
2026/10/02 18:30:46.781, 0, 97.06, 67, 0, 150.00, 1560, 150.00, 0x0000000000000004
2026/10/02 18:30:46.981, 0, 98.22, 66, 31, 150.00, 1680, 150.00, 0x0000000000000004
2026/10/02 18:30:47.182, 0, 106.35, 67, 0, 150.00, 795, 150.00, 0x0000000000000004
2026/10/02 18:30:47.382, 0, 118.36, 68, 89, 150.00, 780, 150.00, 0x0000000000000004
2026/10/02 18:30:47.583, 0, 125.37, 68, 100, 150.00, 1365, 150.00, 0x0000000000000004
2026/10/02 18:30:47.784, 0, 131.66, 68, 28, 150.00, 795, 150.00, 0x0000000000000004
2026/10/02 18:30:47.984, 0, 116.12, 67, 95, 150.00, 1650, 150.00, 0x0000000000000004
2026/10/02 18:30:48.185, 0, 119.54, 67, 6, 150.00, 1650, 150.00, 0x0000000000000004
2026/10/02 18:30:48.385, 0, 107.41, 66, 0, 150.00, 1680, 150.00, 0x0000000000000004
2026/10/02 18:30:48.586, 0, 92.88, 66, 0, 150.00, 585, 150.00, 0x0000000000000000
2026/10/02 18:30:48.786, 0, 86.32, 66, 66, 150.00, 1680, 150.00, 0x0000000000000004
2026/10/02 18:30:48.987, 0, 92.43, 67, 47, 150.00, 780, 150.00, 0x0000000000000004
2026/10/02 18:30:49.187, 0, 104.73, 68, 100, 150.00, 780, 150.00, 0x0000000000000004
2026/10/02 18:30:49.388, 0, 112.61, 67, 100, 150.00, 1680, 150.00, 0x0000000000000004
2026/10/02 18:30:49.589, 0, 126.29, 68, 9, 150.00, 780, 150.00, 0x0000000000000004
2026/10/02 18:30:49.789, 0, 140.90, 68, 100, 150.00, 780, 150.00, 0x0000000000000004
2026/10/02 18:30:49.990, 0, 131.33, 67, 86, 150.00, 1680, 150.00, 0x0000000000000004
2026/10/02 18:30:50.190, 0, 116.42, 66, 0, 150.00, 1035, 150.00, 0x0000000000000004
2026/10/02 18:30:50.391, 0, 117.35, 68, 62, 150.00, 765, 150.00, 0x0000000000000004
2026/10/02 18:30:50.591, 0, 117.77, 66, 90, 150.00, 1680, 150.00, 0x0000000000000004
2026/10/02 18:30:50.792, 0, 102.25, 66, 0, 150.00, 1005, 150.00, 0x0000000000000004
2026/10/02 18:30:50.993, 0, 103.77, 67, 63, 150.00, 1605, 150.00, 0x0000000000000004
2026/10/02 18:30:51.193, 0, 113.96, 68, 7, 150.00, 1110, 150.00, 0x0000000000000004
2026/10/02 18:30:51.394, 0, 104.90, 66, 46, 150.00, 1545, 150.00, 0x0000000000000004
2026/10/02 18:30:51.594, 0, 101.90, 66, 50, 150.00, 1680, 150.00, 0x0000000000000004
2026/10/02 18:30:51.795, 0, 101.52, 66, 0, 150.00, 1635, 150.00, 0x0000000000000004
2026/10/02 18:30:51.995, 0, 113.32, 67, 41, 150.00, 1530, 150.00, 0x0000000000000004
2026/10/02 18:30:52.196, 0, 118.99, 67, 9, 150.00, 735, 150.00, 0x0000000000000004
2026/10/02 18:30:52.396, 0, 128.26, 68, 100, 150.00, 780, 150.00, 0x0000000000000004
2026/10/02 18:30:52.597, 0, 125.56, 67, 100, 150.00, 1635, 150.00, 0x0000000000000004
2026/10/02 18:30:52.798, 0, 126.11, 66, 0, 150.00, 630, 150.00, 0x0000000000000004
2026/10/02 18:30:52.998, 0, 129.05, 68, 94, 150.00, 780, 150.00, 0x0000000000000004
2026/10/02 18:30:53.199, 0, 137.03, 68, 100, 150.00, 1575, 150.00, 0x0000000000000004
2026/10/02 18:30:53.399, 0, 116.00, 67, 0, 150.00, 645, 150.00, 0x0000000000000004
2026/10/02 18:30:53.600, 0, 99.95, 66, 65, 150.00, 1680, 150.00, 0x0000000000000004
2026/10/02 18:30:53.800, 0, 99.31, 67, 0, 150.00, 630, 150.00, 0x0000000000000004
2026/10/02 18:30:54.001, 0, 107.72, 68, 87, 150.00, 1350, 150.00, 0x0000000000000004
2026/10/02 18:30:54.201, 0, 103.13, 67, 67, 150.00, 1260, 150.00, 0x0000000000000004
2026/10/02 18:30:54.402, 0, 112.76, 68, 55, 150.00, 780, 150.00, 0x0000000000000004
2026/10/02 18:30:54.603, 0, 121.21, 68, 78, 150.00, 840, 150.00, 0x0000000000000004
2026/10/02 18:30:54.803, 0, 139.53, 68, 83, 150.00, 1350, 150.00, 0x0000000000000004
2026/10/02 18:30:55.004, 0, 141.51, 68, 29, 150.00, 690, 150.00, 0x0000000000000004
2026/10/02 18:30:55.204, 0, 129.05, 67, 100, 150.00, 1680, 150.00, 0x0000000000000004
2026/10/02 18:30:55.405, 0, 126.59, 67, 0, 150.00, 1575, 150.00, 0x0000000000000004
2026/10/02 18:30:55.605, 0, 118.33, 66, 0, 150.00, 1680, 150.00, 0x0000000000000004
2026/10/02 18:30:55.806, 0, 115.06, 67, 0, 150.00, 750, 150.00, 0x0000000000000004
2026/10/02 18:30:56.006, 0, 123.28, 68, 100, 150.00, 780, 150.00, 0x0000000000000004
2026/10/02 18:30:56.207, 0, 107.66, 66, 85, 150.00, 1680, 150.00, 0x0000000000000004
2026/10/02 18:30:56.407, 0, 108.61, 66, 0, 150.00, 1680, 150.00, 0x0000000000000004
2026/10/02 18:30:56.608, 0, 121.93, 67, 18, 150.00, 1305, 150.00, 0x0000000000000004
2026/10/02 18:30:56.809, 0, 127.39, 68, 34, 150.00, 795, 150.00, 0x0000000000000004
2026/10/02 18:30:57.009, 0, 104.37, 66, 63, 150.00, 1680, 150.00, 0x0000000000000004
2026/10/02 18:30:57.210, 0, 118.63, 68, 45, 150.00, 1320, 150.00, 0x0000000000000004
2026/10/02 18:30:57.410, 0, 117.83, 66, 30, 150.00, 645, 150.00, 0x0000000000000004
2026/10/02 18:30:57.610, 0, 116.21, 68, 60, 150.00, 1425, 150.00, 0x0000000000000004
2026/10/02 18:30:57.811, 0, 109.33, 66, 18, 150.00, 1620, 150.00, 0x0000000000000004
2026/10/02 18:30:58.011, 0, 113.91, 66, 49, 150.00, 1680, 150.00, 0x0000000000000004
2026/10/02 18:30:58.212, 0, 113.32, 67, 0, 150.00, 705, 150.00, 0x0000000000000004
2026/10/02 18:30:58.413, 0, 116.46, 68, 100, 150.00, 780, 150.00, 0x0000000000000004
2026/10/02 18:30:58.613, 0, 125.21, 67, 100, 150.00, 1635, 150.00, 0x0000000000000004
2026/10/02 18:30:58.814, 0, 114.71, 66, 0, 150.00, 555, 150.00, 0x0000000000000004
2026/10/02 18:30:59.014, 0, 111.65, 68, 64, 150.00, 780, 150.00, 0x0000000000000004
2026/10/02 18:30:59.215, 0, 127.26, 68, 100, 150.00, 765, 150.00, 0x0000000000000004
2026/10/02 18:30:59.415, 0, 124.34, 68, 100, 150.00, 780, 150.00, 0x0000000000000004
2026/10/02 18:30:59.616, 0, 124.35, 69, 100, 150.00, 510, 150.00, 0x0000000000000004
2026/10/02 18:30:59.817, 0, 134.26, 68, 100, 150.00, 750, 150.00, 0x0000000000000004
2026/10/02 18:31:00.017, 0, 147.85, 69, 100, 150.00, 765, 150.00, 0x0000000000000004
2026/10/02 18:31:00.218, 0, 148.49, 69, 100, 150.00, 780, 150.00, 0x0000000000000004
2026/10/02 18:31:00.419, 0, 148.44, 69, 100, 150.00, 780, 150.00, 0x0000000000000004
2026/10/02 18:31:00.619, 0, 147.40, 69, 100, 150.00, 675, 150.00, 0x0000000000000004
2026/10/02 18:31:00.820, 0, 148.51, 69, 100, 150.00, 720, 150.00, 0x0000000000000004
2026/10/02 18:31:01.020, 0, 150.04, 69, 100, 150.00, 750, 150.00, 0x0000000000000004
2026/10/02 18:31:01.221, 0, 150.24, 69, 100, 150.00, 780, 150.00, 0x0000000000000004
2026/10/02 18:31:01.422, 0, 150.22, 69, 100, 150.00, 750, 150.00, 0x0000000000000004
2026/10/02 18:31:01.622, 0, 149.28, 69, 100, 150.00, 690, 150.00, 0x0000000000000004
2026/10/02 18:31:01.823, 0, 135.02, 67, 58, 150.00, 1680, 150.00, 0x0000000000000004
2026/10/02 18:31:02.023, 0, 137.36, 68, 14, 150.00, 1260, 150.00, 0x0000000000000004
2026/10/02 18:31:02.223, 0, 121.83, 67, 37, 150.00, 600, 150.00, 0x0000000000000004
2026/10/02 18:31:02.424, 0, 120.17, 68, 61, 150.00, 1335, 150.00, 0x0000000000000004
2026/10/02 18:31:02.625, 0, 122.23, 69, 63, 150.00, 675, 150.00, 0x0000000000000004
2026/10/02 18:31:02.825, 0, 130.93, 69, 100, 150.00, 765, 150.00, 0x0000000000000004
2026/10/02 18:31:03.026, 0, 128.78, 67, 100, 150.00, 1680, 150.00, 0x0000000000000004
2026/10/02 18:31:03.226, 0, 129.37, 68, 0, 150.00, 780, 150.00, 0x0000000000000004
2026/10/02 18:31:03.427, 0, 144.55, 69, 100, 150.00, 780, 150.00, 0x0000000000000004
2026/10/02 18:31:03.627, 0, 135.20, 69, 100, 150.00, 780, 150.00, 0x0000000000000004
2026/10/02 18:31:03.828, 0, 137.50, 69, 100, 150.00, 765, 150.00, 0x0000000000000004
2026/10/02 18:31:04.029, 0, 134.35, 69, 100, 150.00, 1140, 150.00, 0x0000000000000004
2026/10/02 18:31:04.229, 0, 133.72, 67, 44, 150.00, 1680, 150.00, 0x0000000000000004
2026/10/02 18:31:04.429, 0, 119.32, 69, 4, 150.00, 690, 150.00, 0x0000000000000004
2026/10/02 18:31:04.630, 0, 103.42, 67, 61, 150.00, 585, 150.00, 0x0000000000000004
2026/10/02 18:31:04.831, 0, 102.31, 69, 86, 150.00, 1365, 150.00, 0x0000000000000004
2026/10/02 18:31:05.031, 0, 86.30, 67, 49, 150.00, 1680, 150.00, 0x0000000000000004
2026/10/02 18:31:05.231, 0, 82.96, 67, 0, 150.00, 1695, 150.00, 0x0000000000000004
2026/10/02 18:31:05.432, 0, 92.55, 68, 0, 150.00, 705, 150.00, 0x0000000000000004
2026/10/02 18:31:05.633, 0, 115.79, 68, 70, 150.00, 780, 150.00, 0x0000000000000004
2026/10/02 18:31:05.833, 0, 124.44, 69, 100, 150.00, 1620, 150.00, 0x0000000000000004
2026/10/02 18:31:06.034, 0, 117.12, 67, 3, 150.00, 1665, 150.00, 0x0000000000000004
2026/10/02 18:31:06.234, 0, 130.24, 67, 26, 150.00, 570, 150.00, 0x0000000000000004
2026/10/02 18:31:06.435, 0, 144.60, 69, 62, 150.00, 780, 150.00, 0x0000000000000004
2026/10/02 18:31:06.635, 0, 130.60, 68, 88, 150.00, 615, 150.00, 0x0000000000000004
2026/10/02 18:31:06.836, 0, 124.48, 69, 65, 150.00, 780, 150.00, 0x0000000000000004
2026/10/02 18:31:07.037, 0, 132.34, 69, 100, 150.00, 1350, 150.00, 0x0000000000000004
2026/10/02 18:31:07.237, 0, 117.54, 67, 49, 150.00, 1680, 150.00, 0x0000000000000004
2026/10/02 18:31:07.438, 0, 110.16, 67, 3, 150.00, 1155, 150.00, 0x0000000000000004
2026/10/02 18:31:07.638, 0, 120.29, 69, 37, 150.00, 780, 150.00, 0x0000000000000004
2026/10/02 18:31:07.839, 0, 120.98, 68, 100, 150.00, 1665, 150.00, 0x0000000000000004
2026/10/02 18:31:08.039, 0, 112.46, 68, 0, 150.00, 1200, 150.00, 0x0000000000000004
2026/10/02 18:31:08.240, 0, 118.50, 68, 56, 150.00, 1500, 150.00, 0x0000000000000004
2026/10/02 18:31:08.440, 0, 117.46, 67, 30, 150.00, 630, 150.00, 0x0000000000000004
2026/10/02 18:31:08.641, 0, 106.22, 67, 66, 150.00, 1680, 150.00, 0x0000000000000004
2026/10/02 18:31:08.841, 0, 98.95, 67, 0, 150.00, 750, 150.00, 0x0000000000000004
2026/10/02 18:31:09.042, 0, 103.85, 67, 100, 150.00, 1680, 150.00, 0x0000000000000004
2026/10/02 18:31:09.242, 0, 98.66, 66, 0, 150.00, 645, 150.00, 0x0000000000000004
2026/10/02 18:31:09.443, 0, 98.71, 68, 65, 150.00, 840, 150.00, 0x0000000000000004
2026/10/02 18:31:09.643, 0, 107.29, 67, 58, 150.00, 1680, 150.00, 0x0000000000000004
2026/10/02 18:31:09.844, 0, 114.22, 68, 0, 150.00, 1455, 150.00, 0x0000000000000004
2026/10/02 18:31:10.044, 0, 107.23, 67, 100, 150.00, 570, 150.00, 0x0000000000000004
2026/10/02 18:31:10.245, 0, 122.01, 68, 100, 150.00, 780, 150.00, 0x0000000000000004
2026/10/02 18:31:10.446, 0, 124.25, 69, 100, 150.00, 765, 150.00, 0x0000000000000004
2026/10/02 18:31:10.647, 0, 129.41, 69, 100, 150.00, 765, 150.00, 0x0000000000000004
2026/10/02 18:31:10.847, 0, 137.57, 69, 100, 150.00, 450, 150.00, 0x0000000000000004
2026/10/02 18:31:11.048, 0, 142.73, 69, 100, 150.00, 750, 150.00, 0x0000000000000004
2026/10/02 18:31:11.249, 0, 149.82, 69, 100, 150.00, 1545, 150.00, 0x0000000000000004
2026/10/02 18:31:11.449, 0, 134.27, 67, 0, 150.00, 1170, 150.00, 0x0000000000000004
2026/10/02 18:31:11.650, 0, 131.54, 67, 29, 150.00, 1680, 150.00, 0x0000000000000004
2026/10/02 18:31:11.850, 0, 119.46, 67, 65, 150.00, 1650, 150.00, 0x0000000000000004
2026/10/02 18:31:12.051, 0, 107.19, 67, 0, 150.00, 1680, 150.00, 0x0000000000000004
2026/10/02 18:31:12.251, 0, 92.99, 66, 0, 150.00, 645, 150.00, 0x0000000000000004
2026/10/02 18:31:12.452, 0, 100.19, 68, 100, 150.00, 780, 150.00, 0x0000000000000004
2026/10/02 18:31:12.653, 0, 93.61, 67, 32, 150.00, 630, 150.00, 0x0000000000000004
2026/10/02 18:31:12.853, 0, 111.40, 68, 99, 150.00, 1230, 150.00, 0x0000000000000004
2026/10/02 18:31:13.054, 0, 121.70, 67, 29, 150.00, 1680, 150.00, 0x0000000000000004
2026/10/02 18:31:13.255, 0, 123.10, 68, 70, 150.00, 750, 150.00, 0x0000000000000004
2026/10/02 18:31:13.455, 0, 131.32, 69, 100, 150.00, 1485, 150.00, 0x0000000000000004
2026/10/02 18:31:13.656, 0, 129.74, 68, 33, 150.00, 1485, 150.00, 0x0000000000000004
2026/10/02 18:31:13.856, 0, 126.49, 68, 91, 150.00, 780, 150.00, 0x0000000000000004
2026/10/02 18:31:14.057, 0, 120.36, 69, 100, 150.00, 1530, 150.00, 0x0000000000000004
2026/10/02 18:31:14.257, 0, 120.59, 67, 0, 150.00, 1680, 150.00, 0x0000000000000004
2026/10/02 18:31:14.458, 0, 112.12, 67, 0, 150.00, 1695, 150.00, 0x0000000000000000
2026/10/02 18:31:14.659, 0, 105.69, 66, 0, 150.00, 570, 150.00, 0x0000000000000004
2026/10/02 18:31:14.859, 0, 108.76, 68, 100, 150.00, 780, 150.00, 0x0000000000000004
2026/10/02 18:31:15.060, 0, 101.74, 68, 63, 150.00, 1665, 150.00, 0x0000000000000004
2026/10/02 18:31:15.260, 0, 94.91, 67, 0, 150.00, 1680, 150.00, 0x0000000000000004
2026/10/02 18:31:15.461, 0, 94.01, 67, 66, 150.00, 1665, 150.00, 0x0000000000000004
2026/10/02 18:31:15.661, 0, 95.08, 67, 62, 150.00, 1650, 150.00, 0x0000000000000004
2026/10/02 18:31:15.862, 0, 86.03, 66, 0, 150.00, 1680, 150.00, 0x0000000000000004
2026/10/02 18:31:16.062, 0, 78.59, 67, 64, 150.00, 1620, 150.00, 0x0000000000000004
2026/10/02 18:31:16.263, 0, 79.17, 66, 0, 150.00, 1680, 150.00, 0x0000000000000004
2026/10/02 18:31:16.463, 0, 79.05, 66, 0, 150.00, 645, 150.00, 0x0000000000000004
2026/10/02 18:31:16.664, 0, 95.85, 68, 31, 150.00, 1485, 150.00, 0x0000000000000004
2026/10/02 18:31:16.864, 0, 93.74, 66, 0, 150.00, 1680, 150.00, 0x0000000000000004
2026/10/02 18:31:17.065, 0, 102.40, 66, 45, 150.00, 630, 150.00, 0x0000000000000004
2026/10/02 18:31:17.266, 0, 99.24, 66, 0, 150.00, 555, 150.00, 0x0000000000000004
2026/10/02 18:31:17.466, 0, 114.03, 68, 100, 150.00, 780, 150.00, 0x0000000000000004
2026/10/02 18:31:17.667, 0, 127.27, 69, 100, 150.00, 780, 150.00, 0x0000000000000004
2026/10/02 18:31:17.867, 0, 129.03, 69, 100, 150.00, 765, 150.00, 0x0000000000000004
2026/10/02 18:31:18.068, 0, 133.98, 69, 100, 150.00, 465, 150.00, 0x0000000000000004
2026/10/02 18:31:18.269, 0, 142.43, 69, 100, 150.00, 1335, 150.00, 0x0000000000000004
2026/10/02 18:31:18.469, 0, 141.93, 69, 67, 150.00, 780, 150.00, 0x0000000000000004
2026/10/02 18:31:18.670, 0, 141.98, 69, 100, 150.00, 810, 150.00, 0x0000000000000004
2026/10/02 18:31:18.870, 0, 134.40, 68, 33, 150.00, 855, 150.00, 0x0000000000000004
2026/10/02 18:31:19.071, 0, 139.02, 68, 74, 150.00, 1590, 150.00, 0x0000000000000004
2026/10/02 18:31:19.271, 0, 132.84, 69, 89, 150.00, 780, 150.00, 0x0000000000000004
2026/10/02 18:31:19.472, 0, 133.49, 68, 43, 150.00, 1680, 150.00, 0x0000000000000004
2026/10/02 18:31:19.673, 0, 117.38, 67, 65, 150.00, 1665, 150.00, 0x0000000000000004
2026/10/02 18:31:19.873, 0, 113.71, 68, 45, 150.00, 735, 150.00, 0x0000000000000004
2026/10/02 18:31:20.074, 0, 118.50, 69, 100, 150.00, 780, 150.00, 0x0000000000000004
2026/10/02 18:31:20.274, 0, 125.81, 69, 100, 150.00, 765, 150.00, 0x0000000000000004
2026/10/02 18:31:20.475, 0, 126.56, 69, 100, 150.00, 765, 150.00, 0x0000000000000004
2026/10/02 18:31:20.676, 0, 139.86, 69, 95, 150.00, 780, 150.00, 0x0000000000000004
2026/10/02 18:31:20.876, 0, 144.93, 67, 0, 150.00, 1680, 150.00, 0x0000000000000004
2026/10/02 18:31:21.077, 0, 139.96, 68, 56, 150.00, 1185, 150.00, 0x0000000000000004
2026/10/02 18:31:21.277, 0, 131.21, 69, 100, 150.00, 1380, 150.00, 0x0000000000000004
2026/10/02 18:31:21.478, 0, 117.55, 68, 66, 150.00, 1650, 150.00, 0x0000000000000004
2026/10/02 18:31:21.678, 0, 103.65, 67, 0, 150.00, 855, 150.00, 0x0000000000000004
2026/10/02 18:31:21.879, 0, 97.26, 68, 65, 150.00, 1635, 150.00, 0x0000000000000004
2026/10/02 18:31:22.079, 0, 100.61, 68, 30, 150.00, 780, 150.00, 0x0000000000000004
2026/10/02 18:31:22.280, 0, 103.65, 67, 22, 150.00, 1680, 150.00, 0x0000000000000004
2026/10/02 18:31:22.480, 0, 98.25, 67, 0, 150.00, 1680, 150.00, 0x0000000000000004
2026/10/02 18:31:22.681, 0, 116.85, 68, 100, 150.00, 765, 150.00, 0x0000000000000004
2026/10/02 18:31:22.882, 0, 132.03, 69, 100, 150.00, 840, 150.00, 0x0000000000000004
2026/10/02 18:31:23.082, 0, 140.61, 69, 42, 150.00, 810, 150.00, 0x0000000000000004
2026/10/02 18:31:23.283, 0, 134.11, 69, 100, 150.00, 765, 150.00, 0x0000000000000004
2026/10/02 18:31:23.483, 0, 135.37, 67, 0, 150.00, 615, 150.00, 0x0000000000000004
2026/10/02 18:31:23.684, 0, 135.52, 69, 85, 150.00, 735, 150.00, 0x0000000000000004
2026/10/02 18:31:23.884, 0, 128.25, 69, 86, 150.00, 1065, 150.00, 0x0000000000000004
2026/10/02 18:31:24.085, 0, 119.80, 68, 0, 150.00, 690, 150.00, 0x0000000000000004
2026/10/02 18:31:24.285, 0, 111.34, 69, 63, 150.00, 1185, 150.00, 0x0000000000000004
2026/10/02 18:31:24.486, 0, 119.21, 69, 100, 150.00, 765, 150.00, 0x0000000000000004
2026/10/02 18:31:24.687, 0, 125.48, 69, 100, 150.00, 765, 150.00, 0x0000000000000004
2026/10/02 18:31:24.887, 0, 134.47, 70, 100, 150.00, 1095, 150.00, 0x0000000000000004
2026/10/02 18:31:25.088, 0, 141.68, 69, 31, 150.00, 1485, 150.00, 0x0000000000000004
2026/10/02 18:31:25.288, 0, 134.40, 67, 0, 150.00, 630, 150.00, 0x0000000000000004
2026/10/02 18:31:25.489, 0, 137.65, 69, 30, 150.00, 1470, 150.00, 0x0000000000000004
2026/10/02 18:31:25.689, 0, 126.69, 68, 66, 150.00, 1635, 150.00, 0x0000000000000004
2026/10/02 18:31:25.890, 0, 111.68, 67, 0, 150.00, 1680, 150.00, 0x0000000000000004
2026/10/02 18:31:26.090, 0, 105.64, 67, 0, 150.00, 915, 150.00, 0x0000000000000004
2026/10/02 18:31:26.291, 0, 91.58, 67, 0, 150.00, 1680, 150.00, 0x0000000000000004
2026/10/02 18:31:26.491, 0, 89.07, 67, 0, 150.00, 1695, 150.00, 0x0000000000000000
2026/10/02 18:31:26.692, 0, 80.64, 68, 6, 150.00, 735, 150.00, 0x0000000000000004
2026/10/02 18:31:26.892, 0, 87.53, 68, 100, 150.00, 1515, 150.00, 0x0000000000000004
2026/10/02 18:31:27.093, 0, 92.61, 68, 82, 150.00, 1275, 150.00, 0x0000000000000004
2026/10/02 18:31:27.294, 0, 99.17, 69, 80, 150.00, 1035, 150.00, 0x0000000000000004
2026/10/02 18:31:27.494, 0, 99.08, 67, 0, 150.00, 1680, 150.00, 0x0000000000000004
2026/10/02 18:31:27.695, 0, 110.20, 68, 100, 150.00, 780, 150.00, 0x0000000000000004
2026/10/02 18:31:27.895, 0, 111.07, 69, 100, 150.00, 780, 150.00, 0x0000000000000004
2026/10/02 18:31:28.096, 0, 120.37, 69, 100, 150.00, 765, 150.00, 0x0000000000000004
2026/10/02 18:31:28.297, 0, 129.82, 69, 100, 150.00, 780, 150.00, 0x0000000000000004
2026/10/02 18:31:28.497, 0, 135.96, 68, 15, 150.00, 630, 150.00, 0x0000000000000004
2026/10/02 18:31:28.698, 0, 132.79, 69, 81, 150.00, 1185, 150.00, 0x0000000000000004
2026/10/02 18:31:28.898, 0, 117.98, 68, 0, 150.00, 1680, 150.00, 0x0000000000000004
2026/10/02 18:31:29.099, 0, 125.12, 69, 30, 150.00, 780, 150.00, 0x0000000000000004
2026/10/02 18:31:29.299, 0, 121.45, 69, 100, 150.00, 765, 150.00, 0x0000000000000004
2026/10/02 18:31:29.500, 0, 126.43, 69, 9, 150.00, 735, 150.00, 0x0000000000000004
2026/10/02 18:31:29.700, 0, 114.57, 68, 42, 150.00, 1680, 150.00, 0x0000000000000004
2026/10/02 18:31:29.901, 0, 121.05, 69, 96, 150.00, 1245, 150.00, 0x0000000000000004
2026/10/02 18:31:30.102, 0, 113.32, 69, 61, 150.00, 1605, 150.00, 0x0000000000000004
2026/10/02 18:31:30.302, 0, 98.79, 67, 0, 150.00, 1680, 150.00, 0x0000000000000004
2026/10/02 18:31:30.502, 0, 90.16, 67, 0, 150.00, 1695, 150.00, 0x0000000000000000
2026/10/02 18:31:30.703, 0, 95.94, 68, 76, 150.00, 765, 150.00, 0x0000000000000004
2026/10/02 18:31:30.904, 0, 104.50, 69, 100, 150.00, 765, 150.00, 0x0000000000000004
2026/10/02 18:31:31.104, 0, 108.00, 69, 100, 150.00, 765, 150.00, 0x0000000000000004
2026/10/02 18:31:31.305, 0, 132.21, 69, 32, 150.00, 1485, 150.00, 0x0000000000000004
2026/10/02 18:31:31.505, 0, 139.37, 69, 93, 150.00, 1485, 150.00, 0x0000000000000004
2026/10/02 18:31:31.706, 0, 150.46, 69, 63, 150.00, 795, 150.00, 0x0000000000000004
2026/10/02 18:31:31.906, 0, 150.46, 69, 100, 150.00, 765, 150.00, 0x0000000000000004
2026/10/02 18:31:32.107, 0, 150.39, 70, 100, 150.00, 765, 150.00, 0x0000000000000004
2026/10/02 18:31:32.308, 0, 148.63, 70, 100, 150.00, 765, 150.00, 0x0000000000000004
2026/10/02 18:31:32.508, 0, 142.52, 69, 100, 150.00, 720, 150.00, 0x0000000000000004
2026/10/02 18:31:32.709, 0, 150.02, 70, 100, 150.00, 750, 150.00, 0x0000000000000004
2026/10/02 18:31:32.910, 0, 149.71, 70, 100, 150.00, 765, 150.00, 0x0000000000000004
2026/10/02 18:31:33.110, 0, 149.74, 70, 100, 150.00, 765, 150.00, 0x0000000000000004
2026/10/02 18:31:33.311, 0, 141.38, 70, 41, 150.00, 1440, 150.00, 0x0000000000000004
2026/10/02 18:31:33.511, 0, 152.13, 69, 73, 150.00, 1260, 150.00, 0x0000000000000004
2026/10/02 18:31:33.712, 0, 145.64, 70, 29, 150.00, 1515, 150.00, 0x0000000000000004
2026/10/02 18:31:33.912, 0, 138.34, 70, 88, 150.00, 1065, 150.00, 0x0000000000000004
2026/10/02 18:31:34.113, 0, 141.91, 70, 56, 150.00, 1395, 150.00, 0x0000000000000004
2026/10/02 18:31:34.314, 0, 145.09, 70, 60, 150.00, 1455, 150.00, 0x0000000000000004
2026/10/02 18:31:34.514, 0, 148.59, 70, 100, 150.00, 765, 150.00, 0x0000000000000004
2026/10/02 18:31:34.715, 0, 129.07, 69, 0, 150.00, 1680, 150.00, 0x0000000000000004
2026/10/02 18:31:34.915, 0, 137.96, 69, 52, 150.00, 1275, 150.00, 0x0000000000000004
2026/10/02 18:31:35.116, 0, 119.00, 68, 0, 150.00, 1680, 150.00, 0x0000000000000004
2026/10/02 18:31:35.316, 0, 107.38, 68, 0, 150.00, 1635, 150.00, 0x0000000000000004
2026/10/02 18:31:35.517, 0, 104.88, 69, 97, 150.00, 780, 150.00, 0x0000000000000004
2026/10/02 18:31:35.717, 0, 97.79, 68, 0, 150.00, 1680, 150.00, 0x0000000000000004
2026/10/02 18:31:35.918, 0, 89.08, 68, 0, 150.00, 1665, 150.00, 0x0000000000000004
2026/10/02 18:31:36.118, 0, 90.38, 67, 0, 150.00, 1680, 150.00, 0x0000000000000004
2026/10/02 18:31:36.319, 0, 87.63, 67, 62, 150.00, 660, 150.00, 0x0000000000000004
2026/10/02 18:31:36.519, 0, 79.59, 67, 0, 150.00, 1680, 150.00, 0x0000000000000004
2026/10/02 18:31:36.720, 0, 90.03, 68, 92, 150.00, 825, 150.00, 0x0000000000000004
2026/10/02 18:31:36.920, 0, 96.63, 67, 65, 150.00, 585, 150.00, 0x0000000000000004
2026/10/02 18:31:37.121, 0, 99.26, 68, 0, 150.00, 1650, 150.00, 0x0000000000000004
2026/10/02 18:31:37.321, 0, 114.39, 69, 100, 150.00, 795, 150.00, 0x0000000000000004
2026/10/02 18:31:37.522, 0, 114.51, 68, 0, 150.00, 1665, 150.00, 0x0000000000000004
2026/10/02 18:31:37.722, 0, 111.11, 68, 49, 150.00, 1305, 150.00, 0x0000000000000004
2026/10/02 18:31:37.923, 0, 115.33, 68, 44, 150.00, 1005, 150.00, 0x0000000000000004
2026/10/02 18:31:38.124, 0, 119.83, 69, 100, 150.00, 765, 150.00, 0x0000000000000004
2026/10/02 18:31:38.324, 0, 120.53, 69, 59, 150.00, 600, 150.00, 0x0000000000000004
2026/10/02 18:31:38.525, 0, 127.40, 69, 100, 150.00, 765, 150.00, 0x0000000000000004
2026/10/02 18:31:38.725, 0, 134.83, 70, 100, 150.00, 765, 150.00, 0x0000000000000004
2026/10/02 18:31:38.926, 0, 151.52, 70, 100, 150.00, 765, 150.00, 0x0000000000000004
2026/10/02 18:31:39.127, 0, 145.25, 70, 100, 150.00, 510, 150.00, 0x0000000000000004
2026/10/02 18:31:39.327, 0, 152.08, 70, 100, 150.00, 735, 150.00, 0x0000000000000004
2026/10/02 18:31:39.528, 0, 142.67, 70, 42, 150.00, 1425, 150.00, 0x0000000000000004
2026/10/02 18:31:39.729, 0, 133.53, 70, 64, 150.00, 1110, 150.00, 0x0000000000000004
2026/10/02 18:31:39.929, 0, 118.67, 68, 0, 150.00, 1680, 150.00, 0x0000000000000004
2026/10/02 18:31:40.130, 0, 117.17, 67, 38, 150.00, 1170, 150.00, 0x0000000000000004
2026/10/02 18:31:40.330, 0, 118.96, 69, 90, 150.00, 735, 150.00, 0x0000000000000004
2026/10/02 18:31:40.531, 0, 119.12, 70, 100, 150.00, 780, 150.00, 0x0000000000000004
2026/10/02 18:31:40.731, 0, 120.06, 70, 41, 150.00, 1440, 150.00, 0x0000000000000004
2026/10/02 18:31:40.932, 0, 122.41, 68, 64, 150.00, 630, 150.00, 0x0000000000000004
2026/10/02 18:31:41.132, 0, 130.13, 68, 59, 150.00, 585, 150.00, 0x0000000000000004
2026/10/02 18:31:41.333, 0, 116.57, 69, 8, 150.00, 1605, 150.00, 0x0000000000000004
2026/10/02 18:31:41.533, 0, 110.03, 68, 63, 150.00, 555, 150.00, 0x0000000000000004
2026/10/02 18:31:41.734, 0, 110.07, 69, 100, 150.00, 780, 150.00, 0x0000000000000004
2026/10/02 18:31:41.934, 0, 123.45, 68, 37, 150.00, 1230, 150.00, 0x0000000000000004
2026/10/02 18:31:42.135, 0, 133.48, 70, 44, 150.00, 1410, 150.00, 0x0000000000000004
2026/10/02 18:31:42.336, 0, 116.72, 68, 0, 150.00, 1665, 150.00, 0x0000000000000004
2026/10/02 18:31:42.536, 0, 117.23, 68, 0, 150.00, 1680, 150.00, 0x0000000000000004
2026/10/02 18:31:42.737, 0, 103.31, 68, 0, 150.00, 1650, 150.00, 0x0000000000000004
2026/10/02 18:31:42.937, 0, 97.06, 67, 0, 150.00, 1680, 150.00, 0x0000000000000004
2026/10/02 18:31:43.137, 0, 71.22, 67, 0, 150.00, 1695, 150.00, 0x0000000000000000
2026/10/02 18:31:43.338, 0, 73.56, 67, 0, 150.00, 1695, 150.00, 0x0000000000000000
2026/10/02 18:31:43.539, 0, 86.26, 68, 24, 150.00, 1515, 150.00, 0x0000000000000004
2026/10/02 18:31:43.739, 0, 84.88, 67, 0, 150.00, 1680, 150.00, 0x0000000000000004
2026/10/02 18:31:43.939, 0, 95.15, 67, 51, 150.00, 705, 150.00, 0x0000000000000004
2026/10/02 18:31:44.140, 0, 94.39, 67, 0, 150.00, 1680, 150.00, 0x0000000000000004
2026/10/02 18:31:44.340, 0, 94.26, 67, 0, 150.00, 1680, 150.00, 0x0000000000000004
2026/10/02 18:31:44.541, 0, 93.93, 68, 30, 150.00, 1500, 150.00, 0x0000000000000004
2026/10/02 18:31:44.741, 0, 94.73, 67, 0, 150.00, 1680, 150.00, 0x0000000000000004
2026/10/02 18:31:44.942, 0, 94.80, 66, 0, 150.00, 1695, 150.00, 0x0000000000000000
2026/10/02 18:31:45.142, 0, 96.93, 68, 22, 150.00, 1545, 150.00, 0x0000000000000004
2026/10/02 18:31:45.343, 0, 96.86, 66, 0, 150.00, 1680, 150.00, 0x0000000000000004
2026/10/02 18:31:45.543, 0, 82.54, 66, 0, 150.00, 1695, 150.00, 0x0000000000000000
2026/10/02 18:31:45.744, 0, 82.47, 67, 0, 150.00, 1665, 150.00, 0x0000000000000004
2026/10/02 18:31:45.944, 0, 82.45, 66, 0, 150.00, 1680, 150.00, 0x0000000000000004
2026/10/02 18:31:46.145, 0, 70.03, 66, 0, 150.00, 1695, 150.00, 0x0000000000000000
2026/10/02 18:31:46.345, 0, 70.93, 66, 0, 150.00, 1695, 150.00, 0x0000000000000000
2026/10/02 18:31:46.546, 0, 77.71, 67, 0, 150.00, 1650, 150.00, 0x0000000000000004
2026/10/02 18:31:46.746, 0, 83.13, 67, 0, 150.00, 1665, 150.00, 0x0000000000000004
2026/10/02 18:31:46.947, 0, 87.66, 66, 62, 150.00, 945, 150.00, 0x0000000000000004
2026/10/02 18:31:47.147, 0, 87.31, 66, 0, 150.00, 1680, 150.00, 0x0000000000000004
2026/10/02 18:31:47.348, 0, 88.14, 66, 65, 150.00, 1140, 150.00, 0x0000000000000004
2026/10/02 18:31:47.548, 0, 95.63, 68, 93, 150.00, 975, 150.00, 0x0000000000000004
2026/10/02 18:31:47.749, 0, 104.87, 67, 30, 150.00, 885, 150.00, 0x0000000000000004
2026/10/02 18:31:47.949, 0, 111.72, 68, 20, 150.00, 1635, 150.00, 0x0000000000000004
2026/10/02 18:31:48.150, 0, 107.68, 66, 0, 150.00, 1680, 150.00, 0x0000000000000004
2026/10/02 18:31:48.350, 0, 120.87, 68, 30, 150.00, 600, 150.00, 0x0000000000000004
2026/10/02 18:31:48.551, 0, 119.82, 68, 100, 150.00, 1020, 150.00, 0x0000000000000004
2026/10/02 18:31:48.752, 0, 105.97, 67, 0, 150.00, 1680, 150.00, 0x0000000000000004
2026/10/02 18:31:48.953, 0, 99.52, 66, 0, 150.00, 1695, 150.00, 0x0000000000000000
2026/10/02 18:31:49.153, 0, 99.61, 66, 0, 150.00, 1695, 150.00, 0x0000000000000000
2026/10/02 18:31:49.354, 0, 98.10, 66, 0, 150.00, 1200, 150.00, 0x0000000000000000
2026/10/02 18:31:49.554, 0, 89.18, 67, 57, 150.00, 1290, 150.00, 0x0000000000000004
2026/10/02 18:31:49.755, 0, 89.64, 66, 0, 150.00, 1680, 150.00, 0x0000000000000004
2026/10/02 18:31:49.955, 0, 89.63, 66, 0, 150.00, 1695, 150.00, 0x0000000000000000
2026/10/02 18:31:50.156, 0, 89.63, 66, 0, 150.00, 1695, 150.00, 0x0000000000000000
2026/10/02 18:31:50.356, 0, 103.73, 66, 0, 150.00, 675, 150.00, 0x0000000000000004
2026/10/02 18:31:50.557, 0, 94.64, 66, 29, 150.00, 1245, 150.00, 0x0000000000000004
2026/10/02 18:31:50.758, 0, 94.01, 67, 50, 150.00, 975, 150.00, 0x0000000000000004
2026/10/02 18:31:50.958, 0, 93.81, 66, 0, 150.00, 1680, 150.00, 0x0000000000000004
2026/10/02 18:31:51.159, 0, 101.50, 66, 0, 150.00, 645, 150.00, 0x0000000000000004
2026/10/02 18:31:51.359, 0, 100.84, 66, 6, 150.00, 1680, 150.00, 0x0000000000000004
2026/10/02 18:31:51.560, 0, 91.56, 65, 0, 150.00, 1680, 150.00, 0x0000000000000004
2026/10/02 18:31:51.761, 0, 87.54, 67, 100, 150.00, 1410, 150.00, 0x0000000000000004
2026/10/02 18:31:51.961, 0, 88.24, 66, 0, 150.00, 1680, 150.00, 0x0000000000000004
2026/10/02 18:31:52.162, 0, 92.69, 65, 0, 150.00, 900, 150.00, 0x0000000000000004
2026/10/02 18:31:52.362, 0, 86.23, 67, 72, 150.00, 990, 150.00, 0x0000000000000004
2026/10/02 18:31:52.563, 0, 86.12, 66, 0, 150.00, 1680, 150.00, 0x0000000000000004
2026/10/02 18:31:52.763, 0, 84.86, 67, 52, 150.00, 1635, 150.00, 0x0000000000000004
2026/10/02 18:31:52.964, 0, 85.79, 67, 65, 150.00, 1680, 150.00, 0x0000000000000004
2026/10/02 18:31:53.165, 0, 85.82, 66, 0, 150.00, 1680, 150.00, 0x0000000000000004
2026/10/02 18:31:53.365, 0, 80.18, 65, 0, 150.00, 1695, 150.00, 0x0000000000000000
2026/10/02 18:31:53.566, 0, 80.80, 65, 0, 150.00, 1695, 150.00, 0x0000000000000000
2026/10/02 18:31:53.766, 0, 81.62, 65, 0, 150.00, 1230, 150.00, 0x0000000000000000
2026/10/02 18:31:53.967, 0, 88.35, 67, 100, 150.00, 1515, 150.00, 0x0000000000000004
2026/10/02 18:31:54.167, 0, 95.99, 66, 0, 150.00, 690, 150.00, 0x0000000000000004
2026/10/02 18:31:54.368, 0, 95.47, 66, 0, 150.00, 1680, 150.00, 0x0000000000000004
2026/10/02 18:31:54.568, 0, 106.25, 65, 0, 150.00, 585, 150.00, 0x0000000000000004
2026/10/02 18:31:54.769, 0, 114.85, 65, 16, 150.00, 660, 150.00, 0x0000000000000004
2026/10/02 18:31:54.969, 0, 109.21, 66, 9, 150.00, 1080, 150.00, 0x0000000000000004
2026/10/02 18:31:55.170, 0, 116.97, 66, 45, 150.00, 600, 150.00, 0x0000000000000004
2026/10/02 18:31:55.370, 0, 109.28, 66, 7, 150.00, 1680, 150.00, 0x0000000000000004
2026/10/02 18:31:55.571, 0, 110.53, 65, 0, 150.00, 1110, 150.00, 0x0000000000000004
2026/10/02 18:31:55.771, 0, 100.13, 65, 0, 150.00, 1680, 150.00, 0x0000000000000004
2026/10/02 18:31:55.972, 0, 95.56, 66, 9, 150.00, 1485, 150.00, 0x0000000000000004
2026/10/02 18:31:56.172, 0, 82.57, 66, 2, 150.00, 1395, 150.00, 0x0000000000000004
2026/10/02 18:31:56.373, 0, 81.53, 65, 0, 150.00, 720, 150.00, 0x0000000000000004
2026/10/02 18:31:56.573, 0, 88.11, 67, 100, 150.00, 1305, 150.00, 0x0000000000000004
2026/10/02 18:31:56.774, 0, 87.08, 66, 0, 150.00, 1680, 150.00, 0x0000000000000004
2026/10/02 18:31:56.974, 0, 81.65, 65, 0, 150.00, 1695, 150.00, 0x0000000000000000
2026/10/02 18:31:57.175, 0, 82.95, 65, 0, 150.00, 1695, 150.00, 0x0000000000000000
2026/10/02 18:31:57.375, 0, 83.11, 66, 2, 150.00, 1395, 150.00, 0x0000000000000004
2026/10/02 18:31:57.576, 0, 76.56, 65, 0, 150.00, 690, 150.00, 0x0000000000000004
2026/10/02 18:31:57.776, 0, 77.24, 65, 0, 150.00, 1680, 150.00, 0x0000000000000004
2026/10/02 18:31:57.977, 0, 77.15, 65, 0, 150.00, 1695, 150.00, 0x0000000000000004
2026/10/02 18:31:58.177, 0, 94.01, 66, 55, 150.00, 765, 150.00, 0x0000000000000004
2026/10/02 18:31:58.378, 0, 104.11, 65, 0, 150.00, 600, 150.00, 0x0000000000000004
2026/10/02 18:31:58.578, 0, 104.58, 65, 12, 150.00, 1680, 150.00, 0x0000000000000004
2026/10/02 18:31:58.779, 0, 117.23, 66, 19, 150.00, 765, 150.00, 0x0000000000000004
2026/10/02 18:31:58.980, 0, 126.81, 66, 31, 150.00, 840, 150.00, 0x0000000000000004
2026/10/02 18:31:59.180, 0, 115.96, 66, 7, 150.00, 1365, 150.00, 0x0000000000000004
2026/10/02 18:31:59.381, 0, 120.01, 65, 0, 150.00, 570, 150.00, 0x0000000000000004
2026/10/02 18:31:59.581, 0, 109.39, 65, 15, 150.00, 1680, 150.00, 0x0000000000000004
2026/10/02 18:31:59.782, 0, 107.54, 66, 50, 150.00, 1635, 150.00, 0x0000000000000004
2026/10/02 18:31:59.982, 0, 99.96, 65, 0, 150.00, 1680, 150.00, 0x0000000000000004
2026/10/02 18:32:00.183, 0, 100.63, 65, 0, 150.00, 615, 150.00, 0x0000000000000004
2026/10/02 18:32:00.383, 0, 100.83, 65, 16, 150.00, 1680, 150.00, 0x0000000000000004
2026/10/02 18:32:00.584, 0, 101.92, 66, 43, 150.00, 1620, 150.00, 0x0000000000000004
2026/10/02 18:32:00.784, 0, 92.21, 65, 0, 150.00, 645, 150.00, 0x0000000000000004
2026/10/02 18:32:00.985, 0, 106.04, 65, 0, 150.00, 1680, 150.00, 0x0000000000000004
2026/10/02 18:32:01.185, 0, 117.09, 65, 43, 150.00, 1125, 150.00, 0x0000000000000004
2026/10/02 18:32:01.386, 0, 117.55, 67, 68, 150.00, 1440, 150.00, 0x0000000000000004
2026/10/02 18:32:01.586, 0, 110.82, 67, 99, 150.00, 1335, 150.00, 0x0000000000000004
2026/10/02 18:32:01.787, 0, 111.53, 65, 0, 150.00, 1680, 150.00, 0x0000000000000004
2026/10/02 18:32:01.987, 0, 124.98, 65, 0, 150.00, 1005, 150.00, 0x0000000000000000
2026/10/02 18:32:02.188, 0, 121.35, 65, 42, 150.00, 660, 150.00, 0x0000000000000004
2026/10/02 18:32:02.388, 0, 104.45, 67, 96, 150.00, 1635, 150.00, 0x0000000000000004
2026/10/02 18:32:02.589, 0, 107.28, 66, 56, 150.00, 1650, 150.00, 0x0000000000000004
2026/10/02 18:32:02.790, 0, 111.64, 66, 66, 150.00, 1665, 150.00, 0x0000000000000004
2026/10/02 18:32:02.990, 0, 111.67, 65, 0, 150.00, 1680, 150.00, 0x0000000000000004
2026/10/02 18:32:03.191, 0, 107.99, 66, 55, 150.00, 1650, 150.00, 0x0000000000000004
2026/10/02 18:32:03.391, 0, 91.19, 65, 0, 150.00, 1680, 150.00, 0x0000000000000004
2026/10/02 18:32:03.592, 0, 85.11, 65, 0, 150.00, 990, 150.00, 0x0000000000000004
2026/10/02 18:32:03.792, 0, 88.52, 67, 100, 150.00, 1305, 150.00, 0x0000000000000004
2026/10/02 18:32:03.993, 0, 98.28, 66, 52, 150.00, 1635, 150.00, 0x0000000000000004
2026/10/02 18:32:04.194, 0, 95.47, 66, 60, 150.00, 585, 150.00, 0x0000000000000004
2026/10/02 18:32:04.394, 0, 95.57, 65, 0, 150.00, 1680, 150.00, 0x0000000000000004
2026/10/02 18:32:04.595, 0, 116.56, 66, 38, 150.00, 810, 150.00, 0x0000000000000004
2026/10/02 18:32:04.795, 0, 112.00, 67, 92, 150.00, 1635, 150.00, 0x0000000000000004
2026/10/02 18:32:04.996, 0, 103.04, 65, 0, 150.00, 1680, 150.00, 0x0000000000000004
2026/10/02 18:32:05.196, 0, 119.58, 66, 65, 150.00, 1380, 150.00, 0x0000000000000004
2026/10/02 18:32:05.397, 0, 126.93, 67, 100, 150.00, 780, 150.00, 0x0000000000000004
2026/10/02 18:32:05.597, 0, 113.08, 66, 16, 150.00, 1680, 150.00, 0x0000000000000004
2026/10/02 18:32:05.798, 0, 114.00, 65, 0, 150.00, 630, 150.00, 0x0000000000000004
2026/10/02 18:32:05.998, 0, 113.26, 65, 31, 150.00, 1680, 150.00, 0x0000000000000004
2026/10/02 18:32:06.199, 0, 119.39, 66, 35, 150.00, 1605, 150.00, 0x0000000000000004
2026/10/02 18:32:06.399, 0, 107.53, 66, 8, 150.00, 1470, 150.00, 0x0000000000000004
2026/10/02 18:32:06.600, 0, 100.45, 65, 0, 150.00, 1680, 150.00, 0x0000000000000004
2026/10/02 18:32:06.800, 0, 100.47, 65, 0, 150.00, 1695, 150.00, 0x0000000000000000
2026/10/02 18:32:07.001, 0, 92.90, 65, 63, 150.00, 1665, 150.00, 0x0000000000000004
2026/10/02 18:32:07.201, 0, 78.95, 65, 0, 150.00, 1680, 150.00, 0x0000000000000004
2026/10/02 18:32:07.402, 0, 75.14, 64, 0, 150.00, 1695, 150.00, 0x0000000000000000
2026/10/02 18:32:07.602, 0, 90.30, 66, 28, 150.00, 1470, 150.00, 0x0000000000000004
2026/10/02 18:32:07.803, 0, 96.14, 66, 99, 150.00, 1350, 150.00, 0x0000000000000004
2026/10/02 18:32:08.004, 0, 88.68, 65, 64, 150.00, 1680, 150.00, 0x0000000000000004
2026/10/02 18:32:08.204, 0, 88.00, 65, 62, 150.00, 1680, 150.00, 0x0000000000000004
2026/10/02 18:32:08.405, 0, 96.28, 65, 63, 150.00, 645, 150.00, 0x0000000000000004
2026/10/02 18:32:08.605, 0, 80.74, 65, 10, 150.00, 1680, 150.00, 0x0000000000000004
2026/10/02 18:32:08.806, 0, 74.80, 65, 0, 150.00, 1680, 150.00, 0x0000000000000004
2026/10/02 18:32:09.006, 0, 76.95, 64, 0, 150.00, 1695, 150.00, 0x0000000000000000
2026/10/02 18:32:09.206, 0, 78.05, 64, 0, 150.00, 1695, 150.00, 0x0000000000000000
2026/10/02 18:32:09.407, 0, 79.28, 64, 0, 150.00, 1695, 150.00, 0x0000000000000000
2026/10/02 18:32:09.607, 0, 79.28, 64, 0, 150.00, 1695, 150.00, 0x0000000000000000
2026/10/02 18:32:09.808, 0, 79.28, 64, 0, 150.00, 1695, 150.00, 0x0000000000000000
2026/10/02 18:32:10.008, 0, 102.43, 65, 78, 150.00, 1665, 150.00, 0x0000000000000004
2026/10/02 18:32:10.209, 0, 102.30, 64, 0, 150.00, 1680, 150.00, 0x0000000000000004
2026/10/02 18:32:10.409, 0, 108.06, 64, 0, 150.00, 1695, 150.00, 0x0000000000000000
2026/10/02 18:32:10.610, 0, 103.70, 64, 51, 150.00, 1680, 150.00, 0x0000000000000004
2026/10/02 18:32:10.811, 0, 103.33, 66, 96, 150.00, 1335, 150.00, 0x0000000000000004
2026/10/02 18:32:11.011, 0, 79.97, 64, 0, 150.00, 1680, 150.00, 0x0000000000000004
2026/10/02 18:32:11.211, 0, 80.32, 64, 0, 150.00, 1695, 150.00, 0x0000000000000000
2026/10/02 18:32:11.412, 0, 80.46, 64, 0, 150.00, 1695, 150.00, 0x0000000000000000
2026/10/02 18:32:11.612, 0, 75.79, 64, 0, 150.00, 1695, 150.00, 0x0000000000000000
2026/10/02 18:32:11.813, 0, 75.89, 64, 0, 150.00, 1695, 150.00, 0x0000000000000000
2026/10/02 18:32:12.013, 0, 84.90, 63, 0, 150.00, 1335, 150.00, 0x0000000000000004
2026/10/02 18:32:12.214, 0, 84.15, 65, 67, 150.00, 1680, 150.00, 0x0000000000000004
2026/10/02 18:32:12.414, 0, 84.00, 64, 0, 150.00, 1680, 150.00, 0x0000000000000004
2026/10/02 18:32:12.615, 0, 83.94, 64, 0, 150.00, 1695, 150.00, 0x0000000000000000
2026/10/02 18:32:12.815, 0, 83.92, 63, 0, 150.00, 1695, 150.00, 0x0000000000000000
2026/10/02 18:32:13.016, 0, 68.93, 63, 0, 150.00, 1695, 150.00, 0x0000000000000000
2026/10/02 18:32:13.216, 0, 68.93, 63, 0, 150.00, 1695, 150.00, 0x0000000000000000
2026/10/02 18:32:13.417, 0, 68.93, 63, 0, 150.00, 1695, 150.00, 0x0000000000000000
2026/10/02 18:32:13.617, 0, 68.93, 63, 0, 150.00, 1695, 150.00, 0x0000000000000000
2026/10/02 18:32:13.818, 0, 127.90, 65, 100, 150.00, 825, 150.00, 0x0000000000000004
2026/10/02 18:32:14.019, 0, 126.70, 64, 50, 150.00, 1680, 150.00, 0x0000000000000004
2026/10/02 18:32:14.219, 0, 121.92, 64, 0, 150.00, 1680, 150.00, 0x0000000000000004
2026/10/02 18:32:14.419, 0, 114.51, 63, 0, 150.00, 1695, 150.00, 0x0000000000000000
2026/10/02 18:32:14.620, 0, 108.93, 63, 0, 150.00, 1695, 150.00, 0x0000000000000000
2026/10/02 18:32:14.820, 0, 76.31, 63, 0, 150.00, 1695, 150.00, 0x0000000000000000
2026/10/02 18:32:15.021, 0, 76.31, 63, 0, 150.00, 1695, 150.00, 0x0000000000000000
2026/10/02 18:32:15.221, 0, 102.39, 63, 0, 150.00, 960, 150.00, 0x0000000000000000
2026/10/02 18:32:15.422, 0, 101.32, 63, 32, 150.00, 1680, 150.00, 0x0000000000000004
2026/10/02 18:32:15.622, 0, 110.73, 64, 15, 150.00, 1320, 150.00, 0x0000000000000004
2026/10/02 18:32:15.823, 0, 132.99, 65, 35, 150.00, 780, 150.00, 0x0000000000000004
2026/10/02 18:32:16.024, 0, 137.02, 65, 61, 150.00, 1620, 150.00, 0x0000000000000004
2026/10/02 18:32:16.224, 0, 116.64, 64, 0, 150.00, 1680, 150.00, 0x0000000000000004
2026/10/02 18:32:16.425, 0, 111.50, 63, 0, 150.00, 1695, 150.00, 0x0000000000000000
2026/10/02 18:32:16.625, 0, 100.99, 63, 0, 150.00, 1695, 150.00, 0x0000000000000000
2026/10/02 18:32:16.826, 0, 87.00, 64, 64, 150.00, 1680, 150.00, 0x0000000000000004
2026/10/02 18:32:17.026, 0, 67.95, 63, 0, 150.00, 1680, 150.00, 0x0000000000000004
2026/10/02 18:32:17.227, 0, 77.13, 64, 58, 150.00, 1650, 150.00, 0x0000000000000004
2026/10/02 18:32:17.427, 0, 77.04, 63, 0, 150.00, 1680, 150.00, 0x0000000000000004
2026/10/02 18:32:17.628, 0, 84.59, 63, 0, 150.00, 1695, 150.00, 0x0000000000000000
2026/10/02 18:32:17.828, 0, 84.12, 63, 53, 150.00, 1680, 150.00, 0x0000000000000004
2026/10/02 18:32:18.029, 0, 84.22, 63, 0, 150.00, 825, 150.00, 0x0000000000000004
2026/10/02 18:32:18.229, 0, 81.11, 63, 0, 150.00, 600, 150.00, 0x0000000000000004
2026/10/02 18:32:18.429, 0, 89.39, 63, 0, 150.00, 675, 150.00, 0x0000000000000004
2026/10/02 18:32:18.630, 0, 90.01, 63, 0, 150.00, 615, 150.00, 0x0000000000000004
2026/10/02 18:32:18.830, 0, 83.24, 63, 0, 150.00, 1680, 150.00, 0x0000000000000004
2026/10/02 18:32:19.031, 0, 90.82, 64, 63, 150.00, 1620, 150.00, 0x0000000000000004
2026/10/02 18:32:19.231, 0, 91.00, 63, 0, 150.00, 1680, 150.00, 0x0000000000000004
2026/10/02 18:32:19.432, 0, 87.11, 64, 65, 150.00, 1650, 150.00, 0x0000000000000004
2026/10/02 18:32:19.632, 0, 79.34, 63, 0, 150.00, 1680, 150.00, 0x0000000000000004
2026/10/02 18:32:19.833, 0, 87.89, 63, 0, 150.00, 615, 150.00, 0x0000000000000004
2026/10/02 18:32:20.033, 0, 79.42, 63, 9, 150.00, 1680, 150.00, 0x0000000000000004
2026/10/02 18:32:20.234, 0, 93.39, 63, 0, 150.00, 1230, 150.00, 0x0000000000000004
2026/10/02 18:32:20.434, 0, 106.39, 65, 100, 150.00, 795, 150.00, 0x0000000000000004
2026/10/02 18:32:20.635, 0, 106.15, 64, 69, 150.00, 1680, 150.00, 0x0000000000000004
2026/10/02 18:32:20.835, 0, 106.19, 63, 0, 150.00, 1680, 150.00, 0x0000000000000004
2026/10/02 18:32:21.036, 0, 119.58, 65, 35, 150.00, 810, 150.00, 0x0000000000000004
2026/10/02 18:32:21.237, 0, 126.26, 64, 95, 150.00, 1635, 150.00, 0x0000000000000004
2026/10/02 18:32:21.437, 0, 105.15, 63, 0, 150.00, 1680, 150.00, 0x0000000000000004
2026/10/02 18:32:21.638, 0, 111.44, 65, 76, 150.00, 795, 150.00, 0x0000000000000004
2026/10/02 18:32:21.838, 0, 110.52, 64, 39, 150.00, 1680, 150.00, 0x0000000000000004
2026/10/02 18:32:22.039, 0, 96.02, 63, 0, 150.00, 1680, 150.00, 0x0000000000000004
2026/10/02 18:32:22.239, 0, 81.56, 63, 0, 150.00, 1695, 150.00, 0x0000000000000000
2026/10/02 18:32:22.440, 0, 81.97, 63, 0, 150.00, 1695, 150.00, 0x0000000000000000
2026/10/02 18:32:22.640, 0, 86.92, 63, 0, 150.00, 1275, 150.00, 0x0000000000000000
2026/10/02 18:32:22.841, 0, 98.81, 65, 100, 150.00, 750, 150.00, 0x0000000000000004
2026/10/02 18:32:23.041, 0, 97.65, 64, 29, 150.00, 915, 150.00, 0x0000000000000004
2026/10/02 18:32:23.242, 0, 119.58, 65, 33, 150.00, 810, 150.00, 0x0000000000000004
2026/10/02 18:32:23.442, 0, 132.99, 64, 16, 150.00, 810, 150.00, 0x0000000000000004
2026/10/02 18:32:23.643, 0, 131.95, 64, 27, 150.00, 1680, 150.00, 0x0000000000000004
2026/10/02 18:32:23.843, 0, 114.11, 63, 0, 150.00, 1680, 150.00, 0x0000000000000004
2026/10/02 18:32:24.044, 0, 103.61, 63, 0, 150.00, 1695, 150.00, 0x0000000000000000
2026/10/02 18:32:24.244, 0, 89.58, 63, 0, 150.00, 1695, 150.00, 0x0000000000000000
2026/10/02 18:32:24.445, 0, 82.69, 63, 0, 150.00, 1695, 150.00, 0x0000000000000000
2026/10/02 18:32:24.645, 0, 87.65, 63, 0, 150.00, 1695, 150.00, 0x0000000000000000
2026/10/02 18:32:24.846, 0, 92.30, 64, 89, 150.00, 1380, 150.00, 0x0000000000000004
2026/10/02 18:32:25.046, 0, 91.15, 64, 63, 150.00, 1680, 150.00, 0x0000000000000004
2026/10/02 18:32:25.247, 0, 91.02, 63, 0, 150.00, 1680, 150.00, 0x0000000000000004
2026/10/02 18:32:25.447, 0, 103.44, 63, 0, 150.00, 630, 150.00, 0x0000000000000004
2026/10/02 18:32:25.648, 0, 108.28, 65, 100, 150.00, 810, 150.00, 0x0000000000000004
2026/10/02 18:32:25.848, 0, 87.79, 63, 0, 150.00, 1680, 150.00, 0x0000000000000004
2026/10/02 18:32:26.049, 0, 96.50, 65, 76, 150.00, 1365, 150.00, 0x0000000000000004
2026/10/02 18:32:26.249, 0, 96.55, 63, 0, 150.00, 1680, 150.00, 0x0000000000000004
2026/10/02 18:32:26.450, 0, 96.57, 63, 0, 150.00, 1695, 150.00, 0x0000000000000000
2026/10/02 18:32:26.650, 0, 76.61, 63, 0, 150.00, 1695, 150.00, 0x0000000000000000
2026/10/02 18:32:26.851, 0, 75.92, 63, 0, 150.00, 1695, 150.00, 0x0000000000000000
2026/10/02 18:32:27.051, 0, 70.72, 64, 72, 150.00, 1215, 150.00, 0x0000000000000004
2026/10/02 18:32:27.252, 0, 71.18, 63, 0, 150.00, 1680, 150.00, 0x0000000000000004
2026/10/02 18:32:27.452, 0, 84.50, 64, 36, 150.00, 1590, 150.00, 0x0000000000000004
2026/10/02 18:32:27.653, 0, 84.32, 63, 0, 150.00, 1680, 150.00, 0x0000000000000004
2026/10/02 18:32:27.853, 0, 84.26, 63, 0, 150.00, 1695, 150.00, 0x0000000000000000
2026/10/02 18:32:28.054, 0, 81.44, 62, 0, 150.00, 1695, 150.00, 0x0000000000000000
2026/10/02 18:32:28.254, 0, 106.23, 64, 42, 150.00, 960, 150.00, 0x0000000000000004
2026/10/02 18:32:28.455, 0, 107.49, 64, 77, 150.00, 765, 150.00, 0x0000000000000004
2026/10/02 18:32:28.656, 0, 106.36, 64, 56, 150.00, 1560, 150.00, 0x0000000000000004
2026/10/02 18:32:28.856, 0, 118.20, 65, 0, 150.00, 675, 150.00, 0x0000000000000004
2026/10/02 18:32:29.056, 0, 125.49, 63, 97, 150.00, 1680, 150.00, 0x0000000000000004
2026/10/02 18:32:29.257, 0, 112.68, 63, 0, 150.00, 1695, 150.00, 0x0000000000000004
2026/10/02 18:32:29.457, 0, 86.22, 63, 0, 150.00, 1695, 150.00, 0x0000000000000000
2026/10/02 18:32:29.658, 0, 88.40, 62, 0, 150.00, 1695, 150.00, 0x0000000000000000
2026/10/02 18:32:29.859, 0, 88.72, 63, 20, 150.00, 1650, 150.00, 0x0000000000000004
2026/10/02 18:32:30.059, 0, 81.30, 63, 0, 150.00, 1680, 150.00, 0x0000000000000004
2026/10/02 18:32:30.260, 0, 81.27, 62, 0, 150.00, 1695, 150.00, 0x0000000000000000
2026/10/02 18:32:30.460, 0, 81.27, 62, 0, 150.00, 1695, 150.00, 0x0000000000000000
2026/10/02 18:32:30.661, 0, 80.53, 63, 64, 150.00, 1500, 150.00, 0x0000000000000004
2026/10/02 18:32:30.861, 0, 67.46, 62, 0, 150.00, 1680, 150.00, 0x0000000000000004
2026/10/02 18:32:31.062, 0, 67.16, 63, 60, 150.00, 1560, 150.00, 0x0000000000000004
2026/10/02 18:32:31.262, 0, 66.97, 62, 0, 150.00, 1680, 150.00, 0x0000000000000004
2026/10/02 18:32:31.463, 0, 66.95, 62, 0, 150.00, 1695, 150.00, 0x0000000000000000
2026/10/02 18:32:31.663, 0, 66.94, 62, 0, 150.00, 1695, 150.00, 0x0000000000000000
2026/10/02 18:32:31.864, 0, 67.81, 62, 0, 150.00, 1695, 150.00, 0x0000000000000000
2026/10/02 18:32:32.064, 0, 77.91, 63, 9, 150.00, 1035, 150.00, 0x0000000000000004
2026/10/02 18:32:32.265, 0, 80.16, 63, 64, 150.00, 1365, 150.00, 0x0000000000000004
2026/10/02 18:32:32.465, 0, 84.41, 64, 0, 150.00, 1230, 150.00, 0x0000000000000004
2026/10/02 18:32:32.666, 0, 89.83, 64, 54, 150.00, 1590, 150.00, 0x0000000000000004
2026/10/02 18:32:32.867, 0, 89.68, 63, 0, 150.00, 1680, 150.00, 0x0000000000000004
2026/10/02 18:32:33.067, 0, 79.05, 62, 0, 150.00, 1695, 150.00, 0x0000000000000000
2026/10/02 18:32:33.268, 0, 92.78, 64, 48, 150.00, 870, 150.00, 0x0000000000000004
2026/10/02 18:32:33.468, 0, 85.52, 62, 0, 150.00, 1680, 150.00, 0x0000000000000004
2026/10/02 18:32:33.669, 0, 79.20, 62, 0, 150.00, 1695, 150.00, 0x0000000000000004
2026/10/02 18:32:33.869, 0, 80.33, 62, 0, 150.00, 1695, 150.00, 0x0000000000000000
2026/10/02 18:32:34.070, 0, 94.90, 64, 36, 150.00, 645, 150.00, 0x0000000000000004
2026/10/02 18:32:34.270, 0, 101.99, 63, 11, 150.00, 1665, 150.00, 0x0000000000000004
2026/10/02 18:32:34.471, 0, 90.49, 62, 0, 150.00, 1680, 150.00, 0x0000000000000004
2026/10/02 18:32:34.672, 0, 93.42, 62, 0, 150.00, 1680, 150.00, 0x0000000000000004
2026/10/02 18:32:34.872, 0, 94.94, 63, 0, 150.00, 1680, 150.00, 0x0000000000000004
2026/10/02 18:32:35.073, 0, 100.72, 63, 64, 150.00, 1560, 150.00, 0x0000000000000004
2026/10/02 18:32:35.273, 0, 78.32, 62, 0, 150.00, 1680, 150.00, 0x0000000000000004
2026/10/02 18:32:35.474, 0, 78.89, 62, 0, 150.00, 1695, 150.00, 0x0000000000000000
2026/10/02 18:32:35.674, 0, 87.14, 63, 17, 150.00, 1650, 150.00, 0x0000000000000004
2026/10/02 18:32:35.875, 0, 85.09, 63, 60, 150.00, 1500, 150.00, 0x0000000000000004
2026/10/02 18:32:36.075, 0, 90.95, 64, 46, 150.00, 810, 150.00, 0x0000000000000004
2026/10/02 18:32:36.276, 0, 91.20, 62, 0, 150.00, 1680, 150.00, 0x0000000000000004
2026/10/02 18:32:36.476, 0, 91.18, 62, 0, 150.00, 1695, 150.00, 0x0000000000000004
2026/10/02 18:32:36.676, 0, 79.08, 62, 0, 150.00, 1695, 150.00, 0x0000000000000000
2026/10/02 18:32:36.877, 0, 79.92, 62, 2, 150.00, 1110, 150.00, 0x0000000000000000
2026/10/02 18:32:37.077, 0, 86.49, 63, 44, 150.00, 1590, 150.00, 0x0000000000000004
2026/10/02 18:32:37.278, 0, 82.69, 64, 12, 150.00, 705, 150.00, 0x0000000000000004
2026/10/02 18:32:37.479, 0, 88.87, 63, 37, 150.00, 1635, 150.00, 0x0000000000000004
2026/10/02 18:32:37.679, 0, 94.16, 63, 53, 150.00, 1590, 150.00, 0x0000000000000004
2026/10/02 18:32:37.879, 0, 94.05, 62, 0, 150.00, 1680, 150.00, 0x0000000000000004
2026/10/02 18:32:38.080, 0, 87.07, 62, 0, 150.00, 1245, 150.00, 0x0000000000000000
2026/10/02 18:32:38.280, 0, 94.59, 63, 47, 150.00, 1605, 150.00, 0x0000000000000004
2026/10/02 18:32:38.481, 0, 88.47, 63, 10, 150.00, 1665, 150.00, 0x0000000000000004
2026/10/02 18:32:38.682, 0, 84.26, 63, 0, 150.00, 1680, 150.00, 0x0000000000000004
2026/10/02 18:32:38.882, 0, 85.44, 62, 0, 150.00, 1680, 150.00, 0x0000000000000004
2026/10/02 18:32:39.083, 0, 95.27, 64, 13, 150.00, 750, 150.00, 0x0000000000000004
2026/10/02 18:32:39.283, 0, 86.56, 63, 0, 150.00, 1680, 150.00, 0x0000000000000004
2026/10/02 18:32:39.484, 0, 78.05, 62, 0, 150.00, 1680, 150.00, 0x0000000000000004
2026/10/02 18:32:39.684, 0, 89.29, 62, 24, 150.00, 1650, 150.00, 0x0000000000000004
2026/10/02 18:32:39.884, 0, 89.51, 62, 0, 150.00, 1680, 150.00, 0x0000000000000004
2026/10/02 18:32:40.085, 0, 95.58, 64, 84, 150.00, 810, 150.00, 0x0000000000000004
2026/10/02 18:32:40.286, 0, 93.49, 64, 10, 150.00, 855, 150.00, 0x0000000000000004
2026/10/02 18:32:40.486, 0, 92.45, 63, 0, 150.00, 1680, 150.00, 0x0000000000000004
2026/10/02 18:32:40.687, 0, 79.36, 62, 0, 150.00, 1680, 150.00, 0x0000000000000004
2026/10/02 18:32:40.887, 0, 80.25, 62, 0, 150.00, 1695, 150.00, 0x0000000000000000
2026/10/02 18:32:41.087, 0, 80.38, 62, 0, 150.00, 1695, 150.00, 0x0000000000000000
2026/10/02 18:32:41.288, 0, 76.49, 62, 0, 150.00, 1680, 150.00, 0x0000000000000004
2026/10/02 18:32:41.489, 0, 82.46, 63, 45, 150.00, 720, 150.00, 0x0000000000000004
2026/10/02 18:32:41.689, 0, 88.40, 64, 84, 150.00, 825, 150.00, 0x0000000000000004
2026/10/02 18:32:41.890, 0, 96.83, 63, 49, 150.00, 1605, 150.00, 0x0000000000000004
2026/10/02 18:32:42.090, 0, 111.93, 64, 27, 150.00, 615, 150.00, 0x0000000000000004
2026/10/02 18:32:42.291, 0, 118.36, 63, 13, 150.00, 690, 150.00, 0x0000000000000004
2026/10/02 18:32:42.491, 0, 117.49, 62, 0, 150.00, 1680, 150.00, 0x0000000000000004
2026/10/02 18:32:42.692, 0, 106.13, 62, 0, 150.00, 1680, 150.00, 0x0000000000000004
2026/10/02 18:32:42.892, 0, 90.09, 62, 0, 150.00, 1620, 150.00, 0x0000000000000000
2026/10/02 18:32:43.093, 0, 90.84, 62, 0, 150.00, 1680, 150.00, 0x0000000000000004
2026/10/02 18:32:43.293, 0, 76.58, 62, 0, 150.00, 1680, 150.00, 0x0000000000000004
2026/10/02 18:32:43.494, 0, 69.38, 62, 0, 150.00, 1680, 150.00, 0x0000000000000004
2026/10/02 18:32:43.694, 0, 93.12, 64, 76, 150.00, 735, 150.00, 0x0000000000000004
2026/10/02 18:32:43.895, 0, 102.65, 63, 20, 150.00, 1665, 150.00, 0x0000000000000004
2026/10/02 18:32:44.095, 0, 119.77, 64, 100, 150.00, 825, 150.00, 0x0000000000000004
2026/10/02 18:32:44.296, 0, 129.21, 63, 19, 150.00, 1665, 150.00, 0x0000000000000004
2026/10/02 18:32:44.496, 0, 129.43, 63, 56, 150.00, 1560, 150.00, 0x0000000000000004
2026/10/02 18:32:44.697, 0, 123.93, 63, 11, 150.00, 900, 150.00, 0x0000000000000004
2026/10/02 18:32:44.897, 0, 101.96, 62, 0, 150.00, 1680, 150.00, 0x0000000000000004
2026/10/02 18:32:45.098, 0, 92.93, 62, 0, 150.00, 1680, 150.00, 0x0000000000000004
2026/10/02 18:32:45.298, 0, 75.82, 62, 0, 150.00, 1695, 150.00, 0x0000000000000000
2026/10/02 18:32:45.499, 0, 73.63, 62, 0, 150.00, 1695, 150.00, 0x0000000000000000
2026/10/02 18:32:45.699, 0, 89.01, 63, 37, 150.00, 690, 150.00, 0x0000000000000004
2026/10/02 18:32:45.900, 0, 89.86, 62, 8, 150.00, 1665, 150.00, 0x0000000000000004
2026/10/02 18:32:46.100, 0, 97.62, 63, 49, 150.00, 1590, 150.00, 0x0000000000000004
2026/10/02 18:32:46.301, 0, 97.96, 63, 70, 150.00, 1515, 150.00, 0x0000000000000004
2026/10/02 18:32:46.501, 0, 97.79, 63, 0, 150.00, 1215, 150.00, 0x0000000000000004
2026/10/02 18:32:46.702, 0, 112.15, 64, 100, 150.00, 810, 150.00, 0x0000000000000004
2026/10/02 18:32:46.902, 0, 101.87, 65, 90, 150.00, 885, 150.00, 0x0000000000000004
2026/10/02 18:32:47.103, 0, 101.08, 64, 63, 150.00, 1170, 150.00, 0x0000000000000004
2026/10/02 18:32:47.303, 0, 101.19, 63, 0, 150.00, 1680, 150.00, 0x0000000000000004
2026/10/02 18:32:47.504, 0, 113.71, 63, 15, 150.00, 1665, 150.00, 0x0000000000000004
2026/10/02 18:32:47.704, 0, 106.83, 62, 0, 150.00, 1680, 150.00, 0x0000000000000004
2026/10/02 18:32:47.905, 0, 91.61, 62, 0, 150.00, 1695, 150.00, 0x0000000000000000
2026/10/02 18:32:48.105, 0, 95.28, 64, 83, 150.00, 825, 150.00, 0x0000000000000004
2026/10/02 18:32:48.306, 0, 94.59, 63, 36, 150.00, 1635, 150.00, 0x0000000000000004
2026/10/02 18:32:48.506, 0, 90.91, 64, 58, 150.00, 1065, 150.00, 0x0000000000000004
2026/10/02 18:32:48.707, 0, 100.96, 64, 56, 150.00, 735, 150.00, 0x0000000000000004
2026/10/02 18:32:48.907, 0, 104.49, 63, 0, 150.00, 1425, 150.00, 0x0000000000000004
2026/10/02 18:32:49.108, 0, 104.03, 63, 0, 150.00, 1680, 150.00, 0x0000000000000004
2026/10/02 18:32:49.308, 0, 98.16, 63, 10, 150.00, 1665, 150.00, 0x0000000000000004
2026/10/02 18:32:49.509, 0, 105.42, 63, 0, 150.00, 1680, 150.00, 0x0000000000000004
2026/10/02 18:32:49.710, 0, 96.72, 63, 64, 150.00, 1500, 150.00, 0x0000000000000004
2026/10/02 18:32:49.910, 0, 82.87, 62, 0, 150.00, 1680, 150.00, 0x0000000000000004
2026/10/02 18:32:50.110, 0, 92.33, 64, 57, 150.00, 1005, 150.00, 0x0000000000000004
2026/10/02 18:32:50.311, 0, 103.93, 64, 65, 150.00, 825, 150.00, 0x0000000000000004
2026/10/02 18:32:50.512, 0, 119.83, 65, 65, 150.00, 720, 150.00, 0x0000000000000004
2026/10/02 18:32:50.712, 0, 127.60, 63, 0, 150.00, 1680, 150.00, 0x0000000000000004
2026/10/02 18:32:50.913, 0, 128.21, 63, 0, 150.00, 1680, 150.00, 0x0000000000000004
2026/10/02 18:32:51.113, 0, 138.68, 63, 13, 150.00, 1665, 150.00, 0x0000000000000004
2026/10/02 18:32:51.314, 0, 120.60, 63, 0, 150.00, 1680, 150.00, 0x0000000000000004
2026/10/02 18:32:51.514, 0, 99.19, 62, 0, 150.00, 1680, 150.00, 0x0000000000000004
2026/10/02 18:32:51.715, 0, 99.95, 64, 100, 150.00, 810, 150.00, 0x0000000000000004
2026/10/02 18:32:51.915, 0, 111.38, 64, 48, 150.00, 675, 150.00, 0x0000000000000004
2026/10/02 18:32:52.116, 0, 115.86, 65, 100, 150.00, 795, 150.00, 0x0000000000000004
2026/10/02 18:32:52.316, 0, 129.75, 65, 100, 150.00, 795, 150.00, 0x0000000000000004
2026/10/02 18:32:52.517, 0, 139.18, 64, 14, 150.00, 1665, 150.00, 0x0000000000000004
2026/10/02 18:32:52.717, 0, 135.90, 63, 46, 150.00, 1605, 150.00, 0x0000000000000004
2026/10/02 18:32:52.918, 0, 129.31, 63, 0, 150.00, 1680, 150.00, 0x0000000000000004
2026/10/02 18:32:53.118, 0, 109.72, 62, 0, 150.00, 1695, 150.00, 0x0000000000000000
2026/10/02 18:32:53.319, 0, 94.33, 62, 0, 150.00, 1695, 150.00, 0x0000000000000000
2026/10/02 18:32:53.519, 0, 77.08, 62, 0, 150.00, 1695, 150.00, 0x0000000000000000
2026/10/02 18:32:53.720, 0, 80.46, 63, 26, 150.00, 1035, 150.00, 0x0000000000000004
2026/10/02 18:32:53.920, 0, 80.46, 62, 0, 150.00, 1680, 150.00, 0x0000000000000004
2026/10/02 18:32:54.121, 0, 89.07, 63, 58, 150.00, 1035, 150.00, 0x0000000000000004
2026/10/02 18:32:54.321, 0, 98.87, 63, 43, 150.00, 1395, 150.00, 0x0000000000000004
2026/10/02 18:32:54.522, 0, 113.24, 65, 100, 150.00, 795, 150.00, 0x0000000000000004
2026/10/02 18:32:54.723, 0, 106.86, 63, 17, 150.00, 1665, 150.00, 0x0000000000000004
2026/10/02 18:32:54.923, 0, 108.73, 63, 0, 150.00, 1680, 150.00, 0x0000000000000004
2026/10/02 18:32:55.124, 0, 119.68, 63, 14, 150.00, 1665, 150.00, 0x0000000000000004
2026/10/02 18:32:55.324, 0, 107.81, 63, 63, 150.00, 1155, 150.00, 0x0000000000000004
2026/10/02 18:32:55.525, 0, 101.70, 63, 0, 150.00, 1680, 150.00, 0x0000000000000004
2026/10/02 18:32:55.725, 0, 86.41, 62, 0, 150.00, 1695, 150.00, 0x0000000000000004
2026/10/02 18:32:55.926, 0, 87.05, 62, 0, 150.00, 1695, 150.00, 0x0000000000000000
2026/10/02 18:32:56.126, 0, 75.66, 62, 0, 150.00, 1695, 150.00, 0x0000000000000000
2026/10/02 18:32:56.327, 0, 98.25, 64, 100, 150.00, 795, 150.00, 0x0000000000000004
2026/10/02 18:32:56.527, 0, 106.30, 65, 100, 150.00, 795, 150.00, 0x0000000000000004
2026/10/02 18:32:56.728, 0, 116.39, 63, 37, 150.00, 1635, 150.00, 0x0000000000000004
2026/10/02 18:32:56.928, 0, 116.33, 63, 0, 150.00, 1455, 150.00, 0x0000000000000004
2026/10/02 18:32:57.129, 0, 115.81, 63, 0, 150.00, 1680, 150.00, 0x0000000000000004
2026/10/02 18:32:57.329, 0, 113.26, 64, 47, 150.00, 720, 150.00, 0x0000000000000004
2026/10/02 18:32:57.530, 0, 108.45, 63, 22, 150.00, 1650, 150.00, 0x0000000000000004
2026/10/02 18:32:57.730, 0, 89.55, 62, 0, 150.00, 1680, 150.00, 0x0000000000000004
2026/10/02 18:32:57.931, 0, 90.59, 62, 0, 150.00, 1695, 150.00, 0x0000000000000000
2026/10/02 18:32:58.131, 0, 90.93, 62, 0, 150.00, 1695, 150.00, 0x0000000000000000
2026/10/02 18:32:58.332, 0, 97.96, 63, 84, 150.00, 780, 150.00, 0x0000000000000004
2026/10/02 18:32:58.532, 0, 87.09, 64, 38, 150.00, 660, 150.00, 0x0000000000000004
2026/10/02 18:32:58.733, 0, 95.45, 63, 50, 150.00, 1590, 150.00, 0x0000000000000004
2026/10/02 18:32:58.933, 0, 95.40, 62, 0, 150.00, 1680, 150.00, 0x0000000000000004
2026/10/02 18:32:59.134, 0, 105.71, 64, 51, 150.00, 960, 150.00, 0x0000000000000004
2026/10/02 18:32:59.334, 0, 111.96, 64, 98, 150.00, 825, 150.00, 0x0000000000000004
2026/10/02 18:32:59.535, 0, 105.12, 63, 0, 150.00, 1620, 150.00, 0x0000000000000004
2026/10/02 18:32:59.735, 0, 88.68, 63, 57, 150.00, 1575, 150.00, 0x0000000000000004
2026/10/02 18:32:59.936, 0, 89.82, 62, 0, 150.00, 1680, 150.00, 0x0000000000000004
2026/10/02 18:33:00.136, 0, 89.88, 62, 0, 150.00, 1695, 150.00, 0x0000000000000000
2026/10/02 18:33:00.337, 0, 80.07, 62, 0, 150.00, 1695, 150.00, 0x0000000000000000
2026/10/02 18:33:00.538, 0, 74.30, 62, 0, 150.00, 1695, 150.00, 0x0000000000000000
2026/10/02 18:33:00.738, 0, 81.14, 62, 28, 150.00, 1635, 150.00, 0x0000000000000004
2026/10/02 18:33:00.939, 0, 96.17, 63, 91, 150.00, 1365, 150.00, 0x0000000000000004
2026/10/02 18:33:01.139, 0, 95.83, 62, 0, 150.00, 1680, 150.00, 0x0000000000000004
2026/10/02 18:33:01.340, 0, 95.71, 62, 0, 150.00, 1695, 150.00, 0x0000000000000004
2026/10/02 18:33:01.540, 0, 95.73, 62, 0, 150.00, 1695, 150.00, 0x0000000000000000
2026/10/02 18:33:01.741, 0, 81.43, 62, 0, 150.00, 1695, 150.00, 0x0000000000000000
2026/10/02 18:33:01.941, 0, 70.70, 62, 0, 150.00, 1695, 150.00, 0x0000000000000000
2026/10/02 18:33:02.142, 0, 87.10, 64, 38, 150.00, 690, 150.00, 0x0000000000000004
2026/10/02 18:33:02.342, 0, 86.22, 63, 0, 150.00, 1170, 150.00, 0x0000000000000004
2026/10/02 18:33:02.543, 0, 100.60, 64, 100, 150.00, 810, 150.00, 0x0000000000000004
2026/10/02 18:33:02.743, 0, 99.69, 63, 0, 150.00, 1200, 150.00, 0x0000000000000004
2026/10/02 18:33:02.944, 0, 98.64, 62, 0, 150.00, 1680, 150.00, 0x0000000000000004
2026/10/02 18:33:03.144, 0, 105.88, 64, 38, 150.00, 660, 150.00, 0x0000000000000004
2026/10/02 18:33:03.345, 0, 109.79, 64, 100, 150.00, 795, 150.00, 0x0000000000000004
2026/10/02 18:33:03.545, 0, 109.89, 64, 11, 150.00, 825, 150.00, 0x0000000000000004
2026/10/02 18:33:03.746, 0, 115.30, 64, 24, 150.00, 615, 150.00, 0x0000000000000004
2026/10/02 18:33:03.946, 0, 115.05, 62, 0, 150.00, 1680, 150.00, 0x0000000000000004
2026/10/02 18:33:04.147, 0, 122.97, 62, 2, 150.00, 1665, 150.00, 0x0000000000000004
2026/10/02 18:33:04.347, 0, 101.82, 62, 0, 150.00, 1680, 150.00, 0x0000000000000004
2026/10/02 18:33:04.547, 0, 107.50, 63, 20, 150.00, 615, 150.00, 0x0000000000000000
2026/10/02 18:33:04.748, 0, 100.42, 62, 0, 150.00, 1680, 150.00, 0x0000000000000004
2026/10/02 18:33:04.948, 0, 88.08, 62, 0, 150.00, 1680, 150.00, 0x0000000000000004
2026/10/02 18:33:05.149, 0, 79.91, 62, 0, 150.00, 1695, 150.00, 0x0000000000000000
2026/10/02 18:33:05.349, 0, 94.44, 62, 30, 150.00, 1635, 150.00, 0x0000000000000004
2026/10/02 18:33:05.551, 0, 94.34, 62, 0, 150.00, 1680, 150.00, 0x0000000000000004
2026/10/02 18:33:05.752, 0, 81.66, 62, 64, 150.00, 1515, 150.00, 0x0000000000000004
2026/10/02 18:33:05.952, 0, 81.77, 63, 60, 150.00, 1470, 150.00, 0x0000000000000004
2026/10/02 18:33:06.153, 0, 84.18, 62, 0, 150.00, 1680, 150.00, 0x0000000000000004
2026/10/02 18:33:06.353, 0, 69.13, 62, 0, 150.00, 1680, 150.00, 0x0000000000000004
2026/10/02 18:33:06.553, 0, 70.07, 62, 0, 150.00, 1695, 150.00, 0x0000000000000000
2026/10/02 18:33:06.754, 0, 69.97, 63, 62, 150.00, 1485, 150.00, 0x0000000000000004
2026/10/02 18:33:06.954, 0, 80.89, 63, 14, 150.00, 780, 150.00, 0x0000000000000004
2026/10/02 18:33:07.155, 0, 76.75, 62, 0, 150.00, 1680, 150.00, 0x0000000000000004
2026/10/02 18:33:07.355, 0, 76.98, 62, 0, 150.00, 1680, 150.00, 0x0000000000000004
2026/10/02 18:33:07.556, 0, 77.04, 61, 0, 150.00, 1695, 150.00, 0x0000000000000000
2026/10/02 18:33:07.756, 0, 77.12, 61, 0, 150.00, 1695, 150.00, 0x0000000000000000
2026/10/02 18:33:07.957, 0, 89.23, 63, 48, 150.00, 810, 150.00, 0x0000000000000004
2026/10/02 18:33:08.157, 0, 88.84, 62, 8, 150.00, 1665, 150.00, 0x0000000000000004
2026/10/02 18:33:08.358, 0, 94.15, 62, 54, 150.00, 1590, 150.00, 0x0000000000000004
2026/10/02 18:33:08.558, 0, 101.57, 62, 0, 150.00, 1665, 150.00, 0x0000000000000004
2026/10/02 18:33:08.759, 0, 101.50, 62, 0, 150.00, 1680, 150.00, 0x0000000000000004
2026/10/02 18:33:08.959, 0, 109.72, 62, 7, 150.00, 1665, 150.00, 0x0000000000000004
2026/10/02 18:33:09.160, 0, 102.80, 63, 33, 150.00, 690, 150.00, 0x0000000000000004
2026/10/02 18:33:09.360, 0, 104.49, 62, 11, 150.00, 1665, 150.00, 0x0000000000000004
2026/10/02 18:33:09.561, 0, 109.82, 62, 43, 150.00, 1620, 150.00, 0x0000000000000004
2026/10/02 18:33:09.761, 0, 132.11, 64, 26, 150.00, 660, 150.00, 0x0000000000000004
2026/10/02 18:33:09.962, 0, 132.69, 63, 30, 150.00, 1650, 150.00, 0x0000000000000004
2026/10/02 18:33:10.162, 0, 133.22, 62, 0, 150.00, 1680, 150.00, 0x0000000000000004
2026/10/02 18:33:10.363, 0, 111.15, 62, 0, 150.00, 1695, 150.00, 0x0000000000000000
2026/10/02 18:33:10.563, 0, 98.60, 61, 0, 150.00, 1695, 150.00, 0x0000000000000000
2026/10/02 18:33:10.764, 0, 90.48, 61, 0, 150.00, 1695, 150.00, 0x0000000000000000
2026/10/02 18:33:10.964, 0, 77.91, 61, 0, 150.00, 1695, 150.00, 0x0000000000000000
2026/10/02 18:33:11.165, 0, 92.59, 62, 100, 150.00, 1650, 150.00, 0x0000000000000004
2026/10/02 18:33:11.365, 0, 92.45, 62, 0, 150.00, 930, 150.00, 0x0000000000000004
2026/10/02 18:33:11.566, 0, 91.88, 62, 60, 150.00, 1680, 150.00, 0x0000000000000004
2026/10/02 18:33:11.766, 0, 91.78, 61, 0, 150.00, 1680, 150.00, 0x0000000000000004
2026/10/02 18:33:11.967, 0, 89.82, 61, 0, 150.00, 1695, 150.00, 0x0000000000000000
2026/10/02 18:33:12.167, 0, 66.96, 61, 0, 150.00, 1695, 150.00, 0x0000000000000000
2026/10/02 18:33:12.368, 0, 67.83, 61, 0, 150.00, 1695, 150.00, 0x0000000000000000
2026/10/02 18:33:12.568, 0, 75.65, 61, 62, 150.00, 1665, 150.00, 0x0000000000000004
2026/10/02 18:33:12.769, 0, 75.75, 61, 0, 150.00, 1680, 150.00, 0x0000000000000004
2026/10/02 18:33:12.969, 0, 75.75, 61, 0, 150.00, 1695, 150.00, 0x0000000000000000
2026/10/02 18:33:13.170, 0, 82.15, 62, 0, 150.00, 1470, 150.00, 0x0000000000000004
2026/10/02 18:33:13.370, 0, 90.84, 62, 56, 150.00, 1665, 150.00, 0x0000000000000004
2026/10/02 18:33:13.571, 0, 82.73, 61, 0, 150.00, 1680, 150.00, 0x0000000000000004
2026/10/02 18:33:13.771, 0, 83.13, 61, 0, 150.00, 1695, 150.00, 0x0000000000000000
2026/10/02 18:33:13.972, 0, 83.29, 61, 0, 150.00, 1695, 150.00, 0x0000000000000000
2026/10/02 18:33:14.172, 0, 91.38, 61, 61, 150.00, 1680, 150.00, 0x0000000000000004
2026/10/02 18:33:14.373, 0, 83.32, 62, 61, 150.00, 1665, 150.00, 0x0000000000000004
2026/10/02 18:33:14.573, 0, 83.83, 61, 0, 150.00, 1680, 150.00, 0x0000000000000004
2026/10/02 18:33:14.774, 0, 83.89, 61, 0, 150.00, 1695, 150.00, 0x0000000000000000
2026/10/02 18:33:14.974, 0, 83.90, 61, 0, 150.00, 1695, 150.00, 0x0000000000000000
2026/10/02 18:33:15.175, 0, 78.97, 63, 0, 150.00, 765, 150.00, 0x0000000000000004
2026/10/02 18:33:15.376, 0, 70.41, 61, 65, 150.00, 1680, 150.00, 0x0000000000000004
2026/10/02 18:33:15.576, 0, 70.75, 61, 0, 150.00, 1680, 150.00, 0x0000000000000004
2026/10/02 18:33:15.776, 0, 73.89, 62, 0, 150.00, 600, 150.00, 0x0000000000000000
2026/10/02 18:33:15.977, 0, 78.14, 62, 54, 150.00, 1005, 150.00, 0x0000000000000004
2026/10/02 18:33:16.178, 0, 85.34, 62, 77, 150.00, 1530, 150.00, 0x0000000000000004
2026/10/02 18:33:16.378, 0, 82.27, 61, 0, 150.00, 1680, 150.00, 0x0000000000000004
2026/10/02 18:33:16.579, 0, 82.46, 61, 0, 150.00, 1695, 150.00, 0x0000000000000000
2026/10/02 18:33:16.779, 0, 82.55, 61, 0, 150.00, 885, 150.00, 0x0000000000000000
2026/10/02 18:33:16.980, 0, 92.44, 63, 59, 150.00, 1170, 150.00, 0x0000000000000004
2026/10/02 18:33:17.181, 0, 90.12, 62, 60, 150.00, 1650, 150.00, 0x0000000000000004
2026/10/02 18:33:17.381, 0, 112.96, 63, 35, 150.00, 915, 150.00, 0x0000000000000004
2026/10/02 18:33:17.581, 0, 112.41, 62, 15, 150.00, 1680, 150.00, 0x0000000000000004
2026/10/02 18:33:17.782, 0, 112.32, 61, 0, 150.00, 1695, 150.00, 0x0000000000000004
2026/10/02 18:33:17.982, 0, 112.65, 61, 0, 150.00, 1695, 150.00, 0x0000000000000000
2026/10/02 18:33:18.183, 0, 112.07, 63, 30, 150.00, 810, 150.00, 0x0000000000000004
2026/10/02 18:33:18.384, 0, 114.35, 63, 100, 150.00, 810, 150.00, 0x0000000000000004
2026/10/02 18:33:18.584, 0, 113.72, 62, 100, 150.00, 1635, 150.00, 0x0000000000000004
2026/10/02 18:33:18.785, 0, 113.70, 62, 0, 150.00, 1680, 150.00, 0x0000000000000004
2026/10/02 18:33:18.985, 0, 113.77, 61, 0, 150.00, 1695, 150.00, 0x0000000000000000
2026/10/02 18:33:19.186, 0, 98.48, 61, 0, 150.00, 1695, 150.00, 0x0000000000000000
2026/10/02 18:33:19.386, 0, 82.97, 61, 0, 150.00, 1695, 150.00, 0x0000000000000000
2026/10/02 18:33:19.587, 0, 75.20, 61, 0, 150.00, 1695, 150.00, 0x0000000000000000
2026/10/02 18:33:19.787, 0, 92.15, 62, 100, 150.00, 1215, 150.00, 0x0000000000000004
2026/10/02 18:33:19.988, 0, 91.76, 61, 2, 150.00, 1680, 150.00, 0x0000000000000004
2026/10/02 18:33:20.188, 0, 98.07, 62, 0, 150.00, 630, 150.00, 0x0000000000000004
2026/10/02 18:33:20.389, 0, 112.73, 63, 100, 150.00, 1290, 150.00, 0x0000000000000004
2026/10/02 18:33:20.589, 0, 126.85, 63, 16, 150.00, 795, 150.00, 0x0000000000000004
2026/10/02 18:33:20.790, 0, 109.52, 62, 34, 150.00, 1245, 150.00, 0x0000000000000004
2026/10/02 18:33:20.990, 0, 113.67, 63, 64, 150.00, 1395, 150.00, 0x0000000000000004
2026/10/02 18:33:21.191, 0, 114.16, 62, 8, 150.00, 1575, 150.00, 0x0000000000000004
2026/10/02 18:33:21.391, 0, 100.57, 61, 0, 150.00, 1680, 150.00, 0x0000000000000004
2026/10/02 18:33:21.592, 0, 93.49, 62, 0, 150.00, 630, 150.00, 0x0000000000000000
2026/10/02 18:33:21.792, 0, 84.83, 63, 60, 150.00, 615, 150.00, 0x0000000000000004
2026/10/02 18:33:21.993, 0, 97.52, 63, 100, 150.00, 780, 150.00, 0x0000000000000004
2026/10/02 18:33:22.193, 0, 95.06, 62, 100, 150.00, 1665, 150.00, 0x0000000000000004
2026/10/02 18:33:22.394, 0, 102.78, 63, 0, 150.00, 840, 150.00, 0x0000000000000004
2026/10/02 18:33:22.594, 0, 101.86, 62, 57, 150.00, 1320, 150.00, 0x0000000000000004
2026/10/02 18:33:22.795, 0, 105.18, 62, 60, 150.00, 1680, 150.00, 0x0000000000000004
2026/10/02 18:33:22.996, 0, 97.66, 62, 61, 150.00, 1680, 150.00, 0x0000000000000004
2026/10/02 18:33:23.196, 0, 81.15, 61, 0, 150.00, 1680, 150.00, 0x0000000000000004
2026/10/02 18:33:23.396, 0, 81.47, 61, 0, 150.00, 1695, 150.00, 0x0000000000000000
2026/10/02 18:33:23.597, 0, 75.98, 61, 0, 150.00, 1695, 150.00, 0x0000000000000000
2026/10/02 18:33:23.798, 0, 73.41, 61, 0, 150.00, 1695, 150.00, 0x0000000000000000
2026/10/02 18:33:23.998, 0, 73.41, 61, 0, 150.00, 1695, 150.00, 0x0000000000000000
2026/10/02 18:33:24.198, 0, 73.41, 61, 0, 150.00, 1695, 150.00, 0x0000000000000000
2026/10/02 18:33:24.399, 0, 73.41, 61, 0, 150.00, 1695, 150.00, 0x0000000000000000
2026/10/02 18:33:24.599, 0, 73.41, 61, 0, 150.00, 1695, 150.00, 0x0000000000000000
2026/10/02 18:33:24.800, 0, 68.08, 61, 0, 150.00, 1695, 150.00, 0x0000000000000000
2026/10/02 18:33:25.000, 0, 68.08, 61, 0, 150.00, 1695, 150.00, 0x0000000000000000
2026/10/02 18:33:25.201, 0, 68.08, 61, 0, 150.00, 1695, 150.00, 0x0000000000000000
2026/10/02 18:33:25.401, 0, 68.08, 61, 0, 150.00, 1695, 150.00, 0x0000000000000000
2026/10/02 18:33:25.602, 0, 68.08, 61, 0, 150.00, 1695, 150.00, 0x0000000000000000
2026/10/02 18:33:25.802, 0, 67.60, 60, 0, 150.00, 1695, 150.00, 0x0000000000000000
2026/10/02 18:33:26.003, 0, 67.60, 60, 0, 150.00, 1695, 150.00, 0x0000000000000000
2026/10/02 18:33:26.203, 0, 67.60, 60, 0, 150.00, 1695, 150.00, 0x0000000000000000
2026/10/02 18:33:26.404, 0, 67.60, 60, 0, 150.00, 1695, 150.00, 0x0000000000000000
2026/10/02 18:33:26.604, 0, 67.60, 60, 0, 150.00, 1695, 150.00, 0x0000000000000000
2026/10/02 18:33:26.805, 0, 66.96, 60, 0, 150.00, 1695, 150.00, 0x0000000000000000
2026/10/02 18:33:27.005, 0, 66.96, 60, 0, 150.00, 1695, 150.00, 0x0000000000000000
2026/10/02 18:33:27.206, 0, 66.96, 60, 0, 150.00, 1695, 150.00, 0x0000000000000000
2026/10/02 18:33:27.406, 0, 66.96, 60, 0, 150.00, 1695, 150.00, 0x0000000000000000
2026/10/02 18:33:27.607, 0, 66.96, 60, 0, 150.00, 1695, 150.00, 0x0000000000000000
2026/10/02 18:33:27.807, 0, 66.81, 60, 0, 150.00, 1695, 150.00, 0x0000000000000000
2026/10/02 18:33:28.008, 0, 66.81, 60, 0, 150.00, 1695, 150.00, 0x0000000000000000
2026/10/02 18:33:28.208, 0, 66.81, 60, 0, 150.00, 1695, 150.00, 0x0000000000000000
2026/10/02 18:33:28.409, 0, 66.81, 60, 0, 150.00, 1695, 150.00, 0x0000000000000000
2026/10/02 18:33:28.609, 0, 66.81, 60, 0, 150.00, 1695, 150.00, 0x0000000000000000
2026/10/02 18:33:28.810, 0, 66.86, 60, 0, 150.00, 1695, 150.00, 0x0000000000000000
2026/10/02 18:33:29.010, 0, 66.86, 60, 0, 150.00, 1695, 150.00, 0x0000000000000000
2026/10/02 18:33:29.211, 0, 66.86, 60, 0, 150.00, 1695, 150.00, 0x0000000000000000
2026/10/02 18:33:29.411, 0, 66.86, 60, 0, 150.00, 1695, 150.00, 0x0000000000000000
2026/10/02 18:33:29.612, 0, 66.86, 60, 0, 150.00, 1695, 150.00, 0x0000000000000000
2026/10/02 18:33:29.812, 0, 66.77, 59, 0, 150.00, 1695, 150.00, 0x0000000000000000
2026/10/02 18:33:30.013, 0, 66.77, 59, 0, 150.00, 1695, 150.00, 0x0000000000000000
2026/10/02 18:33:30.213, 0, 66.77, 59, 0, 150.00, 1695, 150.00, 0x0000000000000000
2026/10/02 18:33:30.413, 0, 66.77, 59, 0, 150.00, 1695, 150.00, 0x0000000000000000
2026/10/02 18:33:30.614, 0, 66.77, 59, 0, 150.00, 1695, 150.00, 0x0000000000000000
2026/10/02 18:33:30.814, 0, 66.62, 59, 0, 150.00, 1695, 150.00, 0x0000000000000000
2026/10/02 18:33:31.015, 0, 66.62, 59, 0, 150.00, 1695, 150.00, 0x0000000000000000
2026/10/02 18:33:31.215, 0, 66.62, 59, 0, 150.00, 1695, 150.00, 0x0000000000000000
2026/10/02 18:33:31.416, 0, 66.62, 59, 0, 150.00, 1695, 150.00, 0x0000000000000000
2026/10/02 18:33:31.616, 0, 66.62, 59, 0, 150.00, 1695, 150.00, 0x0000000000000000
2026/10/02 18:33:31.817, 0, 66.54, 59, 0, 150.00, 1695, 150.00, 0x0000000000000000
2026/10/02 18:33:32.017, 0, 66.54, 59, 0, 150.00, 1695, 150.00, 0x0000000000000000
2026/10/02 18:33:32.218, 0, 66.54, 59, 0, 150.00, 1695, 150.00, 0x0000000000000000
2026/10/02 18:33:32.418, 0, 66.54, 59, 0, 150.00, 1695, 150.00, 0x0000000000000000
2026/10/02 18:33:32.619, 0, 66.54, 59, 0, 150.00, 1695, 150.00, 0x0000000000000000
2026/10/02 18:33:32.819, 0, 66.45, 59, 0, 150.00, 1695, 150.00, 0x0000000000000000
2026/10/02 18:33:33.020, 0, 66.45, 59, 0, 150.00, 1695, 150.00, 0x0000000000000000
2026/10/02 18:33:33.220, 0, 66.45, 59, 0, 150.00, 1695, 150.00, 0x0000000000000000
2026/10/02 18:33:33.421, 0, 66.45, 59, 0, 150.00, 1695, 150.00, 0x0000000000000000
2026/10/02 18:33:33.621, 0, 66.45, 59, 0, 150.00, 1695, 150.00, 0x0000000000000000
2026/10/02 18:33:33.822, 0, 66.31, 59, 0, 150.00, 1695, 150.00, 0x0000000000000000
2026/10/02 18:33:34.022, 0, 66.31, 59, 0, 150.00, 1695, 150.00, 0x0000000000000000
2026/10/02 18:33:34.223, 0, 66.31, 59, 0, 150.00, 1695, 150.00, 0x0000000000000000
2026/10/02 18:33:34.423, 0, 66.31, 59, 0, 150.00, 1695, 150.00, 0x0000000000000000
2026/10/02 18:33:34.624, 0, 66.31, 59, 0, 150.00, 1695, 150.00, 0x0000000000000000
2026/10/02 18:33:34.824, 0, 66.16, 59, 0, 150.00, 1695, 150.00, 0x0000000000000000
2026/10/02 18:33:35.025, 0, 66.16, 59, 0, 150.00, 1695, 150.00, 0x0000000000000000
2026/10/02 18:33:35.225, 0, 66.16, 59, 0, 150.00, 1695, 150.00, 0x0000000000000000
2026/10/02 18:33:35.425, 0, 66.16, 59, 0, 150.00, 1695, 150.00, 0x0000000000000000
2026/10/02 18:33:35.626, 0, 66.16, 59, 0, 150.00, 1695, 150.00, 0x0000000000000000
2026/10/02 18:33:35.826, 0, 66.07, 59, 0, 150.00, 1695, 150.00, 0x0000000000000000
2026/10/02 18:33:36.027, 0, 66.07, 59, 0, 150.00, 1695, 150.00, 0x0000000000000000
2026/10/02 18:33:36.227, 0, 66.07, 59, 0, 150.00, 1695, 150.00, 0x0000000000000000
2026/10/02 18:33:36.428, 0, 66.07, 59, 0, 150.00, 1695, 150.00, 0x0000000000000000
2026/10/02 18:33:36.628, 0, 66.07, 59, 0, 150.00, 1695, 150.00, 0x0000000000000000
2026/10/02 18:33:36.829, 0, 65.93, 58, 0, 150.00, 1695, 150.00, 0x0000000000000000
2026/10/02 18:33:37.029, 0, 65.93, 58, 0, 150.00, 1695, 150.00, 0x0000000000000000
2026/10/02 18:33:37.230, 0, 65.93, 58, 0, 150.00, 1695, 150.00, 0x0000000000000000
2026/10/02 18:33:37.430, 0, 65.93, 58, 0, 150.00, 1695, 150.00, 0x0000000000000000
2026/10/02 18:33:37.631, 0, 65.93, 58, 0, 150.00, 1695, 150.00, 0x0000000000000000
2026/10/02 18:33:37.831, 0, 65.78, 58, 0, 150.00, 1695, 150.00, 0x0000000000000000
2026/10/02 18:33:38.032, 0, 65.78, 58, 0, 150.00, 1695, 150.00, 0x0000000000000000
2026/10/02 18:33:38.232, 0, 65.78, 58, 0, 150.00, 1695, 150.00, 0x0000000000000000
2026/10/02 18:33:38.432, 0, 65.78, 58, 0, 150.00, 1695, 150.00, 0x0000000000000000
2026/10/02 18:33:38.633, 0, 65.78, 58, 0, 150.00, 1695, 150.00, 0x0000000000000000
2026/10/02 18:33:38.833, 0, 65.69, 58, 0, 150.00, 1695, 150.00, 0x0000000000000000
2026/10/02 18:33:39.034, 0, 65.69, 58, 0, 150.00, 1695, 150.00, 0x0000000000000000
2026/10/02 18:33:39.234, 0, 65.69, 58, 0, 150.00, 1695, 150.00, 0x0000000000000000
2026/10/02 18:33:39.435, 0, 65.69, 58, 0, 150.00, 1695, 150.00, 0x0000000000000000
2026/10/02 18:33:39.635, 0, 65.69, 58, 0, 150.00, 1695, 150.00, 0x0000000000000000
2026/10/02 18:33:39.836, 0, 65.64, 58, 0, 150.00, 1695, 150.00, 0x0000000000000000
2026/10/02 18:33:40.036, 0, 65.64, 58, 0, 150.00, 1695, 150.00, 0x0000000000000000
2026/10/02 18:33:40.237, 0, 65.64, 58, 0, 150.00, 1695, 150.00, 0x0000000000000000
2026/10/02 18:33:40.437, 0, 65.64, 58, 0, 150.00, 1695, 150.00, 0x0000000000000000
2026/10/02 18:33:40.637, 0, 65.64, 58, 0, 150.00, 1695, 150.00, 0x0000000000000000
2026/10/02 18:33:40.838, 0, 65.55, 58, 0, 150.00, 1695, 150.00, 0x0000000000000000
2026/10/02 18:33:41.038, 0, 65.55, 58, 0, 150.00, 1695, 150.00, 0x0000000000000000
2026/10/02 18:33:41.239, 0, 65.55, 58, 0, 150.00, 1695, 150.00, 0x0000000000000000
2026/10/02 18:33:41.439, 0, 65.55, 58, 0, 150.00, 1695, 150.00, 0x0000000000000000
2026/10/02 18:33:41.640, 0, 65.55, 58, 0, 150.00, 1695, 150.00, 0x0000000000000000
2026/10/02 18:33:41.840, 0, 65.36, 58, 0, 150.00, 1695, 150.00, 0x0000000000000000
2026/10/02 18:33:42.041, 0, 65.36, 58, 0, 150.00, 1695, 150.00, 0x0000000000000000
2026/10/02 18:33:42.241, 0, 65.36, 58, 0, 150.00, 1695, 150.00, 0x0000000000000000
2026/10/02 18:33:42.442, 0, 65.36, 58, 0, 150.00, 1695, 150.00, 0x0000000000000000
2026/10/02 18:33:42.642, 0, 65.36, 58, 0, 150.00, 1695, 150.00, 0x0000000000000000
2026/10/02 18:33:42.842, 0, 65.22, 58, 0, 150.00, 1695, 150.00, 0x0000000000000000
2026/10/02 18:33:43.043, 0, 65.22, 58, 0, 150.00, 1695, 150.00, 0x0000000000000000
2026/10/02 18:33:43.243, 0, 65.22, 58, 0, 150.00, 1695, 150.00, 0x0000000000000000
2026/10/02 18:33:43.444, 0, 65.22, 58, 0, 150.00, 1695, 150.00, 0x0000000000000000
2026/10/02 18:33:43.644, 0, 65.22, 58, 0, 150.00, 1695, 150.00, 0x0000000000000000
2026/10/02 18:33:43.845, 0, 65.12, 57, 0, 150.00, 1695, 150.00, 0x0000000000000000
2026/10/02 18:33:44.045, 0, 65.12, 57, 0, 150.00, 1695, 150.00, 0x0000000000000000
2026/10/02 18:33:44.246, 0, 65.12, 57, 0, 150.00, 1695, 150.00, 0x0000000000000000
2026/10/02 18:33:44.446, 0, 65.12, 57, 0, 150.00, 1695, 150.00, 0x0000000000000000
2026/10/02 18:33:44.647, 0, 65.12, 57, 0, 150.00, 1695, 150.00, 0x0000000000000000
2026/10/02 18:33:44.847, 0, 65.03, 57, 0, 150.00, 1695, 150.00, 0x0000000000000000
2026/10/02 18:33:45.047, 0, 65.03, 57, 0, 150.00, 1695, 150.00, 0x0000000000000000
2026/10/02 18:33:45.248, 0, 65.03, 57, 0, 150.00, 1695, 150.00, 0x0000000000000000
2026/10/02 18:33:45.448, 0, 65.03, 57, 0, 150.00, 1695, 150.00, 0x0000000000000000
2026/10/02 18:33:45.649, 0, 65.03, 57, 0, 150.00, 1695, 150.00, 0x0000000000000000
2026/10/02 18:33:45.849, 0, 64.95, 57, 0, 150.00, 1695, 150.00, 0x0000000000000000
2026/10/02 18:33:46.050, 0, 64.95, 57, 0, 150.00, 1695, 150.00, 0x0000000000000000
2026/10/02 18:33:46.250, 0, 64.95, 57, 0, 150.00, 1695, 150.00, 0x0000000000000000
2026/10/02 18:33:46.451, 0, 64.95, 57, 0, 150.00, 1695, 150.00, 0x0000000000000000
2026/10/02 18:33:46.651, 0, 64.95, 57, 0, 150.00, 1695, 150.00, 0x0000000000000000
2026/10/02 18:33:46.851, 0, 64.90, 57, 0, 150.00, 1695, 150.00, 0x0000000000000000
2026/10/02 18:33:47.052, 0, 64.90, 57, 0, 150.00, 1695, 150.00, 0x0000000000000000
2026/10/02 18:33:47.252, 0, 64.90, 57, 0, 150.00, 1695, 150.00, 0x0000000000000000
2026/10/02 18:33:47.453, 0, 64.90, 57, 0, 150.00, 1695, 150.00, 0x0000000000000000
2026/10/02 18:33:47.653, 0, 64.90, 57, 0, 150.00, 1695, 150.00, 0x0000000000000000
2026/10/02 18:33:47.854, 0, 64.81, 57, 0, 150.00, 1695, 150.00, 0x0000000000000000
2026/10/02 18:33:48.054, 0, 64.81, 57, 0, 150.00, 1695, 150.00, 0x0000000000000000
2026/10/02 18:33:48.255, 0, 64.81, 57, 0, 150.00, 1695, 150.00, 0x0000000000000000
2026/10/02 18:33:48.455, 0, 64.81, 57, 0, 150.00, 1695, 150.00, 0x0000000000000000
2026/10/02 18:33:48.656, 0, 64.81, 57, 0, 150.00, 1695, 150.00, 0x0000000000000000
2026/10/02 18:33:48.856, 0, 64.87, 57, 0, 150.00, 1695, 150.00, 0x0000000000000000
2026/10/02 18:33:49.056, 0, 64.87, 57, 0, 150.00, 1695, 150.00, 0x0000000000000000
2026/10/02 18:33:49.257, 0, 64.87, 57, 0, 150.00, 1695, 150.00, 0x0000000000000000
2026/10/02 18:33:49.457, 0, 64.87, 57, 0, 150.00, 1695, 150.00, 0x0000000000000000
2026/10/02 18:33:49.658, 0, 64.87, 57, 0, 150.00, 1695, 150.00, 0x0000000000000000
2026/10/02 18:33:49.858, 0, 64.95, 57, 0, 150.00, 1695, 150.00, 0x0000000000000000
2026/10/02 18:33:50.059, 0, 64.95, 57, 0, 150.00, 1695, 150.00, 0x0000000000000000
2026/10/02 18:33:50.259, 0, 64.95, 57, 0, 150.00, 1695, 150.00, 0x0000000000000000
2026/10/02 18:33:50.460, 0, 64.95, 57, 0, 150.00, 1695, 150.00, 0x0000000000000000
2026/10/02 18:33:50.660, 0, 64.95, 57, 0, 150.00, 1695, 150.00, 0x0000000000000000
2026/10/02 18:33:50.861, 0, 64.84, 57, 0, 150.00, 1695, 150.00, 0x0000000000000000
2026/10/02 18:33:51.061, 0, 64.84, 57, 0, 150.00, 1695, 150.00, 0x0000000000000000
2026/10/02 18:33:51.262, 0, 64.84, 57, 0, 150.00, 1695, 150.00, 0x0000000000000000
2026/10/02 18:33:51.462, 0, 64.84, 57, 0, 150.00, 1695, 150.00, 0x0000000000000000
2026/10/02 18:33:51.663, 0, 64.84, 57, 0, 150.00, 1695, 150.00, 0x0000000000000000
2026/10/02 18:33:51.863, 0, 64.76, 57, 0, 150.00, 1695, 150.00, 0x0000000000000000
2026/10/02 18:33:52.064, 0, 64.76, 57, 0, 150.00, 1695, 150.00, 0x0000000000000000
2026/10/02 18:33:52.264, 0, 64.76, 57, 0, 150.00, 1695, 150.00, 0x0000000000000000
2026/10/02 18:33:52.465, 0, 64.76, 57, 0, 150.00, 1695, 150.00, 0x0000000000000000
2026/10/02 18:33:52.665, 0, 64.76, 57, 0, 150.00, 1695, 150.00, 0x0000000000000000
2026/10/02 18:33:52.865, 0, 64.73, 56, 0, 150.00, 1695, 150.00, 0x0000000000000000
2026/10/02 18:33:53.066, 0, 64.73, 56, 0, 150.00, 1695, 150.00, 0x0000000000000000
2026/10/02 18:33:53.267, 0, 64.73, 56, 0, 150.00, 1695, 150.00, 0x0000000000000000
2026/10/02 18:33:53.467, 0, 64.89, 57, 0, 150.00, 1695, 150.00, 0x0000000000000000
