2026/10/02 14:44:07.216, 0, 22.50, 43, 0, 150.00, 210, 150.00, 0x0000000000000001
2026/10/02 14:44:07.425, 0, 22.50, 43, 0, 150.00, 210, 150.00, 0x0000000000000001
2026/10/02 14:44:07.626, 0, 22.50, 43, 0, 150.00, 210, 150.00, 0x0000000000000001
2026/10/02 14:44:07.827, 0, 22.50, 43, 0, 150.00, 210, 150.00, 0x0000000000000001
2026/10/02 14:44:08.028, 0, 22.50, 43, 0, 150.00, 210, 150.00, 0x0000000000000001
2026/10/02 14:44:08.228, 0, 22.50, 43, 0, 150.00, 210, 150.00, 0x0000000000000001
2026/10/02 14:44:08.429, 0, 22.50, 43, 0, 150.00, 210, 150.00, 0x0000000000000001
2026/10/02 14:44:08.644, 0, 24.91, 42, 0, 150.00, 1695, 150.00, 0x0000000000000000
2026/10/02 14:44:08.844, 0, 29.25, 44, 5, 150.00, 1695, 150.00, 0x0000000000000000
2026/10/02 14:44:09.045, 0, 40.94, 44, 0, 150.00, 1695, 150.00, 0x0000000000000000
2026/10/02 14:44:09.245, 0, 46.06, 45, 53, 150.00, 1665, 150.00, 0x0000000000000004
2026/10/02 14:44:09.446, 0, 47.77, 45, 0, 150.00, 1680, 150.00, 0x0000000000000004
2026/10/02 14:44:09.647, 0, 63.76, 44, 0, 150.00, 1695, 150.00, 0x0000000000000000
2026/10/02 14:44:09.847, 0, 63.81, 46, 57, 150.00, 1605, 150.00, 0x0000000000000004
2026/10/02 14:44:10.048, 0, 63.54, 45, 0, 150.00, 1335, 150.00, 0x0000000000000004
2026/10/02 14:44:10.248, 0, 68.55, 45, 0, 150.00, 1680, 150.00, 0x0000000000000004
2026/10/02 14:44:10.449, 0, 69.56, 45, 0, 150.00, 900, 150.00, 0x0000000000000004
2026/10/02 14:44:10.650, 0, 78.17, 46, 63, 150.00, 1650, 150.00, 0x0000000000000004
2026/10/02 14:44:10.850, 0, 76.35, 46, 0, 150.00, 1680, 150.00, 0x0000000000000004
2026/10/02 14:44:11.051, 0, 75.44, 45, 0, 150.00, 1695, 150.00, 0x0000000000000000
2026/10/02 14:44:11.252, 0, 66.23, 45, 0, 150.00, 1125, 150.00, 0x0000000000000000
2026/10/02 14:44:11.452, 0, 73.21, 46, 0, 150.00, 1680, 150.00, 0x0000000000000004
2026/10/02 14:44:11.653, 0, 64.45, 45, 0, 150.00, 1680, 150.00, 0x0000000000000004
2026/10/02 14:44:11.853, 0, 78.97, 46, 11, 150.00, 1680, 150.00, 0x0000000000000004
2026/10/02 14:44:12.054, 0, 78.89, 46, 0, 150.00, 1680, 150.00, 0x0000000000000004
2026/10/02 14:44:12.255, 0, 77.17, 45, 0, 150.00, 1695, 150.00, 0x0000000000000000
2026/10/02 14:44:12.455, 0, 71.65, 45, 0, 150.00, 1695, 150.00, 0x0000000000000000
2026/10/02 14:44:12.656, 0, 87.87, 48, 47, 150.00, 1455, 150.00, 0x0000000000000004
2026/10/02 14:44:12.856, 0, 72.37, 46, 0, 150.00, 1680, 150.00, 0x0000000000000004
2026/10/02 14:44:13.057, 0, 72.84, 46, 0, 150.00, 1695, 150.00, 0x0000000000000004
2026/10/02 14:44:13.257, 0, 72.98, 46, 0, 150.00, 885, 150.00, 0x0000000000000000
2026/10/02 14:44:13.458, 0, 81.38, 47, 59, 150.00, 1650, 150.00, 0x0000000000000004
2026/10/02 14:44:13.659, 0, 79.28, 47, 0, 150.00, 720, 150.00, 0x0000000000000004
2026/10/02 14:44:13.859, 0, 67.28, 47, 0, 150.00, 690, 150.00, 0x0000000000000004
2026/10/02 14:44:14.060, 0, 85.77, 49, 100, 150.00, 1365, 150.00, 0x0000000000000004
2026/10/02 14:44:14.261, 0, 88.68, 48, 58, 150.00, 1590, 150.00, 0x0000000000000004
2026/10/02 14:44:14.461, 0, 94.57, 48, 25, 150.00, 1665, 150.00, 0x0000000000000004
2026/10/02 14:44:14.662, 0, 98.00, 48, 57, 150.00, 1650, 150.00, 0x0000000000000004
2026/10/02 14:44:14.862, 0, 94.25, 47, 0, 150.00, 1665, 150.00, 0x0000000000000000
2026/10/02 14:44:15.063, 0, 97.35, 49, 57, 150.00, 1515, 150.00, 0x0000000000000004
2026/10/02 14:44:15.263, 0, 87.59, 47, 0, 150.00, 1665, 150.00, 0x0000000000000000
2026/10/02 14:44:15.464, 0, 68.08, 47, 0, 150.00, 705, 150.00, 0x0000000000000000
2026/10/02 14:44:15.664, 0, 69.28, 47, 0, 150.00, 1665, 150.00, 0x0000000000000004
2026/10/02 14:44:15.865, 0, 70.06, 47, 0, 150.00, 1665, 150.00, 0x0000000000000000
2026/10/02 14:44:16.065, 0, 70.07, 47, 0, 150.00, 1665, 150.00, 0x0000000000000000
2026/10/02 14:44:16.266, 0, 68.23, 49, 76, 150.00, 870, 150.00, 0x0000000000000004
2026/10/02 14:44:16.466, 0, 84.70, 50, 100, 150.00, 855, 150.00, 0x0000000000000004
2026/10/02 14:44:16.667, 0, 92.26, 49, 65, 150.00, 1650, 150.00, 0x0000000000000004
2026/10/02 14:44:16.868, 0, 95.36, 49, 59, 150.00, 735, 150.00, 0x0000000000000004
2026/10/02 14:44:17.068, 0, 94.76, 49, 61, 150.00, 1635, 150.00, 0x0000000000000004
2026/10/02 14:44:17.269, 0, 106.20, 50, 22, 150.00, 1065, 150.00, 0x0000000000000000
2026/10/02 14:44:17.469, 0, 89.19, 48, 0, 150.00, 1665, 150.00, 0x0000000000000000
2026/10/02 14:44:17.669, 0, 71.99, 48, 0, 150.00, 1665, 150.00, 0x0000000000000000
2026/10/02 14:44:17.870, 0, 71.93, 48, 57, 150.00, 1635, 150.00, 0x0000000000000004
2026/10/02 14:44:18.070, 0, 72.85, 48, 0, 150.00, 1635, 150.00, 0x0000000000000000
2026/10/02 14:44:18.271, 0, 72.56, 47, 0, 150.00, 1635, 150.00, 0x0000000000000000
2026/10/02 14:44:18.471, 0, 58.47, 47, 0, 150.00, 900, 150.00, 0x0000000000000000
2026/10/02 14:44:18.672, 0, 71.49, 49, 72, 150.00, 1635, 150.00, 0x0000000000000004
2026/10/02 14:44:18.872, 0, 70.17, 48, 0, 150.00, 1635, 150.00, 0x0000000000000000
2026/10/02 14:44:19.073, 0, 89.94, 50, 33, 150.00, 840, 150.00, 0x0000000000000004
2026/10/02 14:44:19.273, 0, 99.66, 49, 10, 150.00, 1635, 150.00, 0x0000000000000004
2026/10/02 14:44:19.474, 0, 99.69, 48, 0, 150.00, 1200, 150.00, 0x0000000000000004
2026/10/02 14:44:19.675, 0, 114.25, 50, 38, 150.00, 1425, 150.00, 0x0000000000000004
2026/10/02 14:44:19.875, 0, 120.24, 50, 58, 150.00, 1635, 150.00, 0x0000000000000004
2026/10/02 14:44:20.076, 0, 114.67, 48, 0, 150.00, 1635, 150.00, 0x0000000000000000
2026/10/02 14:44:20.276, 0, 101.47, 50, 69, 150.00, 855, 150.00, 0x0000000000000004
2026/10/02 14:44:20.477, 0, 97.75, 49, 0, 150.00, 1635, 150.00, 0x0000000000000000
2026/10/02 14:44:20.677, 0, 84.65, 50, 46, 150.00, 1560, 150.00, 0x0000000000000004
2026/10/02 14:44:20.878, 0, 82.64, 48, 0, 150.00, 1635, 150.00, 0x0000000000000000
2026/10/02 14:44:21.079, 0, 80.23, 48, 0, 150.00, 645, 150.00, 0x0000000000000004
2026/10/02 14:44:21.279, 0, 82.89, 49, 0, 150.00, 1635, 150.00, 0x0000000000000000
2026/10/02 14:44:21.480, 0, 78.87, 49, 58, 150.00, 945, 150.00, 0x0000000000000004
2026/10/02 14:44:21.680, 0, 87.63, 49, 0, 150.00, 690, 150.00, 0x0000000000000004
2026/10/02 14:44:21.881, 0, 83.56, 49, 0, 150.00, 1635, 150.00, 0x0000000000000000
2026/10/02 14:44:22.082, 0, 94.63, 50, 59, 150.00, 1605, 150.00, 0x0000000000000004
2026/10/02 14:44:22.282, 0, 88.50, 49, 0, 150.00, 1620, 150.00, 0x0000000000000000
2026/10/02 14:44:22.483, 0, 101.92, 50, 46, 150.00, 825, 150.00, 0x0000000000000004
2026/10/02 14:44:22.684, 0, 96.42, 49, 0, 150.00, 1620, 150.00, 0x0000000000000000
2026/10/02 14:44:22.884, 0, 89.49, 49, 0, 150.00, 930, 150.00, 0x0000000000000004
2026/10/02 14:44:23.085, 0, 108.71, 51, 81, 150.00, 1065, 150.00, 0x0000000000000004
2026/10/02 14:44:23.285, 0, 104.45, 50, 59, 150.00, 1620, 150.00, 0x0000000000000000
2026/10/02 14:44:23.486, 0, 100.33, 49, 0, 150.00, 1050, 150.00, 0x0000000000000004
2026/10/02 14:44:23.687, 0, 94.35, 50, 7, 150.00, 1620, 150.00, 0x0000000000000000
2026/10/02 14:44:23.887, 0, 91.05, 51, 0, 150.00, 990, 150.00, 0x0000000000000004
2026/10/02 14:44:24.088, 0, 91.82, 51, 49, 150.00, 840, 150.00, 0x0000000000000004
2026/10/02 14:44:24.288, 0, 86.42, 50, 0, 150.00, 1620, 150.00, 0x0000000000000000
2026/10/02 14:44:24.489, 0, 98.11, 52, 95, 150.00, 840, 150.00, 0x0000000000000004
2026/10/02 14:44:24.690, 0, 90.36, 51, 23, 150.00, 1620, 150.00, 0x0000000000000000
2026/10/02 14:44:24.890, 0, 102.04, 52, 98, 150.00, 1365, 150.00, 0x0000000000000004
2026/10/02 14:44:25.091, 0, 98.17, 50, 0, 150.00, 1620, 150.00, 0x0000000000000000
2026/10/02 14:44:25.291, 0, 80.95, 49, 0, 150.00, 1620, 150.00, 0x0000000000000000
2026/10/02 14:44:25.492, 0, 96.45, 50, 26, 150.00, 1620, 150.00, 0x0000000000000000
2026/10/02 14:44:25.693, 0, 94.82, 51, 44, 150.00, 1560, 150.00, 0x0000000000000004
2026/10/02 14:44:25.893, 0, 107.30, 52, 48, 150.00, 1560, 150.00, 0x0000000000000004
2026/10/02 14:44:26.094, 0, 120.55, 52, 25, 150.00, 1440, 150.00, 0x0000000000000004
2026/10/02 14:44:26.294, 0, 119.34, 51, 59, 150.00, 1605, 150.00, 0x0000000000000000
2026/10/02 14:44:26.495, 0, 97.79, 50, 0, 150.00, 1605, 150.00, 0x0000000000000000
2026/10/02 14:44:26.695, 0, 98.20, 49, 0, 150.00, 1605, 150.00, 0x0000000000000000
2026/10/02 14:44:26.896, 0, 84.09, 49, 0, 150.00, 1605, 150.00, 0x0000000000000000
2026/10/02 14:44:27.097, 0, 73.40, 51, 24, 150.00, 840, 150.00, 0x0000000000000004
2026/10/02 14:44:27.297, 0, 85.67, 51, 91, 150.00, 1605, 150.00, 0x0000000000000000
2026/10/02 14:44:27.498, 0, 86.21, 50, 0, 150.00, 1605, 150.00, 0x0000000000000000
2026/10/02 14:44:27.698, 0, 88.95, 50, 0, 150.00, 1605, 150.00, 0x0000000000000000
2026/10/02 14:44:27.899, 0, 98.42, 52, 87, 150.00, 1335, 150.00, 0x0000000000000004
2026/10/02 14:44:28.099, 0, 94.23, 50, 0, 150.00, 1605, 150.00, 0x0000000000000000
2026/10/02 14:44:28.300, 0, 83.57, 51, 24, 147.00, 1605, 147.00, 0x0000000000000000
2026/10/02 14:44:28.501, 0, 58.17, 50, 0, 147.00, 1605, 147.00, 0x0000000000000000
2026/10/02 14:44:28.701, 0, 103.28, 51, 47, 147.00, 825, 147.00, 0x0000000000000004
2026/10/02 14:44:28.902, 0, 100.20, 50, 0, 147.00, 1605, 147.00, 0x0000000000000000
2026/10/02 14:44:29.102, 0, 103.22, 52, 11, 147.00, 1245, 147.00, 0x0000000000000004
2026/10/02 14:44:29.303, 0, 92.29, 50, 0, 147.00, 1605, 147.00, 0x0000000000000000
2026/10/02 14:44:29.503, 0, 104.53, 51, 38, 147.00, 1605, 147.00, 0x0000000000000000
2026/10/02 14:44:29.704, 0, 100.70, 51, 62, 147.00, 1605, 147.00, 0x0000000000000000
2026/10/02 14:44:29.904, 0, 81.56, 50, 0, 147.00, 1605, 147.00, 0x0000000000000000
2026/10/02 14:44:30.105, 0, 91.58, 52, 30, 147.00, 1470, 147.00, 0x0000000000000004
2026/10/02 14:44:30.306, 0, 91.88, 50, 0, 147.00, 1605, 147.00, 0x0000000000000000
2026/10/02 14:44:30.506, 0, 73.91, 50, 0, 147.00, 1575, 147.00, 0x0000000000000000
2026/10/02 14:44:30.707, 0, 74.32, 50, 0, 147.00, 705, 147.00, 0x0000000000000004
2026/10/02 14:44:30.907, 0, 74.25, 50, 0, 147.00, 1575, 147.00, 0x0000000000000000
2026/10/02 14:44:31.108, 0, 73.99, 50, 0, 147.00, 1575, 147.00, 0x0000000000000000
2026/10/02 14:44:31.308, 0, 57.62, 49, 0, 147.00, 1575, 147.00, 0x0000000000000000
2026/10/02 14:44:31.509, 0, 57.33, 49, 0, 147.00, 720, 147.00, 0x0000000000000004
2026/10/02 14:44:31.709, 0, 67.32, 50, 0, 147.00, 1575, 147.00, 0x0000000000000000
2026/10/02 14:44:31.910, 0, 65.83, 49, 0, 147.00, 1575, 147.00, 0x0000000000000000
2026/10/02 14:44:32.110, 0, 84.08, 51, 27, 147.00, 1440, 147.00, 0x0000000000000004
2026/10/02 14:44:32.311, 0, 83.58, 50, 0, 147.00, 1575, 147.00, 0x0000000000000000
2026/10/02 14:44:32.511, 0, 215.11, 52, 41, 144.00, 795, 144.00, 0x0000000000000004
2026/10/02 14:44:32.712, 0, 101.89, 51, 6, 144.00, 1575, 144.00, 0x0000000000000000
2026/10/02 14:44:32.912, 0, 79.43, 50, 0, 144.00, 1575, 144.00, 0x0000000000000000
2026/10/02 14:44:33.113, 0, 71.94, 50, 0, 144.00, 1575, 144.00, 0x0000000000000000
2026/10/02 14:44:33.313, 0, 68.18, 49, 0, 144.00, 1155, 144.00, 0x0000000000000004
2026/10/02 14:44:33.514, 0, 80.74, 50, 18, 144.00, 1575, 144.00, 0x0000000000000000
2026/10/02 14:44:33.714, 0, 79.79, 52, 100, 144.00, 1320, 144.00, 0x0000000000000004
2026/10/02 14:44:33.915, 0, 90.57, 52, 53, 144.00, 1575, 144.00, 0x0000000000000004
2026/10/02 14:44:34.115, 0, 90.54, 50, 0, 144.00, 1575, 144.00, 0x0000000000000000
2026/10/02 14:44:34.316, 0, 90.56, 50, 0, 144.00, 1575, 144.00, 0x0000000000000000
2026/10/02 14:44:34.517, 0, 95.25, 52, 100, 144.00, 840, 144.00, 0x0000000000000004
2026/10/02 14:44:34.717, 0, 104.28, 51, 16, 144.00, 1560, 144.00, 0x0000000000000000
2026/10/02 14:44:34.918, 0, 110.93, 52, 43, 144.00, 1530, 144.00, 0x0000000000000004
2026/10/02 14:44:35.118, 0, 117.71, 51, 45, 144.00, 1560, 144.00, 0x0000000000000000
2026/10/02 14:44:35.319, 0, 133.83, 52, 40, 144.00, 735, 144.00, 0x0000000000000004
2026/10/02 14:44:35.519, 0, 121.54, 51, 10, 144.00, 1560, 144.00, 0x0000000000000000
2026/10/02 14:44:35.720, 0, 104.50, 50, 0, 144.00, 1560, 144.00, 0x0000000000000000
2026/10/02 14:44:35.921, 0, 104.54, 50, 0, 144.00, 1560, 144.00, 0x0000000000000000
2026/10/02 14:44:36.121, 0, 92.75, 51, 39, 144.00, 1560, 144.00, 0x0000000000000000
2026/10/02 14:44:36.322, 0, 93.17, 50, 0, 144.00, 1560, 144.00, 0x0000000000000000
2026/10/02 14:44:36.522, 0, 80.77, 52, 61, 144.00, 765, 144.00, 0x0000000000000004
2026/10/02 14:44:36.723, 0, 46.36, 52, 70, 105.00, 330, 105.00, 0x0000000000000004
2026/10/02 14:44:36.924, 0, 75.18, 51, 68, 105.00, 795, 105.00, 0x0000000000000000
2026/10/02 14:44:37.125, 0, 59.83, 50, 0, 105.00, 795, 105.00, 0x0000000000000000
2026/10/02 14:44:37.325, 0, 64.06, 51, 73, 105.00, 420, 105.00, 0x0000000000000004
2026/10/02 14:44:37.526, 0, 74.37, 51, 100, 105.00, 420, 105.00, 0x0000000000000004
2026/10/02 14:44:37.727, 0, 75.27, 51, 70, 105.00, 795, 105.00, 0x0000000000000000
2026/10/02 14:44:37.927, 0, 67.43, 50, 0, 105.00, 795, 105.00, 0x0000000000000000
2026/10/02 14:44:38.128, 0, 66.83, 49, 0, 105.00, 795, 105.00, 0x0000000000000000
2026/10/02 14:44:38.329, 0, 71.67, 50, 75, 105.00, 405, 105.00, 0x0000000000000004
2026/10/02 14:44:38.529, 0, 71.87, 51, 100, 105.00, 375, 105.00, 0x0000000000000004
2026/10/02 14:44:38.730, 0, 66.73, 51, 74, 150.00, 330, 105.00, 0x0000000000000004
2026/10/02 14:44:38.931, 0, 220.71, 53, 72, 150.00, 1485, 150.00, 0x0000000000000004
2026/10/02 14:44:39.131, 0, 56.98, 51, 0, 150.00, 1680, 150.00, 0x0000000000000004
2026/10/02 14:44:39.332, 0, 58.86, 50, 0, 150.00, 645, 150.00, 0x0000000000000004
2026/10/02 14:44:39.533, 0, 67.82, 52, 60, 150.00, 1635, 150.00, 0x0000000000000004
2026/10/02 14:44:39.733, 0, 65.82, 51, 0, 150.00, 1680, 150.00, 0x0000000000000004
2026/10/02 14:44:39.933, 0, 64.86, 51, 0, 150.00, 1695, 150.00, 0x0000000000000000
2026/10/02 14:44:40.134, 0, 77.09, 51, 45, 150.00, 1680, 150.00, 0x0000000000000004
2026/10/02 14:44:40.335, 0, 77.03, 51, 0, 150.00, 1680, 150.00, 0x0000000000000004
2026/10/02 14:44:40.535, 0, 74.96, 50, 0, 150.00, 1695, 150.00, 0x0000000000000000
2026/10/02 14:44:40.736, 0, 72.94, 50, 0, 150.00, 1695, 150.00, 0x0000000000000000
2026/10/02 14:44:40.936, 0, 73.78, 50, 0, 150.00, 1665, 150.00, 0x0000000000000000
2026/10/02 14:44:41.137, 0, 82.42, 52, 52, 150.00, 1455, 150.00, 0x0000000000000004
2026/10/02 14:44:41.338, 0, 79.55, 52, 0, 150.00, 1665, 150.00, 0x0000000000000000
2026/10/02 14:44:41.538, 0, 81.12, 51, 60, 150.00, 705, 150.00, 0x0000000000000004
2026/10/02 14:44:41.738, 0, 80.75, 51, 0, 150.00, 1665, 150.00, 0x0000000000000000
2026/10/02 14:44:41.939, 0, 87.69, 52, 59, 150.00, 720, 150.00, 0x0000000000000004
2026/10/02 14:44:42.140, 0, 92.13, 53, 33, 150.00, 1470, 150.00, 0x0000000000000004
2026/10/02 14:44:42.340, 0, 102.12, 52, 41, 150.00, 1200, 150.00, 0x0000000000000004
2026/10/02 14:44:42.541, 0, 115.21, 54, 100, 150.00, 840, 150.00, 0x0000000000000004
2026/10/02 14:44:42.741, 0, 131.08, 54, 27, 150.00, 1530, 150.00, 0x0000000000000004
2026/10/02 14:44:42.942, 0, 131.90, 54, 55, 150.00, 1200, 150.00, 0x0000000000000004
2026/10/02 14:44:43.143, 0, 115.38, 52, 61, 150.00, 690, 150.00, 0x0000000000000004
2026/10/02 14:44:43.343, 0, 121.76, 54, 78, 150.00, 840, 150.00, 0x0000000000000004
2026/10/02 14:44:43.544, 0, 104.74, 54, 3, 150.00, 1605, 150.00, 0x0000000000000004
2026/10/02 14:44:43.744, 0, 91.27, 52, 0, 150.00, 1650, 150.00, 0x0000000000000000
2026/10/02 14:44:43.945, 0, 83.92, 51, 0, 150.00, 1650, 150.00, 0x0000000000000000
2026/10/02 14:44:44.146, 0, 87.10, 52, 60, 150.00, 1080, 150.00, 0x0000000000000004
2026/10/02 14:44:44.346, 0, 72.33, 52, 0, 150.00, 1650, 150.00, 0x0000000000000000
2026/10/02 14:44:44.547, 0, 62.05, 51, 0, 150.00, 1650, 150.00, 0x0000000000000000
2026/10/02 14:44:44.748, 0, 76.70, 51, 13, 150.00, 1575, 150.00, 0x0000000000000000
2026/10/02 14:44:44.948, 0, 90.72, 52, 42, 150.00, 690, 150.00, 0x0000000000000004
2026/10/02 14:44:45.149, 0, 86.99, 52, 59, 150.00, 1095, 150.00, 0x0000000000000004
2026/10/02 14:44:45.349, 0, 97.86, 53, 4, 150.00, 1650, 150.00, 0x0000000000000004
2026/10/02 14:44:45.550, 0, 94.42, 52, 0, 150.00, 1650, 150.00, 0x0000000000000000
2026/10/02 14:44:45.750, 0, 94.41, 51, 0, 150.00, 1650, 150.00, 0x0000000000000000
2026/10/02 14:44:45.951, 0, 82.30, 51, 0, 150.00, 1650, 150.00, 0x0000000000000000
2026/10/02 14:44:46.152, 0, 69.03, 51, 0, 150.00, 1650, 150.00, 0x0000000000000000
2026/10/02 14:44:46.352, 0, 83.98, 53, 36, 150.00, 1575, 150.00, 0x0000000000000004
2026/10/02 14:44:46.553, 0, 102.21, 54, 100, 150.00, 840, 150.00, 0x0000000000000004
2026/10/02 14:44:46.753, 0, 118.06, 53, 20, 150.00, 1245, 150.00, 0x0000000000000000
2026/10/02 14:44:46.954, 0, 117.31, 53, 0, 150.00, 1650, 150.00, 0x0000000000000000
2026/10/02 14:44:47.155, 0, 135.17, 54, 24, 150.00, 1605, 150.00, 0x0000000000000004
2026/10/02 14:44:47.355, 0, 112.05, 52, 59, 150.00, 1215, 150.00, 0x0000000000000004
2026/10/02 14:44:47.556, 0, 102.89, 52, 60, 150.00, 705, 150.00, 0x0000000000000004
2026/10/02 14:44:47.756, 0, 106.03, 52, 49, 150.00, 645, 150.00, 0x0000000000000004
2026/10/02 14:44:47.957, 0, 91.63, 52, 0, 150.00, 1620, 150.00, 0x0000000000000000
2026/10/02 14:44:48.157, 0, 74.92, 53, 0, 150.00, 1620, 150.00, 0x0000000000000000
2026/10/02 14:44:48.358, 0, 91.37, 54, 53, 150.00, 1050, 150.00, 0x0000000000000004
2026/10/02 14:44:48.559, 0, 97.86, 54, 52, 150.00, 1620, 150.00, 0x0000000000000004
2026/10/02 14:44:48.760, 0, 82.52, 52, 0, 150.00, 1620, 150.00, 0x0000000000000000
2026/10/02 14:44:48.960, 0, 83.81, 53, 57, 150.00, 1620, 150.00, 0x0000000000000000
2026/10/02 14:44:49.161, 0, 45.41, 52, 0, 105.00, 1065, 105.00, 0x0000000000000000
2026/10/02 14:44:49.361, 0, 77.82, 52, 43, 105.00, 1050, 105.00, 0x0000000000000004
2026/10/02 14:44:49.562, 0, 83.44, 51, 0, 105.00, 405, 105.00, 0x0000000000000000
2026/10/02 14:44:49.763, 0, 81.31, 52, 100, 105.00, 1065, 105.00, 0x0000000000000000
2026/10/02 14:44:49.964, 0, 78.73, 52, 71, 105.00, 1065, 105.00, 0x0000000000000000
2026/10/02 14:44:50.164, 0, 72.68, 51, 0, 105.00, 1065, 105.00, 0x0000000000000000
2026/10/02 14:44:50.365, 0, 65.52, 51, 0, 105.00, 1065, 105.00, 0x0000000000000000
2026/10/02 14:44:50.566, 0, 63.76, 51, 0, 105.00, 1065, 105.00, 0x0000000000000000
2026/10/02 14:44:50.766, 0, 56.83, 50, 0, 105.00, 495, 105.00, 0x0000000000000000
2026/10/02 14:44:50.967, 0, 58.15, 52, 100, 105.00, 1065, 105.00, 0x0000000000000000
2026/10/02 14:44:51.168, 0, 57.93, 51, 0, 105.00, 1065, 105.00, 0x0000000000000000
2026/10/02 14:44:51.368, 0, 57.94, 50, 0, 105.00, 1065, 105.00, 0x0000000000000000
2026/10/02 14:44:51.569, 0, 57.91, 50, 0, 105.00, 1065, 105.00, 0x0000000000000000
2026/10/02 14:44:51.770, 0, 69.90, 52, 94, 105.00, 360, 105.00, 0x0000000000000004
2026/10/02 14:44:51.970, 0, 61.14, 52, 92, 105.00, 1065, 105.00, 0x0000000000000000
2026/10/02 14:44:52.171, 0, 72.43, 52, 36, 105.00, 690, 105.00, 0x0000000000000004
2026/10/02 14:44:52.371, 0, 72.44, 51, 0, 105.00, 1065, 105.00, 0x0000000000000000
2026/10/02 14:44:52.572, 0, 77.20, 50, 0, 105.00, 375, 105.00, 0x0000000000000004
2026/10/02 14:44:52.773, 0, 80.91, 51, 50, 105.00, 360, 105.00, 0x0000000000000000
2026/10/02 14:44:52.974, 0, 80.89, 52, 100, 105.00, 420, 105.00, 0x0000000000000004
2026/10/02 14:44:53.174, 0, 84.38, 52, 100, 105.00, 420, 105.00, 0x0000000000000004
2026/10/02 14:44:53.375, 0, 220.47, 52, 9, 150.00, 1350, 150.00, 0x0000000000000004
2026/10/02 14:44:53.576, 0, 111.70, 52, 26, 150.00, 1680, 150.00, 0x0000000000000004
2026/10/02 14:44:53.776, 0, 91.54, 51, 0, 150.00, 1680, 150.00, 0x0000000000000004
2026/10/02 14:44:53.977, 0, 83.02, 51, 0, 150.00, 1695, 150.00, 0x0000000000000000
2026/10/02 14:44:54.177, 0, 89.96, 51, 0, 150.00, 675, 150.00, 0x0000000000000004
2026/10/02 14:44:54.378, 0, 84.34, 52, 0, 150.00, 1680, 150.00, 0x0000000000000004
2026/10/02 14:44:54.578, 0, 74.67, 52, 59, 150.00, 1650, 150.00, 0x0000000000000004
2026/10/02 14:44:54.779, 0, 87.98, 54, 37, 150.00, 1560, 150.00, 0x0000000000000004
2026/10/02 14:44:54.980, 0, 87.89, 52, 0, 150.00, 1680, 150.00, 0x0000000000000004
2026/10/02 14:44:55.180, 0, 96.70, 53, 60, 150.00, 1620, 150.00, 0x0000000000000004
2026/10/02 14:44:55.381, 0, 87.22, 52, 0, 150.00, 1605, 150.00, 0x0000000000000000
2026/10/02 14:44:55.581, 0, 82.28, 51, 0, 150.00, 1605, 150.00, 0x0000000000000000
2026/10/02 14:44:55.782, 0, 79.94, 53, 19, 150.00, 1440, 150.00, 0x0000000000000004
2026/10/02 14:44:55.982, 0, 79.94, 52, 0, 150.00, 1605, 150.00, 0x0000000000000000
2026/10/02 14:44:56.183, 0, 70.02, 51, 0, 150.00, 1605, 150.00, 0x0000000000000000
2026/10/02 14:44:56.383, 0, 69.64, 51, 0, 150.00, 1605, 150.00, 0x0000000000000000
2026/10/02 14:44:56.584, 0, 81.57, 51, 0, 150.00, 825, 150.00, 0x0000000000000004
2026/10/02 14:44:56.785, 0, 74.66, 53, 91, 150.00, 1065, 150.00, 0x0000000000000004
2026/10/02 14:44:56.985, 0, 99.24, 54, 20, 150.00, 1020, 150.00, 0x0000000000000004
2026/10/02 14:44:57.186, 0, 108.23, 54, 96, 150.00, 1605, 150.00, 0x0000000000000000
2026/10/02 14:44:57.386, 0, 108.49, 52, 0, 147.00, 1590, 147.00, 0x0000000000000000
2026/10/02 14:44:57.587, 0, 57.33, 52, 0, 147.00, 1590, 147.00, 0x0000000000000000
2026/10/02 14:44:57.787, 0, 95.94, 51, 0, 147.00, 690, 147.00, 0x0000000000000004
2026/10/02 14:44:57.988, 0, 80.26, 52, 7, 147.00, 1590, 147.00, 0x0000000000000000
2026/10/02 14:44:58.189, 0, 73.70, 51, 0, 147.00, 1590, 147.00, 0x0000000000000000
2026/10/02 14:44:58.389, 0, 87.81, 51, 0, 147.00, 1560, 147.00, 0x0000000000000004
2026/10/02 14:44:58.590, 0, 81.83, 52, 34, 147.00, 1590, 147.00, 0x0000000000000000
2026/10/02 14:44:58.790, 0, 95.82, 53, 30, 147.00, 1530, 147.00, 0x0000000000000004
2026/10/02 14:44:58.991, 0, 95.79, 54, 54, 147.00, 1590, 147.00, 0x0000000000000000
2026/10/02 14:44:59.192, 0, 95.78, 52, 0, 147.00, 1590, 147.00, 0x0000000000000000
2026/10/02 14:44:59.392, 0, 107.25, 53, 50, 147.00, 1590, 147.00, 0x0000000000000000
2026/10/02 14:44:59.593, 0, 57.71, 54, 38, 144.00, 1590, 144.00, 0x0000000000000000
2026/10/02 14:44:59.793, 0, 61.26, 53, 64, 144.00, 1590, 144.00, 0x0000000000000000
2026/10/02 14:44:59.994, 0, 59.33, 52, 0, 144.00, 1590, 144.00, 0x0000000000000000
2026/10/02 14:45:00.194, 0, 79.41, 52, 0, 144.00, 1530, 144.00, 0x0000000000000000
2026/10/02 14:45:00.395, 0, 73.09, 52, 51, 144.00, 1590, 144.00, 0x0000000000000000
2026/10/02 14:45:00.595, 0, 69.95, 52, 0, 144.00, 1590, 144.00, 0x0000000000000000
2026/10/02 14:45:00.796, 0, 76.32, 53, 59, 144.00, 1590, 144.00, 0x0000000000000000
2026/10/02 14:45:00.996, 0, 76.28, 52, 0, 144.00, 1590, 144.00, 0x0000000000000000
2026/10/02 14:45:01.197, 0, 89.07, 52, 16, 144.00, 1515, 144.00, 0x0000000000000004
2026/10/02 14:45:01.397, 0, 78.81, 52, 0, 144.00, 1170, 144.00, 0x0000000000000004
2026/10/02 14:45:01.598, 0, 95.38, 52, 0, 144.00, 1170, 144.00, 0x0000000000000004
2026/10/02 14:45:01.798, 0, 91.85, 54, 100, 144.00, 1560, 144.00, 0x0000000000000000
2026/10/02 14:45:01.999, 0, 97.49, 54, 62, 144.00, 1560, 144.00, 0x0000000000000000
2026/10/02 14:45:02.199, 0, 94.57, 54, 10, 144.00, 1455, 144.00, 0x0000000000000004
2026/10/02 14:45:02.400, 0, 103.42, 52, 0, 144.00, 1560, 144.00, 0x0000000000000000
2026/10/02 14:45:02.601, 0, 126.65, 54, 87, 144.00, 870, 144.00, 0x0000000000000004
2026/10/02 14:45:02.801, 0, 104.86, 53, 38, 144.00, 1560, 144.00, 0x0000000000000000
2026/10/02 14:45:03.002, 0, 109.92, 53, 11, 144.00, 1470, 144.00, 0x0000000000000004
2026/10/02 14:45:03.202, 0, 98.71, 52, 0, 144.00, 1560, 144.00, 0x0000000000000000
2026/10/02 14:45:03.403, 0, 99.28, 52, 0, 144.00, 1560, 144.00, 0x0000000000000000
2026/10/02 14:45:03.604, 0, 80.87, 52, 0, 144.00, 1560, 144.00, 0x0000000000000000
2026/10/02 14:45:03.804, 0, 53.50, 54, 39, 141.00, 1560, 141.00, 0x0000000000000004
2026/10/02 14:45:04.005, 0, 55.31, 52, 0, 141.00, 1560, 141.00, 0x0000000000000000
2026/10/02 14:45:04.205, 0, 79.71, 53, 17, 141.00, 1500, 141.00, 0x0000000000000004
2026/10/02 14:45:04.406, 0, 78.67, 53, 65, 141.00, 1560, 141.00, 0x0000000000000000
2026/10/02 14:45:04.606, 0, 73.75, 52, 0, 141.00, 1560, 141.00, 0x0000000000000000
2026/10/02 14:45:04.807, 0, 74.11, 52, 7, 141.00, 1425, 141.00, 0x0000000000000004
2026/10/02 14:45:05.008, 0, 86.25, 54, 19, 141.00, 1515, 141.00, 0x0000000000000004
2026/10/02 14:45:05.208, 0, 74.88, 52, 0, 141.00, 1560, 141.00, 0x0000000000000000
2026/10/02 14:45:05.409, 0, 79.60, 52, 0, 141.00, 1170, 141.00, 0x0000000000000004
2026/10/02 14:45:05.609, 0, 88.70, 54, 0, 141.00, 975, 141.00, 0x0000000000000004
2026/10/02 14:45:05.810, 0, 96.49, 54, 80, 141.00, 1365, 141.00, 0x0000000000000004
2026/10/02 14:45:06.010, 0, 84.47, 52, 0, 141.00, 1545, 141.00, 0x0000000000000000
2026/10/02 14:45:06.211, 0, 97.26, 53, 43, 141.00, 1545, 141.00, 0x0000000000000000
2026/10/02 14:45:06.412, 0, 97.22, 52, 0, 141.00, 1545, 141.00, 0x0000000000000000
2026/10/02 14:45:06.612, 0, 97.92, 53, 13, 141.00, 1545, 141.00, 0x0000000000000004
2026/10/02 14:45:06.813, 0, 80.89, 52, 0, 141.00, 1545, 141.00, 0x0000000000000000
2026/10/02 14:45:07.014, 0, 88.93, 53, 46, 141.00, 1545, 141.00, 0x0000000000000000
2026/10/02 14:45:07.214, 0, 98.51, 54, 25, 141.00, 765, 141.00, 0x0000000000000004
2026/10/02 14:45:07.415, 0, 98.41, 53, 30, 141.00, 1545, 141.00, 0x0000000000000000
2026/10/02 14:45:07.615, 0, 89.39, 52, 0, 141.00, 1545, 141.00, 0x0000000000000000
2026/10/02 14:45:07.816, 0, 98.10, 53, 0, 138.00, 1155, 141.00, 0x0000000000000004
2026/10/02 14:45:08.017, 0, 51.44, 53, 13, 138.00, 1500, 138.00, 0x0000000000000004
2026/10/02 14:45:08.217, 0, 55.25, 53, 69, 138.00, 1545, 138.00, 0x0000000000000000
2026/10/02 14:45:08.418, 0, 55.60, 52, 0, 138.00, 1545, 138.00, 0x0000000000000000
2026/10/02 14:45:08.618, 0, 55.75, 52, 0, 138.00, 1545, 138.00, 0x0000000000000000
2026/10/02 14:45:08.819, 0, 55.78, 52, 0, 138.00, 1545, 138.00, 0x0000000000000000
2026/10/02 14:45:09.020, 0, 55.81, 52, 0, 138.00, 1545, 138.00, 0x0000000000000000
2026/10/02 14:45:09.220, 0, 72.75, 52, 0, 138.00, 1545, 138.00, 0x0000000000000000
2026/10/02 14:45:09.421, 0, 77.08, 53, 100, 138.00, 1440, 138.00, 0x0000000000000004
2026/10/02 14:45:09.621, 0, 77.83, 53, 0, 138.00, 1290, 138.00, 0x0000000000000004
2026/10/02 14:45:09.822, 0, 77.88, 52, 0, 138.00, 1545, 138.00, 0x0000000000000000
2026/10/02 14:45:10.023, 0, 77.91, 52, 0, 138.00, 1530, 138.00, 0x0000000000000000
2026/10/02 14:45:10.223, 0, 76.02, 53, 0, 138.00, 1530, 138.00, 0x0000000000000000
2026/10/02 14:45:10.424, 0, 57.58, 52, 67, 138.00, 1530, 138.00, 0x0000000000000000
2026/10/02 14:45:10.625, 0, 66.82, 54, 71, 138.00, 735, 138.00, 0x0000000000000004
2026/10/02 14:45:10.825, 0, 73.58, 54, 100, 138.00, 1515, 138.00, 0x0000000000000004
2026/10/02 14:45:11.026, 0, 87.22, 54, 0, 138.00, 660, 138.00, 0x0000000000000000
2026/10/02 14:45:11.226, 0, 87.55, 54, 39, 138.00, 1455, 138.00, 0x0000000000000000
2026/10/02 14:45:11.427, 0, 93.19, 54, 100, 138.00, 1515, 138.00, 0x0000000000000004
2026/10/02 14:45:11.627, 0, 91.60, 53, 0, 138.00, 1530, 138.00, 0x0000000000000000
2026/10/02 14:45:11.828, 0, 76.13, 52, 0, 138.00, 1530, 138.00, 0x0000000000000000
2026/10/02 14:45:12.029, 0, 60.51, 52, 0, 135.00, 1530, 135.00, 0x0000000000000000
2026/10/02 14:45:12.229, 0, 101.82, 53, 56, 135.00, 1530, 135.00, 0x0000000000000000
2026/10/02 14:45:12.430, 0, 78.39, 52, 0, 135.00, 1530, 135.00, 0x0000000000000000
2026/10/02 14:45:12.630, 0, 70.67, 53, 0, 135.00, 1530, 135.00, 0x0000000000000000
2026/10/02 14:45:12.831, 0, 67.35, 53, 71, 135.00, 1530, 135.00, 0x0000000000000000
2026/10/02 14:45:13.031, 0, 64.97, 52, 0, 135.00, 1530, 135.00, 0x0000000000000000
2026/10/02 14:45:13.232, 0, 55.90, 52, 0, 135.00, 1530, 135.00, 0x0000000000000000
2026/10/02 14:45:13.432, 0, 68.56, 54, 0, 135.00, 525, 135.00, 0x0000000000000004
2026/10/02 14:45:13.633, 0, 81.31, 54, 35, 135.00, 555, 135.00, 0x0000000000000004
2026/10/02 14:45:13.833, 0, 92.66, 53, 61, 135.00, 1515, 135.00, 0x0000000000000004
2026/10/02 14:45:14.034, 0, 106.71, 55, 72, 135.00, 690, 135.00, 0x0000000000000004
2026/10/02 14:45:14.235, 0, 45.32, 53, 89, 105.00, 795, 105.00, 0x0000000000000000
2026/10/02 14:45:14.435, 0, 114.24, 53, 38, 105.00, 465, 105.00, 0x0000000000000004
2026/10/02 14:45:14.636, 0, 79.64, 52, 0, 105.00, 795, 105.00, 0x0000000000000000
2026/10/02 14:45:14.837, 0, 68.03, 52, 0, 105.00, 795, 105.00, 0x0000000000000000
2026/10/02 14:45:15.038, 0, 69.49, 52, 74, 105.00, 795, 105.00, 0x0000000000000000
2026/10/02 14:45:15.238, 0, 64.55, 52, 0, 105.00, 795, 105.00, 0x0000000000000000
2026/10/02 14:45:15.439, 0, 55.49, 52, 0, 105.00, 795, 105.00, 0x0000000000000000
2026/10/02 14:45:15.640, 0, 56.79, 53, 0, 105.00, 330, 105.00, 0x0000000000000004
2026/10/02 14:45:15.840, 0, 67.82, 53, 100, 105.00, 405, 105.00, 0x0000000000000004
2026/10/02 14:45:16.041, 0, 73.76, 54, 100, 105.00, 405, 105.00, 0x0000000000000004
2026/10/02 14:45:16.242, 0, 84.33, 54, 100, 150.00, 405, 150.00, 0x0000000000000004
2026/10/02 14:45:16.442, 0, 154.39, 55, 100, 150.00, 825, 150.00, 0x0000000000000004
2026/10/02 14:45:16.643, 0, 89.66, 53, 42, 150.00, 1680, 150.00, 0x0000000000000004
2026/10/02 14:45:16.843, 0, 105.58, 55, 8, 150.00, 1050, 150.00, 0x0000000000000004
2026/10/02 14:45:17.044, 0, 91.69, 54, 52, 150.00, 1680, 150.00, 0x0000000000000004
2026/10/02 14:45:17.244, 0, 102.71, 55, 0, 150.00, 780, 150.00, 0x0000000000000004
2026/10/02 14:45:17.445, 0, 94.49, 53, 32, 150.00, 1680, 150.00, 0x0000000000000004
2026/10/02 14:45:17.646, 0, 86.91, 53, 0, 150.00, 1680, 150.00, 0x0000000000000004
2026/10/02 14:45:17.846, 0, 96.28, 55, 10, 150.00, 840, 150.00, 0x0000000000000004
2026/10/02 14:45:18.047, 0, 99.18, 55, 34, 150.00, 1185, 150.00, 0x0000000000000004
2026/10/02 14:45:18.247, 0, 108.04, 55, 47, 150.00, 1215, 150.00, 0x0000000000000004
2026/10/02 14:45:18.448, 0, 163.48, 55, 46, 105.00, 345, 105.00, 0x0000000000000000
2026/10/02 14:45:18.648, 0, 77.16, 53, 98, 105.00, 1200, 105.00, 0x0000000000000000
2026/10/02 14:45:18.849, 0, 62.29, 52, 0, 105.00, 1200, 105.00, 0x0000000000000000
2026/10/02 14:45:19.050, 0, 85.97, 53, 22, 105.00, 750, 105.00, 0x0000000000000004
2026/10/02 14:45:19.250, 0, 76.37, 52, 0, 105.00, 1200, 105.00, 0x0000000000000000
2026/10/02 14:45:19.451, 0, 82.38, 53, 36, 105.00, 1065, 105.00, 0x0000000000000004
2026/10/02 14:45:19.651, 0, 73.82, 52, 0, 105.00, 1200, 105.00, 0x0000000000000000
2026/10/02 14:45:19.852, 0, 86.18, 53, 32, 105.00, 810, 105.00, 0x0000000000000004
2026/10/02 14:45:20.052, 0, 75.17, 53, 0, 105.00, 1200, 105.00, 0x0000000000000000
2026/10/02 14:45:20.253, 0, 81.07, 54, 100, 105.00, 420, 105.00, 0x0000000000000004
2026/10/02 14:45:20.454, 0, 81.13, 54, 66, 105.00, 375, 105.00, 0x0000000000000004
2026/10/02 14:45:20.654, 0, 87.34, 54, 91, 105.00, 435, 105.00, 0x0000000000000004
2026/10/02 14:45:20.855, 0, 83.86, 54, 42, 105.00, 420, 105.00, 0x0000000000000004
2026/10/02 14:45:21.055, 0, 80.15, 53, 54, 105.00, 1200, 105.00, 0x0000000000000000
2026/10/02 14:45:21.256, 0, 75.13, 52, 0, 105.00, 1200, 105.00, 0x0000000000000000
2026/10/02 14:45:21.457, 0, 69.19, 52, 0, 105.00, 1200, 105.00, 0x0000000000000000
2026/10/02 14:45:21.657, 0, 57.20, 52, 0, 105.00, 1200, 105.00, 0x0000000000000000
2026/10/02 14:45:21.858, 0, 52.47, 52, 0, 105.00, 1200, 105.00, 0x0000000000000000
2026/10/02 14:45:22.059, 0, 52.47, 52, 0, 105.00, 1200, 105.00, 0x0000000000000000
2026/10/02 14:45:22.259, 0, 52.47, 52, 0, 105.00, 1200, 105.00, 0x0000000000000000
2026/10/02 14:45:22.460, 0, 52.47, 52, 0, 105.00, 1200, 105.00, 0x0000000000000000
2026/10/02 14:45:22.661, 0, 91.00, 53, 100, 105.00, 420, 105.00, 0x0000000000000004
2026/10/02 14:45:22.861, 0, 101.92, 54, 100, 105.00, 405, 105.00, 0x0000000000000004
2026/10/02 14:45:23.062, 0, 107.36, 54, 100, 105.00, 465, 105.00, 0x0000000000000004
2026/10/02 14:45:23.262, 0, 98.80, 52, 20, 105.00, 1185, 105.00, 0x0000000000000000
2026/10/02 14:45:23.463, 0, 92.34, 52, 0, 105.00, 1185, 105.00, 0x0000000000000000
2026/10/02 14:45:23.663, 0, 87.71, 54, 47, 105.00, 420, 105.00, 0x0000000000000004
2026/10/02 14:45:23.864, 0, 87.71, 54, 100, 105.00, 420, 105.00, 0x0000000000000004
2026/10/02 14:45:24.065, 0, 77.72, 53, 74, 105.00, 1185, 105.00, 0x0000000000000000
2026/10/02 14:45:24.265, 0, 72.19, 52, 0, 105.00, 1185, 105.00, 0x0000000000000000
2026/10/02 14:45:24.466, 0, 86.58, 53, 37, 105.00, 420, 105.00, 0x0000000000000004
2026/10/02 14:45:24.666, 0, 84.43, 53, 100, 105.00, 585, 105.00, 0x0000000000000000
2026/10/02 14:45:24.867, 0, 78.30, 53, 0, 105.00, 405, 105.00, 0x0000000000000004
2026/10/02 14:45:25.068, 0, 82.51, 54, 100, 105.00, 405, 105.00, 0x0000000000000004
2026/10/02 14:45:25.268, 0, 92.99, 54, 100, 105.00, 405, 105.00, 0x0000000000000004
2026/10/02 14:45:25.469, 0, 89.36, 53, 100, 105.00, 585, 105.00, 0x0000000000000000
2026/10/02 14:45:25.670, 0, 77.89, 52, 0, 105.00, 585, 105.00, 0x0000000000000000
2026/10/02 14:45:25.870, 0, 77.79, 52, 0, 105.00, 585, 105.00, 0x0000000000000000
2026/10/02 14:45:26.071, 0, 74.58, 53, 61, 105.00, 585, 105.00, 0x0000000000000004
2026/10/02 14:45:26.272, 0, 68.99, 53, 0, 105.00, 360, 105.00, 0x0000000000000000
2026/10/02 14:45:26.472, 0, 68.98, 54, 100, 105.00, 405, 105.00, 0x0000000000000004
2026/10/02 14:45:26.673, 0, 70.32, 53, 80, 105.00, 690, 105.00, 0x0000000000000000
2026/10/02 14:45:26.874, 0, 70.33, 52, 0, 105.00, 690, 105.00, 0x0000000000000000
2026/10/02 14:45:27.074, 0, 64.68, 53, 0, 105.00, 450, 105.00, 0x0000000000000000
2026/10/02 14:45:27.275, 0, 68.01, 52, 100, 105.00, 690, 105.00, 0x0000000000000000
2026/10/02 14:45:27.475, 0, 68.05, 53, 18, 105.00, 405, 105.00, 0x0000000000000004
2026/10/02 14:45:27.676, 0, 68.37, 54, 98, 105.00, 330, 105.00, 0x0000000000000004
2026/10/02 14:45:27.877, 0, 73.72, 53, 100, 105.00, 690, 105.00, 0x0000000000000000
2026/10/02 14:45:28.077, 0, 82.08, 54, 9, 105.00, 405, 105.00, 0x0000000000000004
2026/10/02 14:45:28.278, 0, 85.79, 53, 100, 105.00, 690, 105.00, 0x0000000000000004
2026/10/02 14:45:28.479, 0, 80.33, 52, 0, 105.00, 690, 105.00, 0x0000000000000000
2026/10/02 14:45:28.680, 0, 69.33, 52, 0, 105.00, 690, 105.00, 0x0000000000000000
2026/10/02 14:45:28.880, 0, 62.26, 52, 0, 105.00, 660, 105.00, 0x0000000000000000
2026/10/02 14:45:29.081, 0, 59.17, 52, 0, 105.00, 660, 105.00, 0x0000000000000000
2026/10/02 14:45:29.282, 0, 53.61, 52, 80, 105.00, 660, 105.00, 0x0000000000000000
2026/10/02 14:45:29.482, 0, 50.06, 52, 0, 105.00, 660, 105.00, 0x0000000000000000
2026/10/02 14:45:29.683, 0, 55.17, 53, 0, 105.00, 405, 105.00, 0x0000000000000004
2026/10/02 14:45:29.884, 0, 60.53, 53, 52, 105.00, 405, 105.00, 0x0000000000000004
2026/10/02 14:45:30.085, 0, 66.47, 54, 70, 105.00, 420, 105.00, 0x0000000000000004
2026/10/02 14:45:30.285, 0, 61.74, 52, 54, 105.00, 660, 105.00, 0x0000000000000000
2026/10/02 14:45:30.486, 0, 61.32, 52, 0, 105.00, 660, 105.00, 0x0000000000000000
2026/10/02 14:45:30.687, 0, 61.32, 52, 0, 105.00, 660, 105.00, 0x0000000000000000
2026/10/02 14:45:30.887, 0, 55.93, 51, 0, 105.00, 660, 105.00, 0x0000000000000000
2026/10/02 14:45:31.088, 0, 59.04, 52, 52, 105.00, 660, 105.00, 0x0000000000000004
2026/10/02 14:45:31.289, 0, 58.97, 53, 63, 105.00, 405, 105.00, 0x0000000000000004
2026/10/02 14:45:31.490, 0, 60.32, 52, 0, 105.00, 660, 105.00, 0x0000000000000000
2026/10/02 14:45:31.691, 0, 71.44, 53, 95, 105.00, 660, 105.00, 0x0000000000000004
2026/10/02 14:45:31.891, 0, 79.94, 53, 85, 105.00, 660, 105.00, 0x0000000000000004
2026/10/02 14:45:32.092, 0, 76.25, 53, 53, 105.00, 660, 105.00, 0x0000000000000000
2026/10/02 14:45:32.293, 0, 85.70, 53, 89, 105.00, 660, 105.00, 0x0000000000000004
2026/10/02 14:45:32.494, 0, 86.08, 53, 33, 105.00, 345, 105.00, 0x0000000000000000
2026/10/02 14:45:32.694, 0, 90.75, 54, 100, 105.00, 405, 105.00, 0x0000000000000004
2026/10/02 14:45:32.895, 0, 195.86, 55, 47, 150.00, 840, 150.00, 0x0000000000000004
2026/10/02 14:45:33.096, 0, 139.79, 55, 31, 150.00, 690, 150.00, 0x0000000000000004
2026/10/02 14:45:33.296, 0, 98.97, 53, 0, 150.00, 1680, 150.00, 0x0000000000000004
2026/10/02 14:45:33.497, 0, 86.61, 53, 0, 150.00, 1680, 150.00, 0x0000000000000004
2026/10/02 14:45:33.698, 0, 91.48, 54, 57, 150.00, 1305, 150.00, 0x0000000000000004
2026/10/02 14:45:33.898, 0, 85.31, 53, 0, 150.00, 1680, 150.00, 0x0000000000000004
2026/10/02 14:45:34.099, 0, 97.97, 53, 29, 150.00, 1650, 150.00, 0x0000000000000004
2026/10/02 14:45:34.299, 0, 92.96, 54, 49, 150.00, 1605, 150.00, 0x0000000000000004
2026/10/02 14:45:34.500, 0, 112.79, 55, 94, 150.00, 1380, 150.00, 0x0000000000000004
2026/10/02 14:45:34.701, 0, 112.57, 54, 0, 150.00, 1680, 150.00, 0x0000000000000004
2026/10/02 14:45:34.901, 0, 104.92, 53, 0, 150.00, 1695, 150.00, 0x0000000000000004
2026/10/02 14:45:35.102, 0, 89.80, 53, 0, 150.00, 1665, 150.00, 0x0000000000000000
2026/10/02 14:45:35.302, 0, 80.41, 53, 0, 150.00, 1665, 150.00, 0x0000000000000000
2026/10/02 14:45:35.503, 0, 77.19, 53, 48, 150.00, 1620, 150.00, 0x0000000000000004
2026/10/02 14:45:35.704, 0, 70.14, 53, 0, 150.00, 1665, 150.00, 0x0000000000000000
2026/10/02 14:45:35.904, 0, 69.93, 53, 0, 150.00, 1665, 150.00, 0x0000000000000000
2026/10/02 14:45:36.105, 0, 83.78, 53, 30, 150.00, 1650, 150.00, 0x0000000000000004
2026/10/02 14:45:36.305, 0, 83.83, 53, 0, 150.00, 1665, 150.00, 0x0000000000000000
2026/10/02 14:45:36.506, 0, 81.04, 53, 0, 150.00, 1665, 150.00, 0x0000000000000004
2026/10/02 14:45:36.706, 0, 81.89, 53, 0, 150.00, 1665, 150.00, 0x0000000000000000
2026/10/02 14:45:36.907, 0, 81.87, 53, 0, 150.00, 1665, 150.00, 0x0000000000000000
2026/10/02 14:45:37.107, 0, 67.23, 53, 0, 150.00, 1650, 150.00, 0x0000000000000000
2026/10/02 14:45:37.308, 0, 78.64, 54, 79, 150.00, 1515, 150.00, 0x0000000000000004
2026/10/02 14:45:37.509, 0, 71.47, 53, 0, 150.00, 1650, 150.00, 0x0000000000000000
2026/10/02 14:45:37.709, 0, 72.24, 54, 0, 150.00, 1650, 150.00, 0x0000000000000000
2026/10/02 14:45:37.910, 0, 72.20, 53, 0, 150.00, 1650, 150.00, 0x0000000000000000
2026/10/02 14:45:38.110, 0, 72.05, 53, 0, 150.00, 1650, 150.00, 0x0000000000000000
2026/10/02 14:45:38.311, 0, 76.50, 54, 31, 150.00, 1650, 150.00, 0x0000000000000004
2026/10/02 14:45:38.512, 0, 89.25, 54, 30, 150.00, 1650, 150.00, 0x0000000000000004
2026/10/02 14:45:38.712, 0, 88.54, 53, 0, 150.00, 1050, 150.00, 0x0000000000000000
2026/10/02 14:45:38.913, 0, 88.05, 53, 0, 150.00, 1650, 150.00, 0x0000000000000000
2026/10/02 14:45:39.114, 0, 93.95, 55, 9, 150.00, 735, 150.00, 0x0000000000000000
2026/10/02 14:45:39.314, 0, 86.70, 54, 35, 150.00, 1650, 150.00, 0x0000000000000004
2026/10/02 14:45:39.515, 0, 99.89, 56, 62, 150.00, 750, 150.00, 0x0000000000000004
2026/10/02 14:45:39.715, 0, 100.02, 54, 0, 150.00, 1650, 150.00, 0x0000000000000000
2026/10/02 14:45:39.916, 0, 104.04, 54, 0, 150.00, 1650, 150.00, 0x0000000000000004
2026/10/02 14:45:40.116, 0, 104.11, 53, 0, 150.00, 1650, 150.00, 0x0000000000000000
2026/10/02 14:45:40.317, 0, 90.38, 53, 0, 150.00, 1650, 150.00, 0x0000000000000000
2026/10/02 14:45:40.518, 0, 90.84, 55, 30, 150.00, 690, 150.00, 0x0000000000000004
2026/10/02 14:45:40.718, 0, 78.33, 53, 0, 150.00, 1650, 150.00, 0x0000000000000000
2026/10/02 14:45:40.919, 0, 74.77, 53, 0, 150.00, 1650, 150.00, 0x0000000000000000
2026/10/02 14:45:41.120, 0, 87.08, 54, 12, 150.00, 1635, 150.00, 0x0000000000000004
2026/10/02 14:45:41.320, 0, 87.01, 53, 0, 150.00, 1635, 150.00, 0x0000000000000000
2026/10/02 14:45:41.521, 0, 102.04, 55, 69, 150.00, 1380, 150.00, 0x0000000000000004
2026/10/02 14:45:41.721, 0, 92.08, 54, 0, 150.00, 1635, 150.00, 0x0000000000000000
2026/10/02 14:45:41.922, 0, 91.99, 53, 0, 150.00, 1635, 150.00, 0x0000000000000000
2026/10/02 14:45:42.122, 0, 91.51, 55, 58, 150.00, 1215, 150.00, 0x0000000000000004
2026/10/02 14:45:42.323, 0, 102.20, 55, 12, 150.00, 975, 150.00, 0x0000000000000004
2026/10/02 14:45:42.524, 0, 91.38, 55, 59, 150.00, 1590, 150.00, 0x0000000000000004
2026/10/02 14:45:42.724, 0, 81.81, 54, 0, 150.00, 1635, 150.00, 0x0000000000000000
2026/10/02 14:45:42.925, 0, 81.82, 53, 0, 150.00, 1635, 150.00, 0x0000000000000000
2026/10/02 14:45:43.125, 0, 88.73, 55, 12, 150.00, 690, 150.00, 0x0000000000000000
2026/10/02 14:45:43.326, 0, 67.48, 54, 0, 150.00, 1635, 150.00, 0x0000000000000000
2026/10/02 14:45:43.526, 0, 80.37, 55, 49, 150.00, 735, 150.00, 0x0000000000000004
2026/10/02 14:45:43.727, 0, 98.86, 56, 16, 150.00, 660, 150.00, 0x0000000000000000
2026/10/02 14:45:43.928, 0, 98.23, 54, 0, 150.00, 1635, 150.00, 0x0000000000000000
2026/10/02 14:45:44.128, 0, 98.21, 54, 0, 150.00, 1635, 150.00, 0x0000000000000000
2026/10/02 14:45:44.329, 0, 89.69, 53, 0, 150.00, 1635, 150.00, 0x0000000000000000
2026/10/02 14:45:44.529, 0, 89.60, 53, 0, 150.00, 1635, 150.00, 0x0000000000000000
2026/10/02 14:45:44.730, 0, 82.30, 55, 50, 150.00, 1050, 150.00, 0x0000000000000004
2026/10/02 14:45:44.930, 0, 85.30, 54, 33, 150.00, 1635, 150.00, 0x0000000000000004
2026/10/02 14:45:45.131, 0, 97.78, 55, 48, 150.00, 990, 150.00, 0x0000000000000004
2026/10/02 14:45:45.331, 0, 46.36, 53, 0, 105.00, 990, 105.00, 0x0000000000000000
2026/10/02 14:45:45.532, 0, 112.99, 54, 100, 105.00, 405, 105.00, 0x0000000000000004
2026/10/02 14:45:45.732, 0, 94.83, 54, 39, 105.00, 990, 105.00, 0x0000000000000000
2026/10/02 14:45:45.933, 0, 98.35, 54, 100, 105.00, 420, 105.00, 0x0000000000000004
2026/10/02 14:45:46.134, 0, 100.29, 55, 100, 105.00, 405, 105.00, 0x0000000000000004
2026/10/02 14:45:46.334, 0, 101.22, 55, 100, 105.00, 405, 105.00, 0x0000000000000004
2026/10/02 14:45:46.535, 0, 100.25, 55, 100, 105.00, 405, 105.00, 0x0000000000000004
2026/10/02 14:45:46.736, 0, 99.90, 55, 100, 105.00, 405, 105.00, 0x0000000000000004
2026/10/02 14:45:46.936, 0, 105.12, 55, 100, 105.00, 405, 105.00, 0x0000000000000004
2026/10/02 14:45:47.137, 0, 104.89, 55, 97, 105.00, 390, 105.00, 0x0000000000000004
2026/10/02 14:45:47.338, 0, 99.27, 55, 71, 105.00, 405, 105.00, 0x0000000000000004
2026/10/02 14:45:47.538, 0, 93.82, 55, 84, 105.00, 405, 105.00, 0x0000000000000004
2026/10/02 14:45:47.739, 0, 93.68, 55, 100, 105.00, 405, 105.00, 0x0000000000000004
2026/10/02 14:45:47.940, 0, 93.76, 55, 100, 105.00, 405, 105.00, 0x0000000000000004
2026/10/02 14:45:48.140, 0, 88.36, 54, 36, 105.00, 690, 105.00, 0x0000000000000000
2026/10/02 14:45:48.341, 0, 82.73, 53, 0, 105.00, 690, 105.00, 0x0000000000000000
2026/10/02 14:45:48.542, 0, 89.49, 54, 99, 105.00, 690, 105.00, 0x0000000000000004
2026/10/02 14:45:48.742, 0, 84.33, 54, 100, 105.00, 495, 105.00, 0x0000000000000004
2026/10/02 14:45:48.943, 0, 84.54, 55, 100, 105.00, 405, 105.00, 0x0000000000000004
2026/10/02 14:45:49.144, 0, 84.53, 55, 100, 105.00, 405, 105.00, 0x0000000000000004
2026/10/02 14:45:49.344, 0, 95.20, 55, 100, 105.00, 390, 105.00, 0x0000000000000004
2026/10/02 14:45:49.545, 0, 141.08, 56, 100, 150.00, 810, 150.00, 0x0000000000000004
2026/10/02 14:45:49.745, 0, 151.51, 57, 100, 150.00, 795, 150.00, 0x0000000000000004
2026/10/02 14:45:49.946, 0, 150.72, 57, 100, 150.00, 795, 150.00, 0x0000000000000004
2026/10/02 14:45:50.147, 0, 150.35, 57, 100, 150.00, 795, 150.00, 0x0000000000000004
2026/10/02 14:45:50.347, 0, 150.20, 57, 100, 150.00, 720, 150.00, 0x0000000000000004
2026/10/02 14:45:50.548, 0, 149.66, 58, 100, 150.00, 810, 150.00, 0x0000000000000004
2026/10/02 14:45:50.748, 0, 149.63, 58, 100, 150.00, 810, 150.00, 0x0000000000000004
2026/10/02 14:45:50.949, 0, 141.58, 56, 6, 150.00, 1680, 150.00, 0x0000000000000004
2026/10/02 14:45:51.150, 0, 140.02, 57, 29, 150.00, 1065, 150.00, 0x0000000000000004
2026/10/02 14:45:51.350, 0, 131.34, 57, 77, 150.00, 840, 150.00, 0x0000000000000004
2026/10/02 14:45:51.551, 0, 132.32, 58, 100, 105.00, 810, 150.00, 0x0000000000000004
2026/10/02 14:45:51.751, 0, 46.27, 56, 2, 105.00, 330, 105.00, 0x0000000000000000
2026/10/02 14:45:51.952, 0, 83.81, 56, 100, 105.00, 405, 105.00, 0x0000000000000004
2026/10/02 14:45:52.153, 0, 92.01, 56, 100, 105.00, 405, 105.00, 0x0000000000000004
2026/10/02 14:45:52.353, 0, 95.57, 56, 100, 105.00, 405, 105.00, 0x0000000000000004
2026/10/02 14:45:52.554, 0, 97.58, 56, 100, 105.00, 405, 105.00, 0x0000000000000004
2026/10/02 14:45:52.755, 0, 98.43, 56, 100, 105.00, 405, 105.00, 0x0000000000000004
2026/10/02 14:45:52.955, 0, 106.32, 56, 25, 105.00, 390, 105.00, 0x0000000000000000
2026/10/02 14:45:53.156, 0, 101.15, 55, 7, 105.00, 810, 105.00, 0x0000000000000000
2026/10/02 14:45:53.357, 0, 103.73, 56, 100, 105.00, 405, 105.00, 0x0000000000000004
2026/10/02 14:45:53.557, 0, 103.68, 56, 100, 105.00, 405, 105.00, 0x0000000000000004
2026/10/02 14:45:53.758, 0, 104.41, 56, 100, 150.00, 885, 150.00, 0x0000000000000004
2026/10/02 14:45:53.959, 0, 152.25, 58, 100, 150.00, 840, 150.00, 0x0000000000000004
2026/10/02 14:45:54.159, 0, 149.31, 58, 100, 150.00, 810, 150.00, 0x0000000000000004
2026/10/02 14:45:54.360, 0, 149.89, 58, 100, 150.00, 1515, 150.00, 0x0000000000000004
2026/10/02 14:45:54.561, 0, 124.82, 56, 0, 150.00, 1680, 150.00, 0x0000000000000004
2026/10/02 14:45:54.761, 0, 111.33, 56, 0, 150.00, 1695, 150.00, 0x0000000000000004
2026/10/02 14:45:54.962, 0, 114.32, 57, 50, 150.00, 825, 150.00, 0x0000000000000004
2026/10/02 14:45:55.162, 0, 118.50, 58, 30, 150.00, 1200, 150.00, 0x0000000000000004
2026/10/02 14:45:55.363, 0, 102.79, 57, 0, 150.00, 675, 150.00, 0x0000000000000004
2026/10/02 14:45:55.563, 0, 108.37, 58, 70, 150.00, 750, 150.00, 0x0000000000000004
2026/10/02 14:45:55.764, 0, 126.75, 58, 100, 105.00, 840, 150.00, 0x0000000000000004
2026/10/02 14:45:55.965, 0, 100.83, 57, 73, 105.00, 405, 105.00, 0x0000000000000004
2026/10/02 14:45:56.165, 0, 106.87, 57, 100, 105.00, 810, 105.00, 0x0000000000000004
2026/10/02 14:45:56.366, 0, 92.22, 56, 15, 105.00, 375, 105.00, 0x0000000000000000
2026/10/02 14:45:56.567, 0, 86.87, 55, 19, 105.00, 810, 105.00, 0x0000000000000000
2026/10/02 14:45:56.767, 0, 83.53, 56, 90, 105.00, 630, 105.00, 0x0000000000000004
2026/10/02 14:45:56.968, 0, 81.46, 56, 83, 105.00, 405, 105.00, 0x0000000000000004
2026/10/02 14:45:57.169, 0, 75.14, 56, 92, 105.00, 405, 105.00, 0x0000000000000004
2026/10/02 14:45:57.369, 0, 83.22, 57, 100, 105.00, 405, 105.00, 0x0000000000000004
2026/10/02 14:45:57.570, 0, 82.69, 57, 100, 105.00, 390, 105.00, 0x0000000000000004
2026/10/02 14:45:57.771, 0, 93.47, 57, 100, 105.00, 405, 105.00, 0x0000000000000004
2026/10/02 14:45:57.971, 0, 98.21, 57, 100, 150.00, 420, 150.00, 0x0000000000000004
2026/10/02 14:45:58.172, 0, 152.48, 58, 100, 150.00, 810, 150.00, 0x0000000000000004
2026/10/02 14:45:58.373, 0, 150.95, 58, 100, 150.00, 795, 150.00, 0x0000000000000004
2026/10/02 14:45:58.573, 0, 150.37, 59, 100, 150.00, 765, 150.00, 0x0000000000000004
2026/10/02 14:45:58.774, 0, 150.11, 59, 100, 150.00, 795, 150.00, 0x0000000000000004
2026/10/02 14:45:58.974, 0, 149.58, 59, 100, 150.00, 795, 150.00, 0x0000000000000004
2026/10/02 14:45:59.175, 0, 149.54, 59, 100, 150.00, 795, 150.00, 0x0000000000000004
2026/10/02 14:45:59.375, 0, 149.84, 59, 100, 150.00, 795, 150.00, 0x0000000000000004
2026/10/02 14:45:59.576, 0, 149.72, 59, 100, 150.00, 780, 150.00, 0x0000000000000004
2026/10/02 14:45:59.777, 0, 149.77, 59, 100, 150.00, 765, 150.00, 0x0000000000000004
2026/10/02 14:45:59.977, 0, 149.82, 59, 100, 150.00, 795, 150.00, 0x0000000000000004
2026/10/02 14:46:00.178, 0, 149.97, 60, 100, 150.00, 795, 150.00, 0x0000000000000004
2026/10/02 14:46:00.378, 0, 149.61, 60, 100, 150.00, 795, 150.00, 0x0000000000000004
2026/10/02 14:46:00.579, 0, 149.58, 60, 100, 150.00, 795, 150.00, 0x0000000000000004
2026/10/02 14:46:00.779, 0, 149.75, 60, 100, 150.00, 780, 150.00, 0x0000000000000004
2026/10/02 14:46:00.980, 0, 149.87, 60, 100, 150.00, 795, 150.00, 0x0000000000000004
2026/10/02 14:46:01.181, 0, 150.17, 60, 100, 150.00, 1485, 150.00, 0x0000000000000004
2026/10/02 14:46:01.381, 0, 142.29, 60, 61, 150.00, 840, 150.00, 0x0000000000000004
2026/10/02 14:46:01.582, 0, 132.40, 59, 62, 150.00, 1650, 150.00, 0x0000000000000004
2026/10/02 14:46:01.782, 0, 141.47, 60, 53, 150.00, 1395, 150.00, 0x0000000000000004
2026/10/02 14:46:01.983, 0, 138.60, 60, 45, 150.00, 825, 150.00, 0x0000000000000004
2026/10/02 14:46:02.183, 0, 138.31, 60, 100, 105.00, 210, 105.00, 0x0000000000000004
2026/10/02 14:46:02.384, 0, 105.01, 59, 100, 105.00, 390, 105.00, 0x0000000000000004
2026/10/02 14:46:02.584, 0, 105.38, 59, 100, 105.00, 390, 105.00, 0x0000000000000004
2026/10/02 14:46:02.785, 0, 105.45, 59, 100, 105.00, 330, 105.00, 0x0000000000000004
2026/10/02 14:46:02.986, 0, 105.15, 58, 100, 105.00, 390, 105.00, 0x0000000000000004
2026/10/02 14:46:03.186, 0, 104.79, 58, 100, 105.00, 390, 105.00, 0x0000000000000004
2026/10/02 14:46:03.387, 0, 104.70, 58, 100, 105.00, 390, 105.00, 0x0000000000000004
2026/10/02 14:46:03.588, 0, 104.66, 58, 100, 105.00, 390, 105.00, 0x0000000000000004
2026/10/02 14:46:03.788, 0, 104.48, 58, 100, 105.00, 390, 105.00, 0x0000000000000004
2026/10/02 14:46:03.989, 0, 104.12, 58, 100, 105.00, 390, 105.00, 0x0000000000000004
2026/10/02 14:46:04.190, 0, 104.11, 58, 100, 150.00, 390, 105.00, 0x0000000000000004
2026/10/02 14:46:04.390, 0, 170.12, 59, 100, 150.00, 795, 150.00, 0x0000000000000004
2026/10/02 14:46:04.591, 0, 151.89, 60, 100, 150.00, 780, 150.00, 0x0000000000000004
2026/10/02 14:46:04.791, 0, 150.36, 60, 100, 150.00, 795, 150.00, 0x0000000000000004
2026/10/02 14:46:04.992, 0, 134.79, 60, 89, 150.00, 795, 150.00, 0x0000000000000004
2026/10/02 14:46:05.193, 0, 133.35, 60, 15, 150.00, 705, 150.00, 0x0000000000000004
2026/10/02 14:46:05.393, 0, 136.74, 60, 100, 150.00, 825, 150.00, 0x0000000000000004
2026/10/02 14:46:05.594, 0, 136.88, 60, 100, 150.00, 1080, 150.00, 0x0000000000000004
2026/10/02 14:46:05.794, 0, 135.77, 60, 39, 150.00, 1380, 150.00, 0x0000000000000004
2026/10/02 14:46:05.995, 0, 129.06, 58, 0, 150.00, 1680, 150.00, 0x0000000000000004
2026/10/02 14:46:06.195, 0, 121.85, 59, 59, 150.00, 705, 150.00, 0x0000000000000004
2026/10/02 14:46:06.396, 0, 106.32, 60, 70, 105.00, 735, 105.00, 0x0000000000000004
2026/10/02 14:46:06.596, 0, 104.77, 59, 100, 105.00, 390, 105.00, 0x0000000000000004
2026/10/02 14:46:06.797, 0, 104.88, 59, 100, 105.00, 390, 105.00, 0x0000000000000004
2026/10/02 14:46:06.998, 0, 111.22, 59, 70, 105.00, 405, 105.00, 0x0000000000000000
2026/10/02 14:46:07.199, 0, 109.59, 59, 100, 105.00, 390, 105.00, 0x0000000000000004
2026/10/02 14:46:07.399, 0, 106.97, 59, 100, 105.00, 390, 105.00, 0x0000000000000004
2026/10/02 14:46:07.600, 0, 106.80, 59, 100, 105.00, 390, 105.00, 0x0000000000000004
2026/10/02 14:46:07.800, 0, 107.02, 59, 100, 105.00, 405, 105.00, 0x0000000000000004
2026/10/02 14:46:08.001, 0, 106.96, 59, 100, 105.00, 390, 105.00, 0x0000000000000004
2026/10/02 14:46:08.202, 0, 103.44, 59, 100, 105.00, 375, 105.00, 0x0000000000000004
2026/10/02 14:46:08.402, 0, 104.75, 59, 100, 105.00, 390, 105.00, 0x0000000000000004
2026/10/02 14:46:08.603, 0, 152.22, 59, 100, 150.00, 840, 150.00, 0x0000000000000004
2026/10/02 14:46:08.803, 0, 152.76, 60, 100, 150.00, 780, 150.00, 0x0000000000000004
2026/10/02 14:46:09.004, 0, 151.56, 61, 100, 150.00, 780, 150.00, 0x0000000000000004
2026/10/02 14:46:09.205, 0, 156.49, 61, 100, 150.00, 1320, 150.00, 0x0000000000000004
2026/10/02 14:46:09.406, 0, 154.38, 61, 32, 150.00, 765, 150.00, 0x0000000000000004
2026/10/02 14:46:09.606, 0, 145.88, 60, 100, 150.00, 675, 150.00, 0x0000000000000004
2026/10/02 14:46:09.807, 0, 128.92, 59, 62, 150.00, 1680, 150.00, 0x0000000000000004
2026/10/02 14:46:10.008, 0, 109.91, 58, 0, 150.00, 660, 150.00, 0x0000000000000004
2026/10/02 14:46:10.208, 0, 101.08, 59, 60, 150.00, 690, 150.00, 0x0000000000000004
2026/10/02 14:46:10.409, 0, 110.65, 61, 100, 150.00, 1110, 150.00, 0x0000000000000004
2026/10/02 14:46:10.609, 0, 93.41, 61, 42, 150.00, 810, 150.00, 0x0000000000000004
2026/10/02 14:46:10.810, 0, 110.44, 61, 100, 150.00, 825, 150.00, 0x0000000000000004
2026/10/02 14:46:11.011, 0, 117.60, 60, 100, 150.00, 1665, 150.00, 0x0000000000000004
2026/10/02 14:46:11.211, 0, 137.77, 61, 12, 150.00, 1260, 150.00, 0x0000000000000004
2026/10/02 14:46:11.412, 0, 126.04, 60, 36, 150.00, 780, 150.00, 0x0000000000000004
2026/10/02 14:46:11.613, 0, 116.30, 60, 66, 150.00, 1590, 150.00, 0x0000000000000004
2026/10/02 14:46:11.813, 0, 107.73, 61, 0, 150.00, 945, 150.00, 0x0000000000000004
2026/10/02 14:46:12.014, 0, 113.37, 61, 70, 150.00, 810, 150.00, 0x0000000000000004
2026/10/02 14:46:12.214, 0, 119.36, 61, 100, 150.00, 825, 150.00, 0x0000000000000004
2026/10/02 14:46:12.415, 0, 114.87, 60, 89, 150.00, 1680, 150.00, 0x0000000000000004
2026/10/02 14:46:12.615, 0, 123.05, 61, 0, 150.00, 825, 150.00, 0x0000000000000004
2026/10/02 14:46:12.816, 0, 127.46, 60, 100, 150.00, 1665, 150.00, 0x0000000000000004
2026/10/02 14:46:13.017, 0, 112.36, 60, 2, 150.00, 1650, 150.00, 0x0000000000000004
2026/10/02 14:46:13.217, 0, 94.60, 59, 0, 150.00, 1680, 150.00, 0x0000000000000004
2026/10/02 14:46:13.418, 0, 107.90, 60, 31, 150.00, 1500, 150.00, 0x0000000000000004
2026/10/02 14:46:13.618, 0, 131.49, 61, 41, 150.00, 810, 150.00, 0x0000000000000004
2026/10/02 14:46:13.819, 0, 123.70, 60, 100, 150.00, 1635, 150.00, 0x0000000000000004
2026/10/02 14:46:14.019, 0, 134.06, 60, 22, 150.00, 1665, 150.00, 0x0000000000000004
2026/10/02 14:46:14.220, 0, 135.43, 60, 0, 150.00, 1620, 150.00, 0x0000000000000004
2026/10/02 14:46:14.420, 0, 130.05, 60, 44, 150.00, 1680, 150.00, 0x0000000000000004
2026/10/02 14:46:14.621, 0, 102.33, 60, 0, 150.00, 1620, 150.00, 0x0000000000000004
2026/10/02 14:46:14.821, 0, 91.66, 60, 0, 150.00, 1605, 150.00, 0x0000000000000004
2026/10/02 14:46:15.022, 0, 80.68, 60, 2, 150.00, 1650, 150.00, 0x0000000000000004
2026/10/02 14:46:15.223, 0, 97.45, 61, 0, 150.00, 765, 150.00, 0x0000000000000004
2026/10/02 14:46:15.423, 0, 102.11, 61, 100, 150.00, 825, 150.00, 0x0000000000000004
2026/10/02 14:46:15.624, 0, 118.61, 62, 100, 150.00, 795, 150.00, 0x0000000000000004
2026/10/02 14:46:15.824, 0, 128.75, 61, 100, 150.00, 1605, 150.00, 0x0000000000000004
2026/10/02 14:46:16.025, 0, 134.00, 60, 11, 150.00, 1665, 150.00, 0x0000000000000004
2026/10/02 14:46:16.225, 0, 135.18, 59, 0, 150.00, 1680, 150.00, 0x0000000000000004
2026/10/02 14:46:16.426, 0, 111.30, 59, 0, 150.00, 1695, 150.00, 0x0000000000000000
2026/10/02 14:46:16.626, 0, 95.15, 59, 0, 150.00, 1695, 150.00, 0x0000000000000000
2026/10/02 14:46:16.827, 0, 90.92, 60, 0, 150.00, 825, 150.00, 0x0000000000000004
2026/10/02 14:46:17.027, 0, 92.68, 61, 100, 150.00, 810, 150.00, 0x0000000000000004
2026/10/02 14:46:17.228, 0, 91.86, 60, 58, 150.00, 945, 150.00, 0x0000000000000004
2026/10/02 14:46:17.428, 0, 97.34, 60, 61, 150.00, 1650, 150.00, 0x0000000000000004
2026/10/02 14:46:17.629, 0, 113.59, 60, 50, 150.00, 1575, 150.00, 0x0000000000000004
2026/10/02 14:46:17.830, 0, 123.93, 61, 0, 150.00, 1320, 150.00, 0x0000000000000004
2026/10/02 14:46:18.030, 0, 103.69, 59, 28, 150.00, 1680, 150.00, 0x0000000000000004
2026/10/02 14:46:18.231, 0, 102.68, 60, 0, 150.00, 705, 150.00, 0x0000000000000004
2026/10/02 14:46:18.431, 0, 113.29, 60, 88, 150.00, 1665, 150.00, 0x0000000000000004
2026/10/02 14:46:18.632, 0, 98.84, 59, 0, 150.00, 1050, 150.00, 0x0000000000000004
2026/10/02 14:46:18.832, 0, 109.26, 61, 63, 150.00, 825, 150.00, 0x0000000000000004
2026/10/02 14:46:19.033, 0, 93.81, 60, 63, 150.00, 1680, 150.00, 0x0000000000000004
2026/10/02 14:46:19.233, 0, 105.09, 61, 0, 150.00, 1485, 150.00, 0x0000000000000004
2026/10/02 14:46:19.434, 0, 88.68, 60, 10, 150.00, 675, 150.00, 0x0000000000000004
2026/10/02 14:46:19.634, 0, 89.29, 60, 60, 150.00, 1185, 150.00, 0x0000000000000004
2026/10/02 14:46:19.835, 0, 90.46, 60, 60, 150.00, 1680, 150.00, 0x0000000000000004
2026/10/02 14:46:20.036, 0, 94.46, 61, 0, 150.00, 825, 150.00, 0x0000000000000004
2026/10/02 14:46:20.237, 0, 99.31, 60, 97, 150.00, 645, 150.00, 0x0000000000000004
2026/10/02 14:46:20.437, 0, 103.53, 61, 86, 150.00, 900, 150.00, 0x0000000000000004
2026/10/02 14:46:20.638, 0, 117.46, 61, 96, 150.00, 1575, 150.00, 0x0000000000000004
2026/10/02 14:46:20.838, 0, 122.70, 61, 2, 150.00, 1125, 150.00, 0x0000000000000004
2026/10/02 14:46:21.039, 0, 121.91, 60, 45, 150.00, 600, 150.00, 0x0000000000000000
2026/10/02 14:46:21.239, 0, 116.42, 62, 67, 150.00, 1050, 150.00, 0x0000000000000004
2026/10/02 14:46:21.440, 0, 108.54, 60, 49, 150.00, 1635, 150.00, 0x0000000000000000
2026/10/02 14:46:21.641, 0, 91.95, 59, 0, 150.00, 1635, 150.00, 0x0000000000000000
2026/10/02 14:46:21.841, 0, 101.09, 61, 42, 150.00, 840, 150.00, 0x0000000000000004
2026/10/02 14:46:22.042, 0, 94.90, 60, 80, 150.00, 1635, 150.00, 0x0000000000000000
2026/10/02 14:46:22.242, 0, 91.82, 59, 0, 150.00, 1635, 150.00, 0x0000000000000000
2026/10/02 14:46:22.443, 0, 84.65, 59, 0, 150.00, 1635, 150.00, 0x0000000000000000
2026/10/02 14:46:22.644, 0, 87.21, 60, 0, 150.00, 1590, 150.00, 0x0000000000000004
2026/10/02 14:46:22.844, 0, 73.77, 60, 0, 150.00, 1635, 150.00, 0x0000000000000004
2026/10/02 14:46:23.045, 0, 71.27, 60, 0, 150.00, 1560, 150.00, 0x0000000000000004
2026/10/02 14:46:23.245, 0, 86.22, 60, 32, 150.00, 1665, 150.00, 0x0000000000000004
2026/10/02 14:46:23.446, 0, 88.77, 59, 0, 150.00, 1665, 150.00, 0x0000000000000000
2026/10/02 14:46:23.646, 0, 93.93, 61, 0, 150.00, 1095, 150.00, 0x0000000000000004
2026/10/02 14:46:23.847, 0, 102.87, 61, 66, 150.00, 1020, 150.00, 0x0000000000000004
2026/10/02 14:46:24.048, 0, 114.36, 60, 56, 150.00, 1665, 150.00, 0x0000000000000004
2026/10/02 14:46:24.248, 0, 123.24, 61, 24, 150.00, 825, 150.00, 0x0000000000000004
2026/10/02 14:46:24.449, 0, 140.81, 62, 85, 150.00, 810, 150.00, 0x0000000000000004
2026/10/02 14:46:24.649, 0, 141.21, 60, 80, 150.00, 1665, 150.00, 0x0000000000000004
2026/10/02 14:46:24.850, 0, 135.07, 60, 0, 150.00, 945, 150.00, 0x0000000000000004
2026/10/02 14:46:25.050, 0, 110.87, 60, 59, 150.00, 585, 150.00, 0x0000000000000004
2026/10/02 14:46:25.251, 0, 101.44, 60, 62, 150.00, 660, 150.00, 0x0000000000000004
2026/10/02 14:46:25.451, 0, 91.53, 61, 62, 150.00, 1350, 150.00, 0x0000000000000004
2026/10/02 14:46:25.652, 0, 82.62, 61, 45, 150.00, 1650, 150.00, 0x0000000000000004
2026/10/02 14:46:25.852, 0, 96.63, 60, 19, 150.00, 1680, 150.00, 0x0000000000000004
2026/10/02 14:46:26.053, 0, 97.59, 59, 0, 150.00, 1110, 150.00, 0x0000000000000004
2026/10/02 14:46:26.253, 0, 112.68, 61, 40, 150.00, 810, 150.00, 0x0000000000000004
2026/10/02 14:46:26.454, 0, 122.73, 61, 79, 150.00, 780, 150.00, 0x0000000000000004
2026/10/02 14:46:26.655, 0, 114.06, 61, 74, 150.00, 1665, 150.00, 0x0000000000000004
2026/10/02 14:46:26.855, 0, 105.36, 61, 0, 150.00, 945, 150.00, 0x0000000000000004
2026/10/02 14:46:27.056, 0, 119.05, 61, 95, 150.00, 885, 150.00, 0x0000000000000004
2026/10/02 14:46:27.256, 0, 108.34, 62, 60, 150.00, 810, 150.00, 0x0000000000000004
2026/10/02 14:46:27.457, 0, 117.86, 62, 100, 150.00, 1545, 150.00, 0x0000000000000004
2026/10/02 14:46:27.658, 0, 115.63, 62, 24, 150.00, 780, 150.00, 0x0000000000000004
2026/10/02 14:46:27.858, 0, 131.13, 62, 91, 150.00, 825, 150.00, 0x0000000000000004
2026/10/02 14:46:28.059, 0, 132.07, 62, 100, 150.00, 1080, 150.00, 0x0000000000000004
2026/10/02 14:46:28.259, 0, 153.28, 62, 56, 150.00, 735, 150.00, 0x0000000000000004
2026/10/02 14:46:28.460, 0, 155.07, 62, 68, 150.00, 1440, 150.00, 0x0000000000000004
2026/10/02 14:46:28.660, 0, 170.96, 63, 55, 150.00, 1455, 150.00, 0x0000000000000004
2026/10/02 14:46:28.861, 0, 151.75, 61, 36, 150.00, 1680, 150.00, 0x0000000000000004
2026/10/02 14:46:29.062, 0, 135.40, 60, 0, 150.00, 1695, 150.00, 0x0000000000000000
2026/10/02 14:46:29.262, 0, 114.94, 61, 0, 150.00, 870, 150.00, 0x0000000000000004
2026/10/02 14:46:29.462, 0, 103.90, 60, 62, 150.00, 615, 150.00, 0x0000000000000004
2026/10/02 14:46:29.663, 0, 91.67, 62, 58, 150.00, 810, 150.00, 0x0000000000000004
2026/10/02 14:46:29.864, 0, 96.68, 62, 100, 150.00, 795, 150.00, 0x0000000000000004
2026/10/02 14:46:30.064, 0, 112.52, 63, 100, 150.00, 810, 150.00, 0x0000000000000004
2026/10/02 14:46:30.265, 0, 128.27, 63, 100, 150.00, 495, 150.00, 0x0000000000000004
2026/10/02 14:46:30.465, 0, 142.86, 63, 100, 150.00, 1560, 150.00, 0x0000000000000004
2026/10/02 14:46:30.666, 0, 144.79, 62, 21, 150.00, 1590, 150.00, 0x0000000000000004
2026/10/02 14:46:30.866, 0, 139.21, 61, 21, 150.00, 1020, 150.00, 0x0000000000000004
2026/10/02 14:46:31.067, 0, 122.14, 61, 62, 150.00, 645, 150.00, 0x0000000000000004
2026/10/02 14:46:31.267, 0, 124.31, 62, 59, 150.00, 810, 150.00, 0x0000000000000004
2026/10/02 14:46:31.468, 0, 124.50, 62, 100, 150.00, 1635, 150.00, 0x0000000000000004
2026/10/02 14:46:31.668, 0, 117.21, 61, 0, 150.00, 1680, 150.00, 0x0000000000000004
2026/10/02 14:46:31.869, 0, 116.74, 62, 15, 150.00, 765, 150.00, 0x0000000000000004
2026/10/02 14:46:32.070, 0, 134.47, 63, 91, 150.00, 810, 150.00, 0x0000000000000004
2026/10/02 14:46:32.270, 0, 147.98, 63, 100, 150.00, 810, 150.00, 0x0000000000000004
2026/10/02 14:46:32.471, 0, 144.95, 63, 100, 150.00, 1335, 150.00, 0x0000000000000004
2026/10/02 14:46:32.671, 0, 138.32, 62, 48, 150.00, 1665, 150.00, 0x0000000000000004
2026/10/02 14:46:32.872, 0, 135.46, 63, 1, 150.00, 1395, 150.00, 0x0000000000000004
2026/10/02 14:46:33.072, 0, 119.08, 61, 46, 150.00, 1680, 150.00, 0x0000000000000004
2026/10/02 14:46:33.273, 0, 103.75, 60, 0, 150.00, 1695, 150.00, 0x0000000000000000
2026/10/02 14:46:33.473, 0, 88.00, 60, 0, 150.00, 1695, 150.00, 0x0000000000000000
2026/10/02 14:46:33.674, 0, 76.83, 60, 0, 150.00, 645, 150.00, 0x0000000000000004
2026/10/02 14:46:33.874, 0, 81.13, 60, 59, 150.00, 675, 150.00, 0x0000000000000004
2026/10/02 14:46:34.075, 0, 81.11, 61, 80, 150.00, 1665, 150.00, 0x0000000000000004
2026/10/02 14:46:34.275, 0, 88.78, 61, 7, 150.00, 1680, 150.00, 0x0000000000000004
2026/10/02 14:46:34.476, 0, 97.40, 61, 5, 150.00, 1665, 150.00, 0x0000000000000004
2026/10/02 14:46:34.677, 0, 113.90, 62, 5, 150.00, 1440, 150.00, 0x0000000000000004
2026/10/02 14:46:34.877, 0, 112.92, 62, 43, 150.00, 780, 150.00, 0x0000000000000004
2026/10/02 14:46:35.078, 0, 121.71, 62, 100, 150.00, 795, 150.00, 0x0000000000000004
2026/10/02 14:46:35.278, 0, 129.26, 63, 100, 150.00, 795, 150.00, 0x0000000000000004
2026/10/02 14:46:35.479, 0, 130.36, 62, 100, 150.00, 660, 150.00, 0x0000000000000004
2026/10/02 14:46:35.680, 0, 124.12, 61, 63, 150.00, 1665, 150.00, 0x0000000000000004
2026/10/02 14:46:35.880, 0, 133.30, 61, 29, 150.00, 675, 150.00, 0x0000000000000004
2026/10/02 14:46:36.081, 0, 129.51, 63, 55, 150.00, 795, 150.00, 0x0000000000000004
2026/10/02 14:46:36.281, 0, 115.08, 61, 87, 150.00, 1680, 150.00, 0x0000000000000004
2026/10/02 14:46:36.482, 0, 106.28, 62, 0, 150.00, 795, 150.00, 0x0000000000000004
2026/10/02 14:46:36.682, 0, 112.93, 61, 100, 150.00, 1680, 150.00, 0x0000000000000004
2026/10/02 14:46:36.883, 0, 96.95, 61, 0, 150.00, 1680, 150.00, 0x0000000000000004
2026/10/02 14:46:37.083, 0, 104.46, 62, 0, 150.00, 810, 150.00, 0x0000000000000004
2026/10/02 14:46:37.284, 0, 111.21, 63, 100, 150.00, 795, 150.00, 0x0000000000000004
2026/10/02 14:46:37.484, 0, 125.05, 62, 100, 150.00, 780, 150.00, 0x0000000000000004
2026/10/02 14:46:37.685, 0, 125.99, 63, 100, 150.00, 795, 150.00, 0x0000000000000004
2026/10/02 14:46:37.885, 0, 142.66, 63, 100, 150.00, 750, 150.00, 0x0000000000000004
2026/10/02 14:46:38.086, 0, 157.13, 63, 100, 150.00, 1320, 150.00, 0x0000000000000004
2026/10/02 14:46:38.286, 0, 147.58, 63, 53, 150.00, 810, 150.00, 0x0000000000000004
2026/10/02 14:46:38.487, 0, 147.72, 63, 100, 150.00, 1035, 150.00, 0x0000000000000004
2026/10/02 14:46:38.687, 0, 146.96, 63, 70, 150.00, 1530, 150.00, 0x0000000000000004
2026/10/02 14:46:38.888, 0, 130.52, 61, 25, 150.00, 675, 150.00, 0x0000000000000004
2026/10/02 14:46:39.088, 0, 117.65, 62, 62, 150.00, 675, 150.00, 0x0000000000000004
2026/10/02 14:46:39.289, 0, 125.65, 63, 89, 105.00, 840, 150.00, 0x0000000000000000
2026/10/02 14:46:39.490, 0, 48.33, 61, 39, 105.00, 840, 105.00, 0x0000000000000000
2026/10/02 14:46:39.690, 0, 96.87, 61, 0, 105.00, 375, 105.00, 0x0000000000000004
2026/10/02 14:46:39.891, 0, 100.89, 61, 100, 105.00, 375, 105.00, 0x0000000000000004
2026/10/02 14:46:40.092, 0, 92.81, 60, 100, 105.00, 840, 105.00, 0x0000000000000000
2026/10/02 14:46:40.292, 0, 97.71, 61, 12, 105.00, 390, 105.00, 0x0000000000000004
2026/10/02 14:46:40.493, 0, 99.13, 61, 100, 105.00, 375, 105.00, 0x0000000000000004
2026/10/02 14:46:40.693, 0, 104.75, 61, 100, 105.00, 375, 105.00, 0x0000000000000004
2026/10/02 14:46:40.894, 0, 101.71, 61, 100, 105.00, 390, 105.00, 0x0000000000000004
2026/10/02 14:46:41.095, 0, 106.08, 61, 100, 105.00, 375, 105.00, 0x0000000000000004
2026/10/02 14:46:41.295, 0, 104.71, 61, 100, 105.00, 390, 105.00, 0x0000000000000004
2026/10/02 14:46:41.496, 0, 104.36, 61, 100, 150.00, 810, 150.00, 0x0000000000000004
2026/10/02 14:46:41.697, 0, 151.73, 63, 100, 150.00, 795, 150.00, 0x0000000000000004
2026/10/02 14:46:41.897, 0, 151.94, 63, 100, 150.00, 765, 150.00, 0x0000000000000004
2026/10/02 14:46:42.098, 0, 151.21, 63, 100, 150.00, 750, 150.00, 0x0000000000000004
2026/10/02 14:46:42.298, 0, 140.43, 63, 100, 150.00, 1665, 150.00, 0x0000000000000004
2026/10/02 14:46:42.499, 0, 137.69, 63, 0, 150.00, 795, 150.00, 0x0000000000000004
2026/10/02 14:46:42.699, 0, 140.17, 63, 100, 150.00, 1380, 150.00, 0x0000000000000004
2026/10/02 14:46:42.900, 0, 146.49, 63, 41, 150.00, 1515, 150.00, 0x0000000000000004
2026/10/02 14:46:43.101, 0, 153.50, 63, 45, 150.00, 1575, 150.00, 0x0000000000000004
2026/10/02 14:46:43.301, 0, 152.16, 63, 18, 150.00, 1440, 150.00, 0x0000000000000004
2026/10/02 14:46:43.502, 0, 150.32, 61, 39, 150.00, 1680, 150.00, 0x0000000000000004
2026/10/02 14:46:43.702, 0, 131.60, 61, 0, 150.00, 1665, 150.00, 0x0000000000000000
2026/10/02 14:46:43.903, 0, 115.24, 61, 10, 150.00, 1665, 150.00, 0x0000000000000000
2026/10/02 14:46:44.103, 0, 96.67, 61, 0, 150.00, 855, 150.00, 0x0000000000000004
2026/10/02 14:46:44.304, 0, 96.37, 61, 48, 150.00, 1665, 150.00, 0x0000000000000000
2026/10/02 14:46:44.505, 0, 115.32, 63, 24, 150.00, 810, 150.00, 0x0000000000000004
2026/10/02 14:46:44.705, 0, 131.17, 63, 100, 150.00, 810, 150.00, 0x0000000000000004
2026/10/02 14:46:44.906, 0, 141.42, 63, 100, 150.00, 780, 150.00, 0x0000000000000004
2026/10/02 14:46:45.106, 0, 157.49, 64, 100, 150.00, 795, 150.00, 0x0000000000000004
2026/10/02 14:46:45.307, 0, 160.94, 63, 100, 150.00, 780, 150.00, 0x0000000000000004
2026/10/02 14:46:45.507, 0, 152.25, 64, 100, 150.00, 795, 150.00, 0x0000000000000004
2026/10/02 14:46:45.711, 0, 152.35, 64, 100, 150.00, 795, 150.00, 0x0000000000000004
2026/10/02 14:46:45.912, 0, 152.01, 64, 100, 150.00, 765, 150.00, 0x0000000000000004
2026/10/02 14:46:46.113, 0, 150.01, 64, 100, 150.00, 705, 150.00, 0x0000000000000004
2026/10/02 14:46:46.313, 0, 140.78, 64, 91, 150.00, 1140, 150.00, 0x0000000000000004
2026/10/02 14:46:46.514, 0, 125.50, 62, 0, 150.00, 1680, 150.00, 0x0000000000000004
2026/10/02 14:46:46.715, 0, 109.73, 62, 0, 150.00, 1695, 150.00, 0x0000000000000000
2026/10/02 14:46:46.915, 0, 94.10, 61, 0, 150.00, 1695, 150.00, 0x0000000000000000
2026/10/02 14:46:47.116, 0, 79.87, 61, 0, 150.00, 1695, 150.00, 0x0000000000000000
2026/10/02 14:46:47.317, 0, 72.93, 61, 0, 150.00, 1695, 150.00, 0x0000000000000000
2026/10/02 14:46:47.517, 0, 89.59, 61, 92, 150.00, 615, 150.00, 0x0000000000000004
2026/10/02 14:46:47.718, 0, 106.37, 61, 53, 105.00, 270, 105.00, 0x0000000000000004
2026/10/02 14:46:47.918, 0, 97.14, 61, 10, 105.00, 660, 105.00, 0x0000000000000000
2026/10/02 14:46:48.119, 0, 100.03, 61, 100, 105.00, 375, 105.00, 0x0000000000000004
2026/10/02 14:46:48.320, 0, 100.99, 62, 100, 105.00, 360, 105.00, 0x0000000000000004
2026/10/02 14:46:48.520, 0, 94.46, 61, 8, 105.00, 660, 105.00, 0x0000000000000000
2026/10/02 14:46:48.721, 0, 97.29, 61, 64, 105.00, 660, 105.00, 0x0000000000000000
2026/10/02 14:46:48.922, 0, 92.04, 62, 29, 105.00, 660, 105.00, 0x0000000000000000
2026/10/02 14:46:49.122, 0, 95.54, 61, 100, 105.00, 390, 105.00, 0x0000000000000004
2026/10/02 14:46:49.323, 0, 91.68, 61, 83, 105.00, 375, 105.00, 0x0000000000000004
2026/10/02 14:46:49.524, 0, 95.64, 61, 100, 105.00, 390, 105.00, 0x0000000000000004
2026/10/02 14:46:49.725, 0, 98.91, 61, 100, 150.00, 375, 105.00, 0x0000000000000004
2026/10/02 14:46:49.934, 0, 67.71, 61, 0, 150.00, 1695, 150.00, 0x0000000000000000
2026/10/02 14:46:50.134, 0, 118.92, 61, 32, 150.00, 1695, 150.00, 0x0000000000000004
2026/10/02 14:46:50.335, 0, 114.60, 63, 12, 150.00, 1530, 150.00, 0x0000000000000004
2026/10/02 14:46:50.536, 0, 121.89, 62, 74, 150.00, 765, 150.00, 0x0000000000000004
2026/10/02 14:46:50.736, 0, 130.12, 63, 100, 150.00, 810, 150.00, 0x0000000000000004
2026/10/02 14:46:50.937, 0, 134.31, 63, 100, 150.00, 795, 150.00, 0x0000000000000004
2026/10/02 14:46:51.137, 0, 153.54, 64, 100, 150.00, 795, 150.00, 0x0000000000000004
2026/10/02 14:46:51.338, 0, 146.07, 63, 52, 150.00, 1215, 150.00, 0x0000000000000004
2026/10/02 14:46:51.539, 0, 145.63, 64, 9, 150.00, 1530, 150.00, 0x0000000000000004
2026/10/02 14:46:51.739, 0, 151.87, 63, 100, 150.00, 810, 150.00, 0x0000000000000004
2026/10/02 14:46:51.940, 0, 151.82, 64, 100, 150.00, 780, 150.00, 0x0000000000000004
2026/10/02 14:46:52.141, 0, 140.01, 64, 17, 150.00, 1500, 150.00, 0x0000000000000004
2026/10/02 14:46:52.341, 0, 135.16, 62, 93, 150.00, 645, 150.00, 0x0000000000000004
2026/10/02 14:46:52.542, 0, 131.97, 64, 100, 150.00, 795, 150.00, 0x0000000000000004
2026/10/02 14:46:52.742, 0, 136.55, 64, 100, 150.00, 795, 150.00, 0x0000000000000004
2026/10/02 14:46:52.943, 0, 136.50, 64, 100, 150.00, 795, 150.00, 0x0000000000000004
2026/10/02 14:46:53.143, 0, 133.63, 64, 100, 150.00, 420, 150.00, 0x0000000000000004
2026/10/02 14:46:53.344, 0, 143.81, 64, 85, 150.00, 780, 150.00, 0x0000000000000004
2026/10/02 14:46:53.545, 0, 133.63, 63, 62, 150.00, 660, 150.00, 0x0000000000000004
2026/10/02 14:46:53.745, 0, 139.08, 64, 100, 150.00, 765, 150.00, 0x0000000000000004
2026/10/02 14:46:53.946, 0, 138.18, 64, 97, 150.00, 780, 150.00, 0x0000000000000004
2026/10/02 14:46:54.146, 0, 138.62, 64, 100, 150.00, 780, 150.00, 0x0000000000000004
2026/10/02 14:46:54.347, 0, 150.95, 64, 100, 150.00, 780, 150.00, 0x0000000000000004
2026/10/02 14:46:54.548, 0, 151.36, 64, 49, 150.00, 1050, 150.00, 0x0000000000000004
2026/10/02 14:46:54.748, 0, 154.11, 64, 100, 150.00, 795, 150.00, 0x0000000000000004
2026/10/02 14:46:54.949, 0, 151.39, 64, 35, 150.00, 1305, 150.00, 0x0000000000000004
2026/10/02 14:46:55.149, 0, 136.19, 62, 0, 150.00, 1680, 150.00, 0x0000000000000004
2026/10/02 14:46:55.350, 0, 125.94, 63, 95, 150.00, 750, 150.00, 0x0000000000000004
2026/10/02 14:46:55.550, 0, 128.11, 64, 87, 150.00, 1095, 150.00, 0x0000000000000004
2026/10/02 14:46:55.751, 0, 116.95, 63, 62, 150.00, 630, 150.00, 0x0000000000000004
2026/10/02 14:46:55.951, 0, 118.31, 64, 35, 105.00, 1020, 150.00, 0x0000000000000004
2026/10/02 14:46:56.152, 0, 104.38, 63, 100, 105.00, 375, 105.00, 0x0000000000000004
2026/10/02 14:46:56.353, 0, 87.79, 63, 65, 105.00, 1020, 105.00, 0x0000000000000004
2026/10/02 14:46:56.553, 0, 94.13, 63, 100, 105.00, 375, 105.00, 0x0000000000000004
2026/10/02 14:46:56.754, 0, 97.38, 63, 100, 105.00, 375, 105.00, 0x0000000000000004
2026/10/02 14:46:56.955, 0, 99.31, 63, 100, 105.00, 375, 105.00, 0x0000000000000004
2026/10/02 14:46:57.155, 0, 100.37, 63, 100, 105.00, 390, 105.00, 0x0000000000000004
2026/10/02 14:46:57.356, 0, 99.93, 63, 100, 105.00, 345, 105.00, 0x0000000000000004
2026/10/02 14:46:57.556, 0, 104.69, 63, 100, 105.00, 390, 105.00, 0x0000000000000004
2026/10/02 14:46:57.757, 0, 104.76, 63, 100, 105.00, 360, 105.00, 0x0000000000000004
2026/10/02 14:46:57.958, 0, 99.62, 63, 54, 105.00, 1020, 105.00, 0x0000000000000000
2026/10/02 14:46:58.158, 0, 103.30, 62, 100, 105.00, 375, 105.00, 0x0000000000000004
2026/10/02 14:46:58.359, 0, 103.81, 62, 100, 105.00, 390, 105.00, 0x0000000000000004
2026/10/02 14:46:58.560, 0, 104.11, 63, 100, 105.00, 375, 105.00, 0x0000000000000004
2026/10/02 14:46:58.760, 0, 104.07, 63, 100, 105.00, 375, 105.00, 0x0000000000000004
2026/10/02 14:46:58.961, 0, 104.18, 63, 100, 105.00, 390, 105.00, 0x0000000000000004
2026/10/02 14:46:59.162, 0, 105.30, 63, 100, 105.00, 390, 105.00, 0x0000000000000004
2026/10/02 14:46:59.362, 0, 105.15, 63, 100, 105.00, 375, 105.00, 0x0000000000000004
2026/10/02 14:46:59.563, 0, 105.04, 62, 100, 105.00, 375, 105.00, 0x0000000000000004
2026/10/02 14:46:59.763, 0, 105.11, 63, 100, 105.00, 360, 105.00, 0x0000000000000004
2026/10/02 14:46:59.964, 0, 104.69, 62, 100, 105.00, 375, 105.00, 0x0000000000000004
2026/10/02 14:47:00.165, 0, 104.68, 63, 100, 150.00, 390, 150.00, 0x0000000000000004
2026/10/02 14:47:00.365, 0, 152.05, 63, 100, 150.00, 795, 150.00, 0x0000000000000004
2026/10/02 14:47:00.566, 0, 152.15, 64, 100, 150.00, 765, 150.00, 0x0000000000000004
2026/10/02 14:47:00.766, 0, 151.39, 64, 100, 150.00, 750, 150.00, 0x0000000000000004
2026/10/02 14:47:00.967, 0, 150.65, 64, 100, 150.00, 750, 150.00, 0x0000000000000004
2026/10/02 14:47:01.168, 0, 133.91, 64, 0, 150.00, 1665, 150.00, 0x0000000000000004
2026/10/02 14:47:01.368, 0, 136.42, 62, 31, 150.00, 1005, 150.00, 0x0000000000000004
2026/10/02 14:47:01.569, 0, 121.74, 62, 0, 150.00, 1680, 150.00, 0x0000000000000004
2026/10/02 14:47:01.769, 0, 117.60, 63, 40, 150.00, 1530, 150.00, 0x0000000000000004
2026/10/02 14:47:01.970, 0, 105.82, 62, 0, 150.00, 1680, 150.00, 0x0000000000000004
2026/10/02 14:47:02.170, 0, 115.63, 63, 37, 150.00, 1545, 150.00, 0x0000000000000004
2026/10/02 14:47:02.370, 0, 134.65, 64, 100, 150.00, 810, 150.00, 0x0000000000000004
2026/10/02 14:47:02.571, 0, 135.20, 64, 100, 150.00, 795, 150.00, 0x0000000000000004
2026/10/02 14:47:02.772, 0, 138.48, 64, 100, 150.00, 795, 150.00, 0x0000000000000004
2026/10/02 14:47:02.972, 0, 163.67, 65, 100, 150.00, 780, 150.00, 0x0000000000000004
2026/10/02 14:47:03.173, 0, 153.80, 65, 100, 150.00, 810, 150.00, 0x0000000000000004
2026/10/02 14:47:03.373, 0, 154.04, 65, 100, 150.00, 780, 150.00, 0x0000000000000004
2026/10/02 14:47:03.574, 0, 153.71, 65, 100, 150.00, 795, 150.00, 0x0000000000000004
2026/10/02 14:47:03.774, 0, 150.67, 65, 100, 150.00, 780, 150.00, 0x0000000000000004
2026/10/02 14:47:03.975, 0, 149.98, 65, 100, 150.00, 690, 150.00, 0x0000000000000004
2026/10/02 14:47:04.175, 0, 150.00, 65, 100, 150.00, 735, 150.00, 0x0000000000000004
2026/10/02 14:47:04.376, 0, 149.76, 65, 100, 150.00, 780, 150.00, 0x0000000000000004
2026/10/02 14:47:04.577, 0, 149.51, 65, 100, 150.00, 765, 150.00, 0x0000000000000004
2026/10/02 14:47:04.777, 0, 149.60, 65, 100, 150.00, 780, 150.00, 0x0000000000000004
2026/10/02 14:47:04.978, 0, 149.16, 65, 100, 150.00, 720, 150.00, 0x0000000000000004
2026/10/02 14:47:05.178, 0, 149.47, 65, 100, 150.00, 735, 150.00, 0x0000000000000004
2026/10/02 14:47:05.379, 0, 149.63, 65, 100, 150.00, 750, 150.00, 0x0000000000000004
2026/10/02 14:47:05.580, 0, 149.68, 65, 100, 150.00, 765, 150.00, 0x0000000000000004
2026/10/02 14:47:05.780, 0, 149.80, 66, 100, 150.00, 750, 150.00, 0x0000000000000004
2026/10/02 14:47:05.981, 0, 143.03, 66, 86, 150.00, 1005, 150.00, 0x0000000000000004
2026/10/02 14:47:06.181, 0, 126.70, 64, 0, 150.00, 1665, 150.00, 0x0000000000000004
2026/10/02 14:47:06.382, 0, 124.04, 64, 42, 150.00, 1515, 150.00, 0x0000000000000004
2026/10/02 14:47:06.582, 0, 133.08, 65, 100, 150.00, 795, 150.00, 0x0000000000000004
2026/10/02 14:47:06.783, 0, 135.03, 65, 100, 150.00, 795, 150.00, 0x0000000000000004
2026/10/02 14:47:06.983, 0, 140.42, 66, 68, 150.00, 990, 150.00, 0x0000000000000004
2026/10/02 14:47:07.184, 0, 171.74, 66, 57, 150.00, 795, 150.00, 0x0000000000000004
2026/10/02 14:47:07.384, 0, 174.83, 66, 100, 150.00, 795, 150.00, 0x0000000000000004
2026/10/02 14:47:07.585, 0, 161.64, 66, 59, 150.00, 690, 150.00, 0x0000000000000004
2026/10/02 14:47:07.785, 0, 153.12, 65, 4, 150.00, 1650, 150.00, 0x0000000000000004
2026/10/02 14:47:07.986, 0, 153.46, 64, 29, 150.00, 990, 150.00, 0x0000000000000004
2026/10/02 14:47:08.187, 0, 148.62, 65, 100, 150.00, 780, 150.00, 0x0000000000000004
2026/10/02 14:47:08.387, 0, 142.77, 66, 94, 150.00, 810, 150.00, 0x0000000000000004
2026/10/02 14:47:08.588, 0, 142.23, 66, 100, 150.00, 780, 150.00, 0x0000000000000004
2026/10/02 14:47:08.788, 0, 127.30, 65, 0, 150.00, 1680, 150.00, 0x0000000000000004
2026/10/02 14:47:08.989, 0, 134.13, 65, 3, 150.00, 1665, 150.00, 0x0000000000000004
2026/10/02 14:47:09.189, 0, 105.30, 64, 0, 150.00, 1680, 150.00, 0x0000000000000004
2026/10/02 14:47:09.390, 0, 94.46, 63, 0, 150.00, 1680, 150.00, 0x0000000000000004
2026/10/02 14:47:09.590, 0, 94.82, 65, 96, 150.00, 810, 150.00, 0x0000000000000004
2026/10/02 14:47:09.791, 0, 88.33, 64, 0, 150.00, 1680, 150.00, 0x0000000000000004
2026/10/02 14:47:09.992, 0, 109.14, 65, 100, 150.00, 810, 150.00, 0x0000000000000004
2026/10/02 14:47:10.192, 0, 128.40, 65, 38, 150.00, 1005, 150.00, 0x0000000000000004
2026/10/02 14:47:10.393, 0, 143.88, 66, 27, 150.00, 1605, 150.00, 0x0000000000000004
2026/10/02 14:47:10.593, 0, 133.46, 64, 2, 150.00, 1680, 150.00, 0x0000000000000004
2026/10/02 14:47:10.794, 0, 142.14, 65, 100, 150.00, 795, 150.00, 0x0000000000000004
2026/10/02 14:47:10.994, 0, 149.26, 65, 38, 150.00, 1035, 150.00, 0x0000000000000004
2026/10/02 14:47:11.195, 0, 141.75, 64, 57, 150.00, 615, 150.00, 0x0000000000000004
2026/10/02 14:47:11.396, 0, 131.79, 66, 27, 150.00, 1590, 150.00, 0x0000000000000004
2026/10/02 14:47:11.596, 0, 155.90, 65, 64, 150.00, 660, 150.00, 0x0000000000000004
2026/10/02 14:47:11.797, 0, 154.15, 66, 23, 150.00, 1605, 150.00, 0x0000000000000004
2026/10/02 14:47:11.998, 0, 148.22, 65, 93, 150.00, 780, 150.00, 0x0000000000000004
2026/10/02 14:47:12.198, 0, 149.55, 66, 100, 150.00, 765, 150.00, 0x0000000000000004
2026/10/02 14:47:12.399, 0, 136.86, 66, 89, 150.00, 915, 150.00, 0x0000000000000004
2026/10/02 14:47:12.599, 0, 111.84, 66, 100, 105.00, 255, 105.00, 0x0000000000000004
2026/10/02 14:47:12.800, 0, 97.13, 65, 100, 105.00, 240, 105.00, 0x0000000000000004
2026/10/02 14:47:13.000, 0, 100.72, 64, 100, 105.00, 375, 105.00, 0x0000000000000004
2026/10/02 14:47:13.201, 0, 102.19, 64, 100, 105.00, 375, 105.00, 0x0000000000000004
2026/10/02 14:47:13.402, 0, 102.82, 64, 100, 105.00, 360, 105.00, 0x0000000000000004
2026/10/02 14:47:13.602, 0, 103.22, 64, 100, 105.00, 375, 105.00, 0x0000000000000004
2026/10/02 14:47:13.803, 0, 104.25, 64, 100, 105.00, 360, 105.00, 0x0000000000000004
2026/10/02 14:47:14.004, 0, 104.82, 64, 100, 105.00, 375, 105.00, 0x0000000000000004
2026/10/02 14:47:14.204, 0, 104.38, 64, 100, 105.00, 345, 105.00, 0x0000000000000004
2026/10/02 14:47:14.405, 0, 104.38, 64, 100, 105.00, 375, 105.00, 0x0000000000000004
2026/10/02 14:47:14.606, 0, 104.40, 64, 100, 150.00, 360, 105.00, 0x0000000000000004
2026/10/02 14:47:14.807, 0, 151.64, 64, 100, 150.00, 780, 150.00, 0x0000000000000004
2026/10/02 14:47:15.007, 0, 150.92, 65, 100, 150.00, 750, 150.00, 0x0000000000000004
2026/10/02 14:47:15.208, 0, 139.26, 66, 31, 150.00, 1515, 150.00, 0x0000000000000004
2026/10/02 14:47:15.409, 0, 142.05, 66, 100, 150.00, 780, 150.00, 0x0000000000000004
2026/10/02 14:47:15.609, 0, 134.25, 66, 20, 150.00, 1575, 150.00, 0x0000000000000004
2026/10/02 14:47:15.810, 0, 122.50, 64, 0, 150.00, 1680, 150.00, 0x0000000000000004
2026/10/02 14:47:16.010, 0, 113.99, 65, 71, 150.00, 1065, 150.00, 0x0000000000000004
2026/10/02 14:47:16.211, 0, 115.13, 65, 100, 150.00, 795, 150.00, 0x0000000000000004
2026/10/02 14:47:16.412, 0, 112.89, 65, 0, 150.00, 1650, 150.00, 0x0000000000000004
2026/10/02 14:47:16.612, 0, 97.91, 64, 0, 150.00, 1680, 150.00, 0x0000000000000004
2026/10/02 14:47:16.813, 0, 107.29, 65, 6, 150.00, 1605, 150.00, 0x0000000000000004
2026/10/02 14:47:17.013, 0, 107.41, 65, 100, 150.00, 735, 150.00, 0x0000000000000004
2026/10/02 14:47:17.214, 0, 111.60, 65, 100, 150.00, 780, 150.00, 0x0000000000000004
2026/10/02 14:47:17.414, 0, 115.27, 66, 100, 150.00, 780, 150.00, 0x0000000000000004
2026/10/02 14:47:17.615, 0, 121.26, 65, 10, 150.00, 1680, 150.00, 0x0000000000000004
2026/10/02 14:47:17.815, 0, 117.94, 66, 42, 150.00, 1455, 150.00, 0x0000000000000004
2026/10/02 14:47:18.016, 0, 118.21, 64, 65, 150.00, 945, 150.00, 0x0000000000000004
2026/10/02 14:47:18.216, 0, 117.73, 64, 31, 150.00, 1350, 150.00, 0x0000000000000004
2026/10/02 14:47:18.417, 0, 117.73, 65, 100, 150.00, 780, 150.00, 0x0000000000000004
2026/10/02 14:47:18.617, 0, 117.95, 66, 65, 150.00, 1185, 150.00, 0x0000000000000004
2026/10/02 14:47:18.818, 0, 126.27, 65, 29, 150.00, 1395, 150.00, 0x0000000000000004
2026/10/02 14:47:19.019, 0, 142.28, 66, 100, 150.00, 780, 150.00, 0x0000000000000004
2026/10/02 14:47:19.219, 0, 147.11, 64, 7, 150.00, 1680, 150.00, 0x0000000000000004
2026/10/02 14:47:19.420, 0, 124.22, 64, 0, 150.00, 1680, 150.00, 0x0000000000000004
2026/10/02 14:47:19.620, 0, 117.99, 64, 56, 150.00, 615, 150.00, 0x0000000000000004
2026/10/02 14:47:19.821, 0, 125.34, 66, 100, 150.00, 780, 150.00, 0x0000000000000004
2026/10/02 14:47:20.021, 0, 120.09, 66, 100, 150.00, 780, 150.00, 0x0000000000000004
2026/10/02 14:47:20.222, 0, 119.95, 66, 6, 150.00, 1620, 150.00, 0x0000000000000004
2026/10/02 14:47:20.423, 0, 116.40, 64, 0, 150.00, 1680, 150.00, 0x0000000000000004
2026/10/02 14:47:20.623, 0, 122.80, 65, 72, 150.00, 1050, 150.00, 0x0000000000000004
2026/10/02 14:47:20.824, 0, 127.51, 66, 100, 150.00, 780, 150.00, 0x0000000000000004
2026/10/02 14:47:21.024, 0, 123.93, 66, 90, 150.00, 780, 150.00, 0x0000000000000004
2026/10/02 14:47:21.225, 0, 122.15, 65, 70, 150.00, 795, 150.00, 0x0000000000000004
2026/10/02 14:47:21.425, 0, 145.67, 66, 100, 150.00, 780, 150.00, 0x0000000000000004
2026/10/02 14:47:21.626, 0, 154.21, 66, 100, 150.00, 780, 150.00, 0x0000000000000004
2026/10/02 14:47:21.827, 0, 146.55, 67, 100, 150.00, 540, 150.00, 0x0000000000000004
2026/10/02 14:47:22.028, 0, 148.40, 66, 100, 150.00, 780, 150.00, 0x0000000000000004
2026/10/02 14:47:22.228, 0, 150.11, 67, 100, 150.00, 780, 150.00, 0x0000000000000004
2026/10/02 14:47:22.429, 0, 141.99, 66, 97, 150.00, 1635, 150.00, 0x0000000000000004
2026/10/02 14:47:22.629, 0, 140.52, 65, 0, 150.00, 1680, 150.00, 0x0000000000000004
2026/10/02 14:47:22.830, 0, 124.14, 65, 43, 150.00, 1680, 150.00, 0x0000000000000004
2026/10/02 14:47:23.031, 0, 126.26, 64, 0, 150.00, 1440, 150.00, 0x0000000000000004
2026/10/02 14:47:23.231, 0, 109.91, 65, 32, 150.00, 975, 150.00, 0x0000000000000004
2026/10/02 14:47:23.432, 0, 100.99, 64, 0, 150.00, 690, 150.00, 0x0000000000000004
2026/10/02 14:47:23.632, 0, 116.42, 66, 100, 150.00, 780, 150.00, 0x0000000000000004
2026/10/02 14:47:23.833, 0, 119.47, 66, 100, 150.00, 780, 150.00, 0x0000000000000004
2026/10/02 14:47:24.033, 0, 134.83, 67, 100, 150.00, 780, 150.00, 0x0000000000000004
2026/10/02 14:47:24.234, 0, 134.06, 67, 100, 150.00, 540, 150.00, 0x0000000000000004
2026/10/02 14:47:24.434, 0, 149.04, 67, 100, 150.00, 750, 150.00, 0x0000000000000004
2026/10/02 14:47:24.635, 0, 149.88, 67, 100, 150.00, 765, 150.00, 0x0000000000000004
2026/10/02 14:47:24.836, 0, 149.86, 67, 100, 150.00, 780, 150.00, 0x0000000000000004
2026/10/02 14:47:25.036, 0, 149.86, 67, 100, 150.00, 750, 150.00, 0x0000000000000004
2026/10/02 14:47:25.237, 0, 141.61, 67, 100, 150.00, 1200, 150.00, 0x0000000000000004
2026/10/02 14:47:25.437, 0, 142.06, 66, 0, 150.00, 1050, 150.00, 0x0000000000000004
2026/10/02 14:47:25.638, 0, 126.13, 65, 47, 150.00, 1680, 150.00, 0x0000000000000004
2026/10/02 14:47:25.839, 0, 113.51, 65, 0, 150.00, 1050, 150.00, 0x0000000000000004
2026/10/02 14:47:26.039, 0, 110.88, 66, 0, 150.00, 585, 150.00, 0x0000000000000004
2026/10/02 14:47:26.240, 0, 112.03, 67, 100, 150.00, 795, 150.00, 0x0000000000000004
2026/10/02 14:47:26.440, 0, 128.10, 67, 100, 150.00, 870, 150.00, 0x0000000000000004
2026/10/02 14:47:26.641, 0, 123.46, 66, 100, 150.00, 1605, 150.00, 0x0000000000000004
2026/10/02 14:47:26.841, 0, 133.61, 65, 49, 150.00, 1635, 150.00, 0x0000000000000004
2026/10/02 14:47:27.042, 0, 131.50, 64, 0, 150.00, 1680, 150.00, 0x0000000000000004
2026/10/02 14:47:27.242, 0, 111.17, 64, 0, 150.00, 1695, 150.00, 0x0000000000000000
2026/10/02 14:47:27.443, 0, 95.91, 64, 0, 150.00, 1695, 150.00, 0x0000000000000000
2026/10/02 14:47:27.643, 0, 98.50, 66, 17, 150.00, 810, 150.00, 0x0000000000000004
2026/10/02 14:47:27.844, 0, 87.62, 64, 33, 150.00, 1680, 150.00, 0x0000000000000004
2026/10/02 14:47:28.045, 0, 98.75, 65, 18, 150.00, 1545, 150.00, 0x0000000000000004
2026/10/02 14:47:28.245, 0, 114.38, 66, 66, 150.00, 780, 150.00, 0x0000000000000004
2026/10/02 14:47:28.446, 0, 120.33, 66, 65, 150.00, 720, 150.00, 0x0000000000000004
2026/10/02 14:47:28.647, 0, 108.41, 65, 69, 150.00, 1680, 150.00, 0x0000000000000004
2026/10/02 14:47:28.847, 0, 107.59, 66, 0, 150.00, 735, 150.00, 0x0000000000000004
2026/10/02 14:47:29.048, 0, 102.48, 65, 100, 150.00, 1515, 150.00, 0x0000000000000004
2026/10/02 14:47:29.248, 0, 110.08, 67, 86, 150.00, 780, 150.00, 0x0000000000000004
2026/10/02 14:47:29.449, 0, 118.34, 67, 100, 150.00, 780, 150.00, 0x0000000000000004
2026/10/02 14:47:29.650, 0, 125.60, 67, 100, 150.00, 660, 150.00, 0x0000000000000004
2026/10/02 14:47:29.850, 0, 141.05, 67, 100, 150.00, 765, 150.00, 0x0000000000000004
2026/10/02 14:47:30.051, 0, 139.39, 67, 100, 150.00, 735, 150.00, 0x0000000000000004
2026/10/02 14:47:30.251, 0, 148.49, 67, 100, 150.00, 780, 150.00, 0x0000000000000004
2026/10/02 14:47:30.452, 0, 148.36, 67, 100, 150.00, 765, 150.00, 0x0000000000000004
2026/10/02 14:47:30.653, 0, 147.59, 67, 100, 150.00, 750, 150.00, 0x0000000000000004
2026/10/02 14:47:30.853, 0, 147.86, 67, 100, 150.00, 675, 150.00, 0x0000000000000004
2026/10/02 14:47:31.054, 0, 149.43, 67, 100, 150.00, 735, 150.00, 0x0000000000000004
2026/10/02 14:47:31.254, 0, 149.84, 67, 100, 150.00, 765, 150.00, 0x0000000000000004
2026/10/02 14:47:31.455, 0, 149.95, 68, 100, 150.00, 765, 150.00, 0x0000000000000004
2026/10/02 14:47:31.655, 0, 149.96, 68, 100, 150.00, 765, 150.00, 0x0000000000000004
2026/10/02 14:47:31.856, 0, 149.08, 68, 100, 150.00, 720, 150.00, 0x0000000000000004
2026/10/02 14:47:32.057, 0, 149.83, 68, 100, 150.00, 750, 150.00, 0x0000000000000004
2026/10/02 14:47:32.257, 0, 150.10, 68, 100, 150.00, 780, 150.00, 0x0000000000000004
2026/10/02 14:47:32.458, 0, 149.77, 68, 100, 150.00, 765, 150.00, 0x0000000000000004
2026/10/02 14:47:32.658, 0, 149.54, 68, 100, 150.00, 750, 150.00, 0x0000000000000004
2026/10/02 14:47:32.859, 0, 149.12, 68, 100, 150.00, 720, 150.00, 0x0000000000000004
2026/10/02 14:47:33.060, 0, 149.60, 68, 100, 150.00, 750, 150.00, 0x0000000000000004
2026/10/02 14:47:33.260, 0, 149.75, 68, 100, 150.00, 765, 150.00, 0x0000000000000004
2026/10/02 14:47:33.461, 0, 149.71, 68, 100, 150.00, 765, 150.00, 0x0000000000000004
2026/10/02 14:47:33.661, 0, 149.58, 68, 100, 150.00, 750, 150.00, 0x0000000000000004
2026/10/02 14:47:33.862, 0, 149.46, 68, 100, 150.00, 735, 150.00, 0x0000000000000004
2026/10/02 14:47:34.063, 0, 149.74, 68, 100, 150.00, 750, 150.00, 0x0000000000000004
2026/10/02 14:47:34.263, 0, 149.94, 68, 100, 150.00, 765, 150.00, 0x0000000000000004
2026/10/02 14:47:34.464, 0, 150.02, 68, 100, 150.00, 765, 150.00, 0x0000000000000004
2026/10/02 14:47:34.665, 0, 149.70, 68, 100, 150.00, 750, 150.00, 0x0000000000000004
2026/10/02 14:47:34.865, 0, 149.55, 68, 100, 150.00, 750, 150.00, 0x0000000000000004
2026/10/02 14:47:35.066, 0, 149.67, 68, 100, 150.00, 750, 150.00, 0x0000000000000004
2026/10/02 14:47:35.266, 0, 149.89, 68, 100, 150.00, 750, 150.00, 0x0000000000000004
2026/10/02 14:47:35.467, 0, 149.75, 68, 100, 150.00, 750, 150.00, 0x0000000000000004
2026/10/02 14:47:35.667, 0, 149.70, 68, 100, 150.00, 750, 150.00, 0x0000000000000004
2026/10/02 14:47:35.868, 0, 149.77, 68, 100, 150.00, 750, 150.00, 0x0000000000000004
2026/10/02 14:47:36.069, 0, 150.01, 68, 100, 150.00, 735, 150.00, 0x0000000000000004
2026/10/02 14:47:36.269, 0, 150.17, 68, 100, 150.00, 765, 150.00, 0x0000000000000004
2026/10/02 14:47:36.470, 0, 146.05, 67, 50, 150.00, 1635, 150.00, 0x0000000000000004
2026/10/02 14:47:36.670, 0, 131.71, 66, 0, 150.00, 1680, 150.00, 0x0000000000000004
2026/10/02 14:47:36.871, 0, 129.32, 66, 20, 150.00, 1530, 150.00, 0x0000000000000004
2026/10/02 14:47:37.071, 0, 129.11, 68, 86, 150.00, 780, 150.00, 0x0000000000000004
2026/10/02 14:47:37.272, 0, 51.35, 67, 100, 105.00, 780, 105.00, 0x0000000000000000
2026/10/02 14:47:37.472, 0, 104.10, 67, 100, 105.00, 360, 105.00, 0x0000000000000004
2026/10/02 14:47:37.673, 0, 104.40, 67, 100, 105.00, 360, 105.00, 0x0000000000000004
2026/10/02 14:47:37.874, 0, 103.80, 67, 100, 105.00, 360, 105.00, 0x0000000000000004
2026/10/02 14:47:38.074, 0, 104.01, 67, 100, 105.00, 360, 105.00, 0x0000000000000004
2026/10/02 14:47:38.275, 0, 103.92, 66, 100, 105.00, 360, 105.00, 0x0000000000000004
2026/10/02 14:47:38.476, 0, 104.04, 66, 100, 105.00, 360, 105.00, 0x0000000000000004
2026/10/02 14:47:38.676, 0, 104.03, 66, 100, 105.00, 345, 105.00, 0x0000000000000004
2026/10/02 14:47:38.877, 0, 104.44, 66, 100, 105.00, 360, 105.00, 0x0000000000000004
2026/10/02 14:47:39.078, 0, 104.43, 66, 100, 105.00, 360, 105.00, 0x0000000000000004
2026/10/02 14:47:39.278, 0, 104.64, 66, 100, 150.00, 360, 105.00, 0x0000000000000004
2026/10/02 14:47:39.479, 0, 151.48, 67, 100, 150.00, 795, 150.00, 0x0000000000000004
2026/10/02 14:47:39.680, 0, 151.18, 68, 100, 150.00, 750, 150.00, 0x0000000000000004
2026/10/02 14:47:39.880, 0, 150.52, 68, 100, 150.00, 750, 150.00, 0x0000000000000004
2026/10/02 14:47:40.081, 0, 150.36, 68, 100, 150.00, 750, 150.00, 0x0000000000000004
2026/10/02 14:47:40.281, 0, 149.40, 68, 100, 150.00, 750, 150.00, 0x0000000000000004
2026/10/02 14:47:40.482, 0, 149.71, 68, 100, 150.00, 765, 150.00, 0x0000000000000004
2026/10/02 14:47:40.683, 0, 149.69, 68, 100, 150.00, 750, 150.00, 0x0000000000000004
2026/10/02 14:47:40.883, 0, 149.60, 68, 100, 150.00, 750, 150.00, 0x0000000000000004
2026/10/02 14:47:41.084, 0, 149.65, 68, 100, 150.00, 750, 150.00, 0x0000000000000004
2026/10/02 14:47:41.284, 0, 149.34, 69, 100, 150.00, 750, 150.00, 0x0000000000000004
2026/10/02 14:47:41.485, 0, 149.85, 69, 100, 150.00, 750, 150.00, 0x0000000000000004
2026/10/02 14:47:41.686, 0, 149.95, 69, 100, 150.00, 750, 150.00, 0x0000000000000004
2026/10/02 14:47:41.886, 0, 149.99, 69, 100, 150.00, 750, 150.00, 0x0000000000000004
2026/10/02 14:47:42.087, 0, 149.83, 69, 100, 150.00, 735, 150.00, 0x0000000000000004
2026/10/02 14:47:42.288, 0, 149.92, 69, 100, 150.00, 750, 150.00, 0x0000000000000004
2026/10/02 14:47:42.488, 0, 150.14, 69, 100, 150.00, 750, 150.00, 0x0000000000000004
2026/10/02 14:47:42.689, 0, 149.90, 69, 100, 150.00, 750, 150.00, 0x0000000000000004
2026/10/02 14:47:42.890, 0, 149.92, 69, 100, 150.00, 750, 150.00, 0x0000000000000004
2026/10/02 14:47:43.090, 0, 149.65, 69, 100, 150.00, 735, 150.00, 0x0000000000000004
2026/10/02 14:47:43.291, 0, 149.75, 69, 100, 150.00, 750, 150.00, 0x0000000000000004
2026/10/02 14:47:43.491, 0, 149.95, 69, 100, 150.00, 750, 150.00, 0x0000000000000004
2026/10/02 14:47:43.692, 0, 149.98, 69, 100, 150.00, 750, 150.00, 0x0000000000000004
2026/10/02 14:47:43.893, 0, 149.80, 69, 100, 150.00, 735, 150.00, 0x0000000000000004
2026/10/02 14:47:44.093, 0, 149.85, 69, 100, 150.00, 735, 150.00, 0x0000000000000004
2026/10/02 14:47:44.294, 0, 149.89, 69, 100, 150.00, 750, 150.00, 0x0000000000000004
2026/10/02 14:47:44.494, 0, 149.79, 69, 100, 150.00, 735, 150.00, 0x0000000000000004
2026/10/02 14:47:44.695, 0, 149.81, 69, 100, 150.00, 750, 150.00, 0x0000000000000004
2026/10/02 14:47:44.895, 0, 150.01, 69, 100, 150.00, 735, 150.00, 0x0000000000000004
2026/10/02 14:47:45.096, 0, 149.73, 69, 100, 150.00, 735, 150.00, 0x0000000000000004
2026/10/02 14:47:45.297, 0, 150.05, 69, 100, 150.00, 735, 150.00, 0x0000000000000004
2026/10/02 14:47:45.497, 0, 150.16, 69, 100, 150.00, 750, 150.00, 0x0000000000000004
2026/10/02 14:47:45.698, 0, 150.12, 69, 100, 150.00, 750, 150.00, 0x0000000000000004
2026/10/02 14:47:45.898, 0, 149.98, 69, 100, 150.00, 735, 150.00, 0x0000000000000004
2026/10/02 14:47:46.099, 0, 150.12, 69, 100, 150.00, 735, 150.00, 0x0000000000000004
2026/10/02 14:47:46.299, 0, 150.68, 69, 100, 150.00, 750, 150.00, 0x0000000000000004
2026/10/02 14:47:46.500, 0, 150.51, 69, 100, 150.00, 750, 150.00, 0x0000000000000004
2026/10/02 14:47:46.701, 0, 150.64, 69, 100, 150.00, 750, 150.00, 0x0000000000000004
2026/10/02 14:47:46.901, 0, 150.50, 69, 100, 150.00, 660, 150.00, 0x0000000000000004
2026/10/02 14:47:47.102, 0, 149.23, 69, 91, 150.00, 765, 150.00, 0x0000000000000004
2026/10/02 14:47:47.302, 0, 149.03, 69, 100, 150.00, 750, 150.00, 0x0000000000000004
2026/10/02 14:47:47.503, 0, 149.20, 70, 100, 150.00, 750, 150.00, 0x0000000000000004
2026/10/02 14:47:47.704, 0, 149.29, 70, 100, 150.00, 750, 150.00, 0x0000000000000004
2026/10/02 14:47:47.904, 0, 148.55, 70, 100, 150.00, 735, 150.00, 0x0000000000000004
2026/10/02 14:47:48.105, 0, 150.03, 70, 100, 150.00, 750, 150.00, 0x0000000000000004
2026/10/02 14:47:48.305, 0, 149.88, 70, 100, 150.00, 750, 150.00, 0x0000000000000004
2026/10/02 14:47:48.506, 0, 149.93, 70, 100, 150.00, 750, 150.00, 0x0000000000000004
2026/10/02 14:47:48.707, 0, 149.83, 70, 100, 150.00, 735, 150.00, 0x0000000000000004
2026/10/02 14:47:48.907, 0, 149.49, 70, 100, 150.00, 720, 150.00, 0x0000000000000004
2026/10/02 14:47:49.108, 0, 149.93, 70, 100, 150.00, 750, 150.00, 0x0000000000000004
2026/10/02 14:47:49.309, 0, 134.76, 68, 42, 150.00, 1680, 150.00, 0x0000000000000004
2026/10/02 14:47:49.509, 0, 120.51, 67, 0, 150.00, 1680, 150.00, 0x0000000000000004
2026/10/02 14:47:49.710, 0, 115.30, 68, 23, 150.00, 1605, 150.00, 0x0000000000000004
2026/10/02 14:47:49.911, 0, 109.08, 68, 58, 150.00, 1665, 150.00, 0x0000000000000004
2026/10/02 14:47:50.111, 0, 98.84, 67, 0, 150.00, 1680, 150.00, 0x0000000000000004
2026/10/02 14:47:50.312, 0, 93.00, 67, 0, 150.00, 1695, 150.00, 0x0000000000000000
2026/10/02 14:47:50.512, 0, 100.41, 67, 67, 150.00, 1320, 150.00, 0x0000000000000004
2026/10/02 14:47:50.713, 0, 98.24, 69, 100, 150.00, 780, 150.00, 0x0000000000000004
2026/10/02 14:47:50.914, 0, 105.70, 69, 100, 150.00, 780, 150.00, 0x0000000000000004
2026/10/02 14:47:51.114, 0, 121.07, 69, 100, 150.00, 780, 150.00, 0x0000000000000004
2026/10/02 14:47:51.315, 0, 142.19, 70, 100, 150.00, 555, 150.00, 0x0000000000000004
2026/10/02 14:47:51.515, 0, 141.76, 69, 100, 150.00, 735, 150.00, 0x0000000000000004
2026/10/02 14:47:51.716, 0, 150.26, 70, 100, 150.00, 765, 150.00, 0x0000000000000004
2026/10/02 14:47:51.916, 0, 150.21, 70, 100, 150.00, 780, 150.00, 0x0000000000000004
2026/10/02 14:47:52.117, 0, 150.25, 70, 100, 150.00, 780, 150.00, 0x0000000000000004
2026/10/02 14:47:52.318, 0, 148.69, 70, 100, 150.00, 675, 150.00, 0x0000000000000004
2026/10/02 14:47:52.518, 0, 149.71, 70, 100, 150.00, 735, 150.00, 0x0000000000000004
2026/10/02 14:47:52.719, 0, 149.97, 70, 100, 150.00, 765, 150.00, 0x0000000000000004
2026/10/02 14:47:52.919, 0, 149.78, 70, 100, 150.00, 765, 150.00, 0x0000000000000004
2026/10/02 14:47:53.120, 0, 149.59, 70, 100, 150.00, 720, 150.00, 0x0000000000000004
2026/10/02 14:47:53.320, 0, 148.52, 70, 100, 150.00, 705, 150.00, 0x0000000000000004
2026/10/02 14:47:53.521, 0, 149.69, 70, 100, 150.00, 735, 150.00, 0x0000000000000004
2026/10/02 14:47:53.722, 0, 149.90, 70, 100, 150.00, 765, 150.00, 0x0000000000000004
2026/10/02 14:47:53.922, 0, 150.15, 70, 100, 150.00, 765, 150.00, 0x0000000000000004
2026/10/02 14:47:54.123, 0, 149.83, 70, 100, 150.00, 1005, 150.00, 0x0000000000000004
2026/10/02 14:47:54.323, 0, 149.02, 70, 88, 150.00, 705, 150.00, 0x0000000000000004
2026/10/02 14:47:54.524, 0, 141.83, 70, 73, 150.00, 780, 150.00, 0x0000000000000004
2026/10/02 14:47:54.724, 0, 124.62, 68, 65, 150.00, 1680, 150.00, 0x0000000000000004
2026/10/02 14:47:54.925, 0, 123.16, 68, 25, 150.00, 1650, 150.00, 0x0000000000000004
2026/10/02 14:47:55.126, 0, 124.68, 70, 58, 150.00, 780, 150.00, 0x0000000000000004
2026/10/02 14:47:55.326, 0, 126.33, 70, 100, 150.00, 780, 150.00, 0x0000000000000004
2026/10/02 14:47:55.527, 0, 136.75, 70, 56, 150.00, 780, 150.00, 0x0000000000000004
2026/10/02 14:47:55.727, 0, 145.88, 69, 100, 150.00, 1260, 150.00, 0x0000000000000004
2026/10/02 14:47:55.928, 0, 137.16, 70, 8, 150.00, 780, 150.00, 0x0000000000000004
2026/10/02 14:47:56.128, 0, 144.89, 70, 100, 150.00, 765, 150.00, 0x0000000000000004
2026/10/02 14:47:56.329, 0, 143.96, 70, 100, 150.00, 780, 150.00, 0x0000000000000004
2026/10/02 14:47:56.530, 0, 144.27, 70, 100, 150.00, 765, 150.00, 0x0000000000000004
2026/10/02 14:47:56.730, 0, 140.03, 70, 54, 150.00, 600, 150.00, 0x0000000000000004
2026/10/02 14:47:56.930, 0, 147.79, 69, 40, 150.00, 690, 150.00, 0x0000000000000004
2026/10/02 14:47:57.131, 0, 148.52, 70, 100, 150.00, 765, 150.00, 0x0000000000000004
2026/10/02 14:47:57.332, 0, 139.14, 69, 91, 150.00, 1530, 150.00, 0x0000000000000004
2026/10/02 14:47:57.532, 0, 124.31, 68, 0, 150.00, 1680, 150.00, 0x0000000000000004
2026/10/02 14:47:57.733, 0, 131.50, 68, 26, 150.00, 1650, 150.00, 0x0000000000000004
2026/10/02 14:47:57.933, 0, 125.87, 68, 66, 150.00, 1530, 150.00, 0x0000000000000004
2026/10/02 14:47:58.134, 0, 114.90, 68, 21, 150.00, 1335, 150.00, 0x0000000000000004
2026/10/02 14:47:58.335, 0, 104.36, 68, 66, 150.00, 1680, 150.00, 0x0000000000000004
2026/10/02 14:47:58.535, 0, 115.99, 69, 5, 150.00, 705, 150.00, 0x0000000000000004
2026/10/02 14:47:58.736, 0, 110.53, 69, 65, 150.00, 720, 150.00, 0x0000000000000004
2026/10/02 14:47:58.936, 0, 123.47, 70, 99, 150.00, 615, 150.00, 0x0000000000000004
2026/10/02 14:47:59.137, 0, 109.20, 68, 46, 150.00, 1680, 150.00, 0x0000000000000004
2026/10/02 14:47:59.338, 0, 123.88, 69, 12, 150.00, 780, 150.00, 0x0000000000000004
2026/10/02 14:47:59.538, 0, 136.58, 70, 100, 150.00, 765, 150.00, 0x0000000000000004
2026/10/02 14:47:59.739, 0, 140.87, 70, 100, 150.00, 765, 150.00, 0x0000000000000004
2026/10/02 14:47:59.939, 0, 130.71, 68, 23, 150.00, 1665, 150.00, 0x0000000000000004
2026/10/02 14:48:00.140, 0, 145.30, 69, 29, 150.00, 645, 150.00, 0x0000000000000004
2026/10/02 14:48:00.341, 0, 134.89, 68, 59, 150.00, 1605, 150.00, 0x0000000000000004
2026/10/02 14:48:00.541, 0, 126.01, 69, 93, 150.00, 795, 150.00, 0x0000000000000004
2026/10/02 14:48:00.742, 0, 123.25, 70, 100, 150.00, 780, 150.00, 0x0000000000000004
2026/10/02 14:48:00.943, 0, 125.31, 70, 100, 150.00, 780, 150.00, 0x0000000000000004
2026/10/02 14:48:01.143, 0, 125.52, 68, 0, 150.00, 1680, 150.00, 0x0000000000000004
2026/10/02 14:48:01.344, 0, 106.28, 68, 0, 150.00, 1680, 150.00, 0x0000000000000004
2026/10/02 14:48:01.544, 0, 124.10, 69, 98, 150.00, 780, 150.00, 0x0000000000000004
2026/10/02 14:48:01.745, 0, 116.69, 68, 60, 150.00, 1605, 150.00, 0x0000000000000004
2026/10/02 14:48:01.945, 0, 108.46, 68, 18, 150.00, 1665, 150.00, 0x0000000000000004
2026/10/02 14:48:02.146, 0, 121.26, 69, 100, 150.00, 795, 150.00, 0x0000000000000004
2026/10/02 14:48:02.346, 0, 142.35, 69, 100, 150.00, 1305, 150.00, 0x0000000000000004
2026/10/02 14:48:02.547, 0, 126.85, 68, 0, 150.00, 1680, 150.00, 0x0000000000000004
2026/10/02 14:48:02.748, 0, 112.01, 67, 0, 150.00, 1695, 150.00, 0x0000000000000004
2026/10/02 14:48:02.948, 0, 114.30, 68, 42, 150.00, 1635, 150.00, 0x0000000000000004
2026/10/02 14:48:03.149, 0, 115.04, 69, 57, 150.00, 1185, 150.00, 0x0000000000000004
2026/10/02 14:48:03.349, 0, 110.00, 68, 15, 150.00, 1635, 150.00, 0x0000000000000004
2026/10/02 14:48:03.550, 0, 121.50, 69, 100, 150.00, 765, 150.00, 0x0000000000000004
2026/10/02 14:48:03.750, 0, 129.43, 68, 48, 150.00, 1635, 150.00, 0x0000000000000004
2026/10/02 14:48:03.951, 0, 113.62, 68, 6, 150.00, 600, 150.00, 0x0000000000000004
2026/10/02 14:48:04.152, 0, 120.14, 68, 45, 150.00, 1635, 150.00, 0x0000000000000004
2026/10/02 14:48:04.352, 0, 124.63, 69, 34, 150.00, 630, 150.00, 0x0000000000000004
2026/10/02 14:48:04.553, 0, 135.88, 69, 100, 150.00, 780, 150.00, 0x0000000000000004
2026/10/02 14:48:04.753, 0, 129.21, 69, 55, 150.00, 720, 150.00, 0x0000000000000004
2026/10/02 14:48:04.954, 0, 147.42, 70, 100, 150.00, 780, 150.00, 0x0000000000000004
2026/10/02 14:48:05.154, 0, 149.03, 70, 100, 150.00, 765, 150.00, 0x0000000000000004
2026/10/02 14:48:05.355, 0, 152.68, 70, 100, 150.00, 765, 150.00, 0x0000000000000004
2026/10/02 14:48:05.556, 0, 143.48, 70, 100, 150.00, 630, 150.00, 0x0000000000000004
2026/10/02 14:48:05.756, 0, 151.54, 70, 100, 150.00, 750, 150.00, 0x0000000000000004
2026/10/02 14:48:05.957, 0, 149.76, 70, 100, 150.00, 780, 150.00, 0x0000000000000004
2026/10/02 14:48:06.157, 0, 147.64, 70, 95, 150.00, 750, 150.00, 0x0000000000000004
2026/10/02 14:48:06.358, 0, 132.96, 68, 0, 150.00, 1680, 150.00, 0x0000000000000004
2026/10/02 14:48:06.559, 0, 142.27, 70, 68, 150.00, 750, 150.00, 0x0000000000000004
2026/10/02 14:48:06.759, 0, 136.08, 68, 2, 150.00, 1080, 150.00, 0x0000000000000004
2026/10/02 14:48:06.960, 0, 120.33, 68, 0, 150.00, 1680, 150.00, 0x0000000000000004
2026/10/02 14:48:07.160, 0, 132.02, 70, 100, 150.00, 780, 150.00, 0x0000000000000004
2026/10/02 14:48:07.361, 0, 141.65, 70, 100, 150.00, 765, 150.00, 0x0000000000000004
2026/10/02 14:48:07.561, 0, 138.54, 70, 100, 150.00, 765, 150.00, 0x0000000000000004
2026/10/02 14:48:07.762, 0, 139.97, 70, 100, 150.00, 765, 150.00, 0x0000000000000004
2026/10/02 14:48:07.963, 0, 152.49, 70, 100, 150.00, 720, 150.00, 0x0000000000000004
2026/10/02 14:48:08.163, 0, 154.86, 70, 33, 150.00, 630, 150.00, 0x0000000000000004
2026/10/02 14:48:08.364, 0, 160.67, 70, 100, 150.00, 855, 150.00, 0x0000000000000004
2026/10/02 14:48:08.564, 0, 150.82, 70, 77, 150.00, 780, 150.00, 0x0000000000000004
2026/10/02 14:48:08.765, 0, 150.69, 70, 100, 150.00, 780, 150.00, 0x0000000000000004
2026/10/02 14:48:08.965, 0, 152.95, 70, 100, 150.00, 840, 150.00, 0x0000000000000004
2026/10/02 14:48:09.166, 0, 150.07, 69, 0, 150.00, 1680, 150.00, 0x0000000000000004
2026/10/02 14:48:09.367, 0, 142.85, 70, 100, 150.00, 765, 150.00, 0x0000000000000004
2026/10/02 14:48:09.567, 0, 151.22, 70, 100, 150.00, 780, 150.00, 0x0000000000000004
2026/10/02 14:48:09.768, 0, 154.19, 70, 89, 150.00, 735, 150.00, 0x0000000000000004
2026/10/02 14:48:09.968, 0, 154.09, 70, 100, 150.00, 780, 150.00, 0x0000000000000004
2026/10/02 14:48:10.169, 0, 152.49, 70, 100, 150.00, 705, 150.00, 0x0000000000000004
2026/10/02 14:48:10.369, 0, 151.48, 70, 86, 150.00, 705, 150.00, 0x0000000000000004
2026/10/02 14:48:10.570, 0, 141.92, 69, 44, 150.00, 1650, 150.00, 0x0000000000000004
2026/10/02 14:48:10.771, 0, 134.71, 70, 83, 150.00, 780, 150.00, 0x0000000000000004
2026/10/02 14:48:10.971, 0, 118.34, 69, 61, 150.00, 1605, 150.00, 0x0000000000000004
2026/10/02 14:48:11.172, 0, 111.20, 70, 70, 150.00, 780, 150.00, 0x0000000000000004
2026/10/02 14:48:11.372, 0, 115.34, 70, 100, 150.00, 765, 150.00, 0x0000000000000004
2026/10/02 14:48:11.573, 0, 117.07, 70, 100, 150.00, 765, 150.00, 0x0000000000000004
2026/10/02 14:48:11.773, 0, 132.69, 70, 100, 150.00, 765, 150.00, 0x0000000000000004
2026/10/02 14:48:11.974, 0, 133.97, 70, 100, 150.00, 720, 150.00, 0x0000000000000004
2026/10/02 14:48:12.175, 0, 149.09, 70, 100, 150.00, 735, 150.00, 0x0000000000000004
2026/10/02 14:48:12.375, 0, 149.93, 71, 100, 150.00, 765, 150.00, 0x0000000000000004
2026/10/02 14:48:12.576, 0, 149.79, 71, 100, 150.00, 765, 150.00, 0x0000000000000004
2026/10/02 14:48:12.776, 0, 145.41, 71, 91, 150.00, 735, 150.00, 0x0000000000000004
2026/10/02 14:48:12.977, 0, 145.53, 71, 99, 150.00, 705, 150.00, 0x0000000000000004
2026/10/02 14:48:13.177, 0, 131.21, 69, 0, 150.00, 1680, 150.00, 0x0000000000000004
2026/10/02 14:48:13.378, 0, 134.38, 70, 34, 150.00, 735, 150.00, 0x0000000000000004
2026/10/02 14:48:13.579, 0, 125.64, 69, 23, 150.00, 1665, 150.00, 0x0000000000000004
2026/10/02 14:48:13.779, 0, 117.82, 69, 0, 150.00, 1005, 150.00, 0x0000000000000004
2026/10/02 14:48:13.980, 0, 102.55, 68, 0, 150.00, 1680, 150.00, 0x0000000000000004
2026/10/02 14:48:14.180, 0, 117.86, 70, 70, 150.00, 705, 150.00, 0x0000000000000004
2026/10/02 14:48:14.381, 0, 132.04, 70, 100, 150.00, 765, 150.00, 0x0000000000000004
2026/10/02 14:48:14.581, 0, 115.50, 70, 80, 150.00, 1530, 150.00, 0x0000000000000004
2026/10/02 14:48:14.782, 0, 141.24, 70, 100, 150.00, 780, 150.00, 0x0000000000000004
2026/10/02 14:48:14.983, 0, 149.88, 70, 100, 150.00, 780, 150.00, 0x0000000000000004
2026/10/02 14:48:15.183, 0, 153.75, 71, 100, 150.00, 765, 150.00, 0x0000000000000004
2026/10/02 14:48:15.384, 0, 151.01, 71, 100, 150.00, 990, 150.00, 0x0000000000000004
2026/10/02 14:48:15.584, 0, 135.48, 69, 0, 150.00, 1665, 150.00, 0x0000000000000000
2026/10/02 14:48:15.785, 0, 144.03, 70, 100, 150.00, 765, 150.00, 0x0000000000000004
2026/10/02 14:48:15.986, 0, 144.49, 70, 100, 150.00, 765, 150.00, 0x0000000000000004
2026/10/02 14:48:16.186, 0, 144.45, 71, 100, 150.00, 765, 150.00, 0x0000000000000004
2026/10/02 14:48:16.387, 0, 144.49, 71, 100, 150.00, 765, 150.00, 0x0000000000000004
2026/10/02 14:48:16.587, 0, 158.78, 70, 100, 150.00, 705, 150.00, 0x0000000000000004
2026/10/02 14:48:16.788, 0, 144.13, 70, 3, 150.00, 630, 150.00, 0x0000000000000004
2026/10/02 14:48:16.989, 0, 143.66, 71, 100, 150.00, 765, 150.00, 0x0000000000000004
2026/10/02 14:48:17.189, 0, 143.16, 71, 76, 150.00, 750, 150.00, 0x0000000000000004
2026/10/02 14:48:17.390, 0, 144.11, 71, 100, 150.00, 765, 150.00, 0x0000000000000004
2026/10/02 14:48:17.590, 0, 136.14, 70, 49, 150.00, 1635, 150.00, 0x0000000000000004
2026/10/02 14:48:17.791, 0, 137.35, 71, 78, 150.00, 765, 150.00, 0x0000000000000004
2026/10/02 14:48:17.992, 0, 144.84, 71, 100, 150.00, 765, 150.00, 0x0000000000000004
2026/10/02 14:48:18.192, 0, 136.53, 70, 36, 150.00, 1650, 150.00, 0x0000000000000004
2026/10/02 14:48:18.393, 0, 141.54, 71, 29, 150.00, 585, 150.00, 0x0000000000000004
2026/10/02 14:48:18.594, 0, 141.94, 71, 100, 150.00, 990, 150.00, 0x0000000000000004
2026/10/02 14:48:18.795, 0, 150.71, 71, 100, 150.00, 765, 150.00, 0x0000000000000004
2026/10/02 14:48:18.995, 0, 151.19, 71, 100, 150.00, 765, 150.00, 0x0000000000000004
2026/10/02 14:48:19.196, 0, 151.36, 71, 100, 150.00, 465, 150.00, 0x0000000000000004
2026/10/02 14:48:19.396, 0, 153.95, 71, 100, 150.00, 735, 150.00, 0x0000000000000004
2026/10/02 14:48:19.597, 0, 151.35, 71, 100, 150.00, 735, 150.00, 0x0000000000000004
2026/10/02 14:48:19.798, 0, 141.81, 71, 63, 150.00, 690, 150.00, 0x0000000000000004
2026/10/02 14:48:19.998, 0, 141.47, 71, 31, 150.00, 615, 150.00, 0x0000000000000000
2026/10/02 14:48:20.199, 0, 142.35, 71, 100, 150.00, 765, 150.00, 0x0000000000000004
2026/10/02 14:48:20.399, 0, 149.45, 71, 35, 150.00, 645, 150.00, 0x0000000000000004
2026/10/02 14:48:20.600, 0, 150.16, 71, 100, 150.00, 765, 150.00, 0x0000000000000004
2026/10/02 14:48:20.801, 0, 150.38, 71, 100, 150.00, 570, 150.00, 0x0000000000000004
2026/10/02 14:48:21.001, 0, 166.87, 71, 100, 150.00, 765, 150.00, 0x0000000000000004
2026/10/02 14:48:21.202, 0, 158.69, 71, 100, 150.00, 465, 150.00, 0x0000000000000004
2026/10/02 14:48:21.402, 0, 160.02, 71, 100, 150.00, 735, 150.00, 0x0000000000000004
2026/10/02 14:48:21.603, 0, 151.79, 71, 100, 150.00, 765, 150.00, 0x0000000000000004
2026/10/02 14:48:21.804, 0, 151.02, 71, 100, 150.00, 750, 150.00, 0x0000000000000004
2026/10/02 14:48:22.004, 0, 151.35, 71, 100, 150.00, 1365, 150.00, 0x0000000000000004
2026/10/02 14:48:22.205, 0, 151.58, 71, 30, 150.00, 615, 150.00, 0x0000000000000004
2026/10/02 14:48:22.405, 0, 137.26, 69, 0, 150.00, 1680, 150.00, 0x0000000000000004
2026/10/02 14:48:22.606, 0, 126.81, 69, 0, 150.00, 1665, 150.00, 0x0000000000000004
2026/10/02 14:48:22.807, 0, 128.54, 71, 100, 150.00, 750, 150.00, 0x0000000000000004
2026/10/02 14:48:23.007, 0, 129.11, 71, 100, 150.00, 765, 150.00, 0x0000000000000004
2026/10/02 14:48:23.208, 0, 136.80, 71, 100, 150.00, 765, 150.00, 0x0000000000000004
2026/10/02 14:48:23.408, 0, 137.21, 72, 100, 150.00, 705, 150.00, 0x0000000000000004
2026/10/02 14:48:23.609, 0, 141.76, 71, 100, 150.00, 705, 150.00, 0x0000000000000004
2026/10/02 14:48:23.810, 0, 149.57, 71, 100, 150.00, 750, 150.00, 0x0000000000000004
2026/10/02 14:48:24.010, 0, 149.56, 72, 100, 150.00, 765, 150.00, 0x0000000000000004
2026/10/02 14:48:24.211, 0, 149.68, 72, 100, 150.00, 750, 150.00, 0x0000000000000004
2026/10/02 14:48:24.411, 0, 148.01, 72, 100, 150.00, 645, 150.00, 0x0000000000000004
2026/10/02 14:48:24.612, 0, 151.96, 72, 53, 150.00, 615, 150.00, 0x0000000000000004
2026/10/02 14:48:24.812, 0, 152.27, 72, 100, 150.00, 765, 150.00, 0x0000000000000004
2026/10/02 14:48:25.013, 0, 152.55, 72, 100, 150.00, 765, 150.00, 0x0000000000000004
2026/10/02 14:48:25.214, 0, 152.24, 72, 100, 150.00, 750, 150.00, 0x0000000000000004
2026/10/02 14:48:25.414, 0, 151.87, 72, 100, 150.00, 450, 150.00, 0x0000000000000004
2026/10/02 14:48:25.615, 0, 151.44, 72, 100, 150.00, 735, 150.00, 0x0000000000000004
2026/10/02 14:48:25.815, 0, 150.57, 71, 99, 150.00, 1365, 150.00, 0x0000000000000004
2026/10/02 14:48:26.016, 0, 149.55, 72, 40, 150.00, 660, 150.00, 0x0000000000000004
2026/10/02 14:48:26.216, 0, 142.04, 71, 11, 150.00, 525, 150.00, 0x0000000000000004
2026/10/02 14:48:26.417, 0, 126.33, 70, 66, 150.00, 1590, 150.00, 0x0000000000000004
2026/10/02 14:48:26.618, 0, 123.48, 71, 68, 105.00, 615, 105.00, 0x0000000000000004
2026/10/02 14:48:26.818, 0, 52.01, 69, 0, 105.00, 615, 105.00, 0x0000000000000000
2026/10/02 14:48:27.019, 0, 85.07, 70, 100, 105.00, 345, 105.00, 0x0000000000000004
2026/10/02 14:48:27.220, 0, 93.02, 70, 100, 105.00, 345, 105.00, 0x0000000000000004
2026/10/02 14:48:27.421, 0, 96.28, 70, 100, 105.00, 345, 105.00, 0x0000000000000004
2026/10/02 14:48:27.621, 0, 98.19, 70, 100, 105.00, 345, 105.00, 0x0000000000000004
2026/10/02 14:48:27.822, 0, 99.06, 70, 100, 105.00, 345, 105.00, 0x0000000000000004
2026/10/02 14:48:28.022, 0, 104.27, 69, 100, 105.00, 345, 105.00, 0x0000000000000004
2026/10/02 14:48:28.223, 0, 104.25, 69, 100, 105.00, 360, 105.00, 0x0000000000000004
2026/10/02 14:48:28.424, 0, 104.20, 69, 100, 105.00, 345, 105.00, 0x0000000000000004
2026/10/02 14:48:28.624, 0, 104.25, 69, 100, 105.00, 345, 105.00, 0x0000000000000004
2026/10/02 14:48:28.825, 0, 104.53, 69, 100, 150.00, 780, 150.00, 0x0000000000000004
2026/10/02 14:48:29.026, 0, 151.60, 71, 100, 150.00, 750, 150.00, 0x0000000000000004
2026/10/02 14:48:29.226, 0, 151.37, 71, 100, 150.00, 735, 150.00, 0x0000000000000004
2026/10/02 14:48:29.427, 0, 150.83, 71, 100, 150.00, 735, 150.00, 0x0000000000000004
2026/10/02 14:48:29.627, 0, 150.43, 71, 100, 150.00, 720, 150.00, 0x0000000000000004
2026/10/02 14:48:29.828, 0, 149.61, 71, 100, 150.00, 750, 150.00, 0x0000000000000004
2026/10/02 14:48:30.028, 0, 149.98, 71, 100, 150.00, 720, 150.00, 0x0000000000000004
2026/10/02 14:48:30.229, 0, 149.66, 72, 100, 150.00, 735, 150.00, 0x0000000000000004
2026/10/02 14:48:30.430, 0, 149.59, 72, 100, 150.00, 720, 150.00, 0x0000000000000004
2026/10/02 14:48:30.630, 0, 149.33, 72, 100, 150.00, 720, 150.00, 0x0000000000000004
2026/10/02 14:48:30.831, 0, 150.06, 72, 100, 150.00, 735, 150.00, 0x0000000000000004
2026/10/02 14:48:31.031, 0, 149.97, 72, 100, 150.00, 735, 150.00, 0x0000000000000004
2026/10/02 14:48:31.232, 0, 149.86, 72, 100, 150.00, 720, 150.00, 0x0000000000000004
2026/10/02 14:48:31.433, 0, 136.13, 71, 72, 150.00, 1605, 150.00, 0x0000000000000004
2026/10/02 14:48:31.633, 0, 142.96, 72, 100, 150.00, 765, 150.00, 0x0000000000000004
2026/10/02 14:48:31.834, 0, 143.81, 72, 72, 150.00, 765, 150.00, 0x0000000000000004
2026/10/02 14:48:32.034, 0, 144.51, 72, 100, 150.00, 750, 150.00, 0x0000000000000004
2026/10/02 14:48:32.235, 0, 145.10, 72, 100, 150.00, 765, 150.00, 0x0000000000000004
2026/10/02 14:48:32.435, 0, 151.08, 72, 100, 150.00, 705, 150.00, 0x0000000000000004
2026/10/02 14:48:32.636, 0, 151.16, 72, 100, 150.00, 765, 150.00, 0x0000000000000004
2026/10/02 14:48:32.836, 0, 151.02, 72, 100, 150.00, 750, 150.00, 0x0000000000000004
2026/10/02 14:48:33.037, 0, 151.22, 72, 100, 150.00, 750, 150.00, 0x0000000000000004
2026/10/02 14:48:33.238, 0, 150.93, 72, 100, 150.00, 1485, 150.00, 0x0000000000000004
2026/10/02 14:48:33.438, 0, 149.36, 72, 43, 150.00, 1170, 150.00, 0x0000000000000004
2026/10/02 14:48:33.639, 0, 154.62, 72, 100, 150.00, 750, 150.00, 0x0000000000000004
2026/10/02 14:48:33.839, 0, 155.77, 72, 100, 150.00, 750, 150.00, 0x0000000000000004
2026/10/02 14:48:34.040, 0, 155.83, 72, 100, 150.00, 750, 150.00, 0x0000000000000004
2026/10/02 14:48:34.240, 0, 154.94, 72, 100, 150.00, 720, 150.00, 0x0000000000000004
2026/10/02 14:48:34.441, 0, 162.07, 72, 100, 150.00, 720, 150.00, 0x0000000000000004
2026/10/02 14:48:34.642, 0, 151.68, 72, 100, 150.00, 750, 150.00, 0x0000000000000004
2026/10/02 14:48:34.842, 0, 151.75, 72, 100, 150.00, 750, 150.00, 0x0000000000000004
2026/10/02 14:48:35.043, 0, 151.30, 72, 100, 150.00, 750, 150.00, 0x0000000000000004
2026/10/02 14:48:35.243, 0, 150.53, 72, 100, 150.00, 645, 150.00, 0x0000000000000004
2026/10/02 14:48:35.444, 0, 150.04, 72, 100, 150.00, 705, 150.00, 0x0000000000000004
2026/10/02 14:48:35.644, 0, 144.17, 72, 81, 150.00, 720, 150.00, 0x0000000000000004
2026/10/02 14:48:35.845, 0, 140.14, 72, 60, 150.00, 1425, 150.00, 0x0000000000000004
2026/10/02 14:48:36.045, 0, 134.83, 72, 59, 150.00, 750, 150.00, 0x0000000000000004
2026/10/02 14:48:36.246, 0, 127.61, 71, 0, 150.00, 1680, 150.00, 0x0000000000000004
2026/10/02 14:48:36.447, 0, 126.32, 70, 18, 150.00, 1680, 150.00, 0x0000000000000004
2026/10/02 14:48:36.647, 0, 126.06, 72, 42, 150.00, 720, 150.00, 0x0000000000000004
2026/10/02 14:48:36.848, 0, 136.30, 71, 94, 150.00, 1530, 150.00, 0x0000000000000004
2026/10/02 14:48:37.048, 0, 151.76, 72, 46, 150.00, 1650, 150.00, 0x0000000000000004
2026/10/02 14:48:37.249, 0, 140.31, 70, 0, 150.00, 780, 150.00, 0x0000000000000004
2026/10/02 14:48:37.449, 0, 143.20, 72, 100, 150.00, 750, 150.00, 0x0000000000000004
2026/10/02 14:48:37.650, 0, 144.20, 72, 100, 150.00, 1350, 150.00, 0x0000000000000004
2026/10/02 14:48:37.851, 0, 129.89, 71, 17, 150.00, 1620, 150.00, 0x0000000000000004
2026/10/02 14:48:38.051, 0, 127.00, 72, 31, 150.00, 765, 150.00, 0x0000000000000004
2026/10/02 14:48:38.252, 0, 142.63, 72, 100, 150.00, 750, 150.00, 0x0000000000000004
2026/10/02 14:48:38.453, 0, 143.80, 73, 100, 150.00, 765, 150.00, 0x0000000000000004
2026/10/02 14:48:38.653, 0, 128.24, 71, 52, 150.00, 1680, 150.00, 0x0000000000000004
2026/10/02 14:48:38.854, 0, 121.91, 70, 0, 150.00, 1680, 150.00, 0x0000000000000004
2026/10/02 14:48:39.054, 0, 128.34, 72, 16, 150.00, 990, 150.00, 0x0000000000000004
2026/10/02 14:48:39.255, 0, 123.81, 71, 79, 150.00, 600, 150.00, 0x0000000000000004
2026/10/02 14:48:39.455, 0, 117.28, 72, 72, 150.00, 765, 150.00, 0x0000000000000004
2026/10/02 14:48:39.656, 0, 125.61, 72, 100, 150.00, 750, 150.00, 0x0000000000000004
2026/10/02 14:48:39.857, 0, 139.72, 72, 100, 150.00, 1515, 150.00, 0x0000000000000004
2026/10/02 14:48:40.057, 0, 127.81, 70, 0, 150.00, 1680, 150.00, 0x0000000000000004
2026/10/02 14:48:40.258, 0, 121.93, 71, 0, 150.00, 750, 150.00, 0x0000000000000004
2026/10/02 14:48:40.459, 0, 136.65, 72, 100, 150.00, 765, 150.00, 0x0000000000000004
2026/10/02 14:48:40.659, 0, 133.01, 72, 80, 150.00, 1125, 150.00, 0x0000000000000004
2026/10/02 14:48:40.860, 0, 138.74, 72, 74, 150.00, 705, 150.00, 0x0000000000000004
2026/10/02 14:48:41.061, 0, 145.96, 72, 100, 150.00, 1425, 150.00, 0x0000000000000004
2026/10/02 14:48:41.261, 0, 157.25, 72, 10, 150.00, 735, 150.00, 0x0000000000000004
2026/10/02 14:48:41.462, 0, 151.94, 72, 100, 150.00, 750, 150.00, 0x0000000000000004
2026/10/02 14:48:41.663, 0, 147.19, 71, 86, 150.00, 675, 150.00, 0x0000000000000004
2026/10/02 14:48:41.863, 0, 128.75, 72, 67, 150.00, 675, 150.00, 0x0000000000000004
2026/10/02 14:48:42.064, 0, 122.95, 72, 100, 150.00, 735, 150.00, 0x0000000000000004
2026/10/02 14:48:42.264, 0, 130.76, 73, 100, 150.00, 765, 150.00, 0x0000000000000004
2026/10/02 14:48:42.465, 0, 131.63, 73, 100, 150.00, 1170, 150.00, 0x0000000000000004
2026/10/02 14:48:42.666, 0, 141.23, 73, 72, 150.00, 870, 150.00, 0x0000000000000004
2026/10/02 14:48:42.866, 0, 148.33, 72, 44, 150.00, 765, 150.00, 0x0000000000000004
2026/10/02 14:48:43.067, 0, 156.41, 73, 100, 150.00, 750, 150.00, 0x0000000000000004
2026/10/02 14:48:43.268, 0, 156.43, 73, 100, 150.00, 750, 150.00, 0x0000000000000004
2026/10/02 14:48:43.468, 0, 143.77, 72, 77, 150.00, 645, 150.00, 0x0000000000000004
2026/10/02 14:48:43.669, 0, 129.81, 72, 76, 150.00, 1425, 150.00, 0x0000000000000004
2026/10/02 14:48:43.869, 0, 130.10, 73, 14, 150.00, 765, 150.00, 0x0000000000000004
2026/10/02 14:48:44.070, 0, 125.74, 73, 53, 150.00, 765, 150.00, 0x0000000000000004
2026/10/02 14:48:44.270, 0, 125.74, 73, 100, 150.00, 750, 150.00, 0x0000000000000004
2026/10/02 14:48:44.471, 0, 131.89, 72, 100, 150.00, 1515, 150.00, 0x0000000000000004
2026/10/02 14:48:44.671, 0, 129.93, 71, 0, 150.00, 1680, 150.00, 0x0000000000000004
2026/10/02 14:48:44.872, 0, 130.97, 72, 34, 150.00, 645, 150.00, 0x0000000000000004
2026/10/02 14:48:45.072, 0, 130.38, 72, 100, 150.00, 645, 150.00, 0x0000000000000004
2026/10/02 14:48:45.273, 0, 121.92, 71, 100, 150.00, 1665, 150.00, 0x0000000000000004
2026/10/02 14:48:45.474, 0, 117.16, 71, 51, 150.00, 1680, 150.00, 0x0000000000000004
2026/10/02 14:48:45.674, 0, 131.74, 72, 38, 150.00, 1335, 150.00, 0x0000000000000004
2026/10/02 14:48:45.875, 0, 127.04, 72, 19, 150.00, 615, 150.00, 0x0000000000000004
2026/10/02 14:48:46.075, 0, 135.21, 72, 100, 150.00, 750, 150.00, 0x0000000000000004
2026/10/02 14:48:46.276, 0, 140.82, 73, 100, 150.00, 750, 150.00, 0x0000000000000004
2026/10/02 14:48:46.477, 0, 146.12, 73, 100, 150.00, 750, 150.00, 0x0000000000000004
2026/10/02 14:48:46.677, 0, 147.27, 73, 100, 150.00, 420, 150.00, 0x0000000000000004
2026/10/02 14:48:46.878, 0, 152.85, 73, 100, 150.00, 735, 150.00, 0x0000000000000004
2026/10/02 14:48:47.078, 0, 150.79, 73, 100, 150.00, 750, 150.00, 0x0000000000000004
2026/10/02 14:48:47.279, 0, 150.68, 73, 100, 150.00, 750, 150.00, 0x0000000000000004
2026/10/02 14:48:47.480, 0, 150.65, 73, 100, 150.00, 750, 150.00, 0x0000000000000004
2026/10/02 14:48:47.680, 0, 149.41, 73, 100, 150.00, 675, 150.00, 0x0000000000000004
2026/10/02 14:48:47.881, 0, 149.84, 73, 100, 150.00, 720, 150.00, 0x0000000000000004
2026/10/02 14:48:48.081, 0, 150.28, 73, 100, 150.00, 735, 150.00, 0x0000000000000004
2026/10/02 14:48:48.282, 0, 150.32, 73, 100, 150.00, 750, 150.00, 0x0000000000000004
2026/10/02 14:48:48.483, 0, 150.30, 73, 100, 150.00, 690, 150.00, 0x0000000000000004
2026/10/02 14:48:48.683, 0, 149.08, 73, 100, 150.00, 675, 150.00, 0x0000000000000004
2026/10/02 14:48:48.884, 0, 149.89, 73, 100, 150.00, 720, 150.00, 0x0000000000000004
2026/10/02 14:48:49.084, 0, 150.22, 73, 100, 150.00, 735, 150.00, 0x0000000000000004
2026/10/02 14:48:49.285, 0, 150.29, 73, 100, 150.00, 750, 150.00, 0x0000000000000004
2026/10/02 14:48:49.486, 0, 149.86, 73, 100, 150.00, 690, 150.00, 0x0000000000000004
2026/10/02 14:48:49.686, 0, 149.46, 73, 100, 150.00, 690, 150.00, 0x0000000000000004
2026/10/02 14:48:49.887, 0, 149.64, 73, 100, 150.00, 705, 150.00, 0x0000000000000004
2026/10/02 14:48:50.087, 0, 149.78, 73, 100, 150.00, 735, 150.00, 0x0000000000000004
2026/10/02 14:48:50.288, 0, 149.90, 73, 100, 150.00, 735, 150.00, 0x0000000000000004
2026/10/02 14:48:50.489, 0, 151.63, 73, 100, 150.00, 735, 150.00, 0x0000000000000004
2026/10/02 14:48:50.689, 0, 151.50, 73, 100, 150.00, 1380, 150.00, 0x0000000000000004
2026/10/02 14:48:50.890, 0, 152.90, 73, 61, 150.00, 1515, 150.00, 0x0000000000000004
2026/10/02 14:48:51.090, 0, 152.26, 73, 0, 150.00, 645, 150.00, 0x0000000000000004
2026/10/02 14:48:51.291, 0, 144.49, 72, 98, 150.00, 1665, 150.00, 0x0000000000000004
2026/10/02 14:48:51.491, 0, 136.59, 73, 0, 150.00, 765, 150.00, 0x0000000000000004
2026/10/02 14:48:51.692, 0, 132.73, 73, 60, 150.00, 720, 150.00, 0x0000000000000004
2026/10/02 14:48:51.892, 0, 136.87, 73, 80, 150.00, 630, 150.00, 0x0000000000000004
2026/10/02 14:48:52.093, 0, 128.86, 71, 52, 150.00, 1680, 150.00, 0x0000000000000004
2026/10/02 14:48:52.293, 0, 109.07, 71, 0, 150.00, 1680, 150.00, 0x0000000000000004
2026/10/02 14:48:52.494, 0, 119.50, 72, 0, 150.00, 765, 150.00, 0x0000000000000004
2026/10/02 14:48:52.694, 0, 128.91, 73, 100, 150.00, 750, 150.00, 0x0000000000000004
2026/10/02 14:48:52.895, 0, 116.58, 73, 100, 150.00, 690, 150.00, 0x0000000000000004
2026/10/02 14:48:53.096, 0, 115.99, 72, 100, 150.00, 1665, 150.00, 0x0000000000000004
2026/10/02 14:48:53.296, 0, 132.68, 73, 51, 150.00, 765, 150.00, 0x0000000000000004
2026/10/02 14:48:53.497, 0, 146.64, 73, 100, 150.00, 750, 150.00, 0x0000000000000004
2026/10/02 14:48:53.697, 0, 144.42, 73, 100, 150.00, 750, 150.00, 0x0000000000000004
2026/10/02 14:48:53.898, 0, 144.39, 73, 100, 150.00, 690, 150.00, 0x0000000000000004
2026/10/02 14:48:54.099, 0, 145.47, 73, 100, 150.00, 690, 150.00, 0x0000000000000004
2026/10/02 14:48:54.299, 0, 150.51, 73, 100, 150.00, 735, 150.00, 0x0000000000000004
2026/10/02 14:48:54.500, 0, 150.50, 73, 100, 150.00, 750, 150.00, 0x0000000000000004
2026/10/02 14:48:54.700, 0, 150.54, 74, 100, 150.00, 750, 150.00, 0x0000000000000004
2026/10/02 14:48:54.901, 0, 149.76, 73, 100, 150.00, 630, 150.00, 0x0000000000000004
2026/10/02 14:48:55.102, 0, 150.11, 73, 100, 150.00, 690, 150.00, 0x0000000000000004
2026/10/02 14:48:55.302, 0, 150.29, 74, 100, 150.00, 735, 150.00, 0x0000000000000004
2026/10/02 14:48:55.503, 0, 150.27, 74, 100, 150.00, 750, 150.00, 0x0000000000000004
2026/10/02 14:48:55.703, 0, 150.23, 74, 100, 150.00, 735, 150.00, 0x0000000000000004
2026/10/02 14:48:55.904, 0, 149.11, 73, 100, 150.00, 675, 150.00, 0x0000000000000004
2026/10/02 14:48:56.105, 0, 149.42, 73, 100, 150.00, 705, 150.00, 0x0000000000000004
2026/10/02 14:48:56.305, 0, 150.00, 73, 100, 150.00, 720, 150.00, 0x0000000000000004
2026/10/02 14:48:56.506, 0, 150.00, 74, 100, 150.00, 750, 150.00, 0x0000000000000004
2026/10/02 14:48:56.706, 0, 150.16, 74, 100, 150.00, 705, 150.00, 0x0000000000000004
2026/10/02 14:48:56.907, 0, 149.53, 74, 100, 150.00, 675, 150.00, 0x0000000000000004
2026/10/02 14:48:57.107, 0, 149.74, 74, 100, 150.00, 705, 150.00, 0x0000000000000004
2026/10/02 14:48:57.308, 0, 150.07, 74, 100, 150.00, 720, 150.00, 0x0000000000000004
2026/10/02 14:48:57.508, 0, 150.31, 74, 100, 150.00, 735, 150.00, 0x0000000000000004
2026/10/02 14:48:57.709, 0, 150.02, 74, 100, 150.00, 705, 150.00, 0x0000000000000004
2026/10/02 14:48:57.910, 0, 149.56, 74, 100, 150.00, 690, 150.00, 0x0000000000000004
2026/10/02 14:48:58.110, 0, 149.75, 74, 100, 150.00, 705, 150.00, 0x0000000000000004
2026/10/02 14:48:58.311, 0, 149.85, 74, 100, 150.00, 720, 150.00, 0x0000000000000004
2026/10/02 14:48:58.511, 0, 150.03, 74, 100, 150.00, 720, 150.00, 0x0000000000000004
2026/10/02 14:48:58.712, 0, 149.63, 74, 100, 150.00, 705, 150.00, 0x0000000000000004
2026/10/02 14:48:58.913, 0, 149.39, 74, 100, 150.00, 690, 150.00, 0x0000000000000004
2026/10/02 14:48:59.113, 0, 149.59, 74, 100, 150.00, 705, 150.00, 0x0000000000000004
2026/10/02 14:48:59.314, 0, 149.91, 74, 100, 150.00, 735, 150.00, 0x0000000000000004
2026/10/02 14:48:59.514, 0, 150.15, 74, 100, 150.00, 720, 150.00, 0x0000000000000004
2026/10/02 14:48:59.715, 0, 149.92, 74, 100, 150.00, 705, 150.00, 0x0000000000000004
2026/10/02 14:48:59.916, 0, 149.96, 74, 100, 150.00, 690, 150.00, 0x0000000000000004
2026/10/02 14:49:00.116, 0, 150.02, 74, 100, 150.00, 705, 150.00, 0x0000000000000004
2026/10/02 14:49:00.317, 0, 150.08, 74, 100, 150.00, 720, 150.00, 0x0000000000000004
2026/10/02 14:49:00.517, 0, 150.04, 74, 100, 150.00, 720, 150.00, 0x0000000000000004
2026/10/02 14:49:00.718, 0, 150.02, 74, 100, 150.00, 705, 150.00, 0x0000000000000004
2026/10/02 14:49:00.918, 0, 149.88, 74, 100, 150.00, 705, 150.00, 0x0000000000000004
2026/10/02 14:49:01.119, 0, 149.83, 74, 100, 150.00, 705, 150.00, 0x0000000000000004
2026/10/02 14:49:01.320, 0, 150.09, 74, 100, 150.00, 720, 150.00, 0x0000000000000004
2026/10/02 14:49:01.520, 0, 150.04, 74, 100, 150.00, 720, 150.00, 0x0000000000000004
2026/10/02 14:49:01.721, 0, 149.82, 74, 100, 150.00, 705, 150.00, 0x0000000000000004
2026/10/02 14:49:01.921, 0, 149.61, 74, 100, 150.00, 705, 150.00, 0x0000000000000004
2026/10/02 14:49:02.122, 0, 149.66, 74, 100, 150.00, 705, 150.00, 0x0000000000000004
2026/10/02 14:49:02.323, 0, 149.72, 74, 100, 150.00, 705, 150.00, 0x0000000000000004
2026/10/02 14:49:02.523, 0, 149.82, 74, 100, 150.00, 705, 150.00, 0x0000000000000004
2026/10/02 14:49:02.724, 0, 148.79, 74, 90, 150.00, 600, 150.00, 0x0000000000000004
2026/10/02 14:49:02.924, 0, 149.23, 74, 100, 150.00, 1065, 150.00, 0x0000000000000004
2026/10/02 14:49:03.125, 0, 143.70, 73, 82, 150.00, 1665, 150.00, 0x0000000000000004
2026/10/02 14:49:03.326, 0, 150.73, 74, 24, 150.00, 750, 150.00, 0x0000000000000004
2026/10/02 14:49:03.526, 0, 151.56, 74, 100, 150.00, 750, 150.00, 0x0000000000000004
2026/10/02 14:49:03.727, 0, 155.53, 74, 100, 150.00, 735, 150.00, 0x0000000000000004
2026/10/02 14:49:03.927, 0, 153.74, 74, 100, 150.00, 750, 150.00, 0x0000000000000004
2026/10/02 14:49:04.128, 0, 149.70, 74, 100, 150.00, 690, 150.00, 0x0000000000000004
2026/10/02 14:49:04.328, 0, 150.69, 74, 100, 150.00, 735, 150.00, 0x0000000000000004
2026/10/02 14:49:04.529, 0, 150.53, 74, 100, 150.00, 750, 150.00, 0x0000000000000004
2026/10/02 14:49:04.730, 0, 150.43, 75, 100, 150.00, 735, 150.00, 0x0000000000000004
2026/10/02 14:49:04.930, 0, 149.84, 74, 100, 150.00, 615, 150.00, 0x0000000000000004
2026/10/02 14:49:05.131, 0, 149.45, 74, 100, 150.00, 690, 150.00, 0x0000000000000004
2026/10/02 14:49:05.331, 0, 150.14, 74, 100, 150.00, 720, 150.00, 0x0000000000000004
2026/10/02 14:49:05.532, 0, 150.18, 75, 100, 150.00, 735, 150.00, 0x0000000000000004
2026/10/02 14:49:05.732, 0, 143.11, 74, 100, 150.00, 1005, 150.00, 0x0000000000000004
2026/10/02 14:49:05.933, 0, 142.77, 74, 74, 150.00, 750, 150.00, 0x0000000000000004
2026/10/02 14:49:06.134, 0, 144.48, 75, 100, 150.00, 720, 150.00, 0x0000000000000004
2026/10/02 14:49:06.334, 0, 145.52, 74, 100, 150.00, 735, 150.00, 0x0000000000000004
2026/10/02 14:49:06.535, 0, 145.56, 74, 100, 150.00, 1560, 150.00, 0x0000000000000004
2026/10/02 14:49:06.735, 0, 147.34, 74, 21, 150.00, 1230, 150.00, 0x0000000000000004
2026/10/02 14:49:06.936, 0, 147.51, 74, 45, 150.00, 750, 150.00, 0x0000000000000004
2026/10/02 14:49:07.136, 0, 147.41, 74, 100, 150.00, 765, 150.00, 0x0000000000000004
2026/10/02 14:49:07.337, 0, 138.86, 74, 65, 150.00, 735, 150.00, 0x0000000000000004
2026/10/02 14:49:07.537, 0, 138.94, 75, 100, 150.00, 750, 150.00, 0x0000000000000004
2026/10/02 14:49:07.738, 0, 134.49, 74, 100, 150.00, 765, 150.00, 0x0000000000000004
2026/10/02 14:49:07.939, 0, 143.32, 74, 100, 150.00, 735, 150.00, 0x0000000000000004
2026/10/02 14:49:08.139, 0, 140.71, 74, 100, 150.00, 720, 150.00, 0x0000000000000004
2026/10/02 14:49:08.340, 0, 148.47, 75, 100, 150.00, 735, 150.00, 0x0000000000000004
2026/10/02 14:49:08.540, 0, 149.29, 75, 100, 150.00, 645, 150.00, 0x0000000000000004
2026/10/02 14:49:08.741, 0, 147.42, 75, 100, 150.00, 690, 150.00, 0x0000000000000004
2026/10/02 14:49:08.941, 0, 149.31, 75, 100, 150.00, 675, 150.00, 0x0000000000000004
2026/10/02 14:49:09.142, 0, 148.63, 75, 100, 150.00, 720, 150.00, 0x0000000000000004
2026/10/02 14:49:09.342, 0, 150.02, 75, 100, 150.00, 735, 150.00, 0x0000000000000004
2026/10/02 14:49:09.543, 0, 149.60, 75, 100, 150.00, 675, 150.00, 0x0000000000000004
2026/10/02 14:49:09.744, 0, 142.02, 73, 100, 150.00, 600, 150.00, 0x0000000000000004
2026/10/02 14:49:09.944, 0, 130.13, 73, 65, 150.00, 1680, 150.00, 0x0000000000000004
2026/10/02 14:49:10.145, 0, 126.08, 73, 15, 150.00, 1665, 150.00, 0x0000000000000004
2026/10/02 14:49:10.345, 0, 129.43, 74, 15, 150.00, 1230, 150.00, 0x0000000000000004
2026/10/02 14:49:10.546, 0, 125.07, 73, 78, 150.00, 1680, 150.00, 0x0000000000000004
2026/10/02 14:49:10.746, 0, 112.12, 72, 0, 150.00, 1680, 150.00, 0x0000000000000004
2026/10/02 14:49:10.947, 0, 112.27, 72, 0, 150.00, 1695, 150.00, 0x0000000000000000
2026/10/02 14:49:11.147, 0, 102.08, 72, 0, 150.00, 1695, 150.00, 0x0000000000000000
2026/10/02 14:49:11.348, 0, 106.99, 73, 0, 150.00, 1275, 150.00, 0x0000000000000000
2026/10/02 14:49:11.548, 0, 88.60, 72, 41, 150.00, 1680, 150.00, 0x0000000000000004
2026/10/02 14:49:11.749, 0, 95.52, 73, 0, 150.00, 810, 150.00, 0x0000000000000004
2026/10/02 14:49:11.949, 0, 94.22, 72, 64, 150.00, 1680, 150.00, 0x0000000000000004
2026/10/02 14:49:12.150, 0, 115.21, 73, 29, 150.00, 1455, 150.00, 0x0000000000000004
2026/10/02 14:49:12.350, 0, 114.05, 72, 27, 150.00, 1680, 150.00, 0x0000000000000004
2026/10/02 14:49:12.551, 0, 109.35, 72, 14, 150.00, 615, 150.00, 0x0000000000000004
2026/10/02 14:49:12.752, 0, 113.12, 72, 65, 150.00, 1680, 150.00, 0x0000000000000004
2026/10/02 14:49:12.952, 0, 108.43, 71, 0, 150.00, 1680, 150.00, 0x0000000000000004
2026/10/02 14:49:13.153, 0, 94.91, 71, 0, 150.00, 1695, 150.00, 0x0000000000000000
2026/10/02 14:49:13.353, 0, 88.35, 71, 0, 150.00, 1695, 150.00, 0x0000000000000000
2026/10/02 14:49:13.554, 0, 79.25, 71, 0, 150.00, 1695, 150.00, 0x0000000000000000
2026/10/02 14:49:13.754, 0, 79.25, 71, 0, 150.00, 1695, 150.00, 0x0000000000000000
2026/10/02 14:49:13.955, 0, 86.94, 72, 0, 150.00, 675, 150.00, 0x0000000000000004
2026/10/02 14:49:14.156, 0, 99.98, 71, 68, 150.00, 1575, 150.00, 0x0000000000000004
2026/10/02 14:49:14.356, 0, 111.69, 71, 30, 150.00, 1680, 150.00, 0x0000000000000004
2026/10/02 14:49:14.557, 0, 125.20, 72, 33, 150.00, 1320, 150.00, 0x0000000000000004
2026/10/02 14:49:14.758, 0, 116.54, 71, 0, 150.00, 1680, 150.00, 0x0000000000000004
2026/10/02 14:49:14.958, 0, 113.76, 70, 0, 150.00, 675, 150.00, 0x0000000000000004
2026/10/02 14:49:15.159, 0, 113.98, 71, 0, 150.00, 1680, 150.00, 0x0000000000000004
2026/10/02 14:49:15.359, 0, 104.86, 72, 51, 150.00, 765, 150.00, 0x0000000000000004
2026/10/02 14:49:15.560, 0, 112.46, 71, 6, 150.00, 1680, 150.00, 0x0000000000000004
2026/10/02 14:49:15.760, 0, 99.98, 70, 0, 150.00, 555, 150.00, 0x0000000000000004
2026/10/02 14:49:15.961, 0, 105.89, 71, 0, 150.00, 1680, 150.00, 0x0000000000000004
2026/10/02 14:49:16.162, 0, 98.50, 70, 0, 150.00, 1680, 150.00, 0x0000000000000004
2026/10/02 14:49:16.362, 0, 111.69, 72, 100, 150.00, 765, 150.00, 0x0000000000000004
2026/10/02 14:49:16.563, 0, 113.01, 72, 56, 150.00, 1275, 150.00, 0x0000000000000004
2026/10/02 14:49:16.763, 0, 112.20, 71, 0, 150.00, 1680, 150.00, 0x0000000000000004
2026/10/02 14:49:16.964, 0, 112.08, 72, 9, 150.00, 915, 150.00, 0x0000000000000004
2026/10/02 14:49:17.164, 0, 124.70, 72, 35, 150.00, 1365, 150.00, 0x0000000000000004
2026/10/02 14:49:17.365, 0, 124.19, 72, 100, 150.00, 1200, 150.00, 0x0000000000000004
2026/10/02 14:49:17.565, 0, 109.28, 70, 0, 150.00, 1680, 150.00, 0x0000000000000004
2026/10/02 14:49:17.766, 0, 107.70, 71, 54, 150.00, 1665, 150.00, 0x0000000000000004
2026/10/02 14:49:17.966, 0, 114.26, 71, 66, 150.00, 1590, 150.00, 0x0000000000000004
2026/10/02 14:49:18.167, 0, 108.90, 70, 0, 150.00, 1680, 150.00, 0x0000000000000004
2026/10/02 14:49:18.367, 0, 95.38, 71, 68, 150.00, 1470, 150.00, 0x0000000000000004
2026/10/02 14:49:18.568, 0, 113.09, 72, 41, 150.00, 705, 150.00, 0x0000000000000004
2026/10/02 14:49:18.768, 0, 116.44, 72, 100, 150.00, 750, 150.00, 0x0000000000000004
2026/10/02 14:49:18.969, 0, 124.37, 71, 10, 150.00, 1680, 150.00, 0x0000000000000004
2026/10/02 14:49:19.169, 0, 118.27, 70, 0, 150.00, 1680, 150.00, 0x0000000000000004
2026/10/02 14:49:19.370, 0, 129.26, 71, 16, 150.00, 1005, 150.00, 0x0000000000000004
2026/10/02 14:49:19.571, 0, 115.32, 70, 0, 150.00, 1680, 150.00, 0x0000000000000004
2026/10/02 14:49:19.771, 0, 112.31, 71, 37, 150.00, 1395, 150.00, 0x0000000000000004
2026/10/02 14:49:19.972, 0, 96.90, 70, 0, 150.00, 1680, 150.00, 0x0000000000000004
2026/10/02 14:49:20.172, 0, 97.43, 70, 0, 150.00, 1695, 150.00, 0x0000000000000000
2026/10/02 14:49:20.373, 0, 102.07, 71, 7, 150.00, 675, 150.00, 0x0000000000000004
2026/10/02 14:49:20.574, 0, 97.67, 70, 49, 150.00, 1680, 150.00, 0x0000000000000004
2026/10/02 14:49:20.774, 0, 97.70, 70, 0, 150.00, 1680, 150.00, 0x0000000000000004
2026/10/02 14:49:20.975, 0, 90.35, 70, 57, 150.00, 1665, 150.00, 0x0000000000000004
2026/10/02 14:49:21.176, 0, 92.78, 70, 63, 150.00, 1620, 150.00, 0x0000000000000004
2026/10/02 14:49:21.376, 0, 92.36, 69, 0, 150.00, 630, 150.00, 0x0000000000000004
2026/10/02 14:49:21.577, 0, 86.41, 70, 62, 150.00, 1665, 150.00, 0x0000000000000004
2026/10/02 14:49:21.777, 0, 87.62, 69, 0, 150.00, 1680, 150.00, 0x0000000000000004
2026/10/02 14:49:21.978, 0, 101.30, 71, 100, 150.00, 1455, 150.00, 0x0000000000000004
2026/10/02 14:49:22.178, 0, 108.12, 71, 91, 150.00, 915, 150.00, 0x0000000000000004
2026/10/02 14:49:22.379, 0, 104.70, 70, 0, 150.00, 1680, 150.00, 0x0000000000000004
2026/10/02 14:49:22.580, 0, 98.46, 69, 0, 150.00, 1695, 150.00, 0x0000000000000000
2026/10/02 14:49:22.780, 0, 99.78, 69, 0, 150.00, 1695, 150.00, 0x0000000000000000
2026/10/02 14:49:22.981, 0, 87.63, 70, 67, 150.00, 1635, 150.00, 0x0000000000000004
2026/10/02 14:49:23.181, 0, 87.07, 71, 93, 150.00, 885, 150.00, 0x0000000000000004
2026/10/02 14:49:23.382, 0, 80.74, 70, 0, 150.00, 1665, 150.00, 0x0000000000000004
2026/10/02 14:49:23.582, 0, 93.26, 69, 20, 150.00, 1680, 150.00, 0x0000000000000004
2026/10/02 14:49:23.783, 0, 93.15, 69, 0, 150.00, 1680, 150.00, 0x0000000000000004
2026/10/02 14:49:23.983, 0, 93.04, 69, 0, 150.00, 1695, 150.00, 0x0000000000000000
2026/10/02 14:49:24.184, 0, 92.22, 70, 0, 150.00, 615, 150.00, 0x0000000000000004
2026/10/02 14:49:24.385, 0, 97.51, 70, 17, 150.00, 705, 150.00, 0x0000000000000004
2026/10/02 14:49:24.585, 0, 89.49, 69, 38, 150.00, 1680, 150.00, 0x0000000000000004
2026/10/02 14:49:24.786, 0, 90.35, 69, 0, 150.00, 1680, 150.00, 0x0000000000000004
2026/10/02 14:49:24.986, 0, 90.38, 69, 0, 150.00, 1695, 150.00, 0x0000000000000000
2026/10/02 14:49:25.187, 0, 90.40, 69, 0, 150.00, 1695, 150.00, 0x0000000000000000
2026/10/02 14:49:25.388, 0, 91.27, 68, 0, 150.00, 1695, 150.00, 0x0000000000000000
2026/10/02 14:49:25.588, 0, 86.52, 68, 0, 150.00, 885, 150.00, 0x0000000000000004
2026/10/02 14:49:25.789, 0, 97.28, 70, 96, 150.00, 1605, 150.00, 0x0000000000000004
2026/10/02 14:49:25.989, 0, 107.79, 69, 40, 150.00, 1680, 150.00, 0x0000000000000004
2026/10/02 14:49:26.190, 0, 107.68, 69, 0, 150.00, 1680, 150.00, 0x0000000000000004
2026/10/02 14:49:26.390, 0, 107.54, 68, 0, 150.00, 1695, 150.00, 0x0000000000000000
2026/10/02 14:49:26.591, 0, 107.53, 68, 0, 150.00, 1695, 150.00, 0x0000000000000000
2026/10/02 14:49:26.792, 0, 92.41, 68, 0, 150.00, 1695, 150.00, 0x0000000000000000
2026/10/02 14:49:26.992, 0, 85.39, 68, 0, 150.00, 1695, 150.00, 0x0000000000000000
2026/10/02 14:49:27.193, 0, 93.15, 70, 87, 150.00, 765, 150.00, 0x0000000000000004
2026/10/02 14:49:27.394, 0, 93.15, 68, 0, 150.00, 1680, 150.00, 0x0000000000000004
2026/10/02 14:49:27.594, 0, 97.52, 69, 57, 150.00, 1665, 150.00, 0x0000000000000004
2026/10/02 14:49:27.795, 0, 97.29, 68, 0, 150.00, 1680, 150.00, 0x0000000000000004
2026/10/02 14:49:27.995, 0, 105.17, 69, 19, 150.00, 1170, 150.00, 0x0000000000000004
2026/10/02 14:49:28.196, 0, 89.41, 68, 0, 150.00, 1680, 150.00, 0x0000000000000004
2026/10/02 14:49:28.397, 0, 98.01, 68, 0, 150.00, 885, 150.00, 0x0000000000000004
2026/10/02 14:49:28.597, 0, 98.96, 68, 4, 150.00, 630, 150.00, 0x0000000000000004
2026/10/02 14:49:28.798, 0, 113.39, 70, 100, 150.00, 765, 150.00, 0x0000000000000004
2026/10/02 14:49:28.999, 0, 100.27, 69, 26, 150.00, 1680, 150.00, 0x0000000000000004
2026/10/02 14:49:29.199, 0, 100.98, 69, 0, 150.00, 600, 150.00, 0x0000000000000004
2026/10/02 14:49:29.400, 0, 110.87, 70, 51, 150.00, 1530, 150.00, 0x0000000000000004
2026/10/02 14:49:29.601, 0, 102.73, 68, 0, 150.00, 1680, 150.00, 0x0000000000000004
2026/10/02 14:49:29.801, 0, 101.96, 70, 40, 150.00, 1470, 150.00, 0x0000000000000004
2026/10/02 14:49:30.002, 0, 96.60, 69, 66, 150.00, 1635, 150.00, 0x0000000000000004
2026/10/02 14:49:30.202, 0, 96.34, 68, 0, 150.00, 1635, 150.00, 0x0000000000000000
2026/10/02 14:49:30.403, 0, 93.20, 69, 65, 150.00, 1590, 150.00, 0x0000000000000004
2026/10/02 14:49:30.603, 0, 102.75, 68, 0, 150.00, 1005, 150.00, 0x0000000000000004
2026/10/02 14:49:30.804, 0, 88.40, 68, 7, 150.00, 1635, 150.00, 0x0000000000000000
2026/10/02 14:49:31.005, 0, 100.61, 69, 38, 150.00, 1425, 150.00, 0x0000000000000004
2026/10/02 14:49:31.205, 0, 100.14, 68, 0, 150.00, 1635, 150.00, 0x0000000000000000
2026/10/02 14:49:31.406, 0, 92.58, 68, 0, 150.00, 1635, 150.00, 0x0000000000000000
2026/10/02 14:49:31.606, 0, 92.66, 67, 0, 150.00, 1635, 150.00, 0x0000000000000000
2026/10/02 14:49:31.807, 0, 83.35, 67, 0, 150.00, 1635, 150.00, 0x0000000000000000
2026/10/02 14:49:32.007, 0, 72.66, 67, 0, 150.00, 585, 150.00, 0x0000000000000004
2026/10/02 14:49:32.208, 0, 73.18, 68, 0, 150.00, 1635, 150.00, 0x0000000000000000
2026/10/02 14:49:32.408, 0, 87.07, 67, 0, 150.00, 1635, 150.00, 0x0000000000000000
2026/10/02 14:49:32.609, 0, 86.21, 68, 38, 150.00, 1635, 150.00, 0x0000000000000000
2026/10/02 14:49:32.809, 0, 92.97, 67, 0, 150.00, 570, 150.00, 0x0000000000000004
2026/10/02 14:49:33.010, 0, 92.86, 68, 0, 150.00, 1635, 150.00, 0x0000000000000000
2026/10/02 14:49:33.211, 0, 101.17, 67, 0, 150.00, 1215, 150.00, 0x0000000000000004
2026/10/02 14:49:33.411, 0, 120.91, 69, 59, 150.00, 780, 150.00, 0x0000000000000004
2026/10/02 14:49:33.612, 0, 116.00, 70, 77, 150.00, 765, 150.00, 0x0000000000000004
2026/10/02 14:49:33.812, 0, 121.23, 68, 79, 150.00, 630, 150.00, 0x0000000000000004
2026/10/02 14:49:34.013, 0, 129.55, 70, 100, 150.00, 765, 150.00, 0x0000000000000004
2026/10/02 14:49:34.214, 0, 144.62, 70, 100, 150.00, 765, 150.00, 0x0000000000000004
2026/10/02 14:49:34.414, 0, 135.74, 70, 100, 150.00, 765, 150.00, 0x0000000000000004
2026/10/02 14:49:34.615, 0, 139.72, 70, 68, 150.00, 1320, 150.00, 0x0000000000000004
2026/10/02 14:49:34.815, 0, 145.04, 70, 33, 150.00, 1395, 150.00, 0x0000000000000004
2026/10/02 14:49:35.016, 0, 144.78, 68, 47, 150.00, 1245, 150.00, 0x0000000000000004
2026/10/02 14:49:35.216, 0, 137.10, 70, 7, 150.00, 1575, 150.00, 0x0000000000000004
2026/10/02 14:49:35.417, 0, 139.26, 69, 14, 150.00, 1590, 150.00, 0x0000000000000004
2026/10/02 14:49:35.618, 0, 138.79, 70, 100, 150.00, 765, 150.00, 0x0000000000000004
2026/10/02 14:49:35.818, 0, 120.73, 69, 0, 150.00, 1680, 150.00, 0x0000000000000004
2026/10/02 14:49:36.019, 0, 121.67, 68, 0, 150.00, 1680, 150.00, 0x0000000000000004
2026/10/02 14:49:36.219, 0, 102.90, 68, 0, 150.00, 1695, 150.00, 0x0000000000000000
2026/10/02 14:49:36.420, 0, 96.49, 68, 0, 150.00, 1695, 150.00, 0x0000000000000000
2026/10/02 14:49:36.620, 0, 87.14, 68, 68, 150.00, 630, 150.00, 0x0000000000000004
2026/10/02 14:49:36.821, 0, 95.23, 69, 100, 150.00, 765, 150.00, 0x0000000000000004
2026/10/02 14:49:37.022, 0, 101.46, 70, 34, 150.00, 1380, 150.00, 0x0000000000000004
2026/10/02 14:49:37.222, 0, 118.58, 70, 44, 150.00, 1320, 150.00, 0x0000000000000004
2026/10/02 14:49:37.423, 0, 127.10, 69, 51, 150.00, 1080, 150.00, 0x0000000000000004
2026/10/02 14:49:37.623, 0, 138.46, 68, 20, 150.00, 1680, 150.00, 0x0000000000000004
2026/10/02 14:49:37.824, 0, 122.84, 68, 0, 150.00, 1680, 150.00, 0x0000000000000004
2026/10/02 14:49:38.025, 0, 108.34, 68, 0, 150.00, 1680, 150.00, 0x0000000000000004
2026/10/02 14:49:38.225, 0, 94.99, 68, 65, 150.00, 645, 150.00, 0x0000000000000004
2026/10/02 14:49:38.426, 0, 92.65, 68, 0, 150.00, 1680, 150.00, 0x0000000000000004
2026/10/02 14:49:38.626, 0, 83.41, 67, 0, 150.00, 1680, 150.00, 0x0000000000000004
2026/10/02 14:49:38.827, 0, 72.47, 67, 3, 150.00, 1695, 150.00, 0x0000000000000000
2026/10/02 14:49:39.027, 0, 86.47, 69, 100, 150.00, 780, 150.00, 0x0000000000000004
2026/10/02 14:49:39.228, 0, 109.95, 70, 64, 150.00, 1440, 150.00, 0x0000000000000004
2026/10/02 14:49:39.429, 0, 110.03, 68, 65, 150.00, 645, 150.00, 0x0000000000000004
2026/10/02 14:49:39.629, 0, 121.87, 69, 67, 150.00, 690, 150.00, 0x0000000000000004
2026/10/02 14:49:39.830, 0, 121.50, 68, 2, 150.00, 1680, 150.00, 0x0000000000000004
2026/10/02 14:49:40.030, 0, 116.70, 68, 63, 150.00, 615, 150.00, 0x0000000000000004
2026/10/02 14:49:40.231, 0, 104.07, 70, 62, 150.00, 930, 150.00, 0x0000000000000004
2026/10/02 14:49:40.431, 0, 99.39, 68, 69, 150.00, 600, 150.00, 0x0000000000000004
2026/10/02 14:49:40.632, 0, 96.09, 69, 0, 150.00, 1665, 150.00, 0x0000000000000004
2026/10/02 14:49:40.833, 0, 90.13, 68, 66, 150.00, 870, 150.00, 0x0000000000000004
2026/10/02 14:49:41.033, 0, 90.75, 68, 0, 150.00, 1665, 150.00, 0x0000000000000000
2026/10/02 14:49:41.233, 0, 80.59, 67, 0, 150.00, 1665, 150.00, 0x0000000000000000
2026/10/02 14:49:41.434, 0, 81.38, 67, 0, 150.00, 1665, 150.00, 0x0000000000000000
2026/10/02 14:49:41.634, 0, 72.16, 68, 0, 150.00, 1665, 150.00, 0x0000000000000004
2026/10/02 14:49:41.835, 0, 72.19, 67, 0, 150.00, 1665, 150.00, 0x0000000000000000
2026/10/02 14:49:42.036, 0, 71.26, 67, 0, 150.00, 1665, 150.00, 0x0000000000000000
2026/10/02 14:49:42.236, 0, 90.24, 69, 85, 150.00, 735, 150.00, 0x0000000000000004
2026/10/02 14:49:42.437, 0, 98.95, 68, 12, 150.00, 1665, 150.00, 0x0000000000000000
2026/10/02 14:49:42.637, 0, 108.50, 68, 51, 150.00, 630, 150.00, 0x0000000000000004
2026/10/02 14:49:42.838, 0, 107.96, 68, 0, 150.00, 1650, 150.00, 0x0000000000000000
2026/10/02 14:49:43.039, 0, 107.73, 67, 0, 150.00, 1650, 150.00, 0x0000000000000000
2026/10/02 14:49:43.239, 0, 95.20, 68, 63, 150.00, 1170, 150.00, 0x0000000000000004
2026/10/02 14:49:43.440, 0, 101.98, 67, 30, 150.00, 1125, 150.00, 0x0000000000000000
2026/10/02 14:49:43.640, 0, 99.86, 67, 81, 150.00, 660, 150.00, 0x0000000000000004
2026/10/02 14:49:43.841, 0, 89.12, 68, 0, 150.00, 1650, 150.00, 0x0000000000000000
2026/10/02 14:49:44.042, 0, 99.43, 69, 14, 150.00, 1605, 150.00, 0x0000000000000004
2026/10/02 14:49:44.242, 0, 99.46, 67, 0, 150.00, 1650, 150.00, 0x0000000000000000
2026/10/02 14:49:44.443, 0, 115.46, 68, 20, 150.00, 1635, 150.00, 0x0000000000000004
2026/10/02 14:49:44.643, 0, 121.16, 69, 55, 150.00, 1500, 150.00, 0x0000000000000004
2026/10/02 14:49:44.844, 0, 127.50, 68, 25, 150.00, 1350, 150.00, 0x0000000000000000
2026/10/02 14:49:45.045, 0, 115.69, 68, 0, 150.00, 1650, 150.00, 0x0000000000000000
2026/10/02 14:49:45.245, 0, 127.94, 67, 19, 150.00, 1650, 150.00, 0x0000000000000000
2026/10/02 14:49:45.446, 0, 138.18, 67, 30, 150.00, 1155, 150.00, 0x0000000000000000
2026/10/02 14:49:45.646, 0, 122.33, 69, 22, 150.00, 1590, 150.00, 0x0000000000000004
2026/10/02 14:49:45.847, 0, 120.14, 67, 67, 150.00, 630, 150.00, 0x0000000000000004
2026/10/02 14:49:46.047, 0, 107.22, 67, 0, 150.00, 1650, 150.00, 0x0000000000000000
2026/10/02 14:49:46.248, 0, 107.11, 67, 0, 150.00, 1650, 150.00, 0x0000000000000000
2026/10/02 14:49:46.449, 0, 96.28, 67, 0, 150.00, 1650, 150.00, 0x0000000000000000
2026/10/02 14:49:46.649, 0, 74.91, 67, 0, 150.00, 1650, 150.00, 0x0000000000000000
2026/10/02 14:49:46.850, 0, 89.12, 66, 35, 150.00, 1005, 150.00, 0x0000000000000000
2026/10/02 14:49:47.050, 0, 88.88, 68, 54, 150.00, 1365, 150.00, 0x0000000000000004
2026/10/02 14:49:47.251, 0, 88.61, 67, 0, 150.00, 1620, 150.00, 0x0000000000000000
2026/10/02 14:49:47.451, 0, 102.15, 66, 37, 150.00, 1020, 150.00, 0x0000000000000000
2026/10/02 14:49:47.652, 0, 101.33, 67, 0, 150.00, 1620, 150.00, 0x0000000000000000
2026/10/02 14:49:47.853, 0, 101.08, 66, 0, 150.00, 1620, 150.00, 0x0000000000000000
2026/10/02 14:49:48.053, 0, 89.33, 66, 60, 150.00, 615, 150.00, 0x0000000000000004
2026/10/02 14:49:48.254, 0, 89.91, 67, 0, 150.00, 1620, 150.00, 0x0000000000000000
2026/10/02 14:49:48.454, 0, 102.64, 66, 20, 150.00, 1620, 150.00, 0x0000000000000000
2026/10/02 14:49:48.655, 0, 88.43, 67, 0, 150.00, 1620, 150.00, 0x0000000000000000
2026/10/02 14:49:48.855, 0, 88.43, 66, 0, 150.00, 1620, 150.00, 0x0000000000000000
2026/10/02 14:49:49.056, 0, 91.81, 67, 0, 150.00, 1620, 150.00, 0x0000000000000004
2026/10/02 14:49:49.256, 0, 94.96, 66, 49, 150.00, 615, 150.00, 0x0000000000000004
2026/10/02 14:49:49.457, 0, 94.61, 67, 0, 150.00, 1620, 150.00, 0x0000000000000000
2026/10/02 14:49:49.657, 0, 82.80, 66, 0, 150.00, 1620, 150.00, 0x0000000000000000
2026/10/02 14:49:49.858, 0, 82.16, 67, 60, 150.00, 1275, 150.00, 0x0000000000000004
2026/10/02 14:49:50.058, 0, 78.80, 66, 0, 150.00, 1620, 150.00, 0x0000000000000000
2026/10/02 14:49:50.259, 0, 78.81, 66, 0, 150.00, 1620, 150.00, 0x0000000000000000
2026/10/02 14:49:50.459, 0, 77.36, 66, 58, 150.00, 615, 150.00, 0x0000000000000004
2026/10/02 14:49:50.660, 0, 78.82, 66, 65, 150.00, 780, 150.00, 0x0000000000000004
2026/10/02 14:49:50.860, 0, 51.06, 66, 0, 105.00, 825, 105.00, 0x0000000000000000
2026/10/02 14:49:51.061, 0, 50.28, 65, 0, 105.00, 825, 105.00, 0x0000000000000000
2026/10/02 14:49:51.262, 0, 77.64, 66, 100, 105.00, 360, 105.00, 0x0000000000000004
2026/10/02 14:49:51.463, 0, 79.43, 66, 75, 105.00, 630, 105.00, 0x0000000000000004
2026/10/02 14:49:51.663, 0, 82.19, 66, 100, 105.00, 375, 105.00, 0x0000000000000004
2026/10/02 14:49:51.864, 0, 86.66, 66, 100, 105.00, 360, 105.00, 0x0000000000000004
2026/10/02 14:49:52.065, 0, 93.19, 67, 100, 105.00, 360, 105.00, 0x0000000000000004
2026/10/02 14:49:52.265, 0, 98.24, 67, 100, 105.00, 360, 105.00, 0x0000000000000004
2026/10/02 14:49:52.466, 0, 97.71, 67, 100, 105.00, 360, 105.00, 0x0000000000000004
2026/10/02 14:49:52.667, 0, 104.18, 67, 100, 105.00, 360, 105.00, 0x0000000000000004
2026/10/02 14:49:52.867, 0, 104.21, 67, 100, 150.00, 345, 105.00, 0x0000000000000004
2026/10/02 14:49:53.068, 0, 150.73, 67, 100, 150.00, 765, 150.00, 0x0000000000000004
2026/10/02 14:49:53.268, 0, 121.26, 68, 45, 150.00, 1470, 150.00, 0x0000000000000004
2026/10/02 14:49:53.469, 0, 101.10, 67, 63, 150.00, 1020, 150.00, 0x0000000000000004
2026/10/02 14:49:53.669, 0, 92.42, 66, 0, 150.00, 1680, 150.00, 0x0000000000000004
2026/10/02 14:49:53.870, 0, 107.02, 67, 13, 150.00, 1635, 150.00, 0x0000000000000004
2026/10/02 14:49:54.070, 0, 111.06, 68, 68, 150.00, 1350, 150.00, 0x0000000000000004
2026/10/02 14:49:54.271, 0, 103.51, 68, 42, 150.00, 1500, 150.00, 0x0000000000000004
2026/10/02 14:49:54.471, 0, 104.64, 67, 0, 150.00, 1680, 150.00, 0x0000000000000004
2026/10/02 14:49:54.672, 0, 113.95, 67, 9, 150.00, 1620, 150.00, 0x0000000000000004
2026/10/02 14:49:54.872, 0, 128.16, 68, 100, 150.00, 795, 150.00, 0x0000000000000004
2026/10/02 14:49:55.073, 0, 123.82, 68, 86, 150.00, 780, 150.00, 0x0000000000000004
2026/10/02 14:49:55.273, 0, 110.29, 67, 0, 150.00, 1680, 150.00, 0x0000000000000004
2026/10/02 14:49:55.474, 0, 117.78, 66, 83, 150.00, 675, 150.00, 0x0000000000000004
2026/10/02 14:49:55.674, 0, 107.16, 68, 65, 150.00, 1665, 150.00, 0x0000000000000004
2026/10/02 14:49:55.875, 0, 98.05, 68, 20, 150.00, 1440, 150.00, 0x0000000000000004
2026/10/02 14:49:56.076, 0, 98.03, 67, 0, 150.00, 585, 150.00, 0x0000000000000004
2026/10/02 14:49:56.277, 0, 97.47, 67, 13, 150.00, 1680, 150.00, 0x0000000000000004
2026/10/02 14:49:56.477, 0, 91.06, 66, 0, 150.00, 1680, 150.00, 0x0000000000000004
2026/10/02 14:49:56.678, 0, 92.35, 66, 0, 150.00, 1695, 150.00, 0x0000000000000000
2026/10/02 14:49:56.878, 0, 79.79, 66, 0, 150.00, 1695, 150.00, 0x0000000000000000
2026/10/02 14:49:57.079, 0, 86.18, 67, 65, 150.00, 1035, 150.00, 0x0000000000000004
2026/10/02 14:49:57.280, 0, 86.32, 67, 42, 150.00, 1575, 150.00, 0x0000000000000004
2026/10/02 14:49:57.480, 0, 86.85, 66, 0, 150.00, 1665, 150.00, 0x0000000000000000
2026/10/02 14:49:57.681, 0, 87.98, 67, 5, 150.00, 1320, 150.00, 0x0000000000000004
2026/10/02 14:49:57.881, 0, 94.02, 67, 64, 150.00, 870, 150.00, 0x0000000000000004
2026/10/02 14:49:58.082, 0, 103.04, 68, 57, 150.00, 630, 150.00, 0x0000000000000004
2026/10/02 14:49:58.282, 0, 93.13, 67, 0, 150.00, 1665, 150.00, 0x0000000000000004
2026/10/02 14:49:58.483, 0, 94.32, 66, 0, 150.00, 1665, 150.00, 0x0000000000000000
2026/10/02 14:49:58.684, 0, 94.88, 66, 0, 150.00, 1665, 150.00, 0x0000000000000000
2026/10/02 14:49:58.884, 0, 98.02, 67, 7, 150.00, 1275, 150.00, 0x0000000000000000
2026/10/02 14:49:59.085, 0, 89.73, 66, 0, 150.00, 1080, 150.00, 0x0000000000000004
2026/10/02 14:49:59.286, 0, 88.39, 68, 95, 150.00, 1035, 150.00, 0x0000000000000004
2026/10/02 14:49:59.487, 0, 97.57, 68, 60, 150.00, 660, 150.00, 0x0000000000000004
2026/10/02 14:49:59.687, 0, 97.19, 66, 9, 150.00, 1665, 150.00, 0x0000000000000000
2026/10/02 14:49:59.888, 0, 113.83, 68, 26, 150.00, 795, 150.00, 0x0000000000000004
2026/10/02 14:50:00.088, 0, 114.37, 66, 25, 150.00, 1665, 150.00, 0x0000000000000000
2026/10/02 14:50:00.289, 0, 102.37, 66, 0, 150.00, 1665, 150.00, 0x0000000000000000
2026/10/02 14:50:00.489, 0, 100.32, 66, 0, 150.00, 1665, 150.00, 0x0000000000000000
2026/10/02 14:50:00.690, 0, 102.33, 66, 44, 150.00, 1635, 150.00, 0x0000000000000004
2026/10/02 14:50:00.891, 0, 88.25, 66, 0, 150.00, 1380, 150.00, 0x0000000000000004
2026/10/02 14:50:01.091, 0, 81.69, 66, 0, 150.00, 1665, 150.00, 0x0000000000000000
2026/10/02 14:50:01.292, 0, 81.61, 66, 0, 150.00, 1665, 150.00, 0x0000000000000000
2026/10/02 14:50:01.493, 0, 84.98, 67, 61, 150.00, 1185, 150.00, 0x0000000000000004
2026/10/02 14:50:01.693, 0, 81.69, 68, 63, 150.00, 960, 150.00, 0x0000000000000004
2026/10/02 14:50:01.894, 0, 82.08, 66, 0, 150.00, 1665, 150.00, 0x0000000000000000
2026/10/02 14:50:02.094, 0, 82.65, 66, 0, 150.00, 1665, 150.00, 0x0000000000000000
2026/10/02 14:50:02.295, 0, 83.56, 66, 0, 150.00, 1410, 150.00, 0x0000000000000000
2026/10/02 14:50:02.496, 0, 82.81, 67, 56, 150.00, 1320, 150.00, 0x0000000000000004
2026/10/02 14:50:02.696, 0, 87.61, 67, 0, 150.00, 645, 150.00, 0x0000000000000004
2026/10/02 14:50:02.897, 0, 80.06, 67, 14, 150.00, 1365, 150.00, 0x0000000000000004
2026/10/02 14:50:03.097, 0, 79.92, 66, 0, 150.00, 1665, 150.00, 0x0000000000000000
2026/10/02 14:50:03.298, 0, 86.84, 66, 0, 150.00, 975, 150.00, 0x0000000000000004
2026/10/02 14:50:03.498, 0, 86.59, 66, 0, 150.00, 1650, 150.00, 0x0000000000000000
2026/10/02 14:50:03.699, 0, 99.12, 66, 28, 150.00, 1605, 150.00, 0x0000000000000004
2026/10/02 14:50:03.900, 0, 89.18, 66, 0, 150.00, 1650, 150.00, 0x0000000000000000
2026/10/02 14:50:04.100, 0, 94.73, 66, 88, 150.00, 1545, 150.00, 0x0000000000000004
2026/10/02 14:50:04.301, 0, 96.93, 66, 63, 150.00, 1650, 150.00, 0x0000000000000004
2026/10/02 14:50:04.501, 0, 90.36, 66, 0, 150.00, 1650, 150.00, 0x0000000000000000
2026/10/02 14:50:04.702, 0, 76.20, 65, 0, 150.00, 1650, 150.00, 0x0000000000000000
2026/10/02 14:50:04.902, 0, 76.98, 65, 0, 150.00, 1650, 150.00, 0x0000000000000000
2026/10/02 14:50:05.103, 0, 83.11, 66, 24, 150.00, 1590, 150.00, 0x0000000000000004
2026/10/02 14:50:05.304, 0, 81.56, 65, 0, 150.00, 1680, 150.00, 0x0000000000000004
2026/10/02 14:50:05.504, 0, 103.48, 67, 30, 150.00, 1035, 150.00, 0x0000000000000004
2026/10/02 14:50:05.705, 0, 118.55, 68, 100, 150.00, 780, 150.00, 0x0000000000000004
2026/10/02 14:50:05.905, 0, 126.19, 66, 100, 150.00, 1665, 150.00, 0x0000000000000004
2026/10/02 14:50:06.106, 0, 121.29, 66, 61, 150.00, 1665, 150.00, 0x0000000000000004
2026/10/02 14:50:06.306, 0, 122.71, 66, 0, 150.00, 1680, 150.00, 0x0000000000000004
2026/10/02 14:50:06.507, 0, 114.20, 67, 87, 150.00, 1455, 150.00, 0x0000000000000004
2026/10/02 14:50:06.708, 0, 107.28, 66, 13, 150.00, 1530, 150.00, 0x0000000000000004
2026/10/02 14:50:06.908, 0, 92.10, 65, 0, 150.00, 1680, 150.00, 0x0000000000000004
2026/10/02 14:50:07.109, 0, 83.99, 65, 0, 150.00, 1695, 150.00, 0x0000000000000000
2026/10/02 14:50:07.309, 0, 97.26, 67, 0, 150.00, 930, 150.00, 0x0000000000000000
2026/10/02 14:50:07.510, 0, 89.69, 65, 40, 150.00, 1680, 150.00, 0x0000000000000004
2026/10/02 14:50:07.710, 0, 81.54, 65, 0, 150.00, 1680, 150.00, 0x0000000000000004
2026/10/02 14:50:07.911, 0, 93.89, 66, 20, 150.00, 1575, 150.00, 0x0000000000000004
2026/10/02 14:50:08.112, 0, 93.80, 65, 0, 150.00, 1680, 150.00, 0x0000000000000004
2026/10/02 14:50:08.312, 0, 93.72, 65, 0, 150.00, 1695, 150.00, 0x0000000000000000
2026/10/02 14:50:08.512, 0, 82.10, 65, 0, 150.00, 1695, 150.00, 0x0000000000000000
2026/10/02 14:50:08.713, 0, 95.86, 66, 0, 150.00, 615, 150.00, 0x0000000000000004
2026/10/02 14:50:08.914, 0, 92.19, 66, 74, 150.00, 1650, 150.00, 0x0000000000000004
2026/10/02 14:50:09.114, 0, 93.39, 65, 0, 150.00, 1680, 150.00, 0x0000000000000004
2026/10/02 14:50:09.315, 0, 100.62, 65, 59, 150.00, 1665, 150.00, 0x0000000000000004
2026/10/02 14:50:09.515, 0, 50.21, 64, 0, 105.00, 1005, 105.00, 0x0000000000000000
2026/10/02 14:50:09.716, 0, 50.08, 64, 0, 105.00, 1005, 105.00, 0x0000000000000000
2026/10/02 14:50:09.917, 0, 49.99, 64, 0, 105.00, 1005, 105.00, 0x0000000000000000
2026/10/02 14:50:10.118, 0, 49.93, 63, 0, 105.00, 1005, 105.00, 0x0000000000000000
2026/10/02 14:50:10.318, 0, 49.93, 63, 0, 105.00, 1005, 105.00, 0x0000000000000000
2026/10/02 14:50:10.519, 0, 60.56, 64, 100, 105.00, 855, 105.00, 0x0000000000000004
2026/10/02 14:50:10.720, 0, 72.96, 65, 20, 105.00, 360, 105.00, 0x0000000000000004
2026/10/02 14:50:10.920, 0, 83.07, 65, 100, 105.00, 375, 105.00, 0x0000000000000004
2026/10/02 14:50:11.121, 0, 88.42, 65, 100, 105.00, 690, 105.00, 0x0000000000000004
2026/10/02 14:50:11.322, 0, 89.77, 64, 100, 105.00, 1005, 105.00, 0x0000000000000000
2026/10/02 14:50:11.522, 0, 93.77, 64, 0, 105.00, 225, 105.00, 0x0000000000000000
2026/10/02 14:50:11.723, 0, 86.93, 64, 100, 105.00, 1020, 105.00, 0x0000000000000000
2026/10/02 14:50:11.923, 0, 82.18, 64, 64, 105.00, 1020, 105.00, 0x0000000000000004
2026/10/02 14:50:12.124, 0, 80.95, 64, 49, 105.00, 900, 105.00, 0x0000000000000004
2026/10/02 14:50:12.325, 0, 80.63, 65, 0, 105.00, 375, 105.00, 0x0000000000000004
2026/10/02 14:50:12.525, 0, 85.83, 64, 39, 105.00, 330, 105.00, 0x0000000000000000
2026/10/02 14:50:12.726, 0, 79.55, 64, 100, 105.00, 1020, 105.00, 0x0000000000000000
2026/10/02 14:50:12.927, 0, 74.98, 63, 0, 105.00, 1020, 105.00, 0x0000000000000000
2026/10/02 14:50:13.127, 0, 80.09, 64, 45, 105.00, 375, 105.00, 0x0000000000000004
2026/10/02 14:50:13.328, 0, 86.74, 65, 100, 105.00, 375, 105.00, 0x0000000000000004
2026/10/02 14:50:13.529, 0, 92.12, 65, 100, 105.00, 375, 105.00, 0x0000000000000004
2026/10/02 14:50:13.729, 0, 70.80, 64, 100, 150.00, 1695, 150.00, 0x0000000000000000
2026/10/02 14:50:13.930, 0, 114.14, 65, 13, 150.00, 1530, 150.00, 0x0000000000000004
2026/10/02 14:50:14.131, 0, 113.71, 66, 0, 150.00, 1185, 150.00, 0x0000000000000004
2026/10/02 14:50:14.331, 0, 125.90, 66, 100, 150.00, 780, 150.00, 0x0000000000000004
2026/10/02 14:50:14.532, 0, 128.19, 65, 46, 150.00, 1605, 150.00, 0x0000000000000004
2026/10/02 14:50:14.732, 0, 116.59, 64, 0, 150.00, 1680, 150.00, 0x0000000000000004
2026/10/02 14:50:14.933, 0, 103.20, 64, 0, 150.00, 1695, 150.00, 0x0000000000000000
2026/10/02 14:50:15.133, 0, 119.38, 66, 68, 150.00, 795, 150.00, 0x0000000000000004
2026/10/02 14:50:15.334, 0, 103.58, 65, 63, 150.00, 1680, 150.00, 0x0000000000000004
2026/10/02 14:50:15.535, 0, 82.20, 65, 3, 150.00, 1500, 150.00, 0x0000000000000004
2026/10/02 14:50:15.735, 0, 95.87, 66, 0, 150.00, 645, 150.00, 0x0000000000000004
2026/10/02 14:50:15.936, 0, 111.15, 66, 86, 150.00, 1035, 150.00, 0x0000000000000004
2026/10/02 14:50:16.136, 0, 102.57, 65, 50, 150.00, 1665, 150.00, 0x0000000000000004
2026/10/02 14:50:16.337, 0, 99.01, 65, 63, 150.00, 1665, 150.00, 0x0000000000000004
2026/10/02 14:50:16.537, 0, 111.82, 65, 31, 150.00, 1605, 150.00, 0x0000000000000004
2026/10/02 14:50:16.738, 0, 113.73, 65, 0, 150.00, 1290, 150.00, 0x0000000000000004
2026/10/02 14:50:16.939, 0, 97.15, 65, 60, 150.00, 1665, 150.00, 0x0000000000000004
2026/10/02 14:50:17.139, 0, 88.21, 64, 0, 150.00, 1665, 150.00, 0x0000000000000000
2026/10/02 14:50:17.340, 0, 84.61, 64, 0, 150.00, 1665, 150.00, 0x0000000000000000
2026/10/02 14:50:17.541, 0, 70.79, 64, 0, 150.00, 1665, 150.00, 0x0000000000000000
2026/10/02 14:50:17.741, 0, 71.63, 64, 0, 150.00, 1665, 150.00, 0x0000000000000000
2026/10/02 14:50:17.942, 0, 71.63, 64, 0, 150.00, 1665, 150.00, 0x0000000000000000
2026/10/02 14:50:18.142, 0, 101.99, 64, 0, 150.00, 1665, 150.00, 0x0000000000000000
2026/10/02 14:50:18.343, 0, 113.44, 66, 71, 150.00, 600, 150.00, 0x0000000000000004
2026/10/02 14:50:18.544, 0, 125.62, 66, 100, 150.00, 1155, 150.00, 0x0000000000000004
2026/10/02 14:50:18.744, 0, 135.47, 66, 0, 150.00, 660, 150.00, 0x0000000000000004
2026/10/02 14:50:18.945, 0, 139.26, 65, 8, 150.00, 675, 150.00, 0x0000000000000004
2026/10/02 14:50:19.145, 0, 136.94, 66, 78, 150.00, 1260, 150.00, 0x0000000000000004
2026/10/02 14:50:19.346, 0, 138.01, 66, 0, 150.00, 840, 150.00, 0x0000000000000000
2026/10/02 14:50:19.547, 0, 131.74, 67, 100, 150.00, 795, 150.00, 0x0000000000000004
2026/10/02 14:50:19.747, 0, 142.66, 67, 100, 150.00, 780, 150.00, 0x0000000000000004
2026/10/02 14:50:19.948, 0, 134.24, 66, 45, 150.00, 1380, 150.00, 0x0000000000000004
2026/10/02 14:50:20.148, 0, 114.95, 65, 54, 150.00, 1680, 150.00, 0x0000000000000004
2026/10/02 14:50:20.349, 0, 126.04, 65, 40, 150.00, 1635, 150.00, 0x0000000000000004
2026/10/02 14:50:20.549, 0, 114.10, 65, 59, 150.00, 1650, 150.00, 0x0000000000000004
2026/10/02 14:50:20.750, 0, 98.98, 65, 0, 150.00, 1335, 150.00, 0x0000000000000004
2026/10/02 14:50:20.951, 0, 104.93, 65, 25, 150.00, 1590, 150.00, 0x0000000000000004
2026/10/02 14:50:21.151, 0, 118.26, 66, 0, 150.00, 615, 150.00, 0x0000000000000004
2026/10/02 14:50:21.352, 0, 109.51, 65, 40, 150.00, 1515, 150.00, 0x0000000000000004
2026/10/02 14:50:21.552, 0, 115.40, 66, 0, 150.00, 585, 150.00, 0x0000000000000004
2026/10/02 14:50:21.753, 0, 114.97, 65, 27, 150.00, 1680, 150.00, 0x0000000000000004
2026/10/02 14:50:21.953, 0, 124.26, 66, 54, 150.00, 765, 150.00, 0x0000000000000004
2026/10/02 14:50:22.154, 0, 134.49, 67, 100, 150.00, 795, 150.00, 0x0000000000000004
2026/10/02 14:50:22.355, 0, 121.60, 66, 45, 150.00, 780, 150.00, 0x0000000000000004
2026/10/02 14:50:22.555, 0, 135.38, 66, 3, 150.00, 870, 150.00, 0x0000000000000000
2026/10/02 14:50:22.756, 0, 120.89, 65, 44, 150.00, 1665, 150.00, 0x0000000000000004
2026/10/02 14:50:22.957, 0, 110.69, 64, 0, 150.00, 1665, 150.00, 0x0000000000000000
2026/10/02 14:50:23.157, 0, 95.94, 64, 0, 150.00, 1665, 150.00, 0x0000000000000000
2026/10/02 14:50:23.358, 0, 89.18, 64, 0, 150.00, 1665, 150.00, 0x0000000000000000
2026/10/02 14:50:23.558, 0, 80.93, 64, 0, 150.00, 1665, 150.00, 0x0000000000000000
2026/10/02 14:50:23.759, 0, 76.90, 65, 0, 150.00, 1365, 150.00, 0x0000000000000004
2026/10/02 14:50:23.959, 0, 83.00, 65, 81, 105.00, 1455, 150.00, 0x0000000000000004
2026/10/02 14:50:24.160, 0, 49.57, 64, 0, 105.00, 840, 105.00, 0x0000000000000000
2026/10/02 14:50:24.361, 0, 95.98, 64, 33, 105.00, 360, 105.00, 0x0000000000000004
2026/10/02 14:50:24.561, 0, 77.08, 63, 12, 105.00, 840, 105.00, 0x0000000000000000
2026/10/02 14:50:24.762, 0, 69.01, 63, 0, 105.00, 840, 105.00, 0x0000000000000000
2026/10/02 14:50:24.963, 0, 72.42, 64, 0, 105.00, 345, 105.00, 0x0000000000000004
2026/10/02 14:50:25.164, 0, 78.46, 64, 100, 105.00, 360, 105.00, 0x0000000000000004
2026/10/02 14:50:25.364, 0, 76.36, 64, 76, 105.00, 390, 105.00, 0x0000000000000004
2026/10/02 14:50:25.565, 0, 81.84, 65, 89, 105.00, 360, 105.00, 0x0000000000000004
2026/10/02 14:50:25.766, 0, 81.99, 63, 47, 105.00, 840, 105.00, 0x0000000000000000
2026/10/02 14:50:25.966, 0, 93.67, 64, 46, 105.00, 375, 105.00, 0x0000000000000004
2026/10/02 14:50:26.167, 0, 92.24, 64, 100, 105.00, 360, 105.00, 0x0000000000000004
2026/10/02 14:50:26.368, 0, 96.14, 64, 100, 105.00, 360, 105.00, 0x0000000000000004
2026/10/02 14:50:26.568, 0, 96.25, 64, 100, 105.00, 375, 105.00, 0x0000000000000004
2026/10/02 14:50:26.769, 0, 101.25, 65, 100, 105.00, 375, 105.00, 0x0000000000000004
2026/10/02 14:50:26.970, 0, 104.83, 65, 100, 105.00, 360, 105.00, 0x0000000000000004
2026/10/02 14:50:27.170, 0, 104.76, 65, 100, 105.00, 360, 105.00, 0x0000000000000004
2026/10/02 14:50:27.371, 0, 103.31, 64, 100, 105.00, 585, 105.00, 0x0000000000000004
2026/10/02 14:50:27.572, 0, 93.16, 63, 0, 105.00, 585, 105.00, 0x0000000000000000
2026/10/02 14:50:27.773, 0, 83.09, 63, 0, 105.00, 585, 105.00, 0x0000000000000000
2026/10/02 14:50:27.973, 0, 72.71, 62, 0, 105.00, 585, 105.00, 0x0000000000000000
2026/10/02 14:50:28.174, 0, 62.64, 62, 0, 105.00, 585, 105.00, 0x0000000000000000
2026/10/02 14:50:28.374, 0, 57.52, 62, 0, 105.00, 585, 105.00, 0x0000000000000000
2026/10/02 14:50:28.575, 0, 52.26, 63, 0, 105.00, 315, 105.00, 0x0000000000000000
2026/10/02 14:50:28.776, 0, 57.47, 63, 100, 105.00, 585, 105.00, 0x0000000000000000
2026/10/02 14:50:28.977, 0, 57.51, 62, 0, 105.00, 585, 105.00, 0x0000000000000000
2026/10/02 14:50:29.178, 0, 57.47, 62, 0, 105.00, 585, 105.00, 0x0000000000000000
2026/10/02 14:50:29.378, 0, 67.42, 63, 63, 105.00, 585, 105.00, 0x0000000000000004
2026/10/02 14:50:29.579, 0, 78.93, 63, 36, 105.00, 360, 105.00, 0x0000000000000004
2026/10/02 14:50:29.780, 0, 80.52, 64, 100, 105.00, 375, 105.00, 0x0000000000000004
2026/10/02 14:50:29.980, 0, 86.37, 63, 100, 105.00, 585, 105.00, 0x0000000000000000
2026/10/02 14:50:30.181, 0, 90.91, 63, 0, 105.00, 375, 105.00, 0x0000000000000004
2026/10/02 14:50:30.382, 0, 87.53, 62, 81, 105.00, 585, 105.00, 0x0000000000000000
2026/10/02 14:50:30.582, 0, 87.74, 63, 35, 105.00, 375, 105.00, 0x0000000000000004
2026/10/02 14:50:30.783, 0, 87.40, 64, 100, 105.00, 360, 105.00, 0x0000000000000004
2026/10/02 14:50:30.983, 0, 87.69, 64, 100, 105.00, 375, 105.00, 0x0000000000000004
2026/10/02 14:50:31.184, 0, 96.84, 64, 100, 105.00, 360, 105.00, 0x0000000000000004
2026/10/02 14:50:31.385, 0, 100.78, 64, 100, 105.00, 360, 105.00, 0x0000000000000004
2026/10/02 14:50:31.585, 0, 104.40, 64, 100, 105.00, 375, 105.00, 0x0000000000000004
2026/10/02 14:50:31.786, 0, 95.50, 63, 77, 105.00, 585, 105.00, 0x0000000000000000
2026/10/02 14:50:31.987, 0, 85.34, 62, 0, 105.00, 585, 105.00, 0x0000000000000000
2026/10/02 14:50:32.187, 0, 81.14, 63, 80, 105.00, 585, 105.00, 0x0000000000000004
2026/10/02 14:50:32.388, 0, 71.08, 62, 0, 105.00, 675, 105.00, 0x0000000000000000
2026/10/02 14:50:32.589, 0, 60.95, 62, 0, 105.00, 675, 105.00, 0x0000000000000000
2026/10/02 14:50:32.789, 0, 54.64, 62, 0, 105.00, 675, 105.00, 0x0000000000000000
2026/10/02 14:50:32.990, 0, 54.55, 62, 0, 105.00, 675, 105.00, 0x0000000000000000
2026/10/02 14:50:33.191, 0, 60.92, 63, 46, 105.00, 675, 105.00, 0x0000000000000004
2026/10/02 14:50:33.391, 0, 66.39, 63, 82, 105.00, 675, 105.00, 0x0000000000000004
2026/10/02 14:50:33.592, 0, 66.36, 62, 0, 105.00, 330, 105.00, 0x0000000000000000
2026/10/02 14:50:33.793, 0, 77.78, 62, 13, 105.00, 675, 105.00, 0x0000000000000000
2026/10/02 14:50:33.994, 0, 77.80, 62, 0, 105.00, 675, 105.00, 0x0000000000000000
2026/10/02 14:50:34.195, 0, 66.79, 61, 0, 105.00, 675, 105.00, 0x0000000000000000
2026/10/02 14:50:34.395, 0, 59.92, 61, 0, 105.00, 675, 105.00, 0x0000000000000000
2026/10/02 14:50:34.596, 0, 59.85, 61, 0, 105.00, 675, 105.00, 0x0000000000000000
2026/10/02 14:50:34.797, 0, 53.00, 61, 9, 105.00, 285, 105.00, 0x0000000000000000
2026/10/02 14:50:34.997, 0, 62.58, 63, 100, 105.00, 375, 105.00, 0x0000000000000004
2026/10/02 14:50:35.198, 0, 72.65, 63, 100, 105.00, 360, 105.00, 0x0000000000000004
2026/10/02 14:50:35.399, 0, 82.67, 63, 100, 105.00, 375, 105.00, 0x0000000000000004
2026/10/02 14:50:35.599, 0, 85.54, 62, 8, 105.00, 255, 105.00, 0x0000000000000000
2026/10/02 14:50:35.800, 0, 95.63, 63, 100, 105.00, 360, 105.00, 0x0000000000000004
2026/10/02 14:50:36.001, 0, 91.53, 62, 21, 105.00, 675, 105.00, 0x0000000000000000
2026/10/02 14:50:36.202, 0, 87.75, 62, 41, 105.00, 345, 105.00, 0x0000000000000004
2026/10/02 14:50:36.402, 0, 87.75, 63, 100, 105.00, 360, 105.00, 0x0000000000000004
2026/10/02 14:50:36.603, 0, 92.61, 63, 100, 105.00, 375, 105.00, 0x0000000000000004
2026/10/02 14:50:36.804, 0, 95.18, 63, 100, 105.00, 360, 105.00, 0x0000000000000004
2026/10/02 14:50:37.004, 0, 97.06, 63, 100, 105.00, 360, 105.00, 0x0000000000000004
2026/10/02 14:50:37.205, 0, 107.15, 63, 100, 105.00, 375, 105.00, 0x0000000000000004
2026/10/02 14:50:37.406, 0, 101.83, 63, 73, 105.00, 585, 105.00, 0x0000000000000000
2026/10/02 14:50:37.607, 0, 91.64, 62, 0, 105.00, 585, 105.00, 0x0000000000000000
2026/10/02 14:50:37.807, 0, 84.25, 62, 10, 105.00, 300, 105.00, 0x0000000000000000
2026/10/02 14:50:38.008, 0, 82.61, 63, 100, 105.00, 360, 105.00, 0x0000000000000004
2026/10/02 14:50:38.208, 0, 79.58, 63, 31, 105.00, 330, 105.00, 0x0000000000000000
2026/10/02 14:50:38.409, 0, 79.48, 63, 100, 105.00, 360, 105.00, 0x0000000000000004
2026/10/02 14:50:38.610, 0, 88.61, 63, 100, 105.00, 375, 105.00, 0x0000000000000004
2026/10/02 14:50:38.810, 0, 93.63, 62, 0, 105.00, 585, 105.00, 0x0000000000000000
2026/10/02 14:50:39.011, 0, 85.96, 61, 0, 105.00, 585, 105.00, 0x0000000000000000
2026/10/02 14:50:39.212, 0, 86.23, 62, 100, 105.00, 585, 105.00, 0x0000000000000004
2026/10/02 14:50:39.413, 0, 78.97, 61, 0, 105.00, 585, 105.00, 0x0000000000000000
2026/10/02 14:50:39.613, 0, 71.86, 61, 11, 105.00, 300, 105.00, 0x0000000000000000
2026/10/02 14:50:39.814, 0, 72.23, 63, 100, 105.00, 375, 105.00, 0x0000000000000004
2026/10/02 14:50:40.015, 0, 77.20, 62, 17, 105.00, 585, 105.00, 0x0000000000000000
2026/10/02 14:50:40.215, 0, 83.09, 63, 100, 105.00, 585, 105.00, 0x0000000000000004
2026/10/02 14:50:40.416, 0, 77.94, 61, 0, 105.00, 585, 105.00, 0x0000000000000000
2026/10/02 14:50:40.617, 0, 77.96, 61, 0, 105.00, 585, 105.00, 0x0000000000000000
2026/10/02 14:50:40.817, 0, 69.68, 61, 0, 105.00, 585, 105.00, 0x0000000000000000
2026/10/02 14:50:41.018, 0, 69.24, 62, 100, 105.00, 375, 105.00, 0x0000000000000004
2026/10/02 14:50:41.219, 0, 73.23, 63, 100, 105.00, 360, 105.00, 0x0000000000000004
2026/10/02 14:50:41.419, 0, 73.15, 62, 8, 105.00, 585, 105.00, 0x0000000000000000
2026/10/02 14:50:41.620, 0, 78.01, 62, 90, 105.00, 375, 105.00, 0x0000000000000004
2026/10/02 14:50:41.821, 0, 88.30, 63, 100, 105.00, 360, 105.00, 0x0000000000000004
2026/10/02 14:50:42.021, 0, 94.51, 63, 100, 105.00, 375, 105.00, 0x0000000000000004
2026/10/02 14:50:42.222, 0, 94.63, 63, 100, 105.00, 375, 105.00, 0x0000000000000004
2026/10/02 14:50:42.423, 0, 94.64, 63, 100, 105.00, 360, 105.00, 0x0000000000000004
2026/10/02 14:50:42.623, 0, 105.03, 63, 100, 150.00, 1080, 150.00, 0x0000000000000004
2026/10/02 14:50:42.824, 0, 56.40, 63, 49, 150.00, 1605, 150.00, 0x0000000000000004
2026/10/02 14:50:43.024, 0, 125.56, 64, 100, 150.00, 795, 150.00, 0x0000000000000004
2026/10/02 14:50:43.225, 0, 132.54, 64, 67, 150.00, 765, 150.00, 0x0000000000000004
2026/10/02 14:50:43.426, 0, 126.74, 64, 43, 150.00, 675, 150.00, 0x0000000000000004
2026/10/02 14:50:43.626, 0, 128.67, 65, 38, 150.00, 1005, 150.00, 0x0000000000000004
2026/10/02 14:50:43.827, 0, 116.82, 63, 0, 150.00, 1680, 150.00, 0x0000000000000004
2026/10/02 14:50:44.027, 0, 109.00, 63, 0, 150.00, 1695, 150.00, 0x0000000000000004
2026/10/02 14:50:44.228, 0, 94.62, 63, 61, 150.00, 1560, 150.00, 0x0000000000000004
2026/10/02 14:50:44.429, 0, 94.32, 64, 34, 150.00, 960, 150.00, 0x0000000000000004
2026/10/02 14:50:44.629, 0, 94.79, 62, 0, 150.00, 1680, 150.00, 0x0000000000000004
2026/10/02 14:50:44.829, 0, 83.03, 62, 0, 150.00, 1665, 150.00, 0x0000000000000000
2026/10/02 14:50:45.030, 0, 95.57, 63, 22, 150.00, 1650, 150.00, 0x0000000000000004
2026/10/02 14:50:45.231, 0, 114.68, 64, 91, 150.00, 780, 150.00, 0x0000000000000004
2026/10/02 14:50:45.431, 0, 130.40, 65, 30, 150.00, 990, 150.00, 0x0000000000000004
2026/10/02 14:50:45.632, 0, 115.81, 63, 0, 150.00, 1665, 150.00, 0x0000000000000000
2026/10/02 14:50:45.832, 0, 115.59, 62, 0, 150.00, 1665, 150.00, 0x0000000000000000
2026/10/02 14:50:46.033, 0, 102.08, 62, 0, 150.00, 1665, 150.00, 0x0000000000000000
2026/10/02 14:50:46.233, 0, 97.21, 63, 62, 150.00, 1485, 150.00, 0x0000000000000004
2026/10/02 14:50:46.434, 0, 93.68, 64, 94, 150.00, 810, 150.00, 0x0000000000000004
2026/10/02 14:50:46.634, 0, 91.29, 64, 49, 150.00, 1290, 150.00, 0x0000000000000004
2026/10/02 14:50:46.835, 0, 89.94, 63, 0, 105.00, 1290, 105.00, 0x0000000000000000
2026/10/02 14:50:47.036, 0, 107.77, 63, 100, 105.00, 375, 105.00, 0x0000000000000004
2026/10/02 14:50:47.236, 0, 107.99, 63, 100, 105.00, 375, 105.00, 0x0000000000000004
2026/10/02 14:50:47.437, 0, 107.66, 63, 100, 105.00, 375, 105.00, 0x0000000000000004
2026/10/02 14:50:47.637, 0, 107.58, 63, 100, 105.00, 375, 105.00, 0x0000000000000004
2026/10/02 14:50:47.838, 0, 104.68, 63, 100, 105.00, 345, 105.00, 0x0000000000000004
2026/10/02 14:50:48.038, 0, 104.92, 63, 100, 105.00, 375, 105.00, 0x0000000000000004
2026/10/02 14:50:48.239, 0, 104.72, 63, 100, 105.00, 375, 105.00, 0x0000000000000004
2026/10/02 14:50:48.439, 0, 104.66, 63, 100, 105.00, 390, 105.00, 0x0000000000000004
2026/10/02 14:50:48.640, 0, 103.91, 63, 100, 105.00, 315, 105.00, 0x0000000000000004
2026/10/02 14:50:48.841, 0, 104.92, 63, 100, 105.00, 360, 105.00, 0x0000000000000004
2026/10/02 14:50:49.041, 0, 158.66, 64, 100, 150.00, 780, 150.00, 0x0000000000000004
2026/10/02 14:50:49.242, 0, 152.27, 65, 100, 150.00, 780, 150.00, 0x0000000000000004
2026/10/02 14:50:49.442, 0, 152.56, 65, 100, 150.00, 780, 150.00, 0x0000000000000004
2026/10/02 14:50:49.643, 0, 143.99, 64, 89, 150.00, 1440, 150.00, 0x0000000000000004
2026/10/02 14:50:49.843, 0, 153.65, 65, 91, 150.00, 780, 150.00, 0x0000000000000004
2026/10/02 14:50:50.044, 0, 139.69, 64, 0, 150.00, 1680, 150.00, 0x0000000000000004
2026/10/02 14:50:50.244, 0, 125.66, 63, 0, 150.00, 1680, 150.00, 0x0000000000000004
2026/10/02 14:50:50.445, 0, 119.13, 63, 49, 150.00, 1125, 150.00, 0x0000000000000004
2026/10/02 14:50:50.646, 0, 104.20, 63, 0, 150.00, 1680, 150.00, 0x0000000000000004
2026/10/02 14:50:50.846, 0, 100.32, 64, 18, 150.00, 600, 150.00, 0x0000000000000004
2026/10/02 14:50:51.047, 0, 87.91, 64, 64, 150.00, 1560, 150.00, 0x0000000000000004
2026/10/02 14:50:51.248, 0, 87.95, 63, 0, 150.00, 1680, 150.00, 0x0000000000000004
2026/10/02 14:50:51.448, 0, 92.10, 64, 27, 150.00, 645, 150.00, 0x0000000000000000
2026/10/02 14:50:51.649, 0, 108.36, 65, 100, 150.00, 1290, 150.00, 0x0000000000000004
2026/10/02 14:50:51.849, 0, 107.23, 64, 59, 150.00, 1590, 150.00, 0x0000000000000004
2026/10/02 14:50:52.050, 0, 109.00, 65, 44, 150.00, 690, 150.00, 0x0000000000000004
2026/10/02 14:50:52.251, 0, 117.07, 64, 7, 150.00, 1680, 150.00, 0x0000000000000004
2026/10/02 14:50:52.451, 0, 117.06, 63, 0, 150.00, 1680, 150.00, 0x0000000000000004
2026/10/02 14:50:52.652, 0, 94.81, 63, 60, 150.00, 1575, 150.00, 0x0000000000000004
2026/10/02 14:50:52.852, 0, 98.48, 64, 16, 150.00, 600, 150.00, 0x0000000000000004
2026/10/02 14:50:53.053, 0, 119.51, 65, 63, 150.00, 660, 150.00, 0x0000000000000004
2026/10/02 14:50:53.253, 0, 97.58, 63, 0, 150.00, 1680, 150.00, 0x0000000000000004
2026/10/02 14:50:53.454, 0, 97.98, 63, 0, 150.00, 1680, 150.00, 0x0000000000000004
2026/10/02 14:50:53.655, 0, 106.34, 64, 100, 150.00, 795, 150.00, 0x0000000000000004
2026/10/02 14:50:53.855, 0, 122.62, 65, 100, 150.00, 780, 150.00, 0x0000000000000004
2026/10/02 14:50:54.056, 0, 116.77, 65, 100, 150.00, 780, 150.00, 0x0000000000000004
2026/10/02 14:50:54.256, 0, 123.28, 66, 100, 150.00, 780, 150.00, 0x0000000000000004
2026/10/02 14:50:54.457, 0, 136.51, 65, 100, 150.00, 780, 150.00, 0x0000000000000004
2026/10/02 14:50:54.657, 0, 149.71, 66, 100, 150.00, 765, 150.00, 0x0000000000000004
2026/10/02 14:50:54.858, 0, 141.92, 66, 84, 150.00, 765, 150.00, 0x0000000000000004
2026/10/02 14:50:55.058, 0, 146.48, 66, 63, 150.00, 675, 150.00, 0x0000000000000004
2026/10/02 14:50:55.259, 0, 49.47, 64, 0, 105.00, 705, 105.00, 0x0000000000000000
2026/10/02 14:50:55.460, 0, 67.54, 63, 10, 105.00, 285, 105.00, 0x0000000000000000
2026/10/02 14:50:55.660, 0, 85.71, 64, 100, 105.00, 360, 105.00, 0x0000000000000004
2026/10/02 14:50:55.861, 0, 91.73, 64, 100, 105.00, 375, 105.00, 0x0000000000000004
2026/10/02 14:50:56.062, 0, 94.81, 64, 100, 105.00, 360, 105.00, 0x0000000000000004
2026/10/02 14:50:56.262, 0, 96.76, 64, 100, 105.00, 360, 105.00, 0x0000000000000004
2026/10/02 14:50:56.463, 0, 102.43, 64, 100, 105.00, 360, 105.00, 0x0000000000000004
2026/10/02 14:50:56.664, 0, 103.99, 64, 100, 105.00, 360, 105.00, 0x0000000000000004
2026/10/02 14:50:56.864, 0, 104.07, 64, 100, 105.00, 360, 105.00, 0x0000000000000004
2026/10/02 14:50:57.065, 0, 104.07, 64, 100, 105.00, 375, 105.00, 0x0000000000000004
2026/10/02 14:50:57.266, 0, 104.23, 64, 100, 150.00, 360, 150.00, 0x0000000000000004
2026/10/02 14:50:57.466, 0, 150.90, 65, 100, 150.00, 795, 150.00, 0x0000000000000004
2026/10/02 14:50:57.667, 0, 152.21, 66, 100, 150.00, 750, 150.00, 0x0000000000000004
2026/10/02 14:50:57.867, 0, 151.49, 66, 100, 150.00, 735, 150.00, 0x0000000000000004
2026/10/02 14:50:58.068, 0, 150.58, 66, 100, 150.00, 750, 150.00, 0x0000000000000004
2026/10/02 14:50:58.268, 0, 149.74, 66, 100, 150.00, 750, 150.00, 0x0000000000000004
2026/10/02 14:50:58.469, 0, 150.32, 66, 82, 150.00, 1470, 150.00, 0x0000000000000004
2026/10/02 14:50:58.670, 0, 133.12, 64, 0, 150.00, 1680, 150.00, 0x0000000000000004
2026/10/02 14:50:58.870, 0, 131.65, 65, 73, 150.00, 735, 150.00, 0x0000000000000004
2026/10/02 14:50:59.071, 0, 112.82, 65, 64, 150.00, 1605, 150.00, 0x0000000000000004
2026/10/02 14:50:59.271, 0, 108.06, 66, 74, 150.00, 795, 150.00, 0x0000000000000004
2026/10/02 14:50:59.472, 0, 109.32, 66, 100, 150.00, 1110, 150.00, 0x0000000000000004
2026/10/02 14:50:59.672, 0, 121.70, 66, 100, 150.00, 1455, 150.00, 0x0000000000000004
2026/10/02 14:50:59.873, 0, 116.24, 64, 0, 150.00, 960, 150.00, 0x0000000000000004
2026/10/02 14:51:00.073, 0, 114.03, 65, 68, 150.00, 1605, 150.00, 0x0000000000000004
2026/10/02 14:51:00.274, 0, 120.43, 66, 94, 150.00, 795, 150.00, 0x0000000000000004
2026/10/02 14:51:00.474, 0, 118.41, 66, 100, 150.00, 780, 150.00, 0x0000000000000004
2026/10/02 14:51:00.675, 0, 104.69, 65, 3, 150.00, 1680, 150.00, 0x0000000000000004
2026/10/02 14:51:00.875, 0, 112.49, 66, 99, 150.00, 780, 150.00, 0x0000000000000004
2026/10/02 14:51:01.076, 0, 121.26, 66, 100, 150.00, 765, 150.00, 0x0000000000000004
2026/10/02 14:51:01.277, 0, 135.74, 67, 100, 150.00, 780, 150.00, 0x0000000000000004
2026/10/02 14:51:01.477, 0, 136.89, 67, 100, 150.00, 1245, 150.00, 0x0000000000000004
2026/10/02 14:51:01.678, 0, 133.21, 66, 83, 150.00, 780, 150.00, 0x0000000000000004
2026/10/02 14:51:01.878, 0, 126.70, 65, 0, 150.00, 630, 150.00, 0x0000000000000004
2026/10/02 14:51:02.079, 0, 109.55, 66, 65, 150.00, 1590, 150.00, 0x0000000000000004
2026/10/02 14:51:02.279, 0, 98.33, 65, 0, 150.00, 1680, 150.00, 0x0000000000000004
2026/10/02 14:51:02.480, 0, 83.81, 66, 97, 150.00, 915, 150.00, 0x0000000000000004
2026/10/02 14:51:02.680, 0, 103.34, 67, 100, 150.00, 780, 150.00, 0x0000000000000004
2026/10/02 14:51:02.881, 0, 112.74, 67, 100, 150.00, 780, 150.00, 0x0000000000000004
2026/10/02 14:51:03.082, 0, 129.23, 67, 100, 150.00, 780, 150.00, 0x0000000000000004
2026/10/02 14:51:03.282, 0, 146.53, 67, 94, 150.00, 735, 150.00, 0x0000000000000004
2026/10/02 14:51:03.483, 0, 145.91, 65, 22, 150.00, 1680, 150.00, 0x0000000000000004
2026/10/02 14:51:03.683, 0, 133.64, 66, 63, 150.00, 780, 150.00, 0x0000000000000004
2026/10/02 14:51:03.884, 0, 118.29, 66, 75, 150.00, 1230, 150.00, 0x0000000000000004
2026/10/02 14:51:04.084, 0, 121.49, 67, 100, 150.00, 780, 150.00, 0x0000000000000004
2026/10/02 14:51:04.285, 0, 112.56, 66, 55, 150.00, 1665, 150.00, 0x0000000000000004
2026/10/02 14:51:04.485, 0, 121.08, 66, 21, 150.00, 990, 150.00, 0x0000000000000004
2026/10/02 14:51:04.686, 0, 115.29, 65, 0, 150.00, 1680, 150.00, 0x0000000000000004
2026/10/02 14:51:04.887, 0, 120.57, 65, 32, 150.00, 1620, 150.00, 0x0000000000000004
2026/10/02 14:51:05.087, 0, 119.69, 65, 5, 150.00, 1680, 150.00, 0x0000000000000004
2026/10/02 14:51:05.288, 0, 107.74, 64, 0, 150.00, 1680, 150.00, 0x0000000000000004
2026/10/02 14:51:05.488, 0, 115.35, 65, 8, 150.00, 645, 150.00, 0x0000000000000000
2026/10/02 14:51:05.689, 0, 111.70, 65, 43, 150.00, 1665, 150.00, 0x0000000000000004
2026/10/02 14:51:05.890, 0, 101.68, 65, 10, 150.00, 780, 150.00, 0x0000000000000004
2026/10/02 14:51:06.090, 0, 100.54, 66, 65, 150.00, 1545, 150.00, 0x0000000000000004
2026/10/02 14:51:06.291, 0, 128.31, 67, 100, 150.00, 780, 150.00, 0x0000000000000004
2026/10/02 14:51:06.491, 0, 130.13, 66, 68, 150.00, 1605, 150.00, 0x0000000000000004
2026/10/02 14:51:06.692, 0, 139.72, 67, 100, 150.00, 1485, 150.00, 0x0000000000000004
2026/10/02 14:51:06.892, 0, 136.51, 67, 69, 150.00, 795, 150.00, 0x0000000000000004
2026/10/02 14:51:07.093, 0, 135.64, 65, 0, 150.00, 1680, 150.00, 0x0000000000000004
2026/10/02 14:51:07.293, 0, 115.11, 65, 0, 150.00, 1680, 150.00, 0x0000000000000004
2026/10/02 14:51:07.494, 0, 120.82, 66, 100, 150.00, 705, 150.00, 0x0000000000000004
2026/10/02 14:51:07.694, 0, 107.40, 65, 0, 150.00, 1680, 150.00, 0x0000000000000004
2026/10/02 14:51:07.895, 0, 100.08, 64, 0, 150.00, 1680, 150.00, 0x0000000000000004
2026/10/02 14:51:08.096, 0, 92.29, 64, 0, 150.00, 1230, 150.00, 0x0000000000000000
2026/10/02 14:51:08.296, 0, 102.51, 65, 3, 150.00, 645, 150.00, 0x0000000000000004
2026/10/02 14:51:08.497, 0, 87.74, 66, 94, 150.00, 780, 150.00, 0x0000000000000004
2026/10/02 14:51:08.697, 0, 89.45, 66, 62, 150.00, 1515, 150.00, 0x0000000000000004
2026/10/02 14:51:08.898, 0, 107.94, 66, 36, 150.00, 1305, 150.00, 0x0000000000000004
2026/10/02 14:51:09.098, 0, 106.86, 65, 0, 150.00, 1680, 150.00, 0x0000000000000004
2026/10/02 14:51:09.299, 0, 95.97, 64, 0, 150.00, 1695, 150.00, 0x0000000000000004
2026/10/02 14:51:09.499, 0, 113.01, 66, 38, 150.00, 960, 150.00, 0x0000000000000004
2026/10/02 14:51:09.700, 0, 119.77, 66, 94, 150.00, 765, 150.00, 0x0000000000000004
2026/10/02 14:51:09.901, 0, 120.34, 66, 63, 150.00, 765, 150.00, 0x0000000000000004
2026/10/02 14:51:10.101, 0, 115.59, 65, 0, 150.00, 585, 150.00, 0x0000000000000004
2026/10/02 14:51:10.302, 0, 130.93, 67, 100, 150.00, 1020, 150.00, 0x0000000000000004
2026/10/02 14:51:10.502, 0, 124.26, 65, 0, 150.00, 1170, 150.00, 0x0000000000000004
2026/10/02 14:51:10.703, 0, 116.41, 67, 100, 150.00, 780, 150.00, 0x0000000000000004
2026/10/02 14:51:10.903, 0, 110.34, 65, 0, 150.00, 1680, 150.00, 0x0000000000000004
2026/10/02 14:51:11.104, 0, 108.62, 66, 49, 150.00, 1425, 150.00, 0x0000000000000004
2026/10/02 14:51:11.304, 0, 113.22, 65, 49, 150.00, 1665, 150.00, 0x0000000000000004
2026/10/02 14:51:11.505, 0, 126.50, 66, 100, 150.00, 1080, 150.00, 0x0000000000000004
2026/10/02 14:51:11.706, 0, 108.62, 65, 0, 150.00, 1320, 150.00, 0x0000000000000004
2026/10/02 14:51:11.906, 0, 118.29, 66, 94, 150.00, 1575, 150.00, 0x0000000000000004
2026/10/02 14:51:12.107, 0, 121.03, 66, 3, 150.00, 645, 150.00, 0x0000000000000004
2026/10/02 14:51:12.308, 0, 96.57, 65, 0, 150.00, 1680, 150.00, 0x0000000000000004
2026/10/02 14:51:12.508, 0, 89.69, 64, 0, 150.00, 1680, 150.00, 0x0000000000000004
2026/10/02 14:51:12.709, 0, 84.45, 65, 61, 150.00, 1650, 150.00, 0x0000000000000004
2026/10/02 14:51:12.909, 0, 84.24, 66, 61, 150.00, 795, 150.00, 0x0000000000000004
2026/10/02 14:51:13.110, 0, 85.55, 66, 71, 150.00, 645, 150.00, 0x0000000000000004
2026/10/02 14:51:13.310, 0, 94.58, 66, 61, 150.00, 780, 150.00, 0x0000000000000004
2026/10/02 14:51:13.512, 0, 107.51, 67, 100, 150.00, 780, 150.00, 0x0000000000000004
2026/10/02 14:51:13.712, 0, 122.41, 67, 100, 150.00, 780, 150.00, 0x0000000000000004
2026/10/02 14:51:13.913, 0, 127.34, 67, 100, 150.00, 645, 150.00, 0x0000000000000004
2026/10/02 14:51:14.113, 0, 135.03, 67, 100, 150.00, 765, 150.00, 0x0000000000000004
2026/10/02 14:51:14.314, 0, 150.14, 67, 100, 150.00, 750, 150.00, 0x0000000000000004
2026/10/02 14:51:14.515, 0, 149.55, 67, 100, 150.00, 765, 150.00, 0x0000000000000004
2026/10/02 14:51:14.715, 0, 149.60, 68, 100, 150.00, 795, 150.00, 0x0000000000000004
2026/10/02 14:51:14.916, 0, 149.84, 68, 100, 150.00, 735, 150.00, 0x0000000000000004
2026/10/02 14:51:15.117, 0, 148.58, 67, 100, 150.00, 705, 150.00, 0x0000000000000004
2026/10/02 14:51:15.317, 0, 150.13, 68, 100, 150.00, 765, 150.00, 0x0000000000000004
2026/10/02 14:51:15.518, 0, 149.96, 68, 100, 150.00, 795, 150.00, 0x0000000000000004
2026/10/02 14:51:15.718, 0, 150.25, 68, 100, 150.00, 780, 150.00, 0x0000000000000004
2026/10/02 14:51:15.919, 0, 134.56, 67, 85, 150.00, 1620, 150.00, 0x0000000000000004
2026/10/02 14:51:16.120, 0, 119.62, 66, 0, 150.00, 1620, 150.00, 0x0000000000000004
2026/10/02 14:51:16.320, 0, 108.15, 65, 0, 150.00, 1680, 150.00, 0x0000000000000004
2026/10/02 14:51:16.521, 0, 105.97, 67, 0, 150.00, 1365, 150.00, 0x0000000000000004
2026/10/02 14:51:16.722, 0, 84.16, 65, 19, 150.00, 1680, 150.00, 0x0000000000000004
2026/10/02 14:51:16.922, 0, 95.89, 67, 0, 150.00, 1365, 150.00, 0x0000000000000004
2026/10/02 14:51:17.123, 0, 95.46, 65, 19, 150.00, 1230, 150.00, 0x0000000000000004
2026/10/02 14:51:17.323, 0, 111.19, 67, 62, 150.00, 795, 150.00, 0x0000000000000004
2026/10/02 14:51:17.524, 0, 126.26, 67, 100, 150.00, 780, 150.00, 0x0000000000000004
2026/10/02 14:51:17.724, 0, 136.89, 68, 100, 150.00, 750, 150.00, 0x0000000000000004
2026/10/02 14:51:17.925, 0, 155.73, 67, 100, 150.00, 1410, 150.00, 0x0000000000000004
2026/10/02 14:51:18.126, 0, 141.68, 66, 17, 150.00, 1680, 150.00, 0x0000000000000004
2026/10/02 14:51:18.326, 0, 150.96, 67, 7, 150.00, 990, 150.00, 0x0000000000000004
2026/10/02 14:51:18.527, 0, 141.05, 67, 45, 150.00, 960, 150.00, 0x0000000000000004
2026/10/02 14:51:18.727, 0, 127.58, 67, 48, 150.00, 1590, 150.00, 0x0000000000000004
2026/10/02 14:51:18.928, 0, 125.09, 67, 16, 150.00, 795, 150.00, 0x0000000000000004
2026/10/02 14:51:19.129, 0, 127.94, 67, 100, 150.00, 1575, 150.00, 0x0000000000000004
2026/10/02 14:51:19.329, 0, 129.61, 67, 0, 150.00, 795, 150.00, 0x0000000000000004
2026/10/02 14:51:19.530, 0, 123.52, 66, 92, 150.00, 720, 150.00, 0x0000000000000004
2026/10/02 14:51:19.731, 0, 120.29, 66, 65, 150.00, 1620, 150.00, 0x0000000000000004
2026/10/02 14:51:19.931, 0, 129.03, 67, 27, 150.00, 795, 150.00, 0x0000000000000004
2026/10/02 14:51:20.132, 0, 128.56, 68, 100, 150.00, 780, 150.00, 0x0000000000000004
2026/10/02 14:51:20.332, 0, 125.43, 67, 87, 150.00, 645, 150.00, 0x0000000000000000
2026/10/02 14:51:20.533, 0, 125.34, 67, 64, 150.00, 780, 150.00, 0x0000000000000000
2026/10/02 14:51:20.734, 0, 138.16, 68, 100, 150.00, 780, 150.00, 0x0000000000000004
2026/10/02 14:51:20.934, 0, 124.56, 66, 87, 150.00, 1620, 150.00, 0x0000000000000000
2026/10/02 14:51:21.135, 0, 130.61, 67, 24, 150.00, 1530, 150.00, 0x0000000000000004
2026/10/02 14:51:21.336, 0, 120.25, 66, 25, 150.00, 1620, 150.00, 0x0000000000000000
2026/10/02 14:51:21.536, 0, 122.69, 67, 0, 150.00, 810, 150.00, 0x0000000000000004
2026/10/02 14:51:21.737, 0, 125.63, 67, 100, 150.00, 1110, 150.00, 0x0000000000000004
2026/10/02 14:51:21.938, 0, 115.02, 66, 60, 150.00, 675, 150.00, 0x0000000000000004
2026/10/02 14:51:22.138, 0, 116.74, 67, 59, 150.00, 795, 150.00, 0x0000000000000004
2026/10/02 14:51:22.339, 0, 125.21, 68, 100, 150.00, 795, 150.00, 0x0000000000000004
2026/10/02 14:51:22.539, 0, 140.80, 68, 100, 150.00, 780, 150.00, 0x0000000000000004
2026/10/02 14:51:22.740, 0, 136.06, 68, 100, 150.00, 480, 150.00, 0x0000000000000004
2026/10/02 14:51:22.940, 0, 151.02, 68, 100, 150.00, 765, 150.00, 0x0000000000000004
2026/10/02 14:51:23.141, 0, 150.20, 68, 100, 150.00, 1575, 150.00, 0x0000000000000004
2026/10/02 14:51:23.342, 0, 132.95, 67, 13, 150.00, 915, 150.00, 0x0000000000000004
2026/10/02 14:51:23.542, 0, 115.17, 66, 64, 150.00, 945, 150.00, 0x0000000000000004
2026/10/02 14:51:23.743, 0, 97.46, 66, 62, 150.00, 1680, 150.00, 0x0000000000000004
2026/10/02 14:51:23.944, 0, 96.79, 67, 0, 150.00, 1260, 150.00, 0x0000000000000004
2026/10/02 14:51:24.144, 0, 80.96, 66, 52, 150.00, 1680, 150.00, 0x0000000000000004
2026/10/02 14:51:24.345, 0, 84.15, 67, 0, 150.00, 795, 150.00, 0x0000000000000004
2026/10/02 14:51:24.545, 0, 99.06, 68, 100, 150.00, 780, 150.00, 0x0000000000000004
2026/10/02 14:51:24.746, 0, 106.85, 67, 100, 150.00, 615, 150.00, 0x0000000000000004
2026/10/02 14:51:24.947, 0, 121.19, 68, 64, 150.00, 795, 150.00, 0x0000000000000004
2026/10/02 14:51:25.147, 0, 131.16, 68, 100, 150.00, 780, 150.00, 0x0000000000000004
2026/10/02 14:51:25.348, 0, 145.86, 68, 100, 150.00, 795, 150.00, 0x0000000000000004
2026/10/02 14:51:25.548, 0, 142.87, 68, 97, 150.00, 840, 150.00, 0x0000000000000004
2026/10/02 14:51:25.749, 0, 134.41, 67, 95, 150.00, 1665, 150.00, 0x0000000000000004
2026/10/02 14:51:25.949, 0, 134.63, 68, 0, 150.00, 1035, 150.00, 0x0000000000000004
2026/10/02 14:51:26.150, 0, 115.22, 66, 65, 150.00, 1680, 150.00, 0x0000000000000004
2026/10/02 14:51:26.350, 0, 102.76, 67, 0, 150.00, 675, 150.00, 0x0000000000000004
2026/10/02 14:51:26.551, 0, 95.45, 67, 65, 150.00, 1275, 150.00, 0x0000000000000004
2026/10/02 14:51:26.752, 0, 97.24, 67, 77, 150.00, 1680, 150.00, 0x0000000000000004
2026/10/02 14:51:26.952, 0, 98.42, 66, 0, 150.00, 1680, 150.00, 0x0000000000000004
2026/10/02 14:51:27.153, 0, 99.48, 67, 0, 150.00, 975, 150.00, 0x0000000000000004
2026/10/02 14:51:27.353, 0, 107.04, 66, 93, 150.00, 1680, 150.00, 0x0000000000000004
2026/10/02 14:51:27.554, 0, 107.74, 66, 0, 150.00, 1680, 150.00, 0x0000000000000004
2026/10/02 14:51:27.754, 0, 108.18, 67, 33, 150.00, 780, 150.00, 0x0000000000000004
2026/10/02 14:51:27.955, 0, 124.18, 68, 100, 150.00, 780, 150.00, 0x0000000000000004
2026/10/02 14:51:28.155, 0, 139.10, 68, 100, 150.00, 750, 150.00, 0x0000000000000004
2026/10/02 14:51:28.356, 0, 131.00, 67, 92, 150.00, 855, 150.00, 0x0000000000000004
2026/10/02 14:51:28.556, 0, 149.27, 67, 53, 150.00, 1620, 150.00, 0x0000000000000004
2026/10/02 14:51:28.757, 0, 143.38, 68, 0, 150.00, 795, 150.00, 0x0000000000000004
2026/10/02 14:51:28.958, 0, 151.12, 68, 100, 150.00, 1395, 150.00, 0x0000000000000004
2026/10/02 14:51:29.158, 0, 140.55, 68, 37, 150.00, 795, 150.00, 0x0000000000000004
2026/10/02 14:51:29.359, 0, 126.30, 66, 74, 150.00, 1215, 150.00, 0x0000000000000004
2026/10/02 14:51:29.559, 0, 140.59, 67, 42, 150.00, 1290, 150.00, 0x0000000000000004
2026/10/02 14:51:29.760, 0, 137.40, 67, 53, 150.00, 975, 150.00, 0x0000000000000004
2026/10/02 14:51:29.961, 0, 135.65, 68, 54, 150.00, 795, 150.00, 0x0000000000000004
2026/10/02 14:51:30.161, 0, 128.80, 67, 100, 105.00, 780, 105.00, 0x0000000000000000
2026/10/02 14:51:30.362, 0, 103.57, 67, 10, 105.00, 255, 105.00, 0x0000000000000004
2026/10/02 14:51:30.562, 0, 102.34, 67, 92, 105.00, 360, 105.00, 0x0000000000000004
2026/10/02 14:51:30.763, 0, 103.51, 66, 100, 105.00, 360, 105.00, 0x0000000000000004
2026/10/02 14:51:30.964, 0, 103.89, 66, 100, 105.00, 360, 105.00, 0x0000000000000004
2026/10/02 14:51:31.164, 0, 98.22, 66, 100, 105.00, 780, 105.00, 0x0000000000000000
2026/10/02 14:51:31.365, 0, 89.51, 65, 0, 105.00, 780, 105.00, 0x0000000000000000
2026/10/02 14:51:31.566, 0, 92.12, 66, 19, 105.00, 780, 105.00, 0x0000000000000000
2026/10/02 14:51:31.766, 0, 79.94, 65, 30, 105.00, 270, 105.00, 0x0000000000000004
2026/10/02 14:51:31.967, 0, 73.84, 65, 79, 105.00, 780, 105.00, 0x0000000000000000
2026/10/02 14:51:32.168, 0, 74.83, 65, 0, 105.00, 360, 105.00, 0x0000000000000004
2026/10/02 14:51:32.369, 0, 82.51, 64, 100, 105.00, 375, 105.00, 0x0000000000000004
2026/10/02 14:51:32.569, 0, 80.93, 65, 46, 105.00, 360, 105.00, 0x0000000000000004
2026/10/02 14:51:32.770, 0, 87.68, 65, 100, 105.00, 705, 105.00, 0x0000000000000004
2026/10/02 14:51:32.971, 0, 93.53, 65, 40, 105.00, 360, 105.00, 0x0000000000000004
2026/10/02 14:51:33.171, 0, 102.85, 66, 100, 105.00, 360, 105.00, 0x0000000000000004
2026/10/02 14:51:33.372, 0, 99.65, 66, 100, 105.00, 360, 105.00, 0x0000000000000004
2026/10/02 14:51:33.573, 0, 104.02, 66, 100, 105.00, 360, 105.00, 0x0000000000000004
2026/10/02 14:51:33.773, 0, 104.01, 66, 100, 105.00, 360, 105.00, 0x0000000000000004
2026/10/02 14:51:33.974, 0, 104.64, 66, 100, 105.00, 360, 105.00, 0x0000000000000004
2026/10/02 14:51:34.175, 0, 104.35, 66, 100, 105.00, 360, 105.00, 0x0000000000000004
2026/10/02 14:51:34.375, 0, 158.97, 66, 100, 150.00, 825, 150.00, 0x0000000000000004
2026/10/02 14:51:34.576, 0, 152.13, 67, 100, 150.00, 765, 150.00, 0x0000000000000004
2026/10/02 14:51:34.776, 0, 150.90, 67, 100, 150.00, 750, 150.00, 0x0000000000000004
2026/10/02 14:51:34.977, 0, 150.46, 68, 100, 150.00, 750, 150.00, 0x0000000000000004
2026/10/02 14:51:35.178, 0, 137.59, 66, 10, 150.00, 660, 150.00, 0x0000000000000004
2026/10/02 14:51:35.378, 0, 140.78, 68, 100, 150.00, 780, 150.00, 0x0000000000000004
2026/10/02 14:51:35.579, 0, 132.36, 68, 100, 150.00, 1590, 150.00, 0x0000000000000004
2026/10/02 14:51:35.779, 0, 116.85, 66, 0, 150.00, 1680, 150.00, 0x0000000000000004
2026/10/02 14:51:35.980, 0, 130.38, 67, 44, 150.00, 1230, 150.00, 0x0000000000000004
2026/10/02 14:51:36.180, 0, 132.45, 67, 91, 150.00, 1590, 150.00, 0x0000000000000004
2026/10/02 14:51:36.381, 0, 119.43, 66, 0, 150.00, 1680, 150.00, 0x0000000000000004
2026/10/02 14:51:36.581, 0, 125.86, 67, 41, 150.00, 795, 150.00, 0x0000000000000004
2026/10/02 14:51:36.782, 0, 138.18, 66, 7, 150.00, 645, 150.00, 0x0000000000000004
2026/10/02 14:51:36.982, 0, 118.00, 66, 66, 150.00, 1665, 150.00, 0x0000000000000004
2026/10/02 14:51:37.183, 0, 110.71, 67, 29, 150.00, 1440, 150.00, 0x0000000000000004
2026/10/02 14:51:37.384, 0, 116.72, 65, 0, 150.00, 615, 150.00, 0x0000000000000004
2026/10/02 14:51:37.584, 0, 116.23, 67, 20, 150.00, 780, 150.00, 0x0000000000000004
2026/10/02 14:51:37.785, 0, 112.12, 66, 29, 150.00, 1665, 150.00, 0x0000000000000000
2026/10/02 14:51:37.985, 0, 120.86, 67, 100, 150.00, 795, 150.00, 0x0000000000000004
2026/10/02 14:51:38.186, 0, 118.35, 68, 100, 150.00, 795, 150.00, 0x0000000000000004
2026/10/02 14:51:38.386, 0, 119.10, 66, 0, 150.00, 1665, 150.00, 0x0000000000000000
2026/10/02 14:51:38.587, 0, 116.83, 67, 71, 150.00, 765, 150.00, 0x0000000000000004
2026/10/02 14:51:38.787, 0, 125.27, 68, 100, 150.00, 780, 150.00, 0x0000000000000004
2026/10/02 14:51:38.988, 0, 114.17, 66, 17, 150.00, 1665, 150.00, 0x0000000000000000
2026/10/02 14:51:39.189, 0, 101.95, 66, 65, 150.00, 1635, 150.00, 0x0000000000000004
2026/10/02 14:51:39.389, 0, 99.39, 65, 0, 150.00, 1665, 150.00, 0x0000000000000000
2026/10/02 14:51:39.590, 0, 103.71, 66, 68, 150.00, 765, 150.00, 0x0000000000000004
2026/10/02 14:51:39.790, 0, 90.70, 67, 65, 150.00, 1275, 150.00, 0x0000000000000004
2026/10/02 14:51:39.991, 0, 112.73, 68, 34, 150.00, 795, 150.00, 0x0000000000000004
2026/10/02 14:51:40.191, 0, 123.96, 68, 96, 150.00, 705, 150.00, 0x0000000000000004
2026/10/02 14:51:40.392, 0, 134.16, 68, 77, 150.00, 780, 150.00, 0x0000000000000004
2026/10/02 14:51:40.593, 0, 51.24, 67, 48, 105.00, 810, 105.00, 0x0000000000000000
2026/10/02 14:51:40.793, 0, 103.80, 66, 95, 105.00, 360, 105.00, 0x0000000000000004
2026/10/02 14:51:40.994, 0, 103.74, 66, 100, 105.00, 300, 105.00, 0x0000000000000004
2026/10/02 14:51:41.195, 0, 94.87, 66, 100, 105.00, 810, 105.00, 0x0000000000000000
2026/10/02 14:51:41.396, 0, 89.57, 65, 0, 105.00, 810, 105.00, 0x0000000000000000
2026/10/02 14:51:41.596, 0, 92.78, 66, 100, 105.00, 360, 105.00, 0x0000000000000004
2026/10/02 14:51:41.797, 0, 93.97, 66, 100, 105.00, 360, 105.00, 0x0000000000000004
2026/10/02 14:51:41.998, 0, 93.92, 66, 100, 105.00, 360, 105.00, 0x0000000000000004
2026/10/02 14:51:42.198, 0, 93.23, 65, 71, 105.00, 375, 105.00, 0x0000000000000004
2026/10/02 14:51:42.399, 0, 99.17, 66, 100, 105.00, 375, 105.00, 0x0000000000000004
2026/10/02 14:51:42.600, 0, 99.85, 66, 100, 105.00, 375, 105.00, 0x0000000000000004
2026/10/02 14:51:42.800, 0, 151.65, 66, 100, 150.00, 780, 150.00, 0x0000000000000004
2026/10/02 14:51:43.001, 0, 123.61, 66, 100, 150.00, 1635, 150.00, 0x0000000000000004
2026/10/02 14:51:43.202, 0, 142.76, 67, 65, 150.00, 1635, 150.00, 0x0000000000000004
2026/10/02 14:51:43.402, 0, 120.54, 66, 32, 150.00, 1680, 150.00, 0x0000000000000004
2026/10/02 14:51:43.603, 0, 126.28, 67, 28, 150.00, 1575, 150.00, 0x0000000000000004
2026/10/02 14:51:43.803, 0, 116.12, 65, 0, 150.00, 1680, 150.00, 0x0000000000000004
2026/10/02 14:51:44.004, 0, 115.53, 67, 96, 150.00, 795, 150.00, 0x0000000000000004
2026/10/02 14:51:44.204, 0, 126.53, 67, 100, 150.00, 810, 150.00, 0x0000000000000004
2026/10/02 14:51:44.405, 0, 113.53, 66, 0, 150.00, 1680, 150.00, 0x0000000000000004
2026/10/02 14:51:44.606, 0, 114.50, 67, 63, 150.00, 690, 150.00, 0x0000000000000004
2026/10/02 14:51:44.806, 0, 130.47, 67, 100, 150.00, 780, 150.00, 0x0000000000000004
2026/10/02 14:51:45.007, 0, 139.10, 68, 100, 150.00, 780, 150.00, 0x0000000000000004
2026/10/02 14:51:45.207, 0, 139.17, 68, 100, 150.00, 780, 150.00, 0x0000000000000004
2026/10/02 14:51:45.408, 0, 143.83, 68, 100, 150.00, 570, 150.00, 0x0000000000000004
2026/10/02 14:51:45.608, 0, 150.44, 68, 100, 150.00, 765, 150.00, 0x0000000000000004
2026/10/02 14:51:45.809, 0, 150.35, 68, 100, 150.00, 780, 150.00, 0x0000000000000004
2026/10/02 14:51:46.010, 0, 150.43, 68, 100, 150.00, 765, 150.00, 0x0000000000000004
2026/10/02 14:51:46.210, 0, 149.53, 68, 100, 150.00, 675, 150.00, 0x0000000000000004
2026/10/02 14:51:46.411, 0, 149.82, 68, 100, 150.00, 720, 150.00, 0x0000000000000004
2026/10/02 14:51:46.611, 0, 150.15, 68, 100, 150.00, 765, 150.00, 0x0000000000000004
2026/10/02 14:51:46.812, 0, 150.14, 68, 100, 150.00, 780, 150.00, 0x0000000000000004
2026/10/02 14:51:47.012, 0, 150.30, 68, 100, 150.00, 780, 150.00, 0x0000000000000004
2026/10/02 14:51:47.213, 0, 149.24, 69, 100, 150.00, 705, 150.00, 0x0000000000000004
2026/10/02 14:51:47.414, 0, 134.85, 67, 46, 150.00, 1680, 150.00, 0x0000000000000004
2026/10/02 14:51:47.614, 0, 127.82, 67, 0, 150.00, 705, 150.00, 0x0000000000000004
2026/10/02 14:51:47.815, 0, 112.18, 67, 57, 150.00, 1680, 150.00, 0x0000000000000004
2026/10/02 14:51:48.015, 0, 114.80, 67, 65, 150.00, 1635, 150.00, 0x0000000000000004
2026/10/02 14:51:48.216, 0, 106.80, 68, 62, 150.00, 1320, 150.00, 0x0000000000000004
2026/10/02 14:51:48.417, 0, 114.89, 68, 89, 150.00, 795, 150.00, 0x0000000000000004
2026/10/02 14:51:48.617, 0, 121.72, 68, 100, 150.00, 1560, 150.00, 0x0000000000000004
2026/10/02 14:51:48.818, 0, 123.56, 66, 0, 150.00, 660, 150.00, 0x0000000000000004
2026/10/02 14:51:49.018, 0, 131.60, 68, 100, 150.00, 780, 150.00, 0x0000000000000004
2026/10/02 14:51:49.219, 0, 128.06, 68, 100, 150.00, 780, 150.00, 0x0000000000000004
2026/10/02 14:51:49.420, 0, 137.77, 69, 100, 150.00, 780, 150.00, 0x0000000000000004
2026/10/02 14:51:49.620, 0, 134.70, 69, 100, 150.00, 480, 150.00, 0x0000000000000004
2026/10/02 14:51:49.821, 0, 134.24, 67, 57, 150.00, 1665, 150.00, 0x0000000000000000
2026/10/02 14:51:50.022, 0, 120.22, 66, 0, 150.00, 1170, 150.00, 0x0000000000000004
2026/10/02 14:51:50.222, 0, 106.69, 67, 66, 150.00, 1665, 150.00, 0x0000000000000004
2026/10/02 14:51:50.423, 0, 106.83, 68, 65, 150.00, 780, 150.00, 0x0000000000000004
2026/10/02 14:51:50.624, 0, 91.14, 67, 69, 150.00, 1665, 150.00, 0x0000000000000004
2026/10/02 14:51:50.824, 0, 87.69, 66, 0, 150.00, 1665, 150.00, 0x0000000000000000
2026/10/02 14:51:51.025, 0, 102.05, 66, 0, 150.00, 720, 150.00, 0x0000000000000004
2026/10/02 14:51:51.225, 0, 116.51, 68, 70, 150.00, 1515, 150.00, 0x0000000000000004
2026/10/02 14:51:51.426, 0, 123.44, 68, 100, 150.00, 780, 150.00, 0x0000000000000004
2026/10/02 14:51:51.626, 0, 119.20, 67, 18, 150.00, 1005, 150.00, 0x0000000000000004
2026/10/02 14:51:51.827, 0, 120.17, 68, 5, 150.00, 1440, 150.00, 0x0000000000000004
2026/10/02 14:51:52.027, 0, 136.09, 68, 45, 150.00, 780, 150.00, 0x0000000000000004
2026/10/02 14:51:52.228, 0, 138.63, 68, 45, 150.00, 570, 150.00, 0x0000000000000004
2026/10/02 14:51:52.429, 0, 141.66, 68, 100, 150.00, 795, 150.00, 0x0000000000000004
2026/10/02 14:51:52.629, 0, 145.73, 69, 66, 150.00, 1395, 150.00, 0x0000000000000004
2026/10/02 14:51:52.830, 0, 144.79, 67, 0, 150.00, 1665, 150.00, 0x0000000000000000
2026/10/02 14:51:53.031, 0, 134.98, 67, 16, 150.00, 1170, 150.00, 0x0000000000000004
2026/10/02 14:51:53.231, 0, 134.59, 68, 100, 150.00, 780, 150.00, 0x0000000000000004
2026/10/02 14:51:53.432, 0, 119.91, 68, 0, 150.00, 1650, 150.00, 0x0000000000000004
2026/10/02 14:51:53.632, 0, 105.12, 66, 65, 150.00, 1215, 150.00, 0x0000000000000004
2026/10/02 14:51:53.833, 0, 110.71, 68, 56, 150.00, 1455, 150.00, 0x0000000000000004
2026/10/02 14:51:54.034, 0, 116.91, 66, 62, 150.00, 645, 150.00, 0x0000000000000004
2026/10/02 14:51:54.234, 0, 98.58, 66, 0, 150.00, 1650, 150.00, 0x0000000000000000
2026/10/02 14:51:54.435, 0, 89.45, 66, 90, 150.00, 765, 150.00, 0x0000000000000004
2026/10/02 14:51:54.636, 0, 88.74, 67, 0, 150.00, 1650, 150.00, 0x0000000000000000
2026/10/02 14:51:54.836, 0, 92.14, 66, 52, 150.00, 630, 150.00, 0x0000000000000004
2026/10/02 14:51:55.037, 0, 115.74, 68, 58, 105.00, 765, 105.00, 0x0000000000000000
2026/10/02 14:51:55.238, 0, 51.54, 66, 0, 105.00, 1065, 105.00, 0x0000000000000000
2026/10/02 14:51:55.438, 0, 86.69, 66, 100, 105.00, 375, 105.00, 0x0000000000000004
2026/10/02 14:51:55.639, 0, 94.66, 66, 100, 105.00, 375, 105.00, 0x0000000000000004
2026/10/02 14:51:55.840, 0, 97.92, 67, 100, 105.00, 375, 105.00, 0x0000000000000004
2026/10/02 14:51:56.040, 0, 99.54, 67, 100, 105.00, 375, 105.00, 0x0000000000000004
2026/10/02 14:51:56.241, 0, 98.87, 66, 100, 105.00, 345, 105.00, 0x0000000000000004
2026/10/02 14:51:56.442, 0, 104.08, 66, 100, 105.00, 360, 105.00, 0x0000000000000004
2026/10/02 14:51:56.642, 0, 104.09, 66, 100, 105.00, 375, 105.00, 0x0000000000000004
2026/10/02 14:51:56.843, 0, 103.94, 66, 100, 105.00, 375, 105.00, 0x0000000000000004
2026/10/02 14:51:57.043, 0, 103.57, 66, 100, 105.00, 315, 105.00, 0x0000000000000004
2026/10/02 14:51:57.244, 0, 167.38, 66, 100, 150.00, 825, 150.00, 0x0000000000000004
2026/10/02 14:51:57.445, 0, 150.82, 67, 100, 150.00, 750, 150.00, 0x0000000000000004
2026/10/02 14:51:57.645, 0, 151.02, 68, 100, 150.00, 765, 150.00, 0x0000000000000004
2026/10/02 14:51:57.846, 0, 150.89, 68, 100, 150.00, 750, 150.00, 0x0000000000000004
2026/10/02 14:51:58.047, 0, 150.95, 68, 100, 150.00, 735, 150.00, 0x0000000000000004
2026/10/02 14:51:58.247, 0, 143.87, 68, 81, 150.00, 870, 150.00, 0x0000000000000004
2026/10/02 14:51:58.448, 0, 150.58, 68, 100, 150.00, 795, 150.00, 0x0000000000000004
2026/10/02 14:51:58.649, 0, 144.16, 68, 52, 150.00, 1365, 150.00, 0x0000000000000004
2026/10/02 14:51:58.849, 0, 137.19, 66, 65, 150.00, 600, 150.00, 0x0000000000000004
2026/10/02 14:51:59.050, 0, 137.29, 68, 100, 150.00, 780, 150.00, 0x0000000000000004
2026/10/02 14:51:59.250, 0, 130.70, 67, 12, 150.00, 1680, 150.00, 0x0000000000000004
2026/10/02 14:51:59.451, 0, 121.92, 67, 70, 150.00, 645, 150.00, 0x0000000000000004
2026/10/02 14:51:59.651, 0, 120.24, 68, 100, 150.00, 780, 150.00, 0x0000000000000004
2026/10/02 14:51:59.852, 0, 120.46, 67, 0, 150.00, 1680, 150.00, 0x0000000000000004
2026/10/02 14:52:00.053, 0, 105.64, 66, 0, 150.00, 1680, 150.00, 0x0000000000000004
2026/10/02 14:52:00.253, 0, 99.42, 66, 0, 150.00, 1695, 150.00, 0x0000000000000000
2026/10/02 14:52:00.454, 0, 113.23, 67, 100, 150.00, 795, 150.00, 0x0000000000000004
2026/10/02 14:52:00.654, 0, 107.14, 68, 78, 150.00, 1005, 150.00, 0x0000000000000004
2026/10/02 14:52:00.855, 0, 100.63, 66, 0, 150.00, 1680, 150.00, 0x0000000000000004
2026/10/02 14:52:01.056, 0, 102.82, 66, 63, 150.00, 645, 150.00, 0x0000000000000004
2026/10/02 14:52:01.256, 0, 111.09, 66, 60, 150.00, 600, 150.00, 0x0000000000000004
2026/10/02 14:52:01.457, 0, 96.94, 66, 0, 150.00, 1680, 150.00, 0x0000000000000004
2026/10/02 14:52:01.657, 0, 94.72, 66, 44, 150.00, 750, 150.00, 0x0000000000000004
2026/10/02 14:52:01.858, 0, 93.41, 66, 0, 150.00, 1680, 150.00, 0x0000000000000004
2026/10/02 14:52:02.058, 0, 93.36, 65, 0, 150.00, 1680, 150.00, 0x0000000000000004
2026/10/02 14:52:02.259, 0, 105.94, 66, 12, 150.00, 1620, 150.00, 0x0000000000000004
2026/10/02 14:52:02.460, 0, 96.42, 66, 0, 150.00, 1680, 150.00, 0x0000000000000004
2026/10/02 14:52:02.660, 0, 95.98, 66, 67, 150.00, 1005, 150.00, 0x0000000000000004
2026/10/02 14:52:02.861, 0, 93.91, 67, 12, 150.00, 1605, 150.00, 0x0000000000000004
2026/10/02 14:52:03.061, 0, 113.64, 67, 100, 150.00, 810, 150.00, 0x0000000000000004
2026/10/02 14:52:03.262, 0, 119.97, 68, 100, 150.00, 780, 150.00, 0x0000000000000004
2026/10/02 14:52:03.462, 0, 130.23, 68, 100, 150.00, 780, 150.00, 0x0000000000000004
2026/10/02 14:52:03.663, 0, 145.23, 68, 100, 150.00, 780, 150.00, 0x0000000000000004
2026/10/02 14:52:03.864, 0, 147.76, 68, 100, 150.00, 795, 150.00, 0x0000000000000004
2026/10/02 14:52:04.064, 0, 147.01, 67, 46, 150.00, 810, 150.00, 0x0000000000000004
2026/10/02 14:52:04.265, 0, 146.46, 68, 98, 150.00, 810, 150.00, 0x0000000000000004
2026/10/02 14:52:04.465, 0, 137.63, 68, 53, 150.00, 1380, 150.00, 0x0000000000000004
2026/10/02 14:52:04.666, 0, 147.43, 68, 72, 150.00, 855, 150.00, 0x0000000000000004
2026/10/02 14:52:04.866, 0, 140.83, 67, 68, 150.00, 630, 150.00, 0x0000000000000004
2026/10/02 14:52:05.067, 0, 141.40, 68, 66, 150.00, 1230, 150.00, 0x0000000000000004
2026/10/02 14:52:05.267, 0, 123.85, 67, 62, 150.00, 675, 150.00, 0x0000000000000004
2026/10/02 14:52:05.468, 0, 122.88, 66, 24, 150.00, 1530, 150.00, 0x0000000000000000
2026/10/02 14:52:05.668, 0, 128.05, 68, 100, 150.00, 780, 150.00, 0x0000000000000004
2026/10/02 14:52:05.869, 0, 132.95, 68, 100, 150.00, 780, 150.00, 0x0000000000000004
2026/10/02 14:52:06.070, 0, 133.08, 69, 100, 150.00, 780, 150.00, 0x0000000000000004
2026/10/02 14:52:06.270, 0, 148.14, 69, 81, 150.00, 570, 150.00, 0x0000000000000004
2026/10/02 14:52:06.471, 0, 152.94, 68, 7, 150.00, 1620, 150.00, 0x0000000000000004
2026/10/02 14:52:06.671, 0, 128.48, 67, 64, 150.00, 1125, 150.00, 0x0000000000000004
2026/10/02 14:52:06.872, 0, 120.46, 68, 83, 150.00, 765, 150.00, 0x0000000000000004
2026/10/02 14:52:07.072, 0, 113.86, 68, 59, 150.00, 645, 150.00, 0x0000000000000004
2026/10/02 14:52:07.273, 0, 98.26, 66, 0, 150.00, 1650, 150.00, 0x0000000000000000
2026/10/02 14:52:07.474, 0, 99.02, 68, 54, 150.00, 675, 150.00, 0x0000000000000004
2026/10/02 14:52:07.674, 0, 104.34, 67, 8, 150.00, 1245, 150.00, 0x0000000000000000
2026/10/02 14:52:07.875, 0, 110.61, 67, 43, 150.00, 1590, 150.00, 0x0000000000000004
2026/10/02 14:52:08.075, 0, 104.20, 66, 0, 150.00, 1650, 150.00, 0x0000000000000000
2026/10/02 14:52:08.276, 0, 102.11, 67, 100, 150.00, 795, 150.00, 0x0000000000000004
2026/10/02 14:52:08.476, 0, 112.26, 68, 100, 150.00, 780, 150.00, 0x0000000000000004
2026/10/02 14:52:08.677, 0, 121.92, 68, 20, 150.00, 960, 150.00, 0x0000000000000004
2026/10/02 14:52:08.877, 0, 125.22, 68, 100, 150.00, 780, 150.00, 0x0000000000000004
2026/10/02 14:52:09.078, 0, 131.65, 67, 0, 150.00, 1650, 150.00, 0x0000000000000004
2026/10/02 14:52:09.279, 0, 153.02, 68, 90, 150.00, 765, 150.00, 0x0000000000000004
2026/10/02 14:52:09.479, 0, 153.70, 68, 65, 150.00, 720, 150.00, 0x0000000000000004
2026/10/02 14:52:09.680, 0, 50.77, 66, 0, 105.00, 750, 105.00, 0x0000000000000000
2026/10/02 14:52:09.880, 0, 99.83, 67, 100, 105.00, 360, 105.00, 0x0000000000000004
2026/10/02 14:52:10.081, 0, 102.42, 67, 100, 105.00, 360, 105.00, 0x0000000000000004
2026/10/02 14:52:10.282, 0, 103.19, 67, 100, 105.00, 360, 105.00, 0x0000000000000004
2026/10/02 14:52:10.482, 0, 103.62, 67, 100, 105.00, 345, 105.00, 0x0000000000000004
2026/10/02 14:52:10.683, 0, 103.30, 67, 100, 105.00, 360, 105.00, 0x0000000000000004
2026/10/02 14:52:10.884, 0, 104.29, 67, 100, 105.00, 360, 105.00, 0x0000000000000004
2026/10/02 14:52:11.084, 0, 104.34, 67, 100, 105.00, 360, 105.00, 0x0000000000000004
2026/10/02 14:52:11.285, 0, 104.42, 67, 100, 105.00, 360, 105.00, 0x0000000000000004
2026/10/02 14:52:11.486, 0, 104.19, 66, 100, 105.00, 345, 105.00, 0x0000000000000004
2026/10/02 14:52:11.687, 0, 104.46, 66, 100, 150.00, 360, 105.00, 0x0000000000000004
2026/10/02 14:52:11.887, 0, 152.11, 68, 100, 150.00, 780, 150.00, 0x0000000000000004
2026/10/02 14:52:12.088, 0, 120.16, 67, 54, 150.00, 1575, 150.00, 0x0000000000000004
2026/10/02 14:52:12.288, 0, 100.74, 66, 0, 150.00, 1680, 150.00, 0x0000000000000004
2026/10/02 14:52:12.489, 0, 114.04, 68, 100, 150.00, 780, 150.00, 0x0000000000000004
2026/10/02 14:52:12.690, 0, 104.69, 68, 63, 150.00, 1080, 150.00, 0x0000000000000004
2026/10/02 14:52:12.890, 0, 105.65, 68, 60, 150.00, 720, 150.00, 0x0000000000000004
2026/10/02 14:52:13.091, 0, 93.28, 67, 0, 150.00, 1680, 150.00, 0x0000000000000004
2026/10/02 14:52:13.291, 0, 103.36, 68, 83, 150.00, 810, 150.00, 0x0000000000000004
2026/10/02 14:52:13.492, 0, 108.97, 68, 100, 150.00, 765, 150.00, 0x0000000000000004
2026/10/02 14:52:13.692, 0, 117.60, 69, 100, 150.00, 780, 150.00, 0x0000000000000004
2026/10/02 14:52:13.893, 0, 131.62, 69, 100, 150.00, 780, 150.00, 0x0000000000000004
2026/10/02 14:52:14.094, 0, 128.39, 67, 28, 150.00, 1635, 150.00, 0x0000000000000004
2026/10/02 14:52:14.294, 0, 137.84, 68, 89, 150.00, 1335, 150.00, 0x0000000000000004
2026/10/02 14:52:14.495, 0, 121.47, 67, 0, 150.00, 1680, 150.00, 0x0000000000000004
2026/10/02 14:52:14.695, 0, 118.67, 67, 9, 150.00, 1035, 150.00, 0x0000000000000004
2026/10/02 14:52:14.896, 0, 118.04, 68, 100, 150.00, 780, 150.00, 0x0000000000000004
2026/10/02 14:52:15.096, 0, 110.14, 67, 5, 150.00, 1665, 150.00, 0x0000000000000004
2026/10/02 14:52:15.297, 0, 108.31, 67, 66, 150.00, 1530, 150.00, 0x0000000000000004
2026/10/02 14:52:15.498, 0, 112.85, 68, 75, 150.00, 750, 150.00, 0x0000000000000004
2026/10/02 14:52:15.698, 0, 121.65, 68, 41, 150.00, 645, 150.00, 0x0000000000000004
2026/10/02 14:52:15.899, 0, 109.72, 67, 0, 150.00, 1680, 150.00, 0x0000000000000004
2026/10/02 14:52:16.100, 0, 94.81, 66, 0, 150.00, 1680, 150.00, 0x0000000000000004
2026/10/02 14:52:16.300, 0, 95.39, 67, 66, 150.00, 945, 150.00, 0x0000000000000004
2026/10/02 14:52:16.501, 0, 111.45, 68, 100, 150.00, 780, 150.00, 0x0000000000000004
2026/10/02 14:52:16.701, 0, 120.39, 69, 100, 150.00, 780, 150.00, 0x0000000000000004
2026/10/02 14:52:16.902, 0, 128.98, 69, 11, 150.00, 900, 150.00, 0x0000000000000004
2026/10/02 14:52:17.102, 0, 135.34, 68, 87, 150.00, 765, 150.00, 0x0000000000000004
2026/10/02 14:52:17.303, 0, 140.60, 68, 42, 150.00, 660, 150.00, 0x0000000000000004
2026/10/02 14:52:17.504, 0, 142.42, 69, 100, 150.00, 780, 150.00, 0x0000000000000004
2026/10/02 14:52:17.704, 0, 142.34, 69, 100, 150.00, 780, 150.00, 0x0000000000000004
2026/10/02 14:52:17.905, 0, 144.25, 69, 100, 150.00, 780, 150.00, 0x0000000000000004
2026/10/02 14:52:18.105, 0, 148.00, 69, 100, 150.00, 390, 150.00, 0x0000000000000004
2026/10/02 14:52:18.306, 0, 156.24, 69, 100, 150.00, 750, 150.00, 0x0000000000000004
2026/10/02 14:52:18.507, 0, 150.97, 69, 100, 150.00, 765, 150.00, 0x0000000000000004
2026/10/02 14:52:18.707, 0, 150.85, 69, 100, 150.00, 780, 150.00, 0x0000000000000004
2026/10/02 14:52:18.908, 0, 150.82, 69, 100, 150.00, 780, 150.00, 0x0000000000000004
2026/10/02 14:52:19.108, 0, 135.23, 68, 0, 150.00, 1245, 150.00, 0x0000000000000004
2026/10/02 14:52:19.309, 0, 134.26, 69, 89, 150.00, 735, 150.00, 0x0000000000000004
2026/10/02 14:52:19.509, 0, 118.24, 68, 64, 150.00, 1305, 150.00, 0x0000000000000004
2026/10/02 14:52:19.710, 0, 109.46, 69, 81, 150.00, 825, 150.00, 0x0000000000000004
2026/10/02 14:52:19.911, 0, 99.05, 69, 92, 150.00, 780, 150.00, 0x0000000000000004
2026/10/02 14:52:20.111, 0, 103.29, 69, 98, 150.00, 780, 150.00, 0x0000000000000004
2026/10/02 14:52:20.312, 0, 105.26, 68, 34, 150.00, 1635, 150.00, 0x0000000000000004
2026/10/02 14:52:20.512, 0, 97.70, 68, 0, 150.00, 1680, 150.00, 0x0000000000000004
2026/10/02 14:52:20.713, 0, 92.05, 67, 0, 150.00, 1680, 150.00, 0x0000000000000004
2026/10/02 14:52:20.913, 0, 98.39, 68, 57, 150.00, 960, 150.00, 0x0000000000000004
2026/10/02 14:52:21.114, 0, 106.99, 68, 37, 150.00, 630, 150.00, 0x0000000000000004
2026/10/02 14:52:21.315, 0, 99.50, 67, 13, 150.00, 1665, 150.00, 0x0000000000000004
2026/10/02 14:52:21.515, 0, 107.24, 68, 64, 150.00, 1155, 150.00, 0x0000000000000004
2026/10/02 14:52:21.716, 0, 104.53, 67, 0, 150.00, 1680, 150.00, 0x0000000000000004
2026/10/02 14:52:21.916, 0, 104.72, 66, 0, 150.00, 1695, 150.00, 0x0000000000000004
2026/10/02 14:52:22.117, 0, 101.81, 67, 0, 150.00, 1665, 150.00, 0x0000000000000004
2026/10/02 14:52:22.317, 0, 80.06, 67, 0, 150.00, 1545, 150.00, 0x0000000000000004
2026/10/02 14:52:22.518, 0, 86.68, 67, 54, 150.00, 1575, 150.00, 0x0000000000000004
2026/10/02 14:52:22.719, 0, 102.33, 68, 100, 150.00, 1035, 150.00, 0x0000000000000004
2026/10/02 14:52:22.919, 0, 119.86, 68, 39, 150.00, 615, 150.00, 0x0000000000000004
2026/10/02 14:52:23.120, 0, 121.14, 68, 94, 150.00, 1245, 150.00, 0x0000000000000004
2026/10/02 14:52:23.320, 0, 121.24, 67, 0, 150.00, 1680, 150.00, 0x0000000000000004
2026/10/02 14:52:23.521, 0, 120.22, 68, 61, 150.00, 1290, 150.00, 0x0000000000000004
2026/10/02 14:52:23.721, 0, 123.53, 69, 100, 150.00, 795, 150.00, 0x0000000000000004
2026/10/02 14:52:23.922, 0, 129.76, 68, 93, 150.00, 1275, 150.00, 0x0000000000000004
2026/10/02 14:52:24.123, 0, 130.12, 69, 100, 150.00, 795, 150.00, 0x0000000000000004
2026/10/02 14:52:24.323, 0, 148.31, 69, 100, 150.00, 780, 150.00, 0x0000000000000004
2026/10/02 14:52:24.524, 0, 156.87, 69, 100, 150.00, 795, 150.00, 0x0000000000000004
2026/10/02 14:52:24.724, 0, 155.23, 69, 100, 150.00, 780, 150.00, 0x0000000000000004
2026/10/02 14:52:24.925, 0, 154.15, 69, 100, 150.00, 735, 150.00, 0x0000000000000004
2026/10/02 14:52:25.126, 0, 151.52, 69, 100, 150.00, 765, 150.00, 0x0000000000000004
2026/10/02 14:52:25.326, 0, 142.25, 69, 69, 150.00, 735, 150.00, 0x0000000000000004
2026/10/02 14:52:25.527, 0, 127.79, 68, 0, 150.00, 1680, 150.00, 0x0000000000000004
2026/10/02 14:52:25.727, 0, 109.47, 67, 0, 150.00, 1680, 150.00, 0x0000000000000004
2026/10/02 14:52:25.928, 0, 119.82, 69, 100, 150.00, 780, 150.00, 0x0000000000000004
2026/10/02 14:52:26.129, 0, 117.47, 69, 82, 150.00, 750, 150.00, 0x0000000000000004
2026/10/02 14:52:26.329, 0, 129.40, 69, 100, 150.00, 780, 150.00, 0x0000000000000004
2026/10/02 14:52:26.530, 0, 120.79, 67, 0, 150.00, 1680, 150.00, 0x0000000000000004
2026/10/02 14:52:26.730, 0, 132.83, 67, 6, 150.00, 1665, 150.00, 0x0000000000000004
2026/10/02 14:52:26.931, 0, 138.32, 69, 63, 150.00, 705, 150.00, 0x0000000000000004
2026/10/02 14:52:27.131, 0, 122.78, 67, 0, 150.00, 1680, 150.00, 0x0000000000000004
2026/10/02 14:52:27.332, 0, 124.78, 69, 100, 150.00, 780, 150.00, 0x0000000000000004
2026/10/02 14:52:27.532, 0, 128.06, 68, 73, 150.00, 1485, 150.00, 0x0000000000000004
2026/10/02 14:52:27.733, 0, 136.35, 69, 47, 150.00, 1095, 150.00, 0x0000000000000004
2026/10/02 14:52:27.934, 0, 122.15, 68, 68, 150.00, 1320, 150.00, 0x0000000000000004
2026/10/02 14:52:28.134, 0, 112.84, 67, 0, 150.00, 1680, 150.00, 0x0000000000000004
2026/10/02 14:52:28.335, 0, 108.07, 68, 61, 150.00, 1005, 150.00, 0x0000000000000004
2026/10/02 14:52:28.535, 0, 92.67, 67, 0, 150.00, 1665, 150.00, 0x0000000000000000
2026/10/02 14:52:28.736, 0, 80.58, 66, 0, 150.00, 1665, 150.00, 0x0000000000000000
2026/10/02 14:52:28.936, 0, 78.90, 66, 0, 150.00, 1665, 150.00, 0x0000000000000000
2026/10/02 14:52:29.137, 0, 92.53, 67, 15, 150.00, 870, 150.00, 0x0000000000000000
2026/10/02 14:52:29.338, 0, 89.19, 66, 0, 150.00, 1665, 150.00, 0x0000000000000000
2026/10/02 14:52:29.538, 0, 82.17, 66, 0, 150.00, 1665, 150.00, 0x0000000000000000
2026/10/02 14:52:29.739, 0, 100.10, 67, 31, 150.00, 1635, 150.00, 0x0000000000000004
2026/10/02 14:52:29.940, 0, 100.06, 66, 0, 150.00, 1665, 150.00, 0x0000000000000000
2026/10/02 14:52:30.140, 0, 108.95, 67, 12, 150.00, 810, 150.00, 0x0000000000000000
2026/10/02 14:52:30.341, 0, 96.30, 66, 0, 150.00, 1665, 150.00, 0x0000000000000000
2026/10/02 14:52:30.541, 0, 96.17, 66, 0, 150.00, 1665, 150.00, 0x0000000000000000
2026/10/02 14:52:30.742, 0, 93.82, 67, 20, 150.00, 705, 150.00, 0x0000000000000000
2026/10/02 14:52:30.942, 0, 93.57, 66, 0, 150.00, 1665, 150.00, 0x0000000000000000
2026/10/02 14:52:31.143, 0, 93.57, 66, 0, 150.00, 1665, 150.00, 0x0000000000000000
2026/10/02 14:52:31.343, 0, 85.82, 66, 61, 150.00, 1665, 150.00, 0x0000000000000004
2026/10/02 14:52:31.544, 0, 85.57, 66, 0, 150.00, 1665, 150.00, 0x0000000000000000
2026/10/02 14:52:31.744, 0, 70.24, 66, 0, 150.00, 1665, 150.00, 0x0000000000000000
2026/10/02 14:52:31.945, 0, 71.31, 65, 0, 150.00, 1665, 150.00, 0x0000000000000000
2026/10/02 14:52:32.146, 0, 82.60, 66, 48, 150.00, 1650, 150.00, 0x0000000000000004
2026/10/02 14:52:32.346, 0, 89.95, 66, 51, 150.00, 1665, 150.00, 0x0000000000000004
2026/10/02 14:52:32.547, 0, 103.97, 67, 0, 150.00, 870, 150.00, 0x0000000000000004
2026/10/02 14:52:32.747, 0, 103.49, 66, 7, 150.00, 1665, 150.00, 0x0000000000000000
2026/10/02 14:52:32.948, 0, 111.17, 67, 0, 150.00, 1005, 150.00, 0x0000000000000004
2026/10/02 14:52:33.148, 0, 118.35, 67, 39, 150.00, 795, 150.00, 0x0000000000000004
2026/10/02 14:52:33.349, 0, 118.12, 67, 15, 150.00, 1035, 150.00, 0x0000000000000000
2026/10/02 14:52:33.549, 0, 124.39, 66, 100, 150.00, 1620, 150.00, 0x0000000000000004
2026/10/02 14:52:33.750, 0, 114.15, 66, 0, 150.00, 1665, 150.00, 0x0000000000000000
2026/10/02 14:52:33.950, 0, 124.31, 66, 12, 150.00, 1590, 150.00, 0x0000000000000004
2026/10/02 14:52:34.151, 0, 122.79, 68, 43, 150.00, 780, 150.00, 0x0000000000000004
2026/10/02 14:52:34.351, 0, 51.25, 66, 89, 105.00, 795, 105.00, 0x0000000000000000
2026/10/02 14:52:34.552, 0, 50.17, 65, 0, 105.00, 795, 105.00, 0x0000000000000000
2026/10/02 14:52:34.753, 0, 49.99, 65, 0, 105.00, 795, 105.00, 0x0000000000000000
2026/10/02 14:52:34.953, 0, 49.91, 64, 0, 105.00, 795, 105.00, 0x0000000000000000
2026/10/02 14:52:35.154, 0, 56.49, 65, 0, 105.00, 360, 105.00, 0x0000000000000004
2026/10/02 14:52:35.355, 0, 66.01, 66, 100, 105.00, 360, 105.00, 0x0000000000000004
2026/10/02 14:52:35.555, 0, 64.57, 64, 30, 105.00, 795, 105.00, 0x0000000000000000
2026/10/02 14:52:35.756, 0, 64.51, 64, 0, 105.00, 795, 105.00, 0x0000000000000000
2026/10/02 14:52:35.957, 0, 64.46, 64, 0, 105.00, 795, 105.00, 0x0000000000000000
2026/10/02 14:52:36.158, 0, 74.09, 65, 13, 105.00, 375, 105.00, 0x0000000000000004
2026/10/02 14:52:36.359, 0, 69.04, 65, 33, 105.00, 375, 105.00, 0x0000000000000004
2026/10/02 14:52:36.559, 0, 73.88, 65, 100, 105.00, 360, 105.00, 0x0000000000000004
2026/10/02 14:52:36.760, 0, 73.88, 64, 32, 105.00, 630, 105.00, 0x0000000000000000
2026/10/02 14:52:36.961, 0, 85.26, 65, 40, 105.00, 435, 105.00, 0x0000000000000004
2026/10/02 14:52:37.162, 0, 80.61, 64, 16, 105.00, 630, 105.00, 0x0000000000000000
2026/10/02 14:52:37.362, 0, 80.18, 65, 0, 105.00, 375, 105.00, 0x0000000000000004
2026/10/02 14:52:37.563, 0, 80.58, 65, 100, 105.00, 375, 105.00, 0x0000000000000004
2026/10/02 14:52:37.764, 0, 75.60, 64, 43, 105.00, 630, 105.00, 0x0000000000000000
2026/10/02 14:52:37.964, 0, 79.83, 65, 52, 105.00, 360, 105.00, 0x0000000000000004
2026/10/02 14:52:38.165, 0, 84.60, 65, 100, 105.00, 360, 105.00, 0x0000000000000004
2026/10/02 14:52:38.366, 0, 95.88, 65, 100, 105.00, 315, 105.00, 0x0000000000000000
2026/10/02 14:52:38.566, 0, 107.57, 66, 100, 150.00, 1080, 150.00, 0x0000000000000004
2026/10/02 14:52:38.767, 0, 64.30, 65, 48, 150.00, 1680, 150.00, 0x0000000000000004
2026/10/02 14:52:38.968, 0, 67.36, 65, 0, 150.00, 1680, 150.00, 0x0000000000000004
2026/10/02 14:52:39.168, 0, 68.65, 64, 0, 150.00, 1695, 150.00, 0x0000000000000000
2026/10/02 14:52:39.369, 0, 69.30, 64, 0, 150.00, 1695, 150.00, 0x0000000000000000
2026/10/02 14:52:39.570, 0, 76.76, 66, 0, 150.00, 795, 150.00, 0x0000000000000004
2026/10/02 14:52:39.770, 0, 76.15, 65, 54, 150.00, 1680, 150.00, 0x0000000000000004
2026/10/02 14:52:39.971, 0, 87.62, 65, 45, 150.00, 1635, 150.00, 0x0000000000000004
2026/10/02 14:52:40.172, 0, 87.54, 65, 0, 150.00, 1680, 150.00, 0x0000000000000004
2026/10/02 14:52:40.372, 0, 100.30, 65, 27, 150.00, 1590, 150.00, 0x0000000000000004
2026/10/02 14:52:40.573, 0, 112.92, 65, 33, 150.00, 1605, 150.00, 0x0000000000000004
2026/10/02 14:52:40.777, 0, 101.67, 65, 0, 105.00, 375, 105.00, 0x0000000000000004
2026/10/02 14:52:40.977, 0, 108.36, 65, 96, 105.00, 375, 105.00, 0x0000000000000004
2026/10/02 14:52:41.178, 0, 79.01, 64, 31, 105.00, 630, 105.00, 0x0000000000000000
2026/10/02 14:52:41.379, 0, 85.53, 65, 61, 105.00, 630, 105.00, 0x0000000000000004
2026/10/02 14:52:41.579, 0, 76.47, 64, 0, 105.00, 630, 105.00, 0x0000000000000000
2026/10/02 14:52:41.780, 0, 76.69, 64, 87, 105.00, 630, 105.00, 0x0000000000000004
2026/10/02 14:52:41.981, 0, 74.28, 64, 80, 105.00, 630, 105.00, 0x0000000000000004
2026/10/02 14:52:42.181, 0, 79.38, 65, 58, 105.00, 360, 105.00, 0x0000000000000004
2026/10/02 14:52:42.382, 0, 84.33, 65, 100, 105.00, 360, 105.00, 0x0000000000000004
2026/10/02 14:52:42.583, 0, 85.58, 64, 100, 105.00, 630, 105.00, 0x0000000000000000
2026/10/02 14:52:42.784, 0, 80.96, 63, 0, 105.00, 615, 105.00, 0x0000000000000000
2026/10/02 14:52:42.984, 0, 75.63, 63, 0, 105.00, 615, 105.00, 0x0000000000000000
2026/10/02 14:52:43.185, 0, 75.29, 64, 81, 105.00, 615, 105.00, 0x0000000000000004
2026/10/02 14:52:43.386, 0, 76.30, 64, 44, 105.00, 615, 105.00, 0x0000000000000004
2026/10/02 14:52:43.586, 0, 66.29, 63, 11, 105.00, 615, 105.00, 0x0000000000000000
2026/10/02 14:52:43.787, 0, 72.33, 64, 0, 105.00, 330, 105.00, 0x0000000000000000
2026/10/02 14:52:43.988, 0, 82.36, 64, 100, 105.00, 375, 105.00, 0x0000000000000004
2026/10/02 14:52:44.188, 0, 87.63, 65, 100, 105.00, 360, 105.00, 0x0000000000000004
2026/10/02 14:52:44.389, 0, 81.20, 64, 71, 105.00, 435, 105.00, 0x0000000000000000
2026/10/02 14:52:44.590, 0, 86.05, 65, 98, 105.00, 375, 105.00, 0x0000000000000004
2026/10/02 14:52:44.791, 0, 96.23, 65, 100, 105.00, 360, 105.00, 0x0000000000000004
2026/10/02 14:52:44.991, 0, 128.59, 65, 100, 150.00, 1440, 150.00, 0x0000000000000004
2026/10/02 14:52:45.192, 0, 141.58, 65, 28, 150.00, 1650, 150.00, 0x0000000000000004
2026/10/02 14:52:45.392, 0, 144.58, 66, 0, 150.00, 645, 150.00, 0x0000000000000004
2026/10/02 14:52:45.593, 0, 117.68, 64, 34, 150.00, 1680, 150.00, 0x0000000000000004
2026/10/02 14:52:45.794, 0, 105.81, 64, 0, 150.00, 1680, 150.00, 0x0000000000000004
2026/10/02 14:52:45.994, 0, 113.35, 64, 28, 150.00, 1650, 150.00, 0x0000000000000004
2026/10/02 14:52:46.195, 0, 108.44, 66, 0, 150.00, 645, 150.00, 0x0000000000000004
2026/10/02 14:52:46.395, 0, 108.30, 64, 43, 150.00, 1680, 150.00, 0x0000000000000004
2026/10/02 14:52:46.596, 0, 103.16, 64, 62, 150.00, 1680, 150.00, 0x0000000000000004
2026/10/02 14:52:46.796, 0, 102.10, 65, 0, 150.00, 1590, 150.00, 0x0000000000000004
2026/10/02 14:52:46.997, 0, 88.39, 66, 0, 150.00, 705, 150.00, 0x0000000000000004
2026/10/02 14:52:47.197, 0, 95.26, 66, 63, 150.00, 795, 150.00, 0x0000000000000004
2026/10/02 14:52:47.398, 0, 82.83, 65, 71, 150.00, 1665, 150.00, 0x0000000000000004
2026/10/02 14:52:47.598, 0, 74.42, 64, 0, 150.00, 1665, 150.00, 0x0000000000000000
2026/10/02 14:52:47.799, 0, 73.78, 65, 1, 150.00, 1590, 150.00, 0x0000000000000004
2026/10/02 14:52:47.999, 0, 96.35, 66, 32, 150.00, 1125, 150.00, 0x0000000000000004
2026/10/02 14:52:48.200, 0, 110.91, 66, 15, 150.00, 645, 150.00, 0x0000000000000000
2026/10/02 14:52:48.401, 0, 114.34, 66, 29, 150.00, 1245, 150.00, 0x0000000000000004
2026/10/02 14:52:48.601, 0, 113.96, 64, 5, 150.00, 1665, 150.00, 0x0000000000000000
2026/10/02 14:52:48.802, 0, 128.86, 66, 0, 150.00, 660, 150.00, 0x0000000000000000
2026/10/02 14:52:49.002, 0, 114.76, 64, 29, 150.00, 1665, 150.00, 0x0000000000000000
2026/10/02 14:52:49.203, 0, 107.79, 64, 0, 150.00, 1650, 150.00, 0x0000000000000000
2026/10/02 14:52:49.404, 0, 111.18, 66, 56, 150.00, 795, 150.00, 0x0000000000000004
2026/10/02 14:52:49.604, 0, 120.34, 66, 77, 150.00, 675, 150.00, 0x0000000000000004
2026/10/02 14:52:49.805, 0, 117.90, 65, 34, 150.00, 1440, 150.00, 0x0000000000000004
2026/10/02 14:52:50.005, 0, 116.41, 65, 43, 150.00, 1650, 150.00, 0x0000000000000004
2026/10/02 14:52:50.206, 0, 127.70, 65, 0, 150.00, 615, 150.00, 0x0000000000000000
2026/10/02 14:52:50.406, 0, 132.81, 66, 100, 150.00, 1170, 150.00, 0x0000000000000004
2026/10/02 14:52:50.607, 0, 124.33, 65, 13, 150.00, 1650, 150.00, 0x0000000000000000
2026/10/02 14:52:50.808, 0, 122.24, 66, 0, 150.00, 990, 150.00, 0x0000000000000004
2026/10/02 14:52:51.008, 0, 111.63, 66, 17, 150.00, 825, 150.00, 0x0000000000000004
2026/10/02 14:52:51.209, 0, 111.73, 65, 100, 150.00, 1650, 150.00, 0x0000000000000004
2026/10/02 14:52:51.409, 0, 100.60, 64, 0, 150.00, 1650, 150.00, 0x0000000000000000
2026/10/02 14:52:51.610, 0, 99.96, 65, 12, 150.00, 1620, 150.00, 0x0000000000000004
2026/10/02 14:52:51.810, 0, 109.62, 66, 0, 150.00, 615, 150.00, 0x0000000000000000
2026/10/02 14:52:52.011, 0, 97.30, 64, 47, 150.00, 1215, 150.00, 0x0000000000000000
2026/10/02 14:52:52.212, 0, 83.43, 65, 64, 150.00, 1650, 150.00, 0x0000000000000004
2026/10/02 14:52:52.412, 0, 84.16, 64, 0, 150.00, 1650, 150.00, 0x0000000000000000
2026/10/02 14:52:52.613, 0, 87.94, 65, 0, 150.00, 1020, 150.00, 0x0000000000000004
2026/10/02 14:52:52.814, 0, 88.52, 64, 16, 150.00, 1650, 150.00, 0x0000000000000000
2026/10/02 14:52:53.014, 0, 79.94, 64, 0, 150.00, 1650, 150.00, 0x0000000000000000
2026/10/02 14:52:53.215, 0, 85.63, 64, 0, 150.00, 645, 150.00, 0x0000000000000000
2026/10/02 14:52:53.416, 0, 89.73, 66, 57, 150.00, 810, 150.00, 0x0000000000000004
2026/10/02 14:52:53.616, 0, 91.21, 65, 72, 150.00, 1485, 150.00, 0x0000000000000004
2026/10/02 14:52:53.817, 0, 81.48, 65, 0, 150.00, 1470, 150.00, 0x0000000000000004
2026/10/02 14:52:54.017, 0, 82.91, 65, 0, 150.00, 1500, 150.00, 0x0000000000000004
2026/10/02 14:52:54.218, 0, 96.56, 65, 33, 150.00, 1635, 150.00, 0x0000000000000004
2026/10/02 14:52:54.419, 0, 92.86, 64, 0, 150.00, 1635, 150.00, 0x0000000000000000
2026/10/02 14:52:54.619, 0, 86.10, 64, 0, 150.00, 1635, 150.00, 0x0000000000000000
2026/10/02 14:52:54.820, 0, 84.39, 64, 0, 150.00, 1635, 150.00, 0x0000000000000000
2026/10/02 14:52:55.020, 0, 82.50, 64, 0, 150.00, 1635, 150.00, 0x0000000000000000
2026/10/02 14:52:55.221, 0, 80.82, 63, 0, 150.00, 1635, 150.00, 0x0000000000000000
2026/10/02 14:52:55.422, 0, 80.82, 63, 0, 150.00, 1635, 150.00, 0x0000000000000000
2026/10/02 14:52:55.622, 0, 105.45, 65, 0, 150.00, 1320, 150.00, 0x0000000000000004
2026/10/02 14:52:55.823, 0, 101.71, 63, 1, 150.00, 1635, 150.00, 0x0000000000000000
2026/10/02 14:52:56.024, 0, 101.71, 63, 0, 150.00, 1635, 150.00, 0x0000000000000000
2026/10/02 14:52:56.224, 0, 102.04, 64, 0, 150.00, 1530, 150.00, 0x0000000000000004
2026/10/02 14:52:56.425, 0, 102.49, 65, 0, 150.00, 810, 150.00, 0x0000000000000004
2026/10/02 14:52:56.625, 0, 78.99, 64, 74, 150.00, 1635, 150.00, 0x0000000000000000
2026/10/02 14:52:56.826, 0, 74.29, 63, 0, 150.00, 1635, 150.00, 0x0000000000000000
2026/10/02 14:52:57.027, 0, 74.21, 63, 0, 150.00, 1635, 150.00, 0x0000000000000000
2026/10/02 14:52:57.227, 0, 74.22, 63, 0, 150.00, 1635, 150.00, 0x0000000000000000
2026/10/02 14:52:57.428, 0, 73.82, 63, 0, 150.00, 1620, 150.00, 0x0000000000000000
2026/10/02 14:52:57.628, 0, 84.33, 63, 0, 150.00, 1620, 150.00, 0x0000000000000000
2026/10/02 14:52:57.829, 0, 88.62, 64, 87, 150.00, 1485, 150.00, 0x0000000000000004
2026/10/02 14:52:58.030, 0, 88.51, 63, 0, 150.00, 1620, 150.00, 0x0000000000000000
2026/10/02 14:52:58.230, 0, 88.35, 63, 0, 150.00, 1620, 150.00, 0x0000000000000000
2026/10/02 14:52:58.431, 0, 88.19, 63, 0, 150.00, 1620, 150.00, 0x0000000000000000
2026/10/02 14:52:58.631, 0, 86.30, 63, 0, 150.00, 1620, 150.00, 0x0000000000000000
2026/10/02 14:52:58.832, 0, 71.47, 63, 0, 150.00, 1620, 150.00, 0x0000000000000000
2026/10/02 14:52:59.032, 0, 71.47, 63, 0, 150.00, 1620, 150.00, 0x0000000000000000
2026/10/02 14:52:59.233, 0, 71.47, 63, 0, 150.00, 1620, 150.00, 0x0000000000000000
2026/10/02 14:52:59.433, 0, 156.06, 64, 0, 150.00, 735, 150.00, 0x0000000000000004
2026/10/02 14:52:59.634, 0, 164.43, 64, 100, 150.00, 1545, 150.00, 0x0000000000000004
2026/10/02 14:52:59.834, 0, 164.42, 63, 0, 150.00, 1620, 150.00, 0x0000000000000000
2026/10/02 14:53:00.035, 0, 149.18, 63, 0, 150.00, 1620, 150.00, 0x0000000000000000
2026/10/02 14:53:00.235, 0, 137.95, 63, 0, 150.00, 1620, 150.00, 0x0000000000000000
2026/10/02 14:53:00.436, 0, 77.92, 62, 0, 150.00, 1620, 150.00, 0x0000000000000000
2026/10/02 14:53:00.636, 0, 73.64, 62, 0, 150.00, 1620, 150.00, 0x0000000000000000
2026/10/02 14:53:00.837, 0, 73.64, 62, 0, 150.00, 1620, 150.00, 0x0000000000000000
2026/10/02 14:53:01.037, 0, 92.42, 63, 100, 150.00, 1605, 150.00, 0x0000000000000004
2026/10/02 14:53:01.238, 0, 92.44, 63, 0, 150.00, 990, 150.00, 0x0000000000000000
2026/10/02 14:53:01.438, 0, 102.00, 64, 63, 143.00, 600, 150.00, 0x0000000000000000
2026/10/02 14:53:01.639, 0, 182.15, 65, 87, 143.00, 645, 143.00, 0x0000000000000004
2026/10/02 14:53:01.839, 0, 100.08, 63, 47, 143.00, 1560, 143.00, 0x0000000000000000
2026/10/02 14:53:02.040, 0, 85.17, 63, 0, 143.00, 1560, 143.00, 0x0000000000000000
2026/10/02 14:53:02.241, 0, 78.68, 62, 0, 143.00, 1560, 143.00, 0x0000000000000000
2026/10/02 14:53:02.441, 0, 79.56, 63, 0, 143.00, 1410, 143.00, 0x0000000000000004
2026/10/02 14:53:02.642, 0, 76.43, 62, 0, 143.00, 1560, 143.00, 0x0000000000000000
2026/10/02 14:53:02.842, 0, 82.77, 64, 0, 143.00, 615, 143.00, 0x0000000000000000
2026/10/02 14:53:03.043, 0, 80.45, 62, 31, 143.00, 1560, 143.00, 0x0000000000000000
2026/10/02 14:53:03.243, 0, 80.36, 62, 0, 143.00, 1560, 143.00, 0x0000000000000000
2026/10/02 14:53:03.444, 0, 81.52, 63, 0, 143.00, 1485, 143.00, 0x0000000000000004
2026/10/02 14:53:03.644, 0, 77.80, 62, 0, 143.00, 1560, 143.00, 0x0000000000000000
2026/10/02 14:53:03.845, 0, 84.97, 63, 65, 143.00, 1560, 143.00, 0x0000000000000000
2026/10/02 14:53:04.045, 0, 82.32, 63, 47, 143.00, 1560, 143.00, 0x0000000000000004
2026/10/02 14:53:04.246, 0, 95.84, 63, 41, 143.00, 1560, 143.00, 0x0000000000000004
2026/10/02 14:53:04.446, 0, 103.57, 63, 63, 143.00, 1560, 143.00, 0x0000000000000000
2026/10/02 14:53:04.647, 0, 115.63, 64, 0, 143.00, 645, 143.00, 0x0000000000000004
2026/10/02 14:53:04.847, 0, 108.08, 62, 27, 143.00, 1560, 143.00, 0x0000000000000000
2026/10/02 14:53:05.048, 0, 105.23, 64, 0, 143.00, 1155, 143.00, 0x0000000000000004
2026/10/02 14:53:05.249, 0, 91.60, 62, 8, 143.00, 1560, 143.00, 0x0000000000000000
2026/10/02 14:53:05.449, 0, 84.09, 62, 0, 143.00, 600, 143.00, 0x0000000000000000
2026/10/02 14:53:05.650, 0, 48.34, 63, 34, 105.00, 600, 105.00, 0x0000000000000004
2026/10/02 14:53:05.850, 0, 73.19, 62, 16, 105.00, 300, 105.00, 0x0000000000000000
2026/10/02 14:53:06.051, 0, 88.53, 63, 100, 105.00, 375, 105.00, 0x0000000000000004
2026/10/02 14:53:06.252, 0, 93.67, 63, 100, 105.00, 360, 105.00, 0x0000000000000004
2026/10/02 14:53:06.453, 0, 96.36, 63, 100, 105.00, 360, 105.00, 0x0000000000000004
2026/10/02 14:53:06.653, 0, 97.20, 63, 100, 105.00, 360, 105.00, 0x0000000000000004
2026/10/02 14:53:06.854, 0, 102.92, 63, 100, 105.00, 375, 105.00, 0x0000000000000004
2026/10/02 14:53:07.055, 0, 102.99, 63, 95, 105.00, 600, 105.00, 0x0000000000000004
2026/10/02 14:53:07.256, 0, 102.84, 63, 100, 105.00, 375, 105.00, 0x0000000000000004
2026/10/02 14:53:07.456, 0, 102.95, 63, 100, 105.00, 375, 105.00, 0x0000000000000004
2026/10/02 14:53:07.657, 0, 102.92, 63, 100, 150.00, 1620, 105.00, 0x0000000000000004
2026/10/02 14:53:07.857, 0, 68.66, 62, 0, 150.00, 1695, 150.00, 0x0000000000000000
2026/10/02 14:53:08.058, 0, 68.76, 62, 0, 150.00, 1695, 150.00, 0x0000000000000000
2026/10/02 14:53:08.259, 0, 68.79, 62, 0, 150.00, 1125, 150.00, 0x0000000000000000
2026/10/02 14:53:08.459, 0, 90.61, 64, 67, 150.00, 690, 150.00, 0x0000000000000004
2026/10/02 14:53:08.660, 0, 90.63, 64, 64, 150.00, 1365, 150.00, 0x0000000000000004
2026/10/02 14:53:08.861, 0, 102.69, 64, 100, 150.00, 795, 150.00, 0x0000000000000004
2026/10/02 14:53:09.062, 0, 109.41, 64, 11, 150.00, 660, 150.00, 0x0000000000000004
2026/10/02 14:53:09.262, 0, 108.17, 63, 0, 150.00, 1680, 150.00, 0x0000000000000004
2026/10/02 14:53:09.463, 0, 101.46, 62, 0, 150.00, 1680, 150.00, 0x0000000000000004
2026/10/02 14:53:09.663, 0, 95.42, 62, 0, 150.00, 1695, 150.00, 0x0000000000000000
2026/10/02 14:53:09.864, 0, 81.45, 62, 0, 150.00, 1665, 150.00, 0x0000000000000000
2026/10/02 14:53:10.064, 0, 74.76, 62, 0, 150.00, 1665, 150.00, 0x0000000000000000
2026/10/02 14:53:10.265, 0, 86.64, 62, 0, 150.00, 900, 150.00, 0x0000000000000000
2026/10/02 14:53:10.466, 0, 87.30, 63, 72, 150.00, 825, 150.00, 0x0000000000000004
2026/10/02 14:53:10.666, 0, 88.57, 63, 0, 150.00, 1665, 150.00, 0x0000000000000004
2026/10/02 14:53:10.867, 0, 88.22, 62, 0, 150.00, 1665, 150.00, 0x0000000000000000
2026/10/02 14:53:11.067, 0, 101.39, 64, 23, 150.00, 675, 150.00, 0x0000000000000000
2026/10/02 14:53:11.268, 0, 112.66, 64, 100, 150.00, 1455, 150.00, 0x0000000000000004
2026/10/02 14:53:11.468, 0, 96.91, 63, 0, 150.00, 1665, 150.00, 0x0000000000000000
2026/10/02 14:53:11.669, 0, 112.18, 63, 95, 150.00, 1530, 150.00, 0x0000000000000004
2026/10/02 14:53:11.869, 0, 112.20, 63, 0, 150.00, 1680, 150.00, 0x0000000000000000
2026/10/02 14:53:12.070, 0, 112.53, 62, 0, 150.00, 1695, 150.00, 0x0000000000000004
2026/10/02 14:53:12.270, 0, 92.14, 62, 0, 150.00, 1695, 150.00, 0x0000000000000000
2026/10/02 14:53:12.471, 0, 84.83, 62, 0, 150.00, 1110, 150.00, 0x0000000000000000
2026/10/02 14:53:12.671, 0, 79.54, 63, 67, 150.00, 1590, 150.00, 0x0000000000000004
2026/10/02 14:53:12.872, 0, 72.94, 62, 0, 150.00, 1680, 150.00, 0x0000000000000004
2026/10/02 14:53:13.072, 0, 82.60, 63, 48, 150.00, 1650, 150.00, 0x0000000000000004
2026/10/02 14:53:13.272, 0, 82.42, 62, 0, 150.00, 1680, 150.00, 0x0000000000000004
2026/10/02 14:53:13.473, 0, 82.36, 62, 0, 150.00, 1695, 150.00, 0x0000000000000000
2026/10/02 14:53:13.674, 0, 78.90, 62, 0, 150.00, 1695, 150.00, 0x0000000000000000
2026/10/02 14:53:13.874, 0, 102.17, 64, 59, 150.00, 855, 150.00, 0x0000000000000004
2026/10/02 14:53:14.075, 0, 101.68, 63, 33, 150.00, 660, 150.00, 0x0000000000000004
2026/10/02 14:53:14.276, 0, 104.21, 64, 62, 150.00, 1590, 150.00, 0x0000000000000004
2026/10/02 14:53:14.476, 0, 117.88, 64, 27, 150.00, 720, 150.00, 0x0000000000000000
2026/10/02 14:53:14.677, 0, 124.91, 63, 21, 150.00, 1665, 150.00, 0x0000000000000004
2026/10/02 14:53:14.877, 0, 111.60, 62, 0, 150.00, 1665, 150.00, 0x0000000000000000
2026/10/02 14:53:15.078, 0, 89.15, 62, 0, 150.00, 1665, 150.00, 0x0000000000000000
2026/10/02 14:53:15.278, 0, 89.69, 62, 0, 150.00, 1665, 150.00, 0x0000000000000000
2026/10/02 14:53:15.479, 0, 101.04, 63, 20, 150.00, 870, 150.00, 0x0000000000000000
2026/10/02 14:53:15.679, 0, 78.37, 62, 0, 150.00, 1665, 150.00, 0x0000000000000000
2026/10/02 14:53:15.880, 0, 78.79, 62, 0, 150.00, 1665, 150.00, 0x0000000000000000
2026/10/02 14:53:16.080, 0, 78.71, 62, 0, 150.00, 1665, 150.00, 0x0000000000000000
2026/10/02 14:53:16.281, 0, 78.63, 62, 0, 150.00, 1050, 150.00, 0x0000000000000000
2026/10/02 14:53:16.481, 0, 82.20, 62, 0, 150.00, 1665, 150.00, 0x0000000000000004
2026/10/02 14:53:16.682, 0, 70.30, 62, 0, 150.00, 840, 150.00, 0x0000000000000000
2026/10/02 14:53:16.883, 0, 71.56, 62, 0, 150.00, 1665, 150.00, 0x0000000000000004
2026/10/02 14:53:17.083, 0, 71.60, 62, 0, 150.00, 1665, 150.00, 0x0000000000000000
2026/10/02 14:53:17.284, 0, 71.63, 62, 0, 150.00, 1665, 150.00, 0x0000000000000000
2026/10/02 14:53:17.484, 0, 67.81, 61, 0, 150.00, 1665, 150.00, 0x0000000000000000
2026/10/02 14:53:17.685, 0, 82.07, 63, 31, 150.00, 1035, 150.00, 0x0000000000000000
2026/10/02 14:53:17.886, 0, 80.97, 63, 61, 150.00, 1575, 150.00, 0x0000000000000004
2026/10/02 14:53:18.086, 0, 100.03, 64, 56, 125.00, 1020, 125.00, 0x0000000000000004
2026/10/02 14:53:18.287, 0, 116.57, 63, 75, 125.00, 585, 125.00, 0x0000000000000004
2026/10/02 14:53:18.487, 0, 100.17, 62, 28, 125.00, 1455, 125.00, 0x0000000000000004
2026/10/02 14:53:18.688, 0, 83.39, 62, 0, 125.00, 1455, 125.00, 0x0000000000000000
2026/10/02 14:53:18.888, 0, 76.16, 61, 0, 125.00, 1455, 125.00, 0x0000000000000000
2026/10/02 14:53:19.089, 0, 87.51, 62, 64, 125.00, 1455, 125.00, 0x0000000000000004
2026/10/02 14:53:19.289, 0, 82.16, 61, 0, 125.00, 1455, 125.00, 0x0000000000000000
2026/10/02 14:53:19.490, 0, 70.57, 61, 0, 125.00, 1455, 125.00, 0x0000000000000000
2026/10/02 14:53:19.691, 0, 70.54, 61, 0, 125.00, 1455, 125.00, 0x0000000000000000
2026/10/02 14:53:19.891, 0, 86.29, 62, 100, 125.00, 570, 125.00, 0x0000000000000004
2026/10/02 14:53:20.092, 0, 76.11, 62, 0, 125.00, 1455, 125.00, 0x0000000000000000
2026/10/02 14:53:20.292, 0, 84.57, 63, 54, 125.00, 1095, 125.00, 0x0000000000000004
2026/10/02 14:53:20.493, 0, 91.85, 63, 59, 125.00, 1185, 125.00, 0x0000000000000004
2026/10/02 14:53:20.693, 0, 97.93, 63, 62, 125.00, 585, 125.00, 0x0000000000000004
2026/10/02 14:53:20.894, 0, 94.32, 62, 39, 125.00, 1455, 125.00, 0x0000000000000004
2026/10/02 14:53:21.094, 0, 85.91, 61, 0, 125.00, 1455, 125.00, 0x0000000000000000
2026/10/02 14:53:21.295, 0, 98.18, 62, 24, 125.00, 510, 125.00, 0x0000000000000000
2026/10/02 14:53:21.496, 0, 89.92, 61, 0, 125.00, 660, 125.00, 0x0000000000000000
2026/10/02 14:53:21.696, 0, 88.19, 62, 20, 125.00, 1455, 125.00, 0x0000000000000000
2026/10/02 14:53:21.897, 0, 88.08, 62, 66, 125.00, 1455, 125.00, 0x0000000000000004
2026/10/02 14:53:22.098, 0, 88.30, 61, 0, 125.00, 1455, 125.00, 0x0000000000000000
2026/10/02 14:53:22.298, 0, 88.27, 61, 0, 125.00, 1455, 125.00, 0x0000000000000000
2026/10/02 14:53:22.499, 0, 76.08, 61, 0, 125.00, 1455, 125.00, 0x0000000000000000
2026/10/02 14:53:22.699, 0, 75.60, 62, 81, 125.00, 585, 125.00, 0x0000000000000004
2026/10/02 14:53:22.900, 0, 75.65, 63, 85, 125.00, 1065, 125.00, 0x0000000000000004
2026/10/02 14:53:23.100, 0, 81.10, 63, 91, 125.00, 570, 125.00, 0x0000000000000004
2026/10/02 14:53:23.301, 0, 87.44, 62, 12, 125.00, 435, 125.00, 0x0000000000000000
2026/10/02 14:53:23.502, 0, 92.98, 62, 3, 125.00, 1455, 125.00, 0x0000000000000000
2026/10/02 14:53:23.702, 0, 93.02, 61, 0, 125.00, 1455, 125.00, 0x0000000000000000
2026/10/02 14:53:23.903, 0, 86.77, 62, 76, 125.00, 585, 125.00, 0x0000000000000004
2026/10/02 14:53:24.103, 0, 99.95, 63, 56, 125.00, 540, 125.00, 0x0000000000000004
2026/10/02 14:53:24.304, 0, 94.86, 63, 60, 112.00, 1200, 112.00, 0x0000000000000004
2026/10/02 14:53:24.505, 0, 55.20, 61, 0, 112.00, 1365, 112.00, 0x0000000000000000
2026/10/02 14:53:24.705, 0, 73.18, 62, 64, 112.00, 450, 112.00, 0x0000000000000004
2026/10/02 14:53:24.906, 0, 75.89, 62, 92, 112.00, 1125, 112.00, 0x0000000000000004
2026/10/02 14:53:25.106, 0, 69.92, 61, 0, 112.00, 1365, 112.00, 0x0000000000000000
2026/10/02 14:53:25.307, 0, 80.68, 62, 18, 112.00, 360, 112.00, 0x0000000000000000
2026/10/02 14:53:25.508, 0, 79.24, 61, 0, 112.00, 1365, 112.00, 0x0000000000000000
2026/10/02 14:53:25.708, 0, 79.24, 61, 0, 112.00, 1185, 112.00, 0x0000000000000000
2026/10/02 14:53:25.909, 0, 84.97, 62, 100, 112.00, 450, 112.00, 0x0000000000000004
2026/10/02 14:53:26.109, 0, 86.91, 62, 89, 112.00, 1005, 112.00, 0x0000000000000004
2026/10/02 14:53:26.310, 0, 86.93, 61, 0, 112.00, 1365, 112.00, 0x0000000000000000
2026/10/02 14:53:26.510, 0, 72.15, 61, 0, 112.00, 1365, 112.00, 0x0000000000000000
2026/10/02 14:53:26.711, 0, 72.14, 60, 0, 112.00, 1365, 112.00, 0x0000000000000000
2026/10/02 14:53:26.912, 0, 73.17, 62, 55, 112.00, 465, 112.00, 0x0000000000000004
2026/10/02 14:53:27.112, 0, 65.92, 61, 0, 112.00, 1365, 112.00, 0x0000000000000000
2026/10/02 14:53:27.313, 0, 73.62, 61, 86, 112.00, 585, 112.00, 0x0000000000000004
2026/10/02 14:53:27.513, 0, 84.12, 62, 100, 112.00, 450, 112.00, 0x0000000000000004
2026/10/02 14:53:27.714, 0, 95.03, 62, 100, 112.00, 810, 112.00, 0x0000000000000004
2026/10/02 14:53:27.914, 0, 102.79, 62, 100, 112.00, 1290, 112.00, 0x0000000000000004
2026/10/02 14:53:28.115, 0, 101.88, 62, 92, 112.00, 1080, 112.00, 0x0000000000000004
2026/10/02 14:53:28.316, 0, 91.18, 61, 0, 112.00, 1365, 112.00, 0x0000000000000000
2026/10/02 14:53:28.516, 0, 84.01, 61, 0, 112.00, 1365, 112.00, 0x0000000000000000
2026/10/02 14:53:28.717, 0, 78.05, 62, 68, 112.00, 480, 112.00, 0x0000000000000004
2026/10/02 14:53:28.918, 0, 69.81, 61, 0, 112.00, 1365, 112.00, 0x0000000000000000
2026/10/02 14:53:29.118, 0, 69.96, 62, 59, 112.00, 480, 112.00, 0x0000000000000004
2026/10/02 14:53:29.319, 0, 64.92, 61, 0, 112.00, 300, 112.00, 0x0000000000000000
2026/10/02 14:53:29.519, 0, 74.96, 62, 100, 112.00, 450, 112.00, 0x0000000000000004
2026/10/02 14:53:29.720, 0, 83.34, 62, 89, 112.00, 405, 112.00, 0x0000000000000004
2026/10/02 14:53:29.920, 0, 89.23, 62, 100, 112.00, 450, 112.00, 0x0000000000000004
2026/10/02 14:53:30.121, 0, 99.89, 62, 100, 112.00, 210, 112.00, 0x0000000000000004
2026/10/02 14:53:30.321, 0, 103.28, 62, 100, 112.00, 1365, 112.00, 0x0000000000000004
2026/10/02 14:53:30.522, 0, 103.57, 62, 90, 150.00, 945, 150.00, 0x0000000000000004
2026/10/02 14:53:30.723, 0, 67.43, 61, 0, 150.00, 1695, 150.00, 0x0000000000000000
2026/10/02 14:53:30.923, 0, 67.97, 61, 0, 150.00, 1695, 150.00, 0x0000000000000000
2026/10/02 14:53:31.124, 0, 67.99, 61, 0, 150.00, 1695, 150.00, 0x0000000000000000
2026/10/02 14:53:31.324, 0, 67.99, 61, 0, 150.00, 1695, 150.00, 0x0000000000000000
2026/10/02 14:53:31.525, 0, 90.62, 63, 100, 150.00, 1035, 150.00, 0x0000000000000004
2026/10/02 14:53:31.725, 0, 85.64, 61, 0, 150.00, 645, 150.00, 0x0000000000000004
2026/10/02 14:53:31.926, 0, 93.76, 63, 63, 150.00, 930, 150.00, 0x0000000000000004
2026/10/02 14:53:32.127, 0, 98.62, 62, 0, 150.00, 1680, 150.00, 0x0000000000000004
2026/10/02 14:53:32.327, 0, 105.55, 63, 77, 150.00, 810, 150.00, 0x0000000000000004
2026/10/02 14:53:32.528, 0, 110.13, 64, 100, 150.00, 795, 150.00, 0x0000000000000004
2026/10/02 14:53:32.728, 0, 118.30, 63, 89, 150.00, 1500, 150.00, 0x0000000000000004
2026/10/02 14:53:32.929, 0, 130.28, 63, 19, 150.00, 1680, 150.00, 0x0000000000000004
2026/10/02 14:53:33.129, 0, 130.96, 63, 23, 150.00, 660, 150.00, 0x0000000000000004
2026/10/02 14:53:33.330, 0, 130.07, 62, 0, 150.00, 1680, 150.00, 0x0000000000000004
2026/10/02 14:53:33.531, 0, 115.30, 62, 0, 150.00, 1695, 150.00, 0x0000000000000004
2026/10/02 14:53:33.731, 0, 99.78, 61, 0, 150.00, 1650, 150.00, 0x0000000000000000
2026/10/02 14:53:33.932, 0, 94.78, 63, 100, 150.00, 780, 150.00, 0x0000000000000004
2026/10/02 14:53:34.132, 0, 102.41, 63, 64, 150.00, 1455, 150.00, 0x0000000000000004
2026/10/02 14:53:34.333, 0, 100.71, 62, 26, 150.00, 1665, 150.00, 0x0000000000000004
2026/10/02 14:53:34.534, 0, 122.61, 64, 100, 150.00, 1350, 150.00, 0x0000000000000004
2026/10/02 14:53:34.734, 0, 127.68, 63, 63, 150.00, 1500, 150.00, 0x0000000000000004
2026/10/02 14:53:34.935, 0, 134.68, 64, 33, 150.00, 1065, 150.00, 0x0000000000000004
2026/10/02 14:53:35.135, 0, 139.12, 64, 46, 150.00, 1230, 150.00, 0x0000000000000004
2026/10/02 14:53:35.335, 0, 118.36, 62, 0, 150.00, 1335, 150.00, 0x0000000000000004
2026/10/02 14:53:35.536, 0, 109.36, 62, 0, 150.00, 1680, 150.00, 0x0000000000000004
2026/10/02 14:53:35.736, 0, 102.04, 62, 0, 150.00, 1680, 150.00, 0x0000000000000004
2026/10/02 14:53:35.937, 0, 123.42, 64, 52, 150.00, 795, 150.00, 0x0000000000000004
2026/10/02 14:53:36.138, 0, 134.47, 64, 58, 150.00, 735, 150.00, 0x0000000000000004
2026/10/02 14:53:36.338, 0, 142.53, 64, 100, 150.00, 1230, 150.00, 0x0000000000000004
2026/10/02 14:53:36.539, 0, 137.41, 62, 0, 150.00, 1680, 150.00, 0x0000000000000004
2026/10/02 14:53:36.739, 0, 152.03, 63, 28, 150.00, 885, 150.00, 0x0000000000000004
2026/10/02 14:53:36.940, 0, 146.84, 64, 57, 150.00, 1395, 150.00, 0x0000000000000004
2026/10/02 14:53:37.140, 0, 120.55, 62, 0, 150.00, 1665, 150.00, 0x0000000000000000
2026/10/02 14:53:37.341, 0, 96.86, 62, 0, 150.00, 660, 150.00, 0x0000000000000000
2026/10/02 14:53:37.542, 0, 95.79, 62, 50, 150.00, 1650, 150.00, 0x0000000000000004
2026/10/02 14:53:37.742, 0, 118.12, 64, 100, 150.00, 795, 150.00, 0x0000000000000004
2026/10/02 14:53:37.943, 0, 120.58, 64, 100, 150.00, 780, 150.00, 0x0000000000000004
2026/10/02 14:53:38.143, 0, 131.17, 65, 75, 150.00, 870, 150.00, 0x0000000000000004
2026/10/02 14:53:38.344, 0, 130.44, 63, 0, 150.00, 600, 150.00, 0x0000000000000000
2026/10/02 14:53:38.545, 0, 123.27, 62, 0, 150.00, 1665, 150.00, 0x0000000000000004
2026/10/02 14:53:38.745, 0, 109.32, 62, 0, 150.00, 1665, 150.00, 0x0000000000000000
2026/10/02 14:53:38.946, 0, 93.56, 62, 0, 150.00, 1650, 150.00, 0x0000000000000000
2026/10/02 14:53:39.146, 0, 77.38, 62, 0, 150.00, 1650, 150.00, 0x0000000000000000
2026/10/02 14:53:39.347, 0, 78.37, 63, 18, 150.00, 645, 150.00, 0x0000000000000000
2026/10/02 14:53:39.548, 0, 78.76, 63, 63, 150.00, 1560, 150.00, 0x0000000000000004
2026/10/02 14:53:39.748, 0, 78.55, 62, 0, 150.00, 1650, 150.00, 0x0000000000000000
2026/10/02 14:53:39.949, 0, 91.13, 62, 25, 150.00, 630, 150.00, 0x0000000000000004
2026/10/02 14:53:40.149, 0, 98.20, 64, 70, 150.00, 795, 150.00, 0x0000000000000004
2026/10/02 14:53:40.350, 0, 114.15, 64, 100, 150.00, 795, 150.00, 0x0000000000000004
2026/10/02 14:53:40.551, 0, 102.26, 62, 0, 150.00, 1650, 150.00, 0x0000000000000000
2026/10/02 14:53:40.751, 0, 115.57, 63, 27, 150.00, 915, 150.00, 0x0000000000000004
2026/10/02 14:53:40.952, 0, 101.50, 62, 0, 150.00, 1650, 150.00, 0x0000000000000000
2026/10/02 14:53:41.152, 0, 114.94, 62, 19, 150.00, 1650, 150.00, 0x0000000000000004
2026/10/02 14:53:41.353, 0, 99.49, 62, 0, 150.00, 1650, 150.00, 0x0000000000000000
2026/10/02 14:53:41.553, 0, 92.22, 62, 0, 150.00, 1650, 150.00, 0x0000000000000000
2026/10/02 14:53:41.754, 0, 92.06, 61, 0, 150.00, 1650, 150.00, 0x0000000000000000
2026/10/02 14:53:41.954, 0, 89.02, 63, 16, 150.00, 645, 150.00, 0x0000000000000000
2026/10/02 14:53:42.155, 0, 91.07, 64, 100, 150.00, 795, 150.00, 0x0000000000000004
2026/10/02 14:53:42.356, 0, 103.87, 64, 84, 150.00, 735, 150.00, 0x0000000000000004
2026/10/02 14:53:42.556, 0, 103.29, 62, 0, 150.00, 1650, 150.00, 0x0000000000000000
2026/10/02 14:53:42.757, 0, 107.94, 63, 59, 150.00, 1515, 150.00, 0x0000000000000004
2026/10/02 14:53:42.957, 0, 107.88, 62, 0, 150.00, 1620, 150.00, 0x0000000000000000
2026/10/02 14:53:43.158, 0, 115.18, 64, 55, 150.00, 690, 150.00, 0x0000000000000004
2026/10/02 14:53:43.359, 0, 98.42, 62, 0, 150.00, 1620, 150.00, 0x0000000000000000
2026/10/02 14:53:43.559, 0, 94.37, 62, 0, 150.00, 1620, 150.00, 0x0000000000000000
2026/10/02 14:53:43.760, 0, 94.01, 61, 0, 150.00, 1620, 150.00, 0x0000000000000000
2026/10/02 14:53:43.960, 0, 89.16, 61, 0, 150.00, 1215, 150.00, 0x0000000000000000
2026/10/02 14:53:44.161, 0, 78.12, 62, 72, 150.00, 1605, 150.00, 0x0000000000000004
2026/10/02 14:53:44.362, 0, 78.85, 63, 45, 150.00, 675, 150.00, 0x0000000000000004
2026/10/02 14:53:44.562, 0, 78.87, 62, 0, 150.00, 1620, 150.00, 0x0000000000000000
2026/10/02 14:53:44.763, 0, 78.90, 62, 0, 150.00, 1620, 150.00, 0x0000000000000000
2026/10/02 14:53:44.963, 0, 92.63, 62, 30, 150.00, 645, 150.00, 0x0000000000000004
2026/10/02 14:53:45.164, 0, 96.88, 63, 72, 150.00, 1620, 150.00, 0x0000000000000004
2026/10/02 14:53:45.365, 0, 93.08, 63, 68, 150.00, 810, 150.00, 0x0000000000000004
2026/10/02 14:53:45.565, 0, 95.57, 62, 0, 150.00, 1620, 150.00, 0x0000000000000000
2026/10/02 14:53:45.765, 0, 95.61, 62, 0, 150.00, 1620, 150.00, 0x0000000000000000
2026/10/02 14:53:45.966, 0, 81.32, 61, 0, 150.00, 1620, 150.00, 0x0000000000000000
2026/10/02 14:53:46.167, 0, 74.11, 61, 0, 150.00, 1620, 150.00, 0x0000000000000000
2026/10/02 14:53:46.367, 0, 72.81, 62, 11, 150.00, 1620, 150.00, 0x0000000000000004
2026/10/02 14:53:46.568, 0, 92.68, 63, 35, 150.00, 1530, 150.00, 0x0000000000000004
2026/10/02 14:53:46.769, 0, 92.53, 62, 13, 150.00, 1620, 150.00, 0x0000000000000000
2026/10/02 14:53:46.969, 0, 92.51, 61, 0, 150.00, 1620, 150.00, 0x0000000000000000
2026/10/02 14:53:47.170, 0, 92.52, 61, 0, 150.00, 1620, 150.00, 0x0000000000000000
2026/10/02 14:53:47.371, 0, 84.81, 61, 0, 150.00, 1620, 150.00, 0x0000000000000000
2026/10/02 14:53:47.571, 0, 71.68, 61, 0, 150.00, 1245, 150.00, 0x0000000000000004
2026/10/02 14:53:47.772, 0, 86.00, 63, 46, 150.00, 1095, 150.00, 0x0000000000000004
2026/10/02 14:53:47.972, 0, 85.16, 61, 46, 150.00, 630, 150.00, 0x0000000000000004
2026/10/02 14:53:48.173, 0, 100.37, 63, 78, 150.00, 1080, 150.00, 0x0000000000000004
2026/10/02 14:53:48.374, 0, 99.82, 62, 50, 150.00, 630, 150.00, 0x0000000000000004
2026/10/02 14:53:48.575, 0, 103.21, 62, 64, 150.00, 1620, 150.00, 0x0000000000000000
2026/10/02 14:53:48.775, 0, 103.70, 63, 0, 150.00, 750, 150.00, 0x0000000000000004
2026/10/02 14:53:48.976, 0, 109.12, 64, 100, 150.00, 795, 150.00, 0x0000000000000004
2026/10/02 14:53:49.176, 0, 106.93, 62, 91, 150.00, 630, 150.00, 0x0000000000000004
2026/10/02 14:53:49.377, 0, 100.24, 63, 63, 150.00, 720, 150.00, 0x0000000000000004
2026/10/02 14:53:49.578, 0, 96.44, 62, 58, 150.00, 1680, 150.00, 0x0000000000000004
2026/10/02 14:53:49.778, 0, 109.12, 62, 40, 150.00, 1680, 150.00, 0x0000000000000004
2026/10/02 14:53:49.979, 0, 90.94, 62, 0, 150.00, 1680, 150.00, 0x0000000000000004
2026/10/02 14:53:50.179, 0, 78.42, 63, 0, 150.00, 675, 150.00, 0x0000000000000004
2026/10/02 14:53:50.380, 0, 77.68, 62, 63, 150.00, 1680, 150.00, 0x0000000000000004
2026/10/02 14:53:50.581, 0, 78.75, 61, 0, 150.00, 1695, 150.00, 0x0000000000000000
2026/10/02 14:53:50.781, 0, 66.21, 61, 0, 150.00, 1695, 150.00, 0x0000000000000000
2026/10/02 14:53:50.982, 0, 71.51, 62, 8, 150.00, 1665, 150.00, 0x0000000000000004
2026/10/02 14:53:51.182, 0, 71.47, 61, 0, 150.00, 1665, 150.00, 0x0000000000000000
2026/10/02 14:53:51.383, 0, 75.12, 62, 0, 150.00, 1605, 150.00, 0x0000000000000004
2026/10/02 14:53:51.584, 0, 83.02, 63, 0, 150.00, 1110, 150.00, 0x0000000000000004
2026/10/02 14:53:51.784, 0, 91.38, 62, 56, 150.00, 1665, 150.00, 0x0000000000000000
2026/10/02 14:53:51.985, 0, 85.45, 61, 0, 150.00, 1665, 150.00, 0x0000000000000000
2026/10/02 14:53:52.186, 0, 86.27, 61, 0, 150.00, 1665, 150.00, 0x0000000000000000
2026/10/02 14:53:52.386, 0, 91.96, 62, 0, 150.00, 1590, 150.00, 0x0000000000000004
2026/10/02 14:53:52.587, 0, 88.74, 62, 0, 150.00, 645, 150.00, 0x0000000000000004
2026/10/02 14:53:52.787, 0, 71.15, 61, 63, 150.00, 1665, 150.00, 0x0000000000000000
2026/10/02 14:53:52.988, 0, 71.53, 61, 0, 150.00, 1665, 150.00, 0x0000000000000000
2026/10/02 14:53:53.188, 0, 71.44, 61, 0, 150.00, 1650, 150.00, 0x0000000000000000
2026/10/02 14:53:53.389, 0, 71.52, 61, 0, 150.00, 1650, 150.00, 0x0000000000000000
2026/10/02 14:53:53.589, 0, 80.18, 62, 0, 150.00, 1290, 150.00, 0x0000000000000004
2026/10/02 14:53:53.790, 0, 90.84, 61, 67, 150.00, 1650, 150.00, 0x0000000000000000
2026/10/02 14:53:53.990, 0, 91.00, 62, 0, 150.00, 1635, 150.00, 0x0000000000000004
2026/10/02 14:53:54.191, 0, 102.88, 62, 44, 150.00, 1650, 150.00, 0x0000000000000000
2026/10/02 14:53:54.392, 0, 102.65, 61, 0, 150.00, 1650, 150.00, 0x0000000000000004
2026/10/02 14:53:54.592, 0, 115.52, 61, 36, 150.00, 1650, 150.00, 0x0000000000000000
2026/10/02 14:53:54.793, 0, 98.16, 62, 0, 150.00, 780, 150.00, 0x0000000000000004
2026/10/02 14:53:54.993, 0, 106.10, 61, 98, 150.00, 1650, 150.00, 0x0000000000000000
2026/10/02 14:53:55.194, 0, 92.98, 62, 0, 150.00, 1650, 150.00, 0x0000000000000004
2026/10/02 14:53:55.395, 0, 105.99, 63, 36, 150.00, 675, 150.00, 0x0000000000000004
2026/10/02 14:53:55.595, 0, 99.21, 62, 76, 150.00, 1650, 150.00, 0x0000000000000000
2026/10/02 14:53:55.796, 0, 99.93, 61, 0, 150.00, 1650, 150.00, 0x0000000000000000
2026/10/02 14:53:55.996, 0, 83.59, 61, 0, 150.00, 1650, 150.00, 0x0000000000000000
2026/10/02 14:53:56.197, 0, 84.09, 61, 0, 150.00, 1650, 150.00, 0x0000000000000000
2026/10/02 14:53:56.398, 0, 71.31, 61, 0, 150.00, 1650, 150.00, 0x0000000000000000
2026/10/02 14:53:56.598, 0, 71.92, 60, 0, 150.00, 1650, 150.00, 0x0000000000000000
2026/10/02 14:53:56.799, 0, 86.63, 62, 0, 150.00, 1170, 150.00, 0x0000000000000004
2026/10/02 14:53:56.999, 0, 85.71, 61, 43, 150.00, 1650, 150.00, 0x0000000000000000
2026/10/02 14:53:57.200, 0, 91.99, 62, 0, 150.00, 1590, 150.00, 0x0000000000000004
2026/10/02 14:53:57.400, 0, 92.01, 61, 0, 150.00, 1635, 150.00, 0x0000000000000000
2026/10/02 14:53:57.601, 0, 91.88, 61, 0, 150.00, 1635, 150.00, 0x0000000000000000
2026/10/02 14:53:57.802, 0, 71.96, 60, 0, 150.00, 1635, 150.00, 0x0000000000000000
2026/10/02 14:53:58.002, 0, 70.92, 60, 0, 150.00, 1635, 150.00, 0x0000000000000000
2026/10/02 14:53:58.203, 0, 83.52, 62, 0, 150.00, 1455, 150.00, 0x0000000000000004
2026/10/02 14:53:58.403, 0, 76.81, 60, 17, 150.00, 1635, 150.00, 0x0000000000000000
2026/10/02 14:53:58.604, 0, 76.59, 60, 0, 150.00, 1635, 150.00, 0x0000000000000000
2026/10/02 14:53:58.805, 0, 76.54, 60, 0, 150.00, 1635, 150.00, 0x0000000000000004
2026/10/02 14:53:59.005, 0, 101.36, 62, 46, 150.00, 1380, 150.00, 0x0000000000000004
2026/10/02 14:53:59.206, 0, 100.82, 61, 28, 150.00, 1635, 150.00, 0x0000000000000000
2026/10/02 14:53:59.407, 0, 88.41, 60, 0, 150.00, 1635, 150.00, 0x0000000000000000
2026/10/02 14:53:59.607, 0, 88.38, 60, 0, 150.00, 1635, 150.00, 0x0000000000000000
2026/10/02 14:53:59.808, 0, 101.39, 61, 0, 150.00, 1425, 150.00, 0x0000000000000004
2026/10/02 14:54:00.008, 0, 101.24, 62, 23, 150.00, 1455, 150.00, 0x0000000000000004
2026/10/02 14:54:00.209, 0, 89.20, 60, 17, 150.00, 1635, 150.00, 0x0000000000000000
2026/10/02 14:54:00.409, 0, 89.11, 60, 0, 150.00, 1635, 150.00, 0x0000000000000000
2026/10/02 14:54:00.610, 0, 89.11, 60, 0, 150.00, 1635, 150.00, 0x0000000000000000
2026/10/02 14:54:00.811, 0, 89.08, 60, 0, 150.00, 1020, 150.00, 0x0000000000000004
2026/10/02 14:54:01.011, 0, 88.06, 61, 60, 150.00, 1620, 150.00, 0x0000000000000000
2026/10/02 14:54:01.212, 0, 75.54, 60, 0, 150.00, 1635, 150.00, 0x0000000000000000
2026/10/02 14:54:01.412, 0, 75.51, 60, 0, 150.00, 1635, 150.00, 0x0000000000000000
2026/10/02 14:54:01.613, 0, 76.11, 61, 0, 150.00, 1455, 150.00, 0x0000000000000004
2026/10/02 14:54:01.813, 0, 96.79, 62, 49, 150.00, 810, 150.00, 0x0000000000000004
2026/10/02 14:54:02.014, 0, 93.81, 61, 92, 150.00, 1605, 150.00, 0x0000000000000000
2026/10/02 14:54:02.215, 0, 90.99, 60, 0, 150.00, 1605, 150.00, 0x0000000000000000
2026/10/02 14:54:02.415, 0, 90.70, 60, 0, 150.00, 1605, 150.00, 0x0000000000000000
2026/10/02 14:54:02.616, 0, 96.17, 61, 0, 150.00, 1590, 150.00, 0x0000000000000000
2026/10/02 14:54:02.816, 0, 106.90, 62, 19, 150.00, 1140, 150.00, 0x0000000000000004
2026/10/02 14:54:03.017, 0, 101.10, 62, 45, 150.00, 1035, 150.00, 0x0000000000000004
2026/10/02 14:54:03.218, 0, 110.49, 61, 84, 150.00, 1605, 150.00, 0x0000000000000000
2026/10/02 14:54:03.418, 0, 110.47, 60, 0, 150.00, 1605, 150.00, 0x0000000000000000
2026/10/02 14:54:03.619, 0, 110.49, 60, 0, 150.00, 1605, 150.00, 0x0000000000000000
2026/10/02 14:54:03.819, 0, 97.72, 61, 0, 150.00, 690, 150.00, 0x0000000000000004
2026/10/02 14:54:04.020, 0, 103.38, 62, 100, 150.00, 780, 150.00, 0x0000000000000004
2026/10/02 14:54:04.220, 0, 99.74, 63, 100, 150.00, 930, 150.00, 0x0000000000000004
2026/10/02 14:54:04.421, 0, 99.78, 61, 57, 150.00, 1605, 150.00, 0x0000000000000000
2026/10/02 14:54:04.622, 0, 99.87, 61, 0, 150.00, 1605, 150.00, 0x0000000000000000
2026/10/02 14:54:04.822, 0, 99.91, 60, 0, 150.00, 1605, 150.00, 0x0000000000000000
2026/10/02 14:54:05.023, 0, 86.97, 60, 0, 150.00, 1605, 150.00, 0x0000000000000000
2026/10/02 14:54:05.223, 0, 70.61, 60, 0, 150.00, 1605, 150.00, 0x0000000000000000
2026/10/02 14:54:05.424, 0, 77.59, 61, 0, 150.00, 750, 150.00, 0x0000000000000004
2026/10/02 14:54:05.625, 0, 85.23, 61, 100, 150.00, 1680, 150.00, 0x0000000000000004
2026/10/02 14:54:05.825, 0, 85.94, 60, 0, 150.00, 1680, 150.00, 0x0000000000000004
2026/10/02 14:54:06.026, 0, 93.56, 62, 0, 150.00, 810, 150.00, 0x0000000000000004
2026/10/02 14:54:06.226, 0, 101.28, 61, 100, 150.00, 1680, 150.00, 0x0000000000000004
2026/10/02 14:54:06.427, 0, 92.14, 61, 5, 150.00, 1665, 150.00, 0x0000000000000004
2026/10/02 14:54:06.627, 0, 103.16, 62, 0, 150.00, 1515, 150.00, 0x0000000000000004
2026/10/02 14:54:06.828, 0, 103.00, 61, 49, 150.00, 615, 150.00, 0x0000000000000004
2026/10/02 14:54:07.029, 0, 96.02, 61, 61, 150.00, 1680, 150.00, 0x0000000000000004
2026/10/02 14:54:07.229, 0, 89.14, 61, 0, 150.00, 1680, 150.00, 0x0000000000000000
2026/10/02 14:54:07.429, 0, 89.27, 61, 0, 150.00, 1620, 150.00, 0x0000000000000004
2026/10/02 14:54:07.630, 0, 95.07, 62, 0, 150.00, 795, 150.00, 0x0000000000000004
2026/10/02 14:54:07.831, 0, 90.89, 63, 89, 150.00, 1410, 150.00, 0x0000000000000004
2026/10/02 14:54:08.031, 0, 98.27, 61, 27, 150.00, 870, 150.00, 0x0000000000000004
2026/10/02 14:54:08.232, 0, 98.96, 62, 67, 150.00, 1635, 150.00, 0x0000000000000004
2026/10/02 14:54:08.432, 0, 107.00, 62, 0, 150.00, 1515, 150.00, 0x0000000000000004
2026/10/02 14:54:08.633, 0, 111.97, 62, 9, 150.00, 1500, 150.00, 0x0000000000000004
2026/10/02 14:54:08.833, 0, 95.52, 61, 12, 150.00, 1665, 150.00, 0x0000000000000000
2026/10/02 14:54:09.034, 0, 96.00, 60, 0, 150.00, 1665, 150.00, 0x0000000000000000
2026/10/02 14:54:09.235, 0, 86.90, 60, 0, 150.00, 1665, 150.00, 0x0000000000000000
2026/10/02 14:54:09.435, 0, 76.79, 60, 0, 150.00, 1665, 150.00, 0x0000000000000000
2026/10/02 14:54:09.636, 0, 77.14, 60, 0, 150.00, 1665, 150.00, 0x0000000000000000
2026/10/02 14:54:09.836, 0, 77.14, 60, 0, 150.00, 1665, 150.00, 0x0000000000000000
2026/10/02 14:54:10.037, 0, 77.14, 60, 0, 150.00, 1665, 150.00, 0x0000000000000000
2026/10/02 14:54:10.237, 0, 77.14, 60, 0, 150.00, 1665, 150.00, 0x0000000000000000
2026/10/02 14:54:10.438, 0, 77.14, 60, 0, 150.00, 1665, 150.00, 0x0000000000000000
2026/10/02 14:54:10.639, 0, 64.07, 60, 0, 150.00, 1650, 150.00, 0x0000000000000000
2026/10/02 14:54:10.839, 0, 64.07, 60, 0, 150.00, 1650, 150.00, 0x0000000000000000
2026/10/02 14:54:11.040, 0, 64.07, 60, 0, 150.00, 1650, 150.00, 0x0000000000000000
2026/10/02 14:54:11.240, 0, 64.07, 60, 0, 150.00, 1650, 150.00, 0x0000000000000000
2026/10/02 14:54:11.441, 0, 64.07, 60, 0, 150.00, 1650, 150.00, 0x0000000000000000
2026/10/02 14:54:11.642, 0, 63.88, 59, 0, 150.00, 1650, 150.00, 0x0000000000000000
2026/10/02 14:54:11.842, 0, 63.88, 59, 0, 150.00, 1650, 150.00, 0x0000000000000000
2026/10/02 14:54:12.043, 0, 63.88, 59, 0, 150.00, 1650, 150.00, 0x0000000000000000
2026/10/02 14:54:12.243, 0, 63.88, 59, 0, 150.00, 1650, 150.00, 0x0000000000000000
2026/10/02 14:54:12.444, 0, 63.88, 59, 0, 150.00, 1650, 150.00, 0x0000000000000000
2026/10/02 14:54:12.644, 0, 63.74, 59, 0, 150.00, 1650, 150.00, 0x0000000000000000
2026/10/02 14:54:12.845, 0, 63.74, 59, 0, 150.00, 1650, 150.00, 0x0000000000000000
2026/10/02 14:54:13.045, 0, 63.74, 59, 0, 150.00, 1650, 150.00, 0x0000000000000000
2026/10/02 14:54:13.246, 0, 63.74, 59, 0, 150.00, 1650, 150.00, 0x0000000000000000
2026/10/02 14:54:13.446, 0, 63.74, 59, 0, 150.00, 1650, 150.00, 0x0000000000000000
2026/10/02 14:54:13.647, 0, 63.61, 59, 0, 150.00, 1650, 150.00, 0x0000000000000000
2026/10/02 14:54:13.847, 0, 63.61, 59, 0, 150.00, 1650, 150.00, 0x0000000000000000
2026/10/02 14:54:14.048, 0, 63.61, 59, 0, 150.00, 1650, 150.00, 0x0000000000000000
2026/10/02 14:54:14.249, 0, 63.61, 59, 0, 150.00, 1650, 150.00, 0x0000000000000000
2026/10/02 14:54:14.449, 0, 63.61, 59, 0, 150.00, 1650, 150.00, 0x0000000000000000
2026/10/02 14:54:14.650, 0, 62.63, 59, 0, 150.00, 1620, 150.00, 0x0000000000000000
2026/10/02 14:54:14.850, 0, 62.63, 59, 0, 150.00, 1620, 150.00, 0x0000000000000000
2026/10/02 14:54:15.051, 0, 62.63, 59, 0, 150.00, 1620, 150.00, 0x0000000000000000
2026/10/02 14:54:15.252, 0, 62.63, 59, 0, 150.00, 1620, 150.00, 0x0000000000000000
2026/10/02 14:54:15.452, 0, 62.63, 59, 0, 150.00, 1620, 150.00, 0x0000000000000000
2026/10/02 14:54:15.653, 0, 61.78, 59, 0, 150.00, 1620, 150.00, 0x0000000000000000
2026/10/02 14:54:15.853, 0, 61.78, 59, 0, 150.00, 1620, 150.00, 0x0000000000000000
2026/10/02 14:54:16.054, 0, 61.78, 59, 0, 150.00, 1620, 150.00, 0x0000000000000000
2026/10/02 14:54:16.254, 0, 61.78, 59, 0, 150.00, 1620, 150.00, 0x0000000000000000
2026/10/02 14:54:16.455, 0, 61.78, 59, 0, 150.00, 1620, 150.00, 0x0000000000000000
2026/10/02 14:54:16.656, 0, 61.78, 58, 0, 150.00, 1620, 150.00, 0x0000000000000000
2026/10/02 14:54:16.856, 0, 61.78, 58, 0, 150.00, 1620, 150.00, 0x0000000000000000
2026/10/02 14:54:17.057, 0, 61.78, 58, 0, 150.00, 1620, 150.00, 0x0000000000000000
2026/10/02 14:54:17.257, 0, 61.78, 58, 0, 150.00, 1620, 150.00, 0x0000000000000000
2026/10/02 14:54:17.458, 0, 61.78, 58, 0, 150.00, 1620, 150.00, 0x0000000000000000
2026/10/02 14:54:17.658, 0, 61.64, 58, 0, 150.00, 1620, 150.00, 0x0000000000000000
2026/10/02 14:54:17.859, 0, 61.64, 58, 0, 150.00, 1620, 150.00, 0x0000000000000000
2026/10/02 14:54:18.059, 0, 61.64, 58, 0, 150.00, 1620, 150.00, 0x0000000000000000
2026/10/02 14:54:18.259, 0, 61.64, 58, 0, 150.00, 1620, 150.00, 0x0000000000000000
2026/10/02 14:54:18.460, 0, 61.64, 58, 0, 150.00, 1620, 150.00, 0x0000000000000000
2026/10/02 14:54:18.660, 0, 61.36, 58, 0, 150.00, 1605, 150.00, 0x0000000000000000
2026/10/02 14:54:18.861, 0, 61.36, 58, 0, 150.00, 1605, 150.00, 0x0000000000000000
2026/10/02 14:54:19.062, 0, 61.36, 58, 0, 150.00, 1605, 150.00, 0x0000000000000000
2026/10/02 14:54:19.262, 0, 61.36, 58, 0, 150.00, 1605, 150.00, 0x0000000000000000
2026/10/02 14:54:19.463, 0, 61.36, 58, 0, 150.00, 1605, 150.00, 0x0000000000000000
2026/10/02 14:54:19.663, 0, 61.12, 58, 0, 150.00, 1605, 150.00, 0x0000000000000000
2026/10/02 14:54:19.864, 0, 61.12, 58, 0, 150.00, 1605, 150.00, 0x0000000000000000
2026/10/02 14:54:20.065, 0, 61.12, 58, 0, 150.00, 1605, 150.00, 0x0000000000000000
2026/10/02 14:54:20.265, 0, 61.12, 58, 0, 150.00, 1605, 150.00, 0x0000000000000000
2026/10/02 14:54:20.466, 0, 61.12, 58, 0, 150.00, 1605, 150.00, 0x0000000000000000
2026/10/02 14:54:20.666, 0, 61.00, 58, 0, 150.00, 1605, 150.00, 0x0000000000000000
2026/10/02 14:54:20.867, 0, 61.00, 58, 0, 150.00, 1605, 150.00, 0x0000000000000000
2026/10/02 14:54:21.068, 0, 61.00, 58, 0, 150.00, 1605, 150.00, 0x0000000000000000
2026/10/02 14:54:21.268, 0, 61.00, 58, 0, 150.00, 1605, 150.00, 0x0000000000000000
2026/10/02 14:54:21.469, 0, 61.00, 58, 0, 150.00, 1605, 150.00, 0x0000000000000000
2026/10/02 14:54:21.669, 0, 60.86, 57, 0, 150.00, 1605, 150.00, 0x0000000000000000
2026/10/02 14:54:21.870, 0, 60.86, 57, 0, 150.00, 1605, 150.00, 0x0000000000000000
2026/10/02 14:54:22.070, 0, 60.86, 57, 0, 150.00, 1605, 150.00, 0x0000000000000000
2026/10/02 14:54:22.271, 0, 60.86, 57, 0, 150.00, 1605, 150.00, 0x0000000000000000
2026/10/02 14:54:22.471, 0, 60.86, 57, 0, 150.00, 1605, 150.00, 0x0000000000000000
2026/10/02 14:54:22.671, 0, 60.43, 57, 0, 150.00, 1590, 150.00, 0x0000000000000000
2026/10/02 14:54:22.872, 0, 60.43, 57, 0, 150.00, 1590, 150.00, 0x0000000000000000
2026/10/02 14:54:23.072, 0, 60.43, 57, 0, 150.00, 1590, 150.00, 0x0000000000000000
2026/10/02 14:54:23.273, 0, 60.43, 57, 0, 150.00, 1590, 150.00, 0x0000000000000000
2026/10/02 14:54:23.474, 0, 60.07, 57, 0, 150.00, 1590, 150.00, 0x0000000000000000
2026/10/02 14:54:23.674, 0, 60.07, 57, 0, 150.00, 1590, 150.00, 0x0000000000000000
2026/10/02 14:54:23.875, 0, 60.07, 57, 0, 150.00, 1590, 150.00, 0x0000000000000000
2026/10/02 14:54:24.075, 0, 60.07, 57, 0, 150.00, 1590, 150.00, 0x0000000000000000
2026/10/02 14:54:24.276, 0, 60.07, 57, 0, 146.00, 1590, 146.00, 0x0000000000000000
2026/10/02 14:54:24.476, 0, 60.17, 57, 0, 146.00, 1590, 146.00, 0x0000000000000000
2026/10/02 14:54:24.677, 0, 60.17, 57, 0, 146.00, 1590, 146.00, 0x0000000000000000
2026/10/02 14:54:24.878, 0, 60.17, 57, 0, 146.00, 1590, 146.00, 0x0000000000000000
2026/10/02 14:54:25.078, 0, 60.17, 57, 0, 146.00, 1590, 146.00, 0x0000000000000000
2026/10/02 14:54:25.279, 0, 60.17, 57, 0, 146.00, 1590, 146.00, 0x0000000000000000
2026/10/02 14:54:25.479, 0, 59.76, 57, 0, 146.00, 1590, 146.00, 0x0000000000000000
2026/10/02 14:54:25.680, 0, 59.76, 57, 0, 146.00, 1590, 146.00, 0x0000000000000000
2026/10/02 14:54:25.880, 0, 59.76, 57, 0, 146.00, 1590, 146.00, 0x0000000000000000
2026/10/02 14:54:26.081, 0, 59.76, 57, 0, 146.00, 1590, 146.00, 0x0000000000000000
2026/10/02 14:54:26.282, 0, 59.76, 57, 0, 146.00, 1590, 146.00, 0x0000000000000000
2026/10/02 14:54:26.482, 0, 59.53, 57, 0, 146.00, 1575, 146.00, 0x0000000000000000
2026/10/02 14:54:26.683, 0, 59.53, 57, 0, 146.00, 1575, 146.00, 0x0000000000000000
2026/10/02 14:54:26.883, 0, 59.53, 57, 0, 146.00, 1575, 146.00, 0x0000000000000000
2026/10/02 14:54:27.084, 0, 59.53, 57, 0, 146.00, 1575, 146.00, 0x0000000000000000
2026/10/02 14:54:27.285, 0, 59.53, 57, 0, 146.00, 1575, 146.00, 0x0000000000000000
2026/10/02 14:54:27.485, 0, 59.26, 57, 0, 146.00, 1575, 146.00, 0x0000000000000000
2026/10/02 14:54:27.686, 0, 59.26, 57, 0, 146.00, 1575, 146.00, 0x0000000000000000
2026/10/02 14:54:27.886, 0, 59.26, 57, 0, 146.00, 1575, 146.00, 0x0000000000000000
2026/10/02 14:54:28.087, 0, 59.26, 57, 0, 146.00, 1575, 146.00, 0x0000000000000000
2026/10/02 14:54:28.287, 0, 59.26, 57, 0, 146.00, 1575, 146.00, 0x0000000000000000
2026/10/02 14:54:28.488, 0, 59.17, 56, 0, 146.00, 1575, 146.00, 0x0000000000000000
2026/10/02 14:54:28.689, 0, 59.17, 56, 0, 146.00, 1575, 146.00, 0x0000000000000000
2026/10/02 14:54:28.889, 0, 59.17, 56, 0, 146.00, 1575, 146.00, 0x0000000000000000
2026/10/02 14:54:29.090, 0, 59.17, 56, 0, 146.00, 1575, 146.00, 0x0000000000000000
2026/10/02 14:54:29.290, 0, 59.17, 56, 0, 146.00, 1575, 146.00, 0x0000000000000000
2026/10/02 14:54:29.491, 0, 59.07, 56, 0, 146.00, 1575, 146.00, 0x0000000000000000
2026/10/02 14:54:29.692, 0, 59.07, 56, 0, 146.00, 1575, 146.00, 0x0000000000000000
2026/10/02 14:54:29.892, 0, 59.07, 56, 0, 146.00, 1575, 146.00, 0x0000000000000000
2026/10/02 14:54:30.093, 0, 59.07, 56, 0, 146.00, 1575, 146.00, 0x0000000000000000
2026/10/02 14:54:30.293, 0, 59.07, 56, 0, 146.00, 1575, 146.00, 0x0000000000000000
2026/10/02 14:54:30.494, 0, 58.65, 56, 0, 142.00, 1560, 142.00, 0x0000000000000000
2026/10/02 14:54:30.694, 0, 58.65, 56, 0, 142.00, 1560, 142.00, 0x0000000000000000
2026/10/02 14:54:30.895, 0, 58.65, 56, 0, 142.00, 1560, 142.00, 0x0000000000000000
2026/10/02 14:54:31.096, 0, 58.65, 56, 0, 142.00, 1560, 142.00, 0x0000000000000000
2026/10/02 14:54:31.296, 0, 58.65, 56, 0, 142.00, 1560, 142.00, 0x0000000000000000
2026/10/02 14:54:31.497, 0, 58.55, 56, 0, 142.00, 1560, 142.00, 0x0000000000000000
2026/10/02 14:54:31.697, 0, 58.55, 56, 0, 142.00, 1560, 142.00, 0x0000000000000000
2026/10/02 14:54:31.898, 0, 58.55, 56, 0, 142.00, 1560, 142.00, 0x0000000000000000
2026/10/02 14:54:32.098, 0, 58.55, 56, 0, 142.00, 1560, 142.00, 0x0000000000000000
2026/10/02 14:54:32.299, 0, 58.55, 56, 0, 142.00, 1560, 142.00, 0x0000000000000000
2026/10/02 14:54:32.499, 0, 58.50, 56, 0, 142.00, 1560, 142.00, 0x0000000000000000
2026/10/02 14:54:32.700, 0, 58.50, 56, 0, 142.00, 1560, 142.00, 0x0000000000000000
2026/10/02 14:54:32.900, 0, 58.50, 56, 0, 142.00, 1560, 142.00, 0x0000000000000000
2026/10/02 14:54:33.101, 0, 58.50, 56, 0, 142.00, 1560, 142.00, 0x0000000000000000
2026/10/02 14:54:33.301, 0, 58.50, 56, 0, 142.00, 1560, 142.00, 0x0000000000000000
2026/10/02 14:54:33.502, 0, 58.46, 56, 0, 142.00, 1560, 142.00, 0x0000000000000000
2026/10/02 14:54:33.702, 0, 58.46, 56, 0, 142.00, 1560, 142.00, 0x0000000000000000
2026/10/02 14:54:33.903, 0, 58.46, 56, 0, 142.00, 1560, 142.00, 0x0000000000000000
2026/10/02 14:54:34.104, 0, 58.46, 56, 0, 142.00, 1560, 142.00, 0x0000000000000000
2026/10/02 14:54:34.304, 0, 58.46, 56, 0, 142.00, 1560, 142.00, 0x0000000000000000
2026/10/02 14:54:34.505, 0, 58.84, 56, 0, 139.00, 1545, 139.00, 0x0000000000000000
2026/10/02 14:54:34.705, 0, 58.84, 56, 0, 139.00, 1545, 139.00, 0x0000000000000000
2026/10/02 14:54:34.906, 0, 58.84, 56, 0, 139.00, 1545, 139.00, 0x0000000000000000
2026/10/02 14:54:35.106, 0, 58.84, 56, 0, 139.00, 1545, 139.00, 0x0000000000000000
2026/10/02 14:54:35.307, 0, 58.84, 56, 0, 139.00, 1545, 139.00, 0x0000000000000000
2026/10/02 14:54:35.507, 0, 57.26, 55, 0, 139.00, 1545, 139.00, 0x0000000000000000
2026/10/02 14:54:35.708, 0, 57.26, 55, 0, 139.00, 1545, 139.00, 0x0000000000000000
2026/10/02 14:54:35.908, 0, 57.26, 55, 0, 139.00, 1545, 139.00, 0x0000000000000000
2026/10/02 14:54:36.109, 0, 57.26, 55, 0, 139.00, 1545, 139.00, 0x0000000000000000
2026/10/02 14:54:36.309, 0, 57.26, 55, 0, 139.00, 1545, 139.00, 0x0000000000000000
2026/10/02 14:54:36.510, 0, 57.07, 55, 0, 139.00, 1545, 139.00, 0x0000000000000000
2026/10/02 14:54:36.710, 0, 57.07, 55, 0, 139.00, 1545, 139.00, 0x0000000000000000
2026/10/02 14:54:36.911, 0, 57.07, 55, 0, 139.00, 1545, 139.00, 0x0000000000000000
2026/10/02 14:54:37.112, 0, 57.07, 55, 0, 139.00, 1545, 139.00, 0x0000000000000000
2026/10/02 14:54:37.312, 0, 57.07, 55, 0, 139.00, 1545, 139.00, 0x0000000000000000
2026/10/02 14:54:37.513, 0, 57.07, 55, 0, 139.00, 1545, 139.00, 0x0000000000000000
2026/10/02 14:54:37.713, 0, 57.07, 55, 0, 139.00, 1545, 139.00, 0x0000000000000000
2026/10/02 14:54:37.914, 0, 57.07, 55, 0, 139.00, 1545, 139.00, 0x0000000000000000
2026/10/02 14:54:38.114, 0, 57.07, 55, 0, 139.00, 1545, 139.00, 0x0000000000000000
2026/10/02 14:54:38.315, 0, 57.07, 55, 0, 139.00, 1545, 139.00, 0x0000000000000000
2026/10/02 14:54:38.515, 0, 57.02, 55, 0, 139.00, 1545, 139.00, 0x0000000000000000
2026/10/02 14:54:38.716, 0, 57.02, 55, 0, 139.00, 1545, 139.00, 0x0000000000000000
2026/10/02 14:54:38.917, 0, 57.02, 55, 0, 139.00, 1545, 139.00, 0x0000000000000000
2026/10/02 14:54:39.117, 0, 57.74, 55, 11, 139.00, 1530, 139.00, 0x0000000000000000
2026/10/02 14:54:39.317, 0, 58.12, 55, 0, 150.00, 1695, 150.00, 0x0000000000000000
