2026/10/02 18:11:49.131, 0, 22.49, 42, 0, 150.00, 210, 150.00, 0x0000000000000001
2026/10/02 18:11:49.340, 0, 22.49, 42, 0, 150.00, 210, 150.00, 0x0000000000000001
2026/10/02 18:11:49.541, 0, 22.49, 42, 0, 150.00, 210, 150.00, 0x0000000000000001
2026/10/02 18:11:49.741, 0, 22.49, 42, 0, 150.00, 210, 150.00, 0x0000000000000001
2026/10/02 18:11:49.942, 0, 22.49, 42, 0, 150.00, 210, 150.00, 0x0000000000000001
2026/10/02 18:11:50.143, 0, 22.49, 42, 0, 150.00, 210, 150.00, 0x0000000000000001
2026/10/02 18:11:50.344, 0, 22.49, 42, 0, 150.00, 210, 150.00, 0x0000000000000001
2026/10/02 18:11:50.577, 0, 24.68, 43, 1, 150.00, 1695, 150.00, 0x0000000000000000
2026/10/02 18:11:50.778, 0, 32.39, 44, 5, 150.00, 1695, 150.00, 0x0000000000000000
2026/10/02 18:11:50.979, 0, 36.24, 44, 0, 150.00, 1695, 150.00, 0x0000000000000000
2026/10/02 18:11:51.179, 0, 49.03, 45, 28, 150.00, 1620, 150.00, 0x0000000000000004
2026/10/02 18:11:51.380, 0, 50.10, 44, 0, 150.00, 1680, 150.00, 0x0000000000000004
2026/10/02 18:11:51.580, 0, 74.00, 44, 0, 150.00, 1695, 150.00, 0x0000000000000000
2026/10/02 18:11:51.780, 0, 73.03, 45, 57, 150.00, 1575, 150.00, 0x0000000000000004
2026/10/02 18:11:51.981, 0, 72.69, 45, 0, 150.00, 1065, 150.00, 0x0000000000000004
2026/10/02 18:11:52.182, 0, 57.61, 45, 0, 150.00, 1680, 150.00, 0x0000000000000004
2026/10/02 18:11:52.382, 0, 58.68, 45, 1, 150.00, 705, 150.00, 0x0000000000000004
2026/10/02 18:11:52.583, 0, 65.77, 46, 40, 150.00, 1635, 150.00, 0x0000000000000004
2026/10/02 18:11:52.783, 0, 65.70, 45, 0, 150.00, 1680, 150.00, 0x0000000000000004
2026/10/02 18:11:52.984, 0, 66.57, 45, 0, 150.00, 1695, 150.00, 0x0000000000000000
2026/10/02 18:11:53.184, 0, 66.19, 45, 0, 150.00, 885, 150.00, 0x0000000000000000
2026/10/02 18:11:53.385, 0, 66.14, 45, 0, 150.00, 1680, 150.00, 0x0000000000000004
2026/10/02 18:11:53.585, 0, 58.43, 45, 0, 150.00, 1440, 150.00, 0x0000000000000004
2026/10/02 18:11:53.786, 0, 63.02, 46, 0, 150.00, 1680, 150.00, 0x0000000000000004
2026/10/02 18:11:53.987, 0, 62.97, 45, 0, 150.00, 1680, 150.00, 0x0000000000000004
2026/10/02 18:11:54.187, 0, 62.97, 45, 0, 150.00, 1695, 150.00, 0x0000000000000000
2026/10/02 18:11:54.388, 0, 63.15, 45, 0, 150.00, 1695, 150.00, 0x0000000000000000
2026/10/02 18:11:54.588, 0, 67.80, 46, 58, 150.00, 1515, 150.00, 0x0000000000000004
2026/10/02 18:11:54.788, 0, 63.59, 46, 0, 150.00, 1680, 150.00, 0x0000000000000004
2026/10/02 18:11:54.989, 0, 63.85, 45, 0, 150.00, 1695, 150.00, 0x0000000000000004
2026/10/02 18:11:55.189, 0, 63.91, 47, 3, 150.00, 645, 150.00, 0x0000000000000000
2026/10/02 18:11:55.390, 0, 70.80, 47, 38, 150.00, 1635, 150.00, 0x0000000000000004
2026/10/02 18:11:55.590, 0, 77.27, 47, 9, 150.00, 645, 150.00, 0x0000000000000004
2026/10/02 18:11:55.791, 0, 82.64, 48, 15, 150.00, 720, 150.00, 0x0000000000000004
2026/10/02 18:11:55.992, 0, 99.09, 49, 100, 150.00, 1260, 150.00, 0x0000000000000004
2026/10/02 18:11:56.192, 0, 98.47, 48, 60, 150.00, 1545, 150.00, 0x0000000000000004
2026/10/02 18:11:56.393, 0, 100.50, 47, 5, 150.00, 1665, 150.00, 0x0000000000000004
2026/10/02 18:11:56.593, 0, 114.34, 47, 37, 150.00, 1635, 150.00, 0x0000000000000004
2026/10/02 18:11:56.793, 0, 108.53, 47, 0, 150.00, 1665, 150.00, 0x0000000000000000
2026/10/02 18:11:56.994, 0, 91.41, 47, 60, 150.00, 1560, 150.00, 0x0000000000000004
2026/10/02 18:11:57.194, 0, 82.88, 47, 0, 150.00, 1665, 150.00, 0x0000000000000000
2026/10/02 18:11:57.395, 0, 77.14, 48, 7, 150.00, 660, 150.00, 0x0000000000000000
2026/10/02 18:11:57.595, 0, 62.67, 47, 0, 150.00, 1665, 150.00, 0x0000000000000000
2026/10/02 18:11:57.796, 0, 63.40, 46, 0, 150.00, 1665, 150.00, 0x0000000000000000
2026/10/02 18:11:57.996, 0, 63.46, 46, 0, 150.00, 1665, 150.00, 0x0000000000000000
2026/10/02 18:11:58.197, 0, 70.11, 49, 100, 150.00, 855, 150.00, 0x0000000000000004
2026/10/02 18:11:58.397, 0, 87.04, 50, 100, 150.00, 840, 150.00, 0x0000000000000004
2026/10/02 18:11:58.598, 0, 91.82, 49, 47, 150.00, 1620, 150.00, 0x0000000000000004
2026/10/02 18:11:58.798, 0, 115.02, 50, 69, 150.00, 750, 150.00, 0x0000000000000004
2026/10/02 18:11:58.999, 0, 122.04, 49, 50, 150.00, 1605, 150.00, 0x0000000000000004
2026/10/02 18:11:59.199, 0, 134.98, 50, 46, 150.00, 1290, 150.00, 0x0000000000000004
2026/10/02 18:11:59.400, 0, 118.15, 48, 0, 150.00, 1665, 150.00, 0x0000000000000000
2026/10/02 18:11:59.600, 0, 101.19, 47, 0, 150.00, 1665, 150.00, 0x0000000000000000
2026/10/02 18:11:59.801, 0, 101.86, 48, 41, 150.00, 1620, 150.00, 0x0000000000000004
2026/10/02 18:12:00.001, 0, 82.17, 47, 0, 150.00, 1620, 150.00, 0x0000000000000000
2026/10/02 18:12:00.202, 0, 82.50, 47, 0, 150.00, 1620, 150.00, 0x0000000000000000
2026/10/02 18:12:00.402, 0, 69.63, 47, 0, 150.00, 1110, 150.00, 0x0000000000000000
2026/10/02 18:12:00.603, 0, 75.43, 48, 61, 150.00, 1575, 150.00, 0x0000000000000004
2026/10/02 18:12:00.803, 0, 63.06, 47, 0, 150.00, 1620, 150.00, 0x0000000000000000
2026/10/02 18:12:01.004, 0, 74.32, 49, 56, 150.00, 915, 150.00, 0x0000000000000004
2026/10/02 18:12:01.205, 0, 78.12, 48, 0, 150.00, 1620, 150.00, 0x0000000000000000
2026/10/02 18:12:01.405, 0, 78.16, 47, 0, 150.00, 1620, 150.00, 0x0000000000000000
2026/10/02 18:12:01.606, 0, 90.29, 50, 49, 150.00, 1320, 150.00, 0x0000000000000004
2026/10/02 18:12:01.806, 0, 90.15, 49, 61, 150.00, 1545, 150.00, 0x0000000000000004
2026/10/02 18:12:02.007, 0, 90.34, 48, 0, 150.00, 1620, 150.00, 0x0000000000000000
2026/10/02 18:12:02.207, 0, 83.50, 50, 92, 150.00, 840, 150.00, 0x0000000000000004
2026/10/02 18:12:02.407, 0, 82.96, 48, 0, 150.00, 1620, 150.00, 0x0000000000000000
2026/10/02 18:12:02.608, 0, 82.17, 49, 59, 150.00, 1605, 150.00, 0x0000000000000004
2026/10/02 18:12:02.808, 0, 70.12, 48, 0, 150.00, 1620, 150.00, 0x0000000000000000
2026/10/02 18:12:03.009, 0, 70.34, 49, 0, 150.00, 705, 150.00, 0x0000000000000000
2026/10/02 18:12:03.209, 0, 70.00, 48, 0, 150.00, 1620, 150.00, 0x0000000000000000
2026/10/02 18:12:03.410, 0, 62.44, 49, 60, 150.00, 675, 150.00, 0x0000000000000004
2026/10/02 18:12:03.610, 0, 63.78, 49, 0, 150.00, 660, 150.00, 0x0000000000000000
2026/10/02 18:12:03.811, 0, 58.52, 49, 0, 150.00, 1620, 150.00, 0x0000000000000000
2026/10/02 18:12:04.011, 0, 59.60, 49, 59, 150.00, 1620, 150.00, 0x0000000000000004
2026/10/02 18:12:04.212, 0, 59.67, 48, 0, 150.00, 1605, 150.00, 0x0000000000000000
2026/10/02 18:12:04.412, 0, 63.98, 50, 56, 150.00, 810, 150.00, 0x0000000000000004
2026/10/02 18:12:04.613, 0, 63.14, 49, 0, 150.00, 1605, 150.00, 0x0000000000000000
2026/10/02 18:12:04.813, 0, 62.72, 48, 0, 150.00, 690, 150.00, 0x0000000000000000
2026/10/02 18:12:05.014, 0, 74.25, 51, 100, 150.00, 1275, 150.00, 0x0000000000000004
2026/10/02 18:12:05.214, 0, 85.88, 50, 31, 150.00, 1605, 150.00, 0x0000000000000004
2026/10/02 18:12:05.415, 0, 85.96, 49, 0, 150.00, 720, 150.00, 0x0000000000000000
2026/10/02 18:12:05.615, 0, 84.35, 49, 0, 150.00, 1605, 150.00, 0x0000000000000000
2026/10/02 18:12:05.816, 0, 97.96, 50, 22, 150.00, 1260, 150.00, 0x0000000000000000
2026/10/02 18:12:06.016, 0, 103.43, 51, 73, 150.00, 855, 150.00, 0x0000000000000004
2026/10/02 18:12:06.217, 0, 45.41, 49, 0, 105.00, 960, 105.00, 0x0000000000000000
2026/10/02 18:12:06.418, 0, 115.28, 50, 100, 105.00, 420, 105.00, 0x0000000000000004
2026/10/02 18:12:06.619, 0, 110.07, 50, 100, 105.00, 420, 105.00, 0x0000000000000004
2026/10/02 18:12:06.819, 0, 108.34, 50, 100, 105.00, 420, 105.00, 0x0000000000000004
2026/10/02 18:12:07.020, 0, 107.62, 50, 100, 105.00, 960, 105.00, 0x0000000000000004
2026/10/02 18:12:07.221, 0, 94.94, 48, 0, 105.00, 960, 105.00, 0x0000000000000000
2026/10/02 18:12:07.421, 0, 89.50, 49, 70, 105.00, 960, 105.00, 0x0000000000000004
2026/10/02 18:12:07.622, 0, 83.18, 49, 67, 105.00, 435, 105.00, 0x0000000000000004
2026/10/02 18:12:07.823, 0, 77.50, 50, 71, 105.00, 420, 105.00, 0x0000000000000004
2026/10/02 18:12:08.023, 0, 73.50, 50, 48, 105.00, 420, 105.00, 0x0000000000000004
2026/10/02 18:12:08.224, 0, 78.95, 50, 100, 105.00, 870, 105.00, 0x0000000000000004
2026/10/02 18:12:08.424, 0, 73.15, 48, 0, 105.00, 585, 105.00, 0x0000000000000000
2026/10/02 18:12:08.625, 0, 72.27, 48, 0, 105.00, 585, 105.00, 0x0000000000000000
2026/10/02 18:12:08.826, 0, 67.01, 48, 0, 105.00, 585, 105.00, 0x0000000000000000
2026/10/02 18:12:09.026, 0, 67.55, 49, 48, 105.00, 420, 105.00, 0x0000000000000000
2026/10/02 18:12:09.227, 0, 66.23, 50, 100, 105.00, 420, 105.00, 0x0000000000000004
2026/10/02 18:12:09.428, 0, 71.63, 50, 99, 105.00, 585, 105.00, 0x0000000000000004
2026/10/02 18:12:09.628, 0, 71.64, 48, 0, 105.00, 585, 105.00, 0x0000000000000000
2026/10/02 18:12:09.829, 0, 81.43, 50, 100, 105.00, 420, 105.00, 0x0000000000000004
2026/10/02 18:12:10.030, 0, 88.51, 49, 79, 105.00, 585, 105.00, 0x0000000000000004
2026/10/02 18:12:10.231, 0, 83.19, 49, 48, 105.00, 405, 105.00, 0x0000000000000000
2026/10/02 18:12:10.431, 0, 76.82, 48, 0, 105.00, 585, 105.00, 0x0000000000000000
2026/10/02 18:12:10.632, 0, 76.45, 49, 70, 105.00, 420, 105.00, 0x0000000000000004
2026/10/02 18:12:10.833, 0, 83.32, 50, 100, 105.00, 585, 105.00, 0x0000000000000004
2026/10/02 18:12:11.033, 0, 78.95, 49, 34, 105.00, 405, 105.00, 0x0000000000000000
2026/10/02 18:12:11.234, 0, 83.04, 49, 7, 105.00, 585, 105.00, 0x0000000000000000
2026/10/02 18:12:11.435, 0, 83.71, 49, 96, 105.00, 585, 105.00, 0x0000000000000004
2026/10/02 18:12:11.635, 0, 91.63, 50, 100, 105.00, 585, 105.00, 0x0000000000000004
2026/10/02 18:12:11.836, 0, 80.83, 48, 0, 105.00, 585, 105.00, 0x0000000000000000
2026/10/02 18:12:12.037, 0, 81.46, 49, 54, 105.00, 420, 105.00, 0x0000000000000000
2026/10/02 18:12:12.237, 0, 71.91, 48, 0, 105.00, 585, 105.00, 0x0000000000000000
2026/10/02 18:12:12.438, 0, 65.62, 48, 0, 105.00, 585, 105.00, 0x0000000000000000
2026/10/02 18:12:12.639, 0, 60.34, 49, 10, 105.00, 390, 105.00, 0x0000000000000000
2026/10/02 18:12:12.839, 0, 60.37, 49, 31, 105.00, 585, 105.00, 0x0000000000000000
2026/10/02 18:12:13.040, 0, 60.36, 48, 0, 105.00, 585, 105.00, 0x0000000000000000
2026/10/02 18:12:13.241, 0, 51.50, 48, 0, 105.00, 585, 105.00, 0x0000000000000000
2026/10/02 18:12:13.441, 0, 51.44, 48, 0, 105.00, 435, 105.00, 0x0000000000000000
2026/10/02 18:12:13.642, 0, 57.09, 48, 57, 105.00, 585, 105.00, 0x0000000000000000
2026/10/02 18:12:13.842, 0, 48.94, 48, 0, 105.00, 585, 105.00, 0x0000000000000000
2026/10/02 18:12:14.043, 0, 55.07, 49, 50, 105.00, 420, 105.00, 0x0000000000000000
2026/10/02 18:12:14.244, 0, 58.94, 48, 0, 105.00, 585, 105.00, 0x0000000000000000
2026/10/02 18:12:14.444, 0, 64.59, 49, 64, 105.00, 405, 105.00, 0x0000000000000004
2026/10/02 18:12:14.645, 0, 70.15, 50, 100, 105.00, 585, 105.00, 0x0000000000000004
2026/10/02 18:12:14.846, 0, 69.91, 48, 0, 105.00, 585, 105.00, 0x0000000000000000
2026/10/02 18:12:15.046, 0, 69.91, 48, 0, 105.00, 585, 105.00, 0x0000000000000000
2026/10/02 18:12:15.247, 0, 59.83, 48, 0, 105.00, 585, 105.00, 0x0000000000000000
2026/10/02 18:12:15.448, 0, 66.43, 49, 75, 105.00, 585, 105.00, 0x0000000000000004
2026/10/02 18:12:15.648, 0, 66.65, 50, 100, 105.00, 420, 105.00, 0x0000000000000004
2026/10/02 18:12:15.849, 0, 72.26, 50, 100, 105.00, 420, 105.00, 0x0000000000000004
2026/10/02 18:12:16.050, 0, 77.79, 49, 25, 105.00, 585, 105.00, 0x0000000000000000
2026/10/02 18:12:16.250, 0, 77.81, 48, 0, 105.00, 585, 105.00, 0x0000000000000000
2026/10/02 18:12:16.451, 0, 84.14, 50, 100, 105.00, 420, 105.00, 0x0000000000000004
2026/10/02 18:12:16.652, 0, 88.51, 50, 100, 105.00, 420, 105.00, 0x0000000000000004
2026/10/02 18:12:16.852, 0, 88.33, 50, 72, 105.00, 420, 105.00, 0x0000000000000004
2026/10/02 18:12:17.053, 0, 88.24, 50, 100, 105.00, 585, 105.00, 0x0000000000000004
2026/10/02 18:12:17.254, 0, 93.94, 50, 64, 105.00, 420, 105.00, 0x0000000000000004
2026/10/02 18:12:17.454, 0, 98.68, 50, 100, 105.00, 585, 105.00, 0x0000000000000004
2026/10/02 18:12:17.655, 0, 87.63, 49, 0, 105.00, 585, 105.00, 0x0000000000000000
2026/10/02 18:12:17.856, 0, 76.68, 48, 0, 105.00, 585, 105.00, 0x0000000000000000
2026/10/02 18:12:18.056, 0, 77.06, 50, 95, 105.00, 585, 105.00, 0x0000000000000004
2026/10/02 18:12:18.257, 0, 71.55, 48, 0, 105.00, 585, 105.00, 0x0000000000000000
2026/10/02 18:12:18.458, 0, 65.69, 49, 84, 105.00, 420, 105.00, 0x0000000000000004
2026/10/02 18:12:18.666, 0, 71.21, 50, 100, 105.00, 420, 105.00, 0x0000000000000004
2026/10/02 18:12:18.867, 0, 82.24, 50, 100, 105.00, 420, 105.00, 0x0000000000000004
2026/10/02 18:12:19.067, 0, 81.57, 49, 20, 105.00, 690, 105.00, 0x0000000000000000
2026/10/02 18:12:19.268, 0, 81.83, 50, 96, 105.00, 420, 105.00, 0x0000000000000004
2026/10/02 18:12:19.468, 0, 92.74, 51, 100, 105.00, 420, 105.00, 0x0000000000000004
2026/10/02 18:12:19.669, 0, 87.52, 50, 50, 105.00, 690, 105.00, 0x0000000000000000
2026/10/02 18:12:19.870, 0, 76.66, 49, 0, 105.00, 690, 105.00, 0x0000000000000000
2026/10/02 18:12:20.070, 0, 65.60, 48, 0, 105.00, 690, 105.00, 0x0000000000000000
2026/10/02 18:12:20.271, 0, 70.91, 50, 99, 105.00, 420, 105.00, 0x0000000000000004
2026/10/02 18:12:20.472, 0, 68.92, 50, 90, 105.00, 375, 105.00, 0x0000000000000004
2026/10/02 18:12:20.672, 0, 63.51, 50, 51, 105.00, 405, 105.00, 0x0000000000000000
2026/10/02 18:12:20.873, 0, 74.94, 51, 83, 105.00, 420, 105.00, 0x0000000000000004
2026/10/02 18:12:21.074, 0, 78.23, 49, 0, 105.00, 690, 105.00, 0x0000000000000000
2026/10/02 18:12:21.274, 0, 78.26, 49, 0, 105.00, 375, 105.00, 0x0000000000000004
2026/10/02 18:12:21.475, 0, 78.18, 50, 100, 105.00, 420, 105.00, 0x0000000000000004
2026/10/02 18:12:21.675, 0, 74.97, 49, 0, 105.00, 690, 105.00, 0x0000000000000000
2026/10/02 18:12:21.876, 0, 69.33, 49, 0, 105.00, 690, 105.00, 0x0000000000000000
2026/10/02 18:12:22.077, 0, 72.35, 50, 100, 105.00, 690, 105.00, 0x0000000000000000
2026/10/02 18:12:22.277, 0, 72.33, 49, 0, 105.00, 690, 105.00, 0x0000000000000000
2026/10/02 18:12:22.478, 0, 67.07, 48, 0, 105.00, 690, 105.00, 0x0000000000000000
2026/10/02 18:12:22.679, 0, 56.10, 48, 0, 105.00, 660, 105.00, 0x0000000000000000
2026/10/02 18:12:22.880, 0, 56.03, 48, 0, 105.00, 660, 105.00, 0x0000000000000000
2026/10/02 18:12:23.080, 0, 60.88, 50, 100, 105.00, 420, 105.00, 0x0000000000000004
2026/10/02 18:12:23.281, 0, 66.49, 50, 100, 105.00, 420, 105.00, 0x0000000000000004
2026/10/02 18:12:23.482, 0, 74.07, 50, 27, 105.00, 405, 105.00, 0x0000000000000004
2026/10/02 18:12:23.682, 0, 79.56, 49, 30, 105.00, 660, 105.00, 0x0000000000000000
2026/10/02 18:12:23.883, 0, 91.16, 50, 100, 105.00, 420, 105.00, 0x0000000000000004
2026/10/02 18:12:24.084, 0, 96.01, 51, 100, 105.00, 420, 105.00, 0x0000000000000004
2026/10/02 18:12:24.284, 0, 96.00, 51, 100, 105.00, 405, 105.00, 0x0000000000000004
2026/10/02 18:12:24.485, 0, 95.58, 51, 100, 105.00, 420, 105.00, 0x0000000000000004
2026/10/02 18:12:24.686, 0, 99.13, 51, 100, 150.00, 405, 105.00, 0x0000000000000004
2026/10/02 18:12:24.892, 0, 108.54, 51, 100, 150.00, 825, 150.00, 0x0000000000000004
2026/10/02 18:12:25.092, 0, 151.35, 52, 100, 150.00, 765, 150.00, 0x0000000000000004
2026/10/02 18:12:25.293, 0, 134.76, 53, 89, 150.00, 1065, 150.00, 0x0000000000000004
2026/10/02 18:12:25.493, 0, 112.21, 52, 60, 150.00, 1620, 150.00, 0x0000000000000004
2026/10/02 18:12:25.694, 0, 99.14, 51, 0, 150.00, 1680, 150.00, 0x0000000000000004
2026/10/02 18:12:25.894, 0, 91.47, 50, 0, 150.00, 1695, 150.00, 0x0000000000000000
2026/10/02 18:12:26.095, 0, 79.60, 52, 62, 150.00, 825, 150.00, 0x0000000000000004
2026/10/02 18:12:26.295, 0, 68.32, 51, 0, 150.00, 1680, 150.00, 0x0000000000000004
2026/10/02 18:12:26.496, 0, 61.07, 50, 0, 150.00, 1695, 150.00, 0x0000000000000000
2026/10/02 18:12:26.696, 0, 59.39, 50, 0, 150.00, 1695, 150.00, 0x0000000000000004
2026/10/02 18:12:26.896, 0, 72.97, 51, 22, 150.00, 975, 150.00, 0x0000000000000004
2026/10/02 18:12:27.097, 0, 79.60, 51, 3, 150.00, 870, 150.00, 0x0000000000000004
2026/10/02 18:12:27.298, 0, 81.36, 52, 59, 150.00, 1635, 150.00, 0x0000000000000004
2026/10/02 18:12:27.498, 0, 81.22, 51, 0, 150.00, 1665, 150.00, 0x0000000000000000
2026/10/02 18:12:27.699, 0, 81.06, 51, 0, 150.00, 1665, 150.00, 0x0000000000000000
2026/10/02 18:12:27.899, 0, 66.73, 50, 0, 150.00, 1665, 150.00, 0x0000000000000000
2026/10/02 18:12:28.099, 0, 60.15, 50, 0, 150.00, 1665, 150.00, 0x0000000000000000
2026/10/02 18:12:28.300, 0, 73.14, 52, 50, 150.00, 1530, 150.00, 0x0000000000000004
2026/10/02 18:12:28.501, 0, 94.73, 53, 100, 150.00, 840, 150.00, 0x0000000000000004
2026/10/02 18:12:28.701, 0, 99.51, 51, 0, 150.00, 1665, 150.00, 0x0000000000000004
2026/10/02 18:12:28.902, 0, 112.58, 52, 15, 150.00, 1200, 150.00, 0x0000000000000000
2026/10/02 18:12:29.102, 0, 122.74, 51, 56, 150.00, 1665, 150.00, 0x0000000000000000
2026/10/02 18:12:29.303, 0, 116.42, 52, 9, 150.00, 1665, 150.00, 0x0000000000000000
2026/10/02 18:12:29.503, 0, 93.70, 52, 0, 150.00, 1650, 150.00, 0x0000000000000004
2026/10/02 18:12:29.704, 0, 92.64, 52, 0, 150.00, 1620, 150.00, 0x0000000000000004
2026/10/02 18:12:29.904, 0, 84.36, 52, 0, 150.00, 1005, 150.00, 0x0000000000000004
2026/10/02 18:12:30.105, 0, 73.26, 51, 50, 150.00, 1665, 150.00, 0x0000000000000000
2026/10/02 18:12:30.305, 0, 74.68, 53, 0, 150.00, 840, 150.00, 0x0000000000000004
2026/10/02 18:12:30.506, 0, 77.98, 53, 64, 150.00, 1620, 150.00, 0x0000000000000004
2026/10/02 18:12:30.706, 0, 77.96, 51, 0, 150.00, 1665, 150.00, 0x0000000000000000
2026/10/02 18:12:30.907, 0, 73.72, 52, 1, 150.00, 1665, 150.00, 0x0000000000000000
2026/10/02 18:12:31.107, 0, 69.76, 51, 0, 150.00, 1650, 150.00, 0x0000000000000000
2026/10/02 18:12:31.308, 0, 76.51, 52, 0, 150.00, 1590, 150.00, 0x0000000000000004
2026/10/02 18:12:31.508, 0, 68.84, 51, 0, 150.00, 1650, 150.00, 0x0000000000000004
2026/10/02 18:12:31.709, 0, 78.86, 51, 42, 150.00, 1650, 150.00, 0x0000000000000000
2026/10/02 18:12:31.909, 0, 78.46, 52, 0, 150.00, 1650, 150.00, 0x0000000000000000
2026/10/02 18:12:32.110, 0, 78.75, 51, 0, 150.00, 1650, 150.00, 0x0000000000000000
2026/10/02 18:12:32.310, 0, 78.75, 51, 0, 150.00, 1650, 150.00, 0x0000000000000000
2026/10/02 18:12:32.511, 0, 71.98, 51, 0, 150.00, 1650, 150.00, 0x0000000000000000
2026/10/02 18:12:32.711, 0, 58.63, 51, 0, 150.00, 1650, 150.00, 0x0000000000000004
2026/10/02 18:12:32.912, 0, 72.43, 51, 38, 150.00, 1650, 150.00, 0x0000000000000000
2026/10/02 18:12:33.112, 0, 72.65, 51, 0, 150.00, 1650, 150.00, 0x0000000000000000
2026/10/02 18:12:33.313, 0, 72.67, 51, 0, 150.00, 1650, 150.00, 0x0000000000000000
2026/10/02 18:12:33.513, 0, 72.66, 51, 0, 150.00, 1650, 150.00, 0x0000000000000000
2026/10/02 18:12:33.714, 0, 84.10, 51, 18, 150.00, 1080, 150.00, 0x0000000000000004
2026/10/02 18:12:33.915, 0, 79.45, 52, 60, 150.00, 1650, 150.00, 0x0000000000000000
2026/10/02 18:12:34.115, 0, 89.50, 53, 0, 150.00, 1560, 150.00, 0x0000000000000004
2026/10/02 18:12:34.316, 0, 89.29, 51, 1, 150.00, 1650, 150.00, 0x0000000000000000
2026/10/02 18:12:34.516, 0, 89.29, 51, 0, 150.00, 720, 150.00, 0x0000000000000004
2026/10/02 18:12:34.716, 0, 77.03, 51, 57, 150.00, 1650, 150.00, 0x0000000000000004
2026/10/02 18:12:34.917, 0, 89.89, 53, 43, 150.00, 780, 150.00, 0x0000000000000004
2026/10/02 18:12:35.118, 0, 97.76, 52, 99, 105.00, 780, 105.00, 0x0000000000000000
2026/10/02 18:12:35.318, 0, 44.36, 51, 0, 105.00, 270, 105.00, 0x0000000000000004
2026/10/02 18:12:35.519, 0, 70.65, 51, 55, 105.00, 780, 105.00, 0x0000000000000000
2026/10/02 18:12:35.720, 0, 60.15, 50, 0, 105.00, 780, 105.00, 0x0000000000000000
2026/10/02 18:12:35.921, 0, 55.60, 50, 0, 105.00, 780, 105.00, 0x0000000000000000
2026/10/02 18:12:36.121, 0, 53.07, 50, 0, 105.00, 375, 105.00, 0x0000000000000004
2026/10/02 18:12:36.322, 0, 56.67, 51, 83, 105.00, 780, 105.00, 0x0000000000000000
2026/10/02 18:12:36.523, 0, 56.30, 52, 0, 105.00, 780, 105.00, 0x0000000000000000
2026/10/02 18:12:36.723, 0, 60.06, 52, 38, 105.00, 510, 105.00, 0x0000000000000004
2026/10/02 18:12:36.924, 0, 61.13, 51, 75, 105.00, 780, 105.00, 0x0000000000000000
2026/10/02 18:12:37.125, 0, 66.16, 52, 0, 105.00, 780, 105.00, 0x0000000000000000
2026/10/02 18:12:37.325, 0, 61.37, 50, 51, 105.00, 780, 105.00, 0x0000000000000000
2026/10/02 18:12:37.526, 0, 61.18, 50, 0, 105.00, 780, 105.00, 0x0000000000000000
2026/10/02 18:12:37.727, 0, 62.75, 51, 0, 105.00, 420, 105.00, 0x0000000000000004
2026/10/02 18:12:37.927, 0, 60.44, 50, 92, 105.00, 780, 105.00, 0x0000000000000000
2026/10/02 18:12:38.128, 0, 60.40, 50, 0, 105.00, 780, 105.00, 0x0000000000000000
2026/10/02 18:12:38.329, 0, 55.13, 50, 0, 105.00, 780, 105.00, 0x0000000000000000
2026/10/02 18:12:38.529, 0, 55.07, 49, 0, 105.00, 315, 105.00, 0x0000000000000004
2026/10/02 18:12:38.730, 0, 65.10, 51, 73, 105.00, 420, 105.00, 0x0000000000000004
2026/10/02 18:12:38.931, 0, 65.17, 52, 100, 105.00, 420, 105.00, 0x0000000000000004
2026/10/02 18:12:39.131, 0, 76.32, 52, 100, 105.00, 420, 105.00, 0x0000000000000004
2026/10/02 18:12:39.332, 0, 87.66, 52, 100, 150.00, 855, 150.00, 0x0000000000000004
2026/10/02 18:12:39.532, 0, 59.78, 51, 79, 150.00, 1680, 150.00, 0x0000000000000004
2026/10/02 18:12:39.733, 0, 60.64, 51, 0, 150.00, 675, 150.00, 0x0000000000000004
2026/10/02 18:12:39.933, 0, 63.76, 51, 58, 150.00, 1680, 150.00, 0x0000000000000004
2026/10/02 18:12:40.134, 0, 62.93, 51, 0, 150.00, 1680, 150.00, 0x0000000000000004
2026/10/02 18:12:40.334, 0, 62.56, 51, 0, 150.00, 1110, 150.00, 0x0000000000000004
2026/10/02 18:12:40.535, 0, 74.65, 51, 50, 150.00, 1680, 150.00, 0x0000000000000004
2026/10/02 18:12:40.735, 0, 88.79, 53, 0, 150.00, 1590, 150.00, 0x0000000000000004
2026/10/02 18:12:40.936, 0, 85.84, 52, 3, 150.00, 1650, 150.00, 0x0000000000000004
2026/10/02 18:12:41.136, 0, 85.90, 51, 0, 150.00, 1680, 150.00, 0x0000000000000004
2026/10/02 18:12:41.337, 0, 77.33, 52, 0, 150.00, 1635, 150.00, 0x0000000000000004
2026/10/02 18:12:41.537, 0, 91.39, 52, 61, 150.00, 1605, 150.00, 0x0000000000000004
2026/10/02 18:12:41.738, 0, 76.12, 52, 54, 150.00, 1665, 150.00, 0x0000000000000004
2026/10/02 18:12:41.939, 0, 74.90, 51, 0, 150.00, 1665, 150.00, 0x0000000000000000
2026/10/02 18:12:42.139, 0, 94.43, 51, 0, 150.00, 990, 150.00, 0x0000000000000000
2026/10/02 18:12:42.340, 0, 87.87, 52, 21, 150.00, 1665, 150.00, 0x0000000000000000
2026/10/02 18:12:42.540, 0, 78.93, 51, 0, 150.00, 1665, 150.00, 0x0000000000000000
2026/10/02 18:12:42.741, 0, 78.46, 52, 58, 150.00, 1665, 150.00, 0x0000000000000004
2026/10/02 18:12:42.941, 0, 76.81, 51, 0, 150.00, 1665, 150.00, 0x0000000000000000
2026/10/02 18:12:43.142, 0, 92.22, 53, 40, 150.00, 1605, 150.00, 0x0000000000000004
2026/10/02 18:12:43.342, 0, 84.12, 53, 8, 150.00, 1440, 150.00, 0x0000000000000004
2026/10/02 18:12:43.543, 0, 95.02, 52, 0, 150.00, 690, 150.00, 0x0000000000000004
2026/10/02 18:12:43.743, 0, 91.96, 53, 78, 150.00, 1665, 150.00, 0x0000000000000004
2026/10/02 18:12:43.944, 0, 95.28, 53, 61, 150.00, 1665, 150.00, 0x0000000000000004
2026/10/02 18:12:44.144, 0, 92.17, 54, 34, 150.00, 1590, 150.00, 0x0000000000000004
2026/10/02 18:12:44.345, 0, 102.21, 52, 0, 150.00, 1095, 150.00, 0x0000000000000000
2026/10/02 18:12:44.545, 0, 123.79, 53, 83, 150.00, 705, 150.00, 0x0000000000000004
2026/10/02 18:12:44.746, 0, 112.83, 53, 10, 150.00, 1665, 150.00, 0x0000000000000000
2026/10/02 18:12:44.946, 0, 128.84, 54, 34, 150.00, 1590, 150.00, 0x0000000000000004
2026/10/02 18:12:45.147, 0, 112.31, 52, 0, 150.00, 1665, 150.00, 0x0000000000000000
2026/10/02 18:12:45.347, 0, 112.92, 52, 0, 150.00, 1665, 150.00, 0x0000000000000000
2026/10/02 18:12:45.548, 0, 87.50, 52, 0, 150.00, 1650, 150.00, 0x0000000000000000
2026/10/02 18:12:45.748, 0, 87.56, 53, 60, 150.00, 1650, 150.00, 0x0000000000000004
2026/10/02 18:12:45.949, 0, 68.29, 52, 0, 150.00, 1650, 150.00, 0x0000000000000000
2026/10/02 18:12:46.149, 0, 86.58, 53, 40, 150.00, 1605, 150.00, 0x0000000000000004
2026/10/02 18:12:46.350, 0, 85.65, 53, 59, 150.00, 1650, 150.00, 0x0000000000000000
2026/10/02 18:12:46.550, 0, 85.47, 52, 0, 150.00, 1650, 150.00, 0x0000000000000000
2026/10/02 18:12:46.751, 0, 89.45, 54, 30, 150.00, 1575, 150.00, 0x0000000000000004
2026/10/02 18:12:46.951, 0, 108.67, 54, 42, 150.00, 1620, 150.00, 0x0000000000000004
2026/10/02 18:12:47.152, 0, 88.37, 52, 0, 150.00, 1650, 150.00, 0x0000000000000000
2026/10/02 18:12:47.352, 0, 92.24, 52, 0, 150.00, 1245, 150.00, 0x0000000000000004
2026/10/02 18:12:47.553, 0, 93.58, 52, 0, 150.00, 1065, 150.00, 0x0000000000000004
2026/10/02 18:12:47.753, 0, 81.81, 54, 96, 150.00, 1485, 150.00, 0x0000000000000004
2026/10/02 18:12:47.954, 0, 67.46, 52, 0, 150.00, 1650, 150.00, 0x0000000000000000
2026/10/02 18:12:48.154, 0, 75.86, 53, 61, 150.00, 1650, 150.00, 0x0000000000000004
2026/10/02 18:12:48.355, 0, 74.40, 52, 0, 150.00, 1650, 150.00, 0x0000000000000000
2026/10/02 18:12:48.555, 0, 90.79, 54, 36, 150.00, 1605, 150.00, 0x0000000000000004
2026/10/02 18:12:48.756, 0, 81.81, 52, 0, 150.00, 1650, 150.00, 0x0000000000000000
2026/10/02 18:12:48.956, 0, 89.77, 53, 59, 150.00, 1650, 150.00, 0x0000000000000004
2026/10/02 18:12:49.157, 0, 98.81, 54, 48, 150.00, 840, 150.00, 0x0000000000000004
2026/10/02 18:12:49.357, 0, 98.91, 53, 0, 150.00, 1650, 150.00, 0x0000000000000000
2026/10/02 18:12:49.558, 0, 82.29, 52, 0, 150.00, 1650, 150.00, 0x0000000000000000
2026/10/02 18:12:49.758, 0, 85.46, 52, 0, 150.00, 1200, 150.00, 0x0000000000000004
2026/10/02 18:12:49.959, 0, 108.23, 54, 36, 150.00, 1215, 150.00, 0x0000000000000004
2026/10/02 18:12:50.159, 0, 95.21, 53, 38, 150.00, 1650, 150.00, 0x0000000000000000
2026/10/02 18:12:50.360, 0, 89.31, 52, 0, 150.00, 1650, 150.00, 0x0000000000000000
2026/10/02 18:12:50.560, 0, 89.32, 52, 0, 150.00, 1650, 150.00, 0x0000000000000000
2026/10/02 18:12:50.761, 0, 89.20, 52, 0, 150.00, 1650, 150.00, 0x0000000000000000
2026/10/02 18:12:50.961, 0, 72.36, 52, 0, 150.00, 1650, 150.00, 0x0000000000000000
2026/10/02 18:12:51.162, 0, 76.11, 52, 0, 150.00, 1245, 150.00, 0x0000000000000000
2026/10/02 18:12:51.362, 0, 84.58, 54, 100, 150.00, 1605, 150.00, 0x0000000000000004
2026/10/02 18:12:51.563, 0, 98.21, 54, 18, 150.00, 1515, 150.00, 0x0000000000000004
2026/10/02 18:12:51.763, 0, 98.27, 52, 0, 150.00, 1650, 150.00, 0x0000000000000000
2026/10/02 18:12:51.963, 0, 94.81, 52, 0, 150.00, 1650, 150.00, 0x0000000000000000
2026/10/02 18:12:52.164, 0, 94.31, 52, 0, 150.00, 1650, 150.00, 0x0000000000000000
2026/10/02 18:12:52.364, 0, 89.84, 52, 44, 150.00, 1650, 150.00, 0x0000000000000000
2026/10/02 18:12:52.565, 0, 99.00, 54, 73, 150.00, 825, 150.00, 0x0000000000000004
2026/10/02 18:12:52.765, 0, 112.06, 54, 95, 150.00, 1650, 150.00, 0x0000000000000004
2026/10/02 18:12:52.966, 0, 125.83, 53, 0, 150.00, 645, 150.00, 0x0000000000000004
2026/10/02 18:12:53.166, 0, 131.44, 53, 8, 150.00, 1140, 150.00, 0x0000000000000000
2026/10/02 18:12:53.367, 0, 131.89, 55, 100, 150.00, 1635, 150.00, 0x0000000000000004
2026/10/02 18:12:53.567, 0, 112.59, 53, 0, 150.00, 1650, 150.00, 0x0000000000000000
2026/10/02 18:12:53.768, 0, 95.89, 52, 0, 150.00, 1635, 150.00, 0x0000000000000000
2026/10/02 18:12:53.969, 0, 95.84, 52, 0, 150.00, 1635, 150.00, 0x0000000000000000
2026/10/02 18:12:54.169, 0, 84.91, 53, 60, 150.00, 1635, 150.00, 0x0000000000000000
2026/10/02 18:12:54.370, 0, 60.83, 52, 0, 150.00, 1635, 150.00, 0x0000000000000000
2026/10/02 18:12:54.570, 0, 76.66, 52, 0, 150.00, 1335, 150.00, 0x0000000000000000
2026/10/02 18:12:54.771, 0, 75.74, 53, 36, 150.00, 1635, 150.00, 0x0000000000000000
2026/10/02 18:12:54.971, 0, 75.69, 52, 0, 150.00, 1635, 150.00, 0x0000000000000000
2026/10/02 18:12:55.172, 0, 72.71, 52, 0, 150.00, 1635, 150.00, 0x0000000000000000
2026/10/02 18:12:55.372, 0, 84.99, 52, 0, 150.00, 690, 150.00, 0x0000000000000004
2026/10/02 18:12:55.572, 0, 93.54, 52, 0, 150.00, 660, 150.00, 0x0000000000000004
2026/10/02 18:12:55.773, 0, 91.25, 54, 47, 105.00, 720, 105.00, 0x0000000000000000
2026/10/02 18:12:55.974, 0, 105.29, 53, 96, 105.00, 405, 105.00, 0x0000000000000004
2026/10/02 18:12:56.174, 0, 104.39, 54, 100, 105.00, 405, 105.00, 0x0000000000000004
2026/10/02 18:12:56.375, 0, 104.44, 54, 100, 105.00, 405, 105.00, 0x0000000000000004
2026/10/02 18:12:56.576, 0, 87.42, 53, 18, 105.00, 720, 105.00, 0x0000000000000000
2026/10/02 18:12:56.776, 0, 77.90, 52, 0, 105.00, 720, 105.00, 0x0000000000000000
2026/10/02 18:12:56.977, 0, 77.21, 53, 98, 105.00, 720, 105.00, 0x0000000000000000
2026/10/02 18:12:57.178, 0, 66.35, 52, 0, 105.00, 720, 105.00, 0x0000000000000000
2026/10/02 18:12:57.378, 0, 55.54, 51, 0, 105.00, 720, 105.00, 0x0000000000000000
2026/10/02 18:12:57.579, 0, 55.96, 51, 0, 105.00, 360, 105.00, 0x0000000000000004
2026/10/02 18:12:57.780, 0, 65.70, 53, 100, 105.00, 405, 105.00, 0x0000000000000004
2026/10/02 18:12:57.981, 0, 160.00, 53, 100, 150.00, 840, 150.00, 0x0000000000000004
2026/10/02 18:12:58.181, 0, 105.49, 55, 100, 150.00, 1635, 150.00, 0x0000000000000004
2026/10/02 18:12:58.382, 0, 94.93, 54, 59, 150.00, 705, 150.00, 0x0000000000000004
2026/10/02 18:12:58.582, 0, 83.46, 53, 0, 150.00, 1680, 150.00, 0x0000000000000004
2026/10/02 18:12:58.783, 0, 119.64, 55, 32, 150.00, 780, 150.00, 0x0000000000000004
2026/10/02 18:12:58.983, 0, 107.43, 54, 22, 150.00, 1680, 150.00, 0x0000000000000004
2026/10/02 18:12:59.184, 0, 105.95, 53, 0, 150.00, 645, 150.00, 0x0000000000000004
2026/10/02 18:12:59.384, 0, 106.64, 53, 5, 150.00, 1680, 150.00, 0x0000000000000004
2026/10/02 18:12:59.585, 0, 102.16, 53, 0, 150.00, 1680, 150.00, 0x0000000000000004
2026/10/02 18:12:59.785, 0, 110.38, 54, 34, 150.00, 840, 150.00, 0x0000000000000004
2026/10/02 18:12:59.986, 0, 117.02, 55, 6, 150.00, 750, 150.00, 0x0000000000000004
2026/10/02 18:13:00.186, 0, 127.15, 53, 20, 150.00, 795, 150.00, 0x0000000000000004
2026/10/02 18:13:00.386, 0, 135.29, 53, 20, 150.00, 705, 150.00, 0x0000000000000004
2026/10/02 18:13:00.587, 0, 128.08, 53, 14, 150.00, 1665, 150.00, 0x0000000000000000
2026/10/02 18:13:00.787, 0, 111.40, 53, 0, 150.00, 1665, 150.00, 0x0000000000000000
2026/10/02 18:13:00.988, 0, 115.40, 54, 45, 150.00, 1650, 150.00, 0x0000000000000004
2026/10/02 18:13:01.188, 0, 100.60, 53, 0, 150.00, 1665, 150.00, 0x0000000000000000
2026/10/02 18:13:01.389, 0, 93.30, 53, 60, 150.00, 1665, 150.00, 0x0000000000000004
2026/10/02 18:13:01.589, 0, 82.81, 53, 0, 150.00, 1665, 150.00, 0x0000000000000000
2026/10/02 18:13:01.790, 0, 93.46, 53, 56, 150.00, 1665, 150.00, 0x0000000000000004
2026/10/02 18:13:01.990, 0, 94.07, 55, 0, 150.00, 720, 150.00, 0x0000000000000000
2026/10/02 18:13:02.191, 0, 106.91, 54, 86, 150.00, 1650, 150.00, 0x0000000000000004
2026/10/02 18:13:02.391, 0, 104.26, 54, 0, 150.00, 1005, 150.00, 0x0000000000000004
2026/10/02 18:13:02.592, 0, 117.49, 54, 11, 150.00, 1575, 150.00, 0x0000000000000004
2026/10/02 18:13:02.792, 0, 101.84, 54, 0, 150.00, 1500, 150.00, 0x0000000000000004
2026/10/02 18:13:02.993, 0, 102.15, 53, 0, 150.00, 1665, 150.00, 0x0000000000000000
2026/10/02 18:13:03.193, 0, 77.53, 53, 0, 150.00, 1665, 150.00, 0x0000000000000000
2026/10/02 18:13:03.394, 0, 77.95, 53, 0, 150.00, 1665, 150.00, 0x0000000000000000
2026/10/02 18:13:03.594, 0, 59.54, 52, 0, 150.00, 1665, 150.00, 0x0000000000000000
2026/10/02 18:13:03.795, 0, 60.46, 52, 0, 150.00, 1665, 150.00, 0x0000000000000000
2026/10/02 18:13:03.995, 0, 60.46, 52, 0, 150.00, 1665, 150.00, 0x0000000000000000
2026/10/02 18:13:04.195, 0, 60.46, 52, 0, 150.00, 1665, 150.00, 0x0000000000000000
2026/10/02 18:13:04.396, 0, 60.46, 52, 0, 150.00, 1650, 150.00, 0x0000000000000000
2026/10/02 18:13:04.596, 0, 126.98, 54, 100, 150.00, 1530, 150.00, 0x0000000000000004
2026/10/02 18:13:04.797, 0, 139.75, 55, 10, 150.00, 825, 150.00, 0x0000000000000004
2026/10/02 18:13:04.997, 0, 127.24, 53, 29, 150.00, 1650, 150.00, 0x0000000000000000
2026/10/02 18:13:05.198, 0, 118.32, 53, 0, 150.00, 1650, 150.00, 0x0000000000000000
2026/10/02 18:13:05.398, 0, 111.55, 53, 0, 150.00, 1650, 150.00, 0x0000000000000000
2026/10/02 18:13:05.599, 0, 94.70, 55, 70, 150.00, 825, 150.00, 0x0000000000000004
2026/10/02 18:13:05.799, 0, 84.64, 53, 49, 150.00, 1650, 150.00, 0x0000000000000000
2026/10/02 18:13:06.000, 0, 76.25, 53, 0, 150.00, 1650, 150.00, 0x0000000000000000
2026/10/02 18:13:06.200, 0, 76.28, 53, 0, 150.00, 1650, 150.00, 0x0000000000000000
2026/10/02 18:13:06.401, 0, 87.92, 54, 59, 150.00, 1365, 150.00, 0x0000000000000004
2026/10/02 18:13:06.601, 0, 77.48, 53, 0, 150.00, 1650, 150.00, 0x0000000000000000
2026/10/02 18:13:06.802, 0, 70.42, 54, 0, 150.00, 1440, 150.00, 0x0000000000000004
2026/10/02 18:13:07.002, 0, 80.27, 55, 60, 150.00, 1065, 150.00, 0x0000000000000004
2026/10/02 18:13:07.203, 0, 98.00, 55, 1, 150.00, 705, 150.00, 0x0000000000000004
2026/10/02 18:13:07.403, 0, 86.87, 53, 22, 150.00, 1650, 150.00, 0x0000000000000000
2026/10/02 18:13:07.603, 0, 85.07, 53, 0, 150.00, 1650, 150.00, 0x0000000000000000
2026/10/02 18:13:07.804, 0, 85.12, 53, 0, 150.00, 1650, 150.00, 0x0000000000000000
2026/10/02 18:13:08.004, 0, 85.23, 53, 60, 150.00, 1650, 150.00, 0x0000000000000004
2026/10/02 18:13:08.205, 0, 73.76, 55, 0, 150.00, 765, 150.00, 0x0000000000000004
2026/10/02 18:13:08.405, 0, 83.02, 54, 62, 150.00, 1650, 150.00, 0x0000000000000004
2026/10/02 18:13:08.606, 0, 82.99, 53, 0, 150.00, 1650, 150.00, 0x0000000000000000
2026/10/02 18:13:08.806, 0, 83.01, 53, 0, 150.00, 1650, 150.00, 0x0000000000000000
2026/10/02 18:13:09.007, 0, 102.56, 55, 0, 150.00, 765, 150.00, 0x0000000000000000
2026/10/02 18:13:09.207, 0, 98.03, 53, 33, 150.00, 1650, 150.00, 0x0000000000000000
2026/10/02 18:13:09.408, 0, 94.18, 54, 42, 150.00, 1275, 150.00, 0x0000000000000004
2026/10/02 18:13:09.608, 0, 110.80, 55, 60, 150.00, 720, 150.00, 0x0000000000000000
2026/10/02 18:13:09.809, 0, 110.11, 53, 29, 150.00, 1650, 150.00, 0x0000000000000000
2026/10/02 18:13:10.009, 0, 127.09, 54, 33, 150.00, 1095, 150.00, 0x0000000000000004
2026/10/02 18:13:10.210, 0, 111.41, 54, 58, 150.00, 1650, 150.00, 0x0000000000000000
2026/10/02 18:13:10.410, 0, 96.94, 53, 0, 150.00, 1620, 150.00, 0x0000000000000000
2026/10/02 18:13:10.610, 0, 96.24, 53, 0, 150.00, 1620, 150.00, 0x0000000000000000
2026/10/02 18:13:10.811, 0, 80.68, 53, 0, 150.00, 1620, 150.00, 0x0000000000000000
2026/10/02 18:13:11.011, 0, 67.07, 54, 0, 150.00, 1140, 150.00, 0x0000000000000000
2026/10/02 18:13:11.212, 0, 62.25, 53, 56, 150.00, 1620, 150.00, 0x0000000000000000
2026/10/02 18:13:11.412, 0, 62.03, 53, 0, 150.00, 1620, 150.00, 0x0000000000000000
2026/10/02 18:13:11.613, 0, 74.39, 53, 14, 150.00, 1590, 150.00, 0x0000000000000004
2026/10/02 18:13:11.813, 0, 73.86, 54, 0, 150.00, 1515, 150.00, 0x0000000000000004
2026/10/02 18:13:12.014, 0, 81.39, 54, 11, 150.00, 1590, 150.00, 0x0000000000000004
2026/10/02 18:13:12.214, 0, 80.13, 53, 0, 150.00, 1620, 150.00, 0x0000000000000000
2026/10/02 18:13:12.415, 0, 80.19, 53, 0, 150.00, 1620, 150.00, 0x0000000000000000
2026/10/02 18:13:12.615, 0, 68.22, 53, 0, 150.00, 1620, 150.00, 0x0000000000000000
2026/10/02 18:13:12.816, 0, 68.93, 53, 0, 150.00, 1620, 150.00, 0x0000000000000000
2026/10/02 18:13:13.016, 0, 59.90, 53, 58, 150.00, 1620, 150.00, 0x0000000000000000
2026/10/02 18:13:13.217, 0, 60.52, 53, 0, 150.00, 1620, 150.00, 0x0000000000000000
2026/10/02 18:13:13.417, 0, 60.60, 53, 60, 150.00, 1620, 150.00, 0x0000000000000000
2026/10/02 18:13:13.618, 0, 64.45, 54, 0, 150.00, 1275, 150.00, 0x0000000000000004
2026/10/02 18:13:13.818, 0, 65.95, 54, 0, 150.00, 1350, 150.00, 0x0000000000000004
2026/10/02 18:13:14.019, 0, 76.13, 54, 13, 150.00, 1590, 150.00, 0x0000000000000004
2026/10/02 18:13:14.219, 0, 78.31, 54, 0, 150.00, 1335, 150.00, 0x0000000000000004
2026/10/02 18:13:14.420, 0, 78.44, 53, 0, 150.00, 1605, 150.00, 0x0000000000000000
2026/10/02 18:13:14.620, 0, 95.11, 55, 56, 150.00, 1065, 150.00, 0x0000000000000004
2026/10/02 18:13:14.821, 0, 91.57, 54, 3, 150.00, 1605, 150.00, 0x0000000000000000
2026/10/02 18:13:15.021, 0, 81.74, 54, 60, 150.00, 1605, 150.00, 0x0000000000000000
2026/10/02 18:13:15.222, 0, 92.53, 54, 55, 150.00, 1605, 150.00, 0x0000000000000004
2026/10/02 18:13:15.422, 0, 90.57, 53, 0, 150.00, 1605, 150.00, 0x0000000000000000
2026/10/02 18:13:15.623, 0, 80.57, 53, 0, 150.00, 1605, 150.00, 0x0000000000000000
2026/10/02 18:13:15.823, 0, 72.04, 53, 60, 150.00, 1605, 150.00, 0x0000000000000000
2026/10/02 18:13:16.024, 0, 80.79, 55, 0, 150.00, 1005, 150.00, 0x0000000000000004
2026/10/02 18:13:16.224, 0, 86.60, 55, 3, 150.00, 720, 150.00, 0x0000000000000004
2026/10/02 18:13:16.425, 0, 95.09, 55, 20, 150.00, 780, 150.00, 0x0000000000000004
2026/10/02 18:13:16.625, 0, 95.10, 54, 73, 150.00, 1605, 150.00, 0x0000000000000000
2026/10/02 18:13:16.826, 0, 91.82, 53, 0, 150.00, 1605, 150.00, 0x0000000000000000
2026/10/02 18:13:17.026, 0, 91.85, 53, 0, 150.00, 1605, 150.00, 0x0000000000000000
2026/10/02 18:13:17.227, 0, 82.04, 53, 0, 150.00, 1605, 150.00, 0x0000000000000000
2026/10/02 18:13:17.427, 0, 82.24, 55, 0, 150.00, 720, 150.00, 0x0000000000000004
2026/10/02 18:13:17.628, 0, 74.01, 53, 19, 150.00, 1605, 150.00, 0x0000000000000000
2026/10/02 18:13:17.828, 0, 74.00, 53, 0, 150.00, 1605, 150.00, 0x0000000000000000
2026/10/02 18:13:18.029, 0, 87.57, 54, 3, 150.00, 1605, 150.00, 0x0000000000000004
2026/10/02 18:13:18.229, 0, 87.55, 54, 0, 150.00, 1605, 150.00, 0x0000000000000000
2026/10/02 18:13:18.430, 0, 69.26, 54, 0, 147.00, 1605, 147.00, 0x0000000000000000
2026/10/02 18:13:18.630, 0, 58.74, 53, 0, 147.00, 1605, 147.00, 0x0000000000000000
2026/10/02 18:13:18.831, 0, 58.77, 53, 0, 147.00, 1605, 147.00, 0x0000000000000000
2026/10/02 18:13:19.031, 0, 58.68, 53, 0, 147.00, 1605, 147.00, 0x0000000000000000
2026/10/02 18:13:19.232, 0, 69.30, 54, 60, 147.00, 1530, 147.00, 0x0000000000000004
2026/10/02 18:13:19.433, 0, 73.37, 55, 8, 147.00, 1080, 147.00, 0x0000000000000000
2026/10/02 18:13:19.633, 0, 70.00, 54, 0, 147.00, 1605, 147.00, 0x0000000000000000
2026/10/02 18:13:19.834, 0, 70.01, 53, 0, 147.00, 1605, 147.00, 0x0000000000000000
2026/10/02 18:13:20.034, 0, 70.02, 53, 0, 147.00, 1605, 147.00, 0x0000000000000000
2026/10/02 18:13:20.235, 0, 74.16, 54, 7, 147.00, 1605, 147.00, 0x0000000000000004
2026/10/02 18:13:20.435, 0, 82.93, 54, 5, 147.00, 1605, 147.00, 0x0000000000000004
2026/10/02 18:13:20.636, 0, 98.87, 55, 23, 147.00, 750, 147.00, 0x0000000000000000
2026/10/02 18:13:20.836, 0, 94.53, 53, 0, 147.00, 1575, 147.00, 0x0000000000000000
2026/10/02 18:13:21.036, 0, 115.60, 55, 33, 147.00, 660, 147.00, 0x0000000000000000
2026/10/02 18:13:21.237, 0, 107.28, 54, 11, 147.00, 1575, 147.00, 0x0000000000000004
2026/10/02 18:13:21.438, 0, 118.98, 56, 62, 147.00, 780, 147.00, 0x0000000000000004
2026/10/02 18:13:21.638, 0, 114.19, 54, 0, 147.00, 1545, 147.00, 0x0000000000000000
2026/10/02 18:13:21.839, 0, 100.58, 54, 0, 147.00, 1575, 147.00, 0x0000000000000000
2026/10/02 18:13:22.039, 0, 100.57, 53, 0, 147.00, 1575, 147.00, 0x0000000000000000
2026/10/02 18:13:22.240, 0, 75.97, 53, 0, 147.00, 1575, 147.00, 0x0000000000000000
2026/10/02 18:13:22.440, 0, 75.34, 54, 54, 147.00, 855, 147.00, 0x0000000000000004
2026/10/02 18:13:22.641, 0, 46.72, 53, 0, 105.00, 855, 105.00, 0x0000000000000000
2026/10/02 18:13:22.841, 0, 45.08, 53, 0, 105.00, 855, 105.00, 0x0000000000000000
2026/10/02 18:13:23.042, 0, 59.26, 53, 61, 105.00, 855, 105.00, 0x0000000000000004
2026/10/02 18:13:23.242, 0, 54.50, 53, 0, 105.00, 855, 105.00, 0x0000000000000000
2026/10/02 18:13:23.443, 0, 66.10, 54, 100, 105.00, 420, 105.00, 0x0000000000000004
2026/10/02 18:13:23.644, 0, 73.64, 54, 100, 105.00, 405, 105.00, 0x0000000000000004
2026/10/02 18:13:23.845, 0, 74.21, 53, 1, 105.00, 600, 105.00, 0x0000000000000000
2026/10/02 18:13:24.045, 0, 77.58, 54, 100, 105.00, 405, 105.00, 0x0000000000000004
2026/10/02 18:13:24.246, 0, 88.18, 55, 100, 105.00, 405, 105.00, 0x0000000000000004
2026/10/02 18:13:24.447, 0, 94.15, 55, 100, 105.00, 405, 105.00, 0x0000000000000004
2026/10/02 18:13:24.647, 0, 87.74, 54, 61, 105.00, 855, 105.00, 0x0000000000000004
2026/10/02 18:13:24.848, 0, 62.83, 54, 0, 150.00, 1695, 150.00, 0x0000000000000000
2026/10/02 18:13:25.048, 0, 149.90, 55, 36, 150.00, 645, 150.00, 0x0000000000000000
2026/10/02 18:13:25.249, 0, 104.46, 54, 0, 150.00, 1680, 150.00, 0x0000000000000004
2026/10/02 18:13:25.449, 0, 103.96, 55, 73, 150.00, 795, 150.00, 0x0000000000000004
2026/10/02 18:13:25.650, 0, 114.14, 56, 40, 150.00, 720, 150.00, 0x0000000000000004
2026/10/02 18:13:25.850, 0, 103.19, 54, 0, 150.00, 1680, 150.00, 0x0000000000000004
2026/10/02 18:13:26.051, 0, 99.55, 54, 0, 150.00, 1680, 150.00, 0x0000000000000004
2026/10/02 18:13:26.251, 0, 84.46, 53, 0, 150.00, 1695, 150.00, 0x0000000000000000
2026/10/02 18:13:26.452, 0, 84.59, 53, 0, 150.00, 1695, 150.00, 0x0000000000000000
2026/10/02 18:13:26.652, 0, 80.35, 54, 59, 150.00, 1260, 150.00, 0x0000000000000004
2026/10/02 18:13:26.853, 0, 77.80, 54, 10, 105.00, 705, 105.00, 0x0000000000000004
2026/10/02 18:13:27.053, 0, 98.79, 54, 71, 105.00, 405, 105.00, 0x0000000000000004
2026/10/02 18:13:27.254, 0, 65.08, 53, 0, 105.00, 705, 105.00, 0x0000000000000000
2026/10/02 18:13:27.455, 0, 79.93, 54, 100, 105.00, 405, 105.00, 0x0000000000000004
2026/10/02 18:13:27.655, 0, 78.67, 53, 25, 105.00, 705, 105.00, 0x0000000000000000
2026/10/02 18:13:27.856, 0, 84.02, 55, 100, 105.00, 420, 105.00, 0x0000000000000004
2026/10/02 18:13:28.057, 0, 87.70, 55, 100, 105.00, 405, 105.00, 0x0000000000000004
2026/10/02 18:13:28.257, 0, 92.99, 55, 100, 105.00, 405, 105.00, 0x0000000000000004
2026/10/02 18:13:28.458, 0, 98.87, 55, 100, 105.00, 420, 105.00, 0x0000000000000004
2026/10/02 18:13:28.659, 0, 98.67, 55, 100, 105.00, 405, 105.00, 0x0000000000000004
2026/10/02 18:13:28.859, 0, 104.47, 55, 100, 105.00, 405, 105.00, 0x0000000000000004
2026/10/02 18:13:29.060, 0, 152.94, 55, 94, 150.00, 1200, 150.00, 0x0000000000000004
2026/10/02 18:13:29.260, 0, 59.00, 55, 59, 150.00, 1470, 150.00, 0x0000000000000004
2026/10/02 18:13:29.461, 0, 97.15, 56, 100, 150.00, 840, 150.00, 0x0000000000000004
2026/10/02 18:13:29.661, 0, 111.53, 56, 30, 150.00, 675, 150.00, 0x0000000000000004
2026/10/02 18:13:29.862, 0, 113.05, 56, 57, 150.00, 885, 150.00, 0x0000000000000004
2026/10/02 18:13:30.062, 0, 102.63, 54, 0, 150.00, 1680, 150.00, 0x0000000000000004
2026/10/02 18:13:30.263, 0, 99.28, 54, 0, 150.00, 1695, 150.00, 0x0000000000000004
2026/10/02 18:13:30.463, 0, 101.16, 55, 0, 150.00, 1665, 150.00, 0x0000000000000004
2026/10/02 18:13:30.664, 0, 107.54, 55, 37, 150.00, 1605, 150.00, 0x0000000000000004
2026/10/02 18:13:30.864, 0, 115.84, 56, 99, 150.00, 990, 150.00, 0x0000000000000004
2026/10/02 18:13:31.065, 0, 121.69, 57, 100, 150.00, 840, 150.00, 0x0000000000000004
2026/10/02 18:13:31.265, 0, 138.30, 57, 100, 150.00, 825, 150.00, 0x0000000000000004
2026/10/02 18:13:31.466, 0, 147.66, 58, 100, 150.00, 825, 150.00, 0x0000000000000004
2026/10/02 18:13:31.667, 0, 148.68, 57, 100, 150.00, 1065, 150.00, 0x0000000000000004
2026/10/02 18:13:31.867, 0, 134.86, 56, 60, 150.00, 1440, 150.00, 0x0000000000000004
2026/10/02 18:13:32.068, 0, 127.91, 56, 0, 150.00, 1665, 150.00, 0x0000000000000004
2026/10/02 18:13:32.268, 0, 120.73, 57, 64, 150.00, 750, 150.00, 0x0000000000000004
2026/10/02 18:13:32.469, 0, 112.99, 58, 96, 150.00, 825, 150.00, 0x0000000000000004
2026/10/02 18:13:32.669, 0, 114.24, 57, 100, 150.00, 960, 150.00, 0x0000000000000004
2026/10/02 18:13:32.870, 0, 106.28, 56, 0, 150.00, 1680, 150.00, 0x0000000000000004
2026/10/02 18:13:33.070, 0, 108.62, 57, 52, 150.00, 750, 150.00, 0x0000000000000004
2026/10/02 18:13:33.271, 0, 115.26, 57, 100, 150.00, 840, 150.00, 0x0000000000000004
2026/10/02 18:13:33.471, 0, 123.24, 58, 97, 150.00, 960, 150.00, 0x0000000000000004
2026/10/02 18:13:33.672, 0, 120.37, 58, 18, 150.00, 945, 150.00, 0x0000000000000004
2026/10/02 18:13:33.872, 0, 112.61, 57, 59, 150.00, 1350, 150.00, 0x0000000000000004
2026/10/02 18:13:34.073, 0, 131.28, 58, 94, 150.00, 1170, 150.00, 0x0000000000000004
2026/10/02 18:13:34.273, 0, 133.30, 58, 46, 150.00, 690, 150.00, 0x0000000000000004
2026/10/02 18:13:34.474, 0, 125.03, 57, 74, 150.00, 1425, 150.00, 0x0000000000000004
2026/10/02 18:13:34.674, 0, 116.08, 56, 0, 150.00, 1665, 150.00, 0x0000000000000000
2026/10/02 18:13:34.875, 0, 117.11, 57, 49, 150.00, 690, 150.00, 0x0000000000000004
2026/10/02 18:13:35.076, 0, 103.84, 56, 0, 150.00, 1665, 150.00, 0x0000000000000000
2026/10/02 18:13:35.276, 0, 120.31, 57, 61, 150.00, 750, 150.00, 0x0000000000000004
2026/10/02 18:13:35.477, 0, 107.18, 57, 71, 150.00, 1470, 150.00, 0x0000000000000004
2026/10/02 18:13:35.677, 0, 122.62, 58, 30, 150.00, 675, 150.00, 0x0000000000000004
2026/10/02 18:13:35.878, 0, 138.84, 58, 83, 150.00, 900, 150.00, 0x0000000000000004
2026/10/02 18:13:36.078, 0, 142.35, 58, 40, 150.00, 660, 150.00, 0x0000000000000004
2026/10/02 18:13:36.279, 0, 137.84, 57, 3, 150.00, 1650, 150.00, 0x0000000000000004
2026/10/02 18:13:36.480, 0, 118.41, 56, 0, 150.00, 1650, 150.00, 0x0000000000000000
2026/10/02 18:13:36.680, 0, 117.23, 56, 0, 150.00, 1650, 150.00, 0x0000000000000000
2026/10/02 18:13:36.881, 0, 101.82, 57, 73, 150.00, 780, 150.00, 0x0000000000000004
2026/10/02 18:13:37.081, 0, 103.93, 58, 54, 150.00, 675, 150.00, 0x0000000000000004
2026/10/02 18:13:37.282, 0, 88.08, 57, 10, 150.00, 1155, 150.00, 0x0000000000000000
2026/10/02 18:13:37.482, 0, 109.78, 58, 69, 150.00, 690, 150.00, 0x0000000000000004
2026/10/02 18:13:37.683, 0, 127.11, 58, 100, 150.00, 810, 150.00, 0x0000000000000004
2026/10/02 18:13:37.883, 0, 126.68, 57, 60, 150.00, 1485, 150.00, 0x0000000000000004
2026/10/02 18:13:38.084, 0, 128.99, 57, 0, 150.00, 1650, 150.00, 0x0000000000000004
2026/10/02 18:13:38.284, 0, 133.33, 58, 39, 150.00, 645, 150.00, 0x0000000000000000
2026/10/02 18:13:38.485, 0, 117.96, 56, 0, 150.00, 1650, 150.00, 0x0000000000000000
2026/10/02 18:13:38.685, 0, 104.44, 56, 46, 150.00, 1575, 150.00, 0x0000000000000004
2026/10/02 18:13:38.886, 0, 98.36, 57, 55, 150.00, 1530, 150.00, 0x0000000000000004
2026/10/02 18:13:39.087, 0, 107.71, 58, 100, 150.00, 855, 150.00, 0x0000000000000004
2026/10/02 18:13:39.287, 0, 124.87, 59, 100, 150.00, 825, 150.00, 0x0000000000000004
2026/10/02 18:13:39.488, 0, 126.68, 59, 100, 150.00, 825, 150.00, 0x0000000000000004
2026/10/02 18:13:39.688, 0, 133.23, 59, 100, 150.00, 810, 150.00, 0x0000000000000004
2026/10/02 18:13:39.889, 0, 146.06, 59, 100, 150.00, 825, 150.00, 0x0000000000000004
2026/10/02 18:13:40.089, 0, 151.05, 59, 100, 150.00, 1005, 150.00, 0x0000000000000004
2026/10/02 18:13:40.290, 0, 143.82, 58, 60, 150.00, 990, 150.00, 0x0000000000000004
2026/10/02 18:13:40.491, 0, 140.49, 58, 79, 150.00, 1275, 150.00, 0x0000000000000004
2026/10/02 18:13:40.691, 0, 141.43, 59, 100, 150.00, 825, 150.00, 0x0000000000000004
2026/10/02 18:13:40.892, 0, 143.43, 59, 85, 150.00, 915, 150.00, 0x0000000000000004
2026/10/02 18:13:41.092, 0, 136.41, 59, 100, 150.00, 840, 150.00, 0x0000000000000004
2026/10/02 18:13:41.293, 0, 144.65, 59, 100, 150.00, 825, 150.00, 0x0000000000000004
2026/10/02 18:13:41.493, 0, 142.09, 60, 100, 150.00, 795, 150.00, 0x0000000000000004
2026/10/02 18:13:41.694, 0, 145.93, 60, 100, 150.00, 825, 150.00, 0x0000000000000004
2026/10/02 18:13:41.894, 0, 142.27, 59, 100, 150.00, 810, 150.00, 0x0000000000000004
2026/10/02 18:13:42.095, 0, 149.57, 60, 100, 150.00, 810, 150.00, 0x0000000000000004
2026/10/02 18:13:42.296, 0, 152.24, 60, 100, 150.00, 810, 150.00, 0x0000000000000004
2026/10/02 18:13:42.496, 0, 143.46, 60, 87, 150.00, 810, 150.00, 0x0000000000000004
2026/10/02 18:13:42.697, 0, 146.67, 60, 78, 150.00, 765, 150.00, 0x0000000000000004
2026/10/02 18:13:42.897, 0, 137.70, 60, 66, 150.00, 810, 150.00, 0x0000000000000004
2026/10/02 18:13:43.098, 0, 132.21, 59, 58, 150.00, 1620, 150.00, 0x0000000000000004
2026/10/02 18:13:43.298, 0, 121.53, 60, 85, 150.00, 825, 150.00, 0x0000000000000004
2026/10/02 18:13:43.499, 0, 117.80, 58, 40, 105.00, 825, 105.00, 0x0000000000000000
2026/10/02 18:13:43.700, 0, 104.49, 59, 100, 105.00, 390, 105.00, 0x0000000000000004
2026/10/02 18:13:43.900, 0, 104.56, 58, 100, 105.00, 405, 105.00, 0x0000000000000004
2026/10/02 18:13:44.101, 0, 104.95, 58, 100, 105.00, 390, 105.00, 0x0000000000000004
2026/10/02 18:13:44.302, 0, 104.89, 58, 100, 105.00, 390, 105.00, 0x0000000000000004
2026/10/02 18:13:44.502, 0, 104.40, 58, 100, 105.00, 390, 105.00, 0x0000000000000004
2026/10/02 18:13:44.703, 0, 104.41, 58, 100, 105.00, 390, 105.00, 0x0000000000000004
2026/10/02 18:13:44.904, 0, 104.30, 58, 100, 105.00, 390, 105.00, 0x0000000000000004
2026/10/02 18:13:45.105, 0, 104.21, 58, 100, 105.00, 390, 105.00, 0x0000000000000004
2026/10/02 18:13:45.305, 0, 104.11, 58, 100, 105.00, 390, 105.00, 0x0000000000000004
2026/10/02 18:13:45.506, 0, 104.36, 58, 100, 105.00, 390, 105.00, 0x0000000000000004
2026/10/02 18:13:45.707, 0, 171.41, 59, 100, 150.00, 780, 150.00, 0x0000000000000004
2026/10/02 18:13:45.907, 0, 151.31, 60, 100, 150.00, 795, 150.00, 0x0000000000000004
2026/10/02 18:13:46.108, 0, 150.37, 60, 100, 150.00, 795, 150.00, 0x0000000000000004
2026/10/02 18:13:46.308, 0, 150.00, 60, 100, 150.00, 780, 150.00, 0x0000000000000004
2026/10/02 18:13:46.509, 0, 149.91, 60, 100, 150.00, 705, 150.00, 0x0000000000000004
2026/10/02 18:13:46.710, 0, 140.57, 59, 31, 150.00, 1665, 150.00, 0x0000000000000004
2026/10/02 18:13:46.910, 0, 145.71, 60, 100, 150.00, 1005, 150.00, 0x0000000000000004
2026/10/02 18:13:47.111, 0, 143.77, 60, 38, 150.00, 735, 150.00, 0x0000000000000004
2026/10/02 18:13:47.311, 0, 144.38, 60, 100, 150.00, 825, 150.00, 0x0000000000000004
2026/10/02 18:13:47.512, 0, 145.09, 61, 100, 150.00, 1260, 150.00, 0x0000000000000004
2026/10/02 18:13:47.712, 0, 135.45, 60, 61, 150.00, 1440, 150.00, 0x0000000000000004
2026/10/02 18:13:47.913, 0, 123.53, 58, 0, 150.00, 1680, 150.00, 0x0000000000000004
2026/10/02 18:13:48.113, 0, 140.45, 60, 47, 150.00, 660, 150.00, 0x0000000000000004
2026/10/02 18:13:48.314, 0, 143.80, 61, 67, 150.00, 855, 150.00, 0x0000000000000004
2026/10/02 18:13:48.515, 0, 143.61, 60, 92, 150.00, 1410, 150.00, 0x0000000000000004
2026/10/02 18:13:48.715, 0, 135.81, 59, 60, 150.00, 1605, 150.00, 0x0000000000000004
2026/10/02 18:13:48.916, 0, 141.10, 60, 48, 150.00, 1260, 150.00, 0x0000000000000004
2026/10/02 18:13:49.116, 0, 142.31, 60, 100, 150.00, 810, 150.00, 0x0000000000000004
2026/10/02 18:13:49.317, 0, 135.16, 61, 52, 150.00, 705, 150.00, 0x0000000000000004
2026/10/02 18:13:49.517, 0, 110.35, 60, 60, 150.00, 780, 150.00, 0x0000000000000004
2026/10/02 18:13:49.718, 0, 102.23, 60, 62, 105.00, 1605, 150.00, 0x0000000000000004
2026/10/02 18:13:49.919, 0, 100.43, 60, 100, 105.00, 390, 105.00, 0x0000000000000004
2026/10/02 18:13:50.120, 0, 104.87, 60, 100, 105.00, 390, 105.00, 0x0000000000000004
2026/10/02 18:13:50.320, 0, 104.37, 59, 100, 105.00, 375, 105.00, 0x0000000000000004
2026/10/02 18:13:50.521, 0, 104.50, 59, 100, 105.00, 390, 105.00, 0x0000000000000004
2026/10/02 18:13:50.722, 0, 104.39, 59, 100, 105.00, 390, 105.00, 0x0000000000000004
2026/10/02 18:13:50.922, 0, 104.55, 59, 100, 105.00, 390, 105.00, 0x0000000000000004
2026/10/02 18:13:51.123, 0, 104.55, 59, 100, 105.00, 390, 105.00, 0x0000000000000004
2026/10/02 18:13:51.324, 0, 104.12, 59, 97, 105.00, 765, 105.00, 0x0000000000000004
2026/10/02 18:13:51.525, 0, 104.64, 59, 100, 105.00, 390, 105.00, 0x0000000000000004
2026/10/02 18:13:51.725, 0, 104.62, 59, 100, 105.00, 390, 105.00, 0x0000000000000004
2026/10/02 18:13:51.926, 0, 99.39, 58, 18, 150.00, 1650, 150.00, 0x0000000000000000
2026/10/02 18:13:52.126, 0, 54.60, 59, 42, 150.00, 1620, 150.00, 0x0000000000000004
2026/10/02 18:13:52.327, 0, 142.22, 60, 100, 150.00, 840, 150.00, 0x0000000000000004
2026/10/02 18:13:52.527, 0, 163.54, 60, 38, 150.00, 690, 150.00, 0x0000000000000004
2026/10/02 18:13:52.728, 0, 159.96, 61, 100, 150.00, 795, 150.00, 0x0000000000000004
2026/10/02 18:13:52.929, 0, 158.38, 61, 100, 150.00, 795, 150.00, 0x0000000000000004
2026/10/02 18:13:53.129, 0, 154.74, 61, 35, 150.00, 750, 150.00, 0x0000000000000004
2026/10/02 18:13:53.330, 0, 152.68, 60, 17, 150.00, 645, 150.00, 0x0000000000000004
2026/10/02 18:13:53.530, 0, 142.25, 60, 44, 150.00, 690, 150.00, 0x0000000000000004
2026/10/02 18:13:53.730, 0, 132.28, 60, 14, 150.00, 690, 150.00, 0x0000000000000004
2026/10/02 18:13:53.931, 0, 135.44, 61, 69, 150.00, 1050, 150.00, 0x0000000000000004
2026/10/02 18:13:54.132, 0, 105.89, 60, 90, 105.00, 1050, 105.00, 0x0000000000000004
2026/10/02 18:13:54.332, 0, 101.63, 60, 100, 105.00, 390, 105.00, 0x0000000000000004
2026/10/02 18:13:54.533, 0, 89.47, 59, 25, 105.00, 600, 105.00, 0x0000000000000000
2026/10/02 18:13:54.733, 0, 93.96, 60, 100, 105.00, 390, 105.00, 0x0000000000000004
2026/10/02 18:13:54.934, 0, 97.00, 60, 100, 105.00, 390, 105.00, 0x0000000000000004
2026/10/02 18:13:55.135, 0, 98.74, 60, 100, 105.00, 390, 105.00, 0x0000000000000004
2026/10/02 18:13:55.335, 0, 94.79, 59, 54, 105.00, 390, 105.00, 0x0000000000000004
2026/10/02 18:13:55.536, 0, 94.93, 59, 100, 105.00, 390, 105.00, 0x0000000000000004
2026/10/02 18:13:55.737, 0, 100.46, 60, 100, 105.00, 390, 105.00, 0x0000000000000004
2026/10/02 18:13:55.937, 0, 100.75, 60, 100, 105.00, 405, 105.00, 0x0000000000000004
2026/10/02 18:13:56.138, 0, 99.98, 60, 100, 150.00, 345, 105.00, 0x0000000000000004
2026/10/02 18:13:56.338, 0, 149.12, 61, 100, 150.00, 810, 150.00, 0x0000000000000004
2026/10/02 18:13:56.539, 0, 121.51, 61, 47, 150.00, 855, 150.00, 0x0000000000000004
2026/10/02 18:13:56.739, 0, 97.16, 60, 2, 150.00, 1005, 150.00, 0x0000000000000004
2026/10/02 18:13:56.940, 0, 108.74, 61, 25, 150.00, 645, 150.00, 0x0000000000000004
2026/10/02 18:13:57.140, 0, 97.95, 59, 0, 150.00, 1680, 150.00, 0x0000000000000004
2026/10/02 18:13:57.341, 0, 110.43, 61, 100, 150.00, 810, 150.00, 0x0000000000000004
2026/10/02 18:13:57.541, 0, 111.41, 61, 100, 150.00, 810, 150.00, 0x0000000000000004
2026/10/02 18:13:57.742, 0, 128.15, 62, 100, 150.00, 825, 150.00, 0x0000000000000004
2026/10/02 18:13:57.942, 0, 142.57, 61, 35, 150.00, 690, 150.00, 0x0000000000000004
2026/10/02 18:13:58.143, 0, 128.87, 59, 0, 150.00, 1680, 150.00, 0x0000000000000004
2026/10/02 18:13:58.343, 0, 118.61, 59, 0, 150.00, 1695, 150.00, 0x0000000000000004
2026/10/02 18:13:58.544, 0, 102.51, 59, 0, 150.00, 1695, 150.00, 0x0000000000000000
2026/10/02 18:13:58.744, 0, 86.54, 59, 0, 150.00, 1695, 150.00, 0x0000000000000000
2026/10/02 18:13:58.945, 0, 94.91, 61, 100, 150.00, 810, 150.00, 0x0000000000000004
2026/10/02 18:13:59.145, 0, 100.94, 61, 53, 150.00, 660, 150.00, 0x0000000000000004
2026/10/02 18:13:59.346, 0, 99.68, 60, 62, 150.00, 1545, 150.00, 0x0000000000000004
2026/10/02 18:13:59.546, 0, 106.83, 61, 74, 150.00, 810, 150.00, 0x0000000000000004
2026/10/02 18:13:59.747, 0, 106.58, 60, 0, 150.00, 1170, 150.00, 0x0000000000000004
2026/10/02 18:13:59.947, 0, 99.67, 59, 6, 150.00, 1680, 150.00, 0x0000000000000004
2026/10/02 18:14:00.148, 0, 94.75, 61, 0, 150.00, 690, 150.00, 0x0000000000000004
2026/10/02 18:14:00.349, 0, 104.46, 59, 86, 150.00, 1665, 150.00, 0x0000000000000004
2026/10/02 18:14:00.549, 0, 97.05, 59, 0, 150.00, 1410, 150.00, 0x0000000000000000
2026/10/02 18:14:00.750, 0, 111.80, 61, 80, 150.00, 840, 150.00, 0x0000000000000004
2026/10/02 18:14:00.950, 0, 101.96, 59, 35, 150.00, 1665, 150.00, 0x0000000000000000
2026/10/02 18:14:01.151, 0, 105.56, 60, 0, 150.00, 1545, 150.00, 0x0000000000000004
2026/10/02 18:14:01.351, 0, 98.02, 61, 22, 150.00, 675, 150.00, 0x0000000000000004
2026/10/02 18:14:01.552, 0, 97.57, 60, 52, 150.00, 975, 150.00, 0x0000000000000000
2026/10/02 18:14:01.752, 0, 91.35, 59, 59, 150.00, 1665, 150.00, 0x0000000000000004
2026/10/02 18:14:01.953, 0, 91.49, 61, 0, 150.00, 825, 150.00, 0x0000000000000004
2026/10/02 18:14:02.154, 0, 98.88, 61, 75, 150.00, 660, 150.00, 0x0000000000000004
2026/10/02 18:14:02.354, 0, 97.11, 61, 100, 105.00, 210, 105.00, 0x0000000000000000
2026/10/02 18:14:02.555, 0, 103.83, 60, 100, 105.00, 390, 105.00, 0x0000000000000004
2026/10/02 18:14:02.756, 0, 104.12, 60, 100, 105.00, 375, 105.00, 0x0000000000000004
2026/10/02 18:14:02.956, 0, 104.30, 60, 100, 105.00, 270, 105.00, 0x0000000000000004
2026/10/02 18:14:03.157, 0, 101.82, 60, 100, 105.00, 390, 105.00, 0x0000000000000004
2026/10/02 18:14:03.358, 0, 102.37, 60, 100, 105.00, 375, 105.00, 0x0000000000000004
2026/10/02 18:14:03.558, 0, 102.70, 60, 100, 105.00, 675, 105.00, 0x0000000000000004
2026/10/02 18:14:03.759, 0, 102.24, 60, 66, 105.00, 375, 105.00, 0x0000000000000004
2026/10/02 18:14:03.960, 0, 102.25, 60, 100, 105.00, 375, 105.00, 0x0000000000000004
2026/10/02 18:14:04.160, 0, 98.48, 59, 100, 105.00, 675, 105.00, 0x0000000000000000
2026/10/02 18:14:04.361, 0, 88.22, 58, 0, 105.00, 675, 105.00, 0x0000000000000000
2026/10/02 18:14:04.562, 0, 82.75, 59, 0, 105.00, 390, 105.00, 0x0000000000000004
2026/10/02 18:14:04.762, 0, 84.34, 60, 74, 105.00, 705, 105.00, 0x0000000000000004
2026/10/02 18:14:04.963, 0, 78.63, 59, 25, 105.00, 390, 105.00, 0x0000000000000004
2026/10/02 18:14:05.164, 0, 78.63, 60, 100, 105.00, 705, 105.00, 0x0000000000000004
2026/10/02 18:14:05.364, 0, 78.62, 58, 22, 105.00, 705, 105.00, 0x0000000000000000
2026/10/02 18:14:05.565, 0, 83.68, 59, 1, 105.00, 405, 105.00, 0x0000000000000004
2026/10/02 18:14:05.766, 0, 82.76, 59, 100, 105.00, 390, 105.00, 0x0000000000000004
2026/10/02 18:14:05.967, 0, 88.05, 60, 100, 105.00, 390, 105.00, 0x0000000000000004
2026/10/02 18:14:06.167, 0, 88.42, 60, 100, 105.00, 375, 105.00, 0x0000000000000004
2026/10/02 18:14:06.368, 0, 93.43, 60, 100, 105.00, 390, 105.00, 0x0000000000000004
2026/10/02 18:14:06.569, 0, 104.05, 60, 100, 150.00, 1080, 150.00, 0x0000000000000004
2026/10/02 18:14:06.769, 0, 153.93, 61, 100, 150.00, 795, 150.00, 0x0000000000000004
2026/10/02 18:14:06.970, 0, 95.72, 60, 74, 150.00, 870, 150.00, 0x0000000000000004
2026/10/02 18:14:07.170, 0, 87.51, 60, 60, 150.00, 630, 150.00, 0x0000000000000004
2026/10/02 18:14:07.371, 0, 100.01, 61, 53, 150.00, 1170, 150.00, 0x0000000000000004
2026/10/02 18:14:07.571, 0, 90.38, 60, 25, 150.00, 1635, 150.00, 0x0000000000000004
2026/10/02 18:14:07.772, 0, 98.24, 60, 42, 150.00, 1680, 150.00, 0x0000000000000004
2026/10/02 18:14:07.972, 0, 89.92, 59, 0, 150.00, 1680, 150.00, 0x0000000000000004
2026/10/02 18:14:08.173, 0, 105.76, 61, 64, 150.00, 795, 150.00, 0x0000000000000004
2026/10/02 18:14:08.373, 0, 106.21, 61, 62, 150.00, 780, 150.00, 0x0000000000000004
2026/10/02 18:14:08.574, 0, 100.19, 60, 87, 150.00, 1650, 150.00, 0x0000000000000004
2026/10/02 18:14:08.775, 0, 93.47, 60, 5, 105.00, 420, 105.00, 0x0000000000000004
2026/10/02 18:14:08.975, 0, 103.89, 60, 100, 105.00, 375, 105.00, 0x0000000000000004
2026/10/02 18:14:09.176, 0, 104.27, 60, 100, 105.00, 375, 105.00, 0x0000000000000004
2026/10/02 18:14:09.377, 0, 104.12, 60, 100, 105.00, 390, 105.00, 0x0000000000000004
2026/10/02 18:14:09.578, 0, 103.68, 60, 100, 105.00, 390, 105.00, 0x0000000000000004
2026/10/02 18:14:09.778, 0, 103.75, 60, 100, 105.00, 390, 105.00, 0x0000000000000004
2026/10/02 18:14:09.979, 0, 103.89, 60, 100, 105.00, 375, 105.00, 0x0000000000000004
2026/10/02 18:14:10.180, 0, 103.77, 60, 100, 105.00, 375, 105.00, 0x0000000000000004
2026/10/02 18:14:10.380, 0, 103.61, 60, 100, 105.00, 390, 105.00, 0x0000000000000004
2026/10/02 18:14:10.581, 0, 103.56, 60, 100, 105.00, 390, 105.00, 0x0000000000000004
2026/10/02 18:14:10.782, 0, 103.95, 60, 100, 150.00, 390, 150.00, 0x0000000000000004
2026/10/02 18:14:10.982, 0, 152.78, 61, 100, 150.00, 795, 150.00, 0x0000000000000004
2026/10/02 18:14:11.183, 0, 151.55, 62, 100, 150.00, 780, 150.00, 0x0000000000000004
2026/10/02 18:14:11.383, 0, 150.74, 62, 100, 150.00, 780, 150.00, 0x0000000000000004
2026/10/02 18:14:11.584, 0, 150.38, 62, 100, 150.00, 765, 150.00, 0x0000000000000004
2026/10/02 18:14:11.785, 0, 149.45, 62, 100, 150.00, 795, 150.00, 0x0000000000000004
2026/10/02 18:14:11.985, 0, 149.81, 62, 100, 150.00, 795, 150.00, 0x0000000000000004
2026/10/02 18:14:12.186, 0, 149.76, 62, 100, 150.00, 780, 150.00, 0x0000000000000004
2026/10/02 18:14:12.386, 0, 149.66, 63, 100, 150.00, 765, 150.00, 0x0000000000000004
2026/10/02 18:14:12.587, 0, 149.63, 63, 100, 150.00, 735, 150.00, 0x0000000000000004
2026/10/02 18:14:12.788, 0, 151.05, 63, 100, 150.00, 735, 150.00, 0x0000000000000004
2026/10/02 18:14:12.988, 0, 135.27, 62, 47, 150.00, 630, 150.00, 0x0000000000000004
2026/10/02 18:14:13.189, 0, 129.78, 62, 61, 150.00, 810, 150.00, 0x0000000000000004
2026/10/02 18:14:13.390, 0, 122.55, 62, 100, 150.00, 1620, 150.00, 0x0000000000000004
2026/10/02 18:14:13.590, 0, 107.37, 60, 0, 150.00, 1680, 150.00, 0x0000000000000004
2026/10/02 18:14:13.791, 0, 115.07, 62, 39, 150.00, 795, 150.00, 0x0000000000000004
2026/10/02 18:14:13.991, 0, 119.47, 63, 82, 150.00, 795, 150.00, 0x0000000000000004
2026/10/02 18:14:14.192, 0, 135.90, 63, 100, 150.00, 795, 150.00, 0x0000000000000004
2026/10/02 18:14:14.393, 0, 139.88, 63, 100, 150.00, 1290, 150.00, 0x0000000000000004
2026/10/02 18:14:14.593, 0, 144.26, 61, 29, 150.00, 1650, 150.00, 0x0000000000000004
2026/10/02 18:14:14.794, 0, 150.47, 62, 24, 150.00, 1365, 150.00, 0x0000000000000004
2026/10/02 18:14:14.994, 0, 137.20, 61, 21, 150.00, 1680, 150.00, 0x0000000000000004
2026/10/02 18:14:15.195, 0, 121.93, 60, 0, 150.00, 1695, 150.00, 0x0000000000000004
2026/10/02 18:14:15.395, 0, 106.09, 60, 0, 150.00, 1695, 150.00, 0x0000000000000000
2026/10/02 18:14:15.596, 0, 86.32, 60, 0, 150.00, 840, 150.00, 0x0000000000000000
2026/10/02 18:14:15.796, 0, 74.68, 61, 59, 150.00, 660, 150.00, 0x0000000000000004
2026/10/02 18:14:15.997, 0, 73.99, 61, 100, 150.00, 1665, 150.00, 0x0000000000000004
2026/10/02 18:14:16.197, 0, 87.78, 61, 30, 150.00, 1665, 150.00, 0x0000000000000004
2026/10/02 18:14:16.398, 0, 100.80, 61, 28, 150.00, 1665, 150.00, 0x0000000000000004
2026/10/02 18:14:16.599, 0, 123.00, 62, 29, 150.00, 1395, 150.00, 0x0000000000000004
2026/10/02 18:14:16.799, 0, 136.70, 62, 17, 150.00, 750, 150.00, 0x0000000000000004
2026/10/02 18:14:17.000, 0, 145.41, 63, 100, 150.00, 810, 150.00, 0x0000000000000004
2026/10/02 18:14:17.200, 0, 147.44, 63, 100, 150.00, 810, 150.00, 0x0000000000000004
2026/10/02 18:14:17.401, 0, 141.69, 62, 100, 150.00, 660, 150.00, 0x0000000000000004
2026/10/02 18:14:17.601, 0, 127.40, 61, 60, 150.00, 1680, 150.00, 0x0000000000000004
2026/10/02 18:14:17.802, 0, 130.06, 61, 53, 150.00, 900, 150.00, 0x0000000000000004
2026/10/02 18:14:18.002, 0, 116.56, 63, 62, 150.00, 825, 150.00, 0x0000000000000004
2026/10/02 18:14:18.203, 0, 99.90, 61, 62, 150.00, 1680, 150.00, 0x0000000000000004
2026/10/02 18:14:18.403, 0, 90.85, 62, 0, 150.00, 810, 150.00, 0x0000000000000004
2026/10/02 18:14:18.604, 0, 99.48, 61, 100, 150.00, 1680, 150.00, 0x0000000000000004
2026/10/02 18:14:18.804, 0, 89.06, 61, 0, 150.00, 1680, 150.00, 0x0000000000000004
2026/10/02 18:14:19.005, 0, 101.13, 62, 0, 150.00, 795, 150.00, 0x0000000000000004
2026/10/02 18:14:19.206, 0, 110.31, 63, 100, 150.00, 795, 150.00, 0x0000000000000004
2026/10/02 18:14:19.406, 0, 130.58, 63, 100, 150.00, 780, 150.00, 0x0000000000000004
2026/10/02 18:14:19.607, 0, 131.62, 63, 100, 150.00, 810, 150.00, 0x0000000000000004
2026/10/02 18:14:19.807, 0, 146.88, 63, 100, 150.00, 750, 150.00, 0x0000000000000004
2026/10/02 18:14:20.008, 0, 162.48, 63, 100, 150.00, 1230, 150.00, 0x0000000000000004
2026/10/02 18:14:20.208, 0, 149.27, 63, 28, 150.00, 795, 150.00, 0x0000000000000004
2026/10/02 18:14:20.409, 0, 149.19, 63, 100, 150.00, 855, 150.00, 0x0000000000000004
2026/10/02 18:14:20.609, 0, 137.07, 63, 46, 150.00, 1500, 150.00, 0x0000000000000004
2026/10/02 18:14:20.810, 0, 121.12, 62, 0, 150.00, 630, 150.00, 0x0000000000000004
2026/10/02 18:14:21.010, 0, 114.78, 62, 61, 150.00, 660, 150.00, 0x0000000000000004
2026/10/02 18:14:21.213, 0, 132.68, 63, 100, 105.00, 390, 105.00, 0x0000000000000000
2026/10/02 18:14:21.413, 0, 51.94, 61, 71, 105.00, 690, 105.00, 0x0000000000000000
2026/10/02 18:14:21.614, 0, 63.27, 61, 0, 105.00, 390, 105.00, 0x0000000000000004
2026/10/02 18:14:21.815, 0, 72.08, 61, 90, 105.00, 390, 105.00, 0x0000000000000004
2026/10/02 18:14:22.015, 0, 68.43, 60, 82, 105.00, 690, 105.00, 0x0000000000000000
2026/10/02 18:14:22.216, 0, 77.74, 61, 35, 105.00, 375, 105.00, 0x0000000000000004
2026/10/02 18:14:22.417, 0, 84.38, 61, 100, 105.00, 375, 105.00, 0x0000000000000004
2026/10/02 18:14:22.617, 0, 94.58, 61, 100, 105.00, 375, 105.00, 0x0000000000000004
2026/10/02 18:14:22.818, 0, 96.87, 61, 100, 105.00, 375, 105.00, 0x0000000000000004
2026/10/02 18:14:23.019, 0, 101.12, 61, 100, 105.00, 390, 105.00, 0x0000000000000004
2026/10/02 18:14:23.219, 0, 104.50, 61, 100, 150.00, 375, 105.00, 0x0000000000000004
2026/10/02 18:14:23.420, 0, 151.42, 62, 100, 150.00, 795, 150.00, 0x0000000000000004
2026/10/02 18:14:23.621, 0, 151.35, 63, 100, 150.00, 780, 150.00, 0x0000000000000004
2026/10/02 18:14:23.821, 0, 150.95, 63, 100, 150.00, 765, 150.00, 0x0000000000000004
2026/10/02 18:14:24.022, 0, 150.47, 63, 100, 150.00, 765, 150.00, 0x0000000000000004
2026/10/02 18:14:24.222, 0, 138.06, 62, 94, 150.00, 1680, 150.00, 0x0000000000000004
2026/10/02 18:14:24.423, 0, 139.25, 63, 0, 150.00, 780, 150.00, 0x0000000000000004
2026/10/02 18:14:24.623, 0, 133.47, 62, 100, 150.00, 1515, 150.00, 0x0000000000000004
2026/10/02 18:14:24.824, 0, 131.34, 62, 55, 150.00, 1575, 150.00, 0x0000000000000004
2026/10/02 18:14:25.024, 0, 132.66, 63, 53, 150.00, 1575, 150.00, 0x0000000000000004
2026/10/02 18:14:25.225, 0, 138.28, 63, 0, 150.00, 1440, 150.00, 0x0000000000000004
2026/10/02 18:14:25.425, 0, 131.27, 61, 13, 150.00, 1680, 150.00, 0x0000000000000004
2026/10/02 18:14:25.626, 0, 108.25, 61, 0, 150.00, 1695, 150.00, 0x0000000000000004
2026/10/02 18:14:25.826, 0, 112.03, 61, 34, 150.00, 1680, 150.00, 0x0000000000000004
2026/10/02 18:14:26.026, 0, 97.21, 61, 0, 150.00, 945, 150.00, 0x0000000000000004
2026/10/02 18:14:26.227, 0, 96.45, 61, 62, 150.00, 1680, 150.00, 0x0000000000000004
2026/10/02 18:14:26.428, 0, 108.76, 63, 48, 150.00, 795, 150.00, 0x0000000000000004
2026/10/02 18:14:26.628, 0, 120.84, 63, 100, 150.00, 795, 150.00, 0x0000000000000004
2026/10/02 18:14:26.829, 0, 120.57, 64, 100, 150.00, 810, 150.00, 0x0000000000000004
2026/10/02 18:14:27.029, 0, 136.92, 64, 100, 150.00, 795, 150.00, 0x0000000000000004
2026/10/02 18:14:27.230, 0, 147.89, 63, 100, 150.00, 765, 150.00, 0x0000000000000004
2026/10/02 18:14:27.430, 0, 151.18, 64, 100, 150.00, 795, 150.00, 0x0000000000000004
2026/10/02 18:14:27.631, 0, 151.09, 64, 100, 150.00, 780, 150.00, 0x0000000000000004
2026/10/02 18:14:27.831, 0, 151.06, 64, 100, 150.00, 795, 150.00, 0x0000000000000004
2026/10/02 18:14:28.032, 0, 150.78, 64, 100, 150.00, 690, 150.00, 0x0000000000000004
2026/10/02 18:14:28.233, 0, 150.60, 64, 100, 150.00, 735, 150.00, 0x0000000000000004
2026/10/02 18:14:28.433, 0, 142.17, 63, 95, 150.00, 1665, 150.00, 0x0000000000000004
2026/10/02 18:14:28.633, 0, 127.57, 62, 0, 150.00, 1680, 150.00, 0x0000000000000004
2026/10/02 18:14:28.834, 0, 112.01, 61, 0, 150.00, 1695, 150.00, 0x0000000000000000
2026/10/02 18:14:29.034, 0, 96.59, 61, 0, 150.00, 1695, 150.00, 0x0000000000000000
2026/10/02 18:14:29.235, 0, 82.51, 61, 0, 150.00, 1695, 150.00, 0x0000000000000000
2026/10/02 18:14:29.435, 0, 75.46, 61, 0, 150.00, 1695, 150.00, 0x0000000000000000
2026/10/02 18:14:29.636, 0, 85.11, 61, 0, 150.00, 1620, 150.00, 0x0000000000000004
2026/10/02 18:14:29.837, 0, 86.74, 62, 0, 150.00, 1590, 150.00, 0x0000000000000004
2026/10/02 18:14:30.037, 0, 103.91, 63, 0, 150.00, 735, 150.00, 0x0000000000000004
2026/10/02 18:14:30.237, 0, 126.58, 63, 100, 150.00, 990, 150.00, 0x0000000000000004
2026/10/02 18:14:30.438, 0, 120.10, 62, 43, 150.00, 1680, 150.00, 0x0000000000000004
2026/10/02 18:14:30.638, 0, 121.56, 63, 0, 150.00, 1260, 150.00, 0x0000000000000004
2026/10/02 18:14:30.839, 0, 137.66, 63, 27, 150.00, 1425, 150.00, 0x0000000000000004
2026/10/02 18:14:31.039, 0, 130.99, 61, 13, 150.00, 1230, 150.00, 0x0000000000000004
2026/10/02 18:14:31.240, 0, 113.96, 62, 61, 150.00, 615, 150.00, 0x0000000000000004
2026/10/02 18:14:31.440, 0, 104.17, 61, 60, 150.00, 945, 150.00, 0x0000000000000004
2026/10/02 18:14:31.641, 0, 103.94, 61, 62, 150.00, 915, 150.00, 0x0000000000000004
2026/10/02 18:14:31.841, 0, 91.17, 61, 62, 150.00, 1680, 150.00, 0x0000000000000004
2026/10/02 18:14:32.042, 0, 78.93, 61, 0, 150.00, 1680, 150.00, 0x0000000000000004
2026/10/02 18:14:32.242, 0, 81.72, 62, 0, 150.00, 810, 150.00, 0x0000000000000004
2026/10/02 18:14:32.443, 0, 85.24, 61, 88, 150.00, 645, 150.00, 0x0000000000000004
2026/10/02 18:14:32.643, 0, 86.68, 62, 70, 150.00, 720, 150.00, 0x0000000000000004
2026/10/02 18:14:32.844, 0, 99.75, 63, 83, 150.00, 795, 150.00, 0x0000000000000004
2026/10/02 18:14:33.044, 0, 112.50, 63, 100, 150.00, 885, 150.00, 0x0000000000000004
2026/10/02 18:14:33.245, 0, 128.43, 64, 72, 150.00, 795, 150.00, 0x0000000000000004
2026/10/02 18:14:33.446, 0, 122.11, 63, 65, 150.00, 735, 150.00, 0x0000000000000004
2026/10/02 18:14:33.646, 0, 114.62, 62, 64, 150.00, 975, 150.00, 0x0000000000000004
2026/10/02 18:14:33.847, 0, 123.70, 64, 72, 150.00, 795, 150.00, 0x0000000000000004
2026/10/02 18:14:34.047, 0, 123.64, 64, 100, 150.00, 795, 150.00, 0x0000000000000004
2026/10/02 18:14:34.248, 0, 111.54, 62, 100, 150.00, 1680, 150.00, 0x0000000000000004
2026/10/02 18:14:34.448, 0, 128.09, 64, 17, 150.00, 825, 150.00, 0x0000000000000004
2026/10/02 18:14:34.649, 0, 140.88, 64, 100, 150.00, 795, 150.00, 0x0000000000000004
2026/10/02 18:14:34.850, 0, 149.63, 64, 100, 150.00, 795, 150.00, 0x0000000000000004
2026/10/02 18:14:35.050, 0, 148.86, 64, 100, 150.00, 780, 150.00, 0x0000000000000004
2026/10/02 18:14:35.251, 0, 147.69, 64, 100, 150.00, 720, 150.00, 0x0000000000000004
2026/10/02 18:14:35.451, 0, 141.73, 63, 100, 150.00, 1650, 150.00, 0x0000000000000004
2026/10/02 18:14:35.652, 0, 123.11, 63, 0, 150.00, 1635, 150.00, 0x0000000000000004
2026/10/02 18:14:35.852, 0, 126.51, 64, 52, 150.00, 795, 150.00, 0x0000000000000004
2026/10/02 18:14:36.053, 0, 129.86, 64, 100, 150.00, 1155, 150.00, 0x0000000000000004
2026/10/02 18:14:36.254, 0, 131.52, 64, 86, 150.00, 795, 150.00, 0x0000000000000004
2026/10/02 18:14:36.454, 0, 146.87, 64, 38, 150.00, 1335, 150.00, 0x0000000000000004
2026/10/02 18:14:36.655, 0, 155.34, 64, 61, 150.00, 810, 150.00, 0x0000000000000004
2026/10/02 18:14:36.856, 0, 148.59, 64, 53, 150.00, 1470, 150.00, 0x0000000000000004
2026/10/02 18:14:37.056, 0, 131.60, 62, 0, 150.00, 1680, 150.00, 0x0000000000000004
2026/10/02 18:14:37.257, 0, 125.69, 64, 76, 150.00, 750, 150.00, 0x0000000000000004
2026/10/02 18:14:37.457, 0, 128.74, 64, 84, 150.00, 885, 150.00, 0x0000000000000004
2026/10/02 18:14:37.658, 0, 88.91, 63, 9, 105.00, 345, 105.00, 0x0000000000000000
2026/10/02 18:14:37.859, 0, 104.65, 63, 100, 105.00, 375, 105.00, 0x0000000000000004
2026/10/02 18:14:38.059, 0, 104.50, 63, 100, 105.00, 375, 105.00, 0x0000000000000004
2026/10/02 18:14:38.260, 0, 104.53, 63, 100, 105.00, 375, 105.00, 0x0000000000000004
2026/10/02 18:14:38.461, 0, 104.54, 63, 100, 105.00, 300, 105.00, 0x0000000000000004
2026/10/02 18:14:38.662, 0, 104.28, 63, 100, 105.00, 360, 105.00, 0x0000000000000004
2026/10/02 18:14:38.862, 0, 104.21, 63, 100, 105.00, 375, 105.00, 0x0000000000000004
2026/10/02 18:14:39.063, 0, 104.15, 63, 100, 105.00, 375, 105.00, 0x0000000000000004
2026/10/02 18:14:39.264, 0, 104.15, 63, 100, 105.00, 375, 105.00, 0x0000000000000004
2026/10/02 18:14:39.465, 0, 104.18, 63, 100, 105.00, 375, 105.00, 0x0000000000000004
2026/10/02 18:14:39.665, 0, 104.49, 63, 100, 150.00, 375, 105.00, 0x0000000000000004
2026/10/02 18:14:39.882, 0, 152.45, 64, 100, 150.00, 990, 150.00, 0x0000000000000004
2026/10/02 18:14:40.083, 0, 129.16, 64, 46, 150.00, 780, 150.00, 0x0000000000000004
2026/10/02 18:14:40.283, 0, 141.08, 64, 100, 150.00, 795, 150.00, 0x0000000000000004
2026/10/02 18:14:40.484, 0, 145.16, 65, 100, 150.00, 795, 150.00, 0x0000000000000004
2026/10/02 18:14:40.684, 0, 146.46, 64, 14, 150.00, 735, 150.00, 0x0000000000000004
2026/10/02 18:14:40.885, 0, 147.12, 65, 100, 150.00, 795, 150.00, 0x0000000000000004
2026/10/02 18:14:41.086, 0, 156.55, 65, 99, 150.00, 795, 150.00, 0x0000000000000004
2026/10/02 18:14:41.286, 0, 152.12, 65, 100, 150.00, 1485, 150.00, 0x0000000000000004
2026/10/02 18:14:41.487, 0, 147.32, 65, 48, 150.00, 735, 150.00, 0x0000000000000004
2026/10/02 18:14:41.687, 0, 139.47, 63, 7, 150.00, 705, 150.00, 0x0000000000000004
2026/10/02 18:14:41.888, 0, 133.68, 63, 3, 150.00, 1665, 150.00, 0x0000000000000004
2026/10/02 18:14:42.088, 0, 116.68, 63, 63, 150.00, 1140, 150.00, 0x0000000000000004
2026/10/02 18:14:42.289, 0, 128.33, 64, 33, 150.00, 1305, 150.00, 0x0000000000000004
2026/10/02 18:14:42.489, 0, 129.45, 64, 10, 150.00, 750, 150.00, 0x0000000000000004
2026/10/02 18:14:42.690, 0, 116.10, 63, 39, 150.00, 1665, 150.00, 0x0000000000000000
2026/10/02 18:14:42.890, 0, 107.84, 62, 0, 150.00, 1665, 150.00, 0x0000000000000000
2026/10/02 18:14:43.091, 0, 107.92, 62, 0, 150.00, 1665, 150.00, 0x0000000000000000
2026/10/02 18:14:43.291, 0, 93.14, 62, 0, 150.00, 930, 150.00, 0x0000000000000004
2026/10/02 18:14:43.492, 0, 85.29, 62, 2, 150.00, 1665, 150.00, 0x0000000000000000
2026/10/02 18:14:43.692, 0, 88.59, 63, 45, 150.00, 1560, 150.00, 0x0000000000000004
2026/10/02 18:14:43.893, 0, 88.89, 62, 0, 150.00, 1665, 150.00, 0x0000000000000000
2026/10/02 18:14:44.093, 0, 104.03, 63, 47, 150.00, 1560, 150.00, 0x0000000000000004
2026/10/02 18:14:44.294, 0, 114.01, 64, 58, 150.00, 795, 150.00, 0x0000000000000004
2026/10/02 18:14:44.494, 0, 114.92, 64, 100, 150.00, 780, 150.00, 0x0000000000000004
2026/10/02 18:14:44.695, 0, 133.97, 65, 73, 150.00, 795, 150.00, 0x0000000000000004
2026/10/02 18:14:44.895, 0, 137.92, 65, 100, 150.00, 795, 150.00, 0x0000000000000004
2026/10/02 18:14:45.096, 0, 151.36, 65, 100, 150.00, 795, 150.00, 0x0000000000000004
2026/10/02 18:14:45.297, 0, 155.65, 65, 100, 150.00, 780, 150.00, 0x0000000000000004
2026/10/02 18:14:45.497, 0, 153.63, 65, 100, 150.00, 795, 150.00, 0x0000000000000004
2026/10/02 18:14:45.698, 0, 153.77, 65, 100, 150.00, 795, 150.00, 0x0000000000000004
2026/10/02 18:14:45.898, 0, 150.59, 65, 100, 150.00, 675, 150.00, 0x0000000000000004
2026/10/02 18:14:46.099, 0, 148.93, 65, 100, 150.00, 735, 150.00, 0x0000000000000004
2026/10/02 18:14:46.299, 0, 150.58, 65, 100, 150.00, 765, 150.00, 0x0000000000000004
2026/10/02 18:14:46.500, 0, 150.41, 65, 100, 150.00, 765, 150.00, 0x0000000000000004
2026/10/02 18:14:46.701, 0, 150.29, 65, 100, 150.00, 780, 150.00, 0x0000000000000004
2026/10/02 18:14:46.901, 0, 149.86, 65, 100, 150.00, 720, 150.00, 0x0000000000000004
2026/10/02 18:14:47.102, 0, 149.57, 65, 100, 150.00, 735, 150.00, 0x0000000000000004
2026/10/02 18:14:47.302, 0, 149.98, 65, 100, 150.00, 750, 150.00, 0x0000000000000004
2026/10/02 18:14:47.503, 0, 149.83, 66, 100, 150.00, 780, 150.00, 0x0000000000000004
2026/10/02 18:14:47.704, 0, 149.79, 66, 100, 150.00, 780, 150.00, 0x0000000000000004
2026/10/02 18:14:47.904, 0, 149.59, 66, 100, 150.00, 1140, 150.00, 0x0000000000000004
2026/10/02 18:14:48.105, 0, 143.70, 64, 47, 150.00, 1680, 150.00, 0x0000000000000004
2026/10/02 18:14:48.306, 0, 143.78, 65, 41, 150.00, 1515, 150.00, 0x0000000000000004
2026/10/02 18:14:48.506, 0, 139.15, 65, 53, 150.00, 825, 150.00, 0x0000000000000004
2026/10/02 18:14:48.707, 0, 139.92, 65, 100, 150.00, 795, 150.00, 0x0000000000000004
2026/10/02 18:14:48.907, 0, 139.34, 66, 100, 150.00, 960, 150.00, 0x0000000000000004
2026/10/02 18:14:49.108, 0, 141.37, 66, 100, 150.00, 765, 150.00, 0x0000000000000004
2026/10/02 18:14:49.309, 0, 158.08, 66, 100, 150.00, 810, 150.00, 0x0000000000000004
2026/10/02 18:14:49.509, 0, 147.50, 65, 59, 150.00, 675, 150.00, 0x0000000000000004
2026/10/02 18:14:49.710, 0, 131.38, 65, 69, 150.00, 1650, 150.00, 0x0000000000000004
2026/10/02 18:14:49.910, 0, 117.96, 64, 0, 150.00, 990, 150.00, 0x0000000000000004
2026/10/02 18:14:50.111, 0, 118.82, 65, 100, 150.00, 795, 150.00, 0x0000000000000004
2026/10/02 18:14:50.312, 0, 117.87, 66, 100, 150.00, 825, 150.00, 0x0000000000000004
2026/10/02 18:14:50.512, 0, 125.63, 66, 49, 150.00, 795, 150.00, 0x0000000000000004
2026/10/02 18:14:50.713, 0, 133.17, 64, 20, 150.00, 1665, 150.00, 0x0000000000000000
2026/10/02 18:14:50.913, 0, 137.97, 64, 63, 150.00, 1665, 150.00, 0x0000000000000004
2026/10/02 18:14:51.114, 0, 132.44, 64, 34, 150.00, 1665, 150.00, 0x0000000000000000
2026/10/02 18:14:51.314, 0, 118.95, 63, 0, 150.00, 1665, 150.00, 0x0000000000000000
2026/10/02 18:14:51.515, 0, 109.30, 65, 80, 150.00, 945, 150.00, 0x0000000000000004
2026/10/02 18:14:51.715, 0, 94.82, 64, 49, 150.00, 1665, 150.00, 0x0000000000000000
2026/10/02 18:14:51.916, 0, 107.09, 65, 47, 150.00, 810, 150.00, 0x0000000000000004
2026/10/02 18:14:52.116, 0, 101.72, 65, 81, 105.00, 900, 150.00, 0x0000000000000004
2026/10/02 18:14:52.318, 0, 99.14, 65, 74, 105.00, 375, 105.00, 0x0000000000000004
2026/10/02 18:14:52.519, 0, 52.90, 63, 0, 105.00, 795, 105.00, 0x0000000000000000
2026/10/02 18:14:52.720, 0, 86.74, 64, 100, 105.00, 375, 105.00, 0x0000000000000004
2026/10/02 18:14:52.920, 0, 92.74, 64, 100, 105.00, 360, 105.00, 0x0000000000000004
2026/10/02 18:14:53.121, 0, 95.68, 64, 100, 105.00, 375, 105.00, 0x0000000000000004
2026/10/02 18:14:53.322, 0, 97.50, 64, 100, 105.00, 375, 105.00, 0x0000000000000004
2026/10/02 18:14:53.522, 0, 102.49, 64, 100, 105.00, 375, 105.00, 0x0000000000000004
2026/10/02 18:14:53.723, 0, 104.64, 64, 100, 105.00, 375, 105.00, 0x0000000000000004
2026/10/02 18:14:53.924, 0, 104.63, 64, 100, 105.00, 360, 105.00, 0x0000000000000004
2026/10/02 18:14:54.125, 0, 104.44, 64, 100, 105.00, 375, 105.00, 0x0000000000000004
2026/10/02 18:14:54.325, 0, 104.43, 64, 100, 150.00, 375, 150.00, 0x0000000000000004
2026/10/02 18:14:54.526, 0, 151.30, 65, 100, 150.00, 795, 150.00, 0x0000000000000004
2026/10/02 18:14:54.726, 0, 151.97, 65, 100, 150.00, 765, 150.00, 0x0000000000000004
2026/10/02 18:14:54.927, 0, 151.17, 66, 100, 150.00, 750, 150.00, 0x0000000000000004
2026/10/02 18:14:55.128, 0, 150.63, 66, 100, 150.00, 750, 150.00, 0x0000000000000004
2026/10/02 18:14:55.328, 0, 149.74, 66, 100, 150.00, 765, 150.00, 0x0000000000000004
2026/10/02 18:14:55.529, 0, 149.96, 66, 100, 150.00, 765, 150.00, 0x0000000000000004
2026/10/02 18:14:55.730, 0, 149.44, 66, 100, 150.00, 765, 150.00, 0x0000000000000004
2026/10/02 18:14:55.930, 0, 149.50, 66, 100, 150.00, 765, 150.00, 0x0000000000000004
2026/10/02 18:14:56.131, 0, 141.66, 64, 17, 150.00, 600, 150.00, 0x0000000000000004
2026/10/02 18:14:56.331, 0, 134.58, 64, 0, 150.00, 1125, 150.00, 0x0000000000000004
2026/10/02 18:14:56.531, 0, 119.45, 64, 0, 150.00, 1680, 150.00, 0x0000000000000004
2026/10/02 18:14:56.732, 0, 104.78, 64, 0, 150.00, 690, 150.00, 0x0000000000000004
2026/10/02 18:14:56.933, 0, 104.46, 65, 100, 150.00, 1470, 150.00, 0x0000000000000004
2026/10/02 18:14:57.133, 0, 96.25, 65, 61, 150.00, 1635, 150.00, 0x0000000000000004
2026/10/02 18:14:57.334, 0, 107.82, 66, 100, 150.00, 795, 150.00, 0x0000000000000004
2026/10/02 18:14:57.534, 0, 122.04, 66, 92, 150.00, 1650, 150.00, 0x0000000000000004
2026/10/02 18:14:57.735, 0, 121.93, 64, 0, 150.00, 1680, 150.00, 0x0000000000000004
2026/10/02 18:14:57.935, 0, 122.00, 65, 100, 150.00, 1425, 150.00, 0x0000000000000004
2026/10/02 18:14:58.136, 0, 121.79, 66, 71, 150.00, 825, 150.00, 0x0000000000000004
2026/10/02 18:14:58.337, 0, 105.72, 65, 64, 150.00, 1665, 150.00, 0x0000000000000004
2026/10/02 18:14:58.537, 0, 90.64, 64, 0, 150.00, 1680, 150.00, 0x0000000000000004
2026/10/02 18:14:58.738, 0, 87.66, 65, 65, 150.00, 1650, 150.00, 0x0000000000000004
2026/10/02 18:14:58.938, 0, 100.75, 65, 24, 150.00, 810, 150.00, 0x0000000000000004
2026/10/02 18:14:59.139, 0, 109.93, 66, 100, 150.00, 795, 150.00, 0x0000000000000004
2026/10/02 18:14:59.339, 0, 114.23, 66, 100, 150.00, 795, 150.00, 0x0000000000000004
2026/10/02 18:14:59.540, 0, 122.04, 65, 27, 150.00, 1335, 150.00, 0x0000000000000004
2026/10/02 18:14:59.740, 0, 143.45, 66, 100, 150.00, 1590, 150.00, 0x0000000000000004
2026/10/02 18:14:59.941, 0, 152.37, 65, 16, 150.00, 1320, 150.00, 0x0000000000000004
2026/10/02 18:15:00.141, 0, 130.43, 64, 0, 150.00, 645, 150.00, 0x0000000000000004
2026/10/02 18:15:00.342, 0, 132.10, 66, 100, 150.00, 795, 150.00, 0x0000000000000004
2026/10/02 18:15:00.542, 0, 131.95, 66, 100, 150.00, 1470, 150.00, 0x0000000000000004
2026/10/02 18:15:00.743, 0, 118.27, 65, 62, 150.00, 675, 150.00, 0x0000000000000004
2026/10/02 18:15:00.944, 0, 128.75, 66, 100, 150.00, 780, 150.00, 0x0000000000000004
2026/10/02 18:15:01.144, 0, 119.39, 64, 0, 150.00, 1530, 150.00, 0x0000000000000004
2026/10/02 18:15:01.345, 0, 123.69, 64, 29, 150.00, 1680, 150.00, 0x0000000000000004
2026/10/02 18:15:01.545, 0, 107.47, 64, 0, 150.00, 660, 150.00, 0x0000000000000004
2026/10/02 18:15:01.746, 0, 123.05, 66, 100, 150.00, 795, 150.00, 0x0000000000000004
2026/10/02 18:15:01.946, 0, 120.82, 66, 100, 150.00, 780, 150.00, 0x0000000000000004
2026/10/02 18:15:02.147, 0, 120.09, 65, 73, 150.00, 1665, 150.00, 0x0000000000000004
2026/10/02 18:15:02.347, 0, 106.43, 64, 0, 150.00, 1680, 150.00, 0x0000000000000004
2026/10/02 18:15:02.548, 0, 112.31, 65, 100, 150.00, 1395, 150.00, 0x0000000000000004
2026/10/02 18:15:02.748, 0, 116.98, 66, 48, 150.00, 810, 150.00, 0x0000000000000004
2026/10/02 18:15:02.949, 0, 108.65, 66, 100, 150.00, 1140, 150.00, 0x0000000000000004
2026/10/02 18:15:03.149, 0, 107.58, 65, 64, 150.00, 735, 150.00, 0x0000000000000004
2026/10/02 18:15:03.350, 0, 122.80, 66, 100, 150.00, 780, 150.00, 0x0000000000000004
2026/10/02 18:15:03.550, 0, 131.38, 66, 100, 150.00, 810, 150.00, 0x0000000000000004
2026/10/02 18:15:03.751, 0, 136.53, 67, 100, 150.00, 795, 150.00, 0x0000000000000004
2026/10/02 18:15:03.952, 0, 132.79, 67, 100, 150.00, 585, 150.00, 0x0000000000000004
2026/10/02 18:15:04.152, 0, 148.91, 67, 100, 150.00, 780, 150.00, 0x0000000000000004
2026/10/02 18:15:04.353, 0, 140.84, 67, 100, 150.00, 1260, 150.00, 0x0000000000000004
2026/10/02 18:15:04.553, 0, 125.85, 65, 0, 150.00, 1680, 150.00, 0x0000000000000004
2026/10/02 18:15:04.754, 0, 121.90, 66, 44, 150.00, 1560, 150.00, 0x0000000000000004
2026/10/02 18:15:04.955, 0, 108.29, 64, 0, 150.00, 1680, 150.00, 0x0000000000000004
2026/10/02 18:15:05.155, 0, 116.05, 65, 53, 150.00, 1590, 150.00, 0x0000000000000004
2026/10/02 18:15:05.356, 0, 110.03, 65, 43, 150.00, 1680, 150.00, 0x0000000000000004
2026/10/02 18:15:05.556, 0, 125.53, 66, 100, 150.00, 765, 150.00, 0x0000000000000004
2026/10/02 18:15:05.757, 0, 128.14, 66, 100, 150.00, 795, 150.00, 0x0000000000000004
2026/10/02 18:15:05.958, 0, 143.99, 67, 100, 150.00, 795, 150.00, 0x0000000000000004
2026/10/02 18:15:06.158, 0, 149.29, 67, 100, 150.00, 750, 150.00, 0x0000000000000004
2026/10/02 18:15:06.359, 0, 152.82, 67, 100, 150.00, 735, 150.00, 0x0000000000000004
2026/10/02 18:15:06.559, 0, 150.69, 67, 100, 150.00, 780, 150.00, 0x0000000000000004
2026/10/02 18:15:06.760, 0, 150.79, 67, 100, 150.00, 795, 150.00, 0x0000000000000004
2026/10/02 18:15:06.961, 0, 150.67, 67, 100, 150.00, 750, 150.00, 0x0000000000000004
2026/10/02 18:15:07.162, 0, 141.46, 67, 100, 150.00, 1560, 150.00, 0x0000000000000004
2026/10/02 18:15:07.363, 0, 140.67, 65, 22, 150.00, 1035, 150.00, 0x0000000000000004
2026/10/02 18:15:07.563, 0, 124.99, 65, 22, 150.00, 1680, 150.00, 0x0000000000000004
2026/10/02 18:15:07.764, 0, 108.85, 66, 3, 150.00, 1170, 150.00, 0x0000000000000004
2026/10/02 18:15:07.964, 0, 101.39, 65, 0, 150.00, 570, 150.00, 0x0000000000000004
2026/10/02 18:15:08.165, 0, 102.57, 66, 100, 150.00, 795, 150.00, 0x0000000000000004
2026/10/02 18:15:08.366, 0, 120.89, 67, 100, 150.00, 855, 150.00, 0x0000000000000004
2026/10/02 18:15:08.566, 0, 116.66, 67, 100, 150.00, 1605, 150.00, 0x0000000000000004
2026/10/02 18:15:08.767, 0, 120.57, 66, 63, 150.00, 1635, 150.00, 0x0000000000000004
2026/10/02 18:15:08.967, 0, 121.87, 65, 0, 150.00, 1680, 150.00, 0x0000000000000004
2026/10/02 18:15:09.168, 0, 106.70, 64, 0, 150.00, 1695, 150.00, 0x0000000000000000
2026/10/02 18:15:09.368, 0, 91.60, 64, 0, 150.00, 1695, 150.00, 0x0000000000000000
2026/10/02 18:15:09.569, 0, 94.51, 65, 41, 150.00, 795, 150.00, 0x0000000000000004
2026/10/02 18:15:09.769, 0, 90.17, 65, 8, 150.00, 1680, 150.00, 0x0000000000000004
2026/10/02 18:15:09.970, 0, 101.79, 66, 41, 150.00, 1545, 150.00, 0x0000000000000004
2026/10/02 18:15:10.170, 0, 115.84, 66, 90, 150.00, 795, 150.00, 0x0000000000000004
2026/10/02 18:15:10.371, 0, 123.42, 66, 46, 150.00, 750, 150.00, 0x0000000000000004
2026/10/02 18:15:10.571, 0, 109.63, 65, 44, 150.00, 1680, 150.00, 0x0000000000000004
2026/10/02 18:15:10.772, 0, 108.97, 66, 4, 150.00, 735, 150.00, 0x0000000000000004
2026/10/02 18:15:10.972, 0, 110.52, 66, 100, 150.00, 1530, 150.00, 0x0000000000000004
2026/10/02 18:15:11.173, 0, 119.56, 66, 100, 150.00, 795, 150.00, 0x0000000000000004
2026/10/02 18:15:11.374, 0, 126.37, 67, 100, 150.00, 795, 150.00, 0x0000000000000004
2026/10/02 18:15:11.574, 0, 134.26, 67, 100, 150.00, 690, 150.00, 0x0000000000000004
2026/10/02 18:15:11.775, 0, 149.47, 67, 100, 150.00, 780, 150.00, 0x0000000000000004
2026/10/02 18:15:11.975, 0, 148.33, 67, 100, 150.00, 735, 150.00, 0x0000000000000004
2026/10/02 18:15:12.176, 0, 150.00, 67, 100, 150.00, 780, 150.00, 0x0000000000000004
2026/10/02 18:15:12.377, 0, 150.13, 67, 100, 150.00, 780, 150.00, 0x0000000000000004
2026/10/02 18:15:12.577, 0, 149.42, 67, 100, 150.00, 765, 150.00, 0x0000000000000004
2026/10/02 18:15:12.778, 0, 149.40, 67, 100, 150.00, 675, 150.00, 0x0000000000000004
2026/10/02 18:15:12.979, 0, 150.00, 67, 100, 150.00, 735, 150.00, 0x0000000000000004
2026/10/02 18:15:13.179, 0, 150.11, 67, 100, 150.00, 765, 150.00, 0x0000000000000004
2026/10/02 18:15:13.380, 0, 149.90, 68, 100, 150.00, 750, 150.00, 0x0000000000000004
2026/10/02 18:15:13.580, 0, 149.97, 68, 100, 150.00, 765, 150.00, 0x0000000000000004
2026/10/02 18:15:13.781, 0, 148.87, 67, 100, 150.00, 720, 150.00, 0x0000000000000004
2026/10/02 18:15:13.982, 0, 149.73, 68, 100, 150.00, 750, 150.00, 0x0000000000000004
2026/10/02 18:15:14.182, 0, 150.09, 68, 100, 150.00, 765, 150.00, 0x0000000000000004
2026/10/02 18:15:14.383, 0, 149.73, 68, 100, 150.00, 750, 150.00, 0x0000000000000004
2026/10/02 18:15:14.584, 0, 149.56, 68, 100, 150.00, 735, 150.00, 0x0000000000000004
2026/10/02 18:15:14.784, 0, 149.57, 68, 100, 150.00, 735, 150.00, 0x0000000000000004
2026/10/02 18:15:14.985, 0, 149.89, 68, 100, 150.00, 750, 150.00, 0x0000000000000004
2026/10/02 18:15:15.185, 0, 150.12, 68, 100, 150.00, 765, 150.00, 0x0000000000000004
2026/10/02 18:15:15.386, 0, 150.15, 68, 100, 150.00, 765, 150.00, 0x0000000000000004
2026/10/02 18:15:15.587, 0, 149.90, 68, 100, 150.00, 735, 150.00, 0x0000000000000004
2026/10/02 18:15:15.787, 0, 149.83, 68, 100, 150.00, 735, 150.00, 0x0000000000000004
2026/10/02 18:15:15.988, 0, 149.94, 68, 100, 150.00, 735, 150.00, 0x0000000000000004
2026/10/02 18:15:16.189, 0, 150.07, 68, 100, 150.00, 750, 150.00, 0x0000000000000004
2026/10/02 18:15:16.389, 0, 150.00, 68, 100, 150.00, 750, 150.00, 0x0000000000000004
2026/10/02 18:15:16.590, 0, 149.72, 68, 100, 150.00, 735, 150.00, 0x0000000000000004
2026/10/02 18:15:16.790, 0, 149.67, 68, 100, 150.00, 735, 150.00, 0x0000000000000004
2026/10/02 18:15:16.991, 0, 149.91, 68, 100, 150.00, 750, 150.00, 0x0000000000000004
2026/10/02 18:15:17.192, 0, 149.93, 68, 100, 150.00, 750, 150.00, 0x0000000000000004
2026/10/02 18:15:17.392, 0, 149.84, 68, 100, 150.00, 750, 150.00, 0x0000000000000004
2026/10/02 18:15:17.593, 0, 149.68, 68, 100, 150.00, 735, 150.00, 0x0000000000000004
2026/10/02 18:15:17.794, 0, 149.72, 68, 100, 150.00, 735, 150.00, 0x0000000000000004
2026/10/02 18:15:17.994, 0, 150.00, 68, 100, 150.00, 750, 150.00, 0x0000000000000004
2026/10/02 18:15:18.195, 0, 142.77, 68, 100, 150.00, 915, 150.00, 0x0000000000000004
2026/10/02 18:15:18.396, 0, 133.15, 68, 65, 150.00, 1635, 150.00, 0x0000000000000004
2026/10/02 18:15:18.596, 0, 118.92, 66, 0, 150.00, 1680, 150.00, 0x0000000000000004
2026/10/02 18:15:18.797, 0, 123.40, 68, 44, 150.00, 1485, 150.00, 0x0000000000000004
2026/10/02 18:15:18.998, 0, 132.89, 68, 100, 130.00, 600, 130.00, 0x0000000000000004
2026/10/02 18:15:19.198, 0, 133.71, 68, 100, 130.00, 600, 130.00, 0x0000000000000004
2026/10/02 18:15:19.399, 0, 126.53, 67, 89, 130.00, 570, 130.00, 0x0000000000000004
2026/10/02 18:15:19.599, 0, 127.63, 68, 100, 130.00, 525, 130.00, 0x0000000000000004
2026/10/02 18:15:19.800, 0, 125.30, 67, 100, 130.00, 585, 130.00, 0x0000000000000004
2026/10/02 18:15:20.001, 0, 126.61, 68, 100, 130.00, 585, 130.00, 0x0000000000000004
2026/10/02 18:15:20.201, 0, 126.18, 68, 100, 130.00, 585, 130.00, 0x0000000000000004
2026/10/02 18:15:20.402, 0, 129.03, 68, 100, 130.00, 585, 130.00, 0x0000000000000004
2026/10/02 18:15:20.602, 0, 127.71, 68, 100, 130.00, 480, 130.00, 0x0000000000000004
2026/10/02 18:15:20.803, 0, 130.20, 67, 100, 130.00, 555, 130.00, 0x0000000000000004
2026/10/02 18:15:21.003, 0, 130.06, 68, 100, 150.00, 570, 150.00, 0x0000000000000004
2026/10/02 18:15:21.204, 0, 152.45, 68, 100, 150.00, 765, 150.00, 0x0000000000000004
2026/10/02 18:15:21.405, 0, 152.63, 68, 100, 150.00, 750, 150.00, 0x0000000000000004
2026/10/02 18:15:21.605, 0, 150.41, 68, 100, 150.00, 705, 150.00, 0x0000000000000004
2026/10/02 18:15:21.806, 0, 149.58, 68, 100, 150.00, 735, 150.00, 0x0000000000000004
2026/10/02 18:15:22.007, 0, 149.70, 69, 100, 150.00, 750, 150.00, 0x0000000000000004
2026/10/02 18:15:22.207, 0, 150.19, 69, 100, 150.00, 765, 150.00, 0x0000000000000004
2026/10/02 18:15:22.408, 0, 149.93, 69, 100, 150.00, 735, 150.00, 0x0000000000000004
2026/10/02 18:15:22.608, 0, 149.51, 69, 100, 150.00, 720, 150.00, 0x0000000000000004
2026/10/02 18:15:22.809, 0, 149.90, 69, 100, 150.00, 735, 150.00, 0x0000000000000004
2026/10/02 18:15:23.010, 0, 150.08, 69, 100, 150.00, 750, 150.00, 0x0000000000000004
2026/10/02 18:15:23.210, 0, 141.92, 69, 100, 150.00, 1260, 150.00, 0x0000000000000004
2026/10/02 18:15:23.411, 0, 136.99, 68, 63, 150.00, 750, 150.00, 0x0000000000000004
2026/10/02 18:15:23.611, 0, 137.88, 69, 100, 150.00, 780, 150.00, 0x0000000000000004
2026/10/02 18:15:23.812, 0, 139.01, 69, 100, 150.00, 780, 150.00, 0x0000000000000004
2026/10/02 18:15:24.012, 0, 139.71, 69, 100, 150.00, 765, 150.00, 0x0000000000000004
2026/10/02 18:15:24.213, 0, 136.09, 69, 100, 150.00, 645, 150.00, 0x0000000000000004
2026/10/02 18:15:24.414, 0, 148.82, 69, 100, 150.00, 750, 150.00, 0x0000000000000004
2026/10/02 18:15:24.614, 0, 149.00, 69, 100, 150.00, 780, 150.00, 0x0000000000000004
2026/10/02 18:15:24.815, 0, 149.02, 69, 100, 150.00, 765, 150.00, 0x0000000000000004
2026/10/02 18:15:25.015, 0, 147.88, 69, 100, 150.00, 645, 150.00, 0x0000000000000004
2026/10/02 18:15:25.216, 0, 149.25, 69, 80, 150.00, 720, 150.00, 0x0000000000000004
2026/10/02 18:15:25.417, 0, 137.25, 68, 78, 150.00, 1665, 150.00, 0x0000000000000004
2026/10/02 18:15:25.617, 0, 129.87, 68, 4, 150.00, 750, 150.00, 0x0000000000000004
2026/10/02 18:15:25.818, 0, 120.53, 68, 48, 150.00, 690, 150.00, 0x0000000000000004
2026/10/02 18:15:26.018, 0, 120.75, 69, 100, 150.00, 780, 150.00, 0x0000000000000004
2026/10/02 18:15:26.219, 0, 123.07, 69, 100, 150.00, 780, 150.00, 0x0000000000000004
2026/10/02 18:15:26.419, 0, 128.31, 69, 100, 150.00, 735, 150.00, 0x0000000000000004
2026/10/02 18:15:26.620, 0, 139.63, 69, 100, 150.00, 540, 150.00, 0x0000000000000004
2026/10/02 18:15:26.821, 0, 148.58, 69, 100, 150.00, 765, 150.00, 0x0000000000000004
2026/10/02 18:15:27.021, 0, 154.91, 69, 100, 150.00, 1035, 150.00, 0x0000000000000004
2026/10/02 18:15:27.222, 0, 154.79, 69, 100, 150.00, 750, 150.00, 0x0000000000000004
2026/10/02 18:15:27.422, 0, 153.38, 68, 88, 150.00, 630, 150.00, 0x0000000000000004
2026/10/02 18:15:27.623, 0, 152.56, 68, 15, 150.00, 1095, 150.00, 0x0000000000000004
2026/10/02 18:15:27.823, 0, 155.79, 69, 100, 150.00, 780, 150.00, 0x0000000000000004
2026/10/02 18:15:28.024, 0, 147.31, 68, 2, 150.00, 690, 150.00, 0x0000000000000004
2026/10/02 18:15:28.225, 0, 141.87, 69, 100, 150.00, 780, 150.00, 0x0000000000000004
2026/10/02 18:15:28.425, 0, 145.56, 69, 100, 150.00, 780, 150.00, 0x0000000000000004
2026/10/02 18:15:28.626, 0, 151.11, 70, 100, 150.00, 780, 150.00, 0x0000000000000004
2026/10/02 18:15:28.827, 0, 142.01, 70, 100, 150.00, 510, 150.00, 0x0000000000000004
2026/10/02 18:15:29.027, 0, 151.50, 69, 87, 150.00, 765, 150.00, 0x0000000000000004
2026/10/02 18:15:29.228, 0, 152.00, 70, 100, 150.00, 765, 150.00, 0x0000000000000004
2026/10/02 18:15:29.428, 0, 151.87, 70, 100, 150.00, 765, 150.00, 0x0000000000000004
2026/10/02 18:15:29.629, 0, 151.88, 70, 100, 150.00, 765, 150.00, 0x0000000000000004
2026/10/02 18:15:29.830, 0, 149.69, 70, 100, 150.00, 705, 150.00, 0x0000000000000004
2026/10/02 18:15:30.030, 0, 150.22, 70, 100, 150.00, 735, 150.00, 0x0000000000000004
2026/10/02 18:15:30.231, 0, 150.27, 70, 100, 150.00, 765, 150.00, 0x0000000000000004
2026/10/02 18:15:30.431, 0, 150.24, 70, 100, 150.00, 765, 150.00, 0x0000000000000004
2026/10/02 18:15:30.632, 0, 149.61, 70, 100, 150.00, 705, 150.00, 0x0000000000000004
2026/10/02 18:15:30.833, 0, 149.59, 70, 100, 150.00, 705, 150.00, 0x0000000000000004
2026/10/02 18:15:31.033, 0, 149.87, 70, 100, 150.00, 735, 150.00, 0x0000000000000004
2026/10/02 18:15:31.234, 0, 134.79, 69, 34, 150.00, 1680, 150.00, 0x0000000000000004
2026/10/02 18:15:31.434, 0, 120.19, 68, 0, 150.00, 1680, 150.00, 0x0000000000000004
2026/10/02 18:15:31.635, 0, 116.96, 69, 46, 150.00, 1590, 150.00, 0x0000000000000004
2026/10/02 18:15:31.835, 0, 104.18, 68, 60, 150.00, 1665, 150.00, 0x0000000000000004
2026/10/02 18:15:32.036, 0, 90.66, 67, 0, 150.00, 1680, 150.00, 0x0000000000000004
2026/10/02 18:15:32.236, 0, 84.69, 67, 0, 150.00, 1695, 150.00, 0x0000000000000000
2026/10/02 18:15:32.437, 0, 96.55, 68, 64, 150.00, 1440, 150.00, 0x0000000000000004
2026/10/02 18:15:32.637, 0, 98.67, 69, 100, 150.00, 765, 150.00, 0x0000000000000004
2026/10/02 18:15:32.838, 0, 113.26, 69, 100, 150.00, 765, 150.00, 0x0000000000000004
2026/10/02 18:15:33.038, 0, 128.29, 70, 100, 150.00, 780, 150.00, 0x0000000000000004
2026/10/02 18:15:33.239, 0, 142.36, 70, 100, 150.00, 585, 150.00, 0x0000000000000004
2026/10/02 18:15:33.439, 0, 156.26, 69, 100, 150.00, 735, 150.00, 0x0000000000000004
2026/10/02 18:15:33.640, 0, 151.26, 70, 100, 150.00, 765, 150.00, 0x0000000000000004
2026/10/02 18:15:33.841, 0, 151.13, 70, 100, 150.00, 765, 150.00, 0x0000000000000004
2026/10/02 18:15:34.041, 0, 151.10, 70, 100, 150.00, 765, 150.00, 0x0000000000000004
2026/10/02 18:15:34.242, 0, 149.83, 70, 100, 150.00, 675, 150.00, 0x0000000000000004
2026/10/02 18:15:34.442, 0, 150.16, 70, 100, 150.00, 735, 150.00, 0x0000000000000004
2026/10/02 18:15:34.643, 0, 150.34, 70, 100, 150.00, 735, 150.00, 0x0000000000000004
2026/10/02 18:15:34.844, 0, 150.34, 70, 100, 150.00, 750, 150.00, 0x0000000000000004
2026/10/02 18:15:35.044, 0, 150.27, 70, 100, 150.00, 750, 150.00, 0x0000000000000004
2026/10/02 18:15:35.245, 0, 149.13, 70, 100, 150.00, 690, 150.00, 0x0000000000000004
2026/10/02 18:15:35.446, 0, 149.83, 70, 100, 150.00, 720, 150.00, 0x0000000000000004
2026/10/02 18:15:35.646, 0, 150.20, 70, 100, 150.00, 750, 150.00, 0x0000000000000004
2026/10/02 18:15:35.847, 0, 150.36, 70, 100, 150.00, 765, 150.00, 0x0000000000000004
2026/10/02 18:15:36.047, 0, 149.96, 70, 100, 150.00, 720, 150.00, 0x0000000000000004
2026/10/02 18:15:36.248, 0, 149.60, 70, 100, 150.00, 705, 150.00, 0x0000000000000004
2026/10/02 18:15:36.449, 0, 148.94, 70, 96, 150.00, 735, 150.00, 0x0000000000000004
2026/10/02 18:15:36.649, 0, 133.87, 69, 60, 150.00, 1680, 150.00, 0x0000000000000004
2026/10/02 18:15:36.850, 0, 130.74, 70, 49, 150.00, 1605, 150.00, 0x0000000000000004
2026/10/02 18:15:37.050, 0, 129.73, 70, 82, 150.00, 765, 150.00, 0x0000000000000004
2026/10/02 18:15:37.251, 0, 130.61, 70, 100, 150.00, 765, 150.00, 0x0000000000000004
2026/10/02 18:15:37.452, 0, 138.10, 70, 59, 105.00, 780, 150.00, 0x0000000000000004
2026/10/02 18:15:37.652, 0, 104.06, 69, 100, 105.00, 345, 105.00, 0x0000000000000004
2026/10/02 18:15:37.853, 0, 99.55, 69, 100, 105.00, 330, 105.00, 0x0000000000000004
2026/10/02 18:15:38.054, 0, 101.55, 69, 100, 105.00, 345, 105.00, 0x0000000000000004
2026/10/02 18:15:38.254, 0, 101.68, 68, 100, 105.00, 375, 105.00, 0x0000000000000004
2026/10/02 18:15:38.455, 0, 102.23, 68, 100, 105.00, 345, 105.00, 0x0000000000000004
2026/10/02 18:15:38.656, 0, 102.62, 68, 100, 105.00, 345, 105.00, 0x0000000000000004
2026/10/02 18:15:38.857, 0, 104.00, 68, 100, 105.00, 360, 105.00, 0x0000000000000004
2026/10/02 18:15:39.057, 0, 103.99, 68, 100, 105.00, 345, 105.00, 0x0000000000000004
2026/10/02 18:15:39.258, 0, 103.90, 68, 100, 105.00, 345, 105.00, 0x0000000000000004
2026/10/02 18:15:39.459, 0, 104.39, 68, 100, 105.00, 345, 105.00, 0x0000000000000004
2026/10/02 18:15:39.659, 0, 107.47, 68, 100, 150.00, 1065, 150.00, 0x0000000000000004
2026/10/02 18:15:39.860, 0, 152.45, 69, 100, 150.00, 750, 150.00, 0x0000000000000004
2026/10/02 18:15:40.061, 0, 151.46, 70, 100, 150.00, 735, 150.00, 0x0000000000000004
2026/10/02 18:15:40.261, 0, 150.70, 70, 100, 150.00, 720, 150.00, 0x0000000000000004
2026/10/02 18:15:40.462, 0, 150.24, 70, 100, 150.00, 735, 150.00, 0x0000000000000004
2026/10/02 18:15:40.662, 0, 149.54, 70, 100, 150.00, 750, 150.00, 0x0000000000000004
2026/10/02 18:15:40.863, 0, 149.57, 70, 100, 150.00, 735, 150.00, 0x0000000000000004
2026/10/02 18:15:41.064, 0, 148.30, 70, 100, 150.00, 735, 150.00, 0x0000000000000004
2026/10/02 18:15:41.264, 0, 156.27, 70, 36, 150.00, 750, 150.00, 0x0000000000000004
2026/10/02 18:15:41.465, 0, 156.57, 70, 100, 150.00, 765, 150.00, 0x0000000000000004
2026/10/02 18:15:41.665, 0, 158.03, 70, 100, 150.00, 765, 150.00, 0x0000000000000004
2026/10/02 18:15:41.866, 0, 158.99, 70, 100, 150.00, 750, 150.00, 0x0000000000000004
2026/10/02 18:15:42.066, 0, 144.31, 69, 2, 150.00, 1680, 150.00, 0x0000000000000004
2026/10/02 18:15:42.267, 0, 148.48, 69, 53, 150.00, 990, 150.00, 0x0000000000000004
2026/10/02 18:15:42.467, 0, 144.19, 68, 29, 150.00, 1440, 150.00, 0x0000000000000004
2026/10/02 18:15:42.668, 0, 144.47, 70, 100, 150.00, 765, 150.00, 0x0000000000000004
2026/10/02 18:15:42.868, 0, 144.59, 70, 100, 150.00, 765, 150.00, 0x0000000000000004
2026/10/02 18:15:43.069, 0, 150.82, 70, 100, 150.00, 1455, 150.00, 0x0000000000000004
2026/10/02 18:15:43.271, 0, 119.03, 68, 0, 150.00, 1680, 150.00, 0x0000000000000004
2026/10/02 18:15:43.471, 0, 121.26, 69, 100, 150.00, 780, 150.00, 0x0000000000000004
2026/10/02 18:15:43.672, 0, 113.50, 70, 38, 150.00, 1560, 150.00, 0x0000000000000004
2026/10/02 18:15:43.872, 0, 95.68, 69, 0, 150.00, 1665, 150.00, 0x0000000000000004
2026/10/02 18:15:44.073, 0, 121.90, 70, 100, 150.00, 780, 150.00, 0x0000000000000004
2026/10/02 18:15:44.274, 0, 131.11, 70, 85, 150.00, 1005, 150.00, 0x0000000000000004
2026/10/02 18:15:44.474, 0, 116.34, 68, 0, 150.00, 1680, 150.00, 0x0000000000000004
2026/10/02 18:15:44.675, 0, 104.98, 68, 0, 150.00, 1695, 150.00, 0x0000000000000004
2026/10/02 18:15:44.875, 0, 118.80, 69, 18, 150.00, 1605, 150.00, 0x0000000000000004
2026/10/02 18:15:45.076, 0, 100.09, 68, 66, 150.00, 945, 150.00, 0x0000000000000004
2026/10/02 18:15:45.276, 0, 89.10, 69, 1, 150.00, 1665, 150.00, 0x0000000000000004
2026/10/02 18:15:45.477, 0, 101.76, 69, 100, 150.00, 765, 150.00, 0x0000000000000004
2026/10/02 18:15:45.677, 0, 113.95, 70, 26, 150.00, 1605, 150.00, 0x0000000000000004
2026/10/02 18:15:45.878, 0, 114.56, 68, 31, 150.00, 900, 150.00, 0x0000000000000004
2026/10/02 18:15:46.079, 0, 121.68, 69, 23, 150.00, 1605, 150.00, 0x0000000000000004
2026/10/02 18:15:46.279, 0, 134.04, 68, 44, 150.00, 615, 150.00, 0x0000000000000004
2026/10/02 18:15:46.480, 0, 142.52, 70, 100, 150.00, 765, 150.00, 0x0000000000000004
2026/10/02 18:15:46.681, 0, 133.00, 68, 79, 150.00, 690, 150.00, 0x0000000000000004
2026/10/02 18:15:46.881, 0, 149.02, 70, 100, 150.00, 765, 150.00, 0x0000000000000004
2026/10/02 18:15:47.082, 0, 140.46, 70, 100, 150.00, 765, 150.00, 0x0000000000000004
2026/10/02 18:15:47.283, 0, 152.12, 70, 100, 150.00, 765, 150.00, 0x0000000000000004
2026/10/02 18:15:47.483, 0, 142.08, 70, 100, 150.00, 510, 150.00, 0x0000000000000004
2026/10/02 18:15:47.684, 0, 149.13, 70, 100, 150.00, 750, 150.00, 0x0000000000000004
2026/10/02 18:15:47.885, 0, 149.15, 70, 100, 150.00, 750, 150.00, 0x0000000000000004
2026/10/02 18:15:48.085, 0, 148.63, 70, 100, 150.00, 765, 150.00, 0x0000000000000004
2026/10/02 18:15:48.286, 0, 131.16, 69, 0, 150.00, 1680, 150.00, 0x0000000000000004
2026/10/02 18:15:48.487, 0, 130.84, 69, 73, 150.00, 690, 150.00, 0x0000000000000004
2026/10/02 18:15:48.687, 0, 127.76, 69, 11, 150.00, 1665, 150.00, 0x0000000000000004
2026/10/02 18:15:48.888, 0, 110.34, 69, 0, 150.00, 1680, 150.00, 0x0000000000000004
2026/10/02 18:15:49.089, 0, 115.17, 69, 100, 150.00, 780, 150.00, 0x0000000000000004
2026/10/02 18:15:49.289, 0, 123.87, 70, 100, 150.00, 765, 150.00, 0x0000000000000004
2026/10/02 18:15:49.490, 0, 133.12, 70, 100, 150.00, 765, 150.00, 0x0000000000000004
2026/10/02 18:15:49.691, 0, 140.42, 70, 100, 150.00, 765, 150.00, 0x0000000000000004
2026/10/02 18:15:49.891, 0, 143.99, 70, 100, 150.00, 720, 150.00, 0x0000000000000004
2026/10/02 18:15:50.092, 0, 143.07, 69, 58, 150.00, 630, 150.00, 0x0000000000000004
2026/10/02 18:15:50.292, 0, 146.33, 70, 99, 150.00, 765, 150.00, 0x0000000000000004
2026/10/02 18:15:50.493, 0, 137.81, 69, 100, 150.00, 750, 150.00, 0x0000000000000004
2026/10/02 18:15:50.693, 0, 139.31, 70, 100, 150.00, 765, 150.00, 0x0000000000000004
2026/10/02 18:15:50.894, 0, 142.17, 71, 99, 150.00, 780, 150.00, 0x0000000000000004
2026/10/02 18:15:51.095, 0, 134.48, 70, 0, 150.00, 1680, 150.00, 0x0000000000000004
2026/10/02 18:15:51.295, 0, 128.83, 70, 100, 150.00, 780, 150.00, 0x0000000000000004
2026/10/02 18:15:51.496, 0, 135.86, 70, 100, 150.00, 765, 150.00, 0x0000000000000004
2026/10/02 18:15:51.696, 0, 134.95, 71, 90, 150.00, 750, 150.00, 0x0000000000000004
2026/10/02 18:15:51.897, 0, 136.49, 71, 100, 105.00, 720, 105.00, 0x0000000000000004
2026/10/02 18:15:52.098, 0, 95.07, 69, 100, 105.00, 270, 105.00, 0x0000000000000004
2026/10/02 18:15:52.298, 0, 100.59, 69, 100, 105.00, 345, 105.00, 0x0000000000000004
2026/10/02 18:15:52.499, 0, 102.31, 69, 100, 105.00, 345, 105.00, 0x0000000000000004
2026/10/02 18:15:52.700, 0, 103.16, 69, 100, 105.00, 360, 105.00, 0x0000000000000004
2026/10/02 18:15:52.900, 0, 103.48, 69, 100, 105.00, 360, 105.00, 0x0000000000000004
2026/10/02 18:15:53.101, 0, 103.55, 69, 100, 105.00, 345, 105.00, 0x0000000000000004
2026/10/02 18:15:53.302, 0, 104.74, 68, 100, 105.00, 345, 105.00, 0x0000000000000004
2026/10/02 18:15:53.502, 0, 104.73, 68, 100, 105.00, 360, 105.00, 0x0000000000000004
2026/10/02 18:15:53.703, 0, 104.62, 68, 100, 105.00, 360, 105.00, 0x0000000000000004
2026/10/02 18:15:53.904, 0, 104.75, 68, 100, 105.00, 360, 105.00, 0x0000000000000004
2026/10/02 18:15:54.104, 0, 174.24, 69, 100, 150.00, 780, 150.00, 0x0000000000000004
2026/10/02 18:15:54.305, 0, 151.96, 70, 100, 150.00, 735, 150.00, 0x0000000000000004
2026/10/02 18:15:54.506, 0, 150.82, 70, 100, 150.00, 735, 150.00, 0x0000000000000004
2026/10/02 18:15:54.706, 0, 150.40, 70, 100, 150.00, 735, 150.00, 0x0000000000000004
2026/10/02 18:15:54.907, 0, 150.25, 70, 100, 150.00, 735, 150.00, 0x0000000000000004
2026/10/02 18:15:55.108, 0, 150.04, 70, 100, 150.00, 750, 150.00, 0x0000000000000004
2026/10/02 18:15:55.308, 0, 149.84, 70, 100, 150.00, 735, 150.00, 0x0000000000000004
2026/10/02 18:15:55.509, 0, 149.85, 70, 100, 150.00, 735, 150.00, 0x0000000000000004
2026/10/02 18:15:55.709, 0, 150.04, 71, 100, 150.00, 720, 150.00, 0x0000000000000004
2026/10/02 18:15:55.910, 0, 149.84, 71, 100, 150.00, 735, 150.00, 0x0000000000000004
2026/10/02 18:15:56.111, 0, 150.73, 71, 97, 150.00, 720, 150.00, 0x0000000000000004
2026/10/02 18:15:56.311, 0, 150.74, 71, 100, 150.00, 750, 150.00, 0x0000000000000004
2026/10/02 18:15:56.512, 0, 143.55, 70, 83, 150.00, 1365, 150.00, 0x0000000000000004
2026/10/02 18:15:56.712, 0, 149.81, 71, 100, 150.00, 765, 150.00, 0x0000000000000004
2026/10/02 18:15:56.913, 0, 150.49, 71, 100, 150.00, 765, 150.00, 0x0000000000000004
2026/10/02 18:15:57.114, 0, 151.30, 71, 100, 150.00, 765, 150.00, 0x0000000000000004
2026/10/02 18:15:57.314, 0, 151.12, 71, 99, 150.00, 1140, 150.00, 0x0000000000000004
2026/10/02 18:15:57.515, 0, 136.81, 69, 0, 150.00, 1680, 150.00, 0x0000000000000004
2026/10/02 18:15:57.715, 0, 141.20, 70, 100, 150.00, 780, 150.00, 0x0000000000000004
2026/10/02 18:15:57.916, 0, 141.37, 71, 100, 150.00, 765, 150.00, 0x0000000000000004
2026/10/02 18:15:58.117, 0, 141.17, 71, 100, 150.00, 765, 150.00, 0x0000000000000004
2026/10/02 18:15:58.317, 0, 141.27, 71, 100, 150.00, 765, 150.00, 0x0000000000000004
2026/10/02 18:15:58.518, 0, 146.36, 71, 100, 150.00, 705, 150.00, 0x0000000000000004
2026/10/02 18:15:58.718, 0, 151.54, 71, 27, 150.00, 615, 150.00, 0x0000000000000004
2026/10/02 18:15:58.919, 0, 151.60, 71, 100, 150.00, 765, 150.00, 0x0000000000000004
2026/10/02 18:15:59.120, 0, 146.64, 71, 83, 150.00, 765, 150.00, 0x0000000000000004
2026/10/02 18:15:59.320, 0, 146.75, 71, 100, 150.00, 765, 150.00, 0x0000000000000004
2026/10/02 18:15:59.521, 0, 140.74, 70, 26, 150.00, 1650, 150.00, 0x0000000000000004
2026/10/02 18:15:59.721, 0, 131.34, 71, 98, 150.00, 780, 150.00, 0x0000000000000004
2026/10/02 18:15:59.922, 0, 133.29, 71, 100, 150.00, 765, 150.00, 0x0000000000000004
2026/10/02 18:16:00.123, 0, 129.55, 69, 9, 150.00, 1665, 150.00, 0x0000000000000004
2026/10/02 18:16:00.323, 0, 128.17, 71, 39, 150.00, 630, 150.00, 0x0000000000000004
2026/10/02 18:16:00.524, 0, 128.52, 70, 98, 150.00, 1095, 150.00, 0x0000000000000004
2026/10/02 18:16:00.724, 0, 143.80, 71, 100, 150.00, 765, 150.00, 0x0000000000000004
2026/10/02 18:16:00.925, 0, 144.20, 71, 100, 150.00, 765, 150.00, 0x0000000000000004
2026/10/02 18:16:01.126, 0, 142.25, 71, 100, 150.00, 435, 150.00, 0x0000000000000004
2026/10/02 18:16:01.326, 0, 155.04, 71, 100, 150.00, 735, 150.00, 0x0000000000000004
2026/10/02 18:16:01.527, 0, 148.41, 71, 100, 150.00, 750, 150.00, 0x0000000000000004
2026/10/02 18:16:01.727, 0, 155.93, 71, 65, 150.00, 705, 150.00, 0x0000000000000004
2026/10/02 18:16:01.928, 0, 148.24, 71, 55, 150.00, 660, 150.00, 0x0000000000000004
2026/10/02 18:16:02.128, 0, 149.95, 71, 100, 150.00, 765, 150.00, 0x0000000000000004
2026/10/02 18:16:02.329, 0, 141.77, 71, 58, 150.00, 675, 150.00, 0x0000000000000004
2026/10/02 18:16:02.530, 0, 143.66, 71, 100, 150.00, 765, 150.00, 0x0000000000000004
2026/10/02 18:16:02.730, 0, 143.79, 71, 100, 150.00, 690, 150.00, 0x0000000000000004
2026/10/02 18:16:02.931, 0, 147.21, 72, 100, 150.00, 765, 150.00, 0x0000000000000004
2026/10/02 18:16:03.131, 0, 142.26, 71, 100, 150.00, 510, 150.00, 0x0000000000000004
2026/10/02 18:16:03.332, 0, 151.36, 71, 100, 150.00, 735, 150.00, 0x0000000000000004
2026/10/02 18:16:03.533, 0, 150.68, 71, 100, 150.00, 750, 150.00, 0x0000000000000004
2026/10/02 18:16:03.733, 0, 150.55, 72, 100, 150.00, 765, 150.00, 0x0000000000000004
2026/10/02 18:16:03.934, 0, 141.42, 71, 77, 150.00, 1440, 150.00, 0x0000000000000004
2026/10/02 18:16:04.134, 0, 136.65, 71, 54, 150.00, 705, 150.00, 0x0000000000000004
2026/10/02 18:16:04.335, 0, 121.56, 70, 0, 150.00, 1680, 150.00, 0x0000000000000004
2026/10/02 18:16:04.535, 0, 109.16, 69, 0, 150.00, 1530, 150.00, 0x0000000000000004
2026/10/02 18:16:04.736, 0, 107.80, 71, 100, 150.00, 765, 150.00, 0x0000000000000004
2026/10/02 18:16:04.936, 0, 108.21, 71, 100, 150.00, 765, 150.00, 0x0000000000000004
2026/10/02 18:16:05.137, 0, 123.24, 72, 100, 150.00, 765, 150.00, 0x0000000000000004
2026/10/02 18:16:05.338, 0, 135.23, 72, 100, 150.00, 555, 150.00, 0x0000000000000004
2026/10/02 18:16:05.538, 0, 141.79, 71, 100, 150.00, 705, 150.00, 0x0000000000000004
2026/10/02 18:16:05.739, 0, 149.66, 72, 100, 150.00, 765, 150.00, 0x0000000000000004
2026/10/02 18:16:05.939, 0, 149.96, 72, 100, 150.00, 765, 150.00, 0x0000000000000004
2026/10/02 18:16:06.140, 0, 149.67, 72, 100, 150.00, 750, 150.00, 0x0000000000000004
2026/10/02 18:16:06.341, 0, 148.59, 72, 100, 150.00, 645, 150.00, 0x0000000000000004
2026/10/02 18:16:06.541, 0, 156.80, 72, 57, 150.00, 660, 150.00, 0x0000000000000004
2026/10/02 18:16:06.742, 0, 156.84, 72, 100, 150.00, 765, 150.00, 0x0000000000000004
2026/10/02 18:16:06.942, 0, 157.54, 72, 100, 150.00, 750, 150.00, 0x0000000000000004
2026/10/02 18:16:07.143, 0, 156.95, 72, 100, 150.00, 735, 150.00, 0x0000000000000004
2026/10/02 18:16:07.343, 0, 155.65, 72, 100, 150.00, 435, 150.00, 0x0000000000000004
2026/10/02 18:16:07.544, 0, 157.16, 72, 100, 150.00, 735, 150.00, 0x0000000000000004
2026/10/02 18:16:07.745, 0, 143.72, 71, 76, 150.00, 1455, 150.00, 0x0000000000000004
2026/10/02 18:16:07.945, 0, 136.27, 71, 63, 150.00, 705, 150.00, 0x0000000000000004
2026/10/02 18:16:08.145, 0, 135.53, 71, 19, 150.00, 660, 150.00, 0x0000000000000004
2026/10/02 18:16:08.346, 0, 124.48, 70, 60, 150.00, 1530, 150.00, 0x0000000000000004
2026/10/02 18:16:08.547, 0, 141.00, 72, 67, 150.00, 660, 150.00, 0x0000000000000004
2026/10/02 18:16:08.747, 0, 126.81, 70, 0, 150.00, 1605, 150.00, 0x0000000000000004
2026/10/02 18:16:08.948, 0, 140.60, 71, 100, 150.00, 765, 150.00, 0x0000000000000004
2026/10/02 18:16:09.148, 0, 146.78, 72, 84, 150.00, 720, 150.00, 0x0000000000000004
2026/10/02 18:16:09.349, 0, 135.34, 70, 7, 150.00, 1665, 150.00, 0x0000000000000004
2026/10/02 18:16:09.549, 0, 141.96, 72, 100, 150.00, 765, 150.00, 0x0000000000000004
2026/10/02 18:16:09.750, 0, 146.49, 71, 4, 150.00, 1065, 150.00, 0x0000000000000004
2026/10/02 18:16:09.950, 0, 147.59, 72, 100, 150.00, 765, 150.00, 0x0000000000000004
2026/10/02 18:16:10.151, 0, 147.69, 72, 100, 150.00, 765, 150.00, 0x0000000000000004
2026/10/02 18:16:10.351, 0, 147.13, 72, 100, 150.00, 750, 150.00, 0x0000000000000004
2026/10/02 18:16:10.552, 0, 147.84, 72, 100, 150.00, 540, 150.00, 0x0000000000000004
2026/10/02 18:16:10.753, 0, 148.38, 72, 100, 150.00, 720, 150.00, 0x0000000000000004
2026/10/02 18:16:10.953, 0, 149.92, 72, 100, 150.00, 750, 150.00, 0x0000000000000004
2026/10/02 18:16:11.154, 0, 148.35, 72, 54, 150.00, 660, 150.00, 0x0000000000000004
2026/10/02 18:16:11.354, 0, 141.51, 71, 86, 150.00, 1350, 150.00, 0x0000000000000004
2026/10/02 18:16:11.555, 0, 148.04, 72, 100, 150.00, 780, 150.00, 0x0000000000000004
2026/10/02 18:16:11.755, 0, 150.49, 72, 100, 150.00, 765, 150.00, 0x0000000000000004
2026/10/02 18:16:11.956, 0, 138.81, 70, 0, 150.00, 1680, 150.00, 0x0000000000000004
2026/10/02 18:16:12.156, 0, 143.76, 72, 14, 150.00, 960, 150.00, 0x0000000000000004
2026/10/02 18:16:12.357, 0, 144.56, 71, 55, 150.00, 945, 150.00, 0x0000000000000004
2026/10/02 18:16:12.558, 0, 144.53, 72, 100, 150.00, 750, 150.00, 0x0000000000000004
2026/10/02 18:16:12.758, 0, 129.45, 70, 0, 150.00, 1680, 150.00, 0x0000000000000004
2026/10/02 18:16:12.958, 0, 119.30, 70, 0, 150.00, 1680, 150.00, 0x0000000000000004
2026/10/02 18:16:13.159, 0, 122.17, 70, 48, 150.00, 1590, 150.00, 0x0000000000000004
2026/10/02 18:16:13.360, 0, 120.78, 70, 38, 150.00, 1605, 150.00, 0x0000000000000004
2026/10/02 18:16:13.560, 0, 120.67, 71, 100, 150.00, 765, 150.00, 0x0000000000000004
2026/10/02 18:16:13.761, 0, 120.89, 72, 96, 150.00, 765, 150.00, 0x0000000000000004
2026/10/02 18:16:13.961, 0, 135.22, 72, 100, 150.00, 765, 150.00, 0x0000000000000004
2026/10/02 18:16:14.162, 0, 136.80, 72, 100, 150.00, 750, 150.00, 0x0000000000000004
2026/10/02 18:16:14.362, 0, 141.90, 72, 100, 150.00, 705, 150.00, 0x0000000000000004
2026/10/02 18:16:14.563, 0, 140.49, 72, 100, 150.00, 750, 150.00, 0x0000000000000004
2026/10/02 18:16:14.763, 0, 148.81, 72, 100, 150.00, 750, 150.00, 0x0000000000000004
2026/10/02 18:16:14.964, 0, 149.18, 72, 100, 150.00, 750, 150.00, 0x0000000000000004
2026/10/02 18:16:15.165, 0, 140.54, 71, 79, 150.00, 1380, 150.00, 0x0000000000000004
2026/10/02 18:16:15.365, 0, 135.65, 71, 66, 150.00, 975, 150.00, 0x0000000000000004
2026/10/02 18:16:15.566, 0, 136.92, 72, 100, 150.00, 765, 150.00, 0x0000000000000004
2026/10/02 18:16:15.766, 0, 138.43, 72, 100, 150.00, 765, 150.00, 0x0000000000000004
2026/10/02 18:16:15.967, 0, 137.17, 72, 100, 150.00, 750, 150.00, 0x0000000000000004
2026/10/02 18:16:16.167, 0, 136.85, 72, 100, 150.00, 615, 150.00, 0x0000000000000004
2026/10/02 18:16:16.368, 0, 151.82, 72, 100, 150.00, 720, 150.00, 0x0000000000000004
2026/10/02 18:16:16.568, 0, 150.53, 72, 100, 150.00, 750, 150.00, 0x0000000000000004
2026/10/02 18:16:16.769, 0, 150.07, 72, 100, 150.00, 750, 150.00, 0x0000000000000004
2026/10/02 18:16:16.970, 0, 150.39, 72, 100, 150.00, 765, 150.00, 0x0000000000000004
2026/10/02 18:16:17.170, 0, 149.11, 72, 100, 150.00, 630, 150.00, 0x0000000000000004
2026/10/02 18:16:17.371, 0, 150.48, 72, 100, 150.00, 705, 150.00, 0x0000000000000004
2026/10/02 18:16:17.571, 0, 147.98, 72, 63, 150.00, 1005, 150.00, 0x0000000000000004
2026/10/02 18:16:17.772, 0, 130.60, 72, 64, 150.00, 1350, 150.00, 0x0000000000000004
2026/10/02 18:16:17.972, 0, 121.31, 72, 82, 150.00, 750, 150.00, 0x0000000000000004
2026/10/02 18:16:18.173, 0, 109.87, 70, 0, 150.00, 1680, 150.00, 0x0000000000000004
2026/10/02 18:16:18.373, 0, 97.96, 70, 0, 150.00, 1665, 150.00, 0x0000000000000004
2026/10/02 18:16:18.574, 0, 95.80, 71, 66, 150.00, 690, 150.00, 0x0000000000000004
2026/10/02 18:16:18.775, 0, 98.25, 71, 73, 150.00, 1470, 150.00, 0x0000000000000004
2026/10/02 18:16:18.975, 0, 116.96, 72, 47, 150.00, 660, 150.00, 0x0000000000000004
2026/10/02 18:16:19.176, 0, 113.56, 71, 2, 150.00, 1170, 150.00, 0x0000000000000004
2026/10/02 18:16:19.376, 0, 121.07, 72, 100, 150.00, 750, 150.00, 0x0000000000000004
2026/10/02 18:16:19.577, 0, 135.79, 72, 100, 150.00, 765, 150.00, 0x0000000000000004
2026/10/02 18:16:19.777, 0, 139.73, 72, 20, 150.00, 675, 150.00, 0x0000000000000004
2026/10/02 18:16:19.978, 0, 140.55, 72, 55, 150.00, 660, 150.00, 0x0000000000000004
2026/10/02 18:16:20.178, 0, 147.90, 72, 100, 150.00, 750, 150.00, 0x0000000000000004
2026/10/02 18:16:20.379, 0, 149.18, 72, 100, 150.00, 750, 150.00, 0x0000000000000004
2026/10/02 18:16:20.579, 0, 139.97, 71, 28, 150.00, 1650, 150.00, 0x0000000000000004
2026/10/02 18:16:20.780, 0, 130.08, 70, 0, 150.00, 1680, 150.00, 0x0000000000000004
2026/10/02 18:16:20.980, 0, 132.01, 71, 41, 150.00, 615, 150.00, 0x0000000000000004
2026/10/02 18:16:21.181, 0, 131.36, 72, 76, 150.00, 765, 150.00, 0x0000000000000004
2026/10/02 18:16:21.381, 0, 137.33, 72, 82, 150.00, 765, 150.00, 0x0000000000000004
2026/10/02 18:16:21.582, 0, 146.99, 72, 100, 150.00, 765, 150.00, 0x0000000000000004
2026/10/02 18:16:21.783, 0, 161.02, 71, 100, 150.00, 1455, 150.00, 0x0000000000000004
2026/10/02 18:16:21.983, 0, 139.17, 70, 0, 150.00, 1680, 150.00, 0x0000000000000004
2026/10/02 18:16:22.184, 0, 131.14, 71, 0, 150.00, 720, 150.00, 0x0000000000000004
2026/10/02 18:16:22.384, 0, 123.61, 72, 100, 150.00, 750, 150.00, 0x0000000000000004
2026/10/02 18:16:22.585, 0, 104.34, 71, 53, 150.00, 1320, 150.00, 0x0000000000000004
2026/10/02 18:16:22.786, 0, 103.54, 72, 70, 150.00, 660, 150.00, 0x0000000000000004
2026/10/02 18:16:22.986, 0, 116.48, 71, 100, 150.00, 1335, 150.00, 0x0000000000000004
2026/10/02 18:16:23.187, 0, 118.59, 72, 0, 150.00, 705, 150.00, 0x0000000000000004
2026/10/02 18:16:23.388, 0, 119.41, 72, 100, 150.00, 750, 150.00, 0x0000000000000004
2026/10/02 18:16:23.588, 0, 134.98, 72, 89, 150.00, 705, 150.00, 0x0000000000000004
2026/10/02 18:16:23.789, 0, 157.18, 72, 61, 150.00, 705, 150.00, 0x0000000000000004
2026/10/02 18:16:23.989, 0, 154.46, 72, 100, 150.00, 720, 150.00, 0x0000000000000004
2026/10/02 18:16:24.190, 0, 170.20, 73, 100, 150.00, 765, 150.00, 0x0000000000000004
2026/10/02 18:16:24.391, 0, 161.56, 72, 77, 150.00, 1245, 150.00, 0x0000000000000004
2026/10/02 18:16:24.591, 0, 160.47, 72, 78, 150.00, 1140, 150.00, 0x0000000000000004
2026/10/02 18:16:24.792, 0, 153.18, 72, 45, 105.00, 210, 105.00, 0x0000000000000004
2026/10/02 18:16:24.992, 0, 106.65, 71, 100, 105.00, 345, 105.00, 0x0000000000000004
2026/10/02 18:16:25.193, 0, 106.97, 71, 100, 105.00, 345, 105.00, 0x0000000000000004
2026/10/02 18:16:25.394, 0, 107.06, 71, 100, 105.00, 210, 105.00, 0x0000000000000004
2026/10/02 18:16:25.594, 0, 105.01, 70, 100, 105.00, 345, 105.00, 0x0000000000000004
2026/10/02 18:16:25.795, 0, 104.88, 70, 100, 105.00, 360, 105.00, 0x0000000000000004
2026/10/02 18:16:25.996, 0, 105.33, 70, 100, 105.00, 360, 105.00, 0x0000000000000004
2026/10/02 18:16:26.196, 0, 105.42, 70, 100, 105.00, 360, 105.00, 0x0000000000000004
2026/10/02 18:16:26.397, 0, 104.83, 70, 100, 105.00, 300, 105.00, 0x0000000000000004
2026/10/02 18:16:26.597, 0, 103.71, 70, 100, 105.00, 330, 105.00, 0x0000000000000004
2026/10/02 18:16:26.798, 0, 105.36, 70, 100, 105.00, 360, 105.00, 0x0000000000000004
2026/10/02 18:16:26.999, 0, 160.78, 71, 100, 150.00, 750, 150.00, 0x0000000000000004
2026/10/02 18:16:27.199, 0, 153.94, 72, 100, 150.00, 750, 150.00, 0x0000000000000004
2026/10/02 18:16:27.400, 0, 151.76, 72, 100, 150.00, 705, 150.00, 0x0000000000000004
2026/10/02 18:16:27.600, 0, 150.36, 72, 100, 150.00, 720, 150.00, 0x0000000000000004
2026/10/02 18:16:27.801, 0, 150.18, 72, 100, 150.00, 675, 150.00, 0x0000000000000004
2026/10/02 18:16:28.002, 0, 150.21, 72, 100, 150.00, 750, 150.00, 0x0000000000000004
2026/10/02 18:16:28.202, 0, 150.39, 72, 100, 150.00, 735, 150.00, 0x0000000000000004
2026/10/02 18:16:28.403, 0, 149.96, 72, 100, 150.00, 705, 150.00, 0x0000000000000004
2026/10/02 18:16:28.604, 0, 150.15, 72, 100, 150.00, 705, 150.00, 0x0000000000000004
2026/10/02 18:16:28.804, 0, 150.07, 72, 100, 150.00, 720, 150.00, 0x0000000000000004
2026/10/02 18:16:29.005, 0, 150.33, 72, 100, 150.00, 735, 150.00, 0x0000000000000004
2026/10/02 18:16:29.206, 0, 150.25, 73, 100, 150.00, 735, 150.00, 0x0000000000000004
2026/10/02 18:16:29.406, 0, 149.92, 73, 100, 150.00, 705, 150.00, 0x0000000000000004
2026/10/02 18:16:29.607, 0, 149.83, 73, 100, 150.00, 705, 150.00, 0x0000000000000004
2026/10/02 18:16:29.807, 0, 149.73, 73, 100, 150.00, 720, 150.00, 0x0000000000000004
2026/10/02 18:16:30.008, 0, 150.20, 73, 100, 150.00, 735, 150.00, 0x0000000000000004
2026/10/02 18:16:30.209, 0, 150.20, 73, 100, 150.00, 720, 150.00, 0x0000000000000004
2026/10/02 18:16:30.409, 0, 150.03, 73, 100, 150.00, 705, 150.00, 0x0000000000000004
2026/10/02 18:16:30.610, 0, 149.72, 73, 100, 150.00, 720, 150.00, 0x0000000000000004
2026/10/02 18:16:30.811, 0, 149.90, 73, 100, 150.00, 720, 150.00, 0x0000000000000004
2026/10/02 18:16:31.011, 0, 150.11, 73, 100, 150.00, 735, 150.00, 0x0000000000000004
2026/10/02 18:16:31.212, 0, 149.92, 73, 100, 150.00, 720, 150.00, 0x0000000000000004
2026/10/02 18:16:31.412, 0, 149.76, 73, 100, 150.00, 705, 150.00, 0x0000000000000004
2026/10/02 18:16:31.613, 0, 149.70, 73, 100, 150.00, 720, 150.00, 0x0000000000000004
2026/10/02 18:16:31.814, 0, 149.78, 73, 100, 150.00, 720, 150.00, 0x0000000000000004
2026/10/02 18:16:32.014, 0, 150.16, 73, 100, 150.00, 720, 150.00, 0x0000000000000004
2026/10/02 18:16:32.215, 0, 149.92, 73, 100, 150.00, 720, 150.00, 0x0000000000000004
2026/10/02 18:16:32.416, 0, 149.98, 73, 100, 150.00, 705, 150.00, 0x0000000000000004
2026/10/02 18:16:32.616, 0, 150.03, 73, 100, 150.00, 720, 150.00, 0x0000000000000004
2026/10/02 18:16:32.817, 0, 150.16, 73, 100, 150.00, 720, 150.00, 0x0000000000000004
2026/10/02 18:16:33.018, 0, 150.23, 73, 100, 150.00, 720, 150.00, 0x0000000000000004
2026/10/02 18:16:33.218, 0, 150.18, 73, 100, 150.00, 705, 150.00, 0x0000000000000004
2026/10/02 18:16:33.419, 0, 152.25, 73, 78, 150.00, 720, 150.00, 0x0000000000000004
2026/10/02 18:16:33.619, 0, 149.07, 73, 44, 150.00, 1200, 150.00, 0x0000000000000004
2026/10/02 18:16:33.820, 0, 154.19, 73, 75, 150.00, 930, 150.00, 0x0000000000000004
2026/10/02 18:16:34.020, 0, 139.59, 71, 31, 150.00, 1680, 150.00, 0x0000000000000004
2026/10/02 18:16:34.221, 0, 126.05, 71, 0, 150.00, 1695, 150.00, 0x0000000000000004
2026/10/02 18:16:34.421, 0, 116.31, 72, 0, 150.00, 765, 150.00, 0x0000000000000004
2026/10/02 18:16:34.622, 0, 125.17, 73, 100, 150.00, 750, 150.00, 0x0000000000000004
2026/10/02 18:16:34.823, 0, 125.50, 73, 100, 150.00, 690, 150.00, 0x0000000000000004
2026/10/02 18:16:35.023, 0, 121.46, 71, 100, 150.00, 1215, 150.00, 0x0000000000000004
2026/10/02 18:16:35.224, 0, 134.60, 73, 75, 150.00, 750, 150.00, 0x0000000000000004
2026/10/02 18:16:35.424, 0, 148.75, 73, 100, 150.00, 750, 150.00, 0x0000000000000004
2026/10/02 18:16:35.625, 0, 149.77, 73, 100, 150.00, 750, 150.00, 0x0000000000000004
2026/10/02 18:16:35.826, 0, 149.70, 73, 100, 150.00, 510, 150.00, 0x0000000000000004
2026/10/02 18:16:36.026, 0, 140.95, 73, 100, 150.00, 720, 150.00, 0x0000000000000004
2026/10/02 18:16:36.227, 0, 149.37, 73, 100, 150.00, 750, 150.00, 0x0000000000000004
2026/10/02 18:16:36.428, 0, 149.34, 73, 100, 150.00, 750, 150.00, 0x0000000000000004
2026/10/02 18:16:36.628, 0, 149.19, 73, 100, 150.00, 750, 150.00, 0x0000000000000004
2026/10/02 18:16:36.829, 0, 147.79, 73, 100, 150.00, 660, 150.00, 0x0000000000000004
2026/10/02 18:16:37.030, 0, 149.53, 73, 100, 150.00, 705, 150.00, 0x0000000000000004
2026/10/02 18:16:37.230, 0, 149.90, 73, 100, 150.00, 735, 150.00, 0x0000000000000004
2026/10/02 18:16:37.431, 0, 149.88, 73, 100, 150.00, 750, 150.00, 0x0000000000000004
2026/10/02 18:16:37.631, 0, 150.02, 74, 100, 150.00, 705, 150.00, 0x0000000000000004
2026/10/02 18:16:37.832, 0, 148.57, 73, 100, 150.00, 675, 150.00, 0x0000000000000004
2026/10/02 18:16:38.033, 0, 149.51, 73, 100, 150.00, 705, 150.00, 0x0000000000000004
2026/10/02 18:16:38.233, 0, 149.89, 73, 100, 150.00, 735, 150.00, 0x0000000000000004
2026/10/02 18:16:38.434, 0, 149.93, 73, 100, 150.00, 750, 150.00, 0x0000000000000004
2026/10/02 18:16:38.634, 0, 149.54, 74, 100, 150.00, 705, 150.00, 0x0000000000000004
2026/10/02 18:16:38.835, 0, 149.05, 73, 100, 150.00, 675, 150.00, 0x0000000000000004
2026/10/02 18:16:39.036, 0, 149.43, 73, 100, 150.00, 705, 150.00, 0x0000000000000004
2026/10/02 18:16:39.236, 0, 149.73, 73, 100, 150.00, 720, 150.00, 0x0000000000000004
2026/10/02 18:16:39.437, 0, 149.89, 74, 100, 150.00, 735, 150.00, 0x0000000000000004
2026/10/02 18:16:39.637, 0, 149.47, 74, 100, 150.00, 705, 150.00, 0x0000000000000004
2026/10/02 18:16:39.838, 0, 149.22, 74, 100, 150.00, 690, 150.00, 0x0000000000000004
2026/10/02 18:16:40.039, 0, 149.45, 74, 100, 150.00, 720, 150.00, 0x0000000000000004
2026/10/02 18:16:40.239, 0, 149.76, 74, 100, 150.00, 720, 150.00, 0x0000000000000004
2026/10/02 18:16:40.440, 0, 149.79, 74, 100, 150.00, 735, 150.00, 0x0000000000000004
2026/10/02 18:16:40.641, 0, 149.61, 74, 100, 150.00, 690, 150.00, 0x0000000000000004
2026/10/02 18:16:40.841, 0, 149.65, 74, 100, 150.00, 690, 150.00, 0x0000000000000004
2026/10/02 18:16:41.042, 0, 149.96, 74, 100, 150.00, 705, 150.00, 0x0000000000000004
2026/10/02 18:16:41.242, 0, 150.02, 74, 100, 150.00, 720, 150.00, 0x0000000000000004
2026/10/02 18:16:41.443, 0, 150.18, 74, 100, 150.00, 720, 150.00, 0x0000000000000004
2026/10/02 18:16:41.643, 0, 149.96, 74, 100, 150.00, 705, 150.00, 0x0000000000000004
2026/10/02 18:16:41.844, 0, 149.79, 74, 100, 150.00, 705, 150.00, 0x0000000000000004
2026/10/02 18:16:42.045, 0, 149.70, 74, 100, 150.00, 720, 150.00, 0x0000000000000004
2026/10/02 18:16:42.245, 0, 149.93, 74, 100, 150.00, 720, 150.00, 0x0000000000000004
2026/10/02 18:16:42.446, 0, 149.77, 74, 100, 150.00, 720, 150.00, 0x0000000000000004
2026/10/02 18:16:42.647, 0, 149.62, 74, 100, 150.00, 705, 150.00, 0x0000000000000004
2026/10/02 18:16:42.847, 0, 149.57, 74, 100, 150.00, 705, 150.00, 0x0000000000000004
2026/10/02 18:16:43.048, 0, 149.71, 74, 100, 150.00, 720, 150.00, 0x0000000000000004
2026/10/02 18:16:43.249, 0, 149.91, 74, 100, 150.00, 720, 150.00, 0x0000000000000004
2026/10/02 18:16:43.450, 0, 149.99, 74, 100, 150.00, 720, 150.00, 0x0000000000000004
2026/10/02 18:16:43.650, 0, 149.80, 74, 100, 150.00, 705, 150.00, 0x0000000000000004
2026/10/02 18:16:43.851, 0, 149.86, 74, 100, 150.00, 690, 150.00, 0x0000000000000004
2026/10/02 18:16:44.051, 0, 150.07, 74, 100, 150.00, 705, 150.00, 0x0000000000000004
2026/10/02 18:16:44.252, 0, 150.03, 74, 100, 150.00, 720, 150.00, 0x0000000000000004
2026/10/02 18:16:44.453, 0, 150.11, 74, 100, 150.00, 705, 150.00, 0x0000000000000004
2026/10/02 18:16:44.653, 0, 148.27, 74, 54, 150.00, 675, 150.00, 0x0000000000000004
2026/10/02 18:16:44.854, 0, 148.83, 74, 100, 150.00, 1080, 150.00, 0x0000000000000004
2026/10/02 18:16:45.054, 0, 141.84, 72, 78, 150.00, 1665, 150.00, 0x0000000000000004
2026/10/02 18:16:45.255, 0, 146.42, 74, 47, 150.00, 735, 150.00, 0x0000000000000004
2026/10/02 18:16:45.456, 0, 146.92, 74, 100, 150.00, 750, 150.00, 0x0000000000000004
2026/10/02 18:16:45.656, 0, 155.46, 74, 100, 150.00, 735, 150.00, 0x0000000000000004
2026/10/02 18:16:45.857, 0, 149.85, 74, 100, 150.00, 675, 150.00, 0x0000000000000004
2026/10/02 18:16:46.057, 0, 147.52, 74, 100, 150.00, 690, 150.00, 0x0000000000000004
2026/10/02 18:16:46.258, 0, 150.43, 74, 100, 150.00, 735, 150.00, 0x0000000000000004
2026/10/02 18:16:46.459, 0, 150.34, 74, 100, 150.00, 750, 150.00, 0x0000000000000004
2026/10/02 18:16:46.659, 0, 150.34, 74, 100, 150.00, 735, 150.00, 0x0000000000000004
2026/10/02 18:16:46.860, 0, 149.41, 74, 100, 150.00, 630, 150.00, 0x0000000000000004
2026/10/02 18:16:47.060, 0, 150.08, 74, 100, 150.00, 690, 150.00, 0x0000000000000004
2026/10/02 18:16:47.261, 0, 150.05, 74, 100, 150.00, 720, 150.00, 0x0000000000000004
2026/10/02 18:16:47.462, 0, 150.12, 74, 100, 150.00, 735, 150.00, 0x0000000000000004
2026/10/02 18:16:47.662, 0, 141.87, 74, 100, 150.00, 630, 150.00, 0x0000000000000004
2026/10/02 18:16:47.863, 0, 141.02, 74, 97, 150.00, 750, 150.00, 0x0000000000000004
2026/10/02 18:16:48.063, 0, 142.95, 74, 100, 150.00, 720, 150.00, 0x0000000000000004
2026/10/02 18:16:48.264, 0, 143.57, 74, 100, 150.00, 735, 150.00, 0x0000000000000004
2026/10/02 18:16:48.464, 0, 132.50, 73, 85, 150.00, 1440, 150.00, 0x0000000000000004
2026/10/02 18:16:48.665, 0, 137.87, 74, 38, 150.00, 750, 150.00, 0x0000000000000004
2026/10/02 18:16:48.866, 0, 137.96, 74, 19, 150.00, 750, 150.00, 0x0000000000000004
2026/10/02 18:16:49.066, 0, 138.12, 74, 100, 150.00, 735, 150.00, 0x0000000000000004
2026/10/02 18:16:49.267, 0, 142.06, 74, 65, 150.00, 750, 150.00, 0x0000000000000004
2026/10/02 18:16:49.467, 0, 147.29, 74, 100, 150.00, 735, 150.00, 0x0000000000000004
2026/10/02 18:16:49.668, 0, 145.73, 74, 100, 150.00, 780, 150.00, 0x0000000000000004
2026/10/02 18:16:49.869, 0, 153.17, 74, 100, 150.00, 735, 150.00, 0x0000000000000004
2026/10/02 18:16:50.069, 0, 153.21, 74, 100, 150.00, 705, 150.00, 0x0000000000000004
2026/10/02 18:16:50.270, 0, 149.09, 75, 100, 150.00, 735, 150.00, 0x0000000000000004
2026/10/02 18:16:50.470, 0, 149.20, 75, 100, 150.00, 660, 150.00, 0x0000000000000004
2026/10/02 18:16:50.671, 0, 147.88, 74, 100, 150.00, 705, 150.00, 0x0000000000000004
2026/10/02 18:16:50.872, 0, 150.38, 75, 100, 150.00, 660, 150.00, 0x0000000000000004
2026/10/02 18:16:51.072, 0, 149.42, 74, 100, 150.00, 720, 150.00, 0x0000000000000004
2026/10/02 18:16:51.273, 0, 150.12, 75, 100, 150.00, 735, 150.00, 0x0000000000000004
2026/10/02 18:16:51.473, 0, 149.79, 75, 100, 150.00, 690, 150.00, 0x0000000000000004
2026/10/02 18:16:51.674, 0, 147.41, 74, 100, 150.00, 540, 150.00, 0x0000000000000004
2026/10/02 18:16:51.874, 0, 132.79, 73, 62, 150.00, 1680, 150.00, 0x0000000000000004
2026/10/02 18:16:52.075, 0, 130.66, 72, 39, 150.00, 1635, 150.00, 0x0000000000000004
2026/10/02 18:16:52.275, 0, 136.76, 74, 39, 150.00, 735, 150.00, 0x0000000000000004
2026/10/02 18:16:52.476, 0, 129.93, 73, 78, 150.00, 1665, 150.00, 0x0000000000000004
2026/10/02 18:16:52.676, 0, 116.91, 72, 0, 150.00, 1680, 150.00, 0x0000000000000004
2026/10/02 18:16:52.877, 0, 114.10, 72, 0, 150.00, 1695, 150.00, 0x0000000000000000
2026/10/02 18:16:53.077, 0, 102.13, 71, 0, 150.00, 1695, 150.00, 0x0000000000000000
2026/10/02 18:16:53.278, 0, 100.45, 73, 0, 150.00, 1260, 150.00, 0x0000000000000004
2026/10/02 18:16:53.478, 0, 85.21, 71, 14, 150.00, 1680, 150.00, 0x0000000000000004
2026/10/02 18:16:53.679, 0, 102.98, 73, 16, 150.00, 765, 150.00, 0x0000000000000004
2026/10/02 18:16:53.879, 0, 101.67, 72, 40, 150.00, 1680, 150.00, 0x0000000000000004
2026/10/02 18:16:54.080, 0, 117.87, 73, 53, 150.00, 1110, 150.00, 0x0000000000000004
2026/10/02 18:16:54.280, 0, 117.25, 71, 4, 150.00, 1680, 150.00, 0x0000000000000004
2026/10/02 18:16:54.481, 0, 119.80, 72, 38, 150.00, 630, 150.00, 0x0000000000000004
2026/10/02 18:16:54.681, 0, 108.05, 71, 65, 150.00, 1680, 150.00, 0x0000000000000004
2026/10/02 18:16:54.882, 0, 102.67, 71, 0, 150.00, 1680, 150.00, 0x0000000000000004
2026/10/02 18:16:55.082, 0, 93.26, 71, 0, 150.00, 1695, 150.00, 0x0000000000000000
2026/10/02 18:16:55.283, 0, 86.90, 71, 0, 150.00, 1695, 150.00, 0x0000000000000000
2026/10/02 18:16:55.483, 0, 74.19, 70, 0, 150.00, 1695, 150.00, 0x0000000000000000
2026/10/02 18:16:55.683, 0, 74.19, 70, 0, 150.00, 1695, 150.00, 0x0000000000000000
2026/10/02 18:16:55.884, 0, 99.54, 71, 0, 150.00, 870, 150.00, 0x0000000000000004
2026/10/02 18:16:56.085, 0, 99.73, 71, 66, 150.00, 750, 150.00, 0x0000000000000004
2026/10/02 18:16:56.285, 0, 106.99, 72, 65, 150.00, 1350, 150.00, 0x0000000000000004
2026/10/02 18:16:56.486, 0, 106.33, 71, 5, 150.00, 1680, 150.00, 0x0000000000000004
2026/10/02 18:16:56.686, 0, 111.19, 71, 57, 150.00, 1665, 150.00, 0x0000000000000004
2026/10/02 18:16:56.886, 0, 91.83, 70, 0, 150.00, 1680, 150.00, 0x0000000000000004
2026/10/02 18:16:57.087, 0, 90.48, 71, 0, 150.00, 1560, 150.00, 0x0000000000000004
2026/10/02 18:16:57.287, 0, 90.67, 70, 0, 150.00, 765, 150.00, 0x0000000000000004
2026/10/02 18:16:57.488, 0, 88.62, 71, 0, 150.00, 1680, 150.00, 0x0000000000000004
2026/10/02 18:16:57.689, 0, 80.51, 70, 0, 150.00, 630, 150.00, 0x0000000000000004
2026/10/02 18:16:57.890, 0, 80.07, 70, 0, 150.00, 1680, 150.00, 0x0000000000000004
2026/10/02 18:16:58.090, 0, 79.96, 70, 0, 150.00, 1680, 150.00, 0x0000000000000004
2026/10/02 18:16:58.291, 0, 100.75, 72, 100, 150.00, 765, 150.00, 0x0000000000000004
2026/10/02 18:16:58.491, 0, 112.92, 72, 53, 150.00, 1260, 150.00, 0x0000000000000004
2026/10/02 18:16:58.692, 0, 112.43, 71, 0, 150.00, 1680, 150.00, 0x0000000000000004
2026/10/02 18:16:58.892, 0, 126.36, 72, 33, 150.00, 900, 150.00, 0x0000000000000004
2026/10/02 18:16:59.093, 0, 134.05, 71, 58, 150.00, 1335, 150.00, 0x0000000000000004
2026/10/02 18:16:59.293, 0, 141.04, 72, 100, 150.00, 765, 150.00, 0x0000000000000004
2026/10/02 18:16:59.494, 0, 126.16, 70, 0, 150.00, 1680, 150.00, 0x0000000000000004
2026/10/02 18:16:59.694, 0, 127.61, 70, 29, 150.00, 1635, 150.00, 0x0000000000000004
2026/10/02 18:16:59.894, 0, 127.07, 71, 66, 150.00, 1575, 150.00, 0x0000000000000004
2026/10/02 18:17:00.095, 0, 114.23, 70, 0, 150.00, 1680, 150.00, 0x0000000000000004
2026/10/02 18:17:00.295, 0, 102.16, 70, 48, 150.00, 1635, 150.00, 0x0000000000000004
2026/10/02 18:17:00.496, 0, 115.30, 72, 40, 150.00, 705, 150.00, 0x0000000000000004
2026/10/02 18:17:00.697, 0, 117.25, 72, 100, 150.00, 750, 150.00, 0x0000000000000004
2026/10/02 18:17:00.897, 0, 119.38, 71, 0, 150.00, 1680, 150.00, 0x0000000000000004
2026/10/02 18:17:01.098, 0, 119.99, 70, 0, 150.00, 1680, 150.00, 0x0000000000000004
2026/10/02 18:17:01.298, 0, 120.97, 71, 40, 150.00, 975, 150.00, 0x0000000000000004
2026/10/02 18:17:01.499, 0, 113.93, 70, 0, 150.00, 1680, 150.00, 0x0000000000000004
2026/10/02 18:17:01.699, 0, 102.71, 71, 61, 150.00, 1335, 150.00, 0x0000000000000004
2026/10/02 18:17:01.900, 0, 93.63, 70, 0, 150.00, 1680, 150.00, 0x0000000000000004
2026/10/02 18:17:02.100, 0, 93.81, 70, 0, 150.00, 1695, 150.00, 0x0000000000000004
2026/10/02 18:17:02.301, 0, 108.12, 71, 31, 150.00, 660, 150.00, 0x0000000000000004
2026/10/02 18:17:02.501, 0, 102.40, 70, 25, 150.00, 1650, 150.00, 0x0000000000000004
2026/10/02 18:17:02.702, 0, 102.37, 69, 0, 150.00, 1680, 150.00, 0x0000000000000004
2026/10/02 18:17:02.903, 0, 107.75, 70, 28, 150.00, 1635, 150.00, 0x0000000000000004
2026/10/02 18:17:03.103, 0, 106.66, 70, 65, 150.00, 1515, 150.00, 0x0000000000000004
2026/10/02 18:17:03.304, 0, 117.16, 71, 16, 150.00, 600, 150.00, 0x0000000000000004
2026/10/02 18:17:03.504, 0, 101.33, 70, 39, 150.00, 1635, 150.00, 0x0000000000000004
2026/10/02 18:17:03.705, 0, 102.19, 69, 0, 150.00, 1680, 150.00, 0x0000000000000004
2026/10/02 18:17:03.905, 0, 106.12, 71, 100, 150.00, 1095, 150.00, 0x0000000000000004
2026/10/02 18:17:04.106, 0, 123.68, 71, 100, 150.00, 765, 150.00, 0x0000000000000004
2026/10/02 18:17:04.307, 0, 123.85, 70, 0, 150.00, 1680, 150.00, 0x0000000000000004
2026/10/02 18:17:04.507, 0, 106.60, 69, 0, 150.00, 1695, 150.00, 0x0000000000000004
2026/10/02 18:17:04.708, 0, 107.74, 69, 0, 150.00, 1695, 150.00, 0x0000000000000000
2026/10/02 18:17:04.908, 0, 100.89, 70, 56, 150.00, 1560, 150.00, 0x0000000000000004
2026/10/02 18:17:05.109, 0, 101.09, 71, 100, 150.00, 765, 150.00, 0x0000000000000004
2026/10/02 18:17:05.309, 0, 94.36, 70, 0, 150.00, 1680, 150.00, 0x0000000000000004
2026/10/02 18:17:05.510, 0, 100.71, 70, 4, 150.00, 1680, 150.00, 0x0000000000000004
2026/10/02 18:17:05.710, 0, 100.70, 69, 0, 150.00, 1680, 150.00, 0x0000000000000004
2026/10/02 18:17:05.911, 0, 95.84, 69, 0, 150.00, 1695, 150.00, 0x0000000000000000
2026/10/02 18:17:06.111, 0, 99.26, 70, 20, 150.00, 1020, 150.00, 0x0000000000000000
2026/10/02 18:17:06.312, 0, 104.11, 70, 41, 150.00, 765, 150.00, 0x0000000000000004
2026/10/02 18:17:06.512, 0, 103.62, 69, 13, 150.00, 1680, 150.00, 0x0000000000000004
2026/10/02 18:17:06.713, 0, 104.21, 69, 0, 150.00, 1680, 150.00, 0x0000000000000004
2026/10/02 18:17:06.913, 0, 104.17, 69, 0, 150.00, 1695, 150.00, 0x0000000000000000
2026/10/02 18:17:07.114, 0, 104.14, 69, 0, 150.00, 1695, 150.00, 0x0000000000000000
2026/10/02 18:17:07.314, 0, 92.90, 68, 0, 150.00, 1695, 150.00, 0x0000000000000000
2026/10/02 18:17:07.515, 0, 84.38, 69, 0, 150.00, 555, 150.00, 0x0000000000000000
2026/10/02 18:17:07.715, 0, 87.44, 69, 71, 150.00, 1650, 150.00, 0x0000000000000004
2026/10/02 18:17:07.916, 0, 97.97, 69, 21, 150.00, 1680, 150.00, 0x0000000000000004
2026/10/02 18:17:08.116, 0, 97.96, 69, 0, 150.00, 1680, 150.00, 0x0000000000000004
2026/10/02 18:17:08.317, 0, 97.86, 68, 0, 150.00, 1695, 150.00, 0x0000000000000000
2026/10/02 18:17:08.517, 0, 97.85, 68, 0, 150.00, 1695, 150.00, 0x0000000000000000
2026/10/02 18:17:08.718, 0, 84.38, 68, 0, 150.00, 1695, 150.00, 0x0000000000000000
2026/10/02 18:17:08.919, 0, 84.88, 68, 0, 150.00, 1695, 150.00, 0x0000000000000000
2026/10/02 18:17:09.119, 0, 95.49, 70, 91, 150.00, 960, 150.00, 0x0000000000000004
2026/10/02 18:17:09.320, 0, 94.18, 68, 0, 150.00, 1680, 150.00, 0x0000000000000004
2026/10/02 18:17:09.520, 0, 106.79, 69, 30, 150.00, 1680, 150.00, 0x0000000000000004
2026/10/02 18:17:09.721, 0, 106.67, 68, 0, 150.00, 1680, 150.00, 0x0000000000000004
2026/10/02 18:17:09.921, 0, 118.52, 69, 43, 150.00, 1380, 150.00, 0x0000000000000004
2026/10/02 18:17:10.122, 0, 103.07, 68, 0, 150.00, 1680, 150.00, 0x0000000000000004
2026/10/02 18:17:10.322, 0, 97.38, 68, 0, 150.00, 585, 150.00, 0x0000000000000004
2026/10/02 18:17:10.523, 0, 95.79, 70, 19, 150.00, 690, 150.00, 0x0000000000000004
2026/10/02 18:17:10.723, 0, 110.93, 70, 100, 150.00, 765, 150.00, 0x0000000000000004
2026/10/02 18:17:10.924, 0, 117.81, 69, 0, 150.00, 1680, 150.00, 0x0000000000000004
2026/10/02 18:17:11.125, 0, 119.35, 70, 19, 150.00, 960, 150.00, 0x0000000000000004
2026/10/02 18:17:11.325, 0, 121.70, 70, 64, 150.00, 1590, 150.00, 0x0000000000000004
2026/10/02 18:17:11.526, 0, 120.40, 68, 0, 150.00, 1680, 150.00, 0x0000000000000004
2026/10/02 18:17:11.726, 0, 110.52, 69, 63, 150.00, 1560, 150.00, 0x0000000000000004
2026/10/02 18:17:11.927, 0, 98.06, 69, 59, 150.00, 1650, 150.00, 0x0000000000000004
2026/10/02 18:17:12.129, 0, 51.44, 67, 0, 105.00, 630, 105.00, 0x0000000000000000
2026/10/02 18:17:12.330, 0, 81.50, 68, 89, 105.00, 360, 105.00, 0x0000000000000004
2026/10/02 18:17:12.530, 0, 67.93, 67, 0, 105.00, 270, 105.00, 0x0000000000000000
2026/10/02 18:17:12.731, 0, 71.74, 68, 81, 105.00, 630, 105.00, 0x0000000000000004
2026/10/02 18:17:12.932, 0, 72.83, 68, 62, 105.00, 360, 105.00, 0x0000000000000004
2026/10/02 18:17:13.133, 0, 73.33, 67, 1, 105.00, 630, 105.00, 0x0000000000000000
2026/10/02 18:17:13.333, 0, 70.17, 66, 0, 105.00, 630, 105.00, 0x0000000000000000
2026/10/02 18:17:13.534, 0, 65.02, 66, 0, 105.00, 630, 105.00, 0x0000000000000000
2026/10/02 18:17:13.735, 0, 60.67, 66, 0, 105.00, 630, 105.00, 0x0000000000000000
2026/10/02 18:17:13.935, 0, 60.37, 66, 0, 105.00, 315, 105.00, 0x0000000000000000
2026/10/02 18:17:14.136, 0, 56.28, 67, 59, 105.00, 630, 105.00, 0x0000000000000000
2026/10/02 18:17:14.337, 0, 56.20, 66, 0, 105.00, 630, 105.00, 0x0000000000000000
2026/10/02 18:17:14.537, 0, 67.29, 67, 100, 105.00, 630, 105.00, 0x0000000000000004
2026/10/02 18:17:14.738, 0, 67.32, 67, 0, 105.00, 285, 105.00, 0x0000000000000000
2026/10/02 18:17:14.939, 0, 72.06, 67, 66, 105.00, 630, 105.00, 0x0000000000000000
2026/10/02 18:17:15.139, 0, 65.32, 66, 0, 105.00, 300, 105.00, 0x0000000000000000
2026/10/02 18:17:15.340, 0, 74.41, 67, 100, 105.00, 345, 105.00, 0x0000000000000004
2026/10/02 18:17:15.541, 0, 79.45, 67, 100, 105.00, 345, 105.00, 0x0000000000000004
2026/10/02 18:17:15.741, 0, 84.44, 67, 100, 105.00, 360, 105.00, 0x0000000000000004
2026/10/02 18:17:15.942, 0, 89.63, 67, 100, 105.00, 345, 105.00, 0x0000000000000004
2026/10/02 18:17:16.143, 0, 98.81, 68, 100, 150.00, 345, 105.00, 0x0000000000000004
2026/10/02 18:17:16.343, 0, 152.86, 68, 100, 150.00, 780, 150.00, 0x0000000000000004
2026/10/02 18:17:16.544, 0, 151.91, 69, 100, 150.00, 750, 150.00, 0x0000000000000004
2026/10/02 18:17:16.745, 0, 151.43, 69, 100, 150.00, 735, 150.00, 0x0000000000000004
2026/10/02 18:17:16.945, 0, 150.68, 70, 100, 150.00, 735, 150.00, 0x0000000000000004
2026/10/02 18:17:17.146, 0, 150.33, 70, 100, 150.00, 735, 150.00, 0x0000000000000004
2026/10/02 18:17:17.346, 0, 150.51, 70, 100, 150.00, 750, 150.00, 0x0000000000000004
2026/10/02 18:17:17.547, 0, 150.40, 70, 100, 150.00, 750, 150.00, 0x0000000000000004
2026/10/02 18:17:17.748, 0, 142.24, 69, 79, 150.00, 1620, 150.00, 0x0000000000000004
2026/10/02 18:17:17.948, 0, 128.89, 68, 0, 150.00, 1680, 150.00, 0x0000000000000004
2026/10/02 18:17:18.148, 0, 111.79, 68, 0, 150.00, 1695, 150.00, 0x0000000000000004
2026/10/02 18:17:18.349, 0, 101.48, 67, 0, 150.00, 1695, 150.00, 0x0000000000000000
2026/10/02 18:17:18.549, 0, 87.26, 67, 0, 150.00, 600, 150.00, 0x0000000000000000
2026/10/02 18:17:18.750, 0, 86.56, 69, 100, 150.00, 765, 150.00, 0x0000000000000004
2026/10/02 18:17:18.951, 0, 101.54, 69, 100, 150.00, 1500, 150.00, 0x0000000000000004
2026/10/02 18:17:19.151, 0, 109.54, 69, 53, 150.00, 1455, 150.00, 0x0000000000000004
2026/10/02 18:17:19.352, 0, 128.14, 68, 33, 150.00, 690, 150.00, 0x0000000000000004
2026/10/02 18:17:19.552, 0, 129.74, 68, 0, 150.00, 1680, 150.00, 0x0000000000000004
2026/10/02 18:17:19.753, 0, 129.53, 68, 19, 150.00, 1680, 150.00, 0x0000000000000004
2026/10/02 18:17:19.953, 0, 115.18, 68, 0, 150.00, 1680, 150.00, 0x0000000000000004
2026/10/02 18:17:20.154, 0, 122.73, 68, 18, 150.00, 945, 150.00, 0x0000000000000000
2026/10/02 18:17:20.354, 0, 97.87, 67, 0, 150.00, 1680, 150.00, 0x0000000000000004
2026/10/02 18:17:20.555, 0, 96.98, 67, 0, 150.00, 1695, 150.00, 0x0000000000000004
2026/10/02 18:17:20.755, 0, 85.47, 67, 0, 150.00, 1695, 150.00, 0x0000000000000000
2026/10/02 18:17:20.956, 0, 113.02, 69, 100, 150.00, 780, 150.00, 0x0000000000000004
2026/10/02 18:17:21.157, 0, 123.61, 69, 73, 150.00, 915, 150.00, 0x0000000000000004
2026/10/02 18:17:21.357, 0, 133.91, 69, 20, 150.00, 630, 150.00, 0x0000000000000004
2026/10/02 18:17:21.558, 0, 131.01, 69, 66, 150.00, 690, 150.00, 0x0000000000000004
2026/10/02 18:17:21.758, 0, 129.70, 68, 0, 150.00, 1680, 150.00, 0x0000000000000004
2026/10/02 18:17:21.959, 0, 124.40, 68, 38, 150.00, 660, 150.00, 0x0000000000000004
2026/10/02 18:17:22.159, 0, 125.18, 70, 100, 150.00, 1230, 150.00, 0x0000000000000004
2026/10/02 18:17:22.360, 0, 110.22, 69, 0, 150.00, 630, 150.00, 0x0000000000000004
2026/10/02 18:17:22.561, 0, 105.82, 68, 58, 150.00, 1665, 150.00, 0x0000000000000004
2026/10/02 18:17:22.761, 0, 118.12, 69, 8, 150.00, 630, 150.00, 0x0000000000000004
2026/10/02 18:17:22.961, 0, 101.10, 68, 0, 150.00, 1680, 150.00, 0x0000000000000004
2026/10/02 18:17:23.162, 0, 86.77, 67, 0, 150.00, 1680, 150.00, 0x0000000000000004
2026/10/02 18:17:23.362, 0, 86.64, 67, 0, 150.00, 1695, 150.00, 0x0000000000000000
2026/10/02 18:17:23.563, 0, 93.07, 67, 48, 150.00, 1665, 150.00, 0x0000000000000004
2026/10/02 18:17:23.763, 0, 94.32, 67, 0, 150.00, 1680, 150.00, 0x0000000000000004
2026/10/02 18:17:23.964, 0, 85.70, 67, 0, 150.00, 1695, 150.00, 0x0000000000000000
2026/10/02 18:17:24.164, 0, 89.98, 68, 65, 150.00, 765, 150.00, 0x0000000000000004
2026/10/02 18:17:24.365, 0, 89.97, 67, 0, 150.00, 1680, 150.00, 0x0000000000000004
2026/10/02 18:17:24.565, 0, 90.62, 67, 24, 150.00, 645, 150.00, 0x0000000000000004
2026/10/02 18:17:24.766, 0, 92.28, 67, 0, 150.00, 1680, 150.00, 0x0000000000000004
2026/10/02 18:17:24.966, 0, 92.26, 67, 0, 150.00, 1680, 150.00, 0x0000000000000004
2026/10/02 18:17:25.167, 0, 105.34, 68, 19, 150.00, 975, 150.00, 0x0000000000000000
2026/10/02 18:17:25.367, 0, 100.64, 67, 0, 150.00, 1425, 150.00, 0x0000000000000004
2026/10/02 18:17:25.568, 0, 102.70, 68, 14, 150.00, 645, 150.00, 0x0000000000000004
2026/10/02 18:17:25.768, 0, 107.27, 68, 46, 150.00, 1665, 150.00, 0x0000000000000004
2026/10/02 18:17:25.969, 0, 108.96, 68, 62, 150.00, 1590, 150.00, 0x0000000000000004
2026/10/02 18:17:26.169, 0, 108.67, 67, 0, 150.00, 1680, 150.00, 0x0000000000000004
2026/10/02 18:17:26.370, 0, 96.02, 67, 62, 150.00, 1650, 150.00, 0x0000000000000004
2026/10/02 18:17:26.571, 0, 102.25, 69, 71, 150.00, 1440, 150.00, 0x0000000000000004
2026/10/02 18:17:26.771, 0, 103.77, 68, 25, 150.00, 1650, 150.00, 0x0000000000000004
2026/10/02 18:17:26.972, 0, 115.47, 68, 11, 150.00, 1650, 150.00, 0x0000000000000004
2026/10/02 18:17:27.172, 0, 114.07, 67, 0, 150.00, 1650, 150.00, 0x0000000000000000
2026/10/02 18:17:27.373, 0, 122.22, 67, 23, 150.00, 1455, 150.00, 0x0000000000000004
2026/10/02 18:17:27.573, 0, 125.61, 68, 97, 150.00, 1575, 150.00, 0x0000000000000004
2026/10/02 18:17:27.774, 0, 105.10, 68, 0, 150.00, 615, 150.00, 0x0000000000000000
2026/10/02 18:17:27.974, 0, 93.34, 67, 0, 150.00, 1650, 150.00, 0x0000000000000000
2026/10/02 18:17:28.175, 0, 93.71, 67, 0, 150.00, 1650, 150.00, 0x0000000000000000
2026/10/02 18:17:28.375, 0, 82.32, 67, 0, 150.00, 1650, 150.00, 0x0000000000000000
2026/10/02 18:17:28.576, 0, 74.10, 66, 0, 150.00, 1650, 150.00, 0x0000000000000000
2026/10/02 18:17:28.776, 0, 69.30, 66, 0, 150.00, 1230, 150.00, 0x0000000000000000
2026/10/02 18:17:28.977, 0, 94.29, 68, 42, 150.00, 1305, 150.00, 0x0000000000000004
2026/10/02 18:17:29.177, 0, 91.40, 67, 0, 150.00, 1650, 150.00, 0x0000000000000000
2026/10/02 18:17:29.378, 0, 93.44, 66, 0, 150.00, 1185, 150.00, 0x0000000000000000
2026/10/02 18:17:29.578, 0, 101.38, 67, 2, 150.00, 1650, 150.00, 0x0000000000000004
2026/10/02 18:17:29.778, 0, 101.39, 66, 0, 150.00, 1650, 150.00, 0x0000000000000000
2026/10/02 18:17:29.979, 0, 91.23, 66, 0, 150.00, 645, 150.00, 0x0000000000000000
2026/10/02 18:17:30.179, 0, 77.29, 66, 0, 150.00, 1650, 150.00, 0x0000000000000004
2026/10/02 18:17:30.380, 0, 77.17, 66, 0, 150.00, 1650, 150.00, 0x0000000000000000
2026/10/02 18:17:30.580, 0, 80.71, 66, 19, 150.00, 1650, 150.00, 0x0000000000000004
2026/10/02 18:17:30.781, 0, 82.79, 66, 0, 150.00, 1680, 150.00, 0x0000000000000004
2026/10/02 18:17:30.981, 0, 81.88, 67, 61, 150.00, 1650, 150.00, 0x0000000000000004
2026/10/02 18:17:31.182, 0, 82.27, 66, 0, 150.00, 915, 150.00, 0x0000000000000004
2026/10/02 18:17:31.382, 0, 84.08, 66, 0, 150.00, 1680, 150.00, 0x0000000000000004
2026/10/02 18:17:31.583, 0, 71.57, 66, 0, 150.00, 1680, 150.00, 0x0000000000000004
2026/10/02 18:17:31.783, 0, 87.81, 68, 27, 150.00, 1215, 150.00, 0x0000000000000000
2026/10/02 18:17:31.984, 0, 86.50, 66, 0, 150.00, 1680, 150.00, 0x0000000000000004
2026/10/02 18:17:32.184, 0, 88.01, 66, 0, 150.00, 1695, 150.00, 0x0000000000000004
2026/10/02 18:17:32.385, 0, 86.55, 66, 0, 150.00, 630, 150.00, 0x0000000000000000
2026/10/02 18:17:32.585, 0, 97.52, 67, 6, 150.00, 645, 150.00, 0x0000000000000004
2026/10/02 18:17:32.786, 0, 78.56, 66, 0, 150.00, 1680, 150.00, 0x0000000000000004
2026/10/02 18:17:32.986, 0, 79.04, 66, 0, 150.00, 1680, 150.00, 0x0000000000000004
2026/10/02 18:17:33.187, 0, 79.69, 66, 65, 150.00, 945, 150.00, 0x0000000000000004
2026/10/02 18:17:33.387, 0, 82.27, 66, 0, 150.00, 1680, 150.00, 0x0000000000000004
2026/10/02 18:17:33.588, 0, 97.88, 68, 31, 150.00, 735, 150.00, 0x0000000000000004
2026/10/02 18:17:33.788, 0, 105.52, 68, 100, 150.00, 780, 150.00, 0x0000000000000004
2026/10/02 18:17:33.989, 0, 112.56, 68, 74, 150.00, 780, 150.00, 0x0000000000000004
2026/10/02 18:17:34.189, 0, 127.30, 69, 100, 150.00, 1095, 150.00, 0x0000000000000004
2026/10/02 18:17:34.390, 0, 122.55, 67, 64, 150.00, 1635, 150.00, 0x0000000000000004
2026/10/02 18:17:34.590, 0, 122.86, 67, 0, 150.00, 1680, 150.00, 0x0000000000000004
2026/10/02 18:17:34.791, 0, 99.14, 67, 0, 150.00, 615, 150.00, 0x0000000000000000
2026/10/02 18:17:34.991, 0, 90.46, 66, 0, 150.00, 1380, 150.00, 0x0000000000000004
2026/10/02 18:17:35.192, 0, 77.24, 67, 8, 150.00, 1680, 150.00, 0x0000000000000004
2026/10/02 18:17:35.392, 0, 89.97, 67, 14, 150.00, 945, 150.00, 0x0000000000000004
2026/10/02 18:17:35.593, 0, 89.77, 66, 0, 150.00, 1680, 150.00, 0x0000000000000004
2026/10/02 18:17:35.793, 0, 90.16, 67, 64, 150.00, 1635, 150.00, 0x0000000000000004
2026/10/02 18:17:35.994, 0, 121.63, 68, 58, 150.00, 960, 150.00, 0x0000000000000004
2026/10/02 18:17:36.194, 0, 134.84, 67, 89, 150.00, 1680, 150.00, 0x0000000000000004
2026/10/02 18:17:36.395, 0, 117.19, 67, 0, 150.00, 615, 150.00, 0x0000000000000004
2026/10/02 18:17:36.596, 0, 123.36, 66, 64, 150.00, 1620, 150.00, 0x0000000000000004
2026/10/02 18:17:36.797, 0, 137.27, 68, 52, 150.00, 795, 150.00, 0x0000000000000004
2026/10/02 18:17:36.997, 0, 116.02, 67, 100, 150.00, 1650, 150.00, 0x0000000000000004
2026/10/02 18:17:37.198, 0, 95.28, 66, 0, 150.00, 1650, 150.00, 0x0000000000000000
2026/10/02 18:17:37.398, 0, 114.57, 68, 7, 150.00, 1110, 150.00, 0x0000000000000004
2026/10/02 18:17:37.599, 0, 120.99, 67, 60, 150.00, 1650, 150.00, 0x0000000000000004
2026/10/02 18:17:37.799, 0, 121.79, 68, 0, 150.00, 1395, 150.00, 0x0000000000000004
2026/10/02 18:17:38.000, 0, 106.03, 66, 20, 150.00, 660, 150.00, 0x0000000000000000
2026/10/02 18:17:38.200, 0, 112.27, 66, 64, 150.00, 1650, 150.00, 0x0000000000000004
2026/10/02 18:17:38.401, 0, 100.10, 66, 0, 150.00, 1650, 150.00, 0x0000000000000000
2026/10/02 18:17:38.601, 0, 80.90, 66, 0, 150.00, 1650, 150.00, 0x0000000000000000
2026/10/02 18:17:38.802, 0, 81.87, 66, 0, 150.00, 1650, 150.00, 0x0000000000000000
2026/10/02 18:17:39.002, 0, 70.06, 66, 0, 150.00, 1635, 150.00, 0x0000000000000004
2026/10/02 18:17:39.203, 0, 81.18, 66, 42, 150.00, 1650, 150.00, 0x0000000000000004
2026/10/02 18:17:39.403, 0, 96.56, 67, 0, 150.00, 945, 150.00, 0x0000000000000000
2026/10/02 18:17:39.604, 0, 112.99, 68, 47, 150.00, 1200, 150.00, 0x0000000000000000
2026/10/02 18:17:39.805, 0, 111.68, 67, 34, 150.00, 1620, 150.00, 0x0000000000000004
2026/10/02 18:17:40.005, 0, 120.28, 68, 0, 150.00, 780, 150.00, 0x0000000000000004
2026/10/02 18:17:40.206, 0, 102.79, 66, 71, 150.00, 1650, 150.00, 0x0000000000000000
2026/10/02 18:17:40.406, 0, 103.35, 66, 0, 150.00, 1650, 150.00, 0x0000000000000000
2026/10/02 18:17:40.607, 0, 90.40, 65, 0, 150.00, 1650, 150.00, 0x0000000000000000
2026/10/02 18:17:40.807, 0, 91.36, 67, 0, 150.00, 1275, 150.00, 0x0000000000000000
2026/10/02 18:17:41.008, 0, 90.87, 66, 29, 150.00, 630, 150.00, 0x0000000000000000
2026/10/02 18:17:41.208, 0, 99.88, 68, 83, 150.00, 1215, 150.00, 0x0000000000000004
2026/10/02 18:17:41.409, 0, 117.16, 67, 69, 150.00, 750, 150.00, 0x0000000000000004
2026/10/02 18:17:41.610, 0, 117.94, 66, 61, 150.00, 1650, 150.00, 0x0000000000000004
2026/10/02 18:17:41.810, 0, 123.85, 67, 0, 150.00, 780, 150.00, 0x0000000000000004
2026/10/02 18:17:42.011, 0, 119.52, 66, 100, 150.00, 1650, 150.00, 0x0000000000000004
2026/10/02 18:17:42.211, 0, 103.01, 66, 0, 150.00, 1650, 150.00, 0x0000000000000000
2026/10/02 18:17:42.412, 0, 86.24, 65, 0, 150.00, 1650, 150.00, 0x0000000000000000
2026/10/02 18:17:42.612, 0, 89.64, 66, 0, 150.00, 1560, 150.00, 0x0000000000000004
2026/10/02 18:17:42.813, 0, 103.54, 67, 0, 150.00, 945, 150.00, 0x0000000000000000
2026/10/02 18:17:43.014, 0, 85.47, 66, 46, 150.00, 1680, 150.00, 0x0000000000000004
2026/10/02 18:17:43.214, 0, 85.89, 65, 0, 150.00, 1680, 150.00, 0x0000000000000004
2026/10/02 18:17:43.415, 0, 98.10, 67, 10, 150.00, 690, 150.00, 0x0000000000000004
2026/10/02 18:17:43.615, 0, 96.78, 67, 67, 150.00, 645, 150.00, 0x0000000000000004
2026/10/02 18:17:43.816, 0, 92.85, 66, 65, 150.00, 1680, 150.00, 0x0000000000000004
2026/10/02 18:17:44.017, 0, 80.12, 65, 0, 150.00, 1680, 150.00, 0x0000000000000004
2026/10/02 18:17:44.217, 0, 80.14, 65, 0, 150.00, 1680, 150.00, 0x0000000000000000
2026/10/02 18:17:44.418, 0, 95.09, 66, 28, 150.00, 660, 150.00, 0x0000000000000004
2026/10/02 18:17:44.618, 0, 91.69, 66, 55, 150.00, 675, 150.00, 0x0000000000000004
2026/10/02 18:17:44.819, 0, 108.15, 67, 65, 150.00, 930, 150.00, 0x0000000000000004
2026/10/02 18:17:45.019, 0, 109.92, 66, 46, 105.00, 960, 105.00, 0x0000000000000004
2026/10/02 18:17:45.220, 0, 50.30, 65, 0, 105.00, 240, 105.00, 0x0000000000000000
2026/10/02 18:17:45.420, 0, 67.83, 65, 93, 105.00, 960, 105.00, 0x0000000000000000
2026/10/02 18:17:45.621, 0, 71.02, 65, 0, 105.00, 390, 105.00, 0x0000000000000004
2026/10/02 18:17:45.822, 0, 67.52, 64, 86, 105.00, 960, 105.00, 0x0000000000000000
2026/10/02 18:17:46.022, 0, 80.58, 65, 20, 105.00, 375, 105.00, 0x0000000000000004
2026/10/02 18:17:46.223, 0, 88.37, 66, 100, 105.00, 360, 105.00, 0x0000000000000004
2026/10/02 18:17:46.424, 0, 89.52, 65, 100, 105.00, 960, 105.00, 0x0000000000000004
2026/10/02 18:17:46.624, 0, 86.00, 64, 0, 105.00, 960, 105.00, 0x0000000000000000
2026/10/02 18:17:46.825, 0, 79.79, 64, 0, 105.00, 960, 105.00, 0x0000000000000000
2026/10/02 18:17:47.026, 0, 72.90, 64, 0, 105.00, 360, 105.00, 0x0000000000000004
2026/10/02 18:17:47.226, 0, 68.68, 64, 94, 105.00, 960, 105.00, 0x0000000000000000
2026/10/02 18:17:47.427, 0, 63.47, 65, 0, 105.00, 345, 105.00, 0x0000000000000004
2026/10/02 18:17:47.627, 0, 72.25, 65, 100, 105.00, 360, 105.00, 0x0000000000000004
2026/10/02 18:17:47.828, 0, 82.24, 65, 100, 105.00, 360, 105.00, 0x0000000000000004
2026/10/02 18:17:48.029, 0, 92.22, 65, 100, 105.00, 360, 105.00, 0x0000000000000004
2026/10/02 18:17:48.229, 0, 98.71, 65, 100, 105.00, 360, 105.00, 0x0000000000000004
2026/10/02 18:17:48.430, 0, 104.25, 65, 100, 105.00, 360, 105.00, 0x0000000000000004
2026/10/02 18:17:48.631, 0, 104.71, 65, 100, 105.00, 360, 105.00, 0x0000000000000004
2026/10/02 18:17:48.831, 0, 104.71, 65, 100, 105.00, 360, 105.00, 0x0000000000000004
2026/10/02 18:17:49.032, 0, 99.80, 64, 100, 105.00, 960, 105.00, 0x0000000000000000
2026/10/02 18:17:49.233, 0, 91.49, 64, 0, 150.00, 1290, 150.00, 0x0000000000000004
2026/10/02 18:17:49.433, 0, 61.92, 65, 44, 150.00, 1680, 150.00, 0x0000000000000004
2026/10/02 18:17:49.634, 0, 67.59, 64, 0, 150.00, 1680, 150.00, 0x0000000000000004
2026/10/02 18:17:49.834, 0, 99.01, 66, 0, 150.00, 1515, 150.00, 0x0000000000000004
2026/10/02 18:17:50.034, 0, 89.51, 64, 19, 150.00, 1680, 150.00, 0x0000000000000004
2026/10/02 18:17:50.235, 0, 85.31, 64, 0, 150.00, 1695, 150.00, 0x0000000000000000
2026/10/02 18:17:50.435, 0, 82.74, 64, 0, 150.00, 1695, 150.00, 0x0000000000000000
2026/10/02 18:17:50.636, 0, 83.64, 64, 0, 150.00, 570, 150.00, 0x0000000000000004
2026/10/02 18:17:50.837, 0, 95.77, 66, 65, 150.00, 1620, 150.00, 0x0000000000000004
2026/10/02 18:17:51.037, 0, 82.54, 64, 0, 150.00, 1680, 150.00, 0x0000000000000004
2026/10/02 18:17:51.238, 0, 84.07, 65, 0, 150.00, 1650, 150.00, 0x0000000000000004
2026/10/02 18:17:51.438, 0, 82.66, 64, 0, 150.00, 1665, 150.00, 0x0000000000000000
2026/10/02 18:17:51.639, 0, 82.23, 64, 0, 150.00, 1665, 150.00, 0x0000000000000000
2026/10/02 18:17:51.839, 0, 74.76, 64, 0, 150.00, 1665, 150.00, 0x0000000000000000
2026/10/02 18:17:52.040, 0, 69.64, 64, 0, 150.00, 1665, 150.00, 0x0000000000000000
2026/10/02 18:17:52.240, 0, 69.43, 64, 0, 150.00, 1665, 150.00, 0x0000000000000000
2026/10/02 18:17:52.441, 0, 90.81, 65, 0, 150.00, 1590, 150.00, 0x0000000000000004
2026/10/02 18:17:52.641, 0, 107.43, 66, 0, 150.00, 750, 150.00, 0x0000000000000004
2026/10/02 18:17:52.842, 0, 116.42, 66, 78, 150.00, 1635, 150.00, 0x0000000000000004
2026/10/02 18:17:53.042, 0, 116.33, 64, 0, 150.00, 1665, 150.00, 0x0000000000000000
2026/10/02 18:17:53.243, 0, 129.94, 65, 27, 150.00, 1665, 150.00, 0x0000000000000000
2026/10/02 18:17:53.443, 0, 114.12, 64, 0, 150.00, 1665, 150.00, 0x0000000000000000
2026/10/02 18:17:53.643, 0, 123.64, 64, 37, 150.00, 1665, 150.00, 0x0000000000000000
2026/10/02 18:17:53.844, 0, 100.55, 65, 0, 150.00, 1650, 150.00, 0x0000000000000004
2026/10/02 18:17:54.045, 0, 105.43, 65, 0, 150.00, 1620, 150.00, 0x0000000000000004
2026/10/02 18:17:54.245, 0, 99.83, 66, 0, 150.00, 1320, 150.00, 0x0000000000000004
2026/10/02 18:17:54.446, 0, 99.81, 64, 40, 150.00, 1665, 150.00, 0x0000000000000000
2026/10/02 18:17:54.646, 0, 97.95, 64, 34, 150.00, 1665, 150.00, 0x0000000000000000
2026/10/02 18:17:54.847, 0, 98.73, 64, 0, 150.00, 1665, 150.00, 0x0000000000000000
2026/10/02 18:17:55.047, 0, 106.00, 65, 0, 150.00, 810, 150.00, 0x0000000000000004
2026/10/02 18:17:55.248, 0, 108.84, 65, 100, 150.00, 630, 150.00, 0x0000000000000004
2026/10/02 18:17:55.448, 0, 104.79, 65, 63, 150.00, 1680, 150.00, 0x0000000000000004
2026/10/02 18:17:55.649, 0, 86.86, 64, 0, 150.00, 1680, 150.00, 0x0000000000000004
2026/10/02 18:17:55.849, 0, 107.25, 66, 0, 150.00, 1455, 150.00, 0x0000000000000004
2026/10/02 18:17:56.050, 0, 103.01, 64, 26, 150.00, 1680, 150.00, 0x0000000000000004
2026/10/02 18:17:56.250, 0, 110.54, 66, 34, 150.00, 780, 150.00, 0x0000000000000004
2026/10/02 18:17:56.451, 0, 122.99, 66, 93, 150.00, 1560, 150.00, 0x0000000000000004
2026/10/02 18:17:56.651, 0, 122.60, 64, 12, 150.00, 1680, 150.00, 0x0000000000000004
2026/10/02 18:17:56.851, 0, 122.61, 64, 0, 150.00, 1695, 150.00, 0x0000000000000000
2026/10/02 18:17:57.052, 0, 114.15, 66, 0, 150.00, 795, 150.00, 0x0000000000000004
2026/10/02 18:17:57.253, 0, 105.71, 65, 100, 150.00, 1680, 150.00, 0x0000000000000004
2026/10/02 18:17:57.453, 0, 107.28, 65, 0, 150.00, 1350, 150.00, 0x0000000000000004
2026/10/02 18:17:57.653, 0, 96.39, 64, 38, 150.00, 555, 150.00, 0x0000000000000004
2026/10/02 18:17:57.854, 0, 103.11, 65, 63, 150.00, 1575, 150.00, 0x0000000000000004
2026/10/02 18:17:58.055, 0, 113.61, 65, 38, 150.00, 1665, 150.00, 0x0000000000000000
2026/10/02 18:17:58.255, 0, 98.61, 65, 0, 150.00, 1665, 150.00, 0x0000000000000004
2026/10/02 18:17:58.456, 0, 109.80, 65, 0, 150.00, 1560, 150.00, 0x0000000000000004
2026/10/02 18:17:58.656, 0, 101.28, 65, 9, 150.00, 1050, 150.00, 0x0000000000000004
2026/10/02 18:17:58.857, 0, 95.81, 65, 58, 150.00, 1665, 150.00, 0x0000000000000004
2026/10/02 18:17:59.057, 0, 80.62, 64, 0, 150.00, 1665, 150.00, 0x0000000000000000
2026/10/02 18:17:59.258, 0, 81.28, 64, 0, 150.00, 1665, 150.00, 0x0000000000000000
2026/10/02 18:17:59.458, 0, 82.21, 64, 0, 150.00, 1665, 150.00, 0x0000000000000000
2026/10/02 18:17:59.659, 0, 72.34, 64, 0, 150.00, 1665, 150.00, 0x0000000000000000
2026/10/02 18:17:59.859, 0, 66.78, 64, 0, 150.00, 1665, 150.00, 0x0000000000000000
2026/10/02 18:18:00.060, 0, 66.78, 64, 0, 150.00, 1665, 150.00, 0x0000000000000000
2026/10/02 18:18:00.260, 0, 97.50, 64, 100, 150.00, 780, 150.00, 0x0000000000000004
2026/10/02 18:18:00.461, 0, 111.07, 66, 62, 150.00, 930, 150.00, 0x0000000000000004
2026/10/02 18:18:00.661, 0, 110.36, 64, 66, 150.00, 615, 150.00, 0x0000000000000004
2026/10/02 18:18:00.862, 0, 112.46, 64, 64, 150.00, 600, 150.00, 0x0000000000000004
2026/10/02 18:18:01.062, 0, 114.73, 66, 64, 150.00, 1005, 150.00, 0x0000000000000004
2026/10/02 18:18:01.263, 0, 94.95, 65, 63, 150.00, 1140, 150.00, 0x0000000000000004
2026/10/02 18:18:01.463, 0, 102.99, 66, 48, 150.00, 795, 150.00, 0x0000000000000004
2026/10/02 18:18:01.664, 0, 120.79, 67, 100, 105.00, 210, 105.00, 0x0000000000000004
2026/10/02 18:18:01.865, 0, 103.29, 65, 100, 105.00, 795, 105.00, 0x0000000000000000
2026/10/02 18:18:02.065, 0, 112.43, 65, 36, 105.00, 795, 105.00, 0x0000000000000000
2026/10/02 18:18:02.266, 0, 96.79, 65, 25, 105.00, 360, 105.00, 0x0000000000000004
2026/10/02 18:18:02.467, 0, 92.77, 65, 83, 105.00, 360, 105.00, 0x0000000000000004
2026/10/02 18:18:02.667, 0, 89.09, 64, 67, 105.00, 360, 105.00, 0x0000000000000004
2026/10/02 18:18:02.868, 0, 92.26, 65, 100, 105.00, 360, 105.00, 0x0000000000000004
2026/10/02 18:18:03.069, 0, 85.21, 64, 100, 105.00, 300, 105.00, 0x0000000000000004
2026/10/02 18:18:03.269, 0, 89.82, 64, 58, 105.00, 360, 105.00, 0x0000000000000004
2026/10/02 18:18:03.470, 0, 89.20, 64, 100, 105.00, 240, 105.00, 0x0000000000000004
2026/10/02 18:18:03.671, 0, 91.10, 64, 61, 105.00, 795, 105.00, 0x0000000000000000
2026/10/02 18:18:03.871, 0, 86.50, 64, 0, 105.00, 375, 105.00, 0x0000000000000004
2026/10/02 18:18:04.072, 0, 86.09, 64, 100, 105.00, 375, 105.00, 0x0000000000000004
2026/10/02 18:18:04.273, 0, 91.32, 65, 100, 105.00, 375, 105.00, 0x0000000000000004
2026/10/02 18:18:04.473, 0, 91.35, 65, 100, 105.00, 375, 105.00, 0x0000000000000004
2026/10/02 18:18:04.674, 0, 96.22, 65, 100, 105.00, 375, 105.00, 0x0000000000000004
2026/10/02 18:18:04.875, 0, 104.05, 65, 100, 105.00, 360, 105.00, 0x0000000000000004
2026/10/02 18:18:05.076, 0, 99.35, 64, 100, 105.00, 585, 105.00, 0x0000000000000000
2026/10/02 18:18:05.276, 0, 89.17, 63, 0, 105.00, 585, 105.00, 0x0000000000000000
2026/10/02 18:18:05.477, 0, 78.90, 63, 0, 105.00, 585, 105.00, 0x0000000000000000
2026/10/02 18:18:05.678, 0, 71.87, 63, 0, 105.00, 360, 105.00, 0x0000000000000004
2026/10/02 18:18:05.878, 0, 71.82, 64, 100, 105.00, 375, 105.00, 0x0000000000000004
2026/10/02 18:18:06.079, 0, 71.89, 64, 100, 105.00, 360, 105.00, 0x0000000000000004
2026/10/02 18:18:06.280, 0, 81.69, 64, 95, 105.00, 360, 105.00, 0x0000000000000004
2026/10/02 18:18:06.480, 0, 86.77, 63, 100, 105.00, 645, 105.00, 0x0000000000000000
2026/10/02 18:18:06.681, 0, 86.79, 62, 0, 105.00, 645, 105.00, 0x0000000000000000
2026/10/02 18:18:06.882, 0, 78.81, 62, 0, 105.00, 285, 105.00, 0x0000000000000004
2026/10/02 18:18:07.082, 0, 78.37, 63, 63, 105.00, 360, 105.00, 0x0000000000000004
2026/10/02 18:18:07.283, 0, 74.34, 63, 100, 105.00, 330, 105.00, 0x0000000000000004
2026/10/02 18:18:07.484, 0, 73.70, 64, 92, 105.00, 360, 105.00, 0x0000000000000004
2026/10/02 18:18:07.684, 0, 78.77, 63, 100, 105.00, 645, 105.00, 0x0000000000000000
2026/10/02 18:18:07.885, 0, 88.37, 63, 0, 105.00, 360, 105.00, 0x0000000000000004
2026/10/02 18:18:08.086, 0, 88.69, 64, 100, 105.00, 360, 105.00, 0x0000000000000004
2026/10/02 18:18:08.286, 0, 93.40, 64, 100, 105.00, 375, 105.00, 0x0000000000000004
2026/10/02 18:18:08.487, 0, 93.75, 64, 100, 105.00, 360, 105.00, 0x0000000000000004
2026/10/02 18:18:08.688, 0, 98.68, 64, 100, 105.00, 360, 105.00, 0x0000000000000004
2026/10/02 18:18:08.888, 0, 104.37, 64, 100, 105.00, 375, 105.00, 0x0000000000000004
2026/10/02 18:18:09.089, 0, 104.36, 64, 100, 105.00, 375, 105.00, 0x0000000000000004
2026/10/02 18:18:09.290, 0, 102.34, 64, 100, 105.00, 360, 105.00, 0x0000000000000004
2026/10/02 18:18:09.490, 0, 92.11, 63, 0, 105.00, 660, 105.00, 0x0000000000000000
2026/10/02 18:18:09.691, 0, 82.04, 62, 0, 105.00, 660, 105.00, 0x0000000000000000
2026/10/02 18:18:09.892, 0, 71.93, 62, 0, 105.00, 660, 105.00, 0x0000000000000000
2026/10/02 18:18:10.092, 0, 61.79, 62, 0, 105.00, 660, 105.00, 0x0000000000000000
2026/10/02 18:18:10.293, 0, 56.65, 62, 0, 105.00, 660, 105.00, 0x0000000000000000
2026/10/02 18:18:10.493, 0, 52.82, 62, 0, 105.00, 630, 105.00, 0x0000000000000004
2026/10/02 18:18:10.694, 0, 57.98, 63, 100, 105.00, 660, 105.00, 0x0000000000000000
2026/10/02 18:18:10.895, 0, 57.95, 62, 0, 105.00, 660, 105.00, 0x0000000000000000
2026/10/02 18:18:11.095, 0, 57.92, 62, 0, 105.00, 660, 105.00, 0x0000000000000000
2026/10/02 18:18:11.296, 0, 62.96, 63, 86, 105.00, 390, 105.00, 0x0000000000000004
2026/10/02 18:18:11.497, 0, 72.85, 63, 59, 105.00, 375, 105.00, 0x0000000000000004
2026/10/02 18:18:11.697, 0, 73.90, 63, 100, 105.00, 375, 105.00, 0x0000000000000004
2026/10/02 18:18:11.898, 0, 79.11, 63, 100, 105.00, 660, 105.00, 0x0000000000000000
2026/10/02 18:18:12.099, 0, 145.55, 62, 0, 150.00, 300, 150.00, 0x0000000000000004
2026/10/02 18:18:12.299, 0, 66.18, 63, 8, 150.00, 1680, 150.00, 0x0000000000000004
2026/10/02 18:18:12.500, 0, 112.03, 64, 59, 150.00, 825, 150.00, 0x0000000000000004
2026/10/02 18:18:12.700, 0, 109.93, 65, 100, 150.00, 1095, 150.00, 0x0000000000000004
2026/10/02 18:18:12.901, 0, 98.94, 64, 60, 150.00, 1650, 150.00, 0x0000000000000004
2026/10/02 18:18:13.101, 0, 98.92, 64, 64, 150.00, 1590, 150.00, 0x0000000000000004
2026/10/02 18:18:13.302, 0, 106.16, 63, 0, 150.00, 645, 150.00, 0x0000000000000004
2026/10/02 18:18:13.502, 0, 97.18, 63, 4, 150.00, 1680, 150.00, 0x0000000000000004
2026/10/02 18:18:13.703, 0, 81.91, 63, 0, 150.00, 1680, 150.00, 0x0000000000000004
2026/10/02 18:18:13.903, 0, 83.94, 63, 0, 150.00, 1695, 150.00, 0x0000000000000000
2026/10/02 18:18:14.104, 0, 77.17, 63, 59, 105.00, 1665, 150.00, 0x0000000000000004
2026/10/02 18:18:14.304, 0, 51.22, 62, 0, 105.00, 1185, 105.00, 0x0000000000000000
2026/10/02 18:18:14.505, 0, 51.20, 62, 0, 105.00, 1185, 105.00, 0x0000000000000000
2026/10/02 18:18:14.705, 0, 51.18, 62, 0, 105.00, 1185, 105.00, 0x0000000000000000
2026/10/02 18:18:14.906, 0, 51.12, 61, 0, 105.00, 1185, 105.00, 0x0000000000000000
2026/10/02 18:18:15.106, 0, 56.22, 63, 69, 105.00, 1185, 105.00, 0x0000000000000000
2026/10/02 18:18:15.307, 0, 59.99, 63, 100, 105.00, 1185, 105.00, 0x0000000000000000
2026/10/02 18:18:15.507, 0, 59.99, 62, 0, 105.00, 330, 105.00, 0x0000000000000000
2026/10/02 18:18:15.708, 0, 64.60, 62, 0, 105.00, 1185, 105.00, 0x0000000000000000
2026/10/02 18:18:15.909, 0, 64.61, 62, 0, 105.00, 1185, 105.00, 0x0000000000000000
2026/10/02 18:18:16.110, 0, 60.40, 61, 0, 105.00, 1185, 105.00, 0x0000000000000000
2026/10/02 18:18:16.310, 0, 55.64, 61, 0, 105.00, 1185, 105.00, 0x0000000000000000
2026/10/02 18:18:16.511, 0, 55.54, 61, 0, 105.00, 1185, 105.00, 0x0000000000000000
2026/10/02 18:18:16.711, 0, 63.52, 61, 100, 105.00, 210, 105.00, 0x0000000000000004
2026/10/02 18:18:16.912, 0, 73.88, 62, 100, 105.00, 390, 105.00, 0x0000000000000004
2026/10/02 18:18:17.113, 0, 84.16, 63, 100, 105.00, 390, 105.00, 0x0000000000000004
2026/10/02 18:18:17.314, 0, 90.64, 63, 81, 105.00, 1020, 105.00, 0x0000000000000004
2026/10/02 18:18:17.514, 0, 99.23, 62, 32, 105.00, 285, 105.00, 0x0000000000000004
2026/10/02 18:18:17.715, 0, 102.99, 63, 100, 105.00, 390, 105.00, 0x0000000000000004
2026/10/02 18:18:17.916, 0, 91.97, 62, 0, 105.00, 1185, 105.00, 0x0000000000000000
2026/10/02 18:18:18.116, 0, 86.32, 61, 64, 105.00, 330, 105.00, 0x0000000000000004
2026/10/02 18:18:18.317, 0, 86.08, 63, 100, 105.00, 375, 105.00, 0x0000000000000004
2026/10/02 18:18:18.518, 0, 94.47, 63, 100, 105.00, 375, 105.00, 0x0000000000000004
2026/10/02 18:18:18.718, 0, 86.07, 63, 68, 105.00, 585, 105.00, 0x0000000000000000
2026/10/02 18:18:18.919, 0, 90.50, 63, 100, 105.00, 375, 105.00, 0x0000000000000004
2026/10/02 18:18:19.120, 0, 100.15, 63, 100, 105.00, 375, 105.00, 0x0000000000000004
2026/10/02 18:18:19.321, 0, 95.11, 63, 39, 105.00, 585, 105.00, 0x0000000000000000
2026/10/02 18:18:19.521, 0, 84.84, 62, 0, 105.00, 585, 105.00, 0x0000000000000000
2026/10/02 18:18:19.722, 0, 80.78, 61, 34, 105.00, 300, 105.00, 0x0000000000000000
2026/10/02 18:18:19.923, 0, 85.47, 62, 100, 105.00, 375, 105.00, 0x0000000000000004
2026/10/02 18:18:20.124, 0, 84.99, 62, 32, 105.00, 330, 105.00, 0x0000000000000000
2026/10/02 18:18:20.325, 0, 84.97, 63, 100, 105.00, 375, 105.00, 0x0000000000000004
2026/10/02 18:18:20.525, 0, 95.08, 63, 100, 105.00, 390, 105.00, 0x0000000000000004
2026/10/02 18:18:20.726, 0, 95.49, 62, 0, 105.00, 585, 105.00, 0x0000000000000000
2026/10/02 18:18:20.927, 0, 83.86, 61, 0, 105.00, 585, 105.00, 0x0000000000000000
2026/10/02 18:18:21.127, 0, 80.67, 62, 75, 105.00, 585, 105.00, 0x0000000000000004
2026/10/02 18:18:21.328, 0, 69.19, 61, 0, 105.00, 585, 105.00, 0x0000000000000000
2026/10/02 18:18:21.529, 0, 65.35, 61, 35, 105.00, 315, 105.00, 0x0000000000000000
2026/10/02 18:18:21.730, 0, 70.30, 62, 100, 105.00, 390, 105.00, 0x0000000000000004
2026/10/02 18:18:21.930, 0, 73.13, 62, 0, 105.00, 585, 105.00, 0x0000000000000000
2026/10/02 18:18:22.131, 0, 75.95, 62, 86, 105.00, 585, 105.00, 0x0000000000000004
2026/10/02 18:18:22.332, 0, 74.99, 61, 0, 105.00, 585, 105.00, 0x0000000000000000
2026/10/02 18:18:22.545, 0, 75.00, 61, 0, 105.00, 675, 105.00, 0x0000000000000000
2026/10/02 18:18:22.746, 0, 68.76, 60, 19, 105.00, 540, 105.00, 0x0000000000000000
2026/10/02 18:18:22.946, 0, 71.21, 62, 100, 105.00, 375, 105.00, 0x0000000000000004
2026/10/02 18:18:23.147, 0, 76.48, 62, 100, 105.00, 375, 105.00, 0x0000000000000004
2026/10/02 18:18:23.348, 0, 75.02, 62, 0, 105.00, 675, 105.00, 0x0000000000000000
2026/10/02 18:18:23.549, 0, 84.45, 61, 100, 105.00, 390, 105.00, 0x0000000000000004
2026/10/02 18:18:23.749, 0, 94.75, 62, 100, 105.00, 375, 105.00, 0x0000000000000004
2026/10/02 18:18:23.950, 0, 94.08, 62, 100, 105.00, 375, 105.00, 0x0000000000000004
2026/10/02 18:18:24.151, 0, 94.00, 62, 100, 105.00, 375, 105.00, 0x0000000000000004
2026/10/02 18:18:24.351, 0, 98.22, 62, 100, 105.00, 375, 105.00, 0x0000000000000004
2026/10/02 18:18:24.552, 0, 170.51, 62, 100, 150.00, 825, 150.00, 0x0000000000000004
2026/10/02 18:18:24.753, 0, 91.15, 63, 0, 150.00, 1665, 150.00, 0x0000000000000004
2026/10/02 18:18:24.953, 0, 119.13, 63, 100, 150.00, 795, 150.00, 0x0000000000000004
2026/10/02 18:18:25.154, 0, 142.77, 64, 67, 150.00, 705, 150.00, 0x0000000000000004
2026/10/02 18:18:25.354, 0, 154.10, 64, 35, 150.00, 1230, 150.00, 0x0000000000000004
2026/10/02 18:18:25.555, 0, 143.66, 63, 62, 150.00, 645, 150.00, 0x0000000000000004
2026/10/02 18:18:25.755, 0, 131.93, 63, 0, 150.00, 1680, 150.00, 0x0000000000000004
2026/10/02 18:18:25.956, 0, 125.67, 62, 0, 150.00, 1680, 150.00, 0x0000000000000004
2026/10/02 18:18:26.156, 0, 115.45, 63, 56, 150.00, 1440, 150.00, 0x0000000000000004
2026/10/02 18:18:26.357, 0, 100.76, 62, 57, 150.00, 645, 150.00, 0x0000000000000004
2026/10/02 18:18:26.557, 0, 87.85, 62, 0, 150.00, 1680, 150.00, 0x0000000000000004
2026/10/02 18:18:26.758, 0, 80.29, 62, 0, 150.00, 1620, 150.00, 0x0000000000000000
2026/10/02 18:18:26.958, 0, 87.50, 63, 0, 150.00, 1620, 150.00, 0x0000000000000004
2026/10/02 18:18:27.159, 0, 89.24, 63, 98, 150.00, 795, 150.00, 0x0000000000000004
2026/10/02 18:18:27.360, 0, 93.62, 63, 54, 150.00, 630, 150.00, 0x0000000000000004
2026/10/02 18:18:27.560, 0, 91.14, 63, 0, 150.00, 1620, 150.00, 0x0000000000000000
2026/10/02 18:18:27.761, 0, 90.66, 62, 0, 150.00, 1620, 150.00, 0x0000000000000000
2026/10/02 18:18:27.961, 0, 84.54, 62, 0, 150.00, 1620, 150.00, 0x0000000000000000
2026/10/02 18:18:28.162, 0, 73.94, 62, 61, 150.00, 1290, 150.00, 0x0000000000000004
2026/10/02 18:18:28.362, 0, 98.01, 63, 91, 150.00, 780, 150.00, 0x0000000000000004
2026/10/02 18:18:28.563, 0, 92.79, 62, 62, 150.00, 870, 150.00, 0x0000000000000004
2026/10/02 18:18:28.763, 0, 49.09, 62, 0, 105.00, 870, 105.00, 0x0000000000000000
2026/10/02 18:18:28.964, 0, 100.28, 62, 100, 105.00, 375, 105.00, 0x0000000000000004
2026/10/02 18:18:29.165, 0, 102.49, 63, 100, 105.00, 360, 105.00, 0x0000000000000004
2026/10/02 18:18:29.365, 0, 103.14, 63, 100, 105.00, 375, 105.00, 0x0000000000000004
2026/10/02 18:18:29.566, 0, 103.50, 63, 100, 105.00, 360, 105.00, 0x0000000000000004
2026/10/02 18:18:29.767, 0, 103.23, 63, 100, 105.00, 375, 105.00, 0x0000000000000004
2026/10/02 18:18:29.967, 0, 104.13, 63, 100, 105.00, 360, 105.00, 0x0000000000000004
2026/10/02 18:18:30.168, 0, 104.23, 63, 100, 105.00, 375, 105.00, 0x0000000000000004
2026/10/02 18:18:30.369, 0, 104.02, 63, 100, 105.00, 375, 105.00, 0x0000000000000004
2026/10/02 18:18:30.569, 0, 103.87, 63, 100, 105.00, 375, 105.00, 0x0000000000000004
2026/10/02 18:18:30.770, 0, 104.22, 63, 100, 150.00, 360, 105.00, 0x0000000000000004
2026/10/02 18:18:30.981, 0, 152.68, 63, 100, 150.00, 780, 150.00, 0x0000000000000004
2026/10/02 18:18:31.182, 0, 151.34, 64, 100, 150.00, 750, 150.00, 0x0000000000000004
2026/10/02 18:18:31.383, 0, 150.60, 64, 100, 150.00, 750, 150.00, 0x0000000000000004
2026/10/02 18:18:31.583, 0, 137.13, 65, 57, 150.00, 1350, 150.00, 0x0000000000000004
2026/10/02 18:18:31.784, 0, 140.12, 64, 96, 150.00, 780, 150.00, 0x0000000000000004
2026/10/02 18:18:31.984, 0, 126.22, 64, 0, 150.00, 1680, 150.00, 0x0000000000000004
2026/10/02 18:18:32.185, 0, 110.99, 63, 0, 150.00, 1680, 150.00, 0x0000000000000004
2026/10/02 18:18:32.385, 0, 118.88, 64, 38, 150.00, 1560, 150.00, 0x0000000000000004
2026/10/02 18:18:32.586, 0, 102.93, 63, 0, 150.00, 1680, 150.00, 0x0000000000000004
2026/10/02 18:18:32.786, 0, 110.05, 62, 42, 150.00, 915, 150.00, 0x0000000000000004
2026/10/02 18:18:32.987, 0, 114.55, 64, 42, 135.00, 1455, 135.00, 0x0000000000000004
2026/10/02 18:18:33.187, 0, 60.12, 62, 0, 135.00, 1515, 135.00, 0x0000000000000000
2026/10/02 18:18:33.388, 0, 94.07, 62, 51, 135.00, 495, 135.00, 0x0000000000000004
2026/10/02 18:18:33.588, 0, 112.23, 64, 100, 135.00, 660, 135.00, 0x0000000000000004
2026/10/02 18:18:33.789, 0, 116.40, 64, 49, 135.00, 1410, 135.00, 0x0000000000000004
2026/10/02 18:18:33.989, 0, 111.55, 62, 68, 135.00, 510, 135.00, 0x0000000000000004
2026/10/02 18:18:34.190, 0, 109.28, 64, 10, 135.00, 1515, 135.00, 0x0000000000000000
2026/10/02 18:18:34.390, 0, 109.36, 62, 0, 135.00, 1515, 135.00, 0x0000000000000000
2026/10/02 18:18:34.591, 0, 105.41, 63, 53, 135.00, 1350, 135.00, 0x0000000000000004
2026/10/02 18:18:34.792, 0, 99.21, 62, 39, 135.00, 735, 135.00, 0x0000000000000000
2026/10/02 18:18:34.992, 0, 118.57, 64, 81, 135.00, 570, 135.00, 0x0000000000000004
2026/10/02 18:18:35.193, 0, 48.62, 62, 0, 105.00, 600, 105.00, 0x0000000000000000
2026/10/02 18:18:35.394, 0, 48.23, 61, 0, 105.00, 600, 105.00, 0x0000000000000000
2026/10/02 18:18:35.595, 0, 79.64, 62, 100, 105.00, 375, 105.00, 0x0000000000000004
2026/10/02 18:18:35.796, 0, 87.90, 63, 100, 105.00, 375, 105.00, 0x0000000000000004
2026/10/02 18:18:35.996, 0, 92.33, 63, 100, 105.00, 375, 105.00, 0x0000000000000004
2026/10/02 18:18:36.197, 0, 94.80, 63, 100, 105.00, 360, 105.00, 0x0000000000000004
2026/10/02 18:18:36.398, 0, 100.89, 63, 100, 105.00, 360, 105.00, 0x0000000000000004
2026/10/02 18:18:36.599, 0, 104.81, 63, 100, 105.00, 360, 105.00, 0x0000000000000004
2026/10/02 18:18:36.799, 0, 104.50, 63, 100, 105.00, 360, 105.00, 0x0000000000000004
2026/10/02 18:18:37.000, 0, 104.41, 63, 100, 105.00, 375, 105.00, 0x0000000000000004
2026/10/02 18:18:37.201, 0, 104.21, 63, 100, 150.00, 375, 105.00, 0x0000000000000004
2026/10/02 18:18:37.402, 0, 153.22, 64, 100, 150.00, 780, 150.00, 0x0000000000000004
2026/10/02 18:18:37.602, 0, 151.62, 65, 100, 150.00, 750, 150.00, 0x0000000000000004
2026/10/02 18:18:37.803, 0, 150.95, 65, 100, 150.00, 750, 150.00, 0x0000000000000004
2026/10/02 18:18:38.003, 0, 150.47, 65, 100, 150.00, 750, 150.00, 0x0000000000000004
2026/10/02 18:18:38.204, 0, 149.96, 65, 100, 150.00, 780, 150.00, 0x0000000000000004
2026/10/02 18:18:38.405, 0, 150.21, 65, 100, 150.00, 765, 150.00, 0x0000000000000004
2026/10/02 18:18:38.605, 0, 149.68, 65, 100, 150.00, 750, 150.00, 0x0000000000000004
2026/10/02 18:18:38.806, 0, 149.74, 65, 100, 150.00, 750, 150.00, 0x0000000000000004
2026/10/02 18:18:39.007, 0, 149.65, 66, 100, 150.00, 765, 150.00, 0x0000000000000004
2026/10/02 18:18:39.207, 0, 142.77, 65, 80, 150.00, 1200, 150.00, 0x0000000000000004
2026/10/02 18:18:39.408, 0, 142.00, 66, 100, 150.00, 780, 150.00, 0x0000000000000004
2026/10/02 18:18:39.608, 0, 142.80, 65, 100, 150.00, 1020, 150.00, 0x0000000000000004
2026/10/02 18:18:39.809, 0, 136.44, 64, 10, 150.00, 1665, 150.00, 0x0000000000000004
2026/10/02 18:18:40.010, 0, 123.16, 64, 0, 150.00, 1680, 150.00, 0x0000000000000004
2026/10/02 18:18:40.210, 0, 113.58, 64, 61, 150.00, 1530, 150.00, 0x0000000000000004
2026/10/02 18:18:40.411, 0, 106.18, 64, 60, 150.00, 1365, 150.00, 0x0000000000000004
2026/10/02 18:18:40.611, 0, 91.09, 63, 0, 150.00, 1680, 150.00, 0x0000000000000004
2026/10/02 18:18:40.812, 0, 101.81, 65, 69, 150.00, 720, 150.00, 0x0000000000000004
2026/10/02 18:18:41.012, 0, 111.67, 64, 51, 150.00, 1560, 150.00, 0x0000000000000004
2026/10/02 18:18:41.213, 0, 108.25, 65, 98, 150.00, 810, 150.00, 0x0000000000000004
2026/10/02 18:18:41.414, 0, 124.99, 65, 100, 150.00, 795, 150.00, 0x0000000000000004
2026/10/02 18:18:41.614, 0, 142.67, 65, 89, 150.00, 1305, 150.00, 0x0000000000000004
2026/10/02 18:18:41.815, 0, 120.90, 64, 0, 150.00, 1560, 150.00, 0x0000000000000004
2026/10/02 18:18:42.015, 0, 103.21, 64, 58, 150.00, 1545, 150.00, 0x0000000000000004
2026/10/02 18:18:42.216, 0, 124.28, 65, 100, 150.00, 810, 150.00, 0x0000000000000004
2026/10/02 18:18:42.417, 0, 125.33, 66, 100, 150.00, 795, 150.00, 0x0000000000000004
2026/10/02 18:18:42.617, 0, 107.71, 64, 0, 150.00, 1680, 150.00, 0x0000000000000004
2026/10/02 18:18:42.818, 0, 131.19, 65, 100, 150.00, 810, 150.00, 0x0000000000000004
2026/10/02 18:18:43.018, 0, 137.32, 66, 100, 150.00, 795, 150.00, 0x0000000000000004
2026/10/02 18:18:43.219, 0, 141.32, 66, 100, 150.00, 795, 150.00, 0x0000000000000004
2026/10/02 18:18:43.420, 0, 136.06, 66, 91, 150.00, 1245, 150.00, 0x0000000000000004
2026/10/02 18:18:43.620, 0, 151.73, 66, 100, 150.00, 795, 150.00, 0x0000000000000004
2026/10/02 18:18:43.821, 0, 144.20, 66, 23, 150.00, 690, 150.00, 0x0000000000000004
2026/10/02 18:18:44.021, 0, 124.51, 65, 60, 150.00, 1515, 150.00, 0x0000000000000004
2026/10/02 18:18:44.222, 0, 111.84, 64, 0, 150.00, 1680, 150.00, 0x0000000000000004
2026/10/02 18:18:44.423, 0, 117.90, 65, 100, 150.00, 810, 150.00, 0x0000000000000004
2026/10/02 18:18:44.623, 0, 124.98, 66, 100, 150.00, 795, 150.00, 0x0000000000000004
2026/10/02 18:18:44.824, 0, 127.49, 66, 100, 150.00, 795, 150.00, 0x0000000000000004
2026/10/02 18:18:45.024, 0, 138.98, 66, 100, 150.00, 990, 150.00, 0x0000000000000004
2026/10/02 18:18:45.225, 0, 145.85, 65, 99, 150.00, 1365, 150.00, 0x0000000000000004
2026/10/02 18:18:45.426, 0, 124.50, 64, 0, 150.00, 1680, 150.00, 0x0000000000000004
2026/10/02 18:18:45.626, 0, 120.17, 66, 86, 150.00, 750, 150.00, 0x0000000000000004
2026/10/02 18:18:45.827, 0, 109.59, 66, 49, 150.00, 780, 150.00, 0x0000000000000004
2026/10/02 18:18:46.028, 0, 113.70, 66, 100, 150.00, 780, 150.00, 0x0000000000000004
2026/10/02 18:18:46.228, 0, 105.19, 64, 28, 150.00, 1680, 150.00, 0x0000000000000004
2026/10/02 18:18:46.429, 0, 121.35, 64, 45, 150.00, 1650, 150.00, 0x0000000000000004
2026/10/02 18:18:46.629, 0, 120.51, 66, 0, 150.00, 810, 150.00, 0x0000000000000004
2026/10/02 18:18:46.830, 0, 114.85, 65, 7, 150.00, 1290, 150.00, 0x0000000000000004
2026/10/02 18:18:47.030, 0, 100.37, 64, 0, 150.00, 1680, 150.00, 0x0000000000000004
2026/10/02 18:18:47.231, 0, 93.35, 64, 0, 150.00, 1695, 150.00, 0x0000000000000004
2026/10/02 18:18:47.431, 0, 103.97, 65, 31, 150.00, 795, 150.00, 0x0000000000000004
2026/10/02 18:18:47.632, 0, 106.39, 65, 17, 150.00, 1260, 150.00, 0x0000000000000004
2026/10/02 18:18:47.832, 0, 95.48, 65, 0, 150.00, 1485, 150.00, 0x0000000000000004
2026/10/02 18:18:48.033, 0, 105.86, 66, 62, 150.00, 705, 150.00, 0x0000000000000004
2026/10/02 18:18:48.233, 0, 112.02, 66, 100, 150.00, 915, 150.00, 0x0000000000000004
2026/10/02 18:18:48.434, 0, 103.25, 66, 63, 150.00, 735, 150.00, 0x0000000000000004
2026/10/02 18:18:48.635, 0, 97.76, 65, 84, 150.00, 1680, 150.00, 0x0000000000000004
2026/10/02 18:18:48.835, 0, 100.70, 65, 93, 150.00, 1545, 150.00, 0x0000000000000004
2026/10/02 18:18:49.036, 0, 102.13, 64, 0, 150.00, 1680, 150.00, 0x0000000000000004
2026/10/02 18:18:49.236, 0, 92.12, 65, 0, 150.00, 735, 150.00, 0x0000000000000004
2026/10/02 18:18:49.437, 0, 83.80, 65, 80, 150.00, 1500, 150.00, 0x0000000000000004
2026/10/02 18:18:49.637, 0, 80.99, 64, 0, 150.00, 1680, 150.00, 0x0000000000000004
2026/10/02 18:18:49.838, 0, 75.04, 64, 0, 150.00, 1695, 150.00, 0x0000000000000000
2026/10/02 18:18:50.038, 0, 77.12, 64, 0, 150.00, 1380, 150.00, 0x0000000000000004
2026/10/02 18:18:50.239, 0, 100.01, 66, 21, 150.00, 870, 150.00, 0x0000000000000004
2026/10/02 18:18:50.440, 0, 99.07, 65, 100, 150.00, 1635, 150.00, 0x0000000000000004
2026/10/02 18:18:50.640, 0, 103.08, 64, 63, 150.00, 1680, 150.00, 0x0000000000000004
2026/10/02 18:18:50.841, 0, 112.64, 64, 59, 150.00, 1665, 150.00, 0x0000000000000004
2026/10/02 18:18:51.041, 0, 108.74, 64, 0, 150.00, 1680, 150.00, 0x0000000000000004
2026/10/02 18:18:51.242, 0, 95.02, 64, 0, 150.00, 1695, 150.00, 0x0000000000000000
2026/10/02 18:18:51.442, 0, 93.11, 65, 61, 150.00, 795, 150.00, 0x0000000000000004
2026/10/02 18:18:51.643, 0, 99.64, 65, 89, 150.00, 1575, 150.00, 0x0000000000000004
2026/10/02 18:18:51.844, 0, 90.12, 65, 66, 150.00, 1455, 150.00, 0x0000000000000004
2026/10/02 18:18:52.044, 0, 110.53, 66, 11, 150.00, 810, 150.00, 0x0000000000000004
2026/10/02 18:18:52.245, 0, 118.05, 65, 100, 150.00, 1650, 150.00, 0x0000000000000004
2026/10/02 18:18:52.445, 0, 112.37, 66, 0, 150.00, 810, 150.00, 0x0000000000000004
2026/10/02 18:18:52.646, 0, 104.25, 65, 100, 150.00, 1620, 150.00, 0x0000000000000004
2026/10/02 18:18:52.846, 0, 105.35, 64, 0, 150.00, 1680, 150.00, 0x0000000000000004
2026/10/02 18:18:53.047, 0, 114.32, 66, 63, 150.00, 660, 150.00, 0x0000000000000004
2026/10/02 18:18:53.248, 0, 115.28, 66, 19, 150.00, 630, 150.00, 0x0000000000000004
2026/10/02 18:18:53.448, 0, 122.65, 64, 100, 150.00, 1650, 150.00, 0x0000000000000004
2026/10/02 18:18:53.649, 0, 115.67, 66, 0, 150.00, 780, 150.00, 0x0000000000000004
2026/10/02 18:18:53.849, 0, 120.20, 64, 64, 150.00, 1680, 150.00, 0x0000000000000004
2026/10/02 18:18:54.050, 0, 125.69, 64, 27, 150.00, 1620, 150.00, 0x0000000000000004
2026/10/02 18:18:54.250, 0, 112.36, 64, 0, 150.00, 1680, 150.00, 0x0000000000000004
2026/10/02 18:18:54.451, 0, 104.05, 65, 0, 150.00, 660, 150.00, 0x0000000000000000
2026/10/02 18:18:54.651, 0, 103.51, 64, 35, 150.00, 1680, 150.00, 0x0000000000000004
2026/10/02 18:18:54.852, 0, 111.55, 66, 85, 150.00, 795, 150.00, 0x0000000000000004
2026/10/02 18:18:55.052, 0, 109.33, 66, 47, 150.00, 720, 150.00, 0x0000000000000004
2026/10/02 18:18:55.253, 0, 120.46, 66, 35, 150.00, 780, 150.00, 0x0000000000000004
2026/10/02 18:18:55.453, 0, 131.31, 66, 100, 150.00, 795, 150.00, 0x0000000000000004
2026/10/02 18:18:55.654, 0, 132.43, 66, 100, 150.00, 795, 150.00, 0x0000000000000004
2026/10/02 18:18:55.855, 0, 141.56, 67, 100, 150.00, 780, 150.00, 0x0000000000000004
2026/10/02 18:18:56.055, 0, 139.45, 66, 100, 150.00, 720, 150.00, 0x0000000000000004
2026/10/02 18:18:56.256, 0, 148.65, 67, 100, 150.00, 765, 150.00, 0x0000000000000004
2026/10/02 18:18:56.456, 0, 149.27, 67, 100, 150.00, 795, 150.00, 0x0000000000000004
2026/10/02 18:18:56.657, 0, 149.07, 67, 100, 150.00, 780, 150.00, 0x0000000000000004
2026/10/02 18:18:56.858, 0, 148.87, 67, 100, 150.00, 750, 150.00, 0x0000000000000004
2026/10/02 18:18:57.058, 0, 146.77, 67, 100, 150.00, 720, 150.00, 0x0000000000000004
2026/10/02 18:18:57.259, 0, 149.78, 67, 100, 150.00, 765, 150.00, 0x0000000000000004
2026/10/02 18:18:57.460, 0, 149.93, 67, 100, 150.00, 780, 150.00, 0x0000000000000004
2026/10/02 18:18:57.661, 0, 149.73, 67, 100, 150.00, 780, 150.00, 0x0000000000000004
2026/10/02 18:18:57.861, 0, 144.80, 66, 50, 150.00, 1590, 150.00, 0x0000000000000004
2026/10/02 18:18:58.062, 0, 139.59, 65, 12, 150.00, 1560, 150.00, 0x0000000000000004
2026/10/02 18:18:58.262, 0, 125.94, 65, 0, 150.00, 1680, 150.00, 0x0000000000000004
2026/10/02 18:18:58.462, 0, 114.39, 66, 0, 150.00, 1080, 150.00, 0x0000000000000004
2026/10/02 18:18:58.663, 0, 102.35, 65, 0, 150.00, 1680, 150.00, 0x0000000000000004
2026/10/02 18:18:58.863, 0, 90.53, 65, 0, 150.00, 990, 150.00, 0x0000000000000004
2026/10/02 18:18:59.064, 0, 81.88, 64, 0, 150.00, 1680, 150.00, 0x0000000000000004
2026/10/02 18:18:59.265, 0, 97.11, 66, 85, 150.00, 795, 150.00, 0x0000000000000004
2026/10/02 18:18:59.465, 0, 112.10, 67, 100, 150.00, 795, 150.00, 0x0000000000000004
2026/10/02 18:18:59.666, 0, 123.77, 67, 89, 150.00, 690, 150.00, 0x0000000000000004
2026/10/02 18:18:59.866, 0, 128.68, 66, 90, 150.00, 1080, 150.00, 0x0000000000000004
2026/10/02 18:19:00.067, 0, 121.57, 65, 0, 150.00, 1680, 150.00, 0x0000000000000004
2026/10/02 18:19:00.267, 0, 138.45, 66, 31, 150.00, 750, 150.00, 0x0000000000000004
2026/10/02 18:19:00.468, 0, 145.15, 67, 45, 150.00, 795, 150.00, 0x0000000000000004
2026/10/02 18:19:00.668, 0, 132.50, 65, 25, 150.00, 1515, 150.00, 0x0000000000000004
2026/10/02 18:19:00.869, 0, 140.70, 67, 40, 150.00, 795, 150.00, 0x0000000000000004
2026/10/02 18:19:01.070, 0, 148.43, 66, 100, 150.00, 1485, 150.00, 0x0000000000000004
2026/10/02 18:19:01.270, 0, 132.77, 67, 0, 150.00, 750, 150.00, 0x0000000000000004
2026/10/02 18:19:01.471, 0, 109.94, 65, 68, 150.00, 1350, 150.00, 0x0000000000000004
2026/10/02 18:19:01.671, 0, 109.11, 65, 86, 150.00, 1575, 150.00, 0x0000000000000004
2026/10/02 18:19:01.872, 0, 115.10, 67, 50, 150.00, 780, 150.00, 0x0000000000000004
2026/10/02 18:19:02.073, 0, 107.79, 67, 81, 150.00, 780, 150.00, 0x0000000000000004
2026/10/02 18:19:02.273, 0, 117.32, 67, 62, 150.00, 1035, 150.00, 0x0000000000000004
2026/10/02 18:19:02.474, 0, 121.63, 67, 48, 150.00, 660, 150.00, 0x0000000000000004
2026/10/02 18:19:02.674, 0, 129.85, 67, 100, 150.00, 795, 150.00, 0x0000000000000004
2026/10/02 18:19:02.875, 0, 115.39, 65, 65, 150.00, 1680, 150.00, 0x0000000000000004
2026/10/02 18:19:03.076, 0, 129.68, 66, 47, 150.00, 1035, 150.00, 0x0000000000000004
2026/10/02 18:19:03.276, 0, 123.58, 65, 2, 150.00, 1680, 150.00, 0x0000000000000004
2026/10/02 18:19:03.477, 0, 121.59, 66, 0, 150.00, 750, 150.00, 0x0000000000000004
2026/10/02 18:19:03.677, 0, 113.74, 67, 100, 150.00, 795, 150.00, 0x0000000000000004
2026/10/02 18:19:03.878, 0, 109.81, 65, 40, 150.00, 1680, 150.00, 0x0000000000000004
2026/10/02 18:19:04.078, 0, 112.33, 67, 82, 150.00, 795, 150.00, 0x0000000000000004
2026/10/02 18:19:04.279, 0, 120.14, 67, 100, 150.00, 780, 150.00, 0x0000000000000004
2026/10/02 18:19:04.480, 0, 135.08, 67, 100, 150.00, 780, 150.00, 0x0000000000000004
2026/10/02 18:19:04.680, 0, 136.06, 67, 100, 150.00, 720, 150.00, 0x0000000000000004
2026/10/02 18:19:04.881, 0, 140.76, 67, 100, 150.00, 735, 150.00, 0x0000000000000004
2026/10/02 18:19:05.082, 0, 144.77, 67, 100, 150.00, 1230, 150.00, 0x0000000000000004
2026/10/02 18:19:05.282, 0, 143.61, 67, 0, 150.00, 645, 150.00, 0x0000000000000004
2026/10/02 18:19:05.483, 0, 140.25, 67, 42, 150.00, 795, 150.00, 0x0000000000000004
2026/10/02 18:19:05.683, 0, 125.21, 65, 37, 150.00, 1680, 150.00, 0x0000000000000004
2026/10/02 18:19:05.884, 0, 133.24, 67, 23, 150.00, 795, 150.00, 0x0000000000000004
2026/10/02 18:19:06.084, 0, 119.53, 65, 25, 150.00, 1680, 150.00, 0x0000000000000004
2026/10/02 18:19:06.285, 0, 122.13, 66, 0, 150.00, 780, 150.00, 0x0000000000000004
2026/10/02 18:19:06.485, 0, 124.10, 67, 100, 150.00, 795, 150.00, 0x0000000000000004
2026/10/02 18:19:06.686, 0, 124.04, 66, 100, 150.00, 1665, 150.00, 0x0000000000000004
2026/10/02 18:19:06.887, 0, 112.50, 67, 65, 150.00, 780, 150.00, 0x0000000000000004
2026/10/02 18:19:07.087, 0, 121.21, 67, 100, 150.00, 780, 150.00, 0x0000000000000004
2026/10/02 18:19:07.288, 0, 136.12, 67, 100, 150.00, 780, 150.00, 0x0000000000000004
2026/10/02 18:19:07.489, 0, 137.18, 68, 99, 150.00, 780, 150.00, 0x0000000000000004
2026/10/02 18:19:07.689, 0, 126.18, 66, 95, 150.00, 1620, 150.00, 0x0000000000000004
2026/10/02 18:19:07.890, 0, 139.79, 67, 8, 150.00, 795, 150.00, 0x0000000000000004
2026/10/02 18:19:08.095, 0, 124.44, 65, 43, 150.00, 1665, 150.00, 0x0000000000000000
2026/10/02 18:19:08.295, 0, 126.09, 67, 19, 150.00, 1035, 150.00, 0x0000000000000004
2026/10/02 18:19:08.496, 0, 121.85, 67, 57, 150.00, 660, 150.00, 0x0000000000000004
2026/10/02 18:19:08.696, 0, 119.81, 66, 76, 150.00, 1650, 150.00, 0x0000000000000004
2026/10/02 18:19:08.897, 0, 114.17, 65, 0, 150.00, 1665, 150.00, 0x0000000000000000
2026/10/02 18:19:09.097, 0, 129.24, 67, 11, 150.00, 810, 150.00, 0x0000000000000004
2026/10/02 18:19:09.298, 0, 118.47, 66, 93, 150.00, 1650, 150.00, 0x0000000000000004
2026/10/02 18:19:09.498, 0, 115.36, 65, 0, 150.00, 1665, 150.00, 0x0000000000000000
2026/10/02 18:19:09.699, 0, 108.58, 67, 57, 150.00, 780, 150.00, 0x0000000000000004
2026/10/02 18:19:09.900, 0, 124.28, 67, 100, 150.00, 780, 150.00, 0x0000000000000004
2026/10/02 18:19:10.100, 0, 130.68, 67, 100, 150.00, 990, 150.00, 0x0000000000000004
2026/10/02 18:19:10.301, 0, 117.81, 66, 80, 150.00, 1680, 150.00, 0x0000000000000004
2026/10/02 18:19:10.501, 0, 130.59, 66, 76, 150.00, 1425, 150.00, 0x0000000000000004
2026/10/02 18:19:10.702, 0, 122.84, 67, 0, 150.00, 735, 150.00, 0x0000000000000004
2026/10/02 18:19:10.902, 0, 116.83, 67, 82, 150.00, 615, 150.00, 0x0000000000000004
2026/10/02 18:19:11.103, 0, 111.10, 67, 16, 150.00, 795, 150.00, 0x0000000000000004
2026/10/02 18:19:11.304, 0, 100.30, 65, 51, 150.00, 1680, 150.00, 0x0000000000000004
2026/10/02 18:19:11.504, 0, 115.13, 67, 63, 150.00, 660, 150.00, 0x0000000000000004
2026/10/02 18:19:11.705, 0, 128.78, 66, 50, 150.00, 1620, 150.00, 0x0000000000000004
2026/10/02 18:19:11.905, 0, 135.21, 67, 77, 150.00, 780, 150.00, 0x0000000000000004
2026/10/02 18:19:12.106, 0, 131.30, 66, 100, 150.00, 1650, 150.00, 0x0000000000000004
2026/10/02 18:19:12.307, 0, 147.90, 66, 34, 150.00, 1665, 150.00, 0x0000000000000004
2026/10/02 18:19:12.507, 0, 144.41, 67, 65, 150.00, 780, 150.00, 0x0000000000000004
2026/10/02 18:19:12.708, 0, 116.82, 66, 68, 150.00, 1605, 150.00, 0x0000000000000004
2026/10/02 18:19:12.908, 0, 111.10, 65, 0, 150.00, 1680, 150.00, 0x0000000000000004
2026/10/02 18:19:13.109, 0, 96.27, 65, 0, 150.00, 1695, 150.00, 0x0000000000000000
2026/10/02 18:19:13.309, 0, 81.49, 65, 0, 150.00, 1695, 150.00, 0x0000000000000000
2026/10/02 18:19:13.510, 0, 93.00, 65, 42, 150.00, 1665, 150.00, 0x0000000000000004
2026/10/02 18:19:13.710, 0, 83.62, 66, 0, 150.00, 750, 150.00, 0x0000000000000004
2026/10/02 18:19:13.911, 0, 84.65, 65, 58, 150.00, 1680, 150.00, 0x0000000000000004
2026/10/02 18:19:14.111, 0, 93.66, 66, 0, 150.00, 1350, 150.00, 0x0000000000000004
2026/10/02 18:19:14.312, 0, 93.17, 65, 0, 150.00, 1665, 150.00, 0x0000000000000000
2026/10/02 18:19:14.512, 0, 96.82, 67, 63, 150.00, 825, 150.00, 0x0000000000000004
2026/10/02 18:19:14.713, 0, 96.67, 65, 26, 150.00, 1665, 150.00, 0x0000000000000000
2026/10/02 18:19:14.913, 0, 108.02, 66, 63, 150.00, 750, 150.00, 0x0000000000000004
2026/10/02 18:19:15.114, 0, 122.49, 67, 92, 150.00, 780, 150.00, 0x0000000000000004
2026/10/02 18:19:15.315, 0, 126.14, 66, 100, 150.00, 1530, 150.00, 0x0000000000000004
2026/10/02 18:19:15.515, 0, 129.56, 67, 77, 150.00, 765, 150.00, 0x0000000000000004
2026/10/02 18:19:15.716, 0, 120.51, 67, 59, 150.00, 570, 150.00, 0x0000000000000004
2026/10/02 18:19:15.916, 0, 111.80, 65, 56, 150.00, 1665, 150.00, 0x0000000000000004
2026/10/02 18:19:16.117, 0, 101.94, 65, 0, 150.00, 1665, 150.00, 0x0000000000000000
2026/10/02 18:19:16.317, 0, 86.31, 65, 0, 150.00, 1560, 150.00, 0x0000000000000004
2026/10/02 18:19:16.518, 0, 91.75, 66, 0, 150.00, 735, 150.00, 0x0000000000000004
2026/10/02 18:19:16.718, 0, 101.54, 67, 100, 150.00, 780, 150.00, 0x0000000000000004
2026/10/02 18:19:16.919, 0, 111.28, 67, 100, 150.00, 1005, 150.00, 0x0000000000000004
2026/10/02 18:19:17.119, 0, 119.51, 66, 25, 150.00, 615, 150.00, 0x0000000000000000
2026/10/02 18:19:17.320, 0, 134.86, 67, 96, 150.00, 795, 150.00, 0x0000000000000004
2026/10/02 18:19:17.520, 0, 145.50, 66, 100, 150.00, 1515, 150.00, 0x0000000000000004
2026/10/02 18:19:17.721, 0, 126.17, 65, 0, 150.00, 1650, 150.00, 0x0000000000000000
2026/10/02 18:19:17.921, 0, 113.33, 66, 0, 150.00, 1395, 150.00, 0x0000000000000004
2026/10/02 18:19:18.122, 0, 115.84, 66, 61, 150.00, 1500, 150.00, 0x0000000000000004
2026/10/02 18:19:18.322, 0, 103.62, 65, 0, 150.00, 1650, 150.00, 0x0000000000000000
2026/10/02 18:19:18.523, 0, 95.73, 66, 0, 150.00, 780, 150.00, 0x0000000000000004
2026/10/02 18:19:18.723, 0, 101.77, 66, 84, 150.00, 600, 150.00, 0x0000000000000004
2026/10/02 18:19:18.924, 0, 107.78, 66, 100, 150.00, 1650, 150.00, 0x0000000000000004
2026/10/02 18:19:19.124, 0, 104.01, 66, 0, 150.00, 1170, 150.00, 0x0000000000000004
2026/10/02 18:19:19.325, 0, 100.89, 66, 11, 150.00, 675, 150.00, 0x0000000000000000
2026/10/02 18:19:19.525, 0, 113.92, 67, 66, 150.00, 705, 150.00, 0x0000000000000004
2026/10/02 18:19:19.726, 0, 108.92, 65, 100, 150.00, 1650, 150.00, 0x0000000000000004
2026/10/02 18:19:19.926, 0, 120.21, 67, 24, 150.00, 795, 150.00, 0x0000000000000004
2026/10/02 18:19:20.127, 0, 136.54, 67, 100, 150.00, 780, 150.00, 0x0000000000000004
2026/10/02 18:19:20.327, 0, 125.96, 66, 69, 150.00, 1650, 150.00, 0x0000000000000000
2026/10/02 18:19:20.528, 0, 135.43, 67, 0, 150.00, 795, 150.00, 0x0000000000000004
2026/10/02 18:19:20.729, 0, 129.36, 67, 100, 150.00, 795, 150.00, 0x0000000000000004
2026/10/02 18:19:20.929, 0, 122.46, 66, 97, 150.00, 1605, 150.00, 0x0000000000000000
2026/10/02 18:19:21.130, 0, 101.29, 66, 2, 150.00, 1605, 150.00, 0x0000000000000004
2026/10/02 18:19:21.330, 0, 98.38, 65, 0, 150.00, 645, 150.00, 0x0000000000000000
2026/10/02 18:19:21.530, 0, 105.48, 67, 100, 150.00, 975, 150.00, 0x0000000000000004
2026/10/02 18:19:21.731, 0, 103.68, 66, 26, 150.00, 1605, 150.00, 0x0000000000000004
2026/10/02 18:19:21.932, 0, 122.68, 67, 100, 150.00, 780, 150.00, 0x0000000000000004
2026/10/02 18:19:22.133, 0, 133.31, 67, 100, 150.00, 780, 150.00, 0x0000000000000004
2026/10/02 18:19:22.333, 0, 147.88, 67, 100, 150.00, 975, 150.00, 0x0000000000000004
2026/10/02 18:19:22.534, 0, 147.81, 67, 19, 150.00, 615, 150.00, 0x0000000000000004
2026/10/02 18:19:22.734, 0, 132.88, 66, 33, 150.00, 1665, 150.00, 0x0000000000000004
2026/10/02 18:19:22.935, 0, 129.29, 66, 65, 150.00, 1425, 150.00, 0x0000000000000004
2026/10/02 18:19:23.135, 0, 120.36, 65, 0, 150.00, 1680, 150.00, 0x0000000000000004
2026/10/02 18:19:23.336, 0, 112.96, 67, 33, 150.00, 660, 150.00, 0x0000000000000004
2026/10/02 18:19:23.537, 0, 124.61, 67, 100, 150.00, 780, 150.00, 0x0000000000000004
2026/10/02 18:19:23.737, 0, 104.53, 66, 0, 150.00, 1680, 150.00, 0x0000000000000004
2026/10/02 18:19:23.938, 0, 105.52, 65, 0, 150.00, 1680, 150.00, 0x0000000000000004
2026/10/02 18:19:24.138, 0, 126.14, 67, 100, 150.00, 915, 150.00, 0x0000000000000004
2026/10/02 18:19:24.339, 0, 126.67, 67, 92, 150.00, 795, 150.00, 0x0000000000000004
2026/10/02 18:19:24.539, 0, 51.15, 65, 0, 105.00, 855, 105.00, 0x0000000000000000
2026/10/02 18:19:24.740, 0, 111.60, 66, 100, 105.00, 375, 105.00, 0x0000000000000004
2026/10/02 18:19:24.941, 0, 96.96, 65, 75, 105.00, 270, 105.00, 0x0000000000000004
2026/10/02 18:19:25.141, 0, 99.09, 66, 100, 105.00, 360, 105.00, 0x0000000000000004
2026/10/02 18:19:25.342, 0, 93.76, 65, 31, 105.00, 855, 105.00, 0x0000000000000000
2026/10/02 18:19:25.543, 0, 96.46, 65, 98, 105.00, 855, 105.00, 0x0000000000000004
2026/10/02 18:19:25.744, 0, 92.99, 65, 20, 105.00, 285, 105.00, 0x0000000000000000
2026/10/02 18:19:25.944, 0, 93.29, 65, 100, 105.00, 360, 105.00, 0x0000000000000004
2026/10/02 18:19:26.145, 0, 97.42, 65, 100, 105.00, 375, 105.00, 0x0000000000000004
2026/10/02 18:19:26.346, 0, 97.40, 65, 100, 105.00, 360, 105.00, 0x0000000000000004
2026/10/02 18:19:26.546, 0, 101.74, 65, 100, 105.00, 360, 105.00, 0x0000000000000004
2026/10/02 18:19:26.747, 0, 153.81, 66, 100, 150.00, 795, 150.00, 0x0000000000000004
2026/10/02 18:19:26.948, 0, 153.01, 67, 100, 150.00, 750, 150.00, 0x0000000000000004
2026/10/02 18:19:27.148, 0, 151.30, 67, 100, 150.00, 750, 150.00, 0x0000000000000004
2026/10/02 18:19:27.349, 0, 150.98, 67, 100, 150.00, 750, 150.00, 0x0000000000000004
2026/10/02 18:19:27.550, 0, 150.27, 67, 100, 150.00, 720, 150.00, 0x0000000000000004
2026/10/02 18:19:27.750, 0, 150.33, 68, 100, 150.00, 765, 150.00, 0x0000000000000004
2026/10/02 18:19:27.951, 0, 150.23, 68, 100, 150.00, 750, 150.00, 0x0000000000000004
2026/10/02 18:19:28.152, 0, 150.00, 68, 100, 150.00, 750, 150.00, 0x0000000000000004
2026/10/02 18:19:28.352, 0, 150.10, 68, 100, 150.00, 750, 150.00, 0x0000000000000004
2026/10/02 18:19:28.553, 0, 149.88, 68, 100, 150.00, 735, 150.00, 0x0000000000000004
2026/10/02 18:19:28.753, 0, 150.02, 68, 100, 150.00, 750, 150.00, 0x0000000000000004
2026/10/02 18:19:28.954, 0, 149.81, 68, 100, 150.00, 765, 150.00, 0x0000000000000004
2026/10/02 18:19:29.155, 0, 149.84, 68, 100, 150.00, 750, 150.00, 0x0000000000000004
2026/10/02 18:19:29.355, 0, 149.79, 68, 100, 150.00, 720, 150.00, 0x0000000000000004
2026/10/02 18:19:29.556, 0, 149.82, 68, 100, 150.00, 750, 150.00, 0x0000000000000004
2026/10/02 18:19:29.756, 0, 135.35, 66, 0, 150.00, 870, 150.00, 0x0000000000000004
2026/10/02 18:19:29.957, 0, 132.82, 68, 39, 150.00, 1035, 150.00, 0x0000000000000004
2026/10/02 18:19:30.158, 0, 139.37, 68, 42, 150.00, 615, 150.00, 0x0000000000000004
2026/10/02 18:19:30.358, 0, 139.42, 68, 100, 150.00, 780, 150.00, 0x0000000000000004
2026/10/02 18:19:30.559, 0, 132.44, 67, 5, 150.00, 1680, 150.00, 0x0000000000000004
2026/10/02 18:19:30.759, 0, 131.98, 68, 91, 150.00, 795, 150.00, 0x0000000000000004
2026/10/02 18:19:30.960, 0, 148.07, 68, 100, 150.00, 780, 150.00, 0x0000000000000004
2026/10/02 18:19:31.161, 0, 139.86, 68, 100, 150.00, 765, 150.00, 0x0000000000000004
2026/10/02 18:19:31.361, 0, 137.50, 68, 100, 150.00, 780, 150.00, 0x0000000000000004
2026/10/02 18:19:31.562, 0, 134.57, 68, 100, 150.00, 975, 150.00, 0x0000000000000004
2026/10/02 18:19:31.762, 0, 134.02, 66, 0, 150.00, 1665, 150.00, 0x0000000000000000
2026/10/02 18:19:31.963, 0, 133.89, 68, 64, 150.00, 675, 150.00, 0x0000000000000004
2026/10/02 18:19:32.163, 0, 117.43, 66, 0, 150.00, 855, 150.00, 0x0000000000000004
2026/10/02 18:19:32.364, 0, 115.82, 68, 100, 150.00, 780, 150.00, 0x0000000000000004
2026/10/02 18:19:32.564, 0, 99.39, 66, 0, 150.00, 1665, 150.00, 0x0000000000000000
2026/10/02 18:19:32.765, 0, 95.51, 66, 0, 150.00, 1665, 150.00, 0x0000000000000000
2026/10/02 18:19:32.965, 0, 95.34, 67, 54, 150.00, 1290, 150.00, 0x0000000000000004
2026/10/02 18:19:33.166, 0, 113.22, 68, 41, 150.00, 720, 150.00, 0x0000000000000004
2026/10/02 18:19:33.367, 0, 120.00, 68, 97, 150.00, 1455, 150.00, 0x0000000000000004
2026/10/02 18:19:33.567, 0, 112.53, 67, 66, 150.00, 1590, 150.00, 0x0000000000000004
2026/10/02 18:19:33.768, 0, 126.84, 66, 30, 150.00, 1665, 150.00, 0x0000000000000004
2026/10/02 18:19:33.968, 0, 136.77, 68, 68, 150.00, 780, 150.00, 0x0000000000000004
2026/10/02 18:19:34.169, 0, 119.99, 67, 65, 150.00, 1560, 150.00, 0x0000000000000004
2026/10/02 18:19:34.369, 0, 107.44, 68, 72, 150.00, 780, 150.00, 0x0000000000000004
2026/10/02 18:19:34.570, 0, 119.40, 68, 100, 150.00, 780, 150.00, 0x0000000000000004
2026/10/02 18:19:34.770, 0, 104.26, 67, 0, 150.00, 1665, 150.00, 0x0000000000000000
2026/10/02 18:19:34.971, 0, 107.90, 66, 58, 150.00, 1620, 150.00, 0x0000000000000004
2026/10/02 18:19:35.172, 0, 121.03, 68, 100, 150.00, 780, 150.00, 0x0000000000000004
2026/10/02 18:19:35.372, 0, 124.75, 67, 74, 150.00, 1590, 150.00, 0x0000000000000004
2026/10/02 18:19:35.573, 0, 118.35, 68, 11, 150.00, 615, 150.00, 0x0000000000000000
2026/10/02 18:19:35.773, 0, 128.14, 68, 33, 150.00, 960, 150.00, 0x0000000000000004
2026/10/02 18:19:35.974, 0, 120.35, 66, 0, 150.00, 975, 150.00, 0x0000000000000000
2026/10/02 18:19:36.174, 0, 108.27, 66, 0, 150.00, 1665, 150.00, 0x0000000000000004
2026/10/02 18:19:36.375, 0, 104.66, 67, 14, 150.00, 630, 150.00, 0x0000000000000000
2026/10/02 18:19:36.575, 0, 111.30, 66, 35, 150.00, 1665, 150.00, 0x0000000000000004
2026/10/02 18:19:36.776, 0, 101.06, 66, 0, 150.00, 1290, 150.00, 0x0000000000000000
2026/10/02 18:19:36.976, 0, 98.39, 67, 61, 150.00, 1365, 150.00, 0x0000000000000004
2026/10/02 18:19:37.177, 0, 104.69, 66, 8, 150.00, 1665, 150.00, 0x0000000000000004
2026/10/02 18:19:37.377, 0, 111.31, 67, 95, 150.00, 795, 150.00, 0x0000000000000004
2026/10/02 18:19:37.578, 0, 99.76, 67, 36, 150.00, 1665, 150.00, 0x0000000000000004
2026/10/02 18:19:37.778, 0, 110.75, 67, 70, 150.00, 780, 150.00, 0x0000000000000004
2026/10/02 18:19:37.979, 0, 121.20, 68, 100, 150.00, 780, 150.00, 0x0000000000000004
2026/10/02 18:19:38.180, 0, 120.26, 68, 100, 150.00, 780, 150.00, 0x0000000000000004
2026/10/02 18:19:38.380, 0, 135.84, 68, 100, 150.00, 780, 150.00, 0x0000000000000004
2026/10/02 18:19:38.581, 0, 133.76, 68, 100, 150.00, 750, 150.00, 0x0000000000000004
2026/10/02 18:19:38.781, 0, 148.84, 68, 100, 150.00, 765, 150.00, 0x0000000000000004
2026/10/02 18:19:38.982, 0, 141.72, 67, 14, 150.00, 1665, 150.00, 0x0000000000000004
2026/10/02 18:19:39.182, 0, 139.20, 68, 40, 150.00, 1005, 150.00, 0x0000000000000004
2026/10/02 18:19:39.383, 0, 120.32, 66, 0, 150.00, 1200, 150.00, 0x0000000000000004
2026/10/02 18:19:39.583, 0, 108.43, 66, 0, 150.00, 1680, 150.00, 0x0000000000000004
2026/10/02 18:19:39.784, 0, 97.18, 66, 0, 150.00, 1680, 150.00, 0x0000000000000004
2026/10/02 18:19:39.984, 0, 89.15, 67, 86, 150.00, 795, 150.00, 0x0000000000000004
2026/10/02 18:19:40.185, 0, 104.40, 68, 100, 150.00, 1005, 150.00, 0x0000000000000004
2026/10/02 18:19:40.385, 0, 100.17, 68, 56, 150.00, 765, 150.00, 0x0000000000000004
2026/10/02 18:19:40.586, 0, 115.01, 68, 38, 150.00, 975, 150.00, 0x0000000000000004
2026/10/02 18:19:40.786, 0, 114.41, 66, 0, 150.00, 870, 150.00, 0x0000000000000004
2026/10/02 18:19:40.987, 0, 125.29, 68, 100, 150.00, 780, 150.00, 0x0000000000000004
2026/10/02 18:19:41.187, 0, 118.29, 67, 34, 150.00, 1665, 150.00, 0x0000000000000004
2026/10/02 18:19:41.388, 0, 125.38, 67, 29, 150.00, 675, 150.00, 0x0000000000000004
2026/10/02 18:19:41.588, 0, 128.30, 68, 100, 150.00, 780, 150.00, 0x0000000000000004
2026/10/02 18:19:41.789, 0, 123.84, 67, 21, 150.00, 1665, 150.00, 0x0000000000000004
2026/10/02 18:19:41.990, 0, 120.19, 66, 0, 150.00, 1680, 150.00, 0x0000000000000004
2026/10/02 18:19:42.190, 0, 105.58, 66, 0, 150.00, 1695, 150.00, 0x0000000000000000
2026/10/02 18:19:42.391, 0, 99.33, 67, 59, 150.00, 780, 150.00, 0x0000000000000004
2026/10/02 18:19:42.591, 0, 108.54, 68, 100, 150.00, 780, 150.00, 0x0000000000000004
2026/10/02 18:19:42.792, 0, 92.27, 66, 0, 150.00, 1680, 150.00, 0x0000000000000004
2026/10/02 18:19:42.992, 0, 95.89, 66, 1, 150.00, 615, 150.00, 0x0000000000000004
2026/10/02 18:19:43.193, 0, 96.76, 66, 0, 150.00, 1005, 150.00, 0x0000000000000004
2026/10/02 18:19:43.393, 0, 94.42, 66, 0, 150.00, 1665, 150.00, 0x0000000000000004
2026/10/02 18:19:43.594, 0, 79.32, 66, 0, 150.00, 1665, 150.00, 0x0000000000000000
2026/10/02 18:19:43.794, 0, 77.02, 66, 0, 150.00, 1665, 150.00, 0x0000000000000004
2026/10/02 18:19:43.995, 0, 76.74, 65, 0, 150.00, 1665, 150.00, 0x0000000000000000
2026/10/02 18:19:44.195, 0, 74.75, 66, 64, 150.00, 1545, 150.00, 0x0000000000000004
2026/10/02 18:19:44.396, 0, 88.16, 66, 28, 150.00, 1665, 150.00, 0x0000000000000004
2026/10/02 18:19:44.596, 0, 101.89, 67, 18, 150.00, 630, 150.00, 0x0000000000000000
2026/10/02 18:19:44.797, 0, 98.11, 67, 63, 150.00, 1500, 150.00, 0x0000000000000004
2026/10/02 18:19:44.997, 0, 105.17, 67, 68, 150.00, 795, 150.00, 0x0000000000000004
2026/10/02 18:19:45.198, 0, 120.30, 68, 100, 105.00, 780, 150.00, 0x0000000000000004
2026/10/02 18:19:45.398, 0, 103.82, 67, 100, 105.00, 345, 105.00, 0x0000000000000004
2026/10/02 18:19:45.599, 0, 104.33, 67, 100, 105.00, 360, 105.00, 0x0000000000000004
2026/10/02 18:19:45.800, 0, 102.36, 66, 100, 105.00, 210, 105.00, 0x0000000000000004
2026/10/02 18:19:46.000, 0, 103.01, 66, 100, 105.00, 360, 105.00, 0x0000000000000004
2026/10/02 18:19:46.201, 0, 103.30, 66, 100, 105.00, 360, 105.00, 0x0000000000000004
2026/10/02 18:19:46.402, 0, 103.48, 66, 100, 105.00, 360, 105.00, 0x0000000000000004
2026/10/02 18:19:46.602, 0, 103.53, 66, 100, 105.00, 360, 105.00, 0x0000000000000004
2026/10/02 18:19:46.803, 0, 103.42, 66, 100, 105.00, 360, 105.00, 0x0000000000000004
2026/10/02 18:19:47.004, 0, 104.30, 66, 100, 105.00, 360, 105.00, 0x0000000000000004
2026/10/02 18:19:47.205, 0, 104.28, 66, 100, 105.00, 360, 105.00, 0x0000000000000004
2026/10/02 18:19:47.405, 0, 104.28, 66, 100, 150.00, 375, 150.00, 0x0000000000000004
2026/10/02 18:19:47.606, 0, 152.17, 67, 100, 150.00, 780, 150.00, 0x0000000000000004
2026/10/02 18:19:47.806, 0, 151.68, 68, 100, 150.00, 750, 150.00, 0x0000000000000004
2026/10/02 18:19:48.007, 0, 151.19, 68, 100, 150.00, 735, 150.00, 0x0000000000000004
2026/10/02 18:19:48.208, 0, 150.65, 68, 100, 150.00, 735, 150.00, 0x0000000000000004
2026/10/02 18:19:48.408, 0, 150.39, 68, 100, 150.00, 750, 150.00, 0x0000000000000004
2026/10/02 18:19:48.609, 0, 150.56, 68, 100, 150.00, 765, 150.00, 0x0000000000000004
2026/10/02 18:19:48.809, 0, 150.29, 68, 100, 150.00, 735, 150.00, 0x0000000000000004
2026/10/02 18:19:49.010, 0, 150.20, 68, 100, 150.00, 750, 150.00, 0x0000000000000004
2026/10/02 18:19:49.211, 0, 150.05, 69, 100, 150.00, 720, 150.00, 0x0000000000000004
2026/10/02 18:19:49.411, 0, 149.78, 69, 100, 150.00, 735, 150.00, 0x0000000000000004
2026/10/02 18:19:49.612, 0, 141.83, 67, 41, 150.00, 1650, 150.00, 0x0000000000000004
2026/10/02 18:19:49.812, 0, 149.84, 68, 100, 150.00, 1245, 150.00, 0x0000000000000004
2026/10/02 18:19:50.013, 0, 134.93, 67, 0, 150.00, 1680, 150.00, 0x0000000000000004
2026/10/02 18:19:50.213, 0, 135.61, 68, 26, 150.00, 660, 150.00, 0x0000000000000004
2026/10/02 18:19:50.414, 0, 136.44, 68, 100, 150.00, 780, 150.00, 0x0000000000000004
2026/10/02 18:19:50.615, 0, 128.67, 67, 70, 150.00, 1605, 150.00, 0x0000000000000004
2026/10/02 18:19:50.815, 0, 131.86, 68, 94, 150.00, 780, 150.00, 0x0000000000000004
2026/10/02 18:19:51.016, 0, 139.79, 68, 71, 150.00, 1590, 150.00, 0x0000000000000004
2026/10/02 18:19:51.216, 0, 131.35, 68, 62, 150.00, 840, 150.00, 0x0000000000000004
2026/10/02 18:19:51.417, 0, 116.05, 68, 71, 150.00, 870, 150.00, 0x0000000000000004
2026/10/02 18:19:51.617, 0, 110.19, 67, 62, 150.00, 1620, 150.00, 0x0000000000000004
2026/10/02 18:19:51.818, 0, 111.00, 68, 100, 150.00, 795, 150.00, 0x0000000000000004
2026/10/02 18:19:52.019, 0, 116.89, 69, 78, 150.00, 720, 150.00, 0x0000000000000004
2026/10/02 18:19:52.219, 0, 132.67, 69, 100, 150.00, 780, 150.00, 0x0000000000000004
2026/10/02 18:19:52.420, 0, 139.20, 69, 100, 150.00, 765, 150.00, 0x0000000000000004
2026/10/02 18:19:52.620, 0, 139.23, 68, 50, 150.00, 1665, 150.00, 0x0000000000000004
2026/10/02 18:19:52.821, 0, 149.87, 67, 31, 150.00, 1680, 150.00, 0x0000000000000004
2026/10/02 18:19:53.021, 0, 134.05, 68, 65, 150.00, 1605, 150.00, 0x0000000000000004
2026/10/02 18:19:53.222, 0, 129.91, 67, 30, 150.00, 615, 150.00, 0x0000000000000004
2026/10/02 18:19:53.422, 0, 112.22, 67, 0, 150.00, 1680, 150.00, 0x0000000000000004
2026/10/02 18:19:53.623, 0, 101.14, 66, 0, 150.00, 1680, 150.00, 0x0000000000000004
2026/10/02 18:19:53.823, 0, 86.28, 67, 60, 150.00, 1650, 150.00, 0x0000000000000004
2026/10/02 18:19:54.024, 0, 87.06, 66, 0, 150.00, 1680, 150.00, 0x0000000000000004
2026/10/02 18:19:54.224, 0, 71.01, 66, 0, 150.00, 1695, 150.00, 0x0000000000000000
2026/10/02 18:19:54.425, 0, 86.66, 68, 100, 150.00, 795, 150.00, 0x0000000000000004
2026/10/02 18:19:54.625, 0, 95.17, 68, 27, 150.00, 645, 150.00, 0x0000000000000004
2026/10/02 18:19:54.826, 0, 101.69, 67, 55, 150.00, 645, 150.00, 0x0000000000000004
2026/10/02 18:19:55.026, 0, 108.60, 67, 67, 150.00, 1650, 150.00, 0x0000000000000004
2026/10/02 18:19:55.227, 0, 120.61, 68, 6, 150.00, 615, 150.00, 0x0000000000000004
2026/10/02 18:19:55.427, 0, 120.85, 68, 100, 150.00, 780, 150.00, 0x0000000000000004
2026/10/02 18:19:55.628, 0, 121.72, 69, 100, 150.00, 780, 150.00, 0x0000000000000004
2026/10/02 18:19:55.829, 0, 127.97, 69, 100, 150.00, 765, 150.00, 0x0000000000000004
2026/10/02 18:19:56.029, 0, 137.57, 69, 100, 150.00, 1470, 150.00, 0x0000000000000004
2026/10/02 18:19:56.230, 0, 144.12, 69, 86, 150.00, 795, 150.00, 0x0000000000000004
2026/10/02 18:19:56.430, 0, 134.02, 68, 58, 150.00, 1650, 150.00, 0x0000000000000004
2026/10/02 18:19:56.631, 0, 117.59, 67, 0, 150.00, 1680, 150.00, 0x0000000000000004
2026/10/02 18:19:56.831, 0, 126.63, 68, 100, 150.00, 780, 150.00, 0x0000000000000004
2026/10/02 18:19:57.032, 0, 122.62, 68, 86, 150.00, 1605, 150.00, 0x0000000000000004
2026/10/02 18:19:57.232, 0, 133.97, 69, 100, 150.00, 1125, 150.00, 0x0000000000000004
2026/10/02 18:19:57.433, 0, 119.53, 67, 0, 150.00, 630, 150.00, 0x0000000000000004
2026/10/02 18:19:57.633, 0, 126.16, 67, 52, 150.00, 1035, 150.00, 0x0000000000000004
2026/10/02 18:19:57.834, 0, 116.51, 67, 2, 150.00, 1680, 150.00, 0x0000000000000004
2026/10/02 18:19:58.034, 0, 101.67, 67, 0, 150.00, 1680, 150.00, 0x0000000000000004
2026/10/02 18:19:58.235, 0, 89.23, 67, 0, 150.00, 600, 150.00, 0x0000000000000000
2026/10/02 18:19:58.435, 0, 99.28, 68, 100, 150.00, 780, 150.00, 0x0000000000000004
2026/10/02 18:19:58.636, 0, 105.16, 69, 100, 150.00, 780, 150.00, 0x0000000000000004
2026/10/02 18:19:58.836, 0, 106.87, 68, 77, 150.00, 1635, 150.00, 0x0000000000000004
2026/10/02 18:19:59.037, 0, 133.16, 68, 42, 150.00, 1320, 150.00, 0x0000000000000004
2026/10/02 18:19:59.237, 0, 148.47, 69, 31, 150.00, 780, 150.00, 0x0000000000000004
2026/10/02 18:19:59.439, 0, 149.22, 69, 100, 150.00, 780, 150.00, 0x0000000000000004
2026/10/02 18:19:59.639, 0, 149.41, 69, 100, 150.00, 765, 150.00, 0x0000000000000004
2026/10/02 18:19:59.840, 0, 157.14, 69, 100, 150.00, 765, 150.00, 0x0000000000000004
2026/10/02 18:20:00.041, 0, 143.23, 69, 100, 150.00, 750, 150.00, 0x0000000000000004
2026/10/02 18:20:00.241, 0, 149.56, 69, 100, 150.00, 765, 150.00, 0x0000000000000004
2026/10/02 18:20:00.442, 0, 150.15, 69, 100, 150.00, 765, 150.00, 0x0000000000000004
2026/10/02 18:20:00.642, 0, 150.04, 69, 100, 150.00, 765, 150.00, 0x0000000000000004
2026/10/02 18:20:00.843, 0, 149.90, 70, 100, 150.00, 1305, 150.00, 0x0000000000000004
2026/10/02 18:20:01.044, 0, 149.01, 69, 32, 150.00, 1020, 150.00, 0x0000000000000004
2026/10/02 18:20:01.244, 0, 157.40, 69, 73, 150.00, 1365, 150.00, 0x0000000000000004
2026/10/02 18:20:01.445, 0, 147.24, 69, 25, 150.00, 705, 150.00, 0x0000000000000004
2026/10/02 18:20:01.645, 0, 154.27, 69, 89, 150.00, 1155, 150.00, 0x0000000000000004
2026/10/02 18:20:01.846, 0, 157.41, 69, 54, 150.00, 1230, 150.00, 0x0000000000000004
2026/10/02 18:20:02.047, 0, 170.90, 70, 58, 150.00, 765, 150.00, 0x0000000000000004
2026/10/02 18:20:02.247, 0, 150.03, 68, 100, 150.00, 1680, 150.00, 0x0000000000000004
2026/10/02 18:20:02.448, 0, 155.23, 69, 0, 150.00, 855, 150.00, 0x0000000000000004
2026/10/02 18:20:02.648, 0, 140.77, 67, 51, 150.00, 1680, 150.00, 0x0000000000000004
2026/10/02 18:20:02.849, 0, 118.25, 68, 0, 150.00, 1605, 150.00, 0x0000000000000004
2026/10/02 18:20:03.049, 0, 105.47, 68, 0, 150.00, 795, 150.00, 0x0000000000000004
2026/10/02 18:20:03.250, 0, 93.16, 67, 91, 150.00, 1680, 150.00, 0x0000000000000004
2026/10/02 18:20:03.451, 0, 92.76, 68, 0, 150.00, 1635, 150.00, 0x0000000000000004
2026/10/02 18:20:03.651, 0, 80.92, 67, 0, 150.00, 1680, 150.00, 0x0000000000000004
2026/10/02 18:20:03.851, 0, 80.98, 67, 0, 150.00, 570, 150.00, 0x0000000000000000
2026/10/02 18:20:04.052, 0, 80.15, 67, 63, 150.00, 1680, 150.00, 0x0000000000000004
2026/10/02 18:20:04.252, 0, 84.13, 68, 0, 150.00, 810, 150.00, 0x0000000000000004
2026/10/02 18:20:04.453, 0, 93.76, 67, 97, 150.00, 930, 150.00, 0x0000000000000004
2026/10/02 18:20:04.654, 0, 99.28, 68, 68, 150.00, 1605, 150.00, 0x0000000000000004
2026/10/02 18:20:04.854, 0, 109.31, 68, 0, 150.00, 795, 150.00, 0x0000000000000004
2026/10/02 18:20:05.055, 0, 117.32, 68, 100, 150.00, 1635, 150.00, 0x0000000000000004
2026/10/02 18:20:05.255, 0, 125.83, 68, 0, 150.00, 825, 150.00, 0x0000000000000004
2026/10/02 18:20:05.456, 0, 101.97, 67, 52, 150.00, 1635, 150.00, 0x0000000000000004
2026/10/02 18:20:05.656, 0, 114.52, 69, 46, 150.00, 780, 150.00, 0x0000000000000004
2026/10/02 18:20:05.857, 0, 120.44, 68, 100, 150.00, 1110, 150.00, 0x0000000000000004
2026/10/02 18:20:06.057, 0, 121.09, 69, 61, 150.00, 765, 150.00, 0x0000000000000004
2026/10/02 18:20:06.258, 0, 136.79, 69, 100, 150.00, 765, 150.00, 0x0000000000000004
2026/10/02 18:20:06.459, 0, 140.10, 69, 100, 150.00, 765, 150.00, 0x0000000000000004
2026/10/02 18:20:06.659, 0, 145.48, 69, 100, 150.00, 630, 150.00, 0x0000000000000004
2026/10/02 18:20:06.860, 0, 142.66, 69, 100, 150.00, 735, 150.00, 0x0000000000000004
2026/10/02 18:20:07.061, 0, 150.26, 69, 100, 150.00, 1290, 150.00, 0x0000000000000004
2026/10/02 18:20:07.261, 0, 139.91, 69, 33, 150.00, 765, 150.00, 0x0000000000000004
2026/10/02 18:20:07.462, 0, 125.34, 68, 58, 150.00, 1680, 150.00, 0x0000000000000004
2026/10/02 18:20:07.662, 0, 110.69, 67, 0, 150.00, 1695, 150.00, 0x0000000000000004
2026/10/02 18:20:07.863, 0, 114.64, 69, 41, 150.00, 735, 150.00, 0x0000000000000004
2026/10/02 18:20:08.063, 0, 114.53, 69, 87, 150.00, 765, 150.00, 0x0000000000000004
2026/10/02 18:20:08.264, 0, 122.95, 69, 100, 150.00, 1185, 150.00, 0x0000000000000004
2026/10/02 18:20:08.465, 0, 116.64, 68, 40, 150.00, 585, 150.00, 0x0000000000000004
2026/10/02 18:20:08.665, 0, 116.58, 67, 66, 150.00, 1080, 150.00, 0x0000000000000004
2026/10/02 18:20:08.866, 0, 118.79, 69, 62, 150.00, 1530, 150.00, 0x0000000000000004
2026/10/02 18:20:09.066, 0, 107.23, 67, 4, 150.00, 1050, 150.00, 0x0000000000000004
2026/10/02 18:20:09.267, 0, 106.86, 69, 66, 150.00, 765, 150.00, 0x0000000000000004
2026/10/02 18:20:09.467, 0, 106.62, 68, 100, 150.00, 1665, 150.00, 0x0000000000000004
2026/10/02 18:20:09.668, 0, 139.57, 69, 39, 150.00, 1185, 150.00, 0x0000000000000004
2026/10/02 18:20:09.868, 0, 128.34, 68, 41, 150.00, 1650, 150.00, 0x0000000000000004
2026/10/02 18:20:10.069, 0, 123.68, 67, 0, 150.00, 1680, 150.00, 0x0000000000000004
2026/10/02 18:20:10.269, 0, 116.89, 67, 0, 150.00, 1620, 150.00, 0x0000000000000004
2026/10/02 18:20:10.470, 0, 102.01, 67, 0, 150.00, 1680, 150.00, 0x0000000000000004
2026/10/02 18:20:10.670, 0, 89.77, 67, 0, 150.00, 1695, 150.00, 0x0000000000000004
2026/10/02 18:20:10.871, 0, 70.70, 66, 0, 150.00, 1695, 150.00, 0x0000000000000000
2026/10/02 18:20:11.071, 0, 85.68, 68, 0, 150.00, 1335, 150.00, 0x0000000000000004
2026/10/02 18:20:11.272, 0, 84.71, 66, 25, 150.00, 1680, 150.00, 0x0000000000000004
2026/10/02 18:20:11.472, 0, 84.99, 66, 0, 150.00, 1440, 150.00, 0x0000000000000004
2026/10/02 18:20:11.673, 0, 94.90, 66, 53, 150.00, 1680, 150.00, 0x0000000000000004
2026/10/02 18:20:11.873, 0, 94.75, 66, 0, 150.00, 1680, 150.00, 0x0000000000000004
2026/10/02 18:20:12.074, 0, 95.23, 68, 0, 150.00, 1365, 150.00, 0x0000000000000004
2026/10/02 18:20:12.274, 0, 95.26, 66, 22, 150.00, 1680, 150.00, 0x0000000000000004
2026/10/02 18:20:12.474, 0, 95.24, 66, 0, 150.00, 1695, 150.00, 0x0000000000000004
2026/10/02 18:20:12.675, 0, 95.92, 67, 0, 150.00, 1410, 150.00, 0x0000000000000004
2026/10/02 18:20:12.875, 0, 95.72, 66, 19, 150.00, 1680, 150.00, 0x0000000000000004
2026/10/02 18:20:13.076, 0, 95.61, 66, 0, 150.00, 1695, 150.00, 0x0000000000000004
2026/10/02 18:20:13.276, 0, 81.22, 66, 0, 150.00, 1650, 150.00, 0x0000000000000004
2026/10/02 18:20:13.477, 0, 81.12, 66, 0, 150.00, 1680, 150.00, 0x0000000000000004
2026/10/02 18:20:13.677, 0, 81.06, 66, 0, 150.00, 1695, 150.00, 0x0000000000000000
2026/10/02 18:20:13.878, 0, 70.57, 66, 0, 150.00, 1695, 150.00, 0x0000000000000000
2026/10/02 18:20:14.078, 0, 73.11, 66, 0, 150.00, 1590, 150.00, 0x0000000000000004
2026/10/02 18:20:14.279, 0, 73.89, 67, 0, 150.00, 1590, 150.00, 0x0000000000000004
2026/10/02 18:20:14.479, 0, 75.06, 66, 0, 150.00, 795, 150.00, 0x0000000000000004
2026/10/02 18:20:14.680, 0, 76.47, 66, 62, 150.00, 1680, 150.00, 0x0000000000000004
2026/10/02 18:20:14.880, 0, 76.77, 66, 0, 150.00, 615, 150.00, 0x0000000000000004
2026/10/02 18:20:15.081, 0, 83.46, 67, 63, 150.00, 795, 150.00, 0x0000000000000004
2026/10/02 18:20:15.281, 0, 83.28, 66, 90, 150.00, 1680, 150.00, 0x0000000000000004
2026/10/02 18:20:15.482, 0, 104.48, 68, 33, 150.00, 1455, 150.00, 0x0000000000000004
2026/10/02 18:20:15.682, 0, 102.26, 66, 17, 150.00, 1680, 150.00, 0x0000000000000004
2026/10/02 18:20:15.883, 0, 117.49, 67, 0, 150.00, 1305, 150.00, 0x0000000000000004
2026/10/02 18:20:16.083, 0, 124.17, 67, 28, 150.00, 795, 150.00, 0x0000000000000004
2026/10/02 18:20:16.284, 0, 120.48, 67, 100, 150.00, 1650, 150.00, 0x0000000000000004
2026/10/02 18:20:16.484, 0, 105.64, 66, 0, 150.00, 1680, 150.00, 0x0000000000000004
2026/10/02 18:20:16.685, 0, 99.02, 66, 0, 150.00, 1695, 150.00, 0x0000000000000000
2026/10/02 18:20:16.885, 0, 99.09, 65, 0, 150.00, 1695, 150.00, 0x0000000000000000
2026/10/02 18:20:17.086, 0, 99.44, 67, 0, 150.00, 1065, 150.00, 0x0000000000000000
2026/10/02 18:20:17.286, 0, 94.76, 66, 57, 150.00, 1665, 150.00, 0x0000000000000004
2026/10/02 18:20:17.487, 0, 95.92, 66, 0, 150.00, 1680, 150.00, 0x0000000000000004
2026/10/02 18:20:17.687, 0, 95.93, 65, 0, 150.00, 1695, 150.00, 0x0000000000000000
2026/10/02 18:20:17.888, 0, 95.88, 65, 0, 150.00, 1695, 150.00, 0x0000000000000000
2026/10/02 18:20:18.088, 0, 109.84, 67, 0, 150.00, 1365, 150.00, 0x0000000000000004
2026/10/02 18:20:18.289, 0, 97.58, 67, 23, 150.00, 960, 150.00, 0x0000000000000004
2026/10/02 18:20:18.489, 0, 98.89, 66, 47, 150.00, 1650, 150.00, 0x0000000000000004
2026/10/02 18:20:18.690, 0, 98.62, 65, 0, 150.00, 1680, 150.00, 0x0000000000000004
2026/10/02 18:20:18.890, 0, 106.33, 66, 0, 150.00, 1530, 150.00, 0x0000000000000004
2026/10/02 18:20:19.091, 0, 102.62, 65, 2, 150.00, 1680, 150.00, 0x0000000000000004
2026/10/02 18:20:19.291, 0, 100.01, 66, 0, 150.00, 660, 150.00, 0x0000000000000004
2026/10/02 18:20:19.492, 0, 93.00, 66, 100, 150.00, 1665, 150.00, 0x0000000000000004
2026/10/02 18:20:19.692, 0, 94.23, 65, 0, 150.00, 1680, 150.00, 0x0000000000000004
2026/10/02 18:20:19.893, 0, 95.85, 66, 0, 150.00, 750, 150.00, 0x0000000000000004
2026/10/02 18:20:20.094, 0, 90.96, 66, 72, 150.00, 1650, 150.00, 0x0000000000000004
2026/10/02 18:20:20.297, 0, 88.89, 65, 0, 150.00, 1365, 150.00, 0x0000000000000000
2026/10/02 18:20:20.498, 0, 79.79, 66, 54, 150.00, 615, 150.00, 0x0000000000000004
2026/10/02 18:20:20.698, 0, 80.72, 65, 65, 150.00, 1635, 150.00, 0x0000000000000000
2026/10/02 18:20:20.899, 0, 79.34, 65, 0, 150.00, 1635, 150.00, 0x0000000000000000
2026/10/02 18:20:21.099, 0, 76.03, 65, 0, 150.00, 1635, 150.00, 0x0000000000000000
2026/10/02 18:20:21.300, 0, 76.50, 65, 0, 150.00, 1635, 150.00, 0x0000000000000000
2026/10/02 18:20:21.500, 0, 80.93, 66, 0, 150.00, 720, 150.00, 0x0000000000000000
2026/10/02 18:20:21.701, 0, 90.51, 65, 99, 150.00, 1635, 150.00, 0x0000000000000004
2026/10/02 18:20:21.902, 0, 91.64, 66, 0, 150.00, 1575, 150.00, 0x0000000000000004
2026/10/02 18:20:22.102, 0, 94.00, 65, 0, 150.00, 1635, 150.00, 0x0000000000000000
2026/10/02 18:20:22.302, 0, 104.78, 66, 0, 150.00, 1455, 150.00, 0x0000000000000004
2026/10/02 18:20:22.503, 0, 109.15, 66, 13, 150.00, 1500, 150.00, 0x0000000000000004
2026/10/02 18:20:22.703, 0, 102.77, 66, 8, 150.00, 1050, 150.00, 0x0000000000000000
2026/10/02 18:20:22.904, 0, 109.59, 66, 42, 150.00, 1515, 150.00, 0x0000000000000004
2026/10/02 18:20:23.104, 0, 106.18, 65, 4, 150.00, 1635, 150.00, 0x0000000000000000
2026/10/02 18:20:23.305, 0, 106.10, 65, 0, 150.00, 1620, 150.00, 0x0000000000000004
2026/10/02 18:20:23.505, 0, 96.65, 65, 0, 150.00, 1635, 150.00, 0x0000000000000000
2026/10/02 18:20:23.706, 0, 98.27, 65, 11, 150.00, 1635, 150.00, 0x0000000000000004
2026/10/02 18:20:23.907, 0, 89.73, 65, 4, 150.00, 1635, 150.00, 0x0000000000000004
2026/10/02 18:20:24.107, 0, 91.47, 66, 0, 150.00, 795, 150.00, 0x0000000000000004
2026/10/02 18:20:24.308, 0, 99.01, 66, 100, 150.00, 1665, 150.00, 0x0000000000000004
2026/10/02 18:20:24.508, 0, 96.72, 65, 0, 150.00, 1680, 150.00, 0x0000000000000004
2026/10/02 18:20:24.709, 0, 86.84, 65, 0, 150.00, 1695, 150.00, 0x0000000000000000
2026/10/02 18:20:24.909, 0, 81.97, 65, 0, 150.00, 1695, 150.00, 0x0000000000000000
2026/10/02 18:20:25.110, 0, 88.48, 65, 5, 150.00, 1650, 150.00, 0x0000000000000004
2026/10/02 18:20:25.310, 0, 78.35, 65, 0, 150.00, 1560, 150.00, 0x0000000000000004
2026/10/02 18:20:25.511, 0, 79.07, 65, 0, 150.00, 1680, 150.00, 0x0000000000000004
2026/10/02 18:20:25.711, 0, 79.77, 64, 0, 150.00, 1245, 150.00, 0x0000000000000004
2026/10/02 18:20:25.912, 0, 92.47, 66, 58, 150.00, 1575, 150.00, 0x0000000000000004
2026/10/02 18:20:26.112, 0, 93.35, 66, 0, 150.00, 1500, 150.00, 0x0000000000000004
2026/10/02 18:20:26.313, 0, 94.28, 65, 8, 150.00, 1680, 150.00, 0x0000000000000004
2026/10/02 18:20:26.513, 0, 113.45, 66, 21, 150.00, 1365, 150.00, 0x0000000000000004
2026/10/02 18:20:26.714, 0, 126.91, 66, 26, 150.00, 1500, 150.00, 0x0000000000000004
2026/10/02 18:20:26.914, 0, 113.42, 65, 6, 150.00, 1650, 150.00, 0x0000000000000004
2026/10/02 18:20:27.115, 0, 118.54, 66, 0, 150.00, 1455, 150.00, 0x0000000000000004
2026/10/02 18:20:27.315, 0, 108.83, 65, 13, 150.00, 1515, 150.00, 0x0000000000000000
2026/10/02 18:20:27.516, 0, 103.28, 65, 53, 150.00, 1665, 150.00, 0x0000000000000004
2026/10/02 18:20:27.716, 0, 95.13, 64, 0, 150.00, 1665, 150.00, 0x0000000000000000
2026/10/02 18:20:27.917, 0, 94.78, 66, 0, 150.00, 1485, 150.00, 0x0000000000000004
2026/10/02 18:20:28.118, 0, 95.50, 64, 11, 150.00, 1665, 150.00, 0x0000000000000000
2026/10/02 18:20:28.318, 0, 98.13, 65, 45, 150.00, 1665, 150.00, 0x0000000000000004
2026/10/02 18:20:28.519, 0, 90.95, 65, 0, 150.00, 1620, 150.00, 0x0000000000000004
2026/10/02 18:20:28.719, 0, 104.39, 66, 0, 150.00, 1125, 150.00, 0x0000000000000000
2026/10/02 18:20:28.919, 0, 117.84, 66, 40, 150.00, 1155, 150.00, 0x0000000000000000
2026/10/02 18:20:29.120, 0, 132.91, 65, 67, 150.00, 675, 150.00, 0x0000000000000004
2026/10/02 18:20:29.321, 0, 126.85, 65, 100, 150.00, 1665, 150.00, 0x0000000000000004
2026/10/02 18:20:29.521, 0, 121.62, 65, 0, 150.00, 1665, 150.00, 0x0000000000000000
2026/10/02 18:20:29.722, 0, 137.86, 66, 0, 150.00, 1155, 150.00, 0x0000000000000000
2026/10/02 18:20:29.922, 0, 122.02, 66, 39, 150.00, 795, 150.00, 0x0000000000000004
2026/10/02 18:20:30.123, 0, 105.57, 65, 90, 150.00, 1200, 150.00, 0x0000000000000004
2026/10/02 18:20:30.323, 0, 101.77, 65, 59, 150.00, 615, 150.00, 0x0000000000000004
2026/10/02 18:20:30.524, 0, 103.87, 65, 65, 150.00, 1605, 150.00, 0x0000000000000004
2026/10/02 18:20:30.724, 0, 103.32, 64, 0, 150.00, 1245, 150.00, 0x0000000000000000
2026/10/02 18:20:30.924, 0, 96.59, 65, 57, 150.00, 1605, 150.00, 0x0000000000000004
2026/10/02 18:20:31.125, 0, 84.38, 64, 0, 150.00, 1605, 150.00, 0x0000000000000000
2026/10/02 18:20:31.326, 0, 80.55, 66, 0, 150.00, 765, 150.00, 0x0000000000000004
2026/10/02 18:20:31.526, 0, 88.02, 65, 100, 150.00, 1380, 150.00, 0x0000000000000004
2026/10/02 18:20:31.726, 0, 94.93, 65, 55, 150.00, 675, 150.00, 0x0000000000000004
2026/10/02 18:20:31.927, 0, 92.83, 66, 61, 150.00, 1560, 150.00, 0x0000000000000004
2026/10/02 18:20:32.127, 0, 90.36, 65, 0, 150.00, 1605, 150.00, 0x0000000000000000
2026/10/02 18:20:32.328, 0, 110.55, 66, 40, 150.00, 795, 150.00, 0x0000000000000004
2026/10/02 18:20:32.528, 0, 101.32, 65, 87, 150.00, 1605, 150.00, 0x0000000000000000
2026/10/02 18:20:32.729, 0, 93.49, 64, 0, 150.00, 780, 150.00, 0x0000000000000004
2026/10/02 18:20:32.929, 0, 109.93, 66, 65, 150.00, 690, 150.00, 0x0000000000000004
2026/10/02 18:20:33.130, 0, 126.89, 66, 100, 150.00, 1485, 150.00, 0x0000000000000004
2026/10/02 18:20:33.330, 0, 109.28, 65, 13, 150.00, 1680, 150.00, 0x0000000000000004
2026/10/02 18:20:33.531, 0, 114.33, 66, 0, 150.00, 1320, 150.00, 0x0000000000000004
2026/10/02 18:20:33.731, 0, 114.24, 64, 26, 150.00, 1680, 150.00, 0x0000000000000004
2026/10/02 18:20:33.932, 0, 124.53, 65, 38, 150.00, 1680, 150.00, 0x0000000000000004
2026/10/02 18:20:34.132, 0, 114.29, 65, 10, 150.00, 1665, 150.00, 0x0000000000000004
2026/10/02 18:20:34.333, 0, 107.09, 64, 0, 150.00, 1680, 150.00, 0x0000000000000004
2026/10/02 18:20:34.533, 0, 107.16, 64, 0, 150.00, 840, 150.00, 0x0000000000000000
2026/10/02 18:20:34.734, 0, 95.42, 64, 64, 150.00, 1665, 150.00, 0x0000000000000004
2026/10/02 18:20:34.934, 0, 81.13, 64, 0, 150.00, 1665, 150.00, 0x0000000000000000
2026/10/02 18:20:35.135, 0, 71.16, 64, 0, 150.00, 1665, 150.00, 0x0000000000000000
2026/10/02 18:20:35.335, 0, 93.50, 65, 30, 150.00, 735, 150.00, 0x0000000000000004
2026/10/02 18:20:35.536, 0, 107.40, 66, 100, 150.00, 1140, 150.00, 0x0000000000000004
2026/10/02 18:20:35.736, 0, 104.76, 65, 59, 150.00, 1050, 150.00, 0x0000000000000004
2026/10/02 18:20:35.937, 0, 109.30, 65, 63, 150.00, 1155, 150.00, 0x0000000000000004
2026/10/02 18:20:36.137, 0, 121.97, 65, 59, 150.00, 1605, 150.00, 0x0000000000000004
2026/10/02 18:20:36.338, 0, 100.65, 64, 3, 150.00, 1665, 150.00, 0x0000000000000000
2026/10/02 18:20:36.538, 0, 90.70, 64, 0, 150.00, 1665, 150.00, 0x0000000000000000
2026/10/02 18:20:36.739, 0, 85.75, 64, 0, 150.00, 1665, 150.00, 0x0000000000000000
2026/10/02 18:20:36.939, 0, 82.11, 64, 0, 150.00, 1665, 150.00, 0x0000000000000000
2026/10/02 18:20:37.140, 0, 77.54, 64, 0, 150.00, 1665, 150.00, 0x0000000000000000
2026/10/02 18:20:37.340, 0, 77.54, 64, 0, 150.00, 1665, 150.00, 0x0000000000000000
2026/10/02 18:20:37.540, 0, 99.72, 63, 0, 150.00, 645, 150.00, 0x0000000000000004
2026/10/02 18:20:37.741, 0, 100.08, 64, 73, 150.00, 1665, 150.00, 0x0000000000000000
2026/10/02 18:20:37.941, 0, 100.02, 64, 0, 150.00, 1665, 150.00, 0x0000000000000000
2026/10/02 18:20:38.142, 0, 113.27, 64, 0, 150.00, 1260, 150.00, 0x0000000000000004
2026/10/02 18:20:38.342, 0, 105.79, 64, 51, 150.00, 720, 150.00, 0x0000000000000004
2026/10/02 18:20:38.543, 0, 105.03, 64, 99, 150.00, 1665, 150.00, 0x0000000000000000
2026/10/02 18:20:38.743, 0, 86.36, 64, 0, 150.00, 1665, 150.00, 0x0000000000000000
2026/10/02 18:20:38.944, 0, 86.63, 64, 0, 150.00, 1635, 150.00, 0x0000000000000000
2026/10/02 18:20:39.144, 0, 74.11, 63, 0, 150.00, 1635, 150.00, 0x0000000000000000
2026/10/02 18:20:39.345, 0, 73.83, 63, 0, 150.00, 1635, 150.00, 0x0000000000000000
2026/10/02 18:20:39.545, 0, 83.33, 63, 0, 150.00, 1005, 150.00, 0x0000000000000004
2026/10/02 18:20:39.746, 0, 81.74, 64, 66, 150.00, 1635, 150.00, 0x0000000000000000
2026/10/02 18:20:39.946, 0, 82.63, 63, 0, 150.00, 1635, 150.00, 0x0000000000000000
2026/10/02 18:20:40.147, 0, 81.19, 63, 0, 150.00, 1635, 150.00, 0x0000000000000000
2026/10/02 18:20:40.347, 0, 81.12, 63, 0, 150.00, 1635, 150.00, 0x0000000000000000
2026/10/02 18:20:40.547, 0, 79.91, 63, 0, 150.00, 1635, 150.00, 0x0000000000000000
2026/10/02 18:20:40.748, 0, 66.62, 63, 0, 150.00, 1635, 150.00, 0x0000000000000000
2026/10/02 18:20:40.948, 0, 66.62, 63, 0, 150.00, 1635, 150.00, 0x0000000000000000
2026/10/02 18:20:41.149, 0, 66.62, 63, 0, 150.00, 1635, 150.00, 0x0000000000000000
2026/10/02 18:20:41.349, 0, 119.51, 64, 100, 150.00, 795, 150.00, 0x0000000000000004
2026/10/02 18:20:41.550, 0, 127.09, 64, 48, 150.00, 1635, 150.00, 0x0000000000000000
2026/10/02 18:20:41.750, 0, 121.72, 63, 0, 150.00, 1635, 150.00, 0x0000000000000000
2026/10/02 18:20:41.951, 0, 113.25, 63, 0, 150.00, 1635, 150.00, 0x0000000000000000
2026/10/02 18:20:42.151, 0, 107.00, 63, 0, 150.00, 1635, 150.00, 0x0000000000000000
2026/10/02 18:20:42.352, 0, 78.87, 63, 0, 150.00, 1635, 150.00, 0x0000000000000000
2026/10/02 18:20:42.552, 0, 73.42, 63, 0, 150.00, 1635, 150.00, 0x0000000000000000
2026/10/02 18:20:42.753, 0, 94.03, 62, 0, 150.00, 1635, 150.00, 0x0000000000000000
2026/10/02 18:20:42.953, 0, 99.81, 63, 29, 150.00, 1620, 150.00, 0x0000000000000000
2026/10/02 18:20:43.154, 0, 114.70, 64, 17, 150.00, 1335, 150.00, 0x0000000000000004
2026/10/02 18:20:43.355, 0, 129.29, 65, 38, 150.00, 765, 150.00, 0x0000000000000004
2026/10/02 18:20:43.555, 0, 141.41, 65, 59, 150.00, 1575, 150.00, 0x0000000000000004
2026/10/02 18:20:43.756, 0, 129.59, 63, 0, 150.00, 1620, 150.00, 0x0000000000000000
2026/10/02 18:20:43.956, 0, 109.89, 63, 0, 150.00, 1620, 150.00, 0x0000000000000000
2026/10/02 18:20:44.157, 0, 110.43, 63, 0, 150.00, 1620, 150.00, 0x0000000000000000
2026/10/02 18:20:44.357, 0, 99.03, 63, 62, 150.00, 1620, 150.00, 0x0000000000000000
2026/10/02 18:20:44.558, 0, 76.55, 63, 0, 150.00, 1620, 150.00, 0x0000000000000000
2026/10/02 18:20:44.758, 0, 74.93, 63, 60, 150.00, 1620, 150.00, 0x0000000000000004
2026/10/02 18:20:44.959, 0, 74.87, 63, 0, 150.00, 1620, 150.00, 0x0000000000000000
2026/10/02 18:20:45.159, 0, 75.75, 62, 0, 150.00, 1620, 150.00, 0x0000000000000000
2026/10/02 18:20:45.360, 0, 82.44, 63, 49, 150.00, 1620, 150.00, 0x0000000000000000
2026/10/02 18:20:45.560, 0, 83.32, 63, 0, 150.00, 855, 150.00, 0x0000000000000004
2026/10/02 18:20:45.761, 0, 82.85, 63, 0, 150.00, 600, 150.00, 0x0000000000000004
2026/10/02 18:20:45.962, 0, 77.32, 63, 0, 150.00, 645, 150.00, 0x0000000000000004
2026/10/02 18:20:46.162, 0, 81.89, 63, 0, 150.00, 720, 150.00, 0x0000000000000004
2026/10/02 18:20:46.363, 0, 70.94, 63, 0, 150.00, 1620, 150.00, 0x0000000000000000
2026/10/02 18:20:46.563, 0, 76.55, 64, 64, 150.00, 1620, 150.00, 0x0000000000000004
2026/10/02 18:20:46.764, 0, 77.01, 63, 0, 150.00, 1620, 150.00, 0x0000000000000000
2026/10/02 18:20:46.964, 0, 75.00, 63, 63, 150.00, 1620, 150.00, 0x0000000000000000
2026/10/02 18:20:47.165, 0, 70.36, 63, 0, 150.00, 1620, 150.00, 0x0000000000000000
2026/10/02 18:20:47.365, 0, 70.58, 62, 0, 150.00, 615, 150.00, 0x0000000000000004
2026/10/02 18:20:47.566, 0, 78.46, 63, 6, 150.00, 1620, 150.00, 0x0000000000000000
2026/10/02 18:20:47.766, 0, 73.81, 62, 0, 150.00, 1125, 150.00, 0x0000000000000004
2026/10/02 18:20:47.967, 0, 94.35, 64, 100, 150.00, 810, 150.00, 0x0000000000000004
2026/10/02 18:20:48.167, 0, 101.46, 64, 67, 150.00, 1620, 150.00, 0x0000000000000000
2026/10/02 18:20:48.368, 0, 101.52, 63, 0, 150.00, 1620, 150.00, 0x0000000000000000
2026/10/02 18:20:48.568, 0, 107.75, 64, 38, 150.00, 825, 150.00, 0x0000000000000004
2026/10/02 18:20:48.769, 0, 118.58, 64, 90, 150.00, 1620, 150.00, 0x0000000000000000
2026/10/02 18:20:48.969, 0, 105.92, 63, 0, 150.00, 1680, 150.00, 0x0000000000000004
2026/10/02 18:20:49.170, 0, 97.85, 64, 77, 150.00, 795, 150.00, 0x0000000000000004
2026/10/02 18:20:49.371, 0, 105.88, 64, 35, 150.00, 1680, 150.00, 0x0000000000000004
2026/10/02 18:20:49.571, 0, 106.58, 63, 0, 150.00, 1680, 150.00, 0x0000000000000004
2026/10/02 18:20:49.772, 0, 84.90, 63, 0, 150.00, 1695, 150.00, 0x0000000000000000
2026/10/02 18:20:49.972, 0, 83.11, 63, 0, 150.00, 1695, 150.00, 0x0000000000000000
2026/10/02 18:20:50.173, 0, 83.54, 62, 0, 150.00, 1695, 150.00, 0x0000000000000000
2026/10/02 18:20:50.373, 0, 90.27, 64, 100, 150.00, 1035, 150.00, 0x0000000000000004
2026/10/02 18:20:50.574, 0, 101.03, 64, 28, 150.00, 1005, 150.00, 0x0000000000000004
2026/10/02 18:20:50.774, 0, 119.20, 65, 36, 150.00, 810, 150.00, 0x0000000000000004
2026/10/02 18:20:50.975, 0, 126.97, 63, 12, 150.00, 1350, 150.00, 0x0000000000000004
2026/10/02 18:20:51.175, 0, 142.28, 63, 27, 150.00, 1665, 150.00, 0x0000000000000000
2026/10/02 18:20:51.376, 0, 121.13, 63, 0, 150.00, 1665, 150.00, 0x0000000000000000
2026/10/02 18:20:51.576, 0, 102.90, 62, 0, 150.00, 1665, 150.00, 0x0000000000000000
2026/10/02 18:20:51.777, 0, 104.51, 62, 0, 150.00, 1665, 150.00, 0x0000000000000000
2026/10/02 18:20:51.977, 0, 81.74, 62, 0, 150.00, 1665, 150.00, 0x0000000000000000
2026/10/02 18:20:52.178, 0, 82.03, 62, 0, 150.00, 1665, 150.00, 0x0000000000000000
2026/10/02 18:20:52.378, 0, 90.39, 64, 88, 150.00, 1365, 150.00, 0x0000000000000004
2026/10/02 18:20:52.579, 0, 98.25, 63, 56, 150.00, 1665, 150.00, 0x0000000000000004
2026/10/02 18:20:52.780, 0, 98.25, 63, 0, 150.00, 1665, 150.00, 0x0000000000000000
2026/10/02 18:20:52.980, 0, 95.51, 62, 0, 150.00, 990, 150.00, 0x0000000000000004
2026/10/02 18:20:53.181, 0, 114.43, 64, 100, 150.00, 795, 150.00, 0x0000000000000004
2026/10/02 18:20:53.381, 0, 100.71, 63, 0, 150.00, 1650, 150.00, 0x0000000000000000
2026/10/02 18:20:53.582, 0, 92.21, 64, 78, 150.00, 1020, 150.00, 0x0000000000000004
2026/10/02 18:20:53.782, 0, 92.55, 63, 0, 150.00, 1650, 150.00, 0x0000000000000000
2026/10/02 18:20:53.983, 0, 94.84, 62, 0, 150.00, 1650, 150.00, 0x0000000000000000
2026/10/02 18:20:54.183, 0, 81.09, 62, 0, 150.00, 1650, 150.00, 0x0000000000000000
2026/10/02 18:20:54.384, 0, 72.87, 62, 0, 150.00, 1650, 150.00, 0x0000000000000000
2026/10/02 18:20:54.584, 0, 79.29, 64, 72, 150.00, 1215, 150.00, 0x0000000000000004
2026/10/02 18:20:54.785, 0, 72.11, 63, 0, 150.00, 1650, 150.00, 0x0000000000000000
2026/10/02 18:20:54.985, 0, 86.36, 64, 38, 150.00, 1545, 150.00, 0x0000000000000004
2026/10/02 18:20:55.186, 0, 87.70, 62, 0, 150.00, 1650, 150.00, 0x0000000000000000
2026/10/02 18:20:55.386, 0, 87.71, 62, 0, 150.00, 1650, 150.00, 0x0000000000000000
2026/10/02 18:20:55.587, 0, 85.82, 62, 0, 150.00, 1650, 150.00, 0x0000000000000000
2026/10/02 18:20:55.787, 0, 91.86, 63, 45, 150.00, 1035, 150.00, 0x0000000000000004
2026/10/02 18:20:55.988, 0, 111.06, 64, 73, 150.00, 1605, 150.00, 0x0000000000000004
2026/10/02 18:20:56.188, 0, 114.67, 63, 52, 150.00, 1185, 150.00, 0x0000000000000004
2026/10/02 18:20:56.389, 0, 113.68, 63, 0, 150.00, 840, 150.00, 0x0000000000000004
2026/10/02 18:20:56.589, 0, 134.20, 64, 96, 150.00, 1635, 150.00, 0x0000000000000004
2026/10/02 18:20:56.790, 0, 128.07, 63, 0, 150.00, 1650, 150.00, 0x0000000000000000
2026/10/02 18:20:56.990, 0, 100.49, 62, 0, 150.00, 1650, 150.00, 0x0000000000000000
2026/10/02 18:20:57.191, 0, 85.78, 62, 0, 150.00, 1650, 150.00, 0x0000000000000000
2026/10/02 18:20:57.391, 0, 80.96, 62, 0, 150.00, 1035, 150.00, 0x0000000000000004
2026/10/02 18:20:57.592, 0, 82.23, 62, 19, 150.00, 1635, 150.00, 0x0000000000000000
2026/10/02 18:20:57.792, 0, 77.55, 62, 0, 150.00, 1635, 150.00, 0x0000000000000000
2026/10/02 18:20:57.993, 0, 77.36, 62, 0, 150.00, 1635, 150.00, 0x0000000000000000
2026/10/02 18:20:58.193, 0, 77.20, 62, 0, 150.00, 1635, 150.00, 0x0000000000000000
2026/10/02 18:20:58.394, 0, 77.10, 62, 59, 150.00, 1635, 150.00, 0x0000000000000000
2026/10/02 18:20:58.594, 0, 64.71, 62, 0, 150.00, 1635, 150.00, 0x0000000000000000
2026/10/02 18:20:58.795, 0, 71.61, 62, 55, 150.00, 1635, 150.00, 0x0000000000000000
2026/10/02 18:20:58.995, 0, 72.15, 62, 0, 150.00, 1635, 150.00, 0x0000000000000000
2026/10/02 18:20:59.196, 0, 71.56, 62, 0, 150.00, 1635, 150.00, 0x0000000000000000
2026/10/02 18:20:59.396, 0, 71.62, 62, 0, 150.00, 1635, 150.00, 0x0000000000000000
2026/10/02 18:20:59.597, 0, 72.47, 61, 0, 150.00, 735, 150.00, 0x0000000000000004
2026/10/02 18:20:59.797, 0, 81.09, 62, 12, 150.00, 1185, 150.00, 0x0000000000000004
2026/10/02 18:20:59.998, 0, 81.44, 63, 62, 150.00, 690, 150.00, 0x0000000000000004
2026/10/02 18:21:00.198, 0, 84.53, 64, 0, 150.00, 1065, 150.00, 0x0000000000000004
2026/10/02 18:21:00.399, 0, 93.38, 63, 52, 150.00, 1635, 150.00, 0x0000000000000000
2026/10/02 18:21:00.599, 0, 93.54, 62, 0, 150.00, 1635, 150.00, 0x0000000000000000
2026/10/02 18:21:00.800, 0, 81.99, 62, 0, 150.00, 1635, 150.00, 0x0000000000000000
2026/10/02 18:21:01.000, 0, 86.15, 63, 50, 150.00, 1590, 150.00, 0x0000000000000004
2026/10/02 18:21:01.201, 0, 84.07, 62, 0, 150.00, 1635, 150.00, 0x0000000000000000
2026/10/02 18:21:01.401, 0, 75.14, 62, 0, 150.00, 1605, 150.00, 0x0000000000000000
2026/10/02 18:21:01.602, 0, 75.67, 61, 0, 150.00, 1605, 150.00, 0x0000000000000000
2026/10/02 18:21:01.802, 0, 91.74, 63, 38, 150.00, 825, 150.00, 0x0000000000000004
2026/10/02 18:21:02.002, 0, 97.45, 62, 8, 150.00, 1605, 150.00, 0x0000000000000000
2026/10/02 18:21:02.203, 0, 86.89, 62, 0, 150.00, 660, 150.00, 0x0000000000000004
2026/10/02 18:21:02.403, 0, 87.84, 62, 0, 150.00, 690, 150.00, 0x0000000000000004
2026/10/02 18:21:02.604, 0, 90.41, 62, 0, 150.00, 690, 150.00, 0x0000000000000004
2026/10/02 18:21:02.804, 0, 94.62, 63, 0, 150.00, 1605, 150.00, 0x0000000000000000
2026/10/02 18:21:03.005, 0, 72.16, 62, 0, 150.00, 1605, 150.00, 0x0000000000000000
2026/10/02 18:21:03.205, 0, 72.24, 62, 48, 150.00, 1005, 150.00, 0x0000000000000004
2026/10/02 18:21:03.406, 0, 82.21, 62, 0, 150.00, 1605, 150.00, 0x0000000000000000
2026/10/02 18:21:03.606, 0, 81.33, 62, 0, 150.00, 1605, 150.00, 0x0000000000000000
2026/10/02 18:21:03.807, 0, 84.92, 63, 13, 150.00, 1575, 150.00, 0x0000000000000004
2026/10/02 18:21:04.007, 0, 85.39, 62, 0, 150.00, 1605, 150.00, 0x0000000000000000
2026/10/02 18:21:04.208, 0, 87.44, 61, 0, 150.00, 1605, 150.00, 0x0000000000000000
2026/10/02 18:21:04.408, 0, 73.86, 61, 0, 150.00, 1605, 150.00, 0x0000000000000000
2026/10/02 18:21:04.609, 0, 80.52, 62, 100, 150.00, 765, 150.00, 0x0000000000000004
2026/10/02 18:21:04.809, 0, 88.19, 62, 60, 150.00, 885, 150.00, 0x0000000000000004
2026/10/02 18:21:05.010, 0, 89.41, 64, 100, 150.00, 780, 150.00, 0x0000000000000004
2026/10/02 18:21:05.210, 0, 96.88, 63, 12, 150.00, 1605, 150.00, 0x0000000000000000
2026/10/02 18:21:05.411, 0, 112.42, 62, 0, 150.00, 1605, 150.00, 0x0000000000000000
2026/10/02 18:21:05.611, 0, 105.47, 62, 0, 150.00, 1590, 150.00, 0x0000000000000000
2026/10/02 18:21:05.812, 0, 95.28, 62, 95, 150.00, 870, 150.00, 0x0000000000000004
2026/10/02 18:21:06.012, 0, 103.89, 62, 57, 150.00, 750, 150.00, 0x0000000000000004
2026/10/02 18:21:06.213, 0, 92.91, 63, 61, 150.00, 690, 150.00, 0x0000000000000004
2026/10/02 18:21:06.413, 0, 81.59, 62, 0, 150.00, 1590, 150.00, 0x0000000000000000
2026/10/02 18:21:06.613, 0, 82.23, 62, 59, 150.00, 855, 150.00, 0x0000000000000004
2026/10/02 18:21:06.814, 0, 96.07, 64, 44, 150.00, 1350, 150.00, 0x0000000000000004
2026/10/02 18:21:07.014, 0, 84.15, 62, 0, 150.00, 1590, 150.00, 0x0000000000000000
2026/10/02 18:21:07.215, 0, 75.50, 61, 42, 150.00, 1140, 150.00, 0x0000000000000004
2026/10/02 18:21:07.415, 0, 87.99, 62, 0, 150.00, 1590, 150.00, 0x0000000000000000
2026/10/02 18:21:07.616, 0, 64.69, 61, 0, 146.00, 1590, 146.00, 0x0000000000000000
2026/10/02 18:21:07.816, 0, 99.53, 63, 66, 146.00, 885, 146.00, 0x0000000000000004
2026/10/02 18:21:08.017, 0, 103.88, 63, 50, 146.00, 1170, 146.00, 0x0000000000000004
2026/10/02 18:21:08.217, 0, 90.36, 62, 0, 146.00, 1590, 146.00, 0x0000000000000000
2026/10/02 18:21:08.417, 0, 83.60, 61, 0, 146.00, 1590, 146.00, 0x0000000000000000
2026/10/02 18:21:08.618, 0, 79.44, 61, 0, 146.00, 1590, 146.00, 0x0000000000000000
2026/10/02 18:21:08.818, 0, 73.58, 61, 64, 146.00, 585, 146.00, 0x0000000000000004
2026/10/02 18:21:09.019, 0, 64.93, 62, 0, 146.00, 1590, 146.00, 0x0000000000000000
2026/10/02 18:21:09.219, 0, 76.90, 63, 18, 146.00, 1515, 146.00, 0x0000000000000004
2026/10/02 18:21:09.420, 0, 91.71, 63, 84, 146.00, 975, 146.00, 0x0000000000000004
2026/10/02 18:21:09.620, 0, 91.10, 62, 0, 146.00, 1590, 146.00, 0x0000000000000000
2026/10/02 18:21:09.821, 0, 104.69, 63, 37, 146.00, 1350, 146.00, 0x0000000000000004
2026/10/02 18:21:10.021, 0, 112.26, 63, 48, 146.00, 1185, 146.00, 0x0000000000000004
2026/10/02 18:21:10.222, 0, 100.61, 62, 0, 146.00, 1575, 146.00, 0x0000000000000000
2026/10/02 18:21:10.422, 0, 94.02, 61, 0, 146.00, 1575, 146.00, 0x0000000000000000
2026/10/02 18:21:10.623, 0, 86.68, 61, 63, 146.00, 660, 146.00, 0x0000000000000004
2026/10/02 18:21:10.823, 0, 72.32, 61, 0, 146.00, 1575, 146.00, 0x0000000000000000
2026/10/02 18:21:11.024, 0, 63.27, 62, 62, 146.00, 645, 146.00, 0x0000000000000004
2026/10/02 18:21:11.224, 0, 77.44, 61, 22, 146.00, 1575, 146.00, 0x0000000000000000
2026/10/02 18:21:11.424, 0, 99.48, 63, 85, 146.00, 945, 146.00, 0x0000000000000004
2026/10/02 18:21:11.625, 0, 110.10, 62, 16, 146.00, 1575, 146.00, 0x0000000000000000
2026/10/02 18:21:11.825, 0, 163.10, 63, 86, 143.00, 765, 143.00, 0x0000000000000004
2026/10/02 18:21:12.026, 0, 112.15, 62, 8, 143.00, 1575, 143.00, 0x0000000000000000
2026/10/02 18:21:12.226, 0, 85.20, 62, 0, 143.00, 1575, 143.00, 0x0000000000000000
2026/10/02 18:21:12.427, 0, 97.26, 63, 54, 143.00, 1170, 143.00, 0x0000000000000004
2026/10/02 18:21:12.627, 0, 88.63, 62, 0, 143.00, 1575, 143.00, 0x0000000000000000
2026/10/02 18:21:12.828, 0, 83.45, 61, 0, 143.00, 1575, 143.00, 0x0000000000000000
2026/10/02 18:21:13.028, 0, 81.75, 61, 0, 143.00, 1575, 143.00, 0x0000000000000000
2026/10/02 18:21:13.229, 0, 73.27, 61, 0, 143.00, 1575, 143.00, 0x0000000000000000
2026/10/02 18:21:13.430, 0, 83.36, 63, 100, 143.00, 750, 143.00, 0x0000000000000004
2026/10/02 18:21:13.630, 0, 100.69, 62, 16, 143.00, 1575, 143.00, 0x0000000000000000
2026/10/02 18:21:13.830, 0, 102.00, 62, 69, 143.00, 600, 143.00, 0x0000000000000004
2026/10/02 18:21:14.031, 0, 101.96, 62, 0, 143.00, 1560, 143.00, 0x0000000000000000
2026/10/02 18:21:14.231, 0, 111.42, 62, 100, 143.00, 705, 143.00, 0x0000000000000004
2026/10/02 18:21:14.432, 0, 104.59, 63, 100, 143.00, 750, 143.00, 0x0000000000000004
2026/10/02 18:21:14.633, 0, 115.82, 64, 100, 143.00, 735, 143.00, 0x0000000000000004
2026/10/02 18:21:14.833, 0, 110.69, 64, 7, 143.00, 1560, 143.00, 0x0000000000000000
2026/10/02 18:21:15.034, 0, 125.17, 62, 47, 143.00, 960, 143.00, 0x0000000000000004
2026/10/02 18:21:15.234, 0, 117.84, 62, 0, 143.00, 1560, 143.00, 0x0000000000000000
2026/10/02 18:21:15.435, 0, 103.14, 62, 0, 143.00, 1560, 143.00, 0x0000000000000000
2026/10/02 18:21:15.635, 0, 87.60, 61, 0, 143.00, 1560, 143.00, 0x0000000000000000
2026/10/02 18:21:15.836, 0, 86.92, 63, 100, 143.00, 750, 143.00, 0x0000000000000004
2026/10/02 18:21:16.036, 0, 59.31, 62, 51, 150.00, 1245, 150.00, 0x0000000000000004
2026/10/02 18:21:16.237, 0, 109.44, 63, 2, 150.00, 1650, 150.00, 0x0000000000000004
2026/10/02 18:21:16.437, 0, 115.29, 64, 86, 150.00, 1065, 150.00, 0x0000000000000004
2026/10/02 18:21:16.638, 0, 97.73, 62, 63, 150.00, 1290, 150.00, 0x0000000000000004
2026/10/02 18:21:16.838, 0, 101.32, 62, 57, 150.00, 660, 150.00, 0x0000000000000004
2026/10/02 18:21:17.039, 0, 97.44, 62, 61, 150.00, 825, 150.00, 0x0000000000000004
2026/10/02 18:21:17.239, 0, 86.71, 62, 0, 150.00, 1680, 150.00, 0x0000000000000004
2026/10/02 18:21:17.440, 0, 77.48, 63, 0, 150.00, 1680, 150.00, 0x0000000000000004
2026/10/02 18:21:17.640, 0, 76.53, 62, 0, 150.00, 1680, 150.00, 0x0000000000000004
2026/10/02 18:21:17.841, 0, 89.16, 63, 53, 150.00, 660, 150.00, 0x0000000000000004
2026/10/02 18:21:18.041, 0, 107.28, 64, 58, 105.00, 660, 150.00, 0x0000000000000004
2026/10/02 18:21:18.242, 0, 104.40, 63, 100, 105.00, 375, 105.00, 0x0000000000000004
2026/10/02 18:21:18.443, 0, 90.32, 63, 77, 105.00, 690, 105.00, 0x0000000000000004
2026/10/02 18:21:18.643, 0, 85.41, 62, 51, 105.00, 300, 105.00, 0x0000000000000004
2026/10/02 18:21:18.844, 0, 90.56, 62, 80, 105.00, 375, 105.00, 0x0000000000000004
2026/10/02 18:21:19.045, 0, 82.50, 62, 0, 105.00, 690, 105.00, 0x0000000000000000
2026/10/02 18:21:19.245, 0, 82.05, 61, 20, 105.00, 465, 105.00, 0x0000000000000000
2026/10/02 18:21:19.446, 0, 82.05, 62, 100, 105.00, 375, 105.00, 0x0000000000000004
2026/10/02 18:21:19.647, 0, 90.97, 62, 100, 105.00, 375, 105.00, 0x0000000000000004
2026/10/02 18:21:19.847, 0, 90.61, 63, 100, 105.00, 375, 105.00, 0x0000000000000004
2026/10/02 18:21:20.048, 0, 94.93, 63, 100, 105.00, 375, 105.00, 0x0000000000000004
2026/10/02 18:21:20.249, 0, 104.96, 63, 100, 150.00, 390, 150.00, 0x0000000000000004
2026/10/02 18:21:20.449, 0, 151.52, 64, 100, 150.00, 780, 150.00, 0x0000000000000004
2026/10/02 18:21:20.650, 0, 129.12, 64, 18, 150.00, 1620, 150.00, 0x0000000000000004
2026/10/02 18:21:20.850, 0, 109.07, 62, 0, 150.00, 1680, 150.00, 0x0000000000000004
2026/10/02 18:21:21.051, 0, 99.07, 62, 0, 150.00, 1695, 150.00, 0x0000000000000000
2026/10/02 18:21:21.251, 0, 109.60, 62, 42, 150.00, 645, 150.00, 0x0000000000000004
2026/10/02 18:21:21.452, 0, 95.03, 63, 56, 150.00, 1680, 150.00, 0x0000000000000004
2026/10/02 18:21:21.653, 0, 96.56, 62, 0, 150.00, 660, 150.00, 0x0000000000000004
2026/10/02 18:21:21.854, 0, 108.57, 64, 21, 150.00, 1515, 150.00, 0x0000000000000004
2026/10/02 18:21:22.054, 0, 124.41, 64, 93, 150.00, 795, 150.00, 0x0000000000000004
2026/10/02 18:21:22.255, 0, 111.54, 64, 100, 150.00, 1635, 150.00, 0x0000000000000004
2026/10/02 18:21:22.456, 0, 109.74, 62, 0, 150.00, 1680, 150.00, 0x0000000000000004
2026/10/02 18:21:22.656, 0, 120.55, 64, 51, 150.00, 1620, 150.00, 0x0000000000000004
2026/10/02 18:21:22.857, 0, 107.64, 62, 0, 150.00, 675, 150.00, 0x0000000000000004
2026/10/02 18:21:23.057, 0, 101.72, 62, 0, 150.00, 1680, 150.00, 0x0000000000000004
2026/10/02 18:21:23.258, 0, 86.06, 62, 0, 150.00, 1680, 150.00, 0x0000000000000004
2026/10/02 18:21:23.458, 0, 86.67, 62, 0, 150.00, 1695, 150.00, 0x0000000000000000
2026/10/02 18:21:23.659, 0, 75.38, 62, 0, 150.00, 1695, 150.00, 0x0000000000000000
2026/10/02 18:21:23.859, 0, 99.43, 63, 40, 150.00, 810, 150.00, 0x0000000000000004
2026/10/02 18:21:24.060, 0, 107.66, 64, 100, 150.00, 810, 150.00, 0x0000000000000004
2026/10/02 18:21:24.261, 0, 124.69, 64, 77, 150.00, 1560, 150.00, 0x0000000000000004
2026/10/02 18:21:24.461, 0, 48.71, 62, 0, 105.00, 885, 105.00, 0x0000000000000000
2026/10/02 18:21:24.662, 0, 66.87, 62, 93, 105.00, 885, 105.00, 0x0000000000000004
2026/10/02 18:21:24.862, 0, 72.26, 61, 0, 105.00, 270, 105.00, 0x0000000000000004
2026/10/02 18:21:25.063, 0, 81.49, 62, 100, 105.00, 375, 105.00, 0x0000000000000004
2026/10/02 18:21:25.264, 0, 74.66, 62, 64, 105.00, 885, 105.00, 0x0000000000000000
2026/10/02 18:21:25.465, 0, 69.85, 61, 0, 105.00, 885, 105.00, 0x0000000000000000
2026/10/02 18:21:25.665, 0, 64.96, 61, 0, 105.00, 885, 105.00, 0x0000000000000000
2026/10/02 18:21:25.866, 0, 69.62, 61, 0, 105.00, 390, 105.00, 0x0000000000000004
2026/10/02 18:21:26.067, 0, 68.82, 62, 100, 105.00, 375, 105.00, 0x0000000000000004
2026/10/02 18:21:26.267, 0, 73.54, 62, 100, 105.00, 375, 105.00, 0x0000000000000004
2026/10/02 18:21:26.468, 0, 50.02, 62, 100, 150.00, 705, 150.00, 0x0000000000000004
2026/10/02 18:21:26.668, 0, 126.61, 62, 0, 150.00, 585, 150.00, 0x0000000000000004
2026/10/02 18:21:26.869, 0, 114.20, 62, 10, 150.00, 765, 150.00, 0x0000000000000004
2026/10/02 18:21:27.070, 0, 96.66, 62, 49, 150.00, 1680, 150.00, 0x0000000000000004
2026/10/02 18:21:27.270, 0, 97.12, 63, 91, 150.00, 1395, 150.00, 0x0000000000000004
2026/10/02 18:21:27.470, 0, 91.20, 62, 0, 150.00, 1680, 150.00, 0x0000000000000004
2026/10/02 18:21:27.671, 0, 89.09, 62, 0, 150.00, 1695, 150.00, 0x0000000000000000
2026/10/02 18:21:27.871, 0, 79.13, 62, 0, 150.00, 1695, 150.00, 0x0000000000000000
2026/10/02 18:21:28.072, 0, 73.64, 61, 0, 150.00, 1695, 150.00, 0x0000000000000000
2026/10/02 18:21:28.272, 0, 82.07, 63, 34, 150.00, 1575, 150.00, 0x0000000000000004
2026/10/02 18:21:28.473, 0, 98.24, 63, 59, 150.00, 795, 150.00, 0x0000000000000004
2026/10/02 18:21:28.673, 0, 48.42, 62, 0, 105.00, 780, 105.00, 0x0000000000000000
2026/10/02 18:21:28.874, 0, 48.19, 61, 0, 105.00, 780, 105.00, 0x0000000000000000
2026/10/02 18:21:29.075, 0, 48.09, 60, 0, 105.00, 780, 105.00, 0x0000000000000000
2026/10/02 18:21:29.275, 0, 48.04, 60, 0, 105.00, 780, 105.00, 0x0000000000000000
2026/10/02 18:21:29.476, 0, 48.03, 60, 0, 105.00, 780, 105.00, 0x0000000000000000
2026/10/02 18:21:29.677, 0, 58.25, 61, 100, 105.00, 375, 105.00, 0x0000000000000004
2026/10/02 18:21:29.877, 0, 62.48, 62, 100, 105.00, 780, 105.00, 0x0000000000000000
2026/10/02 18:21:30.078, 0, 72.56, 62, 100, 105.00, 375, 105.00, 0x0000000000000004
2026/10/02 18:21:30.279, 0, 82.84, 62, 100, 105.00, 375, 105.00, 0x0000000000000004
2026/10/02 18:21:30.479, 0, 93.08, 62, 100, 105.00, 375, 105.00, 0x0000000000000004
2026/10/02 18:21:30.680, 0, 97.09, 61, 55, 105.00, 210, 105.00, 0x0000000000000000
2026/10/02 18:21:30.881, 0, 102.91, 62, 100, 105.00, 375, 105.00, 0x0000000000000004
2026/10/02 18:21:31.081, 0, 103.18, 62, 100, 105.00, 375, 105.00, 0x0000000000000004
2026/10/02 18:21:31.282, 0, 103.14, 62, 100, 105.00, 375, 105.00, 0x0000000000000004
2026/10/02 18:21:31.483, 0, 103.22, 62, 100, 105.00, 375, 105.00, 0x0000000000000004
2026/10/02 18:21:31.684, 0, 108.20, 62, 100, 105.00, 375, 105.00, 0x0000000000000004
2026/10/02 18:21:31.884, 0, 99.65, 62, 100, 105.00, 780, 105.00, 0x0000000000000000
2026/10/02 18:21:32.085, 0, 95.66, 61, 0, 105.00, 645, 105.00, 0x0000000000000000
2026/10/02 18:21:32.286, 0, 91.66, 62, 100, 105.00, 780, 105.00, 0x0000000000000000
2026/10/02 18:21:32.486, 0, 81.37, 60, 0, 105.00, 780, 105.00, 0x0000000000000000
2026/10/02 18:21:32.687, 0, 71.01, 60, 0, 105.00, 780, 105.00, 0x0000000000000000
2026/10/02 18:21:32.887, 0, 74.15, 61, 31, 105.00, 390, 105.00, 0x0000000000000004
2026/10/02 18:21:33.088, 0, 74.03, 60, 13, 105.00, 780, 105.00, 0x0000000000000000
2026/10/02 18:21:33.289, 0, 68.27, 61, 0, 105.00, 390, 105.00, 0x0000000000000004
2026/10/02 18:21:33.489, 0, 73.66, 61, 44, 105.00, 390, 105.00, 0x0000000000000004
2026/10/02 18:21:33.690, 0, 81.67, 61, 100, 105.00, 375, 105.00, 0x0000000000000004
2026/10/02 18:21:33.891, 0, 73.53, 61, 29, 105.00, 780, 105.00, 0x0000000000000000
2026/10/02 18:21:34.091, 0, 68.25, 60, 0, 105.00, 780, 105.00, 0x0000000000000000
2026/10/02 18:21:34.292, 0, 73.16, 60, 0, 105.00, 390, 105.00, 0x0000000000000004
2026/10/02 18:21:34.492, 0, 73.98, 60, 53, 105.00, 780, 105.00, 0x0000000000000000
2026/10/02 18:21:34.694, 0, 69.19, 61, 100, 105.00, 780, 105.00, 0x0000000000000000
2026/10/02 18:21:34.894, 0, 67.30, 60, 0, 150.00, 1695, 150.00, 0x0000000000000000
2026/10/02 18:21:35.095, 0, 67.44, 60, 0, 150.00, 1695, 150.00, 0x0000000000000000
2026/10/02 18:21:35.295, 0, 67.62, 60, 0, 150.00, 1695, 150.00, 0x0000000000000000
2026/10/02 18:21:35.496, 0, 89.29, 60, 0, 150.00, 630, 150.00, 0x0000000000000004
2026/10/02 18:21:35.696, 0, 96.32, 62, 67, 150.00, 1635, 150.00, 0x0000000000000004
2026/10/02 18:21:35.897, 0, 97.68, 62, 11, 150.00, 1440, 150.00, 0x0000000000000004
2026/10/02 18:21:36.097, 0, 104.41, 62, 62, 150.00, 1650, 150.00, 0x0000000000000004
2026/10/02 18:21:36.298, 0, 101.00, 61, 0, 150.00, 1680, 150.00, 0x0000000000000004
2026/10/02 18:21:36.498, 0, 109.38, 62, 59, 150.00, 1635, 150.00, 0x0000000000000004
2026/10/02 18:21:36.699, 0, 103.87, 61, 0, 150.00, 930, 150.00, 0x0000000000000004
2026/10/02 18:21:36.899, 0, 103.94, 62, 96, 105.00, 1635, 150.00, 0x0000000000000004
2026/10/02 18:21:37.100, 0, 106.01, 61, 22, 105.00, 390, 105.00, 0x0000000000000004
2026/10/02 18:21:37.301, 0, 102.58, 61, 79, 105.00, 375, 105.00, 0x0000000000000004
2026/10/02 18:21:37.501, 0, 103.52, 62, 100, 105.00, 375, 105.00, 0x0000000000000004
2026/10/02 18:21:37.702, 0, 95.81, 62, 100, 105.00, 870, 105.00, 0x0000000000000000
2026/10/02 18:21:37.903, 0, 85.20, 60, 0, 105.00, 870, 105.00, 0x0000000000000000
2026/10/02 18:21:38.103, 0, 78.40, 60, 0, 105.00, 870, 105.00, 0x0000000000000000
2026/10/02 18:21:38.304, 0, 68.58, 60, 0, 105.00, 870, 105.00, 0x0000000000000000
2026/10/02 18:21:38.505, 0, 58.13, 59, 0, 105.00, 870, 105.00, 0x0000000000000000
2026/10/02 18:21:38.705, 0, 55.76, 59, 0, 105.00, 240, 105.00, 0x0000000000000004
2026/10/02 18:21:38.906, 0, 60.18, 60, 95, 105.00, 870, 105.00, 0x0000000000000000
2026/10/02 18:21:39.107, 0, 64.97, 60, 0, 105.00, 390, 105.00, 0x0000000000000004
2026/10/02 18:21:39.307, 0, 65.13, 60, 48, 105.00, 915, 105.00, 0x0000000000000000
2026/10/02 18:21:39.508, 0, 65.15, 59, 0, 105.00, 915, 105.00, 0x0000000000000000
2026/10/02 18:21:39.708, 0, 65.15, 59, 0, 105.00, 915, 105.00, 0x0000000000000000
2026/10/02 18:21:39.909, 0, 52.71, 59, 0, 105.00, 915, 105.00, 0x0000000000000000
2026/10/02 18:21:40.110, 0, 57.27, 59, 0, 105.00, 330, 105.00, 0x0000000000000004
2026/10/02 18:21:40.310, 0, 53.37, 60, 75, 105.00, 915, 105.00, 0x0000000000000000
2026/10/02 18:21:40.511, 0, 53.32, 59, 0, 105.00, 915, 105.00, 0x0000000000000000
2026/10/02 18:21:40.712, 0, 53.29, 59, 0, 105.00, 915, 105.00, 0x0000000000000000
2026/10/02 18:21:40.912, 0, 63.22, 60, 69, 105.00, 390, 105.00, 0x0000000000000004
2026/10/02 18:21:41.113, 0, 68.50, 60, 100, 150.00, 915, 105.00, 0x0000000000000000
2026/10/02 18:21:41.314, 0, 67.05, 60, 0, 150.00, 1695, 150.00, 0x0000000000000000
2026/10/02 18:21:41.514, 0, 67.24, 60, 0, 150.00, 1695, 150.00, 0x0000000000000000
2026/10/02 18:21:41.715, 0, 86.45, 59, 0, 150.00, 660, 150.00, 0x0000000000000004
2026/10/02 18:21:41.915, 0, 90.86, 60, 0, 150.00, 675, 150.00, 0x0000000000000004
2026/10/02 18:21:42.116, 0, 85.09, 60, 0, 150.00, 1680, 150.00, 0x0000000000000004
2026/10/02 18:21:42.316, 0, 81.71, 60, 0, 150.00, 1680, 150.00, 0x0000000000000004
2026/10/02 18:21:42.517, 0, 81.70, 60, 0, 150.00, 1695, 150.00, 0x0000000000000000
2026/10/02 18:21:42.717, 0, 81.67, 60, 0, 150.00, 1695, 150.00, 0x0000000000000000
2026/10/02 18:21:42.918, 0, 77.09, 61, 74, 150.00, 1350, 150.00, 0x0000000000000004
2026/10/02 18:21:43.118, 0, 70.54, 60, 0, 150.00, 1680, 150.00, 0x0000000000000004
2026/10/02 18:21:43.319, 0, 70.53, 60, 0, 150.00, 1665, 150.00, 0x0000000000000000
2026/10/02 18:21:43.519, 0, 75.33, 61, 9, 150.00, 1365, 150.00, 0x0000000000000004
2026/10/02 18:21:43.720, 0, 86.32, 61, 61, 150.00, 735, 150.00, 0x0000000000000004
2026/10/02 18:21:43.920, 0, 81.11, 61, 69, 150.00, 1665, 150.00, 0x0000000000000004
2026/10/02 18:21:44.121, 0, 81.89, 60, 0, 150.00, 1665, 150.00, 0x0000000000000000
2026/10/02 18:21:44.321, 0, 81.54, 60, 0, 150.00, 1665, 150.00, 0x0000000000000000
2026/10/02 18:21:44.522, 0, 75.19, 60, 0, 150.00, 1170, 150.00, 0x0000000000000004
2026/10/02 18:21:44.722, 0, 99.13, 61, 43, 150.00, 885, 150.00, 0x0000000000000004
2026/10/02 18:21:44.923, 0, 106.69, 61, 18, 150.00, 915, 150.00, 0x0000000000000000
2026/10/02 18:21:45.123, 0, 114.76, 62, 83, 150.00, 1620, 150.00, 0x0000000000000004
2026/10/02 18:21:45.324, 0, 114.89, 60, 0, 150.00, 1665, 150.00, 0x0000000000000000
2026/10/02 18:21:45.524, 0, 114.92, 60, 0, 150.00, 1665, 150.00, 0x0000000000000000
2026/10/02 18:21:45.725, 0, 115.40, 60, 0, 150.00, 1095, 150.00, 0x0000000000000000
2026/10/02 18:21:45.925, 0, 118.67, 62, 100, 150.00, 795, 150.00, 0x0000000000000004
2026/10/02 18:21:46.126, 0, 111.13, 62, 100, 150.00, 795, 150.00, 0x0000000000000004
2026/10/02 18:21:46.326, 0, 110.80, 61, 35, 150.00, 1665, 150.00, 0x0000000000000000
2026/10/02 18:21:46.527, 0, 110.84, 60, 0, 150.00, 1665, 150.00, 0x0000000000000000
2026/10/02 18:21:46.727, 0, 110.85, 60, 0, 150.00, 1665, 150.00, 0x0000000000000000
2026/10/02 18:21:46.928, 0, 88.92, 60, 0, 150.00, 1665, 150.00, 0x0000000000000000
2026/10/02 18:21:47.129, 0, 72.89, 60, 0, 150.00, 1665, 150.00, 0x0000000000000000
2026/10/02 18:21:47.329, 0, 81.86, 60, 0, 150.00, 660, 150.00, 0x0000000000000004
2026/10/02 18:21:47.530, 0, 89.55, 61, 100, 150.00, 1650, 150.00, 0x0000000000000004
2026/10/02 18:21:47.730, 0, 89.35, 60, 0, 150.00, 1650, 150.00, 0x0000000000000000
2026/10/02 18:21:47.931, 0, 104.41, 61, 11, 150.00, 810, 150.00, 0x0000000000000004
2026/10/02 18:21:48.131, 0, 111.97, 62, 100, 150.00, 1620, 150.00, 0x0000000000000004
2026/10/02 18:21:48.332, 0, 117.03, 62, 29, 150.00, 1545, 150.00, 0x0000000000000004
2026/10/02 18:21:48.532, 0, 103.36, 60, 0, 150.00, 840, 150.00, 0x0000000000000004
2026/10/02 18:21:48.733, 0, 117.13, 61, 60, 150.00, 1650, 150.00, 0x0000000000000004
2026/10/02 18:21:48.933, 0, 108.51, 61, 54, 150.00, 1650, 150.00, 0x0000000000000000
2026/10/02 18:21:49.134, 0, 93.11, 60, 0, 150.00, 1650, 150.00, 0x0000000000000000
2026/10/02 18:21:49.334, 0, 78.90, 61, 5, 150.00, 1350, 150.00, 0x0000000000000004
2026/10/02 18:21:49.535, 0, 95.58, 62, 11, 150.00, 795, 150.00, 0x0000000000000004
2026/10/02 18:21:49.735, 0, 101.79, 62, 87, 150.00, 795, 150.00, 0x0000000000000004
2026/10/02 18:21:49.936, 0, 97.81, 61, 0, 150.00, 1650, 150.00, 0x0000000000000000
2026/10/02 18:21:50.137, 0, 107.82, 62, 91, 150.00, 1395, 150.00, 0x0000000000000004
2026/10/02 18:21:50.337, 0, 105.54, 61, 0, 150.00, 1245, 150.00, 0x0000000000000004
2026/10/02 18:21:50.537, 0, 103.04, 61, 0, 150.00, 1125, 150.00, 0x0000000000000004
2026/10/02 18:21:50.738, 0, 86.29, 61, 0, 150.00, 1650, 150.00, 0x0000000000000000
2026/10/02 18:21:50.938, 0, 78.49, 60, 0, 150.00, 1650, 150.00, 0x0000000000000000
2026/10/02 18:21:51.139, 0, 71.48, 60, 0, 150.00, 1650, 150.00, 0x0000000000000000
2026/10/02 18:21:51.339, 0, 72.16, 60, 0, 150.00, 1650, 150.00, 0x0000000000000000
2026/10/02 18:21:51.540, 0, 69.60, 60, 0, 150.00, 1650, 150.00, 0x0000000000000000
2026/10/02 18:21:51.740, 0, 69.60, 60, 0, 150.00, 1650, 150.00, 0x0000000000000000
2026/10/02 18:21:51.941, 0, 69.60, 60, 0, 150.00, 1650, 150.00, 0x0000000000000000
2026/10/02 18:21:52.141, 0, 69.60, 60, 0, 150.00, 1650, 150.00, 0x0000000000000000
2026/10/02 18:21:52.342, 0, 69.60, 60, 0, 150.00, 1650, 150.00, 0x0000000000000000
2026/10/02 18:21:52.542, 0, 63.75, 59, 0, 150.00, 1650, 150.00, 0x0000000000000000
2026/10/02 18:21:52.743, 0, 63.75, 59, 0, 150.00, 1650, 150.00, 0x0000000000000000
2026/10/02 18:21:52.943, 0, 63.75, 59, 0, 150.00, 1650, 150.00, 0x0000000000000000
2026/10/02 18:21:53.144, 0, 63.75, 59, 0, 150.00, 1650, 150.00, 0x0000000000000000
2026/10/02 18:21:53.344, 0, 63.75, 59, 0, 150.00, 1650, 150.00, 0x0000000000000000
2026/10/02 18:21:53.545, 0, 63.54, 59, 0, 150.00, 1650, 150.00, 0x0000000000000000
2026/10/02 18:21:53.745, 0, 63.54, 59, 0, 150.00, 1650, 150.00, 0x0000000000000000
2026/10/02 18:21:53.946, 0, 63.54, 59, 0, 150.00, 1650, 150.00, 0x0000000000000000
2026/10/02 18:21:54.146, 0, 63.54, 59, 0, 150.00, 1650, 150.00, 0x0000000000000000
2026/10/02 18:21:54.347, 0, 63.54, 59, 0, 150.00, 1650, 150.00, 0x0000000000000000
2026/10/02 18:21:54.547, 0, 62.88, 59, 0, 150.00, 1635, 150.00, 0x0000000000000000
2026/10/02 18:21:54.747, 0, 62.88, 59, 0, 150.00, 1635, 150.00, 0x0000000000000000
2026/10/02 18:21:54.948, 0, 62.88, 59, 0, 150.00, 1635, 150.00, 0x0000000000000000
2026/10/02 18:21:55.148, 0, 62.88, 59, 0, 150.00, 1635, 150.00, 0x0000000000000000
2026/10/02 18:21:55.349, 0, 62.88, 59, 0, 150.00, 1635, 150.00, 0x0000000000000000
2026/10/02 18:21:55.549, 0, 62.36, 59, 0, 150.00, 1635, 150.00, 0x0000000000000000
2026/10/02 18:21:55.750, 0, 62.36, 59, 0, 150.00, 1635, 150.00, 0x0000000000000000
2026/10/02 18:21:55.950, 0, 62.36, 59, 0, 150.00, 1635, 150.00, 0x0000000000000000
2026/10/02 18:21:56.151, 0, 62.36, 59, 0, 150.00, 1635, 150.00, 0x0000000000000000
2026/10/02 18:21:56.351, 0, 62.36, 59, 0, 150.00, 1635, 150.00, 0x0000000000000000
2026/10/02 18:21:56.552, 0, 62.33, 58, 0, 150.00, 1635, 150.00, 0x0000000000000000
2026/10/02 18:21:56.752, 0, 62.33, 58, 0, 150.00, 1635, 150.00, 0x0000000000000000
2026/10/02 18:21:56.952, 0, 62.33, 58, 0, 150.00, 1635, 150.00, 0x0000000000000000
2026/10/02 18:21:57.153, 0, 62.33, 58, 0, 150.00, 1635, 150.00, 0x0000000000000000
2026/10/02 18:21:57.353, 0, 62.33, 58, 0, 150.00, 1635, 150.00, 0x0000000000000000
2026/10/02 18:21:57.554, 0, 62.19, 58, 0, 150.00, 1635, 150.00, 0x0000000000000000
2026/10/02 18:21:57.754, 0, 62.19, 58, 0, 150.00, 1635, 150.00, 0x0000000000000000
2026/10/02 18:21:57.955, 0, 62.19, 58, 0, 150.00, 1635, 150.00, 0x0000000000000000
2026/10/02 18:21:58.155, 0, 62.19, 58, 0, 150.00, 1635, 150.00, 0x0000000000000000
2026/10/02 18:21:58.356, 0, 62.19, 58, 0, 150.00, 1635, 150.00, 0x0000000000000000
2026/10/02 18:21:58.556, 0, 62.05, 58, 0, 150.00, 1635, 150.00, 0x0000000000000000
2026/10/02 18:21:58.756, 0, 62.05, 58, 0, 150.00, 1635, 150.00, 0x0000000000000000
2026/10/02 18:21:58.957, 0, 62.05, 58, 0, 150.00, 1635, 150.00, 0x0000000000000000
2026/10/02 18:21:59.157, 0, 62.05, 58, 0, 150.00, 1635, 150.00, 0x0000000000000000
2026/10/02 18:21:59.358, 0, 62.05, 58, 0, 150.00, 1635, 150.00, 0x0000000000000000
2026/10/02 18:21:59.558, 0, 61.97, 58, 0, 150.00, 1635, 150.00, 0x0000000000000000
2026/10/02 18:21:59.759, 0, 61.97, 58, 0, 150.00, 1635, 150.00, 0x0000000000000000
2026/10/02 18:21:59.959, 0, 61.97, 58, 0, 150.00, 1635, 150.00, 0x0000000000000000
2026/10/02 18:22:00.160, 0, 61.97, 58, 0, 150.00, 1635, 150.00, 0x0000000000000000
2026/10/02 18:22:00.360, 0, 61.88, 58, 0, 150.00, 1635, 150.00, 0x0000000000000000
2026/10/02 18:22:00.561, 0, 61.88, 58, 0, 150.00, 1635, 150.00, 0x0000000000000000
2026/10/02 18:22:00.761, 0, 61.88, 58, 0, 150.00, 1635, 150.00, 0x0000000000000000
2026/10/02 18:22:00.961, 0, 61.88, 58, 0, 150.00, 1635, 150.00, 0x0000000000000000
2026/10/02 18:22:01.162, 0, 61.88, 58, 0, 150.00, 1635, 150.00, 0x0000000000000000
2026/10/02 18:22:01.362, 0, 61.78, 58, 0, 150.00, 1635, 150.00, 0x0000000000000000
2026/10/02 18:22:01.563, 0, 61.78, 58, 0, 150.00, 1635, 150.00, 0x0000000000000000
2026/10/02 18:22:01.763, 0, 61.78, 58, 0, 150.00, 1635, 150.00, 0x0000000000000000
2026/10/02 18:22:01.964, 0, 61.78, 58, 0, 150.00, 1635, 150.00, 0x0000000000000000
2026/10/02 18:22:02.164, 0, 61.78, 58, 0, 150.00, 1635, 150.00, 0x0000000000000000
2026/10/02 18:22:02.365, 0, 61.69, 57, 0, 150.00, 1635, 150.00, 0x0000000000000000
2026/10/02 18:22:02.565, 0, 61.69, 57, 0, 150.00, 1635, 150.00, 0x0000000000000000
2026/10/02 18:22:02.766, 0, 61.69, 57, 0, 150.00, 1635, 150.00, 0x0000000000000000
2026/10/02 18:22:02.966, 0, 61.69, 57, 0, 150.00, 1635, 150.00, 0x0000000000000000
2026/10/02 18:22:03.166, 0, 61.69, 57, 0, 150.00, 1635, 150.00, 0x0000000000000000
2026/10/02 18:22:03.367, 0, 61.59, 57, 0, 150.00, 1635, 150.00, 0x0000000000000000
2026/10/02 18:22:03.567, 0, 61.59, 57, 0, 150.00, 1635, 150.00, 0x0000000000000000
2026/10/02 18:22:03.768, 0, 61.59, 57, 0, 150.00, 1635, 150.00, 0x0000000000000000
2026/10/02 18:22:03.968, 0, 61.59, 57, 0, 150.00, 1635, 150.00, 0x0000000000000000
2026/10/02 18:22:04.169, 0, 61.59, 57, 0, 150.00, 1635, 150.00, 0x0000000000000000
2026/10/02 18:22:04.369, 0, 60.85, 57, 0, 150.00, 1635, 150.00, 0x0000000000000000
2026/10/02 18:22:04.570, 0, 60.85, 57, 0, 150.00, 1605, 150.00, 0x0000000000000000
2026/10/02 18:22:04.770, 0, 60.85, 57, 0, 150.00, 1605, 150.00, 0x0000000000000000
2026/10/02 18:22:04.970, 0, 60.85, 57, 0, 150.00, 1605, 150.00, 0x0000000000000000
2026/10/02 18:22:05.171, 0, 60.85, 57, 0, 150.00, 1605, 150.00, 0x0000000000000000
2026/10/02 18:22:05.371, 0, 60.33, 57, 0, 150.00, 1605, 150.00, 0x0000000000000000
2026/10/02 18:22:05.572, 0, 60.33, 57, 0, 150.00, 1605, 150.00, 0x0000000000000000
2026/10/02 18:22:05.772, 0, 60.33, 57, 0, 150.00, 1605, 150.00, 0x0000000000000000
2026/10/02 18:22:05.973, 0, 60.33, 57, 0, 150.00, 1605, 150.00, 0x0000000000000000
2026/10/02 18:22:06.173, 0, 60.33, 57, 0, 150.00, 1605, 150.00, 0x0000000000000000
2026/10/02 18:22:06.374, 0, 60.31, 57, 0, 150.00, 1605, 150.00, 0x0000000000000000
2026/10/02 18:22:06.574, 0, 60.31, 57, 0, 150.00, 1605, 150.00, 0x0000000000000000
2026/10/02 18:22:06.775, 0, 60.31, 57, 0, 150.00, 1605, 150.00, 0x0000000000000000
2026/10/02 18:22:06.975, 0, 60.31, 57, 0, 150.00, 1605, 150.00, 0x0000000000000000
2026/10/02 18:22:07.175, 0, 60.31, 57, 0, 150.00, 1605, 150.00, 0x0000000000000000
2026/10/02 18:22:07.376, 0, 60.17, 57, 0, 150.00, 1605, 150.00, 0x0000000000000000
2026/10/02 18:22:07.576, 0, 60.17, 57, 0, 150.00, 1605, 150.00, 0x0000000000000000
2026/10/02 18:22:07.777, 0, 60.17, 57, 0, 150.00, 1605, 150.00, 0x0000000000000000
2026/10/02 18:22:07.978, 0, 60.17, 57, 0, 150.00, 1605, 150.00, 0x0000000000000000
2026/10/02 18:22:08.178, 0, 60.17, 57, 0, 150.00, 1605, 150.00, 0x0000000000000000
2026/10/02 18:22:08.379, 0, 60.03, 57, 0, 150.00, 1605, 150.00, 0x0000000000000000
2026/10/02 18:22:08.579, 0, 60.03, 57, 0, 150.00, 1605, 150.00, 0x0000000000000000
2026/10/02 18:22:08.779, 0, 60.03, 57, 0, 150.00, 1605, 150.00, 0x0000000000000000
2026/10/02 18:22:08.980, 0, 60.03, 57, 0, 150.00, 1605, 150.00, 0x0000000000000000
2026/10/02 18:22:09.180, 0, 60.03, 57, 0, 150.00, 1605, 150.00, 0x0000000000000000
2026/10/02 18:22:09.381, 0, 59.89, 56, 0, 150.00, 1605, 150.00, 0x0000000000000000
2026/10/02 18:22:09.581, 0, 59.89, 56, 0, 150.00, 1605, 150.00, 0x0000000000000000
2026/10/02 18:22:09.782, 0, 59.89, 56, 0, 150.00, 1605, 150.00, 0x0000000000000000
2026/10/02 18:22:09.982, 0, 59.89, 56, 0, 150.00, 1605, 150.00, 0x0000000000000000
2026/10/02 18:22:10.183, 0, 59.89, 56, 0, 150.00, 1605, 150.00, 0x0000000000000000
2026/10/02 18:22:10.383, 0, 59.84, 56, 0, 150.00, 1605, 150.00, 0x0000000000000000
2026/10/02 18:22:10.583, 0, 59.84, 56, 0, 150.00, 1605, 150.00, 0x0000000000000000
2026/10/02 18:22:10.784, 0, 59.84, 56, 0, 150.00, 1605, 150.00, 0x0000000000000000
2026/10/02 18:22:10.985, 0, 59.84, 56, 0, 150.00, 1605, 150.00, 0x0000000000000000
2026/10/02 18:22:11.185, 0, 59.84, 56, 0, 150.00, 1605, 150.00, 0x0000000000000000
2026/10/02 18:22:11.386, 0, 59.79, 56, 0, 150.00, 1605, 150.00, 0x0000000000000000
2026/10/02 18:22:11.586, 0, 59.79, 56, 0, 150.00, 1605, 150.00, 0x0000000000000000
2026/10/02 18:22:11.786, 0, 59.79, 56, 0, 150.00, 1605, 150.00, 0x0000000000000000
2026/10/02 18:22:11.987, 0, 59.79, 56, 0, 150.00, 1605, 150.00, 0x0000000000000000
2026/10/02 18:22:12.187, 0, 59.79, 56, 0, 150.00, 1605, 150.00, 0x0000000000000000
2026/10/02 18:22:12.388, 0, 59.71, 56, 0, 150.00, 1605, 150.00, 0x0000000000000000
2026/10/02 18:22:12.588, 0, 59.71, 56, 0, 150.00, 1605, 150.00, 0x0000000000000000
2026/10/02 18:22:12.789, 0, 59.71, 56, 0, 150.00, 1605, 150.00, 0x0000000000000000
2026/10/02 18:22:12.989, 0, 59.71, 56, 0, 150.00, 1605, 150.00, 0x0000000000000000
2026/10/02 18:22:13.190, 0, 59.71, 56, 0, 150.00, 1605, 150.00, 0x0000000000000000
2026/10/02 18:22:13.390, 0, 59.71, 56, 0, 150.00, 1605, 150.00, 0x0000000000000000
2026/10/02 18:22:13.591, 0, 59.71, 56, 0, 150.00, 1605, 150.00, 0x0000000000000000
2026/10/02 18:22:13.791, 0, 59.71, 56, 0, 150.00, 1605, 150.00, 0x0000000000000000
2026/10/02 18:22:13.992, 0, 59.71, 56, 0, 150.00, 1605, 150.00, 0x0000000000000000
2026/10/02 18:22:14.192, 0, 59.71, 56, 0, 150.00, 1605, 150.00, 0x0000000000000000
2026/10/02 18:22:14.393, 0, 59.48, 56, 0, 150.00, 1605, 150.00, 0x0000000000000000
2026/10/02 18:22:14.593, 0, 59.48, 56, 0, 150.00, 1590, 150.00, 0x0000000000000000
2026/10/02 18:22:14.794, 0, 59.48, 56, 0, 150.00, 1590, 150.00, 0x0000000000000000
2026/10/02 18:22:14.994, 0, 59.48, 56, 0, 150.00, 1590, 150.00, 0x0000000000000000
2026/10/02 18:22:15.194, 0, 59.48, 56, 0, 150.00, 1590, 150.00, 0x0000000000000000
2026/10/02 18:22:15.395, 0, 59.17, 56, 0, 150.00, 1590, 150.00, 0x0000000000000000
2026/10/02 18:22:15.595, 0, 59.17, 56, 0, 150.00, 1590, 150.00, 0x0000000000000000
2026/10/02 18:22:15.796, 0, 59.17, 56, 0, 150.00, 1590, 150.00, 0x0000000000000000
2026/10/02 18:22:15.996, 0, 59.17, 56, 0, 150.00, 1590, 150.00, 0x0000000000000000
2026/10/02 18:22:16.197, 0, 59.17, 56, 0, 147.00, 1590, 147.00, 0x0000000000000000
2026/10/02 18:22:16.397, 0, 59.03, 56, 0, 147.00, 1590, 147.00, 0x0000000000000000
2026/10/02 18:22:16.598, 0, 59.03, 56, 0, 147.00, 1590, 147.00, 0x0000000000000000
2026/10/02 18:22:16.798, 0, 59.03, 56, 0, 147.00, 1590, 147.00, 0x0000000000000000
2026/10/02 18:22:16.998, 0, 59.03, 56, 0, 147.00, 1590, 147.00, 0x0000000000000000
2026/10/02 18:22:17.199, 0, 59.03, 56, 0, 147.00, 1590, 147.00, 0x0000000000000000
2026/10/02 18:22:17.399, 0, 59.22, 56, 0, 147.00, 1590, 147.00, 0x0000000000000000
2026/10/02 18:22:17.600, 0, 59.22, 56, 0, 147.00, 1590, 147.00, 0x0000000000000000
2026/10/02 18:22:17.800, 0, 59.22, 56, 0, 147.00, 1590, 147.00, 0x0000000000000000
2026/10/02 18:22:18.001, 0, 59.22, 56, 0, 147.00, 1590, 147.00, 0x0000000000000000
2026/10/02 18:22:18.201, 0, 59.22, 56, 0, 147.00, 1590, 147.00, 0x0000000000000000
2026/10/02 18:22:18.402, 0, 59.20, 55, 0, 147.00, 1590, 147.00, 0x0000000000000000
2026/10/02 18:22:18.602, 0, 59.20, 55, 0, 147.00, 1590, 147.00, 0x0000000000000000
2026/10/02 18:22:18.802, 0, 59.20, 55, 0, 147.00, 1590, 147.00, 0x0000000000000000
2026/10/02 18:22:19.003, 0, 59.20, 55, 0, 147.00, 1590, 147.00, 0x0000000000000000
2026/10/02 18:22:19.203, 0, 59.20, 55, 0, 147.00, 1590, 147.00, 0x0000000000000000
2026/10/02 18:22:19.404, 0, 59.05, 55, 0, 147.00, 1590, 147.00, 0x0000000000000000
2026/10/02 18:22:19.604, 0, 59.05, 55, 0, 147.00, 1590, 147.00, 0x0000000000000000
2026/10/02 18:22:19.805, 0, 59.05, 55, 0, 147.00, 1590, 147.00, 0x0000000000000000
2026/10/02 18:22:20.005, 0, 59.05, 55, 0, 147.00, 1590, 147.00, 0x0000000000000000
2026/10/02 18:22:20.206, 0, 59.05, 55, 0, 147.00, 1590, 147.00, 0x0000000000000000
2026/10/02 18:22:20.406, 0, 59.07, 55, 0, 147.00, 1590, 147.00, 0x0000000000000000
2026/10/02 18:22:20.606, 0, 59.07, 55, 0, 147.00, 1590, 147.00, 0x0000000000000000
2026/10/02 18:22:20.807, 0, 59.07, 55, 0, 147.00, 1590, 147.00, 0x0000000000000000
2026/10/02 18:22:21.007, 0, 60.14, 55, 0, 147.00, 1590, 147.00, 0x0000000000000000
2026/10/02 18:22:21.209, 0, 60.28, 55, 0, 150.00, 1590, 147.00, 0x0000000000000000
