run_id,E0,U0,I0,S0,B0,Bdot0,alpha,beta_int,beta_ext,k,sigma_1,delta,gamma_1,gamma_c,lambda_0,lambda_1,lambda_2,c,E_max,omega_B,Q_B,alpha_s,beta_s,mu,alpha_E,alpha_U,lambda_I,lambda_U
0,0.7427872361268809,-0.5810450620772369,0.9725777027756044,-0.06132143972912529,-0.7006528213674774,0.22640812218857254,4.2,0.5683984681507361,0.003147849444884665,1.7,0.38,0.22372896389431843,1.35,1.0,-0.7445915977177995,2.2301799574906425,0.9569935813072696,0.6796146622089285,5.350698444934691,4.5504191808922805,5.876511071648168,0.0751183182075162,0.05365300198213501,3.3060439438427567,4.2,4.2,0.6652914652454398,0.04122803726974378
1,0.7376824003929641,0.5047559906932753,0.2688335845879479,0.5428232463013323,0.09091827182013801,0.4242602240796043,4.2,0.05116434078168208,0.17390238435535732,1.7,0.38,0.3203370429093328,1.35,1.0,1.9278501379317698,1.5790517488237856,0.36604016385563387,3.536937290226897,4.21431624773526,4.419447910025954,1.5625226582276195,0.2439551293631816,0.06703861524588202,2.5823657270920006,4.2,4.2,1.8237926812375902,0.0874629572787271
2,0.1337695357910118,-0.4008535939663851,0.11173636577004253,0.2069132807463745,0.059060288733817856,0.24532249990041888,4.2,0.5070508112446134,0.6566261373070086,1.7,0.38,0.5254880659126113,1.35,1.0,-0.22493888225841774,1.3718267375147966,0.10784121883283837,0.9678235427115703,2.2184205285572856,3.9747883166562215,9.05047019940303,0.22480016401944747,0.1828030392049389,5.32918730704304,4.2,4.2,0.7178217690125295,0.0018315122111691728
3,0.77739733080878,0.2445443902574722,0.48635946443440947,0.03592110519292868,0.3520639484840984,0.5710147839481132,4.2,0.8681643567650212,0.6316054115756504,1.7,0.38,0.21776237338154417,1.35,1.0,-1.3993324208601345,0.44543652685609414,0.6430072893973233,2.3967918190779174,7.434332667876837,2.190842949520856,3.2740193869710796,0.1761674150098982,0.12036257976864413,2.271556395752954,4.2,4.2,1.169518588181611,0.3676904387867767
4,0.7540943365813925,-0.325400300642523,0.4187515326577216,-0.649292014162766,-0.9800787039934347,-0.693253592090419,4.2,0.5942405898639441,0.6930467220005182,1.7,0.38,0.6542054955062377,1.35,1.0,-0.3023889911715134,2.8801954149837,1.3800750271247755,4.747721465032526,7.865063164329316,2.287025991363826,9.93149986546554,0.2490028401165258,0.1842238846024074,3.883887078674742,4.2,4.2,0.9015184627692869,0.025075721114377836
5,0.4669320344415182,-0.9404599403838871,0.8464355809229241,0.24714400040788997,0.07812592140874464,-0.02146909162567945,4.2,0.9239454657420803,0.162077552478882,1.7,0.38,0.14747829577234395,1.35,1.0,1.6957046461761434,1.040017962026417,0.34340868201242136,4.450234290796212,8.781297849974905,4.257326738476773,8.307107753736371,0.23065682403293153,0.11148523397573094,4.013131092499828,4.2,4.2,0.5474599606891273,0.26746041165257756
6,0.377221638455448,-0.167829652444053,0.5658151365606197,0.9453705480494494,-0.13078040923503864,0.4241775712339979,4.2,0.7812970235749154,0.3022607263836625,1.7,0.38,0.8948030028709092,1.35,1.0,-0.2037297903477744,1.713483734560655,1.2865165877859213,3.5443943450252187,8.003971444272185,2.5250624728391386,7.8530226369898,0.07056317077607949,0.11460725195547104,4.0010413760241645,4.2,4.2,1.2807711482032247,0.2989958407047458
7,0.5262767746340306,-0.9146501565053256,0.8840064597324956,0.06690065250048871,0.3442029490473473,0.9102945057488832,4.2,0.6472481553185876,0.3118890918008732,1.7,0.38,0.9785311046249562,1.35,1.0,-0.8592510838905234,1.0464547368243375,1.8571357320578166,3.057814759313074,1.5173982963434716,1.6457105849080733,8.198887888827866,0.1255054650277953,0.1543630371398818,3.9939673163895715,4.2,4.2,0.6672640547539849,0.047115968680380094
8,0.6305978746225558,0.19111176457551982,0.8599604602465414,-0.04161975725724676,0.0680749118474897,0.560525333792323,4.2,0.669534660782653,0.9953438250075112,1.7,0.38,0.24010623524532249,1.35,1.0,0.8898774176970417,0.8653149138591496,0.3800485634923063,4.778217201076874,4.721784992023731,4.3643737940368625,8.775963394999575,0.1372850271755334,0.1368266209945873,3.3397258357135313,4.2,4.2,0.6700913157787508,0.2906851166902736
9,0.21238274346963804,0.830647781176215,0.6959603810008764,-0.931498008701541,-0.22795948714848313,0.18121690137090773,4.2,0.335500083723254,0.7610666362402891,1.7,0.38,0.926159470590678,1.35,1.0,0.9882284490852369,2.6117011497216294,1.855298086702635,0.8291623405066846,3.629385832970299,0.5624718538999581,9.686317722216419,0.23049594859874117,0.19286645615519166,2.1011934495849447,4.2,4.2,1.0318437675638168,0.4785175163698798
10,0.19536727102247942,0.7659435825071246,0.9784477287237511,-0.4825062351782201,0.9330593204278648,-0.5886384064757382,4.2,0.5387648455175149,0.2587556114386024,1.7,0.38,0.7834294628909444,1.35,1.0,1.354602663554643,0.3980941925870468,0.04699716015041133,2.2013473656238753,7.384059492815332,2.854929119114528,8.046563226810164,0.12853197293809807,0.21822633435127076,5.774576758284278,4.2,4.2,0.569764517065975,0.48350119833110716
11,0.483773687038644,0.8039305294023487,0.14759520675115112,0.17415370063947,0.7724196231501765,-0.9261365709583298,4.2,0.03756862477943024,0.3895688599459346,1.7,0.38,0.11660487616209199,1.35,1.0,1.9727509998018333,2.7556547445896573,0.14546008247395226,1.166456065958374,2.7802096186247973,3.4182626778969416,2.2623028367939657,0.0718256772789593,0.1086290054253734,2.4239606029985423,4.2,4.2,1.9017138254316908,0.49670335583218805
12,0.07506589243410389,0.8032216298848931,0.31687688203950815,-0.292250133863835,-0.14614905260049516,-0.5960844955738769,4.2,0.9178163788650556,0.5093743361266878,1.7,0.38,0.06913317890609268,1.35,1.0,-1.0061324001728544,0.125038420828213,1.5305888685641786,3.0116117117997634,6.716109149410148,4.417172600079236,8.066492359774198,0.15279183025245027,0.17345997836240815,5.476928053811005,4.2,4.2,1.7328073938127042,0.19658217420804736
13,0.8022184171193745,0.5522254350315858,0.9994943211562186,-0.6245389474506695,0.18033414774024692,0.5191734570579427,4.2,0.6574241152034751,0.8334265590737339,1.7,0.38,0.51901520705704,1.35,1.0,0.39221494895946263,2.4725478735715267,1.0076568886560437,3.3159189486928695,8.640703361214424,1.0960348184720883,8.591406835668007,0.05788118587230491,0.2425068981260164,3.295133590091226,4.2,4.2,1.978732098549623,0.2534377695858479
14,0.7216822206990965,-0.03967641400180355,0.2655395461424357,-0.01492626003317965,-0.782345102091591,-0.2206833799951715,4.2,0.10221986480498446,0.7775705650037081,1.7,0.38,0.3798436949168733,1.35,1.0,-0.385970633233498,1.1245990628238287,0.4825800282786765,1.962229526456153,9.82256922049458,0.6736048140078335,6.119359339534867,0.1644012845648897,0.16935109440517893,3.649088312699356,4.2,4.2,0.710677915386633,0.44701983690300806
15,0.6856465641911639,0.6929467271834626,0.1561433697270801,0.3251151143559663,-0.29423845779055036,-0.37427153236647204,4.2,0.16960121797683214,0.05753950688271747,1.7,0.38,0.9818015590797394,1.35,1.0,1.734195142840123,0.9122169688974315,1.028359615463679,2.1694472131154825,9.341778475190788,0.8142967883487245,0.573331976558704,0.11946819403389614,0.15703306327346947,2.7024871382396602,4.2,4.2,1.7830913784126163,0.020092399152041307
16,0.5827928890983435,-0.5693034899459699,0.06709489794075807,-0.8182625327321247,-0.44184112956091104,0.49856135010394165,4.2,0.13292806984827676,0.6942975378182541,1.7,0.38,0.6000174141952103,1.35,1.0,1.6480120962382188,2.4262516141723425,1.7082630744644804,1.8742330865492038,8.714450041185525,0.9835203963435153,9.083157737510412,0.22335687577810215,0.1273036076933155,3.1282397795045767,4.2,4.2,0.8625583237014295,0.127095991625853
17,0.5695316425530318,-0.6967735111260385,0.4301331427439864,-0.29844745861170074,0.2872763393944229,0.678579057367944,4.2,0.9182244746523933,0.02720177906779153,1.7,0.38,0.06824902907418715,1.35,1.0,0.07261850716078122,1.6844230565318736,0.5625246088945264,3.631850904050572,3.216181565473421,4.029020910866859,8.690603340501534,0.11304703395252991,0.21940252663294885,2.70776089652588,4.2,4.2,1.2436067322049413,0.14714061071094592
18,0.3115260560993971,-0.1877125276407421,0.44734131383042386,0.25840255029128456,0.23153090810101906,-0.7032033641225444,4.2,0.6446576193735315,0.4307964328331577,1.7,0.38,0.5767508812376023,1.35,1.0,1.3910039688001747,0.6513070903288762,1.3515907466143398,3.709268428509021,7.818148826104645,1.445857111788735,9.379822233877215,0.24095143405465985,0.15012938523976466,4.459610881667522,4.2,4.2,0.9552233157960373,0.0884893398777119
19,0.6024045377958219,0.10092502143152271,0.38365818157671594,-0.013013480088927887,0.5238620233458964,-0.9892502089984025,4.2,0.9800498684630884,0.47707042621183526,1.7,0.38,0.5645901801773957,1.35,1.0,0.2854367525300354,0.2651639177688821,1.9379121745866708,4.178160675445761,9.758552952977565,4.351400423171652,6.378276798700286,0.10271334720046994,0.14300054966086118,3.3720302062809817,4.2,4.2,1.101771886028685,0.061891554222334055
20,0.5847647159738798,-0.49525142590805205,0.5267100710595627,0.9670284401921929,0.6313859923749037,-0.8810442867929866,4.2,0.7986509537065379,0.5781627527203228,1.7,0.38,0.738925178830792,1.35,1.0,0.3145279990994143,1.6789264745678507,1.494771257081198,2.297468812381209,8.069209454731748,2.6940665739698773,6.0136379356099665,0.07097569601680119,0.06460399140070353,4.179462341324793,4.2,4.2,0.8523979736030309,0.18977107526095321
21,0.4344768404925068,-0.4672935020106084,0.03475844288914076,0.8702692041966975,0.2334619384772858,-0.9777224291590203,4.2,0.5375174799184352,0.4142489972424952,1.7,0.38,0.9065670618352393,1.35,1.0,1.9597547099961936,1.079613938367582,0.9898335760209203,2.0673684431555635,7.585803284586635,0.4352674255091059,2.9236566019961194,0.19085668078451684,0.1546222177862614,5.539416616906437,4.2,4.2,1.3770768086251584,0.06393944516134004
22,0.581137937923593,-0.7836423944505881,0.31395378196970636,-0.12564987133041905,0.21560453842801386,-0.16912718523396553,4.2,0.21839648954155955,0.2817387942589705,1.7,0.38,0.3666894630055516,1.35,1.0,-1.8448294612309182,1.8585888163154793,0.9883162022948155,1.7977973837805927,1.6297634057383972,4.453149124675623,3.5130959206978103,0.05804601595878572,0.17304820396653545,2.5494115898275296,4.2,4.2,1.0005028002560592,0.11550959129348143
23,0.6336204980723532,0.6412791236336846,0.36071605023145437,-0.0858682366269563,0.41217889226441873,0.3860667586738251,4.2,0.28468632470649935,0.4802046782252124,1.7,0.38,0.6397021083182787,1.35,1.0,-0.2608428190669403,0.8975965753949806,0.8895748659297373,3.6651487609081723,1.1221571330235827,1.2834454467632939,9.630889466086167,0.1978676519322356,0.05550799153464443,3.446097313663237,4.2,4.2,0.5386397727463518,0.4479757050056614
24,0.5351169469113886,0.22328621933626924,0.558985027523367,-0.9406887539298678,0.11650903093108811,0.6534048148140104,4.2,0.7183479689576701,0.16008428946663433,1.7,0.38,0.4435870268107017,1.35,1.0,1.691408172162133,0.5788685647230686,1.9232174643235236,2.8291769451204067,1.3704168513331885,0.5474414071810136,5.948697805741717,0.05247099481836082,0.14618332620259925,2.4052072580074007,4.2,4.2,1.0371722385877258,0.35304415598647276
25,0.6349658034406447,-0.09459829578300916,0.1258713285567432,-0.7117194736504111,0.7904871196643599,-0.955299136788363,4.2,0.4103427498714681,0.9622969097467247,1.7,0.38,0.23226225478231724,1.35,1.0,0.4331548929371838,2.31749802475177,1.1352377319843572,2.619791799199184,8.822391050453437,4.788921912697795,9.062148911443515,0.09147445145553766,0.21639571232709376,2.7305545672710387,4.2,4.2,1.5773733387963127,0.20400957306781697
26,0.6752597643487341,-0.12476291853115784,0.7776745183887418,0.3884321792838017,-0.6978458191287205,-0.3033537615804227,4.2,0.27201987369765235,0.13174765683144907,1.7,0.38,0.22051618225036518,1.35,1.0,0.9830834575557152,0.14891503757070837,0.91675246741416,0.7994406791933664,8.232687736741532,3.8505272324983713,2.58838834419603,0.06272393352822168,0.19282110214045317,5.368574149386348,4.2,4.2,1.9182024077185769,0.1186024640027093
27,0.4173732741255397,0.5008352728633099,0.8682460464997507,0.20601378438096662,0.8149092006170124,0.940031915680444,4.2,0.738572417160776,0.6794037873155373,1.7,0.38,0.480558882631555,1.35,1.0,1.1323949199971137,1.9901449432779441,1.7710253438417949,4.036231653058355,7.261256608347869,0.2688203315892628,3.4946294345161,0.23507293038139532,0.05131321487693805,2.284816198965436,4.2,4.2,0.8203762668910637,0.37127864068619276
28,0.15304898388390187,-0.6357957959529692,0.3557842758166391,0.1979210264865363,0.2562833219734284,0.24608005439074,4.2,0.8432726453444317,0.6480353720969874,1.7,0.38,0.9742509327710482,1.35,1.0,0.15968333689249326,1.220386818194409,1.3485994334224058,2.818745804066159,8.836190509083021,0.5725437228405654,2.873093189694793,0.18098752505843702,0.050732809155274054,3.0061885986172623,4.2,4.2,0.9000660561674316,0.2797695594969239
29,0.42842852516327434,0.930658985677518,0.31036185673903105,-0.5618020545488442,0.8903919604106312,-0.9740661660776919,4.2,0.19187306173778307,0.5122406752365912,1.7,0.38,0.5831119130102168,1.35,1.0,-1.0845070853605066,2.304330776855621,1.0751654528758836,0.5918719546108525,7.779210946781326,4.606270673992104,3.5066761984998367,0.15720174304431261,0.1476326262622345,3.8213451599067176,4.2,4.2,1.6881101735543742,0.17087435000355589
30,0.4170517811798087,-0.1353263661317099,0.027638179917586214,0.8599688403602661,0.6693651526375304,-0.7623433363786685,4.2,0.7596677100176068,0.6289675134895374,1.7,0.38,0.11486897725033249,1.35,1.0,0.1058633527132673,2.4270091890783685,1.3849025391384546,4.964150594969418,7.948000900902234,2.4376667817151803,9.200022818719388,0.08609379662114358,0.20600302849895497,5.232203481747396,4.2,4.2,1.653243126861747,0.28157548854782205
31,0.17248532260546834,-0.976301567090782,0.2502485002956336,-0.37475866611273356,-0.9522709442661166,-0.957933544302269,4.2,0.08539133460346593,0.07026703608654028,1.7,0.38,0.2845278827381001,1.35,1.0,0.9849248130663955,0.5488387313775052,0.5473411746149586,3.6107304247231826,3.71877136329827,0.6950906259944543,7.128146475208326,0.20517332826754242,0.19452847697280284,4.534003741596452,4.2,4.2,1.0165575698503961,0.2123118943893253
32,0.3884822584743183,0.05792247965065256,0.6783401829393239,0.729454495824192,0.5714281064601943,0.5995415912047504,4.2,0.0363450286939444,0.42715139118562584,1.7,0.38,0.8145354327896677,1.35,1.0,0.7506572149954489,1.8304735017456861,1.9686794813100332,4.357083327910463,7.415681188736264,0.3253768804963265,1.1820700712996068,0.1352477817333008,0.12958073278990206,3.982311317554741,4.2,4.2,0.9702439487625132,0.48880659383174246
33,0.056493691120558354,-0.27348904035380084,0.19705398117478867,0.06251183880638211,0.2559133252384693,0.14805308441864362,4.2,0.805572070170243,0.5573551357352124,1.7,0.38,0.6679457288015761,1.35,1.0,1.3592691338514977,1.5269924815985167,1.159351576985301,1.5741908731698153,1.412354038246388,4.9074501965299575,5.414199960703476,0.1310257791868376,0.1344688984094164,2.278083453199976,4.2,4.2,1.3782792732883913,0.49171469735184753
34,0.2552220539954845,-0.25793924522948974,0.46724819317631183,-0.43039721090530003,0.5439213780707903,-0.8887358066609372,4.2,0.6376251454948446,0.8501035686948396,1.7,0.38,0.6060015423148105,1.35,1.0,1.3636190786116185,0.4339518903837609,0.5541487667655831,1.5164378538622758,4.559098012088183,1.8773920663553496,1.530079083917504,0.17185724643462347,0.23855901001121027,4.886563893265552,4.2,4.2,1.8572896537469306,0.1571028812052062
35,0.06889224719237719,-0.9237012178881931,0.24190707444785953,0.7296480349985597,0.6500428612583655,0.5609839808722998,4.2,0.80761156226793,0.4095493612910627,1.7,0.38,0.0756697312600747,1.35,1.0,-0.12252160142839807,1.3916564250741608,0.06068250967049149,2.0391980402904712,8.107082196464322,2.829435536583695,2.3450914184158265,0.17938181659782587,0.211253631109539,4.853127870595607,4.2,4.2,1.2488435229484387,0.14724235915188705
36,0.3033381656379226,-0.010438498503003713,0.046446508367765316,-0.3449107900875794,-0.18229384959395167,-0.5816265637392719,4.2,0.29098939644734767,0.5961271577365364,1.7,0.38,0.4422684051012507,1.35,1.0,0.8586105622184315,2.01556573269746,0.2735308862344732,0.8038320351111666,8.197573488354816,2.373304380816155,7.909863482472714,0.2295388456377035,0.2179925757428578,5.389216315903119,4.2,4.2,0.8388176749104974,0.15861423913772787
37,0.25060703313655863,-0.7313289939655987,0.31991389204892506,0.3664346484233565,0.39440413507442806,-0.39355237251485997,4.2,0.552516856758627,0.21098552242074975,1.7,0.38,0.2818761281603575,1.35,1.0,0.695973807326089,1.6852323592173557,1.169239472377519,2.8332574109491624,5.898517067003671,3.205601315725451,7.758161312168157,0.1678188579667657,0.12184098425110768,5.529312469174107,4.2,4.2,1.2628860852396764,0.26519121104113097
38,0.48024962525736237,0.545204932329836,0.13257799911072954,0.3681375843028225,-0.552711987859378,-0.8045882282817578,4.2,0.5965698583676206,0.8688096951877117,1.7,0.38,0.7173961685277371,1.35,1.0,1.1330017494755902,2.0641740171706098,1.2788346940051483,1.1318114221872164,9.52980073358245,0.12255659125150065,8.22602213632872,0.2315168739346815,0.1102199669372642,2.5385610716316536,4.2,4.2,1.9920035537700198,0.42975676051695355
39,0.379144753525984,0.348911935398454,0.5356240248253421,-0.010564148461396972,0.796017722660981,0.48086129748629314,4.2,0.026516548181015787,0.1864410102686347,1.7,0.38,0.43204377772274555,1.35,1.0,-0.5549089600674453,0.7346254632573003,1.119517667291653,3.8704972713926957,4.657057837124699,1.0569458359245154,3.901800915365534,0.12556292250930962,0.23717551456268116,3.9683710095428557,4.2,4.2,0.9065107017713487,0.3367528300674648
40,0.008644942926507526,0.14427934917992524,0.9993917992005801,0.04683469897786785,-0.7484746640429705,0.3057614485034146,4.2,0.8268285952513921,0.5884159133284272,1.7,0.38,0.08622145938208309,1.35,1.0,1.6374617203283073,0.600299661647549,0.4093891246209811,2.8364687458004054,2.430961918167194,0.8163419676021896,4.473253845959176,0.08973510948730397,0.17224374435569334,4.604252587791936,4.2,4.2,0.9633258283212112,0.3168078104545132
41,0.4501463817386795,-0.6871124937696145,0.6349137507478346,-0.6008952412109749,0.5753970068955487,-0.9780547728680642,4.2,0.19023558089613846,0.07488952980155628,1.7,0.38,0.9504690933240579,1.35,1.0,-0.2923139917350741,2.24966897259242,0.21785501876390279,3.3933508076300205,8.220189710123325,4.239131262508278,4.703606517611759,0.20268075992014606,0.13212397609486487,2.2149364159326397,4.2,4.2,1.7855792448463497,0.08847102333067336
42,0.9090364477827966,0.17676116357704919,0.7958375971843886,0.13380063548968324,0.7606863081887973,-0.6457330257069089,4.2,0.46332508272496564,0.12887359367649953,1.7,0.38,0.7324756404048208,1.35,1.0,1.2636061071287599,0.2793094382339505,1.2003041382033754,2.1751132866030796,5.440135823867434,3.8330787043682855,4.936403762396379,0.078151611387785,0.22630387780835542,3.853912983639494,4.2,4.2,0.8551000813790786,0.3467051192813088
43,0.7343060446440991,-0.10189296541806936,0.7474337557099272,-0.9462727202578916,0.2966064545764011,0.33880894154893126,4.2,0.6296512595123674,0.2330294818055345,1.7,0.38,0.9777968726389384,1.35,1.0,-1.1058681992601116,1.4147965199204058,0.12283128164388923,2.141507404069283,5.085693995132097,3.461526981767597,8.227220170335048,0.09123807898235535,0.23289076267649356,4.775519387615269,4.2,4.2,1.7156250179271018,0.10138508351334075
44,0.5466313002497648,-0.5127070530608699,0.12075240330282111,0.2703249376313701,0.639901254124096,-0.885829936233137,4.2,0.7919577172264963,0.8547410047908027,1.7,0.38,0.4151168666460953,1.35,1.0,1.4880142319388496,1.8324014343667931,1.2948783203685497,4.128720542430141,6.552332019794244,2.1603032521152565,0.7473689812692457,0.2233862526946444,0.20208338129410136,3.405137462533816,4.2,4.2,0.6002214644269583,0.021623129989766898
45,0.9599051911074757,-0.6134472602559575,0.8092908945034126,-0.23279661225378478,0.47873565541824226,0.7853745517309292,4.2,0.7644051591550823,0.6001367332476715,1.7,0.38,0.5533483491652926,1.35,1.0,0.2864774866086188,0.6156365343817105,1.6047096997028691,4.121259665582486,7.837168379248971,1.0195642687809952,8.890101873561912,0.15778708318888013,0.057165973938914254,5.836688838513455,4.2,4.2,1.0117450042688327,0.4396393389937345
46,0.2924495558131197,-0.5063219060935655,0.37046028653159324,-0.21692847997814035,0.5361670599047916,0.9370656399290282,4.2,0.16689019056059218,0.4890221921663632,1.7,0.38,0.1739531118986813,1.35,1.0,-1.121198113139776,0.6386306450920312,0.9579979616949168,4.958518587419837,2.585742753451379,2.562446280791861,9.672497717188373,0.06254192448262344,0.21126018704761995,2.8600394455920575,4.2,4.2,1.1591168028551078,0.47663083020680586
47,0.3650479725192445,-0.6551069581347828,0.5122805614028119,0.9986626319829426,-0.31059842122349135,0.4091981132657687,4.2,0.995964751621564,0.3394891291122869,1.7,0.38,0.18538043973144702,1.35,1.0,0.3758403475143415,0.7891856924067947,0.3467472570178629,3.404892543393732,6.762220018625961,2.624088287040674,2.623949020540964,0.20079781346997172,0.19074034335741502,4.552227254698559,4.2,4.2,1.1042367419547858,0.2526824064754228
48,0.3204398562391463,-0.8567421381537121,0.06534564982313018,-0.9293684993639093,0.11712674043533466,-0.8403051977048188,4.2,0.9759101985408747,0.2823069553373989,1.7,0.38,0.2843024850484618,1.35,1.0,0.6594139092106639,0.117121788781256,0.6002685300932078,3.9661930464115183,5.6335532886181765,4.640852541320305,4.422536390840396,0.18845802684877594,0.14801117773037797,5.028705624594343,4.2,4.2,1.822131469144634,0.3663670042288304
49,0.21376145270693092,0.36200278325575264,0.8688408276903566,0.5780997923934723,-0.5925891045328413,-0.11706221248238213,4.2,0.5193172752614886,0.8793764236792782,1.7,0.38,0.39458690560094023,1.35,1.0,-1.2733355960951047,2.9865375995654255,1.18258487459244,4.576099770506901,8.206881383222973,1.3652843736466793,8.73232072428046,0.14178204470874634,0.12064200408398845,5.244746502045204,4.2,4.2,1.739281124176086,0.13528612028833548
50,0.8952189111286959,0.7952944700193101,0.33165419976616517,0.15539367011068483,-0.6692715320669866,0.13792735526178346,4.2,0.9761054514950882,0.29310483047706015,1.7,0.38,0.40921345535332143,1.35,1.0,0.8436302612775917,2.0195222049400003,0.2466766862087335,2.7209063378518925,8.397875172991252,2.3359002762539838,5.109762153151026,0.1995348953752018,0.09985245213776091,2.9683075268832133,4.2,4.2,0.7809232170041185,0.20771947119246775
51,0.8390066629784789,-0.2109654047333578,0.9369825664035072,0.05315224004877539,0.6477213379596249,0.002538232182096367,4.2,0.5221048211585982,0.28624390008985046,1.7,0.38,0.29581961568627047,1.35,1.0,-1.2261155300380384,0.8427064276062144,0.5004573435828996,1.1615802777649127,7.646853258184715,3.626889719727768,7.45155750536976,0.2494937966971028,0.24616491203453833,2.2332459796696096,4.2,4.2,1.6695356216151365,0.24008953695045043
52,0.6992998316754356,0.02304618000459957,0.62631851224075,-0.15150553546764334,0.5203416063301012,0.474391916649578,4.2,0.10158778713190342,0.18289813963444157,1.7,0.38,0.22342590667803625,1.35,1.0,0.339409323706235,1.0500814555835976,0.994951867356167,4.911664168354487,9.355426474345183,4.870882311032869,9.250836665661792,0.06920650428441384,0.0865124169174833,3.6242938262212268,4.2,4.2,0.8937387073453352,0.2757309906473744
53,0.747951701421359,-0.7565510468570518,0.4091394016633032,-0.4875677607753015,0.9811764245742405,-0.07399284903527126,4.2,0.3424476073685988,0.8374993773298434,1.7,0.38,0.625010989350298,1.35,1.0,-1.2877263048537628,1.6456611683228581,1.1854521285663717,2.6720886332801346,7.479107873178859,2.340661002996875,7.422142910091305,0.2331320011243193,0.16125746914270572,2.2256406948497918,4.2,4.2,0.6001137902769473,0.07281958795138121
54,0.35150675153394306,-0.9619645794327294,0.17876279609915047,0.7420520051112265,-0.25809717627276196,0.2876694076119555,4.2,0.7158293949302633,0.40429676903593537,1.7,0.38,0.5706523866159469,1.35,1.0,-1.523648364173464,0.7241490045733749,1.2864525889260594,3.6239480115435474,8.93543739672157,1.2601910267773728,8.817070598499653,0.2014004495772388,0.22350915635460156,3.419548942649833,4.2,4.2,1.720702122422548,0.12344013630622802
55,0.2318869357349449,-0.04981583975434334,0.6287325903409967,-0.6924073212328004,-0.7393595453027606,0.18163559547663422,4.2,0.9808004665453874,0.024208499108878567,1.7,0.38,0.6956391505353161,1.35,1.0,-0.5850917751249209,1.6213619928958396,0.40876232505867116,2.9830778921780983,9.031298908927067,4.396234418606253,5.279247761355109,0.09680899445162305,0.20066771664616384,2.4442065319974136,4.2,4.2,0.5837215420763965,0.18431142167134318
56,0.833727614670216,0.6757229523882777,0.45087648512607337,-0.9689916463566712,-0.6895768810762453,-0.8319108104616582,4.2,0.9572690218489505,0.8211600758656834,1.7,0.38,0.2735780037517796,1.35,1.0,-0.8406584672150794,2.346804203093172,1.5797525237885413,4.937058764808151,7.316716357694173,3.3962701440544456,8.637246103489911,0.20283431167534194,0.14074509200023205,5.378857544762189,4.2,4.2,0.574547791011214,0.48368595082362115
57,0.0760888587212939,-0.25443562485680915,0.4354154120138829,0.024497953405603567,0.10164795421581863,-0.1403137789727671,4.2,0.9853200149386606,0.41096614690388833,1.7,0.38,0.9559646658181057,1.35,1.0,-1.624148494754809,2.1429990224236595,1.0360052125300396,4.565690452868676,6.627509588961105,0.6745269682709462,9.342440603833728,0.1614147587423669,0.14625416846678835,4.293405040759886,4.2,4.2,0.844992968982947,0.21885083579054138
58,0.608672203595832,0.9958376673180347,0.9052742973799058,-0.43917745589946255,0.34215668006998,0.35151194756433,4.2,0.5438630580074569,0.5080757152791674,1.7,0.38,0.8992988065017158,1.35,1.0,-0.9738548393962039,1.2624547653041676,0.16154823510228722,2.738606728060946,9.101916721940622,4.8235969982713796,5.799018257914328,0.12303760294965238,0.16175743660722347,4.787064189314336,4.2,4.2,1.3669880348694279,0.11233640157330632
59,0.746822937459851,-0.6644269242518677,0.12441714599950027,-0.3725679858485982,-0.9643307540482455,-0.9622221660233767,4.2,0.33671305548307384,0.9323758699063665,1.7,0.38,0.3063767723318112,1.35,1.0,1.0339305418941733,2.554361266774708,0.47121781233972526,2.7277142366905403,2.6354578777733693,3.542480206681923,2.503248193653142,0.0641248648330932,0.23440740080058298,4.034914163253483,4.2,4.2,0.7718946420815254,0.4866148299906436
60,0.1496940223425841,0.7503852366477626,0.5327095407277261,-0.09006758132406678,0.46777409899323974,-0.9182240638119803,4.2,0.3607182698557715,0.057107147029490046,1.7,0.38,0.5480873201565014,1.35,1.0,-0.3003980384006142,1.706767302504172,0.5064227163468447,3.020922286989596,9.158704678157424,4.4977722757398855,5.987202540253277,0.16083037654845533,0.23824142716297586,4.855786074032917,4.2,4.2,1.2781429382696046,0.4541563170332031
61,0.21219769884393358,0.7506180379224159,0.833209081950061,0.024282335383407183,0.9929307476265228,-0.10381767858070479,4.2,0.521369392460282,0.2066021595723273,1.7,0.38,0.5143653062642514,1.35,1.0,1.4104301414323914,2.6111876423885225,1.8844988005090273,4.277800906248904,3.2730325134569105,0.11076673720122703,3.979742331074542,0.17733799992663885,0.19418747582481705,4.589342108252996,4.2,4.2,1.5933227772370742,0.25720332291109116
62,0.9278607146885106,-0.6202740540775753,0.9236767448093036,-0.16474091861743623,0.6527023685792137,-0.10666032006705684,4.2,0.2973087592308594,0.24384465719337156,1.7,0.38,0.4963849818437232,1.35,1.0,-1.7781814704677386,1.9578361269665403,0.5054288207164472,2.5470454522847685,4.513681989580741,3.8073691227315156,5.162900252519305,0.13201879549325596,0.1203995514835996,3.281362480135445,4.2,4.2,1.470220574660857,0.05782379416589617
63,0.05175076588434113,-0.19327717167618608,0.24149151108599454,-0.21035131129328866,-0.6139959820329848,0.5379487704025783,4.2,0.6976803231879677,0.23903577250731312,1.7,0.38,0.39270913273924113,1.35,1.0,-1.2898574301816814,2.826414435332487,0.6804836010875603,3.2039853059794305,1.7778520500915773,1.0931559060972407,6.543253634277538,0.10687163191875702,0.24286508919422095,5.416368314377926,4.2,4.2,1.5132485997686973,0.44293573789935387
64,0.40916300010936235,0.7197765671251346,0.4769416292611588,-0.6667595731956888,-0.5185510550238972,-0.570272113537494,4.2,0.523415736331404,0.8169887933027914,1.7,0.38,0.774005056782229,1.35,1.0,-1.2363947280698495,0.551796407264737,0.8573596456857557,3.707249896938963,3.6732932918716275,1.462365120475184,1.8984184040108012,0.1284267265663101,0.20650392764105585,3.0741397767465255,4.2,4.2,0.5791887234435429,0.4848260903438016
65,0.5427405642425448,0.4419910444281865,0.7277534555176124,-0.35427614135708696,-0.0913816388516091,0.7875117654685262,4.2,0.7706922431633322,0.6484184949894497,1.7,0.38,0.21697987473073246,1.35,1.0,1.7844715155942978,2.9172495468411492,1.3096313864127913,4.401100513052272,3.9316553745845066,3.5752959156034847,7.8671737351222,0.08753329616208205,0.06516595989702363,2.35549796165725,4.2,4.2,1.8468641188550228,0.15041604819269705
66,0.4482425564307566,-0.1986449084955224,0.9548546766238345,0.29220006112524843,0.5973176877618187,-0.5330120855157767,4.2,0.4546076658058117,0.8662484533289437,1.7,0.38,0.15967985561307416,1.35,1.0,0.24098199828133815,1.999284848158425,0.10487892149175249,3.9949510005208,9.307620691579203,4.068483294534009,0.653181358925414,0.10280679074064732,0.13699780574217216,2.5675951525963963,4.2,4.2,1.6295751978945958,0.3845061617558654
67,0.9662808285213623,-0.8256161436177682,0.6272769269057502,-0.8529651102223039,0.14151407952995898,0.25917723398761305,4.2,0.21250249087545647,0.8598435669817247,1.7,0.38,0.3155452257204175,1.35,1.0,-1.0490596528353833,1.5687061298181328,1.5570004071878498,1.628439790025884,5.647501587895884,2.2526117890412496,2.8500319873999826,0.06640035530051012,0.1665747104036106,5.200524274348407,4.2,4.2,1.3772009004469148,0.2652152502181987
68,0.12313936409022275,0.3364289967119327,0.10538477531143353,0.5289094946684869,-0.6527570868538664,0.20668576914256787,4.2,0.37749205274824593,0.49852244016841774,1.7,0.38,0.5993189853571929,1.35,1.0,1.9537571741666762,2.075097333273114,0.8701048921593206,0.5016243762576273,2.294161581259897,0.8909768165210972,4.688121356384181,0.1970526320549325,0.14405945687339222,5.047026316631827,4.2,4.2,0.942631665952494,0.44306055068834765
69,0.3392011986980493,0.9424397823811035,0.7746384219971185,0.8275855496053741,0.5236823031223732,-0.1956581490781124,4.2,0.9832784769988604,0.3854500190959206,1.7,0.38,0.964547429320439,1.35,1.0,1.0668985337987258,0.2501526913264639,0.43065418995148463,3.797366268946135,5.469200559320033,1.6841996595209343,5.261866415661796,0.07806765335460626,0.11203774545916936,2.671260913360046,4.2,4.2,0.7411518495400433,0.14180084216567113
70,0.921236710243163,-0.46047081189748873,0.12056083567393994,0.8692979339779825,0.42794259624800457,-0.9807227720412877,4.2,0.508305905983595,0.15147368321063082,1.7,0.38,0.4121484471549807,1.35,1.0,-0.16307268549097165,2.0645971864585224,0.3710337155245238,3.7111391545334214,9.547070945897431,4.932530711606882,0.5886712479046429,0.2361869386056295,0.10183654101020517,3.1217396702975777,4.2,4.2,0.9810587787661333,0.39223003459149003
71,0.9952102337940705,-0.34520213223491303,0.6886067092967781,0.6146518997546979,-0.8545284482600151,-0.4440054452497195,4.2,0.17770826723093047,0.3764916153493477,1.7,0.38,0.488050673526043,1.35,1.0,-0.5589281169101459,2.2160230016010596,1.2763296920876432,4.566152397641362,8.397357699293016,2.5438116978024325,8.78074481190739,0.2388310720965418,0.14910338446040586,5.050767939383543,4.2,4.2,1.0567172674400596,0.04343467076776669
72,0.7063989739284664,0.74375102241655,0.8188079562005728,-0.623756031083454,-0.03961712685047747,0.6833352253050353,4.2,0.8710444523331877,0.13720780306094615,1.7,0.38,0.7463540672771629,1.35,1.0,-1.5791608847283976,1.2560919145006872,0.779620636454786,0.9444933489253677,1.725565061042714,0.9330387131529488,2.6720222142536207,0.13123832917426098,0.14117230155382193,5.6711149968427685,4.2,4.2,1.3474930131634766,0.19188557867935707
73,0.6400004461498932,-0.024596102169938128,0.015909753185320064,0.8386821775908562,-0.8656683767531654,-0.5299227055205984,4.2,0.9727232077295606,0.531957835444359,1.7,0.38,0.4093270461782144,1.35,1.0,-1.0537314894560623,2.7624797886419024,0.7219456339896557,3.4373253547148583,7.1366562878068445,1.1594073569824348,9.800984088209429,0.07238600759873798,0.14309594244178275,2.4975185228846666,4.2,4.2,1.4951144099811167,0.43449392477621246
74,0.8881276344233303,0.46416099572440594,0.35225944372023466,-0.3775922775879401,0.8714679697018288,0.9648401503602702,4.2,0.1711794872576331,0.4935607803251748,1.7,0.38,0.8195803509546744,1.35,1.0,1.4464348759555419,2.5805205345816202,1.7548416324460496,3.96073569409565,1.2166341413135664,2.216141093635173,7.350575637653631,0.2480335765345117,0.1552715720983943,3.8829369744009825,4.2,4.2,1.2626248287160213,0.2730133727023854
75,0.6244108112869562,0.9787878818472155,0.6495308514706154,-0.5548386669554908,-0.14594513755110405,-0.22530608514675077,4.2,0.6632181579796285,0.5577181142549774,1.7,0.38,0.4301808236336056,1.35,1.0,0.012728617818011934,1.897782171409221,0.7116345706344813,4.0154801042935455,7.928728443898502,4.7392097119484,8.3051603867215,0.13088038545977843,0.18237473862147668,4.51167246823165,4.2,4.2,1.8370555836092224,0.22640963245350848
76,0.10093953356302654,0.6470380297140024,0.8313200107114813,0.4691631834725789,-0.4077789460999277,-0.5763673216975256,4.2,0.6144421135739613,0.478143687766858,1.7,0.38,0.38352323173928704,1.35,1.0,-0.8009065734980001,0.5206254165689681,1.0107395471085325,1.1506032320180652,4.881441394736783,4.557517315735608,3.74951831776293,0.18431358384420388,0.10780817603686169,2.927218099359518,4.2,4.2,1.7595263029855022,0.24930622477147135
77,0.31950437886783456,0.657343765090197,0.4400694694300361,0.21174790979209157,0.4246008541369579,0.9214284808431938,4.2,0.3107341614301413,0.9547556362719241,1.7,0.38,0.21277994927078733,1.35,1.0,1.0442734544935566,1.0277639110085073,1.8023707460795524,2.649404636609042,6.532547937422612,1.7470528818206226,7.648093791130473,0.17415621255507813,0.070172156278028,2.046475374772913,4.2,4.2,0.5268205327135074,0.07393760110597786
78,0.29610863680039246,0.8419628937491657,0.5402129894774804,0.4862362773568165,-0.605871316568459,0.9295354513010334,4.2,0.3681004675278019,0.34525702186684093,1.7,0.38,0.11697948071776502,1.35,1.0,1.1518583952266517,0.23253982881696297,1.5562103147948165,1.1855495207970326,3.038688063734109,3.4987518098053627,0.8090550429515218,0.08602225196139404,0.24126126738593717,4.31974669041741,4.2,4.2,1.4815014254119436,0.2288949094699294
79,0.9083926993830582,0.02775355430498827,0.9587511681810248,0.6958335913383955,0.9391448845987931,-0.9642831994660745,4.2,0.13654261837533876,0.9269256275766015,1.7,0.38,0.4861542995844579,1.35,1.0,0.5671751484344085,2.2817398788177043,1.8358947529764855,2.6645134644785724,1.9922224606330807,1.964420249718499,1.103156326423323,0.10552889123899965,0.12888125099390596,4.824563479227914,4.2,4.2,1.2114032579314007,0.30426481315531906
80,0.7841303471708607,-0.34189121144301704,0.317460326161355,-0.8966187512000992,-0.6406045751122722,-0.19455422669641287,4.2,0.5251933642791342,0.36693791423732725,1.7,0.38,0.6208339924381414,1.35,1.0,1.6704206633689567,1.7690794312799873,1.8227911358831812,4.419757921347394,4.3534813720083125,3.846257225878073,9.454236214222256,0.059430786224158205,0.09656906060898354,5.024373515889851,4.2,4.2,1.0018782206719445,0.35526079666144084
81,0.21906068576542503,0.14874905476074085,0.24440233419301594,-0.9449317998874014,-0.559953580754089,0.3183814602067907,4.2,0.8293217251736122,0.37717276324918136,1.7,0.38,0.2633438541200174,1.35,1.0,0.8631141360913892,2.187496320777382,0.47748051668205815,1.4642454762654291,5.852563089530409,4.912106057921985,0.6734409112356537,0.1345884033380313,0.17011990486302264,4.153514679999336,4.2,4.2,0.5756898116358073,0.18072421430604269
82,0.5368018207814705,0.493875626834829,0.7710002895793986,0.1503172285526897,-0.1999901513999136,0.9053953542489508,4.2,0.9733389161930571,0.2546603454314629,1.7,0.38,0.7171547012441232,1.35,1.0,-0.014150476364032105,0.6498329541279623,0.9348564370944565,2.495625174311436,8.25527868215978,2.3378259140964204,5.665312792362595,0.20847066225082883,0.0661613661216836,5.875886721974262,4.2,4.2,1.90315215502866,0.22667818189755767
83,0.8147261570382877,0.6053580303756787,0.8367055412212288,0.8115332910673823,0.2282863855895385,-0.12212673990495548,4.2,0.5135989408382167,0.39610210982816196,1.7,0.38,0.5555052947181679,1.35,1.0,1.4492645080665483,1.4367765316190781,1.0528036327040797,0.8868553506928996,7.302409261739094,0.8607095146370843,3.684492944832556,0.24808332074790934,0.13196062519097412,3.8878347247465963,4.2,4.2,0.7953561432394787,0.4042720773091725
84,0.22740000229925594,-0.021752004475998232,0.5798426931664517,0.885717446031498,-0.1700712144126586,-0.45203740669694814,4.2,0.4214198936917153,0.503196718586411,1.7,0.38,0.8965885239298496,1.35,1.0,0.782394054621502,0.5093303979981857,0.9752337298043039,4.983638973429146,2.615140132437684,4.8151974003354985,1.8139297176019458,0.24855676377376545,0.1865685913514486,5.7757924087856995,4.2,4.2,1.1415360641226897,0.20925403604819132
85,0.34496039445567805,-0.214133820199359,0.7096679976221179,-0.5684194576849693,-0.721544207014905,0.7429298143778622,4.2,0.08219113559725355,0.4019789510366243,1.7,0.38,0.6398497614706607,1.35,1.0,1.0674225534081003,2.9789253523637464,1.1867565639585658,2.4798161465261392,9.698446183375722,4.250365791344396,2.0861006946503218,0.11610225843634013,0.1607036867961602,5.9802157211965605,4.2,4.2,0.8279473045438716,0.4273935673499271
86,0.7983852710468503,0.5714462904630087,0.02353176237643395,0.0553031834051434,-0.48069433572671416,-0.32915953671075293,4.2,0.6931503671856825,0.8372672925513499,1.7,0.38,0.24550620359220712,1.35,1.0,1.505985769607352,2.4616256324382597,1.8565765397327652,2.9627019853216945,9.64876700439228,1.6239103902283898,6.6509561927285015,0.21669409856072136,0.19262403070812367,5.599300237689066,4.2,4.2,1.800752522620652,0.25871644531861354
87,0.8668367980498555,0.25210879808662967,0.9681583814621711,0.7951813856414467,0.7584301928228485,-0.6844606197776846,4.2,0.41326270759301154,0.5775900922746073,1.7,0.38,0.8887784261016626,1.35,1.0,-0.9580176183646705,1.9780779982086594,0.794637005151706,2.9127276694761224,2.0824777834913304,0.5851539232287822,4.540977276078716,0.23985974271495053,0.05259424518009342,3.4717325463999757,4.2,4.2,1.8762430121749132,0.030464879109499965
88,0.18294347987263748,-0.2647848145951759,0.7937275324982521,-0.21689640973662372,0.9660186666967467,0.6147646235733981,4.2,0.20819251145460582,0.013813059286915008,1.7,0.38,0.8299452300922872,1.35,1.0,0.6887839456025024,0.7804182795967466,1.09154710393577,4.400410725955484,3.823117617273002,4.794017449510474,2.8507178467834806,0.14896400618197897,0.07162290360289043,2.0374698496954076,4.2,4.2,1.6744823079456954,0.08001233024360777
89,0.2953117452689097,0.126230066410582,0.42621447027713466,0.6604254126479425,-0.08059245582133157,-0.6755660087572037,4.2,0.5322429693046388,0.023247450331006836,1.7,0.38,0.13393038474962785,1.35,1.0,-1.5280415073056952,2.134404218519622,1.0997203099768156,2.8188103830735813,8.765928489330491,4.944532361026939,4.466985588397655,0.08498232985044557,0.15891848096198904,4.6643894549977905,4.2,4.2,0.7657677779517975,0.17037366042646335
90,0.9752112319337327,-0.5113806269922316,0.6815999540151445,0.8520721253938566,0.3740857236535473,-0.3969099385440755,4.2,0.43199784828432186,0.3609589425353711,1.7,0.38,0.4712733386229906,1.35,1.0,-1.3713802413942564,0.9891908127080591,1.5191517780046366,1.9544762405150218,2.3239382750962654,0.7494761758565449,8.160490491918065,0.17539012742449628,0.17989984083362304,5.350669118974445,4.2,4.2,0.6778175678359977,0.14426371005017746
91,0.3605171139788217,-0.964817841627265,0.42678742172804596,-0.3740938780889691,0.8845050903146428,-0.593939142815705,4.2,0.4927787852125016,0.6752768094287394,1.7,0.38,0.5098951661689372,1.35,1.0,-0.9061921854520256,2.8691696811273717,0.6416514006712288,3.348433382812824,1.556111891965952,3.1608879770338203,9.193176724209732,0.16550334569044933,0.09279054450665002,5.990098764046379,4.2,4.2,1.264262310980628,0.39459910279088417
92,0.3230789541015068,0.8925144090138404,0.6520454967513827,-0.2238073226676902,-0.5008834330186851,0.13325700180781608,4.2,0.030125556733240133,0.28130145032493825,1.7,0.38,0.9938564754520783,1.35,1.0,0.09524621526920685,1.9165015415032045,0.7899831072592849,2.160197127510248,6.749580213129201,0.7545917539715091,3.001013858051527,0.17105897089261426,0.24000619353851782,5.2048983172985555,4.2,4.2,0.5866146933714796,0.3433177636309437
93,0.7771939879234543,0.9373529618889254,0.4739625680140864,-0.17413541339922434,-0.42540590416114044,0.4356763746897132,4.2,0.39713130759845094,0.5365193507074822,1.7,0.38,0.2620554150579651,1.35,1.0,1.8474646719636771,0.1093916926646715,1.1539749633586185,1.6357387134801074,7.480625947591513,4.002331213331321,5.3645463072056945,0.11120764632029496,0.09679191009660058,5.233461796564093,4.2,4.2,1.8947401466095364,0.24499902214706742
94,0.3179697556910459,0.7836489940993276,0.9419996575161584,0.883073412818614,-0.7150775537533369,-0.4435325728468671,4.2,0.5401372003062144,0.28971021323014046,1.7,0.38,0.16308225504891913,1.35,1.0,1.6725668544991232,0.5084036357136912,1.14993311189946,1.4646815437334255,2.336729091764913,2.5461881065392924,7.820633750286652,0.14836376585076066,0.05453402666688878,4.488566122234971,4.2,4.2,1.573676236603781,0.47522055679617764
95,0.443402351054499,-0.34992940970379793,0.7194129256982262,-0.6873070984468412,-0.5503949290497026,0.860390080732903,4.2,0.9861351676506792,0.6063222704617457,1.7,0.38,0.24730441606868897,1.35,1.0,-0.03424204512450446,0.11117991040814648,1.3628130426850493,3.2714148473673936,1.4629863005645496,4.514395378184568,4.447218529661962,0.22038531063673267,0.14780725023489064,2.2772580726859295,4.2,4.2,0.553641512415644,0.4089537136702552
96,0.6962043450175094,-0.3998066101463251,0.8616515726385344,-0.18211484285943635,0.2424067788666493,0.727617674248904,4.2,0.5831869140262991,0.8072740449961968,1.7,0.38,0.29429821461763367,1.35,1.0,-1.885180767187205,2.867987272055356,1.9777652020733336,1.3608079578771406,8.574148466169287,1.5354257925901058,4.069812842513706,0.18224035735355132,0.12144336542240503,2.7948921902779755,4.2,4.2,0.8369520609523129,0.01376208341143731
97,0.2237887231843364,0.8027657790181668,0.6776821838865938,0.5707011461222953,0.20033796516896385,0.9696576391439171,4.2,0.30432322108321075,0.5253554156434362,1.7,0.38,0.3168150031844303,1.35,1.0,1.4811609393038871,2.57320701181747,1.9851557268279454,4.068465541174435,8.401468573281305,4.421780597062032,9.116223897216758,0.13874286417535714,0.07811039616471403,2.7468659338599264,4.2,4.2,0.7486505006285129,0.3318222929501833
98,0.8118282048326296,-0.3820775653869102,0.02533649873739241,-0.7045481995052663,-0.7228440236457576,-0.6550520452304851,4.2,0.820395258713585,0.03527906816083415,1.7,0.38,0.22953149435713005,1.35,1.0,-0.4204385714044587,2.431274864107524,0.7108160401485049,2.3251390945307917,4.73613989710773,0.30678479133853304,1.1305123668531032,0.12481644630885252,0.12729167590941937,3.43976057785685,4.2,4.2,0.6747519306708165,0.17572183656824264
99,0.23130348757235353,0.09387073974510818,0.7514565415805414,0.2028370082464548,-0.5524953526319853,0.684379815184821,4.2,0.9336880019967813,0.3820695769736945,1.7,0.38,0.5732369914697324,1.35,1.0,-1.6957910146676434,1.4735717371043988,0.9871534651977416,3.59000093758254,7.343221275398561,0.11859698325417008,7.285175195502355,0.0664222845988503,0.10194188717802484,3.4808352441126136,4.2,4.2,1.258405538892243,0.23155853235918644
100,0.4145445777810304,0.5983836420222111,0.5894253117674254,-0.9428466211244542,0.4078606345823981,0.07114015454107059,4.2,0.1879363264645244,0.5739657772934911,1.7,0.38,0.21410422014751582,1.35,1.0,-0.9472240580807516,2.0023315294141275,1.8060298498355762,1.0503905474619049,6.572344852766518,3.6678069151151456,1.4681178122268994,0.07084912834245714,0.19919867324731,4.911809949463746,4.2,4.2,1.5668327605098513,0.18294036544924863
101,0.814327399516155,-0.9465237985402912,0.9968891918926077,-0.8614004366960537,0.6793949784078048,0.01762784817911367,4.2,0.896561148174455,0.9452258245253516,1.7,0.38,0.062455313997647095,1.35,1.0,-0.5525013274475716,1.9614745182944529,0.4683966998666733,2.3663639377910304,2.0241394835417177,0.5181757263348143,9.587319449251602,0.2358225617774175,0.16777111505120812,3.177195012788098,4.2,4.2,0.9289331438141435,0.2547338485795081
102,0.09420294609751789,0.36841240087875304,0.9014508933507294,0.02584800384001018,-0.4701657138407218,0.06454291369791187,4.2,0.13690518309492128,0.2882495297719515,1.7,0.38,0.8969190946839849,1.35,1.0,1.9652943059773973,1.0834534015555026,0.8786797028684721,3.3191414759441615,1.8325050997839254,2.8922406555334788,5.704137509547596,0.13395230958640997,0.20298048990399636,3.2854510197834044,4.2,4.2,1.309796824248917,0.39883942904121206
103,0.3603562894722231,0.4783735538008731,0.15832341455596566,-0.40388426100718977,-0.06657817154016543,-0.7582052071937884,4.2,0.05142223970921811,0.7156308013340896,1.7,0.38,0.4685472734944196,1.35,1.0,1.9993865295680573,2.2851539736720703,1.8937914449077997,2.4596309601555384,4.995479798238426,2.0729773084734506,1.4028256110378219,0.24211470647654626,0.22231610627782905,4.569839104634939,4.2,4.2,0.596957086099662,0.031000970272448747
104,0.863660088931986,-0.23075552087577567,0.6465565623355829,-0.7284095909348671,-0.976341073338179,0.006321638370455407,4.2,0.3758201133603175,0.04956125308555104,1.7,0.38,0.6116866791837079,1.35,1.0,-0.9541126819172483,2.428149458000997,0.5559134284010441,3.1668382605033263,5.543002492077662,1.3872956786639408,5.963036732702089,0.12875178695570336,0.055086683868098944,4.557082868004305,4.2,4.2,1.6587726817943755,0.4783754165269953
105,0.19056639711778267,0.3168052871250602,0.9782532563943827,0.49157151297844104,-0.06788581946375172,-0.9725105924655999,4.2,0.4780238804598309,0.10736852572851185,1.7,0.38,0.8893151007973241,1.35,1.0,1.1600454959743418,1.622992046425778,0.36402557295605753,2.9727133461159747,5.795404713108595,4.5459024529139525,3.175408089761071,0.10916589648228088,0.10528046145601087,2.3206704800423226,4.2,4.2,0.627920740755927,0.12517088069108379
106,0.07156059310920182,-0.746196226407416,0.6145142465988065,-0.9832506214688903,0.037936781030408984,0.5621301385957358,4.2,0.7786833799452821,0.9986760469499102,1.7,0.38,0.7602618270465896,1.35,1.0,1.4115092573360632,0.6072437458351273,1.6589379507130164,3.6082304287077704,4.068659459654617,3.071739238467681,2.8994988019752648,0.061225459453317525,0.05952500811261707,3.606177281703866,4.2,4.2,0.6848301871088599,0.04844591445400587
107,0.22235762165742368,0.3881696308514859,0.43582934881448654,0.12267728080020102,-0.032229922495712104,-0.8119512580945776,4.2,0.6881711750682532,0.1376656768414437,1.7,0.38,0.40928103342495653,1.35,1.0,0.9301676045243328,2.760963918048798,1.0607732058700348,2.0104064662449783,1.2581358925787414,2.969360744144877,9.860883453089714,0.05557749040688256,0.07066826111928733,3.5302437671743676,4.2,4.2,0.5335757645338945,0.23326789012104698
108,0.6513547387051656,0.3735164054449518,0.824815269325966,0.5908410007576721,-0.17819003979004067,-0.6244601490934394,4.2,0.6007965642749975,0.34526985648359665,1.7,0.38,0.6977172200546571,1.35,1.0,-1.9395665743356676,1.1884799430523771,0.8769551796332018,2.5523732771435457,6.193985745904503,0.276015640649355,2.9491237169956896,0.1873437061099178,0.10105351001605166,2.563243233429949,4.2,4.2,0.8680147399551124,0.013153255230756222
109,0.4496779016103327,0.410432332750988,0.4703986985458578,-0.6455425462559707,0.2499020335173443,0.17088072702074575,4.2,0.15459649621954474,0.5821673627308768,1.7,0.38,0.1587019096924977,1.35,1.0,-1.4893531799263329,0.3051173393820636,1.7111209564773535,2.050321641978325,7.05034050885032,0.9260244964553571,0.614478666332655,0.16872425611095632,0.23045605371932143,3.0668695604930862,4.2,4.2,1.8498016391080503,0.3803942669299351
110,0.3897606724286128,0.20099486312725534,0.03638290040988468,-0.027017009194029606,-0.06725303841126284,0.10370474552479103,4.2,0.3825441381282948,0.423559500534358,1.7,0.38,0.35037764286500367,1.35,1.0,1.1889679463970975,2.040456308298813,0.5260924362085742,0.9598030358476983,9.113153267960262,3.535849867362736,3.8593015987661152,0.230106832960204,0.17021725446476493,3.5518363442808143,4.2,4.2,1.1536642323660433,0.2169818613990026
111,0.9864869024968251,0.13166842967153647,0.19001113031753736,-0.6804444105996041,0.6484381818550495,-0.5786334812699712,4.2,0.30053571442043625,0.7078071960106022,1.7,0.38,0.8996468744630112,1.35,1.0,-1.7706543680145757,0.46538216447407055,1.5932054803538043,3.2594887253020706,5.784644720366813,3.686439216932094,4.072374580279645,0.13746546308249807,0.16937141396319066,4.980138734313281,4.2,4.2,0.6912316373660029,0.08501164292128854
112,0.0009902576296476617,-0.9444448516163624,0.1621410060839752,-0.9030714020793686,0.25514759069604365,-0.6165145245787811,4.2,0.8275639718455114,0.9902913448389936,1.7,0.38,0.23901910008533853,1.35,1.0,-0.7000260840697172,1.258062828738017,1.9829703180361835,3.602374318636601,7.177911663443692,2.6569633301927524,3.3380947182365084,0.17314750796964784,0.23876492061396815,3.8595184919110004,4.2,4.2,1.100267026781794,0.34394722581030984
113,0.1136471853197718,-0.39891118779763657,0.7219720831743137,0.08526947918251371,0.2923249276437683,0.1457943111952953,4.2,0.04625890747219841,0.5946504623587252,1.7,0.38,0.08331877959272932,1.35,1.0,0.3182930584573471,1.9465939056345885,0.18082801118195313,1.9916177798643608,5.5781321191498865,4.85128165920578,5.061523010096468,0.1997172032181448,0.10026198977648673,5.54935380579667,4.2,4.2,1.8300318355073508,0.014787719079454587
114,0.35376581096140225,-0.8078668215090128,0.9279291583930952,0.23474326777267174,-0.537762554310854,0.8022338216059564,4.2,0.9718404409191186,0.41868258029454486,1.7,0.38,0.7102843399228254,1.35,1.0,-1.7374104218602358,0.873899568559437,1.4604364871362998,2.813077057201074,1.093228615106804,3.2886084063925596,8.257392564685919,0.09453829861209442,0.16266104666227094,4.117499060168159,4.2,4.2,1.4613062377300583,0.008830744233654486
115,0.6152472387672797,0.7471932742072291,0.39960670763334216,0.5091964862157805,-0.9842108540782113,-0.25605020369297615,4.2,0.1917478371621858,0.27907010756892414,1.7,0.38,0.6946635822559031,1.35,1.0,0.10959749870265068,1.8426488447733882,0.22408278316885322,1.7459729699364375,5.000855192381101,2.909511837609569,7.365324184949214,0.2227123818091405,0.23848637193647865,5.6258997708084255,4.2,4.2,0.6881648533043898,0.03389620611214872
116,0.2216822509678359,-0.8274841298200213,0.11110290913735332,0.8397961654810389,0.6701006349535499,-0.3618442648349678,4.2,0.9650841915659478,0.5460308118336594,1.7,0.38,0.982076271342913,1.35,1.0,1.7216938655310345,1.731884554764943,1.1540301712685723,2.834793384931767,3.7516830435507105,3.008165365389689,3.5257466533626842,0.2085946619905451,0.1502187690479864,3.289190826578454,4.2,4.2,1.9487260698801134,0.48405729164477684
117,0.8272358171034544,0.51777460167692,0.5439383204610531,0.46284076451775147,-0.30096564960007965,-0.1433701374392653,4.2,0.520265311034846,0.8323122362944146,1.7,0.38,0.9475372980952423,1.35,1.0,0.5787820806588209,1.664940707776096,0.830013986274911,3.357642522996539,6.374251862047652,2.323159122644807,8.652049740631934,0.09713818296751704,0.06625379534021014,2.367884950836356,4.2,4.2,1.2705836071175398,0.4661207736095659
118,0.18383646776951879,-0.7067476924473772,0.6791378875172096,0.001978068216875295,-0.34129212148522825,-0.42746284995677897,4.2,0.6288100087226128,0.27172393751234314,1.7,0.38,0.9689415484617383,1.35,1.0,-0.1364495525150078,2.433104796775848,1.9741123498298252,3.0494578498301546,2.7267664630451525,2.1543942186095295,2.7204453871289256,0.1651630955047731,0.2417446248069156,4.111412189808705,4.2,4.2,0.6197757994952846,0.2695480332596177
119,0.9798703854710726,-0.28799143965796503,0.06011370874821931,0.05375651863353803,0.1572866895820384,-0.7448858457285699,4.2,0.07528173507162139,0.5369266318750683,1.7,0.38,0.8941093856754326,1.35,1.0,-1.9581260729785486,2.692790126618252,1.9791532363390478,2.442547545280287,4.902189772776497,3.618759295365932,2.2920522950896345,0.15186861914179622,0.06174350752158311,5.949880499476231,4.2,4.2,1.3089434971995093,0.4488206790184089
120,0.3136285251907588,-0.10220024101470293,0.7627819945107288,0.6895464469048052,-0.5825483291330564,-0.29529115906328296,4.2,0.24368925156436738,0.5328312147949587,1.7,0.38,0.9259461392297103,1.35,1.0,1.8686022901219865,0.3760318671633619,0.22552682124776835,4.096848593431194,8.829576391186315,2.189187423397644,8.354569349872241,0.21878894083804956,0.18617117304302339,4.764860564123587,4.2,4.2,1.2128517158947822,0.12015064806891818
121,0.8616272983483914,0.6656569270918113,0.4805916975295945,-0.6475734757175711,0.6749790203403716,-0.6973551053160421,4.2,0.559326037299002,0.2123354536123938,1.7,0.38,0.41910758656835917,1.35,1.0,-0.5146867630817411,1.3078319620510135,0.48304870862024396,4.78917220261945,3.6735389229418383,2.1527909540904697,1.4918930399861972,0.10078014539112659,0.06368769437611013,2.8528713732414825,4.2,4.2,0.9916570559224761,0.4017424647451757
122,0.06644625119462677,-0.6990159108371867,0.7696085689423224,0.16134548299011242,-0.8666956512897179,0.7519725910366146,4.2,0.14529272892208456,0.09625827959804911,1.7,0.38,0.846838818264899,1.35,1.0,-1.0135298700977993,1.5893596817029214,1.0595268418417387,0.6599540890027886,1.7267597395205958,1.7659525617365595,2.6080308064629114,0.060230433795866505,0.1402106359828889,4.5335330286004245,4.2,4.2,0.9722938214026786,0.3976437601289505
123,0.4509561042085535,0.7452674964563895,0.1603602048904127,0.586530923361239,-0.5440616108976211,-0.9291597045524211,4.2,0.8898486042674641,0.13913951979593508,1.7,0.38,0.9803864739713765,1.35,1.0,0.8284873353736568,2.455796190449039,1.8061572427053496,1.0634925088813603,7.595222500313455,0.735416050121781,3.9441688251809115,0.2276903090907605,0.08219432011875441,4.5350082059866565,4.2,4.2,1.5397609675305748,0.1045648559315916
124,0.2141532987703727,0.15420234296120716,0.9822246778771682,-0.5431654122488478,0.0794435458556364,0.05660903041014698,4.2,0.7828253712621404,0.5585872460300165,1.7,0.38,0.7263314825937758,1.35,1.0,-1.322738522903665,0.5076440460562499,1.9663738980706194,4.468845671900093,8.107972195065535,4.463598167029025,6.950113686905455,0.08729929932775687,0.24946685502322363,5.7910147122458895,4.2,4.2,1.0021237788833965,0.1722237090929059
125,0.34370974074211835,0.44455979145478897,0.49677445426622746,-0.07828805297070263,0.6085181081022772,0.2218909899112198,4.2,0.2959001200659942,0.8430834251321522,1.7,0.38,0.2983866401460432,1.35,1.0,-1.9842794392571204,2.982432498395302,0.13739320783369435,2.3380298261139822,2.0909751052801826,1.869712238551685,1.974201716023829,0.06994296761001136,0.23386238364790096,5.33083781569747,4.2,4.2,0.5903264021970676,0.37587560628112826
126,0.22064417902898192,-0.4240023033838787,0.4591537282047623,0.052098990569524606,-0.5533192093669224,-0.364340101334208,4.2,0.7172617462410885,0.587990276945935,1.7,0.38,0.7987579013696933,1.35,1.0,1.7042737910511772,1.0685695835095421,1.49912119529197,3.556186228772938,9.71020064453747,1.0611187717527342,1.2472673167475214,0.2381019205402108,0.17172381636841322,5.711283712984574,4.2,4.2,1.2333291307693581,0.1839678537461799
127,0.7962574316178838,0.5186973077907906,0.6361200460900718,0.1970016964833392,-0.3130015669452164,-0.2651276352536329,4.2,0.6874500998310544,0.6518760791262153,1.7,0.38,0.38551609439867,1.35,1.0,0.3949904898051164,2.3927972214226876,0.6275775653649083,4.575686777495044,7.872824630021142,3.178430528400274,3.0948438498741795,0.196728450175097,0.22590168003524297,3.9715024808490025,4.2,4.2,0.9418782433715893,0.10803093571397132
128,0.5594527855183943,-0.21473747502780816,0.47169111534616215,0.1479264620186571,0.24550753133535297,0.33798356009989017,4.2,0.24108318979836307,0.43463419104917644,1.7,0.38,0.7270811410004417,1.35,1.0,1.9231070587067798,0.6103905981080614,0.3849387730452225,2.80790199061566,3.8413509497090894,2.927613690365904,6.645376094732642,0.060406655116868074,0.17735076469098804,5.99743407685737,4.2,4.2,1.0196393270690427,0.040795544520368876
129,0.24815240348169743,-0.669468216644787,0.9152500924608494,-0.018212218078338838,0.9229684716267155,-0.1330323604201693,4.2,0.533686777945646,0.7015907961710134,1.7,0.38,0.10024518064297025,1.35,1.0,-0.7770890799565588,1.0153158850147053,1.9252169512430433,1.0743561806097601,1.457971644837391,0.7245474693421334,1.5148190824805288,0.09424259008784541,0.19564238535043138,5.2791062737511485,4.2,4.2,1.9285663226574628,0.36004897551346865
130,0.6298146128750871,-0.2889947922313909,0.21454405639080454,0.034319622310899245,0.1973379351758442,-0.7955204623156291,4.2,0.39969868382522056,0.5608484167029465,1.7,0.38,0.27938071561052447,1.35,1.0,1.051025015692589,2.8568335940757437,1.9114746297924272,1.8217419477455323,2.1232923039088742,0.9007600625016982,8.69648784334474,0.12691160602378376,0.13830954166113646,4.942686637446103,4.2,4.2,0.6550956499292743,0.4400991086132737
131,0.7761635627042419,0.17445129210096888,0.7754839890242909,-0.6145811220221955,0.014043378262630135,-0.4915274828584266,4.2,0.1454400242854894,0.5099229752547589,1.7,0.38,0.09296384970731147,1.35,1.0,0.2732434768673917,1.3264905478424536,0.551668805431714,2.782635245392372,5.6317722666311685,2.123878886985915,5.928078470671673,0.14048278916751267,0.21739513739630478,2.0709049849658614,4.2,4.2,0.8636258680470327,0.2112621778548296
132,0.6225303974134667,0.7547663623902643,0.8656868453041837,0.3330809792927605,0.21344925053344865,0.9604732872023596,4.2,0.9019382159215062,0.9263949487615684,1.7,0.38,0.21435462456920196,1.35,1.0,-1.948405671003015,1.5186311525436056,1.6057193918397097,4.370982123091832,9.163687907191907,0.5167287115317805,2.0283991975733544,0.19381151411336178,0.08058777227356449,2.106055016990938,4.2,4.2,0.7781927871805316,0.22588379982330636
133,0.8546380153920684,-0.250505028966999,0.17110627959285474,0.3635301695845574,0.6267748284595662,0.12551679394061988,4.2,0.7211011743951669,0.30789074255554494,1.7,0.38,0.12147517597066099,1.35,1.0,-0.12546399712987055,1.2243215325449845,1.909596853892979,2.6582870973577912,7.27554765811575,0.308470675160363,8.020811628803145,0.23816950876721288,0.1300192101450668,2.4294008564821175,4.2,4.2,1.2465254195092235,0.22596166475500684
134,0.46770948638873744,0.5879089930411279,0.5117939646677684,-0.6545117088366592,0.3560090131931364,-0.5003013067864444,4.2,0.5677120148725913,0.1008830689660063,1.7,0.38,0.30462230174549526,1.35,1.0,0.6773723691133777,1.2621473581052,0.44419603287773146,4.7666252838267305,6.870554526869667,4.207687587448247,4.085573356005,0.11919021745630339,0.11944373279654288,2.320637738168951,4.2,4.2,0.69092655227514,0.3701655154718742
135,0.6168763596015296,-0.41525709093557883,0.7821168688553126,0.2911582470218701,-0.9076528135953372,-0.8645299342465917,4.2,0.7769804201862405,0.9231097219297326,1.7,0.38,0.6033859188407531,1.35,1.0,-1.9911831231799955,1.465785401235769,1.2248446457318598,1.381384753027296,1.420270729482211,2.977610456551257,6.093428014023334,0.1448012628839214,0.13571204191633096,5.923654125375654,4.2,4.2,1.3027778399029537,0.05163284367097798
136,0.6516742246274604,0.2749544735811418,0.03932309583755067,-0.7530870607733136,0.16862208601567685,-0.4775011912924918,4.2,0.7846067654655442,0.916120912932446,1.7,0.38,0.9161600573671072,1.35,1.0,1.3489430045185533,2.583766976002086,1.2161226661494011,3.3692237646228227,7.879232730313099,2.5263552270562055,1.0184812898484976,0.1315496392869186,0.21662094662417591,5.5247075569992825,4.2,4.2,1.3139988225814974,0.44838470153618315
137,0.2049679895827229,0.15201952737751712,0.1410323696713065,-0.839941476242285,-0.2039594856368867,-0.3451599155659264,4.2,0.3116202784802997,0.9541698822547513,1.7,0.38,0.7638395710977144,1.35,1.0,0.5747076400232887,2.0392975289160384,0.9486859124278846,0.6575584925042068,7.55025857922021,2.4742949288018066,9.570170225021187,0.1775747375892523,0.23432220900593592,4.611035441981263,4.2,4.2,1.6195912941458674,0.40998348433508425
138,0.5489883360814898,0.7070182561157887,0.13173314547967951,0.6757633683528441,-0.0891541169762049,0.5726173524222098,4.2,0.6388471509092499,0.44087187083301993,1.7,0.38,0.8323379320925357,1.35,1.0,1.3566109034303007,0.9822838199724451,0.7484988244051525,2.576925882920563,6.627807110071814,4.331864949599417,5.921734168301087,0.09902642570889575,0.1928301714819889,5.99096499065002,4.2,4.2,1.1787212835947587,0.23008546488622794
139,0.8661902257562174,0.4316196574555815,0.37303816123161315,-0.5474546503651951,-0.735148721685293,0.1720588171638444,4.2,0.6892869042479536,0.44888247722951247,1.7,0.38,0.6289013238957144,1.35,1.0,-0.0889493029484556,1.9692686175879086,0.6660632664600479,3.1843025232705804,7.943304611908997,2.911563424410932,9.88477013623615,0.19615121600798902,0.2278859928744515,4.471072836048433,4.2,4.2,1.3295503039607217,0.3948545812118856
140,0.04257124859564643,-0.37638523611643704,0.8851750274120546,0.4311819169655924,-0.4383196626379209,-0.6832589319801787,4.2,0.4965887931385149,0.6382525067500143,1.7,0.38,0.6186764708599777,1.35,1.0,-1.1420226744436968,2.5145616048613935,0.54562373385845,4.707216418316292,4.545478609230674,0.3657851598711438,7.241105846194188,0.11124766197215954,0.10814239715450434,2.0350507278709626,4.2,4.2,1.3248488998351358,0.24990119961343893
141,0.1581034186457979,-0.2198040244034889,0.870345175782812,-0.6276042938545978,-0.26035182983058314,-0.41776999551474114,4.2,0.2060441861940584,0.5792352495015445,1.7,0.38,0.5430207049390968,1.35,1.0,-1.9745713782333385,0.26022095228234515,1.3020773030870276,2.332823709788361,1.4014277968924476,4.761082838999344,4.987732093331047,0.227750337540561,0.1869943958228561,3.8884277392907176,4.2,4.2,0.6228454557641012,0.277112083239289
142,0.8844666626954031,-0.8755504171568025,0.6659028896976402,0.6850664780007725,0.6396461777333231,-0.8687209736692079,4.2,0.00038918071005999977,0.2390704129476745,1.7,0.38,0.7488499154119148,1.35,1.0,1.7758267784524926,2.184418190501585,1.9719364617996047,4.310955677993383,6.107153065123119,2.7023012878456036,2.950083917227804,0.1695489622903457,0.20981169378458203,2.826142840024415,4.2,4.2,1.545092054687358,0.3473304677432572
143,0.004444799521206799,0.5673889501265461,0.42042956638097917,-0.6886584605095474,-0.5444317116670354,-0.6095536717515755,4.2,0.23531329208746654,0.39553541607765375,1.7,0.38,0.8044147736404441,1.35,1.0,0.2521767125658019,2.954010873246917,0.28587343311727453,3.521213670724464,3.9580726082519817,0.9643783679797668,7.150645477823418,0.10153261217442032,0.20100332677970967,3.9013374210802456,4.2,4.2,1.418563840430485,0.13286432824313632
144,0.8041966675146325,-0.13769282697478813,0.06412985221154333,0.1105155932819959,0.7667322138828128,0.6151531721426164,4.2,0.9409975225608016,0.5672027314601557,1.7,0.38,0.23436144799754757,1.35,1.0,0.055975327028928934,0.939265055530511,0.48696811779927995,2.6874052617960964,3.4775226764922076,3.4171200080143946,7.966930870042201,0.19712182895899116,0.13953726185035947,5.2301720503112,4.2,4.2,1.6602330609040046,0.2738361208183565
145,0.9876503735607135,0.5928882821256665,0.40788610480684095,0.20951992163202937,0.00887782619180788,-0.9376545613273999,4.2,0.5002786276389358,0.09897907569086051,1.7,0.38,0.012462606729031439,1.35,1.0,-1.5491638552488984,1.0413321364525152,1.4790647276241908,4.780988662792852,7.174082783323617,1.0260605495157356,6.587347875395497,0.19564942937838303,0.11879295826160703,2.8942155672989087,4.2,4.2,1.455736842717404,0.25148415934774476
146,0.18485679900813834,0.1513277862732112,0.7208588280282577,-0.7162902889827627,-0.15812744092352382,-0.9191746938166934,4.2,0.6007260670538273,0.13379275830077275,1.7,0.38,0.024527870549887365,1.35,1.0,0.10780221027723069,2.8085742627737407,1.1018227681946124,1.5405964042969962,9.405736370258778,1.1511652696909067,2.7380972249985085,0.13412597729987147,0.15473701276529295,3.966242207762668,4.2,4.2,1.2462141113325695,0.22846926805200274
147,0.9092787973927136,0.9568154343561741,0.5564674448924373,0.1373615677308302,0.022799311772880637,0.08655605116295595,4.2,0.26778668797041905,0.5878719684935498,1.7,0.38,0.4057216235040539,1.35,1.0,0.8767888857060266,1.5668186591799524,1.7691052239692333,2.020029176978584,2.460654899157971,2.7861596614337727,9.625968080645446,0.11060833303797768,0.10685168037049633,2.220820163865833,4.2,4.2,0.6124164834484747,0.12348402925722035
148,0.002995020652254876,-0.29252838058487973,0.3310110628838402,-0.11675126827379545,-0.18835867236716397,-0.8207220865427167,4.2,0.4197086862373952,0.9755738369733943,1.7,0.38,0.3577077124161108,1.35,1.0,-0.12841685512366796,2.331359067774415,0.9114961930258518,1.283122616592014,6.279877289946763,1.0607361998795295,5.616946107600912,0.07295609135491517,0.15906125745107885,5.74376550723788,4.2,4.2,1.7966566621928133,0.1472641222818583
149,0.11193393952070718,-0.68861215681206,0.39883608765048706,-0.446842305220847,-0.8914704956155342,0.1357212997210191,4.2,0.189024636670013,0.4008799679086673,1.7,0.38,0.17630518509920293,1.35,1.0,-0.1619951310333021,2.773630097485939,0.6298793365624356,3.1599958452773778,6.262179933642253,4.794733724938847,6.199481563937942,0.17471728485849372,0.1781005593785644,4.956579986582764,4.2,4.2,1.561330052987765,0.08660210442413763
150,0.7040431692080311,0.6043921082887886,0.3995291162105685,0.4774072694675615,0.45553471153462866,-0.1875071927524854,4.2,0.4572503086542715,0.7055030912682364,1.7,0.38,0.5219993891770303,1.35,1.0,0.5756707405577717,1.4787326369280942,0.028246787108624938,3.2574914306298095,1.9628166724032794,2.8585056165694196,1.5591176259845234,0.1642575432636732,0.2387132993800422,2.8211733731092794,4.2,4.2,1.0583535463493623,0.2545329165269136
151,0.9488461262189719,-0.08041515968719493,0.6008417291358029,0.07116911340906151,0.30244949887056216,-0.4364421058999022,4.2,0.4003640136025771,0.08505424548722451,1.7,0.38,0.47226849380285785,1.35,1.0,-0.14304620134838864,2.0729993275698684,0.09292077433887358,1.9198879654853198,5.265334699714375,1.4178014840391788,6.508845793197564,0.24035919106572,0.15789715964641649,2.626509963149001,4.2,4.2,0.8229617084521068,0.20736950454263609
152,0.5621653384651727,0.3333424549471218,0.40394832275010684,-0.6211208311332963,0.6204502261502116,-0.28051791812956717,4.2,0.2963123719111763,0.9713383941759717,1.7,0.38,0.6304983455129461,1.35,1.0,0.04283327890406108,1.4129197175624342,1.9618497319901296,2.1238070395593,3.1963806893349456,4.535131669009953,9.992813296614461,0.15767793864178736,0.10123648678442865,4.340581429349358,4.2,4.2,0.7365565762139646,0.4526632280920504
153,0.3839637910226127,0.484035754709756,0.676474743784068,0.5531549970055751,0.8267238231217504,-0.41639392582243473,4.2,0.8935322513247764,0.4609788200621623,1.7,0.38,0.10187207742004438,1.35,1.0,0.2884619344911856,2.3282717571372764,1.0823882711856225,3.8658072393766214,2.0069540926952047,4.154095450703125,5.340154173396577,0.1874514311324667,0.09084561614959363,3.9701498451634825,4.2,4.2,1.924270729046651,0.0808214451766407
154,0.14230462266643773,-0.7565118278803076,0.3762599547615998,0.08125923377451305,-0.6273015543293314,-0.9302393673687641,4.2,0.8006627432499606,0.47085566348764085,1.7,0.38,0.7905000501360022,1.35,1.0,-1.769765936428405,0.12107574430455106,1.0293886512517811,4.329778658979816,7.771562009809161,1.3526194268173666,4.2533166771419015,0.19298959096941404,0.23584705527715955,3.5991914266010654,4.2,4.2,1.833257868641899,0.3559306206481446
155,0.5931294575818447,0.18911840831477478,0.5029778227763176,0.9593932501983216,0.7150941096219166,0.37887026065939344,4.2,0.6272915075018335,0.3895279189223907,1.7,0.38,0.8312192787077088,1.35,1.0,1.5339680272479357,2.89424183210619,1.6780810305550897,1.4308512941919518,7.811202057296429,4.427788471986628,9.53972623833483,0.11018851032931298,0.24432196853965876,5.716904421123008,4.2,4.2,1.718879690912505,0.4743751367672937
156,0.43388275315247204,-0.7133336900199654,0.5524943909289902,-0.9954273623705485,0.915667826498834,0.7181678724646468,4.2,0.9055312028194027,0.46873835644966666,1.7,0.38,0.7524576684200953,1.35,1.0,1.8026419017004391,0.8606955904857032,1.0018921715241802,1.633432329059053,2.9376817245146154,2.0363924581678914,6.779581547189507,0.08485991578117555,0.20363693890621787,3.3454063052627734,4.2,4.2,1.6648182195461465,0.4060838066745001
157,0.017645362935198583,0.26343197286459064,0.5707234455455157,-0.6698844650369684,0.2124868759029357,0.14125440318899685,4.2,0.5957180909678778,0.3352114969829376,1.7,0.38,0.10463450346500659,1.35,1.0,-0.7811207596872443,1.9756103197616814,1.3842494105999243,1.6282841721991461,5.770655648744013,4.413099515447528,3.8919014118933215,0.06595767004638009,0.07624419032280644,2.431005967496946,4.2,4.2,1.5483967071423757,0.42738269531849515
158,0.48850398557541874,-0.3261642789694432,0.7534440999558195,-0.7793898729439437,0.020331455056731063,0.9531433471533837,4.2,0.42127199935591897,0.5468258905126605,1.7,0.38,0.7295365821304514,1.35,1.0,-1.4123036540960565,1.8547661650011922,0.5175208096411734,3.623255535460017,6.379487210435346,1.869099268998465,4.7980858566973374,0.15436738678239736,0.0859634459703818,5.506785826880108,4.2,4.2,1.8313133056446411,0.06077385192622409
159,0.0661474711287382,-0.36710027221584807,0.04562535595521444,0.8132045693888366,-0.936398466491315,0.8290302445394486,4.2,0.9115051560527873,0.9063825015929985,1.7,0.38,0.7539332572878308,1.35,1.0,-0.49208410168748395,1.6160802672041537,1.7463675896572168,3.5701260900885496,6.008403550702893,0.32365269762204774,1.3486844482015556,0.1583847022034648,0.21760110826882767,3.3496856689316785,4.2,4.2,1.512879271469406,0.43628522386242796
160,0.3361613373889536,0.0015284081266084826,0.7337358837655494,0.7105058873749133,0.8922294422895423,-0.3782598790328624,4.2,0.5026804361728313,0.3168777216686438,1.7,0.38,0.8040724121202718,1.35,1.0,-1.6203399875201412,1.3399802463090593,1.7140980720230807,1.9918384505939448,3.3486116166728412,0.7067043051114498,2.465623689887183,0.07509804409740493,0.16766832282169897,4.8320923499720685,4.2,4.2,1.7411214141749556,0.09236926819896457
161,0.38262802157075926,-0.09386388469543183,0.792767481157667,-0.4500301335738184,-0.7971267668434623,-0.7864315249166902,4.2,0.6478418169285471,0.235982747803955,1.7,0.38,0.32634671900289913,1.35,1.0,1.4733028406706965,2.5384216005353184,0.888201862927881,1.4157260564892216,4.905869443899759,3.2978309511594124,7.6288559748385145,0.09194634622317865,0.23449692085598667,2.5474796044947023,4.2,4.2,0.7615672022622708,0.16365806933555982
162,0.9760048288381764,0.9902050121369461,0.9974073281177878,-0.9535835638204004,-0.421945164161069,0.3618830078234183,4.2,0.34075525709303134,0.43623974463660586,1.7,0.38,0.1360057315620987,1.35,1.0,1.743018235291811,0.8245797188004689,0.6674302408837198,0.5123803381484839,8.698954824994903,4.384624652510033,3.1707380544830572,0.11669710561800305,0.07889003537869384,2.325911685668923,4.2,4.2,0.804079233847635,0.19658147964365769
163,0.605521212273315,0.8848052895770937,0.6538330239883471,-0.46114346331109113,0.5893637353681334,-0.37831198287526835,4.2,0.1843951413951862,0.24523570875996703,1.7,0.38,0.544940696882067,1.35,1.0,-1.2506673111642428,0.9751350509168993,1.7820753260891613,1.2206781136026916,8.478539695196837,2.421539191826914,1.1152014541417987,0.1704804987165015,0.06762234670986783,3.7028262060804438,4.2,4.2,1.231201292217338,0.020154816759334337
164,0.235922411257518,-0.23269127428949,0.5032800973036229,0.3068513864240783,-0.06997594797817941,0.9272670578848936,4.2,0.7050137767259738,0.7433296898431796,1.7,0.38,0.7782075686959152,1.35,1.0,-0.8026695630532101,0.5713417444986064,0.6460929020905988,4.314203313592516,3.045214789307743,2.0219329404286723,5.30508584161326,0.14622024510963416,0.16254303521998725,5.205354928157412,4.2,4.2,1.5370014681661364,0.36696160509779563
165,0.8866706529299544,-0.22606392117730745,0.2054463081020136,-0.07069514531624388,-0.09224575987020756,0.5479144593943048,4.2,0.7997358078026258,0.7511587401061082,1.7,0.38,0.49619359569904353,1.35,1.0,1.530168643984433,1.5766347868083619,0.6818290298287204,3.8581748284678783,1.37209980915125,4.308844334751507,9.304420671738278,0.16857624203912847,0.07423271885556178,2.965721675652267,4.2,4.2,0.9384737788669372,0.24666300451284506
166,0.15787278604812416,-0.5099092617700305,0.9526543107139211,-0.9045624577365796,-0.586407803924742,0.6494878388074428,4.2,0.8101265648127076,0.5497361721186799,1.7,0.38,0.6451090747121236,1.35,1.0,-0.11594258390305923,0.9526468267127133,1.2751847123070215,4.495535845879351,2.2642745954167833,3.5399083785931564,6.6839320603646994,0.22550849619185703,0.2237797199673151,5.5438891716983125,4.2,4.2,1.4241602671386078,0.29748202201108687
167,0.41522583156393955,0.5088167199083189,0.7730997037428119,-0.9694818910673018,-0.2933547295958334,-0.4459560314555622,4.2,0.09136079842390032,0.6925754568721152,1.7,0.38,0.4939501148829361,1.35,1.0,0.16526279108339414,1.4253445934503284,0.39344568392970714,1.7444931083919188,4.029411622865663,2.3726452775423548,8.70875430839386,0.16414748833768902,0.24675585234184,4.104209148774984,4.2,4.2,0.5635487833026498,0.22264900016922878
168,0.2790515995800352,0.21453266933040238,0.42170847441881665,-0.6602832201749118,0.8633105200466584,0.7036168206904359,4.2,0.7156737467059873,0.9921618809227213,1.7,0.38,0.5285561823668917,1.35,1.0,1.2013356694495498,2.6990437777272787,1.809665762585318,0.740637047037114,2.924420347270532,1.3720981040541136,4.499450879896269,0.21122704138922355,0.13615171467087328,5.893528824195254,4.2,4.2,1.1182330116642132,0.41326625818170043
169,0.6483373588447465,-0.6799194758523044,0.5016681861042221,0.8616843569669672,0.38971243530165567,0.3320722395502873,4.2,0.043651115624035786,0.03876437849197745,1.7,0.38,0.664341255872252,1.35,1.0,-1.8957640062770653,1.1104941616878459,0.4607919086169352,3.919039930905224,7.4361830159086315,1.9151727249172767,3.587927480546592,0.18916627190812352,0.15648146231715743,2.216421134424444,4.2,4.2,0.5259060735872945,0.22263375698275756
170,0.04062540086784283,0.07757198394656295,0.530386507419204,0.6602054220342468,-0.0997775988914873,-0.19532368720552706,4.2,0.45594039843788803,0.727864942722117,1.7,0.38,0.4880596132711936,1.35,1.0,-0.636145237968412,1.6724663515966907,1.7464621016193882,1.9190602203076965,9.349935058650267,3.5277491806830716,3.158553725587888,0.11412558436542158,0.11738364975402012,3.3421944541161603,4.2,4.2,1.854131893291209,0.18671811372183872
171,0.13761188099747712,-0.4983200149370193,0.20713196480522678,0.10355625591830653,0.09461415380701665,0.8430147975054034,4.2,0.5809085291793418,0.8138305251444741,1.7,0.38,0.9663764453210631,1.35,1.0,-1.0898841064014544,1.1655776492706822,0.6023030645640364,1.4536362898458917,5.03046633395088,4.256108263243792,1.0019619498341983,0.128215401204131,0.16971570953808648,5.103967554293978,4.2,4.2,1.0673963245118872,0.3421933872089089
172,0.04003498737603162,0.9144401840623422,0.42326889053064587,-0.14740539964498645,-0.3564611871543837,0.7544623838055078,4.2,0.9155418433332131,0.7361661760703625,1.7,0.38,0.854996127205516,1.35,1.0,0.780765371304303,2.0785666835946652,0.9337472635159836,2.66977142968605,5.758252596055327,4.854938171401899,6.427130385056399,0.20650153411694216,0.15609768072063496,4.463428022735937,4.2,4.2,0.8846627761092427,0.10149603494581327
173,0.5243600750294274,-0.8776394165472687,0.49678275167527053,0.5559346669762202,-0.3238000140962838,-0.8733383953336411,4.2,0.6205527089626338,0.6060937306477803,1.7,0.38,0.9466756272468246,1.35,1.0,0.184984703096577,0.27933680021250473,1.0223929891505659,4.950802432898028,8.045526374339964,3.006051697943914,9.74305126685528,0.10989829836663756,0.07578996027370631,4.232093529586233,4.2,4.2,0.7058945654177649,0.18691149617132324
174,0.3465688871369712,0.4352728018765255,0.606973310571406,-0.2351552686492837,0.01247373592042722,-0.6062382308482153,4.2,0.7526923714082732,0.13820747026844515,1.7,0.38,0.5589872842594927,1.35,1.0,0.07073218069840825,0.870915483053927,0.8654027669753634,0.9941465209991569,4.753678643428776,3.0093729919964933,7.602090147899935,0.20890272758528045,0.18786445741199398,4.225492003803602,4.2,4.2,0.5834172253666592,0.4887346763234401
175,0.4839185862087635,0.4505300787988533,0.15802385343033887,0.1632386374673822,0.4509023506916845,0.7616994345743682,4.2,0.3511712522881393,0.2105507561789708,1.7,0.38,0.4032161087996508,1.35,1.0,0.820277522256561,1.9920310200550364,1.1388466914473936,4.281339433488566,6.659504353248326,4.9521778423285205,7.481329744991014,0.19105541301744272,0.17128257055198673,5.560504090716103,4.2,4.2,1.890233019608325,0.4631430555998026
176,0.38212924627251943,0.6709724676003661,0.203238388397589,-0.2695380852425848,0.6682141452845807,0.04731798076036964,4.2,0.8862573785468245,0.300820149457403,1.7,0.38,0.599254333056986,1.35,1.0,0.16513483870346768,2.0393402556432774,1.6094619196660411,3.709824512642669,3.279910817343452,3.1414153699727896,0.8846817972218262,0.06437634438542979,0.2466692641560963,4.332772823130139,4.2,4.2,0.5511595670793041,0.3262720520433966
177,0.8946512040573767,-0.34859884485118364,0.7959011265767716,0.1726668043335211,-0.5311761819892689,0.9422270190063888,4.2,0.9903356725694761,0.012575802465200403,1.7,0.38,0.6188471879974033,1.35,1.0,-0.14736012552644606,0.8348657340451936,1.2731523440827117,3.4498306277225583,4.658619597477555,0.46693494754210496,7.5748981373413935,0.13204625364400016,0.2326255325993189,2.1137510661687253,4.2,4.2,0.84710228677426,0.1266364968284765
178,0.37962278515863745,0.9129788876906122,0.8606310687545472,-0.8826730250383172,0.06733403149832196,0.6215414292072403,4.2,0.5012297530242316,0.3048798001606656,1.7,0.38,0.9186123020394982,1.35,1.0,1.4987268425800742,1.466961579637496,0.7155080419016384,3.1341239768948888,8.790645894992686,2.793533528682577,1.8170064250752203,0.18952108022380793,0.12897676904514704,3.1200927103290548,4.2,4.2,1.510714207863301,0.4962862312636386
179,0.030508478708106135,-0.04915053915247847,0.06246870007798755,-0.72562430194514,-0.4760023070811208,0.9543187546684109,4.2,0.003944755163995284,0.1017544307804199,1.7,0.38,0.44934218087509603,1.35,1.0,0.600469975498295,2.401827694943061,1.8871836746943536,1.1488499938142547,8.436316311344175,1.1185571784602804,5.463335993423642,0.15640605119675202,0.100141851378894,5.4040619140313835,4.2,4.2,0.522817756935422,0.2365480186441689
180,0.6491661667849845,-0.17439512600271412,0.5519143553438941,0.3338977048944265,-0.3776377828031421,-0.822340191011329,4.2,0.518522624696383,0.8151570407775645,1.7,0.38,0.8134995630397128,1.35,1.0,1.0287990470174035,1.8631613228897619,1.7641557891302102,1.634521416198976,2.68629204788453,4.786902960252108,9.514506941548547,0.10995139958384155,0.0839767543628432,3.705930419199336,4.2,4.2,1.3951907243232913,0.22188702585775805
181,0.6628323477697288,-0.6862688724264558,0.47272870094566466,-0.6541498227316884,0.3561625607252086,-0.2261237623527459,4.2,0.03022917283882509,0.845682550512996,1.7,0.38,0.215904599763617,1.35,1.0,1.1747677833987815,0.8663610734696412,0.8667425025303912,3.2737870797643014,9.252426689760394,0.6438584509392093,0.5818399850005445,0.053253417505926964,0.2297664885549756,4.4398975965051815,4.2,4.2,0.7441518140608765,0.3662021428424122
182,0.3329827263731049,-0.8198760522146513,0.5096665891612541,-0.9964386269719001,-0.37736287078193587,-0.2971700977999636,4.2,0.3426160714659423,0.6502502686016906,1.7,0.38,0.6094166263243586,1.35,1.0,1.8881099373159063,1.6603602707593093,0.9700425333437326,3.2288774687134794,7.086350362551175,2.416480088920725,3.552425741605855,0.23428072183094817,0.05656039828596737,2.7875853381822187,4.2,4.2,1.3480349443459514,0.4635171460054476
183,0.9325772433342376,0.3878404374272606,0.9685296586736296,-0.9666665323254313,-0.5186274640664352,-0.09284642559517975,4.2,0.7109695308023161,0.28415213609190726,1.7,0.38,0.5283500890448811,1.35,1.0,-1.1818818126602784,1.6084082533285209,0.7088178887648917,1.5644748085433577,5.236378762294559,0.5277549993651747,3.079798177220058,0.058976420791007046,0.20829626561342596,2.9137385821248327,4.2,4.2,0.659461489930139,0.36270895389651325
184,0.29349448509172527,-0.8409250199108043,0.7243054459740905,0.8479699245969561,-0.47761125881341826,0.08524508062665692,4.2,0.3103911426157654,0.022605226944484524,1.7,0.38,0.4378260161035089,1.35,1.0,0.6629280240865043,1.799120135164405,1.1229587629803388,1.3767254999913425,1.2304839378456616,3.9551461325533293,1.5641991425852915,0.18866464608184252,0.053087359560174435,2.4997744596202076,4.2,4.2,1.5248380508186228,0.13997416917504346
185,0.7440451035872393,0.7658121488364382,0.5392643558215302,0.1693804364423548,-0.5119686308465505,0.39449488846539205,4.2,0.11712670012345727,0.8160309942591332,1.7,0.38,0.5146743322552572,1.35,1.0,1.5415647113044235,1.5176405865629945,1.2391087207799207,3.202491557356312,1.5559899939742294,2.065222133175113,9.145391893675553,0.17985340065238536,0.09667759684137991,5.2877480331295015,4.2,4.2,1.0790174212191073,0.47916509114598754
186,0.029136769544966468,0.9780126749456384,0.39861499276871515,-0.29685030451579775,-0.7192881770177313,-0.997626343506699,4.2,0.7560117878726607,0.5305300667784887,1.7,0.38,0.2723436363341606,1.35,1.0,1.9191305586040608,1.0751754457117795,1.964019327326631,4.332017659860604,8.985962274943574,4.338736549119574,9.890526906967363,0.1353603320521392,0.1723362676964854,5.990491610039699,4.2,4.2,1.6993102776516373,0.43627608873362006
187,0.8559706173891718,0.36726757666590304,0.9798916104353083,-0.4366018021985809,-0.7355753503350413,-0.6878426477983355,4.2,0.8601393894588006,0.8227417004012499,1.7,0.38,0.7843413054936252,1.35,1.0,-0.887264930141467,0.18204512257185806,1.0718851912487661,2.953621485334667,9.80121363163363,2.2136339575500323,4.015263603367181,0.10895354112243337,0.20280931937576024,3.4814232979062645,4.2,4.2,0.6043902083650332,0.18214847186621191
188,0.02997701386351792,0.8197582486642365,0.5857878740889292,0.2034033218356024,0.9579857507163401,0.43736528078049686,4.2,0.6490972368990839,0.9019990694720968,1.7,0.38,0.9313189108541997,1.35,1.0,1.344965881217786,0.1595051403505434,1.082176130273096,3.8207882437622147,2.553139952762822,2.7015318929170298,5.784583984839649,0.1636517493483574,0.06520348916772119,2.3827152984330717,4.2,4.2,1.6270808990464818,0.23200310574960864
189,0.9953235777443963,-0.350540646554798,0.6087828605795218,-0.76106325486005,-0.7555799818551441,-0.5299357232970547,4.2,0.4246107547564023,0.8082272059252537,1.7,0.38,0.4741228704755573,1.35,1.0,-1.5789596220283997,2.5099446395716494,1.183548669618911,3.6008165091013002,4.505785487426525,4.5580048657964864,0.555513767079223,0.06762516295859261,0.1989749644065048,5.302381158258251,4.2,4.2,1.3301309926829528,0.489218421497256
190,0.870062424221147,0.7371294711586023,0.23225420285370824,0.33023890952502444,-0.6557986046815336,-0.07363637037371018,4.2,0.8562133834670947,0.1430646226110176,1.7,0.38,0.5633845450757127,1.35,1.0,1.069688976260355,2.9384619833050296,0.6951417879611363,1.295482495335897,9.546903077495477,0.26321938487235297,4.084319645825384,0.1682645420327316,0.161701979225234,5.533433116159967,4.2,4.2,0.8552530201435637,0.30619501555970113
191,0.4538588329410215,0.5321429341071633,0.5011471195324559,0.5858366890901048,-0.8904110239934064,-0.8835320760941321,4.2,0.07006419435943334,0.8133164367612489,1.7,0.38,0.5757000213795725,1.35,1.0,1.1130275430731005,2.8788308514031087,0.9392315952827517,1.7648098506258507,3.750394674767501,1.2958576833524396,4.6120397493565415,0.15056426747710308,0.13093855102261379,2.7386795392476513,4.2,4.2,1.7992249475066553,0.2137512469181932
192,0.7223145352688344,0.9490586121971241,0.9874870050947963,0.6764101838145353,0.600106287724091,0.424642998775685,4.2,0.998409529481095,0.7322160866155756,1.7,0.38,0.5949176077064671,1.35,1.0,-0.9757522193302401,0.902331300707501,0.5725945741930514,1.9987905176279148,1.1608813603516481,4.055420431475133,6.522773757384054,0.12683408926290807,0.0967489978450946,5.393742941263607,4.2,4.2,0.6958006051096821,0.3211241391723965
193,0.07515068602313868,-0.3359975170411915,0.014059460979392702,0.11660323158623243,-0.06418886828247294,0.4408547082601164,4.2,0.8293662375381223,0.9034984344477702,1.7,0.38,0.24173587625720064,1.35,1.0,0.2134910255145983,1.392996510632797,0.28668417321827144,1.7456438075325822,7.196213684913014,0.5942151778883876,7.078802148545956,0.20869773274983583,0.14327372184658532,5.682735852449131,4.2,4.2,0.6931280847709662,0.2713545774388359
194,0.8148330537833867,-0.20424192303426025,0.9937402396641776,0.39095217567366136,-0.1984795201759435,0.968042307749023,4.2,0.05123828129591246,0.8423610323354361,1.7,0.38,0.08764750716029696,1.35,1.0,-0.9148262936652563,1.9134121271370528,0.27881393148936784,2.0674739436348455,6.897319506509987,4.698794637165023,2.9851447121480654,0.19739070741599085,0.13716931109549463,2.681252720335235,4.2,4.2,1.1585957907462454,0.2306997860558065
195,0.30579929562726926,-0.5243983541062975,0.20031262395702243,0.46422508896831416,-0.39001395251633464,0.368630059930632,4.2,0.9684279569131875,0.6801734475062813,1.7,0.38,0.5131290642119649,1.35,1.0,0.0791901657264189,1.9209818717217928,1.4197710284055982,2.910922185298897,5.2723543728491045,2.1355183296699676,7.66453885882028,0.12212124158500132,0.17261005363175752,4.03964218178244,4.2,4.2,1.8521380009437687,0.28082118414757407
196,0.9295400308124901,-0.6349190230342661,0.7183363648767479,0.953703767504251,-0.7968249056685184,0.39036115446792397,4.2,0.7915948577613577,0.30695703282360876,1.7,0.38,0.9641209747373305,1.35,1.0,1.2469563358029578,1.4206351124537016,1.0099013209558543,1.5927684212826763,5.280800981358935,4.554953543196669,5.212514108212315,0.1647686653386412,0.056345438331495946,3.0021275214061567,4.2,4.2,0.9439651002344293,0.39245469532990856
197,0.980836704776098,-0.034723982319788904,0.9591114490026622,0.21636170796275422,0.40364087316261776,-0.4104735630175438,4.2,0.057506643645820144,0.34246766572810694,1.7,0.38,0.9298124206544945,1.35,1.0,-1.7503623749730979,1.4086343195648423,0.7617161246303119,1.0349115168981406,8.65378536438471,3.123066207301115,9.064777631691996,0.20387560601805488,0.12757262822700532,2.831345274919249,4.2,4.2,1.5098280982677508,0.23401691219637422
198,0.7676237742624027,-0.5425428955272773,0.35903151351777385,0.3378429878306384,0.5716338602786013,-0.7805467055731967,4.2,0.4820053105762484,0.28711399382502534,1.7,0.38,0.23871087870024024,1.35,1.0,-1.1646762184491912,0.30450447120267515,0.3588339676973631,4.621766589649983,5.593962222441453,0.14575238022813272,2.69059492208308,0.20541035682794356,0.11326385048170753,2.571508473516476,4.2,4.2,1.6367101100627686,0.24261270942656304
199,0.03693321191425181,0.8719813281627236,0.8727033414697195,-0.6635310148711824,0.688191989369161,-0.05580589023475335,4.2,0.3644043227339494,0.6894359247228328,1.7,0.38,0.16176754703127308,1.35,1.0,-0.404007294578701,1.0009084399048853,1.3357784796613172,3.2607990835145717,7.50750948189784,4.6937740790180325,2.6259911726085385,0.23110030412211569,0.20680250235678188,3.630913845122342,4.2,4.2,1.4020879027047672,0.15809532715544344
200,0.09008458240712203,0.738517196637287,0.6942509192716614,0.5704148093942529,-0.24765501613958563,0.05593910107974209,4.2,0.9341902048089687,0.4722719829765808,1.7,0.38,0.25107324895364147,1.35,1.0,-1.524412133966917,0.5274682336690357,0.8777988926917575,4.520118778777748,8.650497220805576,3.7840203537861536,6.349281569125152,0.20467916837808664,0.18207380489193736,4.645888937724895,4.2,4.2,1.6856251566500138,0.22494907552620153
201,0.6506891646552437,-0.5029394943445953,0.7088581172037235,-0.8802052969054406,-0.4730651762851197,-0.6459025736912878,4.2,0.9093361890458195,0.5772138290108257,1.7,0.38,0.394067918598391,1.35,1.0,1.2495710214466738,1.2884479597883172,1.5317199457938055,4.088975910104884,4.551692327058513,0.9078025528071757,6.928965634669593,0.19226256211543125,0.09443288681806031,3.858756171847791,4.2,4.2,0.5113072584103393,0.41463198537401313
202,0.8759904130168169,-0.20491138472216042,0.6727895139759834,-0.01896351396420637,-0.6304256024321857,0.7804155967373356,4.2,0.34127605580425013,0.33364520820483146,1.7,0.38,0.4284502065760053,1.35,1.0,-1.2857367141148188,1.7622266948086975,0.8488158454920829,2.6239050176251837,8.105922994340794,0.48667021976166847,6.116769115017134,0.1538653570771558,0.14264233418355843,5.989216316225027,4.2,4.2,0.7843201331945124,0.428309337749767
203,0.9891817431127037,0.09136682148607433,0.42525896803632457,-0.8657288546237063,-0.8944248193269979,-0.3812121031210931,4.2,0.14503522210381825,0.532235408399381,1.7,0.38,0.6623524854497189,1.35,1.0,-0.27269054326235276,2.3648925030086527,1.2190030732383026,1.5624541599350814,1.338483195297385,2.1905701931387505,2.702979698571281,0.21135603824507798,0.16001019362124308,5.042930003799928,4.2,4.2,0.5070887785252844,0.2871949699059592
204,0.05673574335073861,-0.8794284697844774,0.3681219354610872,0.9805581578608056,0.3332210693078035,-0.2348406108579617,4.2,0.22307002081989902,0.35840825174482727,1.7,0.38,0.7056863288271228,1.35,1.0,1.9787737879003435,1.13885772162465,1.2423500480853011,2.692999764651703,7.08271572799661,4.1949624050691625,9.757391126277277,0.06003403552579867,0.18934577023399696,5.028494503091123,4.2,4.2,0.5276029942733413,0.40857497559889144
205,0.6709044940773571,0.1618975223487542,0.43149065472596015,-0.5524600159556585,-0.4433335812203023,0.7979828659206756,4.2,0.19824786723182086,0.9144208714189018,1.7,0.38,0.17921962054768892,1.35,1.0,1.4135984587650823,2.7740216894495138,0.27708703278049773,4.701666702597076,3.638436697975779,1.6737795252920922,9.795761437150563,0.09969918976087902,0.09658437702952867,2.6865780517902675,4.2,4.2,1.7316049560310587,0.06421899643087631
206,0.5384215712049069,0.7901725608179462,0.8060370088540233,0.6650155504219539,0.12162537815543706,-0.805806437395687,4.2,0.9172778632341756,0.4610905048338271,1.7,0.38,0.1465392322645432,1.35,1.0,-0.5333322347020677,2.221917048207329,1.2807417568661876,1.4961439080021355,8.238449546069127,4.676638659509888,6.460149441821135,0.11314953875576778,0.23580216092286083,5.099218634294106,4.2,4.2,1.6102992739433413,0.41850348723052233
207,0.6685494916923738,-0.9091058694037708,0.2618253921494892,-0.4496724732309061,0.4022380701681172,-0.8607787381839591,4.2,0.3588467820658975,0.45513301861240285,1.7,0.38,0.049041945591131265,1.35,1.0,-0.6302117047756166,0.8726740932263746,0.49072332423064946,4.459459127437965,8.252365691022229,1.0271163189066161,8.71935847443415,0.14113666876339018,0.053898058102111325,4.738445429786992,4.2,4.2,1.3607511991068115,0.3018036275651051
208,0.5014301658346961,-0.8450477493964581,0.8832283878056293,0.5432996128074792,-0.03707740898451428,0.20559604670647058,4.2,0.9102415392185996,0.07241185784439597,1.7,0.38,0.35977431456237247,1.35,1.0,-0.7736939022741467,1.9342332616828393,1.9277457100276292,3.4654952726279786,6.855806818327273,3.859307616894885,0.7848891206799935,0.20443486573730157,0.05712615599236757,3.059613180887664,4.2,4.2,1.5069990844749708,0.05470217355882212
209,0.5372732665091107,-0.22709042734019658,0.1767101942868773,0.798373081424472,0.652206970149666,-0.17649549751076776,4.2,0.5981828591463254,0.5544726236724181,1.7,0.38,0.82705838806796,1.35,1.0,1.545873130638805,0.6655421611850616,1.2152297814339965,4.256105172400618,5.165790086526868,3.127533039265169,1.612121308354515,0.21291341973724026,0.2302986419513115,5.87761644631741,4.2,4.2,1.005953818477816,0.21941311579279066
210,0.601039956188498,0.36983841218134184,0.10912006780930761,-0.3850540006184948,-0.8795426686815371,0.48812697377162184,4.2,0.14467725191893177,0.5965085823578398,1.7,0.38,0.08037626898824984,1.35,1.0,-1.5384405424618262,1.1652728498998324,1.8627870852310309,1.3273350750428288,6.746158193053196,2.162034386844661,1.3158755448506054,0.0786113974008458,0.0795012324113239,4.63142507698708,4.2,4.2,1.2873674711760636,0.46716116663844515
211,0.014792723809862962,0.21559809857707313,0.6268349676201036,-0.8052146066033494,0.14828560167958282,0.027148104065779277,4.2,0.02856593099428495,0.22668397027554232,1.7,0.38,0.03730186348995884,1.35,1.0,0.9437327792110666,0.25078724443347206,0.30272846604679415,1.7427355958664916,5.5325901072875645,3.831775308291964,7.183370203589941,0.18133304020565572,0.15310253041840222,5.04110775005069,4.2,4.2,0.7601851514125747,0.17982846999451835
212,0.8098852194822507,-0.6638253065785116,0.6740374259184102,-0.30855401952906436,-0.5905635670801526,-0.6546907039663414,4.2,0.9922871386034555,0.37980494425797895,1.7,0.38,0.03307200362848746,1.35,1.0,0.5365341890493758,0.977289518637866,0.3005211077290664,3.8727463598182497,9.8339633872936,4.993182918260684,6.218306393739017,0.11658482138489656,0.11509696678925348,3.3422221000797854,4.2,4.2,0.5451801928857254,0.3069670750569859
213,0.8966624370543266,0.18217246704868684,0.9495251073187027,-0.2198914041357487,-0.12246312177330076,0.8748131218835262,4.2,0.3209263985077726,0.08187337276738982,1.7,0.38,0.28198142293782086,1.35,1.0,-1.9697896688440415,2.714326686096216,0.04954228672448746,1.6919239682023464,2.674466688265918,4.365096835977986,7.322689440429139,0.1972751952428004,0.17851384319885039,2.9544753284762146,4.2,4.2,1.604584232760413,0.37973368307967964
214,0.4953530124536921,-0.3219508937649218,0.24540629443642115,-0.6032731446845832,-0.8381994897491245,-0.0978487858455277,4.2,0.05727793305279194,0.04223277784791901,1.7,0.38,0.8193110668512484,1.35,1.0,-1.709066582275378,1.6939653366973186,1.5366256600938433,3.265405718932755,6.508909661720075,4.99901090852596,0.6064599436215765,0.15550235554671687,0.18062826654322822,2.6123026026242946,4.2,4.2,1.4075581218129178,0.2769226292445421
215,0.2356008819656722,-0.2842152858362412,0.5015095685914467,-0.9852536799014917,0.8126983242264194,0.20779260114082376,4.2,0.8350199044762974,0.5755835537556648,1.7,0.38,0.7249962336470852,1.35,1.0,-1.6442743221976297,1.1249667676060777,1.0457072362634854,2.0203884679234267,3.161418961726663,3.265122885946465,1.684610733111773,0.1550123743560186,0.05794436355046904,4.3065875612159985,4.2,4.2,1.507509095138868,0.3288518965650789
216,0.9004905283701098,-0.5491941921162962,0.1391780838292983,-0.24323651217169995,-0.7574466775401092,0.38222403669072014,4.2,0.5729707091344114,0.40264339844405694,1.7,0.38,0.12438666084931976,1.35,1.0,0.05328767777734411,1.412393989966856,0.931673198225333,3.5630340186785294,6.337882201978017,0.2547724884778445,3.1633472242859844,0.22212530830073396,0.1352822834653561,3.03032914176822,4.2,4.2,0.9558283077494383,0.40481298564388146
217,0.0074812883210835235,-0.44039763936523313,0.6253562716846919,-0.15337052410744012,0.9380192177766433,0.34279837951809067,4.2,0.6276192992301529,0.28122188394511294,1.7,0.38,0.3832877384045321,1.35,1.0,1.6653701653423632,2.5085849317460753,1.8506306313350431,3.5644254743949317,4.436321242704933,3.515893752882151,0.6117760460163627,0.10503544407230958,0.2235565718624421,2.24552601019242,4.2,4.2,0.7929375622901726,0.21315759998339484
218,0.9318877115544568,0.9048362006250168,0.570183636491054,0.7097924543938026,-0.7844031921493748,0.19288757282576796,4.2,0.537510920677689,0.24972126761365598,1.7,0.38,0.9652632157681004,1.35,1.0,-1.7251620591308958,2.9336285034862772,1.640511396291711,3.465347427463069,6.660584554605803,2.872386015238045,2.451548482458918,0.10432069581281717,0.15948927311880862,2.166198977858817,4.2,4.2,1.2801154387520461,0.09604764138045246
219,0.3716436571624452,0.4966847628525701,0.42308123061792535,0.6991552865337194,0.22347407500042715,-0.5068429741796481,4.2,0.4314300568176397,0.06741653579641482,1.7,0.38,0.4400295415469573,1.35,1.0,1.7590680936324432,2.6021178525007067,1.126299619004619,4.069439651840417,3.498329524010223,1.8377844764847457,0.7757120494647676,0.07375694186076623,0.14063256353110992,4.53227682101812,4.2,4.2,1.6916416059518355,0.07073825466836964
220,0.20271253864073535,0.9657143836409301,0.9981329195799651,0.44768380472531555,0.7425372462116093,0.49601828618149524,4.2,0.7623840848329293,0.7486806158704151,1.7,0.38,0.9198004986573838,1.35,1.0,-1.7751572355760428,2.619737787878628,0.3429602822496791,4.375028159320271,4.35469387681165,4.744237011015207,9.809012199954749,0.15779545064992428,0.06861230127385098,3.3693567846875605,4.2,4.2,1.9453302378947377,0.2584884000291187
221,0.7857069571861907,0.34015180176325943,0.4852993288212817,-0.09332362655201387,0.7785772900160326,0.252043204168485,4.2,0.9233992162196906,0.41632837533923184,1.7,0.38,0.8725468748327836,1.35,1.0,0.6422807838372266,0.40589993243360534,0.47534124368700015,1.8611916224247187,7.02309577079322,0.15593376107001072,7.17247534009939,0.17112196871338428,0.14254886880776008,2.2393701881878294,4.2,4.2,1.0563393137669568,0.3460620986053325
222,0.5716318159423814,-0.5209633928637858,0.8596196001118988,-0.995190631987114,0.7269023798886098,0.8274528556950005,4.2,0.9305050880543191,0.7222730459955607,1.7,0.38,0.9263567051335818,1.35,1.0,-0.9719028140161456,0.42584163426485444,1.5280956107247003,2.7836760932894142,5.458023782862306,4.404861985932024,2.4339850479919303,0.17289660149504726,0.11751442039812653,2.2820292075644786,4.2,4.2,0.8216727205400458,0.40328277400577217
223,0.7473710349502237,-0.17422180561488387,0.911115592253881,-0.5264654310398917,0.3599748370091831,0.8143200087109659,4.2,0.0933984347814042,0.757468383679685,1.7,0.38,0.8931626954262618,1.35,1.0,-1.2655759756920304,2.3562268094150474,1.0674969700242203,3.9506519242819165,2.743289061803737,0.23249975365200767,5.431314730127595,0.21232402023579183,0.14226480765927424,3.08210662603305,4.2,4.2,0.5637557266754558,0.4875950321778959
224,0.9136383223997305,0.8275755985960525,0.7357385189157853,-0.6174026475999044,0.3195149074073398,0.046860582269577344,4.2,0.20891383626159032,0.6426061361669619,1.7,0.38,0.9824362106071197,1.35,1.0,-0.21934721446508743,1.4179732190953251,1.5344523058915551,1.023282294353581,5.184412469406785,1.9216049508498234,6.416255259440039,0.09849097287581601,0.1673348856908748,2.1003416333271603,4.2,4.2,1.9777943947385952,0.21540069089351138
225,0.7861204429244275,0.100390946504203,0.7737781219636217,-0.024156260041898525,-0.6424057225189714,-0.5348382501452655,4.2,0.3517917832683184,0.9986505534794166,1.7,0.38,0.5857421667004208,1.35,1.0,-0.18014977932307197,2.7988802141043303,0.8535893404572357,1.1886891900708405,4.980525081874293,0.54712629835342,3.38901091215167,0.1835145318808346,0.17843951749221076,4.227815360013892,4.2,4.2,0.6464763255582038,0.1254600870598443
226,0.3046581910228794,0.9214790809936404,0.7409583302774617,0.005099558692275075,-0.14531998337571905,-0.5018364798294315,4.2,0.04488197267549221,0.11529028551993281,1.7,0.38,0.661852155284491,1.35,1.0,-0.41457626073342224,1.0030845971650124,0.46046743464017803,3.5308377467379506,2.365636949376197,0.9954333896964216,2.3646137355479606,0.05744485993449316,0.2069966601124258,2.36839607147481,4.2,4.2,0.9657226631388904,0.40070340818579986
227,0.03585325473084222,-0.5495114012302558,0.5215682379717472,-0.06998897962123518,0.9222309946728389,-0.5330717902642048,4.2,0.25204696648736014,0.9220887490739529,1.7,0.38,0.9013739608269791,1.35,1.0,1.1556745056017141,2.420293188455872,1.499545755582875,3.8487538439543436,7.309612339624884,3.821128256911147,0.5728792602535961,0.0656230349782619,0.09670081975378622,3.7873950420333125,4.2,4.2,1.1994135207648646,0.10846810537902846
228,0.341031147244824,0.3179198758924475,0.9328564131104278,-0.603759026957267,0.5299252657941531,0.2424325055916965,4.2,0.47799631844509716,0.23579115660049987,1.7,0.38,0.8467380139814528,1.35,1.0,-0.18478363751402416,0.6780277262204377,1.6159364124889666,2.0718898734771227,3.8772838777362617,1.1493181392319252,1.424273828467243,0.20449166877931746,0.11334416333459457,5.707742746908291,4.2,4.2,1.125649681894463,0.054426511236165265
229,0.2875672492524973,0.4513423885499688,0.7830888365294564,0.3880321620756664,0.5852656620239101,-0.49301527945608115,4.2,0.2177968899742131,0.09078904509768881,1.7,0.38,0.19586327859487856,1.35,1.0,-1.0762151479987634,0.48331110980682046,0.26390850418500533,4.847313207971741,1.6938789336657436,1.3005172664235214,8.581304429983362,0.1847714471409121,0.1855128130111227,2.2769529803078026,4.2,4.2,1.4768529137474462,0.24542257182289912
230,0.9529568590194782,0.38968729542442904,0.24933131618485538,-0.7760711670227807,-0.2331246154111517,0.05611354957159542,4.2,0.8357088624122769,0.30281474441920286,1.7,0.38,0.8830425747266281,1.35,1.0,-0.5455491819908769,2.555705392301158,0.08171796896777295,2.6439194094264096,2.554847041847027,2.5283259308304578,5.234207024458304,0.07733536084372424,0.17658873038844636,3.791765175376114,4.2,4.2,0.5295791290044889,0.4237117585132386
231,0.09998429567004574,-0.16516632660877106,0.30365219889546846,-0.09811493235943325,-0.03347124589618122,0.5218269271826264,4.2,0.7728420778963466,0.6719641224132962,1.7,0.38,0.13861092933854108,1.35,1.0,0.6579142580886277,1.833521145565428,0.7507122580914503,2.2421249975058912,5.435038536093619,2.2133196621068194,4.29852892578103,0.2235050488254553,0.2352544625952141,2.1393766569787163,4.2,4.2,0.9755870782674743,0.3149503130339337
232,0.5659917655755553,0.7713248775129558,0.1947897304252485,0.6660861307105626,-0.7610827810833509,-0.6108645561257331,4.2,0.511363564378195,0.3360871582309053,1.7,0.38,0.022145963713293065,1.35,1.0,-0.36043255923429385,0.8946492092997782,1.8120782569311777,0.5225409390447268,1.4162883409570872,0.622093803690141,3.551485557486873,0.07354323108796848,0.19694806576374962,5.414365555755479,4.2,4.2,1.2003461539210392,0.2481935709953001
233,0.4894826864089653,-0.6122174462373482,0.9022085388389122,-0.1107595215425552,-0.3993027979973296,0.5215578731228956,4.2,0.3205774332330543,0.14128468098131397,1.7,0.38,0.2684878594071253,1.35,1.0,0.18893077938193237,0.44541994609167457,0.06531449845532133,4.539633744186158,4.831927439488529,0.6399297238870464,4.467327921431028,0.15227087681248033,0.05345133891358689,2.001914566950179,4.2,4.2,0.983556916073016,0.49590291372417594
234,0.7851200577431787,-0.2829005465322676,0.5761037232978391,-0.869166528396262,-0.9070764893946623,0.6724026167730939,4.2,0.6201712293897845,0.2768768651917436,1.7,0.38,0.8385533938102856,1.35,1.0,-0.8376257770256981,1.9838082418209397,0.6177703962547749,2.495805417322738,7.372466833271668,1.750758094698738,2.231393615087054,0.24004860118504784,0.2071983881608026,5.023949304369484,4.2,4.2,1.9213743200397404,0.32482227225246757
235,0.44814780042701885,0.8462697227727065,0.05421273984200725,-0.08209130441734791,-0.7179154826101084,0.6503258108769818,4.2,0.7796091364790944,0.9155443653330413,1.7,0.38,0.180146780953762,1.35,1.0,-0.8488620075358031,1.49703037967696,1.5386195181623965,4.026653767390673,6.113263116995249,0.4487648394672251,6.127232255498891,0.20403390427944473,0.08782439960407218,3.4919372462912635,4.2,4.2,0.9127395945737937,0.1254185378900598
236,0.46315996529565406,-0.003129029463322608,0.7495309849470004,0.5351626570907471,-0.37025446574186627,0.4456330694930446,4.2,0.8679438667189575,0.49925949150549365,1.7,0.38,0.7354700438223984,1.35,1.0,-0.9786690485366631,2.508417507918992,1.7549363366551545,1.5702644120964244,6.831488967838629,4.668261774368461,1.275400742257883,0.09948958182460628,0.23249152303391418,2.047531902293692,4.2,4.2,1.755486026638549,0.4120054139285734
237,0.7074265367696325,0.8676870503728114,0.8655033340509628,0.5736973109747492,-0.24131867140230367,-0.8289308351014189,4.2,0.40901996950313013,0.2688008591689972,1.7,0.38,0.9939691065541428,1.35,1.0,0.46388400178207645,2.08893766629124,0.9497111875705566,3.602788532432903,8.735282842809504,3.415223288950533,3.2705261595277904,0.19484192281082363,0.20889261924523722,5.023354521001972,4.2,4.2,0.9003273513609535,0.4199072750359213
238,0.3820605779485322,0.3293122055014579,0.10700506432561907,0.6468687292456223,-0.7142056979976712,-0.6423384060032704,4.2,0.19638263043279314,0.057176828741266505,1.7,0.38,0.2559911292991692,1.35,1.0,1.7328781773611204,1.514591827561032,0.9004788101890007,1.3464094690920643,8.24121737224986,4.742713362106491,5.476634000736167,0.10739513483249424,0.13998028268432652,2.3161325719700026,4.2,4.2,0.6507588094128554,0.1654562470996142
239,0.8426793323337348,-0.8043912445463373,0.6345837813651399,0.8966645188310987,0.2000083714210632,-0.3661942541643697,4.2,0.37972296078374246,0.3688551538064182,1.7,0.38,0.17310039202827593,1.35,1.0,0.2987081666300293,1.1322664790152857,1.937931805537757,1.4287684213263545,2.1783550205963036,3.4488435772596153,9.236079267062683,0.14530911970733784,0.15765763373658143,4.075186039347887,4.2,4.2,1.1449167310806285,0.032255317587794374
240,0.6035428537085615,-0.13095181991109905,0.5455295198445109,-0.6049359413225608,-0.4919374601764732,-0.3286986682672566,4.2,0.31814941247349626,0.9613015435935011,1.7,0.38,0.2341652802674167,1.35,1.0,-0.1963355543589551,2.81431922991545,0.5722743172726885,4.362884637354277,7.926139089766666,3.003159460146528,6.567735859740213,0.125070208883644,0.19542537168164875,2.928096614286428,4.2,4.2,0.6531200009173113,0.30341897379976995
241,0.6051881342644136,0.08687907410927265,0.112229219965583,-0.49086864723580526,-0.36587062107274204,-0.13040709244927906,4.2,0.4488550004755568,0.9040537165457931,1.7,0.38,0.6267835552610136,1.35,1.0,-1.0209759643609608,1.6864439133067424,0.9479845065918249,0.9749796813934846,4.880574146776554,2.9409752164098126,7.35528323692115,0.14255892783555393,0.23440945111625683,4.716050035986202,4.2,4.2,1.6828646783967374,0.26527677220569296
242,0.7954004023779289,0.20247038256714878,0.03795748154774237,0.29019115547911434,-0.2562497198510254,-0.7361314125897349,4.2,0.2199005521958467,0.2783275366847866,1.7,0.38,0.5973204917743378,1.35,1.0,-1.5044379391432767,1.53446277126422,0.2984081173370636,0.9984289937641083,6.680575292902266,4.737150042307798,3.303537031279456,0.14888708444772536,0.11302281126389975,2.7065034826435435,4.2,4.2,1.603368213159405,0.21323238356134266
243,0.41422901253946787,-0.05296367328329166,0.7021135643208241,0.04256036452879708,0.4633678110629613,-0.16380379650988686,4.2,0.06262941028414981,0.9040296986098771,1.7,0.38,0.5117405580625927,1.35,1.0,0.4705794828975196,1.2895994897094436,1.517149641224248,4.915752142236824,5.712817573535221,2.0957668982951114,1.5934309067662868,0.22717008152711282,0.07422001792580275,3.629644908145897,4.2,4.2,1.3518574228770206,0.10508257257764009
244,0.9536467155468235,-0.8317944497998748,0.5915127168683373,0.4009964487817044,0.6639848359050444,0.024360302263084055,4.2,0.41208409795556467,0.8512218991759856,1.7,0.38,0.8147486376139619,1.35,1.0,0.8169678809968164,0.2485693556951124,1.5924651879148704,1.4541658213168804,9.191193527057635,2.037296098295409,5.606001260212236,0.13154021584093437,0.18116983892485894,3.096274267160571,4.2,4.2,1.5175656572088856,0.4362767448235621
245,0.8312323312182016,0.31400969989146166,0.7250595626273798,-0.37398683959813783,-0.7221245570777899,0.82527767522024,4.2,0.015209943596723119,0.8921403387927189,1.7,0.38,0.6543298622790923,1.35,1.0,1.1576239573143665,2.020596653316556,0.022711016698082842,3.253490793717408,9.232088165862534,1.8023802384323746,9.252490404854967,0.1786261394660008,0.08433736445845866,3.500875893861478,4.2,4.2,1.205304644756271,0.46648220273486934
246,0.06230297629787496,-0.22563224857515807,0.6223564054850984,-0.2463506283275405,0.8363325019204497,-0.5377808422291961,4.2,0.5207518473116711,0.9986276365734875,1.7,0.38,0.6876895523812477,1.35,1.0,-0.9447143082660037,1.9231538342393941,1.6411650238495636,1.2703628731050671,8.394929668024783,0.6182145794090579,9.860213615305232,0.18322272052056682,0.22760257142685408,5.711478683311292,4.2,4.2,1.4258048533198642,0.28269871998481877
247,0.318406178519823,-0.3995269576762841,0.7499969482284972,-0.17680357612248687,-0.5119295929137124,0.8982693654351626,4.2,0.26441768562167955,0.3948345411621591,1.7,0.38,0.867308366820138,1.35,1.0,-1.7364550364516362,1.596228479655363,0.4704735435568663,0.778998949546043,6.386674597589865,2.1944200527198445,7.213633567715639,0.09681655881024159,0.15216663907142874,5.068361998392447,4.2,4.2,1.5999332047475407,0.4367668970379676
248,0.053581252713675975,-0.9336074578832092,0.4209305838270986,-0.29741142778618834,-0.5328716443627646,-0.4623506705335143,4.2,0.3546170932556514,0.36200304021701457,1.7,0.38,0.34353246360149553,1.35,1.0,-0.4348991144543488,0.14290811573466797,0.833554282878644,4.442064206488936,8.524560160864109,4.352450102538245,7.952253587792423,0.1273523063155687,0.19298865179463298,3.57348597676855,4.2,4.2,1.5187364568001374,0.4159605480821833
249,0.6727225895048959,-0.7899429127684965,0.6301900903766352,-0.019616924334558528,-0.7882174443702008,-0.1411464654278194,4.2,0.8425253269092768,0.37772273578919613,1.7,0.38,0.9286893116887893,1.35,1.0,-0.7565182354803426,2.3982937713613333,0.8018476614598067,4.7868364639785,9.676700924988808,3.5699632940600883,3.2287054684497756,0.06873517791904038,0.17663353843236945,4.020272980288409,4.2,4.2,0.7765999998071328,0.02830094225413765
250,0.6911367246712538,0.545191012702799,0.04558249484350496,-0.36769620356905763,-0.5128869028528737,0.7807053185445252,4.2,0.1456315643727688,0.009323832336347926,1.7,0.38,0.834235492690137,1.35,1.0,1.0337464146114765,1.4367993529610852,1.3278592208948112,0.6881306308066284,9.061752341432502,1.692482497366252,9.4835171430769,0.12308335656525243,0.22394678942392238,5.58314633496103,4.2,4.2,1.5003165642625935,0.3347247211238652
251,0.33247926368754355,0.09396255486852279,0.05295934447290607,-0.5722658821025872,-0.12412140631484037,-0.6471469650491861,4.2,0.5485475636966768,0.8541751691742931,1.7,0.38,0.41572842716836095,1.35,1.0,1.287389472893981,2.0462695709159844,0.2774078734579466,1.2518520506550552,4.158747220140029,0.1755550778269931,3.650917183085989,0.13484146562007077,0.17410472278129835,4.218372531363665,4.2,4.2,0.5697075214853478,0.28569022707116665
252,0.11344223781980789,0.9447287815253291,0.886956335554642,-0.2793587619894087,0.4090913430023395,-0.5605508590943182,4.2,0.9607910284224073,0.8663160642870301,1.7,0.38,0.9037230228359324,1.35,1.0,-0.6930472018925378,1.3592783522644205,0.8041923410388381,3.5153303604168693,5.021281749677467,2.536823175729184,1.8176720624147582,0.2172399175181543,0.22066189005259512,2.3834038952385304,4.2,4.2,1.5938667273845954,0.1918562503236042
253,0.9705194951523615,0.6796833486172478,0.15593627230924012,0.1707818529082481,-0.6364764340658109,-0.31012551461671967,4.2,0.728521941397342,0.3659573185623958,1.7,0.38,0.8720131897500333,1.35,1.0,-1.9005843640872127,0.6586152738964689,0.465599715093431,2.6649345669703357,6.13955372173444,3.1266493328250564,9.296207977595618,0.16354930120525502,0.2219932673939088,3.4850932121099256,4.2,4.2,0.9546144356854693,0.4751056663659011
254,0.25015608534576717,-0.9687276086886889,0.04874911842536178,0.35316676621921816,-0.6343027319943788,0.8515108746976936,4.2,0.8378925812268879,0.21463806501882676,1.7,0.38,0.9548036723234825,1.35,1.0,-1.9211414373998918,1.0869243729463254,1.0564095317157005,1.118351575098206,1.8991539253319218,4.569809889430473,8.270240314919455,0.06291049660091129,0.07510259046636021,3.209659767860394,4.2,4.2,1.846628949918092,0.14768435615671122
255,0.4198958388730125,0.16134708582779234,0.5964173033247623,-0.019072799669354934,-0.9473270737791388,0.6677010723448003,4.2,0.5842267457010039,0.6597052506585972,1.7,0.38,0.09684136148472999,1.35,1.0,-0.10148097748664586,1.3547212763183936,0.011366625632482252,0.8296548146284233,3.744604088501382,2.090085883246849,4.1516440519922035,0.08244487156257492,0.1576449113745737,2.12808587384038,4.2,4.2,1.9675411213627634,0.41101906157572266
256,0.11256514110447402,0.40227327990836037,0.8238462037444235,0.20552776374442994,0.7611559611842551,0.08552672086580904,4.2,0.3224381626592109,0.02176333850807577,1.7,0.38,0.05087842140844747,1.35,1.0,-0.7854840069442166,0.4038770704721232,1.9394478380541187,3.2663468452347164,2.64628001966418,4.644717000888095,8.49769822064367,0.23610312728573285,0.11335476618157013,4.209603365625565,4.2,4.2,0.6718158418870768,0.21455538505462723
257,0.4364671565617333,0.06948955318258587,0.36463392251865756,-0.9594563495961184,-0.04461974211497921,0.04696085669142147,4.2,0.5415203672952785,0.4721414571731183,1.7,0.38,0.07637517791524966,1.35,1.0,0.2034741009609391,0.8374963557126703,1.917830606293437,2.4713947001358996,6.913173565948232,4.9607351966903295,3.646476944456524,0.11432502413746343,0.12856745700382027,4.37707731786251,4.2,4.2,1.4555584374572343,0.01848676352822204
258,0.7739552659046661,0.03611328224932375,0.2774439815333154,0.9850218205573482,-0.8666554759694991,0.6545406508364808,4.2,0.9091532748113689,0.28560348910672495,1.7,0.38,0.9759858046545006,1.35,1.0,1.8326197156140775,0.45246277355549236,0.8403830891046999,3.413380377425893,8.669514741436258,2.981368921340747,2.090277296560945,0.1288409498850978,0.22992708673322032,3.802836954237051,4.2,4.2,1.2451112700850415,0.3678524570211179
259,0.09361158057188368,-0.13789413775946557,0.5039669459391056,0.42221986128473166,-0.5157842717253855,0.48993039318740217,4.2,0.7704963032093808,0.6727001020532908,1.7,0.38,0.8551053071369228,1.35,1.0,-0.6937932693012705,2.766526113767885,0.05243184073449725,1.9798798590299507,7.59528386841435,2.4451641007525398,2.9410425812381207,0.20138690190977238,0.06759498743447348,5.949476551477456,4.2,4.2,0.5555129394053837,0.4720581487403117
260,0.0366284834336601,0.14717537871797082,0.9951958657642564,-0.6413026953117844,-0.3788148109764795,-0.02192371040726493,4.2,0.3603172650846441,0.7995417680177149,1.7,0.38,0.6232751832814194,1.35,1.0,0.9309509957272515,2.4655656580111938,0.6825230265239544,1.4981582641577025,6.275462008067653,0.11272901341433285,2.3850846695067736,0.0625385536830214,0.18928448657428193,3.3220742477426866,4.2,4.2,0.702615668643273,0.3822966681278387
261,0.6846240109297898,0.5546886849097321,0.4335421764556262,0.44794956490097304,0.29933131834805926,-0.7697994451118728,4.2,0.20832043183025872,0.0392961840285444,1.7,0.38,0.6180137305816684,1.35,1.0,-0.9652863930818776,0.6878988874206737,0.37248617730804057,4.696864544333416,7.1773948159793015,2.7519954716873762,6.825602762061271,0.11650321605975414,0.05897023607443219,3.3568954835454012,4.2,4.2,1.5198215049031294,0.44109519067146286
262,0.8914676570300581,0.026067759677643965,0.1200541911982328,-0.8113989936139372,0.421812569364608,0.0852416342919593,4.2,0.4958400375076848,0.43647594956702274,1.7,0.38,0.2761869559124529,1.35,1.0,-1.7849792343575661,1.1259481947533092,0.9830780784507613,4.454322169250386,5.482553444481228,1.7477980832231794,0.926616997836794,0.1524097151747884,0.05759576727570406,4.206915102081327,4.2,4.2,1.677473983798278,0.29892603880952257
263,0.7216646347234993,0.9428845115353823,0.0967937868200629,-0.16638310818914182,-0.5318029261081454,0.10736818811636173,4.2,0.19940876981644462,0.3745941940858817,1.7,0.38,0.1019601280647338,1.35,1.0,0.5291274901401879,1.881922421234615,0.33036536513594017,4.7521375382886255,6.834034742015372,4.385051079402284,4.100150300722618,0.10230803052155722,0.18546193211325812,2.5665676054732893,4.2,4.2,1.2930885190517771,0.4873460780065342
264,0.3194998753392059,0.04621036732101258,0.19437627893494547,-0.733224730677398,-0.8120647851257141,0.2520491260215103,4.2,0.8960110148609135,0.4232464957911358,1.7,0.38,0.7918965946267552,1.35,1.0,0.2561938672279349,1.6163006935276973,1.2747876371123437,2.5820875800099867,7.895305398294989,4.580056968061436,4.696310287745401,0.23544022435154394,0.10961409393809914,5.98239209260549,4.2,4.2,1.541596701778141,0.06827161154968986
265,0.3457685152667237,0.4506303081487255,0.8773121370979368,-0.6680706703358632,-0.10128249208164042,-0.8936335303736456,4.2,0.2301290437077983,0.2468200400053958,1.7,0.38,0.1860818158935362,1.35,1.0,0.6207316375628396,2.0465801910781463,1.9993902890381103,3.535899916896442,4.945914506610237,3.7472817158832665,1.664992248966752,0.23822835823088856,0.10622000924502246,3.700770700121415,4.2,4.2,0.778847506512089,0.13812671860972864
266,0.7146442062770455,0.7766662354607154,0.3218317255212656,0.5750587655140191,0.4004661293061893,0.2569838440455512,4.2,0.5651489628787141,0.815482340992621,1.7,0.38,0.29473874616026946,1.35,1.0,-0.8881128219381416,2.586206088461095,1.1653284363961647,3.718887955043072,9.342535154418819,0.9034816274471733,6.315046871029917,0.18740319162626312,0.05573406636678538,5.076555390087923,4.2,4.2,0.5150522031820639,0.3960915584267634
267,0.5808007643268267,-0.9317306536711705,0.21908457686744143,0.6628424901735284,-0.3392593803239754,-0.5488760431042026,4.2,0.03351530287602833,0.11258907528854356,1.7,0.38,0.762512760678495,1.35,1.0,-0.5705919245762248,0.43906004543145105,1.1842204410459771,1.2262546167453525,3.468042950780889,0.8268213572624837,1.145684030512376,0.17592864062835772,0.11364240229879452,5.302395580294693,4.2,4.2,1.1225216830062439,0.3175965611794264
268,0.9125979501691626,0.9112474243541049,0.149736947783071,0.9211256382676862,0.7999977179454156,0.8142314293497739,4.2,0.26025418169994463,0.5272471348685276,1.7,0.38,0.5878942719645999,1.35,1.0,-0.13416375479140852,0.5509096391903436,1.9657311319786002,1.5432137342319494,1.5123790497403324,4.833306940932966,5.225116572769689,0.20595972244025657,0.16724528392910382,3.4492551253029533,4.2,4.2,1.0377048055856815,0.23520384920789922
269,0.7677859139863669,0.8841723256814908,0.4166375030456668,-0.5092221338363017,0.8805791419551958,-0.4099108992633371,4.2,0.17646323491180527,0.6044214059697312,1.7,0.38,0.3535920915543415,1.35,1.0,-1.9040512312058646,0.691043142129216,1.6896938808280513,1.6124949295754123,4.90309258722506,0.46109056892244804,3.7243206228240537,0.19979017619098471,0.06527689165386455,5.685356344390174,4.2,4.2,0.6648452489703367,0.025125478392862333
270,0.1404961780080497,-0.2146264582457238,0.5297393384119647,0.1631347014024307,0.7255572014496097,-0.7926857875767015,4.2,0.29189307749426474,0.42135493825009085,1.7,0.38,0.5356441777892461,1.35,1.0,1.4727292462890214,1.2973235733441026,1.8428989609203594,1.7543360443623186,5.2809950263447405,1.3374347237314193,4.07551651760234,0.10101605012947185,0.06410981612807008,2.868088522725962,4.2,4.2,1.2026191250891798,0.272907351338797
271,0.563886569260446,-0.48502028592257695,0.19292698381279672,-0.23614662623845728,0.07731238960984599,0.8981595991029234,4.2,0.8622717388223354,0.012384158760878616,1.7,0.38,0.17188046811789162,1.35,1.0,0.5526801868630535,2.46932245466954,0.698845742859828,1.916033201794054,6.206055715619875,4.977156251367891,3.7051860789040743,0.1391929805105131,0.07834989644274909,3.9346750551696443,4.2,4.2,1.6494221964695368,0.1108924227827332
272,0.18732116057672676,0.207617268130162,0.0005658255567106973,-0.7955912928698636,0.99708695252538,-0.18711488800025333,4.2,0.4166013344626823,0.37108050231085543,1.7,0.38,0.6838309329388529,1.35,1.0,1.3809318890732496,0.8224912951489072,0.9576060097811712,1.6803870056189376,1.9755254307798458,4.735624344228915,4.697096803165675,0.11707286603092981,0.10936046223695205,2.369531574670571,4.2,4.2,0.8569361018247896,0.3778428386445016
273,0.863504937641521,0.27839363238163006,0.8757263605346796,0.297745474442072,-0.4102119078169293,-0.6741337145362063,4.2,0.9776132677030293,0.8416609460907535,1.7,0.38,0.09955297241049552,1.35,1.0,0.8444407009836707,1.6106574035547427,1.9857649981338816,1.4326474260969873,8.905368407093407,3.5340838368920036,2.851807488668749,0.16198614114384247,0.17567894498714837,3.178298696243336,4.2,4.2,0.5999482239541356,0.1835326146792044
274,0.13643976120819523,-0.864324663551788,0.7536011236023518,0.3934154103931211,0.9382964859447696,-0.36377118609416104,4.2,0.47155473359508704,0.07304865580063336,1.7,0.38,0.3243864780829579,1.35,1.0,1.4942511844473056,1.6032296106170367,1.5020543617759954,1.9081146485236258,1.6802459987653784,4.72139191699944,3.2802209576967862,0.09178565546654444,0.06932131777641289,5.984728639466812,4.2,4.2,1.2752185396391744,0.18624994943928863
275,0.8425930872864881,0.7877252889704927,0.955022866690235,0.28443472505497325,-0.990493678654738,0.44124593724540895,4.2,0.950804418625628,0.8897076249879429,1.7,0.38,0.029627273067761306,1.35,1.0,-0.5782430875230369,0.2726213934443947,0.9709708329501048,2.8009448419270737,6.6905242200588155,3.8331697763092336,9.860210788454301,0.23191871338816467,0.19990426898950253,2.8023278631533706,4.2,4.2,1.5081026800023358,0.07425804162913602
276,0.3412330427633743,0.25931381906790363,0.3858217958400908,-0.16348948333536883,-0.03499824243172789,0.167896071186042,4.2,0.4833561270161867,0.11252693086179544,1.7,0.38,0.09578780120094585,1.35,1.0,-1.8634849347392812,0.16058536760003891,0.3864149364733278,4.030825404180333,6.6521953774085985,3.3871433880466157,8.529843791408227,0.15712814778021006,0.0687690228619593,3.4138596802362247,4.2,4.2,0.9865920991483814,0.4959474981830802
277,0.5693936018577308,-0.704681566893667,0.6849366612007038,0.02457511159593273,-0.8499577535837999,0.3681800808498208,4.2,0.5656306051090368,0.4469421463557923,1.7,0.38,0.16693817252078955,1.35,1.0,-0.7685896504389147,0.3875832595607094,1.1150162203406264,3.28621104836663,5.511917554433233,0.3312595580483825,1.3092128886743446,0.08541817360148327,0.139659642360058,5.234268070328552,4.2,4.2,1.1449481601153075,0.07971528667287475
278,0.19684593198890232,0.15674023426315475,0.5909714442819352,-0.09110553723929771,-0.7681544468439241,-0.5780176222244078,4.2,0.531389612922587,0.9478529172809852,1.7,0.38,0.5950346683282676,1.35,1.0,-0.7013233344807741,1.8412277550080753,1.1778742759918581,1.9775105612373998,1.1552294207724128,2.0826272132628456,0.6333342527409851,0.05802013216790476,0.1526518024227174,2.3072456354260455,4.2,4.2,1.3237699207138953,0.10103790429894599
279,0.8632997314861597,0.6932915790665168,0.29661045726847435,0.1862346701602997,-0.8012935901057034,-0.018329730120605126,4.2,0.4109360724538744,0.9742790297023972,1.7,0.38,0.2805872407563407,1.35,1.0,-1.1775734061681207,2.8665600173967225,1.6878552242293972,4.5913818242108855,3.2620128412795135,1.6186265037324492,7.539204214288784,0.1733818574392018,0.22260676857224077,2.8199608659655224,4.2,4.2,0.6521935876333418,0.141491674407896
280,0.9592621036567811,-0.3798612701554791,0.19579428758381046,0.12540762986283327,-0.9015495724099165,0.07573812772920441,4.2,0.5755101269878422,0.909951760493834,1.7,0.38,0.4000797140121521,1.35,1.0,-0.41287959258735185,2.2386147610348477,0.07088212605975541,1.9754459893439664,1.7978392321929442,2.357673857051343,5.571737409501762,0.22902603796837295,0.20559982279947614,5.727693918749139,4.2,4.2,1.8017893891122625,0.4260362289473818
281,0.48230733792039293,0.5313544229060259,0.7410602900477761,-0.8097396440038491,-0.7810510164861737,0.8967071232673864,4.2,0.6180894735142463,0.044291166318459974,1.7,0.38,0.3064257161205624,1.35,1.0,-0.37152061232959044,1.2579103476803861,1.5770809456471133,2.779004781105972,5.093649991690977,4.524830549244006,9.753203368838134,0.0540157353926454,0.05911796304651484,3.4182992352801476,4.2,4.2,1.3418251409426296,0.2549130402676574
282,0.8628389390569726,-0.663358700092755,0.31261636677238325,0.17467444344590177,0.7797458580447425,0.23518768805499768,4.2,0.24163346683739728,0.22751481994477551,1.7,0.38,0.5389947675940905,1.35,1.0,-0.10405567056000686,1.0739187676840876,1.062073103593757,2.812029982726203,2.3543202829427976,2.8710807541536747,7.6998869753227375,0.24789298120901343,0.05357323252592308,2.605120103070803,4.2,4.2,1.7512059433601868,0.4927862167822635
283,0.3177978534917374,0.7787957316162908,0.6469228147950528,0.8879139294888516,0.28323281912549847,0.349470136031391,4.2,0.20147012257949715,0.10926514881909699,1.7,0.38,0.8862031659393249,1.35,1.0,1.8068535550556173,0.4278228260092385,1.971471724271099,3.8000967897282747,4.535203376081476,4.893539243381855,8.308121920601117,0.24529284495652004,0.22784304663502375,3.1187041179051778,4.2,4.2,1.7877533885603016,0.47993336801119735
284,0.6896608994699962,0.9941075119031317,0.17146679712508595,-0.4904356965938683,-0.6373643889221599,-0.49613611267440816,4.2,0.7387235092734858,0.2727598321808068,1.7,0.38,0.7080520081084495,1.35,1.0,-1.7018664506097512,2.5210648604213386,0.5071297792808374,4.659448169274471,4.256652348092254,1.0136973086970964,4.381395601231429,0.22776845241076332,0.09652830330534751,3.5076829855399643,4.2,4.2,1.7216979057701252,0.22535599255640865
285,0.45979514146727385,0.08654252045788002,0.8491496139488078,-0.5933668663323821,0.8193639327315614,-0.004914663217819415,4.2,0.7011635810651767,0.49047319408969614,1.7,0.38,0.723330910116382,1.35,1.0,-0.49166194844277333,0.6924446299419585,0.23311161353555554,2.7886665659482257,2.8771447588838033,0.769926460770272,7.130324351854614,0.09449812883329133,0.17167671755583747,4.838473010115324,4.2,4.2,1.3358855722449012,0.2904957588758375
286,0.717122565384233,-0.7945485929233831,0.743706694860519,0.22189033857440021,-0.22215785669699506,-0.9275686260148392,4.2,0.777698956889494,0.41495775668208834,1.7,0.38,0.9508800326361833,1.35,1.0,1.0720834106992654,1.9382035892727159,0.40692872368703825,1.2856241706042968,3.7284461552288377,1.145363372493356,7.509728161371365,0.06658518614234282,0.2112475650067983,2.2327928448131327,4.2,4.2,0.7264686488577536,0.31660385869968033
287,0.16364342175863722,0.8171424628807975,0.7077574469892733,-0.041833230732367443,0.43819300426714713,-0.14211424255449012,4.2,0.1738500026458959,0.900439573929683,1.7,0.38,0.45219193103083394,1.35,1.0,1.6191764753289934,2.984048472601454,0.12258811381747048,1.1258281658538931,8.180966057972892,4.850250605852479,9.740248084115485,0.05628560784008019,0.17065571947896066,4.746634444094104,4.2,4.2,1.311600900821988,0.18388461624749247
288,0.45994760949238034,0.9748458742403443,0.17113386887829374,0.3843368577780766,-0.6391042689503281,-0.16318295524141702,4.2,0.3456608578647823,0.2745053750050086,1.7,0.38,0.3344534207132985,1.35,1.0,-1.6863612730948625,1.2014009555704972,0.7966461246821273,1.5255902617566386,6.359236826351605,1.2482964978420121,7.280253160957281,0.1842109395321085,0.08842429581637085,5.134629785126348,4.2,4.2,1.518643986503556,0.4604934416583751
289,0.5565226304262095,-0.8450269235824412,0.606172573685822,0.638544707208903,-0.15182859100295532,-0.9587732061211205,4.2,0.6930926854561311,0.4859078491216975,1.7,0.38,0.5115884017514335,1.35,1.0,0.8575859614632542,0.8587712319431532,1.4314103155394544,2.1418855389747176,7.381541450035554,1.9456643485985068,9.33056127253693,0.16901823092652857,0.16985027671114883,4.1330707790587295,4.2,4.2,1.9647995567419652,0.4668360702120979
290,0.9224414778629902,-0.8042335426071703,0.07792601497049945,0.15592499566699614,-0.7641884878964216,-0.4628138665329704,4.2,0.22446646604476617,0.020672663301971816,1.7,0.38,0.8377077481592367,1.35,1.0,0.27505932654258114,1.0189028310896644,1.2890391782517412,4.568628281465552,4.2156629774563426,4.594013364722325,4.509208576624772,0.18273322762224942,0.08658867626885772,4.836438317001684,4.2,4.2,1.6398335821360999,0.40588780843189126
291,0.6898705035170861,0.5988405768270808,0.9008761657628489,0.9418749974865992,0.9033932867363934,0.16168983836205664,4.2,0.07949259555444566,0.4169016974993389,1.7,0.38,0.19404607141792035,1.35,1.0,-0.17900673655362942,1.219998345451379,0.7149101520080905,1.0360817002876659,9.871898577479781,0.1373307666427883,0.6516685956921591,0.1484602327654635,0.1298757737987944,3.7882143798338106,4.2,4.2,1.2494622795333177,0.16931861903519047
292,0.9458550850110874,-0.44454800157565444,0.6597305575275013,0.24421354071667745,0.8326894895258365,-0.3915535308490514,4.2,0.08021753077676463,0.73139978598765,1.7,0.38,0.5168747436725313,1.35,1.0,-1.4431641163066895,0.7149999490998334,1.3005585417368342,1.3712377328431908,9.891724294265536,2.7665936170852325,1.55324513097396,0.07077910725234618,0.08734578466695504,3.6307124715002588,4.2,4.2,0.5732625785083851,0.3458219604404069
293,0.04686287266159794,0.6305571026004242,0.5673705431450904,-0.43744847779299745,0.6000420682370649,0.19672939022443714,4.2,0.8995670561697772,0.5787862235279004,1.7,0.38,0.6648556458678506,1.35,1.0,1.5911365171922753,1.4133075596247362,0.3823033920934691,2.1077488276168066,3.8900315965138343,2.324882866935491,3.835637864528091,0.22088844182793188,0.23860928428902844,5.015806848913739,4.2,4.2,1.724520150749785,0.4834425553528242
294,0.6635114000452856,-0.333344664296108,0.20663136373809188,-0.11880285220720821,-0.180726066364836,0.7378785642996726,4.2,0.08382129437444119,0.8741273620319822,1.7,0.38,0.16818770177001552,1.35,1.0,1.9109383041725807,1.9769875518474138,1.3800965247198287,2.0814396483246975,8.167684005005029,4.6518298482212055,3.905178034667689,0.20364454950550237,0.060142555464812224,4.712371935844136,4.2,4.2,1.6988407990139534,0.43137030618162214
295,0.20865707579195092,-0.11374311081024713,0.7633648616612075,-0.009607177324505889,0.8865725243737244,-0.7076203255542781,4.2,0.5328099431561962,0.41714720205793876,1.7,0.38,0.01965963955518784,1.35,1.0,-1.9919304790475771,0.1868055343521836,0.9145066942274038,3.6463746781815622,1.5347473356323216,1.20278565182333,4.537180978073278,0.2015543745514441,0.06327086122031567,4.768027608539972,4.2,4.2,1.8669783779853466,0.05604219656827364
296,0.7453026812384672,-0.9912210954252465,0.5913077960355786,-0.3696249615701843,0.06305321174810419,-0.5030906440925118,4.2,0.5696040953858996,0.7375508280677168,1.7,0.38,0.8955229439199248,1.35,1.0,0.5679536900716569,1.1361321750724402,0.48425878883388784,4.873983567418826,2.5548987203694162,0.16961402433083833,6.829409742657644,0.21678743310878046,0.1996211282885978,3.944022125588873,4.2,4.2,0.5263871123922295,0.27517336110425933
297,0.6082750128081836,-0.6912908237324642,0.9986523731364467,0.8621717648669149,-0.6043134038024918,-0.10664847632514807,4.2,0.20778369491225335,0.6609518860676649,1.7,0.38,0.43085489443442465,1.35,1.0,1.0626846922068247,2.000705396896535,1.084231591837384,3.882709513183413,3.6278476562235045,0.26994742922233256,7.765148583357438,0.17289437518424805,0.14939218898656703,3.0523272001125132,4.2,4.2,0.6130877899109253,0.4737464038997774
298,0.46433686772325455,0.19299866327816706,0.46934686353848554,0.5550603126436167,0.6986792878479018,0.8627495529499325,4.2,0.13690215179634035,0.15465611474413454,1.7,0.38,0.8464598112877311,1.35,1.0,1.8847447034903806,2.7108137476412657,0.4904690174491204,0.7810053976804185,3.1797629136103693,4.0536732634962505,4.884119147010104,0.10952830718643942,0.2202776077739383,5.242282350884285,4.2,4.2,0.7973149777763195,0.025829138018399034
299,0.7090631653976911,-0.6261808438812606,0.5425912244984463,-0.3725847568502505,0.6420479072653262,-0.0740057331963091,4.2,0.8597810256158542,0.7537565780562937,1.7,0.38,0.9653946527537047,1.35,1.0,-1.333556951835952,2.484002816618008,1.4223351682855156,1.192405228792549,9.413759451312824,1.514828396581694,4.203635977602657,0.24985241905811922,0.10549361089793595,5.342943431139557,4.2,4.2,0.626628737812113,0.31545886938943535
300,0.8702241570839503,0.0014002285414331794,0.5661666705845442,0.2823137924806369,-0.9362642318628458,-0.5629388365185666,4.2,0.3604269486930911,0.05048849890685991,1.7,0.38,0.1104545159715932,1.35,1.0,-0.972891273242686,0.6440080594774191,1.9187017047817088,4.339550712672465,4.570081134218174,0.2422289761833143,9.858280384509923,0.12884583403519356,0.10443994549561818,3.2659775757425784,4.2,4.2,0.7479204474059374,0.32159613860424946
301,0.0854434661987108,0.6677034383161007,0.3171843829901526,-0.1435422143958356,-0.12113077389421911,0.5337432857935751,4.2,0.8753426960030929,0.5143147919469411,1.7,0.38,0.3062194841872844,1.35,1.0,1.5134437041436462,2.7096010836387476,1.3643476137272839,2.1213677440810788,5.113299812202401,4.285881497758499,5.933720669268417,0.23868839924944296,0.21142496189981286,4.552391542413095,4.2,4.2,0.6958069067352344,0.066084481986314
302,0.5678694022179028,-0.1125974352133352,0.569903354464531,0.3353110768117695,-0.3579889008160311,0.4483197238927834,4.2,0.540084455918373,0.2552238506893204,1.7,0.38,0.1647564557648502,1.35,1.0,-1.01235111167236,2.060796258490709,0.456589803303163,1.613450572718279,9.39414386069804,2.355317899828742,3.750258787262269,0.10286610470677815,0.20239249772193812,3.656761857134984,4.2,4.2,1.558184018163653,0.41076531599326055
303,0.7953296199680853,0.14612493219291878,0.044478519854556975,0.26319891708907805,-0.810516250667819,0.8294148080904831,4.2,0.5135008564396222,0.9630284074543184,1.7,0.38,0.12830414843116114,1.35,1.0,1.442377456487519,2.2951929794547574,1.3141392728832002,2.98477033487201,3.547526691683537,0.94713187127111,3.192461552603393,0.06417785376532309,0.19409088663605878,5.620423323935304,4.2,4.2,1.3541196073122679,0.11914904917927255
304,0.8332715402776052,0.2077353076591184,0.4853490474095715,-0.6298208696289209,0.2916969892770409,0.5973391543453259,4.2,0.9677058343514476,0.8459415077312308,1.7,0.38,0.7527249387354487,1.35,1.0,0.3960452748451262,2.5497020130317316,0.556682229265477,1.1970693787238398,3.77218332450746,4.416034546958807,0.7873168046028083,0.15574957696141173,0.13180331997720354,4.326485002948429,4.2,4.2,1.9391031075933576,0.4351664069562308
305,0.46496644445218027,0.4482350925518954,0.5002847685765669,0.23020298205909606,0.2443470948622215,-0.10323835084381394,4.2,0.9305090810666274,0.027676650694263616,1.7,0.38,0.5597431333866902,1.35,1.0,-1.534640264245859,2.838718405016601,1.48840887170937,0.531511275526557,7.5181482361033245,1.1969611778396771,4.559844120018845,0.21149236945474015,0.12499966202314108,3.686394339374881,4.2,4.2,1.7225136602534459,0.04396764372327061
306,0.24355023378249374,-0.37945706632429,0.5923058044861728,0.49973665530470335,-0.2028273885692633,-0.6726898808127881,4.2,0.9184578195836199,0.2297951514707538,1.7,0.38,0.7801978868005982,1.35,1.0,-1.5186786195964892,1.336508445961745,1.6276720179495554,4.223134589143315,4.638718192246647,4.584453279179216,4.440968573194425,0.2065405216554716,0.07765305380471206,5.413757720095159,4.2,4.2,1.8392442422737312,0.4714971887069119
307,0.3238691367180022,-0.9130093273147775,0.9997848683643331,-0.3382453630927229,-0.8185714145198171,0.6620175583168117,4.2,0.23649613013742554,0.8456020206339449,1.7,0.38,0.7092094676973828,1.35,1.0,-1.435892944551144,1.5735473908943851,1.6122477095732546,1.2459298671314665,9.665630742652597,4.245843981473273,5.811111823465717,0.14989506874565384,0.2190639457032018,2.381220145732999,4.2,4.2,1.328663964453511,0.4474883845082014
308,0.23417196063602008,0.7666470714223148,0.1352532645644109,0.18473351872111343,-0.5951240341774666,0.9471081266544954,4.2,0.4254151118567968,0.941755711617258,1.7,0.38,0.7923837231263244,1.35,1.0,-1.0895647326130762,0.6213888014126597,1.942200835045291,4.686268971998976,6.248378763964464,4.039367099142692,3.088261941717316,0.08890121680624347,0.16177762283244818,4.584502535700196,4.2,4.2,1.3299364801258071,0.068439548063438
309,0.2966974226024751,-0.9209669662466335,0.5258687590048098,-0.46510495900023385,-0.3596009089350769,0.5450108501040181,4.2,0.6298951864917332,0.7532000855277785,1.7,0.38,0.3923879599776032,1.35,1.0,1.0539290320156147,0.2676650163433981,1.8635633891995982,0.7174572800981525,5.598511922708879,4.565211956008593,2.4051836701740417,0.19471156950150498,0.22034131075013275,4.631383660207989,4.2,4.2,0.616168858856202,0.11705421801998273
310,0.8732680885481875,0.7108220037210522,0.9446368901874526,-0.6867099049176506,0.615618837641182,0.7558571090444461,4.2,0.15575609722313055,0.30574658878321126,1.7,0.38,0.7891321143378793,1.35,1.0,-0.27960448270916816,0.6406885057505569,0.236082705716965,3.644729788739209,4.33683040597113,2.46049741525701,1.086784174891911,0.20666741252495674,0.0792112007274775,2.687960677223601,4.2,4.2,0.9907070255545104,0.37037005459143424
311,0.5406602500386397,0.612646070747118,0.2060182169987521,-0.07098012637635098,-0.2653239500004545,0.33170147550648554,4.2,0.656288732402851,0.7721021749013453,1.7,0.38,0.4840632784441408,1.35,1.0,-0.5700629256694785,0.2626489305922264,1.6709905537893484,2.8267003689889116,9.821835509261957,4.228123063852987,2.95795065987949,0.17193365986256431,0.23493626634237752,3.602834159877221,4.2,4.2,1.4249355616520147,0.378447413574725
312,0.23874403920787257,-0.8908710222375265,0.9917984685751056,-0.8769378170512732,0.39617342785930965,-0.11815780194896508,4.2,0.21563687437291046,0.9496071091647323,1.7,0.38,0.1800988829383661,1.35,1.0,-1.4792494994816385,1.5900191766232876,0.6151702285334057,0.5530692006882256,4.557299817443152,2.0807063044968848,2.5191407566152533,0.0712726133302305,0.23962649373019979,2.4248784676848447,4.2,4.2,0.8656040408472188,0.3653098570764998
313,0.6080761606733741,0.5841342870561939,0.5027975335012234,-0.7138661902461441,-0.2962454023232064,-0.5101600055202067,4.2,0.12645189963329084,0.977974001151253,1.7,0.38,0.3401100252582068,1.35,1.0,-1.2215684381171292,2.4439825886708952,0.8256851740845508,4.330164806706282,3.2725970890895075,4.250746139803026,1.2479943286400959,0.21205931645339,0.1642603955791206,3.4302300438893822,4.2,4.2,1.3899481414659078,0.16470261399706304
314,0.6944590252637097,0.5958383705887977,0.5448996863806224,-0.00026619905232783125,0.7049092275280471,-0.14477881478347876,4.2,0.964397731961863,0.7480662003085119,1.7,0.38,0.09960480018430731,1.35,1.0,1.3639761628473623,1.1136687339008706,1.2243196375904775,1.5537926128597332,6.795468826655959,3.697312727060503,5.4316169226127045,0.20790758511927343,0.07037396317462492,4.135258438363223,4.2,4.2,1.228453179995199,0.25143625393554
315,0.5944297193042769,-0.4216692735836154,0.09738913296950003,-0.03740512133333351,-0.3005696488215033,-0.821668050624641,4.2,0.8053058386722879,0.5720285855350039,1.7,0.38,0.5299264939580779,1.35,1.0,1.1183378114722191,2.235108137634148,0.5359204569325844,2.3798047760078633,2.401047963783997,3.280310253452767,9.718068836016725,0.2000759478170605,0.11521819730108758,5.575332782304119,4.2,4.2,1.8601796707287626,0.17506323820384806
316,0.3683251647193744,-0.8412384951947298,0.43915092741308737,-0.43395351963718265,-0.8423385770774303,0.2594975970769986,4.2,0.01365432994653104,0.6787230546962029,1.7,0.38,0.10621962094134921,1.35,1.0,-1.9520504928573628,0.9198583433971169,1.6298421418523832,3.681110702758419,2.8328982657401296,3.935233131478286,2.1833071465127,0.20333737007041108,0.10436410444203033,4.5597558280380355,4.2,4.2,1.5568572433258345,0.059682612454320105
317,0.7662091292897111,-0.9557152758630207,0.4309266193056326,0.9215323923713781,-0.5522400955406295,0.3691862652803719,4.2,0.9041086076982792,0.04404628827842505,1.7,0.38,0.6956928990417287,1.35,1.0,1.612788790713358,2.3453784494161662,0.9831147651212693,2.452832319823489,5.724640971036007,1.7100624140586635,4.328887556945414,0.22540471067772477,0.11212386517248958,3.915164989737166,4.2,4.2,0.5983857191827742,0.12627232276589384
318,0.35309622233660665,-0.181288705802771,0.16085017502409837,0.13666826723508008,-0.6268392344362206,-0.6853263227365425,4.2,0.25319744207013584,0.49368459139883636,1.7,0.38,0.5223102167384724,1.35,1.0,1.4281262096728708,2.803261757054776,0.6176398704088286,4.980633805435943,6.509063822452461,1.6217013002709162,0.6209598767367797,0.23321693631589208,0.10439133272773056,2.4625273277152266,4.2,4.2,1.1168064049526027,0.1648138218280738
319,0.8070885930485786,0.0011261107072655374,0.4544319464511076,0.8936416497699544,0.1903568509667306,0.9149168478897964,4.2,0.20436469660841383,0.8518510193016855,1.7,0.38,0.31405682361960063,1.35,1.0,-1.5870966242148201,1.8269549126430402,1.0938052073438371,4.288813983323623,6.739677919852921,4.724708239478177,2.9560706119324394,0.1691542227544151,0.24869565594947524,3.069092177399969,4.2,4.2,0.952718405535235,0.20188845248244747
320,0.1467652704786977,-0.8931555302652885,0.27630627493518,-0.9218298195394521,0.6671485694481325,-0.5992451489609467,4.2,0.7166346853911647,0.15776037174981972,1.7,0.38,0.056482937196777695,1.35,1.0,-0.7684510077508153,1.9087907843580592,1.8938714785229152,1.8623076392345608,2.612729469790966,4.639084355392545,4.10755416604393,0.15710297386834887,0.06512258136542722,5.931359970270899,4.2,4.2,0.5061655759140852,0.3372930384001868
321,0.2793634232986073,-0.8332404511900302,0.030848224812884628,0.8628563316011653,0.8942951006479576,-0.8059145824316294,4.2,0.4496618914620111,0.07975436391873192,1.7,0.38,0.7453882685940999,1.35,1.0,-1.936116276861355,0.3188739364382501,1.6008465518057762,0.5317287346030832,3.4066845345291163,3.5318401656346703,8.20778063344293,0.22690968523054272,0.21452898873844756,4.095444608277003,4.2,4.2,0.7879640953116647,0.16794556393621463
322,0.5401568765682616,0.8294096311514834,0.12483494200124667,-0.8487225380084171,-0.625247794169441,-0.33556286432013516,4.2,0.5847606258504798,0.08497181952997546,1.7,0.38,0.08561335408426861,1.35,1.0,1.542344965609988,1.9507890486623793,0.9959025577864447,1.613526988433681,3.446776948434357,0.4725588574681624,9.014281149304988,0.09815413448392728,0.20142793378417218,5.038493964438308,4.2,4.2,1.2158682560939404,0.21568496819904642
323,0.1987020157299212,-0.5721636290684213,0.3897037131450358,-0.6400283350430789,0.574758279483023,-0.8392484634955966,4.2,0.06229023522906252,0.4499719594193903,1.7,0.38,0.8619161395988584,1.35,1.0,1.974922696271289,0.22540941350970098,1.897702619133214,1.9408084984386897,6.347236091820138,4.2249442325302144,4.349824088046869,0.2447019674473646,0.24337785787439353,3.7076687345275667,4.2,4.2,0.6586122780445636,0.324436163499341
324,0.4386177058917926,0.4168824792216377,0.04579499310143531,0.01047511220436892,0.007776453288884211,0.9399517275770586,4.2,0.029084269108114902,0.7040947997447294,1.7,0.38,0.11422216140316573,1.35,1.0,-1.9546203037281709,0.5394261499315598,0.454371380451722,3.2791925154267743,8.978599860246163,1.717744451393639,7.034615415766484,0.06573997218948296,0.09941359075564449,2.67956950167821,4.2,4.2,1.1568665630288955,0.03527598786480024
325,0.563212949258174,0.8144973251378587,0.6466155110138718,0.055377754772131915,-0.25220193799327695,-0.1786029037855359,4.2,0.8091882243367896,0.7807638825159847,1.7,0.38,0.18919479180215673,1.35,1.0,-1.9933251732575772,2.389885832794437,1.7302306829484848,4.778806186034759,3.027104271664431,3.1369473803499095,4.671785520508217,0.1343752256376861,0.1509762597228599,4.365773011796918,4.2,4.2,0.8516794172138614,0.44486196742964207
326,0.428428261199038,0.4556670500919979,0.22627335105214674,0.6322035448703538,0.35362641931387273,-0.7010612253324067,4.2,0.7067366252562779,0.653328618298558,1.7,0.38,0.6403259045608004,1.35,1.0,1.8679628638427657,0.9424783943970376,1.2382421251474094,2.5326356956859835,2.1418313161171016,3.9249180886147066,9.607464751461665,0.13370075052429534,0.15437102798507601,3.222093827602108,4.2,4.2,1.6179557663677933,0.040269095860318294
327,0.34722037701450437,-0.7924001453048244,0.5794051475109873,0.24045241995479816,0.9124898286619052,-0.4392566691967217,4.2,0.9949561986229508,0.013242069777781307,1.7,0.38,0.4014434166835864,1.35,1.0,1.973124145344272,1.0791695528068004,0.41377880224068764,1.089971188496949,9.501212691966852,1.1031959299902132,5.175890571355472,0.23076049954225492,0.07776424869599269,3.9088826051849686,4.2,4.2,1.3450889975036406,0.31342503559132867
328,0.3203497356261218,0.8809747926711697,0.45241723871695927,0.17075413819630736,0.8600568318706119,-0.300996962876815,4.2,0.21238231157753396,0.4551067046769329,1.7,0.38,0.4104246922043936,1.35,1.0,0.5670042427267155,0.8175331902797707,0.9630105535250133,0.6871503895708676,5.840979505220448,2.4512863651361934,4.870056754472065,0.22353327367920134,0.09865175522013332,2.3843078235805137,4.2,4.2,1.5125361636988373,0.381437363954607
329,0.9509861163430521,-0.3087875267641673,0.6406302211927921,0.5076098414967305,0.3193325207206952,-0.8633029746604697,4.2,0.7971148365660352,0.5989978420912561,1.7,0.38,0.6083651839523547,1.35,1.0,-0.01112227336268834,2.4573464903142925,0.45034177804157904,4.509293783524645,5.821811966320187,1.0778740770378392,2.7534638524931663,0.0840028371716179,0.20529749207150466,5.088026572597154,4.2,4.2,1.603505510813133,0.3006409922530322
330,0.6847643210098111,0.5431131331853534,0.06211517489642471,-0.8388702653371023,-0.18497654272037778,0.526247340175489,4.2,0.7298472994108499,0.8142519638774834,1.7,0.38,0.8371982735301717,1.35,1.0,-0.2633816746541924,0.645402373685166,0.04271306518869822,1.9588954442272701,9.634266785072304,3.8067570502094843,1.6976093680649882,0.14074875712427629,0.1833836998350804,4.08158274074932,4.2,4.2,1.5645059633506078,0.48794850140719426
331,0.23191207810830128,0.03079673463983612,0.5204709680468645,0.07475051167882585,0.4866695674338499,-0.6246235025029689,4.2,0.9457043075578735,0.4803250390144904,1.7,0.38,0.6684692163535311,1.35,1.0,1.6156871426373822,1.556391652124973,0.16771429613942446,2.9907833359726435,3.5488435608086104,0.2681998833835073,5.269554075288436,0.1683058537528329,0.09271777752199728,5.3673039715296404,4.2,4.2,0.6097433105226331,0.15117278748011853
332,0.44992132209777524,0.9434182500975956,0.3479144837446828,0.13920157606135342,0.9285744945867,-0.16137503230912942,4.2,0.42219400221325476,0.010864577866948832,1.7,0.38,0.7423978717802456,1.35,1.0,-1.2921185064921592,1.1483133567998356,1.4355944640868084,2.909150963995424,3.4947829172759826,1.1451023988978941,4.562481786850982,0.0565380079889168,0.06350591875899125,3.909363849600325,4.2,4.2,1.431945326260019,0.3359117360977246
333,0.630733354289539,-0.46782532114139364,0.14778685692545712,-0.5964037654832766,0.1940569969698791,0.806797754768626,4.2,0.7221783480425186,0.5249437443485431,1.7,0.38,0.4900882848237319,1.35,1.0,-0.4556193013848544,2.1052704906483295,1.1814123331810558,3.8026835149426024,4.174072779979772,0.24570158762547564,7.147649407616623,0.23727780972110807,0.1420732109554091,2.803386190154165,4.2,4.2,1.6674007148755101,0.43470856936136787
334,0.3533595315152013,0.20062755785431974,0.4302852981399631,-0.3845724692374328,-0.9901401661653264,0.9487636968056294,4.2,0.3575576620293923,0.9702011115740928,1.7,0.38,0.4334770266725258,1.35,1.0,1.8548239352449478,1.983431866050232,1.7043437847743592,3.187248660595621,9.003965130347915,3.0155853272491258,3.8401505108678267,0.22831330988444248,0.10187997177450457,2.1604635022260483,4.2,4.2,1.7127887421470742,0.382829227982293
335,0.8541260491550058,0.41176877783641475,0.8606747707089552,-0.8821457597534439,-0.8260394357355962,0.97024108567099,4.2,0.8515160834786069,0.558462619216036,1.7,0.38,0.8942466577576187,1.35,1.0,-1.8439116100714301,2.976826907988491,1.2766917143410872,2.4280552056495037,1.4999736209933092,4.847433089565452,9.795530469754459,0.1561856347091008,0.21588235216943374,5.546055407839432,4.2,4.2,1.2175798430533016,0.2694671486453833
336,0.8669779395287089,0.7792345728924803,0.1503057938373591,0.13741593579615308,0.8975628453499542,0.5945292679476448,4.2,0.8592901186326667,0.9119457360994897,1.7,0.38,0.43299557520366533,1.35,1.0,0.18602139804895756,0.1689866151134578,1.0066342340159793,1.729164986457171,9.0726105527904,0.43312357642966814,5.923257642039887,0.20598089851423712,0.09264275553677548,5.251104275882617,4.2,4.2,1.2600785391032183,0.0877668967213871
337,0.5553113736708957,-0.4942797519139548,0.6288483389205232,0.15249243060433915,-0.760501932352758,-0.4895268051087265,4.2,0.2779528247977703,0.45693843279626756,1.7,0.38,0.9407481100401435,1.35,1.0,-0.0946464352238654,0.1170932986684875,1.0106311141198614,1.2343871298264952,6.985448673617235,1.8707742027092904,4.340956565340051,0.13932072490454855,0.16599432067995196,2.3102835896586846,4.2,4.2,0.9905621112405211,0.1858048963565188
338,0.049718437454891684,0.7130201221860808,0.07612118545531132,-0.9500279040750332,-0.03252722785138573,0.6970126200159847,4.2,0.13139525856493706,0.14250484991404988,1.7,0.38,0.9354321176810119,1.35,1.0,0.5817015030361623,1.7726916858829276,1.045410292260711,1.0336249675921532,3.272956237483852,1.7994773591253022,0.5488448591552786,0.0845069406108004,0.11689458679880921,2.8401621081263917,4.2,4.2,1.310249650160689,0.4239366368052312
339,0.11871835793647378,0.5586249267816559,0.033562179537029446,-0.7713554541817358,-0.7324164818855545,-0.15489744880030298,4.2,0.988772903304998,0.650470927308901,1.7,0.38,0.546878638281385,1.35,1.0,0.15614868490513212,1.6618396715415145,0.924179665790654,4.084688264026127,4.313654168959193,1.0786726628555292,0.7185825863544455,0.11253194788902848,0.23150618846111476,3.87044944033991,4.2,4.2,1.722436360344885,0.0504592995461981
340,0.658728030516638,0.8436392679086768,0.06520559956239447,-0.3293596277536288,0.19484687065766848,-0.7079779112131217,4.2,0.05919517687665343,0.437581164209078,1.7,0.38,0.7452744468951552,1.35,1.0,-1.9064417524208221,1.8355352461726209,0.6716481961793197,3.18608994536338,3.4985927902006546,1.956932272330322,0.6624729282713323,0.22862299847470274,0.20352532367735238,5.226640290178051,4.2,4.2,0.9582832658548815,0.4986197374686609
341,0.7595183182404652,0.8395561110485246,0.04585532841527984,-0.903395072136552,0.4361043126272497,-0.12262577827870014,4.2,0.7817486545957503,0.35589786881682284,1.7,0.38,0.4957758051116868,1.35,1.0,-0.04958673192062113,2.3060278654226187,1.8135555045421388,2.1432737694168575,9.208259711155707,2.428551669473827,5.46339572586634,0.24645114643449945,0.1405002339535245,3.3369559467191907,4.2,4.2,0.929800838531448,0.2816731298542127
342,0.46345554795984,-0.8132952201180015,0.6866625773927578,0.3691257712700844,0.224363765334761,0.3758042042276606,4.2,0.21655896439482514,0.15878332784469562,1.7,0.38,0.5852290539555451,1.35,1.0,-1.1526112560430963,0.918061060231884,0.40503286867559773,4.7395181377532944,6.49589688730383,0.11428479119381309,7.916994455464393,0.1362952710791551,0.11205582428778459,3.3080863760380286,4.2,4.2,1.8080688800101423,0.3912821689857424
343,0.41673967057534766,-0.31902547141574167,0.07450011320900929,0.32421673656232874,0.975896500113318,-0.19333998636474425,4.2,0.23612862785862987,0.6548322093330863,1.7,0.38,0.8576159775117481,1.35,1.0,-1.7572590198862308,0.28405818803018246,1.6021642662063675,3.1129253519565174,6.5573304606965355,1.8927442955968004,4.132027777907393,0.23576762416323854,0.1754656837184304,5.613862457402939,4.2,4.2,1.1531621992452354,0.037116190655916925
344,0.2646184851474438,-0.2763035929718656,0.6882695441522229,-0.7092340503217323,-0.3108328520478232,-0.6752561328267181,4.2,0.8449553655801816,0.655860458078959,1.7,0.38,0.23219109814261632,1.35,1.0,-1.2838217536352596,0.3510636518981469,1.0818227151163304,4.687858562916806,1.550937882665966,0.17680832665620042,6.65272401542238,0.23666057213261538,0.17231908033780488,3.7917970551954916,4.2,4.2,1.0720811577449312,0.32042768803950517
345,0.1227206648626733,0.3961433234586169,0.6836337147643097,-0.5786049499393675,-0.5467541364560222,-0.2501273015036616,4.2,0.5327460650109096,0.0568583530011737,1.7,0.38,0.6547349207796584,1.35,1.0,-0.46021142778578694,0.7914680490362338,1.1440669479591248,2.7344741029462236,7.090753559740172,4.0125368287508865,4.380076045766896,0.12439198193627042,0.21032128465337674,4.094534888386281,4.2,4.2,1.6330636876861533,0.029979363807147774
346,0.4052729500400327,0.5243286763285169,0.840982362834514,-0.21112797032410224,0.34328905180908564,-0.09330302497996845,4.2,0.37957127561221915,0.8099649423632986,1.7,0.38,0.24687448630351957,1.35,1.0,0.8094907090196521,1.0761311149844015,0.36316799181291337,3.337479146467169,2.1774812417643554,0.15080006580172417,8.89474873364492,0.12025471599756435,0.23063488461878556,3.215706848894977,4.2,4.2,0.5918488601072274,0.367035941928762
347,0.11849507959931826,-0.20308502251930394,0.3376768546758766,-0.571712068593208,0.5795801846033006,-0.6629022091623002,4.2,0.8257174636114307,0.24197302230109174,1.7,0.38,0.03479508852176986,1.35,1.0,1.3270229459813732,0.28560353411851125,1.9480451041981353,2.595466408645202,3.1234660059211246,3.9171458867004034,2.15704443883821,0.14218192274832753,0.20628845203576623,2.2377666538345986,4.2,4.2,0.901456191276846,0.25743891394820884
348,0.23092322673788646,0.6315140495105251,0.2537969988626443,0.3916945264730687,-0.614757729909984,0.3530384862143301,4.2,0.24416616229787125,0.8166192422823558,1.7,0.38,0.05910135738172395,1.35,1.0,-0.2017233933386735,2.7251648323531303,0.7134364558899662,1.637386095456888,2.814742967450167,3.56072556958382,3.9603033334285644,0.1106621891863615,0.11050688501881645,2.7136775984968127,4.2,4.2,0.8053859940256809,0.04602810157660486
349,0.45039288565408575,0.6144387321488942,0.42654512249884813,0.3710493113588611,-0.37997959562810313,0.8107007747796402,4.2,0.37367533535532227,0.25835006478253764,1.7,0.38,0.5130579645325863,1.35,1.0,1.617588634515076,1.0168861141599326,1.0718884428301134,1.063271643978898,6.6987115709468235,4.91905474484971,1.0194418524566826,0.06926469064012097,0.1305913519825957,5.631265827990328,4.2,4.2,0.7302194364281123,0.13145602648374954
350,0.7713639467719621,-0.9213326209262969,0.5889494518604559,-0.3147792754823524,0.7672813957180404,0.0929742349074536,4.2,0.8731773073116846,0.8810934176661952,1.7,0.38,0.5830656057296357,1.35,1.0,-0.9888317532117501,0.6194036817704416,0.961449407371757,0.6730984476789572,4.566855672767312,1.517082653504341,0.7727646347077297,0.19263163744119643,0.05486989952050694,3.1660350834883157,4.2,4.2,0.9851536032705512,0.3705320495814117
351,0.279491038817989,-0.05908563417317736,0.8621237401108164,0.38699295507694664,-0.25752505455027985,-0.8157777398333161,4.2,0.23467153343592162,0.6006570402559251,1.7,0.38,0.12332343711359452,1.35,1.0,-1.030959957287664,1.552320262500787,0.6266978498633418,3.405902279436733,1.496433167086268,2.6005934106111352,6.922358151696987,0.09275096330095532,0.10749346185288147,3.9516826992255862,4.2,4.2,1.7026211280925116,0.09700190124688118
352,0.644439030455324,0.9724478711451727,0.6403885772283713,0.8712456839918437,0.13781519010852672,0.7573877307286465,4.2,0.6711820152276244,0.7509493923041809,1.7,0.38,0.20777545859687838,1.35,1.0,-0.6522998965027793,1.576985704429828,1.040499404258951,1.2316913823738092,2.7966966400767372,1.705681147822368,5.715889376961068,0.09508019498581076,0.19896167136128867,4.755956506960839,4.2,4.2,1.4551836933262612,0.1527392797972369
353,0.38758039251012055,-0.22236418517746293,0.678543196553008,0.5960786318280871,0.9644292381652202,0.08062281214092049,4.2,0.2937506811292916,0.1899238017243069,1.7,0.38,0.3478155947039929,1.35,1.0,-1.7598636298213823,2.957986625563734,0.6780279810784804,1.7462719177089372,9.99426016215095,2.021464021203345,7.014667944968007,0.23068534957012293,0.15402105109006448,3.843800344473973,4.2,4.2,1.6892669337779436,0.4677958652184732
354,0.18373558862702066,-0.14272666533232736,0.08754047999308723,-0.40630598683463215,0.020179288171579213,-0.9739099042933923,4.2,0.7944015377148299,0.11955096432938972,1.7,0.38,0.5779798023458916,1.35,1.0,0.694720370731984,2.972947273831233,1.3411374439297332,4.111147421397014,4.992018494329134,2.3099890094615096,2.734687504760698,0.10125048003531206,0.17228112400017315,3.1648435822490453,4.2,4.2,1.9198969235105559,0.1568395941991355
355,0.05276669655468669,0.8326332319834262,0.6752054548243857,-0.6590540434570349,-0.8051946583025507,0.6775089482939549,4.2,0.1045735449796723,0.511803256559988,1.7,0.38,0.7487111314791953,1.35,1.0,-1.9031884923105822,0.6757471616130772,1.4937675272486908,3.9057013917112067,7.9511423068054325,1.9056104202733635,2.859508962928079,0.21425639939988134,0.17316448482510194,2.036434323661593,4.2,4.2,1.753686796849669,0.07526996883011927
356,0.652798326590212,-0.49785430329648617,0.16686888258540666,-0.1676295288358174,-0.3956955568637892,-0.8996519291546543,4.2,0.1053753637339927,0.08067217147389394,1.7,0.38,0.5715922885086042,1.35,1.0,-1.0383324932995865,0.23716269285345948,0.9671809456129434,1.8780453042207146,5.451700083834581,4.045243090434779,3.1894916097793273,0.10358715959602399,0.22071054618097274,3.063178750020087,4.2,4.2,1.8190445395026882,0.07895641028649258
357,0.5456333549928164,-0.5154496658211962,0.5037444622691017,0.14756127897115356,0.8908470366911754,-0.7130552351572677,4.2,0.3296582386867891,0.7326778238100151,1.7,0.38,0.354553837435443,1.35,1.0,-1.4548731793534024,1.165906629083242,0.3089121511352313,3.678614712105408,5.176176551297875,4.036645580295478,4.548974150629878,0.10432980635042721,0.2097250073981337,4.498462812841312,4.2,4.2,0.8308717691833456,0.1607290477895128
358,0.7443084452780142,-0.25628559755763547,0.5219413864790303,-0.7881055035820348,-0.49095440183907524,-0.6933522359379889,4.2,0.32630875234110257,0.13718804943493956,1.7,0.38,0.5457890813201153,1.35,1.0,-1.1460056882036644,2.56831474120714,0.7304967288708244,1.1037048654114534,3.2716589212967904,0.501576965809787,8.457261476938456,0.17816206930065903,0.06085974655640536,2.8327445332544605,4.2,4.2,0.8656266485954647,0.4858328084930333
359,0.4619657618365768,0.633448091617623,0.03647499127200848,-0.2782482066871683,-0.5035324053735519,-0.24337602123113178,4.2,0.7241743745279974,0.22118573451095513,1.7,0.38,0.8396187514037717,1.35,1.0,1.1696937112858308,0.7263689990696474,1.3139050873447056,1.1257603240352663,5.514384353228738,1.7001038195051947,4.982010796226472,0.19400540673749306,0.11740430717340251,2.852481226785243,4.2,4.2,1.937237793066748,0.05663620725902102
360,0.8324902207284157,0.40717662457060033,0.34736831301295934,-0.2071532738285431,-0.4074358052909506,0.2722250243033151,4.2,0.17069817420487998,0.7978355687402355,1.7,0.38,0.9823036335478358,1.35,1.0,0.6346555156414033,0.30048965500712055,0.7474225523473208,1.863441482676154,6.3516215339102,1.2955584709923051,2.1413853732436263,0.09873487572570563,0.08812529647347632,4.791886305027887,4.2,4.2,0.9267549285602256,0.3504601681969421
361,0.004355236343418611,-0.8823953435507299,0.5698092213237134,0.10060487769150672,-0.390491415326617,-0.2823823406338357,4.2,0.8207840461652975,0.8389848098666581,1.7,0.38,0.8098020325733942,1.35,1.0,1.5643361972050598,2.7832849782055895,0.8315681499512764,0.7663460124668336,4.132809653991574,0.1959059806370291,1.4053521793803705,0.1974510101454468,0.18402233681924463,4.694963162416619,4.2,4.2,1.9685403043506153,0.033275440071636186
362,0.9933900624609251,-0.41158484789066563,0.521685669070752,0.030856977573362032,0.5438256028843846,0.23608145681335468,4.2,0.34067403580677336,0.6907917151600549,1.7,0.38,0.6985535334280754,1.35,1.0,1.2325581733221833,0.7832049792680066,0.22869058652745,3.27223952275496,1.4611188684562866,0.8279890481949498,7.862825265173751,0.21593970698103548,0.15606206579259274,3.1371295115787765,4.2,4.2,0.8215733970231369,0.036162606143961495
363,0.9458044835677881,-0.748117693948172,0.27699399864803,0.07442890087676601,-0.3170354319325024,-0.8347892726343207,4.2,0.12800969934198325,0.9727455125114959,1.7,0.38,0.1296241693934465,1.35,1.0,1.136981955481812,2.068847591405362,0.17845036969906336,1.0259717323288153,9.493360139694541,3.4336254440168665,3.595325238760547,0.08218636776467375,0.12797633836129188,3.005995623215923,4.2,4.2,1.956514082441364,0.3406617488553855
364,0.2623974434016031,0.6252962792301318,0.6268421175404844,0.26726935165593946,0.6687402113808358,-0.3600383642294569,4.2,0.5504604122938729,0.0601838051420206,1.7,0.38,0.5165487549139917,1.35,1.0,-0.19765315460397348,2.9097898212747038,0.3646861658804581,4.535998917371509,3.2587533701922626,1.6294280971437654,2.7866312569398484,0.2176987226097784,0.0727613240841326,2.995344544368134,4.2,4.2,1.9052656404178883,0.2546384626496362
365,0.22995965645547678,-0.21265940364480818,0.0037545983122803106,0.8941445443503355,-0.5415329882583082,-0.6910611182658921,4.2,0.10360283167698514,0.3961642193830749,1.7,0.38,0.7246173629781303,1.35,1.0,-1.4498242933729522,1.577353300356767,1.089808980438931,1.111690884369035,7.883919350356518,2.362142946750243,2.8066941565462185,0.23390349361832558,0.2429044997879521,3.942259809224706,4.2,4.2,0.9424606030094822,0.3970381484763684
366,0.556670430097864,-0.8954766838095889,0.3740701716643857,-0.25292982576939527,-0.7683345145680971,0.49568826740349414,4.2,0.06800115838168308,0.46330729364041623,1.7,0.38,0.5991348753280579,1.35,1.0,0.706289192063319,2.699669282526904,0.8743579124712788,1.8943100087882938,7.1607937638739525,4.967923290050999,8.361236111302752,0.05028404450893201,0.07929340319806344,3.422039804480322,4.2,4.2,0.9756574068833102,0.09401513264030409
367,0.8749784199903763,-0.8334092148852406,0.1072458789456433,-0.09652469707808264,0.21160254020383884,0.9701459014989253,4.2,0.04159162006252748,0.41699285978593137,1.7,0.38,0.27404750929726696,1.35,1.0,-1.0044947977543712,1.816177939156502,1.517923197152977,3.4774996553424744,9.858140937679185,0.635005410034296,1.0475056214067764,0.05924530532434971,0.13183966157453855,5.807336138657265,4.2,4.2,1.3362097012529695,0.14095364831049073
368,0.928529313480071,0.24185037488785488,0.945802955761591,-0.8348469532320641,0.9778139307979727,-0.8064384245373568,4.2,0.5073850941793346,0.8268645632903456,1.7,0.38,0.8108068911701921,1.35,1.0,0.2085045779285175,2.555394520369618,0.655913049572282,3.2071457241462347,6.90083034425506,3.0177879873745015,1.8298874342671392,0.22638284269340453,0.15140935569220776,2.6922533223032334,4.2,4.2,1.2708222941753766,0.06342423831515992
369,0.013795136437806721,-0.44552927296045963,0.9325600907313786,-0.9676863597135608,0.10078486075862214,-0.6391277661186041,4.2,0.49006852810609425,0.17625512085464956,1.7,0.38,0.04901790472809251,1.35,1.0,1.0214419432516388,2.9271522896746913,0.6909831729805851,3.329517545748358,9.423116008790254,4.47585685928217,1.8651782012494407,0.15775049463390567,0.06561383060601154,2.0403480217820564,4.2,4.2,1.1226018868250769,0.20914277486777583
370,0.9182770403826032,-0.2938215031875673,0.23733223071500864,-0.2848708065945027,0.17182243122088692,-0.09633699504532478,4.2,0.27181825515352676,0.9630750169351681,1.7,0.38,0.6359002503452864,1.35,1.0,0.7211679744669581,0.2741579204521515,1.9070985614175737,0.6404348428107232,8.477591000951271,3.5475578834892785,8.250747558862663,0.10543694055700199,0.24712843943020008,2.3599938991344973,4.2,4.2,0.9071160273316503,0.4211625959752739
371,0.45967026204101846,-0.6974476732191879,0.7235134726010535,0.6698758954274961,0.8035929287436565,0.6222819333410561,4.2,0.5111680871853043,0.3190648357120437,1.7,0.38,0.7425905506382022,1.35,1.0,-1.6825249784999001,1.8700969823424538,1.340573510940192,1.402198504661639,1.660235707575375,1.616712747486227,3.3517210250797556,0.1994875758144778,0.22643188723256846,4.736874057558315,4.2,4.2,1.9298013169468144,0.462819933550565
372,0.4068429786977067,-0.8558475942651669,0.33912253678855286,0.3420113777834919,-0.44074240285825805,0.9260284415384805,4.2,0.5275474555420986,0.42762405792365143,1.7,0.38,0.5622305815042816,1.35,1.0,1.527245908519951,2.344538816449378,1.8575542545037937,3.889707461900565,8.137939981883973,1.1842950437611404,6.2014834706567985,0.2348443239298164,0.11504487047942638,5.6956909765804875,4.2,4.2,0.8247929542837128,0.354457956917205
373,0.24175831689740812,0.010922631592647836,0.7562659668287933,0.14513887353890675,0.12142824984796685,-0.34030087248367336,4.2,0.2602519453560468,0.983388649563353,1.7,0.38,0.3871754596330246,1.35,1.0,-0.3105052712977612,0.4596833120923869,1.5031589939801087,3.8654149661424713,3.925963815224707,4.155571883989648,8.70639399700019,0.11390607301601528,0.20736644007281568,3.845016256380795,4.2,4.2,1.4923343342228834,0.22372989010775512
374,0.3280437738481752,0.7399786810635722,0.49826144794534555,-0.5111650709224727,0.8866431505682228,0.3158324107995307,4.2,0.004431412675901969,0.6544684707066051,1.7,0.38,0.8806984919359545,1.35,1.0,1.1862232929974672,0.9716182496005062,0.955041870169768,1.781709541123202,6.707234467750032,1.3966135301056744,5.575381789932397,0.13037216500831367,0.22774711216067872,5.449693851329451,4.2,4.2,0.5023670320416036,0.0633132100532528
375,0.7054940309117967,-0.22254526038677636,0.6495174650961902,0.6383559458399599,0.9431948228396849,-0.21767432067221426,4.2,0.9319400695244093,0.3529614701056284,1.7,0.38,0.40316372070081585,1.35,1.0,0.6208107439295558,2.8888675038566394,1.5974864637928177,3.156593981796193,4.905587765373921,0.9649839644446663,7.355362926015991,0.160061207553862,0.09688128703203687,4.252026088910739,4.2,4.2,1.6490317672612225,0.07953025698058458
376,0.15599829675827637,-0.20634258329947808,0.9072237085980089,0.04880321242482988,0.18515366630680674,0.8446112030429935,4.2,0.46266840949227794,0.6451066417766248,1.7,0.38,0.9139070675275373,1.35,1.0,-1.1807814306618547,0.11674410915193394,0.5152357673366434,1.331619806693638,2.8806405830462705,3.954975941340066,8.129046726441437,0.16249821256814692,0.19511256578884995,2.341756717979411,4.2,4.2,1.831772947413849,0.09544277084275404
377,0.4179933680360919,0.6511573025965249,0.09978116578826801,0.3653390619096415,-0.5671789451252196,-0.8525633394860563,4.2,0.35022377017282136,0.4174169550386859,1.7,0.38,0.9071266829394781,1.35,1.0,-1.8087183066147094,0.4112226155723513,0.910936556457679,4.5692392451778066,9.859577802991627,3.719175665827964,2.406268121308642,0.11898483409380285,0.14751431035900198,5.328860121752582,4.2,4.2,1.2218623326196874,0.4912211669814852
378,0.5285530854802555,0.6199962264099983,0.7938307268021529,-0.6533651595938084,0.8614703953834146,0.4579171905945123,4.2,0.7631280604465053,0.9355725371908757,1.7,0.38,0.4451379366540821,1.35,1.0,-1.5057813001050562,0.20869364670843815,0.177100096736585,4.492911806232495,1.4774509783533518,2.0467009407274346,6.703226843697665,0.22567571533867592,0.1975239383498768,2.1365149103086933,4.2,4.2,1.9292596680515959,0.15909064212926605
379,0.803884641107855,0.5278504986705177,0.5994112286487661,0.9173464147679888,0.42134186206581314,0.011238672078399237,4.2,0.6709037318420158,0.8354294310092921,1.7,0.38,0.237290941466916,1.35,1.0,-1.3246212690825474,0.3036925014162849,0.7463374808096013,3.285470280419287,8.609681909536967,1.965337799576843,7.938415275856419,0.1707661932647584,0.22350265987559953,2.6777565148383777,4.2,4.2,1.6332445707173238,0.42161642115493336
380,0.2441711224166052,0.6535790385946267,0.9777237812221907,-0.6807797429438505,0.4031197025014157,-0.1429411592070171,4.2,0.32599547524427697,0.1876964390181476,1.7,0.38,0.1870052215601046,1.35,1.0,-1.5392925914003013,1.6533222471756321,0.6303714570849672,2.3069466099841254,8.144802869911517,4.6164699629416805,6.428337067731735,0.23403762576636766,0.18146762984016662,4.903501828353171,4.2,4.2,1.4466383566923298,0.43770546801848914
381,0.2699334396076267,0.2847137873615644,0.4130224562527297,-0.10475750123875804,0.8285511879911849,-0.32385008592959585,4.2,0.5304645084735823,0.09022828821316387,1.7,0.38,0.8953610294043384,1.35,1.0,-1.9707331967983182,2.3821401400260793,0.013951382347690444,2.367184837755765,3.8945302825298733,3.1328985152237503,7.138710153809979,0.13525676262310848,0.1489550265817856,4.296652962200751,4.2,4.2,1.621974513515809,0.10425317368505582
382,0.8120629245351012,0.7961565055582254,0.0005948980368998269,0.35150017159766267,-0.6270518500002815,-0.28932154747401295,4.2,0.13023699806717992,0.7099735372479644,1.7,0.38,0.6576015385640461,1.35,1.0,-1.9836785117075122,0.2810749955068335,1.264979320940191,1.1126639427141924,4.538566465308945,3.3017403390694966,8.419226107089795,0.08922314440185893,0.07801469549588287,2.301494320251779,4.2,4.2,1.5272372074296063,0.2725390471516437
383,0.7857483322855893,0.8786994519905031,0.0627004026916348,-0.5765998630547489,0.9150367271057915,-0.3973016930965205,4.2,0.23217128107316654,0.5093052028472129,1.7,0.38,0.5418258371763649,1.35,1.0,-0.6891245153545777,1.530618736188309,0.648721241422159,1.1005464041246165,4.118912214026549,3.30493030628826,5.934405141303511,0.18772843386393628,0.12929264034220417,5.430460655702616,4.2,4.2,1.0681863705589718,0.0949738518361144
384,0.642477215999633,-0.3727045209297155,0.6627110000804968,-0.6470036915110171,0.06973946692968802,-0.5936865429826426,4.2,0.20612282666296322,0.4389082426326395,1.7,0.38,0.1170787527938908,1.35,1.0,0.2368514410892768,2.209838239889401,1.21725117046906,2.563396767280065,6.199896740750073,0.6958977130353214,0.5833648318819907,0.12299971346143952,0.13803751023109834,4.868672794269436,4.2,4.2,1.5041685392277877,0.44998133761159526
385,0.7007807671006536,-0.30814090165274455,0.48357378540862883,0.19184343054485908,-0.81787161681575,0.006500504221278236,4.2,0.7337731377589023,0.1619868961969142,1.7,0.38,0.16817295852025474,1.35,1.0,-0.5525916984175128,1.83640520016296,1.4877058353278898,2.945786980639682,7.695835696297248,3.171618664167046,4.08038938269001,0.09794681577783276,0.09348382228543406,5.247583445624723,4.2,4.2,1.3793343850233675,0.3699418316184649
386,0.7124236427889308,0.2410303762682251,0.2085844057939069,0.7912194314682888,-0.12608209738001874,-0.04439239724664579,4.2,0.08328106718975681,0.4585341665260726,1.7,0.38,0.09428572672195362,1.35,1.0,-1.8815522471795973,1.1937473773012486,1.167846349206012,4.425620284914567,8.217017514474882,2.7560536635444297,3.7405753972544016,0.12155121781795677,0.050226042418859286,4.281966516732689,4.2,4.2,0.753908497371566,0.40007391042190965
387,0.5369543509512457,0.4043964616522151,0.9205572476821753,0.15393915095967325,0.4466447852492337,0.5830822046502071,4.2,0.8546733493312559,0.5130862502798048,1.7,0.38,0.07349589187311967,1.35,1.0,-1.1774453765287758,0.9165899028027624,0.18857906757748255,0.9729998637857857,7.393458956351556,1.6089267771353535,6.797419337173997,0.07943810753451191,0.21359505879108903,2.0516093973554232,4.2,4.2,1.1932811846297868,0.4412224204892243
388,0.4428822349463678,0.20078054400283607,0.43941266909893106,0.18956505177446492,-0.34618085523871445,-0.7131547002497518,4.2,0.8446134483535066,0.7432479250414821,1.7,0.38,0.026298652671696857,1.35,1.0,-1.5747877351794397,1.1964031445555325,0.47848310925054505,2.7220410697101465,3.8670538561867764,3.116487691509469,8.21502185279998,0.0805791886128245,0.1962192150389221,4.5325764669001245,4.2,4.2,1.796930493158878,0.49239378162963654
389,0.20806226972333663,0.799092430842971,0.4685310623973594,-0.1812703777982816,0.16159310170522745,-0.17983265246405633,4.2,0.2367169975145772,0.7619162989119902,1.7,0.38,0.3173071153556563,1.35,1.0,0.39876428371750494,1.9147819362757206,1.534570541719872,4.036932361783446,2.7474892127360704,1.3125241089083786,3.215100469042702,0.10886732317704335,0.08913399616708262,4.969551692872415,4.2,4.2,0.6127260769951035,0.4074425210079823
390,0.13497253600657422,-0.7996259661607861,0.1412395070344955,0.9580701020396551,0.8239566095032993,0.9374769480834806,4.2,0.17721373241775884,0.78468357926383,1.7,0.38,0.3540102089413473,1.35,1.0,-0.7721779128216721,1.3822793260003035,1.1743364272913521,4.915534471793055,1.3827716695871253,2.3892088659781905,2.4075820206155587,0.1942756862879889,0.08503235249370418,3.102343056173856,4.2,4.2,0.7328818232392247,0.41204029174123485
391,0.0768946536602857,-0.9127768519218915,0.5087553899929422,-0.5908489537296895,0.84598363383022,0.4523943051163095,4.2,0.7426723860498118,0.8097788423099823,1.7,0.38,0.6923284319045271,1.35,1.0,1.2569723818523726,1.56926305675786,0.7592751257083017,0.5431837920047453,7.731087647612405,0.40167026333125055,4.996225859346111,0.1737090874724482,0.17637678410986501,2.908020662403961,4.2,4.2,0.9556097398973655,0.41100595784943184
392,0.3351312629546829,-0.191294319624842,0.09597789893767184,-0.5728607589946255,0.3572155316256256,-0.5317536246057666,4.2,0.030406903048497913,0.16844241230201062,1.7,0.38,0.8040670186904673,1.35,1.0,1.3482616109410768,1.4692032802055262,1.2906718913887327,3.8208617745194924,6.913898609397686,3.2836543199934765,4.344571650927665,0.20787260144872616,0.23338250658446252,4.809764259159833,4.2,4.2,0.5230365480490489,0.19455990778391996
393,0.5728748966385324,-0.7377485204486633,0.5787129847877723,0.4339411383945999,0.5343608980863088,-0.06961781831543612,4.2,0.1473820829152599,0.3432251555203609,1.7,0.38,0.16326565628421785,1.35,1.0,-0.6847970073608196,2.027107975977267,0.6363938214218254,3.1824861403730464,4.6914565443611655,1.383005087928286,7.572408545988546,0.16603349057887232,0.22272597852573806,2.13617318690719,4.2,4.2,0.5897102846327631,0.15097821920242865
394,0.6914985607881898,0.6248946242207605,0.5658890480207941,-0.6395585620671194,0.5372500581262583,-0.16822045457470014,4.2,0.10943979457672015,0.9957036946423213,1.7,0.38,0.32068852637670225,1.35,1.0,0.5927473679613655,0.1159081423436358,1.589387456146897,3.893750264850759,7.595213301483989,0.7038131856238651,6.388950451697758,0.21055776698925005,0.22822822145667448,4.495867404196476,4.2,4.2,1.482117745164313,0.1400178233081889
395,0.46273534945227257,0.007357262094640049,0.03434639035837961,-0.894570721345799,-0.49525391041196865,0.8120461793272136,4.2,0.4115509065571875,0.35259950054377387,1.7,0.38,0.289900593272011,1.35,1.0,0.5141231554708319,1.8942448885361012,1.7101011242007338,0.7672943154795486,7.648010385846259,0.7153224415387118,4.788804872150132,0.23715085961112747,0.061728658615542734,5.952208200018394,4.2,4.2,0.5750363076998661,0.19917393465376665
396,0.9364551893583307,-0.4213860130366205,0.7967101218766167,-0.7253703969458389,0.934203911479722,-0.19366383449824376,4.2,0.33806669106577547,0.17813754061243725,1.7,0.38,0.083305875886277,1.35,1.0,1.4087551479372777,0.7815281054950137,1.4978638682848031,4.776028080489635,2.5168980738869133,1.1965558416255886,9.161759756129161,0.20881795133164793,0.2301706445569916,3.162715471541222,4.2,4.2,0.8108965758021256,0.28838307496605275
397,0.3363399276556287,-0.8633856672918387,0.3061028380368408,-0.29064277840679686,0.9273914828225116,-0.12411460170539801,4.2,0.21493153339726034,0.9796181528588507,1.7,0.38,0.7322157366346348,1.35,1.0,1.8802327680082023,0.25920963402869995,0.5208448480758625,4.364099587562359,5.7694797584033894,0.16378126646569055,5.977048044654899,0.1373470148367386,0.15334153782395377,4.4188722449311175,4.2,4.2,1.3574990404126457,0.09706629702586794
398,0.26043360757366696,-0.655083742749305,0.3967698796996213,0.5162276721292354,0.9106112224008664,0.035261355803106964,4.2,0.0003555492568276808,0.8762232033941271,1.7,0.38,0.5720511648670642,1.35,1.0,1.7591249192459695,0.7101961751506644,0.012416184663062602,4.466421878422692,4.588430528500999,4.612460067130983,5.4996914713077105,0.20734210674141978,0.07573791149750315,2.8911199465072666,4.2,4.2,1.7060627434864237,0.2472862186406578
399,0.5669188180535414,0.5425784214561813,0.13806119990814414,-0.6199116111094707,0.439563474264687,0.9204705116785936,4.2,0.7031293807359055,0.6731567387534394,1.7,0.38,0.7089341126270017,1.35,1.0,1.6692490908982562,0.6153507896653333,1.7900149958035154,1.7567971902505475,5.347522878765604,3.0997361034099566,1.2674550998397582,0.17899511509263666,0.10135861001146912,4.914288760716507,4.2,4.2,1.3981322133911862,0.44300088592533554
400,0.528525261123998,-0.2830887971997469,0.901021918208593,-0.3319649306266599,0.07586427829223563,-0.809212774263427,4.2,0.15867908637691375,0.6061778254566095,1.7,0.38,0.7348670841604638,1.35,1.0,-1.1348427675394333,1.6692219783589026,0.942323964644455,0.6930133584926624,3.240952281265602,2.1310582818092905,3.063264352583219,0.23832841023445056,0.08799699653048568,5.361249468656885,4.2,4.2,1.3565339564919388,0.1230216761227721
401,0.7646334267489691,0.8720976062771912,0.7936955277310072,-0.8066034892326173,0.21669891672371078,0.6441006396409863,4.2,0.7565190870722089,0.33943595716748265,1.7,0.38,0.11677066560653317,1.35,1.0,-1.139592698397348,0.46569794241636886,0.6556590594028573,4.686177667741403,1.6103351082497088,3.1796054090500037,2.6369973169863914,0.16009309910601666,0.23815480810125006,4.16481130162037,4.2,4.2,1.1081790922018093,0.2462839749025464
402,0.1590451606234199,0.9598705154800449,0.5438327011115377,0.2537129746587161,0.1959925308602466,0.3593149329858516,4.2,0.9517912178028133,0.988872194151695,1.7,0.38,0.10115258921388515,1.35,1.0,-0.5354638411977466,2.9605284652966515,1.655364596718555,2.9242206739536516,4.104920498961507,1.0617297018779275,6.92072107179122,0.09284139737426861,0.0981593032235652,4.657802581567996,4.2,4.2,1.5427941421294742,0.4028764808879576
403,0.2793780136223194,-0.1785600600070958,0.8614154917341755,0.3333181682539621,-0.24285974899631957,-0.3000671490284814,4.2,0.015261319203982104,0.9239111126022784,1.7,0.38,0.4056242684640717,1.35,1.0,0.929848312267151,2.27423537709181,0.0667161400573526,4.264628810628141,8.902960722223538,3.8065457269426477,8.960803416895583,0.07000538859996189,0.23682205952799862,2.9501008871805334,4.2,4.2,0.6482829875723499,0.12706072343715674
404,0.8466000960739396,-0.8227669155025219,0.7548387298899657,-0.8541310812977523,0.5914642856171151,-0.9516124068746201,4.2,0.3681405017330952,0.33387004972267187,1.7,0.38,0.6099578217581748,1.35,1.0,-0.925203296092791,0.6910584398483907,0.7488223510655441,3.1899011854963164,3.041701193510164,2.0472406802561296,5.44650631891964,0.1171819394148958,0.1112616182598195,5.509974789699326,4.2,4.2,1.2322081506862763,0.25253867494212473
405,0.17476013166017335,0.4174232249963561,0.9684252000540862,-0.26955315899345744,-0.8568709711889833,-0.04813807003724979,4.2,0.05578295531186195,0.42206399597937905,1.7,0.38,0.6799131919969567,1.35,1.0,0.2587309258910362,1.8838014610034315,0.6809894316278584,4.294517082378145,5.05825774498263,1.5246517888286961,3.183562748540908,0.1921973904925609,0.16892279114164738,5.717312911787431,4.2,4.2,1.5855190212268206,0.4209132571104141
406,0.9434118833554459,-0.24815365844952342,0.48750978641531206,0.7934180603367507,-0.9282687622176549,-0.05905459747045616,4.2,0.23877413855446628,0.993797718191648,1.7,0.38,0.1518561050779354,1.35,1.0,-1.0982991347599609,1.4039550810331987,0.8038920147217408,3.7650859583647294,9.19228783530447,2.651234193796567,1.3743875771008818,0.1495715289965931,0.1002517781529839,5.2112561131104265,4.2,4.2,1.9318216717608476,0.41696763346782695
407,0.9048908777843621,-0.9041473591196161,0.6731608935211207,-0.5744427861582093,0.3930137352285572,0.5173434499199046,4.2,0.5494226589909244,0.21446539052656843,1.7,0.38,0.01797123280355993,1.35,1.0,-1.0622832726917055,2.761742526710793,1.6069657616571769,3.210799569304925,4.930036716960493,1.4354657755051043,5.555751003374955,0.21045630176256525,0.17653678162163322,4.5775477235934705,4.2,4.2,1.1426211646234625,0.298396490894847
408,0.4067795035858389,0.6846495535154586,0.8548891448837884,0.0650157294272451,0.3805139602363208,-0.4637730129724855,4.2,0.16680328059563188,0.9952068467019042,1.7,0.38,0.7563298610826282,1.35,1.0,-0.991197299256064,1.5448564339155315,0.29466001170786704,3.909334565672542,8.244392419124376,3.0675752855106126,8.458207809820793,0.18817647040016838,0.09628079449428276,3.6029370175433697,4.2,4.2,1.4783216549826816,0.41308622477679025
409,0.7530143449070636,-0.7157403048612059,0.4127633774271966,0.08734034162506221,0.7675765287915397,-0.2516111292606913,4.2,0.6938087787168628,0.879897532296548,1.7,0.38,0.2890913683562284,1.35,1.0,-1.571227270334413,2.3775496822895854,1.372597598642415,3.753791758236467,6.9331130385308075,0.9796447302525818,9.423265884968435,0.10971632704529868,0.21509534133016706,4.8928775048327,4.2,4.2,1.8322218636551328,0.156588504149347
410,0.26002103997843173,-0.9233962201112753,0.2557181413879652,0.32607940900567045,0.14057818596723748,-0.7723859913845625,4.2,0.5131086680276746,0.6360502865819169,1.7,0.38,0.48809375420927337,1.35,1.0,0.251008518877621,1.349062610755397,1.8502982408617838,4.589116715362378,8.836425136185454,3.4561578096298535,7.67999154705779,0.16178811081075212,0.09013274736017077,3.0464914963543235,4.2,4.2,0.8191346223762594,0.055247562765082914
411,0.6873778678172962,0.19160471663647805,0.8767468716767947,-0.25372507114211484,0.6936504435543478,-0.7879811371412391,4.2,0.12097293040907597,0.08668712539935775,1.7,0.38,0.6462059424055481,1.35,1.0,-0.9166150384409635,0.9318422904727788,1.2439902410427606,3.933204499924968,6.682021067630252,1.877503290987262,3.217140967473995,0.19647019020801865,0.09318553533677197,5.400285249671124,4.2,4.2,1.40282527484649,0.17171656673857194
412,0.6802463567410003,0.9851988952180173,0.864854666459566,0.393450166038926,-0.7984556835179664,-0.4791745984849545,4.2,0.506170029230095,0.437508507509648,1.7,0.38,0.6365192942070339,1.35,1.0,-0.0017570646576516857,0.2659456688512951,0.710441431123152,3.291317980207527,6.67584464087886,1.5308092732917293,3.949801957271448,0.17091976988804597,0.14364484877555997,2.433768534519794,4.2,4.2,1.7807984517063031,0.26495685106459826
413,0.2840924986942156,-0.2428510963350261,0.8848312657963234,-0.16571733865891702,-0.27301891661487576,0.12700212270714162,4.2,0.43399424995875724,0.6810138361051576,1.7,0.38,0.3511114597227417,1.35,1.0,1.9801449140553098,0.6299382974323915,0.1605004030244246,3.5880567608569987,8.8051867029667,3.5901822971312956,8.108691390609922,0.09257126410218133,0.21997108539447235,3.540724223086279,4.2,4.2,1.3686950273278624,0.239357634677549
414,0.9040087919024428,-0.6236910692132938,0.7911786266572025,0.1984530129514548,0.8069963310205215,0.394361438241269,4.2,0.8319565019050881,0.4271323225468807,1.7,0.38,0.5200940606708407,1.35,1.0,-1.7254257875737564,0.3469522155899674,0.35399791849974926,3.8121657101501554,8.875445511076531,1.3969517943979004,0.6872888446829292,0.14116976543237042,0.1494668363202987,4.647717434845404,4.2,4.2,1.8630898443414,0.08429653368828849
415,0.653431888684564,0.2641209668203326,0.4753906076014133,-0.9907853813940006,-0.7279824582635552,-0.31044363275057263,4.2,0.8812010002016817,0.6005436500103837,1.7,0.38,0.21951102349177676,1.35,1.0,-0.06594404319546676,1.015232292781694,1.020292589316171,2.992825877269693,1.63032836593043,4.84012984035998,5.6859494098528724,0.20610507690925306,0.06846915246674137,2.0867042809541467,4.2,4.2,1.2203031038296297,0.25972469105608553
416,0.012000583326591374,0.4262129914337578,0.49488443558352324,-0.44349869100513506,0.018749571848046154,0.4751718569780903,4.2,0.3122600287802578,0.6346493324054282,1.7,0.38,0.38111768762328585,1.35,1.0,-0.841785569220534,1.5722973877210553,0.5290728014073571,3.0138144292016418,2.7596034957317617,4.019698276480497,4.888571520520052,0.06316046457155816,0.2431265132387878,5.88812905804509,4.2,4.2,1.2264810794431442,0.32699401130703143
417,0.3569398131699958,0.47339421826106953,0.6179004878440465,-0.699020732399859,0.5108634497271534,-0.9945778031236103,4.2,0.30040202183964526,0.6276009583960915,1.7,0.38,0.5131747982140783,1.35,1.0,-1.6608889644078912,1.1037341863536483,0.6505392848341403,2.4257112577390467,2.03575756168869,3.8401804016423458,5.389308119079253,0.1663006746166035,0.12519477340665974,4.667238489747387,4.2,4.2,1.6639624382522682,0.35213994789898484
418,0.15887769599222568,-0.30933686927039394,0.9442493233238456,-0.31785474535294633,0.945049987683104,-0.5069830329139657,4.2,0.3277029056178854,0.22253181392526167,1.7,0.38,0.05518283617418802,1.35,1.0,-1.8585998833832789,2.9787751949012002,0.23575219368538747,2.345048778190576,5.427506601753834,1.88138353285925,4.613735471496034,0.11705892483454083,0.1829264645916866,3.448424349654431,4.2,4.2,0.9174074467118944,0.28168365252467154
419,0.7407859455303641,-0.8010176087335459,0.7886940605501278,0.28578573769322824,0.7793743101384101,0.951686808561063,4.2,0.23469892141671989,0.2570894157728725,1.7,0.38,0.9467049089400803,1.35,1.0,-0.40454965412196486,1.4462069207570503,0.44957956388562814,3.1827342294582213,2.7300182518512113,4.617324572887911,3.3247762127254017,0.11773903777786532,0.08405465017995889,4.381783850518383,4.2,4.2,1.463401036035304,0.30744365400942375
420,0.576742025018067,0.042523973286670236,0.8494039289596671,-0.43721382257316854,0.3845225889733752,-0.22730168754615443,4.2,0.8835316403703694,0.09705164487152584,1.7,0.38,0.4939707083917904,1.35,1.0,1.5142168523787984,0.7267546026702132,0.81965088712873,0.9905729081527825,7.784405605757856,4.47819194870453,1.3612132077451709,0.2470363954879654,0.22837118598245648,5.174830449522794,4.2,4.2,1.549347428897403,0.059331267104900665
421,0.49411122242804084,0.8997918469584061,0.8653766853605748,0.5043291815971189,0.3653509892275384,-0.9883795525322556,4.2,0.7815696851116367,0.4379984222513609,1.7,0.38,0.24648176200214988,1.35,1.0,-1.5728051944729162,0.3313979769712301,1.6980095665856656,4.046955389417919,6.239847391938383,0.32016756350199904,4.877255566920904,0.22478664095526452,0.11246909013131122,2.865956633450578,4.2,4.2,0.551722821086134,0.3314555520024121
422,0.9805788009517724,0.5591454746497997,0.7871413733649284,0.9531899022892079,-0.20002702906871095,-0.9255416718250116,4.2,0.9621513465913031,0.18037071323938003,1.7,0.38,0.6411796259684056,1.35,1.0,1.4539653005064097,2.4347203196385845,1.1912879193075903,3.402861996661814,4.248766500286795,2.295959860966427,6.7246045530453795,0.2310879901951618,0.13733879591721154,4.9274164608726165,4.2,4.2,1.8514757408920146,0.16682564389415827
423,0.7601567926680207,-0.6152471009030898,0.7978903791193533,-0.7930011749136812,0.5932266056763016,0.07159062664774285,4.2,0.6120050379969981,0.8668993821753304,1.7,0.38,0.05284128906938798,1.35,1.0,-1.5133420493286742,1.5922059385020162,1.2387865001332459,1.8255750058073086,4.861695384430581,2.9792952245286473,4.814337740545763,0.07852316716315143,0.1792059764705975,2.7423891531287827,4.2,4.2,1.8656264216711522,0.04220862523715063
424,0.11935327560183773,-0.31426258413609043,0.8726440163240188,0.6187178065431103,0.1692709834799797,0.2737598754863204,4.2,0.4571761353018272,0.9619455962086896,1.7,0.38,0.10998835683102745,1.35,1.0,-1.5613336798979418,2.2546800651255623,0.24598087754157572,0.999519980718659,7.1848929776503505,2.63370029843983,4.344529561122513,0.18903203345045405,0.13506048445077568,5.620974351016697,4.2,4.2,0.6143386523303429,0.31712497321820726
425,0.11578635890571753,-0.08642223061142973,0.1945224417598007,0.17377304840008057,0.4132958049170885,-0.32614571069660303,4.2,0.642878732794026,0.9706898321758168,1.7,0.38,0.1478680587790595,1.35,1.0,-1.840174568286097,1.9525335820473892,0.08541172642694206,1.1678296251622042,3.9610949959040758,4.367701623359521,2.918439588632307,0.21685822916832542,0.16876888612867036,5.896310581688763,4.2,4.2,1.1279465073087864,0.2709180286355932
426,0.4739508626355752,0.12080253113953443,0.3113066154006784,0.31598491275204266,0.09179636056083917,0.24909155068641287,4.2,0.7227346954523676,0.575658972134382,1.7,0.38,0.8177999311949599,1.35,1.0,1.540366381248976,2.2468936898716474,0.4891059570526841,0.6826130794079619,2.2651555496120017,1.154740244522583,8.625303822983815,0.0959175725836442,0.10552220233653037,5.9363898636720815,4.2,4.2,0.6804805922434016,0.347040712444751
427,0.9938883496953704,0.014148316562637264,0.6222704767708367,0.2030175187668415,-0.3434977936409165,-0.8709634781303699,4.2,0.909162308956798,0.25473767162014505,1.7,0.38,0.5462817034368078,1.35,1.0,1.9003971369649402,1.268152008756489,0.8820231004339403,0.899436547938803,4.95596615288609,4.330586593513102,6.227967836892241,0.07705260579592298,0.05445040294058086,4.542556896777061,4.2,4.2,1.6703526913133953,0.34325852992659983
428,0.6885223243021309,0.7910335937340582,0.4075341971374219,0.0003205949975946254,0.9548733175292932,0.4947460208997232,4.2,0.1029182737647294,0.984694853116191,1.7,0.38,0.7499500929534384,1.35,1.0,0.6486626730147251,2.3611876612195797,1.447485480283344,2.030628274140075,2.4145402170187293,2.8911753735568375,9.747989112434617,0.1813429212356819,0.20313474732449666,2.9393663515758535,4.2,4.2,1.579083352711379,0.36623376828785836
429,0.16976545089568518,-0.950875353034347,0.669172582656814,0.8734378314370157,0.9862821641019199,0.6940606124970183,4.2,0.8173133703673353,0.46354731937676696,1.7,0.38,0.8060077768561137,1.35,1.0,0.030658298363748226,1.720308927948623,1.5033326545057974,1.217902887805053,4.65293819287248,3.8599053749847045,5.514475315261578,0.15661868146499436,0.0681013226297199,2.0067537925256898,4.2,4.2,1.6824447802729434,0.4711051356763049
430,0.34688614165086973,0.7274356339058416,0.7646995551678882,0.9943052706894959,0.6421483376640762,0.5762251910754832,4.2,0.2525409520531966,0.7080113471409814,1.7,0.38,0.45340220280512017,1.35,1.0,0.27802732892897275,2.2501448247596785,1.6010437792019085,3.691342091400138,7.651349995502307,4.053004020652374,1.0376814396262437,0.2137366313282496,0.17965607242971332,4.28866817007973,4.2,4.2,1.7804164130395022,0.28766103167877455
431,0.39972091004035504,-0.18960036944779635,0.5990982139729539,-0.8942578591213284,0.7582749306714489,-0.1383127831896278,4.2,0.5863376997667413,0.14785842836572094,1.7,0.38,0.7735196042818491,1.35,1.0,-0.08498730658546316,2.7639503731153803,1.6525774705680527,0.5413074954106765,9.092737062551123,2.6589567518979513,1.2571457412805151,0.10098790287234533,0.19321384862682206,2.6697790193485664,4.2,4.2,0.7063562541728428,0.2763006441153411
432,0.5184696715858448,0.9525033695540306,0.6944744257711272,0.34396578342705175,-0.5461773466581672,0.6879427446303588,4.2,0.08536505692999607,0.2579435418117201,1.7,0.38,0.11929555707196234,1.35,1.0,-1.519677160400581,1.306837980918741,1.4352676623900658,0.789356704409154,8.234318249670649,4.769882375666761,5.419455607157071,0.07526459612954173,0.17829932832209405,5.003414174230782,4.2,4.2,1.9837107711359336,0.4732190250609882
433,0.607972587802217,-0.6447376123327406,0.3795578015239883,0.07161576694095362,0.5616705220942235,0.6029747838166528,4.2,0.36809791987533047,0.040601182487114085,1.7,0.38,0.6183346717071477,1.35,1.0,-0.22335095080759526,0.5349610929030082,1.2615625710112086,1.9657129911627638,3.54852509538027,2.8757800280003853,3.5547179753505116,0.11100621336641342,0.16258998622731027,4.769189916613083,4.2,4.2,1.2283696379997724,0.3950325412473421
434,0.2824660792693947,-0.9491179301170223,0.9072718982628347,0.019316232226274987,0.7732514426707466,0.42584154643061667,4.2,0.8078479630393368,0.8321307237360345,1.7,0.38,0.9283158247331263,1.35,1.0,-0.5348414729107414,1.4507844137283,0.38977057840103746,0.5870899806601253,9.9424196420864,3.312182190447722,3.983130220940989,0.07409422839654536,0.05053592260358284,3.124446202489407,4.2,4.2,0.7108377624807563,0.008530790793706056
435,0.42594175228972253,-0.30320830967543677,0.04340756393846734,-0.5039005515510304,-0.8136887542589935,-0.5644652991081183,4.2,0.6562707466132167,0.4281051622282215,1.7,0.38,0.28740961537105764,1.35,1.0,1.8902624925972242,1.5199716233959935,1.9799029567871722,3.3438283171401575,2.0315904711007517,4.4191543546161345,4.655300603583347,0.20235322625333307,0.2363615980414398,5.832601369691487,4.2,4.2,0.6656946122687449,0.11562359166748698
436,0.15125527528654015,0.4029856172118593,0.3703715776791877,0.8449518994143477,0.15715147102421323,-0.012891417581513798,4.2,0.4987146563062511,0.9786872774356468,1.7,0.38,0.6910619048340461,1.35,1.0,-1.48479294007007,2.237268857489317,0.6982470941287438,3.4716299973992095,4.580205793243342,1.2017540474260733,5.619120599561192,0.056172764946531055,0.1819652140439602,3.512482345564956,4.2,4.2,1.1023667144783131,0.08322887908618726
437,0.8254149533046458,-0.4636407327972354,0.9628292995176312,0.3742133559458547,-0.24108186818984478,0.16012075905103584,4.2,0.9239027044197193,0.60410422185109,1.7,0.38,0.9877119407341198,1.35,1.0,0.5799421472968813,1.6165085484903456,0.18301792767133085,3.3335796191515326,4.728289013901575,1.951273468786812,4.410914843903916,0.14952657303013983,0.09418577354221436,5.233053357093846,4.2,4.2,1.4645639051130988,0.26672495346607267
438,0.9808550640064142,-0.9291047490641542,0.20342180122052356,0.23401506097384672,0.2713841482420569,0.08270957409815516,4.2,0.8795794050196095,0.601684099568951,1.7,0.38,0.44638457465809545,1.35,1.0,-0.5791496594344006,2.095016198794137,0.16975860153530653,4.742985850148998,9.038592344478914,1.3448793824774485,1.6234094248149185,0.2130091727170867,0.1627392690217085,3.8332894698740714,4.2,4.2,0.9433464741599172,0.4820697700446113
439,0.5113423894745208,0.6005992633611044,0.7242984215556995,-0.4530651501690923,-0.9366442988427572,0.9650059999690264,4.2,0.05208029904259093,0.16083573916503957,1.7,0.38,0.040763963118404155,1.35,1.0,1.9547185340825877,2.342305542985308,1.6036584788916646,2.6316128512959596,6.719249190952999,1.608862032607515,5.272139952264808,0.11051926982019478,0.05251774519070543,4.813850412123385,4.2,4.2,1.3982931622878816,0.3008124655066175
440,0.6197842900048395,0.8725062515159472,0.8926451962429652,0.1377876841813983,-0.680374325856901,0.983308339550905,4.2,0.400482482691937,0.6626232784524723,1.7,0.38,0.07782137496579988,1.35,1.0,-0.539968534557151,1.870988178470127,1.2682703922452634,1.966303783093103,7.08091928452319,2.458371406818351,1.1235658717207824,0.1308017519313926,0.0775852368843204,5.1497075901014835,4.2,4.2,1.6212655649103036,0.41420896683190767
441,0.9931270351544315,-0.06311053271626932,0.06704991323497234,-0.25410676792538367,-0.7369774679713654,0.6558555986202399,4.2,0.5225125893432695,0.7423537455138902,1.7,0.38,0.24283501928654141,1.35,1.0,-1.907496863814997,2.152950170996598,0.1492906010930708,4.876953946050245,2.5469887861972413,2.1791762322355894,7.557815809195319,0.22623329451963015,0.17185544184058835,5.914133862769263,4.2,4.2,1.4828565372571387,0.2213007916499224
442,0.8287566609179552,0.2159824696562691,0.47048649416086885,-0.26201557193104863,0.899934074381296,-0.9815472011416817,4.2,0.4249107030685273,0.06621231082247836,1.7,0.38,0.5286580341757859,1.35,1.0,-0.6134253642805869,0.3358688044318282,1.0973290877171238,4.340869954729475,2.771873216862317,3.087602871785277,3.993485470779349,0.1078600212123674,0.19938168928071986,4.185568678668616,4.2,4.2,1.2504227096136082,0.25871780048664195
443,0.2886756159055446,-0.7216781729263426,0.8187831859612029,0.4196742057240579,0.28678983597328056,0.5999189525851525,4.2,0.4498574550184179,0.09251280953828145,1.7,0.38,0.6695027622902741,1.35,1.0,-1.3931722075609891,1.937381113949648,1.1106653896495504,2.197806750828004,6.473089499720383,4.204381802192622,4.801586413691767,0.16708756061270646,0.15898417417594551,3.2984764609960426,4.2,4.2,0.8194412528921662,0.0864702205754333
444,0.377442361934901,0.7207835477024604,0.3361869441876427,-0.01795550232842036,0.25299981641048563,-0.05086534712539503,4.2,0.6704477282783202,0.8258905310513017,1.7,0.38,0.4494084412528502,1.35,1.0,0.5878410261760112,1.0229045569454986,1.6954392479160376,3.9228018172177506,3.933203867818373,4.297733962495698,5.192752290016798,0.23380224380625075,0.15319799205463863,5.479474742034267,4.2,4.2,0.5562085687760215,0.1767685958828496
445,0.7309526780559001,-0.23117880472432883,0.3326047043788235,-0.8391405085588162,-0.37685599790669455,0.6240672072192761,4.2,0.02928058854518134,0.7811311551186837,1.7,0.38,0.7465120249997311,1.35,1.0,-1.6118595829114684,1.0229004647207083,0.9139890823178987,3.5717617239689634,1.7247952216586504,3.2016342487065845,3.702309310528647,0.22751640742170487,0.05751519021430549,4.950550605518506,4.2,4.2,1.9049980095051775,0.011421028025636437
446,0.11622327432863278,0.17870443559870508,0.8560835641374311,0.6297837176967502,0.3677894646696718,-0.3645701574844986,4.2,0.49929435100647723,0.5167121311280081,1.7,0.38,0.6131965148975211,1.35,1.0,-0.11819104665866265,1.5400244341597598,0.7641880963476768,3.8501358156733327,2.1761619969955106,3.519326746178246,1.2269505835872356,0.24248445469720564,0.10829204305991598,2.227750011508469,4.2,4.2,1.6298353837735324,0.22985339895090845
447,0.851009520345558,-0.8059798386086272,0.9262222042422757,-0.6367550864724343,0.5211389646396243,0.4743246777143735,4.2,0.45946127847331,0.9762605865307401,1.7,0.38,0.903984469104835,1.35,1.0,0.8125754759960104,1.1253167118288898,1.4129607472097003,4.447108959655451,2.214790504569268,0.9734115782305209,8.707060570306748,0.0649652460409578,0.16777117297474375,2.2346320723453,4.2,4.2,1.6652116565697257,0.16437946795826847
448,0.8000285350630676,0.3239846887476401,0.6840913828511721,0.1363258108604315,-0.6356082402333774,0.8935939667772341,4.2,0.9775377059430965,0.15819962998215398,1.7,0.38,0.5748792066671299,1.35,1.0,-0.907944767716514,1.8254446535183473,1.9661714457996098,3.173865813936836,6.833652257038839,2.9052391410652625,3.1512298954227065,0.0666688329338498,0.24634776541344122,4.198704572783631,4.2,4.2,1.4874374115360212,0.3458357452299917
449,0.07969079232757137,0.25777983702162066,0.059470909347434486,0.6998835982968061,-0.49169350121367894,0.6731532792210662,4.2,0.3387535786615753,0.9754174422076717,1.7,0.38,0.7912357273063984,1.35,1.0,-0.6634566264998325,2.211604137615467,0.2997701532431063,4.937312835842356,5.137776863858622,2.368348744982923,6.822757348244008,0.13197436714133773,0.1800121359262914,2.74116587175893,4.2,4.2,0.7099191091898012,0.4171620170046972
450,0.23107268115610602,0.7181568935015743,0.1608636400750375,-0.2518753873077748,-0.6796640759390737,-0.5727383654844025,4.2,0.9822817854667949,0.6043130629503188,1.7,0.38,0.6139972629696366,1.35,1.0,-0.634440664111021,0.8283540812221779,0.4583493081656915,2.4693117084724534,1.486035406472854,1.712688933137427,4.680347137761509,0.06529649862895881,0.2274823374297965,4.481703806138041,4.2,4.2,0.805356760381958,0.21245116172503542
451,0.165709971269961,0.43460049753471663,0.5019185986930338,0.9943289630843308,-0.10231404610900174,0.9862353098981882,4.2,0.9784097681407218,0.3131861300521066,1.7,0.38,0.5281490357181932,1.35,1.0,1.8087559949372611,0.17729244592415005,1.4906552261102792,3.992812217861654,6.4921872950122435,4.764010834250133,7.972765967298671,0.1422571957010256,0.2421980773448248,2.5954223235595806,4.2,4.2,1.7514812306811822,0.4215415662824812
452,0.8942217986221569,0.7029586898697935,0.799783352025321,-0.5174444202636679,-0.2966585049973236,0.7445531395739413,4.2,0.7259742674847096,0.3948468655331494,1.7,0.38,0.5745147242980544,1.35,1.0,-1.517581684746144,2.6583376948690063,0.843427111055765,4.0412265569777635,1.1958565372770997,0.8464477032412518,3.7108671979767647,0.12194590479722303,0.053260199499691144,5.085276231004414,4.2,4.2,1.2195067901993928,0.24930934229539664
453,0.9770819567944143,-0.058873781989441154,0.8015606761720733,-0.26253678925647517,0.43474062269736624,0.7309478417647657,4.2,0.039522301537898596,0.27113204062628726,1.7,0.38,0.9647052712561361,1.35,1.0,0.1973231493765839,1.5355437325418928,1.084767039528448,0.8879027900546841,9.084690740980049,4.077715382581122,9.130909308564998,0.21608845672919386,0.23523808075809444,4.062812568765015,4.2,4.2,1.9024785854854451,0.11758735868774983
454,0.03460453915354189,0.9833698351748046,0.6072506221192587,-0.88901520285885,0.4771451705403118,-0.9697495765410356,4.2,0.32445257377920256,0.05220625829411951,1.7,0.38,0.39217419997842684,1.35,1.0,-1.352010090283346,1.0167397600867294,0.514731950213899,4.763553573228003,5.428768539116467,4.79763383188397,3.887661894970041,0.10582351082160937,0.16735003857221115,2.809088409955735,4.2,4.2,0.7564190110244875,0.223378734819411
455,0.23550820112436033,0.5226070263629661,0.36151727366629594,-0.4221758135719518,0.6773429405883575,-0.773639796133611,4.2,0.10859923179679853,0.9253707493817636,1.7,0.38,0.6571176581164091,1.35,1.0,0.6397303672454764,1.6556577332216742,0.44627395308604867,4.43885360944392,1.3537054579034171,2.114620708284697,1.0125078501636744,0.10894140776188149,0.058425797387172046,4.398523591724773,4.2,4.2,1.794286363512543,0.0017121798828212964
456,0.9085680115870142,-0.6902586155169663,0.672253751641582,-0.8660387076547649,0.17965000641444773,-0.08958784833021882,4.2,0.4353362027336165,0.4866623849275026,1.7,0.38,0.815624350890093,1.35,1.0,0.5361587552708733,2.1680919030889156,1.978893033587289,3.395359868114702,5.281118024302939,2.90433789793985,2.56623995738202,0.21821628540309135,0.05643495100938814,5.621092497897649,4.2,4.2,1.3529668578298488,0.2720470126857411
457,0.6469082433625097,-0.7505176346424742,0.5033936417172158,-0.02660660633822154,-0.12266417261341878,0.6183234158491997,4.2,0.46924901089335813,0.40774190664691745,1.7,0.38,0.4020819562808764,1.35,1.0,-0.8028384632784049,1.4058270479322954,1.3637716442346524,2.8513033774371346,1.4387613410226847,1.1067102794008121,2.672697855067601,0.19097244848897815,0.2045537161146167,5.427281196086504,4.2,4.2,0.9806409079347627,0.4026240684512841
458,0.8266784911414302,-0.1546894850388516,0.7960847015139122,0.24814964716247712,-0.8228707226752188,-0.8192830831362985,4.2,0.4668402678064002,0.9802558154694141,1.7,0.38,0.3564167208394817,1.35,1.0,-1.8138035204049165,0.15134211043892928,1.1611170369265411,3.6937135501364073,2.8597994071546307,4.787704486464706,5.400242855072041,0.09480967966861856,0.08994306218679574,5.19167753952498,4.2,4.2,1.2628979697315228,0.47709166514805273
459,0.8837622792788018,0.7791917858911181,0.024246983571180825,-0.17049791090260769,-0.23078678813659215,0.18699501737800395,4.2,0.6178094304711887,0.7635989082725435,1.7,0.38,0.37042352361108566,1.35,1.0,0.40507114103398134,1.0432073183191197,0.8624729052416542,0.9724289832291515,2.1837737192893556,4.123022734410648,7.411179228658348,0.08400050312290264,0.12932822347820722,3.1452891602157766,4.2,4.2,0.7848905416193642,0.15305080361585288
460,0.9038365495667651,-0.7953082837748597,0.5820488542125304,0.6052212836895425,-0.2980902451601577,0.234396190014184,4.2,0.9318973472144262,0.0424748399731556,1.7,0.38,0.6025932469538995,1.35,1.0,-1.0520857960577383,1.0666984806349429,0.6635545385236463,3.3570901779530056,7.908603661548936,2.1147321530882346,8.941084361403446,0.1980830406412688,0.23147304805356106,2.019912859685039,4.2,4.2,1.630066769708197,0.01975054226114903
461,0.29957627914945506,0.7318488541005752,0.5853488907699057,-0.9143486965336662,-0.9846575837070313,0.38244480993898833,4.2,0.07882060852345052,0.5749767393986128,1.7,0.38,0.502988209901548,1.35,1.0,0.9901094507400225,0.33372907185127887,1.3271403130792179,3.0620043062235496,9.568192836684043,4.930749193170909,7.808031249693479,0.08818897497135376,0.09308846752916233,5.303038611636533,4.2,4.2,0.5339362973364571,0.4151421547202982
462,0.7022552530292238,0.20935780864663123,0.4577541813108087,0.33240016483782187,-0.3465834072763858,0.05311488879510051,4.2,0.8244211136690641,0.14569928036780522,1.7,0.38,0.05678883069827971,1.35,1.0,-1.9486448774481206,1.2360732880054282,1.7961197626140313,3.353257962328886,2.6838892277522177,0.473578492709378,1.7108080175626172,0.0878391342133753,0.11887202153514512,3.500647016277362,4.2,4.2,1.6540844018973908,0.10846537679076285
463,0.947074931585006,-0.905684763598616,0.8441543294529004,-0.5761878044963888,-0.8090820716156621,0.5217525724668364,4.2,0.8424030680384802,0.348216789315294,1.7,0.38,0.5766603724244626,1.35,1.0,0.421541355173789,0.12953217652377372,0.07869108528170154,3.1616077201614576,5.612821806149313,2.992173595527262,9.624273951137468,0.06679721575495581,0.23648072158666616,4.993312083600838,4.2,4.2,1.9924392446681702,0.062224793568663894
464,0.8590443526117967,-0.9134462151669793,0.3688819158795017,-0.038013684330317155,0.754039859498991,-0.4506444390152826,4.2,0.003581435349555795,0.15861609850474656,1.7,0.38,0.6061730884484052,1.35,1.0,-0.769404670589525,0.3863556906605825,1.3765765706502964,4.811508477210477,9.026757609613924,2.358319342804174,8.249065025971168,0.1567046756852957,0.20157664317414575,2.185776866755914,4.2,4.2,0.9848945898423803,0.4043754677494985
465,0.2737597637504702,0.6781233080808491,0.7789609923715728,-0.8862515162849538,-0.7228971393233574,-0.7817902497282134,4.2,0.5315974502937137,0.6614755232495795,1.7,0.38,0.9550214461616255,1.35,1.0,-1.6457381987670145,1.1370370734895232,0.288263564547671,1.4771168541016781,5.118655105385715,4.666860583342739,2.8578211184304783,0.19917119994569843,0.10433280100213392,4.193612134809706,4.2,4.2,1.6984425695949434,0.48376882348373196
466,0.11584906844542708,0.06825319370673877,0.5543417107371995,-0.044046663088760596,-0.3184827722800121,0.4985702914230683,4.2,0.4673034322942815,0.38956754664571813,1.7,0.38,0.3014015528781357,1.35,1.0,0.22281892586894436,0.9698937876708573,0.5529039650166503,3.271152253348623,5.22176455761374,2.4221686730945566,5.066661798843316,0.1455872804672387,0.2257321250862368,3.5731936278244643,4.2,4.2,1.1705541681796308,0.3912456563508422
467,0.40304233724899785,0.2899430551007611,0.6180031247772556,-0.3866124260157442,0.8025900664938408,0.7597151960793247,4.2,0.983756749877326,0.5482442002218059,1.7,0.38,0.7384490478424799,1.35,1.0,-0.08052399172435942,0.3063411628863602,0.2779960202983347,0.7817171700970191,1.7922323862335259,0.43202104568145716,9.618195919813017,0.17404659006912965,0.09130222366638328,3.0937388262306262,4.2,4.2,1.5990927585271018,0.4867882010760717
468,0.6133523109534473,-0.9809873333362147,0.07122500054475223,-0.0896520135707608,0.045149350536881405,-0.383698426936375,4.2,0.9650336570840716,0.150496493139337,1.7,0.38,0.5043273178529315,1.35,1.0,-1.1250189914217548,2.8028161821105937,1.5542354926262534,2.3529379966263155,3.356878928991451,3.1727567130303465,9.689797568247442,0.16134778774856687,0.1174146292775056,3.3410848012303487,4.2,4.2,1.0662953322819722,0.3885485034297792
469,0.08710982626783925,-0.005951345636169503,0.11779896805926848,0.5021421102098182,-0.32396733514038245,-0.41848736998998204,4.2,0.48592270455313635,0.24798751186000578,1.7,0.38,0.9854822854686236,1.35,1.0,-0.004814078970289515,1.9509380809130679,1.0792928222784441,0.6684212254120581,4.823956064905939,0.6090443982229277,6.3894142518132915,0.1272217212160206,0.24113630830032845,3.0340646796823587,4.2,4.2,0.5244820691717128,0.23626457995368522
470,0.052901534476630374,0.09980357135794327,0.8632036780761154,-0.5343621659706517,0.691496939927633,-0.013216473753864921,4.2,0.9778221437219522,0.9533305652018698,1.7,0.38,0.09207268741080973,1.35,1.0,0.8517408638398551,1.1035889848346443,0.013361307221051222,2.062081384089434,8.119035319842807,2.3826550512321285,9.77727295647942,0.0875386143485565,0.09322286471085911,2.324265165136338,4.2,4.2,1.8059270616408682,0.39372985176722153
471,0.45675349668308685,-0.6863519714574908,0.8332032861167212,0.9099759433374448,-0.2449801653036925,0.36091657393435894,4.2,0.4188530264406074,0.6416100392690938,1.7,0.38,0.8407817231312721,1.35,1.0,-0.32556983114148386,0.9761985584358638,1.2714504050846556,4.569480214485703,8.718616129528428,1.2967932241724145,0.5211612389128892,0.23886592875012713,0.08944865519168975,5.063393212668263,4.2,4.2,0.9828306274656544,0.10285337709462694
472,0.6412628742104964,-0.08493450767325261,0.4661129707101891,0.3418127900625829,-0.03472973953189862,0.7885804502930507,4.2,0.08769679322938229,0.5458925292685776,1.7,0.38,0.43871116829923357,1.35,1.0,0.9469869234390251,2.5758504722487454,0.2102273068194711,0.8880278549776564,3.9386140853618254,3.945226713365707,1.0102324229379684,0.13206346408428798,0.09500699390523637,4.03740331267049,4.2,4.2,1.6769398575364318,0.0950843745471136
473,0.36612951190469933,0.8721115716063588,0.8583828001321876,-0.5729544222497005,0.6454787284527435,-0.9207372567716827,4.2,0.4052152108278797,0.36531246491694536,1.7,0.38,0.6241528191112063,1.35,1.0,0.7628491726713991,1.2735015932115759,0.2547741758375881,1.9038800357457248,4.238393373284654,4.131531611517812,2.737633746319995,0.05733250298473591,0.11342512500350338,4.193025338789001,4.2,4.2,1.002229504422912,0.1678414193567544
474,0.8772613214643666,-0.19342587512931653,0.5760975495133864,-0.47391929105849817,0.19435260792156495,-0.5683300852618425,4.2,0.15499901778692082,0.8152325581471721,1.7,0.38,0.4375766800428197,1.35,1.0,0.3686942932183457,2.6998945579271907,1.0865535809618965,4.041433339475494,7.975157084080666,1.7906133214855064,2.7462201514693567,0.15243722907524085,0.2395488634204585,4.61737565784556,4.2,4.2,1.8983141333923805,0.18146083314424033
475,0.6237683202682872,-0.11010851230859497,0.5585856325118008,-0.8648874740855039,-0.4990067336020114,-0.9214619839742799,4.2,0.09502099228413197,0.3071990590014695,1.7,0.38,0.4032291595490835,1.35,1.0,0.6359645017123294,1.7985890799853492,0.5757087320381695,2.9883941395246567,6.877178223001343,4.956131360401665,6.884233355512535,0.2043228625096583,0.14754581055527266,5.270627565805484,4.2,4.2,0.6344422216168956,0.26102536511335184
476,0.25210776425839343,-0.4924880208474818,0.5311846734672732,-0.457294344583113,0.5889845389558199,0.17120105996250823,4.2,0.5070387545467887,0.7216065876975494,1.7,0.38,0.022819571571731853,1.35,1.0,-0.3457600872362243,1.9380724327293275,0.7897406477846292,0.5235445613975396,6.227952500342061,4.979904035202461,6.217982730426449,0.09070094194365588,0.2237003267853354,2.9454528014588313,4.2,4.2,1.80144441341852,0.01738902856115565
477,0.6505941782650786,0.07265403286232375,0.24013162661545673,-0.4405381062657616,0.32813511651509786,0.608868900371625,4.2,0.8859634582400687,0.3121568985380684,1.7,0.38,0.03715779655332835,1.35,1.0,-0.543426208366065,2.617243762515503,0.8845330218000074,3.699906983330863,2.295143485181303,1.5127661975261069,5.3317422424441565,0.19115387320638616,0.22963227294969674,4.110089321950127,4.2,4.2,0.817430831588998,0.31478336845523036
478,0.9908959644982839,0.5235456367553515,0.013646099940667233,0.5596545623857447,-0.4375035007453436,0.01628116882650188,4.2,0.07295627230041979,0.5935494510460861,1.7,0.38,0.6893018759391547,1.35,1.0,-0.11017114809992679,2.736552318798836,0.5861609786799686,1.6827619492057395,7.6935528740912416,1.778609227316027,8.284539230137483,0.23236869239292174,0.09589744778982084,2.032148917772731,4.2,4.2,0.6694723871080248,0.1556392099791486
479,0.6420217739415923,0.7662257903719374,0.1777949251994564,0.20994921601587624,0.5165138687389574,-0.11319642665234864,4.2,0.19212093242783457,0.36906519521678305,1.7,0.38,0.6076340731955437,1.35,1.0,0.7340172017748623,1.058449785299344,1.9193708935074887,4.305971420151933,4.539004315912267,2.957100233044395,3.45319120639119,0.06781032904338005,0.14752809280477774,2.7534263514069197,4.2,4.2,1.5917612321079357,0.034490851056972804
480,0.042951059556343374,0.25704673062312344,0.5452552957544609,-0.5490059143173394,0.1765364026806493,-0.08415686402145184,4.2,0.6542450415308194,0.9230347128397375,1.7,0.38,0.9977955354298231,1.35,1.0,1.3420580089806378,0.3317955611389395,1.450701407970947,4.469718686494228,4.0540574442269754,0.9511053390184039,8.527145170129044,0.0800715921563433,0.22605485135480646,2.887796352542581,4.2,4.2,1.068382073916628,0.31182551487778865
481,0.9945068104430292,-0.07372283097224241,0.8412765488866187,-0.4155953101999217,0.9074190031674079,0.19900479682094963,4.2,0.7432932853829666,0.4442325079675542,1.7,0.38,0.12371863780793757,1.35,1.0,0.9906466790264803,2.9977672068581276,0.6140888335979646,4.528069122708337,8.67723901840828,2.280405229112049,2.4213002010636924,0.10202337159964979,0.07452942433608832,4.694849005576129,4.2,4.2,0.9935350034098689,0.3316817127008325
482,0.5520411956282997,-0.4919271432843222,0.4248566930162695,-0.07594390241659288,0.21665018457830687,-0.5560122801874297,4.2,0.7502616140647517,0.5120611618761622,1.7,0.38,0.7714060687054739,1.35,1.0,0.2688135585564191,1.1434104197166755,1.2333296939370204,2.8465587028706114,4.553361352831789,3.4398579831627174,6.917669379856325,0.08865395460402464,0.14743256296454246,4.906258879747566,4.2,4.2,1.7522569227539169,0.3155662812767463
483,0.4151021351663323,-0.043972562261298975,0.14024031041015428,0.4931234879363964,-0.48881639658313647,0.7870238220281296,4.2,0.09169594289523941,0.8250775828259044,1.7,0.38,0.409155168212232,1.35,1.0,0.46870983005863787,1.1111922602600222,1.6312526101973013,3.568541605907551,1.0483113739079282,4.256015173178105,2.879729952574611,0.16367268290919845,0.07909972134803817,2.257121228132837,4.2,4.2,1.1120412740745604,0.3315859511782772
484,0.2772355863108694,0.30104771299384225,0.29455460441055104,-0.2583609897800623,0.0046043317363919645,0.3896170216307302,4.2,0.7543290763753551,0.723370334264626,1.7,0.38,0.06525978376044526,1.35,1.0,0.34707251810124307,1.3862375221414756,0.8472162218896564,4.153048314918105,2.7775700957373046,2.347512007209939,8.748433508877985,0.1031940216178987,0.1917206931460514,3.345343862644554,4.2,4.2,0.5182925362394029,0.08571166167212874
485,0.8072914464168225,-0.8137747950896539,0.6864439120507273,0.13382906569131547,0.10930615149938361,-0.9893129668847642,4.2,0.8080162126853168,0.15541325624999014,1.7,0.38,0.7604228490134984,1.35,1.0,0.3746935617312861,2.4453999518284646,1.8986316604664208,4.073214301021822,8.995298372032916,0.8838043489636801,6.629187988083047,0.18210537666796045,0.09138417108898318,2.173264630835008,4.2,4.2,1.016423204938907,0.4366262834759231
486,0.03306136052145425,-0.04530526193975737,0.3279315194060016,0.0015520706146188168,-0.8695245751168685,0.6331944927842732,4.2,0.7558150738469347,0.3090580226133738,1.7,0.38,0.24291166996989025,1.35,1.0,1.0655238545436205,0.9239180418014239,0.8704176078114447,4.688420611916468,5.901640276280051,4.262184657842573,9.87789584419224,0.0751778631432442,0.12619111284150353,2.9694595514648516,4.2,4.2,1.4586563974287405,0.22422195993420463
487,0.21390935190861848,0.39625765287333947,0.17371753782524146,-0.1859266428391977,-0.2822848783928875,0.899564266641212,4.2,0.4481439454410846,0.24351336978254434,1.7,0.38,0.4939011501693073,1.35,1.0,-1.0049334818424942,0.9195321433980592,1.699156483067315,1.6884288713295523,2.5090671455564078,4.769450185455307,2.8374866517862505,0.15893193627570606,0.2204154066416364,5.131991519315034,4.2,4.2,0.9184101789462431,0.41006761773052813
488,0.29880369443501187,0.30024823017941693,0.4923761908022858,-0.13634918073877866,0.38450603280398377,0.02075633424885659,4.2,0.35223103736762107,0.5446208546782664,1.7,0.38,0.8846564424792049,1.35,1.0,-0.8404750358882844,1.20428878493759,1.6666992629655621,4.082720473437934,6.924545472791733,1.2827172035291041,7.600648791788646,0.14456644803075783,0.11686189543443562,4.894904314427201,4.2,4.2,1.9826736689697122,0.17232487644220185
489,0.2973210658101981,0.6467405150056933,0.30615851795440596,0.5615361069201823,-0.23587715863289538,-0.3305935432495626,4.2,0.518940061046672,0.005587301690042179,1.7,0.38,0.8246074688147113,1.35,1.0,-1.3348999452170118,2.1183249514411555,1.265742719994174,2.2196237006080457,7.204953143637218,1.7044447430922813,4.9387055832643725,0.09918807514889172,0.2015932282636715,2.2937848846578874,4.2,4.2,1.391303295118388,0.3734643942244299
490,0.532632678441362,0.13005419385594497,0.28204400182098155,-0.0898061556851848,0.6379754272497455,0.2829928562499022,4.2,0.38892466726071084,0.5402309838887125,1.7,0.38,0.7867582791906863,1.35,1.0,-0.6854092000308007,1.6392178499195513,1.2935010069541368,4.18813513667212,1.4555242550383292,1.9141991759795145,4.0067343633757275,0.12890736621962967,0.10117704671566641,5.737701245208109,4.2,4.2,1.7361972964912105,0.18954102204868162
491,0.2910570278972163,0.9790138278938127,0.49359403285420056,-0.9166880095072749,-0.5284476968928618,0.03497604772358187,4.2,0.6064820700399307,0.9281532669860694,1.7,0.38,0.8897625160612063,1.35,1.0,0.4443145078545969,2.957098343831486,1.208856085090608,3.176538759226658,7.819483385444814,4.035797559774467,6.033447394142236,0.09669641753631715,0.14807187018248968,3.764133196795793,4.2,4.2,1.9639911541702615,0.2484796025331827
492,0.9689243473480077,-0.08883679857996252,0.3010265376718214,-0.13487393428512862,-0.447928070728121,-0.45285614670041197,4.2,0.1325967737757795,0.5509718432997492,1.7,0.38,0.5065302769659091,1.35,1.0,-1.847773582287584,2.2756862671000757,0.6599351599862207,0.9577234088358682,9.914927783799957,4.526304262548031,5.767797256969918,0.07127985364142836,0.1468967698893971,5.0763991759149905,4.2,4.2,1.3736764868415845,0.2394664624379237
493,0.6248163408756514,-0.040341133706043086,0.5155620224043087,-0.0007736920737784203,-0.6558658498320582,0.3875532122030625,4.2,0.14552428144991003,0.517161586316485,1.7,0.38,0.14633740687606395,1.35,1.0,1.1043495546183588,1.4296170454144084,1.379134265124332,1.694545350110453,8.812427698739462,4.2793953481923355,0.813615037529724,0.19884582388917538,0.13324170158836646,4.693220814962821,4.2,4.2,1.979257630381189,0.12704734277983548
494,0.27523010831719985,0.4546388794632512,0.06856800576091371,-0.29901205376142226,0.41110676645862254,0.7549805004988404,4.2,0.6251092538896184,0.06762987105453588,1.7,0.38,0.7745786435736757,1.35,1.0,-0.7589064175285807,1.3529037386505713,0.47436626012466254,4.984296876890819,4.26247414142152,4.838104748560284,5.0138380666715054,0.22930394154437855,0.23104463272720444,4.214944088987709,4.2,4.2,1.3604402691851338,0.013323865738591067
495,0.9295569329149407,-0.9409421318474029,0.1302270818745076,-0.386604923455933,-0.13505785767288558,0.2454918402931836,4.2,0.2973967925500507,0.021136407553428604,1.7,0.38,0.21672611096527045,1.35,1.0,0.09901032637130092,1.4951596019249547,0.7085133740966953,2.882585997583143,7.410558024812115,4.024217723100304,9.46164774830158,0.18310351009441067,0.11050257386103349,2.866164376086601,4.2,4.2,1.6888848510633145,0.026142261184924243
496,0.8693594168411,0.7239726483785915,0.8661987171706043,0.7568405995082088,0.17108000204265394,-0.39028937091716154,4.2,0.1270489755284846,0.10346412698561802,1.7,0.38,0.5370347382584357,1.35,1.0,0.35842117655062333,2.7605286176873656,1.0534087412529387,2.1277485937400353,6.131960655866046,0.7161819160954473,8.574686450328649,0.22331521634607537,0.16231763030449886,2.4260833714738217,4.2,4.2,0.824049687293249,0.09984086388318436
497,0.14102818847054022,-0.7097548707467729,0.8101689418266269,-0.6147899431703052,0.810293499887792,-0.7930057366186163,4.2,0.4763806714696277,0.8426733736211203,1.7,0.38,0.35950980369940133,1.35,1.0,-1.2567483825907413,0.15112046293834114,0.5381340329674507,2.3474093099190414,2.7566859352972792,2.591031035185617,6.819734033970929,0.09394084456347306,0.24548779646501528,4.572201494835266,4.2,4.2,1.5462210856399052,0.29551180512472974
498,0.9486784983769765,-0.6040957636759261,0.18749742779327694,0.06955340625342865,0.8178959528134333,0.3375860894009852,4.2,0.9046244351919791,0.074679647065378,1.7,0.38,0.5123949792912404,1.35,1.0,1.9284519011566514,1.6714911540560493,0.3110932007513705,2.1678361430765554,1.2766716940007996,4.558587616711971,6.946795557603527,0.08262861140595229,0.12791167941502518,3.19350415477616,4.2,4.2,0.6064808122032637,0.2298061362413299
499,0.3601841921398976,-0.33062758275237947,0.5479075890167031,0.2719112373046182,0.4378504878754963,-0.49332851925331056,4.2,0.5062695527297708,0.279421245486248,1.7,0.38,0.8602366674229446,1.35,1.0,1.2936168273622246,2.568401377266383,0.6045841977901227,4.176525379846659,3.8255941842135535,1.2516690193400795,7.303701653651854,0.14020233561495,0.1472342380903363,4.465108259786875,4.2,4.2,0.7627676930425076,0.1040701056387916
