arrival_s,start_s,done_s,latency_ms,ok
0.3163,0.3169,0.3751,58.7508,1
0.9439,0.9448,1.0040,60.0730,1
1.2614,1.2619,1.3190,57.6418,1
1.6454,1.6459,1.7031,57.7371,1
1.6542,1.7031,1.7827,128.4784,1
2.4546,2.4556,2.5119,57.2642,1
2.8743,2.8750,2.9320,57.7109,1
3.7736,3.7746,3.8317,58.1049,1
4.4413,4.4423,4.5022,60.9562,1
4.5006,4.5023,4.5830,82.4703,1
4.8355,4.8360,4.8948,59.3043,1
5.0304,5.0308,5.0876,57.2198,1
5.0392,5.0877,5.1698,130.5251,1
5.0473,5.1698,5.2443,196.9978,1
5.3487,5.3492,5.4054,56.7572,1
5.4887,5.4890,5.5465,57.8232,1
5.7221,5.7225,5.7817,59.6323,1
6.1625,6.1632,6.2207,58.1928,1
6.6372,6.6380,6.6979,60.6781,1
7.3433,7.3442,7.4012,57.9533,1
7.3594,7.4013,7.4819,122.4988,1
7.4162,7.4820,7.5562,140.0325,1
7.5019,7.5562,7.6318,129.9050,1
7.5088,7.6319,7.7070,198.1641,1
7.6872,7.7070,7.7818,94.5248,1
7.9286,7.9292,7.9860,57.4361,1
8.0211,8.0216,8.0839,62.7632,1
8.1324,8.1328,8.1922,59.8007,1
8.3981,8.3985,8.4580,59.8605,1
8.9254,8.9260,8.9826,57.2596,1
9.6617,9.6626,9.7189,57.2474,1
9.7292,9.7296,9.8021,72.8652,1
10.1867,10.1873,10.2454,58.7151,1
10.2617,10.2619,10.3298,68.1217,1
10.6752,10.6759,10.7338,58.6005,1
10.7948,10.7953,10.8541,59.3110,1
10.9455,10.9459,11.0046,59.1128,1
11.3504,11.3512,11.4094,58.9354,1
11.3531,11.4094,11.4909,137.7981,1
11.7726,11.7734,11.8305,57.8302,1
12.2452,12.2459,12.3044,59.1839,1
12.5451,12.5457,12.6039,58.7875,1
12.6615,12.6619,12.7197,58.1864,1
12.8538,12.8542,12.9115,57.7600,1
13.1600,13.1605,13.2187,58.7442,1
13.5723,13.5730,13.6303,58.0807,1
13.6445,13.6448,13.7144,69.8968,1
14.0614,14.0619,14.1179,56.4477,1
14.1372,14.1374,14.2041,66.9297,1
14.1373,14.2041,14.2818,144.4915,1
14.3141,14.3145,14.3749,60.7960,1
14.6673,14.6678,14.7238,56.4850,1
15.0200,15.0205,15.0798,59.7926,1
15.1691,15.1695,15.2266,57.4139,1
15.1736,15.2266,15.3080,134.3742,1
15.5230,15.5237,15.5817,58.7191,1
15.5487,15.5817,15.6630,114.2765,1
15.6552,15.6630,15.7385,83.3602,1
15.9195,15.9201,15.9786,59.0464,1
15.9453,15.9786,16.0603,115.0534,1
16.4859,16.4867,16.5455,59.6657,1
16.7736,16.7741,16.8329,59.3564,1
16.9697,16.9702,17.0285,58.7775,1
17.1926,17.1932,17.2528,60.1769,1
17.3182,17.3187,17.3791,60.9114,1
18.1918,18.1930,18.2531,61.3036,1
18.2222,18.2531,18.3338,111.6053,1
18.2482,18.3338,18.4090,160.7974,1
18.9250,18.9260,18.9852,60.2126,1
18.9884,18.9887,19.0674,79.0481,1
19.3925,19.3931,19.4524,59.8467,1
19.7696,19.7702,19.8281,58.4333,1
19.7741,19.8281,19.9101,136.0471,1
20.2052,20.2060,20.2647,59.4429,1
20.4940,20.4945,20.5538,59.7683,1
20.7307,20.7313,20.7919,61.1625,1
21.1856,21.1864,21.2432,57.6239,1
21.8296,21.8307,21.8903,60.6444,1
22.6540,22.6551,22.7130,58.9991,1
23.1882,23.1889,23.2473,59.0795,1
23.5744,23.5751,23.6342,59.7311,1
23.6215,23.6342,23.7150,93.5331,1
24.4718,24.4730,24.5317,59.8523,1
24.7145,24.7150,24.7756,61.1773,1
24.7431,24.7757,24.8570,113.8664,1
24.9617,24.9621,25.0178,56.1136,1
25.4966,25.4973,25.5576,61.0192,1
25.5438,25.5576,25.6395,95.6726,1
25.6551,25.6555,25.7210,65.8816,1
25.9717,25.9723,26.0319,60.2922,1
26.0980,26.0983,26.1594,61.4084,1
26.3739,26.3743,26.4332,59.3421,1
26.4540,26.4544,26.5210,67.0154,1
27.0909,27.0918,27.1513,60.4066,1
27.5531,27.5538,27.6119,58.8322,1
27.6229,27.6233,27.6965,73.6077,1
27.6233,27.6965,27.7744,151.0853,1
27.8467,27.8473,27.9049,58.1423,1
28.3406,28.3413,28.4001,59.4086,1
28.4221,28.4223,28.4895,67.4552,1
28.5602,28.5605,28.6188,58.6481,1
29.3375,29.3385,29.3976,60.1088,1
29.3994,29.3997,29.4795,80.1739,1
29.6478,29.6483,29.7079,60.0575,1
29.8334,29.8339,29.8939,60.5040,1
29.9872,29.9877,30.0497,62.4261,1
30.4414,30.4421,30.5002,58.8320,1
30.5420,30.5423,30.5999,57.8924,1
31.0988,31.0995,31.1562,57.3691,1
32.1115,32.1129,32.1730,61.4968,1
32.1531,32.1730,32.2536,100.5052,1
32.3008,32.3012,32.3592,58.4086,1
32.6285,32.6291,32.6887,60.1820,1
32.9146,32.9152,32.9751,60.5105,1
33.0535,33.0539,33.1113,57.7765,1
33.1875,33.1879,33.2468,59.2587,1
33.3412,33.3415,33.3998,58.6670,1
33.4716,33.4721,33.5311,59.4323,1
33.4740,33.5311,33.6118,137.7903,1
33.5272,33.6118,33.6874,160.2625,1
33.6261,33.6874,33.7631,136.9944,1
33.7134,33.7631,33.8394,125.9938,1
34.0067,34.0072,34.0659,59.1794,1
34.2503,34.2509,34.3087,58.4225,1
34.3464,34.3467,34.4069,60.5368,1
34.3628,34.4069,34.4879,125.0857,1
34.5569,34.5574,34.6161,59.1143,1
35.1349,35.1358,35.1938,58.9295,1
35.2330,35.2334,35.2954,62.3918,1
35.8977,35.8985,35.9565,58.7977,1
36.0694,36.0697,36.1291,59.7063,1
36.2324,36.2329,36.2928,60.3930,1
36.3536,36.3540,36.4127,59.1217,1
37.3843,37.3857,37.4437,59.4279,1
37.5077,37.5082,37.5685,60.7619,1
37.5623,37.5685,37.6500,87.6428,1
37.6426,37.6500,37.7265,83.8318,1
37.8910,37.8917,37.9506,59.5646,1
38.1782,38.1787,38.2357,57.5226,1
38.4251,38.4255,38.4852,60.1577,1
38.6450,38.6454,38.7039,58.9167,1
38.8619,38.8623,38.9192,57.2343,1
39.1264,39.1269,39.1871,60.6973,1
39.4574,39.4578,39.5147,57.3041,1
39.4804,39.5147,39.5968,116.4543,1
39.6580,39.6585,39.7158,57.8445,1
40.0330,40.0337,40.0919,58.9189,1
40.4670,40.4677,40.5266,59.5829,1
40.7916,40.7921,40.8524,60.8275,1
41.0390,41.0395,41.0969,57.9347,1
41.9941,41.9953,42.0544,60.2552,1
42.8146,42.8157,42.8745,59.8650,1
42.9720,42.9725,43.0319,59.8732,1
43.2737,43.2742,43.3334,59.6753,1
43.7403,43.7410,43.7978,57.4295,1
43.9899,43.9902,44.0507,60.8570,1
44.1210,44.1212,44.1796,58.6129,1
44.1802,44.1804,44.2618,81.5851,1
44.5770,44.5776,44.6353,58.3280,1
45.3483,45.3492,45.4074,59.0862,1
45.6373,45.6377,45.6953,58.0790,1
45.8711,45.8714,45.9308,59.6996,1
46.2486,46.2490,46.3069,58.2725,1
46.8890,46.8897,46.9490,60.0670,1
47.7573,47.7584,47.8146,57.2705,1
47.7766,47.8146,47.8978,121.1514,1
47.9075,47.9077,47.9768,69.2884,1
48.0873,48.0878,48.1476,60.2638,1
48.1730,48.1734,48.2370,64.0294,1
48.2427,48.2431,48.3155,72.8159,1
48.9525,48.9536,49.0098,57.2572,1
49.5803,49.5808,49.6394,59.0954,1
49.8768,49.8774,49.9353,58.4848,1
50.0529,50.0534,50.1096,56.6376,1
50.4569,50.4576,50.5140,57.1402,1
50.6685,50.6690,50.7289,60.3814,1
50.8244,50.8248,50.8852,60.7317,1
51.3948,51.3956,51.4537,58.9468,1
51.8474,51.8481,51.9048,57.4114,1
52.2897,52.2903,52.3498,60.1490,1
52.5214,52.5219,52.5815,60.1138,1
52.7681,52.7686,52.8262,58.1299,1
52.8050,52.8262,52.9082,103.1499,1
53.0409,53.0412,53.0987,57.7741,1
53.2957,53.2961,53.3533,57.5726,1
53.5990,53.5994,53.6589,59.8940,1
53.6742,53.6746,53.7460,71.7589,1
53.7789,53.7793,53.8405,61.6039,1
54.0948,54.0954,54.1543,59.5500,1
54.8656,54.8667,54.9268,61.2456,1
55.2882,55.2890,55.3498,61.5259,1
55.4283,55.4287,55.4899,61.5788,1
55.8982,55.8988,55.9579,59.7175,1
56.0869,56.0873,56.1487,61.8377,1
56.5375,56.5383,56.5963,58.7651,1
56.7478,56.7483,56.8048,56.9856,1
56.8329,56.8332,56.8958,62.8823,1
56.8640,56.8958,56.9773,113.2346,1
57.2617,57.2623,57.3212,59.5520,1
57.6914,57.6920,57.7516,60.2028,1
58.0584,58.0590,58.1173,58.9255,1
58.2795,58.2801,58.3398,60.2860,1
58.3052,58.3398,58.4219,116.6992,1
58.9403,58.9408,58.9991,58.8452,1
59.0922,59.0925,59.1503,58.1703,1
59.2058,59.2061,59.2663,60.5620,1
60.4081,60.4095,60.4711,62.9407,1
60.4249,60.4711,60.5523,127.4282,1
60.7088,60.7094,60.7679,59.0544,1
61.4120,61.4130,61.4707,58.7023,1
61.6158,61.6162,61.6749,59.1160,1
61.7013,61.7016,61.7675,66.1838,1
61.7708,61.7712,61.8473,76.4523,1
61.8176,61.8473,61.9251,107.5435,1
62.1763,62.1769,62.2368,60.5810,1
62.3987,62.3991,62.4593,60.6797,1
62.4522,62.4594,62.5425,90.2698,1
63.2454,63.2464,63.3047,59.2136,1
63.8039,63.8047,63.8648,60.8609,1
64.5648,64.5658,64.6237,58.9221,1
64.7699,64.7703,64.8296,59.6549,1
64.8799,64.8802,64.9416,61.7263,1
65.0299,65.0301,65.0892,59.3266,1
65.0628,65.0892,65.1734,110.6216,1
65.1634,65.1735,65.2504,87.0128,1
65.4639,65.4645,65.5236,59.7138,1
66.0276,66.0284,66.0876,60.0310,1
66.7565,66.7575,66.8162,59.6947,1
66.7669,66.8162,66.8989,131.9848,1
66.8357,66.8989,66.9751,139.4569,1
67.1024,67.1029,67.1634,61.0088,1
67.1327,67.1635,67.2459,113.2660,1
67.4332,67.4339,67.4912,57.9255,1
67.5602,67.5607,67.6218,61.5476,1
67.8932,67.8937,67.9536,60.4353,1
67.9887,67.9890,68.0498,61.0937,1
68.3730,68.3736,68.4326,59.5835,1
68.8909,68.8915,68.9506,59.6695,1
68.8960,68.9506,69.0346,138.5609,1
69.1868,69.1875,69.2469,60.0717,1
69.3876,69.3882,69.4456,57.9973,1
69.5808,69.5813,69.6417,60.8587,1
70.0786,70.0792,70.1399,61.3067,1
70.4639,70.4646,70.5235,59.6150,1
70.8678,70.8685,70.9263,58.5423,1
71.1982,71.1988,71.2583,60.0819,1
71.2713,71.2715,71.3454,74.0984,1
71.5674,71.5677,71.6263,58.9425,1
71.7158,71.7160,71.7772,61.3353,1
71.9312,71.9316,71.9896,58.4403,1
73.6447,73.6465,73.7064,61.7547,1
73.6985,73.7065,73.7888,90.3095,1
73.9130,73.9135,73.9724,59.3716,1
73.9754,73.9757,74.0529,77.4440,1
74.6519,74.6528,74.7107,58.7524,1
74.6848,74.7107,74.7947,109.9630,1
74.7675,74.7947,74.8715,104.0388,1
75.4613,75.4623,75.5222,60.9430,1
75.5448,75.5452,75.6105,65.6694,1
75.9367,75.9374,75.9968,60.0888,1
76.0358,76.0363,76.0978,62.0045,1
76.1639,76.1642,76.2246,60.6769,1
76.3886,76.3890,76.4485,59.9026,1
77.0366,77.0375,77.0968,60.1398,1
77.3756,77.3762,77.4370,61.4476,1
77.4715,77.4719,77.5354,63.9316,1
78.1965,78.1975,78.2577,61.1716,1
78.4801,78.4807,78.5412,61.1353,1
78.6224,78.6229,78.6840,61.6059,1
78.7939,78.7944,78.8545,60.6665,1
79.0886,79.0892,79.1488,60.1786,1
79.2182,79.2186,79.2794,61.2255,1
80.2167,80.2180,80.2775,60.7669,1
80.7071,80.7079,80.7658,58.7177,1
80.9266,80.9271,80.9856,59.0222,1
81.1093,81.1098,81.1706,61.3077,1
82.0442,82.0453,82.1030,58.7825,1
82.4331,82.4337,82.4919,58.7763,1
82.7515,82.7520,82.8105,59.0248,1
82.9426,82.9430,83.0000,57.4357,1
83.1074,83.1077,83.1673,59.8492,1
83.3453,83.3457,83.4034,58.0602,1
83.6636,83.6640,83.7217,58.1455,1
83.7600,83.7602,83.8229,62.8264,1
84.0489,84.0492,84.1083,59.4728,1
84.2651,84.2655,84.3247,59.5706,1
84.8325,84.8332,84.8919,59.3397,1
85.1634,85.1639,85.2220,58.6162,1
85.3827,85.3831,85.4429,60.2045,1
85.5489,85.5493,85.6081,59.1978,1
85.5679,85.6082,85.6931,125.1444,1
86.5815,86.5828,86.6427,61.2392,1
87.1644,87.1652,87.2225,58.1816,1
87.5286,87.5292,87.5877,59.1215,1
88.3317,88.3329,88.3917,60.0634,1
88.3433,88.3918,88.4750,131.7954,1
88.7099,88.7104,88.7705,60.6745,1
89.3651,89.3661,89.4255,60.3994,1
89.5641,89.5647,89.6231,58.9843,1
89.8942,89.8948,89.9561,61.8696,1
90.2849,90.2856,90.3434,58.5517,1
90.3076,90.3434,90.4282,120.6110,1
90.5658,90.5663,90.6246,58.7605,1
90.6636,90.6639,90.7257,62.0574,1
90.9197,90.9201,90.9787,59.0718,1
91.6628,91.6639,91.7218,58.9621,1
92.1455,92.1462,92.2036,58.1808,1
92.5340,92.5348,92.5920,57.9267,1
92.6162,92.6163,92.6819,65.7039,1
92.7198,92.7200,92.7792,59.3678,1
93.1156,93.1161,93.1780,62.4104,1
93.2355,93.2357,93.2957,60.2307,1
93.3420,93.3422,93.4007,58.7193,1
93.4911,93.4913,93.5528,61.7647,1
93.5904,93.5906,93.6521,61.7097,1
94.2801,94.2809,94.3409,60.7487,1
94.6430,94.6435,94.7002,57.2396,1
94.6495,94.7002,94.7843,134.7563,1
94.8761,94.8765,94.9347,58.6031,1
95.8412,95.8423,95.8987,57.5556,1
95.9659,95.9662,96.0259,60.0126,1
96.2445,96.2450,96.3033,58.8483,1
96.5450,96.5455,96.6044,59.4064,1
96.6431,96.6435,96.7018,58.7610,1
96.9375,96.9378,96.9968,59.3068,1
96.9535,96.9968,97.0811,127.5521,1
97.0084,97.0811,97.1581,149.6536,1
97.2292,97.2296,97.2896,60.4047,1
97.4802,97.4809,97.5413,61.0383,1
97.5248,97.5413,97.6256,100.8551,1
97.7246,97.7252,97.7834,58.7585,1
97.9864,97.9869,98.0475,61.0610,1
98.1945,98.1949,98.2538,59.2691,1
98.4209,98.4214,98.4788,57.9345,1
98.6068,98.6072,98.6676,60.7467,1
98.6589,98.6676,98.7515,92.6441,1
98.8850,98.8855,98.9460,60.9528,1
99.0580,99.0582,99.1184,60.4309,1
99.5484,99.5491,99.6092,60.7641,1
99.7911,99.7916,99.8525,61.4050,1
99.9729,99.9734,100.0347,61.8583,1
99.9844,100.0348,100.1176,133.2380,1
100.1186,100.1191,100.1960,77.3867,1
100.1314,100.1960,100.2746,143.2042,1
100.1826,100.2746,100.3529,170.3086,1
100.2013,100.3529,100.4311,229.8189,1
100.2214,100.4311,100.5082,286.7986,1
100.2586,100.5082,100.5866,327.9434,1
100.2943,100.5866,100.6631,368.8125,1
100.3521,100.6632,100.7407,388.5813,1
100.6150,100.7407,100.8195,204.4857,1
100.7232,100.8195,100.9242,200.9849,1
101.0214,101.0218,101.0793,57.8143,1
101.1547,101.1551,101.2130,58.3092,1
101.3317,101.3321,101.3903,58.5639,1
101.4504,101.4507,101.5115,61.1551,1
101.4933,101.5115,101.5929,99.5375,1
101.6186,101.6190,101.6828,64.1315,1
101.6282,101.6828,101.7625,134.3169,1
101.7290,101.7625,101.8390,110.0101,1
101.8006,101.8390,101.9157,115.1126,1
102.2613,102.2619,102.3203,59.0415,1
102.4136,102.4140,102.4764,62.8024,1
102.4265,102.4764,102.5573,130.7666,1
102.5637,102.5642,102.6368,73.0491,1
102.6204,102.6368,102.7153,94.9615,1
102.7151,102.7153,102.7920,76.9296,1
102.8955,102.8959,102.9539,58.3339,1
103.0311,103.0315,103.0889,57.8296,1
103.1654,103.1659,103.2255,60.0830,1
103.1880,103.2255,103.3074,119.3811,1
103.4677,103.4683,103.5294,61.6909,1
103.4821,103.5294,103.6117,129.5744,1
103.5803,103.6117,103.6884,108.1199,1
104.0643,104.0651,104.1251,60.7513,1
104.3645,104.3649,104.4241,59.5449,1
104.4650,104.4652,104.5255,60.4526,1
104.4671,104.5255,104.6066,139.4886,1
104.4941,104.6066,104.6838,189.6892,1
104.7289,104.7295,104.7925,63.5930,1
104.8835,104.8840,104.9453,61.7480,1
104.8877,104.9453,105.0282,140.4814,1
105.0442,105.0445,105.1116,67.4204,1
105.1152,105.1155,105.1921,76.8719,1
105.2733,105.2738,105.3353,61.9815,1
105.2782,105.3353,105.4178,139.6501,1
106.0388,106.0399,106.0967,57.9336,1
106.0849,106.0968,106.1805,95.6360,1
106.2591,106.2596,106.3173,58.2069,1
106.5030,106.5034,106.5643,61.2548,1
106.5199,106.5643,106.6483,128.3487,1
106.6766,106.6769,106.7403,63.7053,1
106.7536,106.7539,106.8237,70.0878,1
106.7873,106.8237,106.9022,114.8740,1
106.8796,106.9022,106.9794,99.8453,1
107.0159,107.0163,107.0753,59.3780,1
107.1531,107.1534,107.2129,59.7914,1
107.4735,107.4740,107.5351,61.6001,1
107.7983,107.7987,107.8584,60.1210,1
108.0060,108.0064,108.0681,62.1134,1
108.1961,108.1964,108.2542,58.1065,1
108.2219,108.2543,108.3384,116.5709,1
108.3246,108.3384,108.4160,91.3152,1
108.3406,108.4160,108.4934,152.8613,1
108.3919,108.4934,108.5721,180.1337,1
108.4127,108.5721,108.6506,237.9368,1
108.4247,108.6506,108.7281,303.4239,1
108.7025,108.7281,108.8058,103.3069,1
108.7233,108.8058,108.8844,161.1685,1
108.8180,108.8844,108.9618,143.7404,1
108.8504,108.9618,109.0415,191.1014,1
108.8530,109.0415,109.1479,294.9155,1
108.9526,109.1479,109.2298,277.2033,1
109.0651,109.2298,109.3110,245.8743,1
109.4480,109.4487,109.5078,59.7625,1
109.5559,109.5563,109.6147,58.8342,1
109.6224,109.6227,109.6974,74.9784,1
109.7977,109.7981,109.8580,60.2266,1
109.8353,109.8580,109.9423,106.9869,1
109.9660,109.9664,110.0345,68.5288,1
110.0470,110.0474,110.1168,69.7815,1
110.2086,110.2091,110.2704,61.8216,1
110.2378,110.2705,110.3534,115.5921,1
110.2553,110.3534,110.4313,175.9677,1
110.2599,110.4313,110.5095,249.5596,1
110.4367,110.5095,110.5871,150.3812,1
110.4408,110.5871,110.6659,225.0927,1
110.5451,110.6659,110.7442,199.1307,1
110.6751,110.7442,110.8222,147.0863,1
110.7034,110.8222,110.9002,196.8670,1
110.7667,110.9002,110.9784,211.6976,1
110.7957,110.9784,111.0673,271.6533,1
110.9788,111.0673,111.1645,185.6604,1
111.0802,111.1645,111.2487,168.4421,1
111.0853,111.2487,111.3299,244.6860,1
111.3563,111.3568,111.4196,63.3359,1
111.4108,111.4196,111.5007,89.8740,1
111.4167,111.5007,111.5792,162.4798,1
111.6244,111.6249,111.6874,63.0507,1
111.6763,111.6874,111.7701,93.7873,1
111.7135,111.7701,111.8487,135.1636,1
111.8695,111.8698,111.9357,66.2812,1
112.0454,112.0458,112.1053,59.9232,1
112.1065,112.1069,112.1894,82.9007,1
112.1879,112.1894,112.2680,80.0611,1
112.4260,112.4266,112.4871,61.0853,1
112.4479,112.4872,112.5710,123.1040,1
112.4483,112.5710,112.6499,201.6522,1
112.7397,112.7403,112.8008,61.1460,1
112.8468,112.8471,112.9100,63.2407,1
113.0422,113.0425,113.1015,59.3318,1
113.0982,113.1016,113.1855,87.2944,1
113.1208,113.1855,113.2631,142.2561,1
113.1249,113.2631,113.3427,217.7911,1
113.1425,113.3428,113.4216,279.1453,1
113.3480,113.4216,113.5003,152.3629,1
113.3735,113.5004,113.5795,206.0393,1
113.6164,113.6168,113.6758,59.3778,1
113.8108,113.8113,113.8708,59.9330,1
113.8805,113.8808,113.9556,75.1421,1
113.9345,113.9556,114.0343,99.7765,1
114.3711,114.3718,114.4350,63.8627,1
114.4332,114.4350,114.5175,84.2921,1
114.5052,114.5175,114.5953,90.1314,1
114.6422,114.6425,114.7019,59.7655,1
114.6931,114.7019,114.7848,91.7342,1
115.0900,115.0905,115.1530,63.0487,1
115.1160,115.1531,115.2364,120.3585,1
115.2139,115.2364,115.3147,100.8282,1
115.4276,115.4281,115.4886,61.0207,1
115.4467,115.4886,115.5731,126.3825,1
115.5815,115.5820,115.6544,72.8998,1
115.7566,115.7570,115.8186,61.9420,1
115.9966,115.9970,116.0584,61.8289,1
116.0423,116.0585,116.1427,100.3228,1
116.2714,116.2720,116.3334,61.9613,1
116.2937,116.3334,116.4178,124.0765,1
116.3770,116.4178,116.4967,119.6622,1
116.4689,116.4967,116.5761,107.1837,1
116.4813,116.5761,116.6555,174.1638,1
116.5610,116.6555,116.7348,173.7770,1
116.8466,116.8472,116.9078,61.1345,1
117.1874,117.1879,117.2482,60.7731,1
117.3006,117.3009,117.3640,63.3538,1
117.3776,117.3779,117.4505,72.8769,1
117.4794,117.4796,117.5451,65.6889,1
117.5609,117.5611,117.6323,71.3775,1
117.6389,117.6391,117.7132,74.3208,1
117.8120,117.8123,117.8739,61.9485,1
118.0614,118.0617,118.1215,60.1543,1
118.1583,118.1586,118.2228,64.4813,1
118.1605,118.2228,118.3056,145.1364,1
118.1686,118.3056,118.3833,214.6790,1
118.2175,118.3833,118.4626,245.1397,1
118.5075,118.5081,118.5720,64.4610,1
118.6193,118.6197,118.6804,61.1102,1
118.7119,118.7123,118.7745,62.5672,1
118.8096,118.8100,118.8728,63.1439,1
118.9617,118.9622,119.0232,61.5053,1
119.0140,119.0232,119.1072,93.2134,1
119.0162,119.1072,119.1851,168.9229,1
119.1868,119.1873,119.2652,78.3428,1
119.2331,119.2652,119.3446,111.4808,1
119.2854,119.3446,119.4249,139.5311,1
119.3464,119.4249,119.5040,157.6001,1
119.9467,119.9477,120.0098,63.1421,1
120.0230,120.0233,120.0936,70.6053,1
120.3489,120.3495,120.4118,62.8835,1
120.5558,120.5563,120.6163,60.5445,1
120.5886,120.6163,120.7025,113.9562,1
120.7890,120.7895,120.8523,63.2647,1
121.1899,121.1904,121.2529,63.0094,1
121.3833,121.3837,121.4448,61.5125,1
121.3910,121.4449,121.5292,138.1936,1
121.5638,121.5646,121.6292,65.3955,1
121.6875,121.6879,121.7483,60.7880,1
121.7230,121.7483,121.8315,108.4765,1
121.7522,121.8315,121.9090,156.7434,1
121.8210,121.9090,121.9883,167.2927,1
121.9508,121.9883,122.0668,116.0448,1
121.9630,122.0668,122.1465,183.4839,1
122.2722,122.2727,122.3312,58.9874,1
122.3074,122.3312,122.4175,110.1470,1
122.5012,122.5017,122.5639,62.7398,1
122.5869,122.5872,122.6532,66.3705,1
122.7128,122.7132,122.7748,62.0089,1
122.8935,122.8940,122.9524,58.8541,1
122.9105,122.9524,123.0388,128.2160,1
123.0680,123.0685,123.1329,64.8404,1
123.1424,123.1428,123.2158,73.3805,1
123.1650,123.2158,123.2956,130.6855,1
123.3281,123.3285,123.3921,64.0619,1
123.3516,123.3921,123.4742,122.5662,1
123.7175,123.7180,123.7759,58.4031,1
123.7249,123.7759,123.8616,136.6725,1
123.8444,123.8616,123.9409,96.5194,1
124.0814,124.0819,124.1447,63.2478,1
124.4523,124.4530,124.5150,62.7091,1
124.4659,124.5150,124.6010,135.0087,1
124.6566,124.6571,124.7178,61.2043,1
124.7264,124.7268,124.8029,76.5216,1
124.7265,124.8030,124.8834,156.9083,1
124.7438,124.8834,124.9630,219.2482,1
125.0614,125.0619,125.1274,65.9832,1
125.3002,125.3006,125.3641,63.9143,1
125.4393,125.4398,125.5011,61.7627,1
125.7021,125.7026,125.7657,63.5491,1
125.9043,125.9047,125.9669,62.5357,1
126.0811,126.0814,126.1447,63.6162,1
126.3528,126.3534,126.4138,61.0034,1
126.3931,126.4138,126.4991,105.9621,1
126.4131,126.4991,126.5772,164.0531,1
126.4612,126.5772,126.6565,195.3051,1
126.5053,126.6565,126.7360,230.7223,1
126.7242,126.7360,126.8157,91.4298,1
126.7661,126.8157,126.8953,129.2359,1
126.8450,126.8953,126.9749,129.8725,1
127.0715,127.0720,127.1328,61.3587,1
127.9357,127.9369,127.9969,61.2131,1
127.9514,127.9970,128.0812,129.7939,1
128.0740,128.0812,128.1608,86.8690,1
128.0948,128.1608,128.2405,145.7118,1
128.2870,128.2875,128.3503,63.2978,1
128.4138,128.4142,128.4757,61.9495,1
128.6319,128.6323,128.6927,60.8411,1
128.6573,128.6927,128.7781,120.8247,1
128.9492,128.9498,129.0103,61.1266,1
129.3790,129.3797,129.4404,61.4276,1
129.4524,129.4527,129.5278,75.3169,1
129.8185,129.8190,129.8793,60.8259,1
129.8847,129.8849,129.9647,79.9846,1
129.9000,129.9647,130.0444,144.3088,1
130.3332,130.3338,130.3943,61.1086,1
130.4834,130.4836,130.5457,62.2938,1
130.5983,130.5987,130.6620,63.6054,1
130.8221,130.8225,130.8836,61.4356,1
131.1343,131.1348,131.1936,59.2782,1
131.1966,131.1968,131.2764,79.7916,1
131.3949,131.3953,131.4579,62.9202,1
131.3975,131.4579,131.5426,145.1432,1
131.5289,131.5426,131.6222,93.3009,1
131.6224,131.6229,131.7018,79.3373,1
131.6364,131.7018,131.7805,144.0887,1
131.8788,131.8794,131.9408,62.0061,1
131.9396,131.9408,132.0252,85.6772,1
132.1980,132.1985,132.2627,64.7256,1
132.2777,132.2781,132.3493,71.5864,1
132.3491,132.3493,132.4297,80.6440,1
132.8386,132.8393,132.9005,61.8768,1
132.8570,132.9005,132.9850,128.0509,1
132.9630,132.9851,133.0647,101.6762,1
133.7095,133.7106,133.7704,60.9431,1
133.8824,133.8829,133.9458,63.3661,1
134.1156,134.1161,134.1778,62.2015,1
134.2485,134.2490,134.3102,61.6885,1
134.7019,134.7026,134.7624,60.5619,1
134.7090,134.7624,134.8467,137.6722,1
134.9366,134.9372,134.9998,63.2126,1
135.0400,135.0404,135.1031,63.0913,1
135.2566,135.2571,135.3182,61.5739,1
135.3518,135.3522,135.4169,65.0954,1
135.4301,135.4305,135.5029,72.7914,1
135.4841,135.5030,135.5836,99.4939,1
135.5066,135.5836,135.6629,156.2943,1
135.9880,135.9888,136.0509,62.9519,1
136.2154,136.2158,136.2776,62.1732,1
136.3983,136.3987,136.4627,64.3114,1
136.5641,136.5644,136.6230,58.8415,1
136.7001,136.7004,136.7634,63.2792,1
136.8609,136.8612,136.9227,61.7935,1
137.2388,137.2394,137.2987,59.9296,1
137.2864,137.2988,137.3839,97.4761,1
137.3870,137.3874,137.4646,77.6908,1
137.5243,137.5247,137.5841,59.8380,1
137.6025,137.6028,137.6719,69.4750,1
137.6877,137.6880,137.7585,70.8232,1
137.8975,137.8980,137.9615,63.9528,1
137.9011,137.9615,138.0449,143.7522,1
138.0492,138.0495,138.1255,76.2486,1
138.1891,138.1895,138.2485,59.4416,1
138.2840,138.2843,138.3538,69.7972,1
138.3167,138.3538,138.4352,118.4729,1
138.3259,138.4352,138.5150,189.1461,1
138.5353,138.5358,138.6029,67.5897,1
138.7293,138.7297,138.7871,57.8232,1
138.7993,138.7997,138.8737,74.3852,1
138.8177,138.8737,138.9536,135.8929,1
138.8856,138.9536,139.0338,148.2914,1
138.9373,139.0339,139.1142,176.8636,1
139.1139,139.1142,139.1942,80.2809,1
139.2368,139.2371,139.2995,62.7198,1
139.2732,139.2995,139.3835,110.2629,1
139.4037,139.4041,139.4704,66.6664,1
139.5555,139.5560,139.6197,64.1476,1
139.6608,139.6612,139.7269,66.1108,1
139.7475,139.7478,139.8182,70.7078,1
140.2817,140.2827,140.3419,60.1448,1
140.3884,140.3888,140.4506,62.2225,1
140.6198,140.6204,140.6786,58.7055,1
140.6456,140.6786,140.7630,117.3212,1
140.7402,140.7630,140.8426,102.4475,1
140.7677,140.8426,140.9227,154.9864,1
140.8827,140.9227,141.0026,119.9003,1
140.9803,141.0026,141.0830,102.6190,1
141.0457,141.0830,141.1634,117.6828,1
141.0999,141.1634,141.2430,143.1252,1
141.1337,141.2430,141.3234,189.7173,1
141.1388,141.3234,141.4035,264.6401,1
141.3454,141.4035,141.5097,164.3403,1
141.3755,141.5098,141.5972,221.6473,1
141.7296,141.7302,141.7886,58.9802,1
141.8672,141.8676,141.9274,60.1783,1
141.9822,141.9827,142.0466,64.3322,1
142.2078,142.2084,142.2697,61.8881,1
142.3492,142.3495,142.4102,61.0724,1
142.3895,142.4103,142.4964,106.9508,1
142.4635,142.4965,142.5770,113.5331,1
142.8619,142.8627,142.9244,62.4923,1
142.8702,142.9244,143.0104,140.1825,1
143.0180,143.0184,143.0907,72.6506,1
143.1126,143.1130,143.1794,66.7425,1
143.1435,143.1794,143.2624,118.9399,1
143.1869,143.2625,143.3428,155.9321,1
143.2586,143.3428,143.4232,164.6050,1
143.2936,143.4232,143.5036,209.9400,1
143.5620,143.5627,143.6260,63.9405,1
143.6922,143.6927,143.7545,62.2706,1
143.8766,143.8771,143.9406,64.0245,1
143.9186,143.9406,144.0259,107.2368,1
144.8176,144.8187,144.8800,62.3433,1
144.9974,144.9978,145.0592,61.8299,1
145.0520,145.0592,145.1439,91.9140,1
145.2698,145.2704,145.3317,61.8887,1
145.4725,145.4730,145.5353,62.8302,1
145.6712,145.6717,145.7347,63.4696,1
145.7313,145.7347,145.8205,89.2583,1
145.9632,145.9637,146.0239,60.7881,1
145.9813,146.0240,146.1102,128.9139,1
146.0320,146.1102,146.1903,158.2811,1
146.1170,146.1903,146.2707,153.7058,1
146.2079,146.2707,146.3511,143.1804,1
146.3272,146.3511,146.4315,104.3027,1
146.3849,146.4315,146.5118,126.9665,1
146.5988,146.5993,146.6621,63.3471,1
146.8470,146.8474,146.9094,62.4388,1
147.0216,147.0220,147.0816,59.9748,1
147.1153,147.1157,147.1810,65.6550,1
147.1536,147.1810,147.2635,109.8066,1
147.5019,147.5025,147.5646,62.7087,1
147.5370,147.5646,147.6493,112.2988,1
147.6363,147.6493,147.7286,92.2561,1
148.1547,148.1555,148.2183,63.5878,1
148.1893,148.2184,148.3038,114.4379,1
148.2510,148.3038,148.3841,133.1271,1
148.2947,148.3841,148.4646,169.9548,1
148.3030,148.4646,148.5454,242.4135,1
148.5677,148.5683,148.6369,69.1651,1
148.5895,148.6369,148.7198,130.2900,1
148.6792,148.7198,148.8003,121.0279,1
148.6842,148.8003,148.8810,196.8343,1
148.7653,148.8810,148.9618,196.5206,1
148.9047,148.9618,149.0666,161.9547,1
148.9545,149.0666,149.1498,195.3304,1
149.0889,149.1498,149.2336,144.6715,1
149.3376,149.3381,149.3992,61.6387,1
149.3578,149.3993,149.4858,128.0129,1
149.3622,149.4858,149.5659,203.7825,1
149.4175,149.5659,149.6467,229.2445,1
149.7381,149.7387,149.8017,63.6418,1
150.0026,150.0030,150.0650,62.4118,1
150.1866,150.1869,150.2470,60.3793,1
150.2402,150.2470,150.3335,93.3284,1
150.2584,150.3335,150.4138,155.4275,1
150.7391,150.7399,150.8024,63.2819,1
150.9327,150.9332,150.9932,60.5354,1
151.2632,151.2637,151.3235,60.2855,1
151.3009,151.3235,151.4113,110.3668,1
151.3426,151.4113,151.4918,149.1962,1
151.4015,151.4918,151.5722,170.7402,1
151.4949,151.5722,151.6530,158.0593,1
151.5123,151.6530,151.7337,221.4699,1
151.6229,151.7337,151.8145,191.6463,1
151.8374,151.8379,151.9046,67.2449,1
151.9696,151.9700,152.0332,63.5711,1
152.1795,152.1800,152.2427,63.2097,1
152.6114,152.6122,152.6727,61.3245,1
152.6142,152.6728,152.7580,143.8299,1
152.7588,152.7591,152.8391,80.3174,1
152.7647,152.8391,152.9199,155.1815,1
152.8129,152.9199,153.0007,187.7692,1
152.9230,153.0007,153.0815,158.4416,1
153.0322,153.0815,153.1623,130.0336,1
153.5572,153.5580,153.6173,60.0954,1
153.5962,153.6173,153.7029,106.6885,1
153.6044,153.7029,153.7839,179.5694,1
153.8426,153.8431,153.9043,61.6875,1
153.8675,153.9043,153.9902,122.7456,1
154.0453,154.0458,154.1089,63.6224,1
154.0719,154.1090,154.1954,123.4916,1
154.3505,154.3511,154.4140,63.5582,1
154.8634,154.8642,154.9262,62.7869,1
155.2252,155.2258,155.2853,60.0402,1
155.4498,155.4501,155.5110,61.2838,1
155.5315,155.5317,155.6009,69.3903,1
155.5780,155.6009,155.6836,105.6101,1
155.6760,155.6836,155.7633,87.2275,1
155.7309,155.7633,155.8442,113.3832,1
155.7660,155.8443,155.9250,158.9887,1
155.8277,155.9250,156.0058,178.0845,1
155.8282,156.0058,156.0866,258.3859,1
155.8462,156.0866,156.1673,321.1164,1
155.8700,156.1673,156.2485,378.4889,1
155.9732,156.2485,156.3547,381.5051,1
156.0367,156.3547,156.4463,409.5203,1
156.0877,156.4463,156.5293,441.6008,1
156.2569,156.5293,156.6128,355.8511,1
156.3525,156.6128,156.6951,342.5856,1
156.4400,156.6951,156.7766,336.6054,1
156.4970,156.7766,156.8577,360.7040,1
156.5935,156.8577,156.9392,345.6844,1
156.7556,156.9392,157.0207,265.0970,1
156.9792,157.0207,157.1014,122.2274,1
157.0904,157.1015,157.1837,93.3122,1
157.0992,157.1837,157.2775,178.3007,1
157.1697,157.2775,157.3707,200.9824,1
157.3592,157.3707,157.4590,99.8627,1
157.4585,157.4591,157.5448,86.3264,1
158.7066,158.7081,158.7683,61.7454,1
158.9196,158.9200,158.9790,59.4456,1
159.1628,159.1633,159.2235,60.7297,1
159.1659,159.2235,159.3107,144.8638,1
159.3763,159.3768,159.4390,62.7233,1
159.7638,159.7644,159.8238,60.0145,1
159.9503,159.9506,160.0119,61.6730,1
160.2328,160.2332,160.2932,60.4115,1
160.4019,160.4022,160.4642,62.2840,1
160.6241,160.6245,160.6851,60.9623,1
160.8230,160.8234,160.8837,60.6893,1
161.3389,161.3397,161.4018,62.9385,1
161.3852,161.4019,161.4876,102.3726,1
161.6113,161.6117,161.6726,61.2969,1
161.6880,161.6884,161.7624,74.3447,1
161.8121,161.8125,161.8755,63.4071,1
161.8466,161.8755,161.9599,113.2831,1
161.9311,161.9599,162.0407,109.5334,1
161.9824,162.0407,162.1215,139.0328,1
162.0759,162.1215,162.2026,126.7336,1
162.2291,162.2296,162.2936,64.5169,1
162.2810,162.2936,162.3789,97.9187,1
162.2971,162.3790,162.4597,162.6629,1
162.5191,162.5196,162.5815,62.3978,1
162.6136,162.6140,162.6809,67.2970,1
162.8231,162.8235,162.8834,60.3210,1
162.8742,162.8834,162.9708,96.6020,1
162.9097,162.9708,163.0523,142.5856,1
163.0026,163.0523,163.1330,130.4308,1
163.0605,163.1330,163.2138,153.2886,1
163.1628,163.2138,163.2950,132.1796,1
163.4778,163.4784,163.5411,63.3277,1
163.4910,163.5412,163.6278,136.7452,1
163.5405,163.6278,163.7075,166.9585,1
163.6184,163.7075,163.7885,170.0917,1
163.7480,163.7885,163.8698,121.7827,1
163.7829,163.8698,163.9516,168.7458,1
163.8589,163.9516,164.0329,173.9859,1
163.8834,164.0329,164.1147,231.2818,1
163.9257,164.1147,164.1958,270.0843,1
163.9662,164.1958,164.2770,310.8218,1
164.0847,164.2770,164.3844,299.6485,1
164.1635,164.3844,164.4729,309.4577,1
164.4613,164.4729,164.5600,98.6962,1
164.6993,164.6997,164.7589,59.5735,1
164.8420,164.8425,164.9065,64.4497,1
164.9009,164.9065,164.9927,91.8218,1
164.9647,164.9927,165.0738,109.1959,1
164.9918,165.0739,165.1554,163.5989,1
165.1554,165.1557,165.2376,82.2308,1
165.2469,165.2473,165.3210,74.0775,1
165.2883,165.3210,165.4029,114.6678,1
165.4388,165.4392,165.5001,61.3512,1
165.5010,165.5014,165.5856,84.5677,1
165.6561,165.6567,165.7202,64.0574,1
165.8329,165.8333,165.8946,61.6712,1
165.8334,165.8946,165.9808,147.3863,1
166.0416,166.0421,166.1031,61.5525,1
166.3906,166.3920,166.4557,65.0816,1
166.4752,166.4755,166.5456,70.4062,1
166.4922,166.5456,166.6283,136.0871,1
166.6423,166.6428,166.7164,74.0541,1
166.7258,166.7260,166.7992,73.3301,1
166.8902,166.8906,166.9548,64.6657,1
167.0113,167.0118,167.0754,64.0448,1
167.1390,167.1395,167.2038,64.7491,1
167.1973,167.2038,167.2902,92.9529,1
167.3006,167.3009,167.3753,74.6990,1
167.6083,167.6089,167.6700,61.6582,1
167.6378,167.6700,167.7569,119.1384,1
167.6389,167.7569,167.8382,199.2184,1
167.6429,167.8382,167.9194,276.4625,1
167.6676,167.9194,168.0017,334.0631,1
168.3140,168.3149,168.3735,59.5070,1
168.3209,168.3735,168.4601,139.1941,1
168.6240,168.6246,168.6864,62.4733,1
168.8722,168.8728,168.9374,65.1907,1
169.2466,169.2470,169.3113,64.7020,1
169.2480,169.3113,169.3965,148.4209,1
169.2692,169.3965,169.4776,208.4788,1
169.3775,169.4776,169.5588,181.2385,1
169.4260,169.5588,169.6403,214.3043,1
169.4681,169.6403,169.7219,253.7659,1
169.6181,169.7219,169.8032,185.1605,1
169.8845,169.8850,169.9471,62.5496,1
169.8962,169.9471,170.0338,137.6418,1
169.9543,170.0338,170.1151,160.7952,1
170.0668,170.1151,170.1969,130.1466,1
170.1986,170.1991,170.2787,80.0863,1
170.2312,170.2787,170.3610,129.8492,1
170.2614,170.3610,170.4431,181.7209,1
170.3124,170.4431,170.5249,212.5067,1
170.6449,170.6454,170.7082,63.3721,1
170.7336,170.7340,170.8013,67.6821,1
170.9334,170.9339,170.9938,60.4014,1
171.2151,171.2157,171.2743,59.1423,1
171.3482,171.3487,171.4132,65.0563,1
171.4757,171.4760,171.5399,64.2294,1
171.6816,171.6821,171.7430,61.4076,1
171.6964,171.7431,171.8308,134.4503,1
172.5362,172.5374,172.5980,61.7617,1
172.8462,172.8468,172.9093,63.1367,1
173.2444,173.2450,173.3081,63.6981,1
173.4340,173.4344,173.4985,64.4664,1
173.4863,173.4985,173.5845,98.1935,1
173.5534,173.5845,173.6669,113.5213,1
173.6363,173.6669,173.7485,112.2226,1
173.6588,173.7485,173.8308,171.9659,1
173.8507,173.8512,173.9203,69.6015,1
173.8792,173.9203,174.0030,123.8170,1
173.9220,174.0030,174.0845,162.5871,1
173.9834,174.0846,174.1660,182.6129,1
174.0051,174.1660,174.2483,243.2263,1
174.0287,174.2484,174.3560,327.3364,1
174.1205,174.3561,174.4413,320.8487,1
174.2430,174.4414,174.5257,282.7168,1
174.2765,174.5257,174.6089,332.3792,1
174.2780,174.6089,174.6917,413.6710,1
174.3039,174.6917,174.7818,477.8770,1
174.4307,174.7818,174.8641,433.4347,1
174.8101,174.8641,174.9468,136.7568,1
174.8134,174.9469,175.0292,215.7723,1
174.8205,175.0292,175.1115,290.9817,1
174.9401,175.1115,175.1982,258.1069,1
174.9532,175.1982,175.2914,338.1996,1
174.9661,175.2914,175.3803,414.2151,1
174.9899,175.3804,175.4665,476.6116,1
175.0398,175.4665,175.5521,512.3046,1
175.2349,175.5521,175.6375,402.5770,1
175.4562,175.6375,175.7238,267.5762,1
175.5588,175.7238,175.8082,249.4527,1
175.7091,175.8082,175.8922,183.0927,1
175.8048,175.8922,175.9753,170.5703,1
175.8268,175.9754,176.0586,231.7186,1
175.8503,176.0586,176.1456,295.2589,1
175.9082,176.1456,176.2348,326.5896,1
175.9419,176.2348,176.3239,382.0596,1
176.0224,176.3239,176.4118,389.3948,1
176.1540,176.4118,176.4976,343.5850,1
176.1680,176.4976,176.5841,416.0938,1
176.2131,176.5841,176.6710,457.9290,1
176.4741,176.6710,176.7565,282.4411,1
176.5478,176.7565,176.8405,292.6990,1
176.6104,176.8405,176.9244,314.0192,1
176.7361,176.9244,177.0083,272.1893,1
176.8413,177.0083,177.0947,253.4753,1
176.8478,177.0947,177.1821,334.2343,1
177.1689,177.1821,177.2702,101.3664,1
177.4493,177.4497,177.5151,65.8594,1
177.6374,177.6379,177.6980,60.5940,1
177.6962,177.6980,177.7869,90.7578,1
177.7335,177.7870,177.8692,135.7390,1
177.7897,177.8692,177.9516,161.8950,1
177.8176,177.9516,178.0339,216.2774,1
177.9265,178.0339,178.1163,189.7612,1
178.1424,178.1429,178.2127,70.3182,1
178.2001,178.2127,178.2971,97.0189,1
178.3344,178.3349,178.3977,63.2347,1
178.3482,178.3977,178.4864,138.2284,1
178.4554,178.4864,178.5811,125.6582,1
178.5555,178.5811,178.6633,107.8082,1
178.7070,178.7074,178.7717,64.7093,1
178.8021,178.8024,178.8687,66.6792,1
179.1370,179.1376,179.2005,63.5209,1
179.1476,179.2005,179.2887,141.0925,1
179.2152,179.2887,179.3707,155.4777,1
179.2274,179.3707,179.4530,225.6195,1
179.3977,179.4530,179.5354,137.6855,1
179.5368,179.5371,179.6178,80.9433,1
179.6617,179.6622,179.7265,64.8081,1
179.6902,179.7265,179.8140,123.8269,1
179.9914,179.9918,180.0569,65.4678,1
180.1633,180.1635,180.2279,64.6310,1
180.6087,180.6094,180.6701,61.3729,1
180.6647,180.6701,180.7577,92.9839,1
180.7633,180.7637,180.8406,77.3386,1
181.0423,181.0427,181.1066,64.2978,1
181.0761,181.1066,181.1932,117.1267,1
181.1737,181.1932,181.2755,101.8199,1
181.3366,181.3369,181.4012,64.6203,1
181.4239,181.4243,181.4943,70.3864,1
181.7625,181.7631,181.8279,65.3236,1
181.7879,181.8279,181.9146,126.6331,1
181.8136,181.9146,181.9971,183.4881,1
181.9525,181.9971,182.0794,126.9579,1
182.1396,182.1401,182.2027,63.1206,1
182.3084,182.3088,182.3719,63.5123,1
182.4328,182.4332,182.4982,65.4095,1
182.6177,182.6181,182.6775,59.8032,1
182.7132,182.7136,182.7780,64.8782,1
182.8277,182.8281,182.8944,66.6269,1
182.9916,182.9919,183.0529,61.3560,1
183.0723,183.0727,183.1458,73.4601,1
183.0802,183.1458,183.2286,148.4080,1
183.1380,183.2286,183.3110,173.0017,1
183.2534,183.3110,183.3937,140.3263,1
183.2541,183.3937,183.4760,221.8971,1
183.4779,183.4785,183.5576,79.7169,1
183.5835,183.5839,183.6534,69.9583,1
183.6042,183.6535,183.7387,134.4600,1
183.6419,183.7387,183.8213,179.3942,1
183.6875,183.8213,183.9234,235.8315,1
183.8458,183.9234,184.0129,167.0781,1
184.0540,184.0546,184.1168,62.7591,1
184.2227,184.2232,184.2844,61.6464,1
184.3775,184.3780,184.4437,66.2039,1
184.4360,184.4437,184.5313,95.2750,1
184.5111,184.5313,184.6136,102.5007,1
184.5690,184.6136,184.6963,127.3775,1
184.6733,184.6963,184.7787,105.3365,1
185.0556,185.0560,185.1165,60.9157,1
185.3226,185.3229,185.3865,63.8878,1
185.4875,185.4878,185.5485,61.0284,1
185.8977,185.8982,185.9581,60.4030,1
185.9472,185.9581,186.0467,99.5102,1
186.0396,186.0467,186.1286,88.9947,1
186.2224,186.2229,186.2868,64.3889,1
186.3696,186.3701,186.4321,62.5508,1
186.4034,186.4322,186.5196,116.1981,1
186.4466,186.5196,186.6017,155.1646,1
186.5152,186.6017,186.6841,168.9571,1
186.9836,186.9844,187.0496,66.0117,1
187.0235,187.0496,187.1363,112.7488,1
187.2162,187.2167,187.2790,62.8546,1
187.2701,187.2791,187.3669,96.7103,1
187.3784,187.3788,187.4526,74.1316,1
187.8066,187.8074,187.8685,61.8739,1
188.0630,188.0634,188.1265,63.5677,1
188.1172,188.1266,188.2138,96.6787,1
188.1262,188.2138,188.2962,170.0736,1
188.1670,188.2963,188.3788,211.8386,1
188.2664,188.3788,188.4613,194.8978,1
188.3357,188.4613,188.5440,208.2459,1
188.3393,188.5440,188.6267,287.3757,1
188.7532,188.7539,188.8150,61.7715,1
188.8142,188.8150,188.9040,89.8576,1
189.0705,189.0709,189.1334,62.9566,1
189.3316,189.3322,189.3962,64.6538,1
189.3663,189.3963,189.4844,118.1670,1
189.4200,189.4845,189.5663,146.3244,1
189.4760,189.5664,189.6490,172.9953,1
189.5999,189.6490,189.7317,131.8206,1
189.8014,189.8017,189.8668,65.4370,1
189.9339,189.9343,189.9987,64.7611,1
189.9865,189.9987,190.0865,99.9459,1
190.0381,190.0865,190.1691,131.0144,1
190.3548,190.3552,190.4210,66.1026,1
190.7065,190.7070,190.7658,59.3616,1
190.7255,190.7659,190.8534,127.9114,1
190.8379,190.8535,190.9360,98.0921,1
190.8753,190.9360,191.0185,143.2497,1
190.9677,191.0186,191.1016,133.9032,1
191.0163,191.1016,191.1840,167.6184,1
191.0294,191.1840,191.2675,238.0472,1
191.5822,191.5829,191.6478,65.5284,1
191.6035,191.6478,191.7350,131.4917,1
191.8376,191.8381,191.9023,64.7307,1
191.8936,191.9023,191.9908,97.2033,1
191.9114,191.9909,192.0732,161.7263,1
191.9147,192.0732,192.1555,240.7690,1
192.1890,192.1895,192.2527,63.6491,1
192.2921,192.2926,192.3568,64.6709,1
192.3349,192.3568,192.4443,109.4064,1
192.3519,192.4443,192.5269,175.0258,1
192.3730,192.5270,192.6094,236.3346,1
192.4968,192.6094,192.6942,197.4315,1
192.5014,192.6942,192.7876,286.1868,1
192.5118,192.7876,192.8681,356.2970,1
192.5465,192.8681,192.9504,403.9101,1
192.5696,192.9505,193.0331,463.4749,1
192.8402,193.0331,193.1253,285.1172,1
192.9235,193.1253,193.2185,295.0037,1
192.9470,193.2186,193.3013,354.3311,1
193.1438,193.3013,193.3841,240.3152,1
193.1581,193.3842,193.4668,308.7098,1
193.4360,193.4668,193.5480,112.0312,1
193.8404,193.8411,193.9036,63.2134,1
194.2318,194.2323,194.2934,61.6038,1
194.3675,194.3678,194.4299,62.3881,1
194.5695,194.5698,194.6333,63.8145,1
194.5907,194.6333,194.7194,128.7364,1
194.6282,194.7195,194.8015,173.2410,1
194.6681,194.8015,194.8827,214.5689,1
194.7220,194.8827,194.9642,242.1713,1
194.7280,194.9642,195.0457,317.7177,1
194.7390,195.0457,195.1273,388.2199,1
194.9395,195.1273,195.2085,268.9270,1
195.0084,195.2085,195.2900,281.5725,1
195.1829,195.2900,195.3718,188.9147,1
195.1850,195.3718,195.4859,300.8445,1
195.2225,195.4859,195.5701,347.6437,1
195.4004,195.5701,195.6554,254.9565,1
195.4298,195.6554,195.7393,309.4374,1
195.5175,195.7393,195.8217,304.1951,1
195.5367,195.8217,195.9040,367.3411,1
195.6639,195.9041,195.9852,321.3376,1
195.7937,195.9852,196.0675,273.8635,1
195.7982,196.0675,196.1487,350.4629,1
195.8544,196.1487,196.2313,376.9317,1
195.9302,196.2313,196.3170,386.7811,1
196.0450,196.3170,196.4133,368.3932,1
196.6417,196.6425,196.7076,65.8355,1
196.9814,196.9819,197.0438,62.4306,1
197.2227,197.2231,197.2866,63.8969,1
197.2695,197.2867,197.3723,102.7784,1
197.2707,197.3723,197.4530,182.2507,1
197.3136,197.4530,197.5343,220.7236,1
197.3413,197.5344,197.6161,274.8023,1
197.6400,197.6407,197.7109,70.8241,1
197.6742,197.7109,197.7937,119.5744,1
197.9107,197.9112,197.9728,62.1330,1
198.7421,198.7433,198.8044,62.2840,1
198.8110,198.8113,198.8900,79.0338,1
199.1419,199.1426,199.2058,63.8981,1
199.2935,199.2939,199.3555,61.9126,1
199.2947,199.3555,199.4430,148.2257,1
199.3636,199.4430,199.5234,159.8140,1
199.5782,199.5786,199.6428,64.6548,1
199.6347,199.6429,199.7267,91.9782,1
199.9794,199.9800,200.0460,66.6673,1
200.0095,200.0460,200.1313,121.7806,1
200.0737,200.1313,200.2126,138.9014,1
200.2728,200.2732,200.3348,62.0424,1
200.3374,200.3378,200.4199,82.4751,1
200.3762,200.4199,200.4981,121.8803,1
200.3917,200.4981,200.5802,188.5396,1
200.4890,200.5802,200.6614,172.3705,1
200.5064,200.6614,200.7429,236.5537,1
200.5776,200.7429,200.8247,247.1028,1
200.5954,200.8247,200.9157,320.2843,1
200.6152,200.9157,200.9976,382.3949,1
200.7440,200.9976,201.0793,335.3008,1
200.7987,201.0793,201.1853,386.6142,1
200.8453,201.1853,201.2715,426.1787,1
200.8456,201.2715,201.3563,510.6230,1
200.8505,201.3563,201.4391,588.6274,1
200.9322,201.4391,201.5214,589.2682,1
201.0369,201.5214,201.6038,566.9000,1
201.1349,201.6038,201.6853,550.4293,1
201.3490,201.6853,201.7700,420.9419,1
201.3562,201.7700,201.8555,499.3285,1
201.3795,201.8555,201.9395,559.9763,1
201.5308,201.9395,202.0250,494.1864,1
201.6078,202.0250,202.1196,511.8452,1
201.8227,202.1196,202.2091,386.4461,1
201.8418,202.2091,202.2957,453.9150,1
201.9383,202.2958,202.3809,442.6136,1
201.9807,202.3810,202.4648,484.0744,1
202.1323,202.4648,202.5471,414.7855,1
202.1751,202.5471,202.6296,454.4797,1
202.1948,202.6296,202.7142,519.3341,1
202.2244,202.7142,202.7982,573.8592,1
202.2529,202.7982,202.8825,629.6615,1
202.3039,202.8826,202.9697,665.8221,1
202.3468,202.9697,203.0600,713.2952,1
202.5592,203.0601,203.1503,591.1216,1
202.6903,203.1503,203.2385,548.1364,1
202.7854,203.2385,203.3242,538.7234,1
202.7960,203.3242,203.4088,612.8113,1
202.7963,203.4088,203.4925,696.2208,1
203.0298,203.4925,203.5762,546.4222,1
203.1568,203.5763,203.6610,504.1931,1
203.2074,203.6610,203.7453,537.9358,1
203.2198,203.7454,203.8296,609.8268,1
203.2973,203.8296,203.9166,619.2491,1
203.3509,203.9166,204.0044,653.5622,1
203.5125,204.0044,204.0936,581.1307,1
203.6641,204.0936,204.1811,517.0083,1
203.6783,204.1811,204.2684,590.0557,1
203.6900,204.2684,204.3542,664.2520,1
203.7246,204.3543,204.4383,713.7262,1
203.8996,204.4383,204.5230,623.3403,1
203.9307,204.5230,204.6078,677.1162,1
203.9654,204.6078,204.6920,726.5931,1
204.0678,204.6920,204.7774,709.5993,1
204.1826,204.7774,204.8630,680.4470,1
204.2444,204.8630,204.9504,705.9467,1
204.3500,204.9504,205.0389,688.9013,1
204.4659,205.0389,205.1267,660.7981,1
204.4831,205.1267,205.2140,730.9423,1
204.4847,205.2140,205.2997,815.0285,1
204.6003,205.2997,205.3853,784.9751,1
204.7415,205.3853,205.4701,728.5482,1
204.8136,205.4701,205.5550,741.3500,1
204.9938,205.5550,205.6397,645.8997,1
205.1508,205.6397,205.7253,574.4886,1
205.3147,205.7253,205.8112,496.5945,1
205.4103,205.8113,205.8979,487.6342,1
205.4228,205.8979,205.9862,563.4079,1
205.4797,205.9862,206.0738,594.1373,1
205.5073,206.0739,206.1612,653.8944,1
205.5576,206.1612,206.2476,689.9521,1
205.6274,206.2476,206.3332,705.7543,1
206.0615,206.3332,206.4188,357.2724,1
206.0804,206.4188,206.5043,423.9096,1
206.1176,206.5044,206.5899,472.3118,1
206.2793,206.5899,206.6755,396.2012,1
206.3145,206.6755,206.7611,446.6023,1
206.5401,206.7611,206.8481,307.9196,1
206.5548,206.8481,206.9354,380.6263,1
206.6520,206.9354,207.0228,370.7360,1
206.7031,207.0228,207.1101,406.9756,1
206.7482,207.1101,207.1966,448.4018,1
206.8415,207.1966,207.2827,441.1799,1
207.0071,207.2827,207.3684,361.2913,1
207.2465,207.3685,207.4547,208.1877,1
207.5083,207.5088,207.5684,60.0709,1
207.9369,207.9377,208.0029,66.0471,1
208.0707,208.0711,208.1353,64.6235,1
208.0801,208.1354,208.2214,141.3056,1
208.1822,208.2214,208.3030,120.8001,1
208.2586,208.3030,208.3853,126.7051,1
208.4554,208.4558,208.5188,63.4395,1
208.5727,208.5731,208.6361,63.3731,1
208.6446,208.6448,208.7249,80.2679,1
208.7034,208.7249,208.8075,104.0886,1
208.7853,208.8075,208.8899,104.5411,1
208.7883,208.8899,208.9722,183.8867,1
208.8243,208.9722,209.0545,230.2065,1
208.8907,209.0545,209.1368,246.1693,1
209.0033,209.1368,209.2191,215.8220,1
209.1374,209.2191,209.3022,164.7454,1
209.1735,209.3022,209.3967,223.2407,1
209.3838,209.3968,209.5024,118.6505,1
209.3892,209.5024,209.5911,201.8960,1
209.4012,209.5911,209.6761,274.9026,1
209.4399,209.6762,209.7601,320.1686,1
209.6800,209.7601,209.8432,163.2444,1
209.8192,209.8432,209.9258,106.6020,1
209.9406,209.9408,210.0134,72.7874,1
210.0205,210.0209,210.1003,79.7872,1
210.0580,210.1003,210.1826,124.6868,1
210.1871,210.1875,210.2665,79.3788,1
210.2612,210.2665,210.3556,94.3743,1
210.3292,210.3556,210.4482,119.0412,1
210.6022,210.6028,210.6632,61.0486,1
210.6136,210.6632,210.7522,138.6682,1
210.7792,210.7796,210.8474,68.1379,1
210.8491,210.8494,210.9309,81.8231,1
211.0665,211.0670,211.1323,65.8020,1
211.1938,211.1941,211.2583,64.4970,1
211.2259,211.2583,211.3461,120.2124,1
211.2605,211.3461,211.4288,168.2923,1
211.2704,211.4288,211.5114,240.9767,1
211.3299,211.5114,211.5938,263.9564,1
211.3473,211.5938,211.6766,329.2919,1
211.4147,211.6766,211.7592,344.5409,1
211.4344,211.7592,211.8428,408.3550,1
211.7557,211.8428,211.9257,170.0544,1
211.7972,211.9258,212.0184,221.1497,1
211.8900,212.0184,212.1225,232.5402,1
211.9959,212.1225,212.2107,214.8949,1
212.2659,212.2664,212.3322,66.2972,1
212.5028,212.5033,212.5648,62.0440,1
212.5817,212.5820,212.6553,73.6422,1
212.5852,212.6553,212.7386,153.3674,1
212.6554,212.7386,212.8209,165.5109,1
212.6712,212.8209,212.9033,232.0768,1
212.7023,212.9033,212.9871,284.8062,1
212.7357,212.9871,213.0701,334.3546,1
212.7384,213.0701,213.1524,414.0480,1
212.8561,213.1524,213.2351,379.0428,1
212.9072,213.2351,213.3213,414.0792,1
212.9127,213.3213,213.4350,522.2539,1
212.9936,213.4350,213.5257,532.0849,1
213.1253,213.5257,213.6106,485.2835,1
213.2960,213.6106,213.6954,399.4169,1
213.5719,213.6954,213.7793,207.4061,1
213.5775,213.7793,213.8633,285.7520,1
213.5971,213.8633,213.9472,350.0629,1
213.6837,213.9472,214.0311,347.4018,1
213.8790,214.0311,214.1147,235.7219,1
214.1008,214.1147,214.1983,97.4345,1
214.1352,214.1983,214.2920,156.8704,1
214.3092,214.3097,214.3908,81.5589,1
214.3978,214.3982,214.4829,85.0506,1
214.4834,214.4838,214.5705,87.1195,1
214.7741,214.7747,214.8388,64.6794,1
214.8333,214.8388,214.9266,93.2727,1
214.9912,214.9916,215.0557,64.5060,1
215.0348,215.0557,215.1441,109.3736,1
215.0770,215.1441,215.2265,149.4283,1
215.0903,215.2265,215.3095,219.1690,1
215.1516,215.3095,215.3928,241.2372,1
215.2100,215.3928,215.4767,266.7764,1
215.3405,215.4767,215.5606,220.1672,1
215.4392,215.5607,215.6456,206.4207,1
215.5486,215.6456,215.7323,183.6595,1
215.5809,215.7323,215.8157,234.8704,1
215.7504,215.8158,215.9255,175.0997,1
215.8157,215.9255,216.0149,199.1166,1
215.8831,216.0149,216.1018,218.7200,1
215.9040,216.1018,216.1864,282.4131,1
216.2452,216.2458,216.3125,67.2705,1
216.3045,216.3125,216.3999,95.4431,1
216.4057,216.4059,216.4832,77.5399,1
216.4271,216.4832,216.5674,140.3647,1
216.6269,216.6273,216.6937,66.7712,1
216.8446,216.8451,216.9105,65.8540,1
216.8701,216.9105,216.9988,128.7572,1
216.9851,216.9989,217.0808,95.7027,1
217.1904,217.1908,217.2561,65.7607,1
217.2308,217.2561,217.3446,113.8290,1
217.2665,217.3446,217.4275,161.0018,1
217.3404,217.4275,217.5108,170.3776,1
217.3656,217.5108,217.5948,229.1288,1
217.4233,217.5948,217.6787,255.4343,1
217.5344,217.6787,217.7623,227.8692,1
217.6044,217.7623,217.8462,241.8157,1
217.7061,217.8462,217.9301,223.9691,1
217.7123,217.9301,218.0144,302.0923,1
217.8073,218.0144,218.1266,319.2904,1
218.1366,218.1372,218.2165,79.9091,1
218.1919,218.2165,218.3038,111.8420,1
218.2626,218.3038,218.3887,126.0211,1
218.2696,218.3887,218.4726,202.9538,1
218.3347,218.4726,218.5573,222.6393,1
218.3655,218.5573,218.6416,276.1332,1
218.3884,218.6416,218.7255,337.1830,1
218.5920,218.7256,218.8095,217.5200,1
218.6816,218.8095,218.8934,211.8587,1
218.7434,218.8935,218.9885,245.0643,1
218.7482,218.9885,219.0849,336.7816,1
218.8143,219.0849,219.1752,360.9415,1
218.8938,219.1752,219.2642,370.3392,1
219.0024,219.2642,219.3500,347.6020,1
219.1193,219.3500,219.4356,316.3102,1
219.1227,219.4356,219.5204,397.7041,1
219.1819,219.5204,219.6058,423.8373,1
219.3155,219.6058,219.6897,374.1963,1
219.3792,219.6897,219.7743,395.1315,1
219.5150,219.7743,219.8606,345.5732,1
219.5500,219.8606,219.9533,403.2108,1
219.5677,219.9533,220.0463,478.6145,1
219.6618,220.0463,220.1375,475.7251,1
220.0077,220.1375,220.2267,218.9847,1
220.0099,220.2267,220.3135,303.6066,1
220.7299,220.7307,220.7982,68.3400,1
220.8944,220.8948,220.9602,65.7628,1
221.4808,221.4816,221.5428,62.0320,1
221.6517,221.6519,221.7151,63.4308,1
221.6576,221.7151,221.8029,145.2929,1
221.6631,221.8029,221.8854,222.3478,1
221.6644,221.8855,221.9688,304.4154,1
221.7194,221.9688,222.0522,332.7387,1
221.7982,222.0522,222.1361,337.8796,1
221.8044,222.1361,222.2200,415.6804,1
221.9142,222.2200,222.3040,389.7413,1
222.1320,222.3040,222.3879,255.9260,1
222.3296,222.3879,222.4725,142.8603,1
222.3725,222.4725,222.5869,214.3836,1
222.4342,222.5869,222.6759,241.6228,1
222.4688,222.6759,222.7626,293.8088,1
222.6561,222.7626,222.8480,191.8996,1
222.6680,222.8480,222.9319,263.9328,1
222.7699,222.9319,223.0159,245.9618,1
222.7904,223.0159,223.0998,309.4330,1
222.9367,223.0998,223.1837,246.9770,1
223.0407,223.1837,223.2691,228.4159,1
223.0583,223.2691,223.3535,295.2479,1
223.0840,223.3535,223.4494,365.4077,1
223.2775,223.4494,223.5442,266.6684,1
223.3754,223.5442,223.6363,260.9275,1
223.4323,223.6363,223.7240,291.7000,1
223.6947,223.7240,223.8110,116.2926,1
223.7121,223.8110,223.8966,184.5578,1
223.7565,223.8966,223.9809,224.3748,1
223.9131,223.9809,224.0649,151.7469,1
224.0041,224.0649,224.1498,145.7329,1
224.0852,224.1499,224.2346,149.4617,1
224.1731,224.2347,224.3219,148.8592,1
224.2078,224.3219,224.4150,207.1111,1
224.3536,224.4150,224.5080,154.3645,1
224.3736,224.5080,224.5991,225.4472,1
224.5317,224.5991,224.6879,156.2480,1
224.6078,224.6880,224.7753,167.4689,1
224.6824,224.7753,224.8613,178.9108,1
224.7586,224.8613,224.9467,188.0717,1
224.7907,224.9467,225.0317,241.0156,1
224.9273,225.0317,225.1165,189.2312,1
225.0395,225.1165,225.2023,162.7694,1
225.1514,225.2023,225.2903,138.9896,1
225.2675,225.2904,225.3805,113.0459,1
225.3004,225.3805,225.4723,171.8684,1
225.3952,225.4723,225.5624,167.1508,1
225.5624,225.5626,225.6520,89.5918,1
225.6012,225.6520,225.7402,139.0135,1
225.9258,225.9262,225.9914,65.5242,1
226.0928,226.0930,226.1577,64.9599,1
226.0980,226.1577,226.2462,148.2317,1
226.2345,226.2463,226.3296,95.1022,1
226.2994,226.3296,226.4135,114.1543,1
226.3300,226.4135,226.4975,167.4350,1
226.5388,226.5393,226.6031,64.3766,1
226.5605,226.6031,226.6911,130.5717,1
226.5811,226.6911,226.7745,193.4302,1
226.7025,226.7745,226.8585,155.9292,1
226.9690,226.9695,227.0382,69.1789,1
227.0327,227.0382,227.1261,93.3667,1
227.1128,227.1261,227.2095,96.6731,1
227.1224,227.2095,227.2934,170.9821,1
227.1536,227.2934,227.3773,223.7691,1
227.2280,227.3774,227.4613,233.3118,1
227.4398,227.4613,227.5452,105.4170,1
227.4691,227.5452,227.6291,160.0210,1
227.6029,227.6291,227.7131,110.1782,1
227.8296,227.8300,227.8963,66.7257,1
228.0103,228.0106,228.0758,65.4824,1
228.0461,228.0758,228.1645,118.4054,1
228.1890,228.1895,228.2601,71.1138,1
228.2194,228.2601,228.3452,125.8483,1
228.3544,228.3548,228.4314,76.9931,1
228.7241,228.7247,228.7905,66.4277,1
228.8798,228.8803,228.9463,66.4689,1
228.9468,228.9472,229.0338,86.9437,1
229.1297,229.1302,229.1980,68.3207,1
229.2704,229.2707,229.3358,65.4735,1
229.5444,229.5450,229.6071,62.6697,1
229.6350,229.6354,229.7046,69.6065,1
229.7395,229.7398,229.8069,67.3435,1
229.8282,229.8286,229.9016,73.4217,1
229.9009,229.9016,229.9862,85.3485,1
230.0347,230.0351,230.1024,67.6957,1
230.3377,230.3383,230.4008,63.1256,1
230.4052,230.4054,230.4884,83.1631,1
230.4499,230.4884,230.5724,122.5216,1
230.4989,230.5724,230.6563,157.4809,1
230.5383,230.6563,230.7403,202.0069,1
230.5736,230.7403,230.8242,250.6407,1
230.5880,230.8242,230.9081,320.1322,1
230.5990,230.9081,230.9921,393.0283,1
230.9940,230.9947,231.0770,82.9987,1
231.3206,231.3212,231.3890,68.3459,1
231.4425,231.4427,231.5091,66.5296,1
231.6569,231.6574,231.7243,67.3488,1
231.6752,231.7243,231.8126,137.4687,1
231.6911,231.8127,231.8962,205.0376,1
231.7115,231.8962,231.9801,268.5976,1
231.7427,231.9801,232.0640,321.2713,1
231.7627,232.0640,232.1479,385.2839,1
232.0792,232.1479,232.2319,152.6817,1
232.5916,232.5923,232.6531,61.5102,1
232.6595,232.6598,232.7418,82.2869,1
232.7244,232.7418,232.8259,101.5740,1
232.8031,232.8259,232.9099,106.8071,1
233.0008,233.0013,233.0654,64.5603,1
233.2376,233.2381,233.3032,65.6405,1
233.2462,233.3032,233.3925,146.2919,1
233.3313,233.3925,233.4761,144.7439,1
233.3973,233.4761,233.5600,162.7287,1
234.0269,234.0278,234.0933,66.4134,1
234.2909,234.2915,234.3530,62.1333,1
234.3972,234.3977,234.4616,64.3380,1
234.5717,234.5722,234.6381,66.4216,1
234.5958,234.6382,234.7253,129.5086,1
234.6917,234.7253,234.8091,117.3560,1
234.8278,234.8283,234.9010,73.1526,1
235.1417,235.1423,235.2067,65.0513,1
235.1487,235.2068,235.2974,148.7317,1
235.4000,235.4006,235.4606,60.5750,1
235.5287,235.5291,235.5931,64.4544,1
235.6284,235.6288,235.6986,70.2404,1
235.6301,235.6986,235.7840,153.8711,1
235.8927,235.8932,235.9557,62.9680,1
235.9273,235.9557,236.0459,118.5650,1
236.0453,236.0459,236.1293,83.9875,1
236.0462,236.1293,236.2132,166.9611,1
236.0785,236.2132,236.2971,218.6625,1
236.0849,236.2972,236.3811,296.2142,1
236.0889,236.3811,236.4647,375.8221,1
236.1085,236.4647,236.5486,440.1230,1
236.2605,236.5486,236.6326,372.1032,1
236.3431,236.6326,236.7213,378.2310,1
236.4501,236.7213,236.8349,384.8127,1
236.4502,236.8349,236.9239,473.7023,1
236.5598,236.9239,237.0107,450.8169,1
236.6892,237.0107,237.0963,407.0735,1
236.7390,237.0963,237.1813,442.3240,1
236.9118,237.1813,237.2659,354.1246,1
236.9675,237.2659,237.3499,382.3747,1
237.3391,237.3499,237.4339,94.7958,1
237.6037,237.6042,237.6661,62.4910,1
237.6983,237.6986,237.7647,66.3385,1
237.7346,237.7647,237.8519,117.3051,1
237.9605,237.9611,238.0281,67.5809,1
238.2112,238.2119,238.2783,67.1180,1
238.2487,238.2784,238.3667,117.9649,1
238.2954,238.3667,238.4505,155.0994,1
238.3251,238.4506,238.5345,209.4176,1
238.3290,238.5345,238.6184,289.3653,1
238.4958,238.6184,238.7023,206.5240,1
238.5100,238.7023,238.7862,276.2127,1
238.5970,238.7863,238.8702,273.2111,1
238.7308,238.8702,238.9545,223.6315,1
238.8453,238.9545,239.0478,202.4320,1
238.8808,239.0478,239.1590,278.1207,1
238.9610,239.1590,239.2481,287.1632,1
239.3133,239.3138,239.3752,61.9461,1
239.4208,239.4211,239.4867,65.8584,1
239.4835,239.4867,239.5748,91.2367,1
239.6702,239.6707,239.7374,67.2124,1
239.7183,239.7375,239.8250,106.7022,1
239.7649,239.8250,239.9096,144.7391,1
239.7720,239.9096,239.9935,221.4832,1
239.9553,239.9935,240.0775,122.1578,1
240.0667,240.0775,240.1614,94.7711,1
240.1613,240.1615,240.2457,84.3618,1
240.4040,240.4046,240.4715,67.4325,1
240.4157,240.4715,240.5603,144.5622,1
240.5224,240.5603,240.6432,120.8706,1
240.6388,240.6432,240.7272,88.3574,1
240.6419,240.7272,240.8111,169.1889,1
240.7447,240.8111,240.8960,151.2619,1
240.9024,240.9029,240.9802,77.7897,1
240.9685,240.9802,241.0649,96.3205,1
241.0088,241.0649,241.1488,139.9592,1
241.0966,241.1488,241.2362,139.5698,1
241.1703,241.2362,241.3471,176.7127,1
241.2238,241.3471,241.4369,213.0195,1
241.2843,241.4369,241.5237,239.4681,1
241.5290,241.5296,241.6121,83.0615,1
241.5398,241.6121,241.6975,157.7385,1
241.8632,241.8639,241.9298,66.5865,1
241.8802,241.9298,242.0188,138.5994,1
242.0328,242.0332,242.1080,75.1150,1
242.2765,242.2769,242.3431,66.6404,1
242.3176,242.3432,242.4322,114.5952,1
242.3179,242.4322,242.5161,198.2448,1
242.3336,242.5161,242.6000,266.4239,1
242.4035,242.6001,242.6840,280.4534,1
242.4160,242.6840,242.7679,351.9933,1
242.5104,242.7680,242.8523,341.9755,1
242.7005,242.8523,242.9363,235.7652,1
242.9055,242.9363,243.0212,115.7222,1
242.9128,243.0212,243.1168,203.9047,1
242.9207,243.1168,243.2262,305.5613,1
243.0171,243.2262,243.3166,299.4478,1
243.1827,243.3166,243.4036,220.9074,1
243.2258,243.4036,243.4892,263.4453,1
243.3463,243.4892,243.5740,227.7383,1
243.4230,243.5740,243.6596,236.6158,1
243.5181,243.6596,243.7437,225.6033,1
243.6490,243.7437,243.8288,179.7855,1
243.8370,243.8375,243.9149,77.8798,1
243.9198,243.9201,244.0015,81.6832,1
243.9214,244.0015,244.0988,177.3653,1
244.0875,244.0988,244.1927,105.2394,1
244.5111,244.5118,244.5739,62.8197,1
244.5980,244.5984,244.6696,71.6364,1
244.9544,244.9551,245.0221,67.6526,1
245.2294,245.2300,245.2930,63.5570,1
245.3225,245.3229,245.3926,70.0344,1
245.3513,245.3926,245.4782,126.9154,1
245.4124,245.4782,245.5621,149.7655,1
245.4994,245.5622,245.6464,146.9977,1
245.6048,245.6464,245.7307,125.9393,1
245.8279,245.8285,245.8955,67.5742,1
245.8450,245.8955,245.9841,139.0700,1
245.8760,245.9841,246.0687,192.6792,1
245.9673,246.0687,246.1533,186.0344,1
246.0480,246.1534,246.2379,189.8292,1
246.1122,246.2379,246.3220,209.8137,1
246.1555,246.3220,246.4074,251.9090,1
246.3248,246.4074,246.4918,166.9791,1
246.4119,246.4918,246.5766,164.7203,1
246.8178,246.8185,246.8860,68.1549,1
246.8220,246.8860,246.9738,151.7810,1
246.9022,246.9738,247.0574,155.1909,1
247.0000,247.0574,247.1413,141.3253,1
247.0214,247.1413,247.2260,204.5701,1
247.0430,247.2260,247.3101,267.0630,1
247.0590,247.3101,247.3951,336.1071,1
247.0630,247.3951,247.4797,416.6561,1
247.3077,247.4797,247.5637,256.0901,1
247.3726,247.5638,247.6560,283.3692,1
247.4976,247.6560,247.7664,268.7922,1
247.6042,247.7664,247.8576,253.4277,1
247.9411,247.9417,248.0083,67.2181,1
248.0073,248.0083,248.0968,89.5053,1
248.0335,248.0968,248.1812,147.6932,1
248.1325,248.1813,248.2652,132.6403,1
248.2852,248.2857,248.3566,71.4198,1
248.3094,248.3567,248.4431,133.7709,1
248.4144,248.4432,248.5279,113.4984,1
248.4279,248.5279,248.6133,185.4712,1
248.5632,248.6133,248.6980,134.7481,1
248.7810,248.7817,248.8469,65.8512,1
248.8699,248.8703,248.9432,73.3280,1
248.8732,248.9432,249.0290,155.8198,1
248.9050,249.0290,249.1130,208.0698,1
248.9354,249.1130,249.1980,262.5629,1
249.0089,249.1980,249.2834,274.5440,1
249.3936,249.3943,249.4587,65.1035,1
249.5291,249.5295,249.5961,67.0089,1
249.5577,249.5961,249.6847,126.9882,1
249.6598,249.6847,249.7699,110.0477,1
249.7783,249.7787,249.8559,77.6151,1
249.8302,249.8559,249.9407,110.5202,1
249.8693,249.9407,250.0262,156.8998,1
249.9485,250.0262,250.1113,162.8134,1
250.0532,250.1114,250.1962,142.9331,1
250.1423,250.1962,250.2907,148.4055,1
250.1499,250.2907,250.3809,230.9477,1
250.1967,250.3809,250.4825,285.8246,1
250.3392,250.4825,250.5708,231.5900,1
250.3984,250.5708,250.6584,260.0337,1
250.4857,250.6584,250.7479,262.1724,1
250.6183,250.7479,250.8335,215.1651,1
250.7948,250.8335,250.9198,124.9819,1
250.9443,250.9448,251.0153,70.9679,1
251.1123,251.1128,251.1748,62.4743,1
251.1383,251.1748,251.2662,127.9201,1
251.1653,251.2662,251.3510,185.7154,1
251.2990,251.3510,251.4366,137.6122,1
251.5085,251.5090,251.5761,67.5923,1
251.5593,251.5761,251.6650,105.7005,1
251.5773,251.6650,251.7497,172.3862,1
251.6056,251.7497,251.8345,228.8379,1
251.7147,251.8345,251.9201,205.4371,1
251.7520,251.9201,252.0109,258.9123,1
251.9268,252.0109,252.0955,168.7401,1
251.9935,252.0955,252.1809,187.4584,1
252.0172,252.1809,252.2665,249.3448,1
252.1234,252.2665,252.3609,237.4666,1
252.2356,252.3609,252.4653,229.6767,1
252.3119,252.4653,252.5559,244.0302,1
252.3514,252.5559,252.6433,291.8822,1
252.4170,252.6433,252.7305,313.5671,1
252.5744,252.7306,252.8162,241.7506,1
252.6234,252.8162,252.9037,280.2182,1
252.6566,252.9037,252.9910,334.4170,1
252.7810,252.9910,253.0769,295.8959,1
252.9343,253.0769,253.1625,228.2452,1
253.3120,253.3127,253.3813,69.2390,1
253.5752,253.5757,253.6368,61.5760,1
253.7726,253.7730,253.8340,61.4142,1
253.7850,253.8340,253.9260,141.0596,1
253.8156,253.9261,254.0101,194.4660,1
253.8607,254.0101,254.0954,234.7356,1
253.8808,254.0954,254.1796,298.8866,1
253.9672,254.1796,254.2645,297.3159,1
253.9694,254.2645,254.3501,380.6401,1
253.9982,254.3501,254.4357,437.5059,1
254.0949,254.4357,254.5205,425.5252,1
254.1289,254.5205,254.6149,486.0230,1
254.3533,254.6149,254.7229,369.6449,1
254.5361,254.7229,254.8138,277.7543,1
254.6424,254.8139,254.9022,259.8650,1
254.6503,254.9022,254.9895,339.2302,1
254.6920,254.9895,255.0744,382.4167,1
254.8133,255.0744,255.1595,346.1778,1
255.0564,255.1595,255.2450,188.6063,1
255.0714,255.2450,255.3306,259.1610,1
255.2354,255.3306,255.4162,180.7973,1
255.3433,255.4162,255.5037,160.3913,1
255.3497,255.5037,255.6043,254.6266,1
255.4380,255.6043,255.6991,261.1373,1
255.7283,255.7288,255.7998,71.5221,1
255.7547,255.7999,255.8909,136.2028,1
255.8119,255.8909,255.9776,165.7735,1
255.8453,255.9777,256.0633,217.9681,1
255.8773,256.0633,256.1488,271.5510,1
255.9890,256.1489,256.2349,245.8764,1
256.1248,256.2349,256.3205,195.6900,1
256.1685,256.3205,256.4074,238.9414,1
256.3279,256.4074,256.5004,172.4910,1
256.3507,256.5004,256.5982,247.4493,1
256.3824,256.5982,256.6935,311.0554,1
256.4116,256.6935,256.7837,372.0820,1
256.5123,256.7837,256.8728,360.5770,1
256.7116,256.8729,256.9601,248.5399,1
257.1015,257.1021,257.1678,66.3551,1
257.1297,257.1679,257.2581,128.3706,1
257.3467,257.3473,257.4105,63.7601,1
257.4599,257.4603,257.5268,66.9526,1
257.6346,257.6350,257.6996,65.0800,1
257.7323,257.7328,257.8014,69.1079,1
257.9719,257.9725,258.0394,67.4355,1
258.0102,258.0394,258.1288,118.5322,1
258.0911,258.1288,258.2144,123.2685,1
258.1913,258.2144,258.2996,108.3402,1
258.3125,258.3129,258.3907,78.2026,1
258.3153,258.3907,258.4773,161.9557,1
258.6224,258.6229,258.6897,67.2839,1
258.6595,258.6897,258.7789,119.3979,1
258.7430,258.7789,258.8635,120.5416,1
258.9611,258.9615,259.0281,67.0643,1
258.9673,259.0282,259.1174,150.1347,1
258.9675,259.1174,259.2025,234.9859,1
259.0142,259.2025,259.2881,273.8917,1
259.0213,259.2881,259.3737,352.4728,1
259.0470,259.3737,259.4589,411.9409,1
259.1064,259.4589,259.5445,438.1073,1
259.1845,259.5445,259.6301,445.5994,1
259.2441,259.6301,259.7157,471.5980,1
259.2826,259.7157,259.8119,529.2438,1
259.4043,259.8119,259.9188,514.4980,1
259.6462,259.9188,260.0101,363.8832,1
259.7292,260.0101,260.0984,369.2108,1
260.0779,260.0984,260.1858,107.8662,1
260.1410,260.1858,260.2717,130.7652,1
260.3100,260.3104,260.3782,68.2036,1
260.3421,260.3782,260.4666,124.4748,1
260.3852,260.4666,260.5522,167.0564,1
260.6465,260.6470,260.7143,67.7590,1
260.6543,260.7143,260.8036,149.3081,1
260.8047,260.8050,260.8904,85.7798,1
260.8789,260.8905,260.9760,97.1479,1
260.8863,260.9761,261.0616,175.3468,1
261.2070,261.2076,261.2693,62.3410,1
261.3553,261.3557,261.4237,68.4702,1
261.3619,261.4238,261.5138,151.9136,1
261.5550,261.5554,261.6235,68.4494,1
261.5938,261.6235,261.7132,119.4163,1
261.6746,261.7132,261.7982,123.5531,1
262.2474,262.2483,262.3173,69.8694,1
262.4363,262.4368,262.5036,67.3809,1
262.6033,262.6038,262.6701,66.8211,1
262.6610,262.6701,262.7592,98.1885,1
262.7199,262.7592,262.8440,124.0768,1
262.8677,262.8681,262.9396,71.8649,1
262.8737,262.9396,263.0262,152.4599,1
262.8964,263.0262,263.1115,215.0605,1
262.9062,263.1115,263.1971,290.8890,1
262.9424,263.1971,263.2827,340.2706,1
263.0756,263.2827,263.3683,292.6997,1
263.1475,263.3683,263.4677,320.2169,1
263.1920,263.4677,263.5667,374.7544,1
263.2325,263.5667,263.6562,423.6874,1
263.2397,263.6562,263.7459,506.2002,1
263.4078,263.7459,263.8363,428.4883,1
263.4789,263.8363,263.9235,444.6381,1
263.5687,263.9235,264.0097,441.0360,1
263.6343,264.0097,264.0956,461.2832,1
263.9960,264.0956,264.1812,185.2115,1
264.0710,264.1812,264.2668,195.8197,1
264.2499,264.2668,264.3566,106.6548,1
264.4966,264.4970,264.5601,63.5631,1
264.6099,264.6102,264.6730,63.0859,1
264.6560,264.6730,264.7634,107.3970,1
264.6658,264.7634,264.8483,182.4343,1
264.6937,264.8483,264.9339,240.1584,1
264.8299,264.9339,265.0194,189.5876,1
264.9502,265.0195,265.1050,154.8346,1
264.9705,265.1051,265.1906,220.1133,1
265.1381,265.1907,265.2762,138.1529,1
265.1418,265.2763,265.3725,230.6537,1
265.2294,265.3725,265.4708,241.3983,1
265.2846,265.4708,265.5700,285.4510,1
265.3774,265.5700,265.6604,283.0210,1
265.4594,265.6604,265.7469,287.5860,1
265.5447,265.7470,265.8336,288.8971,1
265.6555,265.8336,265.9192,263.7259,1
265.6770,265.9192,266.0048,327.8101,1
265.6955,266.0048,266.0916,396.0290,1
265.7753,266.0916,266.1767,401.3785,1
265.8571,266.1767,266.2658,408.7345,1
266.0778,266.2658,266.3608,283.0378,1
266.1034,266.3608,266.4603,356.9673,1
266.1249,266.4603,266.5534,428.4697,1
266.4323,266.5534,266.6433,210.9320,1
266.6021,266.6433,266.7322,130.1268,1
266.7565,266.7569,266.8284,71.9357,1
266.8786,266.8791,266.9459,67.3105,1
267.0795,267.0799,267.1432,63.7055,1
267.1405,267.1432,267.2345,93.9910,1
267.3939,267.3943,267.4587,64.7663,1
267.6962,267.6967,267.7632,67.0229,1
267.7311,267.7632,267.8530,121.8300,1
267.8145,267.8530,267.9372,122.6652,1
268.0003,268.0007,268.0676,67.2819,1
268.1207,268.1211,268.1903,69.5692,1
268.3603,268.3608,268.4279,67.6444,1
268.3735,268.4279,268.5173,143.8250,1
268.4653,268.5173,268.6021,136.7516,1
268.4845,268.6021,268.6875,203.0142,1
268.6380,268.6875,268.7728,134.8973,1
268.7018,268.7729,268.8585,156.7250,1
268.9418,268.9422,269.0081,66.3413,1
269.1068,269.1073,269.1695,62.6081,1
269.1661,269.1695,269.2602,94.0359,1
269.2615,269.2619,269.3464,84.9030,1
269.3204,269.3464,269.4320,111.6037,1
269.3535,269.4320,269.5176,164.0791,1
269.3538,269.5176,269.6032,249.3889,1
269.5991,269.6032,269.6888,89.6495,1
270.1203,270.1211,270.1880,67.6590,1
270.1913,270.1917,270.2742,82.8869,1
270.2971,270.2974,270.3681,70.9981,1
270.4480,270.4485,270.5152,67.2150,1
270.5328,270.5332,270.6092,76.3976,1
270.5786,270.6092,270.6957,117.0987,1
270.5870,270.6957,270.7813,194.3248,1
270.6294,270.7813,270.8669,237.4949,1
270.7583,270.8669,270.9525,194.1592,1
270.7861,270.9525,271.0401,254.0340,1
271.3904,271.3913,271.4566,66.1578,1
271.4235,271.4566,271.5459,122.3426,1
271.5004,271.5459,271.6304,130.0281,1
271.5545,271.6304,271.7160,161.4840,1
271.7824,271.7828,271.8466,64.2056,1
271.8715,271.8718,271.9431,71.5535,1
272.0079,272.0082,272.0739,66.0035,1
272.0468,272.0739,272.1643,117.5309,1
272.0702,272.1643,272.2495,179.2795,1
272.3901,272.3908,272.4523,62.1722,1
272.3948,272.4523,272.5430,148.2230,1
272.5445,272.5449,272.6278,83.2929,1
272.5546,272.6278,272.7134,158.8513,1
272.7271,272.7276,272.8048,77.6411,1
272.8350,272.8354,272.9036,68.6763,1
272.9400,272.9404,273.0089,68.9503,1
273.0364,273.0367,273.1056,69.2305,1
273.1039,273.1057,273.1940,90.1013,1
273.1434,273.1940,273.2867,143.2687,1
273.2252,273.2867,273.3725,147.2979,1
273.3051,273.3725,273.4581,152.9771,1
273.3987,273.4581,273.5437,145.0393,1
273.5983,273.5989,273.6635,65.2086,1
273.6890,273.6893,273.7609,71.9572,1
273.8105,273.8110,273.8747,64.1418,1
273.9324,273.9328,273.9967,64.2857,1
273.9678,273.9968,274.0868,119.0154,1
274.0197,274.0868,274.1717,151.9652,1
274.1294,274.1717,274.2573,127.8178,1
274.2263,274.2573,274.3429,116.5414,1
274.3060,274.3429,274.4285,122.4683,1
274.3628,274.4285,274.5141,151.2387,1
274.5514,274.5519,274.6209,69.4318,1
274.6406,274.6410,274.7158,75.1846,1
274.7733,274.7737,274.8407,67.4065,1
274.9280,274.9284,274.9926,64.6702,1
274.9309,274.9927,275.0857,154.8086,1
275.1286,275.1290,275.1925,63.8519,1
275.1934,275.1937,275.2840,90.5939,1
275.2293,275.2840,275.3696,140.3430,1
275.2900,275.3696,275.4552,165.2020,1
275.3412,275.4552,275.5408,199.6406,1
275.5573,275.5579,275.6313,74.0018,1
275.9011,275.9018,275.9682,67.1082,1
276.0319,276.0323,276.0982,66.2614,1
276.0764,276.0982,276.1872,110.7926,1
276.2288,276.2292,276.2970,68.1857,1
276.2355,276.2970,276.3858,150.2973,1
276.4838,276.4841,276.5500,66.1423,1
276.6973,276.6977,276.7621,64.8343,1
276.7574,276.7621,276.8542,96.7653,1
277.0216,277.0222,277.0853,63.7275,1
277.0293,277.0854,277.1769,147.5624,1
277.0993,277.1769,277.2616,162.3460,1
277.1727,277.2616,277.3472,174.5332,1
277.1729,277.3472,277.4328,259.9629,1
277.2345,277.4328,277.5184,283.9163,1
277.2366,277.5184,277.6040,367.3984,1
277.2470,277.6040,277.6896,442.5926,1
277.3522,277.6897,277.7752,423.0670,1
277.6218,277.7753,277.8775,255.6910,1
277.7760,277.8775,277.9832,207.1700,1
277.8044,277.9832,278.0750,270.6245,1
277.8916,278.0750,278.1636,272.0018,1
277.9267,278.1636,278.2507,323.9204,1
277.9525,278.2507,278.3362,383.7503,1
277.9651,278.3363,278.4227,457.6660,1
278.1287,278.4228,278.5086,379.9191,1
278.1640,278.5086,278.5946,430.5625,1
278.1784,278.5946,278.6802,501.7742,1
278.1902,278.6802,278.7718,581.6010,1
278.2389,278.7718,278.8758,636.8708,1
278.2710,278.8758,278.9716,700.5450,1
278.4633,278.9716,279.0636,600.3107,1
278.5048,279.0637,279.1531,648.2940,1
278.6337,279.1531,279.2405,606.8148,1
278.6682,279.2405,279.3277,659.4828,1
278.7856,279.3277,279.4136,627.9919,1
278.9123,279.4136,279.4997,587.3353,1
278.9677,279.4997,279.5854,617.7695,1
279.0561,279.5854,279.6742,618.0950,1
279.1108,279.6742,279.7694,658.6307,1
279.1569,279.7695,279.8656,708.6993,1
279.3918,279.8656,279.9602,568.3932,1
279.4298,279.9602,280.0528,623.0736,1
279.4837,280.0529,280.1437,659.9835,1
279.4940,280.1437,280.2321,738.1403,1
279.5275,280.2322,280.3195,791.9962,1
279.5695,280.3195,280.4066,837.1087,1
279.7753,280.4066,280.4929,717.6660,1
279.8557,280.4929,280.5804,724.6902,1
280.1307,280.5804,280.6706,539.9447,1
280.1820,280.6706,280.7650,582.9567,1
280.1960,280.7650,280.8596,663.5525,1
280.2504,280.8596,280.9526,702.1995,1
280.3864,280.9526,281.0450,658.6783,1
280.4114,281.0450,281.1348,723.4509,1
280.4318,281.1349,281.2239,792.1060,1
280.5255,281.2239,281.3112,785.7032,1
280.6731,281.3112,281.3986,725.4507,1
280.7973,281.3986,281.4859,688.5910,1
281.2909,281.4859,281.5743,283.4407,1
281.5819,281.5825,281.6672,85.3225,1
281.6309,281.6673,281.7607,129.8031,1
281.6314,281.7607,281.8537,222.3718,1
281.8725,281.8730,281.9501,77.6037,1
281.9313,281.9501,282.0400,108.7520,1
282.2119,282.2125,282.2792,67.2967,1
282.2820,282.2824,282.3687,86.7055,1
282.5367,282.5373,282.6035,66.8547,1
282.5519,282.6036,282.6953,143.4170,1
282.8094,282.8098,282.8786,69.2081,1
282.8975,282.8978,282.9734,75.8959,1
283.0198,283.0202,283.0882,68.3517,1
283.5778,283.5787,283.6431,65.3457,1
283.6303,283.6431,283.7331,102.7229,1
283.7038,283.7331,283.8186,114.8054,1
283.7537,283.8186,283.9042,150.4954,1
283.7654,283.9042,283.9898,224.4119,1
284.0240,284.0247,284.0932,69.1685,1
284.0610,284.0932,284.1831,122.1015,1
284.2811,284.2816,284.3472,66.0810,1
284.2898,284.3472,284.4373,147.4815,1
284.3162,284.4373,284.5229,206.6800,1
284.3467,284.5229,284.6085,261.7922,1
284.3528,284.6085,284.6941,341.3111,1
284.3672,284.6941,284.7797,412.5087,1
284.3737,284.7797,284.8662,492.5279,1
284.4658,284.8662,284.9523,486.5650,1
284.5680,284.9523,285.0392,471.2618,1
284.5811,285.0392,285.1446,563.5381,1
284.5903,285.1447,285.2474,657.0344,1
284.5903,285.2474,285.3398,749.4561,1
284.7776,285.3398,285.4274,649.8580,1
284.9289,285.4275,285.5148,585.8404,1
284.9368,285.5148,285.6008,663.9996,1
285.0497,285.6008,285.6866,636.9225,1
285.1692,285.6866,285.7732,603.9686,1
285.3971,285.7732,285.8596,462.5035,1
285.4288,285.8596,285.9460,517.2779,1
285.4380,285.9461,286.0398,601.7957,1
285.4511,286.0398,286.1420,690.8748,1
285.4776,286.1420,286.2387,761.1144,1
285.6642,286.2387,286.3309,666.6639,1
285.6735,286.3309,286.4205,747.0447,1
285.7213,286.4205,286.5090,787.6405,1
285.9450,286.5090,286.5951,650.1416,1
285.9510,286.5951,286.6823,731.3225,1
285.9613,286.6823,286.7686,807.2534,1
285.9624,286.7686,286.8551,892.6382,1
286.0904,286.8551,286.9452,854.7337,1
286.2202,286.9452,287.0418,821.5704,1
286.3010,287.0418,287.1385,837.5215,1
286.4123,287.1386,287.2331,820.8170,1
286.6032,287.2331,287.3251,721.8875,1
286.6636,287.3251,287.4152,751.6299,1
286.6866,287.4152,287.5034,816.7990,1
286.8063,287.5034,287.5907,784.3434,1
286.8580,287.5907,287.6781,820.0790,1
286.8990,287.6781,287.7654,866.4366,1
286.9167,287.7654,287.8535,936.8468,1
286.9496,287.8535,287.9461,996.4385,1
286.9521,287.9461,288.0401,1088.0076,1
286.9657,288.0401,288.1360,1170.2880,1
286.9978,288.1360,288.2299,1232.1533,1
287.0214,288.2299,288.3211,1299.6313,1
287.0346,288.3211,288.4105,1375.8641,1
287.2023,288.4105,288.4997,1297.3917,1
287.3893,288.4997,288.5885,1199.1772,1
287.7219,288.5885,288.6758,953.9653,1
287.7522,288.6759,288.7634,1011.1325,1
287.7770,288.7634,288.8529,1075.9005,1
287.8443,288.8529,288.9446,1100.2848,1
288.0597,288.9446,289.0390,979.2818,1
288.3767,289.0390,289.1328,756.1187,1
288.4137,289.1329,289.2259,812.1705,1
288.4362,289.2259,289.3171,880.9121,1
288.4950,289.3171,289.4074,912.3956,1
288.8063,289.4074,289.4966,690.2943,1
288.9357,289.4966,289.5857,650.0658,1
289.0757,289.5858,289.6749,599.2503,1
289.1114,289.6749,289.7640,652.5991,1
289.1463,289.7641,289.8536,707.2666,1
289.3068,289.8536,289.9449,638.0793,1
289.3889,289.9449,290.0384,649.4414,1
289.5640,290.0384,290.1317,567.7433,1
289.7178,290.1318,290.2246,506.7716,1
289.8235,290.2246,290.3156,492.1321,1
289.8436,290.3156,290.4066,563.0763,1
290.0749,290.4067,290.4960,421.0782,1
290.1375,290.4960,290.5851,447.6363,1
290.1792,290.5852,290.6743,495.1314,1
290.2198,290.6743,290.7635,543.6812,1
290.2347,290.7635,290.8534,618.6499,1
290.2829,290.8534,290.9455,662.5910,1
290.3630,290.9455,291.0385,675.4788,1
290.3652,291.0385,291.1315,766.3625,1
290.7187,291.1316,291.2237,504.9237,1
290.8040,291.2237,291.3158,511.7559,1
290.8482,291.3158,291.4058,557.5889,1
290.8578,291.4058,291.4949,637.1339,1
290.8910,291.4950,291.5841,693.1183,1
291.0077,291.5841,291.6737,666.0316,1
291.0387,291.6737,291.7639,725.1581,1
291.0813,291.7639,291.8545,773.2368,1
291.1901,291.8545,291.9462,756.0704,1
291.3658,291.9462,292.0392,673.4336,1
291.5968,292.0393,292.1310,534.2157,1
291.6136,292.1310,292.2231,609.5623,1
291.6785,292.2232,292.3144,635.8700,1
291.7169,292.3144,292.4054,688.5690,1
291.9394,292.4054,292.4965,557.0882,1
292.2101,292.4965,292.5861,376.0742,1
292.2122,292.5861,292.6753,463.0902,1
292.2968,292.6753,292.7660,469.1974,1
292.3515,292.7660,292.8566,505.1262,1
292.3750,292.8566,292.9477,572.6564,1
292.4357,292.9477,293.0404,604.7244,1
292.4964,293.0404,293.1315,635.0605,1
292.5744,293.1315,293.2236,649.1885,1
292.8416,293.2236,293.3148,473.2705,1
293.1406,293.3148,293.4059,265.2770,1
293.2173,293.4059,293.4970,279.6824,1
293.4003,293.4970,293.5880,187.6895,1
293.4016,293.5881,293.6783,276.6972,1
293.4989,293.6783,293.7686,269.6626,1
293.8167,293.8172,293.8837,67.0277,1
293.8357,293.8838,293.9743,138.6086,1
293.8498,293.9743,294.0608,211.0278,1
294.0816,294.0821,294.1546,73.0111,1
294.3058,294.3064,294.3739,68.0963,1
294.3371,294.3740,294.4658,128.6525,1
294.3376,294.4658,294.5522,214.5783,1
294.3776,294.5522,294.6395,261.9463,1
294.4053,294.6396,294.7265,321.1827,1
294.6130,294.7265,294.8138,200.8169,1
294.6166,294.8138,294.9011,284.5004,1
294.6354,294.9012,294.9885,353.1160,1
294.7430,294.9885,295.0758,332.8743,1
294.9171,295.0758,295.1831,266.0285,1
294.9253,295.1831,295.2831,357.7688,1
294.9917,295.2831,295.3766,384.9718,1
295.0747,295.3767,295.4658,391.1090,1
295.1543,295.4658,295.5539,399.5899,1
295.1885,295.5539,295.6413,452.8074,1
295.2131,295.6413,295.7298,516.6757,1
295.3043,295.7298,295.8172,512.8716,1
295.5088,295.8172,295.9045,395.6967,1
295.5741,295.9045,295.9918,417.7394,1
295.6255,295.9918,296.0883,462.7577,1
295.6825,296.0883,296.1879,505.4355,1
295.7831,296.1879,296.2844,501.3277,1
295.9344,296.2844,296.3770,442.6830,1
296.2467,296.3770,296.4681,221.3233,1
296.2802,296.4681,296.5573,277.1204,1
296.3473,296.5573,296.6465,299.1964,1
296.5109,296.6465,296.7347,223.7632,1
296.5979,296.7347,296.8227,224.7465,1
296.8550,296.8554,296.9251,70.1219,1
296.9096,296.9251,297.0155,105.9257,1
296.9722,297.0155,297.1081,135.9013,1
296.9763,297.1081,297.2024,226.1063,1
297.1846,297.2024,297.2954,110.7802,1
297.2590,297.2954,297.3880,129.0878,1
297.3672,297.3881,297.4781,110.9199,1
297.3851,297.4781,297.5673,182.1472,1
297.5612,297.5673,297.6559,94.7308,1
297.7141,297.7145,297.7833,69.2829,1
297.7265,297.7834,297.8733,146.8438,1
297.9649,297.9655,298.0334,68.5383,1
297.9722,298.0334,298.1250,152.7568,1
298.0044,298.1250,298.2118,207.3763,1
298.1340,298.2118,298.2991,165.0983,1
298.3294,298.3297,298.3986,69.1500,1
298.3375,298.3986,298.4892,151.6824,1
298.3806,298.4892,298.5766,195.9712,1
298.4082,298.5766,298.6639,255.7390,1
298.4989,298.6639,298.7512,252.3088,1
298.5648,298.7513,298.8566,291.7475,1
298.6878,298.8566,298.9483,260.4492,1
298.8154,298.9483,299.0406,225.2011,1
298.9306,299.0406,299.1296,199.0449,1
298.9876,299.1296,299.2294,241.7431,1
299.0159,299.2294,299.3185,302.6512,1
299.1103,299.3185,299.4079,297.6618,1
299.1131,299.4079,299.4961,383.0017,1
299.1156,299.4961,299.5835,467.8165,1
299.1164,299.5835,299.6708,554.4313,1
299.2796,299.6708,299.7663,486.7206,1
299.4000,299.7663,299.8612,461.1694,1
299.4571,299.8612,299.9552,498.0787,1
299.5167,299.9552,300.0458,529.0375,1
299.5233,300.0458,300.1404,617.0580,1
299.5247,300.1404,300.2333,708.6401,1
299.5656,300.2333,300.3237,758.0592,1
299.6393,300.3237,300.4128,773.4820,1
299.7314,300.4128,300.5013,769.8865,1
299.9195,300.5014,300.5887,669.2042,1
299.9313,300.5887,300.6803,749.0328,1
299.9785,300.6803,300.7734,794.8305,1
300.8431,300.8443,300.9106,67.4759,1
301.1119,301.1125,301.1784,66.4278,1
301.3126,301.3130,301.3795,66.8846,1
301.3175,301.3796,301.4704,152.9500,1
301.4937,301.4941,301.5657,72.0663,1
302.3987,302.3998,302.4632,64.4242,1
302.7348,302.7356,302.8045,69.7005,1
302.7454,302.8046,302.8949,149.5673,1
303.0975,303.0980,303.1658,68.2991,1
303.1731,303.1734,303.2573,84.1742,1
303.5125,303.5131,303.5809,68.3897,1
303.6537,303.6541,303.7209,67.2501,1
304.9634,304.9650,305.0290,65.5660,1
305.0631,305.0633,305.1300,66.9195,1
305.2593,305.2598,305.3237,64.3771,1
305.3887,305.3892,305.4563,67.6293,1
305.6932,305.6938,305.7612,68.0547,1
306.1598,306.1605,306.2241,64.2537,1
306.4749,306.4753,306.5377,62.8660,1
306.5424,306.5426,306.6253,82.9068,1
306.9569,306.9574,307.0235,66.5893,1
307.4161,307.4167,307.4823,66.2738,1
307.4309,307.4824,307.5736,142.7114,1
307.4376,307.5736,307.6592,221.6291,1
307.6999,307.7004,307.7696,69.6796,1
308.1159,308.1165,308.1842,68.3281,1
308.2906,308.2910,308.3568,66.1510,1
308.4210,308.4213,308.4890,68.0048,1
308.4619,308.4890,308.5791,117.1693,1
308.8098,308.8104,308.8788,69.0704,1
309.0556,309.0560,309.1185,62.9777,1
309.4306,309.4311,309.4944,63.8162,1
309.5827,309.5830,309.6489,66.1748,1
309.7084,309.7086,309.7745,66.0909,1
309.7277,309.7745,309.8633,135.6469,1
309.7868,309.8633,309.9484,161.6040,1
309.9339,309.9484,310.0340,100.1497,1
310.5083,310.5092,310.5766,68.2740,1
310.8871,310.8877,310.9535,66.4249,1
311.5168,311.5177,311.5845,67.7309,1
311.5798,311.5846,311.6740,94.1261,1
312.0142,312.0148,312.0764,62.1815,1
312.2483,312.2488,312.3120,63.6827,1
312.5313,312.5316,312.5932,61.9485,1
312.5797,312.5933,312.6849,105.1594,1
312.9977,312.9983,313.0643,66.6124,1
313.0387,313.0643,313.1536,114.8701,1
313.2322,313.2325,313.3006,68.4274,1
313.2805,313.3006,313.3904,109.8810,1
314.0392,314.0403,314.1082,68.9785,1
314.2300,314.2305,314.2925,62.5234,1
314.2795,314.2925,314.3818,102.2902,1
314.5827,314.5833,314.6501,67.4353,1
315.3257,315.3267,315.3922,66.4831,1
315.5055,315.5059,315.5733,67.8585,1
315.5514,315.5733,315.6621,110.7359,1
316.7627,316.7641,316.8269,64.2654,1
316.8238,316.8270,316.9160,92.1917,1
317.0014,317.0018,317.0688,67.3775,1
318.2425,318.2439,318.3087,66.2545,1
318.3194,318.3197,318.3974,78.0088,1
318.6131,318.6137,318.6793,66.1416,1
319.1024,319.1032,319.1701,67.6228,1
319.5614,319.5622,319.6265,65.1466,1
319.7265,319.7268,319.7932,66.7145,1
319.7504,319.7932,319.8809,130.5180,1
319.7658,319.8809,319.9643,198.5220,1
319.9041,319.9643,320.0483,144.2404,1
320.3258,320.3264,320.3936,67.8104,1
320.4702,320.4706,320.5311,60.9092,1
320.8814,320.8819,320.9474,66.0262,1
321.0380,321.0383,321.1017,63.6835,1
321.4555,321.4560,321.5178,62.2792,1
321.7640,321.7643,321.8278,63.8851,1
322.0824,322.0829,322.1482,65.7768,1
323.1433,323.1447,323.2059,62.5741,1
323.5927,323.5933,323.6597,66.9655,1
323.9501,323.9507,324.0153,65.2218,1
324.3724,324.3730,324.4335,61.0729,1
324.4791,324.4794,324.5418,62.7431,1
324.4888,324.5419,324.6293,140.4557,1
324.5061,324.6293,324.7129,206.7792,1
324.5564,324.7129,324.7968,240.4489,1
324.9226,324.9232,324.9869,64.3519,1
325.0068,325.0071,325.0802,73.4086,1
325.0762,325.0802,325.1643,88.0940,1
325.1399,325.1643,325.2471,107.1968,1
325.2336,325.2471,325.3310,97.4070,1
325.2366,325.3311,325.4150,178.3312,1
325.2678,325.4150,325.4989,231.1232,1
325.4029,325.4989,325.5828,179.9166,1
325.5193,325.5828,325.6667,147.4250,1
325.6652,325.6667,325.7538,88.6069,1
325.7839,325.7843,325.8600,76.0354,1
325.7969,325.8600,325.9567,159.7969,1
326.1724,326.1731,326.2335,61.0842,1
326.2128,326.2335,326.3229,110.1199,1
326.4518,326.4522,326.5175,65.7033,1
326.6052,326.6057,326.6726,67.3957,1
326.6076,326.6726,326.7600,152.3930,1
326.7382,326.7600,326.8435,105.3020,1
327.7497,327.7511,327.8117,61.9240,1
327.7879,327.8117,327.9019,114.0293,1
327.8504,327.9019,327.9850,134.6637,1
327.8831,327.9850,328.0690,185.8672,1
327.9338,328.0690,328.1529,219.0481,1
328.2898,328.2905,328.3524,62.5670,1
328.4112,328.4115,328.4769,65.7497,1
328.5678,328.5683,328.6267,58.9257,1
328.7989,328.7994,328.8660,67.1364,1
329.3240,329.3249,329.3860,61.9094,1
330.0151,330.0160,330.0814,66.3211,1
330.0435,330.0814,330.1688,125.2712,1
330.1461,330.1688,330.2510,104.9538,1
330.2768,330.2772,330.3461,69.2865,1
330.3812,330.3815,330.4489,67.7000,1
330.5310,330.5314,330.5945,63.5228,1
330.6451,330.6454,330.7067,61.5726,1
330.7477,330.7480,330.8148,67.1113,1
331.0163,331.0169,331.0818,65.5497,1
331.1425,331.1429,331.2084,65.8758,1
331.2191,331.2194,331.2959,76.7994,1
331.2919,331.2960,331.3805,88.5961,1
331.5485,331.5491,331.6148,66.2357,1
331.5827,331.6148,331.7040,121.3303,1
331.9330,331.9337,331.9998,66.8090,1
332.6241,332.6250,332.6902,66.1417,1
333.2684,333.2692,333.3326,64.2170,1
333.3472,333.3474,333.4238,76.6042,1
333.6049,333.6054,333.6720,67.1728,1
333.7656,333.7661,333.8254,59.7289,1
334.3212,334.3219,334.3893,68.1621,1
334.5864,334.5870,334.6538,67.3753,1
334.7355,334.7359,334.8011,65.6295,1
334.7899,334.8011,334.8889,99.0121,1
335.0660,335.0666,335.1303,64.2712,1
335.4401,335.4406,335.5014,61.3345,1
335.5967,335.5970,335.6638,67.0314,1
335.6892,335.6894,335.7588,69.6147,1
335.8021,335.8024,335.8695,67.3271,1
335.9915,335.9919,336.0573,65.7049,1
336.3969,336.3975,336.4614,64.4927,1
336.5861,336.5864,336.6496,63.5085,1
336.5922,336.6496,336.7386,146.4709,1
336.9429,336.9433,337.0100,67.1608,1
337.9799,337.9811,338.0472,67.3000,1
338.1054,338.1057,338.1663,60.9608,1
338.5783,338.5790,338.6429,64.5813,1
339.1547,339.1555,339.2212,66.4915,1
339.5953,339.5959,339.6615,66.1921,1
340.0403,340.0410,340.1012,60.8546,1
340.3661,340.3665,340.4250,58.9281,1
340.9110,340.9118,340.9748,63.8258,1
341.5563,341.5571,341.6194,63.0145,1
341.7330,341.7333,341.8000,66.9984,1
342.2587,342.2593,342.3227,63.9825,1
342.3670,342.3673,342.4291,62.0402,1
342.7069,342.7074,342.7721,65.2380,1
342.7337,342.7722,342.8602,126.5411,1
342.7743,342.8603,342.9421,167.8390,1
342.8877,342.9421,343.0244,136.7840,1
343.0642,343.0645,343.1280,63.7967,1
343.1048,343.1280,343.2162,111.4670,1
343.1340,343.2162,343.2985,164.5746,1
343.2145,343.2986,343.3809,166.3153,1
343.4432,343.4437,343.5030,59.7831,1
343.9463,343.9471,344.0107,64.4541,1
344.1822,344.1826,344.2423,60.1056,1
344.5234,344.5239,344.5849,61.4487,1
344.8451,344.8455,344.9072,62.0790,1
345.0008,345.0011,345.0658,65.0415,1
345.1025,345.1028,345.1690,66.4453,1
345.2022,345.2025,345.2686,66.3985,1
345.2764,345.2767,345.3561,79.6254,1
345.6571,345.6577,345.7208,63.6870,1
345.8849,345.8853,345.9468,61.8542,1
345.9021,345.9468,346.0362,134.0286,1
345.9147,346.0362,346.1177,202.9568,1
346.0577,346.1177,346.2000,142.3020,1
346.5299,346.5307,346.5969,66.9744,1
346.5552,346.5969,346.6827,127.5209,1
346.7194,346.7199,346.7838,64.3859,1
346.9926,346.9932,347.0606,67.9737,1
347.2599,347.2605,347.3234,63.4448,1
348.1400,348.1412,348.2011,61.1513,1
348.2944,348.2949,348.3594,64.9782,1
348.6182,348.6187,348.6818,63.6338,1
348.8071,348.8075,348.8722,65.1165,1
348.9481,348.9484,349.0106,62.5665,1
349.1558,349.1561,349.2177,61.9062,1
349.2027,349.2177,349.3048,102.0955,1
350.0039,350.0050,350.0682,64.3039,1
350.2396,350.2401,350.3000,60.4330,1
350.3174,350.3177,350.3913,73.8699,1
350.3479,350.3913,350.4742,126.3083,1
350.5050,350.5055,350.5742,69.1905,1
350.6581,350.6586,350.7173,59.2181,1
350.9858,350.9862,351.0513,65.4818,1
351.0120,351.0513,351.1383,126.3429,1
351.7666,351.7676,351.8283,61.7038,1
352.0164,352.0170,352.0823,65.8380,1
352.5249,352.5255,352.5897,64.8377,1
352.6360,352.6364,352.7015,65.4853,1
352.7331,352.7334,352.8005,67.3927,1
352.8420,352.8425,352.9080,65.9475,1
353.5066,353.5076,353.5749,68.3377,1
353.6271,353.6275,353.6940,66.8737,1
353.8596,353.8602,353.9235,63.8606,1
354.0186,354.0191,354.0799,61.3297,1
354.4414,354.4422,354.5059,64.4510,1
354.7826,354.7833,354.8438,61.2163,1
355.1142,355.1147,355.1785,64.2843,1
355.1837,355.1839,355.2645,80.8796,1
355.3340,355.3342,355.3982,64.1543,1
356.1854,356.1865,356.2507,65.2283,1
356.5798,356.5804,356.6456,65.7416,1
356.6975,356.6977,356.7574,59.9630,1
356.7141,356.7575,356.8451,130.9947,1
356.8507,356.8512,356.9283,77.5342,1
356.8611,356.9283,357.0111,149.9674,1
357.1466,357.1472,357.2084,61.8337,1
357.5227,357.5233,357.5884,65.7340,1
357.5850,357.5885,357.6753,90.3544,1
357.7964,357.7970,357.8625,66.0952,1
358.4885,358.4894,358.5521,63.5704,1
358.9890,358.9898,359.0550,66.0449,1
359.8662,359.8674,359.9298,63.6131,1
359.9558,359.9560,360.0223,66.5144,1
360.3442,360.3448,360.4051,60.8992,1
361.5673,361.5689,361.6306,63.2504,1
361.7884,361.7889,361.8540,65.6333,1
361.8702,361.8704,361.9439,73.7679,1
361.9316,361.9440,362.0256,94.0138,1
362.3045,362.3052,362.3692,64.6502,1
362.6947,362.6954,362.7556,60.8393,1
362.9435,362.9441,363.0074,63.8861,1
363.1585,363.1590,363.2200,61.4543,1
363.4116,363.4120,363.4767,65.0901,1
363.6969,363.6973,363.7614,64.5896,1
364.1623,364.1631,364.2246,62.2920,1
364.2204,364.2246,364.3119,91.4684,1
364.2567,364.3119,364.3935,136.7275,1
364.4587,364.4592,364.5208,62.1414,1
364.9936,364.9945,365.0551,61.5190,1
365.2962,365.2967,365.3561,59.9157,1
365.3169,365.3561,365.4447,127.7872,1
365.3841,365.4447,365.5254,141.3086,1
365.5791,365.5797,365.6447,65.5719,1
366.1387,366.1395,366.1980,59.2854,1
366.1527,366.1980,366.2868,134.0578,1
366.1587,366.2868,366.3678,209.1128,1
366.6040,366.6047,366.6701,66.1228,1
366.8562,366.8568,366.9147,58.4862,1
366.9349,366.9352,367.0069,72.0188,1
367.0920,367.0925,367.1531,61.0604,1
367.3322,367.3326,367.3942,62.0940,1
367.5756,367.5761,367.6410,65.3740,1
367.8214,367.8218,367.8860,64.5818,1
367.9279,367.9283,367.9947,66.7821,1
369.3154,369.3170,369.3791,63.6791,1
369.4678,369.4683,369.5305,62.7329,1
369.5235,369.5305,369.6160,92.4519,1
369.6027,369.6160,369.6967,94.0484,1
369.8506,369.8511,369.9137,63.1547,1
370.0544,370.0549,370.1169,62.5197,1
370.1395,370.1399,370.2074,67.9024,1
370.1677,370.2074,370.2909,123.2872,1
370.4809,370.4815,370.5449,63.9782,1
370.4830,370.5449,370.6311,148.0541,1
370.5391,370.6311,370.7127,173.5671,1
370.5667,370.7127,370.7939,227.2312,1
370.6404,370.7939,370.8751,234.6569,1
370.6778,370.8751,370.9566,278.8260,1
371.0999,371.1007,371.1657,65.7618,1
371.3651,371.3657,371.4294,64.2732,1
371.5466,371.5470,371.6086,61.9970,1
371.8168,371.8174,371.8805,63.7654,1
371.9805,371.9810,372.0449,64.4062,1
372.2705,372.2711,372.3349,64.3607,1
372.3950,372.3954,372.4592,64.2051,1
372.6671,372.6676,372.7308,63.7824,1
372.9502,372.9507,373.0115,61.2758,1
373.0357,373.0359,373.1058,70.1022,1
373.0607,373.1058,373.1886,127.8558,1
373.1568,373.1886,373.2698,112.9861,1
373.1921,373.2698,373.3514,159.2848,1
373.4431,373.4435,373.5086,65.5692,1
373.6849,373.6854,373.7502,65.2988,1
374.8157,374.8172,374.8780,62.3560,1
374.9230,374.9235,374.9873,64.2125,1
374.9718,374.9873,375.0714,99.6582,1
375.3713,375.3719,375.4320,60.7434,1
376.0636,376.0645,376.1247,61.1384,1
376.1815,376.1817,376.2466,65.0938,1
376.4355,376.4359,376.4987,63.2227,1
376.5881,376.5884,376.6536,65.5315,1
376.9577,376.9583,377.0204,62.6863,1
377.0835,377.0838,377.1462,62.6993,1
377.1250,377.1462,377.2319,106.8801,1
377.2079,377.2319,377.3124,104.4709,1
377.4192,377.4196,377.4841,64.9262,1
377.6472,377.6475,377.7053,58.1157,1
377.8186,377.8188,377.8820,63.3529,1
377.8579,377.8820,377.9680,110.0636,1
377.8765,377.9680,378.0487,172.1130,1
379.6759,379.6778,379.7412,65.3520,1
380.3395,380.3403,380.4006,61.0294,1
380.5666,380.5670,380.6305,63.8904,1
380.5933,380.6305,380.7165,123.1485,1
380.8609,380.8615,380.9243,63.4432,1
381.2267,381.2272,381.2908,64.1164,1
381.5668,381.5674,381.6283,61.4660,1
381.5925,381.6283,381.7141,121.6424,1
381.6090,381.7141,381.7945,185.5056,1
381.7581,381.7945,381.8756,117.4910,1
381.9339,381.9344,381.9951,61.1954,1
382.1549,382.1554,382.2154,60.4852,1
382.4681,382.4685,382.5322,64.1581,1
383.1208,383.1215,383.1842,63.3831,1
384.1547,384.1559,384.2150,60.2911,1
384.3253,384.3256,384.3898,64.5338,1
384.7598,384.7604,384.8217,61.8049,1
385.9913,385.9928,386.0523,60.9866,1
386.0973,386.0974,386.1602,62.9273,1
386.2004,386.2007,386.2658,65.3878,1
386.3157,386.3159,386.3772,61.5293,1
386.7919,386.7927,386.8554,63.4625,1
386.8476,386.8554,386.9421,94.4528,1
387.3592,387.3601,387.4210,61.7274,1
387.4255,387.4258,387.5058,80.2814,1
387.5668,387.5673,387.6269,60.0951,1
387.5763,387.6270,387.7132,136.9258,1
388.0659,388.0665,388.1259,59.9771,1
388.0746,388.1259,388.2120,137.3496,1
388.3278,388.3284,388.3917,63.8401,1
388.9892,388.9902,389.0535,64.3244,1
389.0173,389.0536,389.1389,121.5507,1
389.3909,389.3915,389.4527,61.8625,1
389.4392,389.4528,389.5411,101.8462,1
389.5590,389.5595,389.6278,68.7914,1
390.2436,390.2445,390.3056,62.0331,1
390.7880,390.7888,390.8515,63.4722,1
390.8487,390.8515,390.9368,88.0364,1
391.2550,391.2557,391.3179,62.8669,1
392.0033,392.0042,392.0660,62.7664,1
392.0658,392.0661,392.1516,85.8121,1
392.1728,392.1731,392.2441,71.2762,1
392.7083,392.7090,392.7678,59.4665,1
392.7327,392.7678,392.8546,121.9781,1
393.0554,393.0558,393.1198,64.3960,1
393.0572,393.1198,393.2051,147.8350,1
393.1266,393.2051,393.2858,159.2685,1
393.2359,393.2858,393.3662,130.3286,1
393.5784,393.5789,393.6416,63.1851,1
393.7929,393.7933,393.8564,63.5387,1
394.0422,394.0428,394.1049,62.6437,1
394.0490,394.1049,394.1907,141.7952,1
394.0859,394.1908,394.2709,185.0749,1
394.2435,394.2710,394.3517,108.2273,1
394.3877,394.3881,394.4489,61.1679,1
394.4671,394.4675,394.5399,72.7444,1
394.6038,394.6043,394.6687,64.9146,1
394.7598,394.7603,394.8224,62.5492,1
395.3158,395.3166,395.3781,62.3629,1
395.5639,395.5645,395.6283,64.4467,1
396.0581,396.0589,396.1185,60.4310,1
396.2502,396.2507,396.3119,61.6778,1
396.3235,396.3239,396.3999,76.4460,1
396.3396,396.3999,396.4803,140.7419,1
396.5676,396.5682,396.6279,60.2484,1
397.3279,397.3290,397.3871,59.2154,1
397.4952,397.4957,397.5584,63.1722,1
397.5633,397.5636,397.6437,80.3879,1
397.7484,397.7489,397.8093,60.8406,1
398.0397,398.0402,398.0982,58.5484,1
398.0730,398.0982,398.1845,111.5760,1
398.1494,398.1845,398.2621,112.6444,1
398.2733,398.2737,398.3462,72.8512,1
398.3152,398.3462,398.4269,111.6946,1
398.5473,398.5477,398.6072,59.9424,1
398.6018,398.6072,398.6948,93.0100,1
398.6130,398.6948,398.7758,162.7807,1
398.6687,398.7758,398.8567,187.9476,1
398.7995,398.8567,398.9371,137.6097,1
398.9104,398.9371,399.0181,107.6459,1
399.2429,399.2435,399.3055,62.6395,1
399.5018,399.5022,399.5617,59.9336,1
399.7299,399.7305,399.7924,62.4659,1
399.7698,399.7924,399.8787,108.9312,1
399.9030,399.9033,399.9695,66.5097,1
400.1632,400.1638,400.2240,60.7324,1
400.1972,400.2240,400.3117,114.4483,1
400.3077,400.3117,400.3916,83.8800,1
400.4216,400.4219,400.4869,65.2876,1
400.8540,400.8546,400.9175,63.5246,1
400.9237,400.9238,401.0031,79.4064,1
400.9960,401.0031,401.0839,87.9173,1
401.4819,401.4826,401.5423,60.4440,1
401.6059,401.6062,401.6703,64.3790,1
401.9772,401.9777,402.0419,64.7187,1
402.0976,402.0978,402.1628,65.1817,1
402.5682,402.5688,402.6296,61.3785,1
402.5761,402.6296,402.7162,140.0421,1
402.6547,402.7162,402.7958,141.1048,1
402.8946,402.8952,402.9589,64.2635,1
403.1510,403.1515,403.2115,60.4874,1
403.1807,403.2115,403.2962,115.5456,1
403.6962,403.6969,403.7572,61.0212,1
403.9795,403.9801,404.0432,63.6790,1
404.0736,404.0740,404.1427,69.0945,1
404.1761,404.1765,404.2429,66.8098,1
404.6896,404.6904,404.7535,63.8868,1
404.7444,404.7535,404.8392,94.8765,1
404.7895,404.8392,404.9189,129.3152,1
404.8569,404.9189,404.9992,142.3055,1
404.9019,404.9992,405.0800,178.0336,1
404.9458,405.0800,405.1607,214.9239,1
404.9859,405.1608,405.2415,255.6156,1
405.1736,405.2415,405.3228,149.1489,1
405.1865,405.3228,405.4038,217.3619,1
405.4033,405.4038,405.4846,81.2480,1
405.4357,405.4846,405.5930,157.2332,1
405.5251,405.5930,405.6790,153.8679,1
405.6318,405.6790,405.7644,132.5446,1
405.7694,405.7697,405.8470,77.6157,1
405.8950,405.8955,405.9608,65.8037,1
405.9778,405.9781,406.0492,71.4504,1
406.0426,406.0492,406.1307,88.1362,1
406.1706,406.1710,406.2326,62.0134,1
406.5840,406.5845,406.6484,64.4439,1
406.5998,406.6484,406.7343,134.5023,1
406.6129,406.7343,406.8153,202.4673,1
406.6913,406.8154,406.8961,204.8135,1
406.7354,406.8961,406.9769,241.4586,1
406.8912,406.9769,407.0581,166.8537,1
406.9684,407.0581,407.1389,170.4882,1
407.1704,407.1708,407.2360,65.6470,1
407.1904,407.2361,407.3196,129.2433,1
407.3842,407.3847,407.4502,65.9970,1
407.4642,407.4645,407.5413,77.1700,1
407.5454,407.5458,407.6227,77.3017,1
408.0118,408.0125,408.0762,64.3310,1
408.0299,408.0762,408.1617,131.7756,1
408.1096,408.1617,408.2425,132.8274,1
408.4204,408.4209,408.4809,60.5047,1
408.4696,408.4809,408.5680,98.3996,1
408.4917,408.5680,408.6487,157.0034,1
408.5266,408.6488,408.7295,202.9737,1
408.6770,408.7296,408.8111,134.0826,1
408.8642,408.8647,408.9254,61.1855,1
409.2298,409.2303,409.2906,60.8009,1
409.2972,409.2973,409.3784,81.1574,1
409.5335,409.5339,409.5946,61.1308,1
409.8883,409.8889,409.9517,63.3511,1
409.9793,409.9795,410.0454,66.1746,1
410.1075,410.1077,410.1682,60.7184,1
410.3186,410.3189,410.3825,63.8827,1
410.3228,410.3825,410.4686,145.8888,1
410.3724,410.4687,410.5492,176.8469,1
410.4705,410.5493,410.6300,159.5192,1
410.6567,410.6571,410.7235,66.8261,1
410.6610,410.7235,410.8068,145.7823,1
411.0199,411.0205,411.0843,64.4165,1
411.1074,411.1077,411.1786,71.2302,1
411.2989,411.2992,411.3632,64.3402,1
411.3051,411.3632,411.4494,144.2935,1
411.3254,411.4494,411.5302,204.8284,1
411.3813,411.5302,411.6116,230.2866,1
411.5762,411.6116,411.6927,116.5539,1
411.8936,411.8942,411.9562,62.5206,1
411.9149,411.9562,412.0429,127.9457,1
411.9915,412.0429,412.1230,131.4996,1
411.9964,412.1230,412.2043,207.9325,1
412.1236,412.2043,412.2856,162.0211,1
412.1572,412.2857,412.3672,209.9255,1
412.2107,412.3672,412.4483,237.5904,1
412.2880,412.4483,412.5301,242.1151,1
412.4367,412.5301,412.6116,174.8468,1
412.7093,412.7099,412.7744,65.0840,1
412.7494,412.7744,412.8598,110.3847,1
412.9924,412.9930,413.0556,63.1573,1
413.1151,413.1155,413.1796,64.5146,1
413.4943,413.4948,413.5579,63.5658,1
413.4950,413.5579,413.6439,148.9617,1
413.6602,413.6607,413.7323,72.1149,1
413.7031,413.7323,413.8152,112.0972,1
413.7052,413.8153,413.8965,191.2478,1
413.7109,413.8965,413.9780,267.0454,1
413.7304,413.9780,414.0596,329.1856,1
413.8626,414.0596,414.1407,278.1526,1
414.0371,414.1407,414.2224,185.2285,1
414.2060,414.2224,414.3043,98.2679,1
414.3169,414.3173,414.4154,98.5817,1
414.3886,414.4155,414.4988,110.1210,1
414.7288,414.7294,414.7910,62.2377,1
414.7550,414.7911,414.8774,122.4031,1
414.8947,414.8952,414.9644,69.6511,1
415.0310,415.0313,415.0914,60.3851,1
415.0715,415.0915,415.1780,106.4462,1
415.0931,415.1780,415.2588,165.7672,1
415.2513,415.2589,415.3412,89.8798,1
415.5701,415.5707,415.6348,64.7776,1
415.8600,415.8606,415.9226,62.6362,1
416.0367,416.0372,416.0989,62.1754,1
416.5833,416.5839,416.6442,60.9025,1
416.5920,416.6442,416.7311,139.1445,1
416.8406,416.8411,416.9025,61.8648,1
417.0158,417.0163,417.0816,65.7396,1
417.1235,417.1240,417.1846,61.0800,1
417.2552,417.2555,417.3177,62.4517,1
417.2600,417.3177,417.4036,143.5841,1
417.2759,417.4036,417.4843,208.4245,1
417.5089,417.5093,417.5767,67.8223,1
417.6517,417.6521,417.7162,64.4405,1
417.6874,417.7162,417.8022,114.7971,1
417.9216,417.9222,417.9852,63.5987,1
417.9533,417.9853,418.0722,118.9340,1
418.4418,418.4427,418.5022,60.3480,1
418.4483,418.5022,418.5890,140.6987,1
418.6126,418.6130,418.6810,68.4106,1
419.2283,419.2293,419.2898,61.4879,1
419.3927,419.3931,419.4556,62.8179,1
419.4961,419.4964,419.5610,64.8237,1
419.5342,419.5610,419.6460,111.8152,1
419.7284,419.7288,419.7927,64.2785,1
419.9542,419.9547,420.0163,62.1050,1
420.5514,420.5522,420.6116,60.1803,1
420.6258,420.6261,420.6993,73.4132,1
420.6821,420.6993,420.7809,98.8075,1
420.7932,420.7936,420.8666,73.4062,1
420.9261,420.9265,420.9898,63.7069,1
421.0176,421.0179,421.0828,65.1289,1
421.2017,421.2022,421.2624,60.7052,1
421.2632,421.2635,421.3501,86.8494,1
421.3068,421.3501,421.4305,123.6524,1
421.6253,421.6259,421.6884,63.1485,1
421.6348,421.6884,421.7743,139.4815,1
421.6998,421.7743,421.8544,154.5468,1
422.1401,422.1408,422.1990,58.9133,1
422.2733,422.2738,422.3378,64.4731,1
422.4800,422.4805,422.5400,60.0330,1
422.4851,422.5401,422.6276,142.5411,1
422.8301,422.8307,422.8936,63.4963,1
422.8350,422.8936,422.9798,144.7806,1
423.1854,423.1862,423.2522,66.7595,1
423.6853,423.6861,423.7512,65.8607,1
423.9276,423.9281,423.9882,60.6587,1
423.9385,423.9882,424.0749,136.3261,1
423.9510,424.0749,424.1556,204.6197,1
424.2878,424.2885,424.3531,65.2414,1
424.4289,424.4292,424.4915,62.6417,1
424.4821,424.4915,424.5775,95.4504,1
424.5045,424.5776,424.6585,153.9250,1
424.5418,424.6585,424.7399,198.0637,1
424.5943,424.7399,424.8216,227.2720,1
424.6726,424.8216,424.9025,229.9531,1
424.7953,424.9026,424.9841,188.7212,1
424.8076,424.9841,425.0656,257.9460,1
424.8829,425.0656,425.1471,264.2427,1
424.9263,425.1471,425.2333,307.0566,1
425.0137,425.2334,425.3445,330.7748,1
425.0277,425.3445,425.4308,403.1188,1
425.1306,425.4308,425.5160,385.3599,1
425.3185,425.5160,425.5990,280.5046,1
425.3292,425.5990,425.6813,352.1019,1
425.3836,425.6813,425.7636,380.0127,1
425.4803,425.7637,425.8460,365.6542,1
425.6419,425.8460,425.9280,286.0981,1
425.6756,425.9280,426.0099,334.2163,1
425.7250,426.0099,426.0930,368.0055,1
425.7623,426.0930,426.1791,416.8318,1
426.0496,426.1791,426.2769,227.2245,1
426.1556,426.2769,426.3671,211.5675,1
426.2858,426.3672,426.4549,169.1369,1
426.3557,426.4549,426.5403,184.6013,1
426.4864,426.5403,426.6243,137.8807,1
426.5618,426.6243,426.7067,144.9316,1
426.6117,426.7067,426.7894,177.7974,1
426.6317,426.7895,426.8718,240.0882,1
426.7788,426.8718,426.9545,175.6470,1
426.9933,426.9937,427.0586,65.3070,1
427.1992,427.1997,427.2634,64.2821,1
427.6432,427.6439,427.7047,61.5055,1
428.0467,428.0473,428.1107,64.0399,1
428.3255,428.3261,428.3892,63.6465,1
428.3275,428.3892,428.4758,148.3266,1
428.4303,428.4759,428.5575,127.2289,1
428.4759,428.5575,428.6395,163.6464,1
428.5570,428.6395,428.7211,164.0491,1
428.6943,428.7211,428.8034,109.1464,1
428.8542,428.8546,428.9176,63.4018,1
428.8881,428.9176,429.0039,115.7728,1
429.0425,429.0428,429.1052,62.6921,1
429.3797,429.3802,429.4420,62.3569,1
429.4623,429.4627,429.5363,74.0246,1
429.5870,429.5874,429.6524,65.4075,1
429.5886,429.6525,429.7375,148.8487,1
429.8094,429.8099,429.8745,65.0730,1
429.9705,429.9709,430.0310,60.4496,1
429.9962,430.0310,430.1185,122.2445,1
430.0628,430.1185,430.1997,136.9166,1
430.1216,430.1997,430.2813,159.6477,1
430.4318,430.4324,430.4950,63.1999,1
430.4395,430.4950,430.5816,142.1350,1
430.7106,430.7112,430.7761,65.5045,1
430.7897,430.7900,430.8632,73.4484,1
430.9603,430.9608,431.0248,64.4621,1
431.0262,431.0267,431.1120,85.7387,1
431.0458,431.1120,431.1940,148.2177,1
431.2219,431.2224,431.2912,69.2115,1
431.2868,431.2912,431.3755,88.6767,1
431.4971,431.4975,431.5570,59.9020,1
431.6637,431.6642,431.7276,63.8937,1
431.7081,431.7276,431.8148,106.6990,1
431.7297,431.8149,431.8964,166.7214,1
431.8277,431.8964,431.9781,150.3920,1
432.1626,432.1632,432.2267,64.0608,1
432.1986,432.2267,432.3135,114.8566,1
432.6355,432.6361,432.6989,63.3721,1
432.6637,432.6989,432.7854,121.6635,1
432.6760,432.7854,432.8680,192.0211,1
432.7390,432.8680,432.9503,211.2994,1
433.1270,433.1277,433.1901,63.0690,1
433.1581,433.1901,433.2770,118.8631,1
433.1816,433.2770,433.3591,177.4872,1
433.1887,433.3591,433.4408,252.0976,1
433.3030,433.4408,433.5225,219.5029,1
433.4620,433.5225,433.6048,142.8740,1
433.5352,433.6048,433.6871,151.9208,1
433.5501,433.6872,433.7695,219.3531,1
433.5649,433.7695,433.8518,286.9035,1
433.6012,433.8518,433.9348,333.5746,1
433.6095,433.9348,434.0490,439.5336,1
433.8004,434.0490,434.1347,334.2532,1
434.0144,434.1347,434.2207,206.3802,1
434.1216,434.2208,434.3054,183.8291,1
434.4873,434.4880,434.5522,64.9117,1
434.6876,434.6881,434.7480,60.4028,1
434.9853,434.9858,435.0497,64.3702,1
435.0318,435.0497,435.1364,104.5485,1
435.4262,435.4270,435.4858,59.5687,1
435.4512,435.4858,435.5729,121.7127,1
435.4915,435.5729,435.6541,162.6346,1
435.6181,435.6541,435.7364,118.3799,1
435.7099,435.7365,435.8188,108.8583,1
435.9217,435.9221,435.9829,61.1877,1
436.0183,436.0188,436.0843,65.9497,1
436.0448,436.0843,436.1698,125.0005,1
436.1107,436.1698,436.2518,141.0435,1
436.1440,436.2518,436.3341,190.1162,1
436.2123,436.3341,436.4164,204.0965,1
436.4179,436.4184,436.4983,80.4618,1
436.4708,436.4983,436.5808,110.0432,1
436.5814,436.5818,436.6630,81.5885,1
436.5961,436.6630,436.7455,149.4069,1
436.7500,436.7505,436.8519,101.8249,1
436.9998,437.0003,437.0660,66.2150,1
437.0598,437.0660,437.1527,92.8923,1
437.3883,437.3890,437.4488,60.4588,1
437.5007,437.5012,437.5677,66.9659,1
437.6713,437.6718,437.7321,60.7926,1
437.7536,437.7540,437.8262,72.5920,1
438.1961,438.1968,438.2576,61.5125,1
438.2398,438.2576,438.3466,106.7875,1
438.3513,438.3515,438.4298,78.5122,1
438.7508,438.7514,438.8151,64.2821,1
438.7895,438.8151,438.9015,112.0041,1
438.7918,438.9016,438.9834,191.6310,1
438.8685,438.9834,439.0658,197.2621,1
438.8939,439.0658,439.1481,254.2071,1
438.9557,439.1481,439.2304,274.7507,1
439.0989,439.2304,439.3128,213.8288,1
439.3166,439.3170,439.3948,78.1827,1
439.5313,439.5316,439.5912,59.9294,1
439.5516,439.5912,439.6790,127.3795,1
439.8373,439.8378,439.9007,63.4118,1
439.8797,439.9008,439.9892,109.5680,1
440.0580,440.0584,440.1210,62.9848,1
440.2071,440.2074,440.2687,61.5414,1
440.2626,440.2687,440.3551,92.4958,1
440.5412,440.5418,440.6041,62.9091,1
440.6680,440.6685,440.7323,64.2448,1
440.7777,440.7781,440.8428,65.0983,1
440.9298,440.9303,440.9908,60.9964,1
440.9786,440.9908,441.0785,99.9107,1
441.0114,441.0786,441.1602,148.8366,1
441.1598,441.1603,441.2427,82.9101,1
441.3727,441.3733,441.4332,60.4418,1
441.5326,441.5331,441.5959,63.3149,1
441.6077,441.6080,441.6845,76.7867,1
441.6410,441.6845,441.7673,126.3187,1
441.8009,441.8013,441.8662,65.3683,1
442.5634,442.5644,442.6255,62.1694,1
442.9040,442.9045,442.9695,65.4634,1
443.2435,443.2442,443.3073,63.7676,1
443.5361,443.5368,443.5975,61.3448,1
443.6724,443.6729,443.7382,65.7777,1
443.9428,443.9433,444.0045,61.7331,1
443.9734,444.0046,444.0922,118.7541,1
444.1145,444.1149,444.1826,68.1252,1
444.1634,444.1826,444.2666,103.1990,1
444.2267,444.2666,444.3489,122.2236,1
444.2277,444.3489,444.4312,203.5468,1
444.5286,444.5291,444.5899,61.2607,1
444.5616,444.5899,444.6779,116.3198,1
444.6856,444.6861,444.7639,78.2726,1
444.8970,444.8974,444.9613,64.3548,1
445.4150,445.4159,445.4790,64.0052,1
445.6556,445.6559,445.7204,64.8244,1
445.6677,445.7204,445.8073,139.6548,1
445.7039,445.8073,445.8889,185.0280,1
445.8200,445.8889,445.9709,150.8971,1
445.8385,445.9709,446.0533,214.7816,1
445.8828,446.0533,446.1356,252.7586,1
446.2939,446.2945,446.3576,63.7616,1
446.3624,446.3627,446.4450,82.6005,1
446.4021,446.4450,446.5272,125.0446,1
446.5116,446.5272,446.6095,97.8658,1
446.5782,446.6095,446.6918,113.5971,1
447.0377,447.0383,447.1023,64.6665,1
447.1439,447.1442,447.2065,62.5386,1
447.2137,447.2139,447.2922,78.4957,1
447.6396,447.6403,447.7038,64.1877,1
447.6715,447.7038,447.7899,118.4074,1
447.8954,447.8960,447.9583,62.9149,1
447.9041,447.9584,448.0461,141.9598,1
448.2525,448.2532,448.3140,61.5093,1
448.5059,448.5065,448.5667,60.7116,1
448.6607,448.6610,448.7244,63.7672,1
448.7022,448.7245,448.8105,108.2406,1
448.9800,448.9806,449.0456,65.6541,1
448.9916,449.0456,449.1311,139.5682,1
449.1232,449.1312,449.2128,89.6021,1
449.1688,449.2128,449.2951,126.2948,1
449.2035,449.2951,449.3774,173.9609,1
449.6043,449.6050,449.6701,65.8038,1
449.6695,449.6701,449.7563,86.8088,1
449.6881,449.7563,449.8378,149.6892,1
449.8108,449.8378,449.9196,108.7346,1
449.8287,449.9196,450.0019,173.1916,1
450.2018,450.2024,450.2667,64.8738,1
450.5983,450.5990,450.6644,66.0736,1
450.6757,450.6761,450.7513,75.6021,1
450.7054,450.7514,450.8332,127.7172,1
450.8668,450.8672,450.9341,67.2124,1
451.0466,451.0471,451.1095,62.8838,1
451.0876,451.1095,451.1975,109.9744,1
451.1318,451.1975,451.2790,147.1681,1
451.3003,451.3007,451.3711,70.8092,1
451.3573,451.3711,451.4544,97.1314,1
451.4746,451.4750,451.5452,70.6773,1
451.5247,451.5453,451.6301,105.4352,1
451.7847,451.7852,451.8474,62.7095,1
451.7885,451.8475,451.9346,146.1030,1
452.1317,452.1324,452.1938,62.0529,1
452.5698,452.5705,452.6312,61.3792,1
452.6087,452.6312,452.7200,111.2306,1
452.6634,452.7200,452.8018,138.3931,1
452.6973,452.8018,452.8841,186.8300,1
453.2827,453.2835,453.3442,61.4588,1
453.2938,453.3442,453.4312,137.4034,1
453.5115,453.5120,453.5755,64.0002,1
453.5645,453.5755,453.6630,98.5125,1
453.8550,453.8557,453.9205,65.4672,1
453.9663,453.9668,454.0303,63.9373,1
454.2061,454.2066,454.2715,65.3849,1
454.3528,454.3532,454.4175,64.7149,1
454.6511,454.6517,454.7151,63.9850,1
454.9828,454.9834,455.0466,63.7726,1
454.9962,455.0466,455.1334,137.2131,1
455.0630,455.1334,455.2153,152.2940,1
455.2074,455.2153,455.2971,89.7346,1
455.2323,455.2972,455.3795,147.1681,1
455.6159,455.6166,455.6817,65.8562,1
455.7149,455.7152,455.7821,67.2219,1
455.7246,455.7821,455.8665,141.9776,1
455.8178,455.8666,455.9486,130.7706,1
455.8785,455.9486,456.0309,152.3877,1
455.9037,456.0309,456.1133,209.5103,1
456.0689,456.1133,456.1956,126.7260,1
456.1116,456.1956,456.2779,166.3362,1
456.1739,456.2779,456.3602,186.3171,1
456.2269,456.3603,456.4428,215.8744,1
456.2499,456.4428,456.5450,295.1882,1
456.2767,456.5451,456.6429,366.2205,1
456.2787,456.6429,456.7285,449.8084,1
456.3024,456.7286,456.8131,510.7137,1
456.3038,456.8131,456.8971,593.2707,1
456.6971,456.8971,456.9807,283.5520,1
456.7812,456.9807,457.0638,282.6162,1
456.8909,457.0638,457.1462,255.2778,1
456.9407,457.1462,457.2289,288.1635,1
457.1244,457.2289,457.3114,186.9644,1
457.2809,457.3114,457.3997,118.7892,1
457.3042,457.3997,457.4923,188.0890,1
457.3467,457.4923,457.5864,239.6969,1
457.3699,457.5864,457.6755,305.6511,1
457.3729,457.6756,457.7630,390.1377,1
457.6464,457.7630,457.8485,202.0676,1
457.6740,457.8485,457.9324,258.4188,1
457.6769,457.9324,458.0164,339.4223,1
457.7317,458.0164,458.0995,367.8754,1
457.8340,458.0996,458.1819,347.9396,1
457.9108,458.1819,458.2660,355.2599,1
458.1000,458.2660,458.3534,253.3413,1
458.2397,458.3534,458.4438,204.1077,1
458.6851,458.6858,458.7522,67.1659,1
458.7419,458.7523,458.8396,97.6635,1
459.0092,459.0099,459.0708,61.5593,1
459.1619,459.1624,459.2268,64.9099,1
459.2629,459.2632,459.3290,66.1639,1
459.3890,459.3894,459.4561,67.0924,1
459.4066,459.4561,459.5430,136.3773,1
459.4324,459.5430,459.6250,192.6170,1
459.5185,459.6250,459.7074,188.8505,1
459.9100,459.9106,459.9742,64.2253,1
459.9162,459.9743,460.0627,146.5233,1
460.0474,460.0627,460.1445,97.1595,1
460.0742,460.1446,460.2265,152.3501,1
460.1408,460.2265,460.3089,168.0922,1
460.1446,460.3089,460.3912,246.5871,1
460.2024,460.3912,460.4735,271.1364,1
460.3979,460.4735,460.5559,157.9792,1
460.4806,460.5559,460.6386,158.0049,1
460.5083,460.6386,460.7226,214.3671,1
460.5815,460.7227,460.8372,255.7281,1
461.0936,461.0944,461.1579,64.2857,1
461.1946,461.1948,461.2636,68.9908,1
461.4121,461.4125,461.4750,62.8534,1
461.4531,461.4750,461.5634,110.3344,1
461.5516,461.5634,461.6458,94.1240,1
462.1458,462.1466,462.2105,64.7343,1
462.2402,462.2406,462.3071,66.9786,1
462.3657,462.3661,462.4268,61.0646,1
462.3887,462.4268,462.5156,126.9216,1
462.4806,462.5157,462.5975,116.9603,1
462.7027,462.7031,462.7661,63.4687,1
462.8712,462.8716,462.9356,64.4637,1
463.0314,463.0319,463.0934,62.0078,1
463.1317,463.1320,463.1956,63.9034,1
463.1914,463.1956,463.2818,90.3485,1
463.3075,463.3079,463.3759,68.4912,1
463.4309,463.4313,463.4920,61.1217,1
463.5276,463.5279,463.5905,62.8659,1
463.5481,463.5905,463.6772,129.1488,1
463.5653,463.6772,463.7600,194.6049,1
463.6484,463.7600,463.8423,193.9374,1
464.0945,464.0952,464.1624,67.8458,1
464.2599,464.2603,464.3262,66.2787,1
464.3152,464.3262,464.4134,98.1249,1
464.3641,464.4134,464.4956,131.4792,1
464.4807,464.4956,464.5783,97.5680,1
464.7878,464.7885,464.8501,62.2671,1
464.9663,464.9668,465.0327,66.3870,1
465.2132,465.2137,465.2762,63.0665,1
465.5852,465.5857,465.6497,64.4846,1
465.6225,465.6497,465.7379,115.3338,1
466.0232,466.0239,466.0852,62.0287,1
466.1381,466.1385,466.2036,65.4850,1
466.2456,466.2460,466.3121,66.5073,1
466.5037,466.5042,466.5693,65.6201,1
466.5037,466.5693,466.6560,152.2814,1
466.6084,466.6560,466.7379,129.4675,1
466.9289,466.9294,466.9922,63.3123,1
466.9502,466.9922,467.0803,130.0954,1
466.9780,467.0803,467.1626,184.6595,1
467.0340,467.1626,467.2451,211.1295,1
467.0389,467.2451,467.3278,288.8682,1
467.0430,467.3278,467.4104,367.4353,1
467.1603,467.4105,467.4931,332.7436,1
467.1906,467.4931,467.5755,384.8907,1
467.3247,467.5755,467.6582,333.5178,1
467.3667,467.6583,467.7425,375.7497,1
467.4927,467.7425,467.8586,365.9262,1
467.5381,467.8586,467.9453,407.2113,1
467.8630,467.9453,468.0312,168.2230,1
467.9600,468.0312,468.1153,155.2286,1
468.3586,468.3591,468.4229,64.3395,1
468.6182,468.6187,468.6819,63.6273,1
469.1116,469.1124,469.1738,62.2383,1
469.1169,469.1739,469.2614,144.5615,1
469.1237,469.2615,469.3435,219.7672,1
469.2588,469.3435,469.4258,167.0114,1
469.5417,469.5422,469.6012,59.5422,1
469.5868,469.6012,469.6916,104.8061,1
469.7603,469.7608,469.8235,63.2247,1
470.0095,470.0100,470.0708,61.3522,1
470.0897,470.0901,470.1643,74.5835,1
470.1055,470.1643,470.2475,142.0167,1
470.2101,470.2475,470.3301,119.9798,1
470.4623,470.4629,470.5272,64.8449,1
470.6036,470.6041,470.6637,60.0976,1
470.6593,470.6637,470.7533,94.0295,1
470.7072,470.7533,470.8359,128.6835,1
470.8208,470.8359,470.9186,97.8414,1
471.5382,471.5391,471.6029,64.6887,1
471.5668,471.6029,471.6899,123.1536,1
471.5810,471.6899,471.7721,191.1296,1
471.6377,471.7721,471.8544,216.7714,1
472.1954,472.1961,472.2599,64.5105,1
472.4134,472.4138,472.4771,63.6971,1
472.8295,472.8301,472.8934,63.8250,1
473.3127,473.3134,473.3742,61.5550,1
473.4632,473.4636,473.5234,60.2136,1
473.7788,473.7793,473.8454,66.5455,1
473.9224,473.9227,473.9856,63.1967,1
474.1286,474.1290,474.1932,64.5074,1
474.1471,474.1932,474.2807,133.5574,1
474.1576,474.2807,474.3625,204.9153,1
474.2017,474.3625,474.4446,242.8824,1
474.2087,474.4446,474.5269,318.2430,1
474.3582,474.5269,474.6092,251.0674,1
474.3663,474.6092,474.6916,325.2748,1
474.4106,474.6916,474.7739,363.2471,1
474.4887,474.7739,474.8566,367.9481,1
474.8417,474.8566,474.9395,97.7782,1
474.9053,474.9395,475.0536,148.2436,1
474.9990,475.0536,475.1420,142.9827,1
475.2267,475.2272,475.2905,63.7570,1
475.2703,475.2905,475.3786,108.3100,1
475.3606,475.3786,475.4613,100.6377,1
475.4573,475.4613,475.5440,86.6993,1
475.5494,475.5498,475.6272,77.8250,1
475.7462,475.7466,475.8107,64.4694,1
475.8374,475.8377,475.9058,68.3541,1
476.0044,476.0049,476.0687,64.3227,1
476.0112,476.0687,476.1568,145.5762,1
476.1467,476.1568,476.2391,92.3412,1
476.3933,476.3938,476.4593,66.0256,1
476.6485,476.6491,476.7152,66.6447,1
476.7308,476.7312,476.8041,73.2236,1
476.7380,476.8041,476.8874,149.3883,1
476.7920,476.8874,476.9700,178.0158,1
476.8926,476.9700,477.0524,159.8364,1
476.9219,477.0524,477.1347,212.8520,1
477.1064,477.1348,477.2171,110.7103,1
477.1204,477.2171,477.2998,179.3752,1
477.2542,477.2998,477.3824,128.2107,1
477.3984,477.3989,477.4711,72.7732,1
477.4106,477.4712,477.5798,169.2206,1
477.7757,477.7762,477.8419,66.1699,1
477.8844,477.8848,477.9479,63.5415,1
477.9885,477.9888,478.0563,67.7742,1
478.0520,478.0563,478.1422,90.2370,1
478.2126,478.2130,478.2761,63.5185,1
478.5002,478.5007,478.5604,60.2210,1
478.6179,478.6182,478.6821,64.1954,1
478.8627,478.8633,478.9284,65.6373,1
478.8814,478.9284,479.0165,135.0806,1
479.3685,479.3693,479.4356,67.0985,1
479.3760,479.4356,479.5226,146.6859,1
479.4012,479.5227,479.6052,204.0152,1
479.4411,479.6052,479.6871,246.0301,1
479.5424,479.6871,479.7695,227.0709,1
479.8507,479.8513,479.9171,66.4120,1
479.9195,479.9199,480.0036,84.1445,1
479.9239,480.0036,480.0862,162.2336,1
480.0504,480.0862,480.1685,118.1233,1
480.3323,480.3328,480.3972,64.8879,1
480.4032,480.4037,480.4826,79.4277,1
480.4979,480.4981,480.5705,72.6364,1
480.6059,480.6063,480.6700,64.1074,1
480.6594,480.6700,480.7575,98.1515,1
480.8921,480.8926,480.9578,65.7252,1
480.9325,480.9579,481.0458,113.3055,1
481.0827,481.0830,481.1486,65.8546,1
481.1713,481.1717,481.2425,71.1293,1
481.2346,481.2425,481.3269,92.2550,1
481.2814,481.3269,481.4092,127.8435,1
481.3258,481.4092,481.4920,166.1893,1
481.3549,481.4920,481.5746,219.7253,1
481.4127,481.5746,481.6574,244.7300,1
481.4602,481.6574,481.7459,285.7035,1
481.8608,481.8614,481.9277,66.8078,1
482.1148,482.1152,482.1767,61.9426,1
482.2613,482.2617,482.3255,64.2734,1
482.4172,482.4177,482.4796,62.4414,1
482.8988,482.8996,482.9635,64.6735,1
483.4847,483.4855,483.5478,63.1324,1
483.4860,483.5478,483.6348,148.7941,1
483.6070,483.6348,483.7170,110.0565,1
483.7937,483.7941,483.8580,64.2837,1
483.8748,483.8750,483.9474,72.5372,1
484.0099,484.0103,484.0749,64.9987,1
484.0734,484.0749,484.1610,87.6443,1
484.3873,484.3877,484.4521,64.8673,1
484.4023,484.4522,484.5381,135.7875,1
484.4084,484.5381,484.6204,212.0590,1
484.4858,484.6204,484.7023,216.5205,1
484.4936,484.7023,484.7853,291.6881,1
484.5215,484.7853,484.8684,346.8841,1
484.5353,484.8684,484.9508,415.4725,1
484.7239,484.9508,485.0335,309.6088,1
484.8661,485.0335,485.1158,249.7470,1
484.9645,485.1158,485.1995,234.9921,1
485.3070,485.3077,485.3688,61.7631,1
485.3324,485.3688,485.4579,125.4380,1
485.4797,485.4801,485.5514,71.6613,1
485.8604,485.8609,485.9265,66.0938,1
485.8890,485.9265,486.0147,125.6810,1
485.9807,486.0147,486.0973,116.5585,1
486.0512,486.0973,486.1798,128.6095,1
486.2813,486.2818,486.3477,66.4533,1
486.3069,486.3477,486.4358,128.8605,1
486.5938,486.5943,486.6559,62.0596,1
486.6350,486.6559,486.7437,108.7059,1
486.8286,486.8292,486.8910,62.3899,1
487.4022,487.4030,487.4636,61.3875,1
487.4776,487.4779,487.5565,78.8674,1
487.5456,487.5565,487.6391,93.5819,1
487.5784,487.6392,487.7215,143.0873,1
487.6087,487.7215,487.8040,195.3073,1
487.6851,487.8040,487.8868,201.6409,1
487.7495,487.8868,487.9699,220.3773,1
488.0576,488.0582,488.1194,61.8238,1
488.1735,488.1737,488.2376,64.0890,1
488.2474,488.2478,488.3243,76.9015,1
488.4265,488.4269,488.4910,64.4910,1
488.4331,488.4910,488.5778,144.7659,1
488.4470,488.5779,488.6611,214.1166,1
488.6080,488.6611,488.7436,135.6737,1
488.6252,488.7437,488.8268,201.5743,1
488.6963,488.8268,488.9095,213.2406,1
488.7348,488.9096,488.9932,258.3706,1
488.7794,488.9932,489.0767,297.2362,1
488.8343,489.0767,489.1591,324.7741,1
488.8825,489.1591,489.2441,361.5661,1
488.9119,489.2441,489.3595,447.5379,1
488.9234,489.3595,489.4485,525.1058,1
489.1353,489.4485,489.5347,399.3414,1
489.1674,489.5347,489.6190,451.5744,1
489.2303,489.6190,489.7029,472.5754,1
489.2378,489.7029,489.7868,549.0315,1
489.6012,489.7868,489.8707,269.5568,1
489.6953,489.8707,489.9539,258.6018,1
489.9294,489.9539,490.0378,108.4179,1
489.9334,490.0378,490.1217,188.3164,1
490.2688,490.2694,490.3368,67.9689,1
490.3610,490.3613,490.4334,72.4348,1
490.4392,490.4395,490.5191,79.8385,1
490.5914,490.5918,490.6573,65.9150,1
490.6860,490.6863,490.7570,71.0482,1
490.7660,490.7663,490.8423,76.3545,1
490.8612,490.8616,490.9345,73.2534,1
490.9758,490.9761,491.0397,63.9001,1
491.0004,491.0397,491.1262,125.8116,1
491.1693,491.1697,491.2377,68.3249,1
491.1851,491.2377,491.3233,138.2080,1
491.2712,491.3233,491.4062,134.9796,1
491.6762,491.6770,491.7422,65.9269,1
492.0099,492.0104,492.0714,61.5237,1
492.2299,492.2303,492.2924,62.5651,1
492.2700,492.2925,492.3813,111.2534,1
492.5982,492.5988,492.6629,64.7452,1
493.1026,493.1034,493.1697,67.1710,1
493.4733,493.4739,493.5397,66.3679,1
493.5421,493.5423,493.6239,81.8716,1
493.7229,493.7233,493.7887,65.8379,1
493.7271,493.7887,493.8768,149.6325,1
494.0275,494.0280,494.0911,63.6156,1
494.0832,494.0911,494.1785,95.3325,1
494.1244,494.1786,494.2609,136.5093,1
494.4765,494.4771,494.5420,65.5485,1
494.5924,494.5929,494.6583,65.9051,1
494.7441,494.7448,494.8111,66.9610,1
494.7532,494.8111,494.8978,144.5861,1
494.8776,494.8978,494.9801,102.5435,1
494.9268,494.9801,495.0627,135.8522,1
495.1286,495.1290,495.1938,65.1422,1
495.1414,495.1938,495.2812,139.7716,1
495.1646,495.2812,495.3637,199.1256,1
495.1734,495.3637,495.4477,274.2163,1
495.1821,495.4477,495.5316,349.5141,1
495.2964,495.5316,495.6187,322.3491,1
495.4919,495.6188,495.7070,215.1567,1
495.6335,495.7071,495.7902,156.7457,1
495.6609,495.7902,495.8734,212.5475,1
495.6630,495.8734,495.9582,295.2623,1
495.7463,495.9582,496.0675,321.1832,1
495.7769,496.0675,496.1548,377.8734,1
495.7798,496.1548,496.2407,460.8315,1
495.9209,496.2407,496.3255,404.5988,1
496.3969,496.3976,496.4623,65.4265,1
496.4136,496.4624,496.5509,137.3256,1
496.9482,496.9488,497.0104,62.2142,1
497.0021,497.0104,497.0983,96.2077,1
497.1095,497.1098,497.1835,74.0166,1
497.2031,497.2035,497.2764,73.3492,1
497.2206,497.2765,497.3615,140.8766,1
497.2258,497.3615,497.4454,219.5641,1
497.4313,497.4454,497.5293,97.9904,1
497.7050,497.7056,497.7708,65.7888,1
497.9273,497.9278,497.9879,60.5704,1
498.0245,498.0247,498.0921,67.5825,1
498.3228,498.3233,498.3875,64.7134,1
498.3637,498.3876,498.4754,111.6663,1
498.3989,498.4754,498.5583,159.4270,1
498.4346,498.5583,498.6411,206.4107,1
498.7496,498.7501,498.8166,66.9764,1
498.8632,498.8636,498.9313,68.1457,1
498.9834,498.9838,499.0479,64.4786,1
499.4036,499.4043,499.4650,61.4184,1
500.2488,500.2500,500.3153,66.4622,1
500.7347,500.7354,500.7952,60.5187,1
501.2520,501.2529,501.3152,63.2726,1
501.8436,501.8445,501.9104,66.8000,1
502.3882,502.3891,502.4546,66.4264,1
503.2155,503.2164,503.2795,64.0249,1
503.4124,503.4129,503.4720,59.6164,1
503.7130,503.7137,503.7770,63.9070,1
504.1008,504.1015,504.1624,61.5877,1
504.2282,504.2287,504.2934,65.1567,1
504.2820,504.2934,504.3804,98.3578,1
504.5543,504.5549,504.6208,66.4836,1
504.5592,504.6208,504.7081,148.9502,1
505.0505,505.0511,505.1122,61.6934,1
505.2208,505.2211,505.2867,65.9226,1
505.2300,505.2867,505.3737,143.7504,1
505.3477,505.3738,505.4558,108.1054,1
506.2648,506.2659,506.3274,62.5100,1
506.3711,506.3715,506.4344,63.2174,1
507.2491,507.2503,507.3162,67.1645,1
507.4680,507.4684,507.5334,65.4293,1
507.5910,507.5913,507.6512,60.2090,1
508.0223,508.0230,508.0843,61.9777,1
508.4760,508.4766,508.5423,66.3345,1
508.4936,508.5424,508.6289,135.2118,1
509.0094,509.0101,509.0728,63.4245,1
509.0933,509.0937,509.1659,72.6635,1
509.1854,509.1857,509.2554,69.9848,1
509.5311,509.5318,509.5967,65.6246,1
509.6926,509.6930,509.7560,63.3487,1
510.6651,510.6661,510.7279,62.7827,1
510.7280,510.7283,510.8152,87.1758,1
511.0159,511.0165,511.0790,63.1642,1
511.4336,511.4342,511.4986,64.9787,1
511.6278,511.6282,511.6926,64.7503,1
511.8624,511.8629,511.9280,65.5900,1
512.0228,512.0233,512.0847,61.8340,1
512.3998,512.4004,512.4634,63.6020,1
512.7729,512.7735,512.8356,62.6932,1
512.9801,512.9804,513.0461,66.0051,1
513.2028,513.2032,513.2658,63.0557,1
513.2307,513.2658,513.3525,121.8419,1
513.2750,513.3525,513.4344,159.4079,1
514.1785,514.1795,514.2448,66.2967,1
514.4161,514.4164,514.4793,63.2575,1
514.9257,514.9264,514.9905,64.8553,1
515.0071,515.0074,515.0795,72.3213,1
515.2308,515.2312,515.2910,60.2060,1
515.5618,515.5623,515.6256,63.7753,1
515.6343,515.6346,515.7116,77.2742,1
515.8289,515.8293,515.8888,59.8788,1
515.9840,515.9842,516.0466,62.6020,1
516.2319,516.2324,516.2949,62.9248,1
516.5304,516.5309,516.5959,65.5075,1
517.0308,517.0315,517.0959,65.0664,1
517.3375,517.3380,517.4024,64.9546,1
517.5968,517.5973,517.6592,62.4254,1
517.8589,517.8592,517.9219,62.9808,1
518.0599,518.0603,518.1225,62.6094,1
518.1543,518.1545,518.2224,68.1445,1
518.2812,518.2815,518.3469,65.7613,1
518.3154,518.3469,518.4318,116.4539,1
518.8568,518.8575,518.9203,63.5071,1
519.0262,519.0264,519.0903,64.1156,1
519.0476,519.0903,519.1758,128.2047,1
519.3235,519.3241,519.3884,64.9084,1
519.5037,519.5042,519.5639,60.1294,1
519.9243,519.9249,519.9890,64.7208,1
520.4019,520.4025,520.4657,63.8057,1
520.4763,520.4766,520.5522,75.8582,1
520.4934,520.5522,520.6348,141.4409,1
520.7272,520.7276,520.7927,65.4947,1
520.8842,520.8845,520.9495,65.2840,1
521.0145,521.0149,521.0758,61.2721,1
521.3414,521.3421,521.4070,65.6237,1
521.3782,521.4070,521.4938,115.6428,1
521.4931,521.4938,521.5752,82.1128,1
521.9095,521.9101,521.9724,62.9155,1
522.0661,522.0665,522.1309,64.7465,1
522.0712,522.1309,522.2172,145.9955,1
522.0771,522.2172,522.2983,221.2021,1
522.6449,522.6456,522.7076,62.6505,1
522.9434,522.9438,523.0086,65.2071,1
523.1707,523.1711,523.2338,63.0504,1
523.7094,523.7101,523.7712,61.7953,1
524.3501,524.3508,524.4112,61.1984,1
524.4798,524.4802,524.5449,65.0071,1
524.4806,524.5449,524.6294,148.7773,1
524.6760,524.6765,524.7430,67.0064,1
524.8786,524.8791,524.9397,61.1023,1
525.0774,525.0778,525.1415,64.1372,1
525.2240,525.2244,525.2886,64.6570,1
526.6947,526.6964,526.7592,64.5112,1
527.2681,527.2689,527.3296,61.4664,1
527.4810,527.4815,527.5461,65.1210,1
527.4899,527.5461,527.6323,142.3697,1
528.7827,528.7844,528.8468,64.0498,1
528.8788,528.8792,528.9432,64.3724,1
530.4976,530.4993,530.5607,63.1041,1
530.5388,530.5607,530.6465,107.6531,1
530.5516,530.6465,530.7268,175.2082,1
532.0465,532.0484,532.1090,62.4868,1
532.3606,532.3613,532.4209,60.2221,1
532.5404,532.5409,532.6045,64.0293,1
532.6161,532.6164,532.6901,73.9411,1
532.7291,532.7295,532.7942,65.1748,1
533.4767,533.4777,533.5375,60.7168,1
533.9170,533.9177,533.9813,64.2824,1
534.4643,534.4650,534.5246,60.2833,1
534.7879,534.7884,534.8515,63.5477,1
535.0067,535.0071,535.0673,60.5677,1
535.2123,535.2127,535.2759,63.6007,1
535.3908,535.3911,535.4547,63.9281,1
535.7099,535.7104,535.7705,60.6296,1
536.0950,536.0955,536.1537,58.7328,1
536.6189,536.6195,536.6831,64.2028,1
537.0366,537.0372,537.0997,63.1609,1
537.0713,537.0998,537.1852,113.9004,1
537.1687,537.1852,537.2656,96.9488,1
537.1826,537.2656,537.3460,163.3795,1
537.7384,537.7391,537.8032,64.7762,1
537.7843,537.8032,537.8887,104.4181,1
537.7962,537.8887,537.9667,170.5193,1
538.2835,538.2841,538.3468,63.3560,1
538.3587,538.3588,538.4347,76.0124,1
538.4308,538.4347,538.5159,85.0956,1
539.4575,539.4587,539.5226,65.1482,1
539.5171,539.5227,539.6076,90.4607,1
539.6386,539.6390,539.7031,64.5341,1
539.7809,539.7813,539.8398,58.8131,1
539.9399,539.9403,540.0027,62.8171,1
539.9538,540.0028,540.0891,135.3275,1
540.2406,540.2412,540.3053,64.7570,1
541.4705,541.4721,541.5345,63.9859,1
541.5461,541.5465,541.6204,74.3533,1
541.6705,541.6708,541.7332,62.6862,1
542.2275,542.2282,542.2924,64.9558,1
542.2536,542.2924,542.3774,123.8298,1
542.3529,542.3775,542.4583,105.3523,1
542.6964,542.6969,542.7579,61.5430,1
542.7226,542.7579,542.8427,120.1341,1
543.6761,543.6772,543.7372,61.0525,1
543.7636,543.7640,543.8329,69.3596,1
544.1361,544.1367,544.1975,61.3589,1
544.9288,544.9298,544.9939,65.1127,1
545.0301,545.0304,545.0974,67.2815,1
545.1175,545.1177,545.1864,68.9163,1
545.2613,545.2617,545.3219,60.5942,1
545.3692,545.3693,545.4368,67.6522,1
545.6230,545.6235,545.6875,64.4619,1
545.6251,545.6875,545.7740,148.9154,1
546.6287,546.6300,546.6938,65.1374,1
547.4748,547.4760,547.5346,59.8846,1
547.8678,547.8686,547.9313,63.4864,1
548.8173,548.8185,548.8811,63.8327,1
548.9677,548.9682,549.0302,62.5078,1
549.0911,549.0916,549.1531,62.0279,1
549.1973,549.1975,549.2593,62.0337,1
549.3742,549.3746,549.4387,64.4990,1
549.4546,549.4549,549.5268,72.2363,1
550.1218,550.1228,550.1855,63.6555,1
550.9333,550.9344,550.9973,64.0455,1
550.9689,550.9974,551.0818,112.8713,1
551.3941,551.3948,551.4534,59.3021,1
551.5895,551.5901,551.6496,60.0492,1
551.7859,551.7864,551.8480,62.0596,1
551.8020,551.8480,551.9327,130.7037,1
552.4235,552.4245,552.4864,62.8968,1
552.6776,552.6779,552.7358,58.2186,1
552.9234,552.9238,552.9849,61.4466,1
553.7658,553.7668,553.8293,63.5168,1
553.7813,553.8293,553.9138,132.4380,1
553.9806,553.9811,554.0423,61.6704,1
554.1570,554.1575,554.2171,60.1487,1
554.1818,554.2171,554.3042,122.4445,1
554.4589,554.4595,554.5213,62.3775,1
554.9705,554.9712,555.0303,59.8340,1
555.0383,555.0384,555.1153,77.0664,1
555.2145,555.2150,555.2765,62.0432,1
555.3873,555.3878,555.4484,61.0936,1
555.7822,555.7829,555.8426,60.4557,1
555.9550,555.9554,556.0181,63.0791,1
556.4287,556.4295,556.4908,62.0717,1
556.8834,556.8840,556.9459,62.5534,1
556.9161,556.9459,557.0312,115.0578,1
557.1576,557.1581,557.2210,63.3902,1
557.9905,557.9916,558.0497,59.1959,1
558.3219,558.3225,558.3851,63.1343,1
558.4808,558.4813,558.5400,59.2471,1
558.5465,558.5468,558.6258,79.2737,1
558.6486,558.6489,558.7161,67.5037,1
558.9402,558.9408,559.0009,60.7174,1
559.1541,559.1545,559.2178,63.7089,1
559.7774,559.7784,559.8392,61.7274,1
560.1861,560.1868,560.2490,62.8522,1
560.4466,560.4471,560.5085,61.8486,1
560.5323,560.5327,560.6001,67.7994,1
560.6212,560.6215,560.6901,68.9438,1
560.8527,560.8531,560.9143,61.5531,1
560.8546,560.9143,561.0005,145.9375,1
561.0188,561.0193,561.0911,72.2763,1
561.2607,561.2611,561.3254,64.7122,1
561.5557,561.5562,561.6152,59.4927,1
562.5286,562.5299,562.5898,61.1325,1
562.5509,562.5898,562.6763,125.3817,1
562.8529,562.8535,562.9173,64.3933,1
562.9823,562.9826,563.0459,63.5433,1
563.0667,563.0671,563.1372,70.4698,1
563.3679,563.3685,563.4298,61.8976,1
563.3723,563.4298,563.5166,144.3176,1
563.4177,563.5166,563.5984,180.7342,1
563.4523,563.5984,563.6798,227.5619,1
563.5276,563.6798,563.7621,234.4954,1
563.7644,563.7649,563.8451,80.7165,1
563.9032,563.9037,563.9658,62.5800,1
564.2210,564.2217,564.2841,63.0997,1
564.8775,564.8784,564.9380,60.5425,1
564.9426,564.9429,565.0251,82.5094,1
564.9752,565.0251,565.1066,131.3899,1
565.1780,565.1783,565.2409,62.8255,1
565.3073,565.3077,565.3694,62.0892,1
565.5095,565.5100,565.5690,59.5736,1
565.5125,565.5691,565.6579,145.3502,1
565.7733,565.7739,565.8366,63.3317,1
566.0104,566.0108,566.0703,59.9518,1
566.1979,566.1984,566.2596,61.6678,1
566.4718,566.4723,566.5359,64.1652,1
566.9077,566.9085,566.9726,64.8573,1
567.0182,567.0187,567.0803,62.1090,1
567.1160,567.1163,567.1797,63.7832,1
567.2217,567.2221,567.2866,64.8650,1
567.3183,567.3187,567.3864,68.0897,1
567.3357,567.3865,567.4703,134.6629,1
567.8153,567.8161,567.8800,64.7946,1
567.9865,567.9869,568.0454,58.9293,1
568.4463,568.4470,568.5096,63.3553,1
568.4840,568.5096,568.5971,113.0524,1
568.7159,568.7165,568.7771,61.2057,1
568.7469,568.7772,568.8655,118.5586,1
568.7622,568.8655,568.9466,184.3528,1
568.8840,568.9466,569.0289,144.8609,1
568.9757,569.0289,569.1112,135.5216,1
568.9931,569.1112,569.1935,200.4955,1
569.2134,569.2139,569.2860,72.6099,1
569.4496,569.4502,569.5128,63.1544,1
570.4234,570.4246,570.4891,65.6725,1
570.5604,570.5607,570.6254,65.0197,1
570.9054,570.9060,570.9701,64.6663,1
571.0462,571.0467,571.1112,65.0073,1
571.1724,571.1728,571.2364,63.9936,1
571.2092,571.2365,571.3230,113.7244,1
571.2703,571.3230,571.4047,134.4619,1
571.2851,571.4047,571.4863,201.2524,1
571.8144,571.8151,571.8796,65.1939,1
572.1005,572.1009,572.1630,62.4852,1
573.0246,573.0257,573.0894,64.8572,1
573.0418,573.0895,573.1762,134.3960,1
573.1239,573.1762,573.2572,133.3079,1
573.1700,573.2572,573.3385,168.4736,1
573.2217,573.3385,573.4210,199.3217,1
573.4323,573.4329,573.5059,73.5829,1
573.7712,573.7718,573.8337,62.5373,1
574.1152,574.1158,574.1789,63.7057,1
574.2231,574.2234,574.2877,64.6342,1
575.0657,575.0668,575.1289,63.2506,1
575.1430,575.1434,575.2154,72.4313,1
575.3247,575.3251,575.3857,60.9866,1
575.4483,575.4486,575.5133,65.0363,1
575.9106,575.9113,575.9710,60.4036,1
576.0646,576.0651,576.1299,65.2339,1
576.0885,576.1299,576.2162,127.6900,1
576.3727,576.3732,576.4342,61.4681,1
576.3980,576.4342,576.5231,125.0282,1
577.4287,577.4301,577.4907,62.0212,1
577.6051,577.6056,577.6675,62.4366,1
577.6627,577.6675,577.7543,91.5776,1
578.7926,578.7940,578.8533,60.7305,1
578.9227,578.9231,578.9851,62.4353,1
579.1612,579.1618,579.2263,65.1393,1
579.2156,579.2264,579.3124,96.7997,1
579.2687,579.3124,579.3934,124.6813,1
579.5628,579.5634,579.6291,66.3129,1
579.9222,579.9229,579.9825,60.2808,1
579.9552,579.9825,580.0700,114.7711,1
580.0473,580.0700,580.1516,104.3843,1
580.1489,580.1517,580.2334,84.5592,1
580.3497,580.3503,580.4145,64.8041,1
580.5369,580.5374,580.6027,65.7609,1
580.7990,580.7996,580.8647,65.7582,1
581.3396,581.3404,581.4044,64.8481,1
582.0304,582.0314,582.0914,61.0027,1
582.4635,582.4642,582.5260,62.5235,1
582.6740,582.6746,582.7347,60.6401,1
582.7829,582.7832,582.8457,62.8266,1
583.4692,583.4701,583.5298,60.5258,1
583.7451,583.7456,583.8095,64.4366,1
584.7103,584.7116,584.7752,64.9284,1
584.8050,584.8055,584.8716,66.5933,1
585.0504,585.0509,585.1112,60.8487,1
585.1940,585.1944,585.2551,61.1345,1
585.6020,585.6027,585.6635,61.5727,1
585.9257,585.9264,585.9876,61.9039,1
585.9908,585.9912,586.0719,81.1443,1
586.2389,586.2393,586.3001,61.2165,1
586.4012,586.4016,586.4649,63.6133,1
586.5365,586.5369,586.6001,63.6805,1
586.6219,586.6223,586.6906,68.7278,1
587.9160,587.9177,587.9799,63.9347,1
588.2687,588.2693,588.3301,61.3245,1
589.2936,589.2947,589.3561,62.5083,1
589.9903,589.9912,590.0525,62.1345,1
590.1017,590.1020,590.1661,64.4478,1
590.8958,590.8967,590.9567,60.8343,1
591.0927,591.0931,591.1532,60.4769,1
591.9720,591.9730,592.0334,61.4042,1
592.0475,592.0477,592.1221,74.6881,1
592.6499,592.6508,592.7125,62.5553,1
592.7868,592.7872,592.8476,60.8262,1
592.8801,592.8804,592.9446,64.5782,1
592.9061,592.9447,593.0282,122.1475,1
593.6654,593.6665,593.7285,63.0900,1
593.8156,593.8160,593.8799,64.3585,1
593.9172,593.9177,593.9844,67.2026,1
594.1209,594.1214,594.1846,63.7808,1
594.1997,594.2001,594.2734,73.6902,1
594.9257,594.9268,594.9863,60.5992,1
594.9564,594.9863,595.0749,118.5455,1
594.9907,595.0749,595.1557,165.0565,1
595.0741,595.1557,595.2373,163.1213,1
595.1168,595.2373,595.3180,201.1987,1
595.1471,595.3180,595.3992,252.1509,1
596.5122,596.5139,596.5779,65.6833,1
596.5248,596.5779,596.6635,138.7774,1
597.0457,597.0464,597.1058,60.0639,1
597.0628,597.1058,597.1930,130.1716,1
597.0650,597.1930,597.2708,205.8511,1
597.4283,597.4288,597.4901,61.7294,1
597.6793,597.6798,597.7411,61.8028,1
597.7945,597.7948,597.8584,63.9210,1
597.9497,597.9501,598.0133,63.5407,1
598.4523,598.4531,598.5170,64.6962,1
598.6456,598.6461,598.7095,63.9157,1
598.6729,598.7095,598.7963,123.3590,1
598.8043,598.8047,598.8805,76.1804,1
598.8272,598.8806,598.9623,135.1467,1
599.1660,599.1667,599.2263,60.3278,1
599.1832,599.2263,599.3138,130.6453,1
599.4795,599.4801,599.5401,60.5738,1
599.6858,599.6864,599.7455,59.6392,1
