2026/10/02 14:32:35.056, 0, 22.26, 41, 0, 150.00, 210, 150.00, 0x0000000000000001
2026/10/02 14:32:35.266, 0, 22.26, 41, 0, 150.00, 210, 150.00, 0x0000000000000001
2026/10/02 14:32:35.466, 0, 22.26, 41, 0, 150.00, 210, 150.00, 0x0000000000000001
2026/10/02 14:32:35.667, 0, 22.26, 41, 0, 150.00, 210, 150.00, 0x0000000000000001
2026/10/02 14:32:35.868, 0, 22.26, 41, 0, 150.00, 210, 150.00, 0x0000000000000001
2026/10/02 14:32:36.069, 0, 22.26, 41, 0, 150.00, 210, 150.00, 0x0000000000000001
2026/10/02 14:32:36.270, 0, 22.26, 41, 0, 150.00, 210, 150.00, 0x0000000000000001
2026/10/02 14:32:36.480, 0, 25.47, 41, 0, 150.00, 1695, 150.00, 0x0000000000000000
2026/10/02 14:32:36.680, 0, 34.51, 42, 3, 150.00, 1695, 150.00, 0x0000000000000000
2026/10/02 14:32:36.881, 0, 37.95, 42, 0, 150.00, 1695, 150.00, 0x0000000000000000
2026/10/02 14:32:37.081, 0, 39.33, 42, 0, 150.00, 870, 150.00, 0x0000000000000000
2026/10/02 14:32:37.282, 0, 41.63, 43, 0, 150.00, 1680, 150.00, 0x0000000000000004
2026/10/02 14:32:37.482, 0, 61.09, 43, 0, 150.00, 1695, 150.00, 0x0000000000000004
2026/10/02 14:32:37.683, 0, 65.18, 44, 0, 150.00, 1620, 150.00, 0x0000000000000004
2026/10/02 14:32:37.884, 0, 80.17, 43, 46, 150.00, 1170, 150.00, 0x0000000000000004
2026/10/02 14:32:38.084, 0, 79.29, 44, 0, 150.00, 1680, 150.00, 0x0000000000000004
2026/10/02 14:32:38.285, 0, 91.79, 43, 61, 150.00, 825, 150.00, 0x0000000000000004
2026/10/02 14:32:38.486, 0, 92.03, 45, 0, 150.00, 1665, 150.00, 0x0000000000000004
2026/10/02 14:32:38.686, 0, 81.19, 44, 0, 150.00, 1680, 150.00, 0x0000000000000004
2026/10/02 14:32:38.886, 0, 81.64, 43, 0, 150.00, 1695, 150.00, 0x0000000000000000
2026/10/02 14:32:39.087, 0, 83.07, 43, 52, 150.00, 1065, 150.00, 0x0000000000000004
2026/10/02 14:32:39.288, 0, 80.49, 44, 0, 150.00, 1680, 150.00, 0x0000000000000004
2026/10/02 14:32:39.488, 0, 87.58, 44, 32, 150.00, 1680, 150.00, 0x0000000000000004
2026/10/02 14:32:39.689, 0, 89.86, 44, 0, 150.00, 1680, 150.00, 0x0000000000000004
2026/10/02 14:32:39.889, 0, 89.82, 44, 0, 150.00, 1680, 150.00, 0x0000000000000004
2026/10/02 14:32:40.090, 0, 87.09, 44, 0, 150.00, 1695, 150.00, 0x0000000000000000
2026/10/02 14:32:40.291, 0, 75.21, 44, 0, 150.00, 1695, 150.00, 0x0000000000000000
2026/10/02 14:32:40.491, 0, 91.63, 46, 25, 150.00, 1500, 150.00, 0x0000000000000004
2026/10/02 14:32:40.692, 0, 75.32, 44, 0, 150.00, 1680, 150.00, 0x0000000000000004
2026/10/02 14:32:40.893, 0, 75.37, 44, 0, 150.00, 1695, 150.00, 0x0000000000000000
2026/10/02 14:32:41.093, 0, 86.49, 44, 64, 150.00, 705, 150.00, 0x0000000000000004
2026/10/02 14:32:41.294, 0, 86.85, 45, 0, 150.00, 1665, 150.00, 0x0000000000000004
2026/10/02 14:32:41.495, 0, 70.78, 45, 58, 150.00, 660, 150.00, 0x0000000000000004
2026/10/02 14:32:41.695, 0, 81.10, 45, 76, 150.00, 675, 150.00, 0x0000000000000004
2026/10/02 14:32:41.896, 0, 89.94, 47, 38, 150.00, 1440, 150.00, 0x0000000000000004
2026/10/02 14:32:42.097, 0, 110.40, 47, 17, 150.00, 1605, 150.00, 0x0000000000000004
2026/10/02 14:32:42.297, 0, 100.51, 46, 0, 150.00, 1680, 150.00, 0x0000000000000004
2026/10/02 14:32:42.498, 0, 100.96, 46, 0, 150.00, 1650, 150.00, 0x0000000000000004
2026/10/02 14:32:42.698, 0, 97.78, 45, 0, 150.00, 1680, 150.00, 0x0000000000000004
2026/10/02 14:32:42.899, 0, 95.88, 47, 15, 150.00, 1560, 150.00, 0x0000000000000004
2026/10/02 14:32:43.100, 0, 85.77, 45, 0, 150.00, 1680, 150.00, 0x0000000000000004
2026/10/02 14:32:43.300, 0, 81.24, 45, 60, 150.00, 690, 150.00, 0x0000000000000004
2026/10/02 14:32:43.501, 0, 78.56, 45, 0, 150.00, 1680, 150.00, 0x0000000000000004
2026/10/02 14:32:43.701, 0, 80.59, 45, 0, 150.00, 1680, 150.00, 0x0000000000000004
2026/10/02 14:32:43.902, 0, 63.76, 45, 0, 150.00, 1695, 150.00, 0x0000000000000000
2026/10/02 14:32:44.103, 0, 82.82, 47, 100, 150.00, 870, 150.00, 0x0000000000000004
2026/10/02 14:32:44.303, 0, 99.85, 48, 100, 150.00, 855, 150.00, 0x0000000000000004
2026/10/02 14:32:44.504, 0, 99.08, 48, 0, 150.00, 1665, 150.00, 0x0000000000000004
2026/10/02 14:32:44.704, 0, 98.08, 47, 62, 150.00, 765, 150.00, 0x0000000000000004
2026/10/02 14:32:44.905, 0, 104.82, 48, 0, 150.00, 1635, 150.00, 0x0000000000000004
2026/10/02 14:32:45.106, 0, 89.96, 47, 53, 150.00, 1200, 150.00, 0x0000000000000004
2026/10/02 14:32:45.306, 0, 78.70, 46, 0, 150.00, 1680, 150.00, 0x0000000000000004
2026/10/02 14:32:45.507, 0, 69.79, 46, 0, 150.00, 1695, 150.00, 0x0000000000000000
2026/10/02 14:32:45.707, 0, 69.11, 47, 0, 150.00, 1650, 150.00, 0x0000000000000004
2026/10/02 14:32:45.908, 0, 65.33, 46, 0, 150.00, 1680, 150.00, 0x0000000000000004
2026/10/02 14:32:46.109, 0, 59.75, 46, 0, 150.00, 1695, 150.00, 0x0000000000000000
2026/10/02 14:32:46.309, 0, 78.40, 46, 42, 150.00, 1305, 150.00, 0x0000000000000004
2026/10/02 14:32:46.510, 0, 87.36, 48, 0, 150.00, 1650, 150.00, 0x0000000000000004
2026/10/02 14:32:46.710, 0, 83.87, 46, 0, 150.00, 1680, 150.00, 0x0000000000000004
2026/10/02 14:32:46.911, 0, 111.78, 48, 83, 150.00, 840, 150.00, 0x0000000000000004
2026/10/02 14:32:47.112, 0, 110.93, 47, 0, 150.00, 1680, 150.00, 0x0000000000000004
2026/10/02 14:32:47.312, 0, 122.53, 46, 29, 150.00, 1110, 150.00, 0x0000000000000004
2026/10/02 14:32:47.513, 0, 105.11, 48, 49, 150.00, 1470, 150.00, 0x0000000000000004
2026/10/02 14:32:47.714, 0, 120.50, 48, 0, 150.00, 1650, 150.00, 0x0000000000000004
2026/10/02 14:32:47.914, 0, 102.11, 47, 0, 150.00, 1680, 150.00, 0x0000000000000004
2026/10/02 14:32:48.115, 0, 106.55, 49, 86, 150.00, 1020, 150.00, 0x0000000000000004
2026/10/02 14:32:48.315, 0, 106.47, 47, 0, 150.00, 1680, 150.00, 0x0000000000000004
2026/10/02 14:32:48.516, 0, 98.14, 49, 26, 150.00, 1590, 150.00, 0x0000000000000004
2026/10/02 14:32:48.717, 0, 89.11, 47, 0, 150.00, 1680, 150.00, 0x0000000000000004
2026/10/02 14:32:48.917, 0, 103.34, 46, 58, 150.00, 690, 150.00, 0x0000000000000004
2026/10/02 14:32:49.118, 0, 87.66, 47, 0, 150.00, 1680, 150.00, 0x0000000000000004
2026/10/02 14:32:49.318, 0, 114.34, 48, 42, 150.00, 780, 150.00, 0x0000000000000004
2026/10/02 14:32:49.519, 0, 105.06, 48, 50, 150.00, 675, 150.00, 0x0000000000000004
2026/10/02 14:32:49.720, 0, 105.39, 47, 0, 150.00, 1680, 150.00, 0x0000000000000004
2026/10/02 14:32:49.920, 0, 119.65, 49, 15, 150.00, 1620, 150.00, 0x0000000000000004
2026/10/02 14:32:50.121, 0, 110.16, 47, 0, 150.00, 1680, 150.00, 0x0000000000000004
2026/10/02 14:32:50.321, 0, 125.71, 49, 85, 150.00, 840, 150.00, 0x0000000000000004
2026/10/02 14:32:50.522, 0, 111.82, 48, 0, 150.00, 1680, 150.00, 0x0000000000000004
2026/10/02 14:32:50.722, 0, 120.18, 47, 42, 150.00, 825, 150.00, 0x0000000000000004
2026/10/02 14:32:50.923, 0, 109.03, 50, 78, 150.00, 1170, 150.00, 0x0000000000000004
2026/10/02 14:32:51.123, 0, 114.32, 49, 0, 150.00, 1680, 150.00, 0x0000000000000004
2026/10/02 14:32:51.324, 0, 109.91, 48, 35, 150.00, 990, 150.00, 0x0000000000000004
2026/10/02 14:32:51.524, 0, 104.60, 48, 0, 150.00, 1680, 150.00, 0x0000000000000004
2026/10/02 14:32:51.725, 0, 101.14, 47, 59, 150.00, 1110, 150.00, 0x0000000000000004
2026/10/02 14:32:51.926, 0, 102.11, 50, 100, 150.00, 840, 150.00, 0x0000000000000004
2026/10/02 14:32:52.126, 0, 101.19, 48, 0, 150.00, 1680, 150.00, 0x0000000000000004
2026/10/02 14:32:52.327, 0, 117.01, 50, 100, 150.00, 855, 150.00, 0x0000000000000004
2026/10/02 14:32:52.527, 0, 99.98, 49, 0, 150.00, 1680, 150.00, 0x0000000000000004
2026/10/02 14:32:52.728, 0, 106.72, 50, 57, 150.00, 1440, 150.00, 0x0000000000000004
2026/10/02 14:32:52.929, 0, 90.03, 49, 0, 150.00, 1680, 150.00, 0x0000000000000004
2026/10/02 14:32:53.129, 0, 98.60, 48, 16, 150.00, 1620, 150.00, 0x0000000000000000
2026/10/02 14:32:53.330, 0, 86.63, 49, 0, 150.00, 1680, 150.00, 0x0000000000000004
2026/10/02 14:32:53.530, 0, 94.71, 50, 30, 150.00, 1575, 150.00, 0x0000000000000004
2026/10/02 14:32:53.731, 0, 103.26, 50, 26, 150.00, 1590, 150.00, 0x0000000000000004
2026/10/02 14:32:53.932, 0, 116.53, 50, 50, 150.00, 1455, 150.00, 0x0000000000000004
2026/10/02 14:32:54.132, 0, 102.67, 50, 0, 150.00, 1665, 150.00, 0x0000000000000004
2026/10/02 14:32:54.333, 0, 99.85, 48, 0, 150.00, 1680, 150.00, 0x0000000000000004
2026/10/02 14:32:54.533, 0, 83.65, 48, 0, 150.00, 1695, 150.00, 0x0000000000000000
2026/10/02 14:32:54.734, 0, 67.82, 48, 0, 150.00, 1695, 150.00, 0x0000000000000000
2026/10/02 14:32:54.935, 0, 75.84, 49, 100, 150.00, 840, 150.00, 0x0000000000000004
2026/10/02 14:32:55.135, 0, 84.39, 50, 7, 150.00, 1650, 150.00, 0x0000000000000004
2026/10/02 14:32:55.336, 0, 84.56, 49, 0, 150.00, 1680, 150.00, 0x0000000000000004
2026/10/02 14:32:55.536, 0, 84.65, 48, 0, 150.00, 1695, 150.00, 0x0000000000000000
2026/10/02 14:32:55.737, 0, 93.40, 50, 65, 150.00, 1365, 150.00, 0x0000000000000004
2026/10/02 14:32:55.938, 0, 82.97, 49, 0, 150.00, 1680, 150.00, 0x0000000000000004
2026/10/02 14:32:56.138, 0, 72.90, 50, 50, 150.00, 1455, 150.00, 0x0000000000000004
2026/10/02 14:32:56.339, 0, 73.20, 49, 0, 150.00, 1680, 150.00, 0x0000000000000004
2026/10/02 14:32:56.539, 0, 102.09, 50, 100, 150.00, 855, 150.00, 0x0000000000000004
2026/10/02 14:32:56.740, 0, 91.43, 49, 0, 150.00, 1680, 150.00, 0x0000000000000004
2026/10/02 14:32:56.941, 0, 94.52, 48, 58, 150.00, 1335, 150.00, 0x0000000000000004
2026/10/02 14:32:57.141, 0, 89.72, 49, 7, 150.00, 1680, 150.00, 0x0000000000000004
2026/10/02 14:32:57.342, 0, 92.53, 49, 0, 150.00, 1680, 150.00, 0x0000000000000004
2026/10/02 14:32:57.542, 0, 76.86, 50, 0, 150.00, 1665, 150.00, 0x0000000000000004
2026/10/02 14:32:57.743, 0, 68.82, 49, 0, 150.00, 1680, 150.00, 0x0000000000000004
2026/10/02 14:32:57.943, 0, 79.95, 50, 42, 150.00, 1500, 150.00, 0x0000000000000004
2026/10/02 14:32:58.144, 0, 80.75, 49, 0, 150.00, 1680, 150.00, 0x0000000000000004
2026/10/02 14:32:58.344, 0, 76.02, 48, 0, 150.00, 1695, 150.00, 0x0000000000000000
2026/10/02 14:32:58.545, 0, 75.76, 48, 59, 150.00, 795, 150.00, 0x0000000000000004
2026/10/02 14:32:58.746, 0, 75.73, 49, 0, 150.00, 1680, 150.00, 0x0000000000000004
2026/10/02 14:32:58.946, 0, 63.60, 48, 0, 150.00, 1695, 150.00, 0x0000000000000004
2026/10/02 14:32:59.147, 0, 64.73, 48, 0, 150.00, 1695, 150.00, 0x0000000000000000
2026/10/02 14:32:59.348, 0, 80.04, 48, 46, 150.00, 735, 150.00, 0x0000000000000004
2026/10/02 14:32:59.548, 0, 77.76, 49, 0, 150.00, 1680, 150.00, 0x0000000000000004
2026/10/02 14:32:59.749, 0, 74.16, 48, 0, 150.00, 1680, 150.00, 0x0000000000000004
2026/10/02 14:32:59.949, 0, 82.56, 49, 47, 150.00, 1485, 150.00, 0x0000000000000004
2026/10/02 14:33:00.150, 0, 84.66, 49, 0, 150.00, 1680, 150.00, 0x0000000000000004
2026/10/02 14:33:00.350, 0, 106.36, 51, 100, 150.00, 840, 150.00, 0x0000000000000004
2026/10/02 14:33:00.551, 0, 92.84, 49, 0, 150.00, 1680, 150.00, 0x0000000000000004
2026/10/02 14:33:00.751, 0, 92.81, 49, 0, 150.00, 1680, 150.00, 0x0000000000000004
2026/10/02 14:33:00.952, 0, 83.53, 49, 0, 150.00, 1695, 150.00, 0x0000000000000000
2026/10/02 14:33:01.152, 0, 104.91, 48, 27, 150.00, 1125, 150.00, 0x0000000000000000
2026/10/02 14:33:01.353, 0, 77.68, 49, 0, 150.00, 1680, 150.00, 0x0000000000000004
2026/10/02 14:33:01.553, 0, 85.24, 51, 57, 150.00, 1455, 150.00, 0x0000000000000004
2026/10/02 14:33:01.754, 0, 101.56, 51, 18, 150.00, 1605, 150.00, 0x0000000000000004
2026/10/02 14:33:01.954, 0, 101.45, 49, 0, 150.00, 1680, 150.00, 0x0000000000000004
2026/10/02 14:33:02.155, 0, 97.80, 49, 3, 150.00, 1695, 150.00, 0x0000000000000000
2026/10/02 14:33:02.355, 0, 104.58, 51, 84, 150.00, 795, 150.00, 0x0000000000000004
2026/10/02 14:33:02.556, 0, 92.80, 50, 0, 150.00, 1680, 150.00, 0x0000000000000004
2026/10/02 14:33:02.757, 0, 93.66, 51, 34, 150.00, 1575, 150.00, 0x0000000000000004
2026/10/02 14:33:02.957, 0, 96.50, 50, 0, 150.00, 1680, 150.00, 0x0000000000000004
2026/10/02 14:33:03.158, 0, 124.81, 51, 79, 150.00, 750, 150.00, 0x0000000000000004
2026/10/02 14:33:03.358, 0, 110.93, 50, 0, 150.00, 1680, 150.00, 0x0000000000000004
2026/10/02 14:33:03.559, 0, 100.88, 49, 0, 150.00, 1680, 150.00, 0x0000000000000004
2026/10/02 14:33:03.760, 0, 90.89, 49, 7, 150.00, 1695, 150.00, 0x0000000000000000
2026/10/02 14:33:03.960, 0, 94.31, 50, 0, 150.00, 1680, 150.00, 0x0000000000000004
2026/10/02 14:33:04.160, 0, 76.14, 49, 0, 150.00, 1680, 150.00, 0x0000000000000004
2026/10/02 14:33:04.361, 0, 88.36, 51, 88, 150.00, 825, 150.00, 0x0000000000000004
2026/10/02 14:33:04.562, 0, 104.33, 51, 52, 150.00, 675, 150.00, 0x0000000000000004
2026/10/02 14:33:04.762, 0, 97.32, 50, 0, 150.00, 1680, 150.00, 0x0000000000000004
2026/10/02 14:33:04.963, 0, 95.14, 49, 0, 150.00, 1680, 150.00, 0x0000000000000004
2026/10/02 14:33:05.164, 0, 113.91, 51, 68, 150.00, 825, 150.00, 0x0000000000000004
2026/10/02 14:33:05.364, 0, 106.01, 52, 20, 150.00, 1605, 150.00, 0x0000000000000004
2026/10/02 14:33:05.565, 0, 101.75, 50, 0, 150.00, 1680, 150.00, 0x0000000000000004
2026/10/02 14:33:05.765, 0, 90.46, 50, 0, 150.00, 1695, 150.00, 0x0000000000000000
2026/10/02 14:33:05.966, 0, 90.62, 49, 0, 150.00, 1695, 150.00, 0x0000000000000000
2026/10/02 14:33:06.166, 0, 91.48, 51, 79, 150.00, 1125, 150.00, 0x0000000000000004
2026/10/02 14:33:06.367, 0, 83.68, 50, 50, 150.00, 630, 150.00, 0x0000000000000004
2026/10/02 14:33:06.568, 0, 90.80, 50, 60, 150.00, 720, 150.00, 0x0000000000000004
2026/10/02 14:33:06.768, 0, 102.82, 52, 51, 150.00, 1440, 150.00, 0x0000000000000004
2026/10/02 14:33:06.969, 0, 102.58, 50, 0, 150.00, 1680, 150.00, 0x0000000000000004
2026/10/02 14:33:07.169, 0, 99.63, 50, 56, 150.00, 675, 150.00, 0x0000000000000004
2026/10/02 14:33:07.370, 0, 101.69, 52, 2, 150.00, 1635, 150.00, 0x0000000000000004
2026/10/02 14:33:07.570, 0, 90.10, 50, 0, 150.00, 1680, 150.00, 0x0000000000000004
2026/10/02 14:33:07.771, 0, 73.61, 50, 0, 150.00, 1695, 150.00, 0x0000000000000000
2026/10/02 14:33:07.972, 0, 74.83, 50, 0, 150.00, 1680, 150.00, 0x0000000000000004
2026/10/02 14:33:08.172, 0, 73.45, 50, 0, 150.00, 1680, 150.00, 0x0000000000000004
2026/10/02 14:33:08.373, 0, 59.35, 49, 0, 150.00, 1695, 150.00, 0x0000000000000000
2026/10/02 14:33:08.573, 0, 59.82, 49, 0, 150.00, 1695, 150.00, 0x0000000000000000
2026/10/02 14:33:08.774, 0, 59.94, 49, 0, 150.00, 1695, 150.00, 0x0000000000000000
2026/10/02 14:33:08.974, 0, 67.49, 51, 56, 150.00, 1455, 150.00, 0x0000000000000004
2026/10/02 14:33:09.175, 0, 67.49, 51, 0, 150.00, 1680, 150.00, 0x0000000000000004
2026/10/02 14:33:09.375, 0, 72.46, 50, 59, 150.00, 735, 150.00, 0x0000000000000004
2026/10/02 14:33:09.576, 0, 72.04, 50, 0, 150.00, 1680, 150.00, 0x0000000000000004
2026/10/02 14:33:09.776, 0, 87.95, 51, 44, 150.00, 765, 150.00, 0x0000000000000004
2026/10/02 14:33:09.977, 0, 84.91, 52, 49, 150.00, 1470, 150.00, 0x0000000000000004
2026/10/02 14:33:10.177, 0, 111.78, 53, 28, 150.00, 1155, 150.00, 0x0000000000000004
2026/10/02 14:33:10.378, 0, 128.26, 53, 100, 150.00, 855, 150.00, 0x0000000000000004
2026/10/02 14:33:10.579, 0, 138.62, 53, 42, 150.00, 1545, 150.00, 0x0000000000000004
2026/10/02 14:33:10.779, 0, 130.54, 51, 58, 150.00, 1260, 150.00, 0x0000000000000004
2026/10/02 14:33:10.980, 0, 129.27, 51, 46, 150.00, 675, 150.00, 0x0000000000000004
2026/10/02 14:33:11.180, 0, 127.78, 53, 90, 150.00, 870, 150.00, 0x0000000000000004
2026/10/02 14:33:11.381, 0, 119.30, 54, 19, 150.00, 1605, 150.00, 0x0000000000000004
2026/10/02 14:33:11.581, 0, 102.63, 51, 0, 150.00, 1680, 150.00, 0x0000000000000004
2026/10/02 14:33:11.782, 0, 103.67, 51, 0, 150.00, 1695, 150.00, 0x0000000000000000
2026/10/02 14:33:11.983, 0, 120.97, 52, 62, 150.00, 780, 150.00, 0x0000000000000004
2026/10/02 14:33:12.183, 0, 96.40, 51, 0, 150.00, 1680, 150.00, 0x0000000000000004
2026/10/02 14:33:12.383, 0, 77.02, 51, 0, 150.00, 1680, 150.00, 0x0000000000000004
2026/10/02 14:33:12.584, 0, 77.67, 50, 0, 150.00, 1695, 150.00, 0x0000000000000000
2026/10/02 14:33:12.784, 0, 95.38, 51, 27, 150.00, 1125, 150.00, 0x0000000000000004
2026/10/02 14:33:12.985, 0, 91.14, 51, 60, 150.00, 720, 150.00, 0x0000000000000004
2026/10/02 14:33:13.186, 0, 99.96, 53, 16, 150.00, 1620, 150.00, 0x0000000000000004
2026/10/02 14:33:13.386, 0, 96.46, 51, 0, 150.00, 1680, 150.00, 0x0000000000000004
2026/10/02 14:33:13.587, 0, 96.50, 51, 0, 150.00, 1695, 150.00, 0x0000000000000000
2026/10/02 14:33:13.787, 0, 97.44, 51, 0, 150.00, 1695, 150.00, 0x0000000000000000
2026/10/02 14:33:13.988, 0, 82.78, 50, 0, 150.00, 1695, 150.00, 0x0000000000000000
2026/10/02 14:33:14.190, 0, 77.15, 51, 48, 150.00, 795, 150.00, 0x0000000000000004
2026/10/02 14:33:14.390, 0, 85.70, 53, 100, 150.00, 1590, 150.00, 0x0000000000000004
2026/10/02 14:33:14.591, 0, 87.77, 52, 4, 150.00, 1440, 150.00, 0x0000000000000004
2026/10/02 14:33:14.791, 0, 101.88, 51, 0, 150.00, 1500, 150.00, 0x0000000000000004
2026/10/02 14:33:14.992, 0, 91.93, 51, 40, 150.00, 1680, 150.00, 0x0000000000000004
2026/10/02 14:33:15.193, 0, 93.71, 52, 60, 150.00, 1665, 150.00, 0x0000000000000004
2026/10/02 14:33:15.393, 0, 89.80, 53, 50, 150.00, 1635, 150.00, 0x0000000000000004
2026/10/02 14:33:15.594, 0, 103.44, 53, 33, 150.00, 1590, 150.00, 0x0000000000000004
2026/10/02 14:33:15.794, 0, 99.28, 51, 0, 150.00, 705, 150.00, 0x0000000000000004
2026/10/02 14:33:15.995, 0, 96.47, 51, 0, 150.00, 1680, 150.00, 0x0000000000000004
2026/10/02 14:33:16.196, 0, 117.38, 53, 38, 150.00, 855, 150.00, 0x0000000000000004
2026/10/02 14:33:16.396, 0, 120.16, 54, 38, 150.00, 1605, 150.00, 0x0000000000000004
2026/10/02 14:33:16.597, 0, 104.11, 51, 0, 150.00, 1680, 150.00, 0x0000000000000004
2026/10/02 14:33:16.798, 0, 112.76, 52, 58, 150.00, 1650, 150.00, 0x0000000000000004
2026/10/02 14:33:16.998, 0, 108.65, 51, 0, 150.00, 1680, 150.00, 0x0000000000000004
2026/10/02 14:33:17.199, 0, 102.95, 53, 27, 150.00, 1560, 150.00, 0x0000000000000004
2026/10/02 14:33:17.399, 0, 84.58, 51, 0, 150.00, 1680, 150.00, 0x0000000000000004
2026/10/02 14:33:17.600, 0, 86.45, 52, 57, 150.00, 1680, 150.00, 0x0000000000000004
2026/10/02 14:33:17.801, 0, 86.41, 53, 55, 150.00, 1635, 150.00, 0x0000000000000004
2026/10/02 14:33:18.001, 0, 86.65, 51, 0, 150.00, 1680, 150.00, 0x0000000000000004
2026/10/02 14:33:18.202, 0, 70.71, 51, 0, 150.00, 1695, 150.00, 0x0000000000000000
2026/10/02 14:33:18.402, 0, 71.72, 51, 0, 150.00, 1695, 150.00, 0x0000000000000000
2026/10/02 14:33:18.603, 0, 71.86, 51, 0, 150.00, 1695, 150.00, 0x0000000000000000
2026/10/02 14:33:18.803, 0, 60.08, 52, 59, 150.00, 1680, 150.00, 0x0000000000000004
2026/10/02 14:33:19.004, 0, 60.47, 51, 0, 150.00, 1680, 150.00, 0x0000000000000004
2026/10/02 14:33:19.205, 0, 60.56, 51, 0, 150.00, 1695, 150.00, 0x0000000000000000
2026/10/02 14:33:19.405, 0, 60.58, 51, 0, 150.00, 1695, 150.00, 0x0000000000000000
2026/10/02 14:33:19.606, 0, 77.24, 52, 58, 150.00, 1260, 150.00, 0x0000000000000004
2026/10/02 14:33:19.806, 0, 75.74, 52, 37, 150.00, 1680, 150.00, 0x0000000000000004
2026/10/02 14:33:20.007, 0, 91.75, 53, 20, 150.00, 1530, 150.00, 0x0000000000000004
2026/10/02 14:33:20.208, 0, 91.59, 51, 0, 150.00, 1680, 150.00, 0x0000000000000004
2026/10/02 14:33:20.408, 0, 104.13, 51, 0, 150.00, 660, 150.00, 0x0000000000000004
2026/10/02 14:33:20.609, 0, 100.60, 51, 4, 150.00, 1680, 150.00, 0x0000000000000004
2026/10/02 14:33:20.810, 0, 93.92, 52, 56, 150.00, 735, 150.00, 0x0000000000000004
2026/10/02 14:33:21.010, 0, 79.40, 52, 68, 150.00, 1680, 150.00, 0x0000000000000004
2026/10/02 14:33:21.211, 0, 96.35, 51, 0, 150.00, 1575, 150.00, 0x0000000000000004
2026/10/02 14:33:21.411, 0, 92.23, 52, 41, 150.00, 1680, 150.00, 0x0000000000000004
2026/10/02 14:33:21.612, 0, 81.07, 51, 0, 150.00, 1680, 150.00, 0x0000000000000004
2026/10/02 14:33:21.812, 0, 80.21, 51, 0, 150.00, 1695, 150.00, 0x0000000000000000
2026/10/02 14:33:22.013, 0, 87.35, 51, 0, 150.00, 690, 150.00, 0x0000000000000004
2026/10/02 14:33:22.214, 0, 86.91, 52, 14, 150.00, 1680, 150.00, 0x0000000000000004
2026/10/02 14:33:22.414, 0, 87.85, 53, 56, 150.00, 1635, 150.00, 0x0000000000000004
2026/10/02 14:33:22.615, 0, 102.82, 53, 22, 150.00, 1545, 150.00, 0x0000000000000004
2026/10/02 14:33:22.815, 0, 102.59, 51, 0, 150.00, 1680, 150.00, 0x0000000000000004
2026/10/02 14:33:23.016, 0, 112.55, 53, 44, 150.00, 1620, 150.00, 0x0000000000000004
2026/10/02 14:33:23.216, 0, 98.91, 51, 0, 150.00, 1680, 150.00, 0x0000000000000004
2026/10/02 14:33:23.417, 0, 88.28, 51, 0, 150.00, 1695, 150.00, 0x0000000000000000
2026/10/02 14:33:23.617, 0, 75.91, 52, 3, 150.00, 1410, 150.00, 0x0000000000000004
2026/10/02 14:33:23.818, 0, 74.52, 51, 0, 150.00, 1680, 150.00, 0x0000000000000004
2026/10/02 14:33:24.019, 0, 60.26, 51, 0, 150.00, 1695, 150.00, 0x0000000000000000
2026/10/02 14:33:24.219, 0, 60.88, 51, 0, 150.00, 1695, 150.00, 0x0000000000000000
2026/10/02 14:33:24.420, 0, 79.36, 51, 0, 150.00, 990, 150.00, 0x0000000000000000
2026/10/02 14:33:24.620, 0, 87.31, 53, 100, 150.00, 1035, 150.00, 0x0000000000000004
2026/10/02 14:33:24.821, 0, 101.91, 53, 5, 150.00, 1185, 150.00, 0x0000000000000004
2026/10/02 14:33:25.022, 0, 115.44, 54, 94, 150.00, 1605, 150.00, 0x0000000000000004
2026/10/02 14:33:25.222, 0, 115.41, 52, 0, 150.00, 1680, 150.00, 0x0000000000000004
2026/10/02 14:33:25.422, 0, 110.59, 52, 0, 150.00, 1695, 150.00, 0x0000000000000000
2026/10/02 14:33:25.623, 0, 101.32, 51, 0, 150.00, 870, 150.00, 0x0000000000000004
2026/10/02 14:33:25.824, 0, 95.17, 52, 17, 150.00, 1680, 150.00, 0x0000000000000004
2026/10/02 14:33:26.024, 0, 76.19, 51, 0, 150.00, 1680, 150.00, 0x0000000000000004
2026/10/02 14:33:26.225, 0, 85.89, 51, 0, 150.00, 1695, 150.00, 0x0000000000000000
2026/10/02 14:33:26.425, 0, 87.03, 52, 47, 150.00, 1680, 150.00, 0x0000000000000004
2026/10/02 14:33:26.626, 0, 95.47, 53, 15, 150.00, 1485, 150.00, 0x0000000000000004
2026/10/02 14:33:26.827, 0, 98.69, 54, 39, 150.00, 1605, 150.00, 0x0000000000000004
2026/10/02 14:33:27.027, 0, 95.34, 52, 0, 150.00, 1680, 150.00, 0x0000000000000004
2026/10/02 14:33:27.227, 0, 106.00, 53, 34, 150.00, 1605, 150.00, 0x0000000000000004
2026/10/02 14:33:27.428, 0, 122.43, 54, 23, 150.00, 1545, 150.00, 0x0000000000000004
2026/10/02 14:33:27.629, 0, 110.08, 54, 60, 150.00, 1650, 150.00, 0x0000000000000004
2026/10/02 14:33:27.829, 0, 95.57, 52, 0, 150.00, 1680, 150.00, 0x0000000000000004
2026/10/02 14:33:28.030, 0, 96.18, 52, 0, 150.00, 1695, 150.00, 0x0000000000000000
2026/10/02 14:33:28.230, 0, 78.82, 52, 58, 150.00, 1680, 150.00, 0x0000000000000004
2026/10/02 14:33:28.431, 0, 64.76, 52, 0, 150.00, 1680, 150.00, 0x0000000000000004
2026/10/02 14:33:28.632, 0, 74.38, 53, 43, 150.00, 1635, 150.00, 0x0000000000000004
2026/10/02 14:33:28.832, 0, 74.61, 52, 0, 150.00, 1680, 150.00, 0x0000000000000004
2026/10/02 14:33:29.033, 0, 74.93, 52, 1, 150.00, 1380, 150.00, 0x0000000000000004
2026/10/02 14:33:29.233, 0, 80.42, 52, 0, 150.00, 735, 150.00, 0x0000000000000004
2026/10/02 14:33:29.434, 0, 95.93, 54, 0, 150.00, 810, 150.00, 0x0000000000000004
2026/10/02 14:33:29.634, 0, 85.70, 54, 100, 150.00, 1665, 150.00, 0x0000000000000004
2026/10/02 14:33:29.835, 0, 101.46, 54, 50, 150.00, 1665, 150.00, 0x0000000000000004
2026/10/02 14:33:30.035, 0, 97.17, 53, 0, 150.00, 1500, 150.00, 0x0000000000000004
2026/10/02 14:33:30.236, 0, 98.06, 52, 0, 150.00, 1680, 150.00, 0x0000000000000004
2026/10/02 14:33:30.436, 0, 107.84, 54, 76, 150.00, 960, 150.00, 0x0000000000000004
2026/10/02 14:33:30.637, 0, 84.84, 53, 49, 150.00, 1680, 150.00, 0x0000000000000004
2026/10/02 14:33:30.838, 0, 72.47, 53, 0, 150.00, 1500, 150.00, 0x0000000000000004
2026/10/02 14:33:31.038, 0, 72.80, 52, 0, 150.00, 1680, 150.00, 0x0000000000000004
2026/10/02 14:33:31.239, 0, 73.68, 52, 0, 150.00, 1695, 150.00, 0x0000000000000000
2026/10/02 14:33:31.439, 0, 67.73, 52, 0, 150.00, 1695, 150.00, 0x0000000000000000
2026/10/02 14:33:31.640, 0, 76.72, 52, 24, 150.00, 1620, 150.00, 0x0000000000000004
2026/10/02 14:33:31.841, 0, 75.27, 52, 0, 150.00, 1680, 150.00, 0x0000000000000004
2026/10/02 14:33:32.041, 0, 76.44, 53, 1, 150.00, 1530, 150.00, 0x0000000000000004
2026/10/02 14:33:32.242, 0, 85.27, 52, 61, 150.00, 1665, 150.00, 0x0000000000000004
2026/10/02 14:33:32.442, 0, 85.12, 52, 0, 150.00, 1680, 150.00, 0x0000000000000004
2026/10/02 14:33:32.643, 0, 67.39, 53, 0, 150.00, 1470, 150.00, 0x0000000000000004
2026/10/02 14:33:32.844, 0, 69.03, 53, 3, 150.00, 1530, 150.00, 0x0000000000000004
2026/10/02 14:33:33.044, 0, 68.31, 52, 0, 150.00, 1680, 150.00, 0x0000000000000004
2026/10/02 14:33:33.245, 0, 74.11, 54, 0, 150.00, 855, 150.00, 0x0000000000000004
2026/10/02 14:33:33.446, 0, 89.31, 54, 6, 150.00, 735, 150.00, 0x0000000000000004
2026/10/02 14:33:33.646, 0, 98.94, 54, 72, 150.00, 1335, 150.00, 0x0000000000000004
2026/10/02 14:33:33.847, 0, 98.32, 53, 0, 150.00, 1680, 150.00, 0x0000000000000004
2026/10/02 14:33:34.047, 0, 119.29, 53, 28, 150.00, 1635, 150.00, 0x0000000000000004
2026/10/02 14:33:34.248, 0, 114.05, 52, 0, 150.00, 1680, 150.00, 0x0000000000000004
2026/10/02 14:33:34.448, 0, 101.86, 53, 0, 150.00, 1515, 150.00, 0x0000000000000004
2026/10/02 14:33:34.649, 0, 78.16, 52, 0, 150.00, 1680, 150.00, 0x0000000000000004
2026/10/02 14:33:34.849, 0, 94.04, 53, 31, 150.00, 1635, 150.00, 0x0000000000000004
2026/10/02 14:33:35.050, 0, 91.70, 54, 10, 150.00, 855, 150.00, 0x0000000000000004
2026/10/02 14:33:35.250, 0, 94.82, 53, 32, 150.00, 1680, 150.00, 0x0000000000000004
2026/10/02 14:33:35.451, 0, 91.87, 52, 0, 150.00, 1680, 150.00, 0x0000000000000004
2026/10/02 14:33:35.651, 0, 109.66, 54, 0, 150.00, 765, 150.00, 0x0000000000000004
2026/10/02 14:33:35.852, 0, 87.82, 53, 10, 150.00, 1515, 150.00, 0x0000000000000004
2026/10/02 14:33:36.053, 0, 80.78, 53, 60, 150.00, 1680, 150.00, 0x0000000000000004
2026/10/02 14:33:36.253, 0, 73.73, 52, 0, 150.00, 1680, 150.00, 0x0000000000000004
2026/10/02 14:33:36.454, 0, 73.84, 52, 0, 150.00, 1695, 150.00, 0x0000000000000000
2026/10/02 14:33:36.654, 0, 73.86, 52, 0, 150.00, 1695, 150.00, 0x0000000000000000
2026/10/02 14:33:36.855, 0, 62.04, 52, 0, 150.00, 1695, 150.00, 0x0000000000000000
2026/10/02 14:33:37.055, 0, 81.28, 52, 0, 150.00, 1695, 150.00, 0x0000000000000000
2026/10/02 14:33:37.256, 0, 86.90, 53, 100, 150.00, 1530, 150.00, 0x0000000000000004
2026/10/02 14:33:37.457, 0, 87.93, 54, 0, 150.00, 1380, 150.00, 0x0000000000000004
2026/10/02 14:33:37.657, 0, 87.63, 52, 0, 150.00, 1680, 150.00, 0x0000000000000004
2026/10/02 14:33:37.858, 0, 87.39, 52, 0, 150.00, 1695, 150.00, 0x0000000000000004
2026/10/02 14:33:38.059, 0, 83.30, 52, 0, 150.00, 1695, 150.00, 0x0000000000000000
2026/10/02 14:33:38.259, 0, 63.82, 53, 57, 150.00, 1680, 150.00, 0x0000000000000004
2026/10/02 14:33:38.460, 0, 74.71, 55, 59, 150.00, 870, 150.00, 0x0000000000000004
2026/10/02 14:33:38.660, 0, 83.07, 54, 100, 150.00, 1620, 150.00, 0x0000000000000004
2026/10/02 14:33:38.861, 0, 90.23, 54, 0, 150.00, 1035, 150.00, 0x0000000000000004
2026/10/02 14:33:39.062, 0, 91.77, 54, 48, 150.00, 1680, 150.00, 0x0000000000000004
2026/10/02 14:33:39.262, 0, 93.42, 54, 89, 150.00, 1575, 150.00, 0x0000000000000004
2026/10/02 14:33:39.463, 0, 90.64, 53, 0, 150.00, 1680, 150.00, 0x0000000000000004
2026/10/02 14:33:39.663, 0, 75.45, 53, 0, 150.00, 1695, 150.00, 0x0000000000000000
2026/10/02 14:33:39.864, 0, 76.43, 52, 0, 150.00, 1695, 150.00, 0x0000000000000000
2026/10/02 14:33:40.064, 0, 85.07, 53, 41, 150.00, 1650, 150.00, 0x0000000000000004
2026/10/02 14:33:40.265, 0, 75.92, 53, 0, 150.00, 1680, 150.00, 0x0000000000000004
2026/10/02 14:33:40.465, 0, 76.89, 52, 0, 150.00, 1695, 150.00, 0x0000000000000000
2026/10/02 14:33:40.666, 0, 78.63, 53, 60, 150.00, 1680, 150.00, 0x0000000000000004
2026/10/02 14:33:40.866, 0, 78.51, 52, 0, 150.00, 1680, 150.00, 0x0000000000000004
2026/10/02 14:33:41.067, 0, 61.88, 52, 0, 150.00, 1695, 150.00, 0x0000000000000000
2026/10/02 14:33:41.267, 0, 78.39, 54, 0, 150.00, 795, 150.00, 0x0000000000000000
2026/10/02 14:33:41.468, 0, 91.13, 54, 36, 150.00, 855, 150.00, 0x0000000000000004
2026/10/02 14:33:41.668, 0, 91.98, 54, 49, 150.00, 1560, 150.00, 0x0000000000000004
2026/10/02 14:33:41.869, 0, 115.26, 55, 57, 150.00, 825, 150.00, 0x0000000000000004
2026/10/02 14:33:42.069, 0, 114.34, 53, 63, 150.00, 1680, 150.00, 0x0000000000000004
2026/10/02 14:33:42.270, 0, 123.00, 54, 23, 150.00, 1620, 150.00, 0x0000000000000004
2026/10/02 14:33:42.470, 0, 109.59, 53, 0, 150.00, 1680, 150.00, 0x0000000000000004
2026/10/02 14:33:42.671, 0, 92.11, 53, 0, 150.00, 1695, 150.00, 0x0000000000000000
2026/10/02 14:33:42.871, 0, 92.72, 53, 59, 150.00, 1665, 150.00, 0x0000000000000004
2026/10/02 14:33:43.072, 0, 85.09, 53, 0, 150.00, 1680, 150.00, 0x0000000000000004
2026/10/02 14:33:43.272, 0, 70.82, 53, 0, 150.00, 1695, 150.00, 0x0000000000000000
2026/10/02 14:33:43.473, 0, 90.68, 54, 0, 150.00, 690, 150.00, 0x0000000000000000
2026/10/02 14:33:43.673, 0, 102.89, 54, 100, 150.00, 1320, 150.00, 0x0000000000000004
2026/10/02 14:33:43.874, 0, 100.46, 55, 0, 150.00, 825, 150.00, 0x0000000000000004
2026/10/02 14:33:44.075, 0, 99.48, 54, 59, 150.00, 1680, 150.00, 0x0000000000000004
2026/10/02 14:33:44.275, 0, 128.74, 55, 53, 150.00, 705, 150.00, 0x0000000000000004
2026/10/02 14:33:44.476, 0, 121.78, 53, 35, 150.00, 1680, 150.00, 0x0000000000000004
2026/10/02 14:33:44.676, 0, 97.16, 54, 0, 150.00, 1260, 150.00, 0x0000000000000004
2026/10/02 14:33:44.877, 0, 93.21, 54, 60, 150.00, 1680, 150.00, 0x0000000000000004
2026/10/02 14:33:45.078, 0, 97.01, 55, 0, 150.00, 1050, 150.00, 0x0000000000000004
2026/10/02 14:33:45.278, 0, 84.07, 53, 46, 150.00, 1680, 150.00, 0x0000000000000004
2026/10/02 14:33:45.479, 0, 70.10, 53, 0, 150.00, 1680, 150.00, 0x0000000000000004
2026/10/02 14:33:45.679, 0, 77.40, 55, 0, 150.00, 840, 150.00, 0x0000000000000004
2026/10/02 14:33:45.880, 0, 77.76, 54, 48, 150.00, 1440, 150.00, 0x0000000000000004
2026/10/02 14:33:46.080, 0, 66.97, 54, 59, 150.00, 1470, 150.00, 0x0000000000000004
2026/10/02 14:33:46.281, 0, 71.11, 55, 57, 150.00, 1200, 150.00, 0x0000000000000004
2026/10/02 14:33:46.481, 0, 70.01, 54, 56, 150.00, 1680, 150.00, 0x0000000000000004
2026/10/02 14:33:46.682, 0, 69.22, 53, 0, 150.00, 1680, 150.00, 0x0000000000000004
2026/10/02 14:33:46.882, 0, 66.48, 54, 7, 150.00, 1560, 150.00, 0x0000000000000004
2026/10/02 14:33:47.083, 0, 66.88, 53, 0, 150.00, 1680, 150.00, 0x0000000000000004
2026/10/02 14:33:47.283, 0, 81.39, 54, 21, 150.00, 1605, 150.00, 0x0000000000000004
2026/10/02 14:33:47.484, 0, 78.77, 53, 0, 150.00, 1680, 150.00, 0x0000000000000004
2026/10/02 14:33:47.685, 0, 93.73, 54, 17, 150.00, 1605, 150.00, 0x0000000000000004
2026/10/02 14:33:47.885, 0, 86.68, 53, 0, 150.00, 1680, 150.00, 0x0000000000000004
2026/10/02 14:33:48.086, 0, 95.06, 54, 73, 150.00, 1545, 150.00, 0x0000000000000004
2026/10/02 14:33:48.286, 0, 90.12, 55, 0, 150.00, 870, 150.00, 0x0000000000000004
2026/10/02 14:33:48.487, 0, 97.89, 55, 41, 150.00, 1170, 150.00, 0x0000000000000004
2026/10/02 14:33:48.688, 0, 93.20, 55, 0, 150.00, 870, 150.00, 0x0000000000000004
2026/10/02 14:33:48.888, 0, 93.78, 54, 4, 150.00, 1680, 150.00, 0x0000000000000004
2026/10/02 14:33:49.089, 0, 88.63, 53, 0, 150.00, 1695, 150.00, 0x0000000000000004
2026/10/02 14:33:49.289, 0, 89.66, 53, 0, 150.00, 1695, 150.00, 0x0000000000000000
2026/10/02 14:33:49.489, 0, 78.17, 53, 0, 150.00, 1695, 150.00, 0x0000000000000000
2026/10/02 14:33:49.690, 0, 74.05, 53, 0, 150.00, 1695, 150.00, 0x0000000000000000
2026/10/02 14:33:49.891, 0, 74.05, 53, 0, 150.00, 1695, 150.00, 0x0000000000000000
2026/10/02 14:33:50.091, 0, 74.05, 53, 0, 150.00, 1695, 150.00, 0x0000000000000000
2026/10/02 14:33:50.292, 0, 74.05, 53, 0, 150.00, 1695, 150.00, 0x0000000000000000
2026/10/02 14:33:50.492, 0, 129.49, 54, 100, 150.00, 1050, 150.00, 0x0000000000000004
2026/10/02 14:33:50.693, 0, 136.35, 55, 4, 150.00, 1500, 150.00, 0x0000000000000004
2026/10/02 14:33:50.894, 0, 118.88, 53, 0, 150.00, 1680, 150.00, 0x0000000000000004
2026/10/02 14:33:51.094, 0, 111.46, 53, 0, 150.00, 1695, 150.00, 0x0000000000000000
2026/10/02 14:33:51.295, 0, 100.33, 55, 32, 150.00, 675, 150.00, 0x0000000000000000
2026/10/02 14:33:51.496, 0, 96.03, 55, 87, 150.00, 1335, 150.00, 0x0000000000000004
2026/10/02 14:33:51.696, 0, 89.52, 54, 0, 150.00, 1680, 150.00, 0x0000000000000004
2026/10/02 14:33:51.897, 0, 92.79, 53, 0, 150.00, 1695, 150.00, 0x0000000000000004
2026/10/02 14:33:52.097, 0, 109.01, 55, 22, 150.00, 720, 150.00, 0x0000000000000000
2026/10/02 14:33:52.298, 0, 115.86, 54, 26, 150.00, 1650, 150.00, 0x0000000000000004
2026/10/02 14:33:52.498, 0, 91.03, 53, 0, 150.00, 1680, 150.00, 0x0000000000000004
2026/10/02 14:33:52.699, 0, 117.15, 55, 60, 150.00, 750, 150.00, 0x0000000000000004
2026/10/02 14:33:52.900, 0, 124.36, 54, 41, 150.00, 1605, 150.00, 0x0000000000000004
2026/10/02 14:33:53.100, 0, 113.45, 54, 59, 150.00, 1485, 150.00, 0x0000000000000004
2026/10/02 14:33:53.301, 0, 96.93, 54, 0, 150.00, 1680, 150.00, 0x0000000000000004
2026/10/02 14:33:53.501, 0, 97.72, 53, 0, 150.00, 1695, 150.00, 0x0000000000000000
2026/10/02 14:33:53.702, 0, 98.00, 55, 46, 150.00, 690, 150.00, 0x0000000000000004
2026/10/02 14:33:53.902, 0, 73.33, 53, 0, 150.00, 1680, 150.00, 0x0000000000000004
2026/10/02 14:33:54.103, 0, 87.60, 55, 65, 150.00, 900, 150.00, 0x0000000000000004
2026/10/02 14:33:54.304, 0, 87.37, 54, 0, 150.00, 1680, 150.00, 0x0000000000000004
2026/10/02 14:33:54.504, 0, 89.73, 53, 0, 150.00, 1680, 150.00, 0x0000000000000004
2026/10/02 14:33:54.705, 0, 87.34, 53, 0, 150.00, 1695, 150.00, 0x0000000000000000
2026/10/02 14:33:54.905, 0, 76.21, 54, 60, 150.00, 1440, 150.00, 0x0000000000000004
2026/10/02 14:33:55.106, 0, 69.50, 54, 2, 150.00, 1290, 150.00, 0x0000000000000004
2026/10/02 14:33:55.306, 0, 72.10, 55, 60, 150.00, 1020, 150.00, 0x0000000000000004
2026/10/02 14:33:55.507, 0, 71.60, 55, 60, 150.00, 1440, 150.00, 0x0000000000000004
2026/10/02 14:33:55.707, 0, 71.29, 54, 0, 150.00, 1680, 150.00, 0x0000000000000004
2026/10/02 14:33:55.908, 0, 76.94, 55, 61, 150.00, 1140, 150.00, 0x0000000000000004
2026/10/02 14:33:56.109, 0, 76.71, 54, 0, 150.00, 1680, 150.00, 0x0000000000000004
2026/10/02 14:33:56.309, 0, 76.73, 53, 0, 150.00, 1695, 150.00, 0x0000000000000004
2026/10/02 14:33:56.510, 0, 68.44, 53, 0, 150.00, 1695, 150.00, 0x0000000000000000
2026/10/02 14:33:56.710, 0, 68.86, 53, 0, 150.00, 1695, 150.00, 0x0000000000000000
2026/10/02 14:33:56.911, 0, 76.47, 54, 59, 150.00, 1170, 150.00, 0x0000000000000004
2026/10/02 14:33:57.112, 0, 69.31, 53, 0, 150.00, 1680, 150.00, 0x0000000000000004
2026/10/02 14:33:57.312, 0, 69.39, 53, 0, 150.00, 1695, 150.00, 0x0000000000000004
2026/10/02 14:33:57.513, 0, 71.96, 54, 0, 150.00, 1680, 150.00, 0x0000000000000004
2026/10/02 14:33:57.713, 0, 83.00, 54, 3, 150.00, 1665, 150.00, 0x0000000000000004
2026/10/02 14:33:57.914, 0, 84.21, 54, 0, 150.00, 1680, 150.00, 0x0000000000000004
2026/10/02 14:33:58.114, 0, 77.60, 54, 0, 150.00, 1680, 150.00, 0x0000000000000004
2026/10/02 14:33:58.315, 0, 77.62, 53, 0, 150.00, 1695, 150.00, 0x0000000000000000
2026/10/02 14:33:58.516, 0, 75.69, 53, 0, 150.00, 1695, 150.00, 0x0000000000000000
2026/10/02 14:33:58.716, 0, 81.89, 55, 37, 150.00, 705, 150.00, 0x0000000000000004
2026/10/02 14:33:58.917, 0, 78.22, 53, 0, 150.00, 1680, 150.00, 0x0000000000000004
2026/10/02 14:33:59.117, 0, 94.15, 55, 48, 150.00, 750, 150.00, 0x0000000000000004
2026/10/02 14:33:59.318, 0, 93.58, 53, 0, 150.00, 1680, 150.00, 0x0000000000000004
2026/10/02 14:33:59.519, 0, 110.54, 54, 29, 150.00, 1635, 150.00, 0x0000000000000004
2026/10/02 14:33:59.719, 0, 120.81, 54, 18, 150.00, 1650, 150.00, 0x0000000000000004
2026/10/02 14:33:59.920, 0, 107.18, 54, 0, 150.00, 1680, 150.00, 0x0000000000000004
2026/10/02 14:34:00.120, 0, 123.39, 54, 22, 150.00, 1635, 150.00, 0x0000000000000004
2026/10/02 14:34:00.321, 0, 130.35, 55, 18, 150.00, 900, 150.00, 0x0000000000000004
2026/10/02 14:34:00.521, 0, 119.03, 54, 41, 150.00, 1605, 150.00, 0x0000000000000004
2026/10/02 14:34:00.722, 0, 127.61, 56, 32, 150.00, 645, 150.00, 0x0000000000000004
2026/10/02 14:34:00.922, 0, 130.47, 55, 16, 150.00, 915, 150.00, 0x0000000000000004
2026/10/02 14:34:01.123, 0, 112.79, 54, 0, 150.00, 1680, 150.00, 0x0000000000000004
2026/10/02 14:34:01.323, 0, 113.61, 54, 0, 150.00, 1680, 150.00, 0x0000000000000004
2026/10/02 14:34:01.524, 0, 106.11, 55, 48, 150.00, 735, 150.00, 0x0000000000000004
2026/10/02 14:34:01.725, 0, 101.67, 54, 0, 150.00, 1680, 150.00, 0x0000000000000004
2026/10/02 14:34:01.925, 0, 97.79, 54, 41, 150.00, 1605, 150.00, 0x0000000000000004
2026/10/02 14:34:02.126, 0, 88.47, 55, 59, 150.00, 1515, 150.00, 0x0000000000000004
2026/10/02 14:34:02.326, 0, 114.85, 56, 100, 150.00, 840, 150.00, 0x0000000000000004
2026/10/02 14:34:02.527, 0, 109.62, 54, 0, 150.00, 1680, 150.00, 0x0000000000000004
2026/10/02 14:34:02.727, 0, 97.43, 54, 0, 150.00, 1695, 150.00, 0x0000000000000004
2026/10/02 14:34:02.928, 0, 84.59, 53, 0, 150.00, 1695, 150.00, 0x0000000000000000
2026/10/02 14:34:03.128, 0, 85.70, 53, 0, 150.00, 1695, 150.00, 0x0000000000000000
2026/10/02 14:34:03.329, 0, 69.61, 54, 60, 150.00, 1515, 150.00, 0x0000000000000004
2026/10/02 14:34:03.530, 0, 61.91, 54, 0, 150.00, 1680, 150.00, 0x0000000000000004
2026/10/02 14:34:03.730, 0, 61.92, 53, 0, 150.00, 1695, 150.00, 0x0000000000000000
2026/10/02 14:34:03.931, 0, 73.04, 54, 42, 150.00, 1590, 150.00, 0x0000000000000004
2026/10/02 14:34:04.131, 0, 72.85, 53, 0, 150.00, 1680, 150.00, 0x0000000000000004
2026/10/02 14:34:04.332, 0, 83.19, 54, 7, 150.00, 1665, 150.00, 0x0000000000000004
2026/10/02 14:34:04.533, 0, 84.13, 54, 0, 150.00, 1680, 150.00, 0x0000000000000004
2026/10/02 14:34:04.733, 0, 84.22, 53, 0, 150.00, 1695, 150.00, 0x0000000000000000
2026/10/02 14:34:04.934, 0, 72.96, 53, 0, 150.00, 1695, 150.00, 0x0000000000000000
2026/10/02 14:34:05.134, 0, 96.28, 55, 95, 150.00, 1245, 150.00, 0x0000000000000004
2026/10/02 14:34:05.335, 0, 81.17, 54, 0, 150.00, 1680, 150.00, 0x0000000000000004
2026/10/02 14:34:05.535, 0, 87.78, 54, 0, 150.00, 1665, 150.00, 0x0000000000000004
2026/10/02 14:34:05.736, 0, 87.69, 53, 0, 150.00, 1680, 150.00, 0x0000000000000004
2026/10/02 14:34:05.936, 0, 85.41, 53, 0, 150.00, 1695, 150.00, 0x0000000000000000
2026/10/02 14:34:06.137, 0, 81.22, 54, 46, 150.00, 1590, 150.00, 0x0000000000000004
2026/10/02 14:34:06.338, 0, 88.06, 54, 43, 150.00, 1590, 150.00, 0x0000000000000004
2026/10/02 14:34:06.538, 0, 81.59, 54, 0, 150.00, 1680, 150.00, 0x0000000000000004
2026/10/02 14:34:06.739, 0, 84.03, 54, 0, 150.00, 1680, 150.00, 0x0000000000000004
2026/10/02 14:34:06.940, 0, 83.95, 54, 0, 150.00, 1680, 150.00, 0x0000000000000004
2026/10/02 14:34:07.140, 0, 78.26, 55, 49, 150.00, 1590, 150.00, 0x0000000000000004
2026/10/02 14:34:07.341, 0, 88.30, 56, 61, 150.00, 855, 150.00, 0x0000000000000004
2026/10/02 14:34:07.541, 0, 88.35, 54, 0, 150.00, 1680, 150.00, 0x0000000000000004
2026/10/02 14:34:07.742, 0, 97.45, 54, 0, 150.00, 1665, 150.00, 0x0000000000000004
2026/10/02 14:34:07.942, 0, 97.56, 54, 0, 150.00, 1680, 150.00, 0x0000000000000004
2026/10/02 14:34:08.143, 0, 90.66, 54, 0, 150.00, 1695, 150.00, 0x0000000000000000
2026/10/02 14:34:08.343, 0, 92.18, 55, 15, 150.00, 975, 150.00, 0x0000000000000000
2026/10/02 14:34:08.544, 0, 82.43, 54, 0, 150.00, 1680, 150.00, 0x0000000000000004
2026/10/02 14:34:08.745, 0, 72.64, 54, 0, 150.00, 1680, 150.00, 0x0000000000000004
2026/10/02 14:34:08.945, 0, 91.27, 54, 25, 150.00, 1635, 150.00, 0x0000000000000004
2026/10/02 14:34:09.146, 0, 91.13, 54, 0, 150.00, 1680, 150.00, 0x0000000000000004
2026/10/02 14:34:09.346, 0, 103.64, 56, 76, 150.00, 1035, 150.00, 0x0000000000000004
2026/10/02 14:34:09.547, 0, 114.85, 55, 1, 150.00, 1665, 150.00, 0x0000000000000004
2026/10/02 14:34:09.747, 0, 110.09, 54, 0, 150.00, 1680, 150.00, 0x0000000000000004
2026/10/02 14:34:09.948, 0, 120.92, 56, 43, 150.00, 735, 150.00, 0x0000000000000004
2026/10/02 14:34:10.149, 0, 136.21, 55, 22, 150.00, 1650, 150.00, 0x0000000000000004
2026/10/02 14:34:10.349, 0, 115.21, 55, 61, 150.00, 1455, 150.00, 0x0000000000000004
2026/10/02 14:34:10.550, 0, 97.41, 54, 0, 150.00, 1680, 150.00, 0x0000000000000004
2026/10/02 14:34:10.751, 0, 97.86, 54, 0, 150.00, 1695, 150.00, 0x0000000000000000
2026/10/02 14:34:10.951, 0, 89.74, 55, 0, 150.00, 1560, 150.00, 0x0000000000000000
2026/10/02 14:34:11.152, 0, 61.41, 54, 0, 150.00, 1680, 150.00, 0x0000000000000004
2026/10/02 14:34:11.352, 0, 78.32, 56, 35, 150.00, 705, 150.00, 0x0000000000000004
2026/10/02 14:34:11.553, 0, 88.63, 56, 8, 150.00, 1260, 150.00, 0x0000000000000004
2026/10/02 14:34:11.753, 0, 87.41, 55, 0, 150.00, 1680, 150.00, 0x0000000000000004
2026/10/02 14:34:11.954, 0, 87.32, 54, 0, 150.00, 1680, 150.00, 0x0000000000000004
2026/10/02 14:34:12.154, 0, 86.04, 54, 0, 150.00, 1695, 150.00, 0x0000000000000000
2026/10/02 14:34:12.355, 0, 86.27, 54, 0, 150.00, 1695, 150.00, 0x0000000000000000
2026/10/02 14:34:12.556, 0, 78.62, 56, 35, 150.00, 660, 150.00, 0x0000000000000004
2026/10/02 14:34:12.756, 0, 87.39, 55, 48, 150.00, 1575, 150.00, 0x0000000000000004
2026/10/02 14:34:12.957, 0, 107.95, 56, 32, 150.00, 915, 150.00, 0x0000000000000004
2026/10/02 14:34:13.157, 0, 106.94, 54, 0, 150.00, 1680, 150.00, 0x0000000000000004
2026/10/02 14:34:13.358, 0, 141.10, 57, 61, 150.00, 960, 150.00, 0x0000000000000004
2026/10/02 14:34:13.558, 0, 133.21, 55, 0, 150.00, 1680, 150.00, 0x0000000000000004
2026/10/02 14:34:13.759, 0, 131.46, 56, 100, 150.00, 825, 150.00, 0x0000000000000004
2026/10/02 14:34:13.959, 0, 145.60, 56, 48, 150.00, 1185, 150.00, 0x0000000000000004
2026/10/02 14:34:14.160, 0, 129.49, 55, 0, 150.00, 855, 150.00, 0x0000000000000004
2026/10/02 14:34:14.360, 0, 119.30, 56, 48, 150.00, 1650, 150.00, 0x0000000000000004
2026/10/02 14:34:14.561, 0, 116.31, 55, 6, 150.00, 1680, 150.00, 0x0000000000000004
2026/10/02 14:34:14.762, 0, 100.45, 56, 60, 150.00, 1560, 150.00, 0x0000000000000004
2026/10/02 14:34:14.962, 0, 92.04, 56, 59, 150.00, 1545, 150.00, 0x0000000000000004
2026/10/02 14:34:15.163, 0, 94.01, 56, 55, 150.00, 1320, 150.00, 0x0000000000000004
2026/10/02 14:34:15.363, 0, 94.99, 57, 70, 150.00, 825, 150.00, 0x0000000000000004
2026/10/02 14:34:15.564, 0, 80.64, 56, 0, 150.00, 1050, 150.00, 0x0000000000000004
2026/10/02 14:34:15.765, 0, 93.49, 57, 19, 150.00, 630, 150.00, 0x0000000000000004
2026/10/02 14:34:15.965, 0, 92.96, 55, 0, 150.00, 1680, 150.00, 0x0000000000000004
2026/10/02 14:34:16.166, 0, 92.40, 55, 0, 150.00, 1680, 150.00, 0x0000000000000004
2026/10/02 14:34:16.366, 0, 96.68, 55, 33, 150.00, 1650, 150.00, 0x0000000000000004
2026/10/02 14:34:16.567, 0, 89.39, 56, 61, 150.00, 1545, 150.00, 0x0000000000000004
2026/10/02 14:34:16.768, 0, 98.44, 57, 100, 150.00, 840, 150.00, 0x0000000000000004
2026/10/02 14:34:16.968, 0, 107.66, 57, 100, 150.00, 825, 150.00, 0x0000000000000004
2026/10/02 14:34:17.169, 0, 124.69, 58, 100, 150.00, 825, 150.00, 0x0000000000000004
2026/10/02 14:34:17.369, 0, 119.62, 58, 100, 150.00, 855, 150.00, 0x0000000000000004
2026/10/02 14:34:17.570, 0, 140.24, 58, 100, 150.00, 825, 150.00, 0x0000000000000004
2026/10/02 14:34:17.770, 0, 142.19, 58, 54, 150.00, 1290, 150.00, 0x0000000000000004
2026/10/02 14:34:17.971, 0, 138.90, 56, 37, 150.00, 1650, 150.00, 0x0000000000000004
2026/10/02 14:34:18.171, 0, 151.12, 58, 40, 150.00, 720, 150.00, 0x0000000000000004
2026/10/02 14:34:18.372, 0, 152.29, 58, 74, 150.00, 810, 150.00, 0x0000000000000004
2026/10/02 14:34:18.573, 0, 152.55, 58, 100, 150.00, 840, 150.00, 0x0000000000000004
2026/10/02 14:34:18.773, 0, 148.10, 56, 0, 150.00, 1680, 150.00, 0x0000000000000004
2026/10/02 14:34:18.974, 0, 134.72, 57, 14, 150.00, 660, 150.00, 0x0000000000000004
2026/10/02 14:34:19.175, 0, 128.85, 58, 62, 150.00, 825, 150.00, 0x0000000000000004
2026/10/02 14:34:19.375, 0, 121.04, 58, 100, 150.00, 825, 150.00, 0x0000000000000004
2026/10/02 14:34:19.576, 0, 111.48, 57, 17, 150.00, 1350, 150.00, 0x0000000000000004
2026/10/02 14:34:19.776, 0, 124.53, 58, 44, 150.00, 1200, 150.00, 0x0000000000000004
2026/10/02 14:34:19.977, 0, 130.07, 58, 100, 150.00, 840, 150.00, 0x0000000000000004
2026/10/02 14:34:20.177, 0, 130.69, 57, 7, 150.00, 675, 150.00, 0x0000000000000004
2026/10/02 14:34:20.378, 0, 131.82, 58, 100, 150.00, 1260, 150.00, 0x0000000000000004
2026/10/02 14:34:20.579, 0, 114.78, 56, 0, 150.00, 1680, 150.00, 0x0000000000000004
2026/10/02 14:34:20.779, 0, 122.23, 57, 10, 150.00, 645, 150.00, 0x0000000000000004
2026/10/02 14:34:20.980, 0, 99.22, 56, 0, 150.00, 1680, 150.00, 0x0000000000000004
2026/10/02 14:34:21.180, 0, 107.75, 58, 59, 150.00, 720, 150.00, 0x0000000000000004
2026/10/02 14:34:21.381, 0, 105.43, 59, 100, 150.00, 1320, 150.00, 0x0000000000000004
2026/10/02 14:34:21.582, 0, 118.33, 58, 18, 150.00, 1020, 150.00, 0x0000000000000004
2026/10/02 14:34:21.782, 0, 131.58, 59, 84, 150.00, 750, 150.00, 0x0000000000000004
2026/10/02 14:34:21.983, 0, 141.54, 58, 18, 150.00, 705, 150.00, 0x0000000000000004
2026/10/02 14:34:22.184, 0, 132.29, 57, 43, 150.00, 1650, 150.00, 0x0000000000000004
2026/10/02 14:34:22.384, 0, 117.95, 57, 0, 150.00, 1680, 150.00, 0x0000000000000004
2026/10/02 14:34:22.585, 0, 98.19, 56, 0, 150.00, 1695, 150.00, 0x0000000000000000
2026/10/02 14:34:22.785, 0, 108.59, 58, 35, 150.00, 705, 150.00, 0x0000000000000000
2026/10/02 14:34:22.986, 0, 106.48, 58, 21, 150.00, 645, 150.00, 0x0000000000000004
2026/10/02 14:34:23.186, 0, 98.63, 57, 0, 150.00, 1680, 150.00, 0x0000000000000004
2026/10/02 14:34:23.387, 0, 110.79, 58, 74, 150.00, 750, 150.00, 0x0000000000000004
2026/10/02 14:34:23.587, 0, 127.88, 59, 100, 150.00, 825, 150.00, 0x0000000000000004
2026/10/02 14:34:23.788, 0, 139.64, 59, 63, 150.00, 1350, 150.00, 0x0000000000000004
2026/10/02 14:34:23.989, 0, 127.32, 58, 39, 150.00, 1650, 150.00, 0x0000000000000004
2026/10/02 14:34:24.189, 0, 117.17, 58, 0, 150.00, 735, 150.00, 0x0000000000000004
2026/10/02 14:34:24.389, 0, 108.89, 57, 0, 150.00, 1680, 150.00, 0x0000000000000004
2026/10/02 14:34:24.590, 0, 103.64, 57, 60, 150.00, 1485, 150.00, 0x0000000000000004
2026/10/02 14:34:24.790, 0, 93.02, 58, 62, 150.00, 1440, 150.00, 0x0000000000000004
2026/10/02 14:34:24.991, 0, 76.96, 59, 77, 150.00, 840, 150.00, 0x0000000000000004
2026/10/02 14:34:25.192, 0, 96.99, 59, 100, 150.00, 810, 150.00, 0x0000000000000004
2026/10/02 14:34:25.392, 0, 115.79, 59, 100, 150.00, 810, 150.00, 0x0000000000000004
2026/10/02 14:34:25.593, 0, 130.80, 60, 100, 150.00, 810, 150.00, 0x0000000000000004
2026/10/02 14:34:25.793, 0, 138.87, 59, 100, 150.00, 705, 150.00, 0x0000000000000004
2026/10/02 14:34:25.994, 0, 149.22, 60, 100, 150.00, 810, 150.00, 0x0000000000000004
2026/10/02 14:34:26.194, 0, 147.74, 59, 25, 150.00, 690, 150.00, 0x0000000000000004
2026/10/02 14:34:26.395, 0, 152.05, 60, 92, 150.00, 1035, 150.00, 0x0000000000000004
2026/10/02 14:34:26.595, 0, 142.98, 59, 75, 150.00, 825, 150.00, 0x0000000000000004
2026/10/02 14:34:26.796, 0, 139.35, 60, 87, 150.00, 780, 150.00, 0x0000000000000004
2026/10/02 14:34:26.997, 0, 132.89, 60, 64, 150.00, 810, 150.00, 0x0000000000000004
2026/10/02 14:34:27.197, 0, 142.15, 60, 100, 150.00, 825, 150.00, 0x0000000000000004
2026/10/02 14:34:27.398, 0, 132.43, 60, 100, 150.00, 810, 150.00, 0x0000000000000004
2026/10/02 14:34:27.598, 0, 140.71, 60, 100, 150.00, 810, 150.00, 0x0000000000000004
2026/10/02 14:34:27.799, 0, 144.12, 60, 100, 150.00, 765, 150.00, 0x0000000000000004
2026/10/02 14:34:27.999, 0, 151.78, 60, 100, 150.00, 750, 150.00, 0x0000000000000004
2026/10/02 14:34:28.200, 0, 151.43, 61, 100, 150.00, 1350, 150.00, 0x0000000000000004
2026/10/02 14:34:28.401, 0, 153.98, 61, 54, 150.00, 810, 150.00, 0x0000000000000004
2026/10/02 14:34:28.601, 0, 137.88, 60, 79, 150.00, 1605, 150.00, 0x0000000000000004
2026/10/02 14:34:28.802, 0, 147.12, 60, 27, 150.00, 810, 150.00, 0x0000000000000004
2026/10/02 14:34:29.003, 0, 137.65, 59, 95, 150.00, 1680, 150.00, 0x0000000000000004
2026/10/02 14:34:29.203, 0, 142.01, 60, 46, 150.00, 795, 150.00, 0x0000000000000004
2026/10/02 14:34:29.404, 0, 138.26, 61, 77, 150.00, 780, 150.00, 0x0000000000000004
2026/10/02 14:34:29.605, 0, 142.94, 59, 54, 150.00, 1650, 150.00, 0x0000000000000004
2026/10/02 14:34:29.805, 0, 152.33, 60, 30, 150.00, 825, 150.00, 0x0000000000000004
2026/10/02 14:34:30.006, 0, 154.69, 61, 100, 150.00, 810, 150.00, 0x0000000000000004
2026/10/02 14:34:30.206, 0, 158.66, 60, 100, 150.00, 1320, 150.00, 0x0000000000000004
2026/10/02 14:34:30.407, 0, 159.58, 59, 63, 150.00, 1680, 150.00, 0x0000000000000004
2026/10/02 14:34:30.607, 0, 147.06, 61, 59, 150.00, 825, 150.00, 0x0000000000000004
2026/10/02 14:34:30.808, 0, 129.45, 59, 62, 150.00, 1680, 150.00, 0x0000000000000004
2026/10/02 14:34:31.009, 0, 115.45, 58, 0, 150.00, 675, 150.00, 0x0000000000000004
2026/10/02 14:34:31.209, 0, 114.29, 61, 100, 150.00, 1065, 150.00, 0x0000000000000004
2026/10/02 14:34:31.410, 0, 118.52, 61, 53, 150.00, 1260, 150.00, 0x0000000000000004
2026/10/02 14:34:31.610, 0, 109.34, 59, 13, 150.00, 1680, 150.00, 0x0000000000000004
2026/10/02 14:34:31.811, 0, 109.46, 60, 0, 150.00, 825, 150.00, 0x0000000000000004
2026/10/02 14:34:32.012, 0, 121.58, 59, 100, 150.00, 1650, 150.00, 0x0000000000000004
2026/10/02 14:34:32.212, 0, 130.54, 61, 43, 150.00, 855, 150.00, 0x0000000000000004
2026/10/02 14:34:32.413, 0, 117.82, 61, 74, 150.00, 630, 150.00, 0x0000000000000004
2026/10/02 14:34:32.613, 0, 112.53, 59, 47, 150.00, 1680, 150.00, 0x0000000000000004
2026/10/02 14:34:32.814, 0, 119.13, 60, 74, 150.00, 1575, 150.00, 0x0000000000000004
2026/10/02 14:34:33.015, 0, 116.65, 61, 0, 150.00, 825, 150.00, 0x0000000000000004
2026/10/02 14:34:33.215, 0, 110.91, 61, 100, 150.00, 810, 150.00, 0x0000000000000004
2026/10/02 14:34:33.416, 0, 112.73, 60, 100, 150.00, 1605, 150.00, 0x0000000000000004
2026/10/02 14:34:33.616, 0, 121.07, 60, 24, 150.00, 1650, 150.00, 0x0000000000000004
2026/10/02 14:34:33.817, 0, 109.06, 59, 0, 150.00, 1245, 150.00, 0x0000000000000004
2026/10/02 14:34:34.017, 0, 114.71, 60, 60, 150.00, 870, 150.00, 0x0000000000000004
2026/10/02 14:34:34.218, 0, 104.36, 61, 72, 150.00, 810, 150.00, 0x0000000000000004
2026/10/02 14:34:34.418, 0, 96.45, 60, 93, 150.00, 1650, 150.00, 0x0000000000000004
2026/10/02 14:34:34.619, 0, 91.18, 60, 58, 150.00, 1680, 150.00, 0x0000000000000004
2026/10/02 14:34:34.820, 0, 111.34, 61, 9, 150.00, 690, 150.00, 0x0000000000000004
2026/10/02 14:34:35.020, 0, 122.18, 61, 100, 150.00, 795, 150.00, 0x0000000000000004
2026/10/02 14:34:35.221, 0, 129.27, 61, 92, 150.00, 1350, 150.00, 0x0000000000000004
2026/10/02 14:34:35.421, 0, 136.36, 61, 52, 150.00, 1320, 150.00, 0x0000000000000004
2026/10/02 14:34:35.622, 0, 143.64, 61, 64, 150.00, 660, 150.00, 0x0000000000000004
2026/10/02 14:34:35.822, 0, 151.50, 62, 100, 150.00, 870, 150.00, 0x0000000000000004
2026/10/02 14:34:36.023, 0, 152.57, 62, 98, 150.00, 810, 150.00, 0x0000000000000004
2026/10/02 14:34:36.224, 0, 147.55, 60, 100, 150.00, 1665, 150.00, 0x0000000000000004
2026/10/02 14:34:36.424, 0, 128.64, 60, 0, 150.00, 1680, 150.00, 0x0000000000000004
2026/10/02 14:34:36.625, 0, 125.56, 61, 0, 150.00, 660, 150.00, 0x0000000000000000
2026/10/02 14:34:36.826, 0, 117.28, 60, 86, 150.00, 1665, 150.00, 0x0000000000000004
2026/10/02 14:34:37.026, 0, 115.34, 60, 0, 150.00, 645, 150.00, 0x0000000000000004
2026/10/02 14:34:37.226, 0, 112.61, 61, 42, 150.00, 615, 150.00, 0x0000000000000004
2026/10/02 14:34:37.427, 0, 125.08, 60, 100, 150.00, 1290, 150.00, 0x0000000000000004
2026/10/02 14:34:37.628, 0, 120.89, 60, 63, 150.00, 1680, 150.00, 0x0000000000000004
2026/10/02 14:34:37.828, 0, 96.46, 59, 0, 150.00, 1350, 150.00, 0x0000000000000004
2026/10/02 14:34:38.029, 0, 98.39, 60, 62, 150.00, 1170, 150.00, 0x0000000000000004
2026/10/02 14:34:38.230, 0, 85.79, 60, 86, 150.00, 735, 150.00, 0x0000000000000004
2026/10/02 14:34:38.430, 0, 83.34, 61, 60, 150.00, 810, 150.00, 0x0000000000000004
2026/10/02 14:34:38.631, 0, 98.71, 62, 100, 150.00, 840, 150.00, 0x0000000000000004
2026/10/02 14:34:38.831, 0, 111.25, 61, 100, 150.00, 1560, 150.00, 0x0000000000000004
2026/10/02 14:34:39.032, 0, 112.34, 61, 0, 150.00, 840, 150.00, 0x0000000000000004
2026/10/02 14:34:39.232, 0, 110.47, 61, 48, 150.00, 1050, 150.00, 0x0000000000000004
2026/10/02 14:34:39.433, 0, 120.21, 62, 66, 150.00, 1305, 150.00, 0x0000000000000004
2026/10/02 14:34:39.633, 0, 107.36, 61, 6, 150.00, 810, 150.00, 0x0000000000000004
2026/10/02 14:34:39.834, 0, 103.40, 62, 70, 150.00, 780, 150.00, 0x0000000000000004
2026/10/02 14:34:40.035, 0, 123.10, 62, 100, 150.00, 765, 150.00, 0x0000000000000004
2026/10/02 14:34:40.235, 0, 124.66, 60, 100, 150.00, 1680, 150.00, 0x0000000000000004
2026/10/02 14:34:40.436, 0, 129.37, 61, 0, 150.00, 750, 150.00, 0x0000000000000004
2026/10/02 14:34:40.637, 0, 128.03, 61, 100, 150.00, 1575, 150.00, 0x0000000000000004
2026/10/02 14:34:40.837, 0, 117.76, 61, 0, 150.00, 1545, 150.00, 0x0000000000000004
2026/10/02 14:34:41.038, 0, 105.01, 60, 0, 150.00, 1680, 150.00, 0x0000000000000004
2026/10/02 14:34:41.238, 0, 104.86, 61, 16, 150.00, 825, 150.00, 0x0000000000000004
2026/10/02 14:34:41.439, 0, 122.00, 62, 44, 150.00, 780, 150.00, 0x0000000000000004
2026/10/02 14:34:41.639, 0, 115.92, 61, 100, 150.00, 1470, 150.00, 0x0000000000000004
2026/10/02 14:34:41.840, 0, 120.70, 61, 7, 150.00, 1605, 150.00, 0x0000000000000004
2026/10/02 14:34:42.041, 0, 132.86, 61, 0, 150.00, 1410, 150.00, 0x0000000000000004
2026/10/02 14:34:42.241, 0, 128.62, 60, 29, 150.00, 1650, 150.00, 0x0000000000000004
2026/10/02 14:34:42.442, 0, 120.18, 61, 0, 150.00, 1395, 150.00, 0x0000000000000004
2026/10/02 14:34:42.642, 0, 111.34, 61, 0, 150.00, 1365, 150.00, 0x0000000000000004
2026/10/02 14:34:42.843, 0, 104.33, 60, 0, 150.00, 1545, 150.00, 0x0000000000000004
2026/10/02 14:34:43.043, 0, 111.82, 61, 0, 150.00, 615, 150.00, 0x0000000000000004
2026/10/02 14:34:43.244, 0, 106.20, 62, 100, 150.00, 780, 150.00, 0x0000000000000004
2026/10/02 14:34:43.444, 0, 122.94, 62, 100, 150.00, 795, 150.00, 0x0000000000000004
2026/10/02 14:34:43.645, 0, 132.29, 62, 100, 150.00, 1320, 150.00, 0x0000000000000004
2026/10/02 14:34:43.846, 0, 123.43, 61, 7, 150.00, 1590, 150.00, 0x0000000000000004
2026/10/02 14:34:44.046, 0, 123.43, 60, 0, 150.00, 1680, 150.00, 0x0000000000000004
2026/10/02 14:34:44.247, 0, 105.17, 60, 0, 150.00, 1695, 150.00, 0x0000000000000000
2026/10/02 14:34:44.447, 0, 89.55, 59, 0, 150.00, 1695, 150.00, 0x0000000000000000
2026/10/02 14:34:44.648, 0, 89.85, 61, 0, 150.00, 690, 150.00, 0x0000000000000000
2026/10/02 14:34:44.849, 0, 98.03, 62, 100, 150.00, 810, 150.00, 0x0000000000000004
2026/10/02 14:34:45.049, 0, 103.28, 61, 73, 150.00, 1515, 150.00, 0x0000000000000004
2026/10/02 14:34:45.250, 0, 113.76, 60, 53, 150.00, 1680, 150.00, 0x0000000000000004
2026/10/02 14:34:45.451, 0, 140.08, 62, 35, 150.00, 1260, 150.00, 0x0000000000000004
2026/10/02 14:34:45.651, 0, 145.69, 61, 11, 150.00, 630, 150.00, 0x0000000000000004
2026/10/02 14:34:45.852, 0, 120.58, 60, 43, 150.00, 1680, 150.00, 0x0000000000000004
2026/10/02 14:34:46.052, 0, 112.91, 60, 0, 150.00, 1125, 150.00, 0x0000000000000004
2026/10/02 14:34:46.253, 0, 105.32, 60, 75, 150.00, 1605, 150.00, 0x0000000000000004
2026/10/02 14:34:46.454, 0, 89.34, 59, 0, 150.00, 1680, 150.00, 0x0000000000000004
2026/10/02 14:34:46.654, 0, 91.47, 61, 48, 150.00, 810, 150.00, 0x0000000000000004
2026/10/02 14:34:46.855, 0, 92.88, 60, 77, 150.00, 1680, 150.00, 0x0000000000000004
2026/10/02 14:34:47.055, 0, 111.12, 61, 0, 150.00, 825, 150.00, 0x0000000000000004
2026/10/02 14:34:47.256, 0, 101.80, 61, 27, 150.00, 1530, 150.00, 0x0000000000000004
2026/10/02 14:34:47.457, 0, 112.53, 60, 63, 150.00, 1680, 150.00, 0x0000000000000004
2026/10/02 14:34:47.657, 0, 108.96, 60, 44, 150.00, 1665, 150.00, 0x0000000000000004
2026/10/02 14:34:47.858, 0, 121.79, 61, 0, 150.00, 825, 150.00, 0x0000000000000004
2026/10/02 14:34:48.058, 0, 124.35, 60, 97, 150.00, 1680, 150.00, 0x0000000000000004
2026/10/02 14:34:48.259, 0, 123.68, 62, 71, 150.00, 810, 150.00, 0x0000000000000004
2026/10/02 14:34:48.460, 0, 133.29, 62, 99, 150.00, 1260, 150.00, 0x0000000000000004
2026/10/02 14:34:48.660, 0, 126.70, 62, 14, 150.00, 825, 150.00, 0x0000000000000004
2026/10/02 14:34:48.861, 0, 126.26, 60, 59, 150.00, 1680, 150.00, 0x0000000000000004
2026/10/02 14:34:49.061, 0, 116.32, 62, 64, 150.00, 810, 150.00, 0x0000000000000004
2026/10/02 14:34:49.262, 0, 108.87, 60, 64, 150.00, 1680, 150.00, 0x0000000000000004
2026/10/02 14:34:49.462, 0, 92.75, 60, 0, 150.00, 1680, 150.00, 0x0000000000000004
2026/10/02 14:34:49.663, 0, 108.76, 62, 27, 150.00, 810, 150.00, 0x0000000000000004
2026/10/02 14:34:49.863, 0, 110.39, 60, 99, 150.00, 1680, 150.00, 0x0000000000000004
2026/10/02 14:34:50.064, 0, 104.06, 60, 0, 150.00, 1680, 150.00, 0x0000000000000004
2026/10/02 14:34:50.264, 0, 97.58, 59, 0, 150.00, 1695, 150.00, 0x0000000000000000
2026/10/02 14:34:50.465, 0, 112.43, 61, 0, 150.00, 1290, 150.00, 0x0000000000000004
2026/10/02 14:34:50.665, 0, 92.79, 60, 5, 150.00, 1530, 150.00, 0x0000000000000004
2026/10/02 14:34:50.866, 0, 88.78, 61, 0, 150.00, 1170, 150.00, 0x0000000000000004
2026/10/02 14:34:51.066, 0, 102.37, 60, 29, 150.00, 1635, 150.00, 0x0000000000000004
2026/10/02 14:34:51.267, 0, 102.25, 60, 0, 150.00, 1680, 150.00, 0x0000000000000004
2026/10/02 14:34:51.468, 0, 107.55, 61, 0, 150.00, 795, 150.00, 0x0000000000000004
2026/10/02 14:34:51.668, 0, 113.89, 62, 81, 150.00, 675, 150.00, 0x0000000000000004
2026/10/02 14:34:51.869, 0, 125.23, 60, 59, 150.00, 1650, 150.00, 0x0000000000000004
2026/10/02 14:34:52.069, 0, 116.94, 61, 8, 150.00, 690, 150.00, 0x0000000000000004
2026/10/02 14:34:52.270, 0, 142.87, 62, 86, 150.00, 810, 150.00, 0x0000000000000004
2026/10/02 14:34:52.470, 0, 143.45, 61, 98, 150.00, 1680, 150.00, 0x0000000000000004
2026/10/02 14:34:52.671, 0, 133.87, 60, 0, 150.00, 1605, 150.00, 0x0000000000000004
2026/10/02 14:34:52.871, 0, 107.46, 60, 62, 150.00, 1680, 150.00, 0x0000000000000004
2026/10/02 14:34:53.072, 0, 112.16, 60, 49, 150.00, 1095, 150.00, 0x0000000000000004
2026/10/02 14:34:53.272, 0, 101.23, 61, 64, 150.00, 705, 150.00, 0x0000000000000004
2026/10/02 14:34:53.473, 0, 92.24, 61, 58, 150.00, 1530, 150.00, 0x0000000000000004
2026/10/02 14:34:53.673, 0, 96.36, 60, 4, 150.00, 1650, 150.00, 0x0000000000000004
2026/10/02 14:34:53.874, 0, 91.43, 60, 0, 150.00, 1680, 150.00, 0x0000000000000004
2026/10/02 14:34:54.075, 0, 102.39, 62, 25, 150.00, 825, 150.00, 0x0000000000000004
2026/10/02 14:34:54.275, 0, 118.45, 62, 96, 150.00, 1050, 150.00, 0x0000000000000004
2026/10/02 14:34:54.476, 0, 131.22, 62, 81, 150.00, 1575, 150.00, 0x0000000000000004
2026/10/02 14:34:54.676, 0, 137.91, 62, 0, 150.00, 840, 150.00, 0x0000000000000004
2026/10/02 14:34:54.877, 0, 144.55, 61, 95, 150.00, 975, 150.00, 0x0000000000000004
2026/10/02 14:34:55.078, 0, 128.79, 62, 59, 150.00, 810, 150.00, 0x0000000000000004
2026/10/02 14:34:55.278, 0, 133.97, 63, 100, 150.00, 1080, 150.00, 0x0000000000000004
2026/10/02 14:34:55.479, 0, 126.25, 62, 39, 150.00, 975, 150.00, 0x0000000000000004
2026/10/02 14:34:55.679, 0, 137.49, 63, 87, 150.00, 795, 150.00, 0x0000000000000004
2026/10/02 14:34:55.880, 0, 138.98, 63, 100, 150.00, 1260, 150.00, 0x0000000000000004
2026/10/02 14:34:56.080, 0, 163.71, 63, 57, 150.00, 1155, 150.00, 0x0000000000000004
2026/10/02 14:34:56.281, 0, 162.93, 62, 79, 150.00, 660, 150.00, 0x0000000000000004
2026/10/02 14:34:56.482, 0, 158.13, 63, 58, 150.00, 765, 150.00, 0x0000000000000004
2026/10/02 14:34:56.682, 0, 133.23, 61, 54, 150.00, 1680, 150.00, 0x0000000000000004
2026/10/02 14:34:56.883, 0, 117.26, 60, 0, 150.00, 1695, 150.00, 0x0000000000000004
2026/10/02 14:34:57.083, 0, 96.12, 61, 0, 150.00, 870, 150.00, 0x0000000000000004
2026/10/02 14:34:57.284, 0, 82.30, 61, 62, 150.00, 1680, 150.00, 0x0000000000000004
2026/10/02 14:34:57.485, 0, 96.98, 62, 43, 150.00, 810, 150.00, 0x0000000000000004
2026/10/02 14:34:57.685, 0, 111.42, 63, 100, 150.00, 795, 150.00, 0x0000000000000004
2026/10/02 14:34:57.886, 0, 128.67, 63, 100, 150.00, 795, 150.00, 0x0000000000000004
2026/10/02 14:34:58.086, 0, 138.64, 63, 100, 150.00, 750, 150.00, 0x0000000000000004
2026/10/02 14:34:58.287, 0, 149.10, 63, 100, 150.00, 1215, 150.00, 0x0000000000000004
2026/10/02 14:34:58.488, 0, 150.38, 63, 34, 150.00, 1290, 150.00, 0x0000000000000004
2026/10/02 14:34:58.688, 0, 133.30, 62, 25, 150.00, 660, 150.00, 0x0000000000000004
2026/10/02 14:34:58.889, 0, 118.48, 61, 64, 150.00, 1680, 150.00, 0x0000000000000004
2026/10/02 14:34:59.089, 0, 119.61, 62, 55, 150.00, 675, 150.00, 0x0000000000000004
2026/10/02 14:34:59.290, 0, 123.79, 63, 100, 150.00, 1470, 150.00, 0x0000000000000004
2026/10/02 14:34:59.490, 0, 116.79, 61, 14, 150.00, 1680, 150.00, 0x0000000000000004
2026/10/02 14:34:59.691, 0, 108.80, 62, 0, 150.00, 960, 150.00, 0x0000000000000004
2026/10/02 14:34:59.892, 0, 127.43, 63, 92, 150.00, 795, 150.00, 0x0000000000000004
2026/10/02 14:35:00.092, 0, 133.11, 63, 100, 150.00, 810, 150.00, 0x0000000000000004
2026/10/02 14:35:00.293, 0, 119.99, 62, 100, 150.00, 675, 150.00, 0x0000000000000004
2026/10/02 14:35:00.493, 0, 124.29, 62, 63, 150.00, 1560, 150.00, 0x0000000000000004
2026/10/02 14:35:00.694, 0, 125.44, 63, 0, 150.00, 810, 150.00, 0x0000000000000004
2026/10/02 14:35:00.894, 0, 108.15, 61, 63, 150.00, 1680, 150.00, 0x0000000000000004
2026/10/02 14:35:01.095, 0, 90.74, 61, 0, 150.00, 1680, 150.00, 0x0000000000000004
2026/10/02 14:35:01.295, 0, 75.21, 61, 0, 150.00, 1695, 150.00, 0x0000000000000000
2026/10/02 14:35:01.496, 0, 77.21, 60, 0, 150.00, 1695, 150.00, 0x0000000000000000
2026/10/02 14:35:01.697, 0, 86.46, 61, 43, 150.00, 1200, 150.00, 0x0000000000000004
2026/10/02 14:35:01.897, 0, 89.86, 62, 64, 150.00, 1605, 150.00, 0x0000000000000004
2026/10/02 14:35:02.098, 0, 91.21, 62, 0, 150.00, 1620, 150.00, 0x0000000000000004
2026/10/02 14:35:02.298, 0, 90.58, 61, 0, 150.00, 1620, 150.00, 0x0000000000000004
2026/10/02 14:35:02.499, 0, 97.01, 62, 0, 150.00, 795, 150.00, 0x0000000000000004
2026/10/02 14:35:02.699, 0, 79.27, 61, 59, 150.00, 630, 150.00, 0x0000000000000004
2026/10/02 14:35:02.900, 0, 87.44, 63, 98, 150.00, 810, 150.00, 0x0000000000000004
2026/10/02 14:35:03.100, 0, 105.67, 63, 100, 150.00, 795, 150.00, 0x0000000000000004
2026/10/02 14:35:03.301, 0, 109.37, 62, 100, 150.00, 1245, 150.00, 0x0000000000000004
2026/10/02 14:35:03.502, 0, 117.33, 62, 62, 150.00, 1680, 150.00, 0x0000000000000004
2026/10/02 14:35:03.702, 0, 121.86, 61, 14, 150.00, 1665, 150.00, 0x0000000000000004
2026/10/02 14:35:03.903, 0, 140.75, 63, 40, 150.00, 795, 150.00, 0x0000000000000004
2026/10/02 14:35:04.103, 0, 132.36, 62, 100, 150.00, 1680, 150.00, 0x0000000000000004
2026/10/02 14:35:04.304, 0, 125.29, 63, 0, 150.00, 810, 150.00, 0x0000000000000004
2026/10/02 14:35:04.504, 0, 125.63, 62, 100, 150.00, 1635, 150.00, 0x0000000000000004
2026/10/02 14:35:04.705, 0, 115.13, 61, 0, 150.00, 1680, 150.00, 0x0000000000000004
2026/10/02 14:35:04.905, 0, 104.23, 62, 0, 150.00, 660, 150.00, 0x0000000000000000
2026/10/02 14:35:05.106, 0, 109.13, 63, 100, 150.00, 795, 150.00, 0x0000000000000004
2026/10/02 14:35:05.306, 0, 104.65, 63, 93, 150.00, 795, 150.00, 0x0000000000000004
2026/10/02 14:35:05.507, 0, 117.58, 64, 100, 150.00, 795, 150.00, 0x0000000000000004
2026/10/02 14:35:05.708, 0, 137.46, 63, 100, 150.00, 750, 150.00, 0x0000000000000004
2026/10/02 14:35:05.909, 0, 134.98, 63, 73, 150.00, 1635, 150.00, 0x0000000000000004
2026/10/02 14:35:06.109, 0, 140.55, 63, 100, 150.00, 795, 150.00, 0x0000000000000004
2026/10/02 14:35:06.310, 0, 142.17, 63, 86, 150.00, 1605, 150.00, 0x0000000000000004
2026/10/02 14:35:06.511, 0, 138.93, 62, 41, 150.00, 1665, 150.00, 0x0000000000000004
2026/10/02 14:35:06.711, 0, 134.04, 63, 57, 150.00, 1500, 150.00, 0x0000000000000004
2026/10/02 14:35:06.912, 0, 127.44, 63, 73, 150.00, 810, 150.00, 0x0000000000000004
2026/10/02 14:35:07.112, 0, 120.51, 62, 53, 150.00, 1665, 150.00, 0x0000000000000004
2026/10/02 14:35:07.313, 0, 105.39, 62, 0, 150.00, 1680, 150.00, 0x0000000000000004
2026/10/02 14:35:07.513, 0, 106.74, 62, 42, 150.00, 1665, 150.00, 0x0000000000000004
2026/10/02 14:35:07.714, 0, 116.89, 62, 33, 150.00, 1665, 150.00, 0x0000000000000004
2026/10/02 14:35:07.915, 0, 108.04, 62, 0, 150.00, 615, 150.00, 0x0000000000000004
2026/10/02 14:35:08.115, 0, 107.58, 63, 100, 150.00, 810, 150.00, 0x0000000000000004
2026/10/02 14:35:08.316, 0, 124.41, 64, 100, 150.00, 795, 150.00, 0x0000000000000004
2026/10/02 14:35:08.516, 0, 129.88, 64, 77, 150.00, 975, 150.00, 0x0000000000000004
2026/10/02 14:35:08.717, 0, 120.77, 63, 63, 150.00, 1620, 150.00, 0x0000000000000004
2026/10/02 14:35:08.917, 0, 121.94, 63, 62, 150.00, 1590, 150.00, 0x0000000000000004
2026/10/02 14:35:09.118, 0, 105.88, 62, 0, 150.00, 1680, 150.00, 0x0000000000000004
2026/10/02 14:35:09.319, 0, 101.64, 63, 47, 150.00, 795, 150.00, 0x0000000000000004
2026/10/02 14:35:09.519, 0, 106.75, 64, 100, 150.00, 795, 150.00, 0x0000000000000004
2026/10/02 14:35:09.720, 0, 111.73, 64, 100, 150.00, 795, 150.00, 0x0000000000000004
2026/10/02 14:35:09.920, 0, 119.48, 62, 3, 150.00, 1680, 150.00, 0x0000000000000004
2026/10/02 14:35:10.121, 0, 118.63, 62, 0, 150.00, 1680, 150.00, 0x0000000000000004
2026/10/02 14:35:10.322, 0, 118.51, 63, 100, 150.00, 810, 150.00, 0x0000000000000004
2026/10/02 14:35:10.522, 0, 121.27, 64, 41, 150.00, 705, 150.00, 0x0000000000000004
2026/10/02 14:35:10.723, 0, 122.37, 63, 44, 150.00, 675, 150.00, 0x0000000000000004
2026/10/02 14:35:10.923, 0, 115.97, 63, 36, 150.00, 1680, 150.00, 0x0000000000000004
2026/10/02 14:35:11.124, 0, 127.22, 62, 55, 150.00, 1650, 150.00, 0x0000000000000004
2026/10/02 14:35:11.325, 0, 121.80, 62, 0, 150.00, 1680, 150.00, 0x0000000000000004
2026/10/02 14:35:11.525, 0, 107.22, 62, 0, 150.00, 630, 150.00, 0x0000000000000000
2026/10/02 14:35:11.726, 0, 87.95, 62, 0, 150.00, 1680, 150.00, 0x0000000000000004
2026/10/02 14:35:11.927, 0, 88.06, 63, 33, 150.00, 1275, 150.00, 0x0000000000000004
2026/10/02 14:35:12.127, 0, 89.19, 63, 9, 150.00, 675, 150.00, 0x0000000000000004
2026/10/02 14:35:12.328, 0, 109.06, 63, 100, 150.00, 810, 150.00, 0x0000000000000004
2026/10/02 14:35:12.529, 0, 130.41, 64, 100, 150.00, 795, 150.00, 0x0000000000000004
2026/10/02 14:35:12.729, 0, 141.12, 64, 100, 150.00, 795, 150.00, 0x0000000000000004
2026/10/02 14:35:12.930, 0, 147.78, 64, 100, 150.00, 435, 150.00, 0x0000000000000004
2026/10/02 14:35:13.130, 0, 154.13, 64, 100, 150.00, 780, 150.00, 0x0000000000000004
2026/10/02 14:35:13.331, 0, 150.62, 64, 100, 150.00, 795, 150.00, 0x0000000000000004
2026/10/02 14:35:13.532, 0, 150.19, 64, 100, 150.00, 795, 150.00, 0x0000000000000004
2026/10/02 14:35:13.732, 0, 150.70, 65, 100, 150.00, 795, 150.00, 0x0000000000000004
2026/10/02 14:35:13.933, 0, 149.41, 65, 100, 150.00, 675, 150.00, 0x0000000000000004
2026/10/02 14:35:14.133, 0, 149.88, 65, 100, 150.00, 750, 150.00, 0x0000000000000004
2026/10/02 14:35:14.334, 0, 135.77, 63, 0, 150.00, 1680, 150.00, 0x0000000000000004
2026/10/02 14:35:14.535, 0, 122.00, 62, 0, 150.00, 1680, 150.00, 0x0000000000000004
2026/10/02 14:35:14.735, 0, 106.42, 62, 0, 150.00, 1695, 150.00, 0x0000000000000000
2026/10/02 14:35:14.936, 0, 91.07, 62, 0, 150.00, 1695, 150.00, 0x0000000000000000
2026/10/02 14:35:15.136, 0, 77.70, 62, 0, 150.00, 1695, 150.00, 0x0000000000000000
2026/10/02 14:35:15.337, 0, 88.27, 61, 0, 150.00, 1695, 150.00, 0x0000000000000000
2026/10/02 14:35:15.537, 0, 93.90, 62, 11, 150.00, 1680, 150.00, 0x0000000000000004
2026/10/02 14:35:15.738, 0, 109.76, 62, 21, 150.00, 1680, 150.00, 0x0000000000000004
2026/10/02 14:35:15.938, 0, 116.92, 63, 94, 150.00, 810, 150.00, 0x0000000000000004
2026/10/02 14:35:16.139, 0, 116.78, 63, 62, 150.00, 1605, 150.00, 0x0000000000000004
2026/10/02 14:35:16.339, 0, 108.51, 62, 0, 150.00, 1680, 150.00, 0x0000000000000004
2026/10/02 14:35:16.540, 0, 87.68, 62, 59, 150.00, 1635, 150.00, 0x0000000000000004
2026/10/02 14:35:16.740, 0, 77.15, 62, 54, 150.00, 1650, 150.00, 0x0000000000000004
2026/10/02 14:35:16.941, 0, 92.13, 63, 24, 150.00, 1095, 150.00, 0x0000000000000004
2026/10/02 14:35:17.141, 0, 95.25, 63, 55, 150.00, 1485, 150.00, 0x0000000000000004
2026/10/02 14:35:17.342, 0, 114.46, 64, 33, 150.00, 1245, 150.00, 0x0000000000000004
2026/10/02 14:35:17.542, 0, 125.72, 64, 34, 150.00, 1260, 150.00, 0x0000000000000004
2026/10/02 14:35:17.743, 0, 120.16, 62, 0, 150.00, 1680, 150.00, 0x0000000000000004
2026/10/02 14:35:17.944, 0, 121.48, 62, 0, 150.00, 1695, 150.00, 0x0000000000000004
2026/10/02 14:35:18.144, 0, 128.41, 63, 100, 150.00, 1275, 150.00, 0x0000000000000004
2026/10/02 14:35:18.345, 0, 131.02, 63, 45, 150.00, 885, 150.00, 0x0000000000000004
2026/10/02 14:35:18.545, 0, 123.23, 64, 50, 150.00, 795, 150.00, 0x0000000000000004
2026/10/02 14:35:18.746, 0, 134.55, 64, 100, 150.00, 795, 150.00, 0x0000000000000004
2026/10/02 14:35:18.947, 0, 163.57, 64, 73, 150.00, 735, 150.00, 0x0000000000000004
2026/10/02 14:35:19.147, 0, 157.50, 64, 100, 150.00, 1530, 150.00, 0x0000000000000004
2026/10/02 14:35:19.348, 0, 176.41, 64, 67, 150.00, 1320, 150.00, 0x0000000000000004
2026/10/02 14:35:19.548, 0, 171.66, 64, 33, 150.00, 735, 150.00, 0x0000000000000004
2026/10/02 14:35:19.749, 0, 167.64, 64, 100, 150.00, 795, 150.00, 0x0000000000000004
2026/10/02 14:35:19.950, 0, 167.71, 65, 100, 150.00, 1125, 150.00, 0x0000000000000004
2026/10/02 14:35:20.150, 0, 145.96, 63, 0, 150.00, 765, 150.00, 0x0000000000000004
2026/10/02 14:35:20.350, 0, 133.78, 64, 100, 150.00, 795, 150.00, 0x0000000000000004
2026/10/02 14:35:20.551, 0, 144.22, 65, 100, 150.00, 780, 150.00, 0x0000000000000004
2026/10/02 14:35:20.752, 0, 134.19, 65, 100, 150.00, 795, 150.00, 0x0000000000000004
2026/10/02 14:35:20.952, 0, 135.90, 65, 100, 150.00, 585, 150.00, 0x0000000000000004
2026/10/02 14:35:21.153, 0, 149.25, 65, 100, 150.00, 735, 150.00, 0x0000000000000004
2026/10/02 14:35:21.353, 0, 142.39, 63, 4, 150.00, 1560, 150.00, 0x0000000000000004
2026/10/02 14:35:21.554, 0, 146.46, 64, 16, 150.00, 675, 150.00, 0x0000000000000004
2026/10/02 14:35:21.755, 0, 146.61, 65, 100, 150.00, 780, 150.00, 0x0000000000000004
2026/10/02 14:35:21.955, 0, 142.78, 65, 90, 150.00, 765, 150.00, 0x0000000000000004
2026/10/02 14:35:22.156, 0, 148.79, 65, 64, 150.00, 750, 150.00, 0x0000000000000004
2026/10/02 14:35:22.356, 0, 140.55, 65, 30, 150.00, 630, 150.00, 0x0000000000000004
2026/10/02 14:35:22.557, 0, 144.03, 65, 22, 150.00, 720, 150.00, 0x0000000000000004
2026/10/02 14:35:22.758, 0, 142.21, 65, 39, 150.00, 825, 150.00, 0x0000000000000004
2026/10/02 14:35:22.958, 0, 126.69, 63, 0, 150.00, 1680, 150.00, 0x0000000000000004
2026/10/02 14:35:23.159, 0, 121.79, 64, 63, 150.00, 765, 150.00, 0x0000000000000004
2026/10/02 14:35:23.359, 0, 116.25, 65, 85, 150.00, 765, 150.00, 0x0000000000000004
2026/10/02 14:35:23.560, 0, 126.44, 64, 44, 150.00, 1155, 150.00, 0x0000000000000004
2026/10/02 14:35:23.760, 0, 124.33, 65, 43, 150.00, 1350, 150.00, 0x0000000000000004
2026/10/02 14:35:23.961, 0, 140.90, 65, 100, 150.00, 1065, 150.00, 0x0000000000000004
2026/10/02 14:35:24.162, 0, 141.83, 64, 20, 150.00, 1680, 150.00, 0x0000000000000004
2026/10/02 14:35:24.362, 0, 138.97, 65, 46, 150.00, 780, 150.00, 0x0000000000000004
2026/10/02 14:35:24.563, 0, 148.53, 65, 100, 150.00, 780, 150.00, 0x0000000000000004
2026/10/02 14:35:24.763, 0, 134.63, 64, 47, 150.00, 1665, 150.00, 0x0000000000000004
2026/10/02 14:35:24.964, 0, 117.97, 63, 0, 150.00, 1680, 150.00, 0x0000000000000004
2026/10/02 14:35:25.164, 0, 124.56, 65, 100, 150.00, 1515, 150.00, 0x0000000000000004
2026/10/02 14:35:25.365, 0, 140.48, 65, 30, 150.00, 1170, 150.00, 0x0000000000000004
2026/10/02 14:35:25.566, 0, 119.45, 63, 0, 150.00, 615, 150.00, 0x0000000000000004
2026/10/02 14:35:25.766, 0, 104.88, 63, 0, 150.00, 1680, 150.00, 0x0000000000000004
2026/10/02 14:35:25.967, 0, 112.14, 64, 7, 150.00, 675, 150.00, 0x0000000000000004
2026/10/02 14:35:26.167, 0, 108.53, 65, 100, 150.00, 795, 150.00, 0x0000000000000004
2026/10/02 14:35:26.368, 0, 120.85, 65, 100, 150.00, 780, 150.00, 0x0000000000000004
2026/10/02 14:35:26.568, 0, 112.75, 64, 49, 150.00, 1050, 150.00, 0x0000000000000004
2026/10/02 14:35:26.769, 0, 126.91, 65, 100, 150.00, 765, 150.00, 0x0000000000000004
2026/10/02 14:35:26.969, 0, 143.26, 66, 98, 150.00, 780, 150.00, 0x0000000000000004
2026/10/02 14:35:27.170, 0, 144.79, 66, 100, 150.00, 780, 150.00, 0x0000000000000004
2026/10/02 14:35:27.371, 0, 135.99, 64, 9, 150.00, 645, 150.00, 0x0000000000000004
2026/10/02 14:35:27.571, 0, 128.76, 64, 47, 150.00, 1665, 150.00, 0x0000000000000004
2026/10/02 14:35:27.772, 0, 132.28, 64, 40, 150.00, 1665, 150.00, 0x0000000000000004
2026/10/02 14:35:27.972, 0, 133.97, 65, 38, 150.00, 1335, 150.00, 0x0000000000000004
2026/10/02 14:35:28.173, 0, 117.31, 64, 59, 150.00, 720, 150.00, 0x0000000000000004
2026/10/02 14:35:28.373, 0, 115.27, 64, 0, 150.00, 1035, 150.00, 0x0000000000000004
2026/10/02 14:35:28.574, 0, 105.89, 64, 77, 150.00, 1620, 150.00, 0x0000000000000004
2026/10/02 14:35:28.775, 0, 93.94, 63, 0, 150.00, 1680, 150.00, 0x0000000000000004
2026/10/02 14:35:28.975, 0, 95.07, 63, 0, 150.00, 1695, 150.00, 0x0000000000000004
2026/10/02 14:35:29.176, 0, 76.76, 63, 0, 150.00, 1695, 150.00, 0x0000000000000000
2026/10/02 14:35:29.377, 0, 86.60, 63, 44, 150.00, 1665, 150.00, 0x0000000000000004
2026/10/02 14:35:29.577, 0, 85.49, 64, 6, 150.00, 645, 150.00, 0x0000000000000004
2026/10/02 14:35:29.778, 0, 85.47, 63, 0, 150.00, 1680, 150.00, 0x0000000000000004
2026/10/02 14:35:29.978, 0, 90.50, 64, 8, 150.00, 660, 150.00, 0x0000000000000004
2026/10/02 14:35:30.179, 0, 105.23, 64, 19, 150.00, 690, 150.00, 0x0000000000000004
2026/10/02 14:35:30.379, 0, 104.85, 65, 100, 150.00, 795, 150.00, 0x0000000000000004
2026/10/02 14:35:30.580, 0, 112.50, 65, 80, 150.00, 735, 150.00, 0x0000000000000004
2026/10/02 14:35:30.780, 0, 124.85, 65, 100, 150.00, 795, 150.00, 0x0000000000000004
2026/10/02 14:35:30.981, 0, 140.28, 66, 100, 150.00, 555, 150.00, 0x0000000000000004
2026/10/02 14:35:31.181, 0, 148.86, 65, 100, 150.00, 765, 150.00, 0x0000000000000004
2026/10/02 14:35:31.382, 0, 143.82, 66, 100, 150.00, 645, 150.00, 0x0000000000000004
2026/10/02 14:35:31.583, 0, 142.90, 66, 100, 150.00, 780, 150.00, 0x0000000000000004
2026/10/02 14:35:31.783, 0, 150.26, 66, 100, 150.00, 795, 150.00, 0x0000000000000004
2026/10/02 14:35:31.984, 0, 149.58, 66, 100, 150.00, 720, 150.00, 0x0000000000000004
2026/10/02 14:35:32.184, 0, 149.92, 66, 100, 150.00, 750, 150.00, 0x0000000000000004
2026/10/02 14:35:32.385, 0, 149.62, 66, 100, 150.00, 750, 150.00, 0x0000000000000004
2026/10/02 14:35:32.585, 0, 150.37, 66, 100, 150.00, 780, 150.00, 0x0000000000000004
2026/10/02 14:35:32.786, 0, 150.27, 66, 100, 150.00, 735, 150.00, 0x0000000000000004
2026/10/02 14:35:32.987, 0, 149.32, 66, 100, 150.00, 720, 150.00, 0x0000000000000004
2026/10/02 14:35:33.187, 0, 149.93, 66, 100, 150.00, 750, 150.00, 0x0000000000000004
2026/10/02 14:35:33.388, 0, 149.86, 66, 100, 150.00, 750, 150.00, 0x0000000000000004
2026/10/02 14:35:33.588, 0, 150.06, 66, 100, 150.00, 765, 150.00, 0x0000000000000004
2026/10/02 14:35:33.789, 0, 149.84, 66, 100, 150.00, 735, 150.00, 0x0000000000000004
2026/10/02 14:35:33.989, 0, 149.77, 66, 100, 150.00, 1545, 150.00, 0x0000000000000004
2026/10/02 14:35:34.190, 0, 133.99, 65, 2, 150.00, 930, 150.00, 0x0000000000000004
2026/10/02 14:35:34.390, 0, 130.08, 66, 14, 150.00, 735, 150.00, 0x0000000000000004
2026/10/02 14:35:34.591, 0, 130.06, 66, 100, 150.00, 780, 150.00, 0x0000000000000004
2026/10/02 14:35:34.792, 0, 130.32, 66, 100, 150.00, 1005, 150.00, 0x0000000000000004
2026/10/02 14:35:34.992, 0, 125.01, 66, 100, 150.00, 1350, 150.00, 0x0000000000000004
2026/10/02 14:35:35.193, 0, 144.33, 66, 100, 150.00, 705, 150.00, 0x0000000000000004
2026/10/02 14:35:35.393, 0, 153.16, 67, 100, 150.00, 1050, 150.00, 0x0000000000000004
2026/10/02 14:35:35.594, 0, 156.86, 66, 69, 150.00, 1545, 150.00, 0x0000000000000004
2026/10/02 14:35:35.794, 0, 139.52, 65, 0, 150.00, 1680, 150.00, 0x0000000000000004
2026/10/02 14:35:35.995, 0, 147.01, 66, 100, 150.00, 765, 150.00, 0x0000000000000004
2026/10/02 14:35:36.195, 0, 144.66, 66, 100, 150.00, 780, 150.00, 0x0000000000000004
2026/10/02 14:35:36.396, 0, 135.26, 66, 66, 150.00, 645, 150.00, 0x0000000000000004
2026/10/02 14:35:36.597, 0, 123.70, 66, 63, 150.00, 1665, 150.00, 0x0000000000000004
2026/10/02 14:35:36.797, 0, 127.92, 66, 59, 150.00, 1590, 150.00, 0x0000000000000004
2026/10/02 14:35:36.998, 0, 111.37, 65, 64, 150.00, 1650, 150.00, 0x0000000000000004
2026/10/02 14:35:37.198, 0, 91.08, 64, 0, 150.00, 1680, 150.00, 0x0000000000000004
2026/10/02 14:35:37.399, 0, 96.50, 66, 41, 150.00, 795, 150.00, 0x0000000000000004
2026/10/02 14:35:37.600, 0, 101.58, 66, 84, 150.00, 1635, 150.00, 0x0000000000000004
2026/10/02 14:35:37.800, 0, 108.73, 65, 8, 150.00, 735, 150.00, 0x0000000000000004
2026/10/02 14:35:38.001, 0, 115.74, 66, 100, 150.00, 1515, 150.00, 0x0000000000000004
2026/10/02 14:35:38.201, 0, 143.34, 66, 77, 150.00, 1335, 150.00, 0x0000000000000004
2026/10/02 14:35:38.402, 0, 135.52, 65, 0, 150.00, 1680, 150.00, 0x0000000000000004
2026/10/02 14:35:38.602, 0, 119.71, 66, 87, 150.00, 765, 150.00, 0x0000000000000004
2026/10/02 14:35:38.803, 0, 132.03, 66, 100, 150.00, 1485, 150.00, 0x0000000000000004
2026/10/02 14:35:39.004, 0, 122.56, 65, 52, 150.00, 1230, 150.00, 0x0000000000000004
2026/10/02 14:35:39.204, 0, 132.72, 66, 39, 150.00, 1260, 150.00, 0x0000000000000004
2026/10/02 14:35:39.404, 0, 143.88, 66, 32, 150.00, 1275, 150.00, 0x0000000000000004
2026/10/02 14:35:39.605, 0, 163.90, 66, 50, 150.00, 1320, 150.00, 0x0000000000000004
2026/10/02 14:35:39.806, 0, 158.47, 66, 58, 150.00, 750, 150.00, 0x0000000000000004
2026/10/02 14:35:40.006, 0, 157.53, 67, 100, 150.00, 780, 150.00, 0x0000000000000004
2026/10/02 14:35:40.207, 0, 160.45, 67, 100, 150.00, 780, 150.00, 0x0000000000000004
2026/10/02 14:35:40.407, 0, 165.79, 67, 74, 150.00, 780, 150.00, 0x0000000000000004
2026/10/02 14:35:40.608, 0, 150.27, 67, 100, 150.00, 735, 150.00, 0x0000000000000004
2026/10/02 14:35:40.808, 0, 144.84, 66, 63, 150.00, 855, 150.00, 0x0000000000000004
2026/10/02 14:35:41.009, 0, 140.55, 67, 27, 150.00, 1410, 150.00, 0x0000000000000004
2026/10/02 14:35:41.210, 0, 129.80, 66, 72, 150.00, 795, 150.00, 0x0000000000000004
2026/10/02 14:35:41.410, 0, 131.99, 67, 100, 150.00, 780, 150.00, 0x0000000000000004
2026/10/02 14:35:41.611, 0, 123.58, 66, 29, 150.00, 1680, 150.00, 0x0000000000000004
2026/10/02 14:35:41.811, 0, 110.31, 65, 0, 150.00, 810, 150.00, 0x0000000000000004
2026/10/02 14:35:42.012, 0, 111.19, 65, 0, 150.00, 1380, 150.00, 0x0000000000000004
2026/10/02 14:35:42.213, 0, 113.91, 66, 37, 150.00, 1605, 150.00, 0x0000000000000004
2026/10/02 14:35:42.413, 0, 92.54, 64, 0, 150.00, 1680, 150.00, 0x0000000000000004
2026/10/02 14:35:42.614, 0, 102.49, 66, 0, 150.00, 795, 150.00, 0x0000000000000004
2026/10/02 14:35:42.814, 0, 110.62, 65, 100, 150.00, 1650, 150.00, 0x0000000000000004
2026/10/02 14:35:43.015, 0, 125.55, 65, 26, 150.00, 660, 150.00, 0x0000000000000004
2026/10/02 14:35:43.215, 0, 126.12, 67, 79, 150.00, 780, 150.00, 0x0000000000000004
2026/10/02 14:35:43.416, 0, 130.12, 65, 100, 150.00, 1680, 150.00, 0x0000000000000004
2026/10/02 14:35:43.617, 0, 124.77, 65, 0, 150.00, 600, 150.00, 0x0000000000000004
2026/10/02 14:35:43.817, 0, 115.57, 66, 64, 150.00, 1635, 150.00, 0x0000000000000004
2026/10/02 14:35:44.018, 0, 123.11, 67, 32, 150.00, 750, 150.00, 0x0000000000000004
2026/10/02 14:35:44.218, 0, 121.33, 65, 88, 150.00, 1680, 150.00, 0x0000000000000004
2026/10/02 14:35:44.419, 0, 109.16, 65, 0, 150.00, 1290, 150.00, 0x0000000000000004
2026/10/02 14:35:44.620, 0, 129.38, 65, 41, 150.00, 1680, 150.00, 0x0000000000000004
2026/10/02 14:35:44.820, 0, 123.01, 66, 0, 150.00, 780, 150.00, 0x0000000000000004
2026/10/02 14:35:45.021, 0, 120.06, 67, 100, 150.00, 780, 150.00, 0x0000000000000004
2026/10/02 14:35:45.222, 0, 120.33, 67, 100, 150.00, 765, 150.00, 0x0000000000000004
2026/10/02 14:35:45.422, 0, 125.84, 66, 78, 150.00, 660, 150.00, 0x0000000000000004
2026/10/02 14:35:45.623, 0, 111.33, 66, 94, 150.00, 1665, 150.00, 0x0000000000000004
2026/10/02 14:35:45.824, 0, 111.30, 66, 0, 150.00, 1635, 150.00, 0x0000000000000004
2026/10/02 14:35:46.024, 0, 107.06, 66, 0, 150.00, 750, 150.00, 0x0000000000000004
2026/10/02 14:35:46.225, 0, 106.60, 67, 100, 150.00, 780, 150.00, 0x0000000000000004
2026/10/02 14:35:46.426, 0, 111.97, 66, 100, 150.00, 1050, 150.00, 0x0000000000000004
2026/10/02 14:35:46.626, 0, 126.22, 67, 46, 150.00, 735, 150.00, 0x0000000000000004
2026/10/02 14:35:46.827, 0, 142.11, 67, 100, 150.00, 1530, 150.00, 0x0000000000000004
2026/10/02 14:35:47.027, 0, 140.13, 66, 21, 150.00, 645, 150.00, 0x0000000000000004
2026/10/02 14:35:47.228, 0, 117.28, 65, 65, 150.00, 1680, 150.00, 0x0000000000000004
2026/10/02 14:35:47.428, 0, 119.65, 66, 0, 150.00, 780, 150.00, 0x0000000000000004
2026/10/02 14:35:47.629, 0, 122.07, 67, 100, 150.00, 780, 150.00, 0x0000000000000004
2026/10/02 14:35:47.829, 0, 120.96, 67, 100, 150.00, 765, 150.00, 0x0000000000000004
2026/10/02 14:35:48.030, 0, 125.79, 66, 100, 150.00, 1680, 150.00, 0x0000000000000004
2026/10/02 14:35:48.231, 0, 121.34, 65, 0, 150.00, 600, 150.00, 0x0000000000000004
2026/10/02 14:35:48.431, 0, 131.17, 66, 64, 150.00, 1635, 150.00, 0x0000000000000004
2026/10/02 14:35:48.632, 0, 123.79, 67, 9, 150.00, 780, 150.00, 0x0000000000000004
2026/10/02 14:35:48.832, 0, 123.76, 67, 100, 150.00, 765, 150.00, 0x0000000000000004
2026/10/02 14:35:49.033, 0, 126.79, 67, 66, 150.00, 795, 150.00, 0x0000000000000004
2026/10/02 14:35:49.234, 0, 142.68, 67, 100, 150.00, 780, 150.00, 0x0000000000000004
2026/10/02 14:35:49.434, 0, 148.70, 67, 100, 150.00, 780, 150.00, 0x0000000000000004
2026/10/02 14:35:49.635, 0, 153.84, 67, 100, 150.00, 750, 150.00, 0x0000000000000004
2026/10/02 14:35:49.835, 0, 154.51, 67, 100, 150.00, 810, 150.00, 0x0000000000000004
2026/10/02 14:35:50.036, 0, 153.32, 68, 100, 150.00, 780, 150.00, 0x0000000000000004
2026/10/02 14:35:50.236, 0, 151.08, 67, 100, 150.00, 1605, 150.00, 0x0000000000000004
2026/10/02 14:35:50.437, 0, 135.88, 66, 1, 150.00, 1680, 150.00, 0x0000000000000004
2026/10/02 14:35:50.638, 0, 122.53, 66, 5, 150.00, 1665, 150.00, 0x0000000000000004
2026/10/02 14:35:50.838, 0, 110.55, 65, 0, 150.00, 1680, 150.00, 0x0000000000000004
2026/10/02 14:35:51.039, 0, 100.44, 65, 14, 150.00, 645, 150.00, 0x0000000000000004
2026/10/02 14:35:51.239, 0, 85.08, 65, 62, 150.00, 615, 150.00, 0x0000000000000004
2026/10/02 14:35:51.440, 0, 98.18, 67, 77, 150.00, 795, 150.00, 0x0000000000000004
2026/10/02 14:35:51.641, 0, 109.19, 67, 100, 150.00, 795, 150.00, 0x0000000000000004
2026/10/02 14:35:51.841, 0, 131.10, 68, 100, 150.00, 780, 150.00, 0x0000000000000004
2026/10/02 14:35:52.042, 0, 129.51, 68, 100, 150.00, 405, 150.00, 0x0000000000000004
2026/10/02 14:35:52.242, 0, 140.63, 67, 100, 150.00, 765, 150.00, 0x0000000000000004
2026/10/02 14:35:52.443, 0, 148.49, 68, 100, 150.00, 780, 150.00, 0x0000000000000004
2026/10/02 14:35:52.643, 0, 148.93, 68, 100, 150.00, 780, 150.00, 0x0000000000000004
2026/10/02 14:35:52.844, 0, 148.86, 68, 100, 150.00, 780, 150.00, 0x0000000000000004
2026/10/02 14:35:53.045, 0, 147.68, 68, 100, 150.00, 885, 150.00, 0x0000000000000004
2026/10/02 14:35:53.245, 0, 133.73, 66, 67, 150.00, 1680, 150.00, 0x0000000000000004
2026/10/02 14:35:53.446, 0, 121.43, 66, 3, 150.00, 1665, 150.00, 0x0000000000000004
2026/10/02 14:35:53.646, 0, 106.69, 65, 0, 150.00, 660, 150.00, 0x0000000000000004
2026/10/02 14:35:53.847, 0, 98.88, 66, 62, 150.00, 1680, 150.00, 0x0000000000000004
2026/10/02 14:35:54.048, 0, 101.97, 67, 23, 150.00, 795, 150.00, 0x0000000000000004
2026/10/02 14:35:54.248, 0, 115.41, 68, 100, 150.00, 840, 150.00, 0x0000000000000004
2026/10/02 14:35:54.449, 0, 122.20, 68, 75, 150.00, 1305, 150.00, 0x0000000000000004
2026/10/02 14:35:54.649, 0, 145.52, 68, 48, 150.00, 1470, 150.00, 0x0000000000000004
2026/10/02 14:35:54.850, 0, 130.29, 66, 27, 150.00, 1680, 150.00, 0x0000000000000004
2026/10/02 14:35:55.051, 0, 116.51, 65, 0, 150.00, 1695, 150.00, 0x0000000000000000
2026/10/02 14:35:55.251, 0, 101.84, 65, 0, 150.00, 1695, 150.00, 0x0000000000000000
2026/10/02 14:35:55.452, 0, 92.89, 66, 0, 150.00, 915, 150.00, 0x0000000000000004
2026/10/02 14:35:55.652, 0, 93.74, 66, 93, 150.00, 1680, 150.00, 0x0000000000000004
2026/10/02 14:35:55.853, 0, 79.00, 66, 0, 150.00, 990, 150.00, 0x0000000000000004
2026/10/02 14:35:56.053, 0, 90.31, 67, 61, 150.00, 810, 150.00, 0x0000000000000004
2026/10/02 14:35:56.254, 0, 98.45, 66, 100, 150.00, 645, 150.00, 0x0000000000000004
2026/10/02 14:35:56.454, 0, 107.39, 67, 66, 150.00, 1650, 150.00, 0x0000000000000004
2026/10/02 14:35:56.655, 0, 95.79, 65, 0, 150.00, 585, 150.00, 0x0000000000000004
2026/10/02 14:35:56.855, 0, 111.43, 67, 65, 150.00, 945, 150.00, 0x0000000000000004
2026/10/02 14:35:57.056, 0, 113.59, 67, 68, 150.00, 825, 150.00, 0x0000000000000004
2026/10/02 14:35:57.257, 0, 113.71, 68, 100, 150.00, 795, 150.00, 0x0000000000000004
2026/10/02 14:35:57.457, 0, 121.25, 68, 100, 150.00, 705, 150.00, 0x0000000000000004
2026/10/02 14:35:57.658, 0, 141.63, 68, 100, 150.00, 780, 150.00, 0x0000000000000004
2026/10/02 14:35:57.858, 0, 140.00, 68, 100, 150.00, 735, 150.00, 0x0000000000000004
2026/10/02 14:35:58.059, 0, 149.87, 68, 100, 150.00, 780, 150.00, 0x0000000000000004
2026/10/02 14:35:58.259, 0, 149.92, 68, 100, 150.00, 795, 150.00, 0x0000000000000004
2026/10/02 14:35:58.460, 0, 149.33, 68, 100, 150.00, 765, 150.00, 0x0000000000000004
2026/10/02 14:35:58.661, 0, 148.30, 68, 100, 150.00, 660, 150.00, 0x0000000000000004
2026/10/02 14:35:58.861, 0, 149.94, 68, 100, 150.00, 735, 150.00, 0x0000000000000004
2026/10/02 14:35:59.062, 0, 149.69, 68, 100, 150.00, 765, 150.00, 0x0000000000000004
2026/10/02 14:35:59.262, 0, 149.50, 68, 100, 150.00, 765, 150.00, 0x0000000000000004
2026/10/02 14:35:59.463, 0, 149.78, 68, 100, 150.00, 765, 150.00, 0x0000000000000004
2026/10/02 14:35:59.664, 0, 149.00, 68, 100, 150.00, 705, 150.00, 0x0000000000000004
2026/10/02 14:35:59.864, 0, 149.37, 68, 100, 150.00, 735, 150.00, 0x0000000000000004
2026/10/02 14:36:00.065, 0, 149.93, 68, 100, 150.00, 765, 150.00, 0x0000000000000004
2026/10/02 14:36:00.265, 0, 149.57, 68, 100, 150.00, 750, 150.00, 0x0000000000000004
2026/10/02 14:36:00.466, 0, 149.09, 69, 100, 150.00, 735, 150.00, 0x0000000000000004
2026/10/02 14:36:00.666, 0, 149.25, 69, 100, 150.00, 720, 150.00, 0x0000000000000004
2026/10/02 14:36:00.867, 0, 149.35, 68, 100, 150.00, 735, 150.00, 0x0000000000000004
2026/10/02 14:36:01.068, 0, 149.50, 69, 100, 150.00, 765, 150.00, 0x0000000000000004
2026/10/02 14:36:01.268, 0, 149.67, 69, 100, 150.00, 765, 150.00, 0x0000000000000004
2026/10/02 14:36:01.469, 0, 149.67, 69, 100, 150.00, 750, 150.00, 0x0000000000000004
2026/10/02 14:36:01.669, 0, 149.55, 69, 100, 150.00, 720, 150.00, 0x0000000000000004
2026/10/02 14:36:01.870, 0, 149.92, 69, 100, 150.00, 750, 150.00, 0x0000000000000004
2026/10/02 14:36:02.070, 0, 150.30, 69, 100, 150.00, 765, 150.00, 0x0000000000000004
2026/10/02 14:36:02.271, 0, 150.16, 69, 100, 150.00, 750, 150.00, 0x0000000000000004
2026/10/02 14:36:02.472, 0, 150.00, 69, 100, 150.00, 750, 150.00, 0x0000000000000004
2026/10/02 14:36:02.672, 0, 149.95, 69, 100, 150.00, 735, 150.00, 0x0000000000000004
2026/10/02 14:36:02.873, 0, 149.97, 69, 100, 150.00, 750, 150.00, 0x0000000000000004
2026/10/02 14:36:03.073, 0, 150.02, 69, 100, 150.00, 750, 150.00, 0x0000000000000004
2026/10/02 14:36:03.274, 0, 149.84, 69, 100, 150.00, 750, 150.00, 0x0000000000000004
2026/10/02 14:36:03.475, 0, 149.68, 69, 100, 150.00, 735, 150.00, 0x0000000000000004
2026/10/02 14:36:03.675, 0, 149.81, 69, 100, 150.00, 735, 150.00, 0x0000000000000004
2026/10/02 14:36:03.876, 0, 150.05, 69, 100, 150.00, 750, 150.00, 0x0000000000000004
2026/10/02 14:36:04.076, 0, 150.17, 69, 100, 150.00, 750, 150.00, 0x0000000000000004
2026/10/02 14:36:04.277, 0, 149.11, 69, 46, 150.00, 1485, 150.00, 0x0000000000000004
2026/10/02 14:36:04.478, 0, 133.73, 67, 0, 150.00, 1680, 150.00, 0x0000000000000004
2026/10/02 14:36:04.678, 0, 120.31, 67, 4, 150.00, 990, 150.00, 0x0000000000000004
2026/10/02 14:36:04.879, 0, 122.84, 68, 71, 150.00, 795, 150.00, 0x0000000000000004
2026/10/02 14:36:05.079, 0, 111.09, 69, 100, 150.00, 1365, 150.00, 0x0000000000000004
2026/10/02 14:36:05.280, 0, 98.23, 68, 63, 150.00, 630, 150.00, 0x0000000000000004
2026/10/02 14:36:05.480, 0, 113.86, 69, 97, 150.00, 780, 150.00, 0x0000000000000004
2026/10/02 14:36:05.681, 0, 125.65, 69, 100, 150.00, 780, 150.00, 0x0000000000000004
2026/10/02 14:36:05.882, 0, 133.32, 69, 100, 150.00, 765, 150.00, 0x0000000000000004
2026/10/02 14:36:06.082, 0, 131.16, 69, 100, 150.00, 540, 150.00, 0x0000000000000004
2026/10/02 14:36:06.283, 0, 146.46, 69, 100, 150.00, 750, 150.00, 0x0000000000000004
2026/10/02 14:36:06.483, 0, 148.33, 69, 100, 150.00, 765, 150.00, 0x0000000000000004
2026/10/02 14:36:06.684, 0, 140.27, 69, 85, 150.00, 750, 150.00, 0x0000000000000004
2026/10/02 14:36:06.884, 0, 141.82, 70, 100, 150.00, 780, 150.00, 0x0000000000000004
2026/10/02 14:36:07.085, 0, 142.45, 70, 100, 150.00, 705, 150.00, 0x0000000000000004
2026/10/02 14:36:07.285, 0, 144.41, 68, 7, 150.00, 1425, 150.00, 0x0000000000000004
2026/10/02 14:36:07.486, 0, 143.51, 69, 100, 150.00, 705, 150.00, 0x0000000000000004
2026/10/02 14:36:07.687, 0, 138.04, 69, 87, 150.00, 1635, 150.00, 0x0000000000000004
2026/10/02 14:36:07.887, 0, 136.80, 68, 65, 150.00, 1035, 150.00, 0x0000000000000004
2026/10/02 14:36:08.088, 0, 138.83, 69, 100, 150.00, 780, 150.00, 0x0000000000000004
2026/10/02 14:36:08.288, 0, 138.74, 70, 100, 150.00, 765, 150.00, 0x0000000000000004
2026/10/02 14:36:08.489, 0, 140.20, 70, 100, 150.00, 765, 150.00, 0x0000000000000004
2026/10/02 14:36:08.689, 0, 145.22, 70, 100, 150.00, 795, 150.00, 0x0000000000000004
2026/10/02 14:36:08.890, 0, 147.92, 69, 100, 150.00, 795, 150.00, 0x0000000000000004
2026/10/02 14:36:09.091, 0, 130.96, 69, 66, 150.00, 1620, 150.00, 0x0000000000000004
2026/10/02 14:36:09.291, 0, 141.18, 69, 37, 150.00, 780, 150.00, 0x0000000000000004
2026/10/02 14:36:09.492, 0, 141.05, 69, 100, 150.00, 780, 150.00, 0x0000000000000004
2026/10/02 14:36:09.692, 0, 141.18, 70, 100, 150.00, 780, 150.00, 0x0000000000000004
2026/10/02 14:36:09.893, 0, 142.14, 70, 100, 150.00, 780, 150.00, 0x0000000000000004
2026/10/02 14:36:10.093, 0, 152.27, 70, 100, 150.00, 780, 150.00, 0x0000000000000004
2026/10/02 14:36:10.294, 0, 152.02, 70, 100, 150.00, 765, 150.00, 0x0000000000000004
2026/10/02 14:36:10.494, 0, 151.57, 70, 100, 150.00, 765, 150.00, 0x0000000000000004
2026/10/02 14:36:10.695, 0, 151.40, 70, 100, 150.00, 765, 150.00, 0x0000000000000004
2026/10/02 14:36:10.896, 0, 150.58, 70, 100, 150.00, 705, 150.00, 0x0000000000000004
2026/10/02 14:36:11.096, 0, 156.26, 70, 82, 150.00, 870, 150.00, 0x0000000000000004
2026/10/02 14:36:11.297, 0, 148.10, 70, 99, 150.00, 1455, 150.00, 0x0000000000000004
2026/10/02 14:36:11.497, 0, 139.34, 68, 0, 150.00, 615, 150.00, 0x0000000000000004
2026/10/02 14:36:11.698, 0, 138.32, 69, 87, 150.00, 990, 150.00, 0x0000000000000004
2026/10/02 14:36:11.898, 0, 138.62, 70, 100, 150.00, 780, 150.00, 0x0000000000000004
2026/10/02 14:36:12.099, 0, 135.74, 70, 100, 150.00, 765, 150.00, 0x0000000000000004
2026/10/02 14:36:12.299, 0, 142.72, 70, 100, 150.00, 765, 150.00, 0x0000000000000004
2026/10/02 14:36:12.500, 0, 149.97, 70, 100, 150.00, 630, 150.00, 0x0000000000000004
2026/10/02 14:36:12.701, 0, 154.82, 70, 100, 150.00, 720, 150.00, 0x0000000000000004
2026/10/02 14:36:12.901, 0, 142.90, 70, 100, 150.00, 1320, 150.00, 0x0000000000000004
2026/10/02 14:36:13.102, 0, 141.92, 70, 94, 150.00, 960, 150.00, 0x0000000000000004
2026/10/02 14:36:13.302, 0, 144.50, 70, 100, 150.00, 1500, 150.00, 0x0000000000000004
2026/10/02 14:36:13.503, 0, 128.32, 69, 54, 150.00, 1665, 150.00, 0x0000000000000004
2026/10/02 14:36:13.704, 0, 128.66, 70, 94, 150.00, 780, 150.00, 0x0000000000000004
2026/10/02 14:36:13.904, 0, 124.32, 69, 41, 150.00, 555, 150.00, 0x0000000000000004
2026/10/02 14:36:14.105, 0, 134.05, 70, 100, 150.00, 780, 150.00, 0x0000000000000004
2026/10/02 14:36:14.305, 0, 132.82, 70, 100, 150.00, 765, 150.00, 0x0000000000000004
2026/10/02 14:36:14.506, 0, 140.02, 70, 100, 150.00, 765, 150.00, 0x0000000000000004
2026/10/02 14:36:14.707, 0, 146.21, 71, 100, 150.00, 480, 150.00, 0x0000000000000004
2026/10/02 14:36:14.907, 0, 149.70, 70, 89, 150.00, 735, 150.00, 0x0000000000000004
2026/10/02 14:36:15.108, 0, 145.96, 70, 100, 150.00, 765, 150.00, 0x0000000000000004
2026/10/02 14:36:15.308, 0, 145.77, 70, 100, 150.00, 765, 150.00, 0x0000000000000004
2026/10/02 14:36:15.509, 0, 145.61, 71, 100, 150.00, 765, 150.00, 0x0000000000000004
2026/10/02 14:36:15.710, 0, 143.82, 70, 100, 150.00, 675, 150.00, 0x0000000000000004
2026/10/02 14:36:15.910, 0, 149.52, 70, 100, 150.00, 720, 150.00, 0x0000000000000004
2026/10/02 14:36:16.111, 0, 149.70, 71, 100, 150.00, 750, 150.00, 0x0000000000000004
2026/10/02 14:36:16.311, 0, 150.00, 71, 100, 150.00, 765, 150.00, 0x0000000000000004
2026/10/02 14:36:16.512, 0, 149.81, 71, 100, 150.00, 735, 150.00, 0x0000000000000004
2026/10/02 14:36:16.712, 0, 149.05, 71, 100, 150.00, 690, 150.00, 0x0000000000000004
2026/10/02 14:36:16.913, 0, 149.96, 71, 100, 150.00, 735, 150.00, 0x0000000000000004
2026/10/02 14:36:17.114, 0, 133.79, 70, 75, 150.00, 1665, 150.00, 0x0000000000000004
2026/10/02 14:36:17.314, 0, 118.11, 69, 0, 150.00, 1680, 150.00, 0x0000000000000004
2026/10/02 14:36:17.515, 0, 106.79, 69, 7, 150.00, 1350, 150.00, 0x0000000000000004
2026/10/02 14:36:17.715, 0, 104.54, 70, 43, 150.00, 1590, 150.00, 0x0000000000000004
2026/10/02 14:36:17.916, 0, 94.94, 68, 0, 150.00, 1680, 150.00, 0x0000000000000004
2026/10/02 14:36:18.116, 0, 88.44, 68, 0, 150.00, 1695, 150.00, 0x0000000000000000
2026/10/02 14:36:18.317, 0, 100.09, 69, 56, 150.00, 1635, 150.00, 0x0000000000000004
2026/10/02 14:36:18.518, 0, 105.96, 69, 86, 150.00, 765, 150.00, 0x0000000000000004
2026/10/02 14:36:18.718, 0, 110.01, 70, 100, 150.00, 765, 150.00, 0x0000000000000004
2026/10/02 14:36:18.919, 0, 125.54, 70, 100, 150.00, 765, 150.00, 0x0000000000000004
2026/10/02 14:36:19.119, 0, 143.77, 70, 100, 150.00, 555, 150.00, 0x0000000000000004
2026/10/02 14:36:19.320, 0, 148.55, 70, 100, 150.00, 750, 150.00, 0x0000000000000004
2026/10/02 14:36:19.521, 0, 149.14, 71, 100, 150.00, 765, 150.00, 0x0000000000000004
2026/10/02 14:36:19.721, 0, 149.15, 71, 100, 150.00, 765, 150.00, 0x0000000000000004
2026/10/02 14:36:19.922, 0, 149.04, 71, 100, 150.00, 765, 150.00, 0x0000000000000004
2026/10/02 14:36:20.123, 0, 146.67, 71, 100, 150.00, 690, 150.00, 0x0000000000000004
2026/10/02 14:36:20.323, 0, 149.76, 71, 100, 150.00, 735, 150.00, 0x0000000000000004
2026/10/02 14:36:20.524, 0, 150.02, 71, 100, 150.00, 765, 150.00, 0x0000000000000004
2026/10/02 14:36:20.725, 0, 149.53, 71, 100, 150.00, 750, 150.00, 0x0000000000000004
2026/10/02 14:36:20.925, 0, 149.28, 71, 100, 150.00, 690, 150.00, 0x0000000000000004
2026/10/02 14:36:21.126, 0, 149.51, 71, 100, 150.00, 705, 150.00, 0x0000000000000004
2026/10/02 14:36:21.326, 0, 150.17, 71, 100, 150.00, 735, 150.00, 0x0000000000000004
2026/10/02 14:36:21.527, 0, 149.90, 71, 100, 150.00, 765, 150.00, 0x0000000000000004
2026/10/02 14:36:21.728, 0, 149.97, 71, 100, 150.00, 750, 150.00, 0x0000000000000004
2026/10/02 14:36:21.928, 0, 149.76, 71, 100, 150.00, 705, 150.00, 0x0000000000000004
2026/10/02 14:36:22.129, 0, 150.00, 71, 100, 150.00, 705, 150.00, 0x0000000000000004
2026/10/02 14:36:22.330, 0, 150.04, 71, 100, 150.00, 735, 150.00, 0x0000000000000004
2026/10/02 14:36:22.530, 0, 144.13, 69, 10, 150.00, 1680, 150.00, 0x0000000000000004
2026/10/02 14:36:22.731, 0, 139.95, 69, 43, 150.00, 600, 150.00, 0x0000000000000004
2026/10/02 14:36:22.931, 0, 141.42, 71, 100, 150.00, 765, 150.00, 0x0000000000000004
2026/10/02 14:36:23.132, 0, 134.08, 71, 61, 150.00, 1365, 150.00, 0x0000000000000004
2026/10/02 14:36:23.332, 0, 134.31, 71, 100, 150.00, 765, 150.00, 0x0000000000000004
2026/10/02 14:36:23.533, 0, 130.83, 71, 22, 150.00, 1605, 150.00, 0x0000000000000004
2026/10/02 14:36:23.733, 0, 140.85, 71, 100, 150.00, 780, 150.00, 0x0000000000000004
2026/10/02 14:36:23.934, 0, 135.54, 71, 100, 150.00, 765, 150.00, 0x0000000000000004
2026/10/02 14:36:24.135, 0, 135.62, 71, 100, 150.00, 765, 150.00, 0x0000000000000004
2026/10/02 14:36:24.335, 0, 136.00, 71, 77, 150.00, 1140, 150.00, 0x0000000000000004
2026/10/02 14:36:24.536, 0, 127.09, 71, 60, 150.00, 1335, 150.00, 0x0000000000000004
2026/10/02 14:36:24.736, 0, 142.16, 71, 100, 150.00, 780, 150.00, 0x0000000000000004
2026/10/02 14:36:24.937, 0, 144.35, 71, 100, 150.00, 765, 150.00, 0x0000000000000004
2026/10/02 14:36:25.137, 0, 133.36, 70, 0, 150.00, 1650, 150.00, 0x0000000000000004
2026/10/02 14:36:25.338, 0, 129.68, 69, 11, 150.00, 1680, 150.00, 0x0000000000000004
2026/10/02 14:36:25.538, 0, 131.77, 69, 55, 150.00, 585, 150.00, 0x0000000000000004
2026/10/02 14:36:25.739, 0, 129.86, 71, 5, 150.00, 1650, 150.00, 0x0000000000000004
2026/10/02 14:36:25.940, 0, 116.81, 69, 65, 150.00, 660, 150.00, 0x0000000000000004
2026/10/02 14:36:26.140, 0, 106.62, 69, 0, 150.00, 1680, 150.00, 0x0000000000000004
2026/10/02 14:36:26.341, 0, 98.62, 70, 69, 150.00, 1260, 150.00, 0x0000000000000004
2026/10/02 14:36:26.542, 0, 106.62, 70, 100, 150.00, 765, 150.00, 0x0000000000000004
2026/10/02 14:36:26.742, 0, 88.06, 71, 67, 150.00, 1290, 150.00, 0x0000000000000004
2026/10/02 14:36:26.943, 0, 85.13, 69, 0, 150.00, 1680, 150.00, 0x0000000000000004
2026/10/02 14:36:27.143, 0, 93.44, 70, 100, 150.00, 765, 150.00, 0x0000000000000004
2026/10/02 14:36:27.344, 0, 108.59, 71, 100, 150.00, 765, 150.00, 0x0000000000000004
2026/10/02 14:36:27.545, 0, 122.11, 71, 100, 150.00, 765, 150.00, 0x0000000000000004
2026/10/02 14:36:27.745, 0, 123.33, 71, 42, 150.00, 1530, 150.00, 0x0000000000000004
2026/10/02 14:36:27.946, 0, 135.24, 69, 14, 150.00, 1680, 150.00, 0x0000000000000004
2026/10/02 14:36:28.146, 0, 122.80, 69, 66, 150.00, 1155, 150.00, 0x0000000000000004
2026/10/02 14:36:28.347, 0, 113.47, 69, 77, 150.00, 660, 150.00, 0x0000000000000004
2026/10/02 14:36:28.548, 0, 117.23, 71, 100, 150.00, 765, 150.00, 0x0000000000000004
2026/10/02 14:36:28.748, 0, 116.56, 71, 100, 150.00, 765, 150.00, 0x0000000000000004
2026/10/02 14:36:28.949, 0, 117.39, 71, 0, 150.00, 1650, 150.00, 0x0000000000000004
2026/10/02 14:36:29.149, 0, 115.00, 69, 0, 150.00, 1680, 150.00, 0x0000000000000004
2026/10/02 14:36:29.350, 0, 137.02, 70, 93, 150.00, 750, 150.00, 0x0000000000000004
2026/10/02 14:36:29.550, 0, 128.00, 71, 75, 150.00, 1185, 150.00, 0x0000000000000004
2026/10/02 14:36:29.751, 0, 128.21, 71, 31, 150.00, 1560, 150.00, 0x0000000000000004
2026/10/02 14:36:29.951, 0, 122.29, 69, 96, 150.00, 735, 150.00, 0x0000000000000004
2026/10/02 14:36:30.152, 0, 137.14, 71, 100, 150.00, 765, 150.00, 0x0000000000000004
2026/10/02 14:36:30.353, 0, 118.90, 69, 0, 150.00, 1680, 150.00, 0x0000000000000004
2026/10/02 14:36:30.553, 0, 107.71, 69, 0, 150.00, 1680, 150.00, 0x0000000000000004
2026/10/02 14:36:30.753, 0, 97.98, 69, 59, 150.00, 1350, 150.00, 0x0000000000000004
2026/10/02 14:36:30.954, 0, 109.49, 68, 42, 150.00, 645, 150.00, 0x0000000000000004
2026/10/02 14:36:31.154, 0, 105.05, 70, 28, 150.00, 1575, 150.00, 0x0000000000000004
2026/10/02 14:36:31.355, 0, 117.85, 70, 100, 150.00, 765, 150.00, 0x0000000000000004
2026/10/02 14:36:31.556, 0, 123.20, 71, 67, 150.00, 1290, 150.00, 0x0000000000000004
2026/10/02 14:36:31.756, 0, 114.60, 69, 0, 150.00, 1680, 150.00, 0x0000000000000004
2026/10/02 14:36:31.957, 0, 120.74, 70, 64, 150.00, 1350, 150.00, 0x0000000000000004
2026/10/02 14:36:32.157, 0, 109.78, 70, 31, 150.00, 1575, 150.00, 0x0000000000000004
2026/10/02 14:36:32.358, 0, 111.17, 70, 100, 150.00, 765, 150.00, 0x0000000000000004
2026/10/02 14:36:32.558, 0, 115.04, 69, 40, 150.00, 675, 150.00, 0x0000000000000004
2026/10/02 14:36:32.759, 0, 130.43, 71, 100, 150.00, 765, 150.00, 0x0000000000000004
2026/10/02 14:36:32.960, 0, 139.29, 71, 100, 150.00, 765, 150.00, 0x0000000000000004
2026/10/02 14:36:33.160, 0, 140.02, 71, 100, 150.00, 765, 150.00, 0x0000000000000004
2026/10/02 14:36:33.361, 0, 149.76, 71, 100, 150.00, 450, 150.00, 0x0000000000000004
2026/10/02 14:36:33.561, 0, 157.89, 71, 100, 150.00, 735, 150.00, 0x0000000000000004
2026/10/02 14:36:33.762, 0, 150.82, 71, 100, 150.00, 750, 150.00, 0x0000000000000004
2026/10/02 14:36:33.963, 0, 150.83, 71, 100, 150.00, 765, 150.00, 0x0000000000000004
2026/10/02 14:36:34.163, 0, 141.90, 71, 1, 150.00, 1650, 150.00, 0x0000000000000004
2026/10/02 14:36:34.364, 0, 155.87, 71, 67, 150.00, 765, 150.00, 0x0000000000000004
2026/10/02 14:36:34.564, 0, 149.87, 71, 19, 150.00, 1605, 150.00, 0x0000000000000004
2026/10/02 14:36:34.765, 0, 139.26, 71, 0, 150.00, 1650, 150.00, 0x0000000000000004
2026/10/02 14:36:34.965, 0, 145.93, 70, 100, 150.00, 780, 150.00, 0x0000000000000004
2026/10/02 14:36:35.166, 0, 146.59, 71, 100, 150.00, 765, 150.00, 0x0000000000000004
2026/10/02 14:36:35.366, 0, 147.34, 71, 100, 150.00, 765, 150.00, 0x0000000000000004
2026/10/02 14:36:35.567, 0, 141.82, 71, 100, 150.00, 750, 150.00, 0x0000000000000004
2026/10/02 14:36:35.768, 0, 150.12, 71, 100, 150.00, 765, 150.00, 0x0000000000000004
2026/10/02 14:36:35.968, 0, 154.78, 71, 34, 150.00, 1350, 150.00, 0x0000000000000004
2026/10/02 14:36:36.169, 0, 154.21, 71, 100, 150.00, 765, 150.00, 0x0000000000000004
2026/10/02 14:36:36.369, 0, 145.85, 70, 61, 150.00, 615, 150.00, 0x0000000000000004
2026/10/02 14:36:36.570, 0, 145.79, 71, 100, 150.00, 765, 150.00, 0x0000000000000004
2026/10/02 14:36:36.770, 0, 146.89, 71, 100, 150.00, 765, 150.00, 0x0000000000000004
2026/10/02 14:36:36.971, 0, 140.66, 71, 14, 150.00, 1635, 150.00, 0x0000000000000004
2026/10/02 14:36:37.172, 0, 144.95, 71, 100, 150.00, 780, 150.00, 0x0000000000000004
2026/10/02 14:36:37.372, 0, 153.96, 71, 100, 150.00, 765, 150.00, 0x0000000000000004
2026/10/02 14:36:37.573, 0, 155.42, 72, 93, 150.00, 810, 150.00, 0x0000000000000004
2026/10/02 14:36:37.773, 0, 155.35, 72, 100, 150.00, 765, 150.00, 0x0000000000000004
2026/10/02 14:36:37.974, 0, 153.95, 72, 100, 150.00, 765, 150.00, 0x0000000000000004
2026/10/02 14:36:38.174, 0, 150.45, 71, 94, 150.00, 750, 150.00, 0x0000000000000004
2026/10/02 14:36:38.375, 0, 140.99, 72, 66, 150.00, 1335, 150.00, 0x0000000000000004
2026/10/02 14:36:38.576, 0, 130.56, 70, 68, 150.00, 615, 150.00, 0x0000000000000004
2026/10/02 14:36:38.776, 0, 116.64, 71, 75, 150.00, 1125, 150.00, 0x0000000000000004
2026/10/02 14:36:38.977, 0, 115.16, 70, 54, 150.00, 600, 150.00, 0x0000000000000004
2026/10/02 14:36:39.177, 0, 115.92, 71, 100, 150.00, 765, 150.00, 0x0000000000000004
2026/10/02 14:36:39.378, 0, 119.59, 72, 100, 150.00, 765, 150.00, 0x0000000000000004
2026/10/02 14:36:39.579, 0, 135.18, 72, 100, 150.00, 765, 150.00, 0x0000000000000004
2026/10/02 14:36:39.779, 0, 138.15, 72, 100, 150.00, 435, 150.00, 0x0000000000000004
2026/10/02 14:36:39.980, 0, 152.42, 71, 100, 150.00, 735, 150.00, 0x0000000000000004
2026/10/02 14:36:40.180, 0, 149.71, 72, 100, 150.00, 765, 150.00, 0x0000000000000004
2026/10/02 14:36:40.381, 0, 150.10, 72, 100, 150.00, 765, 150.00, 0x0000000000000004
2026/10/02 14:36:40.581, 0, 147.88, 72, 88, 150.00, 945, 150.00, 0x0000000000000004
2026/10/02 14:36:40.782, 0, 147.03, 72, 100, 150.00, 690, 150.00, 0x0000000000000004
2026/10/02 14:36:40.983, 0, 132.63, 71, 0, 150.00, 1680, 150.00, 0x0000000000000004
2026/10/02 14:36:41.183, 0, 132.73, 70, 19, 150.00, 1395, 150.00, 0x0000000000000004
2026/10/02 14:36:41.384, 0, 127.60, 71, 39, 150.00, 1530, 150.00, 0x0000000000000004
2026/10/02 14:36:41.584, 0, 115.60, 69, 0, 150.00, 1680, 150.00, 0x0000000000000004
2026/10/02 14:36:41.785, 0, 106.31, 70, 0, 150.00, 1650, 150.00, 0x0000000000000004
2026/10/02 14:36:41.985, 0, 104.02, 69, 70, 150.00, 1305, 150.00, 0x0000000000000004
2026/10/02 14:36:42.186, 0, 117.94, 71, 100, 150.00, 765, 150.00, 0x0000000000000004
2026/10/02 14:36:42.386, 0, 107.20, 71, 100, 150.00, 765, 150.00, 0x0000000000000004
2026/10/02 14:36:42.587, 0, 118.12, 70, 100, 150.00, 750, 150.00, 0x0000000000000004
2026/10/02 14:36:42.787, 0, 125.39, 72, 100, 150.00, 765, 150.00, 0x0000000000000004
2026/10/02 14:36:42.988, 0, 140.12, 72, 100, 150.00, 750, 150.00, 0x0000000000000004
2026/10/02 14:36:43.189, 0, 144.25, 72, 100, 150.00, 750, 150.00, 0x0000000000000004
2026/10/02 14:36:43.389, 0, 127.03, 70, 0, 150.00, 1680, 150.00, 0x0000000000000004
2026/10/02 14:36:43.590, 0, 138.84, 71, 100, 150.00, 780, 150.00, 0x0000000000000004
2026/10/02 14:36:43.791, 0, 139.90, 71, 100, 150.00, 765, 150.00, 0x0000000000000004
2026/10/02 14:36:43.991, 0, 139.78, 72, 100, 150.00, 750, 150.00, 0x0000000000000004
2026/10/02 14:36:44.192, 0, 139.95, 72, 100, 150.00, 765, 150.00, 0x0000000000000004
2026/10/02 14:36:44.392, 0, 153.63, 72, 100, 150.00, 720, 150.00, 0x0000000000000004
2026/10/02 14:36:44.593, 0, 142.54, 72, 28, 150.00, 1590, 150.00, 0x0000000000000004
2026/10/02 14:36:44.793, 0, 141.86, 72, 100, 150.00, 750, 150.00, 0x0000000000000004
2026/10/02 14:36:44.994, 0, 143.34, 72, 79, 150.00, 690, 150.00, 0x0000000000000004
2026/10/02 14:36:45.195, 0, 143.08, 72, 100, 150.00, 750, 150.00, 0x0000000000000004
2026/10/02 14:36:45.395, 0, 136.23, 72, 69, 150.00, 1290, 150.00, 0x0000000000000004
2026/10/02 14:36:45.596, 0, 143.11, 72, 76, 150.00, 705, 150.00, 0x0000000000000004
2026/10/02 14:36:45.796, 0, 152.33, 72, 100, 150.00, 750, 150.00, 0x0000000000000004
2026/10/02 14:36:45.997, 0, 143.83, 72, 54, 150.00, 1455, 150.00, 0x0000000000000004
2026/10/02 14:36:46.197, 0, 140.85, 72, 29, 150.00, 1560, 150.00, 0x0000000000000004
2026/10/02 14:36:46.398, 0, 141.10, 72, 100, 150.00, 750, 150.00, 0x0000000000000004
2026/10/02 14:36:46.598, 0, 145.87, 72, 100, 150.00, 765, 150.00, 0x0000000000000004
2026/10/02 14:36:46.799, 0, 144.55, 72, 100, 150.00, 765, 150.00, 0x0000000000000004
2026/10/02 14:36:46.999, 0, 153.86, 72, 100, 150.00, 780, 150.00, 0x0000000000000004
2026/10/02 14:36:47.200, 0, 142.50, 72, 100, 150.00, 720, 150.00, 0x0000000000000004
2026/10/02 14:36:47.401, 0, 151.44, 72, 100, 150.00, 750, 150.00, 0x0000000000000004
2026/10/02 14:36:47.601, 0, 145.49, 72, 91, 150.00, 765, 150.00, 0x0000000000000004
2026/10/02 14:36:47.802, 0, 144.40, 71, 16, 150.00, 1590, 150.00, 0x0000000000000004
2026/10/02 14:36:48.002, 0, 143.64, 72, 100, 150.00, 750, 150.00, 0x0000000000000004
2026/10/02 14:36:48.203, 0, 151.39, 72, 27, 150.00, 1260, 150.00, 0x0000000000000004
2026/10/02 14:36:48.404, 0, 151.13, 72, 100, 150.00, 750, 150.00, 0x0000000000000004
2026/10/02 14:36:48.604, 0, 151.35, 72, 100, 150.00, 750, 150.00, 0x0000000000000004
2026/10/02 14:36:48.805, 0, 160.69, 72, 100, 150.00, 750, 150.00, 0x0000000000000004
2026/10/02 14:36:49.005, 0, 158.34, 73, 100, 150.00, 615, 150.00, 0x0000000000000004
2026/10/02 14:36:49.206, 0, 156.32, 72, 100, 150.00, 720, 150.00, 0x0000000000000004
2026/10/02 14:36:49.406, 0, 150.97, 72, 100, 150.00, 750, 150.00, 0x0000000000000004
2026/10/02 14:36:49.607, 0, 150.93, 72, 100, 150.00, 735, 150.00, 0x0000000000000004
2026/10/02 14:36:49.808, 0, 151.30, 73, 100, 150.00, 750, 150.00, 0x0000000000000004
2026/10/02 14:36:50.008, 0, 147.51, 71, 15, 150.00, 1590, 150.00, 0x0000000000000004
2026/10/02 14:36:50.209, 0, 132.78, 71, 0, 150.00, 1680, 150.00, 0x0000000000000004
2026/10/02 14:36:50.409, 0, 129.23, 72, 9, 150.00, 1620, 150.00, 0x0000000000000004
2026/10/02 14:36:50.610, 0, 132.08, 72, 100, 150.00, 765, 150.00, 0x0000000000000004
2026/10/02 14:36:50.811, 0, 132.33, 72, 100, 150.00, 765, 150.00, 0x0000000000000004
2026/10/02 14:36:51.011, 0, 140.65, 72, 100, 150.00, 750, 150.00, 0x0000000000000004
2026/10/02 14:36:51.212, 0, 144.78, 72, 100, 150.00, 750, 150.00, 0x0000000000000004
2026/10/02 14:36:51.412, 0, 145.79, 72, 100, 150.00, 720, 150.00, 0x0000000000000004
2026/10/02 14:36:51.613, 0, 150.15, 72, 100, 150.00, 735, 150.00, 0x0000000000000004
2026/10/02 14:36:51.813, 0, 149.95, 72, 100, 150.00, 750, 150.00, 0x0000000000000004
2026/10/02 14:36:52.014, 0, 150.24, 73, 100, 150.00, 750, 150.00, 0x0000000000000004
2026/10/02 14:36:52.215, 0, 148.97, 73, 100, 150.00, 615, 150.00, 0x0000000000000004
2026/10/02 14:36:52.415, 0, 143.33, 72, 72, 150.00, 1185, 150.00, 0x0000000000000004
2026/10/02 14:36:52.616, 0, 142.63, 73, 100, 150.00, 735, 150.00, 0x0000000000000004
2026/10/02 14:36:52.816, 0, 142.73, 73, 100, 150.00, 750, 150.00, 0x0000000000000004
2026/10/02 14:36:53.017, 0, 142.57, 73, 100, 150.00, 750, 150.00, 0x0000000000000004
2026/10/02 14:36:53.217, 0, 141.41, 73, 100, 150.00, 675, 150.00, 0x0000000000000004
2026/10/02 14:36:53.418, 0, 140.82, 73, 100, 150.00, 720, 150.00, 0x0000000000000004
2026/10/02 14:36:53.619, 0, 148.83, 73, 100, 150.00, 750, 150.00, 0x0000000000000004
2026/10/02 14:36:53.819, 0, 148.04, 72, 25, 150.00, 600, 150.00, 0x0000000000000004
2026/10/02 14:36:54.020, 0, 139.07, 71, 31, 150.00, 1635, 150.00, 0x0000000000000004
2026/10/02 14:36:54.220, 0, 133.54, 72, 66, 150.00, 990, 150.00, 0x0000000000000004
2026/10/02 14:36:54.421, 0, 119.28, 72, 65, 150.00, 1335, 150.00, 0x0000000000000004
2026/10/02 14:36:54.621, 0, 103.64, 71, 0, 150.00, 1680, 150.00, 0x0000000000000004
2026/10/02 14:36:54.822, 0, 118.70, 72, 100, 150.00, 750, 150.00, 0x0000000000000004
2026/10/02 14:36:55.023, 0, 109.02, 72, 87, 150.00, 780, 150.00, 0x0000000000000004
2026/10/02 14:36:55.223, 0, 114.40, 71, 51, 150.00, 1575, 150.00, 0x0000000000000004
2026/10/02 14:36:55.424, 0, 115.92, 72, 100, 150.00, 765, 150.00, 0x0000000000000004
2026/10/02 14:36:55.624, 0, 128.00, 71, 37, 150.00, 1620, 150.00, 0x0000000000000004
2026/10/02 14:36:55.825, 0, 128.05, 72, 100, 150.00, 750, 150.00, 0x0000000000000004
2026/10/02 14:36:56.025, 0, 127.97, 73, 100, 150.00, 750, 150.00, 0x0000000000000004
2026/10/02 14:36:56.226, 0, 130.58, 73, 100, 150.00, 750, 150.00, 0x0000000000000004
2026/10/02 14:36:56.427, 0, 142.59, 73, 100, 150.00, 555, 150.00, 0x0000000000000004
2026/10/02 14:36:56.627, 0, 150.02, 73, 100, 150.00, 735, 150.00, 0x0000000000000004
2026/10/02 14:36:56.828, 0, 149.75, 73, 100, 150.00, 750, 150.00, 0x0000000000000004
2026/10/02 14:36:57.029, 0, 151.59, 73, 61, 150.00, 765, 150.00, 0x0000000000000004
2026/10/02 14:36:57.229, 0, 142.76, 71, 100, 150.00, 1635, 150.00, 0x0000000000000004
2026/10/02 14:36:57.430, 0, 142.69, 73, 79, 150.00, 735, 150.00, 0x0000000000000004
2026/10/02 14:36:57.630, 0, 145.88, 73, 100, 150.00, 750, 150.00, 0x0000000000000004
2026/10/02 14:36:57.831, 0, 142.01, 72, 36, 150.00, 855, 150.00, 0x0000000000000004
2026/10/02 14:36:58.032, 0, 129.51, 72, 44, 150.00, 690, 150.00, 0x0000000000000004
2026/10/02 14:36:58.232, 0, 132.53, 73, 88, 150.00, 690, 150.00, 0x0000000000000004
2026/10/02 14:36:58.433, 0, 127.53, 72, 100, 150.00, 1455, 150.00, 0x0000000000000004
2026/10/02 14:36:58.634, 0, 113.58, 71, 0, 150.00, 1680, 150.00, 0x0000000000000004
2026/10/02 14:36:58.834, 0, 107.81, 70, 0, 150.00, 1695, 150.00, 0x0000000000000000
2026/10/02 14:36:59.035, 0, 100.09, 70, 69, 150.00, 1665, 150.00, 0x0000000000000004
2026/10/02 14:36:59.236, 0, 104.85, 72, 67, 150.00, 615, 150.00, 0x0000000000000004
2026/10/02 14:36:59.436, 0, 105.09, 72, 100, 150.00, 750, 150.00, 0x0000000000000004
2026/10/02 14:36:59.637, 0, 120.60, 73, 76, 150.00, 750, 150.00, 0x0000000000000004
2026/10/02 14:36:59.837, 0, 140.31, 73, 100, 150.00, 750, 150.00, 0x0000000000000004
2026/10/02 14:37:00.038, 0, 145.56, 73, 100, 150.00, 465, 150.00, 0x0000000000000004
2026/10/02 14:37:00.239, 0, 159.01, 73, 100, 150.00, 720, 150.00, 0x0000000000000004
2026/10/02 14:37:00.439, 0, 152.83, 73, 100, 150.00, 735, 150.00, 0x0000000000000004
2026/10/02 14:37:00.640, 0, 151.96, 73, 100, 150.00, 750, 150.00, 0x0000000000000004
2026/10/02 14:37:00.840, 0, 152.08, 73, 100, 150.00, 750, 150.00, 0x0000000000000004
2026/10/02 14:37:01.041, 0, 143.81, 71, 100, 150.00, 1620, 150.00, 0x0000000000000004
2026/10/02 14:37:01.241, 0, 153.26, 73, 27, 150.00, 915, 150.00, 0x0000000000000004
2026/10/02 14:37:01.442, 0, 152.72, 73, 100, 150.00, 750, 150.00, 0x0000000000000004
2026/10/02 14:37:01.643, 0, 152.82, 73, 100, 150.00, 750, 150.00, 0x0000000000000004
2026/10/02 14:37:01.843, 0, 152.90, 73, 100, 150.00, 750, 150.00, 0x0000000000000004
2026/10/02 14:37:02.044, 0, 161.54, 73, 100, 150.00, 660, 150.00, 0x0000000000000004
2026/10/02 14:37:02.244, 0, 152.04, 73, 100, 150.00, 720, 150.00, 0x0000000000000004
2026/10/02 14:37:02.445, 0, 151.16, 73, 100, 150.00, 750, 150.00, 0x0000000000000004
2026/10/02 14:37:02.646, 0, 150.89, 73, 100, 150.00, 735, 150.00, 0x0000000000000004
2026/10/02 14:37:02.846, 0, 151.05, 73, 100, 150.00, 675, 150.00, 0x0000000000000004
2026/10/02 14:37:03.047, 0, 149.49, 73, 100, 150.00, 675, 150.00, 0x0000000000000004
2026/10/02 14:37:03.247, 0, 150.64, 73, 100, 150.00, 720, 150.00, 0x0000000000000004
2026/10/02 14:37:03.448, 0, 150.76, 73, 100, 150.00, 960, 150.00, 0x0000000000000004
2026/10/02 14:37:03.649, 0, 146.64, 71, 49, 150.00, 1635, 150.00, 0x0000000000000004
2026/10/02 14:37:03.849, 0, 152.56, 73, 44, 150.00, 765, 150.00, 0x0000000000000004
2026/10/02 14:37:04.050, 0, 153.02, 73, 11, 150.00, 600, 150.00, 0x0000000000000004
2026/10/02 14:37:04.250, 0, 138.15, 71, 35, 150.00, 1680, 150.00, 0x0000000000000004
2026/10/02 14:37:04.451, 0, 146.83, 72, 27, 150.00, 765, 150.00, 0x0000000000000004
2026/10/02 14:37:04.652, 0, 158.35, 73, 100, 150.00, 645, 150.00, 0x0000000000000004
2026/10/02 14:37:04.852, 0, 134.17, 71, 46, 150.00, 1485, 150.00, 0x0000000000000004
2026/10/02 14:37:05.053, 0, 126.41, 72, 0, 150.00, 675, 150.00, 0x0000000000000004
2026/10/02 14:37:05.253, 0, 137.20, 73, 100, 150.00, 750, 150.00, 0x0000000000000004
2026/10/02 14:37:05.454, 0, 136.37, 73, 100, 150.00, 750, 150.00, 0x0000000000000004
2026/10/02 14:37:05.655, 0, 122.68, 72, 35, 150.00, 1290, 150.00, 0x0000000000000004
2026/10/02 14:37:05.855, 0, 127.10, 73, 15, 150.00, 765, 150.00, 0x0000000000000004
2026/10/02 14:37:06.056, 0, 142.66, 73, 98, 150.00, 750, 150.00, 0x0000000000000004
2026/10/02 14:37:06.257, 0, 142.81, 73, 100, 150.00, 750, 150.00, 0x0000000000000004
2026/10/02 14:37:06.457, 0, 124.71, 71, 66, 150.00, 1680, 150.00, 0x0000000000000004
2026/10/02 14:37:06.658, 0, 121.58, 71, 0, 150.00, 1680, 150.00, 0x0000000000000004
2026/10/02 14:37:06.858, 0, 116.94, 72, 1, 150.00, 780, 150.00, 0x0000000000000004
2026/10/02 14:37:07.059, 0, 109.07, 71, 77, 150.00, 1590, 150.00, 0x0000000000000004
2026/10/02 14:37:07.260, 0, 104.88, 73, 67, 150.00, 750, 150.00, 0x0000000000000004
2026/10/02 14:37:07.460, 0, 117.51, 73, 100, 150.00, 750, 150.00, 0x0000000000000004
2026/10/02 14:37:07.661, 0, 136.96, 73, 100, 150.00, 750, 150.00, 0x0000000000000004
2026/10/02 14:37:07.861, 0, 130.62, 71, 18, 150.00, 1680, 150.00, 0x0000000000000004
2026/10/02 14:37:08.062, 0, 128.00, 72, 0, 150.00, 600, 150.00, 0x0000000000000004
2026/10/02 14:37:08.262, 0, 139.79, 73, 100, 150.00, 750, 150.00, 0x0000000000000004
2026/10/02 14:37:08.463, 0, 143.88, 73, 94, 150.00, 585, 150.00, 0x0000000000000004
2026/10/02 14:37:08.664, 0, 148.47, 72, 75, 150.00, 840, 150.00, 0x0000000000000004
2026/10/02 14:37:08.864, 0, 155.90, 73, 100, 150.00, 750, 150.00, 0x0000000000000004
2026/10/02 14:37:09.065, 0, 169.39, 73, 28, 150.00, 630, 150.00, 0x0000000000000004
2026/10/02 14:37:09.266, 0, 160.64, 73, 100, 150.00, 750, 150.00, 0x0000000000000004
2026/10/02 14:37:09.467, 0, 145.49, 72, 92, 150.00, 1335, 150.00, 0x0000000000000004
2026/10/02 14:37:09.667, 0, 133.07, 72, 68, 150.00, 1275, 150.00, 0x0000000000000004
2026/10/02 14:37:09.868, 0, 128.78, 73, 85, 150.00, 645, 150.00, 0x0000000000000004
2026/10/02 14:37:10.068, 0, 138.92, 73, 100, 150.00, 750, 150.00, 0x0000000000000004
2026/10/02 14:37:10.269, 0, 135.03, 73, 100, 150.00, 660, 150.00, 0x0000000000000004
2026/10/02 14:37:10.470, 0, 145.21, 73, 74, 150.00, 1005, 150.00, 0x0000000000000004
2026/10/02 14:37:10.670, 0, 148.45, 73, 53, 150.00, 750, 150.00, 0x0000000000000004
2026/10/02 14:37:10.871, 0, 154.40, 73, 100, 150.00, 750, 150.00, 0x0000000000000004
2026/10/02 14:37:11.071, 0, 154.43, 73, 100, 150.00, 750, 150.00, 0x0000000000000004
2026/10/02 14:37:11.272, 0, 151.42, 73, 93, 150.00, 990, 150.00, 0x0000000000000004
2026/10/02 14:37:11.473, 0, 141.02, 73, 75, 150.00, 615, 150.00, 0x0000000000000004
2026/10/02 14:37:11.673, 0, 141.30, 73, 19, 150.00, 750, 150.00, 0x0000000000000004
2026/10/02 14:37:11.874, 0, 130.85, 73, 65, 150.00, 750, 150.00, 0x0000000000000004
2026/10/02 14:37:12.074, 0, 132.98, 73, 100, 150.00, 750, 150.00, 0x0000000000000004
2026/10/02 14:37:12.275, 0, 134.26, 73, 100, 150.00, 765, 150.00, 0x0000000000000004
2026/10/02 14:37:12.475, 0, 123.87, 71, 10, 150.00, 1680, 150.00, 0x0000000000000004
2026/10/02 14:37:12.676, 0, 125.71, 72, 19, 150.00, 1575, 150.00, 0x0000000000000004
2026/10/02 14:37:12.876, 0, 126.22, 72, 88, 150.00, 1500, 150.00, 0x0000000000000004
2026/10/02 14:37:13.077, 0, 114.61, 72, 92, 150.00, 1515, 150.00, 0x0000000000000004
2026/10/02 14:37:13.278, 0, 118.14, 71, 36, 150.00, 1620, 150.00, 0x0000000000000004
2026/10/02 14:37:13.478, 0, 136.91, 73, 23, 150.00, 765, 150.00, 0x0000000000000004
2026/10/02 14:37:13.679, 0, 117.39, 72, 34, 150.00, 1410, 150.00, 0x0000000000000004
2026/10/02 14:37:13.879, 0, 126.04, 73, 98, 150.00, 750, 150.00, 0x0000000000000004
2026/10/02 14:37:14.080, 0, 135.12, 73, 100, 150.00, 750, 150.00, 0x0000000000000004
2026/10/02 14:37:14.281, 0, 135.18, 73, 100, 150.00, 750, 150.00, 0x0000000000000004
2026/10/02 14:37:14.481, 0, 137.08, 73, 100, 150.00, 510, 150.00, 0x0000000000000004
2026/10/02 14:37:14.682, 0, 142.48, 73, 100, 150.00, 705, 150.00, 0x0000000000000004
2026/10/02 14:37:14.882, 0, 150.16, 73, 100, 150.00, 750, 150.00, 0x0000000000000004
2026/10/02 14:37:15.083, 0, 149.88, 73, 100, 150.00, 750, 150.00, 0x0000000000000004
2026/10/02 14:37:15.284, 0, 149.88, 74, 100, 150.00, 750, 150.00, 0x0000000000000004
2026/10/02 14:37:15.484, 0, 148.37, 73, 100, 150.00, 630, 150.00, 0x0000000000000004
2026/10/02 14:37:15.685, 0, 149.75, 73, 100, 150.00, 705, 150.00, 0x0000000000000004
2026/10/02 14:37:15.885, 0, 150.05, 74, 100, 150.00, 735, 150.00, 0x0000000000000004
2026/10/02 14:37:16.086, 0, 150.07, 74, 100, 150.00, 750, 150.00, 0x0000000000000004
2026/10/02 14:37:16.286, 0, 150.02, 74, 100, 150.00, 720, 150.00, 0x0000000000000004
2026/10/02 14:37:16.487, 0, 149.55, 73, 100, 150.00, 675, 150.00, 0x0000000000000004
2026/10/02 14:37:16.688, 0, 149.56, 73, 100, 150.00, 705, 150.00, 0x0000000000000004
2026/10/02 14:37:16.888, 0, 149.96, 74, 100, 150.00, 735, 150.00, 0x0000000000000004
2026/10/02 14:37:17.089, 0, 150.12, 74, 100, 150.00, 750, 150.00, 0x0000000000000004
2026/10/02 14:37:17.289, 0, 149.62, 74, 100, 150.00, 705, 150.00, 0x0000000000000004
2026/10/02 14:37:17.490, 0, 149.33, 74, 100, 150.00, 690, 150.00, 0x0000000000000004
2026/10/02 14:37:17.691, 0, 150.03, 74, 100, 150.00, 705, 150.00, 0x0000000000000004
2026/10/02 14:37:17.891, 0, 149.96, 74, 100, 150.00, 735, 150.00, 0x0000000000000004
2026/10/02 14:37:18.092, 0, 150.12, 74, 100, 150.00, 735, 150.00, 0x0000000000000004
2026/10/02 14:37:18.293, 0, 151.31, 74, 100, 150.00, 660, 150.00, 0x0000000000000004
2026/10/02 14:37:18.493, 0, 151.13, 74, 100, 150.00, 690, 150.00, 0x0000000000000004
2026/10/02 14:37:18.694, 0, 153.71, 74, 81, 150.00, 720, 150.00, 0x0000000000000004
2026/10/02 14:37:18.894, 0, 144.67, 73, 21, 150.00, 1095, 150.00, 0x0000000000000004
2026/10/02 14:37:19.095, 0, 134.97, 72, 97, 150.00, 1575, 150.00, 0x0000000000000004
2026/10/02 14:37:19.295, 0, 128.57, 73, 0, 150.00, 720, 150.00, 0x0000000000000004
2026/10/02 14:37:19.496, 0, 118.01, 73, 77, 150.00, 1005, 150.00, 0x0000000000000004
2026/10/02 14:37:19.697, 0, 107.10, 73, 81, 150.00, 1185, 150.00, 0x0000000000000004
2026/10/02 14:37:19.897, 0, 104.02, 72, 68, 150.00, 1680, 150.00, 0x0000000000000004
2026/10/02 14:37:20.098, 0, 92.05, 71, 0, 150.00, 1680, 150.00, 0x0000000000000004
2026/10/02 14:37:20.298, 0, 108.35, 73, 0, 150.00, 615, 150.00, 0x0000000000000004
2026/10/02 14:37:20.498, 0, 116.94, 73, 100, 150.00, 750, 150.00, 0x0000000000000004
2026/10/02 14:37:20.699, 0, 108.96, 72, 100, 150.00, 1380, 150.00, 0x0000000000000004
2026/10/02 14:37:20.900, 0, 116.38, 72, 94, 150.00, 1515, 150.00, 0x0000000000000004
2026/10/02 14:37:21.100, 0, 138.57, 73, 36, 150.00, 750, 150.00, 0x0000000000000004
2026/10/02 14:37:21.301, 0, 152.43, 74, 100, 150.00, 750, 150.00, 0x0000000000000004
2026/10/02 14:37:21.501, 0, 143.97, 74, 100, 150.00, 735, 150.00, 0x0000000000000004
2026/10/02 14:37:21.702, 0, 152.62, 74, 100, 150.00, 750, 150.00, 0x0000000000000004
2026/10/02 14:37:21.903, 0, 151.38, 73, 100, 150.00, 690, 150.00, 0x0000000000000004
2026/10/02 14:37:22.103, 0, 150.79, 74, 100, 150.00, 735, 150.00, 0x0000000000000004
2026/10/02 14:37:22.304, 0, 150.66, 74, 100, 150.00, 750, 150.00, 0x0000000000000004
2026/10/02 14:37:22.504, 0, 150.62, 74, 100, 150.00, 735, 150.00, 0x0000000000000004
2026/10/02 14:37:22.705, 0, 149.88, 74, 100, 150.00, 585, 150.00, 0x0000000000000004
2026/10/02 14:37:22.905, 0, 149.96, 74, 100, 150.00, 675, 150.00, 0x0000000000000004
2026/10/02 14:37:23.106, 0, 150.01, 74, 100, 150.00, 720, 150.00, 0x0000000000000004
2026/10/02 14:37:23.306, 0, 150.31, 74, 100, 150.00, 735, 150.00, 0x0000000000000004
2026/10/02 14:37:23.507, 0, 150.55, 74, 100, 150.00, 735, 150.00, 0x0000000000000004
2026/10/02 14:37:23.708, 0, 149.42, 74, 100, 150.00, 660, 150.00, 0x0000000000000004
2026/10/02 14:37:23.908, 0, 149.77, 74, 100, 150.00, 690, 150.00, 0x0000000000000004
2026/10/02 14:37:24.109, 0, 150.33, 74, 100, 150.00, 735, 150.00, 0x0000000000000004
2026/10/02 14:37:24.309, 0, 150.37, 74, 100, 150.00, 735, 150.00, 0x0000000000000004
2026/10/02 14:37:24.510, 0, 150.41, 74, 100, 150.00, 705, 150.00, 0x0000000000000004
2026/10/02 14:37:24.710, 0, 149.49, 74, 100, 150.00, 675, 150.00, 0x0000000000000004
2026/10/02 14:37:24.911, 0, 149.76, 74, 100, 150.00, 705, 150.00, 0x0000000000000004
2026/10/02 14:37:25.112, 0, 150.14, 74, 100, 150.00, 720, 150.00, 0x0000000000000004
2026/10/02 14:37:25.312, 0, 150.08, 74, 100, 150.00, 735, 150.00, 0x0000000000000004
2026/10/02 14:37:25.513, 0, 150.01, 74, 100, 150.00, 705, 150.00, 0x0000000000000004
2026/10/02 14:37:25.713, 0, 149.83, 74, 100, 150.00, 675, 150.00, 0x0000000000000004
2026/10/02 14:37:25.914, 0, 149.89, 74, 100, 150.00, 705, 150.00, 0x0000000000000004
2026/10/02 14:37:26.114, 0, 150.26, 74, 100, 150.00, 720, 150.00, 0x0000000000000004
2026/10/02 14:37:26.315, 0, 149.97, 74, 100, 150.00, 720, 150.00, 0x0000000000000004
2026/10/02 14:37:26.516, 0, 149.88, 74, 100, 150.00, 705, 150.00, 0x0000000000000004
2026/10/02 14:37:26.716, 0, 149.80, 74, 100, 150.00, 675, 150.00, 0x0000000000000004
2026/10/02 14:37:26.917, 0, 149.73, 74, 100, 150.00, 705, 150.00, 0x0000000000000004
2026/10/02 14:37:27.117, 0, 149.58, 74, 100, 150.00, 720, 150.00, 0x0000000000000004
2026/10/02 14:37:27.318, 0, 149.81, 75, 100, 150.00, 720, 150.00, 0x0000000000000004
2026/10/02 14:37:27.519, 0, 149.77, 75, 100, 150.00, 705, 150.00, 0x0000000000000004
2026/10/02 14:37:27.719, 0, 149.71, 74, 100, 150.00, 690, 150.00, 0x0000000000000004
2026/10/02 14:37:27.920, 0, 149.84, 75, 100, 150.00, 705, 150.00, 0x0000000000000004
2026/10/02 14:37:28.120, 0, 150.01, 75, 100, 150.00, 720, 150.00, 0x0000000000000004
2026/10/02 14:37:28.321, 0, 150.06, 75, 100, 150.00, 720, 150.00, 0x0000000000000004
2026/10/02 14:37:28.522, 0, 149.94, 75, 100, 150.00, 705, 150.00, 0x0000000000000004
2026/10/02 14:37:28.722, 0, 149.56, 75, 100, 150.00, 690, 150.00, 0x0000000000000004
2026/10/02 14:37:28.923, 0, 149.72, 75, 100, 150.00, 705, 150.00, 0x0000000000000004
2026/10/02 14:37:29.123, 0, 149.95, 75, 100, 150.00, 705, 150.00, 0x0000000000000004
2026/10/02 14:37:29.324, 0, 149.91, 75, 100, 150.00, 720, 150.00, 0x0000000000000004
2026/10/02 14:37:29.524, 0, 149.67, 75, 100, 150.00, 705, 150.00, 0x0000000000000004
2026/10/02 14:37:29.725, 0, 149.57, 75, 100, 150.00, 705, 150.00, 0x0000000000000004
2026/10/02 14:37:29.926, 0, 149.66, 75, 100, 150.00, 705, 150.00, 0x0000000000000004
2026/10/02 14:37:30.126, 0, 149.77, 75, 100, 150.00, 705, 150.00, 0x0000000000000004
2026/10/02 14:37:30.327, 0, 149.57, 75, 100, 150.00, 720, 150.00, 0x0000000000000004
2026/10/02 14:37:30.527, 0, 140.71, 74, 100, 150.00, 1245, 150.00, 0x0000000000000004
2026/10/02 14:37:30.728, 0, 140.97, 75, 98, 150.00, 735, 150.00, 0x0000000000000004
2026/10/02 14:37:30.929, 0, 139.10, 73, 79, 150.00, 1605, 150.00, 0x0000000000000004
2026/10/02 14:37:31.129, 0, 139.21, 74, 8, 150.00, 750, 150.00, 0x0000000000000004
2026/10/02 14:37:31.330, 0, 140.87, 75, 100, 150.00, 735, 150.00, 0x0000000000000004
2026/10/02 14:37:31.530, 0, 141.49, 75, 100, 150.00, 735, 150.00, 0x0000000000000004
2026/10/02 14:37:31.731, 0, 150.69, 75, 100, 150.00, 735, 150.00, 0x0000000000000004
2026/10/02 14:37:31.931, 0, 150.70, 74, 100, 150.00, 705, 150.00, 0x0000000000000004
2026/10/02 14:37:32.132, 0, 149.83, 75, 100, 150.00, 735, 150.00, 0x0000000000000004
2026/10/02 14:37:32.333, 0, 150.57, 75, 100, 150.00, 735, 150.00, 0x0000000000000004
2026/10/02 14:37:32.533, 0, 150.39, 75, 100, 150.00, 735, 150.00, 0x0000000000000004
2026/10/02 14:37:32.734, 0, 149.26, 75, 100, 150.00, 660, 150.00, 0x0000000000000004
2026/10/02 14:37:32.934, 0, 150.10, 75, 100, 150.00, 705, 150.00, 0x0000000000000004
2026/10/02 14:37:33.135, 0, 150.48, 75, 100, 150.00, 720, 150.00, 0x0000000000000004
2026/10/02 14:37:33.336, 0, 150.24, 75, 100, 150.00, 735, 150.00, 0x0000000000000004
2026/10/02 14:37:33.537, 0, 150.34, 75, 67, 150.00, 720, 150.00, 0x0000000000000004
2026/10/02 14:37:33.737, 0, 150.15, 75, 100, 150.00, 675, 150.00, 0x0000000000000004
2026/10/02 14:37:33.938, 0, 151.11, 75, 100, 150.00, 690, 150.00, 0x0000000000000004
2026/10/02 14:37:34.138, 0, 151.29, 75, 100, 150.00, 720, 150.00, 0x0000000000000004
2026/10/02 14:37:34.339, 0, 142.29, 75, 42, 150.00, 630, 150.00, 0x0000000000000004
2026/10/02 14:37:34.540, 0, 134.54, 74, 59, 150.00, 1605, 150.00, 0x0000000000000004
2026/10/02 14:37:34.740, 0, 137.53, 75, 100, 150.00, 735, 150.00, 0x0000000000000004
2026/10/02 14:37:34.941, 0, 131.23, 74, 85, 150.00, 1005, 150.00, 0x0000000000000004
2026/10/02 14:37:35.142, 0, 131.12, 75, 100, 150.00, 735, 150.00, 0x0000000000000004
2026/10/02 14:37:35.342, 0, 133.32, 75, 100, 150.00, 735, 150.00, 0x0000000000000004
2026/10/02 14:37:35.543, 0, 141.34, 75, 100, 150.00, 675, 150.00, 0x0000000000000004
2026/10/02 14:37:35.743, 0, 146.00, 75, 100, 150.00, 720, 150.00, 0x0000000000000004
2026/10/02 14:37:35.944, 0, 143.93, 75, 100, 150.00, 720, 150.00, 0x0000000000000004
2026/10/02 14:37:36.145, 0, 150.15, 75, 100, 150.00, 735, 150.00, 0x0000000000000004
2026/10/02 14:37:36.345, 0, 149.40, 75, 100, 150.00, 645, 150.00, 0x0000000000000004
2026/10/02 14:37:36.546, 0, 149.34, 75, 100, 150.00, 705, 150.00, 0x0000000000000004
2026/10/02 14:37:36.746, 0, 148.82, 75, 100, 150.00, 675, 150.00, 0x0000000000000004
2026/10/02 14:37:36.947, 0, 150.22, 75, 100, 150.00, 720, 150.00, 0x0000000000000004
2026/10/02 14:37:37.148, 0, 150.38, 75, 100, 150.00, 735, 150.00, 0x0000000000000004
2026/10/02 14:37:37.348, 0, 149.59, 75, 100, 150.00, 690, 150.00, 0x0000000000000004
2026/10/02 14:37:37.549, 0, 140.53, 75, 66, 150.00, 1350, 150.00, 0x0000000000000004
2026/10/02 14:37:37.750, 0, 127.83, 74, 0, 150.00, 660, 150.00, 0x0000000000000004
2026/10/02 14:37:37.950, 0, 109.82, 74, 0, 150.00, 645, 150.00, 0x0000000000000004
2026/10/02 14:37:38.151, 0, 110.68, 75, 76, 150.00, 675, 150.00, 0x0000000000000004
2026/10/02 14:37:38.351, 0, 94.57, 73, 0, 150.00, 1680, 150.00, 0x0000000000000004
2026/10/02 14:37:38.552, 0, 94.58, 73, 0, 150.00, 1680, 150.00, 0x0000000000000004
2026/10/02 14:37:38.753, 0, 89.29, 72, 0, 150.00, 1695, 150.00, 0x0000000000000000
2026/10/02 14:37:38.953, 0, 90.74, 72, 0, 150.00, 1695, 150.00, 0x0000000000000000
2026/10/02 14:37:39.154, 0, 91.75, 72, 51, 150.00, 1620, 150.00, 0x0000000000000004
2026/10/02 14:37:39.354, 0, 84.82, 72, 0, 150.00, 1485, 150.00, 0x0000000000000004
2026/10/02 14:37:39.555, 0, 92.45, 73, 83, 150.00, 1515, 150.00, 0x0000000000000004
2026/10/02 14:37:39.755, 0, 103.61, 74, 14, 150.00, 570, 150.00, 0x0000000000000004
2026/10/02 14:37:39.956, 0, 110.10, 73, 45, 150.00, 1650, 150.00, 0x0000000000000004
2026/10/02 14:37:40.156, 0, 98.40, 73, 0, 150.00, 645, 150.00, 0x0000000000000004
2026/10/02 14:37:40.357, 0, 109.93, 73, 58, 150.00, 1230, 150.00, 0x0000000000000004
2026/10/02 14:37:40.557, 0, 100.61, 72, 0, 150.00, 1680, 150.00, 0x0000000000000004
2026/10/02 14:37:40.758, 0, 100.22, 72, 0, 150.00, 1695, 150.00, 0x0000000000000004
2026/10/02 14:37:40.958, 0, 82.11, 71, 0, 150.00, 1695, 150.00, 0x0000000000000000
2026/10/02 14:37:41.159, 0, 83.59, 71, 0, 150.00, 1695, 150.00, 0x0000000000000000
2026/10/02 14:37:41.359, 0, 84.96, 71, 0, 150.00, 1695, 150.00, 0x0000000000000000
2026/10/02 14:37:41.560, 0, 84.96, 71, 0, 150.00, 1695, 150.00, 0x0000000000000000
2026/10/02 14:37:41.760, 0, 114.11, 73, 65, 150.00, 1035, 150.00, 0x0000000000000004
2026/10/02 14:37:41.961, 0, 124.13, 73, 52, 150.00, 1140, 150.00, 0x0000000000000004
2026/10/02 14:37:42.162, 0, 136.59, 72, 45, 150.00, 1635, 150.00, 0x0000000000000004
2026/10/02 14:37:42.362, 0, 150.00, 72, 17, 150.00, 585, 150.00, 0x0000000000000004
2026/10/02 14:37:42.563, 0, 136.24, 71, 0, 150.00, 1680, 150.00, 0x0000000000000004
2026/10/02 14:37:42.763, 0, 117.91, 71, 0, 150.00, 1680, 150.00, 0x0000000000000004
2026/10/02 14:37:42.964, 0, 119.11, 71, 13, 150.00, 1665, 150.00, 0x0000000000000004
2026/10/02 14:37:43.164, 0, 110.67, 73, 36, 150.00, 825, 150.00, 0x0000000000000004
2026/10/02 14:37:43.365, 0, 118.51, 71, 14, 150.00, 1665, 150.00, 0x0000000000000004
2026/10/02 14:37:43.566, 0, 107.61, 71, 0, 150.00, 1680, 150.00, 0x0000000000000004
2026/10/02 14:37:43.766, 0, 120.20, 71, 12, 150.00, 1665, 150.00, 0x0000000000000004
2026/10/02 14:37:43.967, 0, 105.63, 71, 0, 150.00, 1680, 150.00, 0x0000000000000004
2026/10/02 14:37:44.167, 0, 112.22, 72, 94, 150.00, 765, 150.00, 0x0000000000000004
2026/10/02 14:37:44.368, 0, 107.69, 73, 59, 150.00, 600, 150.00, 0x0000000000000004
2026/10/02 14:37:44.569, 0, 105.86, 71, 0, 150.00, 1680, 150.00, 0x0000000000000004
2026/10/02 14:37:44.769, 0, 93.87, 71, 0, 150.00, 810, 150.00, 0x0000000000000004
2026/10/02 14:37:44.970, 0, 109.60, 72, 19, 150.00, 600, 150.00, 0x0000000000000004
2026/10/02 14:37:45.171, 0, 110.90, 73, 89, 150.00, 765, 150.00, 0x0000000000000004
2026/10/02 14:37:45.371, 0, 96.80, 71, 0, 150.00, 1680, 150.00, 0x0000000000000004
2026/10/02 14:37:45.572, 0, 90.23, 71, 68, 150.00, 1575, 150.00, 0x0000000000000004
2026/10/02 14:37:45.772, 0, 102.36, 72, 54, 150.00, 1215, 150.00, 0x0000000000000004
2026/10/02 14:37:45.973, 0, 100.04, 71, 0, 150.00, 1680, 150.00, 0x0000000000000004
2026/10/02 14:37:46.174, 0, 90.06, 71, 63, 150.00, 1485, 150.00, 0x0000000000000004
2026/10/02 14:37:46.374, 0, 98.68, 72, 40, 150.00, 645, 150.00, 0x0000000000000004
2026/10/02 14:37:46.575, 0, 112.07, 73, 100, 150.00, 750, 150.00, 0x0000000000000004
2026/10/02 14:37:46.775, 0, 119.55, 71, 24, 150.00, 1665, 150.00, 0x0000000000000004
2026/10/02 14:37:46.976, 0, 110.36, 71, 0, 150.00, 1680, 150.00, 0x0000000000000004
2026/10/02 14:37:47.177, 0, 110.46, 71, 0, 150.00, 585, 150.00, 0x0000000000000000
2026/10/02 14:37:47.377, 0, 93.12, 70, 0, 150.00, 1680, 150.00, 0x0000000000000004
2026/10/02 14:37:47.578, 0, 96.73, 72, 22, 150.00, 615, 150.00, 0x0000000000000004
2026/10/02 14:37:47.779, 0, 86.19, 70, 0, 150.00, 1680, 150.00, 0x0000000000000004
2026/10/02 14:37:47.979, 0, 87.06, 70, 0, 150.00, 1680, 150.00, 0x0000000000000004
2026/10/02 14:37:48.180, 0, 87.19, 71, 0, 150.00, 870, 150.00, 0x0000000000000000
2026/10/02 14:37:48.380, 0, 93.00, 71, 64, 150.00, 1605, 150.00, 0x0000000000000004
2026/10/02 14:37:48.581, 0, 92.99, 70, 0, 150.00, 1680, 150.00, 0x0000000000000004
2026/10/02 14:37:48.782, 0, 79.83, 70, 61, 150.00, 1575, 150.00, 0x0000000000000004
2026/10/02 14:37:48.982, 0, 88.29, 71, 61, 150.00, 1305, 150.00, 0x0000000000000004
2026/10/02 14:37:49.183, 0, 87.39, 70, 0, 150.00, 1485, 150.00, 0x0000000000000004
2026/10/02 14:37:49.383, 0, 86.22, 71, 76, 150.00, 1560, 150.00, 0x0000000000000004
2026/10/02 14:37:49.584, 0, 87.39, 70, 0, 150.00, 1680, 150.00, 0x0000000000000004
2026/10/02 14:37:49.784, 0, 106.74, 71, 100, 150.00, 765, 150.00, 0x0000000000000004
2026/10/02 14:37:49.985, 0, 108.91, 72, 76, 150.00, 765, 150.00, 0x0000000000000004
2026/10/02 14:37:50.186, 0, 104.51, 70, 0, 150.00, 1680, 150.00, 0x0000000000000004
2026/10/02 14:37:50.386, 0, 95.67, 70, 0, 150.00, 1680, 150.00, 0x0000000000000004
2026/10/02 14:37:50.587, 0, 96.35, 69, 0, 150.00, 1695, 150.00, 0x0000000000000000
2026/10/02 14:37:50.787, 0, 93.83, 71, 68, 150.00, 1350, 150.00, 0x0000000000000004
2026/10/02 14:37:50.988, 0, 94.56, 71, 78, 150.00, 765, 150.00, 0x0000000000000004
2026/10/02 14:37:51.188, 0, 87.12, 70, 0, 150.00, 1680, 150.00, 0x0000000000000004
2026/10/02 14:37:51.389, 0, 103.22, 70, 41, 150.00, 1635, 150.00, 0x0000000000000004
2026/10/02 14:37:51.590, 0, 103.00, 69, 0, 150.00, 1680, 150.00, 0x0000000000000004
2026/10/02 14:37:51.790, 0, 100.49, 69, 0, 150.00, 1695, 150.00, 0x0000000000000000
2026/10/02 14:37:51.991, 0, 94.79, 69, 0, 150.00, 1230, 150.00, 0x0000000000000000
2026/10/02 14:37:52.191, 0, 90.12, 70, 2, 150.00, 555, 150.00, 0x0000000000000004
2026/10/02 14:37:52.392, 0, 80.07, 70, 54, 150.00, 1635, 150.00, 0x0000000000000004
2026/10/02 14:37:52.592, 0, 81.51, 69, 0, 150.00, 1680, 150.00, 0x0000000000000004
2026/10/02 14:37:52.793, 0, 81.51, 69, 0, 150.00, 1695, 150.00, 0x0000000000000000
2026/10/02 14:37:52.994, 0, 81.42, 69, 0, 150.00, 1695, 150.00, 0x0000000000000000
2026/10/02 14:37:53.194, 0, 80.52, 69, 0, 150.00, 1695, 150.00, 0x0000000000000000
2026/10/02 14:37:53.395, 0, 80.18, 69, 0, 150.00, 1695, 150.00, 0x0000000000000000
2026/10/02 14:37:53.596, 0, 100.79, 70, 100, 150.00, 1305, 150.00, 0x0000000000000004
2026/10/02 14:37:53.796, 0, 104.29, 70, 61, 150.00, 1605, 150.00, 0x0000000000000004
2026/10/02 14:37:53.997, 0, 103.98, 69, 0, 150.00, 1680, 150.00, 0x0000000000000004
2026/10/02 14:37:54.197, 0, 101.32, 69, 0, 150.00, 1695, 150.00, 0x0000000000000000
2026/10/02 14:37:54.398, 0, 101.36, 69, 0, 150.00, 1695, 150.00, 0x0000000000000000
2026/10/02 14:37:54.599, 0, 85.55, 69, 0, 150.00, 1695, 150.00, 0x0000000000000000
2026/10/02 14:37:54.799, 0, 78.41, 68, 0, 150.00, 1695, 150.00, 0x0000000000000000
2026/10/02 14:37:55.000, 0, 96.95, 70, 100, 150.00, 900, 150.00, 0x0000000000000004
2026/10/02 14:37:55.200, 0, 99.43, 69, 0, 150.00, 1680, 150.00, 0x0000000000000004
2026/10/02 14:37:55.401, 0, 98.35, 69, 66, 150.00, 1560, 150.00, 0x0000000000000004
2026/10/02 14:37:55.602, 0, 97.96, 69, 0, 150.00, 1680, 150.00, 0x0000000000000004
2026/10/02 14:37:55.802, 0, 98.54, 70, 4, 150.00, 570, 150.00, 0x0000000000000004
2026/10/02 14:37:56.003, 0, 81.47, 69, 0, 150.00, 1680, 150.00, 0x0000000000000004
2026/10/02 14:37:56.203, 0, 74.46, 68, 0, 150.00, 1680, 150.00, 0x0000000000000004
2026/10/02 14:37:56.404, 0, 86.24, 69, 19, 150.00, 1275, 150.00, 0x0000000000000004
2026/10/02 14:37:56.604, 0, 103.27, 71, 100, 150.00, 765, 150.00, 0x0000000000000004
2026/10/02 14:37:56.805, 0, 106.56, 69, 41, 150.00, 1650, 150.00, 0x0000000000000004
2026/10/02 14:37:57.006, 0, 105.06, 69, 0, 150.00, 1275, 150.00, 0x0000000000000004
2026/10/02 14:37:57.206, 0, 125.62, 71, 36, 150.00, 900, 150.00, 0x0000000000000004
2026/10/02 14:37:57.407, 0, 107.60, 69, 0, 150.00, 1680, 150.00, 0x0000000000000004
2026/10/02 14:37:57.608, 0, 113.32, 70, 25, 150.00, 630, 150.00, 0x0000000000000004
2026/10/02 14:37:57.808, 0, 106.78, 70, 63, 150.00, 1395, 150.00, 0x0000000000000004
2026/10/02 14:37:58.008, 0, 107.63, 69, 0, 150.00, 1680, 150.00, 0x0000000000000004
2026/10/02 14:37:58.209, 0, 117.14, 70, 50, 150.00, 1155, 150.00, 0x0000000000000004
2026/10/02 14:37:58.409, 0, 103.22, 68, 0, 150.00, 1680, 150.00, 0x0000000000000004
2026/10/02 14:37:58.610, 0, 116.10, 69, 21, 150.00, 1665, 150.00, 0x0000000000000004
2026/10/02 14:37:58.811, 0, 117.12, 70, 23, 150.00, 615, 150.00, 0x0000000000000004
2026/10/02 14:37:59.011, 0, 110.60, 68, 0, 150.00, 1680, 150.00, 0x0000000000000004
2026/10/02 14:37:59.212, 0, 110.55, 68, 0, 150.00, 1680, 150.00, 0x0000000000000004
2026/10/02 14:37:59.412, 0, 100.41, 68, 0, 150.00, 1695, 150.00, 0x0000000000000000
2026/10/02 14:37:59.613, 0, 86.62, 68, 0, 150.00, 1695, 150.00, 0x0000000000000000
2026/10/02 14:37:59.813, 0, 87.72, 68, 0, 150.00, 1695, 150.00, 0x0000000000000000
2026/10/02 14:38:00.014, 0, 83.33, 68, 0, 150.00, 1680, 150.00, 0x0000000000000004
2026/10/02 14:38:00.215, 0, 82.49, 68, 0, 150.00, 1680, 150.00, 0x0000000000000004
2026/10/02 14:38:00.415, 0, 92.23, 68, 54, 150.00, 1620, 150.00, 0x0000000000000004
2026/10/02 14:38:00.616, 0, 91.91, 68, 0, 150.00, 1680, 150.00, 0x0000000000000004
2026/10/02 14:38:00.816, 0, 101.31, 68, 10, 150.00, 1665, 150.00, 0x0000000000000004
2026/10/02 14:38:01.017, 0, 90.37, 68, 0, 150.00, 1680, 150.00, 0x0000000000000004
2026/10/02 14:38:01.218, 0, 123.05, 70, 54, 150.00, 660, 150.00, 0x0000000000000004
2026/10/02 14:38:01.418, 0, 123.02, 70, 100, 150.00, 765, 150.00, 0x0000000000000004
2026/10/02 14:38:01.619, 0, 133.39, 69, 0, 150.00, 1260, 150.00, 0x0000000000000004
2026/10/02 14:38:01.820, 0, 125.94, 70, 98, 150.00, 780, 150.00, 0x0000000000000004
2026/10/02 14:38:02.020, 0, 141.32, 71, 100, 150.00, 765, 150.00, 0x0000000000000004
2026/10/02 14:38:02.221, 0, 140.58, 71, 100, 150.00, 765, 150.00, 0x0000000000000004
2026/10/02 14:38:02.421, 0, 135.45, 71, 100, 150.00, 570, 150.00, 0x0000000000000004
2026/10/02 14:38:02.622, 0, 140.05, 71, 100, 150.00, 735, 150.00, 0x0000000000000004
2026/10/02 14:38:02.823, 0, 138.45, 69, 0, 150.00, 1680, 150.00, 0x0000000000000004
2026/10/02 14:38:03.023, 0, 145.62, 70, 100, 150.00, 1125, 150.00, 0x0000000000000004
2026/10/02 14:38:03.224, 0, 139.84, 70, 53, 150.00, 1170, 150.00, 0x0000000000000004
2026/10/02 14:38:03.424, 0, 130.26, 70, 99, 150.00, 780, 150.00, 0x0000000000000004
2026/10/02 14:38:03.625, 0, 121.40, 69, 39, 150.00, 1650, 150.00, 0x0000000000000004
2026/10/02 14:38:03.825, 0, 117.07, 69, 0, 150.00, 1680, 150.00, 0x0000000000000004
2026/10/02 14:38:04.026, 0, 102.18, 68, 0, 150.00, 1695, 150.00, 0x0000000000000000
2026/10/02 14:38:04.226, 0, 96.02, 68, 0, 150.00, 1695, 150.00, 0x0000000000000000
2026/10/02 14:38:04.427, 0, 86.89, 68, 0, 150.00, 1695, 150.00, 0x0000000000000000
2026/10/02 14:38:04.627, 0, 91.18, 70, 100, 150.00, 765, 150.00, 0x0000000000000004
2026/10/02 14:38:04.828, 0, 106.79, 70, 100, 150.00, 765, 150.00, 0x0000000000000004
2026/10/02 14:38:05.029, 0, 119.29, 70, 13, 150.00, 555, 150.00, 0x0000000000000004
2026/10/02 14:38:05.229, 0, 116.58, 69, 65, 150.00, 1560, 150.00, 0x0000000000000004
2026/10/02 14:38:05.430, 0, 131.47, 69, 22, 150.00, 1665, 150.00, 0x0000000000000004
2026/10/02 14:38:05.630, 0, 114.45, 69, 62, 150.00, 1590, 150.00, 0x0000000000000004
2026/10/02 14:38:05.831, 0, 103.53, 68, 0, 150.00, 1680, 150.00, 0x0000000000000004
2026/10/02 14:38:06.031, 0, 97.67, 68, 0, 150.00, 1410, 150.00, 0x0000000000000000
2026/10/02 14:38:06.232, 0, 90.01, 68, 0, 150.00, 1680, 150.00, 0x0000000000000004
2026/10/02 14:38:06.432, 0, 76.13, 68, 0, 150.00, 1680, 150.00, 0x0000000000000004
2026/10/02 14:38:06.633, 0, 73.39, 68, 0, 150.00, 1695, 150.00, 0x0000000000000000
2026/10/02 14:38:06.834, 0, 81.83, 69, 87, 150.00, 795, 150.00, 0x0000000000000004
2026/10/02 14:38:07.034, 0, 103.42, 70, 74, 150.00, 705, 150.00, 0x0000000000000004
2026/10/02 14:38:07.235, 0, 110.41, 69, 45, 150.00, 1635, 150.00, 0x0000000000000004
2026/10/02 14:38:07.436, 0, 127.68, 70, 58, 150.00, 1320, 150.00, 0x0000000000000004
2026/10/02 14:38:07.636, 0, 135.95, 69, 11, 150.00, 1665, 150.00, 0x0000000000000004
2026/10/02 14:38:07.837, 0, 130.24, 69, 65, 150.00, 1515, 150.00, 0x0000000000000004
2026/10/02 14:38:08.037, 0, 131.90, 70, 89, 150.00, 765, 150.00, 0x0000000000000004
2026/10/02 14:38:08.238, 0, 107.08, 69, 0, 150.00, 1680, 150.00, 0x0000000000000004
2026/10/02 14:38:08.438, 0, 121.92, 69, 100, 150.00, 1380, 150.00, 0x0000000000000004
2026/10/02 14:38:08.639, 0, 104.42, 68, 0, 150.00, 1680, 150.00, 0x0000000000000004
2026/10/02 14:38:08.839, 0, 110.39, 68, 0, 150.00, 1680, 150.00, 0x0000000000000004
2026/10/02 14:38:09.040, 0, 95.52, 68, 0, 150.00, 1695, 150.00, 0x0000000000000004
2026/10/02 14:38:09.241, 0, 95.99, 68, 0, 150.00, 1440, 150.00, 0x0000000000000000
2026/10/02 14:38:09.442, 0, 80.75, 68, 65, 150.00, 1680, 150.00, 0x0000000000000004
2026/10/02 14:38:09.642, 0, 81.14, 68, 0, 150.00, 1680, 150.00, 0x0000000000000004
2026/10/02 14:38:09.843, 0, 76.01, 67, 0, 150.00, 1695, 150.00, 0x0000000000000000
2026/10/02 14:38:10.043, 0, 99.92, 69, 33, 150.00, 1035, 150.00, 0x0000000000000004
2026/10/02 14:38:10.244, 0, 98.61, 68, 21, 150.00, 705, 150.00, 0x0000000000000004
2026/10/02 14:38:10.445, 0, 107.82, 70, 67, 150.00, 930, 150.00, 0x0000000000000004
2026/10/02 14:38:10.645, 0, 110.43, 68, 23, 150.00, 1680, 150.00, 0x0000000000000004
2026/10/02 14:38:10.845, 0, 107.03, 67, 0, 150.00, 1695, 150.00, 0x0000000000000004
2026/10/02 14:38:11.046, 0, 95.04, 68, 0, 150.00, 1485, 150.00, 0x0000000000000004
2026/10/02 14:38:11.246, 0, 101.89, 68, 0, 150.00, 570, 150.00, 0x0000000000000004
2026/10/02 14:38:11.447, 0, 105.62, 69, 51, 150.00, 765, 150.00, 0x0000000000000004
2026/10/02 14:38:11.648, 0, 95.81, 68, 87, 150.00, 1680, 150.00, 0x0000000000000004
2026/10/02 14:38:11.848, 0, 111.86, 68, 35, 150.00, 1665, 150.00, 0x0000000000000004
2026/10/02 14:38:12.049, 0, 108.21, 67, 0, 150.00, 1680, 150.00, 0x0000000000000004
2026/10/02 14:38:12.250, 0, 118.16, 69, 61, 150.00, 600, 150.00, 0x0000000000000004
2026/10/02 14:38:12.450, 0, 111.62, 68, 74, 150.00, 690, 150.00, 0x0000000000000004
2026/10/02 14:38:12.651, 0, 109.97, 69, 67, 150.00, 570, 150.00, 0x0000000000000004
2026/10/02 14:38:12.852, 0, 93.09, 68, 55, 150.00, 1680, 150.00, 0x0000000000000004
2026/10/02 14:38:13.052, 0, 96.25, 68, 0, 150.00, 630, 150.00, 0x0000000000000004
2026/10/02 14:38:13.253, 0, 97.49, 69, 60, 150.00, 645, 150.00, 0x0000000000000004
2026/10/02 14:38:13.453, 0, 94.85, 68, 100, 150.00, 1665, 150.00, 0x0000000000000004
2026/10/02 14:38:13.654, 0, 105.02, 69, 0, 150.00, 1470, 150.00, 0x0000000000000004
2026/10/02 14:38:13.855, 0, 97.46, 68, 8, 150.00, 1680, 150.00, 0x0000000000000004
2026/10/02 14:38:14.055, 0, 97.56, 67, 0, 150.00, 1695, 150.00, 0x0000000000000004
2026/10/02 14:38:14.256, 0, 97.01, 67, 0, 150.00, 1695, 150.00, 0x0000000000000000
2026/10/02 14:38:14.456, 0, 79.37, 67, 0, 150.00, 1695, 150.00, 0x0000000000000000
2026/10/02 14:38:14.657, 0, 94.35, 69, 0, 150.00, 870, 150.00, 0x0000000000000000
2026/10/02 14:38:14.858, 0, 85.78, 68, 46, 150.00, 1635, 150.00, 0x0000000000000004
2026/10/02 14:38:15.058, 0, 84.44, 67, 0, 150.00, 1680, 150.00, 0x0000000000000004
2026/10/02 14:38:15.259, 0, 100.62, 69, 0, 150.00, 960, 150.00, 0x0000000000000000
2026/10/02 14:38:15.459, 0, 98.96, 67, 42, 150.00, 1680, 150.00, 0x0000000000000004
2026/10/02 14:38:15.660, 0, 96.48, 67, 0, 150.00, 1695, 150.00, 0x0000000000000004
2026/10/02 14:38:15.860, 0, 96.31, 68, 0, 150.00, 1335, 150.00, 0x0000000000000004
2026/10/02 14:38:16.061, 0, 98.88, 67, 20, 150.00, 1680, 150.00, 0x0000000000000004
2026/10/02 14:38:16.261, 0, 100.23, 68, 0, 150.00, 630, 150.00, 0x0000000000000004
2026/10/02 14:38:16.462, 0, 87.57, 67, 61, 150.00, 1680, 150.00, 0x0000000000000004
2026/10/02 14:38:16.663, 0, 86.18, 67, 0, 150.00, 1380, 150.00, 0x0000000000000004
2026/10/02 14:38:16.863, 0, 94.56, 67, 59, 150.00, 1680, 150.00, 0x0000000000000004
2026/10/02 14:38:17.064, 0, 98.44, 68, 0, 150.00, 1290, 150.00, 0x0000000000000004
2026/10/02 14:38:17.264, 0, 95.80, 67, 25, 150.00, 1680, 150.00, 0x0000000000000004
2026/10/02 14:38:17.465, 0, 95.03, 67, 0, 150.00, 1695, 150.00, 0x0000000000000004
2026/10/02 14:38:17.666, 0, 99.71, 67, 0, 150.00, 1620, 150.00, 0x0000000000000004
2026/10/02 14:38:17.866, 0, 88.04, 67, 0, 150.00, 1680, 150.00, 0x0000000000000004
2026/10/02 14:38:18.067, 0, 88.36, 66, 0, 150.00, 1695, 150.00, 0x0000000000000004
2026/10/02 14:38:18.268, 0, 88.11, 68, 0, 150.00, 1350, 150.00, 0x0000000000000004
2026/10/02 14:38:18.468, 0, 96.30, 68, 19, 150.00, 1515, 150.00, 0x0000000000000004
2026/10/02 14:38:18.669, 0, 91.58, 66, 0, 150.00, 1680, 150.00, 0x0000000000000004
2026/10/02 14:38:18.869, 0, 91.72, 66, 0, 150.00, 1695, 150.00, 0x0000000000000004
2026/10/02 14:38:19.070, 0, 120.59, 68, 40, 150.00, 1230, 150.00, 0x0000000000000004
2026/10/02 14:38:19.270, 0, 119.43, 67, 29, 150.00, 1680, 150.00, 0x0000000000000004
2026/10/02 14:38:19.471, 0, 112.47, 68, 0, 150.00, 795, 150.00, 0x0000000000000004
2026/10/02 14:38:19.671, 0, 121.11, 69, 100, 150.00, 1350, 150.00, 0x0000000000000004
2026/10/02 14:38:19.872, 0, 142.78, 69, 60, 150.00, 780, 150.00, 0x0000000000000004
2026/10/02 14:38:20.072, 0, 136.28, 68, 100, 150.00, 1515, 150.00, 0x0000000000000004
2026/10/02 14:38:20.273, 0, 132.44, 68, 56, 150.00, 1680, 150.00, 0x0000000000000004
2026/10/02 14:38:20.474, 0, 132.55, 67, 0, 150.00, 1680, 150.00, 0x0000000000000004
2026/10/02 14:38:20.674, 0, 126.81, 68, 0, 150.00, 1425, 150.00, 0x0000000000000004
2026/10/02 14:38:20.875, 0, 114.92, 68, 11, 150.00, 915, 150.00, 0x0000000000000004
2026/10/02 14:38:21.075, 0, 102.43, 67, 43, 150.00, 1680, 150.00, 0x0000000000000004
2026/10/02 14:38:21.276, 0, 93.68, 67, 0, 150.00, 1575, 150.00, 0x0000000000000004
2026/10/02 14:38:21.476, 0, 93.81, 67, 0, 150.00, 1680, 150.00, 0x0000000000000004
2026/10/02 14:38:21.677, 0, 103.51, 68, 53, 150.00, 615, 150.00, 0x0000000000000004
2026/10/02 14:38:21.878, 0, 92.02, 69, 65, 150.00, 690, 150.00, 0x0000000000000004
2026/10/02 14:38:22.078, 0, 88.52, 68, 88, 150.00, 1650, 150.00, 0x0000000000000004
2026/10/02 14:38:22.278, 0, 87.00, 67, 0, 150.00, 1680, 150.00, 0x0000000000000004
2026/10/02 14:38:22.479, 0, 101.28, 67, 41, 150.00, 1680, 150.00, 0x0000000000000004
2026/10/02 14:38:22.680, 0, 104.95, 68, 13, 150.00, 795, 150.00, 0x0000000000000004
2026/10/02 14:38:22.880, 0, 121.47, 69, 100, 150.00, 1530, 150.00, 0x0000000000000004
2026/10/02 14:38:23.081, 0, 115.28, 67, 1, 150.00, 1680, 150.00, 0x0000000000000004
2026/10/02 14:38:23.281, 0, 128.51, 68, 0, 150.00, 810, 150.00, 0x0000000000000004
2026/10/02 14:38:23.482, 0, 112.33, 68, 84, 150.00, 1590, 150.00, 0x0000000000000004
2026/10/02 14:38:23.682, 0, 106.89, 68, 0, 150.00, 615, 150.00, 0x0000000000000004
2026/10/02 14:38:23.883, 0, 85.21, 67, 62, 150.00, 1680, 150.00, 0x0000000000000004
2026/10/02 14:38:24.084, 0, 101.14, 67, 38, 150.00, 1680, 150.00, 0x0000000000000004
2026/10/02 14:38:24.284, 0, 98.49, 67, 0, 150.00, 1680, 150.00, 0x0000000000000004
2026/10/02 14:38:24.484, 0, 90.28, 66, 0, 150.00, 1695, 150.00, 0x0000000000000000
2026/10/02 14:38:24.685, 0, 89.03, 66, 0, 150.00, 1695, 150.00, 0x0000000000000000
2026/10/02 14:38:24.886, 0, 96.19, 67, 0, 150.00, 1485, 150.00, 0x0000000000000004
2026/10/02 14:38:25.086, 0, 81.26, 67, 6, 150.00, 1635, 150.00, 0x0000000000000004
2026/10/02 14:38:25.287, 0, 82.06, 66, 0, 150.00, 735, 150.00, 0x0000000000000004
2026/10/02 14:38:25.487, 0, 84.06, 67, 63, 150.00, 600, 150.00, 0x0000000000000004
2026/10/02 14:38:25.688, 0, 95.44, 68, 65, 150.00, 1425, 150.00, 0x0000000000000004
2026/10/02 14:38:25.889, 0, 106.08, 68, 13, 150.00, 765, 150.00, 0x0000000000000004
2026/10/02 14:38:26.089, 0, 101.88, 67, 100, 150.00, 1680, 150.00, 0x0000000000000004
2026/10/02 14:38:26.290, 0, 103.32, 66, 0, 150.00, 1680, 150.00, 0x0000000000000004
2026/10/02 14:38:26.490, 0, 102.10, 66, 0, 150.00, 1695, 150.00, 0x0000000000000000
2026/10/02 14:38:26.691, 0, 102.93, 66, 0, 150.00, 600, 150.00, 0x0000000000000000
2026/10/02 14:38:26.891, 0, 91.60, 66, 63, 150.00, 1515, 150.00, 0x0000000000000004
2026/10/02 14:38:27.092, 0, 87.38, 68, 57, 150.00, 780, 150.00, 0x0000000000000004
2026/10/02 14:38:27.292, 0, 89.27, 68, 77, 150.00, 1620, 150.00, 0x0000000000000004
2026/10/02 14:38:27.493, 0, 103.52, 67, 39, 150.00, 1680, 150.00, 0x0000000000000004
2026/10/02 14:38:27.694, 0, 113.24, 68, 0, 150.00, 645, 150.00, 0x0000000000000004
2026/10/02 14:38:27.894, 0, 115.92, 67, 100, 150.00, 1665, 150.00, 0x0000000000000004
2026/10/02 14:38:28.095, 0, 106.62, 66, 0, 150.00, 1680, 150.00, 0x0000000000000004
2026/10/02 14:38:28.295, 0, 99.60, 66, 0, 150.00, 1695, 150.00, 0x0000000000000000
2026/10/02 14:38:28.496, 0, 101.30, 68, 0, 150.00, 1170, 150.00, 0x0000000000000000
2026/10/02 14:38:28.696, 0, 100.91, 66, 31, 150.00, 660, 150.00, 0x0000000000000004
2026/10/02 14:38:28.897, 0, 86.56, 66, 65, 150.00, 1680, 150.00, 0x0000000000000004
2026/10/02 14:38:29.098, 0, 87.65, 66, 0, 150.00, 1680, 150.00, 0x0000000000000004
2026/10/02 14:38:29.298, 0, 93.82, 67, 0, 150.00, 1185, 150.00, 0x0000000000000004
2026/10/02 14:38:29.499, 0, 107.03, 68, 60, 150.00, 1440, 150.00, 0x0000000000000004
2026/10/02 14:38:29.699, 0, 101.18, 67, 58, 150.00, 1680, 150.00, 0x0000000000000004
2026/10/02 14:38:29.900, 0, 99.70, 66, 0, 150.00, 1680, 150.00, 0x0000000000000004
2026/10/02 14:38:30.100, 0, 100.05, 66, 0, 150.00, 1695, 150.00, 0x0000000000000000
2026/10/02 14:38:30.301, 0, 100.03, 67, 0, 150.00, 1005, 150.00, 0x0000000000000004
2026/10/02 14:38:30.501, 0, 87.58, 66, 66, 150.00, 1680, 150.00, 0x0000000000000004
2026/10/02 14:38:30.702, 0, 91.94, 66, 36, 150.00, 870, 150.00, 0x0000000000000004
2026/10/02 14:38:30.902, 0, 95.90, 66, 61, 150.00, 1680, 150.00, 0x0000000000000004
2026/10/02 14:38:31.103, 0, 95.85, 66, 0, 150.00, 1680, 150.00, 0x0000000000000004
2026/10/02 14:38:31.304, 0, 102.82, 66, 54, 150.00, 1680, 150.00, 0x0000000000000004
2026/10/02 14:38:31.504, 0, 106.35, 67, 0, 150.00, 795, 150.00, 0x0000000000000004
2026/10/02 14:38:31.705, 0, 89.57, 66, 48, 150.00, 1680, 150.00, 0x0000000000000004
2026/10/02 14:38:31.905, 0, 94.12, 67, 0, 150.00, 780, 150.00, 0x0000000000000004
2026/10/02 14:38:32.106, 0, 104.38, 68, 69, 150.00, 1500, 150.00, 0x0000000000000004
2026/10/02 14:38:32.307, 0, 91.08, 66, 2, 150.00, 1680, 150.00, 0x0000000000000004
2026/10/02 14:38:32.507, 0, 91.69, 66, 0, 150.00, 1695, 150.00, 0x0000000000000004
2026/10/02 14:38:32.708, 0, 83.43, 66, 0, 150.00, 1695, 150.00, 0x0000000000000000
2026/10/02 14:38:32.908, 0, 90.02, 67, 0, 150.00, 630, 150.00, 0x0000000000000000
2026/10/02 14:38:33.109, 0, 84.09, 66, 55, 150.00, 1680, 150.00, 0x0000000000000004
2026/10/02 14:38:33.309, 0, 88.19, 66, 0, 150.00, 690, 150.00, 0x0000000000000004
2026/10/02 14:38:33.510, 0, 95.46, 68, 50, 150.00, 855, 150.00, 0x0000000000000004
2026/10/02 14:38:33.710, 0, 112.95, 68, 94, 150.00, 1425, 150.00, 0x0000000000000004
2026/10/02 14:38:33.911, 0, 117.70, 68, 16, 150.00, 1425, 150.00, 0x0000000000000004
2026/10/02 14:38:34.111, 0, 114.43, 66, 13, 150.00, 1680, 150.00, 0x0000000000000004
2026/10/02 14:38:34.312, 0, 120.98, 67, 0, 150.00, 795, 150.00, 0x0000000000000004
2026/10/02 14:38:34.513, 0, 111.26, 66, 80, 150.00, 615, 150.00, 0x0000000000000004
2026/10/02 14:38:34.713, 0, 89.23, 66, 66, 150.00, 1680, 150.00, 0x0000000000000004
2026/10/02 14:38:34.914, 0, 88.21, 66, 0, 150.00, 1680, 150.00, 0x0000000000000004
2026/10/02 14:38:35.114, 0, 77.40, 66, 0, 150.00, 1695, 150.00, 0x0000000000000000
2026/10/02 14:38:35.315, 0, 79.06, 66, 5, 150.00, 1650, 150.00, 0x0000000000000004
2026/10/02 14:38:35.515, 0, 71.86, 65, 0, 150.00, 1680, 150.00, 0x0000000000000004
2026/10/02 14:38:35.716, 0, 75.36, 66, 0, 150.00, 630, 150.00, 0x0000000000000000
2026/10/02 14:38:35.916, 0, 74.26, 66, 61, 150.00, 1680, 150.00, 0x0000000000000004
2026/10/02 14:38:36.117, 0, 74.10, 65, 0, 150.00, 1680, 150.00, 0x0000000000000004
2026/10/02 14:38:36.317, 0, 70.88, 65, 0, 150.00, 1695, 150.00, 0x0000000000000000
2026/10/02 14:38:36.518, 0, 72.46, 65, 0, 150.00, 1695, 150.00, 0x0000000000000000
2026/10/02 14:38:36.719, 0, 99.89, 67, 27, 150.00, 1290, 150.00, 0x0000000000000004
2026/10/02 14:38:36.919, 0, 97.72, 65, 28, 150.00, 1680, 150.00, 0x0000000000000004
2026/10/02 14:38:37.120, 0, 113.38, 67, 0, 150.00, 1440, 150.00, 0x0000000000000004
2026/10/02 14:38:37.320, 0, 112.49, 65, 11, 150.00, 1680, 150.00, 0x0000000000000004
2026/10/02 14:38:37.521, 0, 112.31, 65, 0, 150.00, 1695, 150.00, 0x0000000000000004
2026/10/02 14:38:37.722, 0, 93.11, 65, 0, 150.00, 1695, 150.00, 0x0000000000000000
2026/10/02 14:38:37.922, 0, 82.46, 65, 0, 150.00, 1695, 150.00, 0x0000000000000000
2026/10/02 14:38:38.122, 0, 82.55, 65, 0, 150.00, 1695, 150.00, 0x0000000000000000
2026/10/02 14:38:38.323, 0, 88.86, 66, 0, 150.00, 1080, 150.00, 0x0000000000000000
2026/10/02 14:38:38.523, 0, 91.53, 66, 37, 150.00, 645, 150.00, 0x0000000000000004
2026/10/02 14:38:38.724, 0, 108.38, 67, 83, 150.00, 1230, 150.00, 0x0000000000000004
2026/10/02 14:38:38.925, 0, 107.10, 65, 32, 150.00, 1680, 150.00, 0x0000000000000004
2026/10/02 14:38:39.125, 0, 106.74, 66, 0, 150.00, 1620, 150.00, 0x0000000000000004
2026/10/02 14:38:39.326, 0, 91.53, 65, 0, 150.00, 1680, 150.00, 0x0000000000000004
2026/10/02 14:38:39.526, 0, 85.28, 66, 0, 150.00, 1635, 150.00, 0x0000000000000004
2026/10/02 14:38:39.727, 0, 80.14, 66, 0, 150.00, 1425, 150.00, 0x0000000000000004
2026/10/02 14:38:39.927, 0, 95.96, 67, 14, 150.00, 1260, 150.00, 0x0000000000000004
2026/10/02 14:38:40.128, 0, 94.96, 65, 27, 150.00, 630, 150.00, 0x0000000000000004
2026/10/02 14:38:40.329, 0, 98.74, 65, 65, 150.00, 1680, 150.00, 0x0000000000000004
2026/10/02 14:38:40.529, 0, 95.23, 66, 0, 150.00, 1635, 150.00, 0x0000000000000004
2026/10/02 14:38:40.730, 0, 96.37, 65, 0, 150.00, 1680, 150.00, 0x0000000000000004
2026/10/02 14:38:40.930, 0, 87.34, 66, 0, 150.00, 735, 150.00, 0x0000000000000000
2026/10/02 14:38:41.131, 0, 101.49, 67, 100, 150.00, 1530, 150.00, 0x0000000000000004
2026/10/02 14:38:41.331, 0, 115.20, 66, 34, 150.00, 1680, 150.00, 0x0000000000000004
2026/10/02 14:38:41.532, 0, 115.47, 65, 0, 150.00, 1680, 150.00, 0x0000000000000004
2026/10/02 14:38:41.732, 0, 116.69, 65, 0, 150.00, 660, 150.00, 0x0000000000000000
2026/10/02 14:38:41.932, 0, 115.33, 65, 60, 150.00, 1680, 150.00, 0x0000000000000004
2026/10/02 14:38:42.133, 0, 92.78, 67, 0, 150.00, 795, 150.00, 0x0000000000000004
2026/10/02 14:38:42.333, 0, 91.94, 67, 100, 150.00, 675, 150.00, 0x0000000000000004
2026/10/02 14:38:42.534, 0, 93.48, 65, 52, 150.00, 1680, 150.00, 0x0000000000000004
2026/10/02 14:38:42.734, 0, 93.38, 65, 0, 150.00, 1695, 150.00, 0x0000000000000004
2026/10/02 14:38:42.935, 0, 104.01, 67, 0, 150.00, 795, 150.00, 0x0000000000000004
2026/10/02 14:38:43.136, 0, 111.67, 66, 100, 150.00, 1620, 150.00, 0x0000000000000004
2026/10/02 14:38:43.336, 0, 97.73, 66, 0, 150.00, 600, 150.00, 0x0000000000000004
2026/10/02 14:38:43.536, 0, 89.55, 65, 65, 150.00, 1680, 150.00, 0x0000000000000004
2026/10/02 14:38:43.737, 0, 112.65, 67, 35, 150.00, 1440, 150.00, 0x0000000000000004
2026/10/02 14:38:43.938, 0, 110.75, 66, 15, 150.00, 1650, 150.00, 0x0000000000000004
2026/10/02 14:38:44.138, 0, 100.21, 67, 0, 150.00, 1500, 150.00, 0x0000000000000004
2026/10/02 14:38:44.339, 0, 115.93, 67, 2, 150.00, 765, 150.00, 0x0000000000000004
2026/10/02 14:38:44.539, 0, 110.45, 65, 49, 150.00, 1005, 150.00, 0x0000000000000004
2026/10/02 14:38:44.740, 0, 107.72, 67, 64, 150.00, 1515, 150.00, 0x0000000000000004
2026/10/02 14:38:44.940, 0, 100.05, 65, 3, 150.00, 1680, 150.00, 0x0000000000000004
2026/10/02 14:38:45.141, 0, 101.30, 65, 0, 150.00, 1695, 150.00, 0x0000000000000004
2026/10/02 14:38:45.342, 0, 93.37, 65, 0, 150.00, 1695, 150.00, 0x0000000000000000
2026/10/02 14:38:45.542, 0, 82.96, 65, 0, 150.00, 1695, 150.00, 0x0000000000000000
2026/10/02 14:38:45.743, 0, 78.32, 65, 0, 150.00, 1695, 150.00, 0x0000000000000000
2026/10/02 14:38:45.943, 0, 78.32, 65, 0, 150.00, 1695, 150.00, 0x0000000000000000
2026/10/02 14:38:46.144, 0, 98.99, 65, 0, 150.00, 1575, 150.00, 0x0000000000000004
2026/10/02 14:38:46.344, 0, 121.66, 67, 23, 150.00, 795, 150.00, 0x0000000000000004
2026/10/02 14:38:46.545, 0, 129.13, 65, 100, 150.00, 1680, 150.00, 0x0000000000000004
2026/10/02 14:38:46.746, 0, 144.12, 65, 40, 150.00, 1290, 150.00, 0x0000000000000004
2026/10/02 14:38:46.946, 0, 154.80, 66, 100, 150.00, 1545, 150.00, 0x0000000000000004
2026/10/02 14:38:47.147, 0, 152.44, 67, 9, 150.00, 660, 150.00, 0x0000000000000004
2026/10/02 14:38:47.348, 0, 144.98, 67, 100, 150.00, 795, 150.00, 0x0000000000000004
2026/10/02 14:38:47.548, 0, 153.70, 67, 100, 150.00, 780, 150.00, 0x0000000000000004
2026/10/02 14:38:47.749, 0, 138.83, 66, 0, 150.00, 585, 150.00, 0x0000000000000004
2026/10/02 14:38:47.950, 0, 109.22, 65, 0, 150.00, 1680, 150.00, 0x0000000000000004
2026/10/02 14:38:48.150, 0, 116.01, 65, 39, 150.00, 1665, 150.00, 0x0000000000000004
2026/10/02 14:38:48.351, 0, 117.32, 65, 18, 150.00, 1680, 150.00, 0x0000000000000004
2026/10/02 14:38:48.551, 0, 101.26, 66, 63, 150.00, 1560, 150.00, 0x0000000000000004
2026/10/02 14:38:48.752, 0, 105.68, 66, 54, 150.00, 1650, 150.00, 0x0000000000000004
2026/10/02 14:38:48.953, 0, 119.25, 67, 19, 150.00, 915, 150.00, 0x0000000000000004
2026/10/02 14:38:49.153, 0, 102.45, 66, 64, 150.00, 1635, 150.00, 0x0000000000000004
2026/10/02 14:38:49.354, 0, 104.67, 67, 22, 150.00, 990, 150.00, 0x0000000000000004
2026/10/02 14:38:49.555, 0, 104.13, 65, 0, 150.00, 1680, 150.00, 0x0000000000000004
2026/10/02 14:38:49.755, 0, 122.75, 67, 75, 150.00, 795, 150.00, 0x0000000000000004
2026/10/02 14:38:49.956, 0, 133.09, 67, 100, 150.00, 780, 150.00, 0x0000000000000004
2026/10/02 14:38:50.157, 0, 131.46, 67, 46, 150.00, 1350, 150.00, 0x0000000000000004
2026/10/02 14:38:50.357, 0, 135.04, 66, 4, 150.00, 630, 150.00, 0x0000000000000004
2026/10/02 14:38:50.558, 0, 125.62, 65, 0, 150.00, 1680, 150.00, 0x0000000000000004
2026/10/02 14:38:50.759, 0, 105.70, 65, 0, 150.00, 1680, 150.00, 0x0000000000000004
2026/10/02 14:38:50.959, 0, 90.15, 65, 0, 150.00, 1695, 150.00, 0x0000000000000000
2026/10/02 14:38:51.160, 0, 83.87, 65, 0, 150.00, 1695, 150.00, 0x0000000000000000
2026/10/02 14:38:51.360, 0, 73.28, 64, 0, 150.00, 1695, 150.00, 0x0000000000000000
2026/10/02 14:38:51.561, 0, 83.20, 65, 84, 150.00, 1065, 150.00, 0x0000000000000004
2026/10/02 14:38:51.762, 0, 92.15, 66, 82, 150.00, 1605, 150.00, 0x0000000000000004
2026/10/02 14:38:51.962, 0, 91.74, 65, 0, 150.00, 1680, 150.00, 0x0000000000000004
2026/10/02 14:38:52.163, 0, 104.05, 65, 43, 150.00, 1665, 150.00, 0x0000000000000004
2026/10/02 14:38:52.364, 0, 103.86, 65, 0, 150.00, 1680, 150.00, 0x0000000000000004
2026/10/02 14:38:52.564, 0, 92.70, 64, 0, 150.00, 1695, 150.00, 0x0000000000000000
2026/10/02 14:38:52.765, 0, 97.26, 66, 24, 150.00, 1110, 150.00, 0x0000000000000000
2026/10/02 14:38:52.965, 0, 103.77, 65, 57, 150.00, 1650, 150.00, 0x0000000000000004
2026/10/02 14:38:53.166, 0, 102.40, 66, 53, 150.00, 1440, 150.00, 0x0000000000000004
2026/10/02 14:38:53.367, 0, 100.49, 65, 65, 150.00, 1635, 150.00, 0x0000000000000004
2026/10/02 14:38:53.567, 0, 100.28, 65, 0, 150.00, 1680, 150.00, 0x0000000000000004
2026/10/02 14:38:53.768, 0, 116.23, 66, 36, 150.00, 675, 150.00, 0x0000000000000004
2026/10/02 14:38:53.968, 0, 110.71, 67, 100, 150.00, 1365, 150.00, 0x0000000000000004
2026/10/02 14:38:54.169, 0, 116.62, 66, 65, 150.00, 1545, 150.00, 0x0000000000000004
2026/10/02 14:38:54.369, 0, 120.56, 66, 41, 150.00, 1365, 150.00, 0x0000000000000004
2026/10/02 14:38:54.569, 0, 133.71, 66, 70, 150.00, 825, 150.00, 0x0000000000000004
2026/10/02 14:38:54.770, 0, 118.58, 66, 60, 150.00, 1650, 150.00, 0x0000000000000004
2026/10/02 14:38:54.970, 0, 104.48, 65, 0, 150.00, 1680, 150.00, 0x0000000000000004
2026/10/02 14:38:55.171, 0, 102.30, 65, 0, 150.00, 1695, 150.00, 0x0000000000000000
2026/10/02 14:38:55.372, 0, 97.46, 64, 0, 150.00, 1695, 150.00, 0x0000000000000000
2026/10/02 14:38:55.572, 0, 84.42, 64, 0, 150.00, 1695, 150.00, 0x0000000000000000
2026/10/02 14:38:55.773, 0, 77.55, 64, 0, 150.00, 1695, 150.00, 0x0000000000000000
2026/10/02 14:38:55.974, 0, 77.55, 64, 0, 150.00, 1695, 150.00, 0x0000000000000000
2026/10/02 14:38:56.174, 0, 77.55, 64, 0, 150.00, 1695, 150.00, 0x0000000000000000
2026/10/02 14:38:56.375, 0, 120.70, 65, 100, 150.00, 1170, 150.00, 0x0000000000000004
2026/10/02 14:38:56.575, 0, 123.69, 64, 0, 150.00, 1680, 150.00, 0x0000000000000004
2026/10/02 14:38:56.776, 0, 118.74, 64, 0, 150.00, 1695, 150.00, 0x0000000000000000
2026/10/02 14:38:56.977, 0, 111.42, 64, 0, 150.00, 1110, 150.00, 0x0000000000000004
2026/10/02 14:38:57.177, 0, 114.48, 64, 13, 150.00, 1680, 150.00, 0x0000000000000004
2026/10/02 14:38:57.378, 0, 104.60, 66, 100, 150.00, 1500, 150.00, 0x0000000000000004
2026/10/02 14:38:57.578, 0, 122.13, 66, 26, 150.00, 1395, 150.00, 0x0000000000000004
2026/10/02 14:38:57.779, 0, 120.93, 64, 0, 150.00, 1680, 150.00, 0x0000000000000004
2026/10/02 14:38:57.979, 0, 129.71, 65, 60, 150.00, 1590, 150.00, 0x0000000000000004
2026/10/02 14:38:58.180, 0, 111.50, 64, 0, 150.00, 1680, 150.00, 0x0000000000000004
2026/10/02 14:38:58.380, 0, 119.02, 66, 100, 150.00, 795, 150.00, 0x0000000000000004
2026/10/02 14:38:58.581, 0, 122.84, 66, 88, 150.00, 960, 150.00, 0x0000000000000004
2026/10/02 14:38:58.782, 0, 118.60, 65, 8, 150.00, 1680, 150.00, 0x0000000000000004
2026/10/02 14:38:58.982, 0, 132.86, 65, 28, 150.00, 1680, 150.00, 0x0000000000000004
2026/10/02 14:38:59.183, 0, 145.40, 65, 19, 150.00, 1290, 150.00, 0x0000000000000004
2026/10/02 14:38:59.383, 0, 123.73, 64, 0, 150.00, 1680, 150.00, 0x0000000000000004
2026/10/02 14:38:59.584, 0, 109.02, 64, 0, 150.00, 1695, 150.00, 0x0000000000000000
2026/10/02 14:38:59.785, 0, 96.24, 64, 0, 150.00, 630, 150.00, 0x0000000000000004
2026/10/02 14:38:59.985, 0, 87.89, 64, 0, 150.00, 1680, 150.00, 0x0000000000000004
2026/10/02 14:39:00.186, 0, 88.83, 64, 0, 150.00, 1680, 150.00, 0x0000000000000004
2026/10/02 14:39:00.387, 0, 76.66, 64, 0, 150.00, 1695, 150.00, 0x0000000000000000
2026/10/02 14:39:00.587, 0, 76.79, 64, 0, 150.00, 1695, 150.00, 0x0000000000000000
2026/10/02 14:39:00.788, 0, 76.85, 64, 0, 150.00, 1695, 150.00, 0x0000000000000000
2026/10/02 14:39:00.989, 0, 84.54, 64, 28, 150.00, 645, 150.00, 0x0000000000000004
2026/10/02 14:39:01.189, 0, 94.41, 64, 3, 150.00, 1680, 150.00, 0x0000000000000004
2026/10/02 14:39:01.390, 0, 94.35, 64, 0, 150.00, 1680, 150.00, 0x0000000000000004
2026/10/02 14:39:01.590, 0, 109.52, 64, 35, 150.00, 1680, 150.00, 0x0000000000000004
2026/10/02 14:39:01.791, 0, 109.30, 64, 0, 150.00, 1680, 150.00, 0x0000000000000004
2026/10/02 14:39:01.992, 0, 90.31, 64, 0, 150.00, 1695, 150.00, 0x0000000000000000
2026/10/02 14:39:02.192, 0, 83.58, 63, 0, 150.00, 1695, 150.00, 0x0000000000000000
2026/10/02 14:39:02.393, 0, 84.22, 63, 0, 150.00, 1695, 150.00, 0x0000000000000000
2026/10/02 14:39:02.593, 0, 84.29, 63, 0, 150.00, 1695, 150.00, 0x0000000000000000
2026/10/02 14:39:02.794, 0, 86.71, 64, 64, 150.00, 690, 150.00, 0x0000000000000004
2026/10/02 14:39:02.994, 0, 87.00, 65, 65, 150.00, 660, 150.00, 0x0000000000000004
2026/10/02 14:39:03.195, 0, 90.83, 64, 0, 150.00, 1680, 150.00, 0x0000000000000004
2026/10/02 14:39:03.396, 0, 90.72, 64, 0, 150.00, 1680, 150.00, 0x0000000000000004
2026/10/02 14:39:03.596, 0, 94.99, 65, 93, 150.00, 1200, 150.00, 0x0000000000000004
2026/10/02 14:39:03.797, 0, 78.22, 64, 0, 150.00, 1680, 150.00, 0x0000000000000004
2026/10/02 14:39:03.998, 0, 79.07, 64, 0, 150.00, 1695, 150.00, 0x0000000000000000
2026/10/02 14:39:04.198, 0, 100.08, 65, 95, 150.00, 1530, 150.00, 0x0000000000000004
2026/10/02 14:39:04.399, 0, 120.79, 66, 100, 150.00, 1500, 150.00, 0x0000000000000004
2026/10/02 14:39:04.599, 0, 115.43, 64, 0, 150.00, 1680, 150.00, 0x0000000000000004
2026/10/02 14:39:04.800, 0, 123.50, 65, 19, 150.00, 780, 150.00, 0x0000000000000004
2026/10/02 14:39:05.000, 0, 136.09, 64, 27, 150.00, 765, 150.00, 0x0000000000000004
2026/10/02 14:39:05.201, 0, 124.05, 64, 6, 150.00, 1680, 150.00, 0x0000000000000004
2026/10/02 14:39:05.401, 0, 104.43, 64, 0, 150.00, 1680, 150.00, 0x0000000000000004
2026/10/02 14:39:05.602, 0, 98.00, 63, 0, 150.00, 1695, 150.00, 0x0000000000000000
2026/10/02 14:39:05.803, 0, 93.69, 65, 95, 150.00, 1245, 150.00, 0x0000000000000004
2026/10/02 14:39:06.003, 0, 83.11, 64, 0, 150.00, 1680, 150.00, 0x0000000000000004
2026/10/02 14:39:06.204, 0, 80.99, 65, 93, 150.00, 1185, 150.00, 0x0000000000000004
2026/10/02 14:39:06.404, 0, 93.29, 64, 43, 150.00, 1680, 150.00, 0x0000000000000004
2026/10/02 14:39:06.605, 0, 93.28, 64, 0, 150.00, 1680, 150.00, 0x0000000000000004
2026/10/02 14:39:06.806, 0, 91.17, 63, 0, 150.00, 1695, 150.00, 0x0000000000000000
2026/10/02 14:39:07.006, 0, 104.24, 65, 40, 150.00, 1515, 150.00, 0x0000000000000004
2026/10/02 14:39:07.207, 0, 100.24, 63, 0, 150.00, 1680, 150.00, 0x0000000000000004
2026/10/02 14:39:07.407, 0, 83.33, 63, 0, 150.00, 1695, 150.00, 0x0000000000000000
2026/10/02 14:39:07.608, 0, 93.40, 65, 96, 150.00, 1245, 150.00, 0x0000000000000004
2026/10/02 14:39:07.808, 0, 91.90, 64, 0, 150.00, 1680, 150.00, 0x0000000000000004
2026/10/02 14:39:08.009, 0, 105.59, 65, 29, 150.00, 1440, 150.00, 0x0000000000000004
2026/10/02 14:39:08.209, 0, 90.00, 63, 0, 150.00, 1680, 150.00, 0x0000000000000004
2026/10/02 14:39:08.410, 0, 90.00, 63, 0, 150.00, 1695, 150.00, 0x0000000000000000
2026/10/02 14:39:08.610, 0, 90.08, 63, 0, 150.00, 1695, 150.00, 0x0000000000000000
2026/10/02 14:39:08.811, 0, 93.42, 65, 80, 150.00, 960, 150.00, 0x0000000000000004
2026/10/02 14:39:09.011, 0, 94.82, 64, 60, 150.00, 1665, 150.00, 0x0000000000000004
2026/10/02 14:39:09.212, 0, 79.92, 63, 0, 150.00, 1680, 150.00, 0x0000000000000004
2026/10/02 14:39:09.413, 0, 80.02, 63, 0, 150.00, 630, 150.00, 0x0000000000000004
2026/10/02 14:39:09.613, 0, 87.84, 64, 71, 150.00, 1665, 150.00, 0x0000000000000004
2026/10/02 14:39:09.814, 0, 101.69, 65, 28, 150.00, 810, 150.00, 0x0000000000000004
2026/10/02 14:39:10.014, 0, 105.34, 65, 100, 150.00, 795, 150.00, 0x0000000000000004
2026/10/02 14:39:10.215, 0, 111.22, 64, 0, 150.00, 1680, 150.00, 0x0000000000000004
2026/10/02 14:39:10.416, 0, 113.24, 64, 58, 150.00, 1665, 150.00, 0x0000000000000004
2026/10/02 14:39:10.616, 0, 101.76, 64, 63, 150.00, 1650, 150.00, 0x0000000000000004
2026/10/02 14:39:10.817, 0, 117.04, 65, 41, 150.00, 810, 150.00, 0x0000000000000004
2026/10/02 14:39:11.017, 0, 109.07, 66, 100, 150.00, 930, 150.00, 0x0000000000000004
2026/10/02 14:39:11.218, 0, 105.68, 66, 77, 150.00, 1140, 150.00, 0x0000000000000004
2026/10/02 14:39:11.418, 0, 103.21, 65, 64, 150.00, 1635, 150.00, 0x0000000000000004
2026/10/02 14:39:11.619, 0, 117.68, 64, 39, 150.00, 1680, 150.00, 0x0000000000000004
2026/10/02 14:39:11.819, 0, 118.41, 64, 0, 150.00, 1680, 150.00, 0x0000000000000004
2026/10/02 14:39:12.020, 0, 96.28, 63, 0, 150.00, 645, 150.00, 0x0000000000000004
2026/10/02 14:39:12.221, 0, 95.03, 64, 0, 150.00, 1680, 150.00, 0x0000000000000004
2026/10/02 14:39:12.421, 0, 102.32, 64, 45, 150.00, 1680, 150.00, 0x0000000000000004
2026/10/02 14:39:12.622, 0, 86.41, 63, 0, 150.00, 1680, 150.00, 0x0000000000000004
2026/10/02 14:39:12.822, 0, 105.07, 65, 24, 150.00, 1395, 150.00, 0x0000000000000004
2026/10/02 14:39:13.023, 0, 121.41, 65, 32, 150.00, 825, 150.00, 0x0000000000000004
2026/10/02 14:39:13.223, 0, 125.75, 65, 98, 150.00, 1620, 150.00, 0x0000000000000004
2026/10/02 14:39:13.424, 0, 121.90, 64, 45, 150.00, 1680, 150.00, 0x0000000000000004
2026/10/02 14:39:13.625, 0, 123.10, 64, 0, 150.00, 1680, 150.00, 0x0000000000000004
2026/10/02 14:39:13.825, 0, 123.20, 63, 0, 150.00, 1695, 150.00, 0x0000000000000000
2026/10/02 14:39:14.026, 0, 110.16, 63, 0, 150.00, 1005, 150.00, 0x0000000000000004
2026/10/02 14:39:14.226, 0, 91.50, 64, 5, 150.00, 675, 150.00, 0x0000000000000004
2026/10/02 14:39:14.427, 0, 83.94, 64, 61, 150.00, 1665, 150.00, 0x0000000000000004
2026/10/02 14:39:14.628, 0, 103.50, 64, 27, 150.00, 1680, 150.00, 0x0000000000000004
2026/10/02 14:39:14.828, 0, 118.60, 65, 42, 150.00, 810, 150.00, 0x0000000000000004
2026/10/02 14:39:15.029, 0, 131.47, 66, 88, 150.00, 795, 150.00, 0x0000000000000004
2026/10/02 14:39:15.229, 0, 121.42, 64, 45, 150.00, 1680, 150.00, 0x0000000000000004
2026/10/02 14:39:15.430, 0, 147.78, 66, 100, 150.00, 780, 150.00, 0x0000000000000004
2026/10/02 14:39:15.630, 0, 139.66, 66, 100, 150.00, 810, 150.00, 0x0000000000000004
2026/10/02 14:39:15.831, 0, 147.56, 65, 36, 150.00, 1680, 150.00, 0x0000000000000004
2026/10/02 14:39:16.032, 0, 141.84, 66, 38, 150.00, 1500, 150.00, 0x0000000000000004
2026/10/02 14:39:16.232, 0, 128.91, 64, 0, 150.00, 645, 150.00, 0x0000000000000004
2026/10/02 14:39:16.433, 0, 114.54, 64, 0, 150.00, 1005, 150.00, 0x0000000000000004
2026/10/02 14:39:16.633, 0, 117.41, 65, 97, 150.00, 720, 150.00, 0x0000000000000004
2026/10/02 14:39:16.834, 0, 104.05, 64, 0, 150.00, 1680, 150.00, 0x0000000000000004
2026/10/02 14:39:17.034, 0, 124.11, 66, 100, 150.00, 795, 150.00, 0x0000000000000004
2026/10/02 14:39:17.235, 0, 125.19, 66, 70, 150.00, 1590, 150.00, 0x0000000000000004
2026/10/02 14:39:17.436, 0, 123.79, 64, 0, 150.00, 1680, 150.00, 0x0000000000000004
2026/10/02 14:39:17.636, 0, 127.16, 65, 27, 150.00, 855, 150.00, 0x0000000000000004
2026/10/02 14:39:17.837, 0, 135.24, 66, 100, 150.00, 1605, 150.00, 0x0000000000000004
2026/10/02 14:39:18.037, 0, 122.92, 64, 0, 150.00, 1680, 150.00, 0x0000000000000004
2026/10/02 14:39:18.238, 0, 108.43, 65, 0, 150.00, 975, 150.00, 0x0000000000000004
2026/10/02 14:39:18.438, 0, 105.57, 65, 64, 150.00, 1635, 150.00, 0x0000000000000004
2026/10/02 14:39:18.639, 0, 102.00, 64, 0, 150.00, 1680, 150.00, 0x0000000000000004
2026/10/02 14:39:18.840, 0, 71.56, 65, 61, 150.00, 690, 150.00, 0x0000000000000004
2026/10/02 14:39:19.040, 0, 72.66, 64, 0, 150.00, 1680, 150.00, 0x0000000000000004
2026/10/02 14:39:19.240, 0, 72.44, 64, 0, 150.00, 1680, 150.00, 0x0000000000000004
2026/10/02 14:39:19.441, 0, 95.10, 65, 100, 150.00, 810, 150.00, 0x0000000000000004
2026/10/02 14:39:19.642, 0, 97.29, 64, 15, 150.00, 675, 150.00, 0x0000000000000004
2026/10/02 14:39:19.842, 0, 92.93, 64, 0, 150.00, 1680, 150.00, 0x0000000000000004
2026/10/02 14:39:20.043, 0, 115.50, 65, 100, 150.00, 1560, 150.00, 0x0000000000000004
2026/10/02 14:39:20.243, 0, 115.16, 64, 0, 150.00, 1680, 150.00, 0x0000000000000004
2026/10/02 14:39:20.444, 0, 105.59, 64, 0, 150.00, 675, 150.00, 0x0000000000000004
2026/10/02 14:39:20.644, 0, 90.92, 64, 0, 150.00, 1680, 150.00, 0x0000000000000004
2026/10/02 14:39:20.845, 0, 93.21, 65, 69, 150.00, 1020, 150.00, 0x0000000000000004
2026/10/02 14:39:21.046, 0, 77.64, 64, 63, 150.00, 1665, 150.00, 0x0000000000000004
2026/10/02 14:39:21.246, 0, 70.80, 64, 0, 150.00, 1680, 150.00, 0x0000000000000004
2026/10/02 14:39:21.447, 0, 70.74, 64, 0, 150.00, 645, 150.00, 0x0000000000000004
2026/10/02 14:39:21.647, 0, 84.61, 66, 100, 150.00, 810, 150.00, 0x0000000000000004
2026/10/02 14:39:21.848, 0, 105.75, 66, 100, 150.00, 795, 150.00, 0x0000000000000004
2026/10/02 14:39:22.048, 0, 121.84, 66, 100, 150.00, 795, 150.00, 0x0000000000000004
2026/10/02 14:39:22.249, 0, 129.55, 67, 100, 150.00, 450, 150.00, 0x0000000000000004
2026/10/02 14:39:22.450, 0, 147.88, 66, 100, 150.00, 765, 150.00, 0x0000000000000004
2026/10/02 14:39:22.650, 0, 139.43, 65, 67, 150.00, 675, 150.00, 0x0000000000000004
2026/10/02 14:39:22.851, 0, 130.42, 66, 100, 150.00, 1245, 150.00, 0x0000000000000004
2026/10/02 14:39:23.052, 0, 118.03, 65, 53, 150.00, 1680, 150.00, 0x0000000000000004
2026/10/02 14:39:23.252, 0, 95.82, 65, 0, 150.00, 675, 150.00, 0x0000000000000004
2026/10/02 14:39:23.454, 0, 102.98, 66, 100, 150.00, 795, 150.00, 0x0000000000000004
2026/10/02 14:39:23.654, 0, 118.11, 67, 100, 150.00, 795, 150.00, 0x0000000000000004
2026/10/02 14:39:23.855, 0, 117.19, 67, 68, 150.00, 765, 150.00, 0x0000000000000004
2026/10/02 14:39:24.055, 0, 126.56, 66, 40, 150.00, 615, 150.00, 0x0000000000000004
2026/10/02 14:39:24.256, 0, 128.54, 67, 95, 150.00, 1365, 150.00, 0x0000000000000004
2026/10/02 14:39:24.457, 0, 114.79, 65, 0, 150.00, 1680, 150.00, 0x0000000000000004
2026/10/02 14:39:24.657, 0, 101.98, 64, 0, 150.00, 615, 150.00, 0x0000000000000004
2026/10/02 14:39:24.858, 0, 101.33, 66, 100, 150.00, 1035, 150.00, 0x0000000000000004
2026/10/02 14:39:25.058, 0, 104.34, 65, 0, 150.00, 825, 150.00, 0x0000000000000004
2026/10/02 14:39:25.259, 0, 107.34, 66, 100, 150.00, 795, 150.00, 0x0000000000000004
2026/10/02 14:39:25.460, 0, 131.04, 67, 100, 150.00, 1470, 150.00, 0x0000000000000004
2026/10/02 14:39:25.660, 0, 124.30, 66, 46, 150.00, 1680, 150.00, 0x0000000000000004
2026/10/02 14:39:25.861, 0, 121.67, 65, 0, 150.00, 1095, 150.00, 0x0000000000000004
2026/10/02 14:39:26.061, 0, 129.92, 66, 93, 150.00, 1620, 150.00, 0x0000000000000004
2026/10/02 14:39:26.262, 0, 122.39, 66, 45, 150.00, 1545, 150.00, 0x0000000000000004
2026/10/02 14:39:26.462, 0, 110.24, 65, 0, 150.00, 1680, 150.00, 0x0000000000000004
2026/10/02 14:39:26.663, 0, 103.37, 66, 62, 150.00, 915, 150.00, 0x0000000000000004
2026/10/02 14:39:26.864, 0, 93.64, 66, 60, 150.00, 1635, 150.00, 0x0000000000000004
2026/10/02 14:39:27.064, 0, 100.07, 66, 59, 150.00, 810, 150.00, 0x0000000000000004
2026/10/02 14:39:27.265, 0, 106.20, 67, 100, 150.00, 1230, 150.00, 0x0000000000000004
2026/10/02 14:39:27.466, 0, 117.87, 67, 100, 150.00, 1500, 150.00, 0x0000000000000004
2026/10/02 14:39:27.666, 0, 122.63, 65, 0, 150.00, 735, 150.00, 0x0000000000000004
2026/10/02 14:39:27.867, 0, 126.88, 66, 77, 150.00, 1605, 150.00, 0x0000000000000004
2026/10/02 14:39:28.068, 0, 132.89, 66, 79, 150.00, 795, 150.00, 0x0000000000000004
2026/10/02 14:39:28.268, 0, 132.81, 67, 100, 150.00, 795, 150.00, 0x0000000000000004
2026/10/02 14:39:28.469, 0, 114.01, 65, 15, 150.00, 1680, 150.00, 0x0000000000000004
2026/10/02 14:39:28.670, 0, 128.79, 66, 83, 150.00, 810, 150.00, 0x0000000000000004
2026/10/02 14:39:28.870, 0, 128.02, 67, 100, 150.00, 795, 150.00, 0x0000000000000004
2026/10/02 14:39:29.071, 0, 135.67, 67, 100, 150.00, 795, 150.00, 0x0000000000000004
2026/10/02 14:39:29.271, 0, 126.20, 67, 100, 150.00, 1470, 150.00, 0x0000000000000004
2026/10/02 14:39:29.472, 0, 135.68, 67, 68, 150.00, 810, 150.00, 0x0000000000000004
2026/10/02 14:39:29.672, 0, 123.55, 66, 0, 150.00, 645, 150.00, 0x0000000000000004
2026/10/02 14:39:29.873, 0, 111.78, 67, 62, 150.00, 1605, 150.00, 0x0000000000000004
2026/10/02 14:39:30.073, 0, 100.62, 65, 0, 150.00, 1680, 150.00, 0x0000000000000004
2026/10/02 14:39:30.274, 0, 98.38, 66, 82, 150.00, 975, 150.00, 0x0000000000000004
2026/10/02 14:39:30.474, 0, 107.00, 67, 100, 150.00, 795, 150.00, 0x0000000000000004
2026/10/02 14:39:30.675, 0, 121.25, 67, 100, 150.00, 780, 150.00, 0x0000000000000004
2026/10/02 14:39:30.876, 0, 128.32, 67, 100, 150.00, 795, 150.00, 0x0000000000000004
2026/10/02 14:39:31.076, 0, 146.75, 67, 87, 150.00, 720, 150.00, 0x0000000000000004
2026/10/02 14:39:31.277, 0, 132.74, 66, 22, 150.00, 1680, 150.00, 0x0000000000000004
2026/10/02 14:39:31.477, 0, 136.46, 67, 48, 150.00, 795, 150.00, 0x0000000000000004
2026/10/02 14:39:31.678, 0, 136.34, 67, 69, 150.00, 1155, 150.00, 0x0000000000000004
2026/10/02 14:39:31.878, 0, 138.01, 67, 100, 150.00, 780, 150.00, 0x0000000000000004
2026/10/02 14:39:32.079, 0, 125.29, 66, 64, 150.00, 1665, 150.00, 0x0000000000000004
2026/10/02 14:39:32.280, 0, 122.45, 66, 6, 150.00, 1050, 150.00, 0x0000000000000004
2026/10/02 14:39:32.480, 0, 122.11, 65, 0, 150.00, 1680, 150.00, 0x0000000000000004
2026/10/02 14:39:32.681, 0, 125.70, 65, 46, 150.00, 1335, 150.00, 0x0000000000000004
2026/10/02 14:39:32.882, 0, 99.80, 66, 22, 150.00, 1680, 150.00, 0x0000000000000004
2026/10/02 14:39:33.082, 0, 98.22, 65, 0, 150.00, 1680, 150.00, 0x0000000000000004
2026/10/02 14:39:33.283, 0, 100.05, 65, 0, 150.00, 675, 150.00, 0x0000000000000004
2026/10/02 14:39:33.483, 0, 116.63, 66, 55, 150.00, 1665, 150.00, 0x0000000000000004
2026/10/02 14:39:33.684, 0, 113.39, 65, 26, 150.00, 645, 150.00, 0x0000000000000004
2026/10/02 14:39:33.885, 0, 122.93, 67, 58, 150.00, 1575, 150.00, 0x0000000000000004
2026/10/02 14:39:34.085, 0, 137.45, 67, 100, 150.00, 795, 150.00, 0x0000000000000004
2026/10/02 14:39:34.286, 0, 159.03, 67, 75, 150.00, 1605, 150.00, 0x0000000000000004
2026/10/02 14:39:34.486, 0, 160.36, 67, 100, 150.00, 1515, 150.00, 0x0000000000000004
2026/10/02 14:39:34.687, 0, 161.15, 67, 54, 150.00, 810, 150.00, 0x0000000000000004
2026/10/02 14:39:34.888, 0, 142.34, 66, 0, 150.00, 1680, 150.00, 0x0000000000000004
2026/10/02 14:39:35.088, 0, 136.76, 65, 0, 150.00, 1680, 150.00, 0x0000000000000004
2026/10/02 14:39:35.289, 0, 138.23, 67, 100, 150.00, 750, 150.00, 0x0000000000000004
2026/10/02 14:39:35.489, 0, 116.31, 66, 5, 150.00, 1680, 150.00, 0x0000000000000004
2026/10/02 14:39:35.690, 0, 107.11, 65, 0, 150.00, 1680, 150.00, 0x0000000000000004
2026/10/02 14:39:35.891, 0, 118.20, 65, 0, 150.00, 1140, 150.00, 0x0000000000000004
2026/10/02 14:39:36.091, 0, 113.83, 65, 14, 150.00, 660, 150.00, 0x0000000000000004
2026/10/02 14:39:36.292, 0, 97.04, 67, 79, 150.00, 825, 150.00, 0x0000000000000004
2026/10/02 14:39:36.492, 0, 103.09, 67, 47, 150.00, 1605, 150.00, 0x0000000000000004
2026/10/02 14:39:36.693, 0, 116.41, 67, 21, 150.00, 1515, 150.00, 0x0000000000000004
2026/10/02 14:39:36.893, 0, 112.16, 65, 0, 150.00, 1680, 150.00, 0x0000000000000004
2026/10/02 14:39:37.094, 0, 100.13, 65, 0, 150.00, 1695, 150.00, 0x0000000000000000
2026/10/02 14:39:37.294, 0, 115.31, 66, 23, 150.00, 765, 150.00, 0x0000000000000004
2026/10/02 14:39:37.495, 0, 116.09, 66, 100, 150.00, 765, 150.00, 0x0000000000000004
2026/10/02 14:39:37.695, 0, 122.82, 67, 48, 150.00, 720, 150.00, 0x0000000000000004
2026/10/02 14:39:37.896, 0, 136.26, 66, 8, 150.00, 690, 150.00, 0x0000000000000004
2026/10/02 14:39:38.097, 0, 143.28, 67, 100, 150.00, 1440, 150.00, 0x0000000000000004
2026/10/02 14:39:38.297, 0, 134.23, 66, 0, 150.00, 585, 150.00, 0x0000000000000004
2026/10/02 14:39:38.497, 0, 127.12, 67, 100, 150.00, 1095, 150.00, 0x0000000000000004
2026/10/02 14:39:38.698, 0, 111.24, 66, 0, 150.00, 1680, 150.00, 0x0000000000000004
2026/10/02 14:39:38.899, 0, 117.72, 67, 34, 150.00, 1590, 150.00, 0x0000000000000004
2026/10/02 14:39:39.099, 0, 102.11, 66, 63, 150.00, 1680, 150.00, 0x0000000000000004
2026/10/02 14:39:39.300, 0, 108.73, 67, 94, 150.00, 1470, 150.00, 0x0000000000000004
2026/10/02 14:39:39.500, 0, 103.33, 65, 0, 150.00, 600, 150.00, 0x0000000000000004
2026/10/02 14:39:39.701, 0, 114.03, 67, 100, 150.00, 1650, 150.00, 0x0000000000000004
2026/10/02 14:39:39.902, 0, 94.57, 66, 0, 150.00, 1065, 150.00, 0x0000000000000004
2026/10/02 14:39:40.102, 0, 96.40, 65, 0, 150.00, 1680, 150.00, 0x0000000000000004
2026/10/02 14:39:40.303, 0, 89.90, 65, 0, 150.00, 1695, 150.00, 0x0000000000000004
2026/10/02 14:39:40.503, 0, 90.85, 65, 65, 150.00, 1665, 150.00, 0x0000000000000004
2026/10/02 14:39:40.704, 0, 90.15, 66, 46, 150.00, 795, 150.00, 0x0000000000000004
2026/10/02 14:39:40.904, 0, 91.23, 66, 82, 150.00, 1665, 150.00, 0x0000000000000004
2026/10/02 14:39:41.105, 0, 107.35, 66, 64, 150.00, 645, 150.00, 0x0000000000000004
2026/10/02 14:39:41.305, 0, 119.13, 67, 100, 150.00, 795, 150.00, 0x0000000000000004
2026/10/02 14:39:41.506, 0, 134.34, 67, 100, 150.00, 795, 150.00, 0x0000000000000004
2026/10/02 14:39:41.706, 0, 136.91, 68, 100, 150.00, 795, 150.00, 0x0000000000000004
2026/10/02 14:39:41.907, 0, 141.34, 68, 100, 150.00, 480, 150.00, 0x0000000000000004
2026/10/02 14:39:42.108, 0, 155.50, 67, 100, 150.00, 765, 150.00, 0x0000000000000004
2026/10/02 14:39:42.308, 0, 150.55, 68, 100, 150.00, 780, 150.00, 0x0000000000000004
2026/10/02 14:39:42.509, 0, 150.19, 68, 100, 150.00, 780, 150.00, 0x0000000000000004
2026/10/02 14:39:42.709, 0, 150.35, 68, 100, 150.00, 765, 150.00, 0x0000000000000004
2026/10/02 14:39:42.910, 0, 149.67, 68, 100, 150.00, 705, 150.00, 0x0000000000000004
2026/10/02 14:39:43.110, 0, 150.18, 68, 100, 150.00, 750, 150.00, 0x0000000000000004
2026/10/02 14:39:43.311, 0, 150.48, 68, 100, 150.00, 780, 150.00, 0x0000000000000004
2026/10/02 14:39:43.512, 0, 150.35, 68, 100, 150.00, 780, 150.00, 0x0000000000000004
2026/10/02 14:39:43.712, 0, 136.27, 68, 81, 150.00, 930, 150.00, 0x0000000000000004
2026/10/02 14:39:43.913, 0, 126.33, 66, 0, 150.00, 675, 150.00, 0x0000000000000004
2026/10/02 14:39:44.113, 0, 112.85, 66, 0, 150.00, 1680, 150.00, 0x0000000000000004
2026/10/02 14:39:44.314, 0, 109.63, 66, 0, 150.00, 1080, 150.00, 0x0000000000000004
2026/10/02 14:39:44.514, 0, 92.05, 66, 32, 150.00, 1680, 150.00, 0x0000000000000004
2026/10/02 14:39:44.715, 0, 104.52, 65, 0, 150.00, 1125, 150.00, 0x0000000000000004
2026/10/02 14:39:44.915, 0, 101.93, 66, 38, 150.00, 1680, 150.00, 0x0000000000000004
2026/10/02 14:39:45.116, 0, 118.55, 67, 46, 150.00, 795, 150.00, 0x0000000000000004
2026/10/02 14:39:45.317, 0, 133.37, 68, 100, 150.00, 795, 150.00, 0x0000000000000004
2026/10/02 14:39:45.517, 0, 138.34, 68, 100, 150.00, 1320, 150.00, 0x0000000000000004
2026/10/02 14:39:45.718, 0, 159.39, 68, 100, 150.00, 1005, 150.00, 0x0000000000000004
2026/10/02 14:39:45.918, 0, 151.82, 67, 33, 150.00, 1680, 150.00, 0x0000000000000004
2026/10/02 14:39:46.119, 0, 134.06, 66, 0, 150.00, 1185, 150.00, 0x0000000000000004
2026/10/02 14:39:46.320, 0, 123.61, 66, 64, 150.00, 735, 150.00, 0x0000000000000004
2026/10/02 14:39:46.520, 0, 118.11, 67, 65, 150.00, 645, 150.00, 0x0000000000000004
2026/10/02 14:39:46.721, 0, 105.66, 67, 4, 150.00, 765, 150.00, 0x0000000000000004
2026/10/02 14:39:46.921, 0, 107.87, 68, 100, 150.00, 780, 150.00, 0x0000000000000004
2026/10/02 14:39:47.122, 0, 122.00, 66, 9, 150.00, 660, 150.00, 0x0000000000000004
2026/10/02 14:39:47.322, 0, 126.83, 68, 100, 150.00, 1635, 150.00, 0x0000000000000004
2026/10/02 14:39:47.523, 0, 133.01, 67, 61, 150.00, 780, 150.00, 0x0000000000000004
2026/10/02 14:39:47.724, 0, 141.42, 68, 11, 150.00, 810, 150.00, 0x0000000000000004
2026/10/02 14:39:47.924, 0, 142.65, 68, 100, 150.00, 690, 150.00, 0x0000000000000004
2026/10/02 14:39:48.125, 0, 143.90, 68, 100, 150.00, 1650, 150.00, 0x0000000000000004
2026/10/02 14:39:48.325, 0, 129.93, 67, 59, 150.00, 1665, 150.00, 0x0000000000000004
2026/10/02 14:39:48.526, 0, 136.70, 68, 100, 150.00, 795, 150.00, 0x0000000000000004
2026/10/02 14:39:48.727, 0, 131.31, 68, 100, 150.00, 1635, 150.00, 0x0000000000000004
2026/10/02 14:39:48.927, 0, 130.07, 68, 8, 150.00, 795, 150.00, 0x0000000000000004
2026/10/02 14:39:49.128, 0, 112.17, 67, 42, 150.00, 1680, 150.00, 0x0000000000000004
2026/10/02 14:39:49.328, 0, 125.66, 66, 0, 150.00, 780, 150.00, 0x0000000000000004
2026/10/02 14:39:49.529, 0, 128.73, 68, 100, 150.00, 780, 150.00, 0x0000000000000004
2026/10/02 14:39:49.729, 0, 113.93, 67, 79, 150.00, 1665, 150.00, 0x0000000000000004
2026/10/02 14:39:49.930, 0, 129.08, 68, 43, 150.00, 795, 150.00, 0x0000000000000004
2026/10/02 14:39:50.130, 0, 145.24, 68, 100, 150.00, 780, 150.00, 0x0000000000000004
2026/10/02 14:39:50.331, 0, 153.37, 68, 100, 150.00, 780, 150.00, 0x0000000000000004
2026/10/02 14:39:50.532, 0, 144.83, 69, 100, 150.00, 780, 150.00, 0x0000000000000004
2026/10/02 14:39:50.732, 0, 158.01, 68, 100, 150.00, 765, 150.00, 0x0000000000000004
2026/10/02 14:39:50.933, 0, 150.50, 68, 100, 150.00, 750, 150.00, 0x0000000000000004
2026/10/02 14:39:51.134, 0, 134.97, 67, 35, 150.00, 1680, 150.00, 0x0000000000000004
2026/10/02 14:39:51.334, 0, 117.21, 67, 64, 150.00, 1665, 150.00, 0x0000000000000004
2026/10/02 14:39:51.535, 0, 100.90, 67, 60, 150.00, 1665, 150.00, 0x0000000000000004
2026/10/02 14:39:51.735, 0, 98.96, 66, 0, 150.00, 720, 150.00, 0x0000000000000004
2026/10/02 14:39:51.936, 0, 77.09, 67, 66, 150.00, 1680, 150.00, 0x0000000000000004
2026/10/02 14:39:52.136, 0, 91.35, 66, 0, 150.00, 690, 150.00, 0x0000000000000004
2026/10/02 14:39:52.337, 0, 105.53, 68, 100, 150.00, 780, 150.00, 0x0000000000000004
2026/10/02 14:39:52.538, 0, 111.64, 68, 100, 150.00, 1485, 150.00, 0x0000000000000004
2026/10/02 14:39:52.738, 0, 132.74, 68, 48, 150.00, 660, 150.00, 0x0000000000000004
2026/10/02 14:39:52.939, 0, 142.14, 68, 100, 150.00, 780, 150.00, 0x0000000000000004
2026/10/02 14:39:53.139, 0, 157.26, 69, 100, 150.00, 780, 150.00, 0x0000000000000004
2026/10/02 14:39:53.340, 0, 150.65, 69, 100, 150.00, 780, 150.00, 0x0000000000000004
2026/10/02 14:39:53.540, 0, 142.84, 69, 95, 150.00, 1065, 150.00, 0x0000000000000004
2026/10/02 14:39:53.741, 0, 138.96, 67, 0, 150.00, 630, 150.00, 0x0000000000000004
2026/10/02 14:39:53.942, 0, 120.00, 68, 83, 150.00, 1665, 150.00, 0x0000000000000004
2026/10/02 14:39:54.142, 0, 104.15, 66, 0, 150.00, 990, 150.00, 0x0000000000000004
2026/10/02 14:39:54.343, 0, 99.72, 67, 66, 150.00, 1650, 150.00, 0x0000000000000004
2026/10/02 14:39:54.544, 0, 90.78, 68, 76, 150.00, 1410, 150.00, 0x0000000000000004
2026/10/02 14:39:54.744, 0, 90.18, 67, 0, 150.00, 1680, 150.00, 0x0000000000000004
2026/10/02 14:39:54.945, 0, 91.27, 66, 0, 150.00, 645, 150.00, 0x0000000000000004
2026/10/02 14:39:55.145, 0, 94.83, 68, 95, 150.00, 1380, 150.00, 0x0000000000000004
2026/10/02 14:39:55.346, 0, 87.71, 67, 0, 150.00, 1680, 150.00, 0x0000000000000004
2026/10/02 14:39:55.546, 0, 102.49, 67, 18, 150.00, 795, 150.00, 0x0000000000000004
2026/10/02 14:39:55.747, 0, 118.52, 68, 100, 150.00, 780, 150.00, 0x0000000000000004
2026/10/02 14:39:55.948, 0, 133.40, 69, 100, 150.00, 780, 150.00, 0x0000000000000004
2026/10/02 14:39:56.148, 0, 134.23, 69, 96, 150.00, 1605, 150.00, 0x0000000000000004
2026/10/02 14:39:56.349, 0, 150.50, 68, 38, 150.00, 795, 150.00, 0x0000000000000004
2026/10/02 14:39:56.549, 0, 152.72, 67, 10, 150.00, 960, 150.00, 0x0000000000000004
2026/10/02 14:39:56.750, 0, 153.78, 68, 100, 150.00, 1605, 150.00, 0x0000000000000004
2026/10/02 14:39:56.951, 0, 145.04, 67, 52, 150.00, 675, 150.00, 0x0000000000000004
2026/10/02 14:39:57.151, 0, 132.35, 67, 86, 150.00, 1665, 150.00, 0x0000000000000004
2026/10/02 14:39:57.352, 0, 130.38, 68, 27, 150.00, 1545, 150.00, 0x0000000000000004
2026/10/02 14:39:57.552, 0, 124.18, 67, 63, 150.00, 1170, 150.00, 0x0000000000000004
2026/10/02 14:39:57.753, 0, 122.79, 68, 38, 150.00, 780, 150.00, 0x0000000000000004
2026/10/02 14:39:57.953, 0, 123.33, 69, 100, 150.00, 1230, 150.00, 0x0000000000000004
2026/10/02 14:39:58.154, 0, 111.93, 67, 0, 150.00, 1275, 150.00, 0x0000000000000004
2026/10/02 14:39:58.355, 0, 120.62, 68, 35, 150.00, 750, 150.00, 0x0000000000000004
2026/10/02 14:39:58.555, 0, 137.93, 68, 99, 150.00, 705, 150.00, 0x0000000000000004
2026/10/02 14:39:58.756, 0, 123.21, 67, 0, 150.00, 1680, 150.00, 0x0000000000000004
2026/10/02 14:39:58.956, 0, 108.44, 66, 0, 150.00, 1680, 150.00, 0x0000000000000004
2026/10/02 14:39:59.157, 0, 109.02, 66, 0, 150.00, 1695, 150.00, 0x0000000000000000
2026/10/02 14:39:59.358, 0, 87.53, 67, 4, 150.00, 1365, 150.00, 0x0000000000000004
2026/10/02 14:39:59.558, 0, 71.00, 66, 0, 150.00, 1680, 150.00, 0x0000000000000004
2026/10/02 14:39:59.759, 0, 78.11, 66, 0, 150.00, 1680, 150.00, 0x0000000000000004
2026/10/02 14:39:59.960, 0, 93.48, 67, 39, 150.00, 1515, 150.00, 0x0000000000000004
2026/10/02 14:40:00.160, 0, 108.90, 66, 31, 150.00, 1035, 150.00, 0x0000000000000004
2026/10/02 14:40:00.361, 0, 105.03, 67, 65, 150.00, 1200, 150.00, 0x0000000000000004
2026/10/02 14:40:00.562, 0, 119.09, 66, 24, 150.00, 1215, 150.00, 0x0000000000000004
2026/10/02 14:40:00.762, 0, 133.94, 68, 77, 150.00, 735, 150.00, 0x0000000000000004
2026/10/02 14:40:00.963, 0, 128.34, 68, 100, 150.00, 780, 150.00, 0x0000000000000004
2026/10/02 14:40:01.164, 0, 142.93, 67, 38, 150.00, 765, 150.00, 0x0000000000000004
2026/10/02 14:40:01.364, 0, 142.08, 68, 88, 150.00, 765, 150.00, 0x0000000000000004
2026/10/02 14:40:01.565, 0, 147.44, 67, 64, 150.00, 630, 150.00, 0x0000000000000004
2026/10/02 14:40:01.766, 0, 125.79, 67, 0, 150.00, 1680, 150.00, 0x0000000000000004
2026/10/02 14:40:01.966, 0, 109.70, 66, 0, 150.00, 1680, 150.00, 0x0000000000000004
2026/10/02 14:40:02.167, 0, 113.09, 67, 12, 150.00, 1620, 150.00, 0x0000000000000004
2026/10/02 14:40:02.367, 0, 107.75, 66, 100, 150.00, 795, 150.00, 0x0000000000000004
2026/10/02 14:40:02.568, 0, 116.95, 68, 100, 150.00, 780, 150.00, 0x0000000000000004
2026/10/02 14:40:02.769, 0, 123.89, 68, 69, 150.00, 1290, 150.00, 0x0000000000000004
2026/10/02 14:40:02.969, 0, 128.80, 67, 67, 150.00, 675, 150.00, 0x0000000000000004
2026/10/02 14:40:03.170, 0, 128.43, 68, 100, 150.00, 780, 150.00, 0x0000000000000004
2026/10/02 14:40:03.370, 0, 126.25, 69, 25, 150.00, 1605, 150.00, 0x0000000000000004
2026/10/02 14:40:03.571, 0, 112.14, 67, 0, 150.00, 1680, 150.00, 0x0000000000000004
2026/10/02 14:40:03.772, 0, 124.54, 68, 58, 150.00, 1125, 150.00, 0x0000000000000004
2026/10/02 14:40:03.972, 0, 132.89, 68, 26, 150.00, 1605, 150.00, 0x0000000000000004
2026/10/02 14:40:04.173, 0, 120.57, 66, 0, 150.00, 1680, 150.00, 0x0000000000000004
2026/10/02 14:40:04.374, 0, 128.01, 67, 100, 150.00, 795, 150.00, 0x0000000000000004
2026/10/02 14:40:04.574, 0, 141.41, 67, 70, 150.00, 645, 150.00, 0x0000000000000004
2026/10/02 14:40:04.775, 0, 119.90, 67, 0, 150.00, 1665, 150.00, 0x0000000000000004
2026/10/02 14:40:04.975, 0, 108.42, 68, 48, 150.00, 1455, 150.00, 0x0000000000000004
2026/10/02 14:40:05.176, 0, 122.70, 66, 60, 150.00, 660, 150.00, 0x0000000000000004
2026/10/02 14:40:05.377, 0, 113.15, 67, 100, 150.00, 780, 150.00, 0x0000000000000004
2026/10/02 14:40:05.577, 0, 105.47, 67, 0, 150.00, 1680, 150.00, 0x0000000000000004
2026/10/02 14:40:05.778, 0, 116.01, 68, 100, 150.00, 780, 150.00, 0x0000000000000004
2026/10/02 14:40:05.979, 0, 117.00, 68, 100, 150.00, 780, 150.00, 0x0000000000000004
2026/10/02 14:40:06.179, 0, 117.91, 67, 0, 150.00, 1680, 150.00, 0x0000000000000004
2026/10/02 14:40:06.380, 0, 120.89, 68, 100, 150.00, 795, 150.00, 0x0000000000000004
2026/10/02 14:40:06.580, 0, 130.18, 68, 100, 150.00, 780, 150.00, 0x0000000000000004
2026/10/02 14:40:06.781, 0, 122.60, 67, 0, 150.00, 1680, 150.00, 0x0000000000000004
2026/10/02 14:40:06.981, 0, 110.86, 67, 1, 150.00, 1650, 150.00, 0x0000000000000004
2026/10/02 14:40:07.182, 0, 107.92, 66, 0, 150.00, 1680, 150.00, 0x0000000000000004
2026/10/02 14:40:07.382, 0, 110.46, 67, 89, 150.00, 780, 150.00, 0x0000000000000004
2026/10/02 14:40:07.583, 0, 92.15, 68, 67, 150.00, 1275, 150.00, 0x0000000000000004
2026/10/02 14:40:07.783, 0, 110.66, 68, 100, 150.00, 795, 150.00, 0x0000000000000004
2026/10/02 14:40:07.984, 0, 117.96, 68, 78, 150.00, 735, 150.00, 0x0000000000000004
2026/10/02 14:40:08.185, 0, 133.98, 68, 90, 150.00, 750, 150.00, 0x0000000000000004
2026/10/02 14:40:08.385, 0, 120.25, 68, 0, 150.00, 1680, 150.00, 0x0000000000000004
2026/10/02 14:40:08.586, 0, 125.43, 68, 69, 150.00, 1290, 150.00, 0x0000000000000004
2026/10/02 14:40:08.786, 0, 124.00, 67, 33, 150.00, 960, 150.00, 0x0000000000000004
2026/10/02 14:40:08.987, 0, 104.23, 67, 0, 150.00, 1680, 150.00, 0x0000000000000004
2026/10/02 14:40:09.187, 0, 98.25, 66, 0, 150.00, 1680, 150.00, 0x0000000000000004
2026/10/02 14:40:09.388, 0, 109.77, 68, 100, 150.00, 765, 150.00, 0x0000000000000004
2026/10/02 14:40:09.589, 0, 106.39, 68, 19, 150.00, 1620, 150.00, 0x0000000000000004
2026/10/02 14:40:09.789, 0, 107.33, 66, 0, 150.00, 1680, 150.00, 0x0000000000000004
2026/10/02 14:40:09.990, 0, 101.78, 66, 81, 150.00, 705, 150.00, 0x0000000000000004
2026/10/02 14:40:10.190, 0, 111.57, 67, 53, 150.00, 615, 150.00, 0x0000000000000004
2026/10/02 14:40:10.391, 0, 108.64, 68, 0, 150.00, 1650, 150.00, 0x0000000000000004
2026/10/02 14:40:10.591, 0, 99.55, 68, 56, 150.00, 1395, 150.00, 0x0000000000000004
2026/10/02 14:40:10.792, 0, 101.76, 67, 0, 150.00, 1680, 150.00, 0x0000000000000004
2026/10/02 14:40:10.992, 0, 116.48, 68, 18, 150.00, 1635, 150.00, 0x0000000000000004
2026/10/02 14:40:11.193, 0, 109.34, 67, 0, 150.00, 1680, 150.00, 0x0000000000000004
2026/10/02 14:40:11.394, 0, 100.66, 67, 51, 150.00, 1425, 150.00, 0x0000000000000004
2026/10/02 14:40:11.594, 0, 93.63, 66, 0, 150.00, 1680, 150.00, 0x0000000000000004
2026/10/02 14:40:11.795, 0, 109.63, 67, 100, 150.00, 780, 150.00, 0x0000000000000004
2026/10/02 14:40:11.995, 0, 116.20, 68, 100, 150.00, 780, 150.00, 0x0000000000000004
2026/10/02 14:40:12.196, 0, 108.03, 67, 0, 150.00, 1680, 150.00, 0x0000000000000004
2026/10/02 14:40:12.396, 0, 118.69, 67, 67, 150.00, 690, 150.00, 0x0000000000000004
2026/10/02 14:40:12.597, 0, 135.06, 68, 100, 150.00, 780, 150.00, 0x0000000000000004
2026/10/02 14:40:12.797, 0, 143.62, 68, 100, 150.00, 780, 150.00, 0x0000000000000004
2026/10/02 14:40:12.998, 0, 143.73, 69, 100, 150.00, 780, 150.00, 0x0000000000000004
2026/10/02 14:40:13.199, 0, 159.15, 69, 100, 150.00, 630, 150.00, 0x0000000000000004
2026/10/02 14:40:13.399, 0, 152.25, 69, 100, 150.00, 765, 150.00, 0x0000000000000004
2026/10/02 14:40:13.600, 0, 151.99, 69, 100, 150.00, 780, 150.00, 0x0000000000000004
2026/10/02 14:40:13.800, 0, 152.06, 69, 100, 150.00, 780, 150.00, 0x0000000000000004
2026/10/02 14:40:14.001, 0, 151.61, 69, 100, 150.00, 690, 150.00, 0x0000000000000004
2026/10/02 14:40:14.201, 0, 151.09, 69, 100, 150.00, 705, 150.00, 0x0000000000000004
2026/10/02 14:40:14.402, 0, 150.02, 69, 100, 150.00, 750, 150.00, 0x0000000000000004
2026/10/02 14:40:14.603, 0, 150.32, 69, 100, 150.00, 765, 150.00, 0x0000000000000004
2026/10/02 14:40:14.803, 0, 150.60, 69, 100, 150.00, 780, 150.00, 0x0000000000000004
2026/10/02 14:40:15.004, 0, 149.95, 69, 100, 150.00, 720, 150.00, 0x0000000000000004
2026/10/02 14:40:15.204, 0, 136.44, 68, 0, 150.00, 1665, 150.00, 0x0000000000000004
2026/10/02 14:40:15.405, 0, 129.23, 67, 77, 150.00, 660, 150.00, 0x0000000000000004
2026/10/02 14:40:15.606, 0, 110.96, 68, 0, 150.00, 1665, 150.00, 0x0000000000000004
2026/10/02 14:40:15.806, 0, 106.05, 67, 8, 150.00, 1245, 150.00, 0x0000000000000004
2026/10/02 14:40:16.007, 0, 93.45, 69, 66, 150.00, 1500, 150.00, 0x0000000000000004
2026/10/02 14:40:16.208, 0, 99.39, 69, 100, 150.00, 765, 150.00, 0x0000000000000004
2026/10/02 14:40:16.408, 0, 105.88, 68, 45, 150.00, 1605, 150.00, 0x0000000000000004
2026/10/02 14:40:16.609, 0, 110.10, 68, 52, 150.00, 630, 150.00, 0x0000000000000004
2026/10/02 14:40:16.809, 0, 114.09, 69, 100, 150.00, 780, 150.00, 0x0000000000000004
2026/10/02 14:40:17.010, 0, 130.89, 69, 100, 150.00, 780, 150.00, 0x0000000000000004
2026/10/02 14:40:17.211, 0, 140.63, 69, 100, 150.00, 780, 150.00, 0x0000000000000004
2026/10/02 14:40:17.411, 0, 138.36, 69, 100, 150.00, 450, 150.00, 0x0000000000000004
2026/10/02 14:40:17.612, 0, 139.08, 68, 0, 150.00, 1680, 150.00, 0x0000000000000004
2026/10/02 14:40:17.812, 0, 127.23, 68, 63, 150.00, 1110, 150.00, 0x0000000000000004
2026/10/02 14:40:18.013, 0, 115.11, 67, 1, 150.00, 1665, 150.00, 0x0000000000000004
2026/10/02 14:40:18.214, 0, 119.06, 69, 100, 150.00, 780, 150.00, 0x0000000000000004
2026/10/02 14:40:18.414, 0, 108.46, 67, 0, 150.00, 1680, 150.00, 0x0000000000000004
2026/10/02 14:40:18.615, 0, 103.83, 67, 0, 150.00, 1680, 150.00, 0x0000000000000004
2026/10/02 14:40:18.815, 0, 115.69, 68, 15, 150.00, 825, 150.00, 0x0000000000000000
2026/10/02 14:40:19.016, 0, 112.92, 68, 45, 150.00, 1500, 150.00, 0x0000000000000004
2026/10/02 14:40:19.216, 0, 116.06, 69, 100, 150.00, 780, 150.00, 0x0000000000000004
2026/10/02 14:40:19.417, 0, 115.07, 69, 59, 150.00, 915, 150.00, 0x0000000000000004
2026/10/02 14:40:19.618, 0, 118.44, 68, 64, 150.00, 1425, 150.00, 0x0000000000000004
2026/10/02 14:40:19.818, 0, 142.26, 69, 61, 150.00, 690, 150.00, 0x0000000000000004
2026/10/02 14:40:20.019, 0, 135.36, 69, 74, 150.00, 690, 150.00, 0x0000000000000004
2026/10/02 14:40:20.219, 0, 157.65, 69, 64, 150.00, 690, 150.00, 0x0000000000000004
2026/10/02 14:40:20.420, 0, 165.46, 69, 100, 150.00, 780, 150.00, 0x0000000000000004
2026/10/02 14:40:20.621, 0, 158.00, 68, 0, 150.00, 1680, 150.00, 0x0000000000000004
2026/10/02 14:40:20.821, 0, 150.38, 68, 66, 150.00, 975, 150.00, 0x0000000000000004
2026/10/02 14:40:21.022, 0, 135.95, 69, 100, 150.00, 795, 150.00, 0x0000000000000004
2026/10/02 14:40:21.222, 0, 128.04, 69, 100, 150.00, 780, 150.00, 0x0000000000000004
2026/10/02 14:40:21.423, 0, 106.93, 67, 0, 150.00, 1680, 150.00, 0x0000000000000004
2026/10/02 14:40:21.623, 0, 101.47, 68, 0, 150.00, 1665, 150.00, 0x0000000000000004
2026/10/02 14:40:21.824, 0, 100.73, 67, 0, 150.00, 1680, 150.00, 0x0000000000000004
2026/10/02 14:40:22.025, 0, 105.75, 67, 15, 150.00, 1650, 150.00, 0x0000000000000004
2026/10/02 14:40:22.225, 0, 85.87, 67, 0, 150.00, 1680, 150.00, 0x0000000000000004
2026/10/02 14:40:22.426, 0, 93.91, 68, 77, 150.00, 1425, 150.00, 0x0000000000000004
2026/10/02 14:40:22.626, 0, 88.82, 67, 0, 150.00, 1680, 150.00, 0x0000000000000004
2026/10/02 14:40:22.827, 0, 118.28, 68, 47, 150.00, 675, 150.00, 0x0000000000000004
2026/10/02 14:40:23.027, 0, 114.42, 67, 51, 150.00, 1560, 150.00, 0x0000000000000004
2026/10/02 14:40:23.228, 0, 128.91, 68, 56, 150.00, 675, 150.00, 0x0000000000000004
2026/10/02 14:40:23.429, 0, 129.70, 68, 77, 150.00, 1410, 150.00, 0x0000000000000004
2026/10/02 14:40:23.629, 0, 147.21, 68, 31, 150.00, 630, 150.00, 0x0000000000000004
2026/10/02 14:40:23.830, 0, 139.42, 69, 100, 150.00, 780, 150.00, 0x0000000000000004
2026/10/02 14:40:24.030, 0, 139.35, 69, 100, 150.00, 780, 150.00, 0x0000000000000004
2026/10/02 14:40:24.231, 0, 148.20, 69, 100, 150.00, 780, 150.00, 0x0000000000000004
2026/10/02 14:40:24.431, 0, 145.47, 69, 100, 150.00, 420, 150.00, 0x0000000000000004
2026/10/02 14:40:24.632, 0, 159.15, 69, 100, 150.00, 750, 150.00, 0x0000000000000004
2026/10/02 14:40:24.833, 0, 140.94, 68, 55, 150.00, 1560, 150.00, 0x0000000000000004
2026/10/02 14:40:25.033, 0, 127.41, 68, 1, 150.00, 1260, 150.00, 0x0000000000000004
2026/10/02 14:40:25.234, 0, 106.98, 67, 0, 150.00, 1680, 150.00, 0x0000000000000004
2026/10/02 14:40:25.434, 0, 109.84, 67, 22, 150.00, 1635, 150.00, 0x0000000000000004
2026/10/02 14:40:25.635, 0, 97.24, 67, 0, 150.00, 1680, 150.00, 0x0000000000000004
2026/10/02 14:40:25.835, 0, 95.28, 68, 47, 150.00, 645, 150.00, 0x0000000000000004
2026/10/02 14:40:26.036, 0, 111.31, 69, 100, 150.00, 780, 150.00, 0x0000000000000004
2026/10/02 14:40:26.236, 0, 123.19, 69, 18, 150.00, 915, 150.00, 0x0000000000000004
2026/10/02 14:40:26.437, 0, 119.88, 68, 32, 150.00, 1350, 150.00, 0x0000000000000004
2026/10/02 14:40:26.638, 0, 118.61, 67, 0, 150.00, 1680, 150.00, 0x0000000000000004
2026/10/02 14:40:26.838, 0, 133.01, 69, 81, 150.00, 765, 150.00, 0x0000000000000004
2026/10/02 14:40:27.039, 0, 117.21, 68, 70, 150.00, 1470, 150.00, 0x0000000000000004
2026/10/02 14:40:27.239, 0, 113.11, 68, 64, 150.00, 1470, 150.00, 0x0000000000000004
2026/10/02 14:40:27.440, 0, 111.98, 69, 100, 150.00, 780, 150.00, 0x0000000000000004
2026/10/02 14:40:27.640, 0, 120.20, 68, 59, 150.00, 1545, 150.00, 0x0000000000000004
2026/10/02 14:40:27.841, 0, 108.77, 67, 0, 150.00, 1680, 150.00, 0x0000000000000004
2026/10/02 14:40:28.041, 0, 94.12, 67, 0, 150.00, 1695, 150.00, 0x0000000000000000
2026/10/02 14:40:28.242, 0, 108.41, 68, 20, 150.00, 690, 150.00, 0x0000000000000000
2026/10/02 14:40:28.442, 0, 113.83, 69, 100, 150.00, 780, 150.00, 0x0000000000000004
2026/10/02 14:40:28.643, 0, 109.04, 67, 0, 150.00, 1665, 150.00, 0x0000000000000004
2026/10/02 14:40:28.843, 0, 109.07, 67, 0, 150.00, 1680, 150.00, 0x0000000000000004
2026/10/02 14:40:29.044, 0, 116.97, 67, 1, 150.00, 1665, 150.00, 0x0000000000000004
2026/10/02 14:40:29.245, 0, 124.14, 67, 18, 150.00, 1650, 150.00, 0x0000000000000004
2026/10/02 14:40:29.445, 0, 103.59, 66, 0, 150.00, 1680, 150.00, 0x0000000000000004
2026/10/02 14:40:29.646, 0, 105.01, 67, 35, 150.00, 1620, 150.00, 0x0000000000000004
2026/10/02 14:40:29.846, 0, 105.31, 66, 0, 150.00, 1680, 150.00, 0x0000000000000004
2026/10/02 14:40:30.047, 0, 115.02, 68, 45, 150.00, 645, 150.00, 0x0000000000000004
2026/10/02 14:40:30.248, 0, 97.21, 67, 60, 150.00, 1485, 150.00, 0x0000000000000004
2026/10/02 14:40:30.448, 0, 97.93, 66, 0, 150.00, 1680, 150.00, 0x0000000000000004
2026/10/02 14:40:30.649, 0, 99.59, 68, 35, 150.00, 645, 150.00, 0x0000000000000004
2026/10/02 14:40:30.849, 0, 119.64, 68, 29, 150.00, 585, 150.00, 0x0000000000000004
2026/10/02 14:40:31.050, 0, 130.04, 68, 100, 150.00, 780, 150.00, 0x0000000000000004
2026/10/02 14:40:31.250, 0, 132.56, 69, 100, 150.00, 780, 150.00, 0x0000000000000004
2026/10/02 14:40:31.451, 0, 148.69, 69, 100, 150.00, 780, 150.00, 0x0000000000000004
2026/10/02 14:40:31.652, 0, 160.84, 69, 100, 150.00, 435, 150.00, 0x0000000000000004
2026/10/02 14:40:31.852, 0, 153.89, 68, 84, 150.00, 1335, 150.00, 0x0000000000000004
2026/10/02 14:40:32.053, 0, 153.88, 69, 100, 150.00, 780, 150.00, 0x0000000000000004
2026/10/02 14:40:32.253, 0, 151.60, 69, 94, 150.00, 825, 150.00, 0x0000000000000004
2026/10/02 14:40:32.454, 0, 144.29, 68, 11, 150.00, 990, 150.00, 0x0000000000000004
2026/10/02 14:40:32.654, 0, 138.25, 68, 48, 150.00, 1590, 150.00, 0x0000000000000004
2026/10/02 14:40:32.855, 0, 142.52, 69, 100, 150.00, 780, 150.00, 0x0000000000000004
2026/10/02 14:40:33.055, 0, 126.41, 68, 0, 150.00, 1680, 150.00, 0x0000000000000004
2026/10/02 14:40:33.256, 0, 118.65, 67, 2, 150.00, 1665, 150.00, 0x0000000000000004
2026/10/02 14:40:33.457, 0, 129.25, 69, 84, 150.00, 750, 150.00, 0x0000000000000004
2026/10/02 14:40:33.657, 0, 126.03, 69, 100, 150.00, 780, 150.00, 0x0000000000000004
2026/10/02 14:40:33.858, 0, 132.14, 69, 100, 150.00, 780, 150.00, 0x0000000000000004
2026/10/02 14:40:34.058, 0, 138.75, 69, 100, 150.00, 780, 150.00, 0x0000000000000004
2026/10/02 14:40:34.259, 0, 144.84, 69, 100, 150.00, 765, 150.00, 0x0000000000000004
2026/10/02 14:40:34.459, 0, 137.99, 67, 0, 150.00, 1680, 150.00, 0x0000000000000004
2026/10/02 14:40:34.660, 0, 126.52, 68, 63, 150.00, 1155, 150.00, 0x0000000000000004
2026/10/02 14:40:34.861, 0, 116.90, 69, 85, 150.00, 1350, 150.00, 0x0000000000000004
2026/10/02 14:40:35.061, 0, 113.25, 68, 19, 150.00, 1650, 150.00, 0x0000000000000004
2026/10/02 14:40:35.262, 0, 111.48, 68, 56, 150.00, 885, 150.00, 0x0000000000000004
2026/10/02 14:40:35.463, 0, 119.84, 68, 25, 150.00, 1635, 150.00, 0x0000000000000004
2026/10/02 14:40:35.663, 0, 124.76, 69, 93, 150.00, 780, 150.00, 0x0000000000000004
2026/10/02 14:40:35.864, 0, 112.97, 67, 0, 150.00, 1680, 150.00, 0x0000000000000004
2026/10/02 14:40:36.064, 0, 99.13, 67, 0, 150.00, 1680, 150.00, 0x0000000000000004
2026/10/02 14:40:36.265, 0, 106.58, 69, 100, 150.00, 780, 150.00, 0x0000000000000004
2026/10/02 14:40:36.465, 0, 108.56, 69, 100, 150.00, 1110, 150.00, 0x0000000000000004
2026/10/02 14:40:36.666, 0, 117.13, 69, 97, 150.00, 780, 150.00, 0x0000000000000004
2026/10/02 14:40:36.867, 0, 130.62, 68, 100, 150.00, 1665, 150.00, 0x0000000000000004
2026/10/02 14:40:37.067, 0, 147.41, 69, 23, 150.00, 795, 150.00, 0x0000000000000004
2026/10/02 14:40:37.268, 0, 152.08, 69, 85, 150.00, 675, 150.00, 0x0000000000000004
2026/10/02 14:40:37.468, 0, 144.34, 68, 100, 150.00, 1665, 150.00, 0x0000000000000004
2026/10/02 14:40:37.669, 0, 143.18, 68, 63, 150.00, 1275, 150.00, 0x0000000000000004
2026/10/02 14:40:37.870, 0, 139.88, 69, 65, 150.00, 765, 150.00, 0x0000000000000004
2026/10/02 14:40:38.070, 0, 140.78, 70, 100, 150.00, 780, 150.00, 0x0000000000000004
2026/10/02 14:40:38.271, 0, 140.03, 70, 100, 150.00, 780, 150.00, 0x0000000000000004
2026/10/02 14:40:38.472, 0, 121.27, 69, 90, 150.00, 1650, 150.00, 0x0000000000000004
2026/10/02 14:40:38.672, 0, 113.44, 68, 66, 150.00, 1680, 150.00, 0x0000000000000004
2026/10/02 14:40:38.873, 0, 120.42, 68, 40, 150.00, 1650, 150.00, 0x0000000000000004
2026/10/02 14:40:39.073, 0, 120.16, 69, 64, 150.00, 630, 150.00, 0x0000000000000004
2026/10/02 14:40:39.274, 0, 99.51, 67, 24, 150.00, 1680, 150.00, 0x0000000000000004
2026/10/02 14:40:39.474, 0, 98.21, 67, 0, 150.00, 1680, 150.00, 0x0000000000000004
2026/10/02 14:40:39.675, 0, 111.24, 67, 56, 150.00, 1665, 150.00, 0x0000000000000004
2026/10/02 14:40:39.875, 0, 93.26, 67, 0, 150.00, 1680, 150.00, 0x0000000000000004
2026/10/02 14:40:40.076, 0, 95.01, 67, 0, 150.00, 1695, 150.00, 0x0000000000000000
2026/10/02 14:40:40.276, 0, 95.18, 69, 69, 150.00, 780, 150.00, 0x0000000000000004
2026/10/02 14:40:40.477, 0, 101.80, 69, 62, 150.00, 960, 150.00, 0x0000000000000004
2026/10/02 14:40:40.677, 0, 107.69, 69, 75, 150.00, 675, 150.00, 0x0000000000000004
2026/10/02 14:40:40.878, 0, 119.33, 68, 100, 150.00, 1665, 150.00, 0x0000000000000004
2026/10/02 14:40:41.078, 0, 126.80, 69, 0, 150.00, 735, 150.00, 0x0000000000000004
2026/10/02 14:40:41.279, 0, 127.81, 69, 100, 150.00, 780, 150.00, 0x0000000000000004
2026/10/02 14:40:41.480, 0, 136.60, 69, 100, 150.00, 780, 150.00, 0x0000000000000004
2026/10/02 14:40:41.680, 0, 141.87, 69, 100, 150.00, 780, 150.00, 0x0000000000000004
2026/10/02 14:40:41.881, 0, 129.60, 68, 100, 150.00, 1590, 150.00, 0x0000000000000004
2026/10/02 14:40:42.081, 0, 149.35, 69, 47, 150.00, 1020, 150.00, 0x0000000000000004
2026/10/02 14:40:42.282, 0, 140.83, 68, 74, 150.00, 1665, 150.00, 0x0000000000000004
2026/10/02 14:40:42.483, 0, 126.17, 68, 0, 150.00, 1680, 150.00, 0x0000000000000004
2026/10/02 14:40:42.683, 0, 121.92, 69, 93, 150.00, 780, 150.00, 0x0000000000000004
2026/10/02 14:40:42.884, 0, 116.43, 68, 100, 150.00, 1650, 150.00, 0x0000000000000004
2026/10/02 14:40:43.084, 0, 108.80, 68, 72, 150.00, 1380, 150.00, 0x0000000000000004
2026/10/02 14:40:43.285, 0, 107.67, 69, 0, 150.00, 690, 150.00, 0x0000000000000004
2026/10/02 14:40:43.486, 0, 129.76, 69, 89, 150.00, 660, 150.00, 0x0000000000000004
2026/10/02 14:40:43.686, 0, 117.24, 67, 37, 150.00, 1680, 150.00, 0x0000000000000004
2026/10/02 14:40:43.887, 0, 102.56, 67, 0, 150.00, 1680, 150.00, 0x0000000000000004
2026/10/02 14:40:44.088, 0, 108.84, 69, 0, 150.00, 675, 150.00, 0x0000000000000004
2026/10/02 14:40:44.288, 0, 122.74, 69, 86, 150.00, 780, 150.00, 0x0000000000000004
2026/10/02 14:40:44.489, 0, 126.25, 69, 100, 150.00, 765, 150.00, 0x0000000000000004
2026/10/02 14:40:44.689, 0, 120.43, 68, 100, 150.00, 1575, 150.00, 0x0000000000000004
2026/10/02 14:40:44.890, 0, 127.68, 69, 61, 150.00, 945, 150.00, 0x0000000000000004
2026/10/02 14:40:45.091, 0, 137.06, 69, 70, 150.00, 645, 150.00, 0x0000000000000004
2026/10/02 14:40:45.291, 0, 130.80, 69, 100, 150.00, 780, 150.00, 0x0000000000000004
2026/10/02 14:40:45.492, 0, 130.65, 70, 100, 150.00, 780, 150.00, 0x0000000000000004
2026/10/02 14:40:45.692, 0, 139.29, 70, 100, 150.00, 780, 150.00, 0x0000000000000004
2026/10/02 14:40:45.893, 0, 148.58, 70, 100, 150.00, 450, 150.00, 0x0000000000000004
2026/10/02 14:40:46.093, 0, 159.01, 70, 100, 150.00, 750, 150.00, 0x0000000000000004
2026/10/02 14:40:46.294, 0, 150.96, 70, 100, 150.00, 765, 150.00, 0x0000000000000004
2026/10/02 14:40:46.495, 0, 151.16, 70, 100, 150.00, 765, 150.00, 0x0000000000000004
2026/10/02 14:40:46.695, 0, 151.11, 70, 100, 150.00, 765, 150.00, 0x0000000000000004
2026/10/02 14:40:46.896, 0, 135.32, 69, 68, 150.00, 1680, 150.00, 0x0000000000000004
2026/10/02 14:40:47.096, 0, 128.28, 70, 67, 150.00, 840, 150.00, 0x0000000000000004
2026/10/02 14:40:47.297, 0, 121.10, 69, 66, 150.00, 930, 150.00, 0x0000000000000004
2026/10/02 14:40:47.498, 0, 112.49, 70, 71, 150.00, 1275, 150.00, 0x0000000000000004
2026/10/02 14:40:47.698, 0, 104.69, 70, 73, 150.00, 750, 150.00, 0x0000000000000004
2026/10/02 14:40:47.899, 0, 108.67, 70, 73, 150.00, 780, 150.00, 0x0000000000000004
2026/10/02 14:40:48.099, 0, 113.87, 69, 100, 150.00, 1575, 150.00, 0x0000000000000004
2026/10/02 14:40:48.300, 0, 105.16, 68, 0, 150.00, 1680, 150.00, 0x0000000000000004
2026/10/02 14:40:48.501, 0, 97.69, 68, 65, 150.00, 1680, 150.00, 0x0000000000000004
2026/10/02 14:40:48.701, 0, 108.27, 69, 0, 150.00, 660, 150.00, 0x0000000000000004
2026/10/02 14:40:48.902, 0, 114.60, 69, 19, 150.00, 690, 150.00, 0x0000000000000004
2026/10/02 14:40:49.102, 0, 107.04, 68, 100, 150.00, 1635, 150.00, 0x0000000000000004
2026/10/02 14:40:49.303, 0, 122.55, 69, 0, 150.00, 660, 150.00, 0x0000000000000004
2026/10/02 14:40:49.503, 0, 114.56, 67, 11, 150.00, 1680, 150.00, 0x0000000000000004
2026/10/02 14:40:49.704, 0, 114.79, 67, 0, 150.00, 1695, 150.00, 0x0000000000000004
2026/10/02 14:40:49.905, 0, 112.05, 67, 49, 150.00, 1650, 150.00, 0x0000000000000004
2026/10/02 14:40:50.105, 0, 91.51, 67, 0, 150.00, 1680, 150.00, 0x0000000000000004
2026/10/02 14:40:50.306, 0, 97.21, 68, 75, 150.00, 1455, 150.00, 0x0000000000000004
2026/10/02 14:40:50.506, 0, 114.04, 69, 29, 150.00, 765, 150.00, 0x0000000000000004
2026/10/02 14:40:50.707, 0, 128.68, 69, 25, 150.00, 660, 150.00, 0x0000000000000004
2026/10/02 14:40:50.908, 0, 126.96, 69, 100, 150.00, 885, 150.00, 0x0000000000000004
2026/10/02 14:40:51.108, 0, 127.37, 67, 9, 150.00, 1680, 150.00, 0x0000000000000004
2026/10/02 14:40:51.309, 0, 133.15, 69, 65, 150.00, 885, 150.00, 0x0000000000000004
2026/10/02 14:40:51.509, 0, 128.97, 69, 14, 150.00, 780, 150.00, 0x0000000000000004
2026/10/02 14:40:51.710, 0, 139.27, 69, 100, 150.00, 765, 150.00, 0x0000000000000004
2026/10/02 14:40:51.910, 0, 137.07, 70, 34, 150.00, 780, 150.00, 0x0000000000000004
2026/10/02 14:40:52.111, 0, 146.43, 70, 100, 150.00, 765, 150.00, 0x0000000000000004
2026/10/02 14:40:52.311, 0, 156.21, 70, 100, 150.00, 795, 150.00, 0x0000000000000004
2026/10/02 14:40:52.512, 0, 157.68, 70, 100, 150.00, 765, 150.00, 0x0000000000000004
2026/10/02 14:40:52.713, 0, 157.42, 70, 100, 150.00, 765, 150.00, 0x0000000000000004
2026/10/02 14:40:52.913, 0, 150.24, 70, 100, 150.00, 750, 150.00, 0x0000000000000004
2026/10/02 14:40:53.114, 0, 144.25, 70, 74, 150.00, 645, 150.00, 0x0000000000000004
2026/10/02 14:40:53.314, 0, 137.38, 68, 100, 150.00, 1665, 150.00, 0x0000000000000004
2026/10/02 14:40:53.515, 0, 123.90, 68, 0, 150.00, 1680, 150.00, 0x0000000000000004
2026/10/02 14:40:53.715, 0, 116.13, 69, 2, 150.00, 780, 150.00, 0x0000000000000004
2026/10/02 14:40:53.916, 0, 117.98, 70, 89, 150.00, 720, 150.00, 0x0000000000000004
2026/10/02 14:40:54.117, 0, 128.82, 70, 100, 150.00, 765, 150.00, 0x0000000000000004
2026/10/02 14:40:54.317, 0, 111.85, 68, 78, 150.00, 1680, 150.00, 0x0000000000000004
2026/10/02 14:40:54.518, 0, 128.47, 68, 45, 150.00, 1650, 150.00, 0x0000000000000004
2026/10/02 14:40:54.718, 0, 149.25, 70, 23, 150.00, 705, 150.00, 0x0000000000000004
2026/10/02 14:40:54.919, 0, 132.15, 68, 41, 150.00, 1680, 150.00, 0x0000000000000004
2026/10/02 14:40:55.119, 0, 137.19, 69, 27, 150.00, 780, 150.00, 0x0000000000000004
2026/10/02 14:40:55.320, 0, 142.02, 69, 100, 150.00, 1245, 150.00, 0x0000000000000004
2026/10/02 14:40:55.521, 0, 128.71, 69, 0, 150.00, 1485, 150.00, 0x0000000000000004
2026/10/02 14:40:55.721, 0, 123.46, 69, 67, 150.00, 1050, 150.00, 0x0000000000000004
2026/10/02 14:40:55.922, 0, 111.62, 68, 0, 150.00, 1680, 150.00, 0x0000000000000004
2026/10/02 14:40:56.122, 0, 109.22, 69, 0, 150.00, 630, 150.00, 0x0000000000000004
2026/10/02 14:40:56.323, 0, 94.22, 68, 15, 150.00, 1680, 150.00, 0x0000000000000004
2026/10/02 14:40:56.523, 0, 91.06, 67, 0, 150.00, 1680, 150.00, 0x0000000000000004
2026/10/02 14:40:56.724, 0, 91.86, 67, 0, 150.00, 1695, 150.00, 0x0000000000000000
2026/10/02 14:40:56.925, 0, 85.59, 68, 0, 150.00, 645, 150.00, 0x0000000000000000
2026/10/02 14:40:57.125, 0, 84.22, 67, 65, 150.00, 1680, 150.00, 0x0000000000000004
2026/10/02 14:40:57.326, 0, 71.87, 67, 0, 150.00, 1680, 150.00, 0x0000000000000004
2026/10/02 14:40:57.526, 0, 80.78, 67, 14, 150.00, 1635, 150.00, 0x0000000000000004
2026/10/02 14:40:57.727, 0, 80.54, 67, 0, 150.00, 1680, 150.00, 0x0000000000000004
2026/10/02 14:40:57.927, 0, 79.78, 67, 0, 150.00, 825, 150.00, 0x0000000000000000
2026/10/02 14:40:58.128, 0, 79.64, 67, 62, 150.00, 1680, 150.00, 0x0000000000000004
2026/10/02 14:40:58.328, 0, 79.70, 67, 0, 150.00, 1680, 150.00, 0x0000000000000004
2026/10/02 14:40:58.529, 0, 71.84, 67, 0, 150.00, 585, 150.00, 0x0000000000000000
2026/10/02 14:40:58.730, 0, 71.57, 67, 61, 150.00, 1680, 150.00, 0x0000000000000004
2026/10/02 14:40:58.930, 0, 71.51, 67, 0, 150.00, 1680, 150.00, 0x0000000000000004
2026/10/02 14:40:59.131, 0, 80.28, 68, 0, 150.00, 1290, 150.00, 0x0000000000000004
2026/10/02 14:40:59.331, 0, 79.83, 67, 5, 150.00, 1680, 150.00, 0x0000000000000004
2026/10/02 14:40:59.532, 0, 78.42, 66, 0, 150.00, 1695, 150.00, 0x0000000000000004
2026/10/02 14:40:59.733, 0, 79.29, 66, 0, 150.00, 1695, 150.00, 0x0000000000000000
2026/10/02 14:40:59.933, 0, 95.91, 68, 0, 150.00, 705, 150.00, 0x0000000000000000
2026/10/02 14:41:00.134, 0, 110.11, 68, 31, 150.00, 915, 150.00, 0x0000000000000004
2026/10/02 14:41:00.334, 0, 104.97, 67, 23, 150.00, 1680, 150.00, 0x0000000000000004
2026/10/02 14:41:00.535, 0, 121.54, 67, 35, 150.00, 1665, 150.00, 0x0000000000000004
2026/10/02 14:41:00.735, 0, 121.40, 66, 0, 150.00, 1680, 150.00, 0x0000000000000004
2026/10/02 14:41:00.936, 0, 141.63, 68, 47, 150.00, 645, 150.00, 0x0000000000000004
2026/10/02 14:41:01.136, 0, 132.50, 67, 100, 150.00, 1665, 150.00, 0x0000000000000004
2026/10/02 14:41:01.337, 0, 124.05, 68, 0, 150.00, 810, 150.00, 0x0000000000000004
2026/10/02 14:41:01.538, 0, 106.76, 67, 59, 150.00, 1680, 150.00, 0x0000000000000004
2026/10/02 14:41:01.738, 0, 107.76, 67, 0, 150.00, 855, 150.00, 0x0000000000000004
2026/10/02 14:41:01.939, 0, 109.52, 68, 61, 150.00, 630, 150.00, 0x0000000000000004
2026/10/02 14:41:02.139, 0, 104.39, 69, 100, 150.00, 1305, 150.00, 0x0000000000000004
2026/10/02 14:41:02.340, 0, 104.88, 67, 8, 150.00, 1680, 150.00, 0x0000000000000004
2026/10/02 14:41:02.540, 0, 100.15, 66, 0, 150.00, 1695, 150.00, 0x0000000000000004
2026/10/02 14:41:02.741, 0, 100.38, 66, 0, 150.00, 1695, 150.00, 0x0000000000000000
2026/10/02 14:41:02.942, 0, 101.69, 66, 0, 150.00, 1260, 150.00, 0x0000000000000000
2026/10/02 14:41:03.142, 0, 74.73, 68, 61, 150.00, 1485, 150.00, 0x0000000000000004
2026/10/02 14:41:03.343, 0, 74.65, 66, 0, 150.00, 1680, 150.00, 0x0000000000000004
2026/10/02 14:41:03.543, 0, 74.82, 66, 0, 150.00, 1695, 150.00, 0x0000000000000004
2026/10/02 14:41:03.744, 0, 74.63, 66, 0, 150.00, 1695, 150.00, 0x0000000000000000
2026/10/02 14:41:03.945, 0, 74.59, 66, 0, 150.00, 705, 150.00, 0x0000000000000000
2026/10/02 14:41:04.145, 0, 72.84, 66, 66, 150.00, 1350, 150.00, 0x0000000000000004
2026/10/02 14:41:04.346, 0, 83.14, 68, 65, 150.00, 1305, 150.00, 0x0000000000000004
2026/10/02 14:41:04.546, 0, 81.60, 66, 4, 150.00, 1680, 150.00, 0x0000000000000004
2026/10/02 14:41:04.747, 0, 97.95, 68, 0, 150.00, 630, 150.00, 0x0000000000000004
2026/10/02 14:41:04.947, 0, 96.35, 66, 37, 150.00, 1680, 150.00, 0x0000000000000004
2026/10/02 14:41:05.147, 0, 95.09, 66, 0, 150.00, 1680, 150.00, 0x0000000000000004
2026/10/02 14:41:05.348, 0, 100.92, 67, 71, 150.00, 1530, 150.00, 0x0000000000000004
2026/10/02 14:41:05.548, 0, 91.75, 66, 0, 150.00, 1680, 150.00, 0x0000000000000004
2026/10/02 14:41:05.749, 0, 107.18, 67, 0, 150.00, 870, 150.00, 0x0000000000000004
2026/10/02 14:41:05.950, 0, 110.22, 68, 79, 150.00, 1290, 150.00, 0x0000000000000004
2026/10/02 14:41:06.150, 0, 109.80, 66, 8, 150.00, 1680, 150.00, 0x0000000000000004
2026/10/02 14:41:06.351, 0, 113.49, 66, 15, 150.00, 1635, 150.00, 0x0000000000000004
2026/10/02 14:41:06.551, 0, 127.20, 66, 54, 150.00, 1680, 150.00, 0x0000000000000004
2026/10/02 14:41:06.751, 0, 122.18, 66, 0, 150.00, 1680, 150.00, 0x0000000000000004
2026/10/02 14:41:06.952, 0, 98.60, 66, 0, 150.00, 1695, 150.00, 0x0000000000000000
2026/10/02 14:41:07.153, 0, 91.40, 66, 0, 150.00, 1695, 150.00, 0x0000000000000000
2026/10/02 14:41:07.353, 0, 79.92, 66, 0, 150.00, 1335, 150.00, 0x0000000000000000
2026/10/02 14:41:07.554, 0, 77.03, 67, 80, 150.00, 1590, 150.00, 0x0000000000000004
2026/10/02 14:41:07.754, 0, 95.60, 67, 0, 150.00, 645, 150.00, 0x0000000000000004
2026/10/02 14:41:07.955, 0, 94.23, 66, 32, 150.00, 1680, 150.00, 0x0000000000000004
2026/10/02 14:41:08.155, 0, 105.24, 67, 0, 150.00, 585, 150.00, 0x0000000000000004
2026/10/02 14:41:08.356, 0, 117.36, 67, 52, 150.00, 615, 150.00, 0x0000000000000004
2026/10/02 14:41:08.556, 0, 105.35, 66, 46, 150.00, 1185, 150.00, 0x0000000000000004
2026/10/02 14:41:08.757, 0, 120.56, 67, 65, 150.00, 645, 150.00, 0x0000000000000004
2026/10/02 14:41:08.957, 0, 104.50, 66, 38, 150.00, 1680, 150.00, 0x0000000000000004
2026/10/02 14:41:09.158, 0, 110.09, 67, 0, 150.00, 1050, 150.00, 0x0000000000000004
2026/10/02 14:41:09.359, 0, 107.25, 66, 17, 150.00, 1680, 150.00, 0x0000000000000004
2026/10/02 14:41:09.559, 0, 101.76, 66, 0, 150.00, 1440, 150.00, 0x0000000000000004
2026/10/02 14:41:09.760, 0, 104.96, 67, 0, 150.00, 1335, 150.00, 0x0000000000000004
2026/10/02 14:41:09.960, 0, 109.04, 67, 0, 150.00, 705, 150.00, 0x0000000000000004
2026/10/02 14:41:10.161, 0, 115.73, 67, 100, 150.00, 1500, 150.00, 0x0000000000000004
2026/10/02 14:41:10.361, 0, 104.01, 66, 0, 150.00, 1680, 150.00, 0x0000000000000004
2026/10/02 14:41:10.562, 0, 104.01, 66, 0, 150.00, 1695, 150.00, 0x0000000000000004
2026/10/02 14:41:10.762, 0, 101.53, 65, 0, 150.00, 1695, 150.00, 0x0000000000000000
2026/10/02 14:41:10.963, 0, 102.19, 67, 0, 150.00, 1365, 150.00, 0x0000000000000004
2026/10/02 14:41:11.163, 0, 96.20, 67, 0, 150.00, 645, 150.00, 0x0000000000000004
2026/10/02 14:41:11.363, 0, 94.82, 66, 34, 150.00, 1680, 150.00, 0x0000000000000004
2026/10/02 14:41:11.564, 0, 92.61, 65, 0, 150.00, 1695, 150.00, 0x0000000000000004
2026/10/02 14:41:11.765, 0, 119.91, 67, 19, 150.00, 765, 150.00, 0x0000000000000004
2026/10/02 14:41:11.965, 0, 125.40, 67, 34, 150.00, 615, 150.00, 0x0000000000000004
2026/10/02 14:41:12.166, 0, 117.59, 66, 46, 150.00, 1680, 150.00, 0x0000000000000004
2026/10/02 14:41:12.367, 0, 111.13, 67, 0, 150.00, 780, 150.00, 0x0000000000000004
2026/10/02 14:41:12.567, 0, 122.66, 67, 66, 150.00, 615, 150.00, 0x0000000000000004
2026/10/02 14:41:12.768, 0, 111.74, 67, 44, 150.00, 1335, 150.00, 0x0000000000000004
2026/10/02 14:41:12.968, 0, 111.54, 67, 2, 150.00, 585, 150.00, 0x0000000000000004
2026/10/02 14:41:13.169, 0, 103.29, 66, 50, 150.00, 1680, 150.00, 0x0000000000000004
2026/10/02 14:41:13.369, 0, 109.83, 66, 14, 150.00, 1620, 150.00, 0x0000000000000004
2026/10/02 14:41:13.570, 0, 106.24, 65, 0, 150.00, 1680, 150.00, 0x0000000000000004
2026/10/02 14:41:13.770, 0, 105.59, 67, 0, 150.00, 600, 150.00, 0x0000000000000000
2026/10/02 14:41:13.971, 0, 88.57, 65, 51, 150.00, 1680, 150.00, 0x0000000000000004
2026/10/02 14:41:14.171, 0, 92.03, 66, 6, 150.00, 1680, 150.00, 0x0000000000000004
2026/10/02 14:41:14.372, 0, 93.24, 66, 15, 150.00, 1665, 150.00, 0x0000000000000004
2026/10/02 14:41:14.573, 0, 95.69, 66, 62, 150.00, 1530, 150.00, 0x0000000000000004
2026/10/02 14:41:14.773, 0, 83.99, 66, 62, 150.00, 870, 150.00, 0x0000000000000004
2026/10/02 14:41:14.974, 0, 89.86, 67, 63, 150.00, 780, 150.00, 0x0000000000000004
2026/10/02 14:41:15.175, 0, 91.55, 66, 0, 150.00, 1680, 150.00, 0x0000000000000004
2026/10/02 14:41:15.375, 0, 80.27, 65, 0, 150.00, 1680, 150.00, 0x0000000000000004
2026/10/02 14:41:15.576, 0, 80.81, 66, 63, 150.00, 1530, 150.00, 0x0000000000000004
2026/10/02 14:41:15.776, 0, 100.51, 67, 100, 150.00, 780, 150.00, 0x0000000000000004
2026/10/02 14:41:15.977, 0, 112.64, 67, 20, 150.00, 600, 150.00, 0x0000000000000004
2026/10/02 14:41:16.178, 0, 115.84, 67, 40, 150.00, 1005, 150.00, 0x0000000000000004
2026/10/02 14:41:16.378, 0, 119.54, 65, 0, 150.00, 1680, 150.00, 0x0000000000000004
2026/10/02 14:41:16.579, 0, 128.23, 66, 19, 150.00, 600, 150.00, 0x0000000000000004
2026/10/02 14:41:16.780, 0, 114.74, 65, 0, 150.00, 1680, 150.00, 0x0000000000000004
2026/10/02 14:41:16.980, 0, 108.42, 65, 0, 150.00, 1680, 150.00, 0x0000000000000004
2026/10/02 14:41:17.180, 0, 118.36, 67, 89, 150.00, 780, 150.00, 0x0000000000000004
2026/10/02 14:41:17.381, 0, 120.73, 67, 16, 150.00, 615, 150.00, 0x0000000000000004
2026/10/02 14:41:17.581, 0, 127.49, 67, 59, 150.00, 1275, 150.00, 0x0000000000000004
2026/10/02 14:41:17.782, 0, 134.56, 66, 32, 150.00, 1650, 150.00, 0x0000000000000004
2026/10/02 14:41:17.983, 0, 128.82, 66, 1, 150.00, 615, 150.00, 0x0000000000000004
2026/10/02 14:41:18.183, 0, 125.71, 67, 100, 150.00, 780, 150.00, 0x0000000000000004
2026/10/02 14:41:18.384, 0, 115.96, 66, 0, 150.00, 1680, 150.00, 0x0000000000000004
2026/10/02 14:41:18.584, 0, 121.75, 67, 33, 150.00, 735, 150.00, 0x0000000000000004
2026/10/02 14:41:18.785, 0, 109.69, 67, 77, 150.00, 795, 150.00, 0x0000000000000004
2026/10/02 14:41:18.985, 0, 116.49, 66, 55, 150.00, 1620, 150.00, 0x0000000000000004
2026/10/02 14:41:19.186, 0, 105.76, 65, 0, 150.00, 1680, 150.00, 0x0000000000000004
2026/10/02 14:41:19.387, 0, 100.77, 66, 62, 150.00, 1590, 150.00, 0x0000000000000004
2026/10/02 14:41:19.587, 0, 97.92, 65, 0, 150.00, 675, 150.00, 0x0000000000000004
2026/10/02 14:41:19.788, 0, 81.46, 65, 0, 150.00, 1680, 150.00, 0x0000000000000004
2026/10/02 14:41:19.989, 0, 70.82, 65, 0, 150.00, 1680, 150.00, 0x0000000000000004
2026/10/02 14:41:20.189, 0, 72.14, 65, 0, 150.00, 1680, 150.00, 0x0000000000000004
2026/10/02 14:41:20.390, 0, 87.92, 67, 32, 150.00, 765, 150.00, 0x0000000000000000
2026/10/02 14:41:20.590, 0, 89.72, 65, 0, 150.00, 1680, 150.00, 0x0000000000000004
2026/10/02 14:41:20.791, 0, 89.09, 65, 0, 150.00, 1695, 150.00, 0x0000000000000004
2026/10/02 14:41:20.992, 0, 85.61, 65, 0, 150.00, 1050, 150.00, 0x0000000000000000
2026/10/02 14:41:21.192, 0, 94.75, 67, 62, 150.00, 780, 150.00, 0x0000000000000004
2026/10/02 14:41:21.393, 0, 101.90, 67, 65, 150.00, 1350, 150.00, 0x0000000000000004
2026/10/02 14:41:21.593, 0, 94.40, 66, 60, 150.00, 1380, 150.00, 0x0000000000000004
2026/10/02 14:41:21.794, 0, 104.38, 66, 64, 150.00, 1350, 150.00, 0x0000000000000004
2026/10/02 14:41:21.995, 0, 115.87, 66, 47, 150.00, 1635, 150.00, 0x0000000000000004
2026/10/02 14:41:22.195, 0, 112.70, 65, 0, 150.00, 1680, 150.00, 0x0000000000000004
2026/10/02 14:41:22.396, 0, 103.01, 65, 0, 150.00, 1695, 150.00, 0x0000000000000000
2026/10/02 14:41:22.596, 0, 96.48, 65, 0, 150.00, 1695, 150.00, 0x0000000000000000
2026/10/02 14:41:22.797, 0, 89.21, 65, 0, 150.00, 1695, 150.00, 0x0000000000000000
2026/10/02 14:41:22.997, 0, 81.93, 65, 0, 150.00, 1695, 150.00, 0x0000000000000000
2026/10/02 14:41:23.198, 0, 81.93, 65, 0, 150.00, 1695, 150.00, 0x0000000000000000
2026/10/02 14:41:23.398, 0, 112.51, 66, 100, 150.00, 1050, 150.00, 0x0000000000000004
2026/10/02 14:41:23.599, 0, 111.56, 65, 0, 150.00, 1680, 150.00, 0x0000000000000004
2026/10/02 14:41:23.800, 0, 111.37, 64, 0, 150.00, 1695, 150.00, 0x0000000000000004
2026/10/02 14:41:24.000, 0, 110.49, 65, 60, 150.00, 1470, 150.00, 0x0000000000000004
2026/10/02 14:41:24.201, 0, 110.81, 66, 60, 150.00, 765, 150.00, 0x0000000000000004
2026/10/02 14:41:24.401, 0, 89.44, 65, 0, 150.00, 1680, 150.00, 0x0000000000000004
2026/10/02 14:41:24.602, 0, 84.48, 65, 0, 150.00, 1680, 150.00, 0x0000000000000004
2026/10/02 14:41:24.803, 0, 84.53, 64, 0, 150.00, 1695, 150.00, 0x0000000000000000
2026/10/02 14:41:25.003, 0, 84.56, 64, 0, 150.00, 1695, 150.00, 0x0000000000000000
2026/10/02 14:41:25.204, 0, 82.14, 64, 0, 150.00, 1695, 150.00, 0x0000000000000000
2026/10/02 14:41:25.404, 0, 75.56, 64, 0, 150.00, 1695, 150.00, 0x0000000000000000
2026/10/02 14:41:25.605, 0, 89.61, 66, 67, 150.00, 1335, 150.00, 0x0000000000000004
2026/10/02 14:41:25.806, 0, 88.97, 64, 0, 150.00, 1680, 150.00, 0x0000000000000004
2026/10/02 14:41:26.006, 0, 88.79, 64, 0, 150.00, 1695, 150.00, 0x0000000000000004
2026/10/02 14:41:26.206, 0, 87.20, 64, 0, 150.00, 1695, 150.00, 0x0000000000000000
2026/10/02 14:41:26.407, 0, 85.85, 64, 0, 150.00, 1695, 150.00, 0x0000000000000000
2026/10/02 14:41:26.608, 0, 78.26, 64, 0, 150.00, 1695, 150.00, 0x0000000000000000
2026/10/02 14:41:26.808, 0, 78.26, 64, 0, 150.00, 1695, 150.00, 0x0000000000000000
2026/10/02 14:41:27.009, 0, 78.26, 64, 0, 150.00, 1695, 150.00, 0x0000000000000000
2026/10/02 14:41:27.209, 0, 120.65, 65, 100, 150.00, 705, 150.00, 0x0000000000000004
2026/10/02 14:41:27.410, 0, 131.02, 65, 86, 150.00, 1515, 150.00, 0x0000000000000004
2026/10/02 14:41:27.611, 0, 130.68, 64, 0, 150.00, 1680, 150.00, 0x0000000000000004
2026/10/02 14:41:27.811, 0, 120.59, 64, 0, 150.00, 1695, 150.00, 0x0000000000000004
2026/10/02 14:41:28.012, 0, 113.55, 64, 0, 150.00, 1695, 150.00, 0x0000000000000000
2026/10/02 14:41:28.212, 0, 85.40, 64, 0, 150.00, 1695, 150.00, 0x0000000000000000
2026/10/02 14:41:28.413, 0, 79.92, 64, 0, 150.00, 1695, 150.00, 0x0000000000000000
2026/10/02 14:41:28.614, 0, 79.92, 64, 0, 150.00, 1695, 150.00, 0x0000000000000000
2026/10/02 14:41:28.814, 0, 100.01, 64, 66, 150.00, 1575, 150.00, 0x0000000000000004
2026/10/02 14:41:29.015, 0, 102.66, 64, 0, 150.00, 1395, 150.00, 0x0000000000000004
2026/10/02 14:41:29.215, 0, 103.41, 64, 0, 150.00, 705, 150.00, 0x0000000000000004
2026/10/02 14:41:29.416, 0, 114.50, 66, 60, 150.00, 645, 150.00, 0x0000000000000004
2026/10/02 14:41:29.616, 0, 106.51, 64, 0, 150.00, 1680, 150.00, 0x0000000000000004
2026/10/02 14:41:29.817, 0, 83.19, 64, 0, 150.00, 1680, 150.00, 0x0000000000000004
2026/10/02 14:41:30.017, 0, 83.88, 64, 0, 150.00, 1695, 150.00, 0x0000000000000000
2026/10/02 14:41:30.218, 0, 91.22, 65, 60, 150.00, 1365, 150.00, 0x0000000000000004
2026/10/02 14:41:30.419, 0, 83.32, 64, 0, 150.00, 1680, 150.00, 0x0000000000000004
2026/10/02 14:41:30.619, 0, 92.20, 65, 22, 150.00, 645, 150.00, 0x0000000000000004
2026/10/02 14:41:30.820, 0, 90.95, 64, 0, 150.00, 1680, 150.00, 0x0000000000000004
2026/10/02 14:41:31.021, 0, 92.85, 64, 0, 150.00, 1680, 150.00, 0x0000000000000004
2026/10/02 14:41:31.221, 0, 92.88, 64, 59, 150.00, 1485, 150.00, 0x0000000000000004
2026/10/02 14:41:31.421, 0, 84.74, 64, 0, 150.00, 1680, 150.00, 0x0000000000000004
2026/10/02 14:41:31.622, 0, 81.86, 64, 13, 150.00, 1665, 150.00, 0x0000000000000004
2026/10/02 14:41:31.823, 0, 99.52, 64, 28, 150.00, 1665, 150.00, 0x0000000000000004
2026/10/02 14:41:32.023, 0, 115.00, 64, 37, 150.00, 1650, 150.00, 0x0000000000000004
2026/10/02 14:41:32.224, 0, 121.31, 64, 16, 150.00, 1665, 150.00, 0x0000000000000004
2026/10/02 14:41:32.424, 0, 141.06, 65, 28, 150.00, 675, 150.00, 0x0000000000000004
2026/10/02 14:41:32.625, 0, 122.71, 64, 0, 150.00, 1680, 150.00, 0x0000000000000004
2026/10/02 14:41:32.825, 0, 121.47, 65, 43, 150.00, 1140, 150.00, 0x0000000000000004
2026/10/02 14:41:33.026, 0, 106.49, 64, 0, 150.00, 1680, 150.00, 0x0000000000000004
2026/10/02 14:41:33.227, 0, 96.39, 64, 0, 150.00, 1695, 150.00, 0x0000000000000004
2026/10/02 14:41:33.427, 0, 108.86, 64, 45, 150.00, 1635, 150.00, 0x0000000000000004
2026/10/02 14:41:33.628, 0, 94.78, 64, 0, 150.00, 1680, 150.00, 0x0000000000000004
2026/10/02 14:41:33.828, 0, 89.53, 65, 100, 150.00, 825, 150.00, 0x0000000000000004
2026/10/02 14:41:34.029, 0, 103.61, 66, 100, 150.00, 1320, 150.00, 0x0000000000000004
2026/10/02 14:41:34.229, 0, 103.13, 64, 0, 150.00, 1680, 150.00, 0x0000000000000004
2026/10/02 14:41:34.430, 0, 90.08, 64, 0, 150.00, 690, 150.00, 0x0000000000000004
2026/10/02 14:41:34.631, 0, 105.50, 66, 100, 150.00, 945, 150.00, 0x0000000000000004
2026/10/02 14:41:34.831, 0, 104.68, 64, 0, 150.00, 1680, 150.00, 0x0000000000000004
2026/10/02 14:41:35.032, 0, 95.14, 65, 54, 150.00, 1005, 150.00, 0x0000000000000004
2026/10/02 14:41:35.233, 0, 104.00, 65, 78, 150.00, 1545, 150.00, 0x0000000000000004
2026/10/02 14:41:35.433, 0, 100.79, 64, 0, 150.00, 1680, 150.00, 0x0000000000000004
2026/10/02 14:41:35.634, 0, 88.34, 64, 0, 150.00, 1695, 150.00, 0x0000000000000004
2026/10/02 14:41:35.834, 0, 87.69, 64, 0, 150.00, 1695, 150.00, 0x0000000000000000
2026/10/02 14:41:36.035, 0, 87.85, 63, 0, 150.00, 1695, 150.00, 0x0000000000000000
2026/10/02 14:41:36.236, 0, 77.37, 65, 79, 150.00, 810, 150.00, 0x0000000000000004
2026/10/02 14:41:36.436, 0, 75.73, 65, 64, 150.00, 1590, 150.00, 0x0000000000000004
2026/10/02 14:41:36.637, 0, 84.64, 65, 2, 150.00, 795, 150.00, 0x0000000000000004
2026/10/02 14:41:36.837, 0, 91.87, 65, 52, 150.00, 1635, 150.00, 0x0000000000000004
2026/10/02 14:41:37.038, 0, 90.72, 65, 64, 150.00, 1575, 150.00, 0x0000000000000004
2026/10/02 14:41:37.238, 0, 88.64, 64, 0, 150.00, 1680, 150.00, 0x0000000000000004
2026/10/02 14:41:37.439, 0, 82.93, 64, 0, 150.00, 1695, 150.00, 0x0000000000000000
2026/10/02 14:41:37.639, 0, 74.05, 64, 0, 150.00, 1695, 150.00, 0x0000000000000000
2026/10/02 14:41:37.840, 0, 68.02, 64, 0, 150.00, 1695, 150.00, 0x0000000000000000
2026/10/02 14:41:38.041, 0, 69.30, 63, 0, 150.00, 1695, 150.00, 0x0000000000000000
2026/10/02 14:41:38.241, 0, 94.29, 65, 96, 150.00, 885, 150.00, 0x0000000000000004
2026/10/02 14:41:38.442, 0, 100.59, 65, 62, 150.00, 1395, 150.00, 0x0000000000000004
2026/10/02 14:41:38.642, 0, 103.01, 64, 0, 150.00, 1680, 150.00, 0x0000000000000004
2026/10/02 14:41:38.843, 0, 102.86, 64, 0, 150.00, 1695, 150.00, 0x0000000000000004
2026/10/02 14:41:39.044, 0, 113.14, 65, 100, 150.00, 810, 150.00, 0x0000000000000004
2026/10/02 14:41:39.244, 0, 103.38, 64, 22, 150.00, 1680, 150.00, 0x0000000000000004
2026/10/02 14:41:39.445, 0, 107.92, 65, 39, 150.00, 780, 150.00, 0x0000000000000004
2026/10/02 14:41:39.645, 0, 116.13, 64, 6, 150.00, 1680, 150.00, 0x0000000000000004
2026/10/02 14:41:39.846, 0, 111.92, 64, 0, 150.00, 1680, 150.00, 0x0000000000000004
2026/10/02 14:41:40.047, 0, 105.69, 64, 0, 150.00, 1695, 150.00, 0x0000000000000000
2026/10/02 14:41:40.247, 0, 91.38, 63, 0, 150.00, 1695, 150.00, 0x0000000000000000
2026/10/02 14:41:40.448, 0, 101.41, 65, 59, 150.00, 825, 150.00, 0x0000000000000004
2026/10/02 14:41:40.648, 0, 84.71, 64, 0, 150.00, 1680, 150.00, 0x0000000000000004
2026/10/02 14:41:40.849, 0, 85.14, 65, 0, 150.00, 645, 150.00, 0x0000000000000004
2026/10/02 14:41:41.049, 0, 85.14, 64, 0, 150.00, 1680, 150.00, 0x0000000000000004
2026/10/02 14:41:41.250, 0, 84.97, 63, 0, 150.00, 1680, 150.00, 0x0000000000000004
2026/10/02 14:41:41.451, 0, 83.73, 63, 0, 150.00, 1695, 150.00, 0x0000000000000000
2026/10/02 14:41:41.651, 0, 72.07, 64, 6, 150.00, 660, 150.00, 0x0000000000000000
2026/10/02 14:41:41.852, 0, 82.67, 65, 80, 150.00, 795, 150.00, 0x0000000000000004
2026/10/02 14:41:42.052, 0, 83.80, 65, 60, 150.00, 1005, 150.00, 0x0000000000000004
2026/10/02 14:41:42.253, 0, 92.16, 64, 1, 150.00, 1680, 150.00, 0x0000000000000004
2026/10/02 14:41:42.453, 0, 110.55, 65, 100, 150.00, 1140, 150.00, 0x0000000000000004
2026/10/02 14:41:42.654, 0, 105.23, 64, 0, 150.00, 1680, 150.00, 0x0000000000000004
2026/10/02 14:41:42.854, 0, 100.31, 64, 0, 150.00, 1695, 150.00, 0x0000000000000004
2026/10/02 14:41:43.055, 0, 94.45, 63, 0, 150.00, 1695, 150.00, 0x0000000000000000
2026/10/02 14:41:43.255, 0, 85.49, 63, 0, 150.00, 1695, 150.00, 0x0000000000000000
2026/10/02 14:41:43.456, 0, 77.06, 64, 59, 150.00, 1650, 150.00, 0x0000000000000004
2026/10/02 14:41:43.656, 0, 71.13, 63, 0, 150.00, 1680, 150.00, 0x0000000000000004
2026/10/02 14:41:43.857, 0, 71.19, 63, 0, 150.00, 1695, 150.00, 0x0000000000000000
2026/10/02 14:41:44.057, 0, 71.20, 63, 0, 150.00, 1695, 150.00, 0x0000000000000000
2026/10/02 14:41:44.258, 0, 81.73, 64, 58, 150.00, 1515, 150.00, 0x0000000000000004
2026/10/02 14:41:44.458, 0, 77.53, 63, 0, 150.00, 1680, 150.00, 0x0000000000000004
2026/10/02 14:41:44.659, 0, 86.49, 64, 62, 150.00, 1545, 150.00, 0x0000000000000004
2026/10/02 14:41:44.860, 0, 86.00, 63, 0, 150.00, 1680, 150.00, 0x0000000000000004
2026/10/02 14:41:45.060, 0, 85.84, 63, 0, 150.00, 1695, 150.00, 0x0000000000000004
2026/10/02 14:41:45.261, 0, 84.37, 63, 0, 150.00, 1695, 150.00, 0x0000000000000000
2026/10/02 14:41:45.461, 0, 75.33, 63, 0, 150.00, 1695, 150.00, 0x0000000000000000
2026/10/02 14:41:45.662, 0, 86.53, 63, 47, 150.00, 1125, 150.00, 0x0000000000000004
2026/10/02 14:41:45.863, 0, 102.42, 65, 43, 150.00, 1365, 150.00, 0x0000000000000004
2026/10/02 14:41:46.063, 0, 117.21, 64, 25, 150.00, 1305, 150.00, 0x0000000000000004
2026/10/02 14:41:46.264, 0, 130.62, 64, 76, 150.00, 1575, 150.00, 0x0000000000000004
2026/10/02 14:41:46.464, 0, 130.24, 63, 0, 150.00, 1680, 150.00, 0x0000000000000004
2026/10/02 14:41:46.665, 0, 112.28, 63, 0, 150.00, 1695, 150.00, 0x0000000000000004
2026/10/02 14:41:46.866, 0, 116.00, 64, 11, 150.00, 645, 150.00, 0x0000000000000000
2026/10/02 14:41:47.066, 0, 87.86, 63, 0, 150.00, 1680, 150.00, 0x0000000000000004
2026/10/02 14:41:47.267, 0, 80.62, 63, 0, 150.00, 1695, 150.00, 0x0000000000000004
2026/10/02 14:41:47.467, 0, 76.68, 63, 0, 150.00, 1695, 150.00, 0x0000000000000000
2026/10/02 14:41:47.667, 0, 76.75, 63, 0, 150.00, 660, 150.00, 0x0000000000000000
2026/10/02 14:41:47.868, 0, 74.34, 64, 48, 150.00, 1665, 150.00, 0x0000000000000004
2026/10/02 14:41:48.068, 0, 75.28, 63, 0, 150.00, 1680, 150.00, 0x0000000000000004
2026/10/02 14:41:48.269, 0, 91.10, 63, 20, 150.00, 1680, 150.00, 0x0000000000000004
2026/10/02 14:41:48.469, 0, 105.64, 63, 16, 150.00, 1680, 150.00, 0x0000000000000004
2026/10/02 14:41:48.670, 0, 126.70, 64, 99, 150.00, 1545, 150.00, 0x0000000000000004
2026/10/02 14:41:48.870, 0, 114.36, 63, 0, 150.00, 1680, 150.00, 0x0000000000000004
2026/10/02 14:41:49.071, 0, 115.46, 63, 0, 150.00, 1695, 150.00, 0x0000000000000004
2026/10/02 14:41:49.271, 0, 105.78, 63, 53, 150.00, 1650, 150.00, 0x0000000000000004
2026/10/02 14:41:49.472, 0, 102.78, 64, 55, 150.00, 1500, 150.00, 0x0000000000000004
2026/10/02 14:41:49.672, 0, 99.17, 64, 9, 150.00, 660, 150.00, 0x0000000000000004
2026/10/02 14:41:49.873, 0, 92.45, 63, 0, 150.00, 1680, 150.00, 0x0000000000000004
2026/10/02 14:41:50.074, 0, 90.34, 63, 0, 150.00, 1695, 150.00, 0x0000000000000004
2026/10/02 14:41:50.274, 0, 84.19, 63, 0, 150.00, 1695, 150.00, 0x0000000000000000
2026/10/02 14:41:50.475, 0, 85.78, 63, 0, 150.00, 1125, 150.00, 0x0000000000000000
2026/10/02 14:41:50.675, 0, 76.89, 64, 81, 150.00, 1620, 150.00, 0x0000000000000004
2026/10/02 14:41:50.876, 0, 87.50, 63, 9, 150.00, 945, 150.00, 0x0000000000000004
2026/10/02 14:41:51.076, 0, 96.33, 64, 71, 150.00, 1635, 150.00, 0x0000000000000004
2026/10/02 14:41:51.277, 0, 99.08, 64, 62, 150.00, 1680, 150.00, 0x0000000000000004
2026/10/02 14:41:51.478, 0, 96.03, 63, 0, 150.00, 1680, 150.00, 0x0000000000000004
2026/10/02 14:41:51.678, 0, 96.49, 64, 0, 150.00, 810, 150.00, 0x0000000000000004
2026/10/02 14:41:51.879, 0, 99.74, 65, 77, 150.00, 900, 150.00, 0x0000000000000004
2026/10/02 14:41:52.079, 0, 105.30, 65, 44, 150.00, 1395, 150.00, 0x0000000000000004
2026/10/02 14:41:52.280, 0, 101.97, 63, 16, 150.00, 1680, 150.00, 0x0000000000000004
2026/10/02 14:41:52.481, 0, 118.49, 64, 0, 150.00, 1440, 150.00, 0x0000000000000004
2026/10/02 14:41:52.681, 0, 115.49, 64, 10, 150.00, 1590, 150.00, 0x0000000000000004
2026/10/02 14:41:52.882, 0, 105.48, 63, 0, 150.00, 1680, 150.00, 0x0000000000000004
2026/10/02 14:41:53.083, 0, 95.57, 64, 0, 150.00, 660, 150.00, 0x0000000000000004
2026/10/02 14:41:53.283, 0, 83.13, 63, 58, 150.00, 1680, 150.00, 0x0000000000000004
2026/10/02 14:41:53.484, 0, 81.83, 63, 0, 150.00, 1680, 150.00, 0x0000000000000004
2026/10/02 14:41:53.684, 0, 89.83, 64, 48, 150.00, 1545, 150.00, 0x0000000000000004
2026/10/02 14:41:53.885, 0, 92.55, 64, 0, 150.00, 1575, 150.00, 0x0000000000000004
2026/10/02 14:41:54.085, 0, 90.15, 63, 0, 150.00, 1680, 150.00, 0x0000000000000004
2026/10/02 14:41:54.286, 0, 90.42, 63, 0, 150.00, 1695, 150.00, 0x0000000000000004
2026/10/02 14:41:54.487, 0, 90.66, 63, 0, 150.00, 1695, 150.00, 0x0000000000000000
2026/10/02 14:41:54.687, 0, 93.50, 64, 0, 150.00, 1365, 150.00, 0x0000000000000004
2026/10/02 14:41:54.888, 0, 85.48, 63, 18, 150.00, 1680, 150.00, 0x0000000000000004
2026/10/02 14:41:55.088, 0, 90.86, 63, 9, 150.00, 1650, 150.00, 0x0000000000000004
2026/10/02 14:41:55.289, 0, 109.80, 64, 50, 150.00, 720, 150.00, 0x0000000000000004
2026/10/02 14:41:55.490, 0, 111.11, 63, 67, 150.00, 1680, 150.00, 0x0000000000000004
2026/10/02 14:41:55.690, 0, 106.58, 64, 0, 150.00, 1635, 150.00, 0x0000000000000004
2026/10/02 14:41:55.891, 0, 97.43, 64, 0, 150.00, 1590, 150.00, 0x0000000000000004
2026/10/02 14:41:56.091, 0, 87.36, 63, 0, 150.00, 1680, 150.00, 0x0000000000000004
2026/10/02 14:41:56.292, 0, 76.94, 63, 0, 150.00, 1695, 150.00, 0x0000000000000004
2026/10/02 14:41:56.492, 0, 80.74, 64, 0, 150.00, 1470, 150.00, 0x0000000000000004
2026/10/02 14:41:56.693, 0, 80.36, 63, 8, 150.00, 1680, 150.00, 0x0000000000000004
2026/10/02 14:41:56.894, 0, 93.90, 64, 0, 150.00, 1380, 150.00, 0x0000000000000004
2026/10/02 14:41:57.094, 0, 91.45, 63, 18, 150.00, 675, 150.00, 0x0000000000000004
2026/10/02 14:41:57.295, 0, 95.57, 64, 61, 150.00, 765, 150.00, 0x0000000000000004
2026/10/02 14:41:57.495, 0, 94.29, 63, 59, 150.00, 825, 150.00, 0x0000000000000004
2026/10/02 14:41:57.696, 0, 97.53, 65, 78, 150.00, 750, 150.00, 0x0000000000000004
2026/10/02 14:41:57.896, 0, 93.69, 63, 60, 150.00, 1035, 150.00, 0x0000000000000004
2026/10/02 14:41:58.097, 0, 88.23, 63, 64, 150.00, 1680, 150.00, 0x0000000000000004
2026/10/02 14:41:58.297, 0, 88.31, 64, 0, 150.00, 1590, 150.00, 0x0000000000000004
2026/10/02 14:41:58.498, 0, 85.25, 63, 0, 150.00, 1680, 150.00, 0x0000000000000004
2026/10/02 14:41:58.699, 0, 79.00, 63, 0, 150.00, 1695, 150.00, 0x0000000000000004
2026/10/02 14:41:58.899, 0, 75.73, 62, 0, 150.00, 1695, 150.00, 0x0000000000000000
2026/10/02 14:41:59.100, 0, 70.76, 62, 0, 150.00, 1695, 150.00, 0x0000000000000000
2026/10/02 14:41:59.300, 0, 78.04, 64, 0, 150.00, 1005, 150.00, 0x0000000000000004
2026/10/02 14:41:59.501, 0, 75.11, 63, 46, 150.00, 765, 150.00, 0x0000000000000004
2026/10/02 14:41:59.702, 0, 88.49, 64, 64, 150.00, 1035, 150.00, 0x0000000000000004
2026/10/02 14:41:59.902, 0, 97.92, 63, 79, 150.00, 1680, 150.00, 0x0000000000000004
2026/10/02 14:42:00.103, 0, 107.19, 64, 0, 150.00, 795, 150.00, 0x0000000000000004
2026/10/02 14:42:00.303, 0, 119.10, 65, 100, 150.00, 780, 150.00, 0x0000000000000004
2026/10/02 14:42:00.504, 0, 135.18, 65, 100, 150.00, 1455, 150.00, 0x0000000000000004
2026/10/02 14:42:00.705, 0, 139.71, 64, 41, 150.00, 1665, 150.00, 0x0000000000000004
2026/10/02 14:42:00.905, 0, 127.93, 64, 0, 150.00, 675, 150.00, 0x0000000000000004
2026/10/02 14:42:01.106, 0, 126.97, 63, 54, 150.00, 1680, 150.00, 0x0000000000000004
2026/10/02 14:42:01.306, 0, 110.76, 63, 0, 150.00, 1695, 150.00, 0x0000000000000004
2026/10/02 14:42:01.507, 0, 95.61, 63, 0, 150.00, 1695, 150.00, 0x0000000000000000
2026/10/02 14:42:01.707, 0, 92.51, 65, 51, 150.00, 795, 150.00, 0x0000000000000004
2026/10/02 14:42:01.908, 0, 100.61, 65, 77, 150.00, 1425, 150.00, 0x0000000000000004
2026/10/02 14:42:02.108, 0, 110.79, 64, 33, 150.00, 1665, 150.00, 0x0000000000000004
2026/10/02 14:42:02.309, 0, 136.81, 65, 19, 150.00, 1305, 150.00, 0x0000000000000004
2026/10/02 14:42:02.510, 0, 146.44, 65, 29, 150.00, 1470, 150.00, 0x0000000000000004
2026/10/02 14:42:02.710, 0, 140.10, 64, 7, 150.00, 960, 150.00, 0x0000000000000004
2026/10/02 14:42:02.911, 0, 146.74, 65, 41, 150.00, 1185, 150.00, 0x0000000000000004
2026/10/02 14:42:03.111, 0, 122.22, 63, 30, 150.00, 1515, 150.00, 0x0000000000000004
2026/10/02 14:42:03.312, 0, 119.02, 63, 57, 150.00, 1680, 150.00, 0x0000000000000004
2026/10/02 14:42:03.513, 0, 112.72, 63, 0, 150.00, 1680, 150.00, 0x0000000000000004
2026/10/02 14:42:03.713, 0, 123.95, 65, 20, 150.00, 675, 150.00, 0x0000000000000004
2026/10/02 14:42:03.914, 0, 122.77, 64, 64, 150.00, 690, 150.00, 0x0000000000000004
2026/10/02 14:42:04.114, 0, 120.40, 65, 68, 150.00, 1065, 150.00, 0x0000000000000004
2026/10/02 14:42:04.315, 0, 110.43, 63, 42, 150.00, 1680, 150.00, 0x0000000000000004
2026/10/02 14:42:04.515, 0, 120.98, 64, 0, 150.00, 645, 150.00, 0x0000000000000004
2026/10/02 14:42:04.716, 0, 119.74, 65, 51, 150.00, 1380, 150.00, 0x0000000000000004
2026/10/02 14:42:04.917, 0, 105.78, 63, 17, 150.00, 1680, 150.00, 0x0000000000000004
2026/10/02 14:42:05.117, 0, 97.56, 63, 0, 150.00, 675, 150.00, 0x0000000000000004
2026/10/02 14:42:05.318, 0, 97.03, 64, 81, 150.00, 1635, 150.00, 0x0000000000000004
2026/10/02 14:42:05.518, 0, 106.85, 65, 12, 150.00, 795, 150.00, 0x0000000000000004
2026/10/02 14:42:05.719, 0, 120.14, 65, 100, 150.00, 780, 150.00, 0x0000000000000004
2026/10/02 14:42:05.920, 0, 125.85, 66, 100, 150.00, 720, 150.00, 0x0000000000000004
2026/10/02 14:42:06.120, 0, 124.58, 64, 58, 150.00, 780, 150.00, 0x0000000000000004
2026/10/02 14:42:06.321, 0, 114.41, 64, 62, 150.00, 1680, 150.00, 0x0000000000000004
2026/10/02 14:42:06.521, 0, 105.70, 63, 0, 150.00, 1680, 150.00, 0x0000000000000004
2026/10/02 14:42:06.722, 0, 91.03, 63, 0, 150.00, 1695, 150.00, 0x0000000000000000
2026/10/02 14:42:06.923, 0, 75.78, 63, 0, 150.00, 1695, 150.00, 0x0000000000000000
2026/10/02 14:42:07.123, 0, 71.16, 63, 0, 150.00, 630, 150.00, 0x0000000000000000
2026/10/02 14:42:07.324, 0, 74.83, 64, 61, 150.00, 1545, 150.00, 0x0000000000000004
2026/10/02 14:42:07.524, 0, 74.69, 63, 0, 150.00, 1680, 150.00, 0x0000000000000004
2026/10/02 14:42:07.725, 0, 89.53, 63, 22, 150.00, 645, 150.00, 0x0000000000000004
2026/10/02 14:42:07.925, 0, 101.04, 65, 64, 150.00, 795, 150.00, 0x0000000000000004
2026/10/02 14:42:08.126, 0, 117.40, 65, 100, 150.00, 780, 150.00, 0x0000000000000004
2026/10/02 14:42:08.326, 0, 113.10, 64, 59, 150.00, 1680, 150.00, 0x0000000000000004
2026/10/02 14:42:08.527, 0, 117.25, 65, 0, 150.00, 645, 150.00, 0x0000000000000004
2026/10/02 14:42:08.727, 0, 101.53, 63, 52, 150.00, 1680, 150.00, 0x0000000000000004
2026/10/02 14:42:08.928, 0, 115.12, 63, 26, 150.00, 1665, 150.00, 0x0000000000000004
2026/10/02 14:42:09.128, 0, 98.06, 63, 0, 150.00, 1680, 150.00, 0x0000000000000004
2026/10/02 14:42:09.329, 0, 91.52, 63, 0, 150.00, 1695, 150.00, 0x0000000000000000
2026/10/02 14:42:09.530, 0, 91.64, 63, 0, 150.00, 1695, 150.00, 0x0000000000000000
2026/10/02 14:42:09.730, 0, 82.81, 64, 0, 150.00, 630, 150.00, 0x0000000000000000
2026/10/02 14:42:09.931, 0, 82.82, 65, 100, 150.00, 795, 150.00, 0x0000000000000004
2026/10/02 14:42:10.131, 0, 99.68, 65, 100, 150.00, 780, 150.00, 0x0000000000000004
2026/10/02 14:42:10.332, 0, 99.90, 64, 73, 150.00, 1680, 150.00, 0x0000000000000004
2026/10/02 14:42:10.533, 0, 110.71, 65, 0, 150.00, 1470, 150.00, 0x0000000000000004
2026/10/02 14:42:10.733, 0, 110.07, 63, 7, 150.00, 1680, 150.00, 0x0000000000000004
2026/10/02 14:42:10.934, 0, 104.31, 65, 11, 150.00, 705, 150.00, 0x0000000000000004
2026/10/02 14:42:11.134, 0, 92.18, 63, 61, 150.00, 1680, 150.00, 0x0000000000000004
2026/10/02 14:42:11.335, 0, 86.45, 63, 0, 150.00, 1680, 150.00, 0x0000000000000004
2026/10/02 14:42:11.536, 0, 86.69, 63, 0, 150.00, 1695, 150.00, 0x0000000000000000
2026/10/02 14:42:11.736, 0, 77.43, 63, 0, 150.00, 1350, 150.00, 0x0000000000000000
2026/10/02 14:42:11.937, 0, 79.99, 64, 59, 150.00, 1590, 150.00, 0x0000000000000004
2026/10/02 14:42:12.137, 0, 79.49, 63, 1, 150.00, 705, 150.00, 0x0000000000000004
2026/10/02 14:42:12.338, 0, 82.79, 63, 65, 150.00, 1680, 150.00, 0x0000000000000004
2026/10/02 14:42:12.539, 0, 82.72, 63, 0, 150.00, 1680, 150.00, 0x0000000000000004
2026/10/02 14:42:12.739, 0, 93.70, 63, 15, 150.00, 1260, 150.00, 0x0000000000000004
2026/10/02 14:42:12.940, 0, 93.77, 64, 61, 150.00, 1575, 150.00, 0x0000000000000004
2026/10/02 14:42:13.140, 0, 101.43, 65, 0, 150.00, 780, 150.00, 0x0000000000000004
2026/10/02 14:42:13.341, 0, 106.78, 63, 97, 150.00, 1680, 150.00, 0x0000000000000004
2026/10/02 14:42:13.542, 0, 107.00, 63, 0, 150.00, 1680, 150.00, 0x0000000000000004
2026/10/02 14:42:13.742, 0, 95.82, 63, 0, 150.00, 1695, 150.00, 0x0000000000000000
2026/10/02 14:42:13.943, 0, 89.32, 63, 0, 150.00, 1695, 150.00, 0x0000000000000000
2026/10/02 14:42:14.143, 0, 86.40, 62, 0, 150.00, 630, 150.00, 0x0000000000000000
2026/10/02 14:42:14.344, 0, 81.44, 64, 60, 150.00, 705, 150.00, 0x0000000000000004
2026/10/02 14:42:14.545, 0, 90.03, 63, 100, 150.00, 1680, 150.00, 0x0000000000000004
2026/10/02 14:42:14.745, 0, 89.86, 63, 0, 150.00, 1680, 150.00, 0x0000000000000004
2026/10/02 14:42:14.946, 0, 87.97, 63, 0, 150.00, 1695, 150.00, 0x0000000000000000
2026/10/02 14:42:15.146, 0, 87.95, 62, 0, 150.00, 1695, 150.00, 0x0000000000000000
2026/10/02 14:42:15.347, 0, 88.87, 62, 0, 150.00, 1695, 150.00, 0x0000000000000000
2026/10/02 14:42:15.547, 0, 83.93, 64, 0, 150.00, 1245, 150.00, 0x0000000000000000
2026/10/02 14:42:15.748, 0, 84.86, 63, 30, 150.00, 1650, 150.00, 0x0000000000000004
2026/10/02 14:42:15.948, 0, 92.99, 64, 0, 150.00, 795, 150.00, 0x0000000000000004
2026/10/02 14:42:16.149, 0, 100.56, 64, 100, 150.00, 1635, 150.00, 0x0000000000000004
2026/10/02 14:42:16.350, 0, 108.63, 64, 0, 150.00, 1500, 150.00, 0x0000000000000004
2026/10/02 14:42:16.550, 0, 104.54, 63, 4, 150.00, 1680, 150.00, 0x0000000000000004
2026/10/02 14:42:16.751, 0, 96.05, 64, 2, 150.00, 780, 150.00, 0x0000000000000004
2026/10/02 14:42:16.951, 0, 112.48, 64, 100, 150.00, 1485, 150.00, 0x0000000000000004
2026/10/02 14:42:17.152, 0, 100.08, 64, 9, 150.00, 1575, 150.00, 0x0000000000000004
2026/10/02 14:42:17.352, 0, 100.80, 64, 0, 150.00, 1605, 150.00, 0x0000000000000004
2026/10/02 14:42:17.553, 0, 112.49, 64, 0, 150.00, 1005, 150.00, 0x0000000000000004
2026/10/02 14:42:17.753, 0, 107.35, 63, 40, 150.00, 1680, 150.00, 0x0000000000000004
2026/10/02 14:42:17.954, 0, 92.91, 63, 0, 150.00, 1695, 150.00, 0x0000000000000004
2026/10/02 14:42:18.155, 0, 86.42, 63, 0, 150.00, 1605, 150.00, 0x0000000000000004
2026/10/02 14:42:18.355, 0, 83.14, 63, 0, 150.00, 1680, 150.00, 0x0000000000000004
2026/10/02 14:42:18.555, 0, 83.14, 62, 0, 150.00, 1695, 150.00, 0x0000000000000004
2026/10/02 14:42:18.756, 0, 69.41, 63, 0, 150.00, 600, 150.00, 0x0000000000000000
2026/10/02 14:42:18.956, 0, 68.48, 63, 59, 150.00, 1680, 150.00, 0x0000000000000004
2026/10/02 14:42:19.157, 0, 68.43, 62, 0, 150.00, 1380, 150.00, 0x0000000000000004
2026/10/02 14:42:19.357, 0, 77.08, 63, 60, 150.00, 1680, 150.00, 0x0000000000000004
2026/10/02 14:42:19.558, 0, 100.62, 65, 49, 150.00, 1350, 150.00, 0x0000000000000004
2026/10/02 14:42:19.759, 0, 102.83, 63, 22, 150.00, 1680, 150.00, 0x0000000000000004
2026/10/02 14:42:19.959, 0, 100.55, 62, 0, 150.00, 1695, 150.00, 0x0000000000000004
2026/10/02 14:42:20.160, 0, 100.78, 62, 0, 150.00, 960, 150.00, 0x0000000000000000
2026/10/02 14:42:20.360, 0, 102.38, 63, 53, 150.00, 1680, 150.00, 0x0000000000000004
2026/10/02 14:42:20.561, 0, 93.04, 63, 0, 150.00, 1635, 150.00, 0x0000000000000004
2026/10/02 14:42:20.761, 0, 80.88, 62, 0, 150.00, 1680, 150.00, 0x0000000000000004
2026/10/02 14:42:20.962, 0, 82.09, 62, 0, 150.00, 1695, 150.00, 0x0000000000000004
2026/10/02 14:42:21.162, 0, 80.85, 62, 0, 150.00, 1695, 150.00, 0x0000000000000000
2026/10/02 14:42:21.363, 0, 69.95, 62, 0, 150.00, 1695, 150.00, 0x0000000000000000
2026/10/02 14:42:21.563, 0, 88.27, 64, 11, 150.00, 1290, 150.00, 0x0000000000000004
2026/10/02 14:42:21.764, 0, 85.47, 63, 48, 150.00, 600, 150.00, 0x0000000000000004
2026/10/02 14:42:21.964, 0, 103.09, 64, 60, 150.00, 1440, 150.00, 0x0000000000000004
2026/10/02 14:42:22.165, 0, 105.31, 63, 32, 150.00, 1680, 150.00, 0x0000000000000004
2026/10/02 14:42:22.365, 0, 119.68, 64, 0, 150.00, 1335, 150.00, 0x0000000000000004
2026/10/02 14:42:22.566, 0, 105.00, 63, 40, 150.00, 1680, 150.00, 0x0000000000000004
2026/10/02 14:42:22.766, 0, 108.20, 64, 0, 150.00, 1290, 150.00, 0x0000000000000004
2026/10/02 14:42:22.967, 0, 100.48, 63, 49, 150.00, 660, 150.00, 0x0000000000000004
2026/10/02 14:42:23.167, 0, 101.25, 64, 61, 150.00, 1335, 150.00, 0x0000000000000004
2026/10/02 14:42:23.368, 0, 100.43, 64, 42, 150.00, 900, 150.00, 0x0000000000000004
2026/10/02 14:42:23.568, 0, 89.57, 63, 68, 150.00, 1680, 150.00, 0x0000000000000004
2026/10/02 14:42:23.769, 0, 87.74, 62, 0, 150.00, 1695, 150.00, 0x0000000000000000
2026/10/02 14:42:23.970, 0, 81.53, 62, 0, 150.00, 1695, 150.00, 0x0000000000000000
2026/10/02 14:42:24.170, 0, 81.19, 62, 0, 150.00, 1695, 150.00, 0x0000000000000000
2026/10/02 14:42:24.371, 0, 68.42, 62, 0, 150.00, 1695, 150.00, 0x0000000000000000
2026/10/02 14:42:24.571, 0, 68.42, 62, 0, 150.00, 1695, 150.00, 0x0000000000000000
2026/10/02 14:42:24.772, 0, 91.99, 63, 100, 150.00, 1665, 150.00, 0x0000000000000004
2026/10/02 14:42:24.972, 0, 94.08, 62, 0, 150.00, 945, 150.00, 0x0000000000000004
2026/10/02 14:42:25.173, 0, 105.16, 62, 53, 150.00, 1680, 150.00, 0x0000000000000004
2026/10/02 14:42:25.374, 0, 105.03, 62, 0, 150.00, 1680, 150.00, 0x0000000000000004
2026/10/02 14:42:25.574, 0, 99.05, 62, 0, 150.00, 1695, 150.00, 0x0000000000000000
2026/10/02 14:42:25.775, 0, 77.68, 62, 0, 150.00, 1695, 150.00, 0x0000000000000000
2026/10/02 14:42:25.975, 0, 78.94, 62, 0, 150.00, 1695, 150.00, 0x0000000000000000
2026/10/02 14:42:26.176, 0, 82.81, 62, 27, 150.00, 1680, 150.00, 0x0000000000000004
2026/10/02 14:42:26.377, 0, 83.28, 62, 0, 150.00, 1680, 150.00, 0x0000000000000004
2026/10/02 14:42:26.577, 0, 83.33, 62, 0, 150.00, 1695, 150.00, 0x0000000000000000
2026/10/02 14:42:26.778, 0, 102.28, 63, 0, 150.00, 1440, 150.00, 0x0000000000000004
2026/10/02 14:42:26.978, 0, 114.27, 62, 51, 150.00, 1680, 150.00, 0x0000000000000004
2026/10/02 14:42:27.179, 0, 94.46, 62, 0, 150.00, 1680, 150.00, 0x0000000000000004
2026/10/02 14:42:27.379, 0, 95.59, 62, 0, 150.00, 1695, 150.00, 0x0000000000000000
2026/10/02 14:42:27.580, 0, 95.64, 62, 0, 150.00, 1695, 150.00, 0x0000000000000000
2026/10/02 14:42:27.781, 0, 109.26, 62, 25, 150.00, 1680, 150.00, 0x0000000000000004
2026/10/02 14:42:27.981, 0, 95.15, 62, 28, 150.00, 1680, 150.00, 0x0000000000000004
2026/10/02 14:42:28.182, 0, 96.30, 62, 0, 150.00, 1680, 150.00, 0x0000000000000004
2026/10/02 14:42:28.382, 0, 96.35, 62, 0, 150.00, 1695, 150.00, 0x0000000000000000
2026/10/02 14:42:28.583, 0, 96.40, 62, 0, 150.00, 1695, 150.00, 0x0000000000000000
2026/10/02 14:42:28.783, 0, 97.18, 63, 0, 150.00, 1605, 150.00, 0x0000000000000004
2026/10/02 14:42:28.984, 0, 87.80, 62, 0, 150.00, 1680, 150.00, 0x0000000000000004
2026/10/02 14:42:29.185, 0, 87.83, 62, 0, 150.00, 1695, 150.00, 0x0000000000000000
2026/10/02 14:42:29.385, 0, 94.24, 63, 61, 150.00, 1620, 150.00, 0x0000000000000004
2026/10/02 14:42:29.586, 0, 123.84, 64, 67, 150.00, 795, 150.00, 0x0000000000000004
2026/10/02 14:42:29.787, 0, 110.12, 63, 8, 150.00, 1680, 150.00, 0x0000000000000004
2026/10/02 14:42:29.987, 0, 106.78, 62, 0, 150.00, 1680, 150.00, 0x0000000000000004
2026/10/02 14:42:30.188, 0, 106.92, 62, 0, 150.00, 1695, 150.00, 0x0000000000000000
2026/10/02 14:42:30.388, 0, 117.19, 63, 54, 150.00, 1575, 150.00, 0x0000000000000004
2026/10/02 14:42:30.589, 0, 99.43, 63, 62, 150.00, 990, 150.00, 0x0000000000000004
2026/10/02 14:42:30.790, 0, 79.43, 63, 0, 150.00, 930, 150.00, 0x0000000000000004
2026/10/02 14:42:30.990, 0, 87.70, 63, 53, 150.00, 1680, 150.00, 0x0000000000000004
2026/10/02 14:42:31.191, 0, 87.57, 62, 0, 150.00, 1680, 150.00, 0x0000000000000004
2026/10/02 14:42:31.392, 0, 85.85, 62, 0, 150.00, 1695, 150.00, 0x0000000000000000
2026/10/02 14:42:31.592, 0, 72.87, 62, 0, 150.00, 660, 150.00, 0x0000000000000004
2026/10/02 14:42:31.793, 0, 88.86, 64, 100, 150.00, 780, 150.00, 0x0000000000000004
2026/10/02 14:42:31.994, 0, 97.29, 64, 100, 150.00, 780, 150.00, 0x0000000000000004
2026/10/02 14:42:32.194, 0, 101.92, 63, 0, 150.00, 1680, 150.00, 0x0000000000000004
2026/10/02 14:42:32.395, 0, 101.87, 62, 0, 150.00, 1680, 150.00, 0x0000000000000004
2026/10/02 14:42:32.596, 0, 98.99, 62, 0, 150.00, 1695, 150.00, 0x0000000000000000
2026/10/02 14:42:32.796, 0, 92.42, 62, 0, 150.00, 1695, 150.00, 0x0000000000000000
2026/10/02 14:42:32.997, 0, 76.96, 62, 0, 150.00, 1695, 150.00, 0x0000000000000000
2026/10/02 14:42:33.197, 0, 87.95, 63, 100, 150.00, 735, 150.00, 0x0000000000000004
2026/10/02 14:42:33.398, 0, 94.22, 63, 44, 150.00, 1680, 150.00, 0x0000000000000004
2026/10/02 14:42:33.598, 0, 93.94, 62, 0, 150.00, 1680, 150.00, 0x0000000000000004
2026/10/02 14:42:33.799, 0, 101.54, 63, 73, 150.00, 825, 150.00, 0x0000000000000004
2026/10/02 14:42:34.000, 0, 108.55, 63, 51, 150.00, 1680, 150.00, 0x0000000000000004
2026/10/02 14:42:34.200, 0, 101.34, 63, 61, 150.00, 1650, 150.00, 0x0000000000000004
2026/10/02 14:42:34.401, 0, 95.11, 64, 39, 150.00, 1515, 150.00, 0x0000000000000004
2026/10/02 14:42:34.601, 0, 113.03, 63, 39, 150.00, 615, 150.00, 0x0000000000000004
2026/10/02 14:42:34.802, 0, 113.74, 63, 0, 150.00, 1680, 150.00, 0x0000000000000004
2026/10/02 14:42:35.002, 0, 99.03, 62, 0, 150.00, 1680, 150.00, 0x0000000000000004
2026/10/02 14:42:35.203, 0, 111.99, 63, 63, 150.00, 1605, 150.00, 0x0000000000000004
2026/10/02 14:42:35.404, 0, 114.64, 64, 73, 150.00, 795, 150.00, 0x0000000000000004
2026/10/02 14:42:35.604, 0, 99.50, 64, 100, 150.00, 1365, 150.00, 0x0000000000000004
2026/10/02 14:42:35.805, 0, 94.49, 63, 0, 150.00, 1005, 150.00, 0x0000000000000004
2026/10/02 14:42:36.005, 0, 116.16, 64, 95, 150.00, 1635, 150.00, 0x0000000000000004
2026/10/02 14:42:36.206, 0, 126.85, 64, 38, 150.00, 1500, 150.00, 0x0000000000000004
2026/10/02 14:42:36.406, 0, 135.23, 64, 32, 150.00, 1470, 150.00, 0x0000000000000004
2026/10/02 14:42:36.607, 0, 118.25, 62, 0, 150.00, 1680, 150.00, 0x0000000000000004
2026/10/02 14:42:36.807, 0, 114.86, 62, 0, 150.00, 1695, 150.00, 0x0000000000000000
2026/10/02 14:42:37.008, 0, 103.81, 62, 0, 150.00, 1695, 150.00, 0x0000000000000000
2026/10/02 14:42:37.208, 0, 98.34, 62, 0, 150.00, 1695, 150.00, 0x0000000000000000
2026/10/02 14:42:37.409, 0, 83.89, 62, 0, 150.00, 1695, 150.00, 0x0000000000000000
2026/10/02 14:42:37.610, 0, 83.89, 62, 0, 150.00, 1695, 150.00, 0x0000000000000000
2026/10/02 14:42:37.810, 0, 83.89, 62, 0, 150.00, 1695, 150.00, 0x0000000000000000
2026/10/02 14:42:38.011, 0, 83.89, 62, 0, 150.00, 1695, 150.00, 0x0000000000000000
2026/10/02 14:42:38.211, 0, 83.89, 62, 0, 150.00, 1695, 150.00, 0x0000000000000000
2026/10/02 14:42:38.412, 0, 68.25, 61, 0, 150.00, 1695, 150.00, 0x0000000000000000
2026/10/02 14:42:38.613, 0, 68.25, 61, 0, 150.00, 1695, 150.00, 0x0000000000000000
2026/10/02 14:42:38.813, 0, 68.25, 61, 0, 150.00, 1695, 150.00, 0x0000000000000000
2026/10/02 14:42:39.013, 0, 68.25, 61, 0, 150.00, 1695, 150.00, 0x0000000000000000
2026/10/02 14:42:39.214, 0, 68.25, 61, 0, 150.00, 1695, 150.00, 0x0000000000000000
2026/10/02 14:42:39.414, 0, 68.09, 61, 0, 150.00, 1695, 150.00, 0x0000000000000000
2026/10/02 14:42:39.615, 0, 68.09, 61, 0, 150.00, 1695, 150.00, 0x0000000000000000
2026/10/02 14:42:39.816, 0, 68.09, 61, 0, 150.00, 1695, 150.00, 0x0000000000000000
2026/10/02 14:42:40.016, 0, 68.09, 61, 0, 150.00, 1695, 150.00, 0x0000000000000000
2026/10/02 14:42:40.217, 0, 68.09, 61, 0, 150.00, 1695, 150.00, 0x0000000000000000
2026/10/02 14:42:40.417, 0, 67.95, 61, 0, 150.00, 1695, 150.00, 0x0000000000000000
2026/10/02 14:42:40.618, 0, 67.95, 61, 0, 150.00, 1695, 150.00, 0x0000000000000000
2026/10/02 14:42:40.819, 0, 67.95, 61, 0, 150.00, 1695, 150.00, 0x0000000000000000
2026/10/02 14:42:41.019, 0, 67.95, 61, 0, 150.00, 1695, 150.00, 0x0000000000000000
2026/10/02 14:42:41.220, 0, 67.95, 61, 0, 150.00, 1695, 150.00, 0x0000000000000000
2026/10/02 14:42:41.420, 0, 67.77, 61, 0, 150.00, 1695, 150.00, 0x0000000000000000
2026/10/02 14:42:41.621, 0, 67.77, 61, 0, 150.00, 1695, 150.00, 0x0000000000000000
2026/10/02 14:42:41.821, 0, 67.77, 61, 0, 150.00, 1695, 150.00, 0x0000000000000000
2026/10/02 14:42:42.022, 0, 67.77, 61, 0, 150.00, 1695, 150.00, 0x0000000000000000
2026/10/02 14:42:42.222, 0, 67.77, 61, 0, 150.00, 1695, 150.00, 0x0000000000000000
2026/10/02 14:42:42.423, 0, 67.58, 61, 0, 150.00, 1695, 150.00, 0x0000000000000000
2026/10/02 14:42:42.624, 0, 67.58, 61, 0, 150.00, 1695, 150.00, 0x0000000000000000
2026/10/02 14:42:42.824, 0, 67.58, 61, 0, 150.00, 1695, 150.00, 0x0000000000000000
2026/10/02 14:42:43.025, 0, 67.58, 61, 0, 150.00, 1695, 150.00, 0x0000000000000000
2026/10/02 14:42:43.226, 0, 67.58, 61, 0, 150.00, 1695, 150.00, 0x0000000000000000
2026/10/02 14:42:43.426, 0, 67.38, 60, 0, 150.00, 1695, 150.00, 0x0000000000000000
2026/10/02 14:42:43.627, 0, 67.38, 60, 0, 150.00, 1695, 150.00, 0x0000000000000000
2026/10/02 14:42:43.827, 0, 67.38, 60, 0, 150.00, 1695, 150.00, 0x0000000000000000
2026/10/02 14:42:44.028, 0, 67.38, 60, 0, 150.00, 1695, 150.00, 0x0000000000000000
2026/10/02 14:42:44.228, 0, 67.38, 60, 0, 150.00, 1695, 150.00, 0x0000000000000000
2026/10/02 14:42:44.429, 0, 67.14, 60, 0, 150.00, 1695, 150.00, 0x0000000000000000
2026/10/02 14:42:44.629, 0, 67.14, 60, 0, 150.00, 1695, 150.00, 0x0000000000000000
2026/10/02 14:42:44.830, 0, 67.14, 60, 0, 150.00, 1695, 150.00, 0x0000000000000000
2026/10/02 14:42:45.030, 0, 67.14, 60, 0, 150.00, 1695, 150.00, 0x0000000000000000
2026/10/02 14:42:45.231, 0, 67.14, 60, 0, 150.00, 1695, 150.00, 0x0000000000000000
2026/10/02 14:42:45.432, 0, 67.00, 60, 0, 150.00, 1695, 150.00, 0x0000000000000000
2026/10/02 14:42:45.632, 0, 67.00, 60, 0, 150.00, 1695, 150.00, 0x0000000000000000
2026/10/02 14:42:45.833, 0, 67.00, 60, 0, 150.00, 1695, 150.00, 0x0000000000000000
2026/10/02 14:42:46.033, 0, 67.00, 60, 0, 150.00, 1695, 150.00, 0x0000000000000000
2026/10/02 14:42:46.234, 0, 67.00, 60, 0, 150.00, 1695, 150.00, 0x0000000000000000
2026/10/02 14:42:46.435, 0, 66.87, 60, 0, 150.00, 1695, 150.00, 0x0000000000000000
2026/10/02 14:42:46.635, 0, 66.87, 60, 0, 150.00, 1695, 150.00, 0x0000000000000000
2026/10/02 14:42:46.836, 0, 66.87, 60, 0, 150.00, 1695, 150.00, 0x0000000000000000
2026/10/02 14:42:47.037, 0, 66.87, 60, 0, 150.00, 1695, 150.00, 0x0000000000000000
2026/10/02 14:42:47.237, 0, 66.87, 60, 0, 150.00, 1695, 150.00, 0x0000000000000000
2026/10/02 14:42:47.438, 0, 66.73, 60, 0, 150.00, 1695, 150.00, 0x0000000000000000
2026/10/02 14:42:47.638, 0, 66.73, 60, 0, 150.00, 1695, 150.00, 0x0000000000000000
2026/10/02 14:42:47.839, 0, 66.73, 60, 0, 150.00, 1695, 150.00, 0x0000000000000000
2026/10/02 14:42:48.039, 0, 66.73, 60, 0, 150.00, 1695, 150.00, 0x0000000000000000
2026/10/02 14:42:48.240, 0, 66.73, 60, 0, 150.00, 1695, 150.00, 0x0000000000000000
2026/10/02 14:42:48.440, 0, 66.59, 60, 0, 150.00, 1695, 150.00, 0x0000000000000000
2026/10/02 14:42:48.641, 0, 66.59, 60, 0, 150.00, 1695, 150.00, 0x0000000000000000
2026/10/02 14:42:48.841, 0, 66.59, 60, 0, 150.00, 1695, 150.00, 0x0000000000000000
2026/10/02 14:42:49.042, 0, 66.59, 60, 0, 150.00, 1695, 150.00, 0x0000000000000000
2026/10/02 14:42:49.242, 0, 66.59, 60, 0, 150.00, 1695, 150.00, 0x0000000000000000
2026/10/02 14:42:49.443, 0, 66.44, 59, 0, 150.00, 1695, 150.00, 0x0000000000000000
2026/10/02 14:42:49.643, 0, 66.44, 59, 0, 150.00, 1695, 150.00, 0x0000000000000000
2026/10/02 14:42:49.844, 0, 66.44, 59, 0, 150.00, 1695, 150.00, 0x0000000000000000
2026/10/02 14:42:50.044, 0, 66.44, 59, 0, 150.00, 1695, 150.00, 0x0000000000000000
2026/10/02 14:42:50.245, 0, 66.44, 59, 0, 150.00, 1695, 150.00, 0x0000000000000000
2026/10/02 14:42:50.446, 0, 66.30, 59, 0, 150.00, 1695, 150.00, 0x0000000000000000
2026/10/02 14:42:50.646, 0, 66.30, 59, 0, 150.00, 1695, 150.00, 0x0000000000000000
2026/10/02 14:42:50.847, 0, 66.30, 59, 0, 150.00, 1695, 150.00, 0x0000000000000000
2026/10/02 14:42:51.047, 0, 66.30, 59, 0, 150.00, 1695, 150.00, 0x0000000000000000
2026/10/02 14:42:51.248, 0, 66.30, 59, 0, 150.00, 1695, 150.00, 0x0000000000000000
2026/10/02 14:42:51.449, 0, 66.16, 59, 0, 150.00, 1695, 150.00, 0x0000000000000000
2026/10/02 14:42:51.649, 0, 66.16, 59, 0, 150.00, 1695, 150.00, 0x0000000000000000
2026/10/02 14:42:51.850, 0, 66.16, 59, 0, 150.00, 1695, 150.00, 0x0000000000000000
2026/10/02 14:42:52.050, 0, 66.16, 59, 0, 150.00, 1695, 150.00, 0x0000000000000000
2026/10/02 14:42:52.251, 0, 66.16, 59, 0, 150.00, 1695, 150.00, 0x0000000000000000
2026/10/02 14:42:52.452, 0, 66.12, 59, 0, 150.00, 1695, 150.00, 0x0000000000000000
2026/10/02 14:42:52.652, 0, 66.12, 59, 0, 150.00, 1695, 150.00, 0x0000000000000000
2026/10/02 14:42:52.853, 0, 66.12, 59, 0, 150.00, 1695, 150.00, 0x0000000000000000
2026/10/02 14:42:53.054, 0, 66.12, 59, 0, 150.00, 1695, 150.00, 0x0000000000000000
2026/10/02 14:42:53.254, 0, 66.12, 59, 0, 150.00, 1695, 150.00, 0x0000000000000000
2026/10/02 14:42:53.455, 0, 66.07, 59, 0, 150.00, 1695, 150.00, 0x0000000000000000
2026/10/02 14:42:53.655, 0, 66.07, 59, 0, 150.00, 1695, 150.00, 0x0000000000000000
2026/10/02 14:42:53.856, 0, 66.07, 59, 0, 150.00, 1695, 150.00, 0x0000000000000000
2026/10/02 14:42:54.057, 0, 66.07, 59, 0, 150.00, 1695, 150.00, 0x0000000000000000
2026/10/02 14:42:54.257, 0, 66.07, 59, 0, 150.00, 1695, 150.00, 0x0000000000000000
2026/10/02 14:42:54.458, 0, 65.99, 59, 0, 150.00, 1695, 150.00, 0x0000000000000000
2026/10/02 14:42:54.658, 0, 65.99, 59, 0, 150.00, 1695, 150.00, 0x0000000000000000
2026/10/02 14:42:54.859, 0, 65.99, 59, 0, 150.00, 1695, 150.00, 0x0000000000000000
2026/10/02 14:42:55.059, 0, 65.99, 59, 0, 150.00, 1695, 150.00, 0x0000000000000000
2026/10/02 14:42:55.260, 0, 65.99, 59, 0, 150.00, 1695, 150.00, 0x0000000000000000
2026/10/02 14:42:55.460, 0, 65.91, 59, 0, 150.00, 1695, 150.00, 0x0000000000000000
2026/10/02 14:42:55.661, 0, 65.91, 59, 0, 150.00, 1695, 150.00, 0x0000000000000000
2026/10/02 14:42:55.861, 0, 65.91, 59, 0, 150.00, 1695, 150.00, 0x0000000000000000
2026/10/02 14:42:56.062, 0, 65.91, 59, 0, 150.00, 1695, 150.00, 0x0000000000000000
2026/10/02 14:42:56.262, 0, 65.91, 59, 0, 150.00, 1695, 150.00, 0x0000000000000000
2026/10/02 14:42:56.463, 0, 65.85, 58, 0, 150.00, 1695, 150.00, 0x0000000000000000
2026/10/02 14:42:56.663, 0, 65.85, 58, 0, 150.00, 1695, 150.00, 0x0000000000000000
2026/10/02 14:42:56.864, 0, 65.85, 58, 0, 150.00, 1695, 150.00, 0x0000000000000000
2026/10/02 14:42:57.064, 0, 65.85, 58, 0, 150.00, 1695, 150.00, 0x0000000000000000
2026/10/02 14:42:57.265, 0, 65.85, 58, 0, 150.00, 1695, 150.00, 0x0000000000000000
2026/10/02 14:42:57.465, 0, 65.75, 58, 0, 150.00, 1695, 150.00, 0x0000000000000000
2026/10/02 14:42:57.666, 0, 65.75, 58, 0, 150.00, 1695, 150.00, 0x0000000000000000
2026/10/02 14:42:57.867, 0, 65.75, 58, 0, 150.00, 1695, 150.00, 0x0000000000000000
2026/10/02 14:42:58.067, 0, 65.75, 58, 0, 150.00, 1695, 150.00, 0x0000000000000000
2026/10/02 14:42:58.268, 0, 65.75, 58, 0, 150.00, 1695, 150.00, 0x0000000000000000
2026/10/02 14:42:58.468, 0, 65.63, 58, 0, 150.00, 1695, 150.00, 0x0000000000000000
2026/10/02 14:42:58.669, 0, 65.63, 58, 0, 150.00, 1695, 150.00, 0x0000000000000000
2026/10/02 14:42:58.869, 0, 65.63, 58, 0, 150.00, 1695, 150.00, 0x0000000000000000
2026/10/02 14:42:59.070, 0, 65.63, 58, 0, 150.00, 1695, 150.00, 0x0000000000000000
2026/10/02 14:42:59.270, 0, 65.63, 58, 0, 150.00, 1695, 150.00, 0x0000000000000000
2026/10/02 14:42:59.470, 0, 65.58, 58, 0, 150.00, 1695, 150.00, 0x0000000000000000
2026/10/02 14:42:59.671, 0, 65.58, 58, 0, 150.00, 1695, 150.00, 0x0000000000000000
2026/10/02 14:42:59.871, 0, 65.58, 58, 0, 150.00, 1695, 150.00, 0x0000000000000000
2026/10/02 14:43:00.072, 0, 65.58, 58, 0, 150.00, 1695, 150.00, 0x0000000000000000
2026/10/02 14:43:00.272, 0, 65.58, 58, 0, 150.00, 1695, 150.00, 0x0000000000000000
2026/10/02 14:43:00.473, 0, 65.56, 58, 0, 150.00, 1695, 150.00, 0x0000000000000000
2026/10/02 14:43:00.673, 0, 65.56, 58, 0, 150.00, 1695, 150.00, 0x0000000000000000
2026/10/02 14:43:00.874, 0, 65.56, 58, 0, 150.00, 1695, 150.00, 0x0000000000000000
2026/10/02 14:43:01.075, 0, 65.56, 58, 0, 150.00, 1695, 150.00, 0x0000000000000000
2026/10/02 14:43:01.275, 0, 65.56, 58, 0, 150.00, 1695, 150.00, 0x0000000000000000
2026/10/02 14:43:01.476, 0, 65.59, 58, 0, 150.00, 1695, 150.00, 0x0000000000000000
2026/10/02 14:43:01.676, 0, 65.59, 58, 0, 150.00, 1695, 150.00, 0x0000000000000000
2026/10/02 14:43:01.877, 0, 65.59, 58, 0, 150.00, 1695, 150.00, 0x0000000000000000
2026/10/02 14:43:02.078, 0, 65.59, 58, 0, 150.00, 1695, 150.00, 0x0000000000000000
2026/10/02 14:43:02.278, 0, 65.59, 58, 0, 150.00, 1695, 150.00, 0x0000000000000000
2026/10/02 14:43:02.479, 0, 65.59, 58, 0, 150.00, 1695, 150.00, 0x0000000000000000
2026/10/02 14:43:02.679, 0, 65.59, 58, 0, 150.00, 1695, 150.00, 0x0000000000000000
2026/10/02 14:43:02.880, 0, 65.59, 58, 0, 150.00, 1695, 150.00, 0x0000000000000000
2026/10/02 14:43:03.080, 0, 65.59, 58, 0, 150.00, 1695, 150.00, 0x0000000000000000
2026/10/02 14:43:03.281, 0, 65.59, 58, 0, 150.00, 1695, 150.00, 0x0000000000000000
2026/10/02 14:43:03.482, 0, 65.42, 58, 0, 150.00, 1695, 150.00, 0x0000000000000000
2026/10/02 14:43:03.682, 0, 65.42, 58, 0, 150.00, 1695, 150.00, 0x0000000000000000
2026/10/02 14:43:03.882, 0, 65.42, 58, 0, 150.00, 1695, 150.00, 0x0000000000000000
2026/10/02 14:43:04.083, 0, 65.42, 58, 0, 150.00, 1695, 150.00, 0x0000000000000000
2026/10/02 14:43:04.283, 0, 65.42, 58, 0, 150.00, 1695, 150.00, 0x0000000000000000
2026/10/02 14:43:04.484, 0, 65.25, 57, 0, 150.00, 1695, 150.00, 0x0000000000000000
2026/10/02 14:43:04.685, 0, 65.25, 57, 0, 150.00, 1695, 150.00, 0x0000000000000000
2026/10/02 14:43:04.885, 0, 65.25, 57, 0, 150.00, 1695, 150.00, 0x0000000000000000
2026/10/02 14:43:05.086, 0, 65.25, 57, 0, 150.00, 1695, 150.00, 0x0000000000000000
2026/10/02 14:43:05.286, 0, 65.25, 57, 0, 150.00, 1695, 150.00, 0x0000000000000000
2026/10/02 14:43:05.487, 0, 65.20, 57, 0, 150.00, 1695, 150.00, 0x0000000000000000
2026/10/02 14:43:05.687, 0, 65.20, 57, 0, 150.00, 1695, 150.00, 0x0000000000000000
2026/10/02 14:43:05.888, 0, 65.20, 57, 0, 150.00, 1695, 150.00, 0x0000000000000000
2026/10/02 14:43:06.088, 0, 65.20, 57, 0, 150.00, 1695, 150.00, 0x0000000000000000
2026/10/02 14:43:06.289, 0, 65.20, 57, 0, 150.00, 1695, 150.00, 0x0000000000000000
2026/10/02 14:43:06.490, 0, 65.20, 57, 0, 150.00, 1695, 150.00, 0x0000000000000000
2026/10/02 14:43:06.690, 0, 65.20, 57, 0, 150.00, 1695, 150.00, 0x0000000000000000
2026/10/02 14:43:06.890, 0, 66.28, 57, 0, 150.00, 1695, 150.00, 0x0000000000000000
