2026/10/02 10:56:26.341, 67.64, 1695, 150.00, 0, 60
2026/10/02 10:56:26.544, 67.61, 1695, 150.00, 0, 60
2026/10/02 10:56:26.745, 67.55, 1695, 150.00, 0, 60
2026/10/02 10:56:26.945, 68.00, 1695, 150.00, 0, 60
2026/10/02 10:56:27.145, 67.82, 1695, 150.00, 0, 60
2026/10/02 10:56:27.346, 67.82, 1695, 150.00, 0, 60
2026/10/02 10:56:27.547, 67.82, 390, 150.00, 0, 59
2026/10/02 10:56:27.748, 50.27, 1695, 150.00, 0, 59
2026/10/02 10:56:27.948, 50.44, 1695, 150.00, 3, 59
2026/10/02 10:56:28.149, 50.38, 1695, 150.00, 0, 59
2026/10/02 10:56:28.349, 63.12, 1680, 150.00, 41, 60
2026/10/02 10:56:28.550, 63.55, 1680, 150.00, 0, 59
2026/10/02 10:56:28.750, 79.52, 1695, 150.00, 0, 59
2026/10/02 10:56:28.951, 92.06, 1680, 150.00, 39, 60
2026/10/02 10:56:29.151, 105.75, 1560, 150.00, 0, 61
2026/10/02 10:56:29.352, 91.90, 1680, 150.00, 20, 60
2026/10/02 10:56:29.552, 100.39, 885, 150.00, 0, 61
2026/10/02 10:56:29.753, 100.84, 1680, 150.00, 76, 60
2026/10/02 10:56:29.953, 87.34, 1695, 150.00, 0, 60
2026/10/02 10:56:30.154, 88.08, 1695, 150.00, 0, 60
2026/10/02 10:56:30.354, 74.25, 1665, 150.00, 0, 60
2026/10/02 10:56:30.555, 74.10, 1680, 150.00, 0, 60
2026/10/02 10:56:30.756, 65.59, 1665, 150.00, 0, 60
2026/10/02 10:56:30.956, 65.63, 1680, 150.00, 0, 60
2026/10/02 10:56:31.157, 65.59, 1695, 150.00, 0, 59
2026/10/02 10:56:31.357, 65.61, 1695, 150.00, 0, 59
2026/10/02 10:56:31.558, 80.61, 1485, 150.00, 0, 61
2026/10/02 10:56:31.758, 79.70, 1680, 150.00, 31, 60
2026/10/02 10:56:31.959, 79.96, 1695, 150.00, 0, 59
2026/10/02 10:56:32.159, 79.98, 675, 150.00, 0, 59
2026/10/02 10:56:32.360, 85.87, 1680, 150.00, 85, 60
2026/10/02 10:56:32.560, 90.67, 1305, 150.00, 0, 61
2026/10/02 10:56:32.761, 89.44, 810, 150.00, 49, 61
2026/10/02 10:56:32.961, 104.91, 1635, 150.00, 100, 62
2026/10/02 10:56:33.162, 113.96, 690, 150.00, 15, 61
2026/10/02 10:56:33.362, 107.80, 630, 150.00, 59, 60
2026/10/02 10:56:33.563, 117.29, 1680, 150.00, 57, 60
2026/10/02 10:56:33.763, 113.47, 1320, 150.00, 0, 60
2026/10/02 10:56:33.964, 106.60, 1680, 150.00, 0, 60
2026/10/02 10:56:34.165, 89.68, 660, 150.00, 0, 60
2026/10/02 10:56:34.366, 89.92, 1680, 150.00, 0, 60
2026/10/02 10:56:34.566, 81.34, 1695, 150.00, 0, 60
2026/10/02 10:56:34.767, 81.38, 1695, 150.00, 0, 59
2026/10/02 10:56:34.967, 74.62, 810, 150.00, 100, 61
2026/10/02 10:56:35.168, 90.55, 795, 150.00, 100, 62
2026/10/02 10:56:35.368, 96.42, 1050, 150.00, 47, 61
2026/10/02 10:56:35.569, 118.10, 885, 150.00, 70, 62
2026/10/02 10:56:35.770, 128.63, 1680, 150.00, 13, 61
2026/10/02 10:56:35.970, 128.16, 1665, 150.00, 58, 61
2026/10/02 10:56:36.171, 112.96, 1680, 150.00, 0, 60
2026/10/02 10:56:36.371, 97.21, 885, 150.00, 0, 60
2026/10/02 10:56:36.572, 85.86, 1680, 150.00, 0, 60
2026/10/02 10:56:36.772, 65.51, 1695, 150.00, 0, 60
2026/10/02 10:56:36.973, 66.05, 1695, 150.00, 0, 60
2026/10/02 10:56:37.173, 72.55, 1200, 150.00, 73, 61
2026/10/02 10:56:37.374, 71.70, 1680, 150.00, 0, 60
2026/10/02 10:56:37.574, 71.64, 660, 150.00, 0, 60
2026/10/02 10:56:37.775, 73.67, 1665, 150.00, 67, 61
2026/10/02 10:56:37.976, 73.54, 1680, 150.00, 0, 60
2026/10/02 10:56:38.176, 77.32, 1065, 150.00, 49, 61
2026/10/02 10:56:38.377, 82.51, 1590, 150.00, 49, 62
2026/10/02 10:56:38.577, 82.16, 1680, 150.00, 0, 60
2026/10/02 10:56:38.778, 88.16, 840, 150.00, 60, 61
2026/10/02 10:56:38.979, 90.04, 1680, 150.00, 0, 61
2026/10/02 10:56:39.179, 95.20, 1620, 150.00, 56, 61
2026/10/02 10:56:39.380, 96.52, 1680, 150.00, 0, 60
2026/10/02 10:56:39.580, 86.08, 1185, 150.00, 2, 60
2026/10/02 10:56:39.781, 84.90, 1680, 150.00, 0, 60
2026/10/02 10:56:39.981, 84.80, 1245, 150.00, 45, 62
2026/10/02 10:56:40.182, 96.59, 1410, 150.00, 19, 62
2026/10/02 10:56:40.382, 85.91, 1680, 150.00, 0, 60
2026/10/02 10:56:40.583, 99.70, 1680, 150.00, 33, 60
2026/10/02 10:56:40.784, 100.63, 1590, 150.00, 0, 60
2026/10/02 10:56:40.984, 113.15, 1605, 150.00, 88, 62
2026/10/02 10:56:41.185, 114.65, 1680, 150.00, 0, 60
2026/10/02 10:56:41.385, 111.67, 780, 150.00, 58, 61
2026/10/02 10:56:41.586, 114.48, 1380, 150.00, 79, 62
2026/10/02 10:56:41.786, 114.42, 1680, 150.00, 0, 61
2026/10/02 10:56:41.987, 100.65, 1650, 150.00, 60, 61
2026/10/02 10:56:42.187, 92.77, 1050, 150.00, 0, 60
2026/10/02 10:56:42.388, 104.68, 750, 150.00, 18, 62
2026/10/02 10:56:42.589, 94.59, 1680, 150.00, 43, 61
2026/10/02 10:56:42.789, 94.41, 810, 150.00, 59, 62
2026/10/02 10:56:42.990, 101.45, 1680, 150.00, 60, 61
2026/10/02 10:56:43.190, 107.61, 1215, 150.00, 79, 62
2026/10/02 10:56:43.391, 94.40, 1680, 150.00, 0, 61
2026/10/02 10:56:43.591, 87.96, 1275, 150.00, 0, 60
2026/10/02 10:56:43.792, 102.92, 1680, 150.00, 23, 61
2026/10/02 10:56:43.992, 94.69, 1620, 150.00, 60, 61
2026/10/02 10:56:44.193, 97.91, 1650, 150.00, 56, 61
2026/10/02 10:56:44.393, 100.12, 1110, 150.00, 59, 62
2026/10/02 10:56:44.594, 111.65, 1680, 150.00, 22, 61
2026/10/02 10:56:44.794, 96.88, 1680, 150.00, 0, 60
2026/10/02 10:56:44.995, 97.74, 1695, 150.00, 0, 60
2026/10/02 10:56:45.195, 89.94, 1695, 150.00, 0, 60
2026/10/02 10:56:45.396, 94.45, 795, 150.00, 100, 62
2026/10/02 10:56:45.597, 80.54, 1680, 150.00, 19, 61
2026/10/02 10:56:45.797, 81.30, 1680, 150.00, 0, 60
2026/10/02 10:56:45.998, 81.34, 765, 150.00, 0, 61
2026/10/02 10:56:46.198, 87.42, 1680, 150.00, 45, 61
2026/10/02 10:56:46.399, 87.36, 870, 150.00, 0, 60
2026/10/02 10:56:46.599, 83.51, 1680, 150.00, 9, 61
2026/10/02 10:56:46.800, 84.03, 660, 150.00, 0, 60
2026/10/02 10:56:47.001, 89.72, 1680, 150.00, 56, 61
2026/10/02 10:56:47.201, 82.46, 660, 150.00, 0, 60
2026/10/02 10:56:47.402, 87.58, 1680, 150.00, 0, 61
2026/10/02 10:56:47.602, 75.51, 1665, 150.00, 59, 61
2026/10/02 10:56:47.803, 81.53, 1635, 150.00, 57, 61
2026/10/02 10:56:48.003, 74.61, 1680, 150.00, 0, 60
2026/10/02 10:56:48.204, 90.72, 1500, 150.00, 29, 62
2026/10/02 10:56:48.404, 85.42, 1680, 150.00, 0, 60
2026/10/02 10:56:48.605, 85.71, 1695, 150.00, 0, 60
2026/10/02 10:56:48.805, 94.18, 1335, 150.00, 11, 61
2026/10/02 10:56:49.006, 87.67, 1680, 150.00, 0, 60
2026/10/02 10:56:49.207, 87.63, 1695, 150.00, 0, 60
2026/10/02 10:56:49.407, 73.41, 1695, 150.00, 0, 60
2026/10/02 10:56:49.608, 86.58, 1440, 150.00, 21, 61
2026/10/02 10:56:49.808, 85.43, 1680, 150.00, 0, 60
2026/10/02 10:56:50.009, 78.76, 1695, 150.00, 0, 60
2026/10/02 10:56:50.209, 83.88, 1680, 150.00, 49, 60
2026/10/02 10:56:50.410, 83.78, 1155, 150.00, 0, 60
2026/10/02 10:56:50.610, 104.69, 1635, 150.00, 100, 61
2026/10/02 10:56:50.811, 92.23, 1680, 150.00, 0, 60
2026/10/02 10:56:51.012, 92.33, 1695, 150.00, 0, 60
2026/10/02 10:56:51.212, 86.25, 1695, 150.00, 0, 60
2026/10/02 10:56:51.413, 88.68, 1650, 150.00, 59, 60
2026/10/02 10:56:51.613, 87.48, 825, 150.00, 46, 62
2026/10/02 10:56:51.814, 92.33, 1320, 150.00, 9, 62
2026/10/02 10:56:52.014, 91.20, 1680, 150.00, 0, 60
2026/10/02 10:56:52.215, 91.13, 1695, 150.00, 0, 60
2026/10/02 10:56:52.415, 98.07, 870, 150.00, 95, 62
2026/10/02 10:56:52.616, 105.45, 1680, 150.00, 25, 61
2026/10/02 10:56:52.816, 105.88, 1560, 150.00, 40, 62
2026/10/02 10:56:53.017, 105.98, 1680, 150.00, 42, 61
2026/10/02 10:56:53.217, 119.56, 750, 150.00, 55, 61
2026/10/02 10:56:53.418, 112.38, 1680, 150.00, 0, 61
2026/10/02 10:56:53.619, 103.94, 1680, 150.00, 0, 60
2026/10/02 10:56:53.819, 96.17, 645, 150.00, 0, 60
2026/10/02 10:56:54.019, 85.01, 1680, 150.00, 0, 60
2026/10/02 10:56:54.220, 88.96, 1680, 150.00, 0, 60
2026/10/02 10:56:54.420, 100.54, 795, 150.00, 91, 62
2026/10/02 10:56:54.621, 111.88, 1560, 150.00, 42, 62
2026/10/02 10:56:54.821, 111.83, 1680, 150.00, 0, 61
2026/10/02 10:56:55.022, 111.91, 615, 150.00, 0, 60
2026/10/02 10:56:55.223, 121.56, 675, 150.00, 68, 61
2026/10/02 10:56:55.423, 98.75, 1680, 150.00, 1, 61
2026/10/02 10:56:55.623, 80.31, 1680, 150.00, 0, 60
2026/10/02 10:56:55.824, 81.06, 1695, 150.00, 0, 60
2026/10/02 10:56:56.024, 97.84, 795, 150.00, 12, 61
2026/10/02 10:56:56.225, 102.21, 1680, 150.00, 28, 61
2026/10/02 10:56:56.425, 106.32, 1200, 150.00, 45, 61
2026/10/02 10:56:56.626, 105.29, 960, 150.00, 20, 61
2026/10/02 10:56:56.827, 105.15, 1680, 150.00, 0, 61
2026/10/02 10:56:57.027, 106.21, 720, 150.00, 0, 60
2026/10/02 10:56:57.228, 107.53, 1620, 150.00, 62, 62
2026/10/02 10:56:57.428, 98.02, 1680, 150.00, 0, 60
2026/10/02 10:56:57.629, 98.52, 1695, 150.00, 0, 60
2026/10/02 10:56:57.829, 98.04, 1680, 150.00, 33, 60
2026/10/02 10:56:58.030, 98.03, 1680, 150.00, 0, 60
2026/10/02 10:56:58.231, 79.20, 1695, 150.00, 0, 60
2026/10/02 10:56:58.431, 79.65, 1695, 150.00, 0, 60
2026/10/02 10:56:58.632, 90.35, 825, 150.00, 0, 60
2026/10/02 10:56:58.832, 84.01, 690, 150.00, 86, 61
2026/10/02 10:56:59.033, 83.78, 1680, 150.00, 0, 60
2026/10/02 10:56:59.233, 92.37, 1620, 150.00, 4, 61
2026/10/02 10:56:59.434, 92.72, 780, 150.00, 57, 60
2026/10/02 10:56:59.634, 116.69, 1605, 150.00, 28, 62
2026/10/02 10:56:59.835, 104.92, 660, 150.00, 60, 61
2026/10/02 10:57:00.036, 120.59, 825, 150.00, 100, 62
2026/10/02 10:57:00.236, 127.35, 795, 150.00, 100, 63
2026/10/02 10:57:00.437, 141.37, 1245, 150.00, 36, 61
2026/10/02 10:57:00.637, 128.78, 1680, 150.00, 2, 61
2026/10/02 10:57:00.838, 128.99, 780, 150.00, 100, 62
2026/10/02 10:57:01.038, 118.44, 1320, 150.00, 49, 63
2026/10/02 10:57:01.239, 102.47, 1680, 150.00, 0, 61
2026/10/02 10:57:01.439, 95.41, 1695, 150.00, 0, 61
2026/10/02 10:57:01.640, 101.14, 735, 150.00, 62, 62
2026/10/02 10:57:01.841, 96.35, 1680, 150.00, 0, 61
2026/10/02 10:57:02.041, 84.76, 1680, 150.00, 0, 60
2026/10/02 10:57:02.242, 99.53, 1695, 150.00, 22, 60
2026/10/02 10:57:02.442, 107.51, 660, 150.00, 58, 61
2026/10/02 10:57:02.643, 95.47, 1185, 150.00, 58, 62
2026/10/02 10:57:02.843, 87.28, 1665, 150.00, 0, 62
2026/10/02 10:57:03.044, 87.32, 1680, 150.00, 0, 61
2026/10/02 10:57:03.244, 87.33, 1695, 150.00, 0, 60
2026/10/02 10:57:03.445, 74.68, 1695, 150.00, 0, 60
2026/10/02 10:57:03.645, 66.14, 1695, 150.00, 0, 60
2026/10/02 10:57:03.846, 73.43, 690, 150.00, 79, 61
2026/10/02 10:57:04.046, 80.58, 1470, 150.00, 40, 62
2026/10/02 10:57:04.247, 87.38, 1350, 150.00, 45, 62
2026/10/02 10:57:04.447, 101.86, 1260, 150.00, 36, 61
2026/10/02 10:57:04.648, 101.00, 1680, 150.00, 0, 61
2026/10/02 10:57:04.849, 100.71, 1665, 150.00, 0, 61
2026/10/02 10:57:05.049, 85.08, 1665, 150.00, 0, 61
2026/10/02 10:57:05.250, 78.94, 1650, 150.00, 0, 62
2026/10/02 10:57:05.450, 93.56, 1485, 150.00, 30, 62
2026/10/02 10:57:05.651, 85.49, 1680, 150.00, 9, 61
2026/10/02 10:57:05.851, 103.77, 1515, 150.00, 50, 62
2026/10/02 10:57:06.052, 103.22, 1680, 150.00, 0, 61
2026/10/02 10:57:06.253, 111.41, 615, 150.00, 57, 61
2026/10/02 10:57:06.453, 96.80, 1680, 150.00, 0, 61
2026/10/02 10:57:06.654, 110.94, 1140, 150.00, 41, 60
2026/10/02 10:57:06.854, 97.24, 1680, 150.00, 0, 61
2026/10/02 10:57:07.055, 102.46, 1500, 150.00, 28, 62
2026/10/02 10:57:07.255, 101.87, 990, 150.00, 59, 61
2026/10/02 10:57:07.456, 92.99, 1680, 150.00, 0, 61
2026/10/02 10:57:07.656, 93.02, 1695, 150.00, 0, 60
2026/10/02 10:57:07.857, 80.53, 1695, 150.00, 0, 60
2026/10/02 10:57:08.057, 65.37, 1695, 150.00, 0, 60
2026/10/02 10:57:08.258, 67.93, 1650, 150.00, 0, 61
2026/10/02 10:57:08.459, 68.65, 1680, 150.00, 0, 60
2026/10/02 10:57:08.659, 68.63, 1695, 150.00, 0, 60
2026/10/02 10:57:08.860, 68.62, 1695, 150.00, 0, 60
2026/10/02 10:57:09.060, 81.60, 1170, 150.00, 39, 61
2026/10/02 10:57:09.261, 79.00, 1680, 150.00, 0, 60
2026/10/02 10:57:09.462, 90.20, 1590, 150.00, 9, 62
2026/10/02 10:57:09.662, 90.12, 1680, 150.00, 0, 60
2026/10/02 10:57:09.863, 89.08, 1185, 150.00, 57, 61
2026/10/02 10:57:10.063, 96.68, 630, 150.00, 57, 60
2026/10/02 10:57:10.264, 105.12, 825, 150.00, 100, 62
2026/10/02 10:57:10.464, 93.27, 1680, 150.00, 0, 61
2026/10/02 10:57:10.665, 92.94, 1185, 150.00, 59, 60
2026/10/02 10:57:10.865, 92.84, 1680, 150.00, 0, 60
2026/10/02 10:57:11.066, 94.01, 1695, 150.00, 0, 60
2026/10/02 10:57:11.267, 73.49, 1695, 150.00, 0, 60
2026/10/02 10:57:11.467, 73.97, 1620, 150.00, 0, 61
2026/10/02 10:57:11.668, 74.45, 675, 150.00, 60, 60
2026/10/02 10:57:11.868, 84.01, 645, 150.00, 59, 60
2026/10/02 10:57:12.069, 83.56, 1680, 150.00, 0, 60
2026/10/02 10:57:12.269, 82.64, 1080, 150.00, 60, 61
2026/10/02 10:57:12.470, 73.96, 1680, 150.00, 0, 60
2026/10/02 10:57:12.670, 73.86, 1695, 150.00, 0, 60
2026/10/02 10:57:12.871, 65.62, 1665, 150.00, 58, 61
2026/10/02 10:57:13.071, 65.99, 1680, 150.00, 0, 60
2026/10/02 10:57:13.272, 66.86, 1695, 150.00, 0, 60
2026/10/02 10:57:13.472, 67.07, 1695, 150.00, 0, 60
2026/10/02 10:57:13.673, 84.54, 960, 150.00, 49, 61
2026/10/02 10:57:13.873, 98.03, 720, 150.00, 67, 61
2026/10/02 10:57:14.074, 112.98, 1020, 150.00, 76, 62
2026/10/02 10:57:14.275, 112.81, 1680, 150.00, 0, 61
2026/10/02 10:57:14.475, 112.79, 1695, 150.00, 0, 60
2026/10/02 10:57:14.676, 101.25, 1695, 150.00, 0, 60
2026/10/02 10:57:14.876, 94.79, 1680, 150.00, 55, 60
2026/10/02 10:57:15.077, 71.24, 1680, 150.00, 0, 60
2026/10/02 10:57:15.277, 65.73, 1695, 150.00, 0, 60
2026/10/02 10:57:15.478, 64.52, 1680, 150.00, 58, 60
2026/10/02 10:57:15.679, 75.43, 1545, 150.00, 18, 61
2026/10/02 10:57:15.879, 87.11, 1635, 150.00, 49, 62
2026/10/02 10:57:16.080, 87.17, 1680, 150.00, 0, 60
2026/10/02 10:57:16.280, 95.37, 1650, 150.00, 58, 61
2026/10/02 10:57:16.481, 111.52, 1605, 150.00, 58, 61
2026/10/02 10:57:16.681, 98.49, 1680, 150.00, 47, 61
2026/10/02 10:57:16.882, 88.36, 1680, 150.00, 0, 60
2026/10/02 10:57:17.083, 97.19, 705, 150.00, 0, 60
2026/10/02 10:57:17.283, 88.18, 1680, 150.00, 0, 60
2026/10/02 10:57:17.484, 94.88, 870, 150.00, 0, 60
2026/10/02 10:57:17.685, 88.91, 1680, 150.00, 31, 60
2026/10/02 10:57:17.885, 89.51, 1680, 150.00, 0, 60
2026/10/02 10:57:18.086, 88.36, 1680, 150.00, 54, 60
2026/10/02 10:57:18.286, 81.02, 1665, 150.00, 59, 61
2026/10/02 10:57:18.487, 99.98, 960, 150.00, 45, 61
2026/10/02 10:57:18.687, 85.52, 1245, 150.00, 0, 60
2026/10/02 10:57:18.888, 98.83, 645, 150.00, 0, 60
2026/10/02 10:57:19.088, 98.63, 1680, 150.00, 18, 60
2026/10/02 10:57:19.289, 115.61, 960, 150.00, 49, 62
2026/10/02 10:57:19.490, 106.31, 1665, 150.00, 63, 61
2026/10/02 10:57:19.690, 102.54, 1065, 150.00, 0, 60
2026/10/02 10:57:19.890, 102.09, 1680, 150.00, 0, 60
2026/10/02 10:57:20.091, 89.35, 1695, 150.00, 0, 60
2026/10/02 10:57:20.292, 77.76, 1695, 150.00, 0, 60
2026/10/02 10:57:20.492, 82.59, 1605, 150.00, 34, 61
2026/10/02 10:57:20.693, 82.76, 1680, 150.00, 0, 60
2026/10/02 10:57:20.893, 95.14, 1590, 150.00, 29, 61
2026/10/02 10:57:21.094, 94.30, 1680, 150.00, 59, 61
2026/10/02 10:57:21.294, 94.25, 1680, 150.00, 0, 60
2026/10/02 10:57:21.495, 91.54, 1635, 150.00, 44, 61
2026/10/02 10:57:21.695, 99.35, 1665, 150.00, 57, 61
2026/10/02 10:57:21.896, 83.78, 1680, 150.00, 0, 60
2026/10/02 10:57:22.096, 99.65, 1605, 150.00, 31, 61
2026/10/02 10:57:22.297, 125.30, 735, 150.00, 30, 62
2026/10/02 10:57:22.497, 119.26, 1665, 150.00, 94, 62
2026/10/02 10:57:22.698, 126.89, 615, 150.00, 0, 60
2026/10/02 10:57:22.898, 126.40, 1680, 150.00, 24, 60
2026/10/02 10:57:23.099, 125.65, 1035, 150.00, 0, 60
2026/10/02 10:57:23.299, 110.27, 1680, 150.00, 34, 60
2026/10/02 10:57:23.500, 96.15, 1020, 150.00, 0, 60
2026/10/02 10:57:23.700, 104.39, 660, 150.00, 0, 60
2026/10/02 10:57:23.901, 92.26, 1680, 150.00, 82, 61
2026/10/02 10:57:24.101, 92.26, 1680, 150.00, 0, 60
2026/10/02 10:57:24.302, 93.97, 945, 150.00, 0, 60
2026/10/02 10:57:24.503, 93.89, 1185, 150.00, 32, 61
2026/10/02 10:57:24.703, 93.89, 1665, 150.00, 57, 61
2026/10/02 10:57:24.904, 84.07, 1680, 150.00, 0, 60
2026/10/02 10:57:25.104, 84.28, 1695, 150.00, 0, 60
2026/10/02 10:57:25.305, 84.32, 1695, 150.00, 0, 60
2026/10/02 10:57:25.505, 69.58, 1695, 150.00, 0, 60
2026/10/02 10:57:25.706, 72.06, 1170, 150.00, 0, 59
2026/10/02 10:57:25.906, 79.18, 1635, 150.00, 100, 61
2026/10/02 10:57:26.107, 93.62, 1605, 150.00, 31, 62
2026/10/02 10:57:26.308, 93.51, 1680, 150.00, 0, 60
2026/10/02 10:57:26.508, 93.46, 1695, 150.00, 0, 60
2026/10/02 10:57:26.709, 102.35, 660, 150.00, 0, 59
2026/10/02 10:57:26.909, 98.67, 720, 150.00, 1, 60
2026/10/02 10:57:27.110, 98.82, 795, 150.00, 77, 62
2026/10/02 10:57:27.310, 98.71, 1680, 150.00, 43, 61
2026/10/02 10:57:27.511, 111.54, 1575, 150.00, 24, 62
2026/10/02 10:57:27.711, 126.67, 810, 150.00, 11, 61
2026/10/02 10:57:27.912, 116.36, 1680, 150.00, 31, 61
2026/10/02 10:57:28.112, 100.67, 1680, 150.00, 0, 60
2026/10/02 10:57:28.313, 93.83, 1695, 150.00, 0, 60
2026/10/02 10:57:28.514, 79.31, 1440, 150.00, 0, 60
2026/10/02 10:57:28.714, 72.19, 1680, 150.00, 0, 60
2026/10/02 10:57:28.914, 65.66, 1695, 150.00, 0, 60
2026/10/02 10:57:29.115, 73.63, 1665, 150.00, 58, 60
2026/10/02 10:57:29.316, 73.58, 1680, 150.00, 0, 60
2026/10/02 10:57:29.516, 73.50, 1695, 150.00, 0, 60
2026/10/02 10:57:29.717, 89.41, 735, 150.00, 0, 59
2026/10/02 10:57:29.917, 102.99, 600, 150.00, 25, 60
2026/10/02 10:57:30.118, 107.35, 1605, 150.00, 54, 62
2026/10/02 10:57:30.319, 122.32, 795, 150.00, 88, 62
2026/10/02 10:57:30.519, 121.59, 1680, 150.00, 30, 61
2026/10/02 10:57:30.720, 124.84, 1665, 150.00, 59, 61
2026/10/02 10:57:30.920, 110.72, 1680, 150.00, 0, 60
2026/10/02 10:57:31.121, 97.66, 855, 150.00, 0, 60
2026/10/02 10:57:31.321, 90.80, 1680, 150.00, 26, 60
2026/10/02 10:57:31.522, 83.70, 1680, 150.00, 0, 60
2026/10/02 10:57:31.723, 80.25, 1695, 150.00, 0, 59
2026/10/02 10:57:31.923, 103.61, 825, 150.00, 31, 61
2026/10/02 10:57:32.124, 106.66, 1665, 150.00, 87, 61
2026/10/02 10:57:32.324, 98.58, 1560, 150.00, 100, 62
2026/10/02 10:57:32.525, 99.12, 1215, 150.00, 0, 60
2026/10/02 10:57:32.725, 107.04, 1650, 150.00, 59, 61
2026/10/02 10:57:32.926, 104.30, 645, 150.00, 0, 60
2026/10/02 10:57:33.126, 102.84, 1650, 150.00, 67, 62
2026/10/02 10:57:33.327, 96.29, 1680, 150.00, 0, 60
2026/10/02 10:57:33.527, 97.72, 1680, 150.00, 57, 61
2026/10/02 10:57:33.728, 88.86, 1680, 150.00, 0, 60
2026/10/02 10:57:33.928, 96.28, 750, 150.00, 0, 60
2026/10/02 10:57:34.129, 72.60, 1680, 150.00, 55, 61
2026/10/02 10:57:34.330, 78.01, 1620, 150.00, 56, 61
2026/10/02 10:57:34.530, 90.59, 1050, 150.00, 50, 60
2026/10/02 10:57:34.731, 89.87, 1680, 150.00, 34, 61
2026/10/02 10:57:34.931, 89.82, 1680, 150.00, 0, 60
2026/10/02 10:57:35.132, 95.58, 1635, 150.00, 46, 61
2026/10/02 10:57:35.332, 96.58, 1680, 150.00, 0, 60
2026/10/02 10:57:35.533, 93.00, 1665, 150.00, 57, 61
2026/10/02 10:57:35.733, 79.60, 1680, 150.00, 0, 60
2026/10/02 10:57:35.934, 79.13, 1680, 150.00, 57, 60
2026/10/02 10:57:36.135, 69.17, 1050, 150.00, 0, 60
2026/10/02 10:57:36.335, 69.06, 1680, 150.00, 67, 60
2026/10/02 10:57:36.536, 78.66, 1560, 150.00, 19, 61
2026/10/02 10:57:36.736, 80.58, 1665, 150.00, 60, 61
2026/10/02 10:57:36.937, 84.80, 1665, 150.00, 58, 61
2026/10/02 10:57:37.137, 85.03, 1680, 150.00, 0, 60
2026/10/02 10:57:37.338, 83.15, 1695, 150.00, 0, 60
2026/10/02 10:57:37.538, 71.21, 1695, 150.00, 0, 60
2026/10/02 10:57:37.739, 70.31, 1695, 150.00, 0, 59
2026/10/02 10:57:37.940, 70.31, 1695, 150.00, 0, 59
2026/10/02 10:57:38.140, 70.31, 1695, 150.00, 0, 59
2026/10/02 10:57:38.341, 70.31, 1695, 150.00, 0, 59
2026/10/02 10:57:38.541, 88.41, 810, 150.00, 100, 61
2026/10/02 10:57:38.742, 94.61, 780, 150.00, 14, 60
2026/10/02 10:57:38.942, 91.91, 1680, 150.00, 69, 61
2026/10/02 10:57:39.143, 88.27, 1680, 150.00, 0, 60
2026/10/02 10:57:39.343, 85.55, 1695, 150.00, 0, 59
2026/10/02 10:57:39.544, 96.62, 825, 150.00, 61, 61
2026/10/02 10:57:39.745, 88.46, 1680, 150.00, 55, 60
2026/10/02 10:57:39.945, 81.90, 1680, 150.00, 0, 60
2026/10/02 10:57:40.146, 82.09, 1695, 150.00, 0, 59
2026/10/02 10:57:40.346, 82.03, 1455, 150.00, 62, 61
2026/10/02 10:57:40.547, 73.27, 1680, 150.00, 0, 60
2026/10/02 10:57:40.747, 94.35, 720, 150.00, 29, 61
2026/10/02 10:57:40.948, 100.53, 1530, 150.00, 38, 61
2026/10/02 10:57:41.148, 99.70, 1425, 150.00, 0, 61
2026/10/02 10:57:41.348, 98.68, 1680, 150.00, 0, 60
2026/10/02 10:57:41.549, 99.69, 1695, 150.00, 0, 60
2026/10/02 10:57:41.750, 86.97, 1050, 150.00, 0, 59
2026/10/02 10:57:41.950, 67.05, 1680, 150.00, 0, 60
2026/10/02 10:57:42.151, 88.19, 735, 150.00, 49, 61
2026/10/02 10:57:42.351, 88.57, 1680, 150.00, 5, 60
2026/10/02 10:57:42.552, 88.60, 1680, 150.00, 0, 60
2026/10/02 10:57:42.752, 88.59, 1695, 150.00, 0, 59
2026/10/02 10:57:42.953, 94.33, 1650, 150.00, 58, 60
2026/10/02 10:57:43.154, 82.29, 1335, 150.00, 0, 59
2026/10/02 10:57:43.354, 83.79, 1650, 150.00, 54, 61
2026/10/02 10:57:43.555, 83.22, 1680, 150.00, 56, 60
2026/10/02 10:57:43.755, 85.97, 1500, 150.00, 7, 60
2026/10/02 10:57:43.956, 77.72, 1680, 150.00, 58, 61
2026/10/02 10:57:44.157, 78.17, 1680, 150.00, 0, 60
2026/10/02 10:57:44.357, 68.52, 1695, 150.00, 0, 59
2026/10/02 10:57:44.558, 69.47, 1695, 150.00, 0, 59
2026/10/02 10:57:44.758, 80.04, 1035, 150.00, 0, 59
2026/10/02 10:57:44.958, 79.58, 1680, 150.00, 34, 60
2026/10/02 10:57:45.159, 79.70, 1680, 150.00, 0, 59
2026/10/02 10:57:45.360, 89.42, 1650, 150.00, 55, 60
2026/10/02 10:57:45.560, 101.16, 1635, 150.00, 44, 61
2026/10/02 10:57:45.761, 105.12, 1665, 150.00, 58, 61
2026/10/02 10:57:45.962, 91.82, 1680, 150.00, 0, 59
2026/10/02 10:57:46.162, 91.86, 1695, 150.00, 0, 59
2026/10/02 10:57:46.363, 81.74, 1695, 150.00, 0, 59
2026/10/02 10:57:46.563, 72.73, 1035, 150.00, 0, 59
2026/10/02 10:57:46.764, 68.69, 1680, 150.00, 0, 59
2026/10/02 10:57:46.964, 68.09, 1440, 150.00, 0, 60
2026/10/02 10:57:47.165, 67.91, 1680, 150.00, 0, 59
2026/10/02 10:57:47.365, 75.48, 1470, 150.00, 57, 60
2026/10/02 10:57:47.566, 84.79, 645, 150.00, 46, 60
2026/10/02 10:57:47.766, 95.73, 1050, 150.00, 5, 60
2026/10/02 10:57:47.967, 97.39, 1065, 150.00, 32, 60
2026/10/02 10:57:48.168, 126.18, 750, 150.00, 34, 62
2026/10/02 10:57:48.368, 126.08, 1680, 150.00, 29, 60
2026/10/02 10:57:48.569, 127.34, 1650, 150.00, 58, 61
2026/10/02 10:57:48.769, 123.11, 1080, 150.00, 58, 61
2026/10/02 10:57:48.970, 117.06, 1605, 150.00, 100, 62
2026/10/02 10:57:49.170, 100.51, 1680, 150.00, 0, 60
2026/10/02 10:57:49.371, 99.29, 1560, 150.00, 20, 61
2026/10/02 10:57:49.571, 103.66, 645, 150.00, 0, 60
2026/10/02 10:57:49.772, 109.54, 900, 150.00, 17, 60
2026/10/02 10:57:49.972, 94.82, 1680, 150.00, 0, 60
2026/10/02 10:57:50.173, 102.61, 750, 150.00, 0, 60
2026/10/02 10:57:50.373, 88.32, 1425, 150.00, 59, 61
2026/10/02 10:57:50.573, 89.24, 1680, 150.00, 0, 60
2026/10/02 10:57:50.774, 76.42, 1320, 150.00, 58, 61
2026/10/02 10:57:50.975, 85.40, 1605, 150.00, 32, 62
2026/10/02 10:57:51.175, 105.62, 810, 150.00, 45, 62
2026/10/02 10:57:51.376, 116.57, 1515, 150.00, 29, 62
2026/10/02 10:57:51.577, 116.73, 1680, 150.00, 0, 60
2026/10/02 10:57:51.777, 117.04, 1680, 150.00, 0, 61
2026/10/02 10:57:51.978, 113.34, 1650, 150.00, 6, 61
2026/10/02 10:57:52.178, 109.06, 795, 150.00, 100, 62
2026/10/02 10:57:52.379, 98.19, 765, 150.00, 87, 61
2026/10/02 10:57:52.580, 114.59, 795, 150.00, 100, 62
2026/10/02 10:57:52.780, 116.92, 1650, 150.00, 0, 62
2026/10/02 10:57:52.981, 120.80, 1590, 150.00, 29, 62
2026/10/02 10:57:53.182, 131.30, 825, 150.00, 100, 62
2026/10/02 10:57:53.382, 123.49, 1680, 150.00, 0, 61
2026/10/02 10:57:53.583, 108.61, 1680, 150.00, 0, 61
2026/10/02 10:57:53.783, 104.21, 1470, 150.00, 61, 62
2026/10/02 10:57:53.984, 101.29, 1035, 150.00, 43, 61
2026/10/02 10:57:54.184, 108.91, 705, 150.00, 55, 62
2026/10/02 10:57:54.385, 122.55, 795, 150.00, 100, 63
2026/10/02 10:57:54.586, 133.39, 795, 150.00, 100, 63
2026/10/02 10:57:54.786, 142.26, 525, 150.00, 100, 63
2026/10/02 10:57:54.987, 161.18, 585, 150.00, 80, 63
2026/10/02 10:57:55.188, 157.10, 780, 150.00, 100, 63
2026/10/02 10:57:55.388, 139.51, 1035, 150.00, 3, 63
2026/10/02 10:57:55.589, 122.59, 900, 150.00, 59, 62
2026/10/02 10:57:55.789, 122.26, 795, 150.00, 100, 63
2026/10/02 10:57:55.990, 120.70, 795, 150.00, 100, 64
2026/10/02 10:57:56.191, 119.91, 795, 150.00, 100, 64
2026/10/02 10:57:56.391, 125.31, 795, 150.00, 100, 63
2026/10/02 10:57:56.592, 140.39, 765, 150.00, 100, 64
2026/10/02 10:57:56.792, 148.61, 1200, 150.00, 95, 64
2026/10/02 10:57:56.993, 131.31, 1470, 150.00, 55, 63
2026/10/02 10:57:57.194, 133.57, 735, 150.00, 82, 64
2026/10/02 10:57:57.394, 134.39, 780, 150.00, 100, 64
2026/10/02 10:57:57.595, 122.94, 1680, 150.00, 0, 62
2026/10/02 10:57:57.795, 115.70, 870, 150.00, 11, 63
2026/10/02 10:57:57.996, 115.29, 735, 150.00, 65, 63
2026/10/02 10:57:58.196, 125.10, 795, 150.00, 100, 64
2026/10/02 10:57:58.397, 113.63, 1035, 150.00, 16, 64
2026/10/02 10:57:58.598, 107.52, 1350, 150.00, 60, 63
2026/10/02 10:57:58.798, 127.55, 1245, 150.00, 97, 63
2026/10/02 10:57:58.999, 130.51, 720, 150.00, 54, 63
2026/10/02 10:57:59.199, 121.84, 1545, 150.00, 65, 63
2026/10/02 10:57:59.400, 106.10, 1680, 150.00, 0, 62
2026/10/02 10:57:59.600, 108.14, 1440, 150.00, 58, 62
2026/10/02 10:57:59.801, 92.76, 1335, 150.00, 0, 62
2026/10/02 10:58:00.002, 91.57, 810, 150.00, 98, 63
2026/10/02 10:58:00.202, 92.20, 705, 150.00, 69, 64
2026/10/02 10:58:00.403, 99.27, 795, 150.00, 97, 64
2026/10/02 10:58:00.603, 116.18, 1095, 150.00, 100, 64
2026/10/02 10:58:00.804, 136.70, 810, 150.00, 100, 64
2026/10/02 10:58:01.004, 136.94, 1680, 150.00, 0, 62
2026/10/02 10:58:01.205, 122.08, 1695, 150.00, 0, 62
2026/10/02 10:58:01.405, 112.04, 1695, 150.00, 0, 62
2026/10/02 10:58:01.606, 101.80, 1605, 150.00, 52, 62
2026/10/02 10:58:01.806, 82.28, 1680, 150.00, 0, 62
2026/10/02 10:58:02.007, 95.41, 1245, 150.00, 99, 63
2026/10/02 10:58:02.207, 106.40, 795, 150.00, 100, 64
2026/10/02 10:58:02.408, 123.41, 945, 150.00, 77, 64
2026/10/02 10:58:02.609, 127.73, 1620, 150.00, 39, 63
2026/10/02 10:58:02.809, 135.94, 690, 150.00, 13, 63
2026/10/02 10:58:03.010, 122.71, 1680, 150.00, 0, 62
2026/10/02 10:58:03.210, 110.34, 1560, 150.00, 57, 62
2026/10/02 10:58:03.411, 93.71, 1575, 150.00, 56, 62
2026/10/02 10:58:03.611, 93.28, 795, 150.00, 100, 64
2026/10/02 10:58:03.812, 110.04, 780, 150.00, 100, 64
2026/10/02 10:58:04.012, 118.01, 780, 150.00, 100, 64
2026/10/02 10:58:04.213, 133.79, 795, 150.00, 100, 64
2026/10/02 10:58:04.414, 149.12, 750, 150.00, 100, 64
2026/10/02 10:58:04.614, 151.52, 1080, 150.00, 100, 64
2026/10/02 10:58:04.814, 157.79, 720, 150.00, 59, 64
2026/10/02 10:58:05.015, 149.05, 1650, 150.00, 25, 63
2026/10/02 10:58:05.216, 150.65, 735, 150.00, 81, 65
2026/10/02 10:58:05.416, 143.42, 1530, 150.00, 25, 64
2026/10/02 10:58:05.617, 143.88, 795, 150.00, 100, 65
2026/10/02 10:58:05.817, 139.38, 795, 150.00, 100, 65
2026/10/02 10:58:06.018, 138.17, 780, 150.00, 100, 65
2026/10/02 10:58:06.218, 147.72, 645, 150.00, 100, 65
2026/10/02 10:58:06.419, 139.89, 750, 150.00, 100, 65
2026/10/02 10:58:06.620, 149.05, 780, 150.00, 100, 65
2026/10/02 10:58:06.820, 149.12, 795, 150.00, 100, 65
2026/10/02 10:58:07.021, 148.96, 795, 150.00, 100, 65
2026/10/02 10:58:07.221, 155.16, 630, 150.00, 30, 65
2026/10/02 10:58:07.422, 155.16, 1365, 150.00, 90, 65
2026/10/02 10:58:07.622, 148.67, 735, 150.00, 64, 65
2026/10/02 10:58:07.823, 140.23, 1575, 150.00, 58, 64
2026/10/02 10:58:08.024, 140.82, 1200, 150.00, 61, 65
2026/10/02 10:58:08.224, 132.24, 765, 150.00, 73, 65
2026/10/02 10:58:08.425, 125.67, 780, 150.00, 100, 65
2026/10/02 10:58:08.625, 136.86, 795, 150.00, 100, 65
2026/10/02 10:58:08.826, 128.91, 1605, 150.00, 49, 64
2026/10/02 10:58:09.026, 143.92, 780, 150.00, 95, 65
2026/10/02 10:58:09.227, 138.99, 1680, 150.00, 0, 64
2026/10/02 10:58:09.427, 124.36, 1170, 150.00, 0, 64
2026/10/02 10:58:09.628, 123.52, 780, 150.00, 100, 65
2026/10/02 10:58:09.828, 125.86, 1110, 150.00, 100, 65
2026/10/02 10:58:10.029, 112.65, 1680, 150.00, 0, 63
2026/10/02 10:58:10.229, 115.81, 795, 150.00, 100, 65
2026/10/02 10:58:10.430, 123.26, 1665, 150.00, 14, 64
2026/10/02 10:58:10.631, 130.96, 795, 150.00, 96, 65
2026/10/02 10:58:10.831, 115.24, 1320, 150.00, 59, 64
2026/10/02 10:58:11.032, 120.22, 660, 150.00, 40, 65
2026/10/02 10:58:11.232, 120.67, 1665, 150.00, 4, 64
2026/10/02 10:58:11.433, 120.44, 795, 150.00, 100, 65
2026/10/02 10:58:11.633, 129.72, 780, 150.00, 100, 66
2026/10/02 10:58:11.834, 138.31, 645, 150.00, 25, 66
2026/10/02 10:58:12.035, 133.78, 1680, 150.00, 0, 64
2026/10/02 10:58:12.235, 112.52, 1410, 150.00, 59, 64
2026/10/02 10:58:12.436, 121.90, 735, 150.00, 73, 65
2026/10/02 10:58:12.636, 123.41, 1035, 150.00, 96, 65
2026/10/02 10:58:12.837, 112.85, 1545, 150.00, 61, 64
2026/10/02 10:58:13.037, 107.58, 1140, 150.00, 61, 65
2026/10/02 10:58:13.238, 122.54, 795, 150.00, 100, 65
2026/10/02 10:58:13.438, 136.78, 690, 150.00, 70, 66
2026/10/02 10:58:13.639, 141.26, 720, 150.00, 70, 66
2026/10/02 10:58:13.839, 143.52, 1140, 150.00, 22, 65
2026/10/02 10:58:14.040, 159.31, 780, 150.00, 100, 66
2026/10/02 10:58:14.241, 159.30, 780, 150.00, 100, 66
2026/10/02 10:58:14.441, 150.67, 1620, 150.00, 44, 65
2026/10/02 10:58:14.642, 126.03, 1680, 150.00, 0, 64
2026/10/02 10:58:14.842, 115.56, 960, 150.00, 53, 65
2026/10/02 10:58:15.043, 114.22, 1680, 150.00, 0, 64
2026/10/02 10:58:15.243, 103.63, 1290, 150.00, 56, 65
2026/10/02 10:58:15.444, 95.49, 750, 150.00, 69, 65
2026/10/02 10:58:15.644, 108.60, 780, 150.00, 45, 65
2026/10/02 10:58:15.845, 107.82, 1680, 150.00, 0, 64
2026/10/02 10:58:16.046, 100.64, 1170, 150.00, 61, 64
2026/10/02 10:58:16.246, 107.08, 780, 150.00, 75, 65
2026/10/02 10:58:16.447, 101.51, 1530, 150.00, 65, 64
2026/10/02 10:58:16.647, 108.30, 780, 150.00, 100, 66
2026/10/02 10:58:16.848, 112.29, 780, 150.00, 100, 66
2026/10/02 10:58:17.048, 126.85, 600, 150.00, 23, 66
2026/10/02 10:58:17.249, 125.66, 1050, 150.00, 27, 65
2026/10/02 10:58:17.450, 128.20, 1080, 150.00, 48, 66
2026/10/02 10:58:17.650, 136.10, 630, 150.00, 27, 66
2026/10/02 10:58:17.851, 136.36, 915, 150.00, 78, 66
2026/10/02 10:58:18.051, 139.98, 750, 150.00, 78, 66
2026/10/02 10:58:18.252, 125.41, 1635, 150.00, 38, 65
2026/10/02 10:58:18.452, 130.12, 630, 150.00, 37, 66
2026/10/02 10:58:18.653, 142.88, 1365, 150.00, 88, 65
2026/10/02 10:58:18.853, 120.31, 1470, 150.00, 61, 65
2026/10/02 10:58:19.054, 104.46, 1680, 150.00, 0, 64
2026/10/02 10:58:19.254, 114.21, 1035, 150.00, 100, 65
2026/10/02 10:58:19.455, 135.48, 780, 150.00, 95, 66
2026/10/02 10:58:19.656, 121.23, 1530, 150.00, 68, 65
2026/10/02 10:58:19.856, 128.49, 1665, 150.00, 13, 64
2026/10/02 10:58:20.057, 140.29, 1605, 150.00, 44, 64
2026/10/02 10:58:20.258, 126.30, 1680, 150.00, 0, 64
2026/10/02 10:58:20.458, 119.93, 1650, 150.00, 27, 64
2026/10/02 10:58:20.659, 116.39, 1650, 150.00, 21, 64
2026/10/02 10:58:20.859, 109.95, 1680, 150.00, 0, 64
2026/10/02 10:58:21.060, 111.92, 795, 150.00, 100, 65
2026/10/02 10:58:21.260, 128.23, 780, 150.00, 100, 66
2026/10/02 10:58:21.461, 129.10, 780, 150.00, 100, 66
2026/10/02 10:58:21.662, 137.80, 645, 150.00, 31, 66
2026/10/02 10:58:21.862, 133.33, 1680, 150.00, 0, 64
2026/10/02 10:58:22.063, 126.50, 1680, 150.00, 0, 64
2026/10/02 10:58:22.263, 111.98, 1695, 150.00, 0, 63
2026/10/02 10:58:22.464, 96.79, 1455, 150.00, 0, 63
2026/10/02 10:58:22.665, 96.06, 780, 150.00, 100, 66
2026/10/02 10:58:22.865, 100.53, 1005, 150.00, 64, 65
2026/10/02 10:58:23.066, 112.80, 1650, 150.00, 23, 64
2026/10/02 10:58:23.266, 133.54, 780, 150.00, 100, 66
2026/10/02 10:58:23.467, 145.31, 645, 150.00, 20, 66
2026/10/02 10:58:23.668, 137.31, 1680, 150.00, 0, 64
2026/10/02 10:58:23.868, 127.44, 915, 150.00, 8, 65
2026/10/02 10:58:24.068, 113.61, 1635, 150.00, 35, 64
2026/10/02 10:58:24.269, 100.71, 1680, 150.00, 0, 64
2026/10/02 10:58:24.469, 108.94, 780, 150.00, 100, 66
2026/10/02 10:58:24.670, 96.59, 1680, 150.00, 0, 64
2026/10/02 10:58:24.870, 95.82, 1515, 150.00, 58, 64
2026/10/02 10:58:25.071, 103.92, 660, 150.00, 48, 66
2026/10/02 10:58:25.271, 118.29, 585, 150.00, 24, 65
2026/10/02 10:58:25.472, 110.04, 1680, 150.00, 0, 64
2026/10/02 10:58:25.672, 125.22, 780, 150.00, 100, 65
2026/10/02 10:58:25.873, 131.91, 765, 150.00, 75, 65
2026/10/02 10:58:26.073, 137.24, 780, 150.00, 100, 66
2026/10/02 10:58:26.274, 141.40, 720, 150.00, 17, 66
2026/10/02 10:58:26.475, 134.51, 1635, 150.00, 36, 65
2026/10/02 10:58:26.675, 131.51, 750, 150.00, 82, 66
2026/10/02 10:58:26.876, 131.82, 1665, 150.00, 21, 65
2026/10/02 10:58:27.076, 116.88, 1680, 150.00, 0, 64
2026/10/02 10:58:27.277, 108.20, 795, 150.00, 91, 65
2026/10/02 10:58:27.477, 100.84, 1635, 150.00, 34, 65
2026/10/02 10:58:27.678, 99.75, 1680, 150.00, 0, 64
2026/10/02 10:58:27.878, 82.61, 1695, 150.00, 0, 64
2026/10/02 10:58:28.079, 92.52, 1005, 150.00, 55, 65
2026/10/02 10:58:28.279, 91.50, 1500, 150.00, 58, 64
2026/10/02 10:58:28.480, 82.11, 1275, 150.00, 57, 65
2026/10/02 10:58:28.680, 94.34, 1650, 150.00, 23, 64
2026/10/02 10:58:28.881, 94.34, 1680, 150.00, 0, 64
2026/10/02 10:58:29.082, 101.63, 795, 150.00, 100, 65
2026/10/02 10:58:29.282, 95.49, 1425, 150.00, 62, 64
2026/10/02 10:58:29.482, 93.25, 1350, 150.00, 0, 65
2026/10/02 10:58:29.684, 92.74, 780, 150.00, 70, 66
2026/10/02 10:58:29.884, 99.71, 1650, 150.00, 100, 65
2026/10/02 10:58:30.085, 92.39, 1680, 150.00, 0, 64
2026/10/02 10:58:30.285, 95.30, 1680, 150.00, 60, 64
2026/10/02 10:58:30.486, 103.39, 1665, 150.00, 53, 64
2026/10/02 10:58:30.687, 110.61, 645, 150.00, 61, 65
2026/10/02 10:58:30.887, 94.08, 1485, 150.00, 40, 65
2026/10/02 10:58:31.088, 108.25, 1650, 150.00, 34, 64
2026/10/02 10:58:31.288, 104.16, 1680, 150.00, 0, 64
2026/10/02 10:58:31.489, 109.32, 765, 150.00, 71, 66
2026/10/02 10:58:31.689, 114.88, 750, 150.00, 53, 66
2026/10/02 10:58:31.890, 112.36, 1650, 150.00, 90, 65
2026/10/02 10:58:32.090, 118.06, 780, 150.00, 40, 66
2026/10/02 10:58:32.291, 129.57, 1155, 150.00, 85, 66
2026/10/02 10:58:32.491, 137.66, 765, 150.00, 71, 66
2026/10/02 10:58:32.692, 139.88, 1620, 150.00, 86, 65
2026/10/02 10:58:32.893, 143.02, 780, 150.00, 42, 66
2026/10/02 10:58:33.093, 146.86, 780, 150.00, 100, 67
2026/10/02 10:58:33.294, 152.73, 750, 150.00, 100, 67
2026/10/02 10:58:33.494, 142.69, 1485, 150.00, 92, 66
2026/10/02 10:58:33.695, 145.68, 855, 150.00, 50, 66
2026/10/02 10:58:33.896, 141.40, 1665, 150.00, 79, 65
2026/10/02 10:58:34.096, 126.29, 1680, 150.00, 0, 64
2026/10/02 10:58:34.297, 120.67, 960, 150.00, 0, 65
2026/10/02 10:58:34.497, 115.86, 1665, 150.00, 59, 65
2026/10/02 10:58:34.698, 127.37, 780, 150.00, 29, 66
2026/10/02 10:58:34.898, 125.33, 780, 150.00, 100, 67
2026/10/02 10:58:35.099, 141.01, 780, 150.00, 100, 67
2026/10/02 10:58:35.299, 156.26, 765, 150.00, 100, 67
2026/10/02 10:58:35.500, 149.90, 720, 150.00, 100, 67
2026/10/02 10:58:35.701, 142.34, 1440, 150.00, 50, 67
2026/10/02 10:58:35.901, 153.15, 720, 150.00, 34, 67
2026/10/02 10:58:36.102, 140.84, 600, 150.00, 36, 66
2026/10/02 10:58:36.303, 131.47, 780, 150.00, 54, 66
2026/10/02 10:58:36.503, 124.44, 1635, 150.00, 100, 66
2026/10/02 10:58:36.704, 118.75, 1125, 150.00, 0, 65
2026/10/02 10:58:36.904, 111.64, 765, 150.00, 79, 67
2026/10/02 10:58:37.105, 117.79, 780, 150.00, 87, 67
2026/10/02 10:58:37.305, 130.09, 780, 150.00, 100, 67
2026/10/02 10:58:37.506, 117.96, 1005, 150.00, 60, 66
2026/10/02 10:58:37.707, 123.28, 615, 150.00, 60, 66
2026/10/02 10:58:37.907, 122.87, 1665, 150.00, 100, 66
2026/10/02 10:58:38.108, 105.65, 1680, 150.00, 0, 65
2026/10/02 10:58:38.308, 90.50, 1695, 150.00, 0, 65
2026/10/02 10:58:38.509, 79.62, 1695, 150.00, 0, 64
2026/10/02 10:58:38.709, 78.99, 1575, 150.00, 4, 65
2026/10/02 10:58:38.910, 89.56, 1065, 150.00, 32, 66
2026/10/02 10:58:39.110, 94.60, 1500, 150.00, 8, 65
2026/10/02 10:58:39.311, 95.76, 1545, 150.00, 0, 66
2026/10/02 10:58:39.511, 102.05, 810, 150.00, 0, 66
2026/10/02 10:58:39.712, 103.08, 570, 150.00, 56, 66
2026/10/02 10:58:39.912, 104.74, 795, 150.00, 100, 67
2026/10/02 10:58:40.113, 113.13, 795, 150.00, 100, 67
2026/10/02 10:58:40.314, 115.66, 645, 150.00, 100, 66
2026/10/02 10:58:40.514, 113.44, 1680, 150.00, 62, 65
2026/10/02 10:58:40.715, 116.23, 750, 150.00, 58, 65
2026/10/02 10:58:40.916, 113.98, 795, 150.00, 62, 67
2026/10/02 10:58:41.116, 97.75, 1680, 150.00, 45, 65
2026/10/02 10:58:41.317, 104.74, 780, 150.00, 30, 67
2026/10/02 10:58:41.517, 111.90, 1680, 150.00, 93, 65
2026/10/02 10:58:41.718, 103.15, 1680, 150.00, 0, 65
2026/10/02 10:58:41.919, 111.01, 780, 150.00, 4, 66
2026/10/02 10:58:42.119, 119.98, 780, 150.00, 100, 67
2026/10/02 10:58:42.320, 115.38, 780, 150.00, 80, 67
2026/10/02 10:58:42.520, 117.07, 795, 150.00, 100, 67
2026/10/02 10:58:42.721, 130.33, 780, 150.00, 100, 67
2026/10/02 10:58:42.921, 136.24, 1545, 150.00, 100, 66
2026/10/02 10:58:43.122, 136.90, 780, 150.00, 70, 67
2026/10/02 10:58:43.323, 133.38, 930, 150.00, 100, 66
2026/10/02 10:58:43.523, 118.57, 1680, 150.00, 60, 66
2026/10/02 10:58:43.724, 116.93, 1650, 150.00, 32, 65
2026/10/02 10:58:43.924, 121.46, 780, 150.00, 56, 67
2026/10/02 10:58:44.125, 114.48, 1680, 150.00, 66, 65
2026/10/02 10:58:44.325, 113.96, 735, 150.00, 0, 66
2026/10/02 10:58:44.526, 125.99, 1095, 150.00, 35, 66
2026/10/02 10:58:44.726, 111.07, 1680, 150.00, 22, 65
2026/10/02 10:58:44.927, 123.68, 780, 150.00, 24, 66
2026/10/02 10:58:45.127, 131.93, 780, 150.00, 100, 67
2026/10/02 10:58:45.328, 147.25, 990, 150.00, 100, 67
2026/10/02 10:58:45.529, 152.51, 1260, 150.00, 91, 67
2026/10/02 10:58:45.729, 152.46, 1245, 150.00, 12, 67
2026/10/02 10:58:45.930, 137.81, 1680, 150.00, 14, 65
2026/10/02 10:58:46.130, 138.16, 690, 150.00, 0, 66
2026/10/02 10:58:46.331, 137.85, 795, 150.00, 100, 67
2026/10/02 10:58:46.531, 137.63, 795, 150.00, 100, 67
2026/10/02 10:58:46.732, 133.74, 1665, 150.00, 100, 66
2026/10/02 10:58:46.932, 122.27, 1680, 150.00, 0, 65
2026/10/02 10:58:47.133, 143.75, 810, 150.00, 24, 67
2026/10/02 10:58:47.334, 139.40, 765, 150.00, 98, 67
2026/10/02 10:58:47.534, 140.13, 780, 150.00, 95, 67
2026/10/02 10:58:47.735, 127.80, 1680, 150.00, 87, 66
2026/10/02 10:58:47.936, 135.60, 1680, 150.00, 61, 66
2026/10/02 10:58:48.136, 121.45, 1680, 150.00, 0, 65
2026/10/02 10:58:48.337, 109.71, 1515, 150.00, 0, 66
2026/10/02 10:58:48.537, 92.34, 1680, 150.00, 0, 65
2026/10/02 10:58:48.738, 93.70, 1620, 150.00, 24, 65
2026/10/02 10:58:48.938, 102.02, 735, 150.00, 9, 67
2026/10/02 10:58:49.139, 117.46, 795, 150.00, 100, 67
2026/10/02 10:58:49.339, 132.71, 780, 150.00, 100, 67
2026/10/02 10:58:49.540, 144.75, 795, 150.00, 100, 68
2026/10/02 10:58:49.740, 143.93, 645, 150.00, 100, 67
2026/10/02 10:58:49.941, 152.97, 765, 150.00, 100, 67
2026/10/02 10:58:50.141, 150.77, 795, 150.00, 100, 68
2026/10/02 10:58:50.342, 150.58, 780, 150.00, 100, 68
2026/10/02 10:58:50.542, 150.38, 675, 150.00, 100, 68
2026/10/02 10:58:50.743, 148.44, 720, 150.00, 100, 68
2026/10/02 10:58:50.944, 141.87, 1665, 150.00, 100, 66
2026/10/02 10:58:51.144, 127.14, 1680, 150.00, 0, 66
2026/10/02 10:58:51.345, 112.52, 1695, 150.00, 0, 65
2026/10/02 10:58:51.545, 97.66, 1695, 150.00, 0, 65
2026/10/02 10:58:51.746, 83.91, 1695, 150.00, 0, 65
2026/10/02 10:58:51.946, 80.47, 990, 150.00, 0, 65
2026/10/02 10:58:52.147, 79.59, 1035, 150.00, 69, 65
2026/10/02 10:58:52.347, 79.98, 1680, 150.00, 61, 65
2026/10/02 10:58:52.548, 97.44, 1320, 150.00, 49, 66
2026/10/02 10:58:52.749, 108.39, 1665, 150.00, 44, 66
2026/10/02 10:58:52.949, 108.28, 1455, 150.00, 0, 65
2026/10/02 10:58:53.150, 102.14, 690, 150.00, 57, 65
2026/10/02 10:58:53.350, 100.70, 1680, 150.00, 60, 65
2026/10/02 10:58:53.551, 102.07, 1650, 150.00, 23, 65
2026/10/02 10:58:53.752, 92.00, 1665, 150.00, 61, 65
2026/10/02 10:58:53.952, 103.79, 1665, 150.00, 48, 65
2026/10/02 10:58:54.153, 110.13, 1680, 150.00, 57, 65
2026/10/02 10:58:54.353, 111.17, 1680, 150.00, 0, 65
2026/10/02 10:58:54.554, 105.50, 795, 150.00, 0, 66
2026/10/02 10:58:54.754, 99.66, 630, 150.00, 81, 66
2026/10/02 10:58:54.955, 100.58, 630, 150.00, 86, 66
2026/10/02 10:58:55.155, 106.24, 780, 150.00, 100, 67
2026/10/02 10:58:55.356, 117.25, 780, 150.00, 100, 68
2026/10/02 10:58:55.557, 132.21, 1245, 150.00, 100, 68
2026/10/02 10:58:55.757, 147.22, 1095, 150.00, 47, 68
2026/10/02 10:58:55.958, 151.67, 720, 150.00, 24, 67
2026/10/02 10:58:56.158, 155.55, 780, 150.00, 100, 67
2026/10/02 10:58:56.359, 155.53, 1245, 150.00, 100, 68
2026/10/02 10:58:56.559, 152.40, 600, 150.00, 20, 67
2026/10/02 10:58:56.760, 145.34, 795, 150.00, 100, 67
2026/10/02 10:58:56.960, 150.75, 795, 150.00, 100, 68
2026/10/02 10:58:57.161, 145.12, 780, 150.00, 100, 68
2026/10/02 10:58:57.361, 145.01, 420, 150.00, 100, 68
2026/10/02 10:58:57.562, 150.91, 765, 150.00, 100, 68
2026/10/02 10:58:57.762, 147.48, 1095, 150.00, 45, 67
2026/10/02 10:58:57.963, 138.41, 795, 150.00, 25, 67
2026/10/02 10:58:58.164, 138.41, 780, 150.00, 100, 68
2026/10/02 10:58:58.364, 136.94, 780, 150.00, 95, 68
2026/10/02 10:58:58.565, 144.15, 1305, 150.00, 72, 68
2026/10/02 10:58:58.765, 149.81, 1620, 150.00, 37, 67
2026/10/02 10:58:58.966, 151.52, 1380, 150.00, 53, 67
2026/10/02 10:58:59.166, 146.17, 1680, 150.00, 53, 66
2026/10/02 10:58:59.367, 144.06, 645, 150.00, 0, 67
2026/10/02 10:58:59.567, 141.12, 1035, 150.00, 79, 67
2026/10/02 10:58:59.768, 125.76, 1500, 150.00, 77, 67
2026/10/02 10:58:59.969, 141.13, 675, 150.00, 39, 68
2026/10/02 10:59:00.169, 134.05, 795, 150.00, 37, 68
2026/10/02 10:59:00.370, 142.33, 1665, 150.00, 90, 67
2026/10/02 10:59:00.570, 131.53, 750, 150.00, 0, 67
2026/10/02 10:59:00.771, 134.24, 780, 150.00, 100, 68
2026/10/02 10:59:00.972, 128.51, 1650, 150.00, 100, 67
2026/10/02 10:59:01.172, 117.76, 1365, 150.00, 0, 66
2026/10/02 10:59:01.373, 109.12, 1530, 150.00, 73, 67
2026/10/02 10:59:01.573, 111.27, 1545, 150.00, 0, 67
2026/10/02 10:59:01.774, 106.60, 1095, 150.00, 0, 67
2026/10/02 10:59:01.974, 90.79, 1680, 150.00, 22, 66
2026/10/02 10:59:02.175, 98.06, 810, 150.00, 0, 67
2026/10/02 10:59:02.376, 105.64, 795, 150.00, 100, 68
2026/10/02 10:59:02.576, 121.53, 780, 150.00, 100, 68
2026/10/02 10:59:02.777, 126.80, 780, 150.00, 61, 68
2026/10/02 10:59:02.977, 127.99, 795, 150.00, 100, 68
2026/10/02 10:59:03.178, 143.27, 780, 150.00, 100, 68
2026/10/02 10:59:03.378, 135.86, 1635, 150.00, 100, 67
2026/10/02 10:59:03.579, 143.30, 960, 150.00, 38, 68
2026/10/02 10:59:03.779, 144.00, 1425, 150.00, 11, 68
2026/10/02 10:59:03.980, 128.65, 705, 150.00, 0, 66
2026/10/02 10:59:04.180, 120.96, 1455, 150.00, 62, 67
2026/10/02 10:59:04.381, 116.93, 1650, 150.00, 42, 66
2026/10/02 10:59:04.582, 123.63, 1200, 150.00, 44, 68
2026/10/02 10:59:04.782, 114.82, 1680, 150.00, 2, 66
2026/10/02 10:59:04.982, 107.47, 1695, 150.00, 0, 66
2026/10/02 10:59:05.183, 108.07, 1695, 150.00, 0, 65
2026/10/02 10:59:05.384, 102.35, 1665, 150.00, 24, 66
2026/10/02 10:59:05.584, 106.16, 810, 150.00, 0, 67
2026/10/02 10:59:05.785, 97.94, 1680, 150.00, 33, 66
2026/10/02 10:59:05.985, 109.79, 1245, 150.00, 0, 67
2026/10/02 10:59:06.186, 117.10, 810, 150.00, 13, 67
2026/10/02 10:59:06.386, 118.26, 795, 150.00, 100, 68
2026/10/02 10:59:06.587, 134.30, 795, 150.00, 100, 68
2026/10/02 10:59:06.787, 135.37, 780, 150.00, 100, 68
2026/10/02 10:59:06.988, 147.95, 735, 150.00, 100, 68
2026/10/02 10:59:07.188, 150.38, 780, 150.00, 100, 68
2026/10/02 10:59:07.389, 150.18, 780, 150.00, 100, 68
2026/10/02 10:59:07.590, 150.12, 780, 150.00, 100, 68
2026/10/02 10:59:07.791, 149.13, 690, 150.00, 100, 68
2026/10/02 10:59:07.991, 150.25, 750, 150.00, 100, 68
2026/10/02 10:59:08.192, 150.19, 750, 150.00, 100, 68
2026/10/02 10:59:08.393, 150.16, 780, 150.00, 100, 68
2026/10/02 10:59:08.593, 150.06, 750, 150.00, 100, 69
2026/10/02 10:59:08.794, 149.20, 720, 150.00, 100, 69
2026/10/02 10:59:08.994, 149.79, 750, 150.00, 100, 69
2026/10/02 10:59:09.195, 150.04, 750, 150.00, 100, 69
2026/10/02 10:59:09.396, 150.26, 780, 150.00, 100, 69
2026/10/02 10:59:09.596, 150.37, 735, 150.00, 100, 69
2026/10/02 10:59:09.797, 149.68, 720, 150.00, 100, 69
2026/10/02 10:59:09.997, 149.83, 735, 150.00, 100, 69
2026/10/02 10:59:10.198, 149.93, 750, 150.00, 100, 69
2026/10/02 10:59:10.399, 150.20, 765, 150.00, 100, 69
2026/10/02 10:59:10.599, 149.99, 735, 150.00, 100, 69
2026/10/02 10:59:10.800, 149.58, 735, 150.00, 100, 69
2026/10/02 10:59:11.000, 149.71, 735, 150.00, 100, 69
2026/10/02 10:59:11.201, 149.92, 750, 150.00, 100, 69
2026/10/02 10:59:11.402, 150.17, 765, 150.00, 100, 69
2026/10/02 10:59:11.602, 149.82, 735, 150.00, 100, 69
2026/10/02 10:59:11.803, 149.67, 720, 150.00, 100, 69
2026/10/02 10:59:12.004, 149.78, 735, 150.00, 100, 69
2026/10/02 10:59:12.204, 149.94, 750, 150.00, 100, 69
2026/10/02 10:59:12.405, 149.98, 750, 150.00, 100, 69
2026/10/02 10:59:12.605, 149.63, 750, 150.00, 100, 69
2026/10/02 10:59:12.806, 149.66, 720, 150.00, 100, 69
2026/10/02 10:59:13.006, 149.80, 735, 150.00, 100, 69
2026/10/02 10:59:13.207, 149.85, 750, 150.00, 100, 69
2026/10/02 10:59:13.408, 149.93, 750, 150.00, 100, 70
2026/10/02 10:59:13.608, 149.85, 735, 150.00, 100, 70
2026/10/02 10:59:13.809, 149.83, 735, 150.00, 100, 70
2026/10/02 10:59:14.010, 149.87, 735, 150.00, 100, 70
2026/10/02 10:59:14.210, 149.99, 750, 150.00, 100, 70
2026/10/02 10:59:14.411, 150.05, 735, 150.00, 100, 70
2026/10/02 10:59:14.611, 149.91, 735, 150.00, 100, 70
2026/10/02 10:59:14.812, 149.82, 735, 150.00, 100, 70
2026/10/02 10:59:15.013, 149.77, 735, 150.00, 100, 70
2026/10/02 10:59:15.213, 142.21, 1680, 150.00, 13, 68
2026/10/02 10:59:15.414, 134.56, 795, 150.00, 84, 69
2026/10/02 10:59:15.614, 135.93, 1140, 150.00, 90, 70
2026/10/02 10:59:15.815, 139.73, 765, 150.00, 100, 70
2026/10/02 10:59:16.015, 132.13, 1545, 150.00, 65, 69
2026/10/02 10:59:16.216, 124.82, 795, 150.00, 100, 69
2026/10/02 10:59:16.416, 142.54, 780, 150.00, 100, 70
2026/10/02 10:59:16.617, 133.30, 1680, 150.00, 0, 68
2026/10/02 10:59:16.818, 121.99, 1635, 150.00, 52, 68
2026/10/02 10:59:17.018, 127.99, 780, 150.00, 100, 69
2026/10/02 10:59:17.219, 143.58, 765, 150.00, 100, 70
2026/10/02 10:59:17.419, 142.13, 780, 150.00, 100, 70
2026/10/02 10:59:17.620, 138.81, 720, 150.00, 85, 70
2026/10/02 10:59:17.820, 140.30, 690, 150.00, 15, 69
2026/10/02 10:59:18.021, 141.89, 780, 150.00, 100, 70
2026/10/02 10:59:18.222, 142.38, 780, 150.00, 100, 70
2026/10/02 10:59:18.422, 142.39, 765, 150.00, 100, 70
2026/10/02 10:59:18.623, 138.29, 1605, 150.00, 68, 69
2026/10/02 10:59:18.823, 151.05, 720, 150.00, 26, 70
2026/10/02 10:59:19.024, 148.35, 780, 150.00, 100, 70
2026/10/02 10:59:19.224, 148.33, 765, 150.00, 100, 70
2026/10/02 10:59:19.425, 140.08, 645, 150.00, 21, 70
2026/10/02 10:59:19.626, 139.18, 720, 150.00, 64, 70
2026/10/02 10:59:19.826, 150.34, 765, 150.00, 100, 70
2026/10/02 10:59:20.027, 144.19, 780, 150.00, 100, 70
2026/10/02 10:59:20.227, 144.30, 450, 150.00, 100, 70
2026/10/02 10:59:20.428, 141.61, 585, 150.00, 100, 70
2026/10/02 10:59:20.628, 149.12, 750, 150.00, 100, 70
2026/10/02 10:59:20.829, 149.41, 765, 150.00, 100, 70
2026/10/02 10:59:21.030, 149.32, 765, 150.00, 100, 70
2026/10/02 10:59:21.230, 148.18, 720, 150.00, 100, 70
2026/10/02 10:59:21.431, 149.06, 720, 150.00, 100, 70
2026/10/02 10:59:21.631, 153.42, 765, 150.00, 58, 70
2026/10/02 10:59:21.832, 153.71, 765, 150.00, 100, 70
2026/10/02 10:59:22.033, 153.80, 765, 150.00, 100, 70
2026/10/02 10:59:22.233, 153.77, 720, 150.00, 100, 71
2026/10/02 10:59:22.434, 153.73, 735, 150.00, 100, 70
2026/10/02 10:59:22.634, 154.52, 750, 150.00, 100, 70
2026/10/02 10:59:22.835, 151.12, 750, 150.00, 100, 71
2026/10/02 10:59:23.035, 151.01, 765, 150.00, 100, 71
2026/10/02 10:59:23.236, 150.65, 720, 150.00, 100, 71
2026/10/02 10:59:23.437, 149.73, 720, 150.00, 100, 71
2026/10/02 10:59:23.637, 149.99, 750, 150.00, 100, 71
2026/10/02 10:59:23.838, 150.26, 765, 150.00, 100, 71
2026/10/02 10:59:24.038, 150.22, 735, 150.00, 100, 71
2026/10/02 10:59:24.239, 149.62, 1350, 150.00, 100, 71
2026/10/02 10:59:24.440, 135.15, 1680, 150.00, 0, 69
2026/10/02 10:59:24.640, 133.32, 780, 150.00, 47, 70
2026/10/02 10:59:24.841, 126.36, 1125, 150.00, 2, 69
2026/10/02 10:59:25.041, 129.49, 780, 150.00, 52, 70
2026/10/02 10:59:25.242, 129.88, 765, 150.00, 100, 71
2026/10/02 10:59:25.443, 130.17, 1215, 150.00, 40, 69
2026/10/02 10:59:25.643, 146.36, 765, 150.00, 69, 70
2026/10/02 10:59:25.844, 134.18, 690, 150.00, 71, 71
2026/10/02 10:59:26.044, 140.65, 765, 150.00, 100, 71
2026/10/02 10:59:26.245, 138.56, 735, 150.00, 100, 71
2026/10/02 10:59:26.446, 136.90, 780, 150.00, 100, 71
2026/10/02 10:59:26.646, 143.52, 540, 150.00, 100, 71
2026/10/02 10:59:26.847, 141.77, 750, 150.00, 100, 71
2026/10/02 10:59:27.047, 150.03, 765, 150.00, 100, 71
2026/10/02 10:59:27.248, 149.33, 705, 150.00, 100, 71
2026/10/02 10:59:27.448, 149.40, 735, 150.00, 100, 71
2026/10/02 10:59:27.649, 148.71, 735, 150.00, 100, 71
2026/10/02 10:59:27.850, 149.86, 750, 150.00, 100, 71
2026/10/02 10:59:28.050, 150.03, 750, 150.00, 100, 71
2026/10/02 10:59:28.251, 149.32, 705, 150.00, 100, 71
2026/10/02 10:59:28.451, 149.74, 705, 150.00, 100, 71
2026/10/02 10:59:28.652, 149.76, 720, 150.00, 100, 71
2026/10/02 10:59:28.852, 150.11, 750, 150.00, 100, 71
2026/10/02 10:59:29.053, 150.17, 735, 150.00, 100, 71
2026/10/02 10:59:29.254, 149.84, 720, 150.00, 100, 71
2026/10/02 10:59:29.454, 150.01, 705, 150.00, 100, 71
2026/10/02 10:59:29.655, 150.01, 720, 150.00, 100, 71
2026/10/02 10:59:29.855, 150.15, 750, 150.00, 100, 71
2026/10/02 10:59:30.056, 150.14, 720, 150.00, 100, 72
2026/10/02 10:59:30.256, 149.62, 720, 150.00, 100, 72
2026/10/02 10:59:30.457, 149.60, 720, 150.00, 100, 72
2026/10/02 10:59:30.658, 149.66, 720, 150.00, 100, 72
2026/10/02 10:59:30.858, 149.86, 735, 150.00, 100, 72
2026/10/02 10:59:31.059, 149.81, 720, 150.00, 100, 72
2026/10/02 10:59:31.259, 149.72, 720, 150.00, 100, 72
2026/10/02 10:59:31.460, 149.80, 720, 150.00, 100, 72
2026/10/02 10:59:31.661, 149.75, 735, 150.00, 100, 72
2026/10/02 10:59:31.861, 149.97, 735, 150.00, 100, 72
2026/10/02 10:59:32.062, 149.88, 720, 150.00, 100, 72
2026/10/02 10:59:32.262, 149.70, 720, 150.00, 100, 72
2026/10/02 10:59:32.463, 149.73, 705, 150.00, 100, 72
2026/10/02 10:59:32.663, 149.65, 735, 150.00, 100, 72
2026/10/02 10:59:32.864, 149.65, 735, 150.00, 100, 72
2026/10/02 10:59:33.065, 149.57, 1230, 150.00, 100, 72
2026/10/02 10:59:33.265, 143.98, 1515, 150.00, 55, 72
2026/10/02 10:59:33.466, 151.29, 765, 150.00, 100, 72
2026/10/02 10:59:33.666, 147.69, 1095, 150.00, 86, 71
2026/10/02 10:59:33.867, 153.28, 765, 150.00, 51, 72
2026/10/02 10:59:34.067, 153.90, 750, 150.00, 100, 72
2026/10/02 10:59:34.268, 162.57, 765, 150.00, 100, 72
2026/10/02 10:59:34.468, 153.90, 750, 150.00, 100, 72
2026/10/02 10:59:34.669, 152.73, 735, 150.00, 100, 72
2026/10/02 10:59:34.869, 155.93, 750, 150.00, 100, 72
2026/10/02 10:59:35.070, 151.90, 750, 150.00, 100, 72
2026/10/02 10:59:35.271, 151.80, 750, 150.00, 100, 72
2026/10/02 10:59:35.471, 151.47, 705, 150.00, 100, 72
2026/10/02 10:59:35.672, 150.75, 1455, 150.00, 100, 72
2026/10/02 10:59:35.872, 143.00, 975, 150.00, 99, 72
2026/10/02 10:59:36.073, 145.91, 1395, 150.00, 100, 72
2026/10/02 10:59:36.273, 140.40, 1515, 150.00, 54, 72
2026/10/02 10:59:36.474, 145.98, 765, 150.00, 100, 72
2026/10/02 10:59:36.674, 146.95, 765, 150.00, 100, 72
2026/10/02 10:59:36.875, 155.63, 750, 150.00, 100, 72
2026/10/02 10:59:37.076, 152.99, 780, 150.00, 100, 72
2026/10/02 10:59:37.276, 160.73, 705, 150.00, 100, 72
2026/10/02 10:59:37.477, 137.05, 1650, 150.00, 64, 71
2026/10/02 10:59:37.677, 124.99, 720, 150.00, 63, 71
2026/10/02 10:59:37.878, 124.81, 750, 150.00, 100, 72
2026/10/02 10:59:38.078, 124.74, 750, 150.00, 100, 72
2026/10/02 10:59:38.279, 122.66, 750, 150.00, 100, 72
2026/10/02 10:59:38.479, 129.65, 660, 150.00, 100, 72
2026/10/02 10:59:38.680, 143.92, 735, 150.00, 100, 72
2026/10/02 10:59:38.880, 148.95, 750, 150.00, 100, 72
2026/10/02 10:59:39.081, 148.86, 735, 150.00, 100, 73
2026/10/02 10:59:39.282, 148.87, 645, 150.00, 100, 73
2026/10/02 10:59:39.482, 146.96, 690, 150.00, 100, 72
2026/10/02 10:59:39.683, 142.05, 1650, 150.00, 66, 71
2026/10/02 10:59:39.883, 134.48, 1005, 150.00, 98, 72
2026/10/02 10:59:40.084, 125.49, 765, 150.00, 90, 72
2026/10/02 10:59:40.284, 125.65, 750, 150.00, 100, 72
2026/10/02 10:59:40.485, 126.73, 750, 150.00, 100, 73
2026/10/02 10:59:40.686, 126.45, 750, 150.00, 100, 72
2026/10/02 10:59:40.886, 138.95, 720, 150.00, 100, 72
2026/10/02 10:59:41.087, 147.74, 750, 150.00, 100, 73
2026/10/02 10:59:41.287, 144.02, 750, 150.00, 88, 73
2026/10/02 10:59:41.488, 144.25, 1335, 150.00, 100, 73
2026/10/02 10:59:41.688, 140.17, 1665, 150.00, 39, 71
2026/10/02 10:59:41.889, 142.55, 765, 150.00, 100, 72
2026/10/02 10:59:42.089, 137.95, 570, 150.00, 18, 71
2026/10/02 10:59:42.290, 140.85, 765, 150.00, 100, 72
2026/10/02 10:59:42.490, 141.32, 750, 150.00, 100, 73
2026/10/02 10:59:42.691, 137.08, 750, 150.00, 100, 73
2026/10/02 10:59:42.892, 143.98, 465, 150.00, 100, 73
2026/10/02 10:59:43.092, 140.92, 720, 150.00, 100, 72
2026/10/02 10:59:43.293, 149.19, 750, 150.00, 100, 73
2026/10/02 10:59:43.493, 149.06, 750, 150.00, 100, 73
2026/10/02 10:59:43.694, 149.11, 750, 150.00, 100, 73
2026/10/02 10:59:43.894, 147.87, 675, 150.00, 100, 73
2026/10/02 10:59:44.095, 149.59, 705, 150.00, 100, 73
2026/10/02 10:59:44.296, 150.03, 735, 150.00, 100, 73
2026/10/02 10:59:44.496, 149.94, 750, 150.00, 100, 73
2026/10/02 10:59:44.697, 149.55, 675, 150.00, 100, 73
2026/10/02 10:59:44.898, 149.37, 690, 150.00, 100, 73
2026/10/02 10:59:45.098, 150.05, 1530, 150.00, 100, 73
2026/10/02 10:59:45.299, 135.99, 1680, 150.00, 5, 71
2026/10/02 10:59:45.500, 121.64, 1635, 150.00, 0, 71
2026/10/02 10:59:45.700, 120.87, 1680, 150.00, 30, 71
2026/10/02 10:59:45.901, 107.83, 1680, 150.00, 0, 70
2026/10/02 10:59:46.101, 94.90, 960, 150.00, 0, 70
2026/10/02 10:59:46.302, 93.83, 630, 150.00, 59, 71
2026/10/02 10:59:46.502, 107.23, 750, 150.00, 100, 72
2026/10/02 10:59:46.703, 107.35, 750, 150.00, 100, 72
2026/10/02 10:59:46.904, 122.76, 750, 150.00, 100, 73
2026/10/02 10:59:47.104, 136.84, 435, 150.00, 100, 73
2026/10/02 10:59:47.305, 142.86, 735, 150.00, 100, 72
2026/10/02 10:59:47.505, 150.40, 750, 150.00, 100, 73
2026/10/02 10:59:47.706, 150.30, 750, 150.00, 100, 73
2026/10/02 10:59:47.907, 150.17, 750, 150.00, 100, 73
2026/10/02 10:59:48.107, 148.97, 675, 150.00, 100, 73
2026/10/02 10:59:48.308, 149.99, 705, 150.00, 100, 73
2026/10/02 10:59:48.508, 150.29, 750, 150.00, 100, 73
2026/10/02 10:59:48.709, 150.40, 750, 150.00, 100, 73
2026/10/02 10:59:48.909, 150.25, 690, 150.00, 100, 73
2026/10/02 10:59:49.110, 149.06, 675, 150.00, 100, 73
2026/10/02 10:59:49.311, 149.82, 720, 150.00, 100, 73
2026/10/02 10:59:49.511, 150.14, 735, 150.00, 100, 73
2026/10/02 10:59:49.712, 150.18, 750, 150.00, 100, 73
2026/10/02 10:59:49.912, 149.92, 690, 150.00, 100, 73
2026/10/02 10:59:50.113, 149.47, 690, 150.00, 100, 73
2026/10/02 10:59:50.314, 149.76, 1215, 150.00, 100, 73
2026/10/02 10:59:50.514, 135.76, 1650, 150.00, 42, 72
2026/10/02 10:59:50.715, 139.98, 750, 150.00, 46, 73
2026/10/02 10:59:50.915, 140.13, 945, 150.00, 100, 73
2026/10/02 10:59:51.116, 142.58, 750, 150.00, 70, 73
2026/10/02 10:59:51.316, 143.89, 1575, 150.00, 100, 72
2026/10/02 10:59:51.517, 144.29, 750, 150.00, 5, 73
2026/10/02 10:59:51.717, 148.79, 750, 150.00, 100, 73
2026/10/02 10:59:51.918, 148.87, 750, 150.00, 100, 73
2026/10/02 10:59:52.119, 147.10, 1365, 150.00, 100, 73
2026/10/02 10:59:52.319, 133.77, 1605, 150.00, 27, 72
2026/10/02 10:59:52.520, 134.65, 1050, 150.00, 6, 73
2026/10/02 10:59:52.720, 137.79, 750, 150.00, 82, 73
2026/10/02 10:59:52.921, 130.25, 1680, 150.00, 94, 71
2026/10/02 10:59:53.122, 128.90, 1155, 150.00, 0, 73
2026/10/02 10:59:53.322, 127.06, 735, 150.00, 39, 72
2026/10/02 10:59:53.523, 136.18, 1305, 150.00, 75, 73
2026/10/02 10:59:53.723, 118.19, 1650, 150.00, 30, 71
2026/10/02 10:59:53.924, 117.91, 1185, 150.00, 0, 72
2026/10/02 10:59:54.124, 136.40, 765, 150.00, 77, 73
2026/10/02 10:59:54.325, 137.07, 840, 150.00, 80, 72
2026/10/02 10:59:54.525, 138.18, 1680, 150.00, 65, 71
2026/10/02 10:59:54.726, 130.86, 735, 150.00, 0, 72
2026/10/02 10:59:54.927, 146.17, 750, 150.00, 100, 73
2026/10/02 10:59:55.127, 137.75, 750, 150.00, 100, 73
2026/10/02 10:59:55.328, 135.13, 960, 150.00, 100, 73
2026/10/02 10:59:55.528, 121.91, 1680, 150.00, 52, 71
2026/10/02 10:59:55.729, 145.43, 960, 150.00, 32, 72
2026/10/02 10:59:55.930, 138.15, 630, 150.00, 48, 72
2026/10/02 10:59:56.130, 137.49, 750, 150.00, 100, 73
2026/10/02 10:59:56.331, 137.47, 750, 150.00, 100, 73
2026/10/02 10:59:56.531, 137.32, 1665, 150.00, 100, 72
2026/10/02 10:59:56.732, 123.06, 1680, 150.00, 0, 71
2026/10/02 10:59:56.932, 132.14, 750, 150.00, 13, 72
2026/10/02 10:59:57.133, 133.48, 1635, 150.00, 100, 72
2026/10/02 10:59:57.334, 130.91, 1680, 150.00, 22, 71
2026/10/02 10:59:57.534, 122.82, 750, 150.00, 0, 72
2026/10/02 10:59:57.735, 138.19, 1560, 150.00, 100, 73
2026/10/02 10:59:57.935, 127.98, 1680, 150.00, 21, 71
2026/10/02 10:59:58.136, 113.88, 1185, 150.00, 0, 70
2026/10/02 10:59:58.336, 105.96, 1680, 150.00, 37, 70
2026/10/02 10:59:58.537, 107.40, 660, 150.00, 0, 71
2026/10/02 10:59:58.737, 104.64, 735, 150.00, 63, 72
2026/10/02 10:59:58.938, 111.97, 705, 150.00, 100, 72
2026/10/02 10:59:59.138, 118.45, 1680, 150.00, 85, 71
2026/10/02 10:59:59.339, 111.86, 765, 150.00, 0, 72
2026/10/02 10:59:59.539, 127.40, 1350, 150.00, 85, 72
2026/10/02 10:59:59.740, 123.98, 720, 150.00, 44, 72
2026/10/02 10:59:59.941, 113.37, 810, 150.00, 100, 71
2026/10/02 11:00:00.141, 117.12, 750, 150.00, 48, 72
2026/10/02 11:00:00.342, 131.85, 750, 150.00, 100, 73
2026/10/02 11:00:00.542, 137.54, 750, 150.00, 100, 73
2026/10/02 11:00:00.743, 140.51, 450, 150.00, 100, 73
2026/10/02 11:00:00.943, 146.51, 720, 150.00, 100, 73
2026/10/02 11:00:01.144, 150.55, 750, 150.00, 100, 73
2026/10/02 11:00:01.345, 150.47, 735, 150.00, 100, 73
2026/10/02 11:00:01.545, 142.53, 1665, 150.00, 100, 72
2026/10/02 11:00:01.746, 140.58, 750, 150.00, 8, 73
2026/10/02 11:00:01.946, 134.60, 585, 150.00, 100, 71
2026/10/02 11:00:02.147, 127.77, 1680, 150.00, 63, 71
2026/10/02 11:00:02.348, 134.01, 750, 150.00, 25, 72
2026/10/02 11:00:02.548, 134.07, 750, 150.00, 100, 73
2026/10/02 11:00:02.749, 144.52, 750, 150.00, 100, 73
2026/10/02 11:00:02.949, 144.12, 585, 150.00, 100, 73
2026/10/02 11:00:03.150, 150.05, 705, 150.00, 100, 73
2026/10/02 11:00:03.350, 146.50, 615, 150.00, 88, 73
2026/10/02 11:00:03.551, 142.72, 1650, 150.00, 65, 72
2026/10/02 11:00:03.752, 148.28, 750, 150.00, 26, 73
2026/10/02 11:00:03.952, 148.21, 750, 150.00, 100, 73
2026/10/02 11:00:04.153, 149.27, 1470, 150.00, 100, 73
2026/10/02 11:00:04.353, 153.09, 765, 150.00, 36, 73
2026/10/02 11:00:04.554, 153.10, 750, 150.00, 100, 73
2026/10/02 11:00:04.755, 151.05, 750, 150.00, 100, 73
2026/10/02 11:00:04.955, 151.55, 750, 150.00, 100, 73
2026/10/02 11:00:05.156, 150.96, 705, 150.00, 100, 73
2026/10/02 11:00:05.356, 157.46, 735, 150.00, 100, 73
2026/10/02 11:00:05.557, 150.94, 1335, 150.00, 100, 73
2026/10/02 11:00:05.758, 148.60, 750, 150.00, 51, 73
2026/10/02 11:00:05.958, 148.49, 1590, 150.00, 100, 73
2026/10/02 11:00:06.158, 147.38, 750, 150.00, 14, 73
2026/10/02 11:00:06.359, 148.71, 750, 150.00, 100, 73
2026/10/02 11:00:06.560, 149.51, 750, 150.00, 100, 73
2026/10/02 11:00:06.760, 158.04, 750, 150.00, 100, 73
2026/10/02 11:00:06.961, 151.26, 735, 150.00, 100, 73
2026/10/02 11:00:07.161, 157.28, 720, 150.00, 100, 73
2026/10/02 11:00:07.362, 150.67, 750, 150.00, 100, 73
2026/10/02 11:00:07.563, 150.58, 735, 150.00, 100, 73
2026/10/02 11:00:07.763, 150.55, 675, 150.00, 100, 73
2026/10/02 11:00:07.964, 148.83, 1305, 150.00, 100, 73
2026/10/02 11:00:08.164, 135.55, 1680, 150.00, 52, 71
2026/10/02 11:00:08.365, 122.58, 945, 150.00, 0, 72
2026/10/02 11:00:08.565, 107.76, 1680, 150.00, 71, 71
2026/10/02 11:00:08.766, 102.31, 1605, 150.00, 0, 72
2026/10/02 11:00:08.966, 88.10, 930, 150.00, 2, 71
2026/10/02 11:00:09.167, 90.63, 750, 150.00, 70, 72
2026/10/02 11:00:09.367, 104.75, 750, 150.00, 100, 73
2026/10/02 11:00:09.568, 123.35, 750, 150.00, 94, 73
2026/10/02 11:00:09.768, 137.28, 750, 150.00, 100, 73
2026/10/02 11:00:09.969, 143.53, 750, 150.00, 100, 73
2026/10/02 11:00:10.170, 157.05, 750, 150.00, 100, 73
2026/10/02 11:00:10.370, 149.96, 1680, 150.00, 100, 72
2026/10/02 11:00:10.571, 143.64, 750, 150.00, 0, 73
2026/10/02 11:00:10.771, 138.31, 750, 150.00, 100, 73
2026/10/02 11:00:10.972, 138.27, 750, 150.00, 100, 73
2026/10/02 11:00:11.172, 138.32, 750, 150.00, 100, 73
2026/10/02 11:00:11.373, 135.25, 705, 150.00, 100, 73
2026/10/02 11:00:11.574, 141.11, 675, 150.00, 100, 73
2026/10/02 11:00:11.774, 141.07, 750, 150.00, 95, 73
2026/10/02 11:00:11.975, 141.35, 750, 150.00, 100, 73
2026/10/02 11:00:12.175, 141.33, 750, 150.00, 100, 73
2026/10/02 11:00:12.376, 133.11, 600, 150.00, 100, 72
2026/10/02 11:00:12.576, 129.18, 750, 150.00, 68, 73
2026/10/02 11:00:12.777, 138.29, 750, 150.00, 100, 73
2026/10/02 11:00:12.978, 130.78, 1155, 150.00, 100, 72
2026/10/02 11:00:13.178, 121.65, 750, 150.00, 59, 73
2026/10/02 11:00:13.379, 122.17, 750, 150.00, 100, 73
2026/10/02 11:00:13.579, 137.56, 750, 150.00, 100, 74
2026/10/02 11:00:13.780, 137.88, 630, 150.00, 100, 74
2026/10/02 11:00:13.981, 133.41, 705, 150.00, 100, 73
2026/10/02 11:00:14.181, 148.73, 735, 150.00, 100, 73
2026/10/02 11:00:14.382, 149.01, 750, 150.00, 100, 74
2026/10/02 11:00:14.582, 141.22, 645, 150.00, 100, 72
2026/10/02 11:00:14.783, 142.76, 750, 150.00, 54, 74
2026/10/02 11:00:14.984, 136.26, 630, 150.00, 100, 72
2026/10/02 11:00:15.184, 138.98, 750, 150.00, 74, 74
2026/10/02 11:00:15.385, 139.45, 690, 150.00, 100, 74
2026/10/02 11:00:15.585, 139.26, 750, 150.00, 100, 74
2026/10/02 11:00:15.786, 144.87, 405, 150.00, 100, 74
2026/10/02 11:00:15.986, 141.65, 720, 150.00, 100, 73
2026/10/02 11:00:16.187, 149.94, 750, 150.00, 100, 74
2026/10/02 11:00:16.387, 149.60, 720, 150.00, 100, 74
2026/10/02 11:00:16.588, 149.50, 1320, 150.00, 100, 74
2026/10/02 11:00:16.789, 145.41, 1545, 150.00, 51, 74
2026/10/02 11:00:16.989, 133.52, 930, 150.00, 20, 73
2026/10/02 11:00:17.189, 119.23, 690, 150.00, 60, 72
2026/10/02 11:00:17.390, 118.58, 750, 150.00, 100, 73
2026/10/02 11:00:17.591, 119.13, 750, 150.00, 100, 74
2026/10/02 11:00:17.791, 127.63, 750, 150.00, 100, 74
2026/10/02 11:00:17.992, 131.23, 570, 150.00, 100, 74
2026/10/02 11:00:18.192, 143.04, 720, 150.00, 100, 74
2026/10/02 11:00:18.393, 150.63, 735, 150.00, 100, 74
2026/10/02 11:00:18.593, 150.50, 750, 150.00, 100, 74
2026/10/02 11:00:18.794, 150.52, 750, 150.00, 100, 74
2026/10/02 11:00:18.994, 148.12, 660, 150.00, 100, 74
2026/10/02 11:00:19.195, 150.10, 705, 150.00, 100, 74
2026/10/02 11:00:19.396, 150.23, 735, 150.00, 100, 74
2026/10/02 11:00:19.596, 150.23, 735, 150.00, 100, 74
2026/10/02 11:00:19.797, 149.40, 675, 150.00, 100, 74
2026/10/02 11:00:19.997, 149.20, 675, 150.00, 100, 74
2026/10/02 11:00:20.198, 149.82, 720, 150.00, 100, 74
2026/10/02 11:00:20.398, 149.54, 720, 150.00, 100, 74
2026/10/02 11:00:20.599, 137.37, 600, 150.00, 100, 72
2026/10/02 11:00:20.799, 130.04, 1620, 150.00, 65, 74
2026/10/02 11:00:21.000, 117.31, 1140, 150.00, 0, 74
2026/10/02 11:00:21.200, 110.52, 600, 150.00, 61, 72
2026/10/02 11:00:21.401, 110.99, 750, 150.00, 76, 74
2026/10/02 11:00:21.602, 120.56, 1605, 150.00, 100, 74
2026/10/02 11:00:21.802, 126.96, 750, 150.00, 53, 74
2026/10/02 11:00:22.004, 142.02, 1650, 150.00, 82, 73
2026/10/02 11:00:22.204, 149.68, 735, 150.00, 100, 74
2026/10/02 11:00:22.405, 149.67, 735, 150.00, 100, 74
2026/10/02 11:00:22.605, 149.06, 750, 150.00, 100, 74
2026/10/02 11:00:22.806, 152.82, 540, 150.00, 100, 74
2026/10/02 11:00:23.007, 157.57, 705, 150.00, 100, 74
2026/10/02 11:00:23.207, 150.73, 735, 150.00, 100, 74
2026/10/02 11:00:23.408, 152.14, 735, 150.00, 89, 74
2026/10/02 11:00:23.608, 152.08, 1605, 150.00, 100, 74
2026/10/02 11:00:23.809, 151.36, 750, 150.00, 100, 74
2026/10/02 11:00:24.010, 150.61, 735, 150.00, 100, 74
2026/10/02 11:00:24.210, 140.45, 615, 150.00, 0, 72
2026/10/02 11:00:24.411, 145.40, 750, 150.00, 100, 74
2026/10/02 11:00:24.611, 149.12, 750, 150.00, 100, 74
2026/10/02 11:00:24.812, 141.07, 1635, 150.00, 0, 73
2026/10/02 11:00:25.013, 127.16, 1680, 150.00, 0, 72
2026/10/02 11:00:25.213, 125.83, 585, 150.00, 64, 72
2026/10/02 11:00:25.414, 107.49, 975, 150.00, 61, 72
2026/10/02 11:00:25.614, 110.04, 750, 150.00, 100, 73
2026/10/02 11:00:25.815, 111.22, 690, 150.00, 82, 73
2026/10/02 11:00:26.016, 125.56, 750, 150.00, 100, 74
2026/10/02 11:00:26.216, 139.38, 735, 150.00, 100, 74
2026/10/02 11:00:26.417, 149.39, 750, 150.00, 100, 74
2026/10/02 11:00:26.617, 149.82, 585, 150.00, 100, 74
2026/10/02 11:00:26.818, 149.88, 735, 150.00, 100, 74
2026/10/02 11:00:27.018, 150.09, 735, 150.00, 100, 74
2026/10/02 11:00:27.219, 142.87, 840, 150.00, 75, 74
2026/10/02 11:00:27.420, 148.62, 1335, 150.00, 56, 74
2026/10/02 11:00:27.620, 148.94, 750, 150.00, 100, 74
2026/10/02 11:00:27.821, 150.06, 750, 150.00, 100, 74
2026/10/02 11:00:28.021, 135.83, 1665, 150.00, 0, 73
2026/10/02 11:00:28.222, 134.21, 1080, 150.00, 40, 72
2026/10/02 11:00:28.422, 132.23, 1605, 150.00, 18, 74
2026/10/02 11:00:28.623, 125.36, 555, 150.00, 61, 72
2026/10/02 11:00:28.823, 124.98, 1680, 150.00, 28, 72
2026/10/02 11:00:29.024, 129.12, 1680, 150.00, 18, 72
2026/10/02 11:00:29.225, 127.59, 1680, 150.00, 0, 72
2026/10/02 11:00:29.425, 107.01, 1665, 150.00, 0, 72
2026/10/02 11:00:29.626, 123.22, 735, 150.00, 100, 73
2026/10/02 11:00:29.826, 129.78, 1575, 150.00, 29, 73
2026/10/02 11:00:30.027, 115.29, 1680, 150.00, 1, 72
2026/10/02 11:00:30.227, 103.34, 1665, 150.00, 0, 72
2026/10/02 11:00:30.428, 104.65, 1680, 150.00, 0, 71
2026/10/02 11:00:30.628, 106.72, 1200, 150.00, 37, 71
2026/10/02 11:00:30.829, 106.38, 750, 150.00, 95, 73
2026/10/02 11:00:31.030, 101.37, 1680, 150.00, 0, 72
2026/10/02 11:00:31.230, 102.65, 1680, 150.00, 0, 71
2026/10/02 11:00:31.431, 102.86, 1695, 150.00, 0, 71
2026/10/02 11:00:31.631, 116.07, 1470, 150.00, 33, 72
2026/10/02 11:00:31.832, 95.74, 1680, 150.00, 0, 71
2026/10/02 11:00:32.032, 88.70, 945, 150.00, 64, 71
2026/10/02 11:00:32.233, 88.46, 1680, 150.00, 0, 71
2026/10/02 11:00:32.433, 86.98, 1125, 150.00, 61, 71
2026/10/02 11:00:32.633, 72.25, 1680, 150.00, 0, 71
2026/10/02 11:00:32.834, 72.62, 1665, 150.00, 0, 71
2026/10/02 11:00:33.034, 72.56, 1680, 150.00, 0, 71
2026/10/02 11:00:33.235, 76.28, 615, 150.00, 63, 70
2026/10/02 11:00:33.435, 86.39, 1410, 150.00, 40, 72
2026/10/02 11:00:33.636, 87.76, 1680, 150.00, 0, 71
2026/10/02 11:00:33.836, 88.41, 1695, 150.00, 0, 70
2026/10/02 11:00:34.037, 93.39, 615, 150.00, 64, 70
2026/10/02 11:00:34.237, 92.89, 1680, 150.00, 0, 70
2026/10/02 11:00:34.438, 78.90, 1680, 150.00, 0, 70
2026/10/02 11:00:34.639, 80.35, 1695, 150.00, 0, 70
2026/10/02 11:00:34.839, 83.34, 1035, 150.00, 70, 70
2026/10/02 11:00:35.040, 81.74, 1665, 150.00, 0, 70
2026/10/02 11:00:35.240, 76.06, 1665, 150.00, 0, 71
2026/10/02 11:00:35.441, 76.00, 1680, 150.00, 0, 70
2026/10/02 11:00:35.641, 87.66, 1365, 150.00, 43, 71
2026/10/02 11:00:35.842, 96.17, 1680, 150.00, 13, 70
2026/10/02 11:00:36.042, 92.93, 1680, 150.00, 0, 70
2026/10/02 11:00:36.243, 94.12, 1680, 150.00, 0, 70
2026/10/02 11:00:36.444, 94.36, 1695, 150.00, 0, 70
2026/10/02 11:00:36.644, 86.05, 1365, 150.00, 48, 71
2026/10/02 11:00:36.845, 107.76, 750, 150.00, 100, 71
2026/10/02 11:00:37.045, 99.78, 1680, 150.00, 0, 70
2026/10/02 11:00:37.246, 99.06, 930, 150.00, 58, 70
2026/10/02 11:00:37.447, 111.83, 1485, 150.00, 29, 71
2026/10/02 11:00:37.647, 105.59, 1680, 150.00, 0, 70
2026/10/02 11:00:37.848, 93.35, 1695, 150.00, 0, 69
2026/10/02 11:00:38.048, 95.98, 1350, 150.00, 43, 71
2026/10/02 11:00:38.249, 95.93, 1680, 150.00, 0, 70
2026/10/02 11:00:38.449, 81.98, 1305, 150.00, 60, 69
2026/10/02 11:00:38.650, 94.38, 1620, 150.00, 19, 71
2026/10/02 11:00:38.850, 93.34, 1335, 150.00, 62, 69
2026/10/02 11:00:39.051, 101.76, 705, 150.00, 76, 71
2026/10/02 11:00:39.252, 107.67, 1665, 150.00, 0, 71
2026/10/02 11:00:39.452, 107.69, 1680, 150.00, 0, 70
2026/10/02 11:00:39.652, 110.07, 720, 150.00, 32, 69
2026/10/02 11:00:39.853, 109.81, 1680, 150.00, 0, 70
2026/10/02 11:00:40.054, 99.53, 1680, 150.00, 0, 69
2026/10/02 11:00:40.254, 87.37, 1695, 150.00, 0, 69
2026/10/02 11:00:40.455, 87.78, 1695, 150.00, 0, 69
2026/10/02 11:00:40.655, 87.84, 1695, 150.00, 0, 69
2026/10/02 11:00:40.856, 87.84, 1695, 150.00, 0, 69
2026/10/02 11:00:41.056, 97.40, 1395, 150.00, 60, 70
2026/10/02 11:00:41.257, 107.39, 1545, 150.00, 41, 70
2026/10/02 11:00:41.458, 117.97, 600, 150.00, 48, 69
2026/10/02 11:00:41.658, 116.95, 1680, 150.00, 0, 69
2026/10/02 11:00:41.859, 120.15, 615, 150.00, 62, 69
2026/10/02 11:00:42.059, 111.92, 585, 150.00, 46, 69
2026/10/02 11:00:42.260, 121.28, 780, 150.00, 100, 71
2026/10/02 11:00:42.460, 129.52, 1665, 150.00, 0, 71
2026/10/02 11:00:42.661, 123.72, 915, 150.00, 57, 69
2026/10/02 11:00:42.861, 123.52, 1680, 150.00, 0, 70
2026/10/02 11:00:43.062, 116.69, 1680, 150.00, 0, 69
2026/10/02 11:00:43.262, 92.17, 1695, 150.00, 0, 69
2026/10/02 11:00:43.463, 78.29, 1695, 150.00, 0, 68
2026/10/02 11:00:43.664, 78.78, 1695, 150.00, 0, 68
2026/10/02 11:00:43.864, 78.78, 1695, 150.00, 0, 68
2026/10/02 11:00:44.065, 78.78, 1695, 150.00, 0, 68
2026/10/02 11:00:44.265, 118.80, 645, 150.00, 100, 68
2026/10/02 11:00:44.466, 125.41, 1650, 150.00, 1, 70
2026/10/02 11:00:44.667, 143.64, 630, 150.00, 33, 69
2026/10/02 11:00:44.867, 136.84, 1680, 150.00, 0, 69
2026/10/02 11:00:45.068, 127.85, 1680, 150.00, 0, 68
2026/10/02 11:00:45.268, 114.50, 600, 150.00, 50, 68
2026/10/02 11:00:45.469, 113.34, 1080, 150.00, 22, 68
2026/10/02 11:00:45.669, 107.84, 1680, 150.00, 0, 69
2026/10/02 11:00:45.870, 98.36, 945, 150.00, 63, 68
2026/10/02 11:00:46.070, 104.77, 1320, 150.00, 73, 70
2026/10/02 11:00:46.271, 104.55, 1680, 150.00, 0, 69
2026/10/02 11:00:46.471, 95.03, 1695, 150.00, 0, 68
2026/10/02 11:00:46.671, 83.61, 1695, 150.00, 0, 68
2026/10/02 11:00:46.872, 90.22, 750, 150.00, 95, 68
2026/10/02 11:00:47.072, 78.82, 1680, 150.00, 0, 68
2026/10/02 11:00:47.273, 85.76, 750, 150.00, 100, 68
2026/10/02 11:00:47.473, 84.38, 1680, 150.00, 0, 69
2026/10/02 11:00:47.674, 97.86, 765, 150.00, 34, 68
2026/10/02 11:00:47.874, 96.78, 1680, 150.00, 0, 68
2026/10/02 11:00:48.075, 98.82, 1650, 150.00, 5, 69
2026/10/02 11:00:48.276, 98.36, 1275, 150.00, 62, 69
2026/10/02 11:00:48.476, 105.14, 585, 150.00, 44, 68
2026/10/02 11:00:48.677, 108.07, 945, 150.00, 59, 68
2026/10/02 11:00:48.877, 100.32, 1665, 150.00, 0, 69
2026/10/02 11:00:49.078, 99.52, 1650, 150.00, 2, 70
2026/10/02 11:00:49.278, 107.89, 1650, 150.00, 6, 69
2026/10/02 11:00:49.479, 118.78, 1515, 150.00, 45, 70
2026/10/02 11:00:49.680, 107.39, 1680, 150.00, 0, 68
2026/10/02 11:00:49.880, 102.24, 1695, 150.00, 7, 68
2026/10/02 11:00:50.081, 93.48, 1680, 150.00, 0, 68
2026/10/02 11:00:50.281, 87.67, 1665, 150.00, 0, 69
2026/10/02 11:00:50.482, 84.06, 720, 150.00, 60, 68
2026/10/02 11:00:50.682, 84.93, 1680, 150.00, 0, 68
2026/10/02 11:00:50.883, 102.34, 705, 150.00, 70, 69
2026/10/02 11:00:51.083, 113.01, 1590, 150.00, 31, 70
2026/10/02 11:00:51.284, 122.32, 600, 150.00, 49, 68
2026/10/02 11:00:51.485, 122.00, 1680, 150.00, 1, 68
2026/10/02 11:00:51.685, 113.73, 1680, 150.00, 0, 68
2026/10/02 11:00:51.886, 113.24, 645, 150.00, 52, 68
2026/10/02 11:00:52.086, 90.88, 1680, 150.00, 0, 68
2026/10/02 11:00:52.287, 91.93, 1680, 150.00, 0, 68
2026/10/02 11:00:52.488, 84.32, 1665, 150.00, 0, 68
2026/10/02 11:00:52.688, 96.80, 1620, 150.00, 19, 69
2026/10/02 11:00:52.889, 88.94, 1680, 150.00, 2, 68
2026/10/02 11:00:53.089, 86.62, 1680, 150.00, 0, 68
2026/10/02 11:00:53.290, 90.38, 1680, 150.00, 7, 67
2026/10/02 11:00:53.491, 91.99, 1575, 150.00, 39, 69
2026/10/02 11:00:53.691, 80.12, 1680, 150.00, 0, 68
2026/10/02 11:00:53.892, 80.11, 1320, 150.00, 61, 67
2026/10/02 11:00:54.092, 105.42, 720, 150.00, 65, 69
2026/10/02 11:00:54.293, 105.11, 1170, 150.00, 60, 68
2026/10/02 11:00:54.493, 104.18, 1635, 150.00, 9, 69
2026/10/02 11:00:54.694, 105.27, 1680, 150.00, 0, 68
2026/10/02 11:00:54.894, 105.26, 1695, 150.00, 0, 67
2026/10/02 11:00:55.095, 90.83, 1680, 150.00, 0, 68
2026/10/02 11:00:55.296, 81.52, 1680, 150.00, 0, 67
2026/10/02 11:00:55.496, 70.91, 1695, 150.00, 0, 67
2026/10/02 11:00:55.697, 71.57, 1695, 150.00, 0, 67
2026/10/02 11:00:55.897, 82.17, 1515, 150.00, 45, 68
2026/10/02 11:00:56.098, 83.04, 1680, 150.00, 0, 67
2026/10/02 11:00:56.298, 88.21, 885, 150.00, 62, 68
2026/10/02 11:00:56.499, 87.79, 1680, 150.00, 0, 67
2026/10/02 11:00:56.699, 94.12, 720, 150.00, 80, 67
2026/10/02 11:00:56.900, 81.20, 1680, 150.00, 0, 68
2026/10/02 11:00:57.100, 82.55, 1680, 150.00, 0, 67
2026/10/02 11:00:57.301, 97.49, 825, 150.00, 28, 67
2026/10/02 11:00:57.501, 92.06, 1680, 150.00, 0, 67
2026/10/02 11:00:57.702, 92.01, 1680, 150.00, 0, 67
2026/10/02 11:00:57.902, 86.80, 1170, 150.00, 60, 67
2026/10/02 11:00:58.103, 100.60, 1590, 150.00, 30, 69
2026/10/02 11:00:58.303, 100.48, 1680, 150.00, 0, 67
2026/10/02 11:00:58.504, 86.30, 1695, 150.00, 0, 67
2026/10/02 11:00:58.704, 96.03, 630, 150.00, 53, 66
2026/10/02 11:00:58.905, 110.76, 675, 150.00, 55, 68
2026/10/02 11:00:59.106, 102.90, 660, 150.00, 67, 67
2026/10/02 11:00:59.306, 114.72, 780, 150.00, 100, 68
2026/10/02 11:00:59.507, 126.34, 1590, 150.00, 31, 69
2026/10/02 11:00:59.707, 125.04, 1680, 150.00, 0, 68
2026/10/02 11:00:59.908, 100.70, 1695, 150.00, 0, 67
2026/10/02 11:01:00.109, 105.89, 1155, 150.00, 0, 67
2026/10/02 11:01:00.309, 93.76, 1680, 150.00, 44, 67
2026/10/02 11:01:00.510, 96.37, 945, 150.00, 0, 67
2026/10/02 11:01:00.711, 104.84, 1530, 150.00, 90, 68
2026/10/02 11:01:00.911, 130.26, 1005, 150.00, 29, 68
2026/10/02 11:01:01.112, 140.33, 780, 150.00, 97, 69
2026/10/02 11:01:01.312, 128.95, 1680, 150.00, 0, 67
2026/10/02 11:01:01.513, 153.90, 1200, 150.00, 22, 68
2026/10/02 11:01:01.714, 146.29, 780, 150.00, 100, 69
2026/10/02 11:01:01.914, 138.38, 1500, 150.00, 100, 69
2026/10/02 11:01:02.115, 120.72, 1680, 150.00, 0, 67
2026/10/02 11:01:02.315, 125.11, 735, 150.00, 0, 67
2026/10/02 11:01:02.516, 119.31, 1650, 150.00, 61, 68
2026/10/02 11:01:02.716, 115.03, 720, 150.00, 0, 67
2026/10/02 11:01:02.917, 109.09, 1530, 150.00, 73, 69
2026/10/02 11:01:03.118, 122.05, 555, 150.00, 0, 67
2026/10/02 11:01:03.318, 121.25, 1680, 150.00, 21, 67
2026/10/02 11:01:03.519, 117.49, 1515, 150.00, 19, 68
2026/10/02 11:01:03.719, 119.55, 1665, 150.00, 62, 68
2026/10/02 11:01:03.920, 112.11, 1395, 150.00, 51, 68
2026/10/02 11:01:04.120, 111.04, 975, 150.00, 46, 68
2026/10/02 11:01:04.321, 99.91, 1680, 150.00, 0, 67
2026/10/02 11:01:04.521, 87.73, 1695, 150.00, 0, 67
2026/10/02 11:01:04.722, 86.32, 1320, 150.00, 0, 67
2026/10/02 11:01:04.922, 83.87, 630, 150.00, 63, 67
2026/10/02 11:01:05.123, 92.83, 780, 150.00, 100, 69
2026/10/02 11:01:05.324, 92.47, 1680, 150.00, 49, 68
2026/10/02 11:01:05.524, 92.47, 1680, 150.00, 0, 67
2026/10/02 11:01:05.724, 99.73, 1500, 150.00, 12, 68
2026/10/02 11:01:05.925, 103.18, 1470, 150.00, 7, 67
2026/10/02 11:01:06.126, 87.57, 1680, 150.00, 0, 67
2026/10/02 11:01:06.326, 81.26, 1695, 150.00, 0, 66
2026/10/02 11:01:06.527, 81.29, 1695, 150.00, 0, 66
2026/10/02 11:01:06.727, 78.27, 630, 150.00, 56, 67
2026/10/02 11:01:06.928, 75.53, 1005, 150.00, 74, 68
2026/10/02 11:01:07.129, 76.64, 1680, 150.00, 0, 67
2026/10/02 11:01:07.329, 95.56, 765, 150.00, 49, 68
2026/10/02 11:01:07.530, 95.04, 1680, 150.00, 72, 67
2026/10/02 11:01:07.730, 95.29, 1680, 150.00, 57, 67
2026/10/02 11:01:07.931, 99.20, 1260, 150.00, 0, 67
2026/10/02 11:01:08.131, 98.75, 1680, 150.00, 43, 67
2026/10/02 11:01:08.332, 86.21, 1365, 150.00, 0, 66
2026/10/02 11:01:08.532, 79.01, 1680, 150.00, 0, 66
2026/10/02 11:01:08.733, 79.97, 1695, 150.00, 0, 66
2026/10/02 11:01:08.934, 80.12, 1695, 150.00, 0, 66
2026/10/02 11:01:09.134, 70.80, 1695, 150.00, 0, 66
2026/10/02 11:01:09.335, 70.93, 1695, 150.00, 0, 66
2026/10/02 11:01:09.535, 95.63, 1215, 150.00, 0, 66
2026/10/02 11:01:09.736, 94.77, 1680, 150.00, 24, 66
2026/10/02 11:01:09.936, 94.61, 1680, 150.00, 0, 66
2026/10/02 11:01:10.137, 94.54, 1695, 150.00, 0, 66
2026/10/02 11:01:10.337, 93.78, 960, 150.00, 0, 66
2026/10/02 11:01:10.538, 82.16, 885, 150.00, 67, 68
2026/10/02 11:01:10.739, 78.69, 1680, 150.00, 0, 66
2026/10/02 11:01:10.939, 78.75, 1695, 150.00, 0, 66
2026/10/02 11:01:11.140, 89.10, 1635, 150.00, 49, 67
2026/10/02 11:01:11.340, 87.82, 1680, 150.00, 59, 67
2026/10/02 11:01:11.541, 80.83, 1680, 150.00, 0, 66
2026/10/02 11:01:11.741, 80.81, 1695, 150.00, 0, 66
2026/10/02 11:01:11.942, 81.76, 1155, 150.00, 0, 65
2026/10/02 11:01:12.142, 69.30, 1425, 150.00, 2, 67
2026/10/02 11:01:12.343, 70.81, 1680, 150.00, 0, 66
2026/10/02 11:01:12.543, 70.94, 1695, 150.00, 0, 66
2026/10/02 11:01:12.744, 81.36, 765, 150.00, 0, 65
2026/10/02 11:01:12.944, 87.81, 1635, 150.00, 95, 67
2026/10/02 11:01:13.145, 87.04, 1680, 150.00, 0, 66
2026/10/02 11:01:13.345, 88.38, 1695, 150.00, 0, 65
2026/10/02 11:01:13.546, 97.45, 1635, 150.00, 53, 66
2026/10/02 11:01:13.746, 110.67, 1590, 150.00, 28, 67
2026/10/02 11:01:13.947, 103.35, 1275, 150.00, 0, 66
2026/10/02 11:01:14.147, 102.41, 1680, 150.00, 42, 66
2026/10/02 11:01:14.348, 102.40, 1680, 150.00, 0, 65
2026/10/02 11:01:14.548, 92.71, 1695, 150.00, 0, 65
2026/10/02 11:01:14.749, 79.09, 1695, 150.00, 0, 65
2026/10/02 11:01:14.950, 80.18, 1695, 150.00, 0, 65
2026/10/02 11:01:15.150, 80.18, 1695, 150.00, 0, 65
2026/10/02 11:01:15.351, 104.19, 1695, 150.00, 0, 65
2026/10/02 11:01:15.551, 111.59, 795, 150.00, 68, 66
2026/10/02 11:01:15.752, 117.64, 810, 150.00, 2, 65
2026/10/02 11:01:15.952, 137.13, 795, 150.00, 39, 67
2026/10/02 11:01:16.153, 131.23, 1680, 150.00, 5, 66
2026/10/02 11:01:16.353, 122.61, 1680, 150.00, 0, 65
2026/10/02 11:01:16.554, 117.57, 600, 150.00, 0, 65
2026/10/02 11:01:16.754, 116.56, 1650, 150.00, 66, 67
2026/10/02 11:01:16.955, 97.77, 1680, 150.00, 0, 65
2026/10/02 11:01:17.155, 90.80, 1695, 150.00, 0, 65
2026/10/02 11:01:17.356, 104.62, 780, 150.00, 90, 67
2026/10/02 11:01:17.556, 119.58, 795, 150.00, 100, 67
2026/10/02 11:01:17.757, 114.29, 795, 150.00, 100, 68
2026/10/02 11:01:17.957, 123.80, 735, 150.00, 27, 66
2026/10/02 11:01:18.158, 138.74, 795, 150.00, 100, 68
2026/10/02 11:01:18.359, 131.32, 1680, 150.00, 42, 66
2026/10/02 11:01:18.559, 128.27, 1545, 150.00, 21, 67
2026/10/02 11:01:18.759, 113.46, 1680, 150.00, 0, 66
2026/10/02 11:01:18.960, 128.15, 795, 150.00, 34, 67
2026/10/02 11:01:19.161, 124.89, 945, 150.00, 9, 66
2026/10/02 11:01:19.361, 117.22, 1680, 150.00, 36, 66
2026/10/02 11:01:19.562, 115.44, 1545, 150.00, 19, 67
2026/10/02 11:01:19.762, 116.56, 1680, 150.00, 0, 66
2026/10/02 11:01:19.963, 102.52, 1695, 150.00, 0, 65
2026/10/02 11:01:20.163, 117.40, 735, 150.00, 36, 67
2026/10/02 11:01:20.364, 119.36, 780, 150.00, 100, 67
2026/10/02 11:01:20.564, 105.77, 1680, 150.00, 49, 66
2026/10/02 11:01:20.765, 116.66, 630, 150.00, 0, 66
2026/10/02 11:01:20.965, 123.27, 1365, 150.00, 99, 67
2026/10/02 11:01:21.166, 109.34, 1680, 150.00, 0, 66
2026/10/02 11:01:21.367, 93.88, 1695, 150.00, 0, 65
2026/10/02 11:01:21.567, 109.31, 810, 150.00, 35, 67
2026/10/02 11:01:21.768, 116.29, 1530, 150.00, 100, 67
2026/10/02 11:01:21.968, 106.71, 1665, 150.00, 62, 67
2026/10/02 11:01:22.169, 121.69, 615, 150.00, 0, 67
2026/10/02 11:01:22.369, 134.88, 600, 150.00, 27, 67
2026/10/02 11:01:22.570, 119.23, 1680, 150.00, 33, 66
2026/10/02 11:01:22.770, 115.63, 1650, 150.00, 41, 66
2026/10/02 11:01:22.971, 108.74, 1680, 150.00, 0, 65
2026/10/02 11:01:23.171, 119.26, 990, 150.00, 0, 66
2026/10/02 11:01:23.372, 111.95, 810, 150.00, 6, 67
2026/10/02 11:01:23.572, 97.64, 1680, 150.00, 47, 66
2026/10/02 11:01:23.773, 98.98, 1080, 150.00, 33, 67
2026/10/02 11:01:23.973, 105.59, 795, 150.00, 58, 67
2026/10/02 11:01:24.174, 120.56, 780, 150.00, 100, 68
2026/10/02 11:01:24.374, 126.19, 780, 150.00, 100, 68
2026/10/02 11:01:24.575, 127.34, 1650, 150.00, 100, 67
2026/10/02 11:01:24.776, 125.03, 1620, 150.00, 21, 66
2026/10/02 11:01:24.976, 127.11, 1680, 150.00, 0, 66
2026/10/02 11:01:25.177, 124.88, 645, 150.00, 0, 67
2026/10/02 11:01:25.377, 108.99, 1680, 150.00, 19, 66
2026/10/02 11:01:25.578, 94.01, 1695, 150.00, 0, 65
2026/10/02 11:01:25.778, 81.49, 1695, 150.00, 0, 65
2026/10/02 11:01:25.979, 82.78, 1485, 150.00, 0, 65
2026/10/02 11:01:26.179, 95.70, 780, 150.00, 75, 67
2026/10/02 11:01:26.380, 84.43, 1425, 150.00, 34, 66
2026/10/02 11:01:26.580, 84.20, 1680, 150.00, 0, 65
2026/10/02 11:01:26.781, 84.10, 1695, 150.00, 0, 65
2026/10/02 11:01:26.981, 97.29, 1635, 150.00, 28, 65
2026/10/02 11:01:27.182, 91.71, 1680, 150.00, 0, 65
2026/10/02 11:01:27.382, 85.13, 1695, 150.00, 0, 65
2026/10/02 11:01:27.583, 84.36, 1695, 150.00, 0, 65
2026/10/02 11:01:27.783, 107.00, 690, 150.00, 17, 67
2026/10/02 11:01:27.984, 109.69, 705, 150.00, 100, 67
2026/10/02 11:01:28.185, 109.54, 1680, 150.00, 44, 65
2026/10/02 11:01:28.385, 109.58, 1680, 150.00, 0, 65
2026/10/02 11:01:28.586, 109.52, 1695, 150.00, 0, 65
2026/10/02 11:01:28.786, 110.29, 630, 150.00, 0, 66
2026/10/02 11:01:28.987, 90.55, 1680, 150.00, 42, 65
2026/10/02 11:01:29.187, 81.59, 1500, 150.00, 0, 65
2026/10/02 11:01:29.388, 81.43, 1680, 150.00, 0, 65
2026/10/02 11:01:29.588, 106.01, 735, 150.00, 31, 67
2026/10/02 11:01:29.789, 114.68, 1665, 150.00, 72, 65
2026/10/02 11:01:29.989, 103.42, 1680, 150.00, 0, 65
2026/10/02 11:01:30.190, 116.09, 1650, 150.00, 39, 65
2026/10/02 11:01:30.390, 130.28, 1635, 150.00, 29, 65
2026/10/02 11:01:30.591, 116.04, 1680, 150.00, 0, 65
2026/10/02 11:01:30.791, 96.87, 1425, 150.00, 0, 66
2026/10/02 11:01:30.992, 97.22, 1680, 150.00, 0, 65
2026/10/02 11:01:31.192, 83.53, 1485, 150.00, 0, 65
2026/10/02 11:01:31.393, 81.96, 630, 150.00, 0, 66
2026/10/02 11:01:31.593, 89.36, 1650, 150.00, 100, 65
2026/10/02 11:01:31.794, 89.33, 1680, 150.00, 0, 65
2026/10/02 11:01:31.994, 88.91, 1695, 150.00, 0, 65
2026/10/02 11:01:32.195, 101.00, 750, 150.00, 60, 66
2026/10/02 11:01:32.396, 105.68, 1020, 150.00, 51, 67
2026/10/02 11:01:32.596, 102.54, 735, 150.00, 100, 67
2026/10/02 11:01:32.797, 115.54, 630, 150.00, 25, 67
2026/10/02 11:01:32.997, 122.63, 1665, 150.00, 100, 65
2026/10/02 11:01:33.198, 120.35, 1680, 150.00, 0, 65
2026/10/02 11:01:33.399, 106.38, 1695, 150.00, 0, 65
2026/10/02 11:01:33.599, 99.44, 1695, 150.00, 0, 65
2026/10/02 11:01:33.800, 105.17, 1635, 150.00, 28, 65
2026/10/02 11:01:34.000, 90.96, 1110, 150.00, 11, 66
2026/10/02 11:01:34.201, 106.02, 795, 150.00, 98, 67
2026/10/02 11:01:34.401, 105.32, 1560, 150.00, 23, 65
2026/10/02 11:01:34.602, 108.14, 990, 150.00, 68, 67
2026/10/02 11:01:34.803, 91.60, 1680, 150.00, 60, 65
2026/10/02 11:01:35.003, 97.74, 1620, 150.00, 24, 65
2026/10/02 11:01:35.204, 91.83, 1680, 150.00, 0, 65
2026/10/02 11:01:35.404, 87.57, 1350, 150.00, 0, 66
2026/10/02 11:01:35.605, 83.25, 1680, 150.00, 0, 65
2026/10/02 11:01:35.805, 85.40, 1695, 150.00, 0, 64
2026/10/02 11:01:36.006, 78.11, 810, 150.00, 0, 66
2026/10/02 11:01:36.206, 81.03, 1350, 150.00, 60, 66
2026/10/02 11:01:36.407, 83.22, 1680, 150.00, 62, 65
2026/10/02 11:01:36.608, 80.87, 1680, 150.00, 0, 65
2026/10/02 11:01:36.808, 84.78, 1005, 150.00, 0, 65
2026/10/02 11:01:37.009, 83.50, 1680, 150.00, 50, 65
2026/10/02 11:01:37.209, 78.04, 1680, 150.00, 0, 64
2026/10/02 11:01:37.410, 72.84, 1695, 150.00, 0, 64
2026/10/02 11:01:37.610, 90.74, 780, 150.00, 15, 66
2026/10/02 11:01:37.811, 89.20, 1515, 150.00, 28, 65
2026/10/02 11:01:38.011, 99.84, 1380, 150.00, 54, 66
2026/10/02 11:01:38.212, 111.32, 1650, 150.00, 39, 65
2026/10/02 11:01:38.413, 111.43, 1680, 150.00, 59, 65
2026/10/02 11:01:38.613, 101.15, 1680, 150.00, 60, 65
2026/10/02 11:01:38.814, 95.62, 1695, 150.00, 0, 64
2026/10/02 11:01:39.014, 82.33, 1110, 150.00, 0, 65
2026/10/02 11:01:39.215, 69.70, 1680, 150.00, 0, 64
2026/10/02 11:01:39.416, 69.51, 1680, 150.00, 0, 64
2026/10/02 11:01:39.616, 69.34, 1695, 150.00, 0, 64
2026/10/02 11:01:39.817, 83.73, 645, 150.00, 35, 65
2026/10/02 11:01:40.017, 95.31, 645, 150.00, 40, 66
2026/10/02 11:01:40.218, 95.51, 1680, 150.00, 0, 64
2026/10/02 11:01:40.419, 95.57, 1680, 150.00, 0, 64
2026/10/02 11:01:40.619, 102.19, 1515, 150.00, 73, 65
2026/10/02 11:01:40.820, 112.90, 1620, 150.00, 38, 65
2026/10/02 11:01:41.020, 99.34, 1680, 150.00, 0, 64
2026/10/02 11:01:41.221, 87.53, 1695, 150.00, 0, 64
2026/10/02 11:01:41.421, 87.63, 1695, 150.00, 0, 64
2026/10/02 11:01:41.622, 91.65, 810, 150.00, 100, 65
2026/10/02 11:01:41.823, 86.80, 1665, 150.00, 13, 65
2026/10/02 11:01:42.023, 87.94, 1680, 150.00, 0, 64
2026/10/02 11:01:42.224, 102.58, 615, 150.00, 29, 65
2026/10/02 11:01:42.424, 101.54, 1680, 150.00, 0, 64
2026/10/02 11:01:42.625, 97.46, 1680, 150.00, 0, 64
2026/10/02 11:01:42.825, 92.42, 1050, 150.00, 56, 65
2026/10/02 11:01:43.026, 107.97, 795, 150.00, 100, 66
2026/10/02 11:01:43.227, 114.85, 1650, 150.00, 25, 65
2026/10/02 11:01:43.427, 101.07, 1680, 150.00, 0, 64
2026/10/02 11:01:43.628, 108.58, 765, 150.00, 71, 66
2026/10/02 11:01:43.828, 115.14, 1620, 150.00, 45, 65
2026/10/02 11:01:44.029, 111.30, 1650, 150.00, 18, 65
2026/10/02 11:01:44.229, 96.17, 1680, 150.00, 0, 64
2026/10/02 11:01:44.430, 103.56, 810, 150.00, 93, 66
2026/10/02 11:01:44.631, 101.34, 1560, 150.00, 57, 65
2026/10/02 11:01:44.831, 85.68, 1500, 150.00, 59, 65
2026/10/02 11:01:45.032, 72.97, 900, 150.00, 60, 66
2026/10/02 11:01:45.232, 79.85, 1605, 150.00, 46, 65
2026/10/02 11:01:45.433, 78.90, 1560, 150.00, 57, 65
2026/10/02 11:01:45.633, 73.18, 1680, 150.00, 0, 64
2026/10/02 11:01:45.834, 74.44, 1695, 150.00, 0, 64
2026/10/02 11:01:46.034, 85.05, 705, 150.00, 14, 65
2026/10/02 11:01:46.235, 77.06, 1455, 150.00, 59, 65
2026/10/02 11:01:46.435, 90.58, 1650, 150.00, 21, 65
2026/10/02 11:01:46.636, 93.20, 1410, 150.00, 61, 65
2026/10/02 11:01:46.837, 93.03, 1680, 150.00, 0, 64
2026/10/02 11:01:47.037, 91.43, 1500, 150.00, 59, 65
2026/10/02 11:01:47.238, 83.38, 1680, 150.00, 0, 64
2026/10/02 11:01:47.438, 69.53, 1695, 150.00, 0, 64
2026/10/02 11:01:47.639, 70.31, 1695, 150.00, 0, 64
2026/10/02 11:01:47.839, 68.49, 1530, 150.00, 58, 64
2026/10/02 11:01:48.040, 76.90, 1665, 150.00, 2, 64
2026/10/02 11:01:48.240, 102.26, 690, 150.00, 43, 66
2026/10/02 11:01:48.441, 101.48, 1680, 150.00, 0, 64
2026/10/02 11:01:48.641, 115.28, 780, 150.00, 90, 66
2026/10/02 11:01:48.842, 128.76, 1335, 150.00, 93, 66
2026/10/02 11:01:49.042, 120.20, 1245, 150.00, 58, 65
2026/10/02 11:01:49.243, 118.34, 705, 150.00, 54, 66
2026/10/02 11:01:49.443, 111.06, 1035, 150.00, 5, 65
2026/10/02 11:01:49.644, 110.87, 840, 150.00, 10, 66
2026/10/02 11:01:49.845, 100.96, 1650, 150.00, 34, 65
2026/10/02 11:01:50.045, 101.89, 795, 150.00, 89, 66
2026/10/02 11:01:50.245, 117.65, 1050, 150.00, 100, 66
2026/10/02 11:01:50.446, 118.33, 585, 150.00, 23, 66
2026/10/02 11:01:50.646, 132.82, 795, 150.00, 100, 67
2026/10/02 11:01:50.847, 134.64, 795, 150.00, 100, 67
2026/10/02 11:01:51.048, 142.50, 1095, 150.00, 14, 67
2026/10/02 11:01:51.248, 136.79, 990, 150.00, 55, 66
2026/10/02 11:01:51.449, 145.20, 765, 150.00, 94, 67
2026/10/02 11:01:51.649, 138.84, 780, 150.00, 100, 67
2026/10/02 11:01:51.850, 138.94, 780, 150.00, 100, 67
2026/10/02 11:01:52.050, 137.13, 570, 150.00, 100, 67
2026/10/02 11:01:52.251, 152.97, 750, 150.00, 100, 67
2026/10/02 11:01:52.452, 151.07, 780, 150.00, 100, 67
2026/10/02 11:01:52.652, 149.91, 780, 150.00, 100, 67
2026/10/02 11:01:52.853, 141.58, 1605, 150.00, 52, 66
2026/10/02 11:01:53.053, 126.49, 1680, 150.00, 0, 65
2026/10/02 11:01:53.254, 129.65, 780, 150.00, 43, 67
2026/10/02 11:01:53.455, 133.48, 795, 150.00, 100, 67
2026/10/02 11:01:53.655, 118.77, 1680, 150.00, 0, 66
2026/10/02 11:01:53.856, 118.29, 600, 150.00, 26, 67
2026/10/02 11:01:54.056, 126.33, 735, 150.00, 65, 67
2026/10/02 11:01:54.257, 130.31, 795, 150.00, 91, 67
2026/10/02 11:01:54.458, 114.06, 765, 150.00, 82, 67
2026/10/02 11:01:54.658, 105.01, 1680, 150.00, 0, 66
2026/10/02 11:01:54.859, 105.14, 1680, 150.00, 0, 65
2026/10/02 11:01:55.059, 91.75, 1245, 150.00, 0, 65
2026/10/02 11:01:55.260, 96.87, 795, 150.00, 100, 67
2026/10/02 11:01:55.460, 110.02, 870, 150.00, 52, 67
2026/10/02 11:01:55.661, 116.51, 585, 150.00, 22, 67
2026/10/02 11:01:55.862, 122.30, 765, 150.00, 72, 67
2026/10/02 11:01:56.062, 134.58, 675, 150.00, 40, 67
2026/10/02 11:01:56.263, 140.41, 570, 150.00, 20, 67
2026/10/02 11:01:56.463, 140.15, 795, 150.00, 100, 67
2026/10/02 11:01:56.664, 131.73, 915, 150.00, 63, 67
2026/10/02 11:01:56.864, 134.33, 795, 150.00, 100, 68
2026/10/02 11:01:57.065, 149.57, 660, 150.00, 48, 68
2026/10/02 11:01:57.265, 146.54, 1005, 150.00, 54, 67
2026/10/02 11:01:57.466, 141.22, 780, 150.00, 100, 68
2026/10/02 11:01:57.666, 146.92, 1050, 150.00, 100, 67
2026/10/02 11:01:57.867, 150.03, 1650, 150.00, 25, 66
2026/10/02 11:01:58.068, 142.32, 1665, 150.00, 3, 66
2026/10/02 11:01:58.268, 139.64, 705, 150.00, 54, 67
2026/10/02 11:01:58.469, 137.50, 630, 150.00, 16, 67
2026/10/02 11:01:58.669, 119.83, 1560, 150.00, 57, 66
2026/10/02 11:01:58.870, 108.57, 1455, 150.00, 78, 66
2026/10/02 11:01:59.070, 119.87, 795, 150.00, 100, 68
2026/10/02 11:01:59.271, 126.78, 1575, 150.00, 57, 66
2026/10/02 11:01:59.471, 125.21, 630, 150.00, 44, 67
2026/10/02 11:01:59.672, 130.23, 1335, 150.00, 93, 67
2026/10/02 11:01:59.872, 125.46, 1680, 150.00, 0, 66
2026/10/02 11:02:00.073, 127.09, 615, 150.00, 28, 67
2026/10/02 11:02:00.273, 129.75, 1110, 150.00, 100, 67
2026/10/02 11:02:00.474, 130.48, 1680, 150.00, 0, 66
2026/10/02 11:02:00.674, 109.72, 1695, 150.00, 0, 65
2026/10/02 11:02:00.875, 122.81, 795, 150.00, 100, 67
2026/10/02 11:02:01.075, 124.83, 1680, 150.00, 0, 66
2026/10/02 11:02:01.276, 100.33, 1680, 150.00, 0, 65
2026/10/02 11:02:01.477, 108.12, 630, 150.00, 29, 66
2026/10/02 11:02:01.677, 124.48, 945, 150.00, 67, 67
2026/10/02 11:02:01.878, 121.79, 660, 150.00, 17, 67
2026/10/02 11:02:02.078, 111.19, 1185, 150.00, 0, 66
2026/10/02 11:02:02.279, 125.48, 795, 150.00, 100, 67
2026/10/02 11:02:02.479, 140.28, 795, 150.00, 100, 68
2026/10/02 11:02:02.680, 124.36, 1605, 150.00, 47, 66
2026/10/02 11:02:02.880, 125.35, 1395, 150.00, 73, 67
2026/10/02 11:02:03.081, 115.21, 1485, 150.00, 61, 66
2026/10/02 11:02:03.281, 120.14, 1635, 150.00, 17, 66
2026/10/02 11:02:03.482, 104.95, 1680, 150.00, 0, 66
2026/10/02 11:02:03.683, 90.13, 1680, 150.00, 0, 65
2026/10/02 11:02:03.883, 84.94, 1545, 150.00, 61, 66
2026/10/02 11:02:04.083, 90.23, 1455, 150.00, 60, 66
2026/10/02 11:02:04.284, 76.75, 1605, 150.00, 57, 66
2026/10/02 11:02:04.485, 84.26, 795, 150.00, 91, 67
2026/10/02 11:02:04.685, 99.31, 780, 150.00, 100, 67
2026/10/02 11:02:04.886, 114.26, 780, 150.00, 100, 68
2026/10/02 11:02:05.086, 128.36, 795, 150.00, 100, 68
2026/10/02 11:02:05.287, 133.33, 780, 150.00, 100, 67
2026/10/02 11:02:05.487, 148.60, 765, 150.00, 100, 68
2026/10/02 11:02:05.688, 149.60, 795, 150.00, 100, 68
2026/10/02 11:02:05.889, 149.65, 780, 150.00, 100, 68
2026/10/02 11:02:06.089, 149.47, 660, 150.00, 100, 68
2026/10/02 11:02:06.290, 147.56, 720, 150.00, 100, 68
2026/10/02 11:02:06.490, 150.31, 765, 150.00, 100, 68
2026/10/02 11:02:06.691, 150.22, 780, 150.00, 100, 68
2026/10/02 11:02:06.891, 150.31, 780, 150.00, 100, 68
2026/10/02 11:02:07.092, 149.62, 765, 150.00, 100, 68
2026/10/02 11:02:07.293, 149.07, 735, 150.00, 100, 68
2026/10/02 11:02:07.493, 149.73, 750, 150.00, 100, 68
2026/10/02 11:02:07.694, 150.06, 780, 150.00, 100, 68
2026/10/02 11:02:07.894, 150.10, 765, 150.00, 100, 69
2026/10/02 11:02:08.095, 148.65, 720, 150.00, 100, 69
2026/10/02 11:02:08.296, 149.34, 735, 150.00, 100, 69
2026/10/02 11:02:08.496, 142.06, 1605, 150.00, 46, 67
2026/10/02 11:02:08.697, 142.09, 645, 150.00, 25, 68
2026/10/02 11:02:08.897, 142.09, 960, 150.00, 86, 68
2026/10/02 11:02:09.098, 131.21, 1680, 150.00, 0, 67
2026/10/02 11:02:09.298, 129.16, 645, 150.00, 42, 67
2026/10/02 11:02:09.499, 129.46, 975, 150.00, 100, 68
2026/10/02 11:02:09.699, 137.65, 975, 150.00, 11, 67
2026/10/02 11:02:09.900, 126.65, 780, 150.00, 100, 68
2026/10/02 11:02:10.100, 130.70, 1125, 150.00, 100, 68
2026/10/02 11:02:10.301, 142.08, 750, 150.00, 69, 69
2026/10/02 11:02:10.502, 151.23, 1425, 150.00, 76, 68
2026/10/02 11:02:10.702, 135.81, 1680, 150.00, 0, 67
2026/10/02 11:02:10.903, 133.02, 1695, 150.00, 0, 66
2026/10/02 11:02:11.103, 125.32, 1575, 150.00, 78, 67
2026/10/02 11:02:11.304, 105.43, 1545, 150.00, 61, 67
2026/10/02 11:02:11.504, 87.36, 615, 150.00, 3, 66
2026/10/02 11:02:11.705, 78.50, 765, 150.00, 0, 66
2026/10/02 11:02:11.905, 77.65, 1185, 150.00, 0, 66
2026/10/02 11:02:12.106, 85.62, 660, 150.00, 22, 68
2026/10/02 11:02:12.306, 84.11, 1680, 150.00, 0, 66
2026/10/02 11:02:12.507, 90.31, 1680, 150.00, 2, 66
2026/10/02 11:02:12.707, 101.56, 1275, 150.00, 52, 67
2026/10/02 11:02:12.908, 109.35, 1680, 150.00, 1, 66
2026/10/02 11:02:13.109, 125.79, 1005, 150.00, 100, 68
2026/10/02 11:02:13.309, 119.32, 795, 150.00, 100, 68
2026/10/02 11:02:13.510, 126.39, 780, 150.00, 100, 68
2026/10/02 11:02:13.710, 141.75, 780, 150.00, 100, 68
2026/10/02 11:02:13.911, 139.04, 780, 150.00, 100, 69
2026/10/02 11:02:14.111, 141.03, 750, 150.00, 100, 68
2026/10/02 11:02:14.312, 138.08, 750, 150.00, 64, 68
2026/10/02 11:02:14.513, 138.72, 780, 150.00, 100, 69
2026/10/02 11:02:14.713, 135.65, 990, 150.00, 87, 68
2026/10/02 11:02:14.914, 135.21, 780, 150.00, 100, 69
2026/10/02 11:02:15.114, 133.58, 810, 150.00, 97, 69
2026/10/02 11:02:15.315, 142.87, 765, 150.00, 100, 69
2026/10/02 11:02:15.515, 138.22, 1635, 150.00, 55, 68
2026/10/02 11:02:15.716, 123.28, 1680, 150.00, 0, 67
2026/10/02 11:02:15.916, 118.93, 765, 150.00, 83, 68
2026/10/02 11:02:16.117, 108.19, 1005, 150.00, 58, 68
2026/10/02 11:02:16.318, 105.04, 720, 150.00, 80, 68
2026/10/02 11:02:16.518, 97.11, 1665, 150.00, 41, 67
2026/10/02 11:02:16.719, 98.24, 600, 150.00, 1, 68
2026/10/02 11:02:16.919, 103.56, 795, 150.00, 89, 68
2026/10/02 11:02:17.120, 112.80, 780, 150.00, 100, 69
2026/10/02 11:02:17.321, 112.03, 1635, 150.00, 100, 68
2026/10/02 11:02:17.521, 114.97, 1365, 150.00, 0, 68
2026/10/02 11:02:17.722, 126.32, 1650, 150.00, 41, 67
2026/10/02 11:02:17.922, 127.34, 810, 150.00, 0, 68
2026/10/02 11:02:18.123, 127.24, 1365, 150.00, 100, 68
2026/10/02 11:02:18.324, 124.93, 630, 150.00, 9, 68
2026/10/02 11:02:18.524, 141.59, 975, 150.00, 100, 69
2026/10/02 11:02:18.725, 126.51, 1290, 150.00, 84, 67
2026/10/02 11:02:18.926, 137.80, 615, 150.00, 63, 68
2026/10/02 11:02:19.126, 133.48, 735, 150.00, 51, 68
2026/10/02 11:02:19.327, 133.25, 1515, 150.00, 100, 67
2026/10/02 11:02:19.527, 113.23, 1680, 150.00, 0, 67
2026/10/02 11:02:19.728, 110.50, 1665, 150.00, 38, 67
2026/10/02 11:02:19.929, 126.03, 780, 150.00, 49, 68
2026/10/02 11:02:20.129, 134.83, 780, 150.00, 100, 69
2026/10/02 11:02:20.330, 131.79, 780, 150.00, 100, 69
2026/10/02 11:02:20.530, 138.83, 1635, 150.00, 100, 68
2026/10/02 11:02:20.731, 140.16, 930, 150.00, 0, 69
2026/10/02 11:02:20.931, 129.18, 690, 150.00, 29, 67
2026/10/02 11:02:21.132, 113.29, 1680, 150.00, 60, 67
2026/10/02 11:02:21.333, 98.40, 1395, 150.00, 0, 66
2026/10/02 11:02:21.533, 89.94, 1515, 150.00, 73, 67
2026/10/02 11:02:21.734, 102.00, 1665, 150.00, 44, 67
2026/10/02 11:02:21.934, 88.27, 1680, 150.00, 0, 66
2026/10/02 11:02:22.135, 89.18, 1695, 150.00, 0, 66
2026/10/02 11:02:22.335, 108.50, 750, 150.00, 57, 68
2026/10/02 11:02:22.536, 109.03, 720, 150.00, 100, 68
2026/10/02 11:02:22.737, 108.07, 630, 150.00, 63, 68
2026/10/02 11:02:22.937, 106.51, 720, 150.00, 44, 68
2026/10/02 11:02:23.138, 108.90, 1515, 150.00, 64, 68
2026/10/02 11:02:23.338, 111.31, 1665, 150.00, 37, 67
2026/10/02 11:02:23.539, 110.50, 780, 150.00, 13, 68
2026/10/02 11:02:23.739, 123.63, 1515, 150.00, 100, 68
2026/10/02 11:02:23.940, 122.29, 1530, 150.00, 15, 67
2026/10/02 11:02:24.140, 138.62, 780, 150.00, 70, 69
2026/10/02 11:02:24.341, 129.60, 1665, 150.00, 100, 67
2026/10/02 11:02:24.541, 135.77, 780, 150.00, 66, 69
2026/10/02 11:02:24.742, 140.27, 675, 150.00, 100, 69
2026/10/02 11:02:24.943, 140.26, 750, 150.00, 100, 69
2026/10/02 11:02:25.143, 139.49, 1515, 150.00, 85, 68
2026/10/02 11:02:25.344, 135.66, 1380, 150.00, 59, 68
2026/10/02 11:02:25.544, 129.02, 1680, 150.00, 0, 67
2026/10/02 11:02:25.745, 114.20, 1695, 150.00, 0, 66
2026/10/02 11:02:25.945, 107.67, 960, 150.00, 0, 68
2026/10/02 11:02:26.146, 112.93, 780, 150.00, 90, 68
2026/10/02 11:02:26.346, 116.53, 780, 150.00, 100, 69
2026/10/02 11:02:26.547, 129.11, 780, 150.00, 100, 69
2026/10/02 11:02:26.748, 142.30, 585, 150.00, 100, 69
2026/10/02 11:02:26.948, 156.37, 750, 150.00, 100, 69
2026/10/02 11:02:27.149, 151.13, 780, 150.00, 100, 69
2026/10/02 11:02:27.350, 151.20, 780, 150.00, 100, 69
2026/10/02 11:02:27.550, 150.81, 765, 150.00, 100, 69
2026/10/02 11:02:27.751, 149.19, 675, 150.00, 100, 69
2026/10/02 11:02:27.951, 150.04, 735, 150.00, 100, 69
2026/10/02 11:02:28.152, 150.22, 765, 150.00, 100, 70
2026/10/02 11:02:28.352, 141.66, 1575, 150.00, 100, 68
2026/10/02 11:02:28.553, 129.20, 585, 150.00, 0, 68
2026/10/02 11:02:28.753, 129.05, 1215, 150.00, 100, 69
2026/10/02 11:02:28.954, 126.37, 1665, 150.00, 60, 68
2026/10/02 11:02:29.154, 116.29, 585, 150.00, 0, 68
2026/10/02 11:02:29.355, 120.99, 855, 150.00, 100, 69
2026/10/02 11:02:29.555, 129.33, 1110, 150.00, 89, 68
2026/10/02 11:02:29.756, 134.74, 765, 150.00, 79, 69
2026/10/02 11:02:29.956, 131.08, 780, 150.00, 100, 70
2026/10/02 11:02:30.157, 146.74, 765, 150.00, 100, 70
2026/10/02 11:02:30.358, 142.95, 1665, 150.00, 100, 68
2026/10/02 11:02:30.558, 122.36, 1680, 150.00, 0, 67
2026/10/02 11:02:30.759, 116.56, 1695, 150.00, 0, 67
2026/10/02 11:02:30.959, 104.58, 1500, 150.00, 0, 68
2026/10/02 11:02:31.160, 89.28, 1680, 150.00, 0, 67
2026/10/02 11:02:31.360, 93.31, 750, 150.00, 57, 69
2026/10/02 11:02:31.561, 102.02, 1455, 150.00, 100, 68
2026/10/02 11:02:31.761, 114.84, 1635, 150.00, 32, 68
2026/10/02 11:02:31.962, 129.53, 780, 150.00, 69, 69
2026/10/02 11:02:32.162, 141.73, 780, 150.00, 100, 69
2026/10/02 11:02:32.363, 140.43, 1590, 150.00, 100, 68
2026/10/02 11:02:32.564, 135.90, 765, 150.00, 0, 69
2026/10/02 11:02:32.764, 120.52, 1680, 150.00, 34, 67
2026/10/02 11:02:32.965, 114.13, 1695, 150.00, 0, 67
2026/10/02 11:02:33.165, 123.63, 1200, 150.00, 28, 69
2026/10/02 11:02:33.366, 120.69, 1035, 150.00, 20, 69
2026/10/02 11:02:33.566, 119.93, 1680, 150.00, 24, 67
2026/10/02 11:02:33.767, 107.72, 1695, 150.00, 0, 67
2026/10/02 11:02:33.967, 119.25, 735, 150.00, 0, 68
2026/10/02 11:02:34.168, 119.49, 780, 150.00, 100, 69
2026/10/02 11:02:34.369, 117.08, 780, 150.00, 58, 69
2026/10/02 11:02:34.569, 106.82, 705, 150.00, 83, 67
2026/10/02 11:02:34.770, 120.61, 780, 150.00, 92, 69
2026/10/02 11:02:34.970, 137.14, 765, 150.00, 100, 69
2026/10/02 11:02:35.171, 125.14, 1605, 150.00, 100, 68
2026/10/02 11:02:35.371, 125.85, 615, 150.00, 0, 69
2026/10/02 11:02:35.572, 133.26, 675, 150.00, 100, 69
2026/10/02 11:02:35.772, 142.00, 1365, 150.00, 100, 69
2026/10/02 11:02:35.973, 131.99, 585, 150.00, 9, 69
2026/10/02 11:02:36.173, 114.24, 1680, 150.00, 49, 67
2026/10/02 11:02:36.374, 133.20, 1230, 150.00, 48, 68
2026/10/02 11:02:36.574, 131.91, 1620, 150.00, 24, 68
2026/10/02 11:02:36.775, 114.53, 1680, 150.00, 0, 67
2026/10/02 11:02:36.976, 122.38, 780, 150.00, 65, 69
2026/10/02 11:02:37.176, 131.93, 660, 150.00, 62, 69
2026/10/02 11:02:37.377, 135.47, 765, 150.00, 100, 69
2026/10/02 11:02:37.577, 129.21, 780, 150.00, 100, 69
2026/10/02 11:02:37.778, 145.36, 780, 150.00, 100, 69
2026/10/02 11:02:37.978, 152.10, 480, 150.00, 98, 70
2026/10/02 11:02:38.179, 159.37, 720, 150.00, 100, 70
2026/10/02 11:02:38.379, 152.29, 765, 150.00, 100, 70
2026/10/02 11:02:38.580, 151.83, 780, 150.00, 100, 70
2026/10/02 11:02:38.780, 148.26, 630, 150.00, 58, 69
2026/10/02 11:02:38.981, 152.18, 780, 150.00, 68, 70
2026/10/02 11:02:39.182, 146.24, 1575, 150.00, 100, 69
2026/10/02 11:02:39.382, 140.42, 615, 150.00, 0, 69
2026/10/02 11:02:39.583, 142.40, 780, 150.00, 80, 70
2026/10/02 11:02:39.783, 150.76, 780, 150.00, 100, 70
2026/10/02 11:02:39.984, 141.62, 780, 150.00, 100, 70
2026/10/02 11:02:40.184, 141.67, 450, 150.00, 100, 70
2026/10/02 11:02:40.385, 154.29, 750, 150.00, 100, 70
2026/10/02 11:02:40.586, 150.26, 780, 150.00, 100, 70
2026/10/02 11:02:40.786, 150.29, 765, 150.00, 100, 70
2026/10/02 11:02:40.987, 150.29, 780, 150.00, 100, 70
2026/10/02 11:02:41.187, 149.38, 690, 150.00, 100, 70
2026/10/02 11:02:41.388, 149.73, 735, 150.00, 100, 70
2026/10/02 11:02:41.588, 138.09, 1680, 150.00, 87, 69
2026/10/02 11:02:41.789, 138.27, 780, 150.00, 62, 70
2026/10/02 11:02:41.989, 122.60, 1680, 150.00, 61, 68
2026/10/02 11:02:42.190, 108.03, 1680, 150.00, 0, 68
2026/10/02 11:02:42.390, 113.26, 1260, 150.00, 60, 70
2026/10/02 11:02:42.591, 103.05, 1680, 150.00, 12, 68
2026/10/02 11:02:42.791, 96.31, 1185, 150.00, 0, 68
2026/10/02 11:02:42.992, 92.64, 1680, 150.00, 62, 68
2026/10/02 11:02:43.192, 92.66, 1680, 150.00, 0, 67
2026/10/02 11:02:43.393, 106.30, 780, 150.00, 23, 69
2026/10/02 11:02:43.593, 109.99, 600, 150.00, 100, 69
2026/10/02 11:02:43.794, 108.65, 1680, 150.00, 52, 68
2026/10/02 11:02:43.994, 115.00, 1545, 150.00, 65, 69
2026/10/02 11:02:44.195, 115.03, 1680, 150.00, 0, 68
2026/10/02 11:02:44.395, 114.18, 1425, 150.00, 0, 69
2026/10/02 11:02:44.596, 98.72, 825, 150.00, 18, 67
2026/10/02 11:02:44.796, 99.44, 675, 150.00, 60, 68
2026/10/02 11:02:44.997, 93.10, 1680, 150.00, 64, 68
2026/10/02 11:02:45.197, 91.77, 1680, 150.00, 0, 67
2026/10/02 11:02:45.398, 98.05, 795, 150.00, 0, 69
2026/10/02 11:02:45.598, 101.08, 765, 150.00, 100, 69
2026/10/02 11:02:45.799, 111.59, 765, 150.00, 100, 70
2026/10/02 11:02:46.000, 123.00, 780, 150.00, 100, 70
2026/10/02 11:02:46.200, 134.86, 720, 150.00, 100, 69
2026/10/02 11:02:46.401, 148.85, 765, 150.00, 100, 70
2026/10/02 11:02:46.601, 150.28, 765, 150.00, 97, 70
2026/10/02 11:02:46.802, 150.29, 1560, 150.00, 100, 69
2026/10/02 11:02:47.002, 135.22, 1680, 150.00, 0, 68
2026/10/02 11:02:47.203, 127.83, 780, 150.00, 0, 69
2026/10/02 11:02:47.403, 131.43, 780, 150.00, 100, 70
2026/10/02 11:02:47.604, 131.24, 765, 150.00, 100, 70
2026/10/02 11:02:47.805, 127.78, 1155, 150.00, 86, 70
2026/10/02 11:02:48.005, 129.52, 780, 150.00, 48, 70
2026/10/02 11:02:48.206, 135.86, 1680, 150.00, 100, 69
2026/10/02 11:02:48.406, 121.21, 1680, 150.00, 0, 68
2026/10/02 11:02:48.607, 113.18, 780, 150.00, 3, 69
2026/10/02 11:02:48.808, 108.25, 1680, 150.00, 100, 68
2026/10/02 11:02:49.008, 115.68, 780, 150.00, 12, 69
2026/10/02 11:02:49.209, 115.06, 765, 150.00, 100, 70
2026/10/02 11:02:49.409, 117.00, 1620, 150.00, 79, 69
2026/10/02 11:02:49.610, 116.81, 1680, 150.00, 0, 68
2026/10/02 11:02:49.810, 124.48, 1515, 150.00, 35, 69
2026/10/02 11:02:50.011, 128.09, 1470, 150.00, 12, 70
2026/10/02 11:02:50.212, 113.29, 1680, 150.00, 14, 68
2026/10/02 11:02:50.412, 113.40, 990, 150.00, 4, 69
2026/10/02 11:02:50.613, 111.21, 1650, 150.00, 49, 69
2026/10/02 11:02:50.813, 103.29, 780, 150.00, 0, 69
2026/10/02 11:02:51.014, 111.13, 765, 150.00, 100, 70
2026/10/02 11:02:51.214, 109.93, 1605, 150.00, 85, 70
2026/10/02 11:02:51.415, 121.63, 1110, 150.00, 0, 70
2026/10/02 11:02:51.616, 123.69, 1440, 150.00, 77, 68
2026/10/02 11:02:51.816, 141.91, 765, 150.00, 51, 70
2026/10/02 11:02:52.017, 142.65, 1230, 150.00, 100, 70
2026/10/02 11:02:52.217, 126.83, 540, 150.00, 39, 68
2026/10/02 11:02:52.418, 137.33, 780, 150.00, 81, 70
2026/10/02 11:02:52.618, 130.14, 765, 150.00, 100, 70
2026/10/02 11:02:52.819, 135.76, 780, 150.00, 100, 70
2026/10/02 11:02:53.020, 127.54, 645, 150.00, 100, 69
2026/10/02 11:02:53.220, 126.28, 1665, 150.00, 99, 69
2026/10/02 11:02:53.421, 140.04, 945, 150.00, 27, 70
2026/10/02 11:02:53.621, 124.19, 1680, 150.00, 47, 68
2026/10/02 11:02:53.822, 121.26, 780, 150.00, 0, 69
2026/10/02 11:02:54.022, 121.06, 780, 150.00, 100, 70
2026/10/02 11:02:54.223, 130.79, 765, 150.00, 100, 70
2026/10/02 11:02:54.423, 132.78, 765, 150.00, 100, 70
2026/10/02 11:02:54.624, 141.30, 765, 150.00, 100, 70
2026/10/02 11:02:54.824, 147.44, 1665, 150.00, 100, 69
2026/10/02 11:02:55.025, 136.06, 780, 150.00, 0, 70
2026/10/02 11:02:55.226, 123.64, 630, 150.00, 90, 69
2026/10/02 11:02:55.426, 122.66, 780, 150.00, 73, 70
2026/10/02 11:02:55.627, 108.91, 1230, 150.00, 100, 69
2026/10/02 11:02:55.827, 111.11, 1680, 150.00, 6, 68
2026/10/02 11:02:56.028, 105.14, 1605, 150.00, 61, 69
2026/10/02 11:02:56.228, 106.52, 1665, 150.00, 50, 69
2026/10/02 11:02:56.429, 92.67, 1680, 150.00, 0, 68
2026/10/02 11:02:56.629, 86.42, 570, 150.00, 0, 68
2026/10/02 11:02:56.830, 82.59, 1650, 150.00, 63, 68
2026/10/02 11:02:57.030, 95.46, 750, 150.00, 23, 68
2026/10/02 11:02:57.231, 100.24, 1590, 150.00, 58, 69
2026/10/02 11:02:57.432, 120.46, 765, 150.00, 100, 70
2026/10/02 11:02:57.632, 123.36, 1035, 150.00, 69, 69
2026/10/02 11:02:57.833, 128.70, 1605, 150.00, 89, 69
2026/10/02 11:02:58.033, 122.93, 1095, 150.00, 100, 70
2026/10/02 11:02:58.234, 117.32, 1680, 150.00, 0, 68
2026/10/02 11:02:58.435, 99.96, 630, 150.00, 2, 69
2026/10/02 11:02:58.635, 104.95, 1320, 150.00, 85, 70
2026/10/02 11:02:58.836, 96.56, 1680, 150.00, 0, 68
2026/10/02 11:02:59.036, 93.07, 1695, 150.00, 0, 68
2026/10/02 11:02:59.237, 98.85, 1455, 150.00, 48, 69
2026/10/02 11:02:59.438, 97.61, 675, 150.00, 59, 69
2026/10/02 11:02:59.638, 96.60, 810, 150.00, 53, 68
2026/10/02 11:02:59.839, 93.50, 1410, 150.00, 0, 68
2026/10/02 11:03:00.039, 102.78, 1680, 150.00, 9, 68
2026/10/02 11:03:00.240, 102.69, 1680, 150.00, 0, 68
2026/10/02 11:03:00.440, 92.19, 585, 150.00, 0, 67
2026/10/02 11:03:00.641, 96.92, 870, 150.00, 100, 69
2026/10/02 11:03:00.841, 111.73, 1095, 150.00, 50, 70
2026/10/02 11:03:01.042, 111.82, 1230, 150.00, 33, 69
2026/10/02 11:03:01.243, 128.43, 765, 150.00, 100, 70
2026/10/02 11:03:01.443, 128.13, 1590, 150.00, 0, 68
2026/10/02 11:03:01.644, 142.38, 765, 150.00, 100, 70
2026/10/02 11:03:01.844, 128.30, 1680, 150.00, 0, 68
2026/10/02 11:03:02.045, 116.03, 1530, 150.00, 56, 69
2026/10/02 11:03:02.245, 121.20, 1680, 150.00, 31, 68
2026/10/02 11:03:02.446, 135.58, 1455, 150.00, 100, 70
2026/10/02 11:03:02.646, 124.52, 630, 150.00, 0, 69
2026/10/02 11:03:02.847, 121.58, 1665, 150.00, 51, 69
2026/10/02 11:03:03.047, 131.05, 1500, 150.00, 53, 69
2026/10/02 11:03:03.248, 106.73, 1680, 150.00, 0, 68
2026/10/02 11:03:03.448, 93.45, 600, 150.00, 0, 67
2026/10/02 11:03:03.649, 90.00, 1680, 150.00, 0, 68
2026/10/02 11:03:03.850, 102.87, 780, 150.00, 100, 69
2026/10/02 11:03:04.050, 105.94, 645, 150.00, 0, 68
2026/10/02 11:03:04.251, 103.32, 795, 150.00, 62, 69
2026/10/02 11:03:04.451, 118.03, 765, 150.00, 100, 70
2026/10/02 11:03:04.652, 129.38, 765, 150.00, 100, 70
2026/10/02 11:03:04.853, 132.34, 705, 150.00, 100, 70
2026/10/02 11:03:05.053, 135.14, 750, 150.00, 100, 70
2026/10/02 11:03:05.254, 150.18, 750, 150.00, 100, 70
2026/10/02 11:03:05.454, 150.00, 750, 150.00, 100, 70
2026/10/02 11:03:05.655, 149.83, 765, 150.00, 100, 71
2026/10/02 11:03:05.855, 149.62, 720, 150.00, 100, 71
2026/10/02 11:03:06.056, 148.41, 705, 150.00, 100, 70
2026/10/02 11:03:06.257, 149.87, 735, 150.00, 100, 71
2026/10/02 11:03:06.457, 150.11, 750, 150.00, 100, 71
2026/10/02 11:03:06.658, 150.05, 750, 150.00, 100, 71
2026/10/02 11:03:06.858, 143.51, 645, 150.00, 31, 70
2026/10/02 11:03:07.059, 128.60, 1680, 150.00, 0, 69
2026/10/02 11:03:07.260, 115.44, 585, 150.00, 0, 68
2026/10/02 11:03:07.460, 102.99, 1680, 150.00, 0, 68
2026/10/02 11:03:07.661, 88.67, 615, 150.00, 0, 68
2026/10/02 11:03:07.861, 83.34, 990, 150.00, 14, 70
2026/10/02 11:03:08.062, 93.32, 1050, 150.00, 17, 69
2026/10/02 11:03:08.263, 102.97, 780, 150.00, 36, 68
2026/10/02 11:03:08.463, 103.16, 1680, 150.00, 0, 68
2026/10/02 11:03:08.664, 109.86, 1665, 150.00, 52, 68
2026/10/02 11:03:08.864, 111.28, 705, 150.00, 4, 69
2026/10/02 11:03:09.065, 109.00, 1665, 150.00, 42, 68
2026/10/02 11:03:09.265, 99.54, 1425, 150.00, 43, 69
2026/10/02 11:03:09.466, 97.53, 1680, 150.00, 0, 68
2026/10/02 11:03:09.666, 90.03, 1695, 150.00, 0, 67
2026/10/02 11:03:09.867, 91.44, 615, 150.00, 0, 67
2026/10/02 11:03:10.068, 95.08, 1380, 150.00, 38, 69
2026/10/02 11:03:10.268, 95.37, 630, 150.00, 0, 68
2026/10/02 11:03:10.469, 89.28, 1665, 150.00, 47, 68
2026/10/02 11:03:10.669, 89.18, 690, 150.00, 0, 67
2026/10/02 11:03:10.870, 92.74, 1680, 150.00, 0, 67
2026/10/02 11:03:11.070, 101.07, 795, 150.00, 63, 69
2026/10/02 11:03:11.271, 91.67, 720, 150.00, 63, 68
2026/10/02 11:03:11.471, 88.02, 1680, 150.00, 0, 68
2026/10/02 11:03:11.672, 89.24, 1680, 150.00, 0, 67
2026/10/02 11:03:11.872, 85.30, 615, 150.00, 0, 67
2026/10/02 11:03:12.072, 91.22, 1650, 150.00, 67, 68
2026/10/02 11:03:12.273, 81.18, 1680, 150.00, 0, 67
2026/10/02 11:03:12.474, 89.53, 1425, 150.00, 43, 68
2026/10/02 11:03:12.674, 88.39, 1635, 150.00, 61, 68
2026/10/02 11:03:12.875, 88.17, 1035, 150.00, 0, 67
2026/10/02 11:03:13.075, 100.74, 765, 150.00, 39, 69
2026/10/02 11:03:13.276, 108.34, 1680, 150.00, 6, 67
2026/10/02 11:03:13.476, 115.62, 1560, 150.00, 63, 68
2026/10/02 11:03:13.677, 115.61, 1680, 150.00, 21, 67
2026/10/02 11:03:13.878, 116.39, 1680, 150.00, 0, 67
2026/10/02 11:03:14.078, 122.74, 1680, 150.00, 26, 67
2026/10/02 11:03:14.279, 113.60, 1080, 150.00, 16, 68
2026/10/02 11:03:14.479, 132.34, 1455, 150.00, 100, 69
2026/10/02 11:03:14.680, 111.36, 1650, 150.00, 59, 68
2026/10/02 11:03:14.880, 112.05, 1680, 150.00, 0, 67
2026/10/02 11:03:15.081, 98.16, 1695, 150.00, 0, 67
2026/10/02 11:03:15.282, 107.74, 795, 150.00, 59, 68
2026/10/02 11:03:15.482, 88.41, 1680, 150.00, 0, 67
2026/10/02 11:03:15.683, 81.77, 1680, 150.00, 0, 67
2026/10/02 11:03:15.883, 83.06, 1695, 150.00, 0, 66
2026/10/02 11:03:16.084, 83.11, 1425, 150.00, 0, 66
2026/10/02 11:03:16.284, 100.95, 780, 150.00, 100, 68
2026/10/02 11:03:16.485, 96.14, 1665, 150.00, 51, 67
2026/10/02 11:03:16.685, 96.43, 1680, 150.00, 0, 67
2026/10/02 11:03:16.886, 96.46, 1695, 150.00, 0, 66
2026/10/02 11:03:17.086, 102.78, 675, 150.00, 9, 67
2026/10/02 11:03:17.287, 106.39, 780, 150.00, 100, 68
2026/10/02 11:03:17.487, 102.95, 1590, 150.00, 63, 68
2026/10/02 11:03:17.688, 103.84, 1005, 150.00, 0, 67
2026/10/02 11:03:17.889, 123.08, 750, 150.00, 27, 68
2026/10/02 11:03:18.089, 137.71, 780, 150.00, 100, 69
2026/10/02 11:03:18.290, 130.96, 1665, 150.00, 60, 68
2026/10/02 11:03:18.490, 126.12, 1665, 150.00, 42, 67
2026/10/02 11:03:18.691, 122.38, 1680, 150.00, 0, 67
2026/10/02 11:03:18.891, 121.07, 1665, 150.00, 49, 67
2026/10/02 11:03:19.092, 98.14, 1650, 150.00, 57, 67
2026/10/02 11:03:19.293, 83.16, 1680, 150.00, 0, 66
2026/10/02 11:03:19.493, 72.99, 1695, 150.00, 0, 66
2026/10/02 11:03:19.694, 74.30, 645, 150.00, 1, 67
2026/10/02 11:03:19.894, 68.19, 1680, 150.00, 0, 66
2026/10/02 11:03:20.095, 80.95, 1020, 150.00, 17, 67
2026/10/02 11:03:20.295, 80.85, 1680, 150.00, 0, 66
2026/10/02 11:03:20.496, 80.81, 1695, 150.00, 0, 66
2026/10/02 11:03:20.696, 92.74, 960, 150.00, 46, 67
2026/10/02 11:03:20.897, 101.26, 1680, 150.00, 8, 66
2026/10/02 11:03:21.097, 101.35, 1680, 150.00, 0, 66
2026/10/02 11:03:21.298, 91.06, 1695, 150.00, 0, 66
2026/10/02 11:03:21.498, 91.19, 630, 150.00, 0, 66
2026/10/02 11:03:21.699, 105.11, 1395, 150.00, 100, 68
2026/10/02 11:03:21.899, 98.19, 1335, 150.00, 32, 68
2026/10/02 11:03:22.100, 107.51, 1545, 150.00, 56, 67
2026/10/02 11:03:22.300, 107.11, 1680, 150.00, 0, 66
2026/10/02 11:03:22.501, 117.93, 1500, 150.00, 50, 68
2026/10/02 11:03:22.701, 118.18, 810, 150.00, 65, 67
2026/10/02 11:03:22.902, 119.39, 795, 150.00, 88, 68
2026/10/02 11:03:23.103, 104.77, 1650, 150.00, 61, 67
2026/10/02 11:03:23.303, 95.39, 1680, 150.00, 0, 66
2026/10/02 11:03:23.504, 94.40, 705, 150.00, 61, 68
2026/10/02 11:03:23.704, 83.11, 585, 150.00, 0, 66
2026/10/02 11:03:23.905, 79.85, 1665, 150.00, 61, 67
2026/10/02 11:03:24.105, 81.90, 1560, 150.00, 62, 67
2026/10/02 11:03:24.306, 82.15, 1680, 150.00, 0, 66
2026/10/02 11:03:24.506, 82.15, 615, 150.00, 0, 66
2026/10/02 11:03:24.707, 89.54, 1590, 150.00, 59, 67
2026/10/02 11:03:24.907, 83.03, 1680, 150.00, 0, 66
2026/10/02 11:03:25.108, 84.09, 1695, 150.00, 0, 66
2026/10/02 11:03:25.308, 90.56, 1365, 150.00, 37, 67
2026/10/02 11:03:25.509, 102.57, 1170, 150.00, 22, 67
2026/10/02 11:03:25.710, 100.89, 1680, 150.00, 0, 66
2026/10/02 11:03:25.910, 95.24, 1650, 150.00, 61, 66
2026/10/02 11:03:26.111, 107.05, 1680, 150.00, 23, 66
2026/10/02 11:03:26.311, 106.94, 1680, 150.00, 0, 66
2026/10/02 11:03:26.512, 94.02, 1695, 150.00, 0, 65
2026/10/02 11:03:26.712, 82.26, 1695, 150.00, 0, 65
2026/10/02 11:03:26.913, 82.45, 1200, 150.00, 61, 67
2026/10/02 11:03:27.113, 69.44, 915, 150.00, 0, 67
2026/10/02 11:03:27.314, 69.69, 1680, 150.00, 0, 66
2026/10/02 11:03:27.514, 69.72, 1695, 150.00, 0, 65
2026/10/02 11:03:27.715, 69.67, 1695, 150.00, 0, 65
2026/10/02 11:03:27.916, 83.60, 825, 150.00, 24, 67
2026/10/02 11:03:28.116, 100.32, 795, 150.00, 100, 67
2026/10/02 11:03:28.317, 116.86, 1440, 150.00, 91, 68
2026/10/02 11:03:28.517, 115.98, 615, 150.00, 0, 66
2026/10/02 11:03:28.718, 124.07, 1680, 150.00, 5, 66
2026/10/02 11:03:28.919, 123.97, 1110, 150.00, 0, 65
2026/10/02 11:03:29.119, 113.55, 1680, 150.00, 22, 66
2026/10/02 11:03:29.319, 98.46, 1680, 150.00, 0, 65
2026/10/02 11:03:29.520, 112.85, 1590, 150.00, 100, 67
2026/10/02 11:03:29.721, 103.61, 1680, 150.00, 0, 66
2026/10/02 11:03:29.921, 104.09, 1110, 150.00, 0, 65
2026/10/02 11:03:30.122, 112.03, 1605, 150.00, 79, 66
2026/10/02 11:03:30.322, 112.30, 1680, 150.00, 0, 65
2026/10/02 11:03:30.523, 107.52, 1680, 150.00, 42, 66
2026/10/02 11:03:30.723, 115.54, 1500, 150.00, 32, 67
2026/10/02 11:03:30.924, 127.08, 1680, 150.00, 32, 66
2026/10/02 11:03:31.124, 114.39, 1680, 150.00, 0, 65
2026/10/02 11:03:31.325, 106.99, 915, 150.00, 0, 66
2026/10/02 11:03:31.525, 95.42, 990, 150.00, 0, 65
2026/10/02 11:03:31.726, 107.99, 1170, 150.00, 9, 65
2026/10/02 11:03:31.926, 93.28, 1680, 150.00, 23, 65
2026/10/02 11:03:32.127, 105.86, 750, 150.00, 45, 67
2026/10/02 11:03:32.327, 119.92, 1650, 150.00, 92, 66
2026/10/02 11:03:32.528, 120.98, 1260, 150.00, 4, 66
2026/10/02 11:03:32.728, 107.97, 1680, 150.00, 0, 65
2026/10/02 11:03:32.929, 95.19, 1110, 150.00, 0, 66
2026/10/02 11:03:33.130, 94.96, 1680, 150.00, 0, 65
2026/10/02 11:03:33.330, 73.61, 945, 150.00, 56, 66
2026/10/02 11:03:33.531, 87.86, 1635, 150.00, 92, 66
2026/10/02 11:03:33.731, 87.74, 675, 150.00, 0, 65
2026/10/02 11:03:33.932, 89.43, 1680, 150.00, 0, 65
2026/10/02 11:03:34.132, 90.42, 1695, 150.00, 0, 65
2026/10/02 11:03:34.333, 91.16, 1695, 150.00, 0, 65
2026/10/02 11:03:34.534, 72.31, 1695, 150.00, 0, 65
2026/10/02 11:03:34.734, 72.70, 1695, 150.00, 0, 65
2026/10/02 11:03:34.935, 72.70, 1695, 150.00, 0, 65
2026/10/02 11:03:35.135, 85.36, 1305, 150.00, 0, 65
2026/10/02 11:03:35.336, 82.66, 1680, 150.00, 51, 65
2026/10/02 11:03:35.536, 82.49, 1695, 150.00, 0, 64
2026/10/02 11:03:35.737, 82.42, 630, 150.00, 0, 64
2026/10/02 11:03:35.938, 87.42, 1680, 150.00, 59, 65
2026/10/02 11:03:36.138, 78.74, 1680, 150.00, 0, 64
2026/10/02 11:03:36.339, 78.59, 1695, 150.00, 0, 64
2026/10/02 11:03:36.539, 82.25, 1680, 150.00, 8, 65
2026/10/02 11:03:36.740, 82.12, 1680, 150.00, 0, 64
2026/10/02 11:03:36.940, 73.54, 1005, 150.00, 0, 64
2026/10/02 11:03:37.141, 85.44, 1680, 150.00, 47, 65
2026/10/02 11:03:37.342, 85.45, 1665, 150.00, 0, 65
2026/10/02 11:03:37.542, 80.44, 1680, 150.00, 0, 64
2026/10/02 11:03:37.743, 81.72, 630, 150.00, 0, 64
2026/10/02 11:03:37.944, 89.03, 1665, 150.00, 65, 65
2026/10/02 11:03:38.144, 89.98, 885, 150.00, 0, 66
2026/10/02 11:03:38.345, 114.08, 780, 150.00, 66, 66
2026/10/02 11:03:38.545, 120.92, 1680, 150.00, 100, 65
2026/10/02 11:03:38.746, 120.92, 1680, 150.00, 0, 65
2026/10/02 11:03:38.947, 125.85, 780, 150.00, 0, 66
2026/10/02 11:03:39.147, 133.02, 1035, 150.00, 92, 65
2026/10/02 11:03:39.348, 120.88, 1680, 150.00, 43, 65
2026/10/02 11:03:39.548, 100.50, 1185, 150.00, 0, 64
2026/10/02 11:03:39.749, 113.73, 1680, 150.00, 37, 65
2026/10/02 11:03:39.949, 113.69, 1680, 150.00, 0, 64
2026/10/02 11:03:40.150, 94.09, 1695, 150.00, 0, 64
2026/10/02 11:03:40.351, 82.31, 1695, 150.00, 0, 64
2026/10/02 11:03:40.551, 83.12, 1035, 150.00, 0, 64
2026/10/02 11:03:40.752, 81.05, 1680, 150.00, 43, 64
2026/10/02 11:03:40.952, 81.89, 1680, 150.00, 0, 64
2026/10/02 11:03:41.153, 88.31, 795, 150.00, 0, 65
2026/10/02 11:03:41.353, 94.64, 600, 150.00, 100, 65
2026/10/02 11:03:41.554, 109.63, 1275, 150.00, 67, 66
2026/10/02 11:03:41.754, 96.36, 1680, 150.00, 56, 65
2026/10/02 11:03:41.955, 97.08, 1695, 150.00, 0, 64
2026/10/02 11:03:42.155, 97.19, 1695, 150.00, 0, 64
2026/10/02 11:03:42.356, 92.11, 1620, 150.00, 0, 66
2026/10/02 11:03:42.556, 108.19, 1575, 150.00, 30, 66
2026/10/02 11:03:42.757, 113.27, 1560, 150.00, 19, 66
2026/10/02 11:03:42.957, 120.92, 1680, 150.00, 33, 65
2026/10/02 11:03:43.158, 120.81, 1680, 150.00, 0, 64
2026/10/02 11:03:43.358, 120.79, 1695, 150.00, 0, 64
2026/10/02 11:03:43.559, 97.95, 1695, 150.00, 0, 64
2026/10/02 11:03:43.759, 104.18, 1515, 150.00, 0, 66
2026/10/02 11:03:43.960, 96.77, 1500, 150.00, 24, 66
2026/10/02 11:03:44.161, 96.21, 1665, 150.00, 27, 65
2026/10/02 11:03:44.361, 96.06, 1680, 150.00, 0, 64
2026/10/02 11:03:44.562, 96.02, 1695, 150.00, 0, 64
2026/10/02 11:03:44.762, 96.01, 1695, 150.00, 0, 64
2026/10/02 11:03:44.963, 89.47, 1110, 150.00, 0, 65
2026/10/02 11:03:45.163, 75.04, 1680, 150.00, 66, 64
2026/10/02 11:03:45.364, 75.93, 690, 150.00, 0, 64
2026/10/02 11:03:45.565, 81.48, 1680, 150.00, 87, 65
2026/10/02 11:03:45.765, 81.38, 1680, 150.00, 0, 64
2026/10/02 11:03:45.966, 81.30, 1695, 150.00, 0, 64
2026/10/02 11:03:46.166, 74.29, 1665, 150.00, 2, 64
2026/10/02 11:03:46.367, 74.30, 1680, 150.00, 0, 64
2026/10/02 11:03:46.567, 78.86, 1350, 150.00, 0, 65
2026/10/02 11:03:46.768, 78.62, 1680, 150.00, 45, 64
2026/10/02 11:03:46.968, 100.79, 1530, 150.00, 19, 66
2026/10/02 11:03:47.169, 99.87, 1680, 150.00, 26, 64
2026/10/02 11:03:47.369, 101.09, 1695, 150.00, 0, 64
2026/10/02 11:03:47.570, 111.81, 1470, 150.00, 7, 65
2026/10/02 11:03:47.770, 114.75, 885, 150.00, 37, 66
2026/10/02 11:03:47.971, 120.14, 1635, 150.00, 68, 65
2026/10/02 11:03:48.171, 111.17, 1680, 150.00, 0, 64
2026/10/02 11:03:48.372, 111.20, 1695, 150.00, 0, 64
2026/10/02 11:03:48.572, 107.50, 1695, 150.00, 0, 64
2026/10/02 11:03:48.773, 105.96, 675, 150.00, 9, 64
2026/10/02 11:03:48.973, 87.28, 1680, 150.00, 85, 65
2026/10/02 11:03:49.174, 96.37, 1530, 150.00, 14, 66
2026/10/02 11:03:49.375, 95.54, 1680, 150.00, 28, 64
2026/10/02 11:03:49.575, 95.43, 1695, 150.00, 0, 64
2026/10/02 11:03:49.776, 99.07, 630, 150.00, 0, 64
2026/10/02 11:03:49.976, 93.16, 1680, 150.00, 59, 64
2026/10/02 11:03:50.177, 76.65, 1680, 150.00, 0, 64
2026/10/02 11:03:50.377, 77.51, 1695, 150.00, 0, 63
2026/10/02 11:03:50.578, 76.37, 1185, 150.00, 0, 65
2026/10/02 11:03:50.778, 88.29, 825, 150.00, 56, 65
2026/10/02 11:03:50.979, 80.45, 1680, 150.00, 85, 64
2026/10/02 11:03:51.179, 79.83, 1665, 150.00, 0, 64
2026/10/02 11:03:51.379, 92.06, 1035, 150.00, 0, 64
2026/10/02 11:03:51.580, 102.39, 750, 150.00, 44, 65
2026/10/02 11:03:51.781, 93.58, 1680, 150.00, 69, 64
2026/10/02 11:03:51.981, 111.25, 855, 150.00, 0, 65
2026/10/02 11:03:52.182, 125.28, 1680, 150.00, 51, 64
2026/10/02 11:03:52.382, 136.59, 1500, 150.00, 23, 66
2026/10/02 11:03:52.582, 116.53, 1680, 150.00, 30, 64
2026/10/02 11:03:52.783, 129.17, 1695, 150.00, 0, 64
2026/10/02 11:03:52.983, 127.19, 1590, 150.00, 28, 65
2026/10/02 11:03:53.184, 117.06, 1680, 150.00, 14, 64
2026/10/02 11:03:53.385, 90.83, 1695, 150.00, 0, 64
2026/10/02 11:03:53.585, 99.15, 1620, 150.00, 0, 64
2026/10/02 11:03:53.786, 99.18, 1680, 150.00, 0, 64
2026/10/02 11:03:53.986, 76.62, 1695, 150.00, 0, 63
2026/10/02 11:03:54.187, 77.20, 1695, 150.00, 0, 63
2026/10/02 11:03:54.387, 99.75, 855, 150.00, 0, 64
2026/10/02 11:03:54.588, 110.70, 825, 150.00, 86, 65
2026/10/02 11:03:54.788, 110.76, 1680, 150.00, 97, 64
2026/10/02 11:03:54.989, 110.75, 1680, 150.00, 0, 63
2026/10/02 11:03:55.189, 110.77, 1695, 150.00, 0, 63
2026/10/02 11:03:55.390, 97.00, 1695, 150.00, 0, 63
2026/10/02 11:03:55.590, 77.48, 1695, 150.00, 0, 63
2026/10/02 11:03:55.791, 82.40, 810, 150.00, 0, 65
2026/10/02 11:03:55.992, 82.10, 1680, 150.00, 87, 64
2026/10/02 11:03:56.192, 101.62, 1410, 150.00, 0, 64
2026/10/02 11:03:56.393, 100.33, 1680, 150.00, 46, 64
2026/10/02 11:03:56.593, 100.23, 1680, 150.00, 0, 63
2026/10/02 11:03:56.794, 99.58, 630, 150.00, 0, 63
2026/10/02 11:03:56.994, 108.34, 1020, 150.00, 3, 63
2026/10/02 11:03:57.195, 96.77, 1680, 150.00, 15, 63
2026/10/02 11:03:57.396, 89.14, 1680, 150.00, 0, 63
2026/10/02 11:03:57.596, 89.16, 1665, 150.00, 59, 64
2026/10/02 11:03:57.797, 87.97, 1200, 150.00, 3, 64
2026/10/02 11:03:57.997, 79.44, 1680, 150.00, 0, 63
2026/10/02 11:03:58.198, 68.01, 1695, 150.00, 0, 63
2026/10/02 11:03:58.398, 82.22, 1500, 150.00, 31, 64
2026/10/02 11:03:58.599, 81.97, 1680, 150.00, 0, 63
2026/10/02 11:03:58.799, 82.12, 1695, 150.00, 0, 63
2026/10/02 11:03:59.000, 90.42, 735, 150.00, 0, 64
2026/10/02 11:03:59.200, 98.98, 1530, 150.00, 85, 65
2026/10/02 11:03:59.400, 91.46, 570, 150.00, 0, 63
2026/10/02 11:03:59.601, 93.15, 1665, 150.00, 79, 64
2026/10/02 11:03:59.801, 93.21, 1680, 150.00, 0, 63
2026/10/02 11:04:00.002, 93.25, 1695, 150.00, 0, 63
2026/10/02 11:04:00.202, 77.81, 675, 150.00, 0, 63
2026/10/02 11:04:00.403, 85.06, 705, 150.00, 0, 63
2026/10/02 11:04:00.603, 74.74, 1050, 150.00, 52, 64
2026/10/02 11:04:00.804, 81.14, 1155, 150.00, 77, 65
2026/10/02 11:04:01.005, 89.56, 1680, 150.00, 0, 64
2026/10/02 11:04:01.205, 106.16, 1485, 150.00, 77, 65
2026/10/02 11:04:01.406, 117.54, 780, 150.00, 55, 66
2026/10/02 11:04:01.606, 127.12, 795, 150.00, 100, 66
2026/10/02 11:04:01.807, 127.55, 1395, 150.00, 100, 66
2026/10/02 11:04:02.008, 128.52, 1680, 150.00, 0, 64
2026/10/02 11:04:02.208, 112.47, 1695, 150.00, 0, 63
2026/10/02 11:04:02.409, 112.52, 1035, 150.00, 52, 64
2026/10/02 11:04:02.609, 111.78, 1260, 150.00, 11, 64
2026/10/02 11:04:02.810, 106.32, 1545, 150.00, 65, 65
2026/10/02 11:04:03.010, 107.37, 1680, 150.00, 0, 64
2026/10/02 11:04:03.211, 106.95, 1665, 150.00, 60, 64
2026/10/02 11:04:03.412, 111.35, 660, 150.00, 0, 63
2026/10/02 11:04:03.612, 115.34, 810, 150.00, 100, 65
2026/10/02 11:04:03.813, 94.28, 1650, 150.00, 90, 65
2026/10/02 11:04:04.013, 95.04, 1680, 150.00, 0, 64
2026/10/02 11:04:04.214, 109.39, 825, 150.00, 87, 65
2026/10/02 11:04:04.414, 131.48, 1605, 150.00, 100, 65
2026/10/02 11:04:04.615, 117.78, 645, 150.00, 34, 64
2026/10/02 11:04:04.816, 105.35, 1680, 150.00, 0, 64
2026/10/02 11:04:05.016, 115.48, 1410, 150.00, 17, 65
2026/10/02 11:04:05.217, 120.02, 855, 150.00, 0, 64
2026/10/02 11:04:05.417, 104.13, 1680, 150.00, 10, 64
2026/10/02 11:04:05.618, 90.80, 1680, 150.00, 0, 63
2026/10/02 11:04:05.818, 89.91, 1695, 150.00, 0, 63
2026/10/02 11:04:06.019, 79.05, 1695, 150.00, 0, 63
2026/10/02 11:04:06.219, 79.33, 870, 150.00, 59, 64
2026/10/02 11:04:06.420, 68.68, 1680, 150.00, 0, 64
2026/10/02 11:04:06.620, 68.69, 1695, 150.00, 0, 63
2026/10/02 11:04:06.821, 70.84, 1650, 150.00, 57, 64
2026/10/02 11:04:07.021, 71.88, 660, 150.00, 0, 63
2026/10/02 11:04:07.222, 72.21, 840, 150.00, 0, 64
2026/10/02 11:04:07.423, 84.78, 1065, 150.00, 0, 63
2026/10/02 11:04:07.623, 92.40, 930, 150.00, 100, 65
2026/10/02 11:04:07.824, 88.97, 1665, 150.00, 61, 64
2026/10/02 11:04:08.024, 89.31, 1680, 150.00, 0, 63
2026/10/02 11:04:08.225, 88.46, 1695, 150.00, 0, 63
2026/10/02 11:04:08.425, 100.76, 1005, 150.00, 0, 63
2026/10/02 11:04:08.626, 88.09, 1635, 150.00, 98, 65
2026/10/02 11:04:08.826, 94.51, 1230, 150.00, 82, 65
2026/10/02 11:04:09.027, 109.29, 810, 150.00, 100, 65
2026/10/02 11:04:09.227, 108.65, 1680, 150.00, 19, 64
2026/10/02 11:04:09.428, 114.26, 1320, 150.00, 10, 65
2026/10/02 11:04:09.628, 109.94, 1035, 150.00, 51, 65
2026/10/02 11:04:09.829, 111.55, 1650, 150.00, 58, 65
2026/10/02 11:04:10.030, 105.56, 1680, 150.00, 0, 64
2026/10/02 11:04:10.230, 98.39, 1695, 150.00, 0, 63
2026/10/02 11:04:10.431, 91.60, 1695, 150.00, 0, 63
2026/10/02 11:04:10.631, 82.14, 1695, 150.00, 0, 63
2026/10/02 11:04:10.832, 70.95, 1665, 150.00, 58, 64
2026/10/02 11:04:11.032, 71.70, 1665, 150.00, 58, 64
2026/10/02 11:04:11.233, 71.63, 1680, 150.00, 0, 63
2026/10/02 11:04:11.433, 79.14, 1215, 150.00, 59, 64
2026/10/02 11:04:11.634, 77.92, 1395, 150.00, 0, 63
2026/10/02 11:04:11.834, 75.62, 1680, 150.00, 0, 63
2026/10/02 11:04:12.035, 75.39, 1695, 150.00, 0, 63
2026/10/02 11:04:12.235, 75.70, 1695, 150.00, 0, 63
2026/10/02 11:04:12.436, 68.94, 1695, 150.00, 0, 63
2026/10/02 11:04:12.637, 68.18, 1695, 150.00, 0, 63
2026/10/02 11:04:12.837, 83.98, 1650, 150.00, 100, 64
2026/10/02 11:04:13.038, 85.29, 1665, 150.00, 57, 64
2026/10/02 11:04:13.238, 117.38, 1620, 150.00, 36, 64
2026/10/02 11:04:13.439, 116.09, 1680, 150.00, 0, 63
2026/10/02 11:04:13.640, 106.79, 1680, 150.00, 0, 63
2026/10/02 11:04:13.840, 100.66, 1680, 150.00, 0, 63
2026/10/02 11:04:14.041, 105.45, 840, 150.00, 59, 63
2026/10/02 11:04:14.241, 83.56, 1680, 150.00, 0, 63
2026/10/02 11:04:14.442, 81.73, 1650, 150.00, 1, 64
2026/10/02 11:04:14.642, 97.44, 825, 150.00, 53, 64
2026/10/02 11:04:14.843, 112.72, 795, 150.00, 30, 63
2026/10/02 11:04:15.043, 111.93, 1680, 150.00, 0, 63
2026/10/02 11:04:15.244, 110.60, 1680, 150.00, 8, 63
2026/10/02 11:04:15.444, 117.02, 825, 150.00, 100, 65
2026/10/02 11:04:15.645, 116.28, 1665, 150.00, 0, 64
2026/10/02 11:04:15.846, 106.87, 1680, 150.00, 0, 63
2026/10/02 11:04:16.046, 92.59, 1695, 150.00, 0, 63
2026/10/02 11:04:16.247, 93.39, 1695, 150.00, 0, 63
2026/10/02 11:04:16.447, 92.86, 1560, 150.00, 38, 64
2026/10/02 11:04:16.648, 80.31, 1680, 150.00, 3, 63
2026/10/02 11:04:16.848, 78.87, 1095, 150.00, 65, 64
2026/10/02 11:04:17.049, 77.71, 1680, 150.00, 0, 63
2026/10/02 11:04:17.250, 78.53, 1665, 150.00, 0, 64
2026/10/02 11:04:17.450, 65.88, 1680, 150.00, 0, 63
2026/10/02 11:04:17.651, 67.09, 1695, 150.00, 0, 63
2026/10/02 11:04:17.852, 67.61, 1680, 150.00, 0, 63
2026/10/02 11:04:18.052, 80.84, 615, 150.00, 49, 63
2026/10/02 11:04:18.253, 79.11, 1680, 150.00, 0, 63
2026/10/02 11:04:18.453, 80.24, 1680, 150.00, 0, 63
2026/10/02 11:04:18.654, 81.35, 1650, 150.00, 0, 63
2026/10/02 11:04:18.854, 81.78, 1680, 150.00, 0, 62
2026/10/02 11:04:19.055, 81.82, 1695, 150.00, 0, 62
2026/10/02 11:04:19.255, 78.89, 600, 150.00, 61, 62
2026/10/02 11:04:19.456, 80.97, 1650, 150.00, 0, 63
2026/10/02 11:04:19.657, 78.47, 1680, 150.00, 0, 62
2026/10/02 11:04:19.857, 78.76, 1695, 150.00, 0, 62
2026/10/02 11:04:20.058, 92.21, 1695, 150.00, 21, 62
2026/10/02 11:04:20.258, 91.08, 1680, 150.00, 2, 63
2026/10/02 11:04:20.459, 79.44, 1665, 150.00, 0, 63
2026/10/02 11:04:20.659, 78.63, 1680, 150.00, 0, 63
2026/10/02 11:04:20.860, 78.58, 1680, 150.00, 0, 62
2026/10/02 11:04:21.060, 85.49, 735, 150.00, 100, 63
2026/10/02 11:04:21.261, 71.21, 1140, 150.00, 61, 64
2026/10/02 11:04:21.462, 72.14, 1680, 150.00, 0, 63
2026/10/02 11:04:21.662, 73.19, 1695, 150.00, 0, 62
2026/10/02 11:04:21.863, 80.02, 660, 150.00, 84, 63
2026/10/02 11:04:22.063, 95.70, 795, 150.00, 100, 64
2026/10/02 11:04:22.264, 105.27, 795, 150.00, 100, 65
2026/10/02 11:04:22.464, 113.15, 1500, 150.00, 34, 65
2026/10/02 11:04:22.665, 137.16, 825, 150.00, 77, 65
2026/10/02 11:04:22.865, 136.41, 1680, 150.00, 4, 63
2026/10/02 11:04:23.066, 129.23, 1365, 150.00, 48, 65
2026/10/02 11:04:23.266, 113.53, 1680, 150.00, 0, 63
2026/10/02 11:04:23.467, 98.21, 1695, 150.00, 0, 63
2026/10/02 11:04:23.668, 84.17, 1350, 150.00, 59, 63
2026/10/02 11:04:23.868, 78.79, 1485, 150.00, 49, 63
2026/10/02 11:04:24.068, 70.43, 1680, 150.00, 0, 63
2026/10/02 11:04:24.269, 71.50, 1695, 150.00, 0, 62
2026/10/02 11:04:24.469, 71.51, 1695, 150.00, 0, 62
2026/10/02 11:04:24.670, 83.15, 1620, 150.00, 17, 64
2026/10/02 11:04:24.870, 79.05, 1680, 150.00, 0, 62
2026/10/02 11:04:25.071, 92.51, 1050, 150.00, 45, 62
2026/10/02 11:04:25.271, 91.96, 1680, 150.00, 0, 62
2026/10/02 11:04:25.472, 91.86, 1680, 150.00, 0, 62
2026/10/02 11:04:25.672, 79.41, 1695, 150.00, 0, 62
2026/10/02 11:04:25.873, 80.16, 1695, 150.00, 0, 62
2026/10/02 11:04:26.073, 87.05, 720, 150.00, 98, 63
2026/10/02 11:04:26.274, 93.24, 1545, 150.00, 41, 64
2026/10/02 11:04:26.474, 92.16, 1680, 150.00, 0, 63
2026/10/02 11:04:26.675, 92.13, 1680, 150.00, 0, 62
2026/10/02 11:04:26.875, 94.89, 1005, 150.00, 60, 62
2026/10/02 11:04:27.076, 95.34, 1665, 150.00, 0, 63
2026/10/02 11:04:27.277, 90.23, 660, 150.00, 55, 62
2026/10/02 11:04:27.477, 80.57, 1680, 150.00, 0, 62
2026/10/02 11:04:27.678, 80.61, 1680, 150.00, 0, 62
2026/10/02 11:04:27.878, 82.24, 1665, 150.00, 0, 63
2026/10/02 11:04:28.079, 78.77, 1680, 150.00, 0, 62
2026/10/02 11:04:28.279, 78.95, 1695, 150.00, 0, 62
2026/10/02 11:04:28.480, 69.99, 1695, 150.00, 0, 62
2026/10/02 11:04:28.681, 69.96, 1695, 150.00, 0, 62
2026/10/02 11:04:28.881, 69.96, 1695, 150.00, 0, 62
2026/10/02 11:04:29.082, 69.96, 1695, 150.00, 0, 62
2026/10/02 11:04:29.282, 69.96, 1695, 150.00, 0, 62
2026/10/02 11:04:29.483, 69.96, 1695, 150.00, 0, 62
2026/10/02 11:04:29.683, 68.20, 1695, 150.00, 0, 62
2026/10/02 11:04:29.884, 68.20, 1695, 150.00, 0, 61
2026/10/02 11:04:30.084, 68.20, 1695, 150.00, 0, 61
2026/10/02 11:04:30.285, 68.20, 1695, 150.00, 0, 61
2026/10/02 11:04:30.486, 68.20, 1695, 150.00, 0, 61
2026/10/02 11:04:30.686, 67.96, 1695, 150.00, 0, 61
2026/10/02 11:04:30.887, 67.96, 1695, 150.00, 0, 61
2026/10/02 11:04:31.087, 67.96, 1695, 150.00, 0, 61
2026/10/02 11:04:31.288, 67.96, 1695, 150.00, 0, 61
2026/10/02 11:04:31.489, 67.96, 1695, 150.00, 0, 61
2026/10/02 11:04:31.689, 67.77, 1695, 150.00, 0, 61
2026/10/02 11:04:31.890, 67.77, 1695, 150.00, 0, 61
2026/10/02 11:04:32.090, 67.77, 1695, 150.00, 0, 61
2026/10/02 11:04:32.290, 67.77, 1695, 150.00, 0, 61
2026/10/02 11:04:32.491, 67.77, 1695, 150.00, 0, 61
2026/10/02 11:04:32.691, 67.62, 1695, 150.00, 0, 61
2026/10/02 11:04:32.892, 67.62, 1695, 150.00, 0, 61
2026/10/02 11:04:33.092, 67.62, 1695, 150.00, 0, 61
2026/10/02 11:04:33.293, 67.62, 1695, 150.00, 0, 61
2026/10/02 11:04:33.493, 67.62, 1695, 150.00, 0, 61
2026/10/02 11:04:33.694, 67.48, 1695, 150.00, 0, 61
2026/10/02 11:04:33.894, 67.48, 1695, 150.00, 0, 60
2026/10/02 11:04:34.095, 67.48, 1695, 150.00, 0, 60
2026/10/02 11:04:34.296, 67.48, 1695, 150.00, 0, 60
2026/10/02 11:04:34.496, 67.48, 1695, 150.00, 0, 60
2026/10/02 11:04:34.697, 67.20, 1695, 150.00, 0, 60
2026/10/02 11:04:34.897, 67.20, 1695, 150.00, 0, 60
2026/10/02 11:04:35.098, 67.20, 1695, 150.00, 0, 60
2026/10/02 11:04:35.298, 67.20, 1695, 150.00, 0, 60
2026/10/02 11:04:35.499, 67.20, 1695, 150.00, 0, 60
2026/10/02 11:04:35.699, 67.02, 1695, 150.00, 0, 60
2026/10/02 11:04:35.900, 67.02, 1695, 150.00, 0, 60
2026/10/02 11:04:36.101, 67.02, 1695, 150.00, 0, 60
2026/10/02 11:04:36.301, 67.02, 1695, 150.00, 0, 60
2026/10/02 11:04:36.502, 67.02, 1695, 150.00, 0, 60
2026/10/02 11:04:36.702, 66.97, 1695, 150.00, 0, 60
2026/10/02 11:04:36.903, 66.97, 1695, 150.00, 0, 60
2026/10/02 11:04:37.104, 66.97, 1695, 150.00, 0, 60
2026/10/02 11:04:37.304, 66.97, 1695, 150.00, 0, 60
2026/10/02 11:04:37.505, 66.97, 1695, 150.00, 0, 60
2026/10/02 11:04:37.705, 66.83, 1695, 150.00, 0, 60
2026/10/02 11:04:37.906, 66.83, 1695, 150.00, 0, 60
