scenario_id,family,arm,availability,sla_violation_physical,sla_violation_total,violation_backlog,violation_power,violation_heat,time_healthy,mean_queue,p95_queue,recovery_minutes,recovered,energy_kwh,peak_power_kw,node_hours,idle_node_hours,contradictions,scale_reversals,security_violations,pages,human_interventions,actions,omni_authority_steps,node_start_stop,machines_started,machines_stopped,machine_round_trips,power_cap_travel,thermal_travel,invariant_violations,invariant_violations_ex_power,shield_interventions,trace_hash
1,normal_variation,native,1.0,0.0,0.3055555555555556,0.0,0.0,0.0,0.6944444444444444,54.74896889523917,282.6405987242253,5.0,1,99.80793210988442,23.009999999999998,56.999999999999936,1.25,23,16,0,0,0,122,0,58.0,23,35,23.0,0.0,0.4871190525369643,2,2,0,ef785f1eef344f90
1,normal_variation,k8s_ref_50,1.0,0.0,0.0,0.0,0.0,0.0,1.0,0.0,0.0,5.0,1,138.28757782526029,26.800567841271263,104.25000000000009,32.24999999999999,0,0,0,0,0,14,0,6.0,0,6,0.0,0.0,0.5583311095967,0,0,0,72da3dc96a05b48c
1,normal_variation,k8s_ref_60,1.0,0.0,0.0,0.0,0.0,0.0,1.0,0.0,0.0,5.0,1,145.12567782526028,27.248967841271266,120.00000000000013,48.00000000000003,0,2,0,0,0,20,0,0.0,0,0,0.0,0.0,0.535562016563475,0,0,0,c7ac914d2c674008
1,normal_variation,k8s_ref_70,1.0,0.0,0.0,0.0,0.0,0.0,1.0,0.0,0.0,5.0,1,145.12567782526028,27.248967841271266,120.00000000000013,48.00000000000003,0,2,0,0,0,20,0,0.0,0,0,0.0,0.0,0.535562016563475,0,0,0,9d4bd8e5cc452038
1,normal_variation,k8s_ref_80,1.0,0.0,0.0,0.0,0.0,0.0,1.0,0.0,0.0,5.0,1,145.12567782526028,27.248967841271266,120.00000000000013,48.00000000000003,0,2,0,0,0,20,0,0.0,0,0,0.0,0.0,0.535562016563475,0,0,0,03c7ce82bd3d0913
1,normal_variation,omni_k8s_protect,1.0,0.0,0.0,0.0,0.0,0.0,1.0,0.0,0.0,5.0,1,110.58628864947654,22.704137612630905,144.4166666666666,72.41666666666667,0,4,0,0,0,14,72,10.0,8,2,2.0,0.29400000000000004,0.39484334889335904,0,0,0,e9a2ff7879f24b7d
1,normal_variation,omni_k8s_throughput,1.0,0.0,0.0,0.0,0.0,0.0,1.0,0.0,0.0,5.0,1,92.95367460012093,22.704137612630905,112.66666666666663,40.66666666666667,0,1,0,0,0,10,72,4.0,0,4,0.0,0.35,0.3497776076418583,0,0,0,762ebdee8188a269
1,normal_variation,omni_k8s_observe,1.0,0.0,0.0,0.0,0.0,0.0,1.0,0.0,0.0,5.0,1,145.12567782526028,27.248967841271266,120.00000000000013,48.00000000000003,0,2,0,0,0,20,0,0.0,0,0,0.0,0.0,0.535562016563475,0,0,0,9d4bd8e5cc452038
1,normal_variation,omni_k8s_kill,1.0,0.0,0.0,0.0,0.0,0.0,1.0,0.0,0.0,5.0,1,110.69181211614324,22.704137612630905,144.66666666666663,72.6666666666667,0,0,0,0,0,9,37,5.0,5,0,0.0,0.29400000000000004,0.39162174721141463,0,0,0,c9746738fcd51357
1,normal_variation,omni_k8s_throughput_no_dynamics,1.0,0.0,0.0,0.0,0.0,0.0,1.0,0.0,0.0,5.0,1,94.99389460012088,22.704137612630905,120.00000000000013,48.00000000000003,0,0,0,0,0,4,72,0.0,0,0,0.0,0.35,0.33345295685844456,0,0,0,219c1d328d431c3a
1,normal_variation,omni_k8s_throughput_no_gate,1.0,0.0,0.0,0.0,0.0,0.0,1.0,0.773468248730721,0.0,5.0,1,89.64649904038515,22.704137612630905,100.91666666666666,28.91666666666664,0,3,0,0,0,19,72,8.0,1,7,1.0,0.432748297246908,0.342153668301601,0,0,0,2130611476c7deca
1,normal_variation,omni_observe,1.0,0.0,0.3055555555555556,0.0,0.0,0.0,0.6944444444444444,54.74896889523917,282.6405987242253,5.0,1,99.80793210988442,23.009999999999998,56.999999999999936,1.25,23,16,0,0,0,122,0,58.0,23,35,23.0,0.0,0.4871190525369643,2,2,0,ef785f1eef344f90
1,normal_variation,omni_pipeline,1.0,0.0,0.0,0.0,0.0,0.0,1.0,0.0,0.0,5.0,1,108.17802429199165,25.77789235360062,111.66666666666663,39.66666666666665,0,0,0,0,0,47,72,5.0,0,5,0.0,0.29400000000000004,0.5008301536179299,0,0,0,7cdd7bde12e65e48
1,normal_variation,omni_direct,1.0,0.0,0.0,0.0,0.0,0.0,1.0,0.0,0.0,5.0,1,107.9745828494766,22.704137612630905,136.00000000000009,64.0,0,8,0,0,0,15,72,8.0,6,2,2.0,0.29400000000000004,0.3836396191992105,0,0,0,8240fd6ba250a990
1,normal_variation,omni_direct_no_dynamics,1.0,0.0,0.0,0.0,0.0,0.0,1.0,0.0,0.0,5.0,1,109.26724531614322,22.704137612630905,140.08333333333334,68.08333333333334,0,0,0,0,0,9,72,4.0,4,0,0.0,0.29400000000000004,0.3868119281556953,0,0,0,358551058862db47
1,normal_variation,omni_direct_no_shield,1.0,0.0,0.0,0.0,0.0,0.0,1.0,0.0,0.0,5.0,1,107.9745828494766,22.704137612630905,136.00000000000009,64.0,0,8,0,0,0,15,72,8.0,6,2,2.0,0.29400000000000004,0.3836396191992105,0,0,0,8240fd6ba250a990
1,normal_variation,omni_kill,1.0000000000000002,0.0,0.18055555555555555,0.0,0.0,0.0,0.8194444444444444,2.2996322302925325,21.11786699504011,10.0,1,98.24004304947661,22.704137612630905,104.16666666666669,32.083333333333314,13,10,0,0,0,66,37,25.0,8,17,8.0,0.29400000000000004,0.45639071181415747,3,3,0,dfa3b8205cfa3dd6
1,normal_variation,omni_switch_on,1.0,0.0,0.1527777777777778,0.0,0.0,0.0,0.8472222222222222,5.382667472180066,29.356038698853727,5.0,1,106.17680064861132,22.704137612630905,99.66666666666663,35.75000000000001,12,19,0,0,0,86,37,39.0,18,21,17.0,0.3443938249600167,0.3865115231549153,2,2,0,efd41f984fe397b8
2,normal_variation,native,0.9998758252163572,0.0,0.4166666666666667,0.0,0.0,0.0,0.5833333333333334,83.99196106861154,391.38299200080496,65.0,1,114.97084348794192,24.779999999999998,65.24999999999996,0.8333333333333334,30,23,0,0,0,134,0,76.0,33,43,33.0,0.0,0.596331059736527,2,2,0,e5a9951ed6f370ae
2,normal_variation,k8s_ref_50,1.0,0.0,0.013888888888888888,0.0,0.0,0.0,0.9861111111111112,0.0,0.0,5.0,1,157.18014027697473,30.37091036816425,115.83333333333337,31.416666666666668,1,0,0,0,0,71,0,4.0,0,4,0.0,0.020000000000000018,0.6099744925561348,1,1,0,0c48942c7f6c9bc8
2,normal_variation,k8s_ref_60,1.0,0.0,0.0,0.0,0.0,0.0,1.0,0.0,0.0,5.0,1,158.86462961030804,30.37091036816425,120.00000000000013,35.58333333333332,0,1,0,0,0,63,0,0.0,0,0,0.0,0.020000000000000018,0.5866375371947127,0,0,0,0164501f6595863f
2,normal_variation,k8s_ref_70,1.0,0.0,0.0,0.0,0.0,0.0,1.0,0.0,0.0,5.0,1,158.86462961030804,30.37091036816425,120.00000000000013,35.58333333333332,0,2,0,0,0,63,0,0.0,0,0,0.0,0.020000000000000018,0.5866375371947127,0,0,0,ac057186e1724011
2,normal_variation,k8s_ref_80,1.0,0.0,0.0,0.0,0.0,0.0,1.0,0.0,0.0,5.0,1,158.86462961030804,30.37091036816425,120.00000000000013,35.58333333333332,0,2,0,0,0,63,0,0.0,0,0,0.0,0.020000000000000018,0.5866375371947127,0,0,0,83776ee5714bb6d8
2,normal_variation,omni_k8s_protect,1.0,0.0,0.0,0.0,0.0,0.0,1.0,0.0,0.0,5.0,1,134.14521008209366,25.36172615502445,183.8333333333334,99.4166666666667,0,4,0,0,0,17,72,17.0,15,2,2.0,0.29400000000000004,0.4593789349395382,0,0,0,9471a66218025930
2,normal_variation,omni_k8s_throughput,1.0,0.0,0.0,0.0,0.0,0.0,1.0,0.0,0.0,5.0,1,103.53172774721472,24.502122751300405,113.33333333333329,28.91666666666667,0,1,0,0,0,12,72,4.0,0,4,0.0,0.35,0.38690835981242633,0,0,0,e453809a7404a5e2
2,normal_variation,omni_k8s_observe,1.0,0.0,0.0,0.0,0.0,0.0,1.0,0.0,0.0,5.0,1,158.86462961030804,30.37091036816425,120.00000000000013,35.58333333333332,0,2,0,0,0,63,0,0.0,0,0,0.0,0.020000000000000018,0.5866375371947127,0,0,0,ac057186e1724011
2,normal_variation,omni_k8s_kill,1.0,0.0,0.0,0.0,0.0,0.0,1.0,0.0,0.0,5.0,1,133.56483101542702,25.36172615502445,181.9166666666666,97.50000000000004,0,0,0,0,0,14,34,12.0,12,0,0.0,0.29400000000000004,0.4635799180287208,0,0,0,83e3e2117f0596d4
2,normal_variation,omni_k8s_throughput_no_dynamics,1.0,0.0,0.0,0.0,0.0,0.0,1.0,0.0,0.0,5.0,1,105.37764108054805,24.502122751300405,120.00000000000013,35.58333333333332,0,0,0,0,0,7,72,0.0,0,0,0.0,0.35,0.36924583746548467,0,0,0,ee7858a3f53f3cef
2,normal_variation,omni_k8s_throughput_no_gate,1.0,0.0,0.0,0.0,0.0,0.0,1.0,0.4105234555029856,0.0,5.0,1,101.59968476704535,24.502122751300405,105.08333333333334,20.666666666666668,0,2,0,0,0,23,72,8.0,1,7,1.0,0.38227327977694825,0.3943331096480287,0,0,0,ec82eaef4ab6dad3
2,normal_variation,omni_observe,0.9998758252163572,0.0,0.4166666666666667,0.0,0.0,0.0,0.5833333333333334,83.99196106861154,391.38299200080496,65.0,1,114.97084348794192,24.779999999999998,65.24999999999996,0.8333333333333334,30,23,0,0,0,134,0,76.0,33,43,33.0,0.0,0.596331059736527,2,2,0,e5a9951ed6f370ae
2,normal_variation,omni_pipeline,1.0,0.0,0.0,0.0,0.0,0.0,1.0,0.0,0.0,5.0,1,122.11393786274341,27.655703401603297,123.66666666666664,39.25,0,1,0,0,0,36,72,9.0,2,7,3.5,0.29400000000000004,0.47200264719844354,0,0,0,ee03dd6747eadc68
2,normal_variation,omni_direct,1.0,0.0,0.0,0.0,0.0,0.0,1.0,0.0,0.0,5.0,1,123.56648254876029,24.502122751300405,149.83333333333326,65.41666666666667,0,4,0,0,0,17,72,10.0,8,2,2.0,0.29400000000000004,0.4412851412220048,0,0,0,2bbfbe9c9b5e107b
2,normal_variation,omni_direct_no_dynamics,1.0,0.0,0.0,0.0,0.0,0.0,1.0,0.0,0.0,5.0,1,127.02237608209363,24.502122751300405,160.91666666666669,76.49999999999996,0,0,0,0,0,13,72,8.0,8,0,0.0,0.29400000000000004,0.4418859470206533,0,0,0,350dfacb585ca0f1
2,normal_variation,omni_direct_no_shield,1.0,0.0,0.0,0.0,0.0,0.0,1.0,0.0,0.0,5.0,1,123.56648254876029,24.502122751300405,149.83333333333326,65.41666666666667,0,4,0,0,0,17,72,10.0,8,2,2.0,0.29400000000000004,0.4412851412220048,0,0,0,2bbfbe9c9b5e107b
2,normal_variation,omni_kill,0.9999999999999999,0.0,0.2222222222222222,0.0,0.0,0.0,0.7777777777777778,3.242228787130595,22.918159864151892,125.0,1,112.93499328209363,24.502122751300405,115.0833333333333,30.49999999999999,16,15,0,0,0,77,34,36.0,14,22,14.0,0.29400000000000004,0.5112769634082478,3,3,0,f647cf2b413e3d73
2,normal_variation,omni_switch_on,1.0,0.0,0.125,0.0,0.0,0.0,0.875,4.522738144808124,13.980727232834333,5.0,1,119.59908205012651,24.779999999999998,105.83333333333336,30.66666666666667,9,17,0,0,0,74,40,37.0,18,19,16.5,0.3588669662516828,0.44509040730765026,2,2,0,877156ca6fc25a2e
3,normal_variation,native,0.9999999999999998,0.0,0.2361111111111111,0.0,0.0,0.0,0.7638888888888888,3.8607382355778617,34.88034330905182,80.0,1,99.81940014911306,22.368806184599773,56.91666666666662,1.1666666666666665,17,18,0,0,0,107,0,32.0,10,22,10.0,0.0,0.38123097815266305,2,2,0,0b427e404c25f7c2
3,normal_variation,k8s_ref_50,1.0,0.0,0.0,0.0,0.0,0.0,1.0,0.0,0.0,5.0,1,138.41007089541202,26.37701715172097,104.1666666666667,31.833333333333343,0,0,0,0,0,13,0,7.0,0,7,0.0,0.0,0.5329321894869057,0,0,0,09f0e51cafb50be9
3,normal_variation,k8s_ref_60,1.0,0.0,0.0,0.0,0.0,0.0,1.0,0.0,0.0,5.0,1,145.248170895412,26.37701715172097,120.00000000000013,47.66666666666669,0,2,0,0,0,7,0,0.0,0,0,0.0,0.0,0.5048587281837453,0,0,0,adbeea1f0cec7384
3,normal_variation,k8s_ref_70,1.0,0.0,0.0,0.0,0.0,0.0,1.0,0.0,0.0,5.0,1,145.248170895412,26.37701715172097,120.00000000000013,47.66666666666669,0,2,0,0,0,6,0,0.0,0,0,0.0,0.0,0.5048587281837453,0,0,0,14ebbd79b86e18cb
3,normal_variation,k8s_ref_80,1.0,0.0,0.0,0.0,0.0,0.0,1.0,0.0,0.0,5.0,1,145.248170895412,26.37701715172097,120.00000000000013,47.66666666666669,0,2,0,0,0,7,0,0.0,0,0,0.0,0.0,0.5048587281837453,0,0,0,e1394ec7c032c946
3,normal_variation,omni_k8s_protect,1.0,0.0,0.0,0.0,0.0,0.0,1.0,0.0,0.0,5.0,1,110.21607840368357,22.368806184599773,142.99999999999994,70.66666666666664,0,4,0,0,0,14,72,10.0,8,2,2.0,0.29400000000000004,0.35931433143309044,0,0,0,b41a0291904c9115
3,normal_variation,omni_k8s_throughput,1.0,0.0,0.0,0.0,0.0,0.0,1.0,0.0,0.0,5.0,1,92.92636126240194,22.368806184599773,112.3333333333333,40.000000000000014,0,3,0,0,0,11,72,4.0,0,4,0.0,0.35,0.32906093946988635,0,0,0,6e83913422ac6f54
3,normal_variation,omni_k8s_observe,1.0,0.0,0.0,0.0,0.0,0.0,1.0,0.0,0.0,5.0,1,145.248170895412,26.37701715172097,120.00000000000013,47.66666666666669,0,2,0,0,0,6,0,0.0,0,0,0.0,0.0,0.5048587281837453,0,0,0,14ebbd79b86e18cb
3,normal_variation,omni_k8s_kill,1.0,0.0,0.0,0.0,0.0,0.0,1.0,0.0,0.0,5.0,1,109.63569933701687,22.368806184599773,141.0,68.66666666666667,0,1,0,0,0,10,16,4.0,4,0,0.0,0.29400000000000004,0.36567781444864367,0,0,0,f5ed66253828ee4b
3,normal_variation,omni_k8s_throughput_no_dynamics,1.0,0.0,0.0,0.0,0.0,0.0,1.0,0.0,0.0,5.0,1,95.06373459573531,22.368806184599773,120.00000000000013,47.66666666666669,0,0,0,0,0,3,72,0.0,0,0,0.0,0.35,0.31397208885972483,0,0,0,d1539a423b2785ae
3,normal_variation,omni_k8s_throughput_no_gate,1.0,0.0,0.0,0.0,0.0,0.0,1.0,0.0,0.0,5.0,1,89.6231479290686,22.368806184599773,100.74999999999997,28.41666666666663,0,1,0,0,0,13,72,7.0,0,7,0.0,0.35,0.3245688084446501,0,0,0,1df97af8cca6389f
3,normal_variation,omni_observe,0.9999999999999998,0.0,0.2361111111111111,0.0,0.0,0.0,0.7638888888888888,3.8607382355778617,34.88034330905182,80.0,1,99.81940014911306,22.368806184599773,56.91666666666662,1.1666666666666665,17,18,0,0,0,107,0,32.0,10,22,10.0,0.0,0.38123097815266305,2,2,0,0b427e404c25f7c2
3,normal_variation,omni_pipeline,1.0,0.0,0.0,0.0,0.0,0.0,1.0,0.0,0.0,5.0,1,108.04574748074234,25.9887414754256,112.41666666666657,40.08333333333333,0,0,0,0,0,43,72,4.0,0,4,0.0,0.29400000000000004,0.49020013659598694,0,0,0,68568c31bc116d6d
3,normal_variation,omni_direct,1.0,0.0,0.0,0.0,0.0,0.0,1.0,0.0,0.0,5.0,1,108.23751340368352,22.368806184599773,136.58333333333343,64.24999999999997,0,8,0,0,0,16,72,8.0,6,2,2.0,0.29400000000000004,0.3578985396569644,0,0,0,977e9469d4ca5b44
3,normal_variation,omni_direct_no_dynamics,1.0,0.0,0.0,0.0,0.0,0.0,1.0,0.0,0.0,5.0,1,108.1056090703502,22.368806184599773,136.0833333333334,63.74999999999999,0,0,0,0,0,8,72,3.0,3,0,0.0,0.29400000000000004,0.3607004674208143,0,0,0,bf29482ba5a0ef4f
3,normal_variation,omni_direct_no_shield,1.0,0.0,0.0,0.0,0.0,0.0,1.0,0.0,0.0,5.0,1,108.23751340368352,22.368806184599773,136.58333333333343,64.24999999999997,0,8,0,0,0,16,72,8.0,6,2,2.0,0.29400000000000004,0.3578985396569644,0,0,0,977e9469d4ca5b44
3,normal_variation,omni_kill,0.9999999999999997,0.0,0.2777777777777778,0.0,0.0,0.0,0.7222222222222222,5.389103000258526,43.21727766105255,65.0,1,93.22680027035018,22.368806184599773,88.00000000000003,15.416666666666679,20,23,0,0,0,101,16,38.0,14,24,14.0,0.29400000000000004,0.3830579194367839,3,3,0,3148d51acb2f6e81
3,normal_variation,omni_switch_on,1.0,0.0,0.09722222222222222,0.0,0.0,0.0,0.9027777777777778,0.8984718438886874,0.0,5.0,1,108.54180636242921,22.368806184599773,121.08333333333336,51.500000000000014,7,7,0,0,0,49,58,28.0,12,16,12.5,0.3146463404724451,0.3783307446885458,2,2,0,6937a2cf8da0c2fb
4,normal_variation,native,1.0000000000000002,0.0,0.3194444444444444,0.0,0.0,0.0,0.6805555555555556,74.75251541477354,334.68130367361334,20.0,1,101.26257713218183,23.009999999999998,58.24999999999996,1.583333333333333,23,12,0,0,0,125,0,64.0,26,38,26.0,0.0,0.5943722903712876,2,2,0,120cc519b7bbbe96
4,normal_variation,k8s_ref_50,1.0,0.0,0.0,0.0,0.0,0.0,1.0,0.0,0.0,5.0,1,136.98246486548422,25.925515027211798,105.91666666666663,35.083333333333336,0,0,0,0,0,12,0,7.0,0,7,0.0,0.0,0.5409804820552859,0,0,0,8ce7eb1fe2f01a0b
4,normal_variation,k8s_ref_60,1.0,0.0,0.0,0.0,0.0,0.0,1.0,0.0,0.0,5.0,1,143.0358648654842,25.925515027211798,120.00000000000013,49.1666666666667,0,2,0,0,0,5,0,0.0,0,0,0.0,0.0,0.4971396570543132,0,0,0,704b7c9f9b8cbe13
4,normal_variation,k8s_ref_70,1.0,0.0,0.0,0.0,0.0,0.0,1.0,0.0,0.0,5.0,1,143.0358648654842,25.925515027211798,120.00000000000013,49.1666666666667,0,2,0,0,0,5,0,0.0,0,0,0.0,0.0,0.4971396570543132,0,0,0,8b00fbca7cd230d2
4,normal_variation,k8s_ref_80,1.0,0.0,0.0,0.0,0.0,0.0,1.0,0.0,0.0,5.0,1,143.0358648654842,25.925515027211798,120.00000000000013,49.1666666666667,0,2,0,0,0,5,0,0.0,0,0,0.0,0.0,0.4971396570543132,0,0,0,362747b20a0d407a
4,normal_variation,omni_k8s_protect,1.0,0.0,0.0,0.0,0.0,0.0,1.0,0.0,0.0,5.0,1,106.3737300780614,22.96779114406338,135.50000000000006,64.66666666666666,0,2,0,0,0,8,72,5.0,4,1,1.0,0.29400000000000004,0.3552786470479563,0,0,0,834300c0656ecfa6
4,normal_variation,omni_k8s_throughput,1.0,0.0,0.0,0.0,0.0,0.0,1.0,0.0,0.0,5.0,1,91.50583273759995,22.96779114406338,112.3333333333333,41.5,0,1,0,0,0,8,72,4.0,0,4,0.0,0.35,0.3242883357105115,0,0,0,a9b2a64461780d39
4,normal_variation,omni_k8s_observe,1.0,0.0,0.0,0.0,0.0,0.0,1.0,0.0,0.0,5.0,1,143.0358648654842,25.925515027211798,120.00000000000013,49.1666666666667,0,2,0,0,0,5,0,0.0,0,0,0.0,0.0,0.4971396570543132,0,0,0,8b00fbca7cd230d2
4,normal_variation,omni_k8s_kill,1.0,0.0,0.0,0.0,0.0,0.0,1.0,0.0,0.0,5.0,1,106.42649181139474,22.96779114406338,135.66666666666674,64.83333333333333,0,0,0,0,0,6,37,3.0,3,0,0.0,0.29400000000000004,0.35513998287861415,0,0,0,c851ff37a9a848dd
4,normal_variation,omni_k8s_throughput_no_dynamics,1.0,0.0,0.0,0.0,0.0,0.0,1.0,0.0,0.0,5.0,1,93.64320607093323,22.96779114406338,120.00000000000013,49.1666666666667,0,0,0,0,0,3,72,0.0,0,0,0.0,0.35,0.30820896950112664,0,0,0,f9848cd8476cb639
4,normal_variation,omni_k8s_throughput_no_gate,1.0,0.0,0.0,0.0,0.0,0.0,1.0,0.0,0.0,5.0,1,88.2026194042666,22.96779114406338,100.74999999999997,29.91666666666663,0,3,0,0,0,15,72,7.0,0,7,0.0,0.35,0.3165649744725978,0,0,0,13606d9fba6082b2
4,normal_variation,omni_observe,1.0000000000000002,0.0,0.3194444444444444,0.0,0.0,0.0,0.6805555555555556,74.75251541477354,334.68130367361334,20.0,1,101.26257713218183,23.009999999999998,58.24999999999996,1.583333333333333,23,12,0,0,0,125,0,64.0,26,38,26.0,0.0,0.5943722903712876,2,2,0,120cc519b7bbbe96
4,normal_variation,omni_pipeline,1.0,0.0,0.0,0.0,0.0,0.0,1.0,0.0,0.0,5.0,1,106.47684165343377,25.355619542479978,112.66666666666663,41.83333333333332,0,0,0,0,0,41,72,5.0,0,5,0.0,0.29400000000000004,0.4851616286065379,0,0,0,f4134d42a90347d3
4,normal_variation,omni_direct,1.0,0.0,0.0,0.0,0.0,0.0,1.0,0.0,0.0,5.0,1,104.89640154472808,22.96779114406338,130.7499999999999,59.91666666666666,0,4,0,0,0,10,72,4.0,3,1,1.0,0.29400000000000004,0.35005804088968373,0,0,0,ec787dfaef54d4f3
4,normal_variation,omni_direct_no_dynamics,1.0,0.0,0.0,0.0,0.0,0.0,1.0,0.0,0.0,5.0,1,105.9780170780614,22.96779114406338,134.25000000000014,63.41666666666668,0,0,0,0,0,8,72,3.0,3,0,0.0,0.29400000000000004,0.35037260475162035,0,0,0,d5216013e3ddb425
4,normal_variation,omni_direct_no_shield,1.0,0.0,0.0,0.0,0.0,0.0,1.0,0.0,0.0,5.0,1,104.89640154472808,22.96779114406338,130.7499999999999,59.91666666666666,0,4,0,0,0,10,72,4.0,3,1,1.0,0.29400000000000004,0.35005804088968373,0,0,0,ec787dfaef54d4f3
4,normal_variation,omni_kill,0.9999999999999998,0.0,0.16666666666666666,0.0,0.0,0.0,0.8333333333333334,1.5550738847412902,10.11072074574949,5.0,1,95.97966861139474,22.96779114406338,101.58333333333333,30.66666666666665,12,9,0,0,0,63,37,22.0,6,16,6.0,0.29400000000000004,0.41318369457087445,3,3,0,b5111726115bd8e2
4,normal_variation,omni_switch_on,1.0,0.0,0.18055555555555555,0.0,0.0,0.0,0.8194444444444444,3.311081702474152,23.86219830113295,5.0,1,104.15236462440863,22.96779114406338,99.74999999999991,37.500000000000014,13,23,0,0,0,83,37,39.0,17,22,17.0,0.29400000000000004,0.381254000437489,2,2,0,94d1e054a26abd16
5,normal_variation,native,1.0000000000000002,0.0,0.4305555555555556,0.0,0.0,0.0,0.5694444444444444,77.24229183962238,304.2623275264714,5.0,1,109.86581990974926,24.971857406008613,62.333333333333314,0.75,31,22,0,0,0,139,0,77.0,33,44,33.0,0.0,0.5719565848363958,2,2,0,9bdf4d08916fc7e1
5,normal_variation,k8s_ref_50,1.0,0.0,0.0,0.0,0.0,0.0,1.0,0.0,0.0,5.0,1,151.41842535630295,28.52219077508643,109.5,29.166666666666682,0,0,0,0,0,49,0,5.0,0,5,0.0,0.0,0.5730714538691678,0,0,0,d3303899341961d9
5,normal_variation,k8s_ref_60,1.0,0.0,0.0,0.0,0.0,0.0,1.0,0.0,0.0,5.0,1,155.93979202296958,28.970590775086425,120.00000000000013,39.66666666666666,0,1,0,0,0,41,0,0.0,0,0,0.0,0.0,0.5550706921588693,0,0,0,2522aae37dc57847
5,normal_variation,k8s_ref_70,1.0,0.0,0.0,0.0,0.0,0.0,1.0,0.0,0.0,5.0,1,155.93979202296958,28.970590775086425,120.00000000000013,39.66666666666666,0,2,0,0,0,42,0,0.0,0,0,0.0,0.0,0.5550706921588693,0,0,0,d65a1a171f010456
5,normal_variation,k8s_ref_80,1.0,0.0,0.0,0.0,0.0,0.0,1.0,0.0,0.0,5.0,1,155.93979202296958,28.970590775086425,120.00000000000013,39.66666666666666,0,2,0,0,0,42,0,0.0,0,0,0.0,0.0,0.5550706921588693,0,0,0,80677e1e068e6117
5,normal_variation,omni_k8s_protect,1.0,0.0,0.0,0.0,0.0,0.0,1.0,0.0,0.0,5.0,1,124.50249694133043,24.971857406008613,164.49999999999997,84.16666666666663,0,4,0,0,0,19,72,15.0,13,2,2.0,0.29400000000000004,0.4186307374628826,0,0,0,64cd29f4e80fb986
5,normal_variation,omni_k8s_throughput,1.0,0.0,0.0,0.0,0.0,0.0,1.0,0.0,0.0,5.0,1,100.24329732260553,24.971857406008613,113.33333333333329,33.000000000000014,0,1,0,0,0,11,72,4.0,0,4,0.0,0.35,0.3601677100478321,0,0,0,7014a4cf76b02ef3
5,normal_variation,omni_k8s_observe,1.0,0.0,0.0,0.0,0.0,0.0,1.0,0.0,0.0,5.0,1,155.93979202296958,28.970590775086425,120.00000000000013,39.66666666666666,0,2,0,0,0,42,0,0.0,0,0,0.0,0.0,0.5550706921588693,0,0,0,d65a1a171f010456
5,normal_variation,omni_k8s_kill,1.0,0.0,0.0,0.0,0.0,0.0,1.0,0.0,0.0,5.0,1,124.1595456746638,24.971857406008613,163.1666666666667,82.83333333333337,0,0,0,0,0,13,17,8.0,8,0,0.0,0.29400000000000004,0.42276374118363724,0,0,0,36de38dd037eae18
5,normal_variation,omni_k8s_throughput_no_dynamics,1.0,0.0,0.0,0.0,0.0,0.0,1.0,0.0,0.0,5.0,1,102.08921065593886,24.971857406008613,120.00000000000013,39.66666666666666,0,0,0,0,0,6,72,0.0,0,0,0.0,0.35,0.34413465782883224,0,0,0,32f69602a6e69375
5,normal_variation,omni_k8s_throughput_no_gate,0.999592833957412,0.0,0.0,0.0,0.0,0.0,1.0,0.5244223867586868,0.0,5.0,1,96.62159400084491,24.971857406008613,100.83333333333331,20.500000000000004,0,1,0,0,0,26,72,8.0,1,7,1.0,0.3755438531724816,0.35205592748827297,0,0,0,7756fb2921dffa33
5,normal_variation,omni_observe,1.0000000000000002,0.0,0.4305555555555556,0.0,0.0,0.0,0.5694444444444444,77.24229183962238,304.2623275264714,5.0,1,109.86581990974926,24.971857406008613,62.333333333333314,0.75,31,22,0,0,0,139,0,77.0,33,44,33.0,0.0,0.5719565848363958,2,2,0,9bdf4d08916fc7e1
5,normal_variation,omni_pipeline,1.0,0.0,0.0,0.0,0.0,0.0,1.0,0.0,0.0,5.0,1,115.87645872528616,27.607210279060144,115.9166666666667,35.58333333333332,0,0,0,0,0,33,72,3.0,0,3,0.0,0.29400000000000004,0.4580663935113124,0,0,0,8b95184c0fa85ac0
5,normal_variation,omni_direct,1.0,0.0,0.0,0.0,0.0,0.0,1.0,0.0,0.0,5.0,1,120.30793914133046,24.971857406008613,151.0000000000001,70.66666666666667,0,12,0,0,0,25,72,14.0,11,3,3.0,0.29400000000000004,0.3931498126961368,0,0,0,1dc51757dd5bbbd6
5,normal_variation,omni_direct_no_dynamics,1.0,0.0,0.0,0.0,0.0,0.0,1.0,0.0,0.0,5.0,1,120.73003300799704,24.971857406008613,152.16666666666666,71.83333333333334,0,0,0,0,0,13,72,6.0,6,0,0.0,0.29400000000000004,0.41140245930622255,0,0,0,500a3d11b3679004
5,normal_variation,omni_direct_no_shield,1.0,0.0,0.0,0.0,0.0,0.0,1.0,0.0,0.0,5.0,1,120.30793914133046,24.971857406008613,151.0000000000001,70.66666666666667,0,12,0,0,0,25,72,14.0,11,3,3.0,0.29400000000000004,0.3931498126961368,0,0,0,1dc51757dd5bbbd6
5,normal_variation,omni_kill,0.9996248608114914,0.0,0.2638888888888889,0.0,0.0,0.0,0.7361111111111112,5.261937042143056,34.3655907960866,90.0,1,103.74008631319863,24.971857406008613,97.49999999999999,17.166666666666664,19,22,0,0,0,104,17,41.0,17,24,17.0,0.29400000000000004,0.4228084414032076,3,3,0,1af14d1d04d8ef17
5,normal_variation,omni_switch_on,1.0,0.0,0.09722222222222222,0.0,0.0,0.0,0.9027777777777778,1.487669757273933,0.0,5.0,1,116.76810870004684,24.971857406008613,120.41666666666659,43.916666666666636,7,9,0,0,0,50,57,28.0,12,16,13.0,0.29400000000000004,0.4203496305766806,2,2,0,af28449ba24ced39
6,normal_variation,native,0.9997870445706688,0.0,0.2361111111111111,0.0,0.0,0.0,0.7638888888888888,7.927698021265355,63.76415945280934,15.0,1,113.68418196715066,26.609293046132862,64.25,0.5833333333333333,17,19,0,0,0,110,0,35.0,12,23,12.0,0.0,0.40734833712401086,2,2,0,2b8d2447a4d4817d
6,normal_variation,k8s_ref_50,1.0,0.0,0.0,0.0,0.0,0.0,1.0,0.0,0.0,5.0,1,156.3033322061004,29.01840795994534,110.99999999999993,27.499999999999996,0,0,0,0,0,55,0,4.0,0,4,0.0,0.0,0.5772057841939092,0,0,0,7d6d369a8c26eab4
6,normal_variation,k8s_ref_60,1.0,0.0,0.0,0.0,0.0,0.0,1.0,0.0,0.0,5.0,1,158.2304866300195,29.46680795994534,120.00000000000013,36.499999999999986,0,1,0,0,0,47,0,0.0,0,0,0.0,0.020000000000000018,0.5650633631436313,0,0,0,33fd5a8238294b19
6,normal_variation,k8s_ref_70,1.0,0.0,0.0,0.0,0.0,0.0,1.0,0.0,0.0,5.0,1,158.2304866300195,29.46680795994534,120.00000000000013,36.499999999999986,0,1,0,0,0,46,0,0.0,0,0,0.0,0.020000000000000018,0.5650633631436313,0,0,0,8f098c87faab050b
6,normal_variation,k8s_ref_80,1.0,0.0,0.0,0.0,0.0,0.0,1.0,0.0,0.0,5.0,1,158.2304866300195,29.46680795994534,120.00000000000013,36.499999999999986,0,2,0,0,0,47,0,0.0,0,0,0.0,0.020000000000000018,0.5650633631436313,0,0,0,d67848f2e44d0847
6,normal_variation,omni_k8s_protect,1.0,0.0,0.0,0.0,0.0,0.0,1.0,0.0,0.0,5.0,1,129.4686868838038,26.609293046132862,170.50000000000006,87.0,0,6,0,0,0,16,72,14.0,12,2,2.0,0.29400000000000004,0.4275350077159722,0,0,0,5303e65b070877b2
6,normal_variation,omni_k8s_throughput,1.0,0.0,0.0,0.0,0.0,0.0,1.0,0.0,0.0,5.0,1,103.34374744634933,26.609293046132862,112.99999999999996,29.500000000000004,0,2,0,0,0,14,72,4.0,0,4,0.0,0.35494069070233303,0.36564180370039845,0,0,0,a9a6eea63e8bf416
6,normal_variation,omni_k8s_observe,1.0,0.0,0.0,0.0,0.0,0.0,1.0,0.0,0.0,5.0,1,158.2304866300195,29.46680795994534,120.00000000000013,36.499999999999986,0,1,0,0,0,46,0,0.0,0,0,0.0,0.020000000000000018,0.5650633631436313,0,0,0,8f098c87faab050b
6,normal_variation,omni_k8s_kill,1.0,0.0,0.0,0.0,0.0,0.0,1.0,0.0,0.0,5.0,1,128.88830781713713,26.609293046132862,168.5833333333333,85.08333333333337,0,0,0,0,0,11,30,9.0,9,0,0.0,0.29400000000000004,0.43354804315905227,0,0,0,d85691bced470de3
6,normal_variation,omni_k8s_throughput_no_dynamics,1.0,0.0,0.0,0.0,0.0,0.0,1.0,0.0,0.0,5.0,1,105.28240912746858,26.609293046132862,120.00000000000013,36.499999999999986,0,0,0,0,0,7,72,0.0,0,0,0.0,0.35,0.3505003271065785,0,0,0,19c8eee544a11b48
6,normal_variation,omni_k8s_throughput_no_gate,1.0,0.0,0.0,0.0,0.0,0.0,1.0,0.08581214612224307,0.0,5.0,1,100.70661713208057,26.609293046132862,103.74999999999996,20.16666666666666,0,2,0,0,0,26,72,8.0,1,7,1.0,0.363216597270524,0.3551969739217351,0,0,0,93c833bc4d931a6e
6,normal_variation,omni_observe,0.9997870445706688,0.0,0.2361111111111111,0.0,0.0,0.0,0.7638888888888888,7.927698021265355,63.76415945280934,15.0,1,113.68418196715066,26.609293046132862,64.25,0.5833333333333333,17,19,0,0,0,110,0,35.0,12,23,12.0,0.0,0.40734833712401086,2,2,0,2b8d2447a4d4817d
6,normal_variation,omni_pipeline,1.0,0.0,0.0,0.0,0.0,0.0,1.0,0.0,0.0,5.0,1,119.38905949247727,28.240611793301838,116.66666666666671,33.166666666666664,0,0,0,0,0,29,72,3.0,0,3,0.0,0.29400000000000004,0.48070188092532773,0,0,0,f76977c309d64a52
6,normal_variation,omni_direct,1.0,0.0,0.0,0.0,0.0,0.0,1.0,0.0,0.0,5.0,1,121.9765207504705,26.609293046132862,146.58333333333337,63.083333333333336,0,12,0,0,0,19,72,13.0,10,3,3.0,0.29400000000000004,0.39433149848057525,0,0,0,4d5f93359d719de5
6,normal_variation,omni_direct_no_dynamics,1.0,0.0,0.0,0.0,0.0,0.0,1.0,0.0,0.0,5.0,1,122.16118681713711,26.609293046132862,146.99999999999997,63.50000000000001,0,0,0,0,0,9,72,5.0,5,0,0.0,0.29400000000000004,0.41152247397873165,0,0,0,80e604c6c11a0e61
6,normal_variation,omni_direct_no_shield,1.0,0.0,0.0,0.0,0.0,0.0,1.0,0.0,0.0,5.0,1,121.9765207504705,26.609293046132862,146.58333333333337,63.083333333333336,0,12,0,0,0,19,72,13.0,10,3,3.0,0.29400000000000004,0.39433149848057525,0,0,0,4d5f93359d719de5
6,normal_variation,omni_kill,0.9999999999999999,0.0,0.19444444444444445,0.0,0.0,0.0,0.8055555555555556,2.63008156396675,15.322467109109615,15.0,1,110.42170115047047,26.609293046132862,108.83333333333331,25.16666666666664,14,11,0,0,0,75,30,28.0,10,18,10.0,0.29400000000000004,0.4585574623579973,3,3,0,603f186ce9841c5e
6,normal_variation,omni_switch_on,1.0,0.0,0.125,0.0,0.0,0.0,0.875,7.185219090153487,63.76415945280934,5.0,1,117.36660949048397,26.609293046132862,104.16666666666667,28.833333333333336,9,11,0,0,0,67,44,31.0,13,18,15.0,0.43447377278845756,0.4290028926078696,2,2,0,31bd0a61b7dcdfba
7,normal_variation,native,0.9988800328412084,0.0,0.4722222222222222,0.0,0.0,0.0,0.5277777777777778,129.46558869252308,438.18688490739237,110.0,1,122.6138335539895,26.804070671806933,69.08333333333334,0.5,34,22,0,0,0,142,0,92.0,40,52,40.0,0.0,0.6735859947713434,2,2,0,4da7e4a219a44263
7,normal_variation,k8s_ref_50,1.0,0.0,0.013888888888888888,0.0,0.0,0.0,0.9861111111111112,0.0,0.0,5.0,1,166.16506373290656,31.637237909175305,117.91666666666669,27.25000000000002,1,0,0,0,0,98,0,2.0,0,2,0.0,0.02572847522151389,0.6064460171464812,1,1,0,76c73a82688f0da9
7,normal_variation,k8s_ref_60,1.0,0.0,0.027777777777777776,0.0,0.0,0.0,0.9722222222222222,0.0,0.0,5.0,1,166.45801839957323,31.637237909175305,118.66666666666664,28.00000000000001,2,1,0,0,0,100,0,1.0,0,1,0.0,0.02572847522151389,0.6006603637504045,2,2,0,49ce6ce535b6644e
7,normal_variation,k8s_ref_70,1.0,0.0,0.0,0.0,0.0,0.0,1.0,0.0,0.0,5.0,1,167.00730839957325,31.637237909175305,120.00000000000013,29.33333333333333,0,1,0,0,0,93,0,0.0,0,0,0.0,0.02572847522151389,0.593413186989717,0,0,0,d47448fc0e1a81da
7,normal_variation,k8s_ref_80,1.0,0.0,0.0,0.0,0.0,0.0,1.0,0.0,0.0,5.0,1,167.00730839957325,31.637237909175305,120.00000000000013,29.33333333333333,0,2,0,0,0,94,0,0.0,0,0,0.0,0.02572847522151389,0.593413186989717,0,0,0,fb411806e8da5bb0
7,normal_variation,omni_k8s_protect,1.0,0.0,0.0,0.0,0.0,0.0,1.0,0.0,0.0,5.0,1,132.30309371977864,26.804070671806933,157.83333333333334,67.16666666666667,0,5,0,0,0,14,72,11.0,9,2,2.0,0.29400000000000004,0.45249552274036764,0,0,0,8e90337d9a10c515
7,normal_variation,omni_k8s_throughput,1.0,0.0,0.0,0.0,0.0,0.0,1.0,0.0,0.0,5.0,1,109.75821409106685,26.804070671806933,113.33333333333329,22.666666666666657,0,0,0,0,0,21,72,4.0,0,4,0.0,0.35054320995665667,0.39346500187445044,0,0,0,f8a205c055948ea4
7,normal_variation,omni_k8s_observe,1.0,0.0,0.0,0.0,0.0,0.0,1.0,0.0,0.0,5.0,1,167.00730839957325,31.637237909175305,120.00000000000013,29.33333333333333,0,1,0,0,0,93,0,0.0,0,0,0.0,0.02572847522151389,0.593413186989717,0,0,0,d47448fc0e1a81da
7,normal_variation,omni_k8s_kill,1.0,0.0,0.0,0.0,0.0,0.0,1.0,0.0,0.0,5.0,1,132.4613789197786,26.804070671806933,158.33333333333331,67.66666666666666,0,1,0,0,0,10,27,7.0,7,0,0.0,0.29400000000000004,0.4517539490100856,0,0,0,353558c996cb623b
7,normal_variation,omni_k8s_throughput_no_dynamics,1.0,0.0,0.0,0.0,0.0,0.0,1.0,0.0,0.0,5.0,1,111.60412742440022,26.804070671806933,120.00000000000013,29.33333333333333,0,0,0,0,0,16,72,0.0,0,0,0.0,0.35054320995665667,0.3757486650654548,0,0,0,d765da91fe1dfa40
7,normal_variation,omni_k8s_throughput_no_gate,1.0,0.0,0.0,0.0,0.0,0.0,1.0,1.5570116766223394,0.0,5.0,1,110.29083348035759,26.804070671806933,112.91666666666664,22.249999999999996,0,6,0,0,0,32,72,10.0,3,7,3.0,0.46187885889319424,0.39704143788121715,0,0,0,c35a4b2913ecc5c2
7,normal_variation,omni_observe,0.9988800328412084,0.0,0.4722222222222222,0.0,0.0,0.0,0.5277777777777778,129.46558869252308,438.18688490739237,110.0,1,122.6138335539895,26.804070671806933,69.08333333333334,0.5,34,22,0,0,0,142,0,92.0,40,52,40.0,0.0,0.6735859947713434,2,2,0,4da7e4a219a44263
7,normal_variation,omni_pipeline,1.0,0.0,0.0,0.0,0.0,0.0,1.0,0.0,0.0,5.0,1,130.34295398691603,29.831713599919873,131.33333333333334,40.666666666666664,0,1,0,0,0,59,72,8.0,3,5,4.0,0.29400000000000004,0.46700843189669883,0,0,0,1d8eff0d6cf9bdab
7,normal_variation,omni_direct,1.0,0.0,0.0,0.0,0.0,0.0,1.0,0.0,0.0,5.0,1,131.61719118644535,26.804070671806933,155.66666666666669,64.99999999999996,0,8,0,0,0,18,72,11.0,9,2,2.0,0.29400000000000004,0.4411307642716076,0,0,0,ea744d8a8806adce
7,normal_variation,omni_direct_no_dynamics,1.0,0.0,0.0,0.0,0.0,0.0,1.0,0.0,0.0,5.0,1,132.48775978644528,26.804070671806933,158.41666666666666,67.74999999999999,0,0,0,0,0,10,72,7.0,7,0,0.0,0.29400000000000004,0.45177293533112894,0,0,0,935d98b3b65ff5ce
7,normal_variation,omni_direct_no_shield,1.0,0.0,0.0,0.0,0.0,0.0,1.0,0.0,0.0,5.0,1,131.61719118644535,26.804070671806933,155.66666666666669,64.99999999999996,0,8,0,0,0,18,72,11.0,9,2,2.0,0.29400000000000004,0.4411307642716076,0,0,0,ea744d8a8806adce
7,normal_variation,omni_kill,0.9999999999999999,0.0,0.2361111111111111,0.0,0.0,0.0,0.7638888888888888,3.6468043557800467,28.290282598085778,10.0,1,118.9543751864453,26.804070671806933,114.49999999999999,23.749999999999968,17,15,0,0,0,85,27,35.0,14,21,14.0,0.29400000000000004,0.50210298096863,3,3,0,46049eec64fd6394
7,normal_variation,omni_switch_on,1.0,0.0,0.125,0.0,0.0,0.0,0.875,4.316002151796233,27.860474221185267,5.0,1,127.49135370364417,28.140801044259764,115.16666666666669,32.16666666666666,9,13,0,0,0,69,47,35.0,17,18,16.0,0.2944515603480702,0.468875063889738,2,2,0,2988a8b46593b50c
8,normal_variation,native,0.9999999999999997,0.0,0.4583333333333333,0.0,0.0,0.0,0.5416666666666666,82.77104428854365,374.5683584138845,40.0,1,114.28118501111581,25.762880117308157,64.74999999999999,0.6666666666666666,33,21,0,0,0,139,0,76.0,33,43,33.0,0.0,0.5726420109826093,2,2,0,fddd37fe8cb559cc
8,normal_variation,k8s_ref_50,1.0,0.0,0.013888888888888888,0.0,0.0,0.0,0.9861111111111112,0.0,0.0,5.0,1,157.07515696473854,29.419144272962136,115.75000000000006,32.000000000000014,1,0,0,0,0,62,0,3.0,0,3,0.0,0.020000000000000018,0.5772935530069072,1,1,0,d594b599198657df
8,normal_variation,k8s_ref_60,1.0,0.0,0.0,0.0,0.0,0.0,1.0,0.0,0.0,5.0,1,158.83288496473847,29.419144272962136,120.00000000000013,36.24999999999999,0,1,0,0,0,51,0,0.0,0,0,0.0,0.020000000000000018,0.5571229360607929,0,0,0,16bf565f7b280cab
8,normal_variation,k8s_ref_70,1.0,0.0,0.0,0.0,0.0,0.0,1.0,0.0,0.0,5.0,1,158.83288496473847,29.419144272962136,120.00000000000013,36.24999999999999,0,1,0,0,0,50,0,0.0,0,0,0.0,0.020000000000000018,0.5571229360607929,0,0,0,c66566ecfec7d61b
8,normal_variation,k8s_ref_80,1.0,0.0,0.0,0.0,0.0,0.0,1.0,0.0,0.0,5.0,1,158.83288496473847,29.419144272962136,120.00000000000013,36.24999999999999,0,2,0,0,0,53,0,0.0,0,0,0.0,0.020000000000000018,0.5571229360607929,0,0,0,0fe7c9af348f9ca6
8,normal_variation,omni_k8s_protect,1.0,0.0,0.0,0.0,0.0,0.0,1.0,0.0,0.0,5.0,1,130.5243838359687,25.762880117308157,173.24999999999997,89.50000000000001,0,2,0,0,0,13,72,15.0,13,2,2.0,0.29400000000000004,0.4388552862761068,0,0,0,7a4a73a55d9237fc
8,normal_variation,omni_k8s_throughput,1.0,0.0,0.0,0.0,0.0,0.0,1.0,0.0,0.0,5.0,1,103.04817446731886,25.762880117308157,112.66666666666663,28.91666666666666,0,1,0,0,0,8,72,4.0,0,4,0.0,0.35,0.35941719972869657,0,0,0,42cbe72d3f4692cd
8,normal_variation,omni_k8s_observe,1.0,0.0,0.0,0.0,0.0,0.0,1.0,0.0,0.0,5.0,1,158.83288496473847,29.419144272962136,120.00000000000013,36.24999999999999,0,1,0,0,0,50,0,0.0,0,0,0.0,0.020000000000000018,0.5571229360607929,0,0,0,c66566ecfec7d61b
8,normal_variation,omni_k8s_kill,1.0,0.0,0.0,0.0,0.0,0.0,1.0,0.0,0.0,5.0,1,130.9464777026354,25.762880117308157,174.5,90.74999999999999,0,0,0,0,0,9,22,10.0,10,0,0.0,0.29400000000000004,0.433318416070814,0,0,0,65cbd64b291e03d2
8,normal_variation,omni_k8s_throughput_no_dynamics,1.0,0.0,0.0,0.0,0.0,0.0,1.0,0.0,0.0,5.0,1,105.08839446731884,25.762880117308157,120.00000000000013,36.24999999999999,0,0,0,0,0,4,72,0.0,0,0,0.0,0.35,0.34382403800374284,0,0,0,b242444e7f7e7122
8,normal_variation,omni_k8s_throughput_no_gate,1.0,0.0,0.0,0.0,0.0,0.0,1.0,0.3738942750412504,0.0,5.0,1,100.60614908932487,25.762880117308157,103.99999999999997,20.24999999999999,0,2,0,0,0,24,72,8.0,1,7,1.0,0.3814007931414273,0.35189808928572897,0,0,0,f9532f41f9d6bd22
8,normal_variation,omni_observe,0.9999999999999997,0.0,0.4583333333333333,0.0,0.0,0.0,0.5416666666666666,82.77104428854365,374.5683584138845,40.0,1,114.28118501111581,25.762880117308157,64.74999999999999,0.6666666666666666,33,21,0,0,0,139,0,76.0,33,43,33.0,0.0,0.5726420109826093,2,2,0,fddd37fe8cb559cc
8,normal_variation,omni_pipeline,1.0,0.0,0.0,0.0,0.0,0.0,1.0,0.0,0.0,5.0,1,120.76123132417877,28.135858733507263,120.41666666666667,36.666666666666664,0,1,0,0,0,29,72,4.0,1,3,1.0,0.29400000000000004,0.46829362453435786,0,0,0,ba522dff3a066c7a
8,normal_variation,omni_direct,1.0,0.0,0.0,0.0,0.0,0.0,1.0,0.0,0.0,5.0,1,123.82364370263537,25.762880117308157,151.58333333333348,67.83333333333336,0,6,0,0,0,15,72,9.0,7,2,2.0,0.29400000000000004,0.41636592649872706,0,0,0,afe9495fc71a4f35
8,normal_variation,omni_direct_no_dynamics,1.0,0.0,0.0,0.0,0.0,0.0,1.0,0.0,0.0,5.0,1,124.3512610359687,25.762880117308157,153.33333333333334,69.58333333333334,0,0,0,0,0,11,72,6.0,6,0,0.0,0.29400000000000004,0.4114998557957644,0,0,0,af14bf9241e8c7bf
8,normal_variation,omni_direct_no_shield,1.0,0.0,0.0,0.0,0.0,0.0,1.0,0.0,0.0,5.0,1,123.82364370263537,25.762880117308157,151.58333333333348,67.83333333333336,0,6,0,0,0,15,72,9.0,7,2,2.0,0.29400000000000004,0.41636592649872706,0,0,0,afe9495fc71a4f35
8,normal_variation,omni_kill,1.0,0.0,0.2361111111111111,0.0,0.0,0.0,0.7638888888888888,4.321973424309056,35.52596642582795,115.0,1,109.78902263596872,25.762880117308157,106.24999999999996,22.416666666666632,17,18,0,0,0,91,22,37.0,15,22,15.0,0.29400000000000004,0.4662818581315017,4,4,0,8138f6ca00d7c7e8
8,normal_variation,omni_switch_on,1.0,0.0,0.09722222222222222,0.0,0.0,0.0,0.9027777777777778,2.776495565117437,9.115600990624557,5.0,1,119.1270274461536,25.762880117308157,113.25,35.08333333333334,7,7,0,0,0,53,52,26.0,10,16,12.5,0.32490611238035205,0.43623826121457776,2,2,0,abeee902b75fc7e0
9,normal_variation,native,1.0,0.0,0.3888888888888889,0.0,0.0,0.0,0.6111111111111112,77.61422968260118,352.3421101059455,30.0,1,107.49387126717444,23.774982497474074,61.08333333333331,0.9999999999999999,28,22,0,0,0,132,0,72.0,30,42,30.0,0.0,0.5632784610276778,2,2,0,7c7350c470549ce1
9,normal_variation,k8s_ref_50,1.0,0.0,0.0,0.0,0.0,0.0,1.0,0.0,0.0,5.0,1,148.97253736259975,28.874696670486944,108.33333333333331,29.333333333333336,0,0,0,0,0,46,0,5.0,0,5,0.0,0.0,0.5920040182538288,0,0,0,db97d0d5f40e2a6f
9,normal_variation,k8s_ref_60,1.0,0.0,0.0,0.0,0.0,0.0,1.0,0.0,0.0,5.0,1,152.45566575928757,29.323096670486937,120.00000000000013,41.0,0,1,0,0,0,36,0,0.0,0,0,0.0,0.020000000000000018,0.5788951171048707,0,0,0,e63fd1de60fbd56f
9,normal_variation,k8s_ref_70,1.0,0.0,0.0,0.0,0.0,0.0,1.0,0.0,0.0,5.0,1,152.45566575928757,29.323096670486937,120.00000000000013,41.0,0,2,0,0,0,36,0,0.0,0,0,0.0,0.020000000000000018,0.5788951171048707,0,0,0,672ccf07976a2317
9,normal_variation,k8s_ref_80,1.0,0.0,0.0,0.0,0.0,0.0,1.0,0.0,0.0,5.0,1,152.45566575928757,29.323096670486937,120.00000000000013,41.0,0,2,0,0,0,36,0,0.0,0,0,0.0,0.020000000000000018,0.5788951171048707,0,0,0,0348c0adaac73939
9,normal_variation,omni_k8s_protect,1.0,0.0,0.0,0.0,0.0,0.0,1.0,0.0,0.0,5.0,1,122.37704444918356,23.774982497474074,162.00000000000003,83.00000000000004,0,2,0,0,0,16,72,13.0,11,2,2.0,0.29400000000000004,0.44216955912305744,0,0,0,ebf12b78c562484b
9,normal_variation,omni_k8s_throughput,0.9999999999999999,0.0,0.0,0.0,0.0,0.0,1.0,0.36250753909075684,0.0,5.0,1,98.96953922377983,23.774982497474074,113.33333333333333,34.333333333333336,0,3,0,0,0,15,72,5.0,1,4,1.0,0.3881902153604416,0.37129945575976386,0,0,0,9a3be42e2785b897
9,normal_variation,omni_k8s_observe,1.0,0.0,0.0,0.0,0.0,0.0,1.0,0.0,0.0,5.0,1,152.45566575928757,29.323096670486937,120.00000000000013,41.0,0,2,0,0,0,36,0,0.0,0,0,0.0,0.020000000000000018,0.5788951171048707,0,0,0,672ccf07976a2317
9,normal_variation,omni_k8s_kill,1.0,0.0,0.0,0.0,0.0,0.0,1.0,0.0,0.0,5.0,1,120.60952638251689,23.774982497474074,156.25,77.24999999999997,0,1,0,0,0,13,20,7.0,7,0,0.0,0.29400000000000004,0.42950602629336987,0,0,0,2e10c0a9eda2af4c
9,normal_variation,omni_k8s_throughput_no_dynamics,1.0,0.0,0.0,0.0,0.0,0.0,1.0,0.0,0.0,5.0,1,100.80451127519949,23.774982497474074,120.00000000000013,41.0,0,0,0,0,0,5,72,0.0,0,0,0.0,0.35,0.3564842513365206,0,0,0,33e6adb109e6bc76
9,normal_variation,omni_k8s_throughput_no_gate,1.0,0.0,0.0,0.0,0.0,0.0,1.0,0.30199245440287037,0.0,5.0,1,96.3891031999409,23.774982497474074,104.24999999999997,25.249999999999986,0,3,0,0,0,22,72,8.0,1,7,1.0,0.37686223743556313,0.3594497751707961,0,0,0,7254a874f1df0187
9,normal_variation,omni_observe,1.0,0.0,0.3888888888888889,0.0,0.0,0.0,0.6111111111111112,77.61422968260118,352.3421101059455,30.0,1,107.49387126717444,23.774982497474074,61.08333333333331,0.9999999999999999,28,22,0,0,0,132,0,72.0,30,42,30.0,0.0,0.5632784610276778,2,2,0,7c7350c470549ce1
9,normal_variation,omni_pipeline,1.0,0.0,0.0,0.0,0.0,0.0,1.0,0.0,0.0,5.0,1,114.61045536625936,26.628290324287516,114.91666666666673,35.91666666666665,0,0,0,0,0,37,72,3.0,0,3,0.0,0.29400000000000004,0.4805709505725424,0,0,0,235e7db332ceb5b4
9,normal_variation,omni_direct,1.0,0.0,0.0,0.0,0.0,0.0,1.0,0.0,0.0,5.0,1,117.15363284918347,23.774982497474074,145.16666666666663,66.16666666666666,0,8,0,0,0,18,72,9.0,7,2,2.0,0.29400000000000004,0.416931289806573,0,0,0,0086469597f6490e
9,normal_variation,omni_direct_no_dynamics,1.0,0.0,0.0,0.0,0.0,0.0,1.0,0.0,0.0,5.0,1,118.63096138251687,23.774982497474074,149.9166666666667,70.91666666666669,0,0,0,0,0,12,72,6.0,6,0,0.0,0.29400000000000004,0.42160876261778,0,0,0,0abb4b6ebbdfae38
9,normal_variation,omni_direct_no_shield,1.0,0.0,0.0,0.0,0.0,0.0,1.0,0.0,0.0,5.0,1,117.15363284918347,23.774982497474074,145.16666666666663,66.16666666666666,0,8,0,0,0,18,72,9.0,7,2,2.0,0.29400000000000004,0.416931289806573,0,0,0,0086469597f6490e
9,normal_variation,omni_kill,1.0,0.0,0.2361111111111111,0.0,0.0,0.0,0.7638888888888888,5.659037134575034,41.48998338888553,65.0,1,102.51225184918353,23.774982497474074,97.83333333333336,18.74999999999997,17,21,0,0,0,94,20,38.0,15,23,15.0,0.29400000000000004,0.43041753030388163,3,3,0,edcb3820f9579d8d
9,normal_variation,omni_switch_on,1.0,0.0,0.09722222222222222,0.0,0.0,0.0,0.9027777777777778,1.4905113729836583,1.3954594330166035,5.0,1,114.77882980490955,24.575204968151905,116.74999999999991,41.749999999999986,7,7,0,0,0,53,54,29.0,13,16,13.5,0.29400000000000004,0.4373915184020257,2,2,0,3e7e7b791efd1546
10,normal_variation,native,1.0000000000000002,0.0,0.20833333333333334,0.0,0.0,0.0,0.7916666666666666,4.671788723276977,31.319612630924517,40.0,1,114.15454308523825,25.07077174006225,64.74999999999999,0.8333333333333334,15,15,0,0,0,105,0,31.0,10,21,10.0,0.0,0.44719537755834216,2,2,0,1cd04af3df2bd7c1
10,normal_variation,k8s_ref_50,1.0,0.0,0.0,0.0,0.0,0.0,1.0,0.0,0.0,5.0,1,154.88246126492658,29.68637532117492,110.91666666666661,27.25000000000001,0,0,0,0,0,60,0,4.0,0,4,0.0,0.020000000000000018,0.5947115518859175,0,0,0,898d44c28c71fbbc
10,normal_variation,k8s_ref_60,1.0,0.0,0.0,0.0,0.0,0.0,1.0,0.0,0.0,5.0,1,158.6435691442575,30.134775321174924,120.00000000000013,36.33333333333333,0,1,0,0,0,66,0,0.0,0,0,0.0,0.020000000000000018,0.5810604563604502,0,0,0,bb8671b29ece68cc
10,normal_variation,k8s_ref_70,1.0,0.0,0.0,0.0,0.0,0.0,1.0,0.0,0.0,5.0,1,158.6435691442575,30.134775321174924,120.00000000000013,36.33333333333333,0,2,0,0,0,65,0,0.0,0,0,0.0,0.020000000000000018,0.5810604563604502,0,0,0,6faaf4c5712c4908
10,normal_variation,k8s_ref_80,1.0,0.0,0.0,0.0,0.0,0.0,1.0,0.0,0.0,5.0,1,158.6435691442575,30.134775321174924,120.00000000000013,36.33333333333333,0,2,0,0,0,65,0,0.0,0,0,0.0,0.020000000000000018,0.5810604563604502,0,0,0,4194c65526d2d6a1
10,normal_variation,omni_k8s_protect,1.0,0.0,0.0,0.0,0.0,0.0,1.0,0.0,0.0,5.0,1,130.23024376103015,25.07077174006225,171.75000000000003,88.08333333333334,0,4,0,0,0,17,72,14.0,12,2,2.0,0.29400000000000004,0.45128203766411235,0,0,0,4a00be212fab497d
10,normal_variation,omni_k8s_throughput,1.0,0.0,0.0,0.0,0.0,0.0,1.0,0.0,0.0,5.0,1,103.379999106879,25.07077174006225,113.33333333333329,29.666666666666675,0,1,0,0,0,13,72,4.0,0,4,0.0,0.35,0.38095511272295546,0,0,0,71e98aae95bd7843
10,normal_variation,omni_k8s_observe,1.0,0.0,0.0,0.0,0.0,0.0,1.0,0.0,0.0,5.0,1,158.6435691442575,30.134775321174924,120.00000000000013,36.33333333333333,0,2,0,0,0,65,0,0.0,0,0,0.0,0.020000000000000018,0.5810604563604502,0,0,0,6faaf4c5712c4908
10,normal_variation,omni_k8s_kill,1.0,0.0,0.0,0.0,0.0,0.0,1.0,0.0,0.0,5.0,1,127.77682316103017,25.07077174006225,163.83333333333337,80.16666666666661,0,3,0,0,0,16,19,8.0,8,0,0.0,0.29400000000000004,0.4456936476749249,0,0,0,43a7222eb4ab2ba6
10,normal_variation,omni_k8s_throughput_no_dynamics,1.0,0.0,0.0,0.0,0.0,0.0,1.0,0.0,0.0,5.0,1,105.22591244021231,25.07077174006225,120.00000000000013,36.33333333333333,0,0,0,0,0,8,72,0.0,0,0,0.0,0.35,0.36526512542789435,0,0,0,32475727c578c6df
10,normal_variation,omni_k8s_throughput_no_gate,1.0,0.0,0.0,0.0,0.0,0.0,1.0,0.3069756788645527,0.0,5.0,1,101.44351538659433,25.07077174006225,104.83333333333333,21.166666666666664,0,2,0,0,0,28,72,8.0,1,7,1.0,0.3828912273471653,0.38460683738050594,0,0,0,475d4856300fd990
10,normal_variation,omni_observe,1.0000000000000002,0.0,0.20833333333333334,0.0,0.0,0.0,0.7916666666666666,4.671788723276977,31.319612630924517,40.0,1,114.15454308523825,25.07077174006225,64.74999999999999,0.8333333333333334,15,15,0,0,0,105,0,31.0,10,21,10.0,0.0,0.44719537755834216,2,2,0,1cd04af3df2bd7c1
10,normal_variation,omni_pipeline,1.0,0.0,0.0,0.0,0.0,0.0,1.0,0.0,0.0,5.0,1,120.92333905918518,27.747537913554833,118.83333333333337,35.166666666666636,0,1,0,0,0,32,72,5.0,1,4,1.0,0.29400000000000004,0.4941967451460836,0,0,0,ff7fb4088173f76f
10,normal_variation,omni_direct,1.0,0.0,0.0,0.0,0.0,0.0,1.0,0.0,0.0,5.0,1,125.7718772943635,25.07077174006225,157.4166666666666,73.74999999999997,0,8,0,0,0,27,72,13.0,10,3,3.0,0.29400000000000004,0.43577093619614204,0,0,0,34d27e4bb1a0a2ff
10,normal_variation,omni_direct_no_dynamics,1.0,0.0,0.0,0.0,0.0,0.0,1.0,0.0,0.0,5.0,1,128.46272569436348,25.07077174006225,166.0833333333333,82.41666666666671,0,0,0,0,0,19,72,9.0,9,0,0.0,0.29400000000000004,0.4445237623840381,0,0,0,9d64cb14f63c126c
10,normal_variation,omni_direct_no_shield,1.0,0.0,0.0,0.0,0.0,0.0,1.0,0.0,0.0,5.0,1,125.7718772943635,25.07077174006225,157.4166666666666,73.74999999999997,0,8,0,0,0,27,72,13.0,10,3,3.0,0.29400000000000004,0.43577093619614204,0,0,0,34d27e4bb1a0a2ff
10,normal_variation,omni_kill,0.9999116426232455,0.0,0.2777777777777778,0.0,0.0,0.0,0.7222222222222222,7.331996772929788,51.30392818742629,40.0,1,109.30354473025075,25.07077174006225,104.24999999999994,20.249999999999964,20,24,0,0,0,106,19,45.0,19,26,19.0,0.29400000000000004,0.4522306302515693,3,3,0,d2b9d09e51f275f2
10,normal_variation,omni_switch_on,1.0000000000000002,0.0,0.08333333333333333,0.0,0.0,0.0,0.9166666666666666,1.5954933317325823,2.1415754880511395,5.0,1,121.18042574350793,25.07077174006225,122.25000000000007,42.8333333333333,6,7,0,0,0,52,55,27.0,12,15,12.0,0.36839743404543857,0.4435324174194917,2,2,0,2cd5a45408ff578d
11,demand_spike,native,0.9992166145278103,0.4027777777777778,0.7361111111111112,0.2916666666666667,0.2638888888888889,0.2638888888888889,0.2638888888888889,1508.6900207727813,6141.238440851037,360,0,194.00225367464895,55.264861419255986,130.5833333333333,13.249999999999996,86,9,0,0,0,250,0,89.0,40,49,40.0,0.34987094919376416,1.1518215731346186,52,39,0,e1888ca28eb93e4c
11,demand_spike,k8s_ref_50,1.0000000000000002,0.4166666666666667,0.4583333333333333,0.1111111111111111,0.3888888888888889,0.3611111111111111,0.4027777777777778,550.9505788017328,2854.3877348942992,360,0,226.00839983564714,63.36814839284089,171.6666666666666,36.75,12,2,0,2,1,180,0,29.0,20,9,9.0,0.8755550268957125,0.9797532652820915,29,19,0,c9134175e5975fda
11,demand_spike,k8s_ref_60,1.0000000000000002,0.4166666666666667,0.5138888888888888,0.1111111111111111,0.3888888888888889,0.3611111111111111,0.3472222222222222,550.9505788017328,2854.3877348942992,360,0,226.8661937106187,63.36814839284089,174.1666666666666,39.25000000000001,16,2,0,2,1,179,0,24.0,20,4,4.0,0.8714345954607321,0.9610240314867258,33,23,0,502ca14e54325d08
11,demand_spike,k8s_ref_70,1.0000000000000002,0.4305555555555556,0.4722222222222222,0.1111111111111111,0.3888888888888889,0.375,0.3888888888888889,550.9505788017328,2854.3877348942992,360,0,227.2323793734491,63.36814839284089,175.1666666666667,40.249999999999986,12,2,0,2,1,172,0,23.0,20,3,3.0,0.8701135681986417,0.955019362113588,29,19,0,baaaa8ac92a9eebb
11,demand_spike,k8s_ref_80,1.0000000000000002,0.4305555555555556,0.4722222222222222,0.1111111111111111,0.4027777777777778,0.375,0.4027777777777778,581.2440921928034,2963.444383102153,360,0,227.7301974632773,63.36814839284089,176.33333333333312,41.333333333333336,12,2,0,2,1,171,0,22.0,20,2,2.0,0.8687243469587429,0.9521788113808556,30,20,0,0b32e1bf3a88c2e9
11,demand_spike,omni_k8s_protect,1.0000000000000002,0.4583333333333333,0.4583333333333333,0.4583333333333333,0.0,0.0,0.5138888888888888,4431.596081976732,15214.205468825347,100.0,1,177.4221550202137,33.76407926528,165.0833333333331,26.083333333333336,0,0,0,0,0,59,72,9.0,9,0,0.0,0.3609472664610218,0.6301427356218576,0,0,38,3861513b9e8b3c6c
11,demand_spike,omni_k8s_throughput,1.0000000000000004,0.3055555555555556,0.3055555555555556,0.0,0.2638888888888889,0.20833333333333334,0.6388888888888888,71.0555776211034,321.5871037782117,50.0,1,189.3576565827852,63.362734890231536,187.75,56.08333333333334,0,2,0,0,0,80,72,22.0,20,2,2.0,1.4478569565454307,1.115052288822362,10,0,2,02b21c16e48d69f0
11,demand_spike,omni_k8s_observe,1.0000000000000002,0.4305555555555556,0.4722222222222222,0.1111111111111111,0.3888888888888889,0.375,0.3888888888888889,550.9505788017328,2854.3877348942992,360,0,227.2323793734491,63.36814839284089,175.1666666666667,40.249999999999986,12,2,0,2,1,172,0,23.0,20,3,3.0,0.8701135681986417,0.955019362113588,29,19,0,baaaa8ac92a9eebb
11,demand_spike,omni_k8s_kill,1.0000000000000002,0.4027777777777778,0.4027777777777778,0.013888888888888888,0.3472222222222222,0.3333333333333333,0.4583333333333333,123.51544170275525,1128.8672637183715,360,0,211.88417419863322,55.39244331353895,193.99999999999997,61.83333333333334,4,2,0,0,0,115,34,24.0,20,4,4.0,1.0333035075220567,0.9427424121570649,14,8,3,1c4f9cbf2ab7422b
11,demand_spike,omni_k8s_throughput_no_dynamics,1.0000000000000002,0.375,0.375,0.0,0.3472222222222222,0.2777777777777778,0.5833333333333334,55.749839284025896,257.982439683869,70.0,1,206.74738845877695,64.61505795221778,189.00000000000009,57.91666666666666,0,0,0,0,0,69,72,20.0,20,0,0.0,1.2180264455904553,1.09257825710218,9,0,2,31be745c4d9a9aee
11,demand_spike,omni_k8s_throughput_no_gate,1.0000000000000002,0.3194444444444444,0.3194444444444444,0.013888888888888888,0.2638888888888889,0.20833333333333334,0.6388888888888888,119.31007364966383,1029.565123948439,50.0,1,186.80445941325436,63.362734890231536,184.08333333333331,53.41666666666668,0,4,0,0,0,84,72,26.0,22,4,4.0,1.4568727928955072,1.120348830967352,10,0,4,ee1e7900a8f5656f
11,demand_spike,omni_observe,0.9992166145278103,0.4027777777777778,0.7361111111111112,0.2916666666666667,0.2638888888888889,0.2638888888888889,0.2638888888888889,1508.6900207727813,6141.238440851037,360,0,194.00225367464895,55.264861419255986,130.5833333333333,13.249999999999996,86,9,0,0,0,250,0,89.0,40,49,40.0,0.34987094919376416,1.1518215731346186,52,39,0,e1888ca28eb93e4c
11,demand_spike,omni_pipeline,1.0000000000000004,0.4444444444444444,0.4444444444444444,0.4305555555555556,0.013888888888888888,0.0,0.5,3875.3583394567945,13910.201876962641,90.0,1,179.74373469463788,34.969939239039995,165.3333333333333,26.0,0,0,0,0,0,132,72,9.0,9,0,0.0,0.29400000000000004,0.657353910119743,0,0,24,4febc5529ee6ede4
11,demand_spike,omni_direct,1.0000000000000002,0.4583333333333333,0.4583333333333333,0.4583333333333333,0.0,0.0,0.5138888888888888,4430.921532214978,15214.078917115967,100.0,1,177.3878953752288,33.76407926528,165.16666666666643,26.250000000000004,0,0,0,0,0,66,72,9.0,9,0,0.0,0.3251662842079328,0.6300706537190026,0,0,33,a13d6afcd69cc592
11,demand_spike,omni_direct_no_dynamics,1.0000000000000007,0.4305555555555556,0.4305555555555556,0.375,0.16666666666666666,0.0,0.5416666666666666,2829.142625685692,11344.157766694916,85.0,1,181.6144496086826,37.257273425878026,178.91666666666674,38.66666666666665,0,0,0,0,0,81,72,11.0,11,0,0.0,0.3438919643330216,0.7420208979311989,0,0,0,1a812db679e491f7
11,demand_spike,omni_direct_no_shield,1.0000000000000002,0.4305555555555556,0.4305555555555556,0.4305555555555556,0.027777777777777776,0.0,0.5416666666666666,3525.378850110553,13026.221347711336,90.0,1,178.86522390856223,35.11519723814635,169.8333333333333,30.166666666666664,0,2,0,0,0,68,72,11.0,10,1,1.0,0.3251662842079328,0.7031385684246999,1,0,0,27b73aaae5d79dd8
11,demand_spike,omni_kill,1.0,0.3472222222222222,0.5,0.013888888888888888,0.2916666666666667,0.2638888888888889,0.4861111111111111,463.64382469451357,1938.242596518568,360,0,199.27774094719402,62.48973804551783,162.3333333333333,30.499999999999993,68,11,0,27,5,232,34,70.0,28,42,30.5,1.9525977149171998,1.1267792974522153,35,23,0,e32c2c4d7b101534
11,demand_spike,omni_switch_on,1.0000000000000004,0.5138888888888888,0.625,0.5138888888888888,0.013888888888888888,0.0,0.3611111111111111,5281.820333281493,16655.479015635432,360,0,173.95894408041806,45.02061475753022,126.2499999999999,2.833333333333333,10,7,0,0,0,101,40,23.0,12,11,7.5,0.29400000000000004,0.5936082989668839,2,2,33,7694bf2354d875da
12,demand_spike,native,1.0,0.4027777777777778,0.9583333333333334,0.3194444444444444,0.18055555555555555,0.1527777777777778,0.041666666666666664,1759.2334252369883,7890.384491226926,360,0,173.39500386394974,56.59427167327269,116.83333333333331,16.5,93,8,0,0,0,274,0,122.0,57,65,57.0,0.37299109164761957,1.3336044011622343,52,39,0,dd2eecbb8dcad6eb
12,demand_spike,k8s_ref_50,1.0,0.3333333333333333,0.3611111111111111,0.0,0.2638888888888889,0.2777777777777778,0.5138888888888888,169.0675768482243,1360.6189572620262,110.0,1,209.1957033942174,55.18111366575171,169.08333333333326,53.833333333333336,11,2,0,0,0,170,0,31.0,20,11,11.0,0.3912288654323307,0.979692478058699,28,18,0,7c3cfbd738de2139
12,demand_spike,k8s_ref_60,1.0,0.3333333333333333,0.4166666666666667,0.0,0.2638888888888889,0.2777777777777778,0.3888888888888889,169.0675768482243,1360.6189572620262,360,0,211.43001310016575,55.18111366575171,175.16666666666663,59.91666666666668,15,2,0,0,0,161,0,24.0,20,4,4.0,0.3831403951937441,0.9429267042469417,32,22,0,db5cb54d56c32a58
12,demand_spike,k8s_ref_70,1.0,0.3333333333333333,0.3472222222222222,0.0,0.2638888888888889,0.2777777777777778,0.4166666666666667,203.0288365866046,1582.9108391859702,360,0,212.165758212377,55.18111366575171,176.75000000000009,61.24999999999997,10,2,0,0,0,154,0,23.0,20,3,3.0,0.36362802492174906,0.9361297625348782,27,17,0,919e84b46fbc5338
12,demand_spike,k8s_ref_80,1.0,0.3333333333333333,0.3472222222222222,0.013888888888888888,0.2638888888888889,0.2777777777777778,0.4166666666666667,234.2050849028097,1786.6783976162517,360,0,212.2980768309511,55.18111366575171,176.75000000000009,60.99999999999997,10,2,0,0,0,153,0,23.0,20,3,3.0,0.3817248312718583,0.9361302132035341,28,18,0,c9a6f824ac8717af
12,demand_spike,omni_k8s_protect,0.9999999999999998,0.2777777777777778,0.2777777777777778,0.2361111111111111,0.06944444444444445,0.0,0.6944444444444444,1241.2579288849006,6394.948032953899,55.0,1,160.17979986515402,36.1757992128,168.58333333333334,48.16666666666667,0,2,0,0,0,55,72,14.0,10,4,4.0,0.30011062597596827,0.7936476321736061,0,0,23,0d6d3520369ffc8f
12,demand_spike,omni_k8s_throughput,0.9999999999999998,0.25,0.25,0.013888888888888888,0.20833333333333334,0.125,0.7222222222222222,96.41069156377357,849.6139828377754,40.0,1,164.94056548611346,62.42758068857667,178.66666666666654,64.25000000000001,0,2,0,0,0,73,72,22.0,20,2,2.0,2.1726824702897067,1.0444275093849416,11,0,3,2fcd2be71843fa45
12,demand_spike,omni_k8s_observe,1.0,0.3333333333333333,0.3472222222222222,0.0,0.2638888888888889,0.2777777777777778,0.4166666666666667,203.0288365866046,1582.9108391859702,360,0,212.165758212377,55.18111366575171,176.75000000000009,61.24999999999997,10,2,0,0,0,154,0,23.0,20,3,3.0,0.36362802492174906,0.9361297625348782,27,17,0,919e84b46fbc5338
12,demand_spike,omni_k8s_kill,1.0,0.2916666666666667,0.2916666666666667,0.0,0.2222222222222222,0.19444444444444445,0.5972222222222222,54.45648587315946,350.5422904177307,90.0,1,190.7412965010831,53.81272899967385,180.58333333333357,63.91666666666666,1,2,0,0,0,113,32,19.0,15,4,4.0,0.9824064221191686,0.9518678693481257,5,2,2,b298c51773fdc3fc
12,demand_spike,omni_k8s_throughput_no_dynamics,1.0,0.2916666666666667,0.2916666666666667,0.013888888888888888,0.2638888888888889,0.18055555555555555,0.6666666666666666,83.65485229355204,849.6139828377754,60.0,1,177.7608008567005,60.65731355408545,182.3333333333334,68.16666666666666,0,0,0,0,0,63,72,20.0,20,0,0.0,1.0561106259759683,1.0737621358673395,10,0,3,a9a98b8b8e32b450
12,demand_spike,omni_k8s_throughput_no_gate,0.9999999999999998,0.25,0.25,0.013888888888888888,0.20833333333333334,0.125,0.7083333333333334,124.39180195416844,1376.3228099875935,45.0,1,165.25809153783754,62.40951171194926,177.91666666666654,63.91666666666667,0,7,0,0,0,80,72,28.0,23,5,5.0,1.7653368056405108,1.0499642954275332,12,0,5,294d2a3c79255f57
12,demand_spike,omni_observe,1.0,0.4027777777777778,0.9583333333333334,0.3194444444444444,0.18055555555555555,0.1527777777777778,0.041666666666666664,1759.2334252369883,7890.384491226926,360,0,173.39500386394974,56.59427167327269,116.83333333333331,16.5,93,8,0,0,0,274,0,122.0,57,65,57.0,0.37299109164761957,1.3336044011622343,52,39,0,dd2eecbb8dcad6eb
12,demand_spike,omni_pipeline,1.0000000000000002,0.2777777777777778,0.2777777777777778,0.2777777777777778,0.0,0.0,0.6805555555555556,1615.0298347538621,7793.548492325878,65.0,1,163.6562186858798,34.58146564726109,161.74999999999997,41.916666666666664,0,1,0,0,0,109,72,13.0,10,3,2.0,0.29400000000000004,0.7837887535076231,2,0,9,652441cc9c0647ac
12,demand_spike,omni_direct,1.0,0.2916666666666667,0.2916666666666667,0.2916666666666667,0.0,0.0,0.6666666666666666,1780.7853030165568,8283.550233904847,65.0,1,157.01409586515408,33.76407926528,158.49999999999986,38.499999999999986,0,2,0,0,0,54,72,11.0,8,3,3.0,0.30011062597596827,0.7341244415032829,0,0,21,7cf8304a76aed695
12,demand_spike,omni_direct_no_dynamics,1.0,0.2916666666666667,0.2916666666666667,0.2916666666666667,0.0,0.0,0.6666666666666666,1771.8525994729957,8270.319498612958,65.0,1,158.20123486515405,33.76407926528,162.5,42.499999999999986,0,0,0,0,0,50,72,8.0,8,0,0.0,0.30011062597596827,0.7233175256745604,0,0,22,015a27414fe2d9ee
12,demand_spike,omni_direct_no_shield,0.9999999999999998,0.2638888888888889,0.2638888888888889,0.2638888888888889,0.027777777777777776,0.0,0.6805555555555556,1410.9377581874016,6958.038644607647,60.0,1,158.72885219848735,35.025762554810285,163.99999999999994,43.833333333333336,0,2,0,0,0,57,72,14.0,10,4,4.0,0.30011062597596827,0.7909333733080499,1,0,0,b3cb4dbfd4c8ee79
12,demand_spike,omni_kill,1.0000000000000002,0.25,0.4722222222222222,0.0,0.19444444444444445,0.18055555555555555,0.5138888888888888,196.06446434599133,1010.0761030901726,360,0,171.6164846496782,56.737026163277456,140.66666666666657,28.916666666666664,59,15,0,22,4,201,32,64.0,25,39,27.0,1.2893710358959374,1.1418864594571048,28,20,0,8cc5a5f050e81097
12,demand_spike,omni_switch_on,1.0,0.3611111111111111,0.4444444444444444,0.3611111111111111,0.013888888888888888,0.0,0.5555555555555556,2435.476387146896,10167.769684076084,70.0,1,157.1826324081113,44.25,121.99999999999994,17.083333333333332,6,7,0,0,0,94,42,24.0,11,13,9.5,0.29400000000000004,0.7608833970383502,2,2,22,232ea561dd5831da
13,demand_spike,native,0.9997807168128507,0.3333333333333333,0.7083333333333334,0.18055555555555555,0.2638888888888889,0.20833333333333334,0.2916666666666667,985.7172833314819,6734.4308380985085,360,0,185.43348294742796,63.72,117.66666666666669,9.5,87,13,0,27,9,278,0,74.0,29,45,33.0,0.7302812704201636,1.0638055978248957,46,34,0,65bd952937cfb8b3
13,demand_spike,k8s_ref_50,1.0,0.4583333333333333,0.5138888888888888,0.1388888888888889,0.4444444444444444,0.4027777777777778,0.2361111111111111,601.5332885425303,4365.622421645129,175.0,1,222.9327635996853,63.605766730718145,172.24999999999997,47.58333333333333,11,2,0,3,3,182,0,32.0,18,14,13.0,1.005855962449668,0.9202247772556427,28,19,0,fa07dfbe38e81391
13,demand_spike,k8s_ref_60,1.0,0.4861111111111111,0.5694444444444444,0.1388888888888889,0.4722222222222222,0.4305555555555556,0.16666666666666666,601.5332885425303,4365.622421645129,360,0,225.91794622304403,63.605766730718145,180.5833333333333,55.91666666666667,13,2,0,3,3,184,0,22.0,18,4,3.0,1.0008429001795494,0.8727618464763315,30,21,0,2ece89f25dd286f8
13,demand_spike,k8s_ref_70,1.0,0.5833333333333334,0.6944444444444444,0.1388888888888889,0.5694444444444444,0.4583333333333333,0.18055555555555555,601.5332885425303,4365.622421645129,360,0,227.29980496952336,63.605766730718145,184.5833333333332,59.91666666666666,15,2,0,3,3,182,0,20.0,18,2,1.0,0.9971099422112678,0.8602648072641303,32,23,0,2f580396f7e110e0
13,demand_spike,k8s_ref_80,1.0,0.5972222222222222,0.6388888888888888,0.1388888888888889,0.5833333333333334,0.4722222222222222,0.20833333333333334,601.5332885425303,4365.622421645129,360,0,228.118915942203,63.605766730718145,186.99999999999997,62.333333333333336,10,2,0,3,3,173,0,19.0,18,1,0.0,0.9951688351221426,0.8543513849044881,27,18,0,34a2b55ab47b5e5e
13,demand_spike,omni_k8s_protect,0.9999999999999998,0.5138888888888888,0.5138888888888888,0.3055555555555556,0.5138888888888888,0.0,0.3333333333333333,1914.6100595680005,8625.148396818595,110.0,1,192.49358607260567,37.6080971729163,152.91666666666663,25.0,0,2,0,0,0,95,72,14.0,11,3,3.0,0.3216020022336483,0.9206672732915229,0,0,27,4203baf12520daf3
13,demand_spike,omni_k8s_throughput,1.0,0.20833333333333334,0.20833333333333334,0.0,0.18055555555555555,0.08333333333333333,0.7083333333333334,38.51630465431814,202.40169175432345,50.0,1,184.20694856163263,62.80300124069449,205.0833333333332,79.00000000000003,0,2,0,0,0,79,72,22.0,20,2,2.0,1.2270330538417014,0.9980526692575606,11,0,1,5599f9c7b2fcd131
13,demand_spike,omni_k8s_observe,1.0,0.5833333333333334,0.6944444444444444,0.1388888888888889,0.5694444444444444,0.4583333333333333,0.18055555555555555,601.5332885425303,4365.622421645129,360,0,227.29980496952336,63.605766730718145,184.5833333333332,59.91666666666666,15,2,0,3,3,182,0,20.0,18,2,1.0,0.9971099422112678,0.8602648072641303,32,23,0,2f580396f7e110e0
13,demand_spike,omni_k8s_kill,1.0,0.6805555555555556,0.6805555555555556,0.1111111111111111,0.6805555555555556,0.4305555555555556,0.09722222222222222,408.8312981764871,2983.542977327802,360,0,226.8084821374617,63.36434815655978,185.5000000000001,59.500000000000014,4,2,0,2,2,158,28,22.0,19,3,2.5,1.118809933400482,0.9527582462523474,15,9,2,1a5b50abe5636a78
13,demand_spike,omni_k8s_throughput_no_dynamics,1.0,0.3194444444444444,0.3194444444444444,0.0,0.2777777777777778,0.19444444444444445,0.6111111111111112,31.28490127398952,26.598999961794185,85.0,1,198.08975285141224,65.79580278902141,207.50000000000014,81.5833333333333,0,0,0,0,0,71,72,20.0,20,0,0.0,1.1045159817630923,1.052089048724119,11,0,1,4504d4f8339bb2e8
13,demand_spike,omni_k8s_throughput_no_gate,1.0,0.20833333333333334,0.20833333333333334,0.0,0.18055555555555555,0.08333333333333333,0.7083333333333334,42.57726764928165,97.99600240710794,50.0,1,185.3429374066828,65.79580278902141,202.0833333333332,76.49999999999999,0,4,0,0,0,79,72,25.0,21,4,4.0,1.1210715588893896,1.0076416674355175,12,0,1,a0e86805e886b8b5
13,demand_spike,omni_observe,0.9997807168128507,0.3333333333333333,0.7083333333333334,0.18055555555555555,0.2638888888888889,0.20833333333333334,0.2916666666666667,985.7172833314819,6734.4308380985085,360,0,185.43348294742796,63.72,117.66666666666669,9.5,87,13,0,27,9,278,0,74.0,29,45,33.0,0.7302812704201636,1.0638055978248957,46,34,0,65bd952937cfb8b3
13,demand_spike,omni_pipeline,1.0,0.2916666666666667,0.2916666666666667,0.20833333333333334,0.2916666666666667,0.0,0.5833333333333334,1077.9188319557784,6184.708283812023,90.0,1,185.17466539293176,39.4975091240067,180.3333333333333,49.91666666666666,0,1,0,0,0,143,72,19.0,15,4,4.0,0.34032213894022467,0.831725460879803,0,0,0,4ba8d04df81065d4
13,demand_spike,omni_direct,1.0,0.4444444444444444,0.4444444444444444,0.2777777777777778,0.16666666666666666,0.0,0.4305555555555556,1650.0410960540535,8055.764922318853,90.0,1,184.73111892322225,35.4,164.08333333333334,32.166666666666664,0,2,0,0,0,99,72,15.0,12,3,3.0,0.31928274622627884,0.8721266254646851,0,0,0,de0ea4daf1be8886
13,demand_spike,omni_direct_no_dynamics,0.9999999999999998,0.3611111111111111,0.3611111111111111,0.16666666666666666,0.3611111111111111,0.0,0.5277777777777778,786.5673638795508,4919.503130178036,75.0,1,189.66723231106687,39.75782361144178,189.58333333333343,58.33333333333334,0,0,0,0,0,98,72,17.0,17,0,0.0,0.34647327977073483,0.9081068930320931,0,0,0,01a95fc76eb4cd70
13,demand_spike,omni_direct_no_shield,1.0,0.4444444444444444,0.4444444444444444,0.2777777777777778,0.16666666666666666,0.0,0.4305555555555556,1650.0410960540535,8055.764922318853,90.0,1,184.73111892322225,35.4,164.08333333333334,32.166666666666664,0,2,0,0,0,99,72,15.0,12,3,3.0,0.31928274622627884,0.8721266254646851,0,0,0,de0ea4daf1be8886
13,demand_spike,omni_kill,0.9997807168128507,0.4166666666666667,0.6805555555555556,0.027777777777777776,0.3611111111111111,0.19444444444444445,0.2361111111111111,283.66333212363617,2010.8066560610484,150.0,1,197.41129365449464,60.53399999999999,131.5,11.583333333333332,63,6,0,22,8,252,28,58.0,21,37,25.0,1.4561645256572682,1.2041154087763268,22,16,0,2271a20ee848651f
13,demand_spike,omni_switch_on,1.0,0.4444444444444444,0.5972222222222222,0.4444444444444444,0.013888888888888888,0.0,0.4027777777777778,3190.5867519238027,11002.707824906945,125.0,1,172.0017114828615,43.365,124.49999999999994,9.583333333333332,16,11,0,0,0,109,46,21.0,9,12,9.0,0.3143855132822224,0.719395170288468,2,2,31,093f09e42980f90a
14,demand_spike,native,1.0,0.2638888888888889,0.6111111111111112,0.125,0.1527777777777778,0.1111111111111111,0.3888888888888889,480.8901580964965,3297.2828828034267,140.0,1,163.66710353471316,55.754999999999995,100.99999999999997,5.0,70,18,0,22,5,239,0,75.0,30,45,32.5,0.49325844276358755,1.1086572636196395,41,29,0,50d04fa3b51a9988
14,demand_spike,k8s_ref_50,1.0,0.3194444444444444,0.3333333333333333,0.0,0.25,0.2361111111111111,0.5416666666666666,36.247309871626555,321.4966691766862,105.0,1,200.58422471066365,49.09627160478914,150.99999999999997,38.50000000000001,9,2,0,0,0,164,0,28.0,14,14,14.0,0.33479418427484364,1.0368362190545901,17,9,0,12a7a22833c88163
14,demand_spike,k8s_ref_60,1.0,0.3194444444444444,0.4166666666666667,0.0,0.25,0.2361111111111111,0.4444444444444444,36.247309871626555,321.4966691766862,110.0,1,203.42607757114376,49.09627160478914,158.4999999999999,46.00000000000002,15,2,0,0,0,177,0,19.0,14,5,5.0,0.33309395139625697,0.9896964397607643,23,15,0,828136657bb3d0c7
14,demand_spike,k8s_ref_70,1.0,0.3194444444444444,0.3194444444444444,0.0,0.2361111111111111,0.2361111111111111,0.5277777777777778,53.416856044548496,544.9699278819097,115.0,1,204.88024520434254,48.44495852066233,162.00000000000009,49.416666666666664,7,2,0,0,0,161,0,15.0,13,2,2.0,0.3105442287312111,0.9756939306426112,14,7,0,2f7410113f4897a2
14,demand_spike,k8s_ref_80,1.0,0.3333333333333333,0.3472222222222222,0.0,0.2638888888888889,0.2361111111111111,0.4861111111111111,65.82948456127393,693.9521003520584,125.0,1,205.7595122828561,49.5145851441386,164.0833333333333,51.500000000000014,8,2,0,0,0,160,0,14.0,13,1,1.0,0.3395535136926784,0.968575127356327,16,9,0,f284b80a9d9adb29
14,demand_spike,omni_k8s_protect,1.0,0.18055555555555555,0.18055555555555555,0.1527777777777778,0.027777777777777776,0.0,0.7638888888888888,576.1402474980712,3373.7558662159813,35.0,1,157.1324306300497,34.969939239039995,166.8333333333334,50.58333333333334,0,2,0,0,0,55,72,14.0,10,4,4.0,0.355360592343712,0.7734928011636366,0,0,20,b054db9c515564b8
14,demand_spike,omni_k8s_throughput,1.0,0.20833333333333334,0.20833333333333334,0.0,0.19444444444444445,0.06944444444444445,0.7638888888888888,38.662923343439246,210.23524722662734,35.0,1,158.70038433229513,58.93441660517512,177.24999999999986,64.25000000000001,0,2,0,0,0,73,72,20.0,17,3,3.0,1.8271511003841252,0.986435902466453,8,0,1,e4e57feaff629896
14,demand_spike,omni_k8s_observe,1.0,0.3194444444444444,0.3194444444444444,0.0,0.2361111111111111,0.2361111111111111,0.5277777777777778,53.416856044548496,544.9699278819097,115.0,1,204.88024520434254,48.44495852066233,162.00000000000009,49.416666666666664,7,2,0,0,0,161,0,15.0,13,2,2.0,0.3105442287312111,0.9756939306426112,14,7,0,2f7410113f4897a2
14,demand_spike,omni_k8s_kill,1.0,0.2916666666666667,0.2916666666666667,0.0,0.2222222222222222,0.19444444444444445,0.5555555555555556,26.476554921018607,97.43394832248454,110.0,1,190.0846908422438,52.538620043518755,174.74999999999997,60.916666666666664,2,2,0,0,0,123,28,16.0,13,3,3.0,0.9466378193140675,0.949028482350477,6,3,2,21670fabd64866f2
14,demand_spike,omni_k8s_throughput_no_dynamics,1.0,0.19444444444444445,0.19444444444444445,0.0,0.19444444444444445,0.09722222222222222,0.7638888888888888,36.04902566252599,187.27217366455966,35.0,1,162.83259043063092,54.18473935950835,190.83333333333343,78.00000000000001,0,0,0,0,0,68,72,20.0,20,0,0.0,1.3263140919980994,0.961354561899728,9,0,1,965daab3d5b8ffcc
14,demand_spike,omni_k8s_throughput_no_gate,1.0,0.20833333333333334,0.20833333333333334,0.0,0.19444444444444445,0.06944444444444445,0.75,49.43756404622593,210.84325043326209,35.0,1,157.91666338689683,58.94075328808958,176.24999999999986,63.50000000000001,0,6,0,0,0,77,72,24.0,19,5,5.0,1.889489407935982,0.9819232112974807,8,0,1,e8638e3e7c1ab2a8
14,demand_spike,omni_observe,1.0,0.2638888888888889,0.6111111111111112,0.125,0.1527777777777778,0.1111111111111111,0.3888888888888889,480.8901580964965,3297.2828828034267,140.0,1,163.66710353471316,55.754999999999995,100.99999999999997,5.0,70,18,0,22,5,239,0,75.0,30,45,32.5,0.49325844276358755,1.1086572636196395,41,29,0,50d04fa3b51a9988
14,demand_spike,omni_pipeline,1.0,0.2222222222222222,0.2222222222222222,0.2222222222222222,0.0,0.0,0.7638888888888888,889.3119118846585,4670.321859762787,45.0,1,159.81081510441842,32.74340278606718,157.16666666666663,41.083333333333336,0,1,0,0,0,114,72,15.0,10,5,5.0,0.29400000000000004,0.7562614812298628,0,0,21,103bdb778b249f25
14,demand_spike,omni_direct,0.9999999999999998,0.2222222222222222,0.2222222222222222,0.2222222222222222,0.0,0.0,0.7777777777777778,883.018179054373,4646.960069339405,45.0,1,155.36491256338303,32.744671268305005,161.2499999999999,45.25,0,2,0,0,0,57,72,14.0,10,4,4.0,0.355360592343712,0.7417748835298252,0,0,22,8c59a840be4d4ac1
14,demand_spike,omni_direct_no_dynamics,0.9999999999999998,0.20833333333333334,0.20833333333333334,0.20833333333333334,0.0,0.0,0.7777777777777778,863.1795959503748,4585.169740677042,45.0,1,156.4465280967163,32.73467180956162,164.9999999999999,48.99999999999999,0,0,0,0,0,49,72,10.0,10,0,0.0,0.355360592343712,0.7246826958832019,0,0,22,4309101e70aa34fb
14,demand_spike,omni_direct_no_shield,1.0,0.1527777777777778,0.1527777777777778,0.1388888888888889,0.027777777777777776,0.0,0.7638888888888888,548.5598960926862,3064.9746553024784,40.0,1,156.89500283004975,35.04203996329877,166.24999999999997,50.249999999999986,0,4,0,0,0,62,72,18.0,13,5,5.0,0.355360592343712,0.7962541148685236,2,0,0,9ef4458dad921d0e
14,demand_spike,omni_kill,1.0,0.2222222222222222,0.4583333333333333,0.0,0.16666666666666666,0.1388888888888889,0.5416666666666666,50.29452304376961,254.91024735000235,140.0,1,164.60189746248403,50.976,127.24999999999996,21.499999999999993,57,13,0,20,4,198,28,54.0,20,34,22.0,1.0792805147100173,1.1220624090857139,21,16,2,449e0882102e3a1c
14,demand_spike,omni_switch_on,0.9999999999999998,0.3055555555555556,0.4305555555555556,0.3055555555555556,0.013888888888888888,0.0,0.5694444444444444,1482.1892924022302,6639.179561141375,55.0,1,154.9458950339243,44.25,125.58333333333329,22.416666666666668,9,13,0,0,0,98,46,33.0,16,17,13.5,0.29400000000000004,0.7833782954202412,2,2,18,6c50a1f025e90d2b
15,demand_spike,native,0.9990060986490322,0.2638888888888889,0.8888888888888888,0.2361111111111111,0.09722222222222222,0.0,0.1111111111111111,995.5909654295376,6097.250121770601,360,0,143.16043824042978,50.792386713599996,92.25000000000003,12.999999999999996,79,10,0,0,0,240,0,116.0,52,64,52.0,0.2788318228479998,1.195613848650763,43,32,0,c2a91a463f0d2d9d
15,demand_spike,k8s_ref_50,1.0000000000000002,0.16666666666666666,0.16666666666666666,0.0,0.1527777777777778,0.05555555555555555,0.7638888888888888,15.825053536835034,162.88497228479042,50.0,1,173.44209469894338,43.38584407459459,128.66666666666666,34.25,6,2,0,0,0,104,0,18.0,7,11,7.0,0.18184060268434066,0.985079610953507,12,6,0,765faebc1cd6e51b
15,demand_spike,k8s_ref_60,1.0000000000000002,0.18055555555555555,0.18055555555555555,0.0,0.1527777777777778,0.08333333333333333,0.7638888888888888,19.661668029564446,18.95292552456879,50.0,1,175.80119305718907,43.30624862346446,133.3333333333333,38.24999999999999,4,2,0,0,0,105,0,12.0,7,5,5.0,0.18030012121333927,0.9731422392148155,8,4,0,dbe7fb93d7b59e2d
15,demand_spike,k8s_ref_70,1.0000000000000002,0.18055555555555555,0.18055555555555555,0.0,0.1527777777777778,0.09722222222222222,0.75,26.358289382088305,78.53654127909275,55.0,1,178.18031806537843,44.62836745480734,138.49999999999991,42.833333333333336,5,2,0,0,0,111,0,11.0,8,3,3.0,0.2040686439003374,0.9716386132628172,10,5,0,8676770c1d184615
15,demand_spike,k8s_ref_80,1.0000000000000002,0.16666666666666666,0.18055555555555555,0.0,0.1388888888888889,0.09722222222222222,0.7361111111111112,50.913561676083894,364.9940368472424,60.0,1,181.0716583843515,47.2579676359697,145.99999999999997,49.83333333333334,7,3,0,0,0,117,0,12.0,10,2,2.0,0.24412580233111236,0.9556988126734925,13,8,0,e23a5e5607aff727
15,demand_spike,omni_k8s_protect,1.0,0.09722222222222222,0.09722222222222222,0.09722222222222222,0.0,0.0,0.8888888888888888,333.9783474392422,2246.4476955416703,25.0,1,136.61774162537725,32.717691888985335,153.16666666666669,55.916666666666686,0,3,0,0,0,40,72,14.0,10,4,4.0,0.29400000000000004,0.7510563972012846,0,0,13,362e023172b1c9ee
15,demand_spike,omni_k8s_throughput,1.0,0.1388888888888889,0.1388888888888889,0.0,0.1388888888888889,0.0,0.8333333333333334,33.712662218634364,122.21909947054505,25.0,1,132.57037105024975,46.019999999999996,152.0,56.25000000000002,0,2,0,0,0,47,72,14.0,12,2,2.0,1.2283733323734296,0.9100451329277496,6,0,1,dd83feb4566424d6
15,demand_spike,omni_k8s_observe,1.0000000000000002,0.18055555555555555,0.18055555555555555,0.0,0.1527777777777778,0.09722222222222222,0.75,26.358289382088305,78.53654127909275,55.0,1,178.18031806537843,44.62836745480734,138.49999999999991,42.833333333333336,5,2,0,0,0,111,0,11.0,8,3,3.0,0.2040686439003374,0.9716386132628172,10,5,0,8676770c1d184615
15,demand_spike,omni_k8s_kill,1.0000000000000002,0.125,0.125,0.0,0.1111111111111111,0.041666666666666664,0.7916666666666666,40.89396258373156,16.724103875757706,55.0,1,160.74948371277907,49.90021335844186,157.58333333333337,60.58333333333335,1,2,0,0,0,93,36,13.0,10,3,3.0,0.8190602535281677,0.8933880015017218,4,2,2,7c5e781b2ab5c5d8
15,demand_spike,omni_k8s_throughput_no_dynamics,1.0,0.1388888888888889,0.1388888888888889,0.0,0.1388888888888889,0.027777777777777776,0.8194444444444444,30.284588291159707,6.673376796430781,30.0,1,141.07846678817793,52.09754588444025,165.33333333333331,69.25,0,0,0,0,0,44,72,16.0,16,0,0.0,1.0654841259768055,0.9722059347599407,9,0,1,63c02731cbae9699
15,demand_spike,omni_k8s_throughput_no_gate,1.0000000000000002,0.1388888888888889,0.1388888888888889,0.013888888888888888,0.125,0.0,0.8472222222222222,79.66321644768506,708.9258425915692,25.0,1,132.60895478913628,49.559999999999995,147.33333333333331,52.50000000000002,0,3,0,0,0,54,72,20.0,15,5,5.0,1.1231264920893587,0.9344582797923761,8,0,3,659285473001f9b5
15,demand_spike,omni_observe,0.9990060986490322,0.2638888888888889,0.8888888888888888,0.2361111111111111,0.09722222222222222,0.0,0.1111111111111111,995.5909654295376,6097.250121770601,360,0,143.16043824042978,50.792386713599996,92.25000000000003,12.999999999999996,79,10,0,0,0,240,0,116.0,52,64,52.0,0.2788318228479998,1.195613848650763,43,32,0,c2a91a463f0d2d9d
15,demand_spike,omni_pipeline,1.0,0.16666666666666666,0.16666666666666666,0.1527777777777778,0.09722222222222222,0.0,0.8333333333333334,465.72973896897395,3296.4810053655888,30.0,1,142.11155915880457,37.12592286104472,151.33333333333323,54.16666666666667,0,1,0,0,0,65,72,15.0,11,4,3.0,0.29400000000000004,0.8374526541753645,2,0,1,0c297c9b261ebed3
15,demand_spike,omni_direct,1.0,0.09722222222222222,0.09722222222222222,0.09722222222222222,0.0,0.0,0.8888888888888888,343.0653709215468,2301.126191714887,25.0,1,135.9318390920439,32.75311457817806,151.00000000000006,53.833333333333336,0,4,0,0,0,43,72,14.0,10,4,4.0,0.29400000000000004,0.7516657871272704,0,0,12,803b3afb306200da
15,demand_spike,omni_direct_no_dynamics,1.0000000000000002,0.09722222222222222,0.09722222222222222,0.09722222222222222,0.0,0.0,0.8888888888888888,337.10807647278284,2268.852015219497,25.0,1,137.06621635871068,32.74980256694016,154.75000000000003,57.583333333333314,0,0,0,0,0,29,72,8.0,8,0,0.0,0.29400000000000004,0.734880618481244,0,0,12,674845d59175541a
15,demand_spike,omni_direct_no_shield,1.0,0.05555555555555555,0.05555555555555555,0.05555555555555555,0.027777777777777776,0.0,0.8611111111111112,246.95126519054733,1827.5678042198217,25.0,1,137.25088242537728,35.03124426819333,155.24999999999991,57.66666666666664,0,4,0,0,0,42,72,15.0,11,4,4.0,0.29400000000000004,0.7787231658820926,2,0,0,7b8072dcd8667097
15,demand_spike,omni_kill,1.0000000000000002,0.1111111111111111,0.3194444444444444,0.0,0.1111111111111111,0.0,0.6805555555555556,47.1567212903199,115.11527740678983,75.0,1,139.05376194076996,49.90021335844186,117.75,27.666666666666657,41,10,0,10,2,138,36,43.0,15,28,16.0,0.9042475175248754,0.9867698787994355,15,11,1,f9e9600322605ba7
15,demand_spike,omni_switch_on,1.0,0.19444444444444445,0.3333333333333333,0.19444444444444445,0.013888888888888888,0.0,0.6666666666666666,702.0716822065388,4264.914507074136,35.0,1,133.8750672492627,44.25,107.16666666666671,24.333333333333332,10,13,0,0,0,95,38,35.0,16,19,15.5,0.29400000000000004,0.7840212317440384,2,2,8,a568859188929e1f
16,demand_spike,native,0.9975054817646198,0.3194444444444444,0.75,0.16666666666666666,0.2222222222222222,0.19444444444444445,0.25,819.07545308258,4733.36633912389,360,0,179.65196392972618,54.918028390132704,114.91666666666667,10.916666666666666,93,17,0,0,0,266,0,107.0,49,58,49.0,0.36771384384919514,1.1192161708826251,48,35,0,447c3a6dceeebdcb
16,demand_spike,k8s_ref_50,0.9999999999999998,0.4583333333333333,0.5138888888888888,0.0,0.4583333333333333,0.4027777777777778,0.2777777777777778,189.62142185407623,1628.362495882469,165.0,1,219.13311214191796,53.91189289306007,172.91666666666666,50.5,13,2,0,0,0,180,0,34.0,20,14,14.0,0.517128707437683,0.932538799064143,30,20,0,66fc63bfde9723b8
16,demand_spike,k8s_ref_60,0.9999999999999998,0.4861111111111111,0.5833333333333334,0.0,0.4861111111111111,0.4305555555555556,0.18055555555555555,189.62142185407623,1628.362495882469,360,0,222.1349108470637,53.91189289306007,181.24999999999997,58.833333333333336,16,2,0,0,0,184,0,24.0,20,4,4.0,0.5120920474437507,0.8848892130368572,33,23,0,0f801c1d74e9c1fa
16,demand_spike,k8s_ref_70,0.9999999999999998,0.5,0.6111111111111112,0.0,0.5,0.4305555555555556,0.19444444444444445,189.62142185407623,1628.362495882469,360,0,222.8613738610281,53.91189289306007,183.33333333333343,60.91666666666667,17,2,0,0,0,180,0,23.0,20,3,3.0,0.5211412682031695,0.8780393017687741,34,24,0,2da047cacef884cf
16,demand_spike,k8s_ref_80,0.9999999999999998,0.5277777777777778,0.5694444444444444,0.0,0.5138888888888888,0.4583333333333333,0.2361111111111111,189.62142185407623,1628.362495882469,360,0,223.66338621092575,53.91189289306007,185.66666666666652,63.24999999999998,12,2,0,0,0,173,0,22.0,20,2,2.0,0.5251614928888136,0.871175136594186,29,19,0,cd28a749583e5372
16,demand_spike,omni_k8s_protect,0.9999999999999998,0.5138888888888888,0.5138888888888888,0.3472222222222222,0.5138888888888888,0.0,0.3194444444444444,1860.1096136193296,7499.274238823257,115.0,1,191.01983710953226,35.4,125.66666666666669,13.583333333333334,0,2,0,0,0,83,72,7.0,5,2,2.0,0.29400000000000004,0.8493410124405043,0,0,30,03f82b98e26be31d
16,demand_spike,omni_k8s_throughput,1.0,0.20833333333333334,0.20833333333333334,0.0,0.18055555555555555,0.09722222222222222,0.7361111111111112,21.3234296909592,86.53961655953215,45.0,1,174.9979486243767,54.87,198.08333333333334,74.41666666666667,0,2,0,0,0,81,72,21.0,19,2,2.0,1.2717086484726687,0.9851314802127015,10,0,1,8a5304512f198c67
16,demand_spike,omni_k8s_observe,0.9999999999999998,0.5,0.6111111111111112,0.0,0.5,0.4305555555555556,0.19444444444444445,189.62142185407623,1628.362495882469,360,0,222.8613738610281,53.91189289306007,183.33333333333343,60.91666666666667,17,2,0,0,0,180,0,23.0,20,3,3.0,0.5211412682031695,0.8780393017687741,34,24,0,2da047cacef884cf
16,demand_spike,omni_k8s_kill,1.0,0.6111111111111112,0.6111111111111112,0.125,0.5972222222222222,0.4166666666666667,0.1111111111111111,441.1309786553763,3025.3509822804435,360,0,224.07654901976164,57.75057419808429,180.25000000000009,58.33333333333334,10,2,0,3,1,153,27,23.0,20,3,3.0,0.4905034851350488,0.8741116832240424,28,18,2,4a9588d53601125a
16,demand_spike,omni_k8s_throughput_no_dynamics,1.0,0.20833333333333334,0.20833333333333334,0.0,0.19444444444444445,0.06944444444444445,0.7222222222222222,16.667864493410757,46.564039177032015,40.0,1,177.97357971806224,56.491096579374386,207.16666666666683,83.33333333333333,0,0,0,0,0,80,72,20.0,20,0,0.0,1.2505526125489848,0.9246125760044723,12,0,1,5593e8a52bd43881
16,demand_spike,omni_k8s_throughput_no_gate,0.9999999999999998,0.20833333333333334,0.20833333333333334,0.0,0.18055555555555555,0.1111111111111111,0.7222222222222222,29.427182725670516,55.952958871692616,50.0,1,177.79915966500494,56.2189340494855,198.4166666666666,75.25,0,4,0,0,0,86,72,27.0,22,5,5.0,1.2149602103488037,1.0012039983247565,13,0,1,3965b484adedfecf
16,demand_spike,omni_observe,0.9975054817646198,0.3194444444444444,0.75,0.16666666666666666,0.2222222222222222,0.19444444444444445,0.25,819.07545308258,4733.36633912389,360,0,179.65196392972618,54.918028390132704,114.91666666666667,10.916666666666666,93,17,0,0,0,266,0,107.0,49,58,49.0,0.36771384384919514,1.1192161708826251,48,35,0,447c3a6dceeebdcb
16,demand_spike,omni_pipeline,1.0,0.2777777777777778,0.2777777777777778,0.16666666666666666,0.2777777777777778,0.0,0.6527777777777778,722.2571469580739,4059.4133876103683,65.0,1,181.1987626935508,37.79117148060986,175.83333333333346,50.08333333333334,0,1,0,0,0,135,72,16.0,14,2,1.5,0.373358611809409,0.7870099456862405,0,0,0,5cd6787dae00aac7
16,demand_spike,omni_direct,1.0000000000000002,0.4305555555555556,0.4305555555555556,0.3333333333333333,0.09722222222222222,0.0,0.4305555555555556,1781.0860306571876,7508.086421141408,85.0,1,182.2904775274058,35.4,148.9166666666667,22.166666666666668,0,2,0,0,0,101,72,12.0,9,3,3.0,0.37801365565953815,0.8090136294887688,0,0,26,66751471afef81dd
16,demand_spike,omni_direct_no_dynamics,1.0,0.2916666666666667,0.2916666666666667,0.013888888888888888,0.2916666666666667,0.0,0.5833333333333334,181.2303558879765,1330.8536579963436,50.0,1,185.5676400403094,40.36828580475315,187.66666666666663,61.50000000000001,0,0,0,0,0,97,72,16.0,16,0,0.0,0.3671977594098417,0.9275727367369293,0,0,0,deb56bd24b922699
16,demand_spike,omni_direct_no_shield,1.0,0.3611111111111111,0.3611111111111111,0.2638888888888889,0.09722222222222222,0.0,0.4722222222222222,1231.0995956099532,5923.994182066004,70.0,1,183.51042501506885,35.4,161.41666666666666,33.33333333333332,0,2,0,0,0,106,72,17.0,13,4,4.0,0.37801365565953815,0.8308183778065258,2,0,0,aa3cd44212b2cba4
16,demand_spike,omni_kill,1.0,0.3611111111111111,0.6388888888888888,0.027777777777777776,0.2916666666666667,0.19444444444444445,0.2361111111111111,289.31382132405673,1781.5470696292798,160.0,1,193.82900957381378,52.2863828631213,121.91666666666674,6.083333333333332,61,7,0,22,3,254,27,46.0,17,29,18.5,1.1287177525573808,1.1979606910301779,20,13,0,01caaedda314db9a
16,demand_spike,omni_switch_on,1.0,0.3888888888888889,0.5138888888888888,0.3888888888888889,0.013888888888888888,0.0,0.4861111111111111,2056.8480376385323,7724.099954070856,95.0,1,167.40120659473814,43.20593832751624,124.16666666666663,12.249999999999998,12,13,0,0,0,101,47,26.0,11,15,12.0,0.29400000000000004,0.7509087801021544,1,1,27,319072e17802e3ef
17,demand_spike,native,1.0000000000000002,0.1527777777777778,0.5416666666666666,0.09722222222222222,0.09722222222222222,0.013888888888888888,0.4583333333333333,381.18041769733657,2535.7396689370667,120.0,1,152.22657368115338,46.682765937875686,89.24999999999997,1.5833333333333333,61,14,0,15,3,214,0,65.0,26,39,27.5,0.2240368791716758,0.9928606500121528,27,18,0,b6fcbcb095d9d31f
17,demand_spike,k8s_ref_50,0.9999999999999999,0.20833333333333334,0.2222222222222222,0.0,0.1527777777777778,0.1111111111111111,0.5833333333333334,17.216531006075165,127.51685613768805,110.0,1,193.22123315331612,44.567233921057564,141.08333333333334,33.41666666666667,6,1,0,0,0,162,0,18.0,9,9,9.0,0.2359671879219949,0.9312987535653575,13,6,0,bce00edf5d514b9d
17,demand_spike,k8s_ref_60,0.9999999999999999,0.20833333333333334,0.2777777777777778,0.0,0.1527777777777778,0.1111111111111111,0.5277777777777778,17.216531006075165,127.51685613768805,110.0,1,194.12873239242722,44.567233921057564,143.5833333333334,35.91666666666667,10,2,0,0,0,180,0,13.0,9,4,4.0,0.2359671879219949,0.9113704351127954,17,10,0,2711af5c5817b1e3
17,demand_spike,k8s_ref_70,1.0,0.2222222222222222,0.2222222222222222,0.0,0.1527777777777778,0.1388888888888889,0.5833333333333334,16.794523360219134,43.80766373870382,115.0,1,196.88241303403564,44.64694644192419,149.33333333333334,41.0,5,1,0,0,0,166,0,9.0,9,0,0.0,0.23596171481544415,0.9070993806816507,11,5,0,e7904d6104508f18
17,demand_spike,k8s_ref_80,1.0,0.2222222222222222,0.2222222222222222,0.0,0.1527777777777778,0.1388888888888889,0.5833333333333334,33.16639598069434,187.62141763809544,115.0,1,197.1844443932341,44.90466390708929,149.66666666666669,41.083333333333336,5,1,0,0,0,165,0,9.0,9,0,0.0,0.2536644429157483,0.9149042754833886,10,5,0,92fabbfaf7ff8ab0
17,demand_spike,omni_k8s_protect,1.0,0.06944444444444445,0.06944444444444445,0.0,0.06944444444444445,0.0,0.8472222222222222,35.761699221634295,263.322183188039,25.0,1,157.38454485312457,40.37654393571762,174.3333333333333,64.08333333333331,0,2,0,0,0,59,72,16.0,11,5,5.0,0.4437555952898222,0.807059344341154,0,0,6,8635c2d095917a18
17,demand_spike,omni_k8s_throughput,1.0,0.1388888888888889,0.1388888888888889,0.0,0.1388888888888889,0.0,0.8333333333333334,25.40214385526426,105.65031786569871,30.0,1,148.1450173185518,47.77022354167941,157.58333333333331,48.58333333333334,0,2,0,0,0,63,72,15.0,12,3,3.0,1.3335700698706865,0.9180583169621007,6,0,1,256d10a8be3395e2
17,demand_spike,omni_k8s_observe,1.0,0.2222222222222222,0.2222222222222222,0.0,0.1527777777777778,0.1388888888888889,0.5833333333333334,16.794523360219134,43.80766373870382,115.0,1,196.88241303403564,44.64694644192419,149.33333333333334,41.0,5,1,0,0,0,166,0,9.0,9,0,0.0,0.23596171481544415,0.9070993806816507,11,5,0,e7904d6104508f18
17,demand_spike,omni_k8s_kill,1.0,0.20833333333333334,0.20833333333333334,0.0,0.1527777777777778,0.125,0.5833333333333334,3.014867283126724,0.0,120.0,1,184.9517770848013,46.25957389981086,176.08333333333334,66.25000000000001,2,1,0,0,0,114,32,10.0,10,0,0.0,0.7362389956601021,0.8723843367962658,2,2,1,a95d0e6c1418e0a3
17,demand_spike,omni_k8s_throughput_no_dynamics,1.0,0.16666666666666666,0.16666666666666666,0.0,0.1527777777777778,0.06944444444444445,0.7916666666666666,19.943491437315945,0.0,45.0,1,159.982626329501,53.51930876223102,175.66666666666674,66.66666666666666,0,0,0,0,0,60,72,17.0,17,0,0.0,1.0777102607847944,1.0035318613702915,10,0,1,9cdd1dc9ac120fc8
17,demand_spike,omni_k8s_throughput_no_gate,0.9999999999999998,0.1388888888888889,0.1388888888888889,0.0,0.1388888888888889,0.0,0.8472222222222222,31.595303710700037,104.89743662538723,25.0,1,146.49922175021302,46.019999999999996,155.24999999999997,46.416666666666664,0,4,0,0,0,70,72,19.0,14,5,5.0,1.3008895960411502,0.8958072258845226,6,0,1,a4799cc0af303ca5
17,demand_spike,omni_observe,1.0000000000000002,0.1527777777777778,0.5416666666666666,0.09722222222222222,0.09722222222222222,0.013888888888888888,0.4583333333333333,381.18041769733657,2535.7396689370667,120.0,1,152.22657368115338,46.682765937875686,89.24999999999997,1.5833333333333333,61,14,0,15,3,214,0,65.0,26,39,27.5,0.2240368791716758,0.9928606500121528,27,18,0,b6fcbcb095d9d31f
17,demand_spike,omni_pipeline,0.9999999999999999,0.06944444444444445,0.06944444444444445,0.06944444444444445,0.0,0.0,0.9166666666666666,253.80617125427105,1855.2884173998286,25.0,1,155.85412151555502,32.855553681171465,156.41666666666666,45.99999999999999,0,1,0,0,0,115,72,15.0,10,5,5.0,0.29400000000000004,0.7415703929651645,0,0,13,17b25a08614f9674
17,demand_spike,omni_direct,0.9999999999999999,0.06944444444444445,0.06944444444444445,0.06944444444444445,0.0,0.0,0.9166666666666666,248.27363165619903,1832.1460099505043,25.0,1,151.7136030714258,32.737747941915885,161.24999999999997,50.83333333333334,0,2,0,0,0,56,72,15.0,10,5,5.0,0.29400000000000004,0.7213568032829561,0,0,14,705f92d440d5e689
17,demand_spike,omni_direct_no_dynamics,0.9999999999999999,0.08333333333333333,0.08333333333333333,0.013888888888888888,0.06944444444444445,0.0,0.9027777777777778,132.61059039064597,1146.1680139071154,20.0,1,155.98241943456463,36.22558361829788,172.3333333333332,62.58333333333336,0,0,0,0,0,53,72,12.0,12,0,0.0,0.4101791719025336,0.7041514113324013,0,0,7,22fb980aaacc381f
17,demand_spike,omni_direct_no_shield,0.9999999999999999,0.027777777777777776,0.027777777777777776,0.0,0.027777777777777776,0.0,0.8888888888888888,124.32539295867042,884.781743891223,25.0,1,153.00626553809244,35.033360775960794,165.58333333333323,54.83333333333331,0,4,0,0,0,59,72,18.0,13,5,5.0,0.29400000000000004,0.7573024004509853,2,0,0,66a0ce91ebb61128
17,demand_spike,omni_kill,1.0,0.1111111111111111,0.3888888888888889,0.0,0.1111111111111111,0.013888888888888888,0.6111111111111112,24.474249774280693,126.73739249643117,120.0,1,155.68574061556822,49.90021335844186,122.16666666666663,21.33333333333333,46,7,0,12,2,164,32,38.0,13,25,14.0,0.8703299874998183,0.9728700405071024,12,9,2,834c53d68fba7b9e
17,demand_spike,omni_switch_on,1.0,0.18055555555555555,0.2916666666666667,0.18055555555555555,0.013888888888888888,0.0,0.6944444444444444,589.3450939015258,3402.798324358715,35.0,1,149.17964732029512,46.019999999999996,118.99999999999999,23.58333333333334,9,11,0,0,0,96,42,30.0,13,17,13.0,0.29400000000000004,0.7740427571712126,1,1,9,320bdb9be847a8a3
18,demand_spike,native,0.9999999999999998,0.19444444444444445,0.5138888888888888,0.09722222222222222,0.1388888888888889,0.0,0.4861111111111111,308.6258870927416,2351.795769456718,80.0,1,143.56094994775128,45.308623620862825,84.91666666666664,1.8333333333333333,56,15,0,15,5,201,0,59.0,22,37,24.5,0.24577629831867065,0.9924738654008425,27,19,0,54df9ed0ceb82e4f
18,demand_spike,k8s_ref_50,1.0,0.19444444444444445,0.20833333333333334,0.0,0.18055555555555555,0.06944444444444445,0.7083333333333334,11.656131052890677,84.64194259174121,55.0,1,181.23445396210343,41.94078227562025,132.41666666666666,32.08333333333334,6,1,0,0,0,121,0,15.0,6,9,6.0,0.1668949785230025,0.9455315289341265,11,6,0,90ef69cc379a9782
18,demand_spike,k8s_ref_60,1.0,0.19444444444444445,0.20833333333333334,0.0,0.18055555555555555,0.06944444444444445,0.7083333333333334,11.656131052890677,84.64194259174121,55.0,1,183.3944607655606,41.94078227562025,137.83333333333337,37.50000000000001,6,2,0,0,0,136,0,9.0,6,3,3.0,0.1668949785230025,0.9097183961662825,11,6,0,8323422729037ec4
18,demand_spike,k8s_ref_70,1.0,0.20833333333333334,0.2222222222222222,0.0,0.18055555555555555,0.1111111111111111,0.6944444444444444,16.667410235190314,1.6201060326947856,60.0,1,187.93340466788953,43.20875001027271,146.75000000000006,44.91666666666665,5,2,0,0,0,132,0,8.0,7,1,1.0,0.21448636764940177,0.9301031842747605,9,5,0,6e0a9b0950a3497c
18,demand_spike,k8s_ref_80,1.0,0.2222222222222222,0.2361111111111111,0.0,0.18055555555555555,0.1388888888888889,0.6805555555555556,32.57659473652483,130.4845004935052,65.0,1,189.62862206818826,44.90490749280131,150.83333333333334,48.666666666666664,8,3,0,0,0,139,0,9.0,8,1,1.0,0.2449010107670504,0.9339342832495905,12,8,0,0101353dbefa76d8
18,demand_spike,omni_k8s_protect,1.0,0.09722222222222222,0.09722222222222222,0.0,0.09722222222222222,0.0,0.8472222222222222,19.5739985732257,98.29960348580276,20.0,1,146.3334967888988,36.1757992128,165.58333333333326,62.08333333333336,0,3,0,0,0,53,72,16.0,11,5,5.0,0.36276580482453014,0.8012652625313719,0,0,8,02d9eb58003795fa
18,demand_spike,omni_k8s_throughput,1.0,0.1388888888888889,0.1388888888888889,0.0,0.1388888888888889,0.0,0.8055555555555556,29.557234743983297,63.69733195363532,25.0,1,145.03990316138012,49.087592323444106,167.83333333333348,65.66666666666667,0,2,0,0,0,59,72,16.0,13,3,3.0,1.1524128344110698,0.9047364473809302,8,0,1,bcab1b4855880826
18,demand_spike,omni_k8s_observe,1.0,0.20833333333333334,0.2222222222222222,0.0,0.18055555555555555,0.1111111111111111,0.6944444444444444,16.667410235190314,1.6201060326947856,60.0,1,187.93340466788953,43.20875001027271,146.75000000000006,44.91666666666665,5,2,0,0,0,132,0,8.0,7,1,1.0,0.21448636764940177,0.9301031842747605,9,5,0,6e0a9b0950a3497c
18,demand_spike,omni_k8s_kill,1.0,0.20833333333333334,0.20833333333333334,0.0,0.16666666666666666,0.1111111111111111,0.6666666666666666,15.156302024097398,0.0,80.0,1,182.6466431989497,50.6695855101214,172.08333333333323,68.58333333333333,2,2,0,0,0,131,22,15.0,12,3,3.0,0.8506803233462312,0.9074450943725573,3,2,2,535aef47fa52139c
18,demand_spike,omni_k8s_throughput_no_dynamics,1.0,0.09722222222222222,0.09722222222222222,0.0,0.09722222222222222,0.0,0.8194444444444444,28.53679649805268,32.9731253395515,20.0,1,146.6546104352303,49.98439232344411,176.50000000000009,74.3333333333333,0,0,0,0,0,48,72,14.0,14,0,0.0,1.1019704029824715,0.8779398609865493,8,0,1,ff1b180d70d56143
18,demand_spike,omni_k8s_throughput_no_gate,1.0,0.125,0.125,0.0,0.125,0.0,0.8194444444444444,41.4953351328479,102.957351611957,20.0,1,140.03055993811066,47.56704058743134,161.2499999999999,59.250000000000014,0,5,0,0,0,65,72,20.0,14,6,6.0,1.2672390700698843,0.8434752829470799,6,0,1,a6548bed37864ce9
18,demand_spike,omni_observe,0.9999999999999998,0.19444444444444445,0.5138888888888888,0.09722222222222222,0.1388888888888889,0.0,0.4861111111111111,308.6258870927416,2351.795769456718,80.0,1,143.56094994775128,45.308623620862825,84.91666666666664,1.8333333333333333,56,15,0,15,5,201,0,59.0,22,37,24.5,0.24577629831867065,0.9924738654008425,27,19,0,54df9ed0ceb82e4f
18,demand_spike,omni_pipeline,1.0000000000000002,0.09722222222222222,0.09722222222222222,0.09722222222222222,0.0,0.0,0.875,317.67975707349456,1980.1974270388578,25.0,1,146.75862676429125,32.78869588140093,147.16666666666663,43.333333333333336,0,1,0,0,0,97,72,15.0,8,7,7.0,0.29400000000000004,0.783807872583188,0,0,13,646361e03e98d502
18,demand_spike,omni_direct,1.0,0.0,0.0,0.0,0.0,0.0,0.9166666666666666,179.2473294643554,1144.1087725028833,20.0,1,143.17511654415347,33.76407926528,156.08333333333334,52.000000000000014,0,4,0,0,0,49,72,15.0,10,5,5.0,0.29400000000000004,0.7500406895083708,0,0,8,952de7341c09859d
18,demand_spike,omni_direct_no_dynamics,1.0,0.0,0.0,0.0,0.0,0.0,0.9444444444444444,166.20331541779635,1079.8800699786332,20.0,1,145.07453894415346,33.76407926528,162.33333333333334,58.25,0,0,0,0,0,36,72,8.0,8,0,0.0,0.29400000000000004,0.732195462308609,0,0,8,10b98b8daeff6467
18,demand_spike,omni_direct_no_shield,1.0,0.027777777777777776,0.027777777777777776,0.0,0.027777777777777776,0.0,0.875,122.24658668190033,744.4590275486786,20.0,1,145.57577541082017,35.032702200040255,163.8333333333333,59.00000000000002,0,4,0,0,0,51,72,17.0,12,5,5.0,0.29400000000000004,0.7796862851896432,1,0,0,aef9065b5c51bdd3
18,demand_spike,omni_kill,0.9999999999999998,0.1388888888888889,0.375,0.0,0.1388888888888889,0.027777777777777776,0.6111111111111112,24.1356711566783,67.55049946798526,80.0,1,146.89179186823552,49.48756807542118,108.74999999999996,16.250000000000004,45,10,0,14,5,171,22,43.0,14,29,16.5,0.8824811835803996,1.0142185942809552,15,11,0,067e013d68409128
18,demand_spike,omni_switch_on,1.0,0.20833333333333334,0.3194444444444444,0.20833333333333334,0.013888888888888888,0.0,0.6805555555555556,642.4096476271212,3550.754876692623,30.0,1,141.6347589234406,44.25,123.41666666666674,30.5,8,11,0,0,0,81,52,30.0,13,17,13.5,0.29400000000000004,0.7625199665896832,2,2,11,69dece0d80a013de
19,demand_spike,native,1.0,0.2777777777777778,0.5694444444444444,0.19444444444444445,0.1527777777777778,0.125,0.4305555555555556,912.4907960792249,5430.581534301351,125.0,1,167.51453430073283,63.72,107.83333333333331,11.25,71,10,0,21,4,235,0,76.0,31,45,33.0,0.5880741306706827,1.1185353816506638,52,39,0,e07195975f99c722
19,demand_spike,k8s_ref_50,1.0000000000000002,0.3194444444444444,0.3333333333333333,0.0,0.2916666666666667,0.2361111111111111,0.5416666666666666,199.51777321064387,1633.902770089894,110.0,1,206.20792756201854,55.200262138031306,164.8333333333333,50.83333333333334,11,2,0,0,0,176,0,32.0,20,12,12.0,0.37937774277055714,0.9612892545837437,28,18,0,c47d31e66dbc9732
19,demand_spike,k8s_ref_60,1.0000000000000002,0.3194444444444444,0.3333333333333333,0.0,0.2916666666666667,0.2361111111111111,0.4861111111111111,199.51777321064387,1633.902770089894,360,0,208.2457156651983,55.200262138031306,170.49999999999994,56.49999999999999,11,2,0,0,0,168,0,24.0,20,4,4.0,0.37163443526295026,0.9260924022764395,28,18,0,74d791a0a0632127
19,demand_spike,k8s_ref_70,1.0000000000000002,0.3472222222222222,0.3472222222222222,0.0,0.3194444444444444,0.25,0.4722222222222222,227.29707801517355,1802.170536284503,360,0,208.91148909071228,55.200262138031306,172.00000000000009,57.83333333333333,10,2,0,0,0,161,0,23.0,20,3,3.0,0.341046996418632,0.9193427500358042,27,17,0,7200cfb8a262ab94
19,demand_spike,k8s_ref_80,1.0000000000000002,0.3472222222222222,0.3472222222222222,0.041666666666666664,0.3194444444444444,0.25,0.4722222222222222,269.2281742576431,2082.6168132755165,360,0,209.43077401566583,63.18835092484214,172.00000000000009,57.66666666666666,10,2,0,1,1,163,0,23.0,20,3,3.0,0.6096377884876758,0.919361327993569,28,18,0,163e79416629e75c
19,demand_spike,omni_k8s_protect,1.0,0.2777777777777778,0.2777777777777778,0.2777777777777778,0.0,0.0,0.7083333333333334,1513.0411650690075,7439.621827287792,60.0,1,155.98568808019235,33.76407926528,158.91666666666654,40.83333333333332,0,2,0,0,0,49,72,11.0,8,3,3.0,0.3720020189781408,0.7345065006626935,0,0,24,7886fb1fd9649038
19,demand_spike,omni_k8s_throughput,1.0000000000000002,0.2222222222222222,0.2222222222222222,0.013888888888888888,0.18055555555555555,0.1111111111111111,0.7361111111111112,76.03578289109835,522.0276051500415,45.0,1,162.669085837851,58.04207786054968,177.8333333333332,64.58333333333334,0,2,0,0,0,70,72,22.0,20,2,2.0,1.3003980906579766,1.0349412309051191,11,0,3,828ecde0592320d9
19,demand_spike,omni_k8s_observe,1.0000000000000002,0.3472222222222222,0.3472222222222222,0.0,0.3194444444444444,0.25,0.4722222222222222,227.29707801517355,1802.170536284503,360,0,208.91148909071228,55.200262138031306,172.00000000000009,57.83333333333333,10,2,0,0,0,161,0,23.0,20,3,3.0,0.341046996418632,0.9193427500358042,27,17,0,7200cfb8a262ab94
19,demand_spike,omni_k8s_kill,1.0000000000000002,0.25,0.25,0.013888888888888888,0.19444444444444445,0.16666666666666666,0.5972222222222222,95.42123350234596,936.1271521766964,100.0,1,186.11464658622572,53.2080368730233,177.08333333333314,62.416666666666664,2,2,0,0,0,106,35,20.0,16,4,4.0,1.0347832954512612,0.9105019209370099,9,5,2,672d5b22fc0998a1
19,demand_spike,omni_k8s_throughput_no_dynamics,1.0000000000000002,0.2777777777777778,0.2777777777777778,0.013888888888888888,0.25,0.16666666666666666,0.6805555555555556,70.26670104887754,522.0276051500415,65.0,1,173.9961425257196,61.610738804151765,180.91666666666674,67.75,0,0,0,0,0,62,72,20.0,20,0,0.0,1.1280020189781408,1.044452308427911,9,0,3,f872ce12a11c3332
19,demand_spike,omni_k8s_throughput_no_gate,1.0,0.2222222222222222,0.2222222222222222,0.041666666666666664,0.18055555555555555,0.09722222222222222,0.75,185.10291115149235,1770.379773530892,40.0,1,159.02916473279777,60.05423222626247,173.08333333333326,61.166666666666686,0,4,0,0,0,75,72,28.0,23,5,5.0,1.3045905646180609,1.0238646030198417,11,0,6,0a66d721249e6893
19,demand_spike,omni_observe,1.0,0.2777777777777778,0.5694444444444444,0.19444444444444445,0.1527777777777778,0.125,0.4305555555555556,912.4907960792249,5430.581534301351,125.0,1,167.51453430073283,63.72,107.83333333333331,11.25,71,10,0,21,4,235,0,76.0,31,45,33.0,0.5880741306706827,1.1185353816506638,52,39,0,e07195975f99c722
19,demand_spike,omni_pipeline,1.0,0.2777777777777778,0.2777777777777778,0.2777777777777778,0.0,0.0,0.6944444444444444,1665.1232168015194,7950.289521310679,65.0,1,159.33129357629724,32.71055798459876,151.66666666666654,33.83333333333333,0,1,0,0,0,116,72,11.0,8,3,3.0,0.29400000000000004,0.7545821791097531,0,0,23,ac46f85b4de66351
19,demand_spike,omni_direct,1.0000000000000002,0.2777777777777778,0.2777777777777778,0.2777777777777778,0.0,0.0,0.7083333333333334,1622.9876876045291,7806.887170944422,65.0,1,155.1151194801924,32.79963062688503,156.1666666666666,38.083333333333336,0,2,0,0,0,53,72,11.0,8,3,3.0,0.3720020189781408,0.7330598299927336,0,0,23,350476fd6b1b915f
19,demand_spike,omni_direct_no_dynamics,1.0000000000000002,0.2777777777777778,0.2777777777777778,0.2777777777777778,0.0,0.0,0.7083333333333334,1605.041059869282,7764.054838462887,65.0,1,156.22311588019244,32.755929997327996,159.91666666666669,41.99999999999999,0,0,0,0,0,50,72,8.0,8,0,0.0,0.3720020189781408,0.7245243503876062,0,0,24,1fab0ebfa0e21b87
19,demand_spike,omni_direct_no_shield,1.0000000000000004,0.25,0.25,0.2222222222222222,0.1111111111111111,0.0,0.7222222222222222,1218.4998893683385,6471.86991290962,60.0,1,157.30473141352576,35.19953832231717,163.25000000000003,45.08333333333333,0,2,0,0,0,56,72,15.0,11,4,4.0,0.3720020189781408,0.8025361903503409,2,0,0,33c20f0322e2e36e
19,demand_spike,omni_kill,1.0000000000000002,0.2361111111111111,0.4166666666666667,0.013888888888888888,0.18055555555555555,0.1388888888888889,0.5833333333333334,315.36615017574906,1736.4630373059201,125.0,1,167.4793002766833,50.976,137.3333333333334,28.000000000000004,54,9,0,19,4,186,35,56.0,21,35,23.0,1.1786811155095513,1.1239741582958043,26,17,1,fdd50c96531f4694
19,demand_spike,omni_switch_on,1.0,0.3333333333333333,0.4444444444444444,0.3333333333333333,0.013888888888888888,0.0,0.5555555555555556,2121.504074130035,9201.794752527137,70.0,1,155.38317842555222,46.019999999999996,118.58333333333327,16.5,8,9,0,0,0,97,39,27.0,12,15,11.0,0.29400000000000004,0.7732416229271117,2,2,19,ce260a75c9fd4a99
20,demand_spike,native,0.9999999999999998,0.4027777777777778,0.6805555555555556,0.16666666666666666,0.3055555555555556,0.2777777777777778,0.3194444444444444,735.9853953678819,4212.6708333672905,130.0,1,192.1793121995125,63.72,124.75000000000003,7.583333333333333,83,10,0,30,8,275,0,76.0,30,46,33.5,1.081939244985147,1.1693085364900124,48,35,0,0d7b7d9c13d9b14b
20,demand_spike,k8s_ref_50,1.0,0.4722222222222222,0.5416666666666666,0.05555555555555555,0.4583333333333333,0.4166666666666667,0.2916666666666667,264.43174881618063,2107.5786625862015,135.0,1,227.25329303412613,62.127,179.08333333333326,49.5,14,2,0,1,1,184,0,32.0,19,13,12.5,0.9630450690322468,0.9917944160541683,31,21,0,4dd57e239800cede
20,demand_spike,k8s_ref_60,1.0,0.4861111111111111,0.6111111111111112,0.05555555555555555,0.4583333333333333,0.4305555555555556,0.18055555555555555,264.43174881618063,2107.5786625862015,360,0,229.4183617816023,62.127,185.0833333333331,55.499999999999986,18,2,0,1,1,181,0,24.0,19,5,4.5,0.9547037993916015,0.9538795540512353,35,25,0,a1cb91f56a5b4a03
20,demand_spike,k8s_ref_70,1.0,0.5,0.5694444444444444,0.05555555555555555,0.5,0.4444444444444444,0.25,264.43174881618063,2107.5786625862015,360,0,230.59065052228468,62.127,188.2500000000001,58.666666666666664,14,2,0,1,1,173,0,22.0,19,3,2.5,0.9517384297097103,0.9404006009517298,31,21,0,8035f9e07414948d
20,demand_spike,k8s_ref_80,1.0,0.5277777777777778,0.5694444444444444,0.06944444444444445,0.5138888888888888,0.4583333333333333,0.2638888888888889,290.37764098004925,2288.2117067089016,360,0,231.30838059662256,58.940999999999995,190.16666666666646,60.25,11,2,0,1,1,169,0,21.0,19,2,1.5,0.7609898616033941,0.9335735300208632,29,19,0,bc81db96a0aa75ca
20,demand_spike,omni_k8s_protect,0.9999999999999997,0.4722222222222222,0.4722222222222222,0.4722222222222222,0.0,0.0,0.5138888888888888,3786.8553186410477,12519.817927864107,95.0,1,173.7853885781842,33.76407926528,165.83333333333326,28.75000000000001,0,2,0,0,0,66,72,11.0,9,2,2.0,0.4057548523211789,0.7104606070956774,0,0,38,41712d35cdb6523d
20,demand_spike,omni_k8s_throughput,1.0,0.3194444444444444,0.3194444444444444,0.0,0.2916666666666667,0.2222222222222222,0.625,72.39566206477932,341.9834628090496,50.0,1,184.3796312853824,64.09613611731751,198.66666666666654,69.08333333333333,0,2,0,0,0,88,72,22.0,20,2,2.0,2.3567736227940506,1.0679607167279164,8,0,2,947c4036615119b8
20,demand_spike,omni_k8s_observe,1.0,0.5,0.5694444444444444,0.05555555555555555,0.5,0.4444444444444444,0.25,264.43174881618063,2107.5786625862015,360,0,230.59065052228468,62.127,188.2500000000001,58.666666666666664,14,2,0,1,1,173,0,22.0,19,3,2.5,0.9517384297097103,0.9404006009517298,31,21,0,8035f9e07414948d
20,demand_spike,omni_k8s_kill,1.0,0.4583333333333333,0.4583333333333333,0.013888888888888888,0.4305555555555556,0.3888888888888889,0.3333333333333333,95.91271963852552,801.7858237129317,360,0,215.71468456096895,53.54659561196612,194.99999999999974,65.08333333333333,4,2,0,0,0,132,25,21.0,18,3,3.0,1.2687087767636962,0.9410852552235985,13,7,2,789437f62fb37acf
20,demand_spike,omni_k8s_throughput_no_dynamics,1.0,0.3888888888888889,0.3888888888888889,0.0,0.3611111111111111,0.3055555555555556,0.5555555555555556,47.989623907129925,96.04669323473878,75.0,1,210.77334822483502,63.035331912361116,199.2500000000001,70.33333333333333,0,0,0,0,0,79,72,20.0,20,0,0.0,1.1052340426340153,1.11441954863355,8,0,2,462860f5c9b2fc6c
20,demand_spike,omni_k8s_throughput_no_gate,1.0,0.3333333333333333,0.3333333333333333,0.013888888888888888,0.2916666666666667,0.2222222222222222,0.625,88.68361972314872,492.3193582057496,50.0,1,184.7540613343946,64.06266466171859,197.83333333333317,68.58333333333333,0,6,0,0,0,93,72,26.0,22,4,4.0,2.371684386623338,1.0720379457499827,9,0,3,2e9f963c7d886829
20,demand_spike,omni_observe,0.9999999999999998,0.4027777777777778,0.6805555555555556,0.16666666666666666,0.3055555555555556,0.2777777777777778,0.3194444444444444,735.9853953678819,4212.6708333672905,130.0,1,192.1793121995125,63.72,124.75000000000003,7.583333333333333,83,10,0,30,8,275,0,76.0,30,46,33.5,1.081939244985147,1.1693085364900124,48,35,0,0d7b7d9c13d9b14b
20,demand_spike,omni_pipeline,0.9999999999999997,0.4722222222222222,0.4722222222222222,0.4444444444444444,0.027777777777777776,0.0,0.5,3250.8781285750665,11236.092164418324,90.0,1,178.9289472984919,35.065641101570726,165.6666666666667,28.0,0,1,0,0,0,140,72,11.0,9,2,2.0,0.29400000000000004,0.7253227969404615,0,0,26,f15f5f59cbad9a2c
20,demand_spike,omni_direct,1.0,0.4722222222222222,0.4722222222222222,0.4722222222222222,0.0,0.0,0.5138888888888888,3785.5651564683244,12517.019025345902,95.0,1,173.5778526363929,33.76407926528,165.83333333333326,28.75000000000001,0,2,0,0,0,71,72,11.0,9,2,2.0,0.40043319268683697,0.7103620110510274,0,0,34,1c67379b07d5d2b1
20,demand_spike,omni_direct_no_dynamics,1.0000000000000002,0.4444444444444444,0.4444444444444444,0.3888888888888889,0.06944444444444445,0.0,0.5277777777777778,2645.1558504086006,9794.418842209083,85.0,1,176.47974796972622,36.11021292591555,175.25,37.25000000000001,0,0,0,0,0,69,72,10.0,10,0,0.0,0.40043319268683697,0.7466915513012763,0,0,0,bcdd50eb31070c44
20,demand_spike,omni_direct_no_shield,0.9999999999999998,0.4305555555555556,0.4305555555555556,0.4305555555555556,0.027777777777777776,0.0,0.5277777777777778,2851.975050465185,10208.403091162269,90.0,1,175.2398472363929,35.091298934237194,171.08333333333334,33.16666666666668,0,2,0,0,0,72,72,13.0,10,3,3.0,0.40043319268683697,0.7528257801613744,1,0,0,b1fd6c770ef5d242
20,demand_spike,omni_kill,1.0,0.375,0.5555555555555556,0.013888888888888888,0.2916666666666667,0.2916666666666667,0.4305555555555556,337.298085811066,1324.634741994567,130.0,1,193.74634583477828,55.446834373107585,147.24999999999994,21.333333333333336,72,11,0,29,8,245,25,61.0,22,39,26.0,1.6391644103708405,1.1747039178290564,30,21,0,f5e0c21daf077420
20,demand_spike,omni_switch_on,0.9999999999999997,0.5833333333333334,0.6805555555555556,0.5833333333333334,0.013888888888888888,0.0,0.3194444444444444,5477.054586591274,15334.327372807636,125.0,1,176.77342965455864,43.365,126.4999999999999,5.833333333333333,9,9,0,0,0,100,49,20.0,9,11,8.0,0.29400000000000004,0.6599210819533033,2,2,40,17d58af6146d6542
21,demand_spike,native,0.9999999999999996,0.3888888888888889,0.9027777777777778,0.3194444444444444,0.16666666666666666,0.125,0.09722222222222222,1592.615168454472,7513.139415102518,120.0,1,163.01288335135894,56.19576376348794,111.75000000000001,18.416666666666664,80,8,0,0,0,257,0,117.0,52,65,52.5,0.35087685017983916,1.289061478937732,56,41,0,097e462cb234e51f
21,demand_spike,k8s_ref_50,0.9999999999999999,0.3194444444444444,0.3194444444444444,0.0,0.2638888888888889,0.2222222222222222,0.625,21.398125315892507,135.14376069118043,60.0,1,189.30751230100765,47.760977037032944,142.74999999999997,37.25000000000001,8,2,0,0,0,137,0,24.0,11,13,11.0,0.31754840321143774,1.10704179842572,17,8,0,98e59d3876a57511
21,demand_spike,k8s_ref_60,1.0000000000000002,0.3194444444444444,0.3194444444444444,0.0,0.2638888888888889,0.2222222222222222,0.6111111111111112,26.65027292788757,137.09147248871568,65.0,1,193.14148419906982,47.90310994905975,151.83333333333334,45.91666666666668,9,2,0,0,0,130,0,17.0,12,5,5.0,0.29540814535623405,1.0637663046777273,18,9,0,71e48508cb1ad3bd
21,demand_spike,k8s_ref_70,1.0000000000000002,0.3194444444444444,0.3194444444444444,0.0,0.2638888888888889,0.2361111111111111,0.6111111111111112,48.09680028882797,394.4891870611789,65.0,1,194.55843388773354,47.24844465081872,154.3333333333334,47.58333333333334,7,4,0,0,0,129,0,16.0,12,4,4.0,0.33716252255882195,1.0611697408470557,15,8,0,938506fb3398e3f4
21,demand_spike,k8s_ref_80,0.9999999999999999,0.3055555555555556,0.3194444444444444,0.0,0.25,0.2361111111111111,0.6111111111111112,54.02993147410203,468.5543260318782,65.0,1,195.1254741456054,47.25253885172638,155.99999999999994,49.249999999999986,10,3,0,0,0,135,0,15.0,12,3,3.0,0.3378301316235819,1.0531606227524482,18,11,0,fabbf8edec103449
21,demand_spike,omni_k8s_protect,1.0000000000000002,0.2222222222222222,0.2222222222222222,0.2222222222222222,0.0,0.0,0.7083333333333334,983.6285316678545,5006.967659563767,40.0,1,148.02107782152368,33.76407926528,157.9166666666665,47.50000000000001,0,3,0,0,0,50,72,14.0,10,4,4.0,0.29400000000000004,0.7784423603077171,0,0,24,765bbb4942522f0f
21,demand_spike,omni_k8s_throughput,0.9999999999999999,0.25,0.25,0.0,0.2361111111111111,0.125,0.7083333333333334,34.02284221802613,134.08954710937857,30.0,1,153.5930469091481,50.22151143259992,180.25000000000014,73.08333333333333,0,2,0,0,0,69,72,20.0,18,2,2.0,1.3824793977198984,1.0108895153345248,11,0,1,5edb65573c2c90a0
21,demand_spike,omni_k8s_observe,1.0000000000000002,0.3194444444444444,0.3194444444444444,0.0,0.2638888888888889,0.2361111111111111,0.6111111111111112,48.09680028882797,394.4891870611789,65.0,1,194.55843388773354,47.24844465081872,154.3333333333334,47.58333333333334,7,4,0,0,0,129,0,16.0,12,4,4.0,0.33716252255882195,1.0611697408470557,15,8,0,938506fb3398e3f4
21,demand_spike,omni_k8s_kill,1.0,0.2777777777777778,0.2777777777777778,0.0,0.2222222222222222,0.19444444444444445,0.6388888888888888,37.593286890487065,16.538087297740834,60.0,1,178.53782227351118,51.19403594009087,163.49999999999994,55.583333333333336,1,2,0,0,0,112,28,15.0,11,4,4.0,0.946078205121768,1.046805733668525,4,2,2,5d2ada087bde9638
21,demand_spike,omni_k8s_throughput_no_dynamics,1.0,0.2361111111111111,0.2361111111111111,0.0,0.2361111111111111,0.0,0.7222222222222222,29.976981808018074,91.29992265551662,25.0,1,153.30471466539566,51.11831143259992,187.16666666666666,79.99999999999999,0,0,0,0,0,63,72,19.0,19,0,0.0,1.2623917713459543,0.919554360582711,10,0,1,a2e4c314388f19c4
21,demand_spike,omni_k8s_throughput_no_gate,0.9999999999999999,0.2638888888888889,0.2638888888888889,0.013888888888888888,0.2361111111111111,0.09722222222222222,0.7083333333333334,54.65829109363824,223.09474874677124,30.0,1,151.1645720101268,50.22151143259992,175.75000000000006,69.16666666666667,0,4,0,0,0,75,72,25.0,20,5,5.0,1.4069090334763992,1.015593017193012,10,0,2,eb6ec1f6ab213265
21,demand_spike,omni_observe,0.9999999999999996,0.3888888888888889,0.9027777777777778,0.3194444444444444,0.16666666666666666,0.125,0.09722222222222222,1592.615168454472,7513.139415102518,120.0,1,163.01288335135894,56.19576376348794,111.75000000000001,18.416666666666664,80,8,0,0,0,257,0,117.0,52,65,52.5,0.35087685017983916,1.289061478937732,56,41,0,097e462cb234e51f
21,demand_spike,omni_pipeline,1.0,0.2777777777777778,0.2777777777777778,0.2777777777777778,0.18055555555555555,0.0,0.6944444444444444,1075.7393600927871,4482.798761913536,40.0,1,154.004505217393,37.08303256299176,157.24999999999986,46.75,0,1,0,0,0,82,72,16.0,11,5,4.0,0.29400000000000004,0.9077192397092865,2,0,1,d5b210342966fcbb
21,demand_spike,omni_direct,0.9999999999999999,0.2638888888888889,0.2638888888888889,0.2638888888888889,0.0,0.0,0.7222222222222222,1179.3862546202974,5626.412365008199,40.0,1,146.88670055485707,32.75241428057564,154.24999999999994,44.0,0,4,0,0,0,55,72,13.0,9,4,4.0,0.29400000000000004,0.7805563650010667,0,0,23,b52393fb62e7ed22
21,demand_spike,omni_direct_no_dynamics,1.0000000000000002,0.25,0.25,0.25,0.0,0.0,0.7361111111111112,1086.7018173431961,5356.905069561385,40.0,1,148.39871979039313,32.831748089420834,158.83333333333334,48.750000000000014,0,0,0,0,0,47,72,8.0,8,0,0.0,0.4015162771345848,0.764351246304466,0,0,23,ed4c382bb03f54cc
21,demand_spike,omni_direct_no_shield,1.0000000000000002,0.20833333333333334,0.20833333333333334,0.20833333333333334,0.027777777777777776,0.0,0.7083333333333334,780.8292862284571,3754.4845690300062,40.0,1,149.0235507548571,35.03037826545724,161.25000000000009,50.66666666666665,0,4,0,0,0,54,72,16.0,12,4,4.0,0.29400000000000004,0.8267470818529569,2,0,0,40bb50d4b6526693
21,demand_spike,omni_kill,1.0000000000000002,0.2638888888888889,0.4444444444444444,0.0,0.2222222222222222,0.1527777777777778,0.5555555555555556,68.91182324904918,263.88126603073255,115.0,1,157.26677076202688,49.90021335844186,123.91666666666664,22.91666666666666,59,9,0,21,3,192,28,50.0,18,32,19.5,1.0398833181769862,1.1997496767057327,24,18,1,0276d9706cc944ba
21,demand_spike,omni_switch_on,1.0,0.3472222222222222,0.4722222222222222,0.3472222222222222,0.013888888888888888,0.0,0.5138888888888888,1870.3194855248835,7634.998776604879,55.0,1,146.81054685075787,44.25,119.75000000000001,22.083333333333332,9,11,0,0,0,94,46,30.0,13,17,13.5,0.29400000000000004,0.7862749913075514,2,2,20,4d02b65aacacc426
22,demand_spike,native,1.0,0.09722222222222222,0.5,0.06944444444444445,0.05555555555555555,0.0,0.5,210.3462794314301,2039.0427514105504,130.0,1,145.60280057808035,43.34081096022434,84.91666666666666,2.0833333333333335,49,16,0,8,2,182,0,56.0,22,34,23.0,0.17947747946965786,0.833368715565458,21,14,0,5629027a4cdc6212
22,demand_spike,k8s_ref_50,1.0,0.08333333333333333,0.1111111111111111,0.0,0.08333333333333333,0.013888888888888888,0.5972222222222222,22.98965361386263,76.88748925501298,125.0,1,189.01278102103703,43.300533605644986,139.91666666666666,36.25,5,1,0,0,0,151,0,15.0,7,8,7.0,0.22011862923531056,0.8553248348741991,9,5,0,d206d689d59a171a
22,demand_spike,k8s_ref_60,1.0,0.08333333333333333,0.20833333333333334,0.0,0.08333333333333333,0.013888888888888888,0.5,22.98965361386263,76.88748925501298,125.0,1,190.50130559411627,43.300533605644986,143.83333333333337,40.16666666666665,12,2,0,0,0,173,0,9.0,7,2,2.0,0.22011862923531056,0.8265327821881231,16,12,0,1927c6aad151a49e
22,demand_spike,k8s_ref_70,1.0,0.09722222222222222,0.125,0.0,0.09722222222222222,0.013888888888888888,0.5833333333333334,29.158709791485965,126.85684429376232,130.0,1,193.13340012933028,44.90425707252072,150.33333333333331,46.33333333333332,5,1,0,0,0,158,0,8.0,8,0,0.0,0.26434778559790395,0.8172850041754587,9,5,0,bc4af511bd6497e2
22,demand_spike,k8s_ref_80,1.0,0.1111111111111111,0.1388888888888889,0.0,0.09722222222222222,0.041666666666666664,0.5555555555555556,48.78069225305509,385.68663085153867,140.0,1,194.8058936406474,46.52552608843568,154.41666666666669,50.25000000000001,6,2,0,0,0,158,0,11.0,10,1,1.0,0.2638301701396305,0.81579288699368,11,6,0,56bc9a2a6c8ae0b8
22,demand_spike,omni_k8s_protect,1.0,0.013888888888888888,0.013888888888888888,0.0,0.013888888888888888,0.0,0.9305555555555556,54.373459924020636,507.45878742245264,15.0,1,147.83725501144335,34.969939239039995,162.66666666666669,57.083333333333336,0,3,0,0,0,48,72,16.0,10,6,6.0,0.3328665596118996,0.7177147620097653,0,0,7,581a82fd61356d8c
22,demand_spike,omni_k8s_throughput,1.0,0.06944444444444445,0.06944444444444445,0.0,0.06944444444444445,0.0,0.9166666666666666,32.695287094012706,142.79570484451634,20.0,1,138.51496984355077,47.79,155.25000000000006,50.99999999999998,0,2,0,0,0,46,72,13.0,10,3,3.0,1.269506686407265,0.7633991981075365,4,0,1,7e3afc939daa7afa
22,demand_spike,omni_k8s_observe,1.0,0.09722222222222222,0.125,0.0,0.09722222222222222,0.013888888888888888,0.5833333333333334,29.158709791485965,126.85684429376232,130.0,1,193.13340012933028,44.90425707252072,150.33333333333331,46.33333333333332,5,1,0,0,0,158,0,8.0,8,0,0.0,0.26434778559790395,0.8172850041754587,9,5,0,bc4af511bd6497e2
22,demand_spike,omni_k8s_kill,0.9999999999999999,0.09722222222222222,0.09722222222222222,0.0,0.09722222222222222,0.0,0.6111111111111112,20.757608243732435,13.339789839773736,130.0,1,181.1467393066255,52.597701415679026,168.6666666666667,63.24999999999998,0,2,0,0,0,121,27,14.0,11,3,3.0,0.912092140366353,0.722908404270204,1,0,2,939200d259567d04
22,demand_spike,omni_k8s_throughput_no_dynamics,1.0,0.06944444444444445,0.06944444444444445,0.0,0.06944444444444445,0.0,0.9166666666666666,30.94077705524629,89.62129489131209,20.0,1,141.89773920891463,47.79,166.41666666666663,62.166666666666686,0,0,0,0,0,43,72,12.0,12,0,0.0,1.1912692108658052,0.7614963914648688,5,0,1,3377113324a0f59a
22,demand_spike,omni_k8s_throughput_no_gate,1.0,0.06944444444444445,0.06944444444444445,0.0,0.06944444444444445,0.0,0.9027777777777778,42.11135658666038,144.9766206042667,20.0,1,137.78658804584285,46.019999999999996,153.16666666666666,49.250000000000014,0,6,0,0,0,53,72,18.0,12,6,6.0,1.289463672872174,0.7615725641925366,4,0,1,c601b423371c428b
22,demand_spike,omni_observe,1.0,0.09722222222222222,0.5,0.06944444444444445,0.05555555555555555,0.0,0.5,210.3462794314301,2039.0427514105504,130.0,1,145.60280057808035,43.34081096022434,84.91666666666666,2.0833333333333335,49,16,0,8,2,182,0,56.0,22,34,23.0,0.17947747946965786,0.833368715565458,21,14,0,5629027a4cdc6212
22,demand_spike,omni_pipeline,1.0,0.013888888888888888,0.013888888888888888,0.013888888888888888,0.0,0.0,0.9722222222222222,120.46868462689287,1009.1357830615547,20.0,1,149.65806445706335,32.71422937100516,149.91666666666663,45.08333333333335,0,1,0,0,0,102,72,14.0,8,6,6.0,0.29400000000000004,0.7083984764519158,0,0,7,6db313849f39b000
22,demand_spike,omni_direct,1.0,0.013888888888888888,0.013888888888888888,0.013888888888888888,0.0,0.0,0.9722222222222222,122.99053561512513,1037.5852654788125,20.0,1,144.8825979447767,32.75672579220895,153.24999999999986,48.41666666666671,0,2,0,0,0,42,72,13.0,8,5,5.0,0.3328665596118996,0.6915196336647118,0,0,7,6bd0a3693f844ac0
22,demand_spike,omni_direct_no_dynamics,1.0000000000000002,0.0,0.0,0.0,0.0,0.0,0.9861111111111112,99.86225701664063,835.0270835867575,20.0,1,149.84220087810996,32.794013683446714,169.5,64.66666666666666,0,0,0,0,0,41,72,10.0,10,0,0.0,0.3328665596118996,0.6558030468780983,0,0,8,34ecfe791e74c3f7
22,demand_spike,omni_direct_no_shield,1.0,0.013888888888888888,0.013888888888888888,0.0,0.013888888888888888,0.0,0.9305555555555556,75.29020725784369,761.6679765992995,20.0,1,146.01697521144334,34.969939239039995,156.91666666666677,51.50000000000001,0,2,0,0,0,44,72,14.0,9,5,5.0,0.3328665596118996,0.7078818659943596,1,0,0,5339322d87143c97
22,demand_spike,omni_kill,1.0,0.05555555555555555,0.3194444444444444,0.0,0.05555555555555555,0.0,0.6805555555555556,35.20809971265944,57.46916521104729,85.0,1,146.4556199300342,49.90021335844186,109.8333333333333,16.166666666666664,34,7,0,4,1,134,27,35.0,12,23,12.5,0.8380931471708579,0.8330123342458814,8,6,1,527443dbe612ea72
22,demand_spike,omni_switch_on,1.0,0.09722222222222222,0.2361111111111111,0.08333333333333333,0.013888888888888888,0.0,0.75,303.0249895019854,2510.901712501632,25.0,1,143.7726755242911,44.25,118.33333333333327,26.333333333333336,10,15,0,0,0,88,47,35.0,15,20,16.5,0.29400000000000004,0.7278902451637372,2,2,5,45fa5afebc58667c
23,demand_spike,native,0.9925050729460534,0.5138888888888888,0.9583333333333334,0.2777777777777778,0.4027777777777778,0.3055555555555556,0.013888888888888888,3080.749911587363,15729.49778598227,360,0,199.31613530091036,56.21736716075477,131.16666666666663,12.333333333333337,121,9,0,0,0,323,0,108.0,49,59,49.0,0.505458538204711,1.20467930434855,60,42,0,85468c29c7770013
23,demand_spike,k8s_ref_50,1.0,0.6666666666666666,0.7222222222222222,0.20833333333333334,0.6527777777777778,0.5972222222222222,0.0,1545.1308868280773,9631.07775146928,360,0,236.31881508137175,62.14156726362471,192.41666666666666,59.49999999999999,12,2,0,5,3,180,0,32.0,19,13,12.0,0.9884501003606635,0.9319543258718433,30,20,0,131dd650bb28608f
23,demand_spike,k8s_ref_60,1.0,0.7361111111111112,0.8194444444444444,0.20833333333333334,0.7222222222222222,0.625,0.0,1545.1308868280773,9631.07775146928,360,0,238.70515162310306,62.14156726362471,199.16666666666683,66.25,14,2,0,5,3,184,0,23.0,19,4,3.0,0.9788658336599839,0.8915368391507479,32,22,0,8e31f7ca03e8d9b0
23,demand_spike,k8s_ref_70,1.0,0.7916666666666666,0.875,0.20833333333333334,0.7777777777777778,0.6805555555555556,0.013888888888888888,1545.1308868280773,9631.07775146928,360,0,241.52757759755158,62.14156726362471,207.6666666666668,74.74999999999997,14,2,0,5,3,183,0,20.0,19,1,0.0,0.9881827739660453,0.8822169900266594,32,22,0,830e76f62452ef9b
23,demand_spike,k8s_ref_80,1.0,0.7916666666666666,0.8194444444444444,0.20833333333333334,0.7777777777777778,0.6805555555555556,0.013888888888888888,1545.1308868280773,9631.07775146928,360,0,241.52757759755158,62.14156726362471,207.6666666666668,74.74999999999997,10,1,0,5,3,174,0,19.0,19,0,-0.5,0.9881827739660453,0.8822169900266594,28,18,0,0f1f4e2afed35f20
23,demand_spike,omni_k8s_protect,0.9999999999999998,0.8472222222222222,0.8472222222222222,0.6111111111111112,0.8472222222222222,0.0,0.125,6426.73042501639,17206.00331657596,210.0,1,202.1096197905092,35.4,121.91666666666679,5.583333333333333,0,0,0,0,0,86,72,3.0,3,0,0.0,0.29400000000000004,0.7867963804086515,0,0,48,b0038472bd20d061
23,demand_spike,omni_k8s_throughput,1.0,0.2222222222222222,0.2222222222222222,0.013888888888888888,0.19444444444444445,0.08333333333333333,0.7222222222222222,216.42043548141191,1960.5860455649065,50.0,1,195.2949122253637,70.8,217.58333333333326,87.08333333333331,0,2,0,0,0,89,72,22.0,20,2,2.0,1.0674495681415288,0.9792668777485496,9,0,5,92bcbbd6733566a1
23,demand_spike,omni_k8s_observe,1.0,0.7916666666666666,0.875,0.20833333333333334,0.7777777777777778,0.6805555555555556,0.013888888888888888,1545.1308868280773,9631.07775146928,360,0,241.52757759755158,62.14156726362471,207.6666666666668,74.74999999999997,14,2,0,5,3,183,0,20.0,19,1,0.0,0.9881827739660453,0.8822169900266594,32,22,0,830e76f62452ef9b
23,demand_spike,omni_k8s_kill,1.0,0.9722222222222222,0.9722222222222222,0.2222222222222222,0.9722222222222222,0.6666666666666666,0.013888888888888888,1988.601899915172,11901.832146513138,360,0,241.77973326021683,62.17048899196993,204.4166666666668,72.08333333333331,9,1,0,5,3,164,17,19.0,19,0,-0.5,0.8923283117944644,0.8813710409979045,27,17,2,cfd218f9027940ba
23,demand_spike,omni_k8s_throughput_no_dynamics,1.0,0.3472222222222222,0.3472222222222222,0.0,0.3194444444444444,0.19444444444444445,0.5833333333333334,127.55772822901503,1483.2359307713718,85.0,1,209.8088487093981,70.8,222.2500000000002,90.74999999999999,0,0,0,0,0,90,72,20.0,20,0,0.0,1.101607175627617,1.0191457706960287,12,0,4,5261612b61e2df09
23,demand_spike,omni_k8s_throughput_no_gate,1.0,0.2222222222222222,0.2222222222222222,0.013888888888888888,0.19444444444444445,0.08333333333333333,0.7222222222222222,295.2583329700504,2417.7975140527296,50.0,1,193.97554910577205,70.8,211.99999999999994,81.91666666666669,0,4,0,0,0,91,72,26.0,21,5,5.0,1.0674495681415288,0.9860542190649108,9,0,5,8600a746175d013a
23,demand_spike,omni_observe,0.9925050729460534,0.5138888888888888,0.9583333333333334,0.2777777777777778,0.4027777777777778,0.3055555555555556,0.013888888888888888,3080.749911587363,15729.49778598227,360,0,199.31613530091036,56.21736716075477,131.16666666666663,12.333333333333337,121,9,0,0,0,323,0,108.0,49,59,49.0,0.505458538204711,1.20467930434855,60,42,0,85468c29c7770013
23,demand_spike,omni_pipeline,1.0000000000000002,0.4166666666666667,0.4166666666666667,0.2777777777777778,0.3888888888888889,0.2361111111111111,0.4027777777777778,2020.5517023675068,10432.258721092987,150.0,1,199.82923462394226,42.12108599614321,204.66666666666683,63.91666666666667,0,1,0,0,0,140,72,21.0,20,1,1.0,0.35324415334426185,0.8660115017825954,5,0,1,4ac3468addafe878
23,demand_spike,omni_direct,0.9999999999999998,0.9027777777777778,0.9027777777777778,0.7222222222222222,0.18055555555555555,0.0,0.08333333333333333,8514.261327541775,19197.882341519562,225.0,1,191.55424835430654,35.4,138.83333333333334,3.4999999999999996,0,0,0,0,0,90,72,4.0,4,0,0.0,0.29400000000000004,0.6316135243671112,0,0,51,d2bce86c72c7644f
23,demand_spike,omni_direct_no_dynamics,1.0,0.7777777777777778,0.7777777777777778,0.625,0.1527777777777778,0.0,0.20833333333333334,6499.460936420448,17624.668379683506,190.0,1,189.42430253082628,35.4,150.2500000000002,11.5,0,0,0,0,0,92,72,8.0,8,0,0.0,0.3424524378026115,0.6909450315939072,0,0,46,180b4610dae3a20f
23,demand_spike,omni_direct_no_shield,0.9999999999999997,0.6805555555555556,0.6805555555555556,0.5,0.19444444444444445,0.0,0.2638888888888889,5045.968069560771,16836.998198595596,160.0,1,189.43401739582052,35.4,166.83333333333331,23.083333333333332,0,2,0,0,0,97,72,15.0,12,3,3.0,0.29400000000000004,0.7656088523222151,3,0,0,b0c355f8c3aa494c
23,demand_spike,omni_kill,1.0,0.5555555555555556,0.875,0.2222222222222222,0.4722222222222222,0.2916666666666667,0.1111111111111111,1787.7842787503137,10671.295517403734,210.0,1,207.94359059419725,62.390758464463104,134.83333333333334,9.249999999999998,77,2,0,29,5,285,17,52.0,20,32,22.0,1.3413670570393652,1.1679609259230554,33,25,0,3c12351ac45d5671
23,demand_spike,omni_switch_on,0.9999999999999997,0.6388888888888888,0.7083333333333334,0.6388888888888888,0.013888888888888888,0.0,0.2777777777777778,6673.214834663454,17266.505166057057,200.0,1,182.98267925037672,43.00249882285533,135.3333333333332,7.25,8,7,0,0,0,95,57,14.0,6,8,5.0,0.2983462120563256,0.6798570386213872,1,1,46,8ac2842644104790
24,demand_spike,native,0.9999999999999999,0.2638888888888889,0.6944444444444444,0.20833333333333334,0.1527777777777778,0.08333333333333333,0.3055555555555556,1024.5102316238113,5812.496260303599,140.0,1,152.00492490359707,55.327197454418624,103.25000000000003,16.416666666666664,66,10,0,0,0,221,0,97.0,41,56,42.5,0.339295966058915,1.1658920055020623,55,40,0,be03f76bc79f6805
24,demand_spike,k8s_ref_50,1.0,0.25,0.2638888888888889,0.0,0.20833333333333334,0.16666666666666666,0.6527777777777778,43.968116429372834,447.22376448842743,65.0,1,180.56221036852614,47.379624692075964,140.58333333333326,41.08333333333334,7,3,0,0,0,127,0,29.0,13,16,13.0,0.2970146108753897,1.1206389401693624,15,7,0,1868dfd53d4d78e4
24,demand_spike,k8s_ref_60,1.0,0.2638888888888889,0.2638888888888889,0.0,0.2222222222222222,0.16666666666666666,0.6527777777777778,50.286823326128456,451.5560093612747,65.0,1,188.73078200094054,47.29524986609286,159.50000000000009,59.583333333333336,6,2,0,0,0,128,0,16.0,12,4,4.0,0.2970362200892629,1.0465344317468346,13,6,0,9368f005b9a59514
24,demand_spike,k8s_ref_70,1.0000000000000002,0.2777777777777778,0.2777777777777778,0.0,0.2222222222222222,0.18055555555555555,0.6388888888888888,70.71719331473463,711.5118851119303,70.0,1,191.50172039697046,49.51532427496083,166.16666666666666,66.16666666666664,7,3,0,0,0,133,0,16.0,13,3,3.0,0.3690299824974128,1.0301516648384639,17,10,0,516a22cc37672caa
24,demand_spike,k8s_ref_80,1.0,0.2777777777777778,0.2777777777777778,0.013888888888888888,0.20833333333333334,0.18055555555555555,0.6388888888888888,88.15514687166099,896.6453230559393,70.0,1,191.5404717520992,49.512687206345554,166.75,66.66666666666666,8,3,0,0,0,142,0,16.0,13,3,3.0,0.36041371459334237,1.0292267774033574,19,12,0,d47bac5e930c9096
24,demand_spike,omni_k8s_protect,1.0,0.25,0.25,0.25,0.0,0.0,0.7222222222222222,1094.386230895738,5509.090523087623,40.0,1,140.7599237947618,32.71518055651597,153.08333333333326,49.58333333333334,0,3,0,0,0,50,72,14.0,9,5,5.0,0.29400000000000004,0.7995183157027568,0,0,22,405555e86d151be4
24,demand_spike,omni_k8s_throughput,0.9999999999999999,0.2222222222222222,0.2222222222222222,0.013888888888888888,0.20833333333333334,0.041666666666666664,0.75,59.30294134003207,179.47145279778667,30.0,1,151.32976298405993,52.57255635700585,193.00000000000006,92.91666666666667,0,2,0,0,0,64,72,22.0,19,3,3.0,1.2933743934400073,0.9904471063167857,11,0,2,2454399cd26b086a
24,demand_spike,omni_k8s_observe,1.0000000000000002,0.2777777777777778,0.2777777777777778,0.0,0.2222222222222222,0.18055555555555555,0.6388888888888888,70.71719331473463,711.5118851119303,70.0,1,191.50172039697046,49.51532427496083,166.16666666666666,66.16666666666664,7,3,0,0,0,133,0,16.0,13,3,3.0,0.3690299824974128,1.0301516648384639,17,10,0,516a22cc37672caa
24,demand_spike,omni_k8s_kill,1.0,0.2361111111111111,0.2361111111111111,0.013888888888888888,0.18055555555555555,0.1388888888888889,0.6527777777777778,85.20892615808911,609.3069191242182,65.0,1,180.93127364068658,50.89113797552235,173.5,72.33333333333331,1,2,0,0,0,129,20,16.0,13,3,3.0,0.9546716624304312,0.9960984074509354,5,2,2,228102dc6b5ae4f5
24,demand_spike,omni_k8s_throughput_no_dynamics,1.0000000000000002,0.2222222222222222,0.2222222222222222,0.013888888888888888,0.20833333333333334,0.0,0.75,59.14087305623237,172.1575365123913,30.0,1,152.07484752153715,53.020956357005836,200.83333333333346,100.74999999999999,0,0,0,0,0,59,72,20.0,20,0,0.0,1.204734067431445,0.9297619813541045,11,0,2,c4e96f94a5d06161
24,demand_spike,omni_k8s_throughput_no_gate,1.0,0.2222222222222222,0.2222222222222222,0.013888888888888888,0.20833333333333334,0.041666666666666664,0.75,77.599702835883,416.4758558480466,30.0,1,149.21651205011005,52.57255635700585,186.41666666666657,86.66666666666664,0,3,0,0,0,64,72,23.0,19,4,4.0,1.3248680560098165,0.9956917130707373,11,0,3,e300f2d195ee9e44
24,demand_spike,omni_observe,0.9999999999999999,0.2638888888888889,0.6944444444444444,0.20833333333333334,0.1527777777777778,0.08333333333333333,0.3055555555555556,1024.5102316238113,5812.496260303599,140.0,1,152.00492490359707,55.327197454418624,103.25000000000003,16.416666666666664,66,10,0,0,0,221,0,97.0,41,56,42.5,0.339295966058915,1.1658920055020623,55,40,0,be03f76bc79f6805
24,demand_spike,omni_pipeline,1.0000000000000002,0.2638888888888889,0.2638888888888889,0.2638888888888889,0.013888888888888888,0.0,0.7222222222222222,1230.1958453096038,5684.544881744783,40.0,1,147.93109575805624,34.969939239039995,155.0833333333334,51.58333333333334,0,1,0,0,0,91,72,15.0,9,6,5.0,0.29400000000000004,0.857956347526464,2,0,5,c114640f1b5828af
24,demand_spike,omni_direct,0.9999999999999999,0.25,0.25,0.25,0.0,0.0,0.7222222222222222,1089.2638611696987,5492.412483629027,40.0,1,140.70716206142845,32.714979835941925,152.9166666666666,49.58333333333335,0,2,0,0,0,50,72,12.0,8,4,4.0,0.29400000000000004,0.7993400482965236,0,0,20,a3bc15ddcdc6ffea
24,demand_spike,omni_direct_no_dynamics,1.0000000000000002,0.2361111111111111,0.2361111111111111,0.2361111111111111,0.0,0.0,0.75,1017.1960897498478,5227.315325218658,40.0,1,143.02867832809517,32.813683514893135,160.58333333333334,57.41666666666668,0,0,0,0,0,43,72,8.0,8,0,0.0,0.29400000000000004,0.7757579366201948,0,0,20,75b7ea7ab224fe1f
24,demand_spike,omni_direct_no_shield,1.0000000000000002,0.20833333333333334,0.20833333333333334,0.20833333333333334,0.027777777777777776,0.0,0.7222222222222222,806.9282375568441,3976.6520712563397,40.0,1,143.39801046142856,34.965427232467185,161.5833333333332,58.24999999999997,0,2,0,0,0,50,72,14.0,10,4,4.0,0.29400000000000004,0.8446423066860184,2,0,0,b1291d08d308d7a9
24,demand_spike,omni_kill,0.9999999999999998,0.2222222222222222,0.4444444444444444,0.013888888888888888,0.18055555555555555,0.09722222222222222,0.5277777777777778,167.91558247714485,844.8743855886383,100.0,1,146.9953648736779,49.90021335844186,110.24999999999999,18.749999999999996,57,15,0,17,3,194,20,53.0,19,34,20.5,1.046625472286091,1.1767236548969109,22,16,1,d9bba6c9a832d3c2
24,demand_spike,omni_switch_on,1.0,0.3055555555555556,0.3888888888888889,0.3055555555555556,0.013888888888888888,0.0,0.6111111111111112,1642.9619732901867,7298.184284132121,50.0,1,140.74511305030907,44.25,125.5833333333334,31.83333333333334,6,5,0,0,0,80,54,26.0,11,15,11.5,0.29400000000000004,0.813206165411257,2,2,18,7319a479475bf978
25,node_rack_failure,native,0.9999999999999999,0.08333333333333333,0.5694444444444444,0.05555555555555555,0.027777777777777776,0.0,0.4305555555555556,164.2169321348157,940.7588763347015,40.0,1,119.41650473581855,36.307655999999994,68.66666666666666,1.75,50,20,0,0,0,175,0,94.0,41,53,41.0,0.08119463999999998,0.7904120148032434,13,9,0,9399ef5432d3c0a3
25,node_rack_failure,k8s_ref_50,1.0,0.013888888888888888,0.013888888888888888,0.0,0.013888888888888888,0.0,0.9861111111111112,0.0,0.0,5.0,1,159.58722391553812,35.13958123254915,114.99999999999996,32.16666666666668,1,0,0,0,0,71,0,4.0,0,4,0.0,0.09418718228365708,0.7304414588463146,1,1,0,6c655023db653466
25,node_rack_failure,k8s_ref_60,1.0,0.013888888888888888,0.027777777777777776,0.0,0.013888888888888888,0.0,0.9722222222222222,0.0,0.0,5.0,1,159.58722391553812,35.13958123254915,114.99999999999996,32.16666666666668,2,1,0,0,0,85,0,4.0,0,4,0.0,0.09418718228365708,0.7304414588463146,2,2,0,087a3365331df179
25,node_rack_failure,k8s_ref_70,1.0,0.013888888888888888,0.013888888888888888,0.0,0.013888888888888888,0.0,0.9861111111111112,0.08451750809053099,0.0,5.0,1,162.8675577022637,35.0323508274044,123.49999999999999,40.666666666666686,1,2,0,0,0,73,0,1.0,1,0,0.0,0.09240516989920078,0.6972402451929757,2,1,0,b55359e76e3ec66f
25,node_rack_failure,k8s_ref_80,1.0,0.013888888888888888,0.027777777777777776,0.0,0.013888888888888888,0.0,0.9583333333333334,2.7287377660719176,0.0,15.0,1,164.1076067394775,37.711281308939135,126.99999999999984,44.08333333333332,1,2,0,0,0,75,0,2.0,2,0,0.0,0.1372276423473897,0.6916137715180215,2,1,0,eb19bad9ed86c2f1
25,node_rack_failure,omni_k8s_protect,1.0,0.0,0.0,0.0,0.0,0.0,1.0,0.0,0.0,5.0,1,132.03218529239462,26.29233512064729,174.99999999999991,92.16666666666667,0,4,0,0,0,18,72,14.0,12,2,2.0,0.29400000000000004,0.5068817450573917,0,0,0,83f54a089e9db00b
25,node_rack_failure,omni_k8s_throughput,1.0,0.0,0.0,0.0,0.0,0.0,1.0,1.1374593814758402,0.0,5.0,1,109.1656057359525,25.308848097601253,123.99999999999999,41.083333333333314,0,2,0,0,0,22,72,6.0,2,4,2.0,0.441935960071565,0.5007712251226927,0,0,0,7e8e63369d634305
25,node_rack_failure,omni_k8s_observe,1.0,0.013888888888888888,0.013888888888888888,0.0,0.013888888888888888,0.0,0.9861111111111112,0.08451750809053099,0.0,5.0,1,162.8675577022637,35.0323508274044,123.49999999999999,40.666666666666686,1,2,0,0,0,73,0,1.0,1,0,0.0,0.09240516989920078,0.6972402451929757,2,1,0,b55359e76e3ec66f
25,node_rack_failure,omni_k8s_kill,1.0,0.0,0.0,0.0,0.0,0.0,1.0,0.0,0.0,5.0,1,132.40151742572795,26.29233512064729,176.25000000000006,93.41666666666669,0,1,0,0,0,16,32,11.0,11,0,0.0,0.29400000000000004,0.5019439051342258,0,0,0,b0b9d4148b6514a9
25,node_rack_failure,omni_k8s_throughput_no_dynamics,1.0,0.0,0.0,0.0,0.0,0.0,1.0,1.1374593814758402,0.0,5.0,1,110.62290573595253,25.308848097601253,129.33333333333317,46.416666666666664,0,0,0,0,0,21,72,2.0,2,0,0.0,0.441935960071565,0.4863840224495122,0,0,0,2036e606e72c2419
25,node_rack_failure,omni_k8s_throughput_no_gate,1.0,0.013888888888888888,0.013888888888888888,0.0,0.013888888888888888,0.0,0.9861111111111112,4.79370938147584,0.0,5.0,1,108.22861609068521,35.4,113.91666666666667,30.91666666666668,0,4,0,0,0,32,72,10.0,3,7,3.0,1.058479736977901,0.5556531778652614,0,0,0,a7774afe4e92cff8
25,node_rack_failure,omni_observe,0.9999999999999999,0.08333333333333333,0.5694444444444444,0.05555555555555555,0.027777777777777776,0.0,0.4305555555555556,164.2169321348157,940.7588763347015,40.0,1,119.41650473581855,36.307655999999994,68.66666666666666,1.75,50,20,0,0,0,175,0,94.0,41,53,41.0,0.08119463999999998,0.7904120148032434,13,9,0,9399ef5432d3c0a3
25,node_rack_failure,omni_pipeline,1.0,0.0,0.0,0.0,0.0,0.0,1.0,0.0,0.0,5.0,1,126.66749714026557,27.65693559569041,134.33333333333337,51.50000000000003,0,1,0,0,0,54,72,13.0,6,7,6.0,0.29400000000000004,0.5657023784619428,0,0,0,d6fe9c38d2f528d8
25,node_rack_failure,omni_direct,1.0,0.0,0.0,0.0,0.0,0.0,1.0,0.0,0.0,5.0,1,127.51510542654661,25.689299644083068,159.74999999999997,76.9166666666667,0,8,0,0,0,25,72,12.0,10,2,2.0,0.29400000000000004,0.4944081385199157,0,0,0,89a979c6be94cb0f
25,node_rack_failure,omni_direct_no_dynamics,1.0,0.0,0.0,0.0,0.0,0.0,1.0,0.0,0.0,5.0,1,129.1102790730357,25.880681588397927,165.16666666666663,82.33333333333337,0,0,0,0,0,17,72,9.0,9,0,0.0,0.29400000000000004,0.49628054562908996,0,0,0,cd782268f30287aa
25,node_rack_failure,omni_direct_no_shield,1.0,0.0,0.0,0.0,0.0,0.0,1.0,0.0,0.0,5.0,1,127.51510542654661,25.689299644083068,159.74999999999997,76.9166666666667,0,8,0,0,0,25,72,12.0,10,2,2.0,0.29400000000000004,0.4944081385199157,0,0,0,89a979c6be94cb0f
25,node_rack_failure,omni_kill,0.9998296395044944,0.0,0.20833333333333334,0.0,0.0,0.0,0.7916666666666666,3.3438799361577165,20.256826110751902,35.0,1,114.7808496135421,25.689299644083068,116.66666666666661,33.66666666666672,15,12,0,0,0,83,32,37.0,15,22,15.0,0.29400000000000004,0.5661250402949942,4,4,0,fd2d789c3b36dca6
25,node_rack_failure,omni_switch_on,1.0,0.013888888888888888,0.125,0.013888888888888888,0.0,0.0,0.8611111111111112,45.31526421542393,359.87341316934584,5.0,1,121.69914975361657,31.86,103.75,28.66666666666666,8,7,0,0,0,72,42,28.0,12,16,13.5,0.29400000000000004,0.581136607196757,2,2,2,8e3418a47e89e10a
26,node_rack_failure,native,1.0,0.05555555555555555,0.5972222222222222,0.041666666666666664,0.013888888888888888,0.0,0.3472222222222222,194.71915091806497,765.8067549661324,40.0,1,118.7646119003409,35.4,68.91666666666669,4.666666666666667,53,13,0,0,0,179,0,89.0,39,50,39.0,0.07359999999999989,0.9109399831606659,9,6,0,dc9f123b24a38d19
26,node_rack_failure,k8s_ref_50,1.0,0.0,0.027777777777777776,0.0,0.0,0.0,0.9722222222222222,0.0,0.0,5.0,1,152.74978797609572,32.28940954154059,109.00000000000001,34.916666666666664,2,2,0,0,0,65,0,6.0,0,6,0.0,0.040817835390515755,0.7087382513916297,2,2,0,374c6cc51e0c9cdd
26,node_rack_failure,k8s_ref_60,1.0,0.0,0.09722222222222222,0.0,0.0,0.0,0.9027777777777778,0.0,0.0,5.0,1,154.4590641655753,32.30883800572409,114.58333333333337,40.49999999999999,7,3,0,0,0,85,0,5.0,0,5,0.0,0.04190633253952236,0.7048345096100496,7,7,0,6f638ac76b4786d9
26,node_rack_failure,k8s_ref_70,1.0,0.0,0.027777777777777776,0.0,0.0,0.0,0.9722222222222222,0.0,0.0,5.0,1,156.6562241655753,32.30883800572409,120.00000000000013,45.91666666666667,2,2,0,0,0,65,0,0.0,0,0,0.0,0.04190633253952236,0.6713348742858632,2,2,0,07858e675af17ca8
26,node_rack_failure,k8s_ref_80,1.0,0.0,0.027777777777777776,0.0,0.0,0.0,0.9722222222222222,0.0,0.0,5.0,1,156.6562241655753,32.30883800572409,120.00000000000013,45.91666666666667,2,2,0,0,0,65,0,0.0,0,0,0.0,0.04190633253952236,0.6713348742858632,2,2,0,5ccdb923f16ec317
26,node_rack_failure,omni_k8s_protect,1.0,0.0,0.0,0.0,0.0,0.0,1.0,0.0,0.0,5.0,1,120.87711750525571,24.143713916365233,154.50000000000009,80.41666666666667,0,5,0,0,0,15,72,13.0,11,2,2.0,0.29400000000000004,0.4639937888596496,0,0,0,f8d4c1f5cca0001b
26,node_rack_failure,omni_k8s_throughput,1.0,0.0,0.0,0.0,0.0,0.0,1.0,0.7924666553462506,0.0,5.0,1,103.52582666346481,23.230559760123807,118.74999999999997,44.666666666666664,0,4,0,0,0,18,72,6.0,2,4,2.0,0.4268693048061739,0.4445492951665607,0,0,0,eb4b9972dd94ea16
26,node_rack_failure,omni_k8s_observe,1.0,0.0,0.027777777777777776,0.0,0.0,0.0,0.9722222222222222,0.0,0.0,5.0,1,156.6562241655753,32.30883800572409,120.00000000000013,45.91666666666667,2,2,0,0,0,65,0,0.0,0,0,0.0,0.04190633253952236,0.6713348742858632,2,2,0,07858e675af17ca8
26,node_rack_failure,omni_k8s_kill,1.0,0.0,0.0,0.0,0.0,0.0,1.0,0.0,0.0,5.0,1,120.5512549519432,24.143713916365233,153.33333333333337,79.25000000000001,0,1,0,0,0,10,33,7.0,7,0,0.0,0.29400000000000004,0.46771204813836376,0,0,0,a21093ef36d2e5e9
26,node_rack_failure,omni_k8s_throughput_no_dynamics,1.0,0.0,0.0,0.0,0.0,0.0,1.0,0.04430558779920565,0.0,5.0,1,104.52341374040027,23.230559760123807,123.41666666666666,49.33333333333336,0,0,0,0,0,15,72,1.0,1,0,0.0,0.36111694298240027,0.43132188827031215,0,0,0,52151d3851984948
26,node_rack_failure,omni_k8s_throughput_no_gate,1.0,0.0,0.0,0.0,0.0,0.0,1.0,4.035039638655767,0.0,5.0,1,105.35408574780314,33.629999999999995,112.74999999999994,38.583333333333336,0,5,0,0,0,33,72,11.0,4,7,4.0,1.0976810148981628,0.5109796141888304,0,0,0,71ddda869d709761
26,node_rack_failure,omni_observe,1.0,0.05555555555555555,0.5972222222222222,0.041666666666666664,0.013888888888888888,0.0,0.3472222222222222,194.71915091806497,765.8067549661324,40.0,1,118.7646119003409,35.4,68.91666666666669,4.666666666666667,53,13,0,0,0,179,0,89.0,39,50,39.0,0.07359999999999989,0.9109399831606659,9,6,0,dc9f123b24a38d19
26,node_rack_failure,omni_pipeline,1.0,0.0,0.0,0.0,0.0,0.0,1.0,0.0,0.0,5.0,1,121.57587004495954,25.96792520058097,132.58333333333334,58.49999999999999,0,1,0,0,0,45,72,13.0,6,7,6.0,0.29400000000000004,0.5620824809730897,0,0,0,8323c280435d67d4
26,node_rack_failure,omni_direct,1.0,0.0,0.0,0.0,0.0,0.0,1.0,0.0,0.0,5.0,1,119.87829659178401,23.964677141730004,150.50000000000017,76.4166666666667,0,8,0,0,0,19,72,12.0,10,2,2.0,0.29400000000000004,0.45625613528254083,0,0,0,ced3481e6710865d
26,node_rack_failure,omni_direct_no_dynamics,1.0,0.0,0.0,0.0,0.0,0.0,1.0,0.0,0.0,5.0,1,119.12941095647363,23.964677141730004,148.00000000000006,73.91666666666667,0,0,0,0,0,11,72,6.0,6,0,0.0,0.29400000000000004,0.4659373418539887,0,0,0,f7c40d44cb1cbfb3
26,node_rack_failure,omni_direct_no_shield,1.0,0.0,0.0,0.0,0.0,0.0,1.0,0.0,0.0,5.0,1,119.87829659178401,23.964677141730004,150.50000000000017,76.4166666666667,0,8,0,0,0,19,72,12.0,10,2,2.0,0.29400000000000004,0.45625613528254083,0,0,0,ced3481e6710865d
26,node_rack_failure,omni_kill,1.0000000000000002,0.0,0.19444444444444445,0.0,0.0,0.0,0.8055555555555556,6.910750970935201,46.852677837646475,35.0,1,110.93203267596327,23.964677141730004,112.91666666666671,38.49999999999999,14,9,0,0,0,74,33,33.0,12,21,12.0,0.29400000000000004,0.5309936676576105,3,3,0,dd319d5d103f0538
26,node_rack_failure,omni_switch_on,1.0,0.0,0.125,0.0,0.0,0.0,0.875,22.99383896083813,109.47316470914927,5.0,1,115.53780244743679,31.86,101.24999999999991,34.16666666666666,9,11,0,0,0,75,41,36.0,17,19,17.0,0.32978283967224975,0.5039758146164471,2,2,0,57a132e1329192a3
27,node_rack_failure,native,1.0,0.0,0.3333333333333333,0.0,0.0,0.0,0.6666666666666666,89.25563872726885,552.7002821424026,65.0,1,111.92713124624636,30.09,64.0833333333333,2.916666666666666,30,12,0,0,0,132,0,40.0,14,26,14.0,0.0,0.7030901452010534,2,2,0,c4eb08ba5bc4ed6f
27,node_rack_failure,k8s_ref_50,1.0,0.0,0.027777777777777776,0.0,0.0,0.0,0.9722222222222222,0.0,0.0,5.0,1,145.35333353373144,33.629999999999995,105.75000000000009,34.50000000000003,2,0,0,0,0,52,0,6.0,0,6,0.0,0.06766643463686006,0.7847389464149652,2,2,0,02dad574fdaea3d3
27,node_rack_failure,k8s_ref_60,1.0,0.013888888888888888,0.041666666666666664,0.0,0.013888888888888888,0.0,0.9305555555555556,0.0,0.0,5.0,1,147.09932686898094,35.1405432151949,109.49999999999991,38.250000000000014,3,2,0,0,0,67,0,4.0,0,4,0.0,0.12787741683707754,0.784373523374448,3,3,0,c29d643dedb51acd
27,node_rack_failure,k8s_ref_70,1.0,0.013888888888888888,0.027777777777777776,0.0,0.013888888888888888,0.0,0.9305555555555556,2.1699887025372075,0.0,5.0,1,152.86381237587443,36.64919059987056,125.66666666666671,54.33333333333333,1,3,0,0,0,54,0,3.0,2,1,1.0,0.1307251760258079,0.7375443360395587,2,1,0,ca1a720d16ab1d74
27,node_rack_failure,k8s_ref_80,1.0,0.013888888888888888,0.013888888888888888,0.0,0.013888888888888888,0.0,0.9583333333333334,4.156099813648319,0.0,5.0,1,154.13178233228933,38.94,128.83333333333323,57.41666666666666,0,2,0,0,0,54,0,2.0,2,0,0.0,0.1601300023189156,0.728766786032558,1,0,0,f3c5712a0dd20a1e
27,node_rack_failure,omni_k8s_protect,1.0,0.0,0.0,0.0,0.0,0.0,1.0,1.2088775914260959,0.0,5.0,1,115.61892109702616,27.601069397118515,146.08333333333331,74.75,0,3,0,0,0,14,72,9.0,7,2,2.0,0.4054854372966765,0.5117457000850263,0,0,0,5a2dd867fb091231
27,node_rack_failure,omni_k8s_throughput,1.0,0.013888888888888888,0.013888888888888888,0.0,0.013888888888888888,0.0,0.9861111111111112,4.891073911083705,0.0,5.0,1,103.23278410975799,38.94,127.08333333333331,55.66666666666672,0,2,0,0,0,22,72,7.0,3,4,3.0,1.0774412284695702,0.49985734134216403,0,0,0,34333d57f0bd7e29
27,node_rack_failure,omni_k8s_observe,1.0,0.013888888888888888,0.027777777777777776,0.0,0.013888888888888888,0.0,0.9305555555555556,2.1699887025372075,0.0,5.0,1,152.86381237587443,36.64919059987056,125.66666666666671,54.33333333333333,1,3,0,0,0,54,0,3.0,2,1,1.0,0.1307251760258079,0.7375443360395587,2,1,0,ca1a720d16ab1d74
27,node_rack_failure,omni_k8s_kill,1.0,0.0,0.0,0.0,0.0,0.0,1.0,1.2088775914260959,0.0,5.0,1,115.51339763035949,27.601069397118515,145.74999999999991,74.41666666666667,0,2,0,0,0,12,21,7.0,6,1,1.0,0.4054854372966765,0.5113351173161057,0,0,0,76e1c79de9b089e0
27,node_rack_failure,omni_k8s_throughput_no_dynamics,1.0,0.013888888888888888,0.013888888888888888,0.0,0.013888888888888888,0.0,0.9861111111111112,4.891073911083705,0.0,5.0,1,105.14531996845723,38.94,133.08333333333346,61.666666666666686,0,0,0,0,0,14,72,3.0,3,0,0.0,1.0774412284695702,0.4942830872508989,0,0,0,a3e5b942fe6e962f
27,node_rack_failure,omni_k8s_throughput_no_gate,1.0,0.013888888888888888,0.013888888888888888,0.0,0.013888888888888888,0.0,0.9861111111111112,5.013460160780779,0.0,5.0,1,101.80106210347078,37.169999999999995,118.25000000000001,46.833333333333314,0,3,0,0,0,29,72,9.0,3,6,3.0,1.1184448756352325,0.5275509530162886,0,0,0,432319a664f9fadb
27,node_rack_failure,omni_observe,1.0,0.0,0.3333333333333333,0.0,0.0,0.0,0.6666666666666666,89.25563872726885,552.7002821424026,65.0,1,111.92713124624636,30.09,64.0833333333333,2.916666666666666,30,12,0,0,0,132,0,40.0,14,26,14.0,0.0,0.7030901452010534,2,2,0,c4eb08ba5bc4ed6f
27,node_rack_failure,omni_pipeline,1.0,0.0,0.0,0.0,0.0,0.0,1.0,0.6695720358705413,0.0,5.0,1,120.27047326818112,26.33819128860782,128.25,56.916666666666686,0,1,0,0,0,66,72,12.0,4,8,5.0,0.3577408794326782,0.6489211979382764,0,0,0,dce8c07975c91caa
27,node_rack_failure,omni_direct,1.0,0.0,0.0,0.0,0.0,0.0,1.0,2.287488702537208,0.0,5.0,1,114.11739055320936,26.520676232583362,140.75000000000003,69.41666666666666,0,8,0,0,0,19,72,11.0,8,3,3.0,0.29400000000000004,0.5135196605584846,0,0,0,31f6bc240112942b
27,node_rack_failure,omni_direct_no_dynamics,1.0,0.0,0.0,0.0,0.0,0.0,1.0,1.4049887025372085,0.0,5.0,1,116.4259209166133,28.067139930246658,148.41666666666669,77.08333333333327,0,0,0,0,0,13,72,6.0,6,0,0.0,0.4236221686930657,0.505015981303182,0,0,0,b44c82943e558c60
27,node_rack_failure,omni_direct_no_shield,1.0,0.0,0.0,0.0,0.0,0.0,1.0,2.287488702537208,0.0,5.0,1,114.11739055320936,26.520676232583362,140.75000000000003,69.41666666666666,0,8,0,0,0,19,72,11.0,8,3,3.0,0.29400000000000004,0.5135196605584846,0,0,0,31f6bc240112942b
27,node_rack_failure,omni_kill,1.0000000000000002,0.0,0.19444444444444445,0.0,0.0,0.0,0.8055555555555556,4.6722702699498155,19.001340507914577,50.0,1,101.98350072267665,26.520676232583362,96.83333333333331,25.41666666666664,14,12,0,0,0,83,21,31.0,11,20,11.0,0.29400000000000004,0.5937011515124677,2,2,0,aa8ca69e33375c1a
27,node_rack_failure,omni_switch_on,1.0,0.0,0.08333333333333333,0.0,0.0,0.0,0.8888888888888888,39.75937991171655,362.9898944686788,5.0,1,114.19232104037518,31.86,114.41666666666657,46.25000000000001,6,9,0,0,0,58,53,28.0,12,16,12.5,0.29400000000000004,0.5740123790088709,2,2,2,7e5e34970f7176ce
28,node_rack_failure,native,1.0,0.0,0.2777777777777778,0.0,0.0,0.0,0.7222222222222222,43.4690702505814,382.8329462142753,40.0,1,122.35925039719861,30.09,69.25,0.6666666666666666,24,16,0,0,0,121,0,39.0,14,25,14.0,0.0,0.6247424290315674,3,3,0,d2effa548c45cc36
28,node_rack_failure,k8s_ref_50,1.0,0.0,0.013888888888888888,0.0,0.0,0.0,0.9722222222222222,0.0,0.0,5.0,1,162.0197957729141,34.45792091263455,115.75000000000004,30.416666666666693,1,0,0,0,0,79,0,3.0,0,3,0.0,0.09950027092228408,0.7159005421792685,1,1,0,209eb2da5fb287a0
28,node_rack_failure,k8s_ref_60,1.0,0.0,0.041666666666666664,0.0,0.0,0.0,0.9444444444444444,0.0,0.0,5.0,1,162.0197957729141,34.45792091263455,115.75000000000004,30.416666666666693,3,1,0,0,0,90,0,3.0,0,3,0.0,0.09950027092228408,0.7159005421792685,3,3,0,a8c374b0d629fc61
28,node_rack_failure,k8s_ref_70,1.0,0.0,0.05555555555555555,0.0,0.0,0.0,0.9444444444444444,0.0,0.0,15.0,1,163.77752377291412,34.45792091263455,120.00000000000013,34.666666666666664,4,1,0,0,0,80,0,0.0,0,0,0.0,0.09950027092228408,0.6941917814795856,4,4,0,4835a5a15fce2aae
28,node_rack_failure,k8s_ref_80,1.0,0.0,0.027777777777777776,0.0,0.0,0.0,0.9722222222222222,0.0,0.0,5.0,1,163.77752377291412,34.45792091263455,120.00000000000013,34.666666666666664,2,2,0,0,0,75,0,0.0,0,0,0.0,0.09950027092228408,0.6941917814795856,2,2,0,00087bb780dbe510
28,node_rack_failure,omni_k8s_protect,1.0,0.0,0.0,0.0,0.0,0.0,1.0,0.0,0.0,5.0,1,138.99577922907193,27.938102306461186,191.9999999999998,106.66666666666669,0,2,0,0,0,28,72,19.0,17,2,2.0,0.29400000000000004,0.5134133195763217,0,0,0,dd1ce4afb3985ecc
28,node_rack_failure,omni_k8s_throughput,1.0,0.0,0.0,0.0,0.0,0.0,1.0,1.5926085385761692,0.0,5.0,1,110.32488879216908,25.962297545173946,120.91666666666666,35.58333333333333,0,2,0,0,0,23,72,6.0,2,4,2.0,0.47387633827995923,0.5011382070996524,0,0,0,1ea69f2336896c78
28,node_rack_failure,omni_k8s_observe,1.0,0.0,0.05555555555555555,0.0,0.0,0.0,0.9444444444444444,0.0,0.0,15.0,1,163.77752377291412,34.45792091263455,120.00000000000013,34.666666666666664,4,1,0,0,0,80,0,0.0,0,0,0.0,0.09950027092228408,0.6941917814795856,4,4,0,4835a5a15fce2aae
28,node_rack_failure,omni_k8s_kill,1.0,0.0,0.0,0.0,0.0,0.0,1.0,0.0,0.0,5.0,1,136.69297235092685,27.691206181132433,184.33333333333331,99.00000000000003,0,1,0,0,0,18,29,13.0,13,0,0.0,0.29400000000000004,0.511470580461483,0,0,0,58b84a25b105654e
28,node_rack_failure,omni_k8s_throughput_no_dynamics,1.0,0.0,0.0,0.0,0.0,0.0,1.0,1.6152211619528412,0.0,5.0,1,111.87108991894809,25.962297545173946,126.9166666666665,41.58333333333335,0,0,0,0,0,18,72,2.0,2,0,0.0,0.47387633827995923,0.4807116497474663,0,0,0,fff8735e29912fd7
28,node_rack_failure,omni_k8s_throughput_no_gate,0.9999999999999997,0.013888888888888888,0.013888888888888888,0.0,0.013888888888888888,0.0,0.9861111111111112,5.266619179392661,8.255002517056102,5.0,1,110.39561091698744,35.4,121.3333333333333,35.91666666666668,0,3,0,0,0,37,72,11.0,5,6,5.0,1.1613218612239131,0.4813806348536157,0,0,0,14abaf07956d9793
28,node_rack_failure,omni_observe,1.0,0.0,0.2777777777777778,0.0,0.0,0.0,0.7222222222222222,43.4690702505814,382.8329462142753,40.0,1,122.35925039719861,30.09,69.25,0.6666666666666666,24,16,0,0,0,121,0,39.0,14,25,14.0,0.0,0.6247424290315674,3,3,0,d2effa548c45cc36
28,node_rack_failure,omni_pipeline,1.0,0.0,0.0,0.0,0.0,0.0,1.0,0.0,0.0,5.0,1,127.78307323022611,27.9881777843956,131.66666666666666,46.33333333333332,0,1,0,0,0,52,72,14.0,6,8,7.0,0.29400000000000004,0.5640477497037486,0,0,0,dd0e2619b5e9b0e1
28,node_rack_failure,omni_direct,1.0,0.0,0.0,0.0,0.0,0.0,1.0,0.0,0.0,5.0,1,128.57578842538402,26.337060713342147,156.91666666666666,71.58333333333337,0,12,0,0,0,24,72,15.0,12,3,3.0,0.29400000000000004,0.48972452944724065,0,0,0,b6b4edece11ccc4c
28,node_rack_failure,omni_direct_no_dynamics,1.0,0.0,0.0,0.0,0.0,0.0,1.0,0.0,0.0,5.0,1,131.7233094091616,26.75936109955439,167.58333333333331,82.24999999999999,0,0,0,0,0,18,72,10.0,10,0,0.0,0.29400000000000004,0.4978582826158271,0,0,0,9d9066346356aebf
28,node_rack_failure,omni_direct_no_shield,1.0,0.0,0.0,0.0,0.0,0.0,1.0,0.0,0.0,5.0,1,128.57578842538402,26.337060713342147,156.91666666666666,71.58333333333337,0,12,0,0,0,24,72,15.0,12,3,3.0,0.29400000000000004,0.48972452944724065,0,0,0,b6b4edece11ccc4c
28,node_rack_failure,omni_kill,1.0,0.0,0.25,0.0,0.0,0.0,0.75,3.2077050537558875,18.18387245566195,75.0,1,115.7871791523401,25.962297545173946,113.33333333333334,27.999999999999986,18,19,0,0,0,88,29,44.0,18,26,18.0,0.29400000000000004,0.5553247372042626,2,2,0,29db22d44d3fdb8f
28,node_rack_failure,omni_switch_on,1.0,0.0,0.09722222222222222,0.0,0.0,0.0,0.9027777777777778,25.483453013643732,110.00953273213244,5.0,1,123.68465529075128,31.86,108.33333333333329,30.416666666666664,7,9,0,0,0,68,45,32.0,15,17,15.0,0.32350345455618035,0.5507150976522729,2,2,0,42913f709b022343
29,node_rack_failure,native,1.0,0.0,0.4583333333333333,0.0,0.0,0.0,0.5,141.7410003313818,641.8460671128985,50.0,1,109.40201653129469,30.86518418502622,63.74999999999996,3.0000000000000004,37,10,0,0,0,148,0,80.0,34,46,34.0,0.020000000000000018,0.7578848976810134,3,3,0,8c66e07ba5ac0e30
29,node_rack_failure,k8s_ref_50,1.0,0.0,0.013888888888888888,0.0,0.0,0.0,0.9861111111111112,0.0,0.0,5.0,1,143.93628214369204,29.42210694551363,107.5833333333334,34.58333333333334,1,0,0,0,0,41,0,6.0,0,6,0.0,0.020000000000000018,0.6450952218074362,1,1,0,03837a842e8386f3
29,node_rack_failure,k8s_ref_60,1.0,0.0,0.0,0.0,0.0,0.0,1.0,0.0,0.0,5.0,1,148.90337843729543,29.676366014131144,120.00000000000013,47.00000000000003,0,2,0,0,0,40,0,0.0,0,0,0.0,0.020000000000000018,0.6077159296056411,0,0,0,807de43ece4e574a
29,node_rack_failure,k8s_ref_70,1.0,0.0,0.0,0.0,0.0,0.0,1.0,0.0,0.0,5.0,1,148.90337843729543,29.676366014131144,120.00000000000013,47.00000000000003,0,2,0,0,0,40,0,0.0,0,0,0.0,0.020000000000000018,0.6077159296056411,0,0,0,7dc585f062a40e14
29,node_rack_failure,k8s_ref_80,1.0,0.0,0.0,0.0,0.0,0.0,1.0,0.0,0.0,5.0,1,148.90337843729543,29.676366014131144,120.00000000000013,47.00000000000003,0,2,0,0,0,40,0,0.0,0,0,0.0,0.020000000000000018,0.6077159296056411,0,0,0,8fbe8fc730cecdd2
29,node_rack_failure,omni_k8s_protect,1.0,0.0,0.0,0.0,0.0,0.0,1.0,0.0,0.0,5.0,1,115.29609079859205,23.38106607683391,150.25000000000009,77.25000000000001,0,2,0,0,0,14,72,11.0,9,2,2.0,0.29400000000000004,0.43246598117642,0,0,0,286d5a412db53748
29,node_rack_failure,omni_k8s_throughput,1.0,0.0,0.0,0.0,0.0,0.0,1.0,0.0,0.0,5.0,1,96.52629605647115,23.38106607683391,112.99999999999996,40.0,0,1,0,0,0,10,72,4.0,0,4,0.0,0.35,0.3942904457218085,0,0,0,d00585e1330d2e1d
29,node_rack_failure,omni_k8s_observe,1.0,0.0,0.0,0.0,0.0,0.0,1.0,0.0,0.0,5.0,1,148.90337843729543,29.676366014131144,120.00000000000013,47.00000000000003,0,2,0,0,0,40,0,0.0,0,0,0.0,0.020000000000000018,0.6077159296056411,0,0,0,7dc585f062a40e14
29,node_rack_failure,omni_k8s_kill,1.0,0.0,0.0,0.0,0.0,0.0,1.0,0.0,0.0,5.0,1,114.75118340317088,23.38106607683391,148.25000000000009,75.24999999999999,0,1,0,0,0,12,34,6.0,6,0,0.0,0.29400000000000004,0.4302604284613101,0,0,0,6352f32bb305fd84
29,node_rack_failure,omni_k8s_throughput_no_dynamics,1.0,0.0,0.0,0.0,0.0,0.0,1.0,0.0,0.0,5.0,1,98.35420401202428,23.38106607683391,120.00000000000013,47.00000000000003,0,0,0,0,0,5,72,0.0,0,0,0.0,0.35,0.3797255410328294,0,0,0,f8e68e151df45a2c
29,node_rack_failure,omni_k8s_throughput_no_gate,1.0,0.0,0.0,0.0,0.0,0.0,1.0,2.336966002871356,0.0,5.0,1,95.68656281682689,23.38106607683391,106.66666666666663,33.58333333333334,0,5,0,0,0,27,72,9.0,2,7,2.0,0.5509960986361112,0.4149039752232171,0,0,0,9ebca51c971124f4
29,node_rack_failure,omni_observe,1.0,0.0,0.4583333333333333,0.0,0.0,0.0,0.5,141.7410003313818,641.8460671128985,50.0,1,109.40201653129469,30.86518418502622,63.74999999999996,3.0000000000000004,37,10,0,0,0,148,0,80.0,34,46,34.0,0.020000000000000018,0.7578848976810134,3,3,0,8c66e07ba5ac0e30
29,node_rack_failure,omni_pipeline,1.0,0.0,0.0,0.0,0.0,0.0,1.0,0.0,0.0,5.0,1,112.33189157522014,25.668673056647744,115.00000000000001,42.00000000000001,0,0,0,0,0,35,72,5.0,0,5,0.0,0.29400000000000004,0.5228342865006731,0,0,0,c985b387af5cc1bc
29,node_rack_failure,omni_direct,1.0,0.0,0.0,0.0,0.0,0.0,1.0,0.0,0.0,5.0,1,112.46200290163951,23.38106607683391,140.58333333333326,67.58333333333336,0,4,0,0,0,16,72,9.0,7,2,2.0,0.29400000000000004,0.4254994521365837,0,0,0,b8677b957504b387
29,node_rack_failure,omni_direct_no_dynamics,1.0,0.0,0.0,0.0,0.0,0.0,1.0,0.0,0.0,5.0,1,114.54013646983753,23.38106607683391,147.5833333333334,74.5833333333333,0,0,0,0,0,14,72,6.0,6,0,0.0,0.29400000000000004,0.42862438254305013,0,0,0,97a66748a3e82891
29,node_rack_failure,omni_direct_no_shield,1.0,0.0,0.0,0.0,0.0,0.0,1.0,0.0,0.0,5.0,1,112.46200290163951,23.38106607683391,140.58333333333326,67.58333333333336,0,4,0,0,0,16,72,9.0,7,2,2.0,0.29400000000000004,0.4254994521365837,0,0,0,b8677b957504b387
29,node_rack_failure,omni_kill,1.0000000000000002,0.0,0.19444444444444445,0.0,0.0,0.0,0.8055555555555556,3.215543747835969,10.303245981948695,30.0,1,102.52484649714197,23.38106607683391,105.08333333333336,31.99999999999997,14,12,0,0,0,74,34,33.0,12,21,12.0,0.29400000000000004,0.47747688016524636,3,3,0,b81f96f22ad33a3e
29,node_rack_failure,omni_switch_on,1.0,0.0,0.1527777777777778,0.0,0.0,0.0,0.8472222222222222,8.758101304272477,57.403473151461625,5.0,1,110.00690060573326,26.549999999999997,100.24999999999991,34.75,11,15,0,0,0,77,40,37.0,17,20,17.5,0.447469198006732,0.45316519521236676,2,2,0,7bda087c0f15ba05
30,node_rack_failure,native,1.0000000000000002,0.0,0.2638888888888889,0.0,0.0,0.0,0.7361111111111112,43.90459569515141,298.86327440200665,30.0,1,103.63618303259987,26.549999999999997,59.16666666666662,1.583333333333333,19,18,0,0,0,113,0,42.0,15,27,15.0,0.0,0.5565255991006335,2,2,0,9f2c8bbaea8cd9c1
30,node_rack_failure,k8s_ref_50,1.0,0.0,0.013888888888888888,0.0,0.0,0.0,0.9861111111111112,0.0,0.0,5.0,1,138.24151253152442,31.86,102.00000000000009,31.833333333333318,1,0,0,0,0,34,0,6.0,0,6,0.0,0.02639999999999998,0.6663847112219563,1,1,0,39b9a9f809730051
30,node_rack_failure,k8s_ref_60,1.0,0.0,0.013888888888888888,0.0,0.0,0.0,0.9861111111111112,0.0,0.0,5.0,1,144.0894778654765,32.04616560218468,117.16666666666647,46.99999999999998,1,4,0,0,0,34,0,1.0,0,1,0.0,0.02888220802912911,0.6383128610744141,1,1,0,f38d1272282fcd7e
30,node_rack_failure,k8s_ref_70,1.0,0.0,0.013888888888888888,0.0,0.0,0.0,0.9861111111111112,0.0,0.0,5.0,1,145.2979158654765,32.04616560218468,120.00000000000013,49.83333333333337,1,2,0,0,0,32,0,0.0,0,0,0.0,0.02888220802912911,0.6301323099253257,1,1,0,ad1168f211ffa5c8
30,node_rack_failure,k8s_ref_80,1.0,0.0,0.0,0.0,0.0,0.0,0.9861111111111112,2.1482212234733487,0.0,5.0,1,147.90325248399844,34.55436378521699,127.49999999999986,57.33333333333331,0,2,0,0,0,34,0,2.0,2,0,0.0,0.062324850469559934,0.6167223930945888,0,0,0,e871151b3afe8421
30,node_rack_failure,omni_k8s_protect,1.0000000000000002,0.0,0.0,0.0,0.0,0.0,1.0,0.539887890140016,0.0,5.0,1,111.083828076709,24.26074642750495,143.66666666666669,73.5,0,4,0,0,0,14,72,9.0,7,2,2.0,0.3459221773984684,0.43638652492789165,0,0,0,56fd474d308d967f
30,node_rack_failure,omni_k8s_throughput,1.0,0.013888888888888888,0.013888888888888888,0.0,0.013888888888888888,0.0,0.9861111111111112,2.481554556806682,0.0,5.0,1,97.38204342120243,34.9648371969817,121.16666666666669,50.999999999999986,0,3,0,0,0,17,72,6.0,2,4,2.0,1.0504516341119103,0.43242443294570065,0,0,0,6b25fd581ac1225f
30,node_rack_failure,omni_k8s_observe,1.0,0.0,0.013888888888888888,0.0,0.0,0.0,0.9861111111111112,0.0,0.0,5.0,1,145.2979158654765,32.04616560218468,120.00000000000013,49.83333333333337,1,2,0,0,0,32,0,0.0,0,0,0.0,0.02888220802912911,0.6301323099253257,1,1,0,ad1168f211ffa5c8
30,node_rack_failure,omni_k8s_kill,1.0000000000000002,0.0,0.0,0.0,0.0,0.0,1.0,0.539887890140016,0.0,5.0,1,110.84640027670896,24.26074642750495,142.91666666666657,72.75,0,1,0,0,0,12,29,5.0,5,0,0.0,0.3459221773984684,0.43670449496702346,0,0,0,2c76c87af86037ca
30,node_rack_failure,omni_k8s_throughput_no_dynamics,1.0,0.013888888888888888,0.013888888888888888,0.0,0.013888888888888888,0.0,0.9861111111111112,2.887804556806682,0.0,5.0,1,99.14457332708477,35.46510166756993,127.49999999999986,57.24999999999998,0,0,0,0,0,8,72,2.0,2,0,0.0,1.0499999999999998,0.4166140489236051,0,0,0,26685c2c21bad7dd
30,node_rack_failure,omni_k8s_throughput_no_gate,1.0000000000000002,0.013888888888888888,0.013888888888888888,0.0,0.013888888888888888,0.0,0.9861111111111112,2.6982212234733476,0.0,5.0,1,94.87088211075714,35.10353718476902,111.16666666666661,41.00000000000001,0,3,0,0,0,21,72,8.0,2,6,2.0,1.0499999999999998,0.43526397048471877,0,0,0,aee80c044cb8e59c
30,node_rack_failure,omni_observe,1.0000000000000002,0.0,0.2638888888888889,0.0,0.0,0.0,0.7361111111111112,43.90459569515141,298.86327440200665,30.0,1,103.63618303259987,26.549999999999997,59.16666666666662,1.583333333333333,19,18,0,0,0,113,0,42.0,15,27,15.0,0.0,0.5565255991006335,2,2,0,9f2c8bbaea8cd9c1
30,node_rack_failure,omni_pipeline,1.0,0.0,0.0,0.0,0.0,0.0,1.0,0.0,0.0,5.0,1,111.8219501929711,25.1793377295261,119.66666666666669,49.5,0,1,0,0,0,57,72,10.0,2,8,3.0,0.29400000000000004,0.578928493280649,0,0,0,d66781d2064e74d7
30,node_rack_failure,omni_direct,1.0,0.0,0.0,0.0,0.0,0.0,1.0,0.35358233458445754,0.0,5.0,1,111.34828656894837,23.687594782103645,144.33333333333337,74.16666666666669,0,8,0,0,0,20,72,11.0,9,2,2.0,0.3306310716422447,0.419853637174625,0,0,0,c51f46e26b0dbc6c
30,node_rack_failure,omni_direct_no_dynamics,1.0000000000000002,0.0,0.0,0.0,0.0,0.0,1.0,0.18688789014001372,0.0,5.0,1,109.5098243915995,23.32448499004548,138.33333333333334,68.16666666666667,0,0,0,0,0,8,72,4.0,4,0,0.0,0.31721782097889073,0.4346385497197629,0,0,0,ed41e62c85f052dc
30,node_rack_failure,omni_direct_no_shield,1.0,0.0,0.0,0.0,0.0,0.0,1.0,0.35358233458445754,0.0,5.0,1,111.34828656894837,23.687594782103645,144.33333333333337,74.16666666666669,0,8,0,0,0,20,72,11.0,9,2,2.0,0.3306310716422447,0.419853637174625,0,0,0,c51f46e26b0dbc6c
30,node_rack_failure,omni_kill,1.0000000000000004,0.0,0.18055555555555555,0.0,0.0,0.0,0.8194444444444444,2.9140123340473405,11.721890716195913,80.0,1,97.89078236070785,23.687594782103645,98.4166666666667,28.083333333333314,13,12,0,0,0,75,29,31.0,11,20,11.0,0.3306310716422447,0.5032457300918151,2,2,0,3da1bff0129efbea
30,node_rack_failure,omni_switch_on,1.0000000000000002,0.0,0.1527777777777778,0.0,0.0,0.0,0.8472222222222222,21.921380694403723,115.17109312319333,5.0,1,109.61054457305076,31.86,110.58333333333329,46.33333333333333,11,19,0,0,0,74,45,42.0,21,21,18.5,0.29400000000000004,0.4636218089803048,2,2,0,6492ec0ad1431af6
31,node_rack_failure,native,0.9999089707759344,0.1388888888888889,0.6388888888888888,0.06944444444444445,0.06944444444444445,0.0,0.3611111111111111,190.53855002632795,1179.9477463501898,80.0,1,132.52605039129102,39.990671999999996,77.75,6.666666666666666,65,17,0,0,0,208,0,98.0,44,54,44.0,0.22335177901427739,0.9198675483019207,25,16,0,df7c0147eeb668f6
31,node_rack_failure,k8s_ref_50,1.0,0.0,0.027777777777777776,0.0,0.0,0.0,0.8194444444444444,0.7419474714796542,0.0,20.0,1,161.1679230062476,34.38790503902486,109.66666666666664,28.16666666666666,2,2,0,0,0,81,0,8.0,2,6,2.0,0.06457252890895582,0.7990822834856801,4,2,0,918608232761af11
31,node_rack_failure,k8s_ref_60,1.0,0.013888888888888888,0.027777777777777776,0.0,0.013888888888888888,0.0,0.7361111111111112,0.0,0.0,20.0,1,163.78165176742544,35.4,113.91666666666663,32.58333333333333,2,1,0,0,0,88,0,4.0,0,4,0.0,0.07955902849478402,0.8080238965587908,2,2,0,73b06a9827856def
31,node_rack_failure,k8s_ref_70,1.0,0.20833333333333334,0.20833333333333334,0.0,0.20833333333333334,0.0,0.7222222222222222,2.6825727528798087,0.0,25.0,1,168.8908466073381,37.117608,124.00000000000007,42.58333333333332,6,3,0,0,0,91,0,4.0,2,2,2.0,0.162097284525623,0.8282734713244982,7,6,0,de3665ce75c08cc0
31,node_rack_failure,k8s_ref_80,1.0,0.19444444444444445,0.20833333333333334,0.0,0.19444444444444445,0.0,0.7222222222222222,4.972968981985383,0.0,25.0,1,170.21796271376763,37.95329265387733,127.66666666666653,46.16666666666668,1,2,0,0,0,78,0,2.0,2,0,0.0,0.1781800659334858,0.8115598543378125,2,1,0,934c5379447f321b
31,node_rack_failure,omni_k8s_protect,1.0,0.0,0.0,0.0,0.0,0.0,1.0,1.0615582604085825,0.0,5.0,1,131.0846173595482,30.098111476527798,158.41666666666666,77.0,0,3,0,0,0,27,72,13.0,11,2,2.0,0.3787525435693595,0.5729290010478902,0,0,0,08820fcf4fe021d8
31,node_rack_failure,omni_k8s_throughput,1.0,0.013888888888888888,0.013888888888888888,0.0,0.013888888888888888,0.0,0.9861111111111112,5.672280969444001,0.0,5.0,1,117.8706886894465,38.94,128.5,47.000000000000014,0,2,0,0,0,35,72,7.0,4,3,3.0,1.1131174965140258,0.6405968241944723,0,0,0,e0b618eafdbdac58
31,node_rack_failure,omni_k8s_observe,1.0,0.20833333333333334,0.20833333333333334,0.0,0.20833333333333334,0.0,0.7222222222222222,2.6825727528798087,0.0,25.0,1,168.8908466073381,37.117608,124.00000000000007,42.58333333333332,6,3,0,0,0,91,0,4.0,2,2,2.0,0.162097284525623,0.8282734713244982,7,6,0,de3665ce75c08cc0
31,node_rack_failure,omni_k8s_kill,1.0,0.0,0.0,0.0,0.0,0.0,1.0,1.0615582604085825,0.0,5.0,1,130.43512895937906,30.098111476527798,155.75,74.33333333333334,0,1,0,0,0,26,28,7.0,7,0,0.0,0.3787525435693595,0.5763011385723003,0,0,0,67d29f89e8504f3e
31,node_rack_failure,omni_k8s_throughput_no_dynamics,1.0,0.013888888888888888,0.013888888888888888,0.0,0.013888888888888888,0.0,0.9861111111111112,6.015249322502301,0.0,5.0,1,119.17055138797878,38.94,133.5,52.0,0,0,0,0,0,29,72,4.0,4,0,0.0,1.112469572831324,0.6272238295580713,0,0,0,0b748a7131d3ad60
31,node_rack_failure,omni_k8s_throughput_no_gate,1.0,0.027777777777777776,0.027777777777777776,0.0,0.027777777777777776,0.0,0.9722222222222222,12.511118858579074,25.34778109081806,5.0,1,116.16206585644167,38.94,128.5,46.75000000000001,0,5,0,0,0,36,72,13.0,7,6,6.0,1.1572002785761248,0.5722138461989981,1,0,1,48ff2a68edc22ae3
31,node_rack_failure,omni_observe,0.9999089707759344,0.1388888888888889,0.6388888888888888,0.06944444444444445,0.06944444444444445,0.0,0.3611111111111111,190.53855002632795,1179.9477463501898,80.0,1,132.52605039129102,39.990671999999996,77.75,6.666666666666666,65,17,0,0,0,208,0,98.0,44,54,44.0,0.22335177901427739,0.9198675483019207,25,16,0,df7c0147eeb668f6
31,node_rack_failure,omni_pipeline,1.0,0.0,0.0,0.0,0.0,0.0,1.0,22.988774754464718,117.31418763723885,5.0,1,134.540528151025,30.959986041140628,148.58333333333334,66.50000000000001,0,1,0,0,0,67,72,15.0,9,6,5.0,0.29400000000000004,0.6214876798279367,1,0,1,171119292646c8d0
31,node_rack_failure,omni_direct,1.0,0.0,0.0,0.0,0.0,0.0,1.0,1.0615582604085825,0.0,5.0,1,130.68890435954822,30.098111476527798,157.1666666666667,75.75,0,4,0,0,0,34,72,13.0,11,2,2.0,0.3787525435693595,0.5736423790167359,0,0,0,b15e8363752d534c
31,node_rack_failure,omni_direct_no_dynamics,1.0,0.0,0.0,0.0,0.0,0.0,1.0,0.0,0.0,5.0,1,134.4289511342195,27.579310447254883,172.41666666666657,91.08333333333339,0,0,0,0,0,33,72,12.0,12,0,0.0,0.29400000000000004,0.55984800426306,0,0,0,f2e74f7639d4f22e
31,node_rack_failure,omni_direct_no_shield,1.0,0.0,0.0,0.0,0.0,0.0,1.0,1.0615582604085825,0.0,5.0,1,130.68890435954822,30.098111476527798,157.1666666666667,75.75,0,4,0,0,0,34,72,13.0,11,2,2.0,0.3787525435693595,0.5736423790167359,0,0,0,b15e8363752d534c
31,node_rack_failure,omni_kill,1.0000000000000002,0.0,0.3333333333333333,0.0,0.0,0.0,0.6666666666666666,6.554482323018454,41.25673654688599,85.0,1,120.4195625954919,30.098111476527798,117.0,35.333333333333364,28,20,0,0,0,111,28,45.0,19,26,19.0,0.3787525435693595,0.6592342752982067,3,3,0,e729988e7f9a4f77
31,node_rack_failure,omni_switch_on,1.0,0.041666666666666664,0.16666666666666666,0.027777777777777776,0.013888888888888888,0.0,0.7777777777777778,87.5968050391732,877.3965637184649,5.0,1,130.0135785445968,44.25,117.66666666666667,41.583333333333336,9,9,0,0,0,78,46,31.0,14,17,13.5,0.29400000000000004,0.6923645133580006,2,2,4,fa6b03facbacb5f7
32,node_rack_failure,native,0.9999999999999996,0.013888888888888888,0.5416666666666666,0.013888888888888888,0.0,0.0,0.4583333333333333,113.13533504963789,625.4610605216736,50.0,1,121.51665360216936,32.95739999999999,70.75000000000003,3.7499999999999996,54,36,0,0,0,187,0,78.0,33,45,33.0,0.08232448168295647,0.798787038448488,14,9,0,365e3ee09d73ed67
32,node_rack_failure,k8s_ref_50,1.0,0.0,0.027777777777777776,0.0,0.0,0.0,0.9722222222222222,0.0,0.0,5.0,1,151.82860915312654,33.629999999999995,107.33333333333334,31.583333333333332,2,0,0,0,0,64,0,5.0,0,5,0.0,0.05847185570513069,0.7762784129720499,2,2,0,8e846252710282c0
32,node_rack_failure,k8s_ref_60,1.0,0.013888888888888888,0.041666666666666664,0.0,0.013888888888888888,0.0,0.7638888888888888,0.0,0.0,20.0,1,155.07456350413597,35.4,111.7499999999999,35.99999999999999,3,1,0,0,0,80,0,4.0,0,4,0.0,0.08068428284220275,0.8197555833797319,3,3,0,3b34600a021a5fbe
32,node_rack_failure,k8s_ref_70,1.0,0.1527777777777778,0.16666666666666666,0.0,0.1527777777777778,0.0,0.8055555555555556,2.450084841431681,0.0,20.0,1,159.9887272102819,37.735165248,123.50000000000018,47.666666666666664,7,3,0,0,0,81,0,4.0,2,2,2.0,0.2720157796438827,0.8208358295869886,8,7,0,879b5c5fc99d8ba6
32,node_rack_failure,k8s_ref_80,1.0,0.1527777777777778,0.1527777777777778,0.0,0.1527777777777778,0.0,0.8194444444444444,4.2556403969872365,0.0,20.0,1,162.19125925791906,38.94,128.9999999999999,53.166666666666636,0,2,0,0,0,68,0,2.0,2,0,0.0,0.29398854059840174,0.8037172451128174,1,0,0,42a447781c313566
32,node_rack_failure,omni_k8s_protect,1.0,0.0,0.0,0.0,0.0,0.0,1.0,0.25008484143168314,0.0,5.0,1,126.19491061688389,27.06986623582831,163.16666666666652,87.41666666666664,0,4,0,0,0,17,72,13.0,11,2,2.0,0.32153952129955754,0.5536395887786212,0,0,0,6dfe3757a9b37f26
32,node_rack_failure,omni_k8s_throughput,1.0,0.013888888888888888,0.013888888888888888,0.0,0.013888888888888888,0.0,0.9861111111111112,4.262932115773863,0.0,5.0,1,110.76729103417324,38.94,131.16666666666666,55.333333333333314,0,2,0,0,0,28,72,8.0,4,4,4.0,1.1033145823506216,0.5631790022684322,0,0,0,b104b24d3703f7ce
32,node_rack_failure,omni_k8s_observe,1.0,0.1527777777777778,0.16666666666666666,0.0,0.1527777777777778,0.0,0.8055555555555556,2.450084841431681,0.0,20.0,1,159.9887272102819,37.735165248,123.50000000000018,47.666666666666664,7,3,0,0,0,81,0,4.0,2,2,2.0,0.2720157796438827,0.8208358295869886,8,7,0,879b5c5fc99d8ba6
32,node_rack_failure,omni_k8s_kill,1.0,0.0,0.0,0.0,0.0,0.0,1.0,0.25008484143168314,0.0,5.0,1,124.2691073502172,27.06986623582831,156.91666666666669,81.16666666666666,0,2,0,0,0,16,20,9.0,8,1,1.0,0.32153952129955754,0.5659691488667686,0,0,0,406e5dfa80aad0f6
32,node_rack_failure,omni_k8s_throughput_no_dynamics,1.0,0.013888888888888888,0.013888888888888888,0.0,0.013888888888888888,0.0,0.9861111111111112,4.380293226884975,0.0,5.0,1,112.3124381008399,38.94,136.83333333333334,61.00000000000002,0,0,0,0,0,20,72,4.0,4,0,0.0,1.1033145823506216,0.5477725656328829,0,0,0,1e5d52f946e4e75e
32,node_rack_failure,omni_k8s_throughput_no_gate,1.0,0.013888888888888888,0.013888888888888888,0.0,0.013888888888888888,0.0,0.9861111111111112,6.931946936831843,8.825641434346322,5.0,1,111.02332483703803,37.169999999999995,127.41666666666667,51.500000000000014,0,3,0,0,0,31,72,10.0,5,5,5.0,1.187706411866885,0.5939140613945302,0,0,0,426e79b68ead6714
32,node_rack_failure,omni_observe,0.9999999999999996,0.013888888888888888,0.5416666666666666,0.013888888888888888,0.0,0.0,0.4583333333333333,113.13533504963789,625.4610605216736,50.0,1,121.51665360216936,32.95739999999999,70.75000000000003,3.7499999999999996,54,36,0,0,0,187,0,78.0,33,45,33.0,0.08232448168295647,0.798787038448488,14,9,0,365e3ee09d73ed67
32,node_rack_failure,omni_pipeline,1.0,0.0,0.0,0.0,0.0,0.0,1.0,1.6718903969872372,0.0,5.0,1,133.25614437203214,30.343524507939897,142.6666666666667,66.83333333333334,0,1,0,0,0,84,72,15.0,7,8,7.0,0.44047583502516185,0.7284429216625274,0,0,1,e1f838d7ff98b2ed
32,node_rack_failure,omni_direct,1.0,0.0,0.0,0.0,0.0,0.0,1.0,1.7797515080983493,0.0,5.0,1,122.82105232484281,27.616326084081532,150.83333333333331,75.0,0,4,0,0,0,20,72,10.0,8,2,2.0,0.29400000000000004,0.5665129637612849,0,0,0,1cd9bf40cbba386c
32,node_rack_failure,omni_direct_no_dynamics,1.0,0.0,0.0,0.0,0.0,0.0,1.0,0.8776403969872351,0.0,5.0,1,126.05963294348501,28.28909904375632,162.3333333333333,86.58333333333333,0,0,0,0,0,18,72,9.0,9,0,0.0,0.37171954818581643,0.5565867481838737,0,0,0,63fbbbf0875f341d
32,node_rack_failure,omni_direct_no_shield,1.0,0.0,0.0,0.0,0.0,0.0,1.0,1.7797515080983493,0.0,5.0,1,122.82105232484281,27.616326084081532,150.83333333333331,75.0,0,4,0,0,0,20,72,10.0,8,2,2.0,0.29400000000000004,0.5665129637612849,0,0,0,1cd9bf40cbba386c
32,node_rack_failure,omni_kill,1.0000000000000002,0.0,0.3055555555555556,0.0,0.0,0.0,0.6944444444444444,16.169615270618777,105.88637148380403,165.0,1,109.9473156606344,27.616326084081532,103.5833333333334,27.333333333333325,22,29,0,0,0,104,20,57.0,24,33,24.0,0.29400000000000004,0.6503604671521976,4,4,0,1b50e772771911b7
32,node_rack_failure,omni_switch_on,1.0,0.027777777777777776,0.1527777777777778,0.013888888888888888,0.013888888888888888,0.0,0.8333333333333334,66.68389418824648,612.4012018417591,5.0,1,124.14382581444984,44.25,124.58333333333333,51.000000000000014,9,11,0,0,0,72,54,33.0,15,18,14.5,0.29400000000000004,0.6666115282151003,2,2,4,3266ebc5a3a4ea59
33,node_rack_failure,native,0.9999999999999996,0.1111111111111111,0.7083333333333334,0.08333333333333333,0.027777777777777776,0.0,0.2638888888888889,260.33640972334257,1020.878229334621,90.0,1,125.95125576267966,40.71,73.25,3.9166666666666665,61,15,0,0,0,205,0,97.0,44,53,44.0,0.14440000000000008,0.9369336548958865,14,10,0,bd0c854b6aff5d3f
33,node_rack_failure,k8s_ref_50,1.0,0.013888888888888888,0.027777777777777776,0.0,0.013888888888888888,0.0,0.8472222222222222,0.0,0.0,10.0,1,160.98696729966645,35.035218660055236,114.91666666666664,33.58333333333333,2,0,0,0,0,71,0,4.0,0,4,0.0,0.08479545058704141,0.7753781378100061,2,2,0,165a63b3ac0d14d1
33,node_rack_failure,k8s_ref_60,1.0,0.013888888888888888,0.041666666666666664,0.0,0.013888888888888888,0.0,0.8472222222222222,0.0,0.0,10.0,1,161.71935396633313,35.035218660055236,116.75,35.416666666666664,3,1,0,0,0,86,0,2.0,0,2,0.0,0.08479545058704141,0.7626877863606277,3,3,0,0085124a443ed1fa
33,node_rack_failure,k8s_ref_70,1.0,0.013888888888888888,0.05555555555555555,0.0,0.013888888888888888,0.0,0.8472222222222222,0.0,0.0,10.0,1,163.0742692996665,35.035218660055236,120.00000000000013,38.66666666666666,4,2,0,0,0,85,0,0.0,0,0,0.0,0.08479545058704141,0.7472626923892085,4,4,0,986d5ca459276750
33,node_rack_failure,k8s_ref_80,1.0,0.06944444444444445,0.08333333333333333,0.0,0.06944444444444445,0.0,0.8472222222222222,2.103899175932339,0.0,20.0,1,166.09737944913655,37.63930467021809,128.3333333333332,46.91666666666669,1,2,0,0,0,77,0,2.0,2,0,0.0,0.1508338735853858,0.7382675277278715,2,1,0,b1b5d85630c61517
33,node_rack_failure,omni_k8s_protect,1.0,0.0,0.0,0.0,0.0,0.0,1.0,0.0,0.0,5.0,1,127.07499253432456,26.576690650570406,155.00000000000009,73.66666666666667,0,5,0,0,0,15,72,12.0,10,2,2.0,0.29400000000000004,0.5184143703893963,0,0,0,eb17406f69ca3457
33,node_rack_failure,omni_k8s_throughput,1.0,0.0,0.0,0.0,0.0,0.0,1.0,1.2761060226290764,0.0,5.0,1,112.4549417656818,25.696312284559756,128.83333333333334,47.41666666666666,0,2,0,0,0,27,72,7.0,3,4,3.0,0.4453142617466578,0.5439877044271971,0,0,0,3edcc8fe0cf96d2f
33,node_rack_failure,omni_k8s_observe,1.0,0.013888888888888888,0.05555555555555555,0.0,0.013888888888888888,0.0,0.8472222222222222,0.0,0.0,10.0,1,163.0742692996665,35.035218660055236,120.00000000000013,38.66666666666666,4,2,0,0,0,85,0,0.0,0,0,0.0,0.08479545058704141,0.7472626923892085,4,4,0,986d5ca459276750
33,node_rack_failure,omni_k8s_kill,1.0,0.0,0.0,0.0,0.0,0.0,1.0,0.0,0.0,5.0,1,126.99584993432457,26.576690650570406,154.66666666666669,73.33333333333331,0,1,0,0,0,13,24,7.0,7,0,0.0,0.29400000000000004,0.52069068416903,0,0,0,6e856eb9c09ba699
33,node_rack_failure,omni_k8s_throughput_no_dynamics,1.0,0.0,0.0,0.0,0.0,0.0,1.0,1.3910687434409428,0.0,5.0,1,113.478620397917,25.89429116295223,134.16666666666677,52.74999999999999,0,0,0,0,0,20,72,3.0,3,0,0.0,0.45570563591475566,0.5215877850406222,0,0,0,1cef75ac252f0c59
33,node_rack_failure,omni_k8s_throughput_no_gate,1.0,0.013888888888888888,0.013888888888888888,0.0,0.013888888888888888,0.0,0.9861111111111112,4.850304110874706,2.4430157309573857,5.0,1,112.21083934663291,37.169999999999995,123.41666666666669,41.999999999999986,0,6,0,0,0,35,72,11.0,5,6,5.0,1.1831678381133917,0.5796194534392298,0,0,0,796e6104ed139278
33,node_rack_failure,omni_observe,0.9999999999999996,0.1111111111111111,0.7083333333333334,0.08333333333333333,0.027777777777777776,0.0,0.2638888888888889,260.33640972334257,1020.878229334621,90.0,1,125.95125576267966,40.71,73.25,3.9166666666666665,61,15,0,0,0,205,0,97.0,44,53,44.0,0.14440000000000008,0.9369336548958865,14,10,0,bd0c854b6aff5d3f
33,node_rack_failure,omni_pipeline,1.0,0.0,0.0,0.0,0.0,0.0,1.0,7.453022256014539,20.852529503435456,5.0,1,134.5343592920931,28.968305074774626,150.75000000000003,69.16666666666666,0,1,0,0,0,72,72,17.0,10,7,7.0,0.41197050214992204,0.6280739328273671,0,0,0,2e997bc93d40e2a0
33,node_rack_failure,omni_direct,1.0,0.0,0.0,0.0,0.0,0.0,1.0,0.0,0.0,5.0,1,127.15848166771326,26.46044569335452,155.0000000000001,73.66666666666667,0,8,0,0,0,20,72,12.0,10,2,2.0,0.29400000000000004,0.5158420425472999,0,0,0,151cdb624f8a8f4c
33,node_rack_failure,omni_direct_no_dynamics,1.0,0.0,0.0,0.0,0.0,0.0,1.0,0.0,0.0,5.0,1,128.33018515545012,26.711147011675756,159.41666666666669,78.08333333333333,0,0,0,0,0,14,72,8.0,8,0,0.0,0.29400000000000004,0.5198840393160248,0,0,0,a65d68dcf1435e5c
33,node_rack_failure,omni_direct_no_shield,1.0,0.0,0.0,0.0,0.0,0.0,1.0,0.0,0.0,5.0,1,127.15848166771326,26.46044569335452,155.0000000000001,73.66666666666667,0,8,0,0,0,20,72,12.0,10,2,2.0,0.29400000000000004,0.5158420425472999,0,0,0,151cdb624f8a8f4c
33,node_rack_failure,omni_kill,1.0000000000000002,0.0,0.2222222222222222,0.0,0.0,0.0,0.7777777777777778,2.9616899460191,26.74482259086335,55.0,1,113.96998460902351,26.30511744230044,108.25000000000003,26.916666666666632,16,15,0,0,0,85,24,36.0,14,22,14.0,0.29400000000000004,0.5956342959871784,2,2,0,dc39410953e7d18f
33,node_rack_failure,omni_switch_on,1.0,0.027777777777777776,0.1527777777777778,0.013888888888888888,0.013888888888888888,0.0,0.8194444444444444,61.13600015484427,582.1907680664048,5.0,1,127.86065202743241,43.254275718560365,122.49999999999999,45.74999999999999,9,17,0,0,0,78,50,37.0,18,19,15.5,0.29400000000000004,0.6550479912902437,2,2,4,4ad68ad054d836c0
34,node_rack_failure,native,1.0,0.0,0.2361111111111111,0.0,0.0,0.0,0.75,46.5648291738821,335.62778598566035,35.0,1,97.84681984541233,28.32,56.74999999999993,2.916666666666667,17,8,0,0,0,116,0,46.0,17,29,17.0,0.0,0.531276866485864,3,2,0,2947e0993a09e4c7
34,node_rack_failure,k8s_ref_50,1.0,0.0,0.0,0.0,0.0,0.0,1.0,0.0,0.0,5.0,1,127.43554313133923,29.039274993984883,94.24999999999999,29.333333333333332,0,1,0,0,0,22,0,8.0,0,8,0.0,0.0,0.6189381681856618,0,0,0,fd8715a80218bab9
34,node_rack_failure,k8s_ref_60,1.0,0.0,0.0,0.0,0.0,0.0,1.0,0.0,0.0,5.0,1,136.5499532284465,29.43963050895613,116.49999999999984,51.58333333333335,0,2,0,0,0,18,0,1.0,0,1,0.0,0.0,0.5909856781799759,0,0,0,10f9df54f3e251ad
34,node_rack_failure,k8s_ref_70,1.0,0.0,0.0,0.0,0.0,0.0,1.0,0.0,0.0,5.0,1,138.08198656177981,29.43963050895613,120.00000000000013,55.08333333333334,0,2,0,0,0,17,0,0.0,0,0,0.0,0.0,0.5826380427372247,0,0,0,64e5a49af7b26789
34,node_rack_failure,k8s_ref_80,1.0,0.0,0.0,0.0,0.0,0.0,1.0,0.0,0.0,5.0,1,138.08198656177981,29.43963050895613,120.00000000000013,55.08333333333334,0,2,0,0,0,18,0,0.0,0,0,0.0,0.0,0.5826380427372247,0,0,0,b8d813d11fd4145d
34,node_rack_failure,omni_k8s_protect,1.0,0.0,0.0,0.0,0.0,0.0,1.0,0.0,0.0,5.0,1,104.21679914080946,21.47254189375011,141.24999999999994,76.33333333333331,0,5,0,0,0,13,72,10.0,8,2,2.0,0.29400000000000004,0.38806699930527333,0,0,0,853e191f2d28bd09
34,node_rack_failure,omni_k8s_throughput,1.0,0.0,0.0,0.0,0.0,0.0,1.0,0.09780564653070832,0.0,5.0,1,89.56266381892158,20.796645858233866,117.25000000000003,52.33333333333333,0,2,0,0,0,14,72,5.0,1,4,1.0,0.3657065386043664,0.38112943415531797,0,0,0,c220be44c7f99ac4
34,node_rack_failure,omni_k8s_observe,1.0,0.0,0.0,0.0,0.0,0.0,1.0,0.0,0.0,5.0,1,138.08198656177981,29.43963050895613,120.00000000000013,55.08333333333334,0,2,0,0,0,17,0,0.0,0,0,0.0,0.0,0.5826380427372247,0,0,0,64e5a49af7b26789
34,node_rack_failure,omni_k8s_kill,1.0,0.0,0.0,0.0,0.0,0.0,1.0,0.0,0.0,5.0,1,103.02966014080945,21.47254189375011,137.33333333333334,72.41666666666669,0,1,0,0,0,10,23,4.0,4,0,0.0,0.29400000000000004,0.39658289241527744,0,0,0,e47a18433c011e07
34,node_rack_failure,omni_k8s_throughput_no_dynamics,1.0,0.0,0.0,0.0,0.0,0.0,1.0,0.24225009097515404,0.0,5.0,1,91.51997056669173,20.796645858233866,124.25,59.33333333333331,0,0,0,0,0,8,72,1.0,1,0,0.0,0.3775597506638654,0.3649025540288007,0,0,0,75c1ede0d013cc00
34,node_rack_failure,omni_k8s_throughput_no_gate,1.0,0.0,0.0,0.0,0.0,0.0,1.0,0.09780564653071148,0.0,5.0,1,86.41143085937072,20.796645858233866,105.0,40.08333333333332,0,4,0,0,0,24,72,8.0,1,7,1.0,0.37054224794978763,0.3897549722095399,0,0,0,d86b7bd82d427e8b
34,node_rack_failure,omni_observe,1.0,0.0,0.2361111111111111,0.0,0.0,0.0,0.75,46.5648291738821,335.62778598566035,35.0,1,97.84681984541233,28.32,56.74999999999993,2.916666666666667,17,8,0,0,0,116,0,46.0,17,29,17.0,0.0,0.531276866485864,3,2,0,2947e0993a09e4c7
34,node_rack_failure,omni_pipeline,1.0,0.0,0.0,0.0,0.0,0.0,1.0,0.0,0.0,5.0,1,103.55749088029738,23.91042223629891,110.8333333333333,45.916666666666686,0,0,0,0,0,49,72,5.0,0,5,0.0,0.29400000000000004,0.5318261818879068,0,0,0,6a41b51eed710ab0
34,node_rack_failure,omni_direct,1.0,0.0,0.0,0.0,0.0,0.0,1.0,0.0,0.0,5.0,1,102.00139050677608,21.277680724397037,133.75000000000003,68.83333333333334,0,6,0,0,0,13,72,7.0,5,2,2.0,0.29400000000000004,0.39650394868579997,0,0,0,c03613221551b4db
34,node_rack_failure,omni_direct_no_dynamics,1.0,0.0,0.0,0.0,0.0,0.0,1.0,0.0,0.0,5.0,1,103.21432620747612,21.47254189375011,137.91666666666669,73.00000000000001,0,0,0,0,0,9,72,4.0,4,0,0.0,0.29400000000000004,0.3987645333707972,0,0,0,a64443a67c42af9b
34,node_rack_failure,omni_direct_no_shield,1.0,0.0,0.0,0.0,0.0,0.0,1.0,0.0,0.0,5.0,1,102.00139050677608,21.277680724397037,133.75000000000003,68.83333333333334,0,6,0,0,0,13,72,7.0,5,2,2.0,0.29400000000000004,0.39650394868579997,0,0,0,c03613221551b4db
34,node_rack_failure,omni_kill,1.0000000000000002,0.0,0.19444444444444445,0.0,0.0,0.0,0.8055555555555556,3.4157593722906747,21.99257562178416,90.0,1,87.98919590714816,21.171083669381378,87.33333333333327,22.416666666666647,14,12,0,0,0,81,23,28.0,9,19,9.0,0.29400000000000004,0.46169315013677514,2,2,0,8f885e92a5b41756
34,node_rack_failure,omni_switch_on,1.0,0.0,0.05555555555555555,0.0,0.0,0.0,0.9444444444444444,6.100088030756865,21.457182591478926,5.0,1,103.5609117311701,28.32,115.08333333333334,53.83333333333332,4,9,0,0,0,56,51,31.0,15,16,13.5,0.29400000000000004,0.4116664642472371,2,2,0,87a28f3fd12d04d2
35,node_rack_failure,native,1.0,0.0,0.19444444444444445,0.0,0.0,0.0,0.8055555555555556,16.878321969147645,109.04785614640696,40.0,1,95.26441103084905,24.779999999999998,55.083333333333265,2.083333333333333,14,8,0,0,0,109,0,36.0,12,24,12.0,0.0,0.4359556217912184,2,2,0,0ffde494c5f10ce9
35,node_rack_failure,k8s_ref_50,1.0,0.0,0.0,0.0,0.0,0.0,1.0,0.0,0.0,5.0,1,126.78033572304403,28.330018288585663,94.33333333333336,30.16666666666664,0,0,0,0,0,19,0,8.0,0,8,0.0,0.0,0.5626709230307666,0,0,0,1257b977aa506fb4
35,node_rack_failure,k8s_ref_60,1.0,0.0,0.0,0.0,0.0,0.0,1.0,0.0,0.0,5.0,1,135.76730329778778,28.66407333612495,115.7499999999999,51.58333333333335,0,5,0,0,0,12,0,1.0,0,1,0.0,0.0,0.5265292092501381,0,0,0,0150120d9146084c
35,node_rack_failure,k8s_ref_70,1.0,0.0,0.0,0.0,0.0,0.0,1.0,0.0,0.0,5.0,1,137.63563663112112,28.66407333612495,120.00000000000013,55.83333333333335,0,2,0,0,0,8,0,0.0,0,0,0.0,0.0,0.5203949023628278,0,0,0,34aa9efc36a9e5f0
35,node_rack_failure,k8s_ref_80,1.0,0.0,0.0,0.0,0.0,0.0,1.0,0.08894374198177009,0.0,5.0,1,139.71183873052536,28.88075482628819,125.0,60.8333333333333,0,2,0,0,0,10,0,1.0,1,0,0.0,0.0,0.5209397723482695,0,0,0,2fe92ba9c1873e80
35,node_rack_failure,omni_k8s_protect,1.0,0.0,0.0,0.0,0.0,0.0,1.0,0.0,0.0,5.0,1,101.72734481197273,21.761609022153078,133.58333333333343,69.41666666666667,0,5,0,0,0,11,72,8.0,6,2,2.0,0.29400000000000004,0.3492113772325923,0,0,0,6dae57653191d952
35,node_rack_failure,omni_k8s_throughput,1.0,0.0,0.0,0.0,0.0,0.0,1.0,0.7556104086484368,0.0,5.0,1,89.40042886046766,21.761609022153078,117.33333333333334,53.08333333333331,0,2,0,0,0,13,72,5.0,1,4,1.0,0.4262129663990294,0.3450550199789286,0,0,0,60b7a1ec68e47cca
35,node_rack_failure,omni_k8s_observe,1.0,0.0,0.0,0.0,0.0,0.0,1.0,0.0,0.0,5.0,1,137.63563663112112,28.66407333612495,120.00000000000013,55.83333333333335,0,2,0,0,0,8,0,0.0,0,0,0.0,0.0,0.5203949023628278,0,0,0,34aa9efc36a9e5f0
35,node_rack_failure,omni_k8s_kill,1.0,0.0,0.0,0.0,0.0,0.0,1.0,0.0,0.0,5.0,1,100.64572927863938,21.761609022153078,129.9999999999999,65.83333333333333,0,1,0,0,0,10,14,2.0,2,0,0.0,0.29400000000000004,0.3581807117972733,0,0,0,02a8476b761f5c91
35,node_rack_failure,omni_k8s_throughput_no_dynamics,1.0,0.0,0.0,0.0,0.0,0.0,1.0,0.7556104086484368,0.0,5.0,1,91.537802193801,21.761609022153078,125.0,60.749999999999964,0,0,0,0,0,7,72,1.0,1,0,0.0,0.4262129663990294,0.327182752681093,0,0,0,2df4ed902ba8d596
35,node_rack_failure,omni_k8s_throughput_no_gate,1.0,0.0,0.0,0.0,0.0,0.0,1.0,1.6583881864262144,0.0,5.0,1,88.72901510526177,29.685820659484687,112.24999999999997,48.00000000000002,0,3,0,0,0,15,72,8.0,2,6,2.0,1.0499999999999998,0.36719987304757284,0,0,0,eece777f19651b66
35,node_rack_failure,omni_observe,1.0,0.0,0.19444444444444445,0.0,0.0,0.0,0.8055555555555556,16.878321969147645,109.04785614640696,40.0,1,95.26441103084905,24.779999999999998,55.083333333333265,2.083333333333333,14,8,0,0,0,109,0,36.0,12,24,12.0,0.0,0.4359556217912184,2,2,0,0ffde494c5f10ce9
35,node_rack_failure,omni_pipeline,1.0,0.0,0.0,0.0,0.0,0.0,1.0,0.0,0.0,5.0,1,103.51225831778025,27.50617004192052,110.49999999999999,46.333333333333336,0,0,0,0,0,50,72,6.0,0,6,0.0,0.29400000000000004,0.5610585132820911,0,0,0,2f78e571758fd176
35,node_rack_failure,omni_direct,1.0,0.0,0.0,0.0,0.0,0.0,1.0,0.0,0.0,5.0,1,101.43715527863938,21.761609022153078,132.58333333333346,68.41666666666667,0,8,0,0,0,13,72,7.0,5,2,2.0,0.29400000000000004,0.352221619869185,0,0,0,918ddcc10e9b431b
35,node_rack_failure,omni_direct_no_dynamics,1.0,0.0,0.0,0.0,0.0,0.0,1.0,0.0,0.0,5.0,1,102.03311914215232,21.761609022153078,134.50000000000009,70.33333333333337,0,0,0,0,0,7,72,3.0,3,0,0.0,0.29400000000000004,0.3575119737086352,0,0,0,5f215f7f669f1f50
35,node_rack_failure,omni_direct_no_shield,1.0,0.0,0.0,0.0,0.0,0.0,1.0,0.0,0.0,5.0,1,101.43715527863938,21.761609022153078,132.58333333333346,68.41666666666667,0,8,0,0,0,13,72,7.0,5,2,2.0,0.29400000000000004,0.352221619869185,0,0,0,918ddcc10e9b431b
35,node_rack_failure,omni_kill,0.9991525227296698,0.0,0.20833333333333334,0.0,0.0,0.0,0.7916666666666666,3.4265668946907843,25.205365424198142,105.0,1,85.83816136084215,21.761609022153078,81.24999999999996,16.916666666666664,15,16,0,0,0,91,14,30.0,10,20,10.0,0.29400000000000004,0.4103770715242401,3,3,0,ec48df437faac980
35,node_rack_failure,omni_switch_on,1.0,0.0,0.05555555555555555,0.0,0.0,0.0,0.9444444444444444,2.364104571498362,5.167585311046535,5.0,1,104.68216616500521,26.549999999999997,124.33333333333348,61.66666666666666,4,5,0,0,0,44,60,27.0,12,15,12.0,0.318643281025045,0.3920616667148593,2,2,0,9a23cf5a24f233af
36,node_rack_failure,native,0.9999999999999997,0.1111111111111111,0.6111111111111112,0.08333333333333333,0.041666666666666664,0.0,0.3888888888888889,194.39478872808917,1174.1558807952076,55.0,1,134.2271811946795,40.491935999999995,78.83333333333334,7.166666666666668,61,19,0,0,0,202,0,94.0,42,52,42.0,0.16736482032972866,0.8769806684040922,24,16,0,1c350e9d6fabca05
36,node_rack_failure,k8s_ref_50,1.0,0.0,0.0,0.0,0.0,0.0,1.0,0.0,0.0,5.0,1,165.0989708345667,32.95739999999999,111.49999999999993,28.58333333333334,0,0,0,0,0,91,0,4.0,0,4,0.0,0.04978886008191785,0.7514957507844995,0,0,0,4f084917948d642e
36,node_rack_failure,k8s_ref_60,1.0,0.013888888888888888,0.041666666666666664,0.0,0.013888888888888888,0.0,0.7222222222222222,0.0,0.0,15.0,1,167.9391051645268,34.692,115.66666666666667,32.74999999999999,3,1,0,0,0,103,0,4.0,0,4,0.0,0.06715824810713222,0.789109090816261,3,3,0,83d4ff4acded7cca
36,node_rack_failure,k8s_ref_70,1.0,0.013888888888888888,0.041666666666666664,0.0,0.013888888888888888,0.0,0.7361111111111112,0.0,0.0,15.0,1,167.9391051645268,34.692,115.66666666666667,32.74999999999999,3,2,0,0,0,99,0,4.0,0,4,0.0,0.06715824810713222,0.789109090816261,3,3,0,a96d4dbd06987f56
36,node_rack_failure,k8s_ref_80,1.0,0.125,0.1527777777777778,0.0,0.125,0.0,0.7083333333333334,2.345651274085207,0.0,20.0,1,171.79299574212615,37.46010013124218,126.16666666666649,43.166666666666686,2,2,0,0,0,94,0,2.0,2,0,0.0,0.17055931459994933,0.765218037262684,3,2,0,4b75826d263bc25d
36,node_rack_failure,omni_k8s_protect,1.0,0.0,0.0,0.0,0.0,0.0,1.0,0.0,0.0,5.0,1,137.82972465794268,28.308563654518217,181.5833333333333,98.66666666666667,0,3,0,0,0,32,72,17.0,15,2,2.0,0.29400000000000004,0.5415589705542224,0,0,0,ef32cf671eb5a814
36,node_rack_failure,omni_k8s_throughput,1.0,0.013888888888888888,0.013888888888888888,0.0,0.013888888888888888,0.0,0.9861111111111112,4.573037614675248,0.0,5.0,1,118.94710460701756,38.94,124.24999999999993,41.25,0,4,0,0,0,30,72,6.0,3,3,3.0,1.0923305134645565,0.6314127985318428,0,0,0,86af3cf22ae69bfb
36,node_rack_failure,omni_k8s_observe,1.0,0.013888888888888888,0.041666666666666664,0.0,0.013888888888888888,0.0,0.7361111111111112,0.0,0.0,15.0,1,167.9391051645268,34.692,115.66666666666667,32.74999999999999,3,2,0,0,0,99,0,4.0,0,4,0.0,0.06715824810713222,0.789109090816261,3,3,0,a96d4dbd06987f56
36,node_rack_failure,omni_k8s_kill,1.0,0.0,0.0,0.0,0.0,0.0,1.0,0.0,0.0,5.0,1,137.62491077843643,28.308563654518217,180.91666666666652,98.00000000000007,0,2,0,0,0,30,37,14.0,13,1,1.0,0.29400000000000004,0.5457592398841047,0,0,0,7e38f45a78de183e
36,node_rack_failure,omni_k8s_throughput_no_dynamics,1.0,0.013888888888888888,0.013888888888888888,0.0,0.013888888888888888,0.0,0.9861111111111112,4.215076090052071,0.0,5.0,1,118.05050769131081,38.94,128.58333333333343,45.58333333333331,0,0,0,0,0,22,72,3.0,3,0,0.0,1.0639595967054194,0.5817894076071731,0,0,0,723137c336aa647f
36,node_rack_failure,omni_k8s_throughput_no_gate,1.0,0.027777777777777776,0.027777777777777776,0.0,0.027777777777777776,0.0,0.9722222222222222,11.26605794788533,24.114319041633603,5.0,1,116.33475872392745,38.94,124.58333333333334,41.41666666666666,0,5,0,0,0,38,72,13.0,7,6,6.0,1.1811841898644622,0.5607054289130994,1,0,1,1a318d0be47132c6
36,node_rack_failure,omni_observe,0.9999999999999997,0.1111111111111111,0.6111111111111112,0.08333333333333333,0.041666666666666664,0.0,0.3888888888888889,194.39478872808917,1174.1558807952076,55.0,1,134.2271811946795,40.491935999999995,78.83333333333334,7.166666666666668,61,19,0,0,0,202,0,94.0,42,52,42.0,0.16736482032972866,0.8769806684040922,24,16,0,1c350e9d6fabca05
36,node_rack_failure,omni_pipeline,1.0,0.0,0.0,0.0,0.0,0.0,1.0,1.3296219033875143,0.0,5.0,1,136.69631147366715,28.908483693301225,143.0833333333333,60.16666666666667,0,1,0,0,0,76,72,13.0,8,5,4.0,0.39860052613241836,0.6378846511123026,0,0,0,c7a1ed415918c3ca
36,node_rack_failure,omni_direct,1.0,0.0,0.0,0.0,0.0,0.0,1.0,0.0,0.0,5.0,1,132.10647903221042,27.627819758281763,158.91666666666643,76.00000000000001,0,8,0,0,0,22,72,13.0,11,2,2.0,0.29400000000000004,0.5324365906511135,0,0,0,de79ec8f93f5b87b
36,node_rack_failure,omni_direct_no_dynamics,1.0,0.0,0.0,0.0,0.0,0.0,1.0,0.0,0.0,5.0,1,133.8353830966342,27.731164606483105,166.33333333333331,83.41666666666666,0,0,0,0,0,23,72,10.0,10,0,0.0,0.29400000000000004,0.535330042925012,0,0,0,e2b9f3f7ab0d76fb
36,node_rack_failure,omni_direct_no_shield,1.0,0.0,0.0,0.0,0.0,0.0,1.0,0.0,0.0,5.0,1,132.10647903221042,27.627819758281763,158.91666666666643,76.00000000000001,0,8,0,0,0,22,72,13.0,11,2,2.0,0.29400000000000004,0.5324365906511135,0,0,0,de79ec8f93f5b87b
36,node_rack_failure,omni_kill,1.0,0.0,0.18055555555555555,0.0,0.0,0.0,0.8194444444444444,1.3018713753065723,7.661709685043036,50.0,1,124.9526997055333,27.627819758281763,126.91666666666664,44.00000000000002,13,12,0,0,0,73,37,35.0,14,21,14.0,0.29400000000000004,0.6166536590785556,4,4,0,ec2d756830079ee5
36,node_rack_failure,omni_switch_on,1.0,0.06944444444444445,0.20833333333333334,0.05555555555555555,0.013888888888888888,0.0,0.7638888888888888,96.56291640059469,979.4829805132334,5.0,1,128.9535150636156,44.25,104.41666666666667,30.666666666666675,10,13,0,0,0,89,37,34.0,15,19,15.5,0.29400000000000004,0.703648433256981,2,2,4,aede12a5116990a6
37,telemetry_fault,native,1.0000000000000002,0.1111111111111111,0.5555555555555556,0.1111111111111111,0.0,0.0,0.4305555555555556,189.7530205997283,1199.1793002850013,20.0,1,116.71807818468602,31.244452080700377,86.33333333333339,25.58333333333334,35,8,0,0,0,179,0,73.0,32,41,32.0,0.020000000000000018,0.7408093440964293,22,17,0,66a0e7e5cbfe857e
37,telemetry_fault,k8s_ref_50,1.0,0.0,0.0,0.0,0.0,0.0,1.0,0.0,0.0,5.0,1,132.82128560209836,24.751832637851745,99.24999999999989,29.583333333333332,0,0,0,0,0,14,0,7.0,0,7,0.0,0.0,0.5076853105294864,0,0,0,529043984911e77b
37,telemetry_fault,k8s_ref_60,1.0,0.0,0.0,0.0,0.0,0.0,1.0,0.0,0.0,5.0,1,141.8640189354317,25.64863263785174,120.00000000000013,50.333333333333364,0,2,0,0,0,8,0,0.0,0,0,0.0,0.0,0.4946448331899727,0,0,0,a37637f8724f5604
37,telemetry_fault,k8s_ref_70,1.0,0.0,0.0,0.0,0.0,0.0,1.0,0.0,0.0,5.0,1,141.8640189354317,25.64863263785174,120.00000000000013,50.333333333333364,0,2,0,0,0,8,0,0.0,0,0,0.0,0.0,0.4946448331899727,0,0,0,b1354cc1356557bb
37,telemetry_fault,k8s_ref_80,1.0,0.0,0.0,0.0,0.0,0.0,1.0,0.0,0.0,5.0,1,141.8640189354317,25.64863263785174,120.00000000000013,50.333333333333364,0,2,0,0,0,8,0,0.0,0,0,0.0,0.0,0.4946448331899727,0,0,0,640237e26ed843d0
37,telemetry_fault,omni_k8s_protect,1.0,0.0,0.0,0.0,0.0,0.0,1.0,0.0,0.0,5.0,1,105.82542716568312,22.511904650408844,136.5833333333334,66.91666666666666,0,4,0,0,0,16,72,9.0,7,2,2.0,0.29400000000000004,0.3457701840964686,0,0,0,5ef17b5dbcc44916
37,telemetry_fault,omni_k8s_throughput,1.0,0.0,0.0,0.0,0.0,0.0,1.0,0.0,0.0,5.0,1,90.82798952700084,22.511904650408844,112.66666666666663,43.00000000000001,0,3,0,0,0,13,72,4.0,0,4,0.0,0.35,0.32320863955046536,0,0,0,f4ba6e0a96f7cb17
37,telemetry_fault,omni_k8s_observe,1.0,0.0,0.0,0.0,0.0,0.0,1.0,0.0,0.0,5.0,1,141.8640189354317,25.64863263785174,120.00000000000013,50.333333333333364,0,2,0,0,0,8,0,0.0,0,0,0.0,0.0,0.4946448331899727,0,0,0,b1354cc1356557bb
37,telemetry_fault,omni_k8s_kill,1.0,0.0,0.0,0.0,0.0,0.0,1.0,0.0,0.0,5.0,1,105.35057156568313,22.511904650408844,134.91666666666674,65.25,0,0,0,0,0,9,27,3.0,3,0,0.0,0.29400000000000004,0.3527153507539463,0,0,0,2257a8dc35655588
37,telemetry_fault,omni_k8s_throughput_no_dynamics,1.0,0.0,0.0,0.0,0.0,0.0,1.0,0.0,0.0,5.0,1,92.86820952700087,22.511904650408844,120.00000000000013,50.333333333333364,0,0,0,0,0,6,72,0.0,0,0,0.0,0.35,0.3070735834430099,0,0,0,7179451c2f5e2aa6
37,telemetry_fault,omni_k8s_throughput_no_gate,1.0,0.0,0.0,0.0,0.0,0.0,1.0,0.0,0.0,5.0,1,87.4276228603342,22.511904650408844,100.74999999999997,31.08333333333332,0,1,0,0,0,15,72,7.0,0,7,0.0,0.35,0.3169542169992881,0,0,0,a47ee5bb35e5bd66
37,telemetry_fault,omni_observe,1.0000000000000002,0.1111111111111111,0.5555555555555556,0.1111111111111111,0.0,0.0,0.4305555555555556,189.7530205997283,1199.1793002850013,20.0,1,116.71807818468602,31.244452080700377,86.33333333333339,25.58333333333334,35,8,0,0,0,179,0,73.0,32,41,32.0,0.020000000000000018,0.7408093440964293,22,17,0,66a0e7e5cbfe857e
37,telemetry_fault,omni_pipeline,1.0,0.0,0.0,0.0,0.0,0.0,1.0,0.0,0.0,5.0,1,103.71468031634267,24.717499350994867,110.66666666666667,41.00000000000001,0,0,0,0,0,46,72,6.0,0,6,0.0,0.29400000000000004,0.42674561870033384,0,0,0,da3ff5d56fbf3c96
37,telemetry_fault,omni_direct,1.0,0.0,0.0,0.0,0.0,0.0,1.0,0.0,0.0,5.0,1,104.08428996568313,22.511904650408844,130.83333333333334,61.16666666666665,0,6,0,0,0,15,72,6.0,4,2,2.0,0.29400000000000004,0.34716769746278814,0,0,0,87bb3c9302dc7ac9
37,telemetry_fault,omni_direct_no_dynamics,1.0,0.0,0.0,0.0,0.0,0.0,1.0,0.0,0.0,5.0,1,104.03152823234977,22.511904650408844,130.66666666666654,60.99999999999998,0,0,0,0,0,7,72,2.0,2,0,0.0,0.29400000000000004,0.3482800298196765,0,0,0,99f1716f06f003d3
37,telemetry_fault,omni_direct_no_shield,1.0,0.0,0.0,0.0,0.0,0.0,1.0,0.0,0.0,5.0,1,104.08428996568313,22.511904650408844,130.83333333333334,61.16666666666665,0,6,0,0,0,15,72,6.0,4,2,2.0,0.29400000000000004,0.34716769746278814,0,0,0,87bb3c9302dc7ac9
37,telemetry_fault,omni_kill,1.0,0.0,0.18055555555555555,0.0,0.0,0.0,0.8194444444444444,2.093972981754086,3.3213843085768815,5.0,1,92.3184234323498,22.511904650408844,92.66666666666666,22.999999999999975,13,11,0,0,0,78,27,24.0,7,17,7.0,0.29400000000000004,0.4048739373163159,3,3,0,707451459ad4cb85
37,telemetry_fault,omni_switch_on,1.0,0.0,0.1111111111111111,0.0,0.0,0.0,0.8888888888888888,1.2136443706633853,0.0,5.0,1,103.16596271366556,22.511904650408844,103.49999999999996,39.33333333333332,8,7,0,0,0,63,47,26.0,9,17,12.5,0.3546061444233297,0.3805637973157903,2,2,0,5f0593a67412174e
38,telemetry_fault,native,0.9999999999999998,0.08333333333333333,0.4722222222222222,0.08333333333333333,0.0,0.0,0.5,154.71181011190953,1004.3784422362553,10.0,1,112.4464791049149,29.62096352402959,77.08333333333334,17.25,29,6,0,0,0,153,0,70.0,29,41,29.0,0.0,0.7145571788551872,11,10,0,e3f446a1f0ab9101
38,telemetry_fault,k8s_ref_50,1.0,0.0,0.0,0.0,0.0,0.0,1.0,0.0,0.0,5.0,1,133.5605969522606,25.85867993103037,101.08333333333327,31.58333333333334,0,0,0,0,0,13,0,7.0,0,7,0.0,0.0,0.5329991070311662,0,0,0,67cf711b7bf405d0
38,telemetry_fault,k8s_ref_60,1.0,0.0,0.0,0.0,0.0,0.0,1.0,0.0,0.0,5.0,1,141.78126361892726,26.350136113383176,120.00000000000013,50.50000000000003,0,2,0,0,0,5,0,0.0,0,0,0.0,0.0,0.5092468207508027,0,0,0,4883ba6a28ed0aac
38,telemetry_fault,k8s_ref_70,1.0,0.0,0.0,0.0,0.0,0.0,1.0,0.0,0.0,5.0,1,141.78126361892726,26.350136113383176,120.00000000000013,50.50000000000003,0,2,0,0,0,5,0,0.0,0,0,0.0,0.0,0.5092468207508027,0,0,0,b3725d361a38fb96
38,telemetry_fault,k8s_ref_80,1.0,0.0,0.0,0.0,0.0,0.0,1.0,0.0,0.0,5.0,1,141.78126361892726,26.350136113383176,120.00000000000013,50.50000000000003,0,2,0,0,0,5,0,0.0,0,0,0.0,0.0,0.5092468207508027,0,0,0,8a76bc39911c4e4e
38,telemetry_fault,omni_k8s_protect,1.0,0.0,0.0,0.0,0.0,0.0,1.0,0.0,0.0,5.0,1,105.57409428751068,22.17551452576932,135.91666666666669,66.41666666666663,0,2,0,0,0,8,72,6.0,5,1,1.0,0.29400000000000004,0.3573327424552355,0,0,0,b07ae873a35dcec9
38,telemetry_fault,omni_k8s_throughput,1.0,0.0,0.0,0.0,0.0,0.0,1.0,0.0,0.0,5.0,1,90.76438719263767,22.17551452576932,112.66666666666663,43.166666666666664,0,1,0,0,0,7,72,4.0,0,4,0.0,0.35,0.333140288433341,0,0,0,6c817e42acefa6f8
38,telemetry_fault,omni_k8s_observe,1.0,0.0,0.0,0.0,0.0,0.0,1.0,0.0,0.0,5.0,1,141.78126361892726,26.350136113383176,120.00000000000013,50.50000000000003,0,2,0,0,0,5,0,0.0,0,0,0.0,0.0,0.5092468207508027,0,0,0,b3725d361a38fb96
38,telemetry_fault,omni_k8s_kill,1.0,0.0,0.0,0.0,0.0,0.0,1.0,0.0,0.0,5.0,1,103.78019535417731,22.17551452576932,130.0833333333332,60.58333333333332,0,1,0,0,0,6,22,2.0,2,0,0.0,0.29400000000000004,0.3585900599679599,0,0,0,aa2711a6beaa724e
38,telemetry_fault,omni_k8s_throughput_no_dynamics,1.0,0.0,0.0,0.0,0.0,0.0,1.0,0.0,0.0,5.0,1,92.80460719263765,22.17551452576932,120.00000000000013,50.50000000000003,0,0,0,0,0,2,72,0.0,0,0,0.0,0.35,0.3168499194125898,0,0,0,d509ebdc338526f1
38,telemetry_fault,omni_k8s_throughput_no_gate,1.0,0.0,0.0,0.0,0.0,0.0,1.0,0.0,0.0,5.0,1,87.364020525971,22.17551452576932,100.74999999999997,31.24999999999998,0,1,0,0,0,11,72,7.0,0,7,0.0,0.35,0.3245266097231666,0,0,0,cb564c9485142b7e
38,telemetry_fault,omni_observe,0.9999999999999998,0.08333333333333333,0.4722222222222222,0.08333333333333333,0.0,0.0,0.5,154.71181011190953,1004.3784422362553,10.0,1,112.4464791049149,29.62096352402959,77.08333333333334,17.25,29,6,0,0,0,153,0,70.0,29,41,29.0,0.0,0.7145571788551872,11,10,0,e3f446a1f0ab9101
38,telemetry_fault,omni_pipeline,1.0,0.0,0.0,0.0,0.0,0.0,1.0,0.0,0.0,5.0,1,104.42005967236928,24.386257513207394,111.74999999999994,42.24999999999998,0,0,0,0,0,42,72,5.0,0,5,0.0,0.29400000000000004,0.43507589898979204,0,0,0,502707dff16628a1
38,telemetry_fault,omni_direct,1.0,0.0,0.0,0.0,0.0,0.0,1.0,0.0,0.0,5.0,1,105.25752388751064,22.17551452576932,134.83333333333337,65.33333333333336,0,6,0,0,0,15,72,7.0,5,2,2.0,0.29400000000000004,0.36161285732144755,0,0,0,bd98d6158c4d4c4c
38,telemetry_fault,omni_direct_no_dynamics,1.0,0.0,0.0,0.0,0.0,0.0,1.0,0.0,0.0,5.0,1,105.02009608751064,22.17551452576932,134.08333333333343,64.58333333333334,0,0,0,0,0,7,72,3.0,3,0,0.0,0.29400000000000004,0.3623711809217174,0,0,0,336dafaeb4ea976e
38,telemetry_fault,omni_direct_no_shield,1.0,0.0,0.0,0.0,0.0,0.0,1.0,0.0,0.0,5.0,1,105.25752388751064,22.17551452576932,134.83333333333337,65.33333333333336,0,6,0,0,0,15,72,7.0,5,2,2.0,0.29400000000000004,0.36161285732144755,0,0,0,bd98d6158c4d4c4c
38,telemetry_fault,omni_kill,1.0,0.0,0.2222222222222222,0.0,0.0,0.0,0.7777777777777778,2.9989092704235816,28.59804132337269,70.0,1,91.22290282084401,22.17551452576932,89.41666666666669,19.74999999999997,16,17,0,0,0,85,22,30.0,10,20,10.0,0.29400000000000004,0.3923622320795276,2,2,0,c902ad0e755d6579
38,telemetry_fault,omni_switch_on,0.9999999999999998,0.0,0.1111111111111111,0.0,0.0,0.0,0.8888888888888888,1.4812543013304156,6.722431649807967,5.0,1,105.28898366358492,22.17551452576932,115.50000000000011,50.000000000000036,8,7,0,0,0,53,52,28.0,11,17,12.5,0.29698088062943473,0.38345227163598095,2,2,0,0c41b7975a1c5ed1
39,telemetry_fault,native,0.9999999999999997,0.25,0.8472222222222222,0.20833333333333334,0.041666666666666664,0.0,0.125,540.9862982779754,3199.409254363202,360,0,129.96983134453254,35.41834715017868,102.66666666666673,37.24999999999999,56,7,0,0,0,234,0,84.0,37,47,37.0,0.12466142484770648,0.881986870851523,42,28,0,9b29ec4540ec023d
39,telemetry_fault,k8s_ref_50,1.0,0.0,0.0,0.0,0.0,0.0,1.0,0.0,0.0,5.0,1,144.39539835611635,27.135049809209356,103.91666666666669,27.333333333333336,0,0,0,0,0,35,0,5.0,0,5,0.0,0.0,0.5512230939448352,0,0,0,1c91a005437f869e
39,telemetry_fault,k8s_ref_60,1.0,0.0,0.0,0.0,0.0,0.0,1.0,0.0,0.0,5.0,1,151.42033168944963,28.031849809209362,120.00000000000013,43.41666666666667,0,1,0,0,0,31,0,0.0,0,0,0.0,0.0,0.545114812618497,0,0,0,2c28ba3b019d25c9
39,telemetry_fault,k8s_ref_70,1.0,0.0,0.0,0.0,0.0,0.0,1.0,0.0,0.0,5.0,1,151.42033168944963,28.031849809209362,120.00000000000013,43.41666666666667,0,2,0,0,0,33,0,0.0,0,0,0.0,0.0,0.545114812618497,0,0,0,590d247c326ad670
39,telemetry_fault,k8s_ref_80,1.0,0.0,0.0,0.0,0.0,0.0,1.0,0.0,0.0,5.0,1,151.42033168944963,28.031849809209362,120.00000000000013,43.41666666666667,0,2,0,0,0,32,0,0.0,0,0,0.0,0.0,0.545114812618497,0,0,0,2368f43a59ff53f7
39,telemetry_fault,omni_k8s_protect,1.0,0.0,0.0,0.0,0.0,0.0,1.0,0.0,0.0,5.0,1,117.39031574431384,24.27496210458669,151.8333333333334,75.24999999999997,0,4,0,0,0,13,72,11.0,9,2,2.0,0.29400000000000004,0.40522107090620996,0,0,0,75ad534e9f90d58a
39,telemetry_fault,omni_k8s_throughput,1.0,0.0,0.0,0.0,0.0,0.0,1.0,0.0,0.0,5.0,1,97.28532199285941,24.27496210458669,113.33333333333329,36.749999999999986,0,1,0,0,0,8,72,4.0,0,4,0.0,0.35,0.35579403471253446,0,0,0,98a37bb4ad7d0f48
39,telemetry_fault,omni_k8s_observe,1.0,0.0,0.0,0.0,0.0,0.0,1.0,0.0,0.0,5.0,1,151.42033168944963,28.031849809209362,120.00000000000013,43.41666666666667,0,2,0,0,0,33,0,0.0,0,0,0.0,0.0,0.545114812618497,0,0,0,590d247c326ad670
39,telemetry_fault,omni_k8s_kill,1.0,0.0,0.0,0.0,0.0,0.0,1.0,0.0,0.0,5.0,1,112.6945214776471,24.27496210458669,136.66666666666674,60.08333333333332,0,1,0,0,0,6,11,3.0,3,0,0.0,0.29400000000000004,0.3885950813572936,0,0,0,96034c8e8d1759a9
39,telemetry_fault,omni_k8s_throughput_no_dynamics,1.0,0.0,0.0,0.0,0.0,0.0,1.0,0.0,0.0,5.0,1,99.13123532619274,24.27496210458669,120.00000000000013,43.41666666666667,0,0,0,0,0,3,72,0.0,0,0,0.0,0.35,0.33822148309788014,0,0,0,54b3742ff519aff7
39,telemetry_fault,omni_k8s_throughput_no_gate,1.0,0.0,0.0,0.0,0.0,0.0,1.0,0.0,0.0,5.0,1,93.69064865952603,24.27496210458669,100.74999999999997,24.16666666666666,0,0,0,0,0,14,72,7.0,0,7,0.0,0.35,0.3468924835767604,0,0,0,94baccb6acb03974
39,telemetry_fault,omni_observe,0.9999999999999997,0.25,0.8472222222222222,0.20833333333333334,0.041666666666666664,0.0,0.125,540.9862982779754,3199.409254363202,360,0,129.96983134453254,35.41834715017868,102.66666666666673,37.24999999999999,56,7,0,0,0,234,0,84.0,37,47,37.0,0.12466142484770648,0.881986870851523,42,28,0,9b29ec4540ec023d
39,telemetry_fault,omni_pipeline,1.0,0.0,0.0,0.0,0.0,0.0,1.0,0.0,0.0,5.0,1,111.7309915282185,25.937931721164702,115.83333333333336,39.25000000000001,0,0,0,0,0,29,72,5.0,0,5,0.0,0.29400000000000004,0.41359081575409085,0,0,0,6dbf0b86e68f615d
39,telemetry_fault,omni_direct,1.0,0.0,0.0,0.0,0.0,0.0,1.0,0.0,0.0,5.0,1,112.56261714431378,24.27496210458669,136.25000000000006,59.66666666666666,0,4,0,0,0,9,72,5.0,4,1,1.0,0.29400000000000004,0.3884246602090613,0,0,0,1c42e65d20d2c4a2
39,telemetry_fault,omni_direct_no_dynamics,1.0,0.0,0.0,0.0,0.0,0.0,1.0,0.0,0.0,5.0,1,115.64917854431386,24.27496210458669,146.16666666666663,69.58333333333336,0,0,0,0,0,9,72,5.0,5,0,0.0,0.29400000000000004,0.3990486915111905,0,0,0,a1f87234ee4d2294
39,telemetry_fault,omni_direct_no_shield,1.0,0.0,0.0,0.0,0.0,0.0,1.0,0.0,0.0,5.0,1,112.56261714431378,24.27496210458669,136.25000000000006,59.66666666666666,0,4,0,0,0,9,72,5.0,4,1,1.0,0.29400000000000004,0.3884246602090613,0,0,0,1c42e65d20d2c4a2
39,telemetry_fault,omni_kill,1.0000000000000002,0.0,0.20833333333333334,0.0,0.0,0.0,0.7916666666666666,3.6450904958945753,25.002705024254293,5.0,1,97.89485527764712,24.27496210458669,88.91666666666666,12.250000000000021,15,15,0,0,0,92,11,29.0,10,19,10.0,0.29400000000000004,0.36722662116573734,1,1,0,9c87fa94501898f5
39,telemetry_fault,omni_switch_on,1.0,0.0,0.08333333333333333,0.0,0.0,0.0,0.9166666666666666,2.1551475192997094,0.0,5.0,1,112.45103362686416,24.27496210458669,122.24999999999997,47.08333333333334,6,9,0,0,0,47,63,29.0,13,16,13.5,0.4215164406645391,0.4122082928307994,2,2,0,00d2297c88a5d70b
40,telemetry_fault,native,1.0,0.1388888888888889,0.6527777777777778,0.1388888888888889,0.0,0.0,0.3194444444444444,253.42114902441173,1622.032062581341,40.0,1,121.54739181343042,33.9095341324367,95.66666666666676,34.916666666666664,40,6,0,0,0,201,0,80.0,34,46,34.0,0.07418583822164249,0.8106742347521374,31,22,0,5ad05a9c77e41b48
40,telemetry_fault,k8s_ref_50,1.0,0.0,0.0,0.0,0.0,0.0,1.0,0.0,0.0,5.0,1,133.62183963088137,25.42908454720351,98.99999999999989,28.66666666666665,0,0,0,0,0,19,0,7.0,0,7,0.0,0.0,0.5133306078563352,0,0,0,d6c22b3fa59359b8
40,telemetry_fault,k8s_ref_60,1.0,0.0,0.0,0.0,0.0,0.0,1.0,0.0,0.0,5.0,1,142.7766729642147,26.325884547203508,120.00000000000013,49.66666666666672,0,0,0,0,0,3,0,0.0,0,0,0.0,0.0,0.5013371517058695,0,0,0,9ddbb89d0dfdaa75
40,telemetry_fault,k8s_ref_70,1.0,0.0,0.0,0.0,0.0,0.0,1.0,0.0,0.0,5.0,1,142.7766729642147,26.325884547203508,120.00000000000013,49.66666666666672,0,2,0,0,0,5,0,0.0,0,0,0.0,0.0,0.5013371517058695,0,0,0,b1c15ba3382bc7e7
40,telemetry_fault,k8s_ref_80,1.0,0.0,0.0,0.0,0.0,0.0,1.0,0.0,0.0,5.0,1,142.7766729642147,26.325884547203508,120.00000000000013,49.66666666666672,0,2,0,0,0,5,0,0.0,0,0,0.0,0.0,0.5013371517058695,0,0,0,6439e7fb50ff68fb
40,telemetry_fault,omni_k8s_protect,1.0,0.0,0.0,0.0,0.0,0.0,1.0,0.0,0.0,5.0,1,107.78426515784338,23.403405922769085,140.74999999999994,70.41666666666667,0,4,0,0,0,13,72,10.0,8,2,2.0,0.29400000000000004,0.36516527978045604,0,0,0,a2f235ed0f826a5b
40,telemetry_fault,omni_k8s_throughput,1.0,0.0,0.0,0.0,0.0,0.0,1.0,0.0,0.0,5.0,1,91.35006343282029,23.403405922769085,112.3333333333333,42.000000000000014,0,1,0,0,0,8,72,4.0,0,4,0.0,0.35,0.3246512263056592,0,0,0,ddce7fd04a97cd54
40,telemetry_fault,omni_k8s_observe,1.0,0.0,0.0,0.0,0.0,0.0,1.0,0.0,0.0,5.0,1,142.7766729642147,26.325884547203508,120.00000000000013,49.66666666666672,0,2,0,0,0,5,0,0.0,0,0,0.0,0.0,0.5013371517058695,0,0,0,b1c15ba3382bc7e7
40,telemetry_fault,omni_k8s_kill,1.0,0.0,0.0,0.0,0.0,0.0,1.0,0.0,0.0,5.0,1,106.20141315784333,23.403405922769085,135.50000000000009,65.16666666666667,0,1,0,0,0,7,14,3.0,3,0,0.0,0.29400000000000004,0.3571501875500757,0,0,0,b070120a13745313
40,telemetry_fault,omni_k8s_throughput_no_dynamics,1.0,0.0,0.0,0.0,0.0,0.0,1.0,0.0,0.0,5.0,1,93.48743676615368,23.403405922769085,120.00000000000013,49.66666666666672,0,0,0,0,0,3,72,0.0,0,0,0.0,0.35,0.3107562417379612,0,0,0,09c8802eb7281c99
40,telemetry_fault,omni_k8s_throughput_no_gate,1.0,0.0,0.0,0.0,0.0,0.0,1.0,0.0,0.0,5.0,1,88.04685009948697,23.403405922769085,100.74999999999997,30.416666666666636,0,2,0,0,0,13,72,7.0,0,7,0.0,0.35,0.31861310560379114,0,0,0,611481e63e9f5af7
40,telemetry_fault,omni_observe,1.0,0.1388888888888889,0.6527777777777778,0.1388888888888889,0.0,0.0,0.3194444444444444,253.42114902441173,1622.032062581341,40.0,1,121.54739181343042,33.9095341324367,95.66666666666676,34.916666666666664,40,6,0,0,0,201,0,80.0,34,46,34.0,0.07418583822164249,0.8106742347521374,31,22,0,5ad05a9c77e41b48
40,telemetry_fault,omni_pipeline,1.0,0.0,0.0,0.0,0.0,0.0,1.0,0.0,0.0,5.0,1,103.87366580550581,24.997628009002007,110.99999999999996,40.666666666666636,0,0,0,0,0,42,72,5.0,0,5,0.0,0.29400000000000004,0.3969333016495981,0,0,0,56274f0108e554a2
40,telemetry_fault,omni_direct,1.0,0.0,0.0,0.0,0.0,0.0,1.0,0.0,0.0,5.0,1,104.61856115784342,23.403405922769085,130.41666666666654,60.08333333333333,0,4,0,0,0,8,72,4.0,3,1,1.0,0.29400000000000004,0.3520713694978899,0,0,0,8343c6a8cbf07656
40,telemetry_fault,omni_direct_no_dynamics,1.0,0.0,0.0,0.0,0.0,0.0,1.0,0.0,0.0,5.0,1,107.57321822451006,23.403405922769085,139.91666666666666,69.58333333333336,0,0,0,0,0,10,72,4.0,4,0,0.0,0.29400000000000004,0.3611706010741173,0,0,0,c0be20bb8e5842c5
40,telemetry_fault,omni_direct_no_shield,1.0,0.0,0.0,0.0,0.0,0.0,1.0,0.0,0.0,5.0,1,104.61856115784342,23.403405922769085,130.41666666666654,60.08333333333333,0,4,0,0,0,8,72,4.0,3,1,1.0,0.29400000000000004,0.3520713694978899,0,0,0,8343c6a8cbf07656
40,telemetry_fault,omni_kill,1.0000000000000002,0.0,0.2222222222222222,0.0,0.0,0.0,0.7777777777777778,6.287336400724474,40.89177734254541,15.0,1,90.3728931578434,23.403405922769085,84.50000000000004,13.916666666666684,16,16,0,0,0,93,14,31.0,11,20,11.0,0.29400000000000004,0.35765462734340275,3,3,0,6c62a95c646ac7ea
40,telemetry_fault,omni_switch_on,1.0,0.0,0.08333333333333333,0.0,0.0,0.0,0.9166666666666666,0.4178421005749221,0.0,5.0,1,106.75646894041213,23.403405922769085,122.33333333333326,54.16666666666666,6,5,0,0,0,44,60,24.0,9,15,11.0,0.29400000000000004,0.3776421397059772,2,2,0,164c36de47159536
41,telemetry_fault,native,1.0000000000000002,0.2638888888888889,0.8472222222222222,0.2638888888888889,0.0,0.0,0.1111111111111111,547.3239903240491,2225.1074865839882,55.0,1,130.15395629997627,32.917098328464135,88.83333333333336,17.75,64,5,0,0,0,217,0,105.0,52,53,52.0,0.03425055314213299,1.0308774848709696,38,25,0,ba06069eb5557fa8
41,telemetry_fault,k8s_ref_50,1.0,0.0,0.013888888888888888,0.0,0.0,0.0,0.9861111111111112,0.0,0.0,5.0,1,156.25305018050162,28.86935767857209,115.16666666666669,32.0,1,0,0,0,0,58,0,4.0,0,4,0.0,0.020000000000000018,0.5781481783708302,1,1,0,7eb6dc1a050e6502
41,telemetry_fault,k8s_ref_60,1.0,0.0,0.013888888888888888,0.0,0.0,0.0,0.9861111111111112,0.0,0.0,5.0,1,158.23049418050164,28.86935767857209,120.00000000000013,36.833333333333314,1,1,0,0,0,46,0,0.0,0,0,0.0,0.020000000000000018,0.5517304841498685,1,1,0,ce3b4786ee65b8e3
41,telemetry_fault,k8s_ref_70,1.0,0.0,0.0,0.0,0.0,0.0,1.0,0.0,0.0,5.0,1,158.23049418050164,28.86935767857209,120.00000000000013,36.833333333333314,0,0,0,0,0,43,0,0.0,0,0,0.0,0.020000000000000018,0.5517304841498685,0,0,0,be3807dfeb6bebfa
41,telemetry_fault,k8s_ref_80,1.0,0.0,0.0,0.0,0.0,0.0,1.0,0.0,0.0,5.0,1,158.23049418050164,28.86935767857209,120.00000000000013,36.833333333333314,0,2,0,0,0,46,0,0.0,0,0,0.0,0.020000000000000018,0.5517304841498685,0,0,0,6333fd7726c956bf
41,telemetry_fault,omni_k8s_protect,1.0,0.0,0.0,0.0,0.0,0.0,1.0,0.0,0.0,5.0,1,127.18551743404662,25.80203403499979,163.58333333333323,80.41666666666664,0,2,0,0,0,13,72,13.0,11,2,2.0,0.29400000000000004,0.42726718803895697,0,0,0,d7a50eb146c9c34e
41,telemetry_fault,omni_k8s_throughput,1.0,0.0,0.0,0.0,0.0,0.0,1.0,0.0,0.0,5.0,1,102.84042946783799,25.80203403499979,112.99999999999996,29.833333333333332,0,2,0,0,0,9,72,4.0,0,4,0.0,0.35,0.3579699786938903,0,0,0,e8dc227ae6e35ac0
41,telemetry_fault,omni_k8s_observe,1.0,0.0,0.0,0.0,0.0,0.0,1.0,0.0,0.0,5.0,1,158.23049418050164,28.86935767857209,120.00000000000013,36.833333333333314,0,0,0,0,0,43,0,0.0,0,0,0.0,0.020000000000000018,0.5517304841498685,0,0,0,be3807dfeb6bebfa
41,telemetry_fault,omni_k8s_kill,1.0,0.0,0.0,0.0,0.0,0.0,1.0,0.0,0.0,5.0,1,127.60761130071327,25.80203403499979,164.83333333333337,81.6666666666666,0,0,0,0,0,8,22,8.0,8,0,0.0,0.29400000000000004,0.41952995803844145,0,0,0,a0bc4096939a6c81
41,telemetry_fault,omni_k8s_throughput_no_dynamics,1.0,0.0,0.0,0.0,0.0,0.0,1.0,0.0,0.0,5.0,1,104.78349613450467,25.80203403499979,120.00000000000013,36.833333333333314,0,0,0,0,0,4,72,0.0,0,0,0.0,0.35,0.3405987255884751,0,0,0,d5a58c44fd446875
41,telemetry_fault,omni_k8s_throughput_no_gate,1.0,0.0,0.0,0.0,0.0,0.0,1.0,0.3010815953966907,0.0,5.0,1,100.10219940575544,25.80203403499979,103.3333333333333,20.16666666666666,0,2,0,0,0,25,72,8.0,1,7,1.0,0.3779925389979383,0.34769691250938645,0,0,0,7d011b0d1e942927
41,telemetry_fault,omni_observe,1.0000000000000002,0.2638888888888889,0.8472222222222222,0.2638888888888889,0.0,0.0,0.1111111111111111,547.3239903240491,2225.1074865839882,55.0,1,130.15395629997627,32.917098328464135,88.83333333333336,17.75,64,5,0,0,0,217,0,105.0,52,53,52.0,0.03425055314213299,1.0308774848709696,38,25,0,ba06069eb5557fa8
41,telemetry_fault,omni_pipeline,1.0,0.0,0.0,0.0,0.0,0.0,1.0,0.0,0.0,5.0,1,118.46696195416442,27.2824817521745,118.50000000000007,35.33333333333333,0,0,0,0,0,18,72,3.0,0,3,0.0,0.29400000000000004,0.3972650790792706,0,0,0,0561b0da20b7178e
41,telemetry_fault,omni_direct,1.0,0.0,0.0,0.0,0.0,0.0,1.0,0.0,0.0,5.0,1,122.25229536737997,25.80203403499979,147.66666666666666,64.5,0,8,0,0,0,17,72,9.0,7,2,2.0,0.29400000000000004,0.40247687727853537,0,0,0,5f35ff3d3f2f3c11
41,telemetry_fault,omni_direct_no_dynamics,1.0,0.0,0.0,0.0,0.0,0.0,1.0,0.0,0.0,5.0,1,124.01981343404664,25.80203403499979,153.33333333333334,70.1666666666667,0,0,0,0,0,11,72,6.0,6,0,0.0,0.29400000000000004,0.4078581602740003,0,0,0,729b24eb1ff01539
41,telemetry_fault,omni_direct_no_shield,1.0,0.0,0.0,0.0,0.0,0.0,1.0,0.0,0.0,5.0,1,122.25229536737997,25.80203403499979,147.66666666666666,64.5,0,8,0,0,0,17,72,9.0,7,2,2.0,0.29400000000000004,0.40247687727853537,0,0,0,5f35ff3d3f2f3c11
41,telemetry_fault,omni_kill,0.9999999999999999,0.0,0.20833333333333334,0.0,0.0,0.0,0.7916666666666666,2.653480908807132,18.044174836620478,5.0,1,109.00910030071326,25.80203403499979,104.75,21.499999999999968,15,13,0,0,0,86,22,30.0,11,19,11.0,0.29400000000000004,0.445428146276631,3,3,0,74ffce5c085fa387
41,telemetry_fault,omni_switch_on,0.9999999999999999,0.0,0.08333333333333333,0.0,0.0,0.0,0.9166666666666666,0.4160248212739772,0.0,5.0,1,119.72393610308082,25.80203403499979,117.58333333333323,39.583333333333336,6,5,0,0,0,50,52,25.0,10,15,11.5,0.2998162189268496,0.4336840532397452,2,2,0,bd8a0f273b19725e
42,telemetry_fault,native,0.9999999999999996,0.3611111111111111,0.9027777777777778,0.3194444444444444,0.041666666666666664,0.0,0.09722222222222222,773.3826133793128,3035.1322233554797,130.0,1,142.51093763518182,37.169999999999995,107.33333333333336,33.166666666666664,61,8,0,0,0,256,0,110.0,52,58,54.0,0.1541340973832359,0.9761726933566026,57,39,0,238f648dfc0b141b
42,telemetry_fault,k8s_ref_50,1.0,0.0,0.013888888888888888,0.0,0.0,0.0,0.9861111111111112,0.0,0.0,5.0,1,159.31645219067542,31.211060054385644,116.25000000000007,30.916666666666686,1,0,0,0,0,78,0,3.0,0,3,0.0,0.020000000000000018,0.5947931148822678,1,1,0,c51bb22d84e408da
42,telemetry_fault,k8s_ref_60,1.0,0.0,0.013888888888888888,0.0,0.0,0.0,0.9861111111111112,0.0,0.0,5.0,1,160.85446419067543,31.211060054385644,120.00000000000013,34.66666666666668,1,1,0,0,0,71,0,0.0,0,0,0.0,0.020000000000000018,0.5757254521656908,1,1,0,8f935c3ec4820598
42,telemetry_fault,k8s_ref_70,1.0,0.0,0.013888888888888888,0.0,0.0,0.0,0.9861111111111112,0.0,0.0,5.0,1,160.85446419067543,31.211060054385644,120.00000000000013,34.66666666666668,1,1,0,0,0,70,0,0.0,0,0,0.0,0.020000000000000018,0.5757254521656908,1,1,0,8e0863c42edb7c85
42,telemetry_fault,k8s_ref_80,1.0,0.0,0.0,0.0,0.0,0.0,1.0,0.0,0.0,5.0,1,160.85446419067543,31.211060054385644,120.00000000000013,34.66666666666668,0,2,0,0,0,71,0,0.0,0,0,0.0,0.020000000000000018,0.5757254521656908,0,0,0,5e7ed2d58659ad07
42,telemetry_fault,omni_k8s_protect,1.0,0.0,0.0,0.0,0.0,0.0,1.0,0.0,0.0,5.0,1,127.69786272322854,25.805633590826506,158.41666666666654,73.08333333333334,0,5,0,0,0,15,72,13.0,11,2,2.0,0.29400000000000004,0.4216386893175085,0,0,0,59401b648b0ef0ca
42,telemetry_fault,omni_k8s_throughput,1.0,0.0,0.0,0.0,0.0,0.0,1.0,0.8044124952892907,0.0,5.0,1,106.69284037899466,25.805633590826506,119.25000000000001,33.916666666666664,0,2,0,0,0,12,72,5.0,1,4,1.0,0.4160652058587938,0.37969516885384325,0,0,0,f07c4f81021823d4
42,telemetry_fault,omni_k8s_observe,1.0,0.0,0.013888888888888888,0.0,0.0,0.0,0.9861111111111112,0.0,0.0,5.0,1,160.85446419067543,31.211060054385644,120.00000000000013,34.66666666666668,1,1,0,0,0,70,0,0.0,0,0,0.0,0.020000000000000018,0.5757254521656908,1,1,0,8e0863c42edb7c85
42,telemetry_fault,omni_k8s_kill,1.0,0.0,0.0,0.0,0.0,0.0,1.0,0.0,0.0,5.0,1,126.77453238989517,25.805633590826506,155.33333333333331,70.00000000000001,0,1,0,0,0,10,36,7.0,7,0,0.0,0.29400000000000004,0.4304171837128081,0,0,0,939161e2744d3055
42,telemetry_fault,omni_k8s_throughput_no_dynamics,1.0,0.0,0.0,0.0,0.0,0.0,1.0,0.8044124952892907,0.0,5.0,1,108.538753712328,25.805633590826506,125.91666666666666,40.58333333333333,0,0,0,0,0,7,72,1.0,1,0,0.0,0.4160652058587938,0.36642941117201466,0,0,0,b02d24b93c1255ad
42,telemetry_fault,omni_k8s_throughput_no_gate,1.0000000000000002,0.0,0.0,0.0,0.0,0.0,1.0,1.0237216390729662,0.0,5.0,1,104.48387363214343,25.805633590826506,110.91666666666669,25.583333333333325,0,3,0,0,0,18,72,9.0,2,7,2.0,0.4362511706950817,0.38289391428333763,0,0,0,32975b9f0aa00d61
42,telemetry_fault,omni_observe,0.9999999999999996,0.3611111111111111,0.9027777777777778,0.3194444444444444,0.041666666666666664,0.0,0.09722222222222222,773.3826133793128,3035.1322233554797,130.0,1,142.51093763518182,37.169999999999995,107.33333333333336,33.166666666666664,61,8,0,0,0,256,0,110.0,52,58,54.0,0.1541340973832359,0.9761726933566026,57,39,0,238f648dfc0b141b
42,telemetry_fault,omni_pipeline,1.0,0.0,0.0,0.0,0.0,0.0,1.0,0.0,0.0,5.0,1,123.87904515422841,27.584697314942755,128.66666666666669,43.333333333333336,0,1,0,0,0,48,72,11.0,4,7,5.0,0.29400000000000004,0.42903098939608364,0,0,0,d8a07a64771c4940
42,telemetry_fault,omni_direct,1.0,0.0,0.0,0.0,0.0,0.0,1.0,0.0,0.0,5.0,1,126.1150107232285,25.805633590826506,153.41666666666674,68.08333333333336,0,12,0,0,0,25,72,15.0,12,3,3.0,0.29400000000000004,0.41600502009628915,0,0,0,5717c45b26f8ada6
42,telemetry_fault,omni_direct_no_dynamics,1.0,0.0,0.0,0.0,0.0,0.0,1.0,0.0,0.0,5.0,1,126.9328175898952,25.805633590826506,155.83333333333331,70.5,0,0,0,0,0,13,72,7.0,7,0,0.0,0.29400000000000004,0.430797747038864,0,0,0,30fa9b6584a753e2
42,telemetry_fault,omni_direct_no_shield,1.0,0.0,0.0,0.0,0.0,0.0,1.0,0.0,0.0,5.0,1,126.1150107232285,25.805633590826506,153.41666666666674,68.08333333333336,0,12,0,0,0,25,72,15.0,12,3,3.0,0.29400000000000004,0.41600502009628915,0,0,0,5717c45b26f8ada6
42,telemetry_fault,omni_kill,0.9998090050080556,0.0,0.19444444444444445,0.0,0.0,0.0,0.8055555555555556,4.9969680725595005,35.208208834991716,10.0,1,114.70374048184647,25.805633590826506,116.08333333333326,30.666666666666643,14,14,0,0,0,72,36,35.0,14,21,14.0,0.29400000000000004,0.49358514581111734,4,4,0,04d66ae7c1e4c6bc
42,telemetry_fault,omni_switch_on,1.0000000000000002,0.0,0.18055555555555555,0.0,0.0,0.0,0.8194444444444444,6.674749558132394,34.29424382681936,5.0,1,120.35833623882304,26.01744031871752,100.83333333333331,25.166666666666664,13,15,0,0,0,76,38,37.0,16,21,18.0,0.29400000000000004,0.4466768002633925,2,2,0,d77493aae2f03ebb
43,telemetry_fault,native,0.9999999999999999,0.2777777777777778,0.875,0.25,0.027777777777777776,0.0,0.08333333333333333,431.6852262192691,1981.0083538886893,360,0,134.96546367129014,36.066054209732066,109.66666666666671,41.83333333333334,59,4,0,0,0,240,0,104.0,56,48,48.0,0.07211329987548121,0.978492547030742,43,30,0,4b80be009fc732ef
43,telemetry_fault,k8s_ref_50,1.0,0.0,0.0,0.0,0.0,0.0,1.0,0.0,0.0,5.0,1,148.94497241098978,27.53627857396658,112.66666666666661,34.916666666666686,0,0,0,0,0,36,0,5.0,0,5,0.0,0.0,0.5620148111833242,0,0,0,8d163be7afefc433
43,telemetry_fault,k8s_ref_60,1.0,0.0,0.0,0.0,0.0,0.0,1.0,0.0,0.0,5.0,1,152.04640574432312,27.53627857396658,120.00000000000013,42.24999999999999,0,1,0,0,0,33,0,0.0,0,0,0.0,0.0,0.5302338257807209,0,0,0,3863b333b4a1acce
43,telemetry_fault,k8s_ref_70,1.0,0.0,0.0,0.0,0.0,0.0,1.0,0.0,0.0,5.0,1,152.04640574432312,27.53627857396658,120.00000000000013,42.24999999999999,0,2,0,0,0,34,0,0.0,0,0,0.0,0.0,0.5302338257807209,0,0,0,78578cf4715e4734
43,telemetry_fault,k8s_ref_80,1.0,0.0,0.0,0.0,0.0,0.0,1.0,0.0,0.0,5.0,1,152.04640574432312,27.53627857396658,120.00000000000013,42.24999999999999,0,2,0,0,0,34,0,0.0,0,0,0.0,0.0,0.5302338257807209,0,0,0,ebd021f101931d62
43,telemetry_fault,omni_k8s_protect,1.0,0.0,0.0,0.0,0.0,0.0,1.0,0.0,0.0,5.0,1,118.47113021891384,24.50620258864088,154.0833333333334,76.33333333333336,0,4,0,0,0,14,72,14.0,12,2,2.0,0.29400000000000004,0.3897256297892574,0,0,0,1d8af0009bc60d07
43,telemetry_fault,omni_k8s_throughput,1.0,0.0,0.0,0.0,0.0,0.0,1.0,0.0,0.0,5.0,1,97.60186130931207,24.50620258864088,112.99999999999996,35.25000000000001,0,1,0,0,0,8,72,4.0,0,4,0.0,0.35,0.3435021143086383,0,0,0,49f950827427b19b
43,telemetry_fault,omni_k8s_observe,1.0,0.0,0.0,0.0,0.0,0.0,1.0,0.0,0.0,5.0,1,152.04640574432312,27.53627857396658,120.00000000000013,42.24999999999999,0,2,0,0,0,34,0,0.0,0,0,0.0,0.0,0.5302338257807209,0,0,0,78578cf4715e4734
43,telemetry_fault,omni_k8s_kill,1.0,0.0,0.0,0.0,0.0,0.0,1.0,0.0,0.0,5.0,1,117.96989375224713,24.50620258864088,152.16666666666666,74.41666666666667,0,0,0,0,0,8,28,6.0,6,0,0.0,0.29400000000000004,0.3930879468362972,0,0,0,d606f247857b136e
43,telemetry_fault,omni_k8s_throughput_no_dynamics,1.0,0.0,0.0,0.0,0.0,0.0,1.0,0.0,0.0,5.0,1,99.54492797597871,24.50620258864088,120.00000000000013,42.24999999999999,0,0,0,0,0,3,72,0.0,0,0,0.0,0.35,0.3284395271307633,0,0,0,4f8c95a8fc8e253c
43,telemetry_fault,omni_k8s_throughput_no_gate,1.0,0.0,0.0,0.0,0.0,0.0,1.0,0.0,0.0,5.0,1,94.10434130931205,24.50620258864088,100.74999999999997,23.000000000000014,0,0,0,0,0,11,72,7.0,0,7,0.0,0.35,0.3359947172551633,0,0,0,561fbf3278f49827
43,telemetry_fault,omni_observe,0.9999999999999999,0.2777777777777778,0.875,0.25,0.027777777777777776,0.0,0.08333333333333333,431.6852262192691,1981.0083538886893,360,0,134.96546367129014,36.066054209732066,109.66666666666671,41.83333333333334,59,4,0,0,0,240,0,104.0,56,48,48.0,0.07211329987548121,0.978492547030742,43,30,0,4b80be009fc732ef
43,telemetry_fault,omni_pipeline,1.0,0.0,0.0,0.0,0.0,0.0,1.0,0.0,0.0,5.0,1,111.72587802643525,26.101536366989407,115.83333333333336,38.083333333333314,0,0,0,0,0,28,72,5.0,0,5,0.0,0.29400000000000004,0.3903395312087715,0,0,0,6e32a7523bfb6a91
43,telemetry_fault,omni_direct,1.0,0.0,0.0,0.0,0.0,0.0,1.0,0.0,0.0,5.0,1,113.5115272855805,24.50620258864088,138.08333333333334,60.33333333333334,0,8,0,0,0,15,72,10.0,8,2,2.0,0.29400000000000004,0.3722853150691565,0,0,0,1d81329fbff07565
43,telemetry_fault,omni_direct_no_dynamics,1.0,0.0,0.0,0.0,0.0,0.0,1.0,0.0,0.0,5.0,1,114.59314281891386,24.50620258864088,141.33333333333331,63.583333333333336,0,0,0,0,0,7,72,4.0,4,0,0.0,0.29400000000000004,0.3822269239083429,0,0,0,8ad417ce94eed559
43,telemetry_fault,omni_direct_no_shield,1.0,0.0,0.0,0.0,0.0,0.0,1.0,0.0,0.0,5.0,1,113.5115272855805,24.50620258864088,138.08333333333334,60.33333333333334,0,8,0,0,0,15,72,10.0,8,2,2.0,0.29400000000000004,0.3722853150691565,0,0,0,1d81329fbff07565
43,telemetry_fault,omni_kill,0.9999999999999999,0.0,0.18055555555555555,0.0,0.0,0.0,0.8194444444444444,2.1320811715821497,10.898955264786574,5.0,1,102.14137375224712,24.50620258864088,101.0,23.249999999999975,13,12,0,0,0,74,28,26.0,9,17,9.0,0.29400000000000004,0.43413081763309336,3,3,0,4989808fe0b7fe52
43,telemetry_fault,omni_switch_on,1.0000000000000002,0.0,0.125,0.0,0.0,0.0,0.875,3.7621565807002324,26.51506353419624,5.0,1,111.71894723254437,24.50620258864088,105.9166666666666,34.916666666666664,9,15,0,0,0,68,46,34.0,15,19,15.5,0.41170508960749186,0.4083402130020035,2,2,0,4c81405e2b4c3c67
44,telemetry_fault,native,1.0000000000000007,0.25,0.7638888888888888,0.25,0.0,0.0,0.2222222222222222,493.84822935231267,2118.8896786960927,80.0,1,133.3343965911942,34.23299880129915,101.66666666666664,32.833333333333336,51,4,0,0,0,218,0,110.0,49,61,49.0,0.09585942796959968,0.9473517456166812,50,35,0,2fdc1e720f0be47a
44,telemetry_fault,k8s_ref_50,1.0,0.0,0.0,0.0,0.0,0.0,1.0,0.0,0.0,5.0,1,148.85972133980997,27.81406455255515,108.99999999999999,30.25,0,0,0,0,0,44,0,5.0,0,5,0.0,0.0,0.5708850691806733,0,0,0,dc736264adf32c4c
44,telemetry_fault,k8s_ref_60,1.0,0.0,0.0,0.0,0.0,0.0,1.0,0.0,0.0,5.0,1,153.6052880064766,28.20958613898353,120.00000000000013,41.249999999999986,0,1,0,0,0,36,0,0.0,0,0,0.0,0.0,0.5496725269375975,0,0,0,bea3bb15deb4df40
44,telemetry_fault,k8s_ref_70,1.0,0.0,0.0,0.0,0.0,0.0,1.0,0.0,0.0,5.0,1,153.6052880064766,28.20958613898353,120.00000000000013,41.249999999999986,0,3,0,0,0,40,0,0.0,0,0,0.0,0.0,0.5496725269375975,0,0,0,a38df3765cb13623
44,telemetry_fault,k8s_ref_80,1.0,0.0,0.0,0.0,0.0,0.0,1.0,0.0,0.0,5.0,1,153.6052880064766,28.20958613898353,120.00000000000013,41.249999999999986,0,3,0,0,0,40,0,0.0,0,0,0.0,0.0,0.5496725269375975,0,0,0,49405c3881eb39cc
44,telemetry_fault,omni_k8s_protect,1.0,0.0,0.0,0.0,0.0,0.0,1.0,0.0,0.0,5.0,1,121.00052137595812,23.603043947713527,158.74999999999994,79.99999999999997,0,4,0,0,0,17,72,15.0,13,2,2.0,0.29400000000000004,0.4164848955600442,0,0,0,0051319e97c03fa0
44,telemetry_fault,omni_k8s_throughput,1.0,0.0,0.0,0.0,0.0,0.0,1.0,0.0,0.0,5.0,1,98.68594598601813,23.603043947713527,113.33333333333329,34.58333333333334,0,2,0,0,0,9,72,4.0,0,4,0.0,0.35,0.3547546240049333,0,0,0,d22de3fe9fea8341
44,telemetry_fault,omni_k8s_observe,1.0,0.0,0.0,0.0,0.0,0.0,1.0,0.0,0.0,5.0,1,153.6052880064766,28.20958613898353,120.00000000000013,41.249999999999986,0,3,0,0,0,40,0,0.0,0,0,0.0,0.0,0.5496725269375975,0,0,0,a38df3765cb13623
44,telemetry_fault,omni_k8s_kill,1.0,0.0,0.0,0.0,0.0,0.0,1.0,0.0,0.0,5.0,1,120.68395097595813,23.603043947713527,157.41666666666666,78.66666666666661,0,0,0,0,0,9,33,7.0,7,0,0.0,0.29400000000000004,0.41291914664717233,0,0,0,03d681f023d7d6d7
44,telemetry_fault,omni_k8s_throughput_no_dynamics,1.0,0.0,0.0,0.0,0.0,0.0,1.0,0.0,0.0,5.0,1,100.53185931935143,23.603043947713527,120.00000000000013,41.249999999999986,0,0,0,0,0,3,72,0.0,0,0,0.0,0.35,0.34191717956594136,0,0,0,0255abed7197d6c6
44,telemetry_fault,omni_k8s_throughput_no_gate,0.9999399912202597,0.0,0.0,0.0,0.0,0.0,1.0,0.07552352545718577,0.0,5.0,1,95.08737998892624,23.603043947713527,100.83333333333331,22.08333333333334,0,1,0,0,0,20,72,8.0,1,7,1.0,0.3570169914506638,0.3453476664707791,0,0,0,31307b03f6decd8d
44,telemetry_fault,omni_observe,1.0000000000000007,0.25,0.7638888888888888,0.25,0.0,0.0,0.2222222222222222,493.84822935231267,2118.8896786960927,80.0,1,133.3343965911942,34.23299880129915,101.66666666666664,32.833333333333336,51,4,0,0,0,218,0,110.0,49,61,49.0,0.09585942796959968,0.9473517456166812,50,35,0,2fdc1e720f0be47a
44,telemetry_fault,omni_pipeline,1.0,0.0,0.0,0.0,0.0,0.0,1.0,0.0,0.0,5.0,1,113.96056275713515,26.947197346252473,117.33333333333339,38.58333333333333,0,0,0,0,0,24,72,4.0,0,4,0.0,0.29400000000000004,0.4278691232937306,0,0,0,46e9c4eb4463839c
44,telemetry_fault,omni_direct,1.0,0.0,0.0,0.0,0.0,0.0,1.0,0.0,0.0,5.0,1,116.67405924262479,23.603043947713527,144.7499999999999,66.0,0,8,0,0,0,21,72,11.0,9,2,2.0,0.29400000000000004,0.3929755662059984,0,0,0,61d2b69405842687
44,telemetry_fault,omni_direct_no_dynamics,1.0,0.0,0.0,0.0,0.0,0.0,1.0,0.0,0.0,5.0,1,117.38634264262477,23.603043947713527,146.83333333333331,68.08333333333333,0,0,0,0,0,11,72,5.0,5,0,0.0,0.29400000000000004,0.40223055170240085,0,0,0,f04d6a79e8369c3f
44,telemetry_fault,omni_direct_no_shield,1.0,0.0,0.0,0.0,0.0,0.0,1.0,0.0,0.0,5.0,1,116.67405924262479,23.603043947713527,144.7499999999999,66.0,0,8,0,0,0,21,72,11.0,9,2,2.0,0.29400000000000004,0.3929755662059984,0,0,0,61d2b69405842687
44,telemetry_fault,omni_kill,0.9999727672612261,0.0,0.20833333333333334,0.0,0.0,0.0,0.7916666666666666,3.2087111878047887,12.36969354905368,55.0,1,105.43389130867168,23.603043947713527,108.08333333333336,29.249999999999968,15,14,0,0,0,77,33,33.0,13,20,13.0,0.29400000000000004,0.46316515414552295,3,3,0,9c4a671dafb43d77
44,telemetry_fault,omni_switch_on,1.0000000000000002,0.0,0.1388888888888889,0.0,0.0,0.0,0.8611111111111112,4.133172202020142,31.495876025961813,5.0,1,112.14396366580353,23.746582855148795,101.66666666666659,31.41666666666667,10,15,0,0,0,70,41,32.0,13,19,15.0,0.29400000000000004,0.41574978204232615,2,2,0,b3db341c679a1997
45,telemetry_fault,native,0.9999999999999993,0.2222222222222222,0.7638888888888888,0.16666666666666666,0.05555555555555555,0.0,0.20833333333333334,372.2054446375828,2073.6194923170974,160.0,1,130.31976441359717,36.73354968593733,100.1666666666667,32.91666666666666,50,4,0,0,0,222,0,88.0,42,46,42.0,0.1428901268800773,0.929288891272862,37,24,0,98714b526da869e8
45,telemetry_fault,k8s_ref_50,1.0,0.0,0.0,0.0,0.0,0.0,1.0,0.0,0.0,5.0,1,145.64073294494847,28.442688168944233,107.33333333333337,30.749999999999996,0,0,0,0,0,40,0,5.0,0,5,0.0,0.0,0.5848741465851134,0,0,0,989803c0adcefd3d
45,telemetry_fault,k8s_ref_60,1.0,0.0,0.0,0.0,0.0,0.0,1.0,0.0,0.0,5.0,1,151.13363294494854,28.891088168944226,120.00000000000013,43.41666666666667,0,1,0,0,0,33,0,0.0,0,0,0.0,0.0,0.5633114085417656,0,0,0,eff22672405d3377
45,telemetry_fault,k8s_ref_70,1.0,0.0,0.0,0.0,0.0,0.0,1.0,0.0,0.0,5.0,1,151.13363294494854,28.891088168944226,120.00000000000013,43.41666666666667,0,2,0,0,0,34,0,0.0,0,0,0.0,0.0,0.5633114085417656,0,0,0,73a7fe4c2f020e56
45,telemetry_fault,k8s_ref_80,1.0,0.0,0.0,0.0,0.0,0.0,1.0,0.0,0.0,5.0,1,151.13363294494854,28.891088168944226,120.00000000000013,43.41666666666667,0,2,0,0,0,34,0,0.0,0,0,0.0,0.0,0.5633114085417656,0,0,0,46facc069ba01cc3
45,telemetry_fault,omni_k8s_protect,1.0,0.0,0.0,0.0,0.0,0.0,1.0,0.0,0.0,5.0,1,119.14961866357477,23.58709405882126,158.24999999999994,81.66666666666667,0,2,0,0,0,13,72,13.0,11,2,2.0,0.29400000000000004,0.4272537720966975,0,0,0,b5669121c2dfabf4
45,telemetry_fault,omni_k8s_throughput,1.0,0.0,0.0,0.0,0.0,0.0,1.0,0.0,0.0,5.0,1,96.88459832426545,23.58709405882126,112.66666666666663,36.08333333333333,0,1,0,0,0,10,72,4.0,0,4,0.0,0.35,0.36690516779834653,0,0,0,612e1b41ce39e0a8
45,telemetry_fault,omni_k8s_observe,1.0,0.0,0.0,0.0,0.0,0.0,1.0,0.0,0.0,5.0,1,151.13363294494854,28.891088168944226,120.00000000000013,43.41666666666667,0,2,0,0,0,34,0,0.0,0,0,0.0,0.0,0.5633114085417656,0,0,0,73a7fe4c2f020e56
45,telemetry_fault,omni_k8s_kill,1.0,0.0,0.0,0.0,0.0,0.0,1.0,0.0,0.0,5.0,1,114.03173053024146,23.58709405882126,141.66666666666666,65.08333333333333,0,1,0,0,0,9,12,4.0,4,0,0.0,0.29400000000000004,0.4075786058205327,0,0,0,83e0d0c415ba84e1
45,telemetry_fault,omni_k8s_throughput_no_dynamics,1.0,0.0,0.0,0.0,0.0,0.0,1.0,0.0,0.0,5.0,1,98.94176620543583,23.58709405882126,120.00000000000013,43.41666666666667,0,0,0,0,0,5,72,0.0,0,0,0.0,0.3577220694194069,0.35067881984563015,0,0,0,96f5a88b7a18ae95
45,telemetry_fault,omni_k8s_throughput_no_gate,1.0,0.0,0.0,0.0,0.0,0.0,1.0,0.0,0.0,5.0,1,93.48423165759885,23.58709405882126,100.74999999999997,24.16666666666666,0,0,0,0,0,20,72,7.0,0,7,0.0,0.35,0.3568032658569253,0,0,0,ec0a539972e007e3
45,telemetry_fault,omni_observe,0.9999999999999993,0.2222222222222222,0.7638888888888888,0.16666666666666666,0.05555555555555555,0.0,0.20833333333333334,372.2054446375828,2073.6194923170974,160.0,1,130.31976441359717,36.73354968593733,100.1666666666667,32.91666666666666,50,4,0,0,0,222,0,88.0,42,46,42.0,0.1428901268800773,0.929288891272862,37,24,0,98714b526da869e8
45,telemetry_fault,omni_pipeline,1.0,0.0,0.0,0.0,0.0,0.0,1.0,0.0,0.0,5.0,1,111.67297026736586,26.71746884382037,116.25000000000003,39.66666666666667,0,0,0,0,0,28,72,5.0,0,5,0.0,0.29400000000000004,0.432250230859549,0,0,0,9fdc75d0373f70a8
45,telemetry_fault,omni_direct,1.0,0.0,0.0,0.0,0.0,0.0,1.0,0.0,0.0,5.0,1,115.87839119690808,23.58709405882126,147.66666666666666,71.08333333333333,0,8,0,0,0,15,72,10.0,8,2,2.0,0.29400000000000004,0.4055373996532468,0,0,0,bad12bab7199d22d
45,telemetry_fault,omni_direct_no_dynamics,1.0,0.0,0.0,0.0,0.0,0.0,1.0,0.0,0.0,5.0,1,115.16610779690811,23.58709405882126,145.33333333333331,68.75000000000001,0,0,0,0,0,9,72,5.0,5,0,0.0,0.29400000000000004,0.41141958404011,0,0,0,51ef6c69d03cc4ad
45,telemetry_fault,omni_direct_no_shield,1.0,0.0,0.0,0.0,0.0,0.0,1.0,0.0,0.0,5.0,1,115.87839119690808,23.58709405882126,147.66666666666666,71.08333333333333,0,8,0,0,0,15,72,10.0,8,2,2.0,0.29400000000000004,0.4055373996532468,0,0,0,bad12bab7199d22d
45,telemetry_fault,omni_kill,0.9998649757881269,0.0,0.2361111111111111,0.0,0.0,0.0,0.7638888888888888,6.1318500735902495,44.86941203035185,5.0,1,97.9828858271884,23.58709405882126,90.00000000000001,13.250000000000021,17,20,0,0,0,99,12,36.0,14,22,14.0,0.29400000000000004,0.3887064772701548,3,3,0,ac88bef183981ece
45,telemetry_fault,omni_switch_on,1.0,0.0,0.08333333333333333,0.0,0.0,0.0,0.9166666666666666,3.1088640374207634,6.01759358075357,5.0,1,113.53222621420335,23.58709405882126,125.24999999999993,50.33333333333329,6,5,0,0,0,42,62,24.0,9,15,11.0,0.36242070443781693,0.4302887880875898,2,2,0,d476ce59ea2d950e
46,telemetry_fault,native,0.9999999999999998,0.0,0.19444444444444445,0.0,0.0,0.0,0.8055555555555556,57.65853487373421,419.3968468261732,30.0,1,102.40253377742904,25.370253362316056,64.41666666666663,7.916666666666666,14,4,0,0,0,116,0,46.0,17,29,17.0,0.0,0.5679179889959812,3,3,0,14545eb813ce6686
46,telemetry_fault,k8s_ref_50,1.0,0.0,0.0,0.0,0.0,0.0,1.0,0.0,0.0,5.0,1,126.60127156155231,24.511222187110334,95.83333333333327,29.416666666666636,0,0,0,0,0,12,0,7.0,0,7,0.0,0.0,0.48765014223006586,0,0,0,e7a79146a97e874f
46,telemetry_fault,k8s_ref_60,1.0,0.0,0.0,0.0,0.0,0.0,1.0,0.0,0.0,5.0,1,137.17603822821903,25.33021721892273,120.00000000000013,53.58333333333335,0,2,0,0,0,6,0,0.0,0,0,0.0,0.0,0.4832436808712245,0,0,0,ecd96e0a1e04587e
46,telemetry_fault,k8s_ref_70,1.0,0.0,0.0,0.0,0.0,0.0,1.0,0.0,0.0,5.0,1,137.17603822821903,25.33021721892273,120.00000000000013,53.58333333333335,0,2,0,0,0,6,0,0.0,0,0,0.0,0.0,0.4832436808712245,0,0,0,3abda63ad934207a
46,telemetry_fault,k8s_ref_80,1.0,0.0,0.0,0.0,0.0,0.0,1.0,0.0,0.0,5.0,1,137.17603822821903,25.33021721892273,120.00000000000013,53.58333333333335,0,2,0,0,0,6,0,0.0,0,0,0.0,0.0,0.4832436808712245,0,0,0,2cf5884f8f2b3af8
46,telemetry_fault,omni_k8s_protect,1.0,0.0,0.0,0.0,0.0,0.0,1.0,0.0,0.0,5.0,1,99.45506216217578,21.41594719945094,126.66666666666663,60.249999999999964,0,1,0,0,0,6,72,3.0,2,1,1.0,0.29400000000000004,0.3384113361655767,0,0,0,0f854afbaa30334c
46,telemetry_fault,omni_k8s_throughput,1.0,0.0,0.0,0.0,0.0,0.0,1.0,0.0,0.0,5.0,1,87.65168330832631,21.41594719945094,112.3333333333333,45.91666666666671,0,1,0,0,0,8,72,4.0,0,4,0.0,0.35,0.3170950458792865,0,0,0,7ecce0161987645e
46,telemetry_fault,omni_k8s_observe,1.0,0.0,0.0,0.0,0.0,0.0,1.0,0.0,0.0,5.0,1,137.17603822821903,25.33021721892273,120.00000000000013,53.58333333333335,0,2,0,0,0,6,0,0.0,0,0,0.0,0.0,0.4832436808712245,0,0,0,3abda63ad934207a
46,telemetry_fault,omni_k8s_kill,1.0,0.0,0.0,0.0,0.0,0.0,1.0,0.0,0.0,5.0,1,100.03544122884249,21.41594719945094,128.5833333333332,62.16666666666666,0,0,0,0,0,5,29,2.0,2,0,0.0,0.29400000000000004,0.3333937440277357,0,0,0,dada01caf4fb3a79
46,telemetry_fault,omni_k8s_throughput_no_dynamics,1.0,0.0,0.0,0.0,0.0,0.0,1.0,0.0,0.0,5.0,1,89.7890566416597,21.41594719945094,120.00000000000013,53.58333333333335,0,0,0,0,0,3,72,0.0,0,0,0.0,0.35,0.30070400699653854,0,0,0,e796a4bd9c2e6f71
46,telemetry_fault,omni_k8s_throughput_no_gate,1.0,0.0,0.0,0.0,0.0,0.0,1.0,0.0,0.0,5.0,1,84.34846997499302,21.41594719945094,100.74999999999997,34.33333333333335,0,1,0,0,0,12,72,7.0,0,7,0.0,0.35,0.31168662582925355,0,0,0,217102f3cf5a5490
46,telemetry_fault,omni_observe,0.9999999999999998,0.0,0.19444444444444445,0.0,0.0,0.0,0.8055555555555556,57.65853487373421,419.3968468261732,30.0,1,102.40253377742904,25.370253362316056,64.41666666666663,7.916666666666666,14,4,0,0,0,116,0,46.0,17,29,17.0,0.0,0.5679179889959812,3,3,0,14545eb813ce6686
46,telemetry_fault,omni_pipeline,1.0,0.0,0.0,0.0,0.0,0.0,1.0,0.0,0.0,5.0,1,100.55555465059594,23.820791005664418,110.00000000000001,43.58333333333334,0,0,0,0,0,45,72,6.0,0,6,0.0,0.29400000000000004,0.4454421715566482,0,0,0,49811fad46bec224
46,telemetry_fault,omni_direct,1.0,0.0,0.0,0.0,0.0,0.0,1.0,0.0,0.0,5.0,1,98.87468309550913,21.41594719945094,124.83333333333334,58.41666666666666,0,4,0,0,0,8,72,3.0,2,1,1.0,0.29400000000000004,0.3351137755298135,0,0,0,8e4af9f007453a98
46,telemetry_fault,omni_direct_no_dynamics,1.0,0.0,0.0,0.0,0.0,0.0,1.0,0.0,0.0,5.0,1,100.43115422884249,21.41594719945094,129.8333333333332,63.41666666666665,0,0,0,0,0,4,72,2.0,2,0,0.0,0.29400000000000004,0.3400084954646697,0,0,0,b44d79183bd60961
46,telemetry_fault,omni_direct_no_shield,1.0,0.0,0.0,0.0,0.0,0.0,1.0,0.0,0.0,5.0,1,98.87468309550913,21.41594719945094,124.83333333333334,58.41666666666666,0,4,0,0,0,8,72,3.0,2,1,1.0,0.29400000000000004,0.3351137755298135,0,0,0,8e4af9f007453a98
46,telemetry_fault,omni_kill,0.9999999999999998,0.0,0.16666666666666666,0.0,0.0,0.0,0.8333333333333334,2.2751758668802733,12.608655481441183,35.0,1,88.40147902884247,21.41594719945094,90.83333333333331,24.41666666666665,12,11,0,0,0,70,29,22.0,6,16,6.0,0.29400000000000004,0.392957480626551,3,3,0,4f782f63f5638e5d
46,telemetry_fault,omni_switch_on,1.0,0.0,0.06944444444444445,0.0,0.0,0.0,0.9305555555555556,1.0818486239805845,0.0,5.0,1,100.97010721412518,21.41594719945094,106.24999999999999,45.58333333333333,5,11,0,0,0,65,45,29.0,12,17,12.5,0.3824307053842859,0.3530354057164171,2,2,0,0a3c1f08d170fcfd
47,telemetry_fault,native,0.9999999999999999,0.2916666666666667,0.9444444444444444,0.2777777777777778,0.013888888888888888,0.0,0.027777777777777776,575.2334732166546,2394.2065689041015,360,0,138.31633028986624,36.098825959654235,94.75,18.999999999999996,85,8,0,0,0,254,0,116.0,56,60,56.0,0.09926370153807085,1.098635660449664,51,37,0,7462e1e600211092
47,telemetry_fault,k8s_ref_50,1.0,0.0,0.013888888888888888,0.0,0.0,0.0,0.9861111111111112,0.0,0.0,5.0,1,161.9864585310185,30.46972539849772,116.41666666666669,28.833333333333346,1,0,0,0,0,86,0,3.0,0,3,0.0,0.020000000000000018,0.6097705936330944,1,1,0,20f641e81972cd26
47,telemetry_fault,k8s_ref_60,1.0,0.0,0.0,0.0,0.0,0.0,1.0,0.0,0.0,5.0,1,163.45123186435188,30.46972539849772,120.00000000000013,32.41666666666667,0,1,0,0,0,79,0,0.0,0,0,0.0,0.020000000000000018,0.5944429686039037,0,0,0,9a5e36224dda1851
47,telemetry_fault,k8s_ref_70,1.0,0.0,0.0,0.0,0.0,0.0,1.0,0.0,0.0,5.0,1,163.45123186435188,30.46972539849772,120.00000000000013,32.41666666666667,0,2,0,0,0,80,0,0.0,0,0,0.0,0.020000000000000018,0.5944429686039037,0,0,0,11b5040b951b4b6c
47,telemetry_fault,k8s_ref_80,1.0,0.0,0.0,0.0,0.0,0.0,1.0,0.0,0.0,5.0,1,163.45123186435188,30.46972539849772,120.00000000000013,32.41666666666667,0,2,0,0,0,78,0,0.0,0,0,0.0,0.020000000000000018,0.5944429686039037,0,0,0,4cd72e59282da048
47,telemetry_fault,omni_k8s_protect,1.0,0.0,0.0,0.0,0.0,0.0,1.0,0.0,0.0,5.0,1,138.5366560248892,25.434503176158753,187.1666666666668,99.58333333333337,0,4,0,0,0,22,72,20.0,18,2,2.0,0.29400000000000004,0.47260979616034604,0,0,0,e2c3219c2699d38f
47,telemetry_fault,omni_k8s_throughput,1.0,0.0,0.0,0.0,0.0,0.0,1.0,0.0,0.0,5.0,1,106.68233841029283,25.434503176158753,113.33333333333329,25.750000000000007,0,0,0,0,0,16,72,4.0,0,4,0.0,0.35,0.38828362442888764,0,0,0,57b7355beff00094
47,telemetry_fault,omni_k8s_observe,1.0,0.0,0.0,0.0,0.0,0.0,1.0,0.0,0.0,5.0,1,163.45123186435188,30.46972539849772,120.00000000000013,32.41666666666667,0,2,0,0,0,80,0,0.0,0,0,0.0,0.020000000000000018,0.5944429686039037,0,0,0,11b5040b951b4b6c
47,telemetry_fault,omni_k8s_kill,1.0,0.0,0.0,0.0,0.0,0.0,1.0,0.0,0.0,5.0,1,137.61332569155587,25.434503176158753,183.9166666666666,96.33333333333334,0,0,0,0,0,15,30,12.0,12,0,0.0,0.29400000000000004,0.4760978352001587,0,0,0,71619dbbe74bc572
47,telemetry_fault,omni_k8s_throughput_no_dynamics,1.0,0.0,0.0,0.0,0.0,0.0,1.0,0.0,0.0,5.0,1,108.52825174362613,25.434503176158753,120.00000000000013,32.41666666666667,0,0,0,0,0,16,72,0.0,0,0,0.0,0.35,0.37529471732412845,0,0,0,aeeefbd24585e1be
47,telemetry_fault,omni_k8s_throughput_no_gate,1.0,0.0,0.0,0.0,0.0,0.0,1.0,0.70816760159182,0.0,5.0,1,105.39333284209985,25.434503176158753,108.58333333333336,20.91666666666666,0,4,0,0,0,27,72,9.0,2,7,2.0,0.4078172804267478,0.3850489495429763,0,0,0,09cf4683df7c2eec
47,telemetry_fault,omni_observe,0.9999999999999999,0.2916666666666667,0.9444444444444444,0.2777777777777778,0.013888888888888888,0.0,0.027777777777777776,575.2334732166546,2394.2065689041015,360,0,138.31633028986624,36.098825959654235,94.75,18.999999999999996,85,8,0,0,0,254,0,116.0,56,60,56.0,0.09926370153807085,1.098635660449664,51,37,0,7462e1e600211092
47,telemetry_fault,omni_pipeline,1.0,0.0,0.0,0.0,0.0,0.0,1.0,0.0,0.0,5.0,1,126.58161456716752,28.23279700933813,130.9166666666667,43.33333333333333,0,1,0,0,0,53,72,11.0,4,7,5.0,0.29400000000000004,0.4498485419085314,0,0,0,89dfdb29f7b1528a
47,telemetry_fault,omni_direct,1.0,0.0,0.0,0.0,0.0,0.0,1.0,0.0,0.0,5.0,1,127.24564509155586,25.434503176158753,150.75,63.16666666666667,0,8,0,0,0,17,72,11.0,9,2,2.0,0.29400000000000004,0.4326945803406851,0,0,0,be4f7083493f050f
47,telemetry_fault,omni_direct_no_dynamics,1.0,0.0,0.0,0.0,0.0,0.0,1.0,0.0,0.0,5.0,1,131.12363249155584,25.434503176158753,163.08333333333337,75.49999999999997,0,0,0,0,0,17,72,8.0,8,0,0.0,0.29400000000000004,0.4554754787095022,0,0,0,97a5af8f859b4591
47,telemetry_fault,omni_direct_no_shield,1.0,0.0,0.0,0.0,0.0,0.0,1.0,0.0,0.0,5.0,1,127.24564509155586,25.434503176158753,150.75,63.16666666666667,0,8,0,0,0,17,72,11.0,9,2,2.0,0.29400000000000004,0.4326945803406851,0,0,0,be4f7083493f050f
47,telemetry_fault,omni_kill,0.9997048129544492,0.0,0.16666666666666666,0.0,0.0,0.0,0.8333333333333334,2.88181096359082,10.258030188077797,60.0,1,115.56195740002663,25.434503176158753,112.83333333333336,25.166666666666636,12,10,0,0,0,73,30,28.0,11,17,11.0,0.29400000000000004,0.5072964070705956,2,2,0,23aba74da3889802
47,telemetry_fault,omni_switch_on,1.0,0.0,0.1388888888888889,0.0,0.0,0.0,0.8611111111111112,4.14829271767915,27.840965633488793,5.0,1,123.35446160933375,26.549999999999997,107.24999999999994,28.249999999999996,10,15,0,0,0,72,44,34.0,15,19,16.0,0.29400000000000004,0.4666562972626842,2,2,0,e9a56038db6912ea
48,telemetry_fault,native,1.0,0.19444444444444445,0.7083333333333334,0.19444444444444445,0.0,0.0,0.2916666666666667,321.78883062274895,1513.1177072141775,5.0,1,126.58338956623187,30.952478724389362,94.49999999999999,28.75,40,4,0,0,0,192,0,107.0,44,63,47.5,0.020000000000000018,0.8464771873294766,35,27,0,4438fb3a7aa64be3
48,telemetry_fault,k8s_ref_50,1.0,0.0,0.0,0.0,0.0,0.0,1.0,0.0,0.0,5.0,1,141.19897294973504,26.73100106359384,103.75000000000006,28.83333333333334,0,0,0,0,0,17,0,6.0,0,6,0.0,0.0,0.5479197032894825,0,0,0,5e0dd83593293184
48,telemetry_fault,k8s_ref_60,1.0,0.0,0.0,0.0,0.0,0.0,1.0,0.0,0.0,5.0,1,148.26127294973497,27.62780106359384,120.00000000000013,45.08333333333334,0,1,0,0,0,24,0,0.0,0,0,0.0,0.0,0.5346595502904538,0,0,0,77eed968607bf6ad
48,telemetry_fault,k8s_ref_70,1.0,0.0,0.0,0.0,0.0,0.0,1.0,0.0,0.0,5.0,1,148.26127294973497,27.62780106359384,120.00000000000013,45.08333333333334,0,4,0,0,0,28,0,0.0,0,0,0.0,0.0,0.5346595502904538,0,0,0,9be7a55b0eb80b7d
48,telemetry_fault,k8s_ref_80,1.0,0.0,0.0,0.0,0.0,0.0,1.0,0.0,0.0,5.0,1,148.26127294973497,27.62780106359384,120.00000000000013,45.08333333333334,0,4,0,0,0,28,0,0.0,0,0,0.0,0.0,0.5346595502904538,0,0,0,51f218ce16a80a0a
48,telemetry_fault,omni_k8s_protect,1.0,0.0,0.0,0.0,0.0,0.0,1.0,0.0,0.0,5.0,1,114.98045061691911,23.40620875127219,151.4166666666668,76.50000000000001,0,4,0,0,0,13,72,12.0,10,2,2.0,0.29400000000000004,0.3914735744651814,0,0,0,e42812f98149032d
48,telemetry_fault,omni_k8s_throughput,1.0,0.0,0.0,0.0,0.0,0.0,1.0,0.0,0.0,5.0,1,95.01228850590653,23.40620875127219,112.66666666666663,37.74999999999999,0,1,0,0,0,8,72,4.0,0,4,0.0,0.35,0.3475696439899607,0,0,0,5c5788bab9ff2699
48,telemetry_fault,omni_k8s_observe,1.0,0.0,0.0,0.0,0.0,0.0,1.0,0.0,0.0,5.0,1,148.26127294973497,27.62780106359384,120.00000000000013,45.08333333333334,0,4,0,0,0,28,0,0.0,0,0,0.0,0.0,0.5346595502904538,0,0,0,9be7a55b0eb80b7d
48,telemetry_fault,omni_k8s_kill,1.0,0.0,0.0,0.0,0.0,0.0,1.0,0.0,0.0,5.0,1,112.02579355025237,23.40620875127219,141.75,66.83333333333331,0,1,0,0,0,8,15,4.0,4,0,0.0,0.29400000000000004,0.3871510334212085,0,0,0,89ace4ee0d4c7f03
48,telemetry_fault,omni_k8s_throughput_no_dynamics,1.0,0.0,0.0,0.0,0.0,0.0,1.0,0.0,0.0,5.0,1,97.0525085059065,23.40620875127219,120.00000000000013,45.08333333333334,0,0,0,0,0,3,72,0.0,0,0,0.0,0.35,0.33229374882365115,0,0,0,8b77f1240723b6c8
48,telemetry_fault,omni_k8s_throughput_no_gate,1.0,0.0,0.0,0.0,0.0,0.0,1.0,0.0,0.0,5.0,1,91.61192183923984,23.40620875127219,100.74999999999997,25.83333333333333,0,2,0,0,0,13,72,7.0,0,7,0.0,0.35,0.340946674920962,0,0,0,fb354f4a0a537785
48,telemetry_fault,omni_observe,1.0,0.19444444444444445,0.7083333333333334,0.19444444444444445,0.0,0.0,0.2916666666666667,321.78883062274895,1513.1177072141775,5.0,1,126.58338956623187,30.952478724389362,94.49999999999999,28.75,40,4,0,0,0,192,0,107.0,44,63,47.5,0.020000000000000018,0.8464771873294766,35,27,0,4438fb3a7aa64be3
48,telemetry_fault,omni_pipeline,1.0,0.0,0.0,0.0,0.0,0.0,1.0,0.0,0.0,5.0,1,108.8645605910057,25.507445795301035,113.99999999999996,39.0833333333333,0,0,0,0,0,34,72,4.0,0,4,0.0,0.29400000000000004,0.4114959937126159,0,0,0,31dcad2894fd26c7
48,telemetry_fault,omni_direct,1.0,0.0,0.0,0.0,0.0,0.0,1.0,0.0,0.0,5.0,1,111.86750835025235,23.40620875127219,141.33333333333337,66.41666666666666,0,8,0,0,0,17,72,9.0,7,2,2.0,0.29400000000000004,0.3810378050163371,0,0,0,afe075120da37117
48,telemetry_fault,omni_direct_no_dynamics,1.0,0.0,0.0,0.0,0.0,0.0,1.0,0.0,0.0,5.0,1,113.2393134169191,23.40620875127219,145.66666666666663,70.75000000000004,0,0,0,0,0,9,72,5.0,5,0,0.0,0.29400000000000004,0.38984419511752955,0,0,0,26292abe49f048bc
48,telemetry_fault,omni_direct_no_shield,1.0,0.0,0.0,0.0,0.0,0.0,1.0,0.0,0.0,5.0,1,111.86750835025235,23.40620875127219,141.33333333333337,66.41666666666666,0,8,0,0,0,17,72,9.0,7,2,2.0,0.29400000000000004,0.3810378050163371,0,0,0,afe075120da37117
48,telemetry_fault,omni_kill,1.0000000000000002,0.0,0.20833333333333334,0.0,0.0,0.0,0.7916666666666666,7.284645759430524,52.20778816257046,50.0,1,95.85432228358572,23.40620875127219,89.58333333333336,14.500000000000014,15,13,0,0,0,92,15,31.0,11,20,11.0,0.29400000000000004,0.38837633022266027,3,3,0,665c8e5aa4d0c604
48,telemetry_fault,omni_switch_on,1.0,0.0,0.08333333333333333,0.0,0.0,0.0,0.9166666666666666,0.6835167803591433,0.0,5.0,1,111.74234688173838,23.40620875127219,124.25000000000006,52.08333333333334,6,9,0,0,0,48,59,28.0,12,16,12.0,0.31719237547440016,0.40200692845044017,2,2,0,5a41222015646fbe
49,kubernetes_terraform_conflict,native,1.0,0.4861111111111111,0.9166666666666666,0.375,0.2916666666666667,0.2916666666666667,0.05555555555555555,2986.3463009901875,11217.389983515144,360,0,191.03617414498206,56.50643875775097,133.33333333333331,17.58333333333333,106,8,0,0,0,323,0,105.0,48,57,46.5,0.42716919159609756,1.2778413148942267,55,41,0,54250d93a09367db
49,kubernetes_terraform_conflict,k8s_ref_50,1.0000000000000002,0.4583333333333333,0.4583333333333333,0.2777777777777778,0.3611111111111111,0.3611111111111111,0.4166666666666667,1519.2306288915145,6506.409243705022,130.0,1,222.8159915115026,62.577987673938004,185.08333333333334,58.249999999999986,35,2,0,6,3,235,0,34.0,19,15,14.5,1.3172681388790526,1.0666407337856234,33,23,0,ca47071153f3722e
49,kubernetes_terraform_conflict,k8s_ref_60,1.0,0.4861111111111111,0.4861111111111111,0.2916666666666667,0.4027777777777778,0.375,0.2638888888888889,1508.5714860546238,6435.059978131126,185.0,1,230.61140662121986,62.910547564820945,205.74999999999974,78.83333333333331,34,2,0,7,4,216,0,22.0,19,3,2.0,1.2269560679133378,0.9818021337758925,32,22,0,a4430a630e4d117f
49,kubernetes_terraform_conflict,k8s_ref_70,1.0,0.5,0.5,0.2916666666666667,0.4583333333333333,0.375,0.20833333333333334,1629.9603749435128,6815.059978131126,360,0,231.85442863113786,62.910547564820945,208.3333333333333,81.16666666666671,34,2,0,7,4,212,0,21.0,19,2,1.0,1.2825520328922313,0.9747282061898774,32,22,0,e2cd092b0390b958
49,kubernetes_terraform_conflict,k8s_ref_80,1.0000000000000002,0.5,0.5,0.3055555555555556,0.4583333333333333,0.3888888888888889,0.20833333333333334,1709.1027493237445,7089.144151850996,360,0,232.24217784575688,63.297245112359235,208.33333333333331,80.83333333333337,34,3,0,7,4,221,0,20.0,19,1,0.5,1.1363633294677222,0.974687144495737,32,22,0,953cda24e1d58c67
49,kubernetes_terraform_conflict,omni_k8s_protect,1.0000000000000002,0.5833333333333334,0.5833333333333334,0.5833333333333334,0.0,0.0,0.4027777777777778,7812.049426825657,22843.66082651716,135.0,1,168.77196085920446,33.76407926528,164.0,28.75,0,2,0,0,0,77,72,12.0,9,3,3.0,0.29400000000000004,0.7665387284518904,0,0,44,ae534af13b55e72a
49,kubernetes_terraform_conflict,omni_k8s_throughput,1.0000000000000002,0.3194444444444444,0.3194444444444444,0.08333333333333333,0.2777777777777778,0.19444444444444445,0.6388888888888888,367.14702958013527,2843.8173662441523,50.0,1,194.6078072105303,70.8,208.0833333333332,86.24999999999996,0,2,0,0,0,96,72,23.0,20,3,3.0,1.17872142232636,1.1454299856128078,9,0,8,cff070923f26b7f3
49,kubernetes_terraform_conflict,omni_k8s_observe,1.0,0.5,0.5,0.2916666666666667,0.4583333333333333,0.375,0.20833333333333334,1629.9603749435128,6815.059978131126,360,0,231.85442863113786,62.910547564820945,208.3333333333333,81.16666666666671,34,2,0,7,4,212,0,21.0,19,2,1.0,1.2825520328922313,0.9747282061898774,32,22,0,e2cd092b0390b958
49,kubernetes_terraform_conflict,omni_k8s_kill,1.0000000000000002,0.4722222222222222,0.4722222222222222,0.2777777777777778,0.3888888888888889,0.3194444444444444,0.2638888888888889,949.3717367485909,3740.0846395730523,185.0,1,222.63046165762583,63.72,212.3333333333331,85.16666666666661,28,2,0,6,3,205,15,21.0,19,2,1.5,1.8711353883834771,0.961587475805605,20,14,2,3b2611b3f521738c
49,kubernetes_terraform_conflict,omni_k8s_throughput_no_dynamics,1.0,0.375,0.375,0.08333333333333333,0.3472222222222222,0.25,0.5833333333333334,358.56109126387895,2877.5120199049884,70.0,1,204.11269079366633,70.8,210.83333333333348,88.99999999999999,0,0,0,0,0,91,72,20.0,20,0,0.0,1.0499999999999998,1.1314246556302363,9,0,8,0109b2ffb2b7e098
49,kubernetes_terraform_conflict,omni_k8s_throughput_no_gate,1.0,0.3194444444444444,0.3194444444444444,0.125,0.2777777777777778,0.19444444444444445,0.6388888888888888,499.01688991126554,3501.9145870447437,50.0,1,193.53120385982348,70.8,204.66666666666663,83.5,0,3,0,0,0,101,72,25.0,21,4,4.0,1.3029186841565443,1.146294927573389,10,0,9,74aa3aba2de6e332
49,kubernetes_terraform_conflict,omni_observe,1.0,0.4861111111111111,0.9166666666666666,0.375,0.2916666666666667,0.2916666666666667,0.05555555555555555,2986.3463009901875,11217.389983515144,360,0,191.03617414498206,56.50643875775097,133.33333333333331,17.58333333333333,106,8,0,0,0,323,0,105.0,48,57,46.5,0.42716919159609756,1.2778413148942267,55,41,0,54250d93a09367db
49,kubernetes_terraform_conflict,omni_pipeline,1.0000000000000002,0.5277777777777778,0.5277777777777778,0.5277777777777778,0.16666666666666666,0.0,0.4444444444444444,6477.595236708858,20530.498651079663,120.0,1,176.55845308927115,36.71438424520238,171.24999999999991,34.66666666666667,0,1,0,0,0,147,72,15.0,11,4,3.0,0.29400000000000004,0.823515434154646,3,0,1,b4532f80c14f3885
49,kubernetes_terraform_conflict,omni_direct,0.9999999999999998,0.5972222222222222,0.5972222222222222,0.5972222222222222,0.0,0.0,0.4027777777777778,8131.1799539942185,23352.56762361003,135.0,1,168.42900959253785,32.995621831764744,162.91666666666663,27.916666666666668,0,2,0,0,0,71,72,12.0,9,3,3.0,0.29400000000000004,0.7626333504083763,0,0,43,3374b9f44ba3cbed
49,kubernetes_terraform_conflict,omni_direct_no_dynamics,0.9999999999999998,0.5972222222222222,0.5972222222222222,0.5972222222222222,0.0,0.0,0.4027777777777778,8102.004026580506,23306.0699617955,135.0,1,169.0209264212544,32.995569892603896,164.66666666666652,29.666666666666654,0,0,0,0,0,68,72,9.0,9,0,0.0,0.39155381362327635,0.7525296460888032,0,0,43,a4c7a11cd8b5b32f
49,kubernetes_terraform_conflict,omni_direct_no_shield,1.0,0.5277777777777778,0.5277777777777778,0.5277777777777778,0.125,0.0,0.4305555555555556,6507.663181722528,20910.9182187508,125.0,1,171.30452405920457,35.1872060320488,172.24999999999986,36.16666666666667,0,4,0,0,0,106,72,17.0,13,4,4.0,0.29400000000000004,0.8306614405821472,2,0,0,8e9a7fe6ca2493ec
49,kubernetes_terraform_conflict,omni_kill,1.0,0.3888888888888889,0.5833333333333334,0.2916666666666667,0.2777777777777778,0.2638888888888889,0.4166666666666667,1052.2724378212768,4115.64256965769,140.0,1,189.51336043037978,63.72,143.50000000000009,22.499999999999996,85,3,0,29,8,292,15,55.0,20,35,22.5,2.1167244795810474,1.2409494360322395,35,29,1,e740a3ea60775609
49,kubernetes_terraform_conflict,omni_switch_on,1.0000000000000002,0.6388888888888888,0.7083333333333334,0.6388888888888888,0.013888888888888888,0.0,0.2777777777777778,9757.527656263903,25863.44400320253,155.0,1,171.6101641866622,44.25,137.75000000000009,13.833333333333334,5,3,0,0,0,114,59,20.0,9,11,7.5,0.29400000000000004,0.7489786812421295,2,2,30,3cd60018cec4bfa8
50,kubernetes_terraform_conflict,native,1.0000000000000002,0.375,0.8472222222222222,0.2777777777777778,0.2222222222222222,0.18055555555555555,0.1527777777777778,1534.1536824212703,6779.109718649754,210.0,1,171.76809305893497,56.71264352325954,117.58333333333336,16.916666666666664,98,8,0,0,0,299,0,110.0,51,59,51.0,0.3781489210815694,1.2805922294720578,50,38,0,337fa3ac3678ef4f
50,kubernetes_terraform_conflict,k8s_ref_50,1.0000000000000002,0.3888888888888889,0.3888888888888889,0.0,0.3888888888888889,0.25,0.4305555555555556,238.01632039295438,1500.6941039297803,145.0,1,209.58555946266267,55.86532148814217,182.41666666666669,69.08333333333334,29,2,0,0,0,211,0,34.0,20,14,14.0,0.3633326604360816,1.0021499872279231,30,20,0,bea6521513369b85
50,kubernetes_terraform_conflict,k8s_ref_60,1.0000000000000002,0.4583333333333333,0.4583333333333333,0.0,0.4583333333333333,0.25,0.3472222222222222,318.0163203929544,1860.6941039297803,175.0,1,216.7045354635436,55.86532148814217,200.41666666666652,86.5,29,2,0,0,0,197,0,25.0,20,5,5.0,0.37044782854244895,0.9509275456587241,31,21,0,61e0651f81ae78ca
50,kubernetes_terraform_conflict,k8s_ref_70,1.0000000000000002,0.4722222222222222,0.4722222222222222,0.013888888888888888,0.4722222222222222,0.2777777777777778,0.3194444444444444,393.57187594851,2200.6941039297803,185.0,1,218.66415592584045,55.86532148814217,205.0833333333335,90.83333333333333,29,2,0,0,0,193,0,23.0,20,3,3.0,0.37617801161013265,0.9517067783332762,31,21,0,e24b4618ccdc0a45
50,kubernetes_terraform_conflict,k8s_ref_80,1.0000000000000002,0.4722222222222222,0.4722222222222222,0.06944444444444445,0.4583333333333333,0.2777777777777778,0.3194444444444444,411.88773569004013,2363.9682853844884,185.0,1,218.89754667479085,63.72,205.0833333333335,90.91666666666666,29,3,0,1,1,201,0,23.0,20,3,3.0,0.7883397938502111,0.9427043091209406,32,22,0,dbe0ba7139d488eb
50,kubernetes_terraform_conflict,omni_k8s_protect,1.0000000000000004,0.4166666666666667,0.4166666666666667,0.4166666666666667,0.0,0.0,0.5694444444444444,3326.277007773567,12828.807350557237,95.0,1,154.76304700487788,32.73946836134718,157.41666666666657,38.250000000000014,0,3,0,0,0,63,72,16.0,11,5,5.0,0.29400000000000004,0.7747083573942154,0,0,32,a652f35c1abedaf0
50,kubernetes_terraform_conflict,omni_k8s_throughput,1.0,0.2638888888888889,0.2638888888888889,0.013888888888888888,0.2222222222222222,0.1388888888888889,0.7083333333333334,127.61197973055096,1414.4332566078053,45.0,1,181.19536013586546,66.7188905254535,211.83333333333323,100.41666666666666,0,3,0,0,0,85,72,23.0,20,3,3.0,1.0499999999999998,1.0944077038043396,9,0,5,210d4c62f230b8f6
50,kubernetes_terraform_conflict,omni_k8s_observe,1.0000000000000002,0.4722222222222222,0.4722222222222222,0.013888888888888888,0.4722222222222222,0.2777777777777778,0.3194444444444444,393.57187594851,2200.6941039297803,185.0,1,218.66415592584045,55.86532148814217,205.0833333333335,90.83333333333333,29,2,0,0,0,193,0,23.0,20,3,3.0,0.37617801161013265,0.9517067783332762,31,21,0,e24b4618ccdc0a45
50,kubernetes_terraform_conflict,omni_k8s_kill,1.0000000000000002,0.4861111111111111,0.4861111111111111,0.041666666666666664,0.4305555555555556,0.2222222222222222,0.3194444444444444,216.01220110909867,1915.515857048949,185.0,1,212.34846484763716,62.61562913871695,209.58333333333354,95.83333333333333,21,2,0,1,1,190,12,23.0,20,3,3.0,1.3027572477843465,0.9095141873668557,20,13,2,f0bb786841b5f3d3
50,kubernetes_terraform_conflict,omni_k8s_throughput_no_dynamics,1.0,0.3055555555555556,0.3055555555555556,0.013888888888888888,0.2777777777777778,0.18055555555555555,0.6527777777777778,127.61197973055096,1414.4332566078053,65.0,1,186.8241026785467,66.7188905254535,215.8333333333335,104.41666666666667,0,0,0,0,0,81,72,20.0,20,0,0.0,1.0499999999999998,1.0840158206970285,9,0,5,ea3204fd86b2b47d
50,kubernetes_terraform_conflict,omni_k8s_throughput_no_gate,1.0000000000000002,0.2638888888888889,0.2638888888888889,0.041666666666666664,0.2222222222222222,0.125,0.7083333333333334,187.78757299925726,1782.8879546429328,45.0,1,176.4197227627444,70.8,207.58333333333331,96.5,0,4,0,0,0,91,72,26.0,21,5,5.0,1.6088329168173199,1.0939781311847365,10,0,6,712dd9e24cdb97d8
50,kubernetes_terraform_conflict,omni_observe,1.0000000000000002,0.375,0.8472222222222222,0.2777777777777778,0.2222222222222222,0.18055555555555555,0.1527777777777778,1534.1536824212703,6779.109718649754,210.0,1,171.76809305893497,56.71264352325954,117.58333333333336,16.916666666666664,98,8,0,0,0,299,0,110.0,51,59,51.0,0.3781489210815694,1.2805922294720578,50,38,0,337fa3ac3678ef4f
50,kubernetes_terraform_conflict,omni_pipeline,1.0000000000000004,0.375,0.375,0.375,0.16666666666666666,0.0,0.5833333333333334,3186.5653752773433,12529.773143039614,90.0,1,164.50704657350423,36.81015757871814,170.91666666666657,51.083333333333336,0,1,0,0,0,128,72,16.0,11,5,4.0,0.29400000000000004,0.8413142468020502,3,0,1,a7307c8a610c43e0
50,kubernetes_terraform_conflict,omni_direct,1.0000000000000002,0.4166666666666667,0.4166666666666667,0.4166666666666667,0.0,0.0,0.5694444444444444,3353.929289576163,12890.44777254707,95.0,1,154.4728574715445,32.7554817555893,156.33333333333331,37.25,0,2,0,0,0,59,72,12.0,8,4,4.0,0.29400000000000004,0.775527239157727,0,0,30,bbbca684f9a9c25d
50,kubernetes_terraform_conflict,omni_direct_no_dynamics,1.0000000000000002,0.4027777777777778,0.4027777777777778,0.4027777777777778,0.0,0.0,0.5833333333333334,3278.178433943622,12723.389653574663,90.0,1,156.45142247154453,32.72683970825893,162.91666666666669,44.000000000000014,0,0,0,0,0,51,72,8.0,8,0,0.0,0.29400000000000004,0.7562681958253186,0,0,31,4a4e93132dba7d96
50,kubernetes_terraform_conflict,omni_direct_no_shield,1.0000000000000004,0.3611111111111111,0.3611111111111111,0.3611111111111111,0.1388888888888889,0.0,0.5972222222222222,2600.534054209285,11266.602793912334,85.0,1,159.14227087154447,35.2051833229234,171.4999999999998,52.33333333333333,0,4,0,0,0,87,72,17.0,13,4,4.0,0.29400000000000004,0.8407443356921599,2,0,0,582b4f3faf9fa512
50,kubernetes_terraform_conflict,omni_kill,1.0000000000000004,0.3055555555555556,0.5694444444444444,0.041666666666666664,0.19444444444444445,0.16666666666666666,0.4305555555555556,435.4075361303889,2086.9993307527434,125.0,1,168.50631383680286,59.5176923171247,121.49999999999996,17.333333333333332,80,13,0,24,4,274,12,70.0,28,42,29.5,1.3130688845272096,1.1881859587066692,33,22,0,8a7e8137873edc72
50,kubernetes_terraform_conflict,omni_switch_on,1.0000000000000002,0.4583333333333333,0.5416666666666666,0.4583333333333333,0.013888888888888888,0.0,0.4444444444444444,4309.804659448267,14702.98512275482,110.0,1,158.37414278353413,44.25,138.08333333333337,27.91666666666666,6,7,0,0,0,103,62,26.0,12,14,10.5,0.29400000000000004,0.8030781091625215,2,2,19,7c04dd5a6824dd5d
51,kubernetes_terraform_conflict,native,1.0,0.0,0.3333333333333333,0.0,0.0,0.0,0.6666666666666666,126.09272541801738,910.586719798636,35.0,1,114.81977054461527,30.09,65.66666666666666,1.3333333333333333,29,10,0,0,0,150,0,36.0,12,24,12.0,0.0,0.6850385255831846,3,3,0,722d40ff40b10e9d
51,kubernetes_terraform_conflict,k8s_ref_50,1.0,0.013888888888888888,0.2222222222222222,0.0,0.013888888888888888,0.0,0.7777777777777778,0.0,0.0,20.0,1,150.8399410699172,35.4,108.33333333333336,26.083333333333336,25,0,0,0,0,114,0,6.0,0,6,0.0,0.11091035109591418,0.829432800303366,9,9,0,a0d9252cecbacbe7
51,kubernetes_terraform_conflict,k8s_ref_60,1.0,0.18055555555555555,0.2361111111111111,0.0,0.18055555555555555,0.0,0.7638888888888888,0.5810002992052937,0.0,20.0,1,154.9802242807523,35.69990184723641,116.74999999999999,33.41666666666667,25,3,0,0,0,127,0,4.0,1,3,1.0,0.16642330985307252,0.8315644326280734,9,8,0,1f2523b65a2cb27e
51,kubernetes_terraform_conflict,k8s_ref_70,1.0,0.18055555555555555,0.2361111111111111,0.0,0.18055555555555555,0.0,0.7638888888888888,4.469889188094182,0.0,20.0,1,160.54573090049882,38.14687008,129.9999999999999,46.333333333333314,25,2,0,0,0,119,0,2.0,2,0,0.0,0.22532708479413865,0.8127338366251474,10,9,0,4d2d98996df47066
51,kubernetes_terraform_conflict,k8s_ref_80,1.0,0.20833333333333334,0.2222222222222222,0.0,0.20833333333333334,0.0,0.7638888888888888,11.175535787970619,13.66019171840992,25.0,1,167.2247729936822,38.94,146.50000000000006,62.66666666666667,25,2,0,0,0,141,0,6.0,6,0,0.0,0.26226418827325726,0.8018798994159084,14,9,0,34b9a83add25cc66
51,kubernetes_terraform_conflict,omni_k8s_protect,1.0,0.0,0.0,0.0,0.0,0.0,1.0,8.912464145971885,0.0,5.0,1,133.7760408101418,29.652787189889114,184.0833333333334,100.16666666666673,0,5,0,0,0,32,72,20.0,17,3,3.0,0.29400000000000004,0.623689107624948,0,0,0,6b2727836a78c4fb
51,kubernetes_terraform_conflict,omni_k8s_throughput,1.0,0.013888888888888888,0.013888888888888888,0.0,0.013888888888888888,0.0,0.9861111111111112,9.47263768496964,0.0,5.0,1,111.9634908035946,38.94,133.16666666666663,49.33333333333333,0,2,0,0,0,30,72,8.0,4,4,4.0,1.1443711556701825,0.6406172667577845,0,0,0,307471ce0ecba5a4
51,kubernetes_terraform_conflict,omni_k8s_observe,1.0,0.18055555555555555,0.2361111111111111,0.0,0.18055555555555555,0.0,0.7638888888888888,4.469889188094182,0.0,20.0,1,160.54573090049882,38.14687008,129.9999999999999,46.333333333333314,25,2,0,0,0,119,0,2.0,2,0,0.0,0.22532708479413865,0.8127338366251474,10,9,0,4d2d98996df47066
51,kubernetes_terraform_conflict,omni_k8s_kill,1.0,0.0,0.0,0.0,0.0,0.0,1.0,8.912464145971885,0.0,5.0,1,123.32921761014181,29.331555069328218,150.41666666666666,66.49999999999999,0,1,0,0,0,48,14,6.0,6,0,0.0,0.29400000000000004,0.6168464071900284,0,0,0,74b5eec3289dc538
51,kubernetes_terraform_conflict,omni_k8s_throughput_no_dynamics,1.0,0.013888888888888888,0.013888888888888888,0.0,0.013888888888888888,0.0,0.9861111111111112,9.29208212941409,0.0,5.0,1,113.55185614332615,38.94,139.5,55.66666666666668,0,0,0,0,0,23,72,4.0,4,0,0.0,1.1443711556701825,0.6138893010613719,0,0,0,48fc89973ef93e24
51,kubernetes_terraform_conflict,omni_k8s_throughput_no_gate,1.0,0.013888888888888888,0.013888888888888888,0.0,0.013888888888888888,0.0,0.9861111111111112,10.824255709742541,12.17744410010251,5.0,1,112.23503265959769,37.169999999999995,131.08333333333331,47.33333333333333,0,3,0,0,0,39,72,10.0,5,5,5.0,1.1724217506636436,0.6553799138279135,0,0,1,c0f385120560dcba
51,kubernetes_terraform_conflict,omni_observe,1.0,0.0,0.3333333333333333,0.0,0.0,0.0,0.6666666666666666,126.09272541801738,910.586719798636,35.0,1,114.81977054461527,30.09,65.66666666666666,1.3333333333333333,29,10,0,0,0,150,0,36.0,12,24,12.0,0.0,0.6850385255831846,3,3,0,722d40ff40b10e9d
51,kubernetes_terraform_conflict,omni_pipeline,1.0,0.20833333333333334,0.20833333333333334,0.0,0.20833333333333334,0.0,0.75,0.0,0.0,25.0,1,133.47492110074975,35.4,113.3333333333333,31.08333333333334,0,1,0,0,0,103,72,6.0,1,5,1.0,0.29400000000000004,0.9642232779798695,0,0,0,e91828907b8bfb53
51,kubernetes_terraform_conflict,omni_direct,1.0,0.0,0.0,0.0,0.0,0.0,1.0,10.964067182080903,0.0,5.0,1,133.03737654347515,30.146499344,181.74999999999994,97.75,0,8,0,0,0,40,72,20.0,17,3,3.0,0.29400000000000004,0.6294870300126707,0,0,0,ecebb1c21dd835c0
51,kubernetes_terraform_conflict,omni_direct_no_dynamics,1.0,0.0,0.0,0.0,0.0,0.0,1.0,10.13815859041633,0.0,5.0,1,138.44545421014183,31.232965819917066,199.08333333333346,115.08333333333337,0,0,0,0,0,38,72,17.0,17,0,0.0,0.29400000000000004,0.6463932813675614,0,0,0,240012ccfcb1a356
51,kubernetes_terraform_conflict,omni_direct_no_shield,1.0,0.0,0.0,0.0,0.0,0.0,1.0,10.964067182080903,0.0,5.0,1,133.03737654347515,30.146499344,181.74999999999994,97.75,0,8,0,0,0,40,72,20.0,17,3,3.0,0.29400000000000004,0.6294870300126707,0,0,0,ecebb1c21dd835c0
51,kubernetes_terraform_conflict,omni_kill,1.0000000000000002,0.0,0.2777777777777778,0.0,0.0,0.0,0.7222222222222222,19.905006581274918,77.33807434020724,50.0,1,106.78841421014182,30.146499344,96.91666666666671,12.750000000000018,21,22,0,0,0,119,14,45.0,18,27,18.0,0.29400000000000004,0.660411132645769,2,2,0,e9d342efd0e16d1b
51,kubernetes_terraform_conflict,omni_switch_on,1.0,0.0,0.09722222222222222,0.0,0.0,0.0,0.875,78.70619300066535,780.0312918092085,5.0,1,129.23240154863814,31.86,150.83333333333346,71.91666666666667,7,11,0,0,0,71,60,36.0,20,16,12.5,0.29400000000000004,0.6376538374543791,2,2,2,ee0f96a0ce3fb3d7
52,kubernetes_terraform_conflict,native,0.9997226217151127,0.16666666666666666,0.5138888888888888,0.1388888888888889,0.08333333333333333,0.0,0.4861111111111111,696.2014876361936,5471.758547021381,115.0,1,121.7176191363347,46.78662771,75.91666666666673,7.833333333333333,58,12,0,0,0,206,0,76.0,32,44,32.0,0.22542170279999985,0.9948620168927016,35,25,0,61d3eb99c30a3e4f
52,kubernetes_terraform_conflict,k8s_ref_50,1.0,0.09722222222222222,0.1111111111111111,0.0,0.09722222222222222,0.013888888888888888,0.8333333333333334,61.05237271630698,674.8338433204557,40.0,1,156.05187319263177,46.08693257287194,122.75000000000009,39.41666666666668,15,4,0,0,0,123,0,27.0,12,15,12.0,0.2360798718817303,0.9484527835767793,13,7,0,f1d30b0e5ed98834
52,kubernetes_terraform_conflict,k8s_ref_60,1.0,0.1388888888888889,0.1388888888888889,0.0,0.125,0.041666666666666664,0.8055555555555556,32.05680395126365,148.20018586126307,45.0,1,164.59673767234491,44.91018375766684,140.5,56.250000000000036,16,2,0,0,0,109,0,14.0,9,5,5.0,0.2166506053923336,0.9470569116028654,12,7,0,8fbb8a2533be0d46
52,kubernetes_terraform_conflict,k8s_ref_70,1.0,0.125,0.1388888888888889,0.0,0.1111111111111111,0.041666666666666664,0.8055555555555556,55.92882680914052,425.91247976562056,45.0,1,168.60219125148035,47.2545907502676,149.91666666666669,65.33333333333336,17,3,0,0,0,119,0,13.0,10,3,3.0,0.266935796821236,0.9243871188120217,15,10,0,5f88e36fa3d88f82
52,kubernetes_terraform_conflict,k8s_ref_80,0.9999999999999997,0.1388888888888889,0.1388888888888889,0.013888888888888888,0.1111111111111111,0.041666666666666664,0.8055555555555556,65.6109661064574,540.7229515245829,45.0,1,170.9640527830587,47.26683463946397,155.91666666666669,71.33333333333333,15,3,0,0,0,130,0,11.0,10,1,1.0,0.2671474159334557,0.9052360743162419,15,10,0,a175c487bb44f6c6
52,kubernetes_terraform_conflict,omni_k8s_protect,1.0,0.09722222222222222,0.09722222222222222,0.09722222222222222,0.0,0.0,0.875,311.25267406949774,2247.977677662675,25.0,1,125.68091885324988,32.71981441100597,151.83333333333326,66.16666666666667,0,3,0,0,0,42,72,16.0,12,4,4.0,0.29400000000000004,0.7394837702884954,0,0,11,4f723f4826cc895b
52,kubernetes_terraform_conflict,omni_k8s_throughput,1.0,0.125,0.125,0.013888888888888888,0.1111111111111111,0.0,0.875,46.00177694317516,72.14657542598255,20.0,1,126.41099468837062,49.29071692429306,164.83333333333343,80.33333333333329,0,3,0,0,0,58,72,16.0,13,3,3.0,1.1510932178410491,0.8969786340959155,6,0,2,a3f3b15e07f30698
52,kubernetes_terraform_conflict,omni_k8s_observe,1.0,0.125,0.1388888888888889,0.0,0.1111111111111111,0.041666666666666664,0.8055555555555556,55.92882680914052,425.91247976562056,45.0,1,168.60219125148035,47.2545907502676,149.91666666666669,65.33333333333336,17,3,0,0,0,119,0,13.0,10,3,3.0,0.266935796821236,0.9243871188120217,15,10,0,5f88e36fa3d88f82
52,kubernetes_terraform_conflict,omni_k8s_kill,1.0,0.08333333333333333,0.08333333333333333,0.0,0.08333333333333333,0.0,0.8472222222222222,66.86100256695863,258.72125357635224,35.0,1,156.84744398328067,49.90021335844186,159.8333333333334,74.25000000000003,9,2,0,0,0,118,25,14.0,11,3,3.0,0.8459551898754003,0.8226147993537619,6,4,2,ea3fcbedc2f68efd
52,kubernetes_terraform_conflict,omni_k8s_throughput_no_dynamics,1.0,0.125,0.125,0.013888888888888888,0.1111111111111111,0.0,0.8333333333333334,45.516195357811995,0.0,35.0,1,135.3505531954834,54.52738550111459,180.33333333333334,95.8333333333333,0,0,0,0,0,49,72,16.0,16,0,0.0,1.0499999999999998,0.9406631729875995,8,0,2,cb4c07c4cfdd80a0
52,kubernetes_terraform_conflict,omni_k8s_throughput_no_gate,1.0,0.125,0.125,0.013888888888888888,0.1111111111111111,0.0,0.8472222222222222,76.78288395327844,536.8484088254858,30.0,1,128.89654457179236,53.1821855011146,161.75,77.99999999999997,0,3,0,0,0,58,72,21.0,15,6,6.0,1.0499999999999998,0.9463378511507257,8,0,3,162e59211b09f7dc
52,kubernetes_terraform_conflict,omni_observe,0.9997226217151127,0.16666666666666666,0.5138888888888888,0.1388888888888889,0.08333333333333333,0.0,0.4861111111111111,696.2014876361936,5471.758547021381,115.0,1,121.7176191363347,46.78662771,75.91666666666673,7.833333333333333,58,12,0,0,0,206,0,76.0,32,44,32.0,0.22542170279999985,0.9948620168927016,35,25,0,61d3eb99c30a3e4f
52,kubernetes_terraform_conflict,omni_pipeline,0.9999999999999997,0.125,0.125,0.125,0.027777777777777776,0.0,0.8611111111111112,434.69791158438386,3529.5141352555966,30.0,1,131.77266067712918,34.969939239039995,147.83333333333334,62.41666666666669,0,1,0,0,0,91,72,16.0,9,7,6.5,0.29400000000000004,0.8435278618819365,2,0,1,6eb36a933891cb76
52,kubernetes_terraform_conflict,omni_direct,1.0,0.1111111111111111,0.1111111111111111,0.1111111111111111,0.0,0.0,0.8611111111111112,339.65672673342686,2442.8713082779336,25.0,1,124.94225458658322,32.77806856034596,149.33333333333317,63.666666666666664,0,4,0,0,0,44,72,14.0,10,4,4.0,0.29400000000000004,0.7422209404668112,0,0,9,6792bbd397f162a0
52,kubernetes_terraform_conflict,omni_direct_no_dynamics,1.0,0.08333333333333333,0.08333333333333333,0.08333333333333333,0.0,0.0,0.875,306.027636633559,2219.515363332557,25.0,1,127.05272391991659,32.738299277931986,156.16666666666666,70.58333333333334,0,0,0,0,0,34,72,8.0,8,0,0.0,0.29400000000000004,0.7215706395607008,0,0,10,f816d869f86ae69a
52,kubernetes_terraform_conflict,omni_direct_no_shield,1.0,0.09722222222222222,0.09722222222222222,0.08333333333333333,0.041666666666666664,0.0,0.8611111111111112,254.3852640153142,1940.914810493471,25.0,1,126.6833917865832,34.969939239039995,154.91666666666669,69.00000000000001,0,4,0,0,0,53,72,13.0,10,3,3.0,0.29400000000000004,0.7665484851359902,1,0,0,61312bf59cdbbc8b
52,kubernetes_terraform_conflict,omni_kill,0.9997226217151128,0.09722222222222222,0.2777777777777778,0.013888888888888888,0.08333333333333333,0.0,0.6944444444444444,106.03361598182511,658.2815838697327,100.0,1,121.50192716526094,49.90021335844186,95.83333333333336,19.999999999999993,40,8,0,7,1,159,25,42.0,15,27,15.5,0.8327641133751451,0.9332922903846597,12,9,0,215e761d0bbc75eb
52,kubernetes_terraform_conflict,omni_switch_on,1.0,0.1527777777777778,0.2638888888888889,0.1527777777777778,0.041666666666666664,0.0,0.7222222222222222,636.4486450087774,4717.647203718721,35.0,1,123.39255798608772,46.019999999999996,117.16666666666664,41.75,8,7,0,0,0,79,49,28.0,12,16,12.0,0.29400000000000004,0.7752348832894899,2,2,5,367d508cf11dc527
53,kubernetes_terraform_conflict,native,0.9999999999999996,0.2361111111111111,0.625,0.18055555555555555,0.125,0.013888888888888888,0.375,883.2196880623708,5648.175481433741,90.0,1,132.68679549973453,52.31582273150662,86.08333333333341,10.250000000000002,76,9,0,0,0,251,0,91.0,40,51,40.0,0.2991443030867549,1.1361927859755454,46,34,0,59d442d3bf0df0b7
53,kubernetes_terraform_conflict,k8s_ref_50,0.9999999999999999,0.1527777777777778,0.20833333333333334,0.0,0.1527777777777778,0.0,0.7777777777777778,1.1993321608129892,0.0,25.0,1,154.9266145740434,37.111278070204136,110.50000000000006,25.58333333333334,23,2,0,0,0,122,0,12.0,3,9,3.0,0.11897086211608965,0.8861157022080166,13,10,0,488f64abdadd9c4a
53,kubernetes_terraform_conflict,k8s_ref_60,1.0,0.2361111111111111,0.2361111111111111,0.0,0.2361111111111111,0.0,0.75,2.5055710659127737,0.0,25.0,1,158.0842761419065,37.11127424129692,115.83333333333348,30.000000000000007,26,3,0,0,0,136,0,7.0,2,5,2.0,0.09814207089908988,0.885771325698341,11,9,0,c83d37de89e0d29b
53,kubernetes_terraform_conflict,k8s_ref_70,1.0,0.2222222222222222,0.2361111111111111,0.0,0.2222222222222222,0.013888888888888888,0.7222222222222222,10.00439303568129,0.0,35.0,1,163.79354595481175,38.20349816864243,125.41666666666679,37.41666666666667,25,3,0,0,0,131,0,6.0,3,3,3.0,0.11929580696828435,0.9228357033627657,11,9,0,8d59634edf83cf14
53,kubernetes_terraform_conflict,k8s_ref_80,1.0,0.2222222222222222,0.2222222222222222,0.0,0.2222222222222222,0.05555555555555555,0.7222222222222222,18.841794871917216,73.04241669640008,40.0,1,172.78595363061783,41.992425769527685,145.6666666666667,56.66666666666667,25,2,0,0,0,144,0,6.0,6,0,0.0,0.21922391942256492,0.923844029684797,15,10,0,6c3b62bdb4cc84ff
53,kubernetes_terraform_conflict,omni_k8s_protect,1.0,0.0,0.0,0.0,0.0,0.0,1.0,20.853115853113035,0.0,5.0,1,135.18119941820285,32.81858411898565,168.83333333333337,78.25000000000003,0,5,0,0,0,54,72,23.0,19,4,4.0,0.29400000000000004,0.7599065839481055,0,0,4,dbe3a1959dcf452d
53,kubernetes_terraform_conflict,omni_k8s_throughput,1.0,0.05555555555555555,0.05555555555555555,0.0,0.05555555555555555,0.0,0.9027777777777778,23.087520959018637,118.8888193945046,5.0,1,127.5396147332852,42.48,158.1666666666667,68.08333333333331,0,2,0,0,0,64,72,13.0,10,3,3.0,1.3651821611219142,0.7874599102818437,2,0,1,68607486ea9f2a14
53,kubernetes_terraform_conflict,omni_k8s_observe,1.0,0.2222222222222222,0.2361111111111111,0.0,0.2222222222222222,0.013888888888888888,0.7222222222222222,10.00439303568129,0.0,35.0,1,163.79354595481175,38.20349816864243,125.41666666666679,37.41666666666667,25,3,0,0,0,131,0,6.0,3,3,3.0,0.11929580696828435,0.9228357033627657,11,9,0,8d59634edf83cf14
53,kubernetes_terraform_conflict,omni_k8s_kill,1.0,0.20833333333333334,0.20833333333333334,0.0,0.19444444444444445,0.08333333333333333,0.7361111111111112,20.853115853113035,0.0,45.0,1,168.96165898871018,45.53736974271049,161.75,71.16666666666669,19,2,0,0,0,150,17,10.0,9,1,1.0,0.833308245148592,0.9334233761367273,6,5,2,44df4ffe5e1cca36
53,kubernetes_terraform_conflict,omni_k8s_throughput_no_dynamics,1.0,0.05555555555555555,0.05555555555555555,0.0,0.05555555555555555,0.0,0.9027777777777778,24.167785537372005,118.90458668879012,5.0,1,128.89371992741937,42.48,163.16666666666666,73.08333333333334,0,0,0,0,0,58,72,10.0,10,0,0.0,1.3650300971120137,0.7737458070529932,2,0,1,58d6d805910a8851
53,kubernetes_terraform_conflict,omni_k8s_throughput_no_gate,1.0,0.041666666666666664,0.041666666666666664,0.0,0.041666666666666664,0.0,0.9444444444444444,26.43228729983872,177.54738278110682,5.0,1,125.31743334844452,40.71,155.99999999999997,66.00000000000001,0,3,0,0,0,64,72,16.0,11,5,5.0,1.4328537634829819,0.7519198847129136,3,0,1,ee82135b7e9abd4b
53,kubernetes_terraform_conflict,omni_observe,0.9999999999999996,0.2361111111111111,0.625,0.18055555555555555,0.125,0.013888888888888888,0.375,883.2196880623708,5648.175481433741,90.0,1,132.68679549973453,52.31582273150662,86.08333333333341,10.250000000000002,76,9,0,0,0,251,0,91.0,40,51,40.0,0.2991443030867549,1.1361927859755454,46,34,0,59d442d3bf0df0b7
53,kubernetes_terraform_conflict,omni_pipeline,0.9999999999999999,0.06944444444444445,0.06944444444444445,0.027777777777777776,0.041666666666666664,0.0,0.8888888888888888,146.5714648961221,1345.518606640607,5.0,1,140.23472731045868,36.7862840303887,160.75,70.08333333333333,0,1,0,0,0,104,72,18.0,11,7,7.0,0.29400000000000004,0.8316142671139554,3,0,1,449e43c418e599d7
53,kubernetes_terraform_conflict,omni_direct,0.9999999999999999,0.0,0.0,0.0,0.0,0.0,1.0,37.41096392219679,251.10809362936803,5.0,1,134.52167775153617,32.81858411898565,166.50000000000003,75.83333333333337,0,8,0,0,0,54,72,20.0,16,4,4.0,0.29400000000000004,0.7545883553701158,0,0,3,79b4782567b6533d
53,kubernetes_terraform_conflict,omni_direct_no_dynamics,1.0,0.0,0.0,0.0,0.0,0.0,1.0,19.67644918644637,0.0,5.0,1,134.91739075153623,32.81858411898565,167.58333333333334,77.08333333333331,0,0,0,0,0,39,72,10.0,10,0,0.0,0.29400000000000004,0.7491076746672088,0,0,1,294fa893a0740474
53,kubernetes_terraform_conflict,omni_direct_no_shield,0.9999999999999999,0.0,0.0,0.0,0.0,0.0,0.9722222222222222,31.279867801499474,103.37759362936767,5.0,1,136.65852795153614,33.76407926528,173.33333333333334,82.83333333333331,0,8,0,0,0,64,72,21.0,17,4,4.0,0.29400000000000004,0.7643457822613057,2,0,0,031874ad58ff6019
53,kubernetes_terraform_conflict,omni_kill,0.9995826065957129,0.09722222222222222,0.3888888888888889,0.0,0.09722222222222222,0.0,0.6111111111111112,32.191208548297,82.25497735431287,90.0,1,126.98611230289978,41.630399999999995,89.50000000000001,11.833333333333332,62,14,0,12,3,213,17,40.0,13,27,14.5,0.8066736840313635,0.9492578584344696,13,11,0,41c7d1fd53ce4c30
53,kubernetes_terraform_conflict,omni_switch_on,1.0,0.1111111111111111,0.19444444444444445,0.09722222222222222,0.013888888888888888,0.0,0.6944444444444444,328.5305398594376,2175.687606640607,15.0,1,129.49131634651442,44.25,121.4166666666667,38.416666666666664,6,5,0,0,0,91,57,26.0,11,15,11.5,0.29400000000000004,0.84961189216883,2,2,3,690248e0de81a5f1
54,kubernetes_terraform_conflict,native,1.0000000000000002,0.09722222222222222,0.4305555555555556,0.06944444444444445,0.027777777777777776,0.0,0.5694444444444444,192.67714076779203,1668.6435499987545,55.0,1,103.25105482864099,35.4,61.333333333333286,2.666666666666666,35,14,0,0,0,151,0,64.0,26,38,26.0,0.050954023933083126,0.6957565904751857,14,10,0,e06f78235bf438bf
54,kubernetes_terraform_conflict,k8s_ref_50,1.0,0.0,0.0,0.0,0.0,0.0,1.0,0.0,0.0,5.0,1,133.5194696979469,28.32,96.99999999999996,26.16666666666665,0,0,0,0,0,26,0,7.0,0,7,0.0,0.0,0.6139569327239718,0,0,0,5bcc7ed9f5cd6de4
54,kubernetes_terraform_conflict,k8s_ref_60,1.0,0.041666666666666664,0.09722222222222222,0.0,0.041666666666666664,0.0,0.9027777777777778,2.540367275917516,0.0,20.0,1,141.85719830553455,35.692437983999994,113.66666666666677,40.33333333333336,11,3,0,0,0,60,0,5.0,1,4,1.0,0.08574753749261843,0.7457410399343402,5,4,0,817feb3644a02430
54,kubernetes_terraform_conflict,k8s_ref_70,1.0,0.027777777777777776,0.08333333333333333,0.0,0.027777777777777776,0.0,0.9166666666666666,6.4292561648064055,0.0,20.0,1,147.21917500983406,38.94,126.6666666666665,53.24999999999999,8,2,0,0,0,53,0,2.0,2,0,0.0,0.14102466951749726,0.7107152080889153,3,2,0,be2913149591c5ca
54,kubernetes_terraform_conflict,k8s_ref_80,1.0,0.027777777777777776,0.08333333333333333,0.0,0.027777777777777776,0.0,0.9166666666666666,9.207033942584182,0.0,20.0,1,147.00000990000822,38.94,126.6666666666665,53.24999999999999,8,2,0,0,0,52,0,2.0,2,0,0.0,0.14102466951749726,0.7051160516793434,4,3,0,ed02ace9d09f7c3d
54,kubernetes_terraform_conflict,omni_k8s_protect,1.0,0.0,0.0,0.0,0.0,0.0,1.0,11.33520650147781,0.0,5.0,1,113.50344716691667,29.957451454300795,150.75,77.08333333333331,0,5,0,0,0,19,72,17.0,14,3,3.0,0.29400000000000004,0.5287870122734304,0,0,0,2ec129d4024830e5
54,kubernetes_terraform_conflict,omni_k8s_throughput,1.0,0.013888888888888888,0.013888888888888888,0.0,0.013888888888888888,0.0,0.9861111111111112,10.086019640143892,0.0,5.0,1,99.09892180895389,38.94,125.24999999999999,51.833333333333336,0,4,0,0,0,24,72,7.0,4,3,3.0,1.1430193826468296,0.5374347404781453,0,0,1,67904492ddedca28
54,kubernetes_terraform_conflict,omni_k8s_observe,1.0,0.027777777777777776,0.08333333333333333,0.0,0.027777777777777776,0.0,0.9166666666666666,6.4292561648064055,0.0,20.0,1,147.21917500983406,38.94,126.6666666666665,53.24999999999999,8,2,0,0,0,53,0,2.0,2,0,0.0,0.14102466951749726,0.7107152080889153,3,2,0,be2913149591c5ca
54,kubernetes_terraform_conflict,omni_k8s_kill,1.0,0.0,0.0,0.0,0.0,0.0,1.0,11.33520650147781,0.0,5.0,1,109.75736410025,29.957451454300795,138.33333333333337,64.66666666666666,0,3,0,0,0,25,34,8.0,6,2,2.0,0.29400000000000004,0.5370516004927376,0,0,0,9208f2a5bf60f6b3
54,kubernetes_terraform_conflict,omni_k8s_throughput_no_dynamics,1.0,0.013888888888888888,0.013888888888888888,0.0,0.013888888888888888,0.0,0.9861111111111112,9.442377853737774,0.0,5.0,1,100.34746169668513,38.94,129.83333333333346,56.416666666666686,0,0,0,0,0,15,72,3.0,3,0,0.0,1.0892710787112563,0.5250902564859481,0,0,1,917813ef836f8ecc
54,kubernetes_terraform_conflict,omni_k8s_throughput_no_gate,1.0,0.013888888888888888,0.013888888888888888,0.0,0.013888888888888888,0.0,0.9861111111111112,13.007304354943058,5.058993879558452,5.0,1,97.80414437758688,35.4,115.66666666666663,42.66666666666667,0,5,0,0,0,30,72,11.0,5,6,5.0,1.0975920480276145,0.5866932211595576,1,0,1,a4268064691de9a3
54,kubernetes_terraform_conflict,omni_observe,1.0000000000000002,0.09722222222222222,0.4305555555555556,0.06944444444444445,0.027777777777777776,0.0,0.5694444444444444,192.67714076779203,1668.6435499987545,55.0,1,103.25105482864099,35.4,61.333333333333286,2.666666666666666,35,14,0,0,0,151,0,64.0,26,38,26.0,0.050954023933083126,0.6957565904751857,14,10,0,e06f78235bf438bf
54,kubernetes_terraform_conflict,omni_pipeline,1.0,0.0,0.0,0.0,0.0,0.0,1.0,11.376506739961794,30.489065581915668,5.0,1,117.99526514563219,28.94063937024,140.33333333333326,66.83333333333334,0,1,0,0,0,50,72,15.0,8,7,6.0,0.29400000000000004,0.6427168320210168,0,0,0,6b82aa046d5810ba
54,kubernetes_terraform_conflict,omni_direct,1.0,0.0,0.0,0.0,0.0,0.0,1.0,13.700736197310087,0.0,5.0,1,112.07888036691664,30.146499344,146.08333333333334,72.49999999999999,0,8,0,0,0,26,72,15.0,12,3,3.0,0.29400000000000004,0.5203043753540765,0,0,0,cf0164980bd6300e
54,kubernetes_terraform_conflict,omni_direct_no_dynamics,1.0,0.0,0.0,0.0,0.0,0.0,1.0,9.177984279255583,0.0,5.0,1,115.2445843669166,29.232845134940785,156.16666666666669,82.58333333333337,0,0,0,0,0,13,72,10.0,10,0,0.0,0.29400000000000004,0.5206232278631443,0,0,0,00b81f86bfe1b44b
54,kubernetes_terraform_conflict,omni_direct_no_shield,1.0,0.0,0.0,0.0,0.0,0.0,1.0,13.700736197310087,0.0,5.0,1,112.07888036691664,30.146499344,146.08333333333334,72.49999999999999,0,8,0,0,0,26,72,15.0,12,3,3.0,0.29400000000000004,0.5203043753540765,0,0,0,cf0164980bd6300e
54,kubernetes_terraform_conflict,omni_kill,1.0,0.0,0.1527777777777778,0.0,0.0,0.0,0.8472222222222222,14.10687798371621,13.158993879558452,40.0,1,97.83321236691663,30.146499344,99.49999999999999,25.91666666666665,12,3,0,0,0,67,34,22.0,6,16,6.0,0.29400000000000004,0.5848604228328234,2,2,0,faef799b4e400688
54,kubernetes_terraform_conflict,omni_switch_on,1.0000000000000002,0.05555555555555555,0.19444444444444445,0.05555555555555555,0.0,0.0,0.7916666666666666,119.44633536808058,1121.5293350344884,10.0,1,107.81971352253125,31.86,100.66666666666676,37.08333333333333,10,11,0,0,0,74,40,33.0,14,19,15.0,0.29400000000000004,0.5819637627158925,2,2,3,46ef02928ce56df0
55,kubernetes_terraform_conflict,native,0.9999999999999998,0.1111111111111111,0.5138888888888888,0.06944444444444445,0.05555555555555555,0.0,0.4722222222222222,282.7684437826925,2100.868416510991,60.0,1,126.51036820330124,41.40130536,74.41666666666667,2.25,55,17,0,0,0,194,0,78.0,34,44,34.0,0.15361740480000008,0.867641698129278,22,15,0,3c28feeb41fe922f
55,kubernetes_terraform_conflict,k8s_ref_50,0.9999999999999999,0.09722222222222222,0.125,0.0,0.09722222222222222,0.0,0.8611111111111112,4.466634861711055,0.0,25.0,1,162.5250314426893,37.04021240998637,115.66666666666671,26.83333333333335,14,2,0,0,0,114,0,9.0,3,6,3.0,0.09675671058362956,0.8130442096777406,9,6,0,4aec624f42435284
55,kubernetes_terraform_conflict,k8s_ref_60,1.0,0.125,0.125,0.0,0.125,0.0,0.8611111111111112,1.533937480321078,0.0,25.0,1,163.92600322920126,37.111096595440614,119.1666666666666,30.500000000000007,15,2,0,0,0,117,0,6.0,2,4,2.0,0.10113450113078581,0.8021940517491452,8,6,0,b506b50f99957f83
55,kubernetes_terraform_conflict,k8s_ref_70,1.0,0.125,0.125,0.0,0.125,0.0,0.8472222222222222,9.057865889895615,0.0,30.0,1,166.59897161745508,38.28873073728,123.58333333333343,33.83333333333334,14,5,0,0,0,117,0,6.0,3,3,3.0,0.11563067601636456,0.8344871029784552,7,5,0,9a6fae18c84ba29c
55,kubernetes_terraform_conflict,k8s_ref_80,1.0000000000000002,0.1111111111111111,0.125,0.0,0.1111111111111111,0.0,0.8194444444444444,20.005963631835087,57.58879788919535,40.0,1,174.38504340657067,42.58726171756812,141.41666666666666,50.75,14,4,0,0,0,133,0,7.0,7,0,0.0,0.1816005242086598,0.8250888018801883,10,5,0,a5ee04370c635131
55,kubernetes_terraform_conflict,omni_k8s_protect,1.0,0.013888888888888888,0.013888888888888888,0.0,0.013888888888888888,0.0,0.9583333333333334,5.053942948412504,0.0,5.0,1,139.69974494249752,36.77395306363816,179.75000000000006,88.41666666666669,0,2,0,0,0,47,72,16.0,13,3,3.0,0.29400000000000004,0.7156205527507502,0,0,1,4694785357a89bf6
55,kubernetes_terraform_conflict,omni_k8s_throughput,1.0,0.05555555555555555,0.05555555555555555,0.0,0.05555555555555555,0.0,0.9444444444444444,17.4474419314313,0.0,15.0,1,120.76080778329953,42.48,135.74999999999997,45.16666666666667,0,2,0,0,0,45,72,9.0,6,3,3.0,1.0797526039290175,0.7636026413372231,2,0,1,740a5fec21874f96
55,kubernetes_terraform_conflict,omni_k8s_observe,1.0,0.125,0.125,0.0,0.125,0.0,0.8472222222222222,9.057865889895615,0.0,30.0,1,166.59897161745508,38.28873073728,123.58333333333343,33.83333333333334,14,5,0,0,0,117,0,6.0,3,3,3.0,0.11563067601636456,0.8344871029784552,7,5,0,9a6fae18c84ba29c
55,kubernetes_terraform_conflict,omni_k8s_kill,1.0,0.09722222222222222,0.1111111111111111,0.0,0.09722222222222222,0.0,0.8055555555555556,5.053942948412504,0.0,50.0,1,166.35130262343847,44.2942154667868,184.75,93.41666666666667,10,3,0,0,0,114,35,13.0,13,0,0.0,0.7483375909703215,0.7602879209651043,3,3,1,ed7b61cca84b6579
55,kubernetes_terraform_conflict,omni_k8s_throughput_no_dynamics,1.0,0.06944444444444445,0.06944444444444445,0.0,0.06944444444444445,0.0,0.9305555555555556,21.70772740221603,35.67597591341589,10.0,1,125.30827871156143,48.38763511278565,147.33333333333334,56.416666666666636,0,0,0,0,0,40,72,9.0,9,0,0.0,1.74325141205491,0.7831017126827886,2,0,1,c776d9680c47af8b
55,kubernetes_terraform_conflict,omni_k8s_throughput_no_gate,1.0,0.05555555555555555,0.05555555555555555,0.0,0.05555555555555555,0.0,0.9305555555555556,35.31108396907927,124.25479884303034,10.0,1,119.67585410741337,42.48,134.66666666666666,44.333333333333336,0,5,0,0,0,59,72,16.0,10,6,6.0,1.2874328640232728,0.7236249351021978,2,0,1,e67f10cac8741364
55,kubernetes_terraform_conflict,omni_observe,0.9999999999999998,0.1111111111111111,0.5138888888888888,0.06944444444444445,0.05555555555555555,0.0,0.4722222222222222,282.7684437826925,2100.868416510991,60.0,1,126.51036820330124,41.40130536,74.41666666666667,2.25,55,17,0,0,0,194,0,78.0,34,44,34.0,0.15361740480000008,0.867641698129278,22,15,0,3c28feeb41fe922f
55,kubernetes_terraform_conflict,omni_pipeline,1.0,0.013888888888888888,0.013888888888888888,0.0,0.013888888888888888,0.0,0.9583333333333334,63.56695696620842,559.1887616840436,10.0,1,137.26636081690333,34.92321796641729,151.00000000000003,59.41666666666667,0,1,0,0,0,80,72,17.0,11,6,5.0,0.29400000000000004,0.7155653754836453,2,0,1,3bd5a287470b20d8
55,kubernetes_terraform_conflict,omni_direct,1.0,0.013888888888888888,0.013888888888888888,0.0,0.013888888888888888,0.0,0.9861111111111112,4.5404386005523065,0.0,5.0,1,135.10947414249753,34.969939239039995,165.16666666666654,73.83333333333334,0,2,0,0,0,46,72,15.0,12,3,3.0,0.29400000000000004,0.6841376103349266,0,0,1,53fe25287bf452f2
55,kubernetes_terraform_conflict,omni_direct_no_dynamics,1.0,0.027777777777777776,0.027777777777777776,0.0,0.027777777777777776,0.0,0.9583333333333334,2.112276281745835,0.0,5.0,1,135.93055856587924,35.470751637057205,164.99999999999997,73.75,0,0,0,0,0,42,72,10.0,10,0,0.0,0.3898985117939513,0.6882202339965819,0,0,0,1b0276243bd15595
55,kubernetes_terraform_conflict,omni_direct_no_shield,1.0,0.013888888888888888,0.013888888888888888,0.0,0.013888888888888888,0.0,0.9861111111111112,4.5404386005523065,0.0,5.0,1,135.90090014249745,34.969939239039995,167.75,76.41666666666669,0,2,0,0,0,47,72,16.0,13,3,3.0,0.29400000000000004,0.6782543857077399,1,0,0,faae6b244b44b614
55,kubernetes_terraform_conflict,omni_kill,0.9999999999999999,0.09722222222222222,0.2638888888888889,0.0,0.09722222222222222,0.0,0.7361111111111112,5.148431204804934,4.648359129329476,60.0,1,130.34957388692806,41.09343791437211,111.5,27.916666666666668,37,5,0,6,1,141,35,34.0,11,23,11.5,0.6820203015504804,0.8695313042968991,7,7,0,b92ad84c9ff8a0d3
55,kubernetes_terraform_conflict,omni_switch_on,0.9999999999999999,0.08333333333333333,0.2361111111111111,0.06944444444444445,0.013888888888888888,0.0,0.7222222222222222,190.00222150418446,1742.2170816328787,20.0,1,127.62799778266054,44.25,103.66666666666663,25.833333333333325,11,13,0,0,0,91,39,33.0,14,19,15.5,0.29400000000000004,0.747869429054668,2,2,4,16739cbc4af52ae9
56,kubernetes_terraform_conflict,native,1.0,0.1527777777777778,0.4166666666666667,0.125,0.05555555555555555,0.0,0.5833333333333334,572.129985473553,4871.500771214982,85.0,1,109.61399185115945,41.65695,67.49999999999999,6.416666666666667,41,8,0,0,0,166,0,58.0,23,35,23.0,0.1570259999999999,0.8317229379379187,28,20,0,5bb07479763990d8
56,kubernetes_terraform_conflict,k8s_ref_50,1.0000000000000002,0.08333333333333333,0.09722222222222222,0.0,0.08333333333333333,0.0,0.9027777777777778,9.02795544913743,2.3012159839170554,20.0,1,141.33173767830084,39.73692869334222,112.74999999999997,39.08333333333332,12,4,0,0,0,89,0,19.0,6,13,6.0,0.14233702525115777,0.8497445267558602,9,5,0,ae379bf62ae1a1fb
56,kubernetes_terraform_conflict,k8s_ref_60,1.0000000000000002,0.09722222222222222,0.09722222222222222,0.0,0.09722222222222222,0.0,0.8888888888888888,14.236098231002106,12.935976339897675,25.0,1,149.47715725199822,40.820474722752,130.4999999999999,56.00000000000001,12,3,0,0,0,79,0,10.0,6,4,4.0,0.14681862771615117,0.8482022897864898,9,5,0,a7a841bc56926891
56,kubernetes_terraform_conflict,k8s_ref_70,1.0000000000000002,0.08333333333333333,0.09722222222222222,0.0,0.08333333333333333,0.0,0.8888888888888888,24.92519900213899,0.0,25.0,1,150.83430359704988,42.50695064249806,133.5000000000001,58.66666666666668,12,3,0,0,0,76,0,9.0,6,3,3.0,0.17171818461680544,0.8582655679938501,9,6,0,83e4a7958148ce11
56,kubernetes_terraform_conflict,k8s_ref_80,1.0000000000000002,0.08333333333333333,0.08333333333333333,0.0,0.08333333333333333,0.0,0.8888888888888888,33.03826666428049,13.612490620922195,25.0,1,154.8529084389461,43.25580152688384,142.91666666666674,67.75000000000003,11,3,0,0,0,85,0,8.0,7,1,1.0,0.1792158454413979,0.8470656349242458,10,6,0,b26958eff830c143
56,kubernetes_terraform_conflict,omni_k8s_protect,1.0000000000000002,0.041666666666666664,0.041666666666666664,0.041666666666666664,0.0,0.0,0.9027777777777778,186.29861799510863,1711.028311543184,20.0,1,114.1025201879632,32.55821929151999,143.16666666666663,67.25,0,3,0,0,0,34,72,15.0,11,4,4.0,0.29400000000000004,0.6817895289944377,0,0,8,0e935d5f92ced59f
56,kubernetes_terraform_conflict,omni_k8s_throughput,1.0000000000000002,0.08333333333333333,0.08333333333333333,0.0,0.08333333333333333,0.0,0.9027777777777778,30.9558810713744,26.896060070093437,20.0,1,111.65830317729026,47.79,148.16666666666654,72.74999999999999,0,2,0,0,0,42,72,12.0,9,3,3.0,1.093218919189431,0.8248567199013429,4,0,1,68ffaeef20774790
56,kubernetes_terraform_conflict,omni_k8s_observe,1.0000000000000002,0.08333333333333333,0.09722222222222222,0.0,0.08333333333333333,0.0,0.8888888888888888,24.92519900213899,0.0,25.0,1,150.83430359704988,42.50695064249806,133.5000000000001,58.66666666666668,12,3,0,0,0,76,0,9.0,6,3,3.0,0.17171818461680544,0.8582655679938501,9,6,0,83e4a7958148ce11
56,kubernetes_terraform_conflict,omni_k8s_kill,1.0000000000000002,0.05555555555555555,0.05555555555555555,0.0,0.05555555555555555,0.0,0.9027777777777778,68.36194372860602,290.0454901643993,20.0,1,141.36733528619305,48.568799999999996,150.5,74.25,6,2,0,0,0,80,28,13.0,10,3,3.0,0.8253402484057359,0.7088883882340015,5,3,2,397305ce643f1f6c
56,kubernetes_terraform_conflict,omni_k8s_throughput_no_dynamics,1.0000000000000002,0.09722222222222222,0.09722222222222222,0.013888888888888888,0.08333333333333333,0.0,0.9027777777777778,31.209089093902385,0.0,20.0,1,119.32707846528741,50.901982809600746,163.24999999999997,87.75,0,0,0,0,0,37,72,12.0,12,0,0.0,1.0499999999999998,0.8598391621808631,6,0,1,d4ef479ecaa91437
56,kubernetes_terraform_conflict,omni_k8s_throughput_no_gate,1.0000000000000002,0.09722222222222222,0.09722222222222222,0.013888888888888888,0.08333333333333333,0.0,0.9027777777777778,48.99583261749489,132.81549016439808,20.0,1,114.0553297784888,49.559999999999995,148.58333333333331,73.75,0,3,0,0,0,46,72,17.0,12,5,5.0,1.0499999999999998,0.8499067708590955,6,0,2,77f6b1e402f1fabe
56,kubernetes_terraform_conflict,omni_observe,1.0,0.1527777777777778,0.4166666666666667,0.125,0.05555555555555555,0.0,0.5833333333333334,572.129985473553,4871.500771214982,85.0,1,109.61399185115945,41.65695,67.49999999999999,6.416666666666667,41,8,0,0,0,166,0,58.0,23,35,23.0,0.1570259999999999,0.8317229379379187,28,20,0,5bb07479763990d8
56,kubernetes_terraform_conflict,omni_pipeline,1.0,0.09722222222222222,0.09722222222222222,0.08333333333333333,0.027777777777777776,0.0,0.9027777777777778,229.0463033311549,2249.1768115431846,25.0,1,122.41479348929832,34.969939239039995,143.66666666666666,68.24999999999999,0,1,0,0,0,78,72,16.0,9,7,7.0,0.29400000000000004,0.8152763247405996,2,0,1,63995cfba611e49c
56,kubernetes_terraform_conflict,omni_direct,1.0000000000000002,0.041666666666666664,0.041666666666666664,0.041666666666666664,0.0,0.0,0.9027777777777778,177.68764265802054,1633.3683115431838,20.0,1,113.91785412129653,32.55821929151999,142.4166666666667,66.5,0,4,0,0,0,35,72,13.0,9,4,4.0,0.29400000000000004,0.6809142998454057,0,0,5,2929fc263e34da74
56,kubernetes_terraform_conflict,omni_direct_no_dynamics,1.0000000000000002,0.041666666666666664,0.041666666666666664,0.041666666666666664,0.0,0.0,0.9166666666666666,172.52105745576762,1586.772311543183,20.0,1,115.84365738796322,32.55821929151999,148.66666666666669,72.83333333333333,0,0,0,0,0,25,72,7.0,7,0,0.0,0.29400000000000004,0.665444097497221,0,0,5,ac1bda49f59781d5
56,kubernetes_terraform_conflict,omni_direct_no_shield,1.0000000000000002,0.013888888888888888,0.013888888888888888,0.013888888888888888,0.0,0.0,0.9027777777777778,158.50991446865726,1590.4788115431834,20.0,1,116.12907955132343,33.76407926528,149.58333333333343,73.41666666666663,0,8,0,0,0,48,72,16.0,12,4,4.0,0.31418679497133506,0.6849766547469279,1,0,0,6bf1793da953028a
56,kubernetes_terraform_conflict,omni_kill,1.0000000000000002,0.05555555555555555,0.2222222222222222,0.0,0.05555555555555555,0.0,0.75,70.72892138476219,399.497939060025,60.0,1,110.68687386456864,48.568799999999996,92.08333333333346,22.833333333333332,30,7,0,4,1,126,28,35.0,11,24,11.5,0.7971840000000001,0.8148797665471125,9,7,0,fab62415bbde0452
56,kubernetes_terraform_conflict,omni_switch_on,1.0000000000000002,0.125,0.2638888888888889,0.1111111111111111,0.027777777777777776,0.0,0.7361111111111112,436.7066342326526,3821.4948115431844,30.0,1,112.32768005614514,46.019999999999996,110.3333333333333,44.75000000000001,10,15,0,0,0,86,46,35.0,16,19,15.0,0.29400000000000004,0.7177859816838784,2,2,3,e0d522a41c3015db
57,kubernetes_terraform_conflict,native,0.998984983125112,0.2777777777777778,0.6527777777777778,0.20833333333333334,0.16666666666666666,0.1111111111111111,0.3472222222222222,1403.9848590786942,8847.118370984641,145.0,1,159.87468729368513,55.769277410288815,106.0,15.499999999999998,76,13,0,0,0,246,0,94.0,42,52,42.0,0.3451903654705175,1.1278947497589822,52,38,0,a11514fc4c3b7fd4
57,kubernetes_terraform_conflict,k8s_ref_50,1.0000000000000002,0.2916666666666667,0.3055555555555556,0.1111111111111111,0.2361111111111111,0.20833333333333334,0.5694444444444444,429.77071839503367,3056.8588160290406,110.0,1,200.35325858029958,62.127,168.58333333333331,61.41666666666665,24,2,0,2,1,193,0,32.0,19,13,12.5,0.6212614582203516,0.9723881797953811,29,19,0,f8be9182e636af6c
57,kubernetes_terraform_conflict,k8s_ref_60,1.0000000000000002,0.2916666666666667,0.3333333333333333,0.1111111111111111,0.2361111111111111,0.20833333333333334,0.5138888888888888,429.77071839503367,3056.8588160290406,120.0,1,203.97726266646205,62.127,178.24999999999997,71.08333333333331,26,2,0,2,1,180,0,23.0,19,4,3.5,0.6123795396726075,0.9257905955404575,31,21,0,dff63d63499c0418
57,kubernetes_terraform_conflict,k8s_ref_70,1.0000000000000002,0.3055555555555556,0.3194444444444444,0.125,0.25,0.20833333333333334,0.4861111111111111,466.9953362672507,3168.1625061226505,140.0,1,205.74928982447233,58.940999999999995,182.66666666666652,75.41666666666667,24,2,0,3,2,173,0,21.0,19,2,1.5,0.5903196992324704,0.9129223427429868,30,20,0,005f66a8115bed62
57,kubernetes_terraform_conflict,k8s_ref_80,1.0,0.3055555555555556,0.3194444444444444,0.1527777777777778,0.25,0.20833333333333334,0.4861111111111111,511.14686064628756,3489.0643302297613,140.0,1,206.08204249235766,56.783470467777754,182.74999999999986,75.25,23,3,0,3,2,181,0,21.0,19,2,1.5,0.43088803145255716,0.9121457189013559,29,19,0,293fe4857fd6db1e
57,kubernetes_terraform_conflict,omni_k8s_protect,1.0000000000000002,0.2638888888888889,0.2638888888888889,0.2638888888888889,0.0,0.0,0.7361111111111112,1553.2721550385177,8123.293855092836,60.0,1,148.32846794497686,33.76407926528,155.66666666666657,44.74999999999999,0,2,0,0,0,52,72,12.0,8,4,4.0,0.29400000000000004,0.7670939049755215,0,0,22,447a16dc3c44b777
57,kubernetes_terraform_conflict,omni_k8s_throughput,1.0,0.18055555555555555,0.18055555555555555,0.013888888888888888,0.1527777777777778,0.06944444444444445,0.7777777777777778,136.68107841099365,1421.7687236510744,40.0,1,155.76828349728163,61.949999999999996,185.24999999999986,79.5,0,3,0,0,0,82,72,23.0,20,3,3.0,1.269144226697222,1.0128067692442588,9,0,5,e6a8a55f9302cf86
57,kubernetes_terraform_conflict,omni_k8s_observe,1.0000000000000002,0.3055555555555556,0.3194444444444444,0.125,0.25,0.20833333333333334,0.4861111111111111,466.9953362672507,3168.1625061226505,140.0,1,205.74928982447233,58.940999999999995,182.66666666666652,75.41666666666667,24,2,0,3,2,173,0,21.0,19,2,1.5,0.5903196992324704,0.9129223427429868,30,20,0,005f66a8115bed62
57,kubernetes_terraform_conflict,omni_k8s_kill,1.0000000000000002,0.2638888888888889,0.2638888888888889,0.027777777777777776,0.2222222222222222,0.1527777777777778,0.5416666666666666,197.00972211998544,1759.2102792446744,130.0,1,188.9183005546065,56.12495137797055,193.33333333333346,85.33333333333331,16,2,0,0,0,146,29,23.0,20,3,3.0,0.960416064320682,0.8511962198933876,16,10,2,e3c3e3e41abd597f
57,kubernetes_terraform_conflict,omni_k8s_throughput_no_dynamics,1.0,0.2361111111111111,0.2361111111111111,0.013888888888888888,0.20833333333333334,0.125,0.7361111111111112,130.61602428208317,1421.856112276307,55.0,1,164.64820476303535,63.14371050024732,188.58333333333343,82.99999999999997,0,0,0,0,0,75,72,20.0,20,0,0.0,1.0499999999999998,1.0177249519897158,9,0,5,6207d8f5728e25f2
57,kubernetes_terraform_conflict,omni_k8s_throughput_no_gate,1.0,0.18055555555555555,0.18055555555555555,0.041666666666666664,0.1527777777777778,0.06944444444444445,0.7777777777777778,186.32989872477253,1772.1545119491232,40.0,1,157.39554930947781,62.84299632866103,183.16666666666657,78.08333333333333,0,6,0,0,0,84,72,27.0,22,5,5.0,1.2822205378473768,1.01652748281509,10,0,6,6d7f655d226b4165
57,kubernetes_terraform_conflict,omni_observe,0.998984983125112,0.2777777777777778,0.6527777777777778,0.20833333333333334,0.16666666666666666,0.1111111111111111,0.3472222222222222,1403.9848590786942,8847.118370984641,145.0,1,159.87468729368513,55.769277410288815,106.0,15.499999999999998,76,13,0,0,0,246,0,94.0,42,52,42.0,0.3451903654705175,1.1278947497589822,52,38,0,a11514fc4c3b7fd4
57,kubernetes_terraform_conflict,omni_pipeline,1.0,0.25,0.25,0.25,0.013888888888888888,0.0,0.7361111111111112,1529.7376931517558,7956.522339001483,60.0,1,153.67404012379012,34.697400012215375,153.08333333333331,41.916666666666664,0,1,0,0,0,111,72,14.0,9,5,4.0,0.29400000000000004,0.8021985291185525,2,0,8,6295266db8420482
57,kubernetes_terraform_conflict,omni_direct,1.0000000000000002,0.2638888888888889,0.2638888888888889,0.2638888888888889,0.0,0.0,0.7222222222222222,1659.6681830246266,8526.01498910719,65.0,1,147.77446974497687,32.79512084361891,153.99999999999997,43.16666666666666,0,4,0,0,0,49,72,13.0,9,4,4.0,0.29400000000000004,0.7647611541671939,0,0,21,2ac53bc5394162a8
57,kubernetes_terraform_conflict,omni_direct_no_dynamics,1.0,0.2638888888888889,0.2638888888888889,0.2638888888888889,0.0,0.0,0.7222222222222222,1646.8287436017024,8492.549941620113,65.0,1,149.54198781164362,32.7548440028842,159.83333333333331,49.00000000000001,0,0,0,0,0,41,72,8.0,8,0,0.0,0.29400000000000004,0.7473170982832036,0,0,22,735f2dea8440f45c
57,kubernetes_terraform_conflict,omni_direct_no_shield,1.0,0.2638888888888889,0.2638888888888889,0.2361111111111111,0.1111111111111111,0.0,0.7361111111111112,1324.2527194817444,7398.760417832671,60.0,1,150.78188854497688,35.198354231089986,163.91666666666663,52.91666666666668,0,4,0,0,0,71,72,18.0,14,4,4.0,0.29400000000000004,0.81952267121069,2,0,0,3821fbe8c95e9c19
57,kubernetes_terraform_conflict,omni_kill,1.0000000000000002,0.20833333333333334,0.3888888888888889,0.041666666666666664,0.1388888888888889,0.1111111111111111,0.6111111111111112,329.1489808979287,2202.435920478902,105.0,1,158.16414755768562,55.754999999999995,127.83333333333327,26.583333333333332,59,7,0,17,4,202,29,48.0,17,31,19.0,1.1898074443440594,1.1278866531512233,25,18,1,6a774a3e5b6db13e
57,kubernetes_terraform_conflict,omni_switch_on,1.0000000000000002,0.3194444444444444,0.4444444444444444,0.3194444444444444,0.013888888888888888,0.0,0.5555555555555556,2217.1653297566963,10033.381640707556,75.0,1,149.2990631543864,44.25,114.49999999999997,18.25,9,13,0,0,0,108,45,30.0,13,17,13.5,0.29400000000000004,0.8039428903690714,2,2,17,ce42f0a7f18dfa93
58,kubernetes_terraform_conflict,native,1.0000000000000004,0.0,0.3472222222222222,0.0,0.0,0.0,0.625,98.62455764147138,633.5780016400815,50.0,1,104.1570080806354,31.86,60.83333333333328,2.083333333333333,29,14,0,0,0,149,0,62.0,25,37,25.0,0.0232,0.6112937084350507,4,4,0,0bab0a1f68507b30
58,kubernetes_terraform_conflict,k8s_ref_50,1.0,0.0,0.041666666666666664,0.0,0.0,0.0,0.9583333333333334,0.0,0.0,20.0,1,136.233799309642,31.2228,99.66666666666667,26.66666666666665,3,0,0,0,0,62,0,7.0,0,7,0.0,0.022354720266641204,0.738921678578952,3,3,0,e213252e61ebd91f
58,kubernetes_terraform_conflict,k8s_ref_60,1.0,0.0,0.1111111111111111,0.0,0.0,0.0,0.8888888888888888,0.0,0.0,20.0,1,140.87934995774916,32.836738891540165,110.50000000000013,36.999999999999986,8,2,0,0,0,76,0,3.0,0,3,0.0,0.06141995626447727,0.7411729479868988,8,8,0,c1c3815546aa8e51
58,kubernetes_terraform_conflict,k8s_ref_70,1.0,0.0,0.09722222222222222,0.0,0.0,0.0,0.9027777777777778,0.9340697311507332,0.0,20.0,1,145.37559640295333,33.689926630899485,121.16666666666683,47.666666666666686,9,3,0,0,0,66,0,2.0,1,1,1.0,0.08412380797249464,0.7282775571231715,7,7,0,e2288178ec4f0243
58,kubernetes_terraform_conflict,k8s_ref_80,1.0,0.013888888888888888,0.05555555555555555,0.0,0.013888888888888888,0.0,0.9444444444444444,3.9896252867062887,0.0,10.0,1,148.66724905531876,37.73339615397907,128.9999999999999,55.416666666666664,7,2,0,0,0,68,0,2.0,2,0,0.0,0.15189192434619136,0.723594382774702,4,4,0,f66513cbd2d0421d
58,kubernetes_terraform_conflict,omni_k8s_protect,1.0,0.0,0.0,0.0,0.0,0.0,1.0,3.3979586200396232,0.0,5.0,1,111.05720319038278,26.558868955109222,141.08333333333337,67.5,0,3,0,0,0,14,72,9.0,7,2,2.0,0.29400000000000004,0.5266088576344881,0,0,0,2729086fae588946
58,kubernetes_terraform_conflict,omni_k8s_throughput,1.0,0.013888888888888888,0.013888888888888888,0.0,0.013888888888888888,0.0,0.9861111111111112,3.947958620039619,0.0,5.0,1,98.3928993941511,37.693748153979065,123.00000000000003,49.41666666666667,0,2,0,0,0,28,72,6.0,2,4,2.0,1.0499999999999998,0.499897898479487,0,0,0,94db703b0452e8ce
58,kubernetes_terraform_conflict,omni_k8s_observe,1.0,0.0,0.09722222222222222,0.0,0.0,0.0,0.9027777777777778,0.9340697311507332,0.0,20.0,1,145.37559640295333,33.689926630899485,121.16666666666683,47.666666666666686,9,3,0,0,0,66,0,2.0,1,1,1.0,0.08412380797249464,0.7282775571231715,7,7,0,e2288178ec4f0243
58,kubernetes_terraform_conflict,omni_k8s_kill,1.0,0.0,0.0,0.0,0.0,0.0,1.0,3.3979586200396232,0.0,5.0,1,109.39520859038282,26.558868955109222,135.66666666666677,62.08333333333334,0,2,0,0,0,37,20,5.0,4,1,1.0,0.29400000000000004,0.5287353847191529,0,0,0,d43413e11e9acf67
58,kubernetes_terraform_conflict,omni_k8s_throughput_no_dynamics,1.0,0.013888888888888888,0.013888888888888888,0.0,0.013888888888888888,0.0,0.9861111111111112,3.7674030644840633,0.0,5.0,1,100.03949499415113,37.521940153979074,128.9999999999999,55.416666666666664,0,0,0,0,0,19,72,2.0,2,0,0.0,1.0499999999999998,0.48310695338817183,0,0,0,a0196c87d9b0d636
58,kubernetes_terraform_conflict,omni_k8s_throughput_no_gate,1.0,0.013888888888888888,0.013888888888888888,0.0,0.013888888888888888,0.0,0.9861111111111112,4.9391514941532835,0.0,5.0,1,97.14839388765151,37.169999999999995,118.00000000000003,44.416666666666664,0,3,0,0,0,31,72,9.0,3,6,3.0,1.0747731091765789,0.5078297303145812,0,0,0,0124cf7dd43267a0
58,kubernetes_terraform_conflict,omni_observe,1.0000000000000004,0.0,0.3472222222222222,0.0,0.0,0.0,0.625,98.62455764147138,633.5780016400815,50.0,1,104.1570080806354,31.86,60.83333333333328,2.083333333333333,29,14,0,0,0,149,0,62.0,25,37,25.0,0.0232,0.6112937084350507,4,4,0,0bab0a1f68507b30
58,kubernetes_terraform_conflict,omni_pipeline,1.0,0.0,0.0,0.0,0.0,0.0,1.0,0.0,0.0,5.0,1,119.6387194869992,25.937716795530456,144.33333333333334,70.83333333333331,0,1,0,0,0,65,72,15.0,8,7,7.0,0.29400000000000004,0.6355963777239244,0,0,0,d550d4d57c95c9c4
58,kubernetes_terraform_conflict,omni_direct,1.0,0.0,0.0,0.0,0.0,0.0,1.0,2.9861252867062893,0.0,5.0,1,111.53205879038279,26.282201087717226,142.5833333333333,68.99999999999997,0,8,0,0,0,19,72,9.0,7,2,2.0,0.29400000000000004,0.5257883573807716,0,0,0,f2fc807252b1e617
58,kubernetes_terraform_conflict,omni_direct_no_dynamics,1.0,0.0,0.0,0.0,0.0,0.0,1.0,1.7702363978174023,0.0,5.0,1,114.59266358586474,28.003026491675914,151.83333333333331,78.33333333333334,0,0,0,0,0,17,72,7.0,7,0,0.0,0.41564213483381285,0.533749193054413,0,0,0,f055cd33f6f66049
58,kubernetes_terraform_conflict,omni_direct_no_shield,1.0,0.0,0.0,0.0,0.0,0.0,1.0,2.9861252867062893,0.0,5.0,1,111.53205879038279,26.282201087717226,142.5833333333333,68.99999999999997,0,8,0,0,0,19,72,9.0,7,2,2.0,0.29400000000000004,0.5257883573807716,0,0,0,f2fc807252b1e617
58,kubernetes_terraform_conflict,omni_kill,1.0000000000000004,0.0,0.20833333333333334,0.0,0.0,0.0,0.7916666666666666,5.020106142223024,18.864066741470186,75.0,1,95.70353879038281,26.282201087717226,91.33333333333331,17.666666666666647,15,17,0,0,0,99,20,34.0,12,22,12.0,0.29400000000000004,0.5616805857036699,2,2,0,4142d0b4a2e53471
58,kubernetes_terraform_conflict,omni_switch_on,1.0,0.0,0.08333333333333333,0.0,0.0,0.0,0.9027777777777778,46.909060510925265,374.19734984844945,5.0,1,109.38154192112407,31.86,114.74999999999989,46.166666666666686,6,5,0,0,0,59,54,29.0,13,16,13.5,0.34345640796850296,0.5516651798004802,2,2,1,bc7a49fa28f27d2c
59,kubernetes_terraform_conflict,native,0.9999999999999998,0.2638888888888889,0.6805555555555556,0.20833333333333334,0.1527777777777778,0.09722222222222222,0.3194444444444444,1043.207155421054,5901.444255191441,110.0,1,153.373876047234,55.24402838876892,104.41666666666667,17.166666666666664,76,14,0,0,0,259,0,102.0,45,57,45.5,0.33818704518358556,1.1743304062016338,53,39,0,a9e0380bf6f930d4
59,kubernetes_terraform_conflict,k8s_ref_50,1.0000000000000002,0.2638888888888889,0.2777777777777778,0.0,0.19444444444444445,0.18055555555555555,0.625,214.33837649038858,1804.3658490286775,80.0,1,192.60651153446742,54.66471763586338,166.50000000000003,65.75000000000001,27,3,0,0,0,186,0,34.0,21,13,13.0,0.3651961707056761,1.0115653349521694,31,20,0,de39ea5d9868b6ad
59,kubernetes_terraform_conflict,k8s_ref_60,1.0,0.2777777777777778,0.2777777777777778,0.0,0.20833333333333334,0.19444444444444445,0.6111111111111112,185.30779908238077,1575.6892304433425,85.0,1,197.8552803116964,54.143472237074064,179.33333333333343,78.24999999999999,26,2,0,0,0,169,0,23.0,20,3,3.0,0.35219487616267897,0.9657748050667261,28,18,0,6e7ab4fb2293eeee
59,kubernetes_terraform_conflict,k8s_ref_70,1.0,0.2777777777777778,0.2777777777777778,0.027777777777777776,0.20833333333333334,0.19444444444444445,0.6111111111111112,232.88657239802836,1918.256398316005,85.0,1,198.078328174,55.08523036841319,179.33333333333343,77.99999999999999,27,3,0,0,0,176,0,23.0,20,3,3.0,0.3548960495982242,0.9657757010660234,30,20,0,801861ba1516446b
59,kubernetes_terraform_conflict,k8s_ref_80,1.0000000000000002,0.2638888888888889,0.2777777777777778,0.05555555555555555,0.19444444444444445,0.19444444444444445,0.5972222222222222,255.19533405761706,2077.9094164750272,90.0,1,199.11367522029713,61.541137271504084,181.3333333333332,79.91666666666669,27,3,0,1,1,168,0,22.0,20,2,2.0,0.5315874912736277,0.9580362709725114,31,21,0,46306b8a6d45c6fb
59,kubernetes_terraform_conflict,omni_k8s_protect,1.0000000000000004,0.2638888888888889,0.2638888888888889,0.2638888888888889,0.0,0.0,0.7222222222222222,1476.5012205648356,7507.9656439364035,50.0,1,142.1950686542473,32.82424594033979,152.99999999999997,48.166666666666664,0,3,0,0,0,48,72,15.0,11,4,4.0,0.29400000000000004,0.7805902348759856,0,0,22,bfa1e743558c3670
59,kubernetes_terraform_conflict,omni_k8s_throughput,1.0,0.20833333333333334,0.20833333333333334,0.013888888888888888,0.19444444444444445,0.08333333333333333,0.7638888888888888,73.8361578856573,526.5005045774601,30.0,1,149.69229581549462,58.51639782583282,179.91666666666677,79.33333333333334,0,2,0,0,0,74,72,20.0,18,2,2.0,1.1573593875548274,1.0116083174797326,9,0,3,e647dd6b0e7a8298
59,kubernetes_terraform_conflict,omni_k8s_observe,1.0,0.2777777777777778,0.2777777777777778,0.027777777777777776,0.20833333333333334,0.19444444444444445,0.6111111111111112,232.88657239802836,1918.256398316005,85.0,1,198.078328174,55.08523036841319,179.33333333333343,77.99999999999999,27,3,0,0,0,176,0,23.0,20,3,3.0,0.3548960495982242,0.9657757010660234,30,20,0,801861ba1516446b
59,kubernetes_terraform_conflict,omni_k8s_kill,1.0000000000000002,0.2361111111111111,0.2361111111111111,0.027777777777777776,0.16666666666666666,0.125,0.6666666666666666,141.58007260346284,1305.173153704581,70.0,1,177.66254154942808,54.083318882824955,180.1666666666668,78.24999999999999,19,2,0,0,0,146,30,20.0,17,3,3.0,0.9972642247267154,0.9480592176820059,16,11,2,691a49991bc0d2ac
59,kubernetes_terraform_conflict,omni_k8s_throughput_no_dynamics,1.0,0.2638888888888889,0.2638888888888889,0.013888888888888888,0.2361111111111111,0.1388888888888889,0.7083333333333334,72.45734215396675,526.5005045774601,50.0,1,163.4575803490876,58.96479782583282,188.75000000000009,88.24999999999999,0,0,0,0,0,67,72,20.0,20,0,0.0,1.0920045851460722,1.0972543029186084,9,0,3,afb047c201dda769
59,kubernetes_terraform_conflict,omni_k8s_throughput_no_gate,1.0,0.20833333333333334,0.20833333333333334,0.013888888888888888,0.19444444444444445,0.06944444444444445,0.7638888888888888,134.3350840453105,1436.5615715473007,30.0,1,146.73735951060934,58.06799782583281,172.6666666666666,72.99999999999997,0,4,0,0,0,79,72,24.0,19,5,5.0,1.1668198327555401,1.0200241140546153,9,0,5,762fd7da66a779a7
59,kubernetes_terraform_conflict,omni_observe,0.9999999999999998,0.2638888888888889,0.6805555555555556,0.20833333333333334,0.1527777777777778,0.09722222222222222,0.3194444444444444,1043.207155421054,5901.444255191441,110.0,1,153.373876047234,55.24402838876892,104.41666666666667,17.166666666666664,76,14,0,0,0,259,0,102.0,45,57,45.5,0.33818704518358556,1.1743304062016338,53,39,0,a9e0380bf6f930d4
59,kubernetes_terraform_conflict,omni_pipeline,1.0000000000000002,0.2638888888888889,0.2638888888888889,0.2638888888888889,0.027777777777777776,0.0,0.7222222222222222,1539.9531094289512,7475.196822972277,45.0,1,147.57187833619838,34.969939239039995,149.25000000000009,44.41666666666665,0,1,0,0,0,99,72,14.0,9,5,4.0,0.29400000000000004,0.8518559023798691,1,0,5,273af2dbff8ecceb
59,kubernetes_terraform_conflict,omni_direct,1.0000000000000004,0.2638888888888889,0.2638888888888889,0.2638888888888889,0.0,0.0,0.7222222222222222,1490.4185580172116,7578.018669921561,50.0,1,141.9312599875807,32.71669788497738,152.00000000000003,47.250000000000014,0,2,0,0,0,44,72,11.0,8,3,3.0,0.29400000000000004,0.7817870925651719,0,0,20,07331a010900db81
59,kubernetes_terraform_conflict,omni_direct_no_dynamics,1.0000000000000004,0.25,0.25,0.25,0.0,0.0,0.7222222222222222,1434.7083452392096,7379.423997654199,50.0,1,143.7642555250051,32.79640005264705,157.58333333333337,52.916666666666686,0,0,0,0,0,40,72,8.0,8,0,0.0,0.40076254009287826,0.7671925464745353,0,0,20,0d3352499d39243a
59,kubernetes_terraform_conflict,omni_direct_no_shield,1.0000000000000004,0.25,0.25,0.25,0.027777777777777776,0.0,0.7361111111111112,1187.4964480840022,6164.333465230554,45.0,1,143.98896758758062,34.98582082938781,158.75000000000006,53.91666666666669,0,4,0,0,0,71,72,16.0,12,4,4.0,0.29400000000000004,0.8270605893309319,2,0,0,3cc6abe1bbd9be68
59,kubernetes_terraform_conflict,omni_kill,1.0000000000000002,0.2361111111111111,0.4027777777777778,0.027777777777777776,0.18055555555555555,0.125,0.5972222222222222,307.3296605425738,1672.926934819677,85.0,1,149.42556827608473,50.66795774775541,121.33333333333331,25.500000000000007,62,10,0,18,3,209,30,50.0,18,32,19.5,1.0647358216479155,1.1910298936614359,21,15,1,4ea2c7aa218e1444
59,kubernetes_terraform_conflict,omni_switch_on,1.0000000000000002,0.3055555555555556,0.4305555555555556,0.3055555555555556,0.013888888888888888,0.0,0.5555555555555556,2001.6053554463278,9084.273951810646,60.0,1,142.72441249627545,44.25,116.24999999999999,24.833333333333325,9,13,0,0,0,109,44,32.0,15,17,13.5,0.29400000000000004,0.8000590012913253,2,2,10,437b6a4989585445
60,kubernetes_terraform_conflict,native,0.9999999999999994,0.2916666666666667,0.6527777777777778,0.1388888888888889,0.19444444444444445,0.027777777777777776,0.3472222222222222,562.8290696875623,3874.4532383297674,80.0,1,138.4409343698646,47.458790799659994,83.08333333333337,2.2499999999999996,84,17,0,0,0,267,0,94.0,42,52,42.0,0.2688140705970199,1.0751164009809742,37,25,0,88dc10d349a761a2
60,kubernetes_terraform_conflict,k8s_ref_50,1.0,0.2361111111111111,0.2916666666666667,0.0,0.2361111111111111,0.027777777777777776,0.6666666666666666,2.057583367650624,1.0589865036146942,35.0,1,167.65614516953266,38.4346565208423,119.66666666666666,27.250000000000007,33,1,0,0,0,148,0,12.0,4,8,4.0,0.15718613467264242,0.9369365742392235,16,12,0,924a0068781775af
60,kubernetes_terraform_conflict,k8s_ref_60,1.0000000000000002,0.2916666666666667,0.2916666666666667,0.0,0.2916666666666667,0.027777777777777776,0.6666666666666666,3.615305817722919,3.4272048198771463,35.0,1,170.01814148430842,38.43468525588507,124.24999999999994,31.333333333333332,33,2,0,0,0,152,0,9.0,4,5,4.0,0.12687252016415984,0.9185436135809667,16,12,0,d1af78368386f34d
60,kubernetes_terraform_conflict,k8s_ref_70,1.0,0.2916666666666667,0.2916666666666667,0.0,0.2916666666666667,0.06944444444444445,0.6666666666666666,5.4476799926851145,0.0,35.0,1,172.62441332674814,38.43469483605081,128.83333333333331,35.166666666666664,32,3,0,0,0,152,0,7.0,4,3,3.0,0.12350145714991001,0.914242682320989,14,11,0,898a9100aa7ebddf
60,kubernetes_terraform_conflict,k8s_ref_80,1.0,0.3055555555555556,0.3194444444444444,0.0,0.2777777777777778,0.18055555555555555,0.625,16.29711259736804,77.57843668888387,50.0,1,184.76482722708695,42.01257489358562,153.83333333333331,56.91666666666666,34,2,0,0,0,167,0,8.0,8,0,0.0,0.25424467363807257,0.954414686074994,20,13,0,439245c9f3096272
60,kubernetes_terraform_conflict,omni_k8s_protect,1.0,0.013888888888888888,0.013888888888888888,0.0,0.013888888888888888,0.0,0.9444444444444444,8.871671931470011,0.0,10.0,1,146.8219224740576,34.969939239039995,184.2500000000001,86.66666666666667,0,3,0,0,0,71,72,20.0,17,3,3.0,0.29400000000000004,0.7644218497958764,0,0,2,72cb064ed746809e
60,kubernetes_terraform_conflict,omni_k8s_throughput,1.0,0.06944444444444445,0.06944444444444445,0.0,0.06944444444444445,0.0,0.9305555555555556,19.707006177706965,77.91629202617122,5.0,1,135.9578440259104,49.555238433966,162.91666666666657,65.58333333333333,0,2,0,0,0,64,72,14.0,11,3,3.0,2.4717475473372663,0.8021192186763477,2,0,0,39e7e8494a8abcce
60,kubernetes_terraform_conflict,omni_k8s_observe,1.0,0.2916666666666667,0.2916666666666667,0.0,0.2916666666666667,0.06944444444444445,0.6666666666666666,5.4476799926851145,0.0,35.0,1,172.62441332674814,38.43469483605081,128.83333333333331,35.166666666666664,32,3,0,0,0,152,0,7.0,4,3,3.0,0.12350145714991001,0.914242682320989,14,11,0,898a9100aa7ebddf
60,kubernetes_terraform_conflict,omni_k8s_kill,1.0,0.2916666666666667,0.3055555555555556,0.0,0.2638888888888889,0.16666666666666666,0.6388888888888888,8.871671931470011,0.0,50.0,1,176.17878837418135,43.12997212591369,164.58333333333343,67.0,29,2,0,0,0,162,19,10.0,9,1,1.0,0.8778186527306131,0.9558428267855128,10,10,1,1040286e13bbf8ca
60,kubernetes_terraform_conflict,omni_k8s_throughput_no_dynamics,1.0,0.06944444444444445,0.06944444444444445,0.0,0.06944444444444445,0.0,0.9305555555555556,20.688675028272396,87.25209741697468,5.0,1,136.80426533560887,49.55626712184743,166.66666666666669,69.33333333333333,0,0,0,0,0,59,72,11.0,11,0,0.0,2.4685513672862376,0.7830171394316195,2,0,1,3e3a6f2a411676a6
60,kubernetes_terraform_conflict,omni_k8s_throughput_no_gate,1.0000000000000002,0.06944444444444445,0.06944444444444445,0.0,0.06944444444444445,0.0,0.9305555555555556,24.579167632322864,162.15575813575032,5.0,1,135.0951456059444,49.57522981973027,160.91666666666669,63.749999999999986,0,5,0,0,0,72,72,18.0,13,5,5.0,2.5159150882953587,0.7920489929975338,2,0,1,bfae6edc1bd60b0a
60,kubernetes_terraform_conflict,omni_observe,0.9999999999999994,0.2916666666666667,0.6527777777777778,0.1388888888888889,0.19444444444444445,0.027777777777777776,0.3472222222222222,562.8290696875623,3874.4532383297674,80.0,1,138.4409343698646,47.458790799659994,83.08333333333337,2.2499999999999996,84,17,0,0,0,267,0,94.0,42,52,42.0,0.2688140705970199,1.0751164009809742,37,25,0,88dc10d349a761a2
60,kubernetes_terraform_conflict,omni_pipeline,1.0,0.013888888888888888,0.013888888888888888,0.0,0.013888888888888888,0.0,0.875,134.45358887264487,1044.0166176218434,5.0,1,148.17633426523795,34.95551878069348,165.8333333333334,67.24999999999999,0,1,0,0,0,109,72,19.0,13,6,5.5,0.29400000000000004,0.8179459192118566,2,0,1,4b3c8b9e994babe5
60,kubernetes_terraform_conflict,omni_direct,1.0,0.0,0.0,0.0,0.0,0.0,1.0,11.407318912440859,0.0,5.0,1,144.2365975407243,33.36906242537915,175.9166666666665,78.16666666666669,0,4,0,0,0,63,72,18.0,15,3,3.0,0.29400000000000004,0.7606796372079722,0,0,4,2b049c7bcf086b1c
60,kubernetes_terraform_conflict,omni_direct_no_dynamics,1.0,0.0,0.0,0.0,0.0,0.0,1.0,9.201068912440869,0.0,5.0,1,145.21268960739098,33.36906242537915,179.08333333333331,81.3333333333333,0,0,0,0,0,58,72,13.0,13,0,0.0,0.29400000000000004,0.7559269098403613,0,0,2,a255a678145b9bd9
60,kubernetes_terraform_conflict,omni_direct_no_shield,1.0,0.0,0.0,0.0,0.0,0.0,0.9722222222222222,11.407318912440859,0.0,10.0,1,144.9488809407243,34.00220322537915,178.16666666666652,80.41666666666669,0,4,0,0,0,75,72,18.0,15,3,3.0,0.29400000000000004,0.7793474072072145,3,0,0,b0e37f90dd4710d3
60,kubernetes_terraform_conflict,omni_kill,0.9999999999999999,0.2361111111111111,0.4583333333333333,0.0,0.2361111111111111,0.0,0.5416666666666666,18.778639938088677,112.05576626989709,95.0,1,141.8777992268068,42.89543730239029,102.5,15.249999999999998,76,20,0,19,7,256,19,54.0,18,36,21.5,0.9514264796310725,1.0270641403232368,18,13,0,bb1b9c205b8c4fcb
60,kubernetes_terraform_conflict,omni_switch_on,0.9999999999999999,0.1388888888888889,0.2222222222222222,0.125,0.013888888888888888,0.0,0.625,550.7132702095702,2454.962244731798,20.0,1,137.7825876812133,44.25,120.83333333333344,31.750000000000007,6,7,0,0,0,105,55,26.0,11,15,11.5,0.29400000000000004,0.8538200874742102,2,2,3,4ff294ef7167dade
61,alert_incident,native,1.0000000000000004,0.0,0.4444444444444444,0.0,0.0,0.0,0.5416666666666666,119.26923584549311,557.8770128579266,85.0,1,103.85089793733853,24.65438694595256,59.58333333333329,1.4999999999999996,34,12,0,0,0,175,0,70.0,29,41,29.0,0.0,0.6487905612879464,2,2,0,053a4d119e4834ba
61,alert_incident,k8s_ref_50,1.0,0.0,0.0,0.0,0.0,0.0,1.0,0.0,0.0,5.0,1,139.95264997319615,26.72945412728338,104.41666666666674,31.333333333333325,0,0,0,0,0,50,0,6.0,0,6,0.0,0.0,0.5557901521488507,0,0,0,eaec88b95464a795
61,alert_incident,k8s_ref_60,1.0,0.0,0.0,0.0,0.0,0.0,1.0,0.0,0.0,5.0,1,146.71601663986286,27.177854127283382,120.00000000000013,46.916666666666686,0,2,0,0,0,53,0,0.0,0,0,0.0,0.0,0.5272367583230001,0,0,0,1d71292029485eb1
61,alert_incident,k8s_ref_70,1.0,0.0,0.0,0.0,0.0,0.0,1.0,0.0,0.0,5.0,1,146.71601663986286,27.177854127283382,120.00000000000013,46.916666666666686,0,2,0,0,0,53,0,0.0,0,0,0.0,0.0,0.5272367583230001,0,0,0,436192d7c43aef86
61,alert_incident,k8s_ref_80,1.0,0.0,0.0,0.0,0.0,0.0,1.0,0.0,0.0,5.0,1,146.71601663986286,27.177854127283382,120.00000000000013,46.916666666666686,0,2,0,0,0,54,0,0.0,0,0,0.0,0.0,0.5272367583230001,0,0,0,3f235ac94d29674a
61,alert_incident,omni_k8s_protect,1.0,0.0,0.0,0.0,0.0,0.0,1.0,0.0,0.0,5.0,1,112.05024143396122,22.63157902930735,145.41666666666666,72.33333333333334,0,2,0,0,0,45,72,7.0,6,1,1.0,0.29400000000000004,0.3865312810931264,0,0,0,38c711d1c46f4edb
61,alert_incident,omni_k8s_throughput,1.0,0.0,0.0,0.0,0.0,0.0,1.0,0.0,0.0,5.0,1,93.98527853759903,22.63157902930735,112.66666666666663,39.58333333333332,0,2,0,0,0,47,72,4.0,0,4,0.0,0.35,0.34531387360008947,0,0,0,ac235db78f5af977
61,alert_incident,omni_k8s_observe,1.0,0.0,0.0,0.0,0.0,0.0,1.0,0.0,0.0,5.0,1,146.71601663986286,27.177854127283382,120.00000000000013,46.916666666666686,0,2,0,0,0,53,0,0.0,0,0,0.0,0.0,0.5272367583230001,0,0,0,436192d7c43aef86
61,alert_incident,omni_k8s_kill,1.0,0.0,0.0,0.0,0.0,0.0,1.0,0.0,0.0,5.0,1,109.1747269672946,22.63157902930735,136.16666666666674,63.08333333333333,0,1,0,0,0,44,14,3.0,3,0,0.0,0.29400000000000004,0.3768345906171686,0,0,0,f2adb1d9509c2718
61,alert_incident,omni_k8s_throughput_no_dynamics,1.0,0.0,0.0,0.0,0.0,0.0,1.0,0.0,0.0,5.0,1,96.02549853759896,22.63157902930735,120.00000000000013,46.916666666666686,0,0,0,0,0,40,72,0.0,0,0,0.0,0.35,0.3281775271496259,0,0,0,96117beec58a0107
61,alert_incident,omni_k8s_throughput_no_gate,1.0,0.0,0.0,0.0,0.0,0.0,1.0,0.0,0.0,5.0,1,90.58491187093232,22.63157902930735,100.74999999999997,27.66666666666664,0,1,0,0,0,49,72,7.0,0,7,0.0,0.35,0.3364839549930666,0,0,0,cdce803af4dd8b9d
61,alert_incident,omni_observe,1.0000000000000004,0.0,0.4444444444444444,0.0,0.0,0.0,0.5416666666666666,119.26923584549311,557.8770128579266,85.0,1,103.85089793733853,24.65438694595256,59.58333333333329,1.4999999999999996,34,12,0,0,0,175,0,70.0,29,41,29.0,0.0,0.6487905612879464,2,2,0,053a4d119e4834ba
61,alert_incident,omni_pipeline,1.0,0.0,0.0,0.0,0.0,0.0,1.0,0.0,0.0,5.0,1,109.52405158541205,26.120826007248578,113.8333333333333,40.749999999999986,0,0,0,0,0,75,72,4.0,0,4,0.0,0.29400000000000004,0.48518424689078243,0,0,0,67551f65aaea7467
61,alert_incident,omni_direct,1.0,0.0,0.0,0.0,0.0,0.0,1.0,0.0,0.0,5.0,1,109.41215476729451,22.63157902930735,137.0,63.91666666666666,0,8,0,0,0,52,72,8.0,6,2,2.0,0.29400000000000004,0.36923738245303506,0,0,0,ea327b6595c6e496
61,alert_incident,omni_direct_no_dynamics,1.0,0.0,0.0,0.0,0.0,0.0,1.0,0.0,0.0,5.0,1,110.15081903396118,22.63157902930735,139.33333333333331,66.25000000000001,0,0,0,0,0,44,72,4.0,4,0,0.0,0.29400000000000004,0.375282250959346,0,0,0,e59d471991637cd4
61,alert_incident,omni_direct_no_shield,1.0,0.0,0.0,0.0,0.0,0.0,1.0,0.0,0.0,5.0,1,109.41215476729451,22.63157902930735,137.0,63.91666666666666,0,8,0,0,0,52,72,8.0,6,2,2.0,0.29400000000000004,0.36923738245303506,0,0,0,ea327b6595c6e496
61,alert_incident,omni_kill,1.0,0.0,0.2222222222222222,0.0,0.0,0.0,0.7777777777777778,2.9559867636001007,31.979217748467878,5.0,1,94.03210950062787,22.63157902930735,87.33333333333339,14.166666666666687,18,15,0,0,0,131,14,27.0,9,18,9.0,0.29400000000000004,0.3581027526748488,2,2,0,0876c4d827aa0414
61,alert_incident,omni_switch_on,1.0,0.0,0.09722222222222222,0.0,0.0,0.0,0.9027777777777778,1.464464279878933,0.0,5.0,1,109.8784972010658,23.326386137275946,122.74999999999994,51.74999999999997,7,7,0,0,0,81,60,26.0,10,16,12.0,0.29400000000000004,0.4089971690308256,2,2,0,73ff3d298a09d10d
62,alert_incident,native,1.0,0.013888888888888888,0.4444444444444444,0.013888888888888888,0.0,0.0,0.5416666666666666,118.79663249817365,641.634319133808,85.0,1,104.15453480888704,24.779999999999998,59.916666666666636,1.5,32,14,0,0,0,161,0,72.0,30,42,30.0,0.0,0.6585236993875181,2,2,0,32ecaad3258bd155
62,alert_incident,k8s_ref_50,1.0,0.0,0.0,0.0,0.0,0.0,1.0,0.0,0.0,5.0,1,138.93187414074612,26.17233979930224,103.5833333333334,30.583333333333343,0,0,0,0,0,33,0,6.0,0,6,0.0,0.0,0.5294720707263669,0,0,0,3774b5d1c39d918f
62,alert_incident,k8s_ref_60,1.0,0.0,0.0,0.0,0.0,0.0,1.0,0.0,0.0,5.0,1,146.06890747407948,27.06913979930224,120.00000000000013,47.00000000000002,0,2,0,0,0,36,0,0.0,0,0,0.0,0.0,0.516627603557646,0,0,0,08a68bdba8c2d44b
62,alert_incident,k8s_ref_70,1.0,0.0,0.0,0.0,0.0,0.0,1.0,0.0,0.0,5.0,1,146.06890747407948,27.06913979930224,120.00000000000013,47.00000000000002,0,2,0,0,0,36,0,0.0,0,0,0.0,0.0,0.516627603557646,0,0,0,ac513d88d8b74d06
62,alert_incident,k8s_ref_80,1.0,0.0,0.0,0.0,0.0,0.0,1.0,0.0,0.0,5.0,1,146.06890747407948,27.06913979930224,120.00000000000013,47.00000000000002,0,2,0,0,0,36,0,0.0,0,0,0.0,0.0,0.516627603557646,0,0,0,76d200a576032fef
62,alert_incident,omni_k8s_protect,1.0,0.0,0.0,0.0,0.0,0.0,1.0,0.0,0.0,5.0,1,111.60517080435923,23.112739904455665,145.5833333333333,72.58333333333334,0,4,0,0,0,38,72,11.0,9,2,2.0,0.29400000000000004,0.3793869347213823,0,0,0,0b2fab352579da03
62,alert_incident,omni_k8s_throughput,0.9999905324439704,0.0,0.0,0.0,0.0,0.0,1.0,0.0110155028104436,0.0,5.0,1,93.5781236732462,23.112739904455665,112.74999999999997,39.75000000000001,0,3,0,0,0,36,72,5.0,1,4,1.0,0.3544037089012412,0.33609213629373746,0,0,0,46305d3b34ddbdd5
62,alert_incident,omni_k8s_observe,1.0,0.0,0.0,0.0,0.0,0.0,1.0,0.0,0.0,5.0,1,146.06890747407948,27.06913979930224,120.00000000000013,47.00000000000002,0,2,0,0,0,36,0,0.0,0,0,0.0,0.0,0.516627603557646,0,0,0,ac513d88d8b74d06
62,alert_incident,omni_k8s_kill,1.0,0.0,0.0,0.0,0.0,0.0,1.0,0.0,0.0,5.0,1,108.7560372043593,23.112739904455665,136.25000000000009,63.25,0,1,0,0,0,31,13,3.0,3,0,0.0,0.29400000000000004,0.36889128479592626,0,0,0,13f2c6cc378843a3
62,alert_incident,omni_k8s_throughput_no_dynamics,1.0,0.0,0.0,0.0,0.0,0.0,1.0,0.0,0.0,5.0,1,95.61891143869828,23.112739904455665,120.00000000000013,47.00000000000002,0,0,0,0,0,27,72,0.0,0,0,0.0,0.35,0.32087809771203246,0,0,0,e572b03674f6a424
62,alert_incident,omni_k8s_throughput_no_gate,1.0,0.0,0.0,0.0,0.0,0.0,1.0,0.0,0.0,5.0,1,90.17832477203162,23.112739904455665,100.74999999999997,27.749999999999982,0,1,0,0,0,36,72,7.0,0,7,0.0,0.35,0.32945513873455234,0,0,0,b1e64a5acbba5ffa
62,alert_incident,omni_observe,1.0,0.013888888888888888,0.4444444444444444,0.013888888888888888,0.0,0.0,0.5416666666666666,118.79663249817365,641.634319133808,85.0,1,104.15453480888704,24.779999999999998,59.916666666666636,1.5,32,14,0,0,0,161,0,72.0,30,42,30.0,0.0,0.6585236993875181,2,2,0,32ecaad3258bd155
62,alert_incident,omni_pipeline,1.0,0.0,0.0,0.0,0.0,0.0,1.0,0.0,0.0,5.0,1,108.95795354091398,25.897357806295673,113.66666666666664,40.666666666666664,0,0,0,0,0,66,72,4.0,0,4,0.0,0.29400000000000004,0.4805077545666826,0,0,0,7ef51d1ce519c18c
62,alert_incident,omni_direct,1.0,0.0,0.0,0.0,0.0,0.0,1.0,0.0,0.0,5.0,1,108.8351798043593,23.112739904455665,136.5,63.500000000000014,0,6,0,0,0,37,72,7.0,5,2,2.0,0.29400000000000004,0.36599293083375084,0,0,0,6bd230cbdf3af3db
62,alert_incident,omni_direct_no_dynamics,1.0,0.0,0.0,0.0,0.0,0.0,1.0,0.0,0.0,5.0,1,110.10146140435924,23.112739904455665,140.58333333333331,67.58333333333331,0,0,0,0,0,31,72,4.0,4,0,0.0,0.29400000000000004,0.3724282640864137,0,0,0,5684833f84b44cc2
62,alert_incident,omni_direct_no_shield,1.0,0.0,0.0,0.0,0.0,0.0,1.0,0.0,0.0,5.0,1,108.8351798043593,23.112739904455665,136.5,63.500000000000014,0,6,0,0,0,37,72,7.0,5,2,2.0,0.29400000000000004,0.36599293083375084,0,0,0,6bd230cbdf3af3db
62,alert_incident,omni_kill,0.9999999999999998,0.0,0.25,0.0,0.0,0.0,0.75,6.088093010020923,37.92694517381294,15.0,1,93.29684933769265,23.112739904455665,86.4166666666667,13.33333333333335,18,20,0,0,0,122,13,33.0,12,21,12.0,0.29400000000000004,0.35460192998300966,2,2,0,6b481bf7708d6fba
62,alert_incident,omni_switch_on,1.0,0.0,0.09722222222222222,0.0,0.0,0.0,0.9027777777777778,1.1140719042403948,0.0,5.0,1,110.18739530015309,23.112739904455665,126.41666666666673,55.41666666666664,7,9,0,0,0,73,61,29.0,13,16,12.5,0.3375055526940405,0.3824514681245733,2,2,0,40a00a6ff772c343
63,alert_incident,native,1.0000000000000002,0.0,0.2361111111111111,0.0,0.0,0.0,0.7638888888888888,32.55552169103228,247.40687473460295,5.0,1,97.55459703964041,22.7413223702153,56.833333333333286,1.9999999999999998,18,8,0,0,0,136,0,42.0,15,27,15.0,0.0,0.5084204997154288,2,2,0,12429d7592d21f06
63,alert_incident,k8s_ref_50,1.0,0.0,0.0,0.0,0.0,0.0,1.0,0.0,0.0,5.0,1,124.95862688272273,24.31002864376026,94.75,29.416666666666647,0,0,0,0,0,35,0,8.0,0,8,0.0,0.0,0.5029535865675977,0,0,0,f775659949ed8482
63,alert_incident,k8s_ref_60,1.0,0.0,0.0,0.0,0.0,0.0,1.0,0.0,0.0,5.0,1,135.98179354938938,25.65522864376026,120.00000000000013,54.66666666666667,0,2,0,0,0,28,0,0.0,0,0,0.0,0.0,0.49122178283139184,0,0,0,7006e85b60b6f2db
63,alert_incident,k8s_ref_70,1.0,0.0,0.0,0.0,0.0,0.0,1.0,0.0,0.0,5.0,1,135.98179354938938,25.65522864376026,120.00000000000013,54.66666666666667,0,2,0,0,0,28,0,0.0,0,0,0.0,0.0,0.49122178283139184,0,0,0,0b2d2df86e9db5a5
63,alert_incident,k8s_ref_80,1.0,0.0,0.0,0.0,0.0,0.0,1.0,0.0,0.0,5.0,1,135.98179354938938,25.65522864376026,120.00000000000013,54.66666666666667,0,2,0,0,0,28,0,0.0,0,0,0.0,0.0,0.49122178283139184,0,0,0,7e39ab898dfb96a2
63,alert_incident,omni_k8s_protect,1.0,0.0,0.0,0.0,0.0,0.0,1.0,0.0,0.0,5.0,1,99.850377393837,21.356814202779884,130.83333333333337,65.49999999999999,0,4,0,0,0,32,72,8.0,6,2,2.0,0.29400000000000004,0.33303674021754637,0,0,0,cf297bf7f5f0d096
63,alert_incident,omni_k8s_throughput,1.0,0.0,0.0,0.0,0.0,0.0,1.0,0.13883395313025126,0.0,5.0,1,87.38402477234067,21.356814202779884,114.16666666666664,48.833333333333314,0,7,0,0,0,39,72,6.0,2,4,2.0,0.3798262000848335,0.3171528477135729,0,0,0,e3a26c59781189ab
63,alert_incident,omni_k8s_observe,1.0,0.0,0.0,0.0,0.0,0.0,1.0,0.0,0.0,5.0,1,135.98179354938938,25.65522864376026,120.00000000000013,54.66666666666667,0,2,0,0,0,28,0,0.0,0,0,0.0,0.0,0.49122178283139184,0,0,0,0b2d2df86e9db5a5
63,alert_incident,omni_k8s_kill,1.0,0.0,0.0,0.0,0.0,0.0,1.0,0.0,0.0,5.0,1,96.52638819383701,21.356814202779884,120.00000000000013,54.66666666666667,0,1,0,0,0,26,22,0.0,0,0,0.0,0.29400000000000004,0.3355390292416466,0,0,0,3d356fbff85e6319
63,alert_incident,omni_k8s_throughput_no_dynamics,1.0,0.0,0.0,0.0,0.0,0.0,1.0,0.0,0.0,5.0,1,89.01107288801751,21.356814202779884,120.00000000000013,54.66666666666667,0,0,0,0,0,24,72,0.0,0,0,0.0,0.35,0.30588517141502825,0,0,0,7b0abf431123933f
63,alert_incident,omni_k8s_throughput_no_gate,0.999822323394265,0.0,0.0,0.0,0.0,0.0,1.0,0.184124807281961,0.0,5.0,1,83.56099598688398,21.356814202779884,100.83333333333331,35.50000000000001,0,3,0,0,0,36,72,8.0,1,7,1.0,0.3632262433853476,0.3148129134909442,0,0,0,18c1d591b791e0b2
63,alert_incident,omni_observe,1.0000000000000002,0.0,0.2361111111111111,0.0,0.0,0.0,0.7638888888888888,32.55552169103228,247.40687473460295,5.0,1,97.55459703964041,22.7413223702153,56.833333333333286,1.9999999999999998,18,8,0,0,0,136,0,42.0,15,27,15.0,0.0,0.5084204997154288,2,2,0,12429d7592d21f06
63,alert_incident,omni_pipeline,1.0,0.0,0.0,0.0,0.0,0.0,1.0,0.0,0.0,5.0,1,101.39267881235345,23.782481109248607,110.00000000000001,44.66666666666668,0,0,0,0,0,69,72,6.0,0,6,0.0,0.29400000000000004,0.5002750545193494,0,0,0,d40976f18364e7aa
63,alert_incident,omni_direct,1.0,0.0,0.0,0.0,0.0,0.0,1.0,0.0,0.0,5.0,1,97.76628892717035,21.356814202779884,124.00000000000001,58.66666666666665,0,4,0,0,0,29,72,3.0,2,1,1.0,0.29400000000000004,0.33897684913315196,0,0,0,4d1e45978c33819d
63,alert_incident,omni_direct_no_dynamics,1.0,0.0,0.0,0.0,0.0,0.0,1.0,0.0,0.0,5.0,1,100.48351819383696,21.356814202779884,132.7500000000001,67.41666666666666,0,0,0,0,0,29,72,3.0,3,0,0.0,0.29400000000000004,0.3458671873031065,0,0,0,0c0866b69dbd6f63
63,alert_incident,omni_direct_no_shield,1.0,0.0,0.0,0.0,0.0,0.0,1.0,0.0,0.0,5.0,1,97.76628892717035,21.356814202779884,124.00000000000001,58.66666666666665,0,4,0,0,0,29,72,3.0,2,1,1.0,0.29400000000000004,0.33897684913315196,0,0,0,4d1e45978c33819d
63,alert_incident,omni_kill,0.998861230934953,0.0,0.2777777777777778,0.0,0.0,0.0,0.7222222222222222,6.536016040512142,47.90247160706194,65.0,1,85.40673971682332,21.356814202779884,84.25,18.666666666666636,20,23,0,0,0,112,22,36.0,13,23,13.0,0.29400000000000004,0.3641204629258584,1,1,0,bb879da132b29074
63,alert_incident,omni_switch_on,1.0,0.0,0.1111111111111111,0.0,0.0,0.0,0.8888888888888888,2.4132185352514233,9.120190506289887,5.0,1,100.88914701343904,21.356814202779884,114.4166666666667,52.74999999999999,9,15,0,0,0,83,52,34.0,15,19,15.0,0.38114748511298635,0.3596541008146267,2,2,0,575fd617b3adffbb
64,alert_incident,native,1.0000000000000004,0.06944444444444445,0.6527777777777778,0.06944444444444445,0.0,0.0,0.2777777777777778,199.16140012932405,950.2891653238446,70.0,1,116.63504089331212,27.302181179563934,74.50000000000003,11.166666666666666,45,6,0,0,0,197,0,92.0,40,52,40.0,0.0,0.8642879978752606,8,8,0,ece771ecdbaa367e
64,alert_incident,k8s_ref_50,1.0,0.0,0.0,0.0,0.0,0.0,1.0,0.0,0.0,5.0,1,143.3723427738876,27.74966557649856,106.8333333333334,31.75000000000001,0,0,0,0,0,50,0,6.0,0,6,0.0,0.0,0.5434740370646686,0,0,0,488417825d3e895d
64,alert_incident,k8s_ref_60,1.0,0.0,0.0,0.0,0.0,0.0,1.0,0.0,0.0,5.0,1,149.05207610722093,27.74966557649856,120.00000000000013,44.91666666666666,0,1,0,0,0,53,0,0.0,0,0,0.0,0.0,0.5197117482831083,0,0,0,c323ef6abb2577af
64,alert_incident,k8s_ref_70,1.0,0.0,0.0,0.0,0.0,0.0,1.0,0.0,0.0,5.0,1,149.05207610722093,27.74966557649856,120.00000000000013,44.91666666666666,0,2,0,0,0,54,0,0.0,0,0,0.0,0.0,0.5197117482831083,0,0,0,100aad44cea93c0a
64,alert_incident,k8s_ref_80,1.0,0.0,0.0,0.0,0.0,0.0,1.0,0.0,0.0,5.0,1,149.05207610722093,27.74966557649856,120.00000000000013,44.91666666666666,0,2,0,0,0,54,0,0.0,0,0,0.0,0.0,0.5197117482831083,0,0,0,b377b7803cb1f8cb
64,alert_incident,omni_k8s_protect,1.0,0.0,0.0,0.0,0.0,0.0,1.0,0.0,0.0,5.0,1,116.16322952378441,24.12914525522792,153.3333333333334,78.25000000000004,0,4,0,0,0,56,72,12.0,10,2,2.0,0.29400000000000004,0.37903797890767027,0,0,0,2ee5df96f0990df5
64,alert_incident,omni_k8s_throughput,1.0,0.0,0.0,0.0,0.0,0.0,1.0,0.0,0.0,5.0,1,95.64454953963771,24.12914525522792,112.99999999999996,37.916666666666664,0,1,0,0,0,49,72,4.0,0,4,0.0,0.35,0.33609254780405734,0,0,0,548defd7f3fc3372
64,alert_incident,omni_k8s_observe,1.0,0.0,0.0,0.0,0.0,0.0,1.0,0.0,0.0,5.0,1,149.05207610722093,27.74966557649856,120.00000000000013,44.91666666666666,0,2,0,0,0,54,0,0.0,0,0,0.0,0.0,0.5197117482831083,0,0,0,100aad44cea93c0a
64,alert_incident,omni_k8s_kill,1.0,0.0,0.0,0.0,0.0,0.0,1.0,0.0,0.0,5.0,1,115.66199305711771,24.12914525522792,151.58333333333334,76.49999999999999,0,0,0,0,0,50,36,6.0,6,0,0.0,0.29400000000000004,0.384939460216085,0,0,0,e4041f2cb80e8f54
64,alert_incident,omni_k8s_throughput_no_dynamics,1.0,0.0,0.0,0.0,0.0,0.0,1.0,0.0,0.0,5.0,1,97.58761620630443,24.12914525522792,120.00000000000013,44.91666666666666,0,0,0,0,0,44,72,0.0,0,0,0.0,0.35,0.322045650631223,0,0,0,0d7f713c5196fc76
64,alert_incident,omni_k8s_throughput_no_gate,1.0,0.0,0.0,0.0,0.0,0.0,1.0,0.0,0.0,5.0,1,92.14702953963781,24.12914525522792,100.74999999999997,25.66666666666666,0,0,0,0,0,52,72,7.0,0,7,0.0,0.35,0.332994133089104,0,0,0,70a06c5704cb128e
64,alert_incident,omni_observe,1.0000000000000004,0.06944444444444445,0.6527777777777778,0.06944444444444445,0.0,0.0,0.2777777777777778,199.16140012932405,950.2891653238446,70.0,1,116.63504089331212,27.302181179563934,74.50000000000003,11.166666666666666,45,6,0,0,0,197,0,92.0,40,52,40.0,0.0,0.8642879978752606,8,8,0,ece771ecdbaa367e
64,alert_incident,omni_pipeline,1.0,0.0,0.0,0.0,0.0,0.0,1.0,0.0,0.0,5.0,1,110.36357586064419,25.609278975567463,114.75000000000004,39.66666666666665,0,0,0,0,0,76,72,4.0,0,4,0.0,0.29400000000000004,0.4400383501688568,0,0,0,15b2edd7e2b413ed
64,alert_incident,omni_direct,1.0,0.0,0.0,0.0,0.0,0.0,1.0,0.0,0.0,5.0,1,113.41961939045107,24.12914525522792,144.58333333333331,69.49999999999999,0,12,0,0,0,62,72,13.0,10,3,3.0,0.29400000000000004,0.3674994212961962,0,0,0,bf46508a3922a484
64,alert_incident,omni_direct_no_dynamics,1.0,0.0,0.0,0.0,0.0,0.0,1.0,0.0,0.0,5.0,1,112.44352732378438,24.12914525522792,141.25,66.16666666666666,0,0,0,0,0,50,72,4.0,4,0,0.0,0.29400000000000004,0.37459089954183716,0,0,0,156bfa75dcf35318
64,alert_incident,omni_direct_no_shield,1.0,0.0,0.0,0.0,0.0,0.0,1.0,0.0,0.0,5.0,1,113.41961939045107,24.12914525522792,144.58333333333331,69.49999999999999,0,12,0,0,0,62,72,13.0,10,3,3.0,0.29400000000000004,0.3674994212961962,0,0,0,bf46508a3922a484
64,alert_incident,omni_kill,1.0000000000000002,0.0,0.16666666666666666,0.0,0.0,0.0,0.8333333333333334,0.8547355864159208,0.0,30.0,1,102.28689365711777,24.12914525522792,108.08333333333337,33.00000000000002,12,7,0,0,0,107,36,23.0,7,16,7.0,0.29400000000000004,0.4426671398504412,3,3,0,b07db15dea8c9d6c
64,alert_incident,omni_switch_on,1.0,0.0,0.19444444444444445,0.0,0.0,0.0,0.8055555555555556,4.064835165007328,31.147288650192642,5.0,1,108.83470832603328,24.12914525522792,97.49999999999999,30.833333333333336,15,13,0,0,0,120,38,35.0,15,20,16.0,0.3831625740710347,0.38728744034112633,2,2,0,e37db0b5edce565a
65,alert_incident,native,0.9997465040706857,0.1388888888888889,0.75,0.1388888888888889,0.0,0.0,0.2361111111111111,256.14383669864105,1072.8978446632643,160.0,1,119.52260009809093,28.496388968791475,70.83333333333333,4.500000000000001,53,10,0,0,0,199,0,98.0,43,55,43.0,0.0,0.8989491060785137,9,7,0,48966396ee76c251
65,alert_incident,k8s_ref_50,1.0,0.0,0.013888888888888888,0.0,0.0,0.0,0.9861111111111112,0.0,0.0,10.0,1,151.93726557917853,28.675683191424856,114.0,33.75000000000001,1,0,0,0,0,63,0,5.0,0,5,0.0,0.020000000000000018,0.5973798537684181,1,1,0,9ce88bf9088395a8
65,alert_incident,k8s_ref_60,1.0,0.0,0.0,0.0,0.0,0.0,1.0,0.0,0.0,5.0,1,154.3907609125119,28.675683191424856,120.00000000000013,39.74999999999999,0,1,0,0,0,54,0,0.0,0,0,0.0,0.020000000000000018,0.5646689925381511,0,0,0,6d11c425d6a1a2e2
65,alert_incident,k8s_ref_70,1.0,0.0,0.0,0.0,0.0,0.0,1.0,0.0,0.0,5.0,1,154.3907609125119,28.675683191424856,120.00000000000013,39.74999999999999,0,2,0,0,0,55,0,0.0,0,0,0.0,0.020000000000000018,0.5646689925381511,0,0,0,70d6c5c0dd7c9bd8
65,alert_incident,k8s_ref_80,1.0,0.0,0.0,0.0,0.0,0.0,1.0,0.0,0.0,5.0,1,154.3907609125119,28.675683191424856,120.00000000000013,39.74999999999999,0,2,0,0,0,55,0,0.0,0,0,0.0,0.020000000000000018,0.5646689925381511,0,0,0,8ef2ab3399905471
65,alert_incident,omni_k8s_protect,1.0,0.0,0.0,0.0,0.0,0.0,1.0,0.0,0.0,5.0,1,117.68355284837045,24.764819251144353,141.91666666666669,61.66666666666667,0,3,0,0,0,39,72,6.0,5,1,1.0,0.29400000000000004,0.4028581380511455,0,0,0,6e65f3aa86d6ee1d
65,alert_incident,omni_k8s_throughput,1.0,0.0,0.0,0.0,0.0,0.0,1.0,0.0,0.0,5.0,1,100.38311275874462,24.764819251144353,113.33333333333329,33.08333333333334,0,2,0,0,0,43,72,4.0,0,4,0.0,0.35681341882034057,0.3629027433108513,0,0,0,0b45b28f884762ec
65,alert_incident,omni_k8s_observe,1.0,0.0,0.0,0.0,0.0,0.0,1.0,0.0,0.0,5.0,1,154.3907609125119,28.675683191424856,120.00000000000013,39.74999999999999,0,2,0,0,0,55,0,0.0,0,0,0.0,0.020000000000000018,0.5646689925381511,0,0,0,70d6c5c0dd7c9bd8
65,alert_incident,omni_k8s_kill,1.0,0.0,0.0,0.0,0.0,0.0,1.0,0.0,0.0,5.0,1,117.70993371503712,24.764819251144353,142.0,61.75000000000001,0,1,0,0,0,39,19,4.0,4,0,0.0,0.29400000000000004,0.40277315033445166,0,0,0,041ba4df5dbb9c7a
65,alert_incident,omni_k8s_throughput_no_dynamics,1.0,0.0,0.0,0.0,0.0,0.0,1.0,0.0,0.0,5.0,1,102.22902609207794,24.764819251144353,120.00000000000013,39.74999999999999,0,0,0,0,0,36,72,0.0,0,0,0.0,0.35681341882034057,0.34672915201070637,0,0,0,8d4aa8bc0cf2a0e1
65,alert_incident,omni_k8s_throughput_no_gate,1.0,0.0,0.0,0.0,0.0,0.0,1.0,0.0,0.0,5.0,1,96.78843942541126,24.764819251144353,100.74999999999997,20.500000000000007,0,0,0,0,0,55,72,7.0,0,7,0.0,0.35681341882034057,0.3575663357533932,0,0,0,54646b16e377bd1f
65,alert_incident,omni_observe,0.9997465040706857,0.1388888888888889,0.75,0.1388888888888889,0.0,0.0,0.2361111111111111,256.14383669864105,1072.8978446632643,160.0,1,119.52260009809093,28.496388968791475,70.83333333333333,4.500000000000001,53,10,0,0,0,199,0,98.0,43,55,43.0,0.0,0.8989491060785137,9,7,0,48966396ee76c251
65,alert_incident,omni_pipeline,1.0,0.0,0.0,0.0,0.0,0.0,1.0,0.0,0.0,5.0,1,116.42338251121022,27.301059986921366,117.00000000000007,36.74999999999998,0,0,0,0,0,57,72,3.0,0,3,0.0,0.29400000000000004,0.4611791560561472,0,0,0,872e40d57b18707d
65,alert_incident,omni_direct,1.0,0.0,0.0,0.0,0.0,0.0,1.0,0.0,0.0,5.0,1,118.07926584837048,24.764819251144353,143.33333333333323,63.08333333333332,0,8,0,0,0,46,72,10.0,8,2,2.0,0.29400000000000004,0.39329101955471607,0,0,0,6714b3a5ba2a7d39
65,alert_incident,omni_direct_no_dynamics,1.0,0.0,0.0,0.0,0.0,0.0,1.0,0.0,0.0,5.0,1,119.10811964837049,24.764819251144353,146.49999999999997,66.24999999999999,0,0,0,0,0,40,72,5.0,5,0,0.0,0.29400000000000004,0.40535777526389055,0,0,0,0a496327979df524
65,alert_incident,omni_direct_no_shield,1.0,0.0,0.0,0.0,0.0,0.0,1.0,0.0,0.0,5.0,1,118.07926584837048,24.764819251144353,143.33333333333323,63.08333333333332,0,8,0,0,0,46,72,10.0,8,2,2.0,0.29400000000000004,0.39329101955471607,0,0,0,6714b3a5ba2a7d39
65,alert_incident,omni_kill,1.0000000000000002,0.0,0.2361111111111111,0.0,0.0,0.0,0.7638888888888888,3.2366740433998933,31.44830251409735,15.0,1,103.91274044837044,24.764819251144353,97.41666666666673,16.91666666666666,17,12,0,0,0,117,19,26.0,9,17,9.0,0.29400000000000004,0.41836251495613913,2,2,0,bd641d5ef73afc5f
65,alert_incident,omni_switch_on,1.0,0.0,0.09722222222222222,0.0,0.0,0.0,0.9027777777777778,2.2910627552792153,2.143136244985751,5.0,1,117.14806846502943,25.23903910847875,120.16666666666677,43.91666666666666,8,13,0,0,0,88,55,32.0,15,17,14.5,0.36439327233298724,0.41493251545180504,2,2,0,03110580fbc5ba04
66,alert_incident,native,1.0,0.013888888888888888,0.5555555555555556,0.013888888888888888,0.0,0.0,0.4027777777777778,147.92796093484532,685.5126914500386,20.0,1,107.4119509264307,26.549999999999997,61.583333333333286,1.6666666666666665,39,12,0,0,0,167,0,82.0,35,47,35.0,0.0,0.7237249416752316,2,2,0,1e160063cd77ece4
66,alert_incident,k8s_ref_50,1.0,0.0,0.0,0.0,0.0,0.0,1.0,0.0,0.0,5.0,1,143.41713680745124,26.57878744770278,104.0,27.83333333333334,0,0,0,0,0,41,0,6.0,0,6,0.0,0.0,0.5389535458310845,0,0,0,9fcebd1e6ee1ec8a
66,alert_incident,k8s_ref_60,1.0,0.0,0.0,0.0,0.0,0.0,1.0,0.0,0.0,5.0,1,150.36733680745127,27.475587447702782,120.00000000000013,43.83333333333333,0,1,0,0,0,44,0,0.0,0,0,0.0,0.0,0.5337793215252915,0,0,0,b4532db6caf8de3f
66,alert_incident,k8s_ref_70,1.0,0.0,0.0,0.0,0.0,0.0,1.0,0.0,0.0,5.0,1,150.36733680745127,27.475587447702782,120.00000000000013,43.83333333333333,0,2,0,0,0,45,0,0.0,0,0,0.0,0.0,0.5337793215252915,0,0,0,a5a3a9965deeb39a
66,alert_incident,k8s_ref_80,1.0,0.0,0.0,0.0,0.0,0.0,1.0,0.0,0.0,5.0,1,150.36733680745127,27.475587447702782,120.00000000000013,43.83333333333333,0,2,0,0,0,45,0,0.0,0,0,0.0,0.0,0.5337793215252915,0,0,0,5dd05147b72454a1
66,alert_incident,omni_k8s_protect,1.0,0.0,0.0,0.0,0.0,0.0,1.0,0.0,0.0,5.0,1,116.56589138201029,24.198742691822158,151.6666666666668,75.50000000000001,0,4,0,0,0,36,72,12.0,10,2,2.0,0.29400000000000004,0.3963857098032725,0,0,0,8275428d9fcc9f4d
66,alert_incident,omni_k8s_throughput,1.0,0.0,0.0,0.0,0.0,0.0,1.0,0.0,0.0,5.0,1,96.30719225335483,24.198742691822158,112.3333333333333,36.166666666666664,0,1,0,0,0,29,72,4.0,0,4,0.0,0.35,0.3470130407238339,0,0,0,79aa0093b51ff7fe
66,alert_incident,omni_k8s_observe,1.0,0.0,0.0,0.0,0.0,0.0,1.0,0.0,0.0,5.0,1,150.36733680745127,27.475587447702782,120.00000000000013,43.83333333333333,0,2,0,0,0,45,0,0.0,0,0,0.0,0.0,0.5337793215252915,0,0,0,a5a3a9965deeb39a
66,alert_incident,omni_k8s_kill,1.0,0.0,0.0,0.0,0.0,0.0,1.0,0.0,0.0,5.0,1,116.43398704867695,24.198742691822158,151.08333333333337,74.91666666666666,0,0,0,0,0,30,26,6.0,6,0,0.0,0.29400000000000004,0.3942042513976852,0,0,0,7d66dfbcfc3aaae7
66,alert_incident,omni_k8s_throughput_no_dynamics,1.0,0.0,0.0,0.0,0.0,0.0,1.0,0.0,0.0,5.0,1,98.44456558668817,24.198742691822158,120.00000000000013,43.83333333333333,0,0,0,0,0,24,72,0.0,0,0,0.0,0.35,0.3311191968108709,0,0,0,44bcca46cb3c92ce
66,alert_incident,omni_k8s_throughput_no_gate,1.0,0.0,0.0,0.0,0.0,0.0,1.0,0.0,0.0,5.0,1,93.0039789200215,24.198742691822158,100.74999999999997,24.583333333333336,0,0,0,0,0,33,72,7.0,0,7,0.0,0.35,0.33915481907259615,0,0,0,7a4937cf2c4df9dc
66,alert_incident,omni_observe,1.0,0.013888888888888888,0.5555555555555556,0.013888888888888888,0.0,0.0,0.4027777777777778,147.92796093484532,685.5126914500386,20.0,1,107.4119509264307,26.549999999999997,61.583333333333286,1.6666666666666665,39,12,0,0,0,167,0,82.0,35,47,35.0,0.0,0.7237249416752316,2,2,0,1e160063cd77ece4
66,alert_incident,omni_pipeline,1.0,0.0,0.0,0.0,0.0,0.0,1.0,0.0,0.0,5.0,1,111.9828903501105,26.472663785559533,114.74999999999993,38.583333333333314,0,0,0,0,0,53,72,4.0,0,4,0.0,0.29400000000000004,0.47182857093764485,0,0,0,4ca5dba8c2e675a0
66,alert_incident,omni_direct,1.0,0.0,0.0,0.0,0.0,0.0,1.0,0.0,0.0,5.0,1,114.0860899153436,24.198742691822158,143.66666666666663,67.49999999999997,0,8,0,0,0,40,72,10.0,8,2,2.0,0.29400000000000004,0.3830294565745367,0,0,0,cd4d8729d3b86d34
66,alert_incident,omni_direct_no_dynamics,1.0,0.0,0.0,0.0,0.0,0.0,1.0,0.0,0.0,5.0,1,114.90389678201026,24.198742691822158,146.16666666666663,70.00000000000003,0,0,0,0,0,32,72,5.0,5,0,0.0,0.29400000000000004,0.3893734609923104,0,0,0,52195f51ee99ca08
66,alert_incident,omni_direct_no_shield,1.0,0.0,0.0,0.0,0.0,0.0,1.0,0.0,0.0,5.0,1,114.0860899153436,24.198742691822158,143.66666666666663,67.49999999999997,0,8,0,0,0,40,72,10.0,8,2,2.0,0.29400000000000004,0.3830294565745367,0,0,0,cd4d8729d3b86d34
66,alert_incident,omni_kill,0.9997258788495279,0.0,0.25,0.0,0.0,0.0,0.75,4.679334108533045,28.41948975895778,20.0,1,100.74506516539176,24.198742691822158,100.4166666666667,24.08333333333331,19,16,0,0,0,109,26,34.0,13,21,13.0,0.29400000000000004,0.4440238375837585,3,3,0,ea881da3fcae8723
66,alert_incident,omni_switch_on,1.0,0.0,0.1388888888888889,0.0,0.0,0.0,0.8611111111111112,2.1980359575415616,19.171922953387245,5.0,1,111.26247534826959,24.198742691822158,110.0000000000001,39.91666666666668,10,17,0,0,0,89,48,36.0,16,20,16.5,0.29783333820588487,0.3988200866715691,2,2,0,2812310a9af83ef2
67,alert_incident,native,1.0,0.1111111111111111,0.7638888888888888,0.1111111111111111,0.0,0.0,0.19444444444444445,304.607924520602,1023.0858817404845,160.0,1,123.05942645683035,30.09,70.33333333333333,1.2499999999999998,58,14,0,0,0,213,0,109.0,50,59,50.0,0.0,0.9155473689940171,3,3,0,a45200b5a4d04b8c
67,alert_incident,k8s_ref_50,1.0,0.0,0.013888888888888888,0.0,0.0,0.0,0.9861111111111112,0.0,0.0,5.0,1,161.04416946640058,29.94615444734731,116.33333333333343,29.500000000000018,1,0,0,0,0,100,0,3.0,0,3,0.0,0.020000000000000018,0.6043231959806282,1,1,0,cecd86b44042d4d5
67,alert_incident,k8s_ref_60,1.0,0.0,0.0,0.0,0.0,0.0,1.0,0.0,0.0,5.0,1,162.54556213306725,29.94615444734731,120.00000000000013,33.16666666666668,0,1,0,0,0,90,0,0.0,0,0,0.0,0.020000000000000018,0.583307576247404,0,0,0,49ab7289e808b26e
67,alert_incident,k8s_ref_70,1.0,0.0,0.0,0.0,0.0,0.0,1.0,0.0,0.0,5.0,1,162.54556213306725,29.94615444734731,120.00000000000013,33.16666666666668,0,2,0,0,0,91,0,0.0,0,0,0.0,0.020000000000000018,0.583307576247404,0,0,0,50708a179cbefe90
67,alert_incident,k8s_ref_80,1.0,0.0,0.0,0.0,0.0,0.0,1.0,0.0,0.0,5.0,1,162.54556213306725,29.94615444734731,120.00000000000013,33.16666666666668,0,2,0,0,0,91,0,0.0,0,0,0.0,0.020000000000000018,0.583307576247404,0,0,0,9f3599ff3417ca69
67,alert_incident,omni_k8s_protect,1.0,0.0,0.0,0.0,0.0,0.0,1.0,0.0,0.0,5.0,1,128.29963112505493,25.44166049287344,156.24999999999994,69.41666666666666,0,5,0,0,0,45,72,11.0,9,2,2.0,0.29400000000000004,0.4393357742578956,0,0,0,941463d2ed5db222
67,alert_incident,omni_k8s_throughput,1.0,0.0,0.0,0.0,0.0,0.0,1.0,0.776610149559057,0.0,5.0,1,107.8277448700594,25.44166049287344,119.25000000000001,32.41666666666668,0,2,0,0,0,43,72,5.0,1,4,1.0,0.41405142635286174,0.3896469979052669,0,0,0,7f0a701c7982f861
67,alert_incident,omni_k8s_observe,1.0,0.0,0.0,0.0,0.0,0.0,1.0,0.0,0.0,5.0,1,162.54556213306725,29.94615444734731,120.00000000000013,33.16666666666668,0,2,0,0,0,91,0,0.0,0,0,0.0,0.020000000000000018,0.583307576247404,0,0,0,50708a179cbefe90
67,alert_incident,omni_k8s_kill,1.0,0.0,0.0,0.0,0.0,0.0,1.0,0.0,0.0,5.0,1,127.27077732505488,25.44166049287344,152.91666666666666,66.08333333333331,0,1,0,0,0,41,20,6.0,6,0,0.0,0.29400000000000004,0.4361970999389271,0,0,0,cfa7645eac9959b2
67,alert_incident,omni_k8s_throughput_no_dynamics,1.0,0.0,0.0,0.0,0.0,0.0,1.0,0.776610149559057,0.0,5.0,1,109.67365820339275,25.44166049287344,125.91666666666666,39.08333333333333,0,0,0,0,0,38,72,1.0,1,0,0.0,0.41405142635286174,0.3722024504277641,0,0,0,5f6be4e02c2fc457
67,alert_incident,omni_k8s_throughput_no_gate,1.0000000000000002,0.0,0.0,0.0,0.0,0.0,1.0,0.879157516276267,0.0,5.0,1,105.00330868058414,25.44166049287344,109.33333333333337,22.41666666666665,0,3,0,0,0,60,72,9.0,2,7,2.0,0.42886327427186155,0.3795980807783027,0,0,0,f951ad943c23bf02
67,alert_incident,omni_observe,1.0,0.1111111111111111,0.7638888888888888,0.1111111111111111,0.0,0.0,0.19444444444444445,304.607924520602,1023.0858817404845,160.0,1,123.05942645683035,30.09,70.33333333333333,1.2499999999999998,58,14,0,0,0,213,0,109.0,50,59,50.0,0.0,0.9155473689940171,3,3,0,a45200b5a4d04b8c
67,alert_incident,omni_pipeline,1.0,0.0,0.0,0.0,0.0,0.0,1.0,0.0,0.0,5.0,1,128.73750206075943,28.4866011344374,137.66666666666663,50.833333333333314,0,1,0,0,0,96,72,12.0,5,7,6.0,0.29400000000000004,0.471618083250682,0,0,0,58b1c6d493b5a880
67,alert_incident,omni_direct,1.0,0.0,0.0,0.0,0.0,0.0,1.0,0.0,0.0,5.0,1,125.8198296583882,25.44166049287344,148.33333333333314,61.499999999999986,0,8,0,0,0,49,72,10.0,8,2,2.0,0.29400000000000004,0.42910458535558893,0,0,0,79b0b8d9bef9dc9b
67,alert_incident,omni_direct_no_dynamics,1.0,0.0,0.0,0.0,0.0,0.0,1.0,0.0,0.0,5.0,1,128.35239285838827,25.44166049287344,156.41666666666663,69.58333333333334,0,0,0,0,0,43,72,7.0,7,0,0.0,0.29400000000000004,0.4370301358789239,0,0,0,019cf055f408e6c6
67,alert_incident,omni_direct_no_shield,1.0,0.0,0.0,0.0,0.0,0.0,1.0,0.0,0.0,5.0,1,125.8198296583882,25.44166049287344,148.33333333333314,61.499999999999986,0,8,0,0,0,49,72,10.0,8,2,2.0,0.29400000000000004,0.42910458535558893,0,0,0,79b0b8d9bef9dc9b
67,alert_incident,omni_kill,0.9999999999999999,0.0,0.3472222222222222,0.0,0.0,0.0,0.6527777777777778,8.679796800189697,61.759680150474075,360,0,112.52387285838823,25.44166049287344,105.24999999999994,18.24999999999997,25,22,0,0,0,134,20,41.0,17,24,17.0,0.29400000000000004,0.4657472668513416,3,3,0,4cddb0edc322fd73
67,alert_incident,omni_switch_on,1.0,0.0,0.1111111111111111,0.0,0.0,0.0,0.8888888888888888,1.8242444541276182,3.643312119350953,5.0,1,123.83118865951398,26.549999999999997,118.16666666666669,36.249999999999986,9,11,0,0,0,93,54,29.0,13,16,13.0,0.3631090199714355,0.45400310157997403,2,2,0,e2d7041077c72e73
68,alert_incident,native,1.0,0.1111111111111111,0.7222222222222222,0.1111111111111111,0.0,0.0,0.25,230.37797159783088,1048.3910836736436,165.0,1,118.21453627336022,28.32,72.58333333333334,7.166666666666664,48,8,0,0,0,189,0,94.0,41,53,41.0,0.0,0.877639262170765,11,7,0,ae9e485092d9543a
68,alert_incident,k8s_ref_50,1.0,0.0,0.0,0.0,0.0,0.0,1.0,0.0,0.0,5.0,1,146.94936375666597,27.651596738381553,108.5,31.333333333333325,0,0,0,0,0,50,0,5.0,0,5,0.0,0.0,0.5489698567749647,0,0,0,d0da02f9510afbca
68,alert_incident,k8s_ref_60,1.0,0.0,0.0,0.0,0.0,0.0,1.0,0.0,0.0,5.0,1,151.91913042333258,28.099996738381556,120.00000000000013,42.83333333333332,0,1,0,0,0,47,0,0.0,0,0,0.0,0.0,0.5255198868316785,0,0,0,ced08812bc6a6831
68,alert_incident,k8s_ref_70,1.0,0.0,0.0,0.0,0.0,0.0,1.0,0.0,0.0,5.0,1,151.91913042333258,28.099996738381556,120.00000000000013,42.83333333333332,0,2,0,0,0,48,0,0.0,0,0,0.0,0.0,0.5255198868316785,0,0,0,7f7745299162f52e
68,alert_incident,k8s_ref_80,1.0,0.0,0.0,0.0,0.0,0.0,1.0,0.0,0.0,5.0,1,151.91913042333258,28.099996738381556,120.00000000000013,42.83333333333332,0,2,0,0,0,48,0,0.0,0,0,0.0,0.0,0.5255198868316785,0,0,0,801eb252f7c5ba99
68,alert_incident,omni_k8s_protect,1.0,0.0,0.0,0.0,0.0,0.0,1.0,0.0,0.0,5.0,1,119.07480360242496,24.81751796811691,156.00000000000003,78.8333333333333,0,2,0,0,0,37,72,11.0,9,2,2.0,0.29400000000000004,0.39820013981466107,0,0,0,0e19e9971c82c13c
68,alert_incident,omni_k8s_throughput,1.0,0.0,0.0,0.0,0.0,0.0,1.0,0.0,0.0,5.0,1,97.43105904923628,24.81751796811691,112.66666666666663,35.50000000000001,0,1,0,0,0,32,72,4.0,0,4,0.0,0.35,0.34300771795847984,0,0,0,a3969b8a0cc1b35d
68,alert_incident,omni_k8s_observe,1.0,0.0,0.0,0.0,0.0,0.0,1.0,0.0,0.0,5.0,1,151.91913042333258,28.099996738381556,120.00000000000013,42.83333333333332,0,2,0,0,0,48,0,0.0,0,0,0.0,0.0,0.5255198868316785,0,0,0,7f7745299162f52e
68,alert_incident,omni_k8s_kill,1.0,0.0,0.0,0.0,0.0,0.0,1.0,0.0,0.0,5.0,1,119.57604006909166,24.81751796811691,157.58333333333334,80.4166666666666,0,0,0,0,0,33,20,7.0,7,0,0.0,0.29400000000000004,0.3945468739774305,0,0,0,ff013a7c3ee0e9ae
68,alert_incident,omni_k8s_throughput_no_dynamics,1.0,0.0,0.0,0.0,0.0,0.0,1.0,0.0,0.0,5.0,1,99.47127904923623,24.81751796811691,120.00000000000013,42.83333333333332,0,0,0,0,0,27,72,0.0,0,0,0.0,0.35,0.32531951801040215,0,0,0,92f64da36e4af38e
68,alert_incident,omni_k8s_throughput_no_gate,1.0,0.0,0.0,0.0,0.0,0.0,1.0,0.0,0.0,5.0,1,94.03069238256963,24.81751796811691,100.74999999999997,23.583333333333343,0,0,0,0,0,37,72,7.0,0,7,0.0,0.35,0.3363996449132792,0,0,0,0b6df77bb7b289a5
68,alert_incident,omni_observe,1.0,0.1111111111111111,0.7222222222222222,0.1111111111111111,0.0,0.0,0.25,230.37797159783088,1048.3910836736436,165.0,1,118.21453627336022,28.32,72.58333333333334,7.166666666666664,48,8,0,0,0,189,0,94.0,41,53,41.0,0.0,0.877639262170765,11,7,0,ae9e485092d9543a
68,alert_incident,omni_pipeline,1.0,0.0,0.0,0.0,0.0,0.0,1.0,0.0,0.0,5.0,1,112.90014825196143,27.38425337990915,115.8333333333334,38.66666666666665,0,0,0,0,0,55,72,3.0,0,3,0.0,0.29400000000000004,0.4564790660825889,0,0,0,4b319f200fb4c607
68,alert_incident,omni_direct,1.0,0.0,0.0,0.0,0.0,0.0,1.0,0.0,0.0,5.0,1,117.49195160242499,24.81751796811691,151.00000000000003,73.83333333333336,0,12,0,0,0,47,72,13.0,10,3,3.0,0.29400000000000004,0.3745423721623087,0,0,0,1c08edc91cc230f7
68,alert_incident,omni_direct_no_dynamics,1.0,0.0,0.0,0.0,0.0,0.0,1.0,0.0,0.0,5.0,1,117.65023680242504,24.81751796811691,151.41666666666669,74.25000000000001,0,0,0,0,0,37,72,6.0,6,0,0.0,0.29400000000000004,0.3867734444339527,0,0,0,874b59288081bb23
68,alert_incident,omni_direct_no_shield,1.0,0.0,0.0,0.0,0.0,0.0,1.0,0.0,0.0,5.0,1,117.49195160242499,24.81751796811691,151.00000000000003,73.83333333333336,0,12,0,0,0,47,72,13.0,10,3,3.0,0.29400000000000004,0.3745423721623087,0,0,0,1c08edc91cc230f7
68,alert_incident,omni_kill,1.0,0.0,0.2777777777777778,0.0,0.0,0.0,0.7222222222222222,2.92208882835667,13.769270656291004,55.0,1,101.10943340242504,24.81751796811691,97.91666666666666,20.749999999999964,21,15,0,0,0,121,20,35.0,13,22,13.0,0.29400000000000004,0.4331191557778643,3,3,0,c29b03a815506b4b
68,alert_incident,omni_switch_on,1.0,0.0,0.09722222222222222,0.0,0.0,0.0,0.9027777777777778,1.208014124264079,0.0,5.0,1,113.86692639331298,24.81751796811691,119.00000000000006,46.0,7,13,0,0,0,79,54,32.0,15,17,14.0,0.29400000000000004,0.38390987051092174,2,2,0,bf7994ea97a379da
69,alert_incident,native,0.9999048951422554,0.1527777777777778,0.8055555555555556,0.1527777777777778,0.0,0.0,0.18055555555555555,258.73185413818527,1109.1777296473758,190.0,1,118.42456923959156,28.479818202372318,72.66666666666666,7.416666666666667,54,8,0,0,0,201,0,92.0,40,52,40.0,0.0,0.8774444649353463,12,9,0,879deff98e078bb2
69,alert_incident,k8s_ref_50,1.0,0.0,0.0,0.0,0.0,0.0,1.0,0.0,0.0,5.0,1,148.01152870677828,27.684111166260813,109.00000000000001,31.08333333333333,0,0,0,0,0,59,0,5.0,0,5,0.0,0.0,0.558697514617204,0,0,0,bf2c7852fb84ce0b
69,alert_incident,k8s_ref_60,1.0,0.0,0.0,0.0,0.0,0.0,1.0,0.0,0.0,5.0,1,152.75709537344505,28.132511166260812,120.00000000000013,42.08333333333333,0,1,0,0,0,55,0,0.0,0,0,0.0,0.0,0.5384562720886497,0,0,0,d7ec413d383dca78
69,alert_incident,k8s_ref_70,1.0,0.0,0.0,0.0,0.0,0.0,1.0,0.0,0.0,5.0,1,152.75709537344505,28.132511166260812,120.00000000000013,42.08333333333333,0,2,0,0,0,56,0,0.0,0,0,0.0,0.0,0.5384562720886497,0,0,0,71ea97c37df90629
69,alert_incident,k8s_ref_80,1.0,0.0,0.0,0.0,0.0,0.0,1.0,0.0,0.0,5.0,1,152.75709537344505,28.132511166260812,120.00000000000013,42.08333333333333,0,2,0,0,0,56,0,0.0,0,0,0.0,0.0,0.5384562720886497,0,0,0,722510e22f88a401
69,alert_incident,omni_k8s_protect,1.0,0.0,0.0,0.0,0.0,0.0,1.0,0.0,0.0,5.0,1,119.69031300219542,24.7165089201337,155.99999999999991,78.08333333333331,0,1,0,0,0,45,72,8.0,7,1,1.0,0.29400000000000004,0.4102755937310477,0,0,0,11f5bda91103ae10
69,alert_incident,omni_k8s_throughput,1.0,0.0,0.0,0.0,0.0,0.0,1.0,0.0,0.0,5.0,1,98.16709683624313,24.7165089201337,113.33333333333329,35.416666666666664,0,1,0,0,0,44,72,4.0,0,4,0.0,0.35,0.3491241088248751,0,0,0,4d10871e36f2e5b1
69,alert_incident,omni_k8s_observe,1.0,0.0,0.0,0.0,0.0,0.0,1.0,0.0,0.0,5.0,1,152.75709537344505,28.132511166260812,120.00000000000013,42.08333333333333,0,2,0,0,0,56,0,0.0,0,0,0.0,0.0,0.5384562720886497,0,0,0,71ea97c37df90629
69,alert_incident,omni_k8s_kill,1.0,0.0,0.0,0.0,0.0,0.0,1.0,0.0,0.0,5.0,1,118.84612526886214,24.7165089201337,153.33333333333334,75.41666666666669,0,1,0,0,0,45,16,6.0,6,0,0.0,0.29400000000000004,0.4003290343304722,0,0,0,157aee7701318afc
69,alert_incident,omni_k8s_throughput_no_dynamics,1.0,0.0,0.0,0.0,0.0,0.0,1.0,0.0,0.0,5.0,1,100.01301016957648,24.7165089201337,120.00000000000013,42.08333333333333,0,0,0,0,0,39,72,0.0,0,0,0.0,0.35,0.33356361994214345,0,0,0,bf1cfbac6ae39fe1
69,alert_incident,omni_k8s_throughput_no_gate,1.0,0.0,0.0,0.0,0.0,0.0,1.0,0.0,0.0,5.0,1,94.57242350290981,24.7165089201337,100.74999999999997,22.833333333333346,0,0,0,0,0,49,72,7.0,0,7,0.0,0.35,0.34210075040436017,0,0,0,51daf4ace1970bff
69,alert_incident,omni_observe,0.9999048951422554,0.1527777777777778,0.8055555555555556,0.1527777777777778,0.0,0.0,0.18055555555555555,258.73185413818527,1109.1777296473758,190.0,1,118.42456923959156,28.479818202372318,72.66666666666666,7.416666666666667,54,8,0,0,0,201,0,92.0,40,52,40.0,0.0,0.8774444649353463,12,9,0,879deff98e078bb2
69,alert_incident,omni_pipeline,1.0,0.0,0.0,0.0,0.0,0.0,1.0,0.0,0.0,5.0,1,113.56390144424113,26.61111498444213,116.00000000000001,38.08333333333331,0,0,0,0,0,65,72,4.0,0,4,0.0,0.29400000000000004,0.45237017604091934,0,0,0,74991980d2172600
69,alert_incident,omni_direct,1.0,0.0,0.0,0.0,0.0,0.0,1.0,0.0,0.0,5.0,1,115.15280393552877,24.7165089201337,141.5,63.58333333333334,0,4,0,0,0,47,72,6.0,5,1,1.0,0.29400000000000004,0.38790949388752427,0,0,0,4fb7f4b5dc17e143
69,alert_incident,omni_direct_no_dynamics,1.0,0.0,0.0,0.0,0.0,0.0,1.0,0.0,0.0,5.0,1,115.39023173552874,24.7165089201337,142.25,64.33333333333333,0,0,0,0,0,43,72,4.0,4,0,0.0,0.29400000000000004,0.38896791878997217,0,0,0,5f812272408b6b1d
69,alert_incident,omni_direct_no_shield,1.0,0.0,0.0,0.0,0.0,0.0,1.0,0.0,0.0,5.0,1,115.15280393552877,24.7165089201337,141.5,63.58333333333334,0,4,0,0,0,47,72,6.0,5,1,1.0,0.29400000000000004,0.38790949388752427,0,0,0,4fb7f4b5dc17e143
69,alert_incident,omni_kill,1.0000000000000002,0.0,0.3055555555555556,0.0,0.0,0.0,0.6944444444444444,5.411669111427266,44.5059051610352,130.0,1,100.35313773552878,24.7165089201337,93.74999999999999,15.333333333333348,26,20,0,0,0,139,16,36.0,14,22,14.0,0.29400000000000004,0.4005527226195067,1,1,0,2c8816661964c663
69,alert_incident,omni_switch_on,1.0,0.0,0.09722222222222222,0.0,0.0,0.0,0.9027777777777778,2.366443300160335,0.0,5.0,1,114.50622509473689,24.7165089201337,120.99999999999991,46.08333333333329,8,7,0,0,0,85,58,25.0,10,15,11.5,0.37569085265111557,0.4061946409829513,2,2,0,248ce1da220a6666
70,alert_incident,native,1.0,0.0,0.3472222222222222,0.0,0.0,0.0,0.6527777777777778,59.75953999827256,310.0252241128616,10.0,1,99.94805186258733,23.008641932327205,57.24999999999995,1.2499999999999998,28,12,0,0,0,157,0,56.0,22,34,22.0,0.0,0.5472051931667187,2,2,0,80162a1fe33a2178
70,alert_incident,k8s_ref_50,1.0,0.0,0.0,0.0,0.0,0.0,1.0,0.0,0.0,5.0,1,132.91928822298357,24.865636118526112,98.6666666666666,28.58333333333334,0,0,0,0,0,44,0,7.0,0,7,0.0,0.0,0.4945640977816209,0,0,0,f6b57bd5a556a32c
70,alert_incident,k8s_ref_60,1.0,0.0,0.0,0.0,0.0,0.0,1.0,0.0,0.0,5.0,1,142.22358822298366,26.21083611852611,120.00000000000013,49.91666666666672,0,2,0,0,0,36,0,0.0,0,0,0.0,0.0,0.48908936236385336,0,0,0,016eb20b4beddcde
70,alert_incident,k8s_ref_70,1.0,0.0,0.0,0.0,0.0,0.0,1.0,0.0,0.0,5.0,1,142.22358822298366,26.21083611852611,120.00000000000013,49.91666666666672,0,2,0,0,0,36,0,0.0,0,0,0.0,0.0,0.48908936236385336,0,0,0,0e344e324b78bf13
70,alert_incident,k8s_ref_80,1.0,0.0,0.0,0.0,0.0,0.0,1.0,0.0,0.0,5.0,1,142.22358822298366,26.21083611852611,120.00000000000013,49.91666666666672,0,2,0,0,0,36,0,0.0,0,0,0.0,0.0,0.48908936236385336,0,0,0,d52b5d195ec20d74
70,alert_incident,omni_k8s_protect,1.0,0.0,0.0,0.0,0.0,0.0,1.0,0.0,0.0,5.0,1,105.30002714610177,23.008641932327205,133.83333333333334,63.74999999999997,0,1,0,0,0,38,72,4.0,3,1,1.0,0.29400000000000004,0.35456746069568645,0,0,0,405c87b4d7e2b8f2
70,alert_incident,omni_k8s_throughput,1.0000000000000002,0.0,0.0,0.0,0.0,0.0,1.0,0.2925550306230633,0.0,5.0,1,91.20324221517,23.008641932327205,113.08333333333334,42.9166666666667,0,3,0,0,0,43,72,5.0,1,4,1.0,0.3859786515666087,0.31437974675124214,0,0,0,57654f0cd80e87f0
70,alert_incident,omni_k8s_observe,1.0,0.0,0.0,0.0,0.0,0.0,1.0,0.0,0.0,5.0,1,142.22358822298366,26.21083611852611,120.00000000000013,49.91666666666672,0,2,0,0,0,36,0,0.0,0,0,0.0,0.0,0.48908936236385336,0,0,0,0e344e324b78bf13
70,alert_incident,omni_k8s_kill,1.0,0.0,0.0,0.0,0.0,0.0,1.0,0.0,0.0,5.0,1,105.80126361276844,23.008641932327205,135.50000000000009,65.41666666666667,0,0,0,0,0,37,37,3.0,3,0,0.0,0.29400000000000004,0.3491600742259596,0,0,0,f63452082efcda57
70,alert_incident,omni_k8s_throughput_no_dynamics,1.0,0.0,0.0,0.0,0.0,0.0,1.0,0.0,0.0,5.0,1,93.1164177346322,23.008641932327205,120.00000000000013,49.91666666666672,0,0,0,0,0,34,72,0.0,0,0,0.0,0.35,0.30296420738549446,0,0,0,308214c7ca2621b2
70,alert_incident,omni_k8s_throughput_no_gate,1.0,0.0,0.0,0.0,0.0,0.0,1.0,0.0,0.0,5.0,1,87.67583106796559,23.008641932327205,100.74999999999997,30.666666666666643,0,0,0,0,0,42,72,7.0,0,7,0.0,0.35,0.3114253273009444,0,0,0,1d3763a6a4d4b3ba
70,alert_incident,omni_observe,1.0,0.0,0.3472222222222222,0.0,0.0,0.0,0.6527777777777778,59.75953999827256,310.0252241128616,10.0,1,99.94805186258733,23.008641932327205,57.24999999999995,1.2499999999999998,28,12,0,0,0,157,0,56.0,22,34,22.0,0.0,0.5472051931667187,2,2,0,80162a1fe33a2178
70,alert_incident,omni_pipeline,1.0,0.0,0.0,0.0,0.0,0.0,1.0,0.0,0.0,5.0,1,105.70856496832182,25.04347260624679,112.08333333333329,42.0,0,0,0,0,0,76,72,5.0,0,5,0.0,0.29400000000000004,0.47708394243770125,0,0,0,56a1ad154c53553c
70,alert_incident,omni_direct,1.0,0.0,0.0,0.0,0.0,0.0,1.0,0.0,0.0,5.0,1,104.93069501276845,23.008641932327205,132.91666666666669,62.83333333333334,0,8,0,0,0,47,72,9.0,7,2,2.0,0.29400000000000004,0.3372462115798708,0,0,0,69cb880ef8d3f496
70,alert_incident,omni_direct_no_dynamics,1.0,0.0,0.0,0.0,0.0,0.0,1.0,0.0,0.0,5.0,1,105.53745494610176,23.008641932327205,134.66666666666677,64.58333333333336,0,0,0,0,0,39,72,3.0,3,0,0.0,0.29400000000000004,0.3473633266241237,0,0,0,67a142e9ef643a1f
70,alert_incident,omni_direct_no_shield,1.0,0.0,0.0,0.0,0.0,0.0,1.0,0.0,0.0,5.0,1,104.93069501276845,23.008641932327205,132.91666666666669,62.83333333333334,0,8,0,0,0,47,72,9.0,7,2,2.0,0.29400000000000004,0.3372462115798708,0,0,0,69cb880ef8d3f496
70,alert_incident,omni_kill,0.9999873271113381,0.0,0.19444444444444445,0.0,0.0,0.0,0.8055555555555556,2.2927862027223163,8.191172736127776,60.0,1,95.22174501991582,23.008641932327205,101.08333333333333,30.83333333333331,14,10,0,0,0,97,37,23.0,7,16,7.0,0.29400000000000004,0.4061735848460437,3,3,0,a5a61ac89b778e12
70,alert_incident,omni_switch_on,1.0,0.0,0.18055555555555555,0.0,0.0,0.0,0.8194444444444444,0.912238088445087,0.614003693330407,5.0,1,102.92938334575368,23.008641932327205,97.5,35.75,14,13,0,0,0,105,37,29.0,11,18,12.5,0.29400000000000004,0.36943899510262646,2,2,0,d113b5dea2866190
71,power_thermal_network,native,0.9992381709554193,0.2638888888888889,0.5694444444444444,0.1111111111111111,0.19444444444444445,0.125,0.4305555555555556,333.86610595944705,2155.517794151559,90.0,1,132.9926813047094,42.16078146442141,86.75,6.416666666666666,65,11,0,19,4,230,0,67.0,26,41,28.0,0.5921784256846739,1.228818383778533,37,26,0,af75da3a3db57d7a
71,power_thermal_network,k8s_ref_50,1.0,0.2777777777777778,0.2777777777777778,0.0,0.2222222222222222,0.18055555555555555,0.6666666666666666,14.993982919016426,135.18499060830297,60.0,1,162.751874695264,39.63936057407185,129.66666666666663,40.00000000000002,6,4,0,0,0,123,0,27.0,11,16,11.0,0.5198147573337588,1.1598324119696972,16,6,0,958e3003877df326
71,power_thermal_network,k8s_ref_60,0.9999999999999999,0.2777777777777778,0.2777777777777778,0.0,0.2222222222222222,0.18055555555555555,0.6666666666666666,15.079331582923093,127.99195376895958,60.0,1,171.18800357161638,39.25527637231493,149.74999999999997,59.916666666666664,5,3,0,0,0,122,0,15.0,10,5,5.0,0.49868638380706654,1.0861011751238614,11,5,0,290de0c3ee8fb047
71,power_thermal_network,k8s_ref_70,0.9999999999999999,0.2777777777777778,0.2777777777777778,0.0,0.2222222222222222,0.18055555555555555,0.6666666666666666,20.72119974545328,120.52345955320015,60.0,1,173.52115712031116,39.632329377017044,155.41666666666666,65.41666666666669,7,4,0,0,0,138,0,13.0,10,3,3.0,0.4652239108259242,1.0684362144629889,16,8,0,1cbcde4dcbeef07d
71,power_thermal_network,k8s_ref_80,0.9999999999999999,0.2777777777777778,0.2777777777777778,0.0,0.2222222222222222,0.18055555555555555,0.6527777777777778,22.593791616873222,101.91312179059553,65.0,1,174.9004151343146,39.82277924318914,159.0,69.08333333333333,4,3,0,0,0,147,0,12.0,10,2,2.0,0.4339650673393838,1.0585171439409422,12,5,0,5828e818cbf439d6
71,power_thermal_network,omni_k8s_protect,0.9999999999999999,0.2361111111111111,0.2361111111111111,0.1527777777777778,0.1527777777777778,0.0,0.7638888888888888,503.76647851141996,3152.921418195108,30.0,1,131.15522951771788,32.72836963930341,158.25000000000006,62.49999999999997,0,3,0,0,0,55,72,19.0,15,4,4.0,0.29400000000000004,0.8751332769959828,0,0,20,7565a66dd548dda7
71,power_thermal_network,omni_k8s_throughput,0.9999999999999999,0.20833333333333334,0.20833333333333334,0.0,0.20833333333333334,0.05555555555555555,0.75,26.572614945283796,173.74507596586784,30.0,1,137.2269486169415,46.23432593037895,192.33333333333323,102.41666666666669,0,3,0,0,0,68,72,20.0,17,3,3.0,1.8673886940429947,1.0385381866242867,10,0,1,02374f349d2b7a92
71,power_thermal_network,omni_k8s_observe,0.9999999999999999,0.2777777777777778,0.2777777777777778,0.0,0.2222222222222222,0.18055555555555555,0.6666666666666666,20.72119974545328,120.52345955320015,60.0,1,173.52115712031116,39.632329377017044,155.41666666666666,65.41666666666669,7,4,0,0,0,138,0,13.0,10,3,3.0,0.4652239108259242,1.0684362144629889,16,8,0,1cbcde4dcbeef07d
71,power_thermal_network,omni_k8s_kill,1.0,0.25,0.25,0.0,0.20833333333333334,0.1388888888888889,0.6805555555555556,26.177651449679836,40.9145836685631,60.0,1,166.6025479496215,45.096960218062115,160.16666666666669,69.91666666666666,2,3,0,0,0,134,14,13.0,10,3,3.0,1.0793851337456821,1.0358601541435752,5,2,2,474a8db5bee7fc98
71,power_thermal_network,omni_k8s_throughput_no_dynamics,1.0,0.20833333333333334,0.20833333333333334,0.0,0.20833333333333334,0.05555555555555555,0.75,21.942715093693018,110.33817430855711,30.0,1,139.0203171908888,43.47761097108997,197.5000000000001,107.66666666666667,0,0,0,0,0,58,72,17.0,17,0,0.0,1.3064913704586818,1.0278517802177625,10,0,1,670c7202a18c072f
71,power_thermal_network,omni_k8s_throughput_no_gate,0.9999999999999999,0.2222222222222222,0.2222222222222222,0.013888888888888888,0.20833333333333334,0.05555555555555555,0.7361111111111112,26.647055081590036,116.1285469382027,35.0,1,136.85313076667833,43.02921097108997,188.41666666666674,98.66666666666663,0,4,0,0,0,72,72,23.0,18,5,5.0,1.3379924794862443,1.0566123574184725,11,0,1,04f85e47e16a2f06
71,power_thermal_network,omni_observe,0.9992381709554193,0.2638888888888889,0.5694444444444444,0.1111111111111111,0.19444444444444445,0.125,0.4305555555555556,333.86610595944705,2155.517794151559,90.0,1,132.9926813047094,42.16078146442141,86.75,6.416666666666666,65,11,0,19,4,230,0,67.0,26,41,28.0,0.5921784256846739,1.228818383778533,37,26,0,af75da3a3db57d7a
71,power_thermal_network,omni_pipeline,1.0,0.25,0.25,0.25,0.041666666666666664,0.0,0.7361111111111112,1015.6812739409329,5445.386491294399,45.0,1,134.95370578901398,31.96662459668673,147.66666666666666,51.83333333333334,0,1,0,0,0,103,72,16.0,8,8,7.0,0.29400000000000004,0.8342602429927909,0,0,13,aa90fcfc3159632e
71,power_thermal_network,omni_direct,0.9999999999999999,0.2361111111111111,0.2361111111111111,0.1527777777777778,0.1527777777777778,0.0,0.7638888888888888,507.10938530094427,3164.416467639213,30.0,1,130.86503998438457,32.72864526381232,156.99999999999994,61.16666666666664,0,4,0,0,0,53,72,13.0,10,3,3.0,0.29400000000000004,0.8709662339095945,0,0,2,541bed8df3fc592d
71,power_thermal_network,omni_direct_no_dynamics,1.0,0.2361111111111111,0.2361111111111111,0.1388888888888889,0.1527777777777778,0.0,0.7638888888888888,497.0806649323726,3129.9313193069042,30.0,1,132.88679753124916,32.72781839028557,163.16666666666663,67.41666666666664,0,0,0,0,0,46,72,9.0,9,0,0.0,0.38222419671664243,0.8544542300178611,0,0,2,fb6681fe15e73f82
71,power_thermal_network,omni_direct_no_shield,0.9999999999999999,0.2361111111111111,0.2361111111111111,0.1527777777777778,0.1527777777777778,0.0,0.7361111111111112,503.66767409645763,3164.416467639213,40.0,1,132.94912845105122,33.857219238426545,163.8333333333332,68.08333333333333,0,4,0,0,0,58,72,16.0,13,3,3.0,0.29400000000000004,0.8652280969467477,1,0,0,6b97c6250392209a
71,power_thermal_network,omni_kill,0.9992381709554191,0.25,0.4583333333333333,0.0,0.20833333333333334,0.1388888888888889,0.5416666666666666,40.399756190196335,223.12029796678047,90.0,1,132.6407236737885,44.83656231253381,99.50000000000003,17.416666666666668,55,14,0,19,4,207,14,51.0,18,33,20.0,1.2791510730651519,1.2408198746958818,23,16,0,6a7f8c25c7c49a0f
71,power_thermal_network,omni_switch_on,0.9999999999999996,0.2916666666666667,0.3888888888888889,0.2916666666666667,0.05555555555555555,0.0,0.5972222222222222,1392.1688914722472,6465.68321228451,50.0,1,131.21564139807202,44.25,133.24999999999994,43.74999999999998,7,7,0,0,0,77,60,25.0,9,16,10.0,0.29400000000000004,0.8388964939930379,2,2,13,3f04dbb0a49cab92
72,power_thermal_network,native,0.9999999999999998,0.1388888888888889,0.6388888888888888,0.1111111111111111,0.1111111111111111,0.0,0.3611111111111111,406.1262733022666,3045.663730354174,140.0,1,139.32353210085827,45.42203041657459,85.74999999999999,5.666666666666666,64,18,0,0,0,220,0,108.0,49,59,49.0,0.25405199317366334,1.071396154084059,29,21,0,0a0760c01a646bbb
72,power_thermal_network,k8s_ref_50,1.0000000000000002,0.1388888888888889,0.1527777777777778,0.0,0.1111111111111111,0.06944444444444445,0.6944444444444444,69.2718839451555,704.8636215023321,90.0,1,177.8506997016047,38.69431494181578,139.83333333333337,43.00000000000001,7,2,0,0,0,148,0,30.0,14,16,14.0,0.2892999853571132,0.9182609360058798,20,13,0,6da9408661d28de6
72,power_thermal_network,k8s_ref_60,1.0000000000000002,0.1388888888888889,0.16666666666666666,0.0,0.1111111111111111,0.06944444444444445,0.6666666666666666,69.2718839451555,704.8636215023321,95.0,1,184.67864487179136,38.69431494181578,156.75,59.91666666666667,8,2,0,0,0,158,0,19.0,14,5,5.0,0.2893742527980515,0.8440038277756978,21,14,0,20e22c55e632c266
72,power_thermal_network,k8s_ref_70,1.0000000000000002,0.125,0.1527777777777778,0.0,0.09722222222222222,0.06944444444444445,0.6666666666666666,73.2379288560616,741.9612754428867,100.0,1,185.67345994007204,38.67322707413898,159.33333333333334,62.5,7,2,0,0,0,151,0,18.0,14,4,4.0,0.29844694597908905,0.8354367333273417,20,13,0,e12cc68c18dfc913
72,power_thermal_network,k8s_ref_80,1.0,0.1388888888888889,0.1527777777777778,0.013888888888888888,0.09722222222222222,0.06944444444444445,0.6527777777777778,94.05286056745646,977.5543074626165,105.0,1,186.68091263263923,38.78513009395431,162.08333333333337,64.83333333333334,5,3,0,0,0,152,0,17.0,14,3,3.0,0.33841928656273357,0.8206820644114974,19,12,0,079f024b6ed72def
72,power_thermal_network,omni_k8s_protect,1.0000000000000002,0.08333333333333333,0.08333333333333333,0.0,0.08333333333333333,0.0,0.9027777777777778,67.02452676164526,633.4890019489083,20.0,1,140.24454990213883,32.611678086584774,170.41666666666663,73.5,0,2,0,0,0,49,72,15.0,11,4,4.0,0.29400000000000004,0.7647439870633945,0,0,7,b8d12c1c89c99d02
72,power_thermal_network,omni_k8s_throughput,1.0,0.09722222222222222,0.09722222222222222,0.013888888888888888,0.08333333333333333,0.0,0.8888888888888888,31.563401132175457,0.8259553005764071,25.0,1,135.19926682108485,45.05268726408345,162.83333333333326,67.24999999999999,0,2,0,0,0,50,72,15.0,12,3,3.0,1.059916482721428,0.874135584690683,5,0,2,f250c8376e111c23
72,power_thermal_network,omni_k8s_observe,1.0000000000000002,0.125,0.1527777777777778,0.0,0.09722222222222222,0.06944444444444445,0.6666666666666666,73.2379288560616,741.9612754428867,100.0,1,185.67345994007204,38.67322707413898,159.33333333333334,62.5,7,2,0,0,0,151,0,18.0,14,4,4.0,0.29844694597908905,0.8354367333273417,20,13,0,e12cc68c18dfc913
72,power_thermal_network,omni_k8s_kill,1.0000000000000002,0.08333333333333333,0.08333333333333333,0.0,0.08333333333333333,0.0,0.7083333333333334,27.955956095446957,0.0,90.0,1,172.14279770151833,46.63764905416427,175.33333333333331,79.50000000000001,0,2,0,0,0,126,27,16.0,13,3,3.0,0.9600846694088524,0.7179939694795893,2,1,2,29c98d8be03e2f7a
72,power_thermal_network,omni_k8s_throughput_no_dynamics,1.0,0.1111111111111111,0.1111111111111111,0.013888888888888888,0.09722222222222222,0.0,0.875,31.563401132175457,0.8259553005764071,30.0,1,140.07687628660003,45.05268726408345,177.24999999999994,81.66666666666663,0,0,0,0,0,48,72,15.0,15,0,0.0,1.059916482721428,0.8570752443315232,6,0,2,5fa10199a5013cbc
72,power_thermal_network,omni_k8s_throughput_no_gate,1.0,0.09722222222222222,0.09722222222222222,0.013888888888888888,0.08333333333333333,0.0,0.8888888888888888,41.15132070711101,116.16541550413471,25.0,1,134.29864407216763,45.023674336335546,159.58333333333323,63.91666666666668,0,4,0,0,0,63,72,20.0,14,6,6.0,1.0995213865476365,0.8745286945633565,5,0,2,02fc550952816d69
72,power_thermal_network,omni_observe,0.9999999999999998,0.1388888888888889,0.6388888888888888,0.1111111111111111,0.1111111111111111,0.0,0.3611111111111111,406.1262733022666,3045.663730354174,140.0,1,139.32353210085827,45.42203041657459,85.74999999999999,5.666666666666666,64,18,0,0,0,220,0,108.0,49,59,49.0,0.25405199317366334,1.071396154084059,29,21,0,0a0760c01a646bbb
72,power_thermal_network,omni_pipeline,1.0000000000000002,0.08333333333333333,0.08333333333333333,0.08333333333333333,0.0,0.0,0.8888888888888888,210.78144508919883,1846.251278164457,25.0,1,139.73754973670847,32.72230247529333,148.3333333333333,48.99999999999999,0,1,0,0,0,103,72,14.0,8,6,6.0,0.29400000000000004,0.721462164153483,1,0,3,ebf290cefbbad402
72,power_thermal_network,omni_direct,1.0000000000000002,0.08333333333333333,0.08333333333333333,0.013888888888888888,0.06944444444444445,0.0,0.9166666666666666,105.26503055097027,869.3731420310107,20.0,1,136.92056070213877,33.40982526781216,159.75000000000017,61.916666666666664,0,2,0,0,0,51,72,13.0,9,4,4.0,0.29400000000000004,0.7329846384072615,0,0,0,06f1399cbffbd59f
72,power_thermal_network,omni_direct_no_dynamics,1.0000000000000002,0.08333333333333333,0.08333333333333333,0.013888888888888888,0.06944444444444445,0.0,0.9166666666666666,98.44691253960623,805.956175296163,20.0,1,138.92550656880547,33.39847109530314,166.41666666666663,68.58333333333333,0,0,0,0,0,43,72,9.0,9,0,0.0,0.29400000000000004,0.7132757549792188,0,0,0,3bb3c301f81f9237
72,power_thermal_network,omni_direct_no_shield,1.0000000000000002,0.08333333333333333,0.08333333333333333,0.013888888888888888,0.06944444444444445,0.0,0.9166666666666666,105.26503055097027,869.3731420310107,20.0,1,136.92056070213877,33.40982526781216,159.75000000000017,61.916666666666664,0,2,0,0,0,51,72,13.0,9,4,4.0,0.29400000000000004,0.7329846384072615,0,0,0,06f1399cbffbd59f
72,power_thermal_network,omni_kill,1.0000000000000002,0.08333333333333333,0.3472222222222222,0.0,0.08333333333333333,0.0,0.6527777777777778,39.326860707697385,164.7915330883966,100.0,1,137.54697219083187,47.13505940230945,112.58333333333331,25.75,38,10,0,5,1,154,27,43.0,16,27,16.5,1.062386666537232,0.8949255037588494,13,10,0,b023fec57583aab5
72,power_thermal_network,omni_switch_on,1.0000000000000002,0.125,0.25,0.125,0.027777777777777776,0.0,0.7361111111111112,406.19780075035874,3296.5229291530154,35.0,1,133.5085733156733,38.94403256752328,114.99999999999991,27.416666666666664,9,13,0,0,0,91,47,31.0,13,18,14.5,0.29400000000000004,0.7403909384401819,2,2,5,4d701bb1528e7ae2
73,power_thermal_network,native,0.9999999999999994,0.19444444444444445,0.625,0.1527777777777778,0.1388888888888889,0.06944444444444445,0.375,479.55623428101455,3069.981383025113,145.0,1,139.05832117698523,50.97966098117829,91.41666666666669,10.5,63,16,0,0,0,219,0,98.0,44,54,44.0,0.4950559036585884,1.1426555654191342,40,29,0,81d2f4a0d461ada4
73,power_thermal_network,k8s_ref_50,1.0,0.19444444444444445,0.20833333333333334,0.0,0.1527777777777778,0.1388888888888889,0.7083333333333334,42.626348973878436,524.0808477009314,65.0,1,174.06712205096142,40.78128998193764,142.25000000000009,48.66666666666668,5,2,0,0,0,144,0,22.0,12,10,10.0,0.4874687431125231,1.0347605510968516,12,6,0,1e1487d68fed1f0d
73,power_thermal_network,k8s_ref_60,1.0,0.19444444444444445,0.19444444444444445,0.0,0.1527777777777778,0.1388888888888889,0.7222222222222222,42.626348973878436,524.0808477009314,65.0,1,176.43971434642268,40.78128998193764,148.08333333333334,54.49999999999998,4,2,0,0,0,140,0,17.0,12,5,5.0,0.4874687431125231,1.000745590764629,11,5,0,e164151093b298b9
73,power_thermal_network,k8s_ref_70,1.0000000000000002,0.19444444444444445,0.19444444444444445,0.0,0.1527777777777778,0.1388888888888889,0.7222222222222222,57.77475355945273,684.0493202262338,65.0,1,178.2657337040149,41.313371182978436,152.74999999999994,58.916666666666686,4,3,0,0,0,141,0,17.0,13,4,4.0,0.5939706454893774,0.9792105784956442,14,7,0,7924dc9db6e3f622
73,power_thermal_network,k8s_ref_80,1.0000000000000002,0.19444444444444445,0.19444444444444445,0.013888888888888888,0.1527777777777778,0.125,0.7222222222222222,69.60790501490868,798.1475190022018,65.0,1,180.10244557466757,41.69490679496792,157.58333333333334,63.50000000000001,4,3,0,0,0,141,0,17.0,14,3,3.0,0.7018352466185431,0.9592089478174435,16,9,0,dc9192debe6ec650
73,power_thermal_network,omni_k8s_protect,0.9999999999999999,0.1388888888888889,0.1388888888888889,0.0,0.1388888888888889,0.041666666666666664,0.8194444444444444,16.21097327594441,40.94720640957758,30.0,1,140.3679796756004,33.88004455880741,178.41666666666663,85.24999999999997,0,3,0,0,0,51,72,17.0,13,4,4.0,0.29400000000000004,1.0032892739393882,0,0,6,b19927abd887747d
73,power_thermal_network,omni_k8s_throughput,0.9999999999999999,0.1388888888888889,0.1388888888888889,0.013888888888888888,0.125,0.0,0.8333333333333334,37.537307779213066,252.9551103743114,25.0,1,130.34930894495585,45.02245682999955,157.0000000000001,63.833333333333364,0,2,0,0,0,62,72,16.0,13,3,3.0,2.3830121859095774,0.9404629384138348,6,0,1,e1b30cb2d6d334cc
73,power_thermal_network,omni_k8s_observe,1.0000000000000002,0.19444444444444445,0.19444444444444445,0.0,0.1527777777777778,0.1388888888888889,0.7222222222222222,57.77475355945273,684.0493202262338,65.0,1,178.2657337040149,41.313371182978436,152.74999999999994,58.916666666666686,4,3,0,0,0,141,0,17.0,13,4,4.0,0.5939706454893774,0.9792105784956442,14,7,0,7924dc9db6e3f622
73,power_thermal_network,omni_k8s_kill,1.0,0.18055555555555555,0.18055555555555555,0.0,0.1388888888888889,0.1111111111111111,0.7222222222222222,14.702175785685998,0.0,65.0,1,164.58361167457963,40.154565888786905,179.75,86.66666666666671,0,2,0,0,0,115,33,16.0,13,3,3.0,0.7871108768753645,0.927174466804889,1,0,2,50a9844d6d95ea22
73,power_thermal_network,omni_k8s_throughput_no_dynamics,0.9999999999999999,0.1527777777777778,0.1527777777777778,0.013888888888888888,0.1388888888888889,0.0,0.8333333333333334,30.756540348017786,108.23388341597888,25.0,1,132.08485794954075,44.061672968774886,166.4166666666666,73.41666666666669,0,0,0,0,0,55,72,15.0,15,0,0.0,1.238536471603656,0.9344261906097114,7,0,1,04c55c838cde6988
73,power_thermal_network,omni_k8s_throughput_no_gate,1.0,0.1388888888888889,0.1388888888888889,0.013888888888888888,0.125,0.0,0.8333333333333334,53.158678095758845,282.6890801393103,25.0,1,130.07258210860581,45.018603143488754,153.91666666666677,60.91666666666667,0,5,0,0,0,69,72,22.0,16,6,6.0,1.9487643663940872,0.952437546150263,7,0,2,c0c5b8cd15966381
73,power_thermal_network,omni_observe,0.9999999999999994,0.19444444444444445,0.625,0.1527777777777778,0.1388888888888889,0.06944444444444445,0.375,479.55623428101455,3069.981383025113,145.0,1,139.05832117698523,50.97966098117829,91.41666666666669,10.5,63,16,0,0,0,219,0,98.0,44,54,44.0,0.4950559036585884,1.1426555654191342,40,29,0,81d2f4a0d461ada4
73,power_thermal_network,omni_pipeline,0.9999999999999998,0.16666666666666666,0.16666666666666666,0.16666666666666666,0.09722222222222222,0.0,0.8194444444444444,410.4305870230606,2527.4497494478383,30.0,1,137.98219153298464,31.817416030682267,149.58333333333343,51.33333333333333,0,1,0,0,0,94,72,15.0,10,5,4.0,0.29400000000000004,0.8440857382393812,2,0,0,c78a92d3601ddd85
73,power_thermal_network,omni_direct,0.9999999999999999,0.1388888888888889,0.1388888888888889,0.06944444444444445,0.1388888888888889,0.0,0.8333333333333334,217.96365171613917,1483.0305495766106,30.0,1,132.92857527560034,32.39556133123726,154.58333333333343,56.750000000000014,0,2,0,0,0,49,72,13.0,9,4,4.0,0.29400000000000004,0.8775383866732931,0,0,1,036dcabb4d0d0b54
73,power_thermal_network,omni_direct_no_dynamics,1.0,0.1388888888888889,0.1388888888888889,0.06944444444444445,0.1388888888888889,0.0,0.8333333333333334,210.27491679399137,1447.4478123087538,30.0,1,135.38199587560044,32.379841299846795,162.6666666666666,64.91666666666669,0,0,0,0,0,42,72,9.0,9,0,0.0,0.29400000000000004,0.8578439161018184,0,0,0,d7632423c8daead8
73,power_thermal_network,omni_direct_no_shield,1.0,0.1388888888888889,0.1388888888888889,0.013888888888888888,0.1388888888888889,0.0,0.8333333333333334,159.64686589298606,1074.4408800240537,30.0,1,134.53780814226704,30.820669858756244,159.91666666666669,62.99999999999999,0,4,0,0,0,53,72,16.0,12,4,4.0,0.29400000000000004,0.895937732631692,2,0,0,444210122531ba6e
73,power_thermal_network,omni_kill,0.9999999999999999,0.1527777777777778,0.3333333333333333,0.0,0.1388888888888889,0.05555555555555555,0.6666666666666666,38.71295596516398,205.76402906498427,75.0,1,136.24727264344068,48.04999804486147,119.49999999999989,31.166666666666668,41,12,0,13,2,156,33,48.0,18,30,19.0,1.3793294837455559,1.0908961901801266,17,13,1,e79347e5accf67e4
73,power_thermal_network,omni_switch_on,1.0,0.20833333333333334,0.3472222222222222,0.20833333333333334,0.05555555555555555,0.0,0.6527777777777778,822.7052868810327,5144.510607931642,40.0,1,131.66254239313398,32.07054335491569,115.16666666666663,28.833333333333325,10,11,0,0,0,98,41,33.0,16,17,14.0,0.29400000000000004,0.7971981098443907,2,2,6,cd65fc435b8e050e
74,power_thermal_network,native,1.0,0.3333333333333333,0.5972222222222222,0.1527777777777778,0.2777777777777778,0.18055555555555555,0.4027777777777778,410.2032065339111,2783.18434393994,60.0,1,122.06014266127062,37.44445683965485,85.33333333333336,13.5,72,12,0,0,0,242,0,86.0,37,49,37.0,0.439142499830097,1.2344368330051245,48,34,0,976d48c39d519898
74,power_thermal_network,k8s_ref_50,1.0,0.3333333333333333,0.3333333333333333,0.0,0.3194444444444444,0.2361111111111111,0.6388888888888888,16.61076334334926,0.0,35.0,1,146.1092416960888,31.516556076821505,119.50000000000004,41.5,2,4,0,0,0,114,0,15.0,6,9,6.0,0.30524166184577384,1.09934027528966,5,2,0,812b1b215090cde1
74,power_thermal_network,k8s_ref_60,1.0,0.3333333333333333,0.3333333333333333,0.0,0.3194444444444444,0.2361111111111111,0.6388888888888888,11.997673620660997,0.0,35.0,1,149.80917420833805,34.752122631642656,128.83333333333334,50.83333333333333,2,3,0,0,0,105,0,8.0,4,4,4.0,0.4023345811272434,1.095909156459705,5,3,0,cdcf69a65e666bcb
74,power_thermal_network,k8s_ref_70,1.0,0.3333333333333333,0.3333333333333333,0.013888888888888888,0.3055555555555556,0.25,0.6388888888888888,17.337783023827583,0.0,35.0,1,151.16571958412885,36.276189146613994,132.66666666666654,54.50000000000002,4,3,0,0,0,107,0,8.0,5,3,3.0,0.3988553068480962,1.0955674398950448,8,5,0,0a35e3cb03741ebc
74,power_thermal_network,k8s_ref_80,1.0,0.3472222222222222,0.3472222222222222,0.013888888888888888,0.3055555555555556,0.25,0.625,24.881686511952744,0.0,40.0,1,152.60693276984776,38.39694007561145,136.66666666666674,58.41666666666666,3,3,0,0,0,108,0,8.0,6,2,2.0,0.5272197293054242,1.0920125437209793,7,4,0,f899321cebfbb886
74,power_thermal_network,omni_k8s_protect,1.0000000000000002,0.09722222222222222,0.09722222222222222,0.013888888888888888,0.08333333333333333,0.0,0.8055555555555556,239.85981623373345,867.6013714900063,5.0,1,114.3455270482936,24.07499383037212,139.99999999999986,55.91666666666667,0,3,0,0,0,67,72,12.0,9,3,3.0,0.29400000000000004,0.8705180120084353,0,0,23,2b015de0fa150de7
74,power_thermal_network,omni_k8s_throughput,1.0,0.09722222222222222,0.09722222222222222,0.013888888888888888,0.08333333333333333,0.0,0.8888888888888888,24.206254612299293,36.999451763507984,5.0,1,110.29578234855484,39.04708603337431,144.50000000000003,66.25000000000001,0,2,0,0,0,78,72,11.0,9,2,2.0,1.2573765922317288,0.8520536200827248,6,0,1,68a26704b4149917
74,power_thermal_network,omni_k8s_observe,1.0,0.3333333333333333,0.3333333333333333,0.013888888888888888,0.3055555555555556,0.25,0.6388888888888888,17.337783023827583,0.0,35.0,1,151.16571958412885,36.276189146613994,132.66666666666654,54.50000000000002,4,3,0,0,0,107,0,8.0,5,3,3.0,0.3988553068480962,1.0955674398950448,8,5,0,0a35e3cb03741ebc
74,power_thermal_network,omni_k8s_kill,1.0,0.3472222222222222,0.3472222222222222,0.013888888888888888,0.3055555555555556,0.20833333333333334,0.625,34.27740940976651,0.0,40.0,1,134.5244672954705,41.182434630366494,144.33333333333331,65.75000000000001,0,2,0,0,0,105,35,10.0,7,3,3.0,1.067728143596146,1.0828975187951562,2,1,2,e1bc6d2f40f953dc
74,power_thermal_network,omni_k8s_throughput_no_dynamics,1.0,0.08333333333333333,0.08333333333333333,0.013888888888888888,0.06944444444444445,0.0,0.8888888888888888,22.767604113729153,32.6674426861898,5.0,1,110.45448130464136,38.560091657308746,146.16666666666666,67.91666666666669,0,0,0,0,0,74,72,9.0,9,0,0.0,1.2727436544752027,0.8400626639705285,5,0,1,78279d98785b48a9
74,power_thermal_network,omni_k8s_throughput_no_gate,1.0,0.125,0.125,0.013888888888888888,0.1111111111111111,0.0,0.8333333333333334,34.96454723210992,91.91566765930318,5.0,1,110.37679816253176,37.037575067516066,139.66666666666666,61.50000000000002,0,3,0,0,0,87,72,17.0,12,5,5.0,1.3198484462368,0.885476166638717,7,0,2,9eeb95f05cb5c4a9
74,power_thermal_network,omni_observe,1.0,0.3333333333333333,0.5972222222222222,0.1527777777777778,0.2777777777777778,0.18055555555555555,0.4027777777777778,410.2032065339111,2783.18434393994,60.0,1,122.06014266127062,37.44445683965485,85.33333333333336,13.5,72,12,0,0,0,242,0,86.0,37,49,37.0,0.439142499830097,1.2344368330051245,48,34,0,976d48c39d519898
74,power_thermal_network,omni_pipeline,1.0,0.2777777777777778,0.2777777777777778,0.2777777777777778,0.05555555555555555,0.0,0.6805555555555556,432.51856439586595,1491.4218704557354,20.0,1,120.04761794059992,25.62246877713254,133.9999999999999,44.83333333333332,0,1,0,0,0,99,72,8.0,5,3,2.0,0.29400000000000004,0.990872127831234,2,0,1,09e8518689b84392
74,power_thermal_network,omni_direct,1.0000000000000002,0.2361111111111111,0.2361111111111111,0.2361111111111111,0.0,0.0,0.6805555555555556,428.46164715836426,1591.3070085071083,20.0,1,112.81543678162701,27.278480043989045,134.9166666666667,45.833333333333336,0,4,0,0,0,71,72,9.0,6,3,3.0,0.29400000000000004,0.837811390581712,0,0,14,af3df64b2fad4bea
74,power_thermal_network,omni_direct_no_dynamics,1.0000000000000002,0.2361111111111111,0.2361111111111111,0.2361111111111111,0.0,0.0,0.6805555555555556,420.1654335096043,1567.408749459309,20.0,1,113.31667324829365,27.27826248061037,136.58333333333337,47.74999999999997,0,0,0,0,0,61,72,4.0,4,0,0.0,0.29400000000000004,0.8286021701293218,0,0,14,48ce5b0ea9b0a2c8
74,power_thermal_network,omni_direct_no_shield,1.0000000000000002,0.1388888888888889,0.1388888888888889,0.09722222222222222,0.08333333333333333,0.0,0.6805555555555556,287.709252751081,1226.7983465919972,20.0,1,114.37190791496033,24.200725942836673,140.0000000000001,54.66666666666667,0,4,0,0,0,70,72,11.0,8,3,3.0,0.29400000000000004,0.8974170302090927,1,0,0,44fec11249bfa46e
74,power_thermal_network,omni_kill,1.0000000000000002,0.2916666666666667,0.4166666666666667,0.013888888888888888,0.2777777777777778,0.16666666666666666,0.5694444444444444,41.40607926091639,102.27098820444145,60.0,1,122.37950840563491,40.85568814804668,114.00000000000007,36.666666666666664,54,7,0,23,4,196,35,32.0,8,24,10.0,1.166945478797572,1.1294191952241759,19,15,0,34043d00336cec65
74,power_thermal_network,omni_switch_on,1.0,0.3333333333333333,0.4305555555555556,0.3333333333333333,0.027777777777777776,0.0,0.5694444444444444,1044.3294334949808,3523.6858336205173,25.0,1,114.45820098444004,43.63288644955846,100.4166666666667,20.75,7,11,0,0,0,117,39,25.0,8,17,10.5,0.29400000000000004,0.8605686656351205,2,2,6,61f43b0ad465fe2c
75,power_thermal_network,native,1.0,0.25,0.5416666666666666,0.1111111111111111,0.19444444444444445,0.125,0.4583333333333333,279.1502041128699,2250.0859817156047,75.0,1,140.09539928813268,45.59250522606248,89.99999999999997,7.999999999999999,65,16,0,20,7,238,0,68.0,25,43,28.5,0.5659157501821508,1.196413926225214,38,28,0,f7b2b473d7402623
75,power_thermal_network,k8s_ref_50,1.0,0.2638888888888889,0.2777777777777778,0.0,0.2222222222222222,0.19444444444444445,0.6527777777777778,38.44333173700127,431.82517341491825,60.0,1,174.98792664964728,39.76180414538585,141.5,47.25,5,2,0,0,0,143,0,19.0,10,9,9.0,0.4135261854459491,1.0936640691813484,10,5,0,38061afc8b0fa248
75,power_thermal_network,k8s_ref_60,1.0,0.2638888888888889,0.2638888888888889,0.0,0.2222222222222222,0.19444444444444445,0.6666666666666666,38.44333173700127,431.82517341491825,60.0,1,177.36321047934192,39.76180414538585,147.33333333333331,53.083333333333314,4,2,0,0,0,138,0,14.0,10,4,4.0,0.4135261854459491,1.0587573598995363,9,4,0,e5e50b6664110b52
75,power_thermal_network,k8s_ref_70,1.0,0.2777777777777778,0.2777777777777778,0.0,0.2222222222222222,0.20833333333333334,0.6666666666666666,51.6457890830502,591.4067139359081,60.0,1,178.4328890298209,40.17191360748047,150.24999999999994,55.666666666666664,4,2,0,0,0,138,0,15.0,11,4,4.0,0.4414167298207756,1.0498563227625053,13,7,0,ce8d688e7b31cd46
75,power_thermal_network,k8s_ref_80,1.0,0.2777777777777778,0.2777777777777778,0.013888888888888888,0.20833333333333334,0.20833333333333334,0.6666666666666666,62.28499886413402,703.3316861691313,60.0,1,180.29711469081036,40.35862816110534,155.24999999999997,60.583333333333314,4,3,0,0,0,146,0,15.0,12,3,3.0,0.4730506814173572,1.0330822258342307,14,8,0,06a56be3719bae77
75,power_thermal_network,omni_k8s_protect,0.9999999999999999,0.2222222222222222,0.2222222222222222,0.16666666666666666,0.125,0.0,0.7638888888888888,424.87312598123003,2248.7121963495215,25.0,1,134.4672037826334,32.68112023174634,155.58333333333334,52.500000000000014,0,2,0,0,0,52,72,13.0,9,4,4.0,0.29400000000000004,0.8282639402794773,0,0,18,002632b00b8dbdf5
75,power_thermal_network,omni_k8s_throughput,1.0,0.16666666666666666,0.16666666666666666,0.013888888888888888,0.1527777777777778,0.0,0.7777777777777778,43.59253523046992,265.14948404977383,25.0,1,137.9714333493706,46.12907180398228,171.9166666666667,77.49999999999997,0,2,0,0,0,69,72,18.0,16,2,2.0,3.6255397648751675,0.9458576854794297,7,0,1,871c9770960d0766
75,power_thermal_network,omni_k8s_observe,1.0,0.2777777777777778,0.2777777777777778,0.0,0.2222222222222222,0.20833333333333334,0.6666666666666666,51.6457890830502,591.4067139359081,60.0,1,178.4328890298209,40.17191360748047,150.24999999999994,55.666666666666664,4,2,0,0,0,138,0,15.0,11,4,4.0,0.4414167298207756,1.0498563227625053,13,7,0,ce8d688e7b31cd46
75,power_thermal_network,omni_k8s_kill,1.0,0.25,0.25,0.0,0.20833333333333334,0.1527777777777778,0.6666666666666666,42.36280082020965,72.38887930596177,60.0,1,162.27993033850126,50.84674020526531,163.08333333333337,68.25,1,2,0,0,0,125,30,14.0,11,3,3.0,1.124555202220963,1.0000090342462964,4,2,2,62bf4b35cb59d115
75,power_thermal_network,omni_k8s_throughput_no_dynamics,1.0,0.16666666666666666,0.16666666666666666,0.013888888888888888,0.1527777777777778,0.0,0.7777777777777778,38.6434578357365,205.3982753177409,25.0,1,139.57575124157458,46.260663343785524,175.16666666666666,80.91666666666666,0,0,0,0,0,59,72,16.0,16,0,0.0,3.125827148667965,0.9529768393027624,7,0,1,79a833df0a463c41
75,power_thermal_network,omni_k8s_throughput_no_gate,1.0000000000000002,0.1527777777777778,0.1527777777777778,0.013888888888888888,0.1388888888888889,0.0,0.7777777777777778,58.60528826654869,310.4385405102402,25.0,1,137.62655776452496,46.08557208346916,168.4166666666668,74.16666666666667,0,4,0,0,0,75,72,23.0,18,5,5.0,3.072253830224178,0.9662848369109359,8,0,3,e6b08a36e46b75ba
75,power_thermal_network,omni_observe,1.0,0.25,0.5416666666666666,0.1111111111111111,0.19444444444444445,0.125,0.4583333333333333,279.1502041128699,2250.0859817156047,75.0,1,140.09539928813268,45.59250522606248,89.99999999999997,7.999999999999999,65,16,0,20,7,238,0,68.0,25,43,28.5,0.5659157501821508,1.196413926225214,38,28,0,f7b2b473d7402623
75,power_thermal_network,omni_pipeline,0.9999999999999999,0.2361111111111111,0.2361111111111111,0.2361111111111111,0.0,0.0,0.75,730.4702676908403,3642.3890839266587,30.0,1,137.33863695897284,31.9087245735125,143.16666666666666,40.666666666666664,0,1,0,0,0,86,72,14.0,8,6,5.0,0.29400000000000004,0.8499418464699945,0,0,10,39d0fb9108248fc3
75,power_thermal_network,omni_direct,1.0,0.20833333333333334,0.20833333333333334,0.18055555555555555,0.05555555555555555,0.0,0.7638888888888888,537.8401779266876,2874.541291371143,25.0,1,134.22977598263336,32.871004747999635,155.00000000000003,52.33333333333332,0,4,0,0,0,58,72,15.0,11,4,4.0,0.29400000000000004,0.7979505410602142,0,0,7,45664590867954f2
75,power_thermal_network,omni_direct_no_dynamics,1.0,0.19444444444444445,0.19444444444444445,0.1388888888888889,0.125,0.0,0.7777777777777778,392.6940331239591,2126.042379637844,25.0,1,136.10281751596668,32.67787200184712,161.0833333333332,58.41666666666664,0,0,0,0,0,47,72,9.0,9,0,0.0,0.29400000000000004,0.8077851385710311,0,0,4,c3dbba8b64c3c6aa
75,power_thermal_network,omni_direct_no_shield,0.9999999999999999,0.20833333333333334,0.20833333333333334,0.16666666666666666,0.125,0.0,0.75,431.8987508452629,2183.2429032489135,30.0,1,136.2347218493001,34.70241631147684,161.58333333333343,58.25000000000001,0,4,0,0,0,63,72,18.0,14,4,4.0,0.29400000000000004,0.8345451321812108,2,0,0,58271b65d944b54c
75,power_thermal_network,omni_kill,1.0000000000000002,0.2222222222222222,0.4027777777777778,0.0,0.19444444444444445,0.125,0.5833333333333334,53.50853976777822,357.776780416957,75.0,1,139.79630211439024,49.576484119908024,118.0,27.833333333333325,51,11,0,17,6,187,30,45.0,14,31,17.0,1.200190090052924,1.1777756115265383,19,15,0,929f2611e81cfe5a
75,power_thermal_network,omni_switch_on,1.0,0.2638888888888889,0.3888888888888889,0.2638888888888889,0.013888888888888888,0.0,0.5972222222222222,1196.2710285320322,5516.8980620962,40.0,1,135.7659080851745,46.019999999999996,119.66666666666671,29.75000000000001,9,11,0,0,0,95,44,26.0,10,16,10.0,0.29400000000000004,0.8095076940596846,2,2,11,8e16c0f21ce3032a
76,power_thermal_network,native,0.9999999999999994,0.375,0.8611111111111112,0.2361111111111111,0.2638888888888889,0.19444444444444445,0.1111111111111111,821.0805631608083,3907.098310738114,85.0,1,149.4548611272365,49.304482872268764,106.83333333333334,17.249999999999996,90,10,0,0,0,274,0,121.0,56,65,56.0,0.8261224074064153,1.3448324615555285,49,35,0,d1e4ede359c05811
76,power_thermal_network,k8s_ref_50,1.0,0.3472222222222222,0.3611111111111111,0.0,0.3055555555555556,0.2777777777777778,0.5833333333333334,39.6314052337054,473.8898493767526,55.0,1,177.82801543164652,40.71844998592262,148.16666666666657,51.33333333333334,5,2,0,0,0,153,0,18.0,11,7,7.0,0.6597123811178263,1.0889926559591308,12,6,0,50efb8631c5a5db2
76,power_thermal_network,k8s_ref_60,1.0,0.3472222222222222,0.3472222222222222,0.0,0.3055555555555556,0.2777777777777778,0.5972222222222222,42.594121473478026,516.3270306533964,55.0,1,178.47802635536564,40.81810125428318,149.91666666666657,53.00000000000001,4,2,0,0,0,143,0,15.0,11,4,4.0,0.6715974974707017,1.0744196371279375,11,5,0,5ea1231b4b8a75b0
76,power_thermal_network,k8s_ref_70,1.0,0.3611111111111111,0.3611111111111111,0.0,0.3055555555555556,0.2916666666666667,0.5972222222222222,56.29674579986087,685.823215977336,55.0,1,179.80155381834285,41.35718889929047,153.74999999999997,56.74999999999998,4,2,0,0,0,141,0,15.0,12,3,3.0,0.7360997088398671,1.0595930658699628,13,7,0,e955148229657421
76,power_thermal_network,k8s_ref_80,1.0,0.3611111111111111,0.3611111111111111,0.013888888888888888,0.3055555555555556,0.2916666666666667,0.5833333333333334,66.36144938350412,787.4550370939863,60.0,1,181.12614206348854,41.67089442043349,157.66666666666677,60.4166666666667,5,3,0,0,0,144,0,15.0,13,2,2.0,0.7855188785752881,1.0452526440514522,17,10,0,f9c4fb79491d31a9
76,power_thermal_network,omni_k8s_protect,1.0000000000000002,0.2916666666666667,0.2916666666666667,0.0,0.2916666666666667,0.09722222222222222,0.6805555555555556,263.61575186529177,1053.265487711951,30.0,1,139.24988149266125,30.404341470874883,163.50000000000014,60.249999999999986,0,3,0,0,0,64,72,16.0,12,4,4.0,0.29400000000000004,0.9755866312021061,0,0,22,ec8dfec4c7beda1d
76,power_thermal_network,omni_k8s_throughput,1.0,0.3055555555555556,0.3055555555555556,0.013888888888888888,0.2916666666666667,0.125,0.6666666666666666,39.79214820074037,189.15736132142194,30.0,1,134.8608710372176,44.90767421189288,163.74999999999991,67.33333333333331,0,2,0,0,0,80,72,17.0,16,1,1.0,2.0118648303542517,0.9720470023557235,9,0,1,85faf53ad7e96145
76,power_thermal_network,omni_k8s_observe,1.0,0.3611111111111111,0.3611111111111111,0.0,0.3055555555555556,0.2916666666666667,0.5972222222222222,56.29674579986087,685.823215977336,55.0,1,179.80155381834285,41.35718889929047,153.74999999999997,56.74999999999998,4,2,0,0,0,141,0,15.0,12,3,3.0,0.7360997088398671,1.0595930658699628,13,7,0,e955148229657421
76,power_thermal_network,omni_k8s_kill,1.0,0.3333333333333333,0.3333333333333333,0.0,0.2916666666666667,0.25,0.6111111111111112,27.853095182356796,0.0,55.0,1,161.95614674143195,46.696398023146756,168.6666666666667,71.91666666666664,0,2,0,0,0,114,34,14.0,11,3,3.0,1.2057525755386438,1.052474224244483,2,1,2,d107a2f936e35a9a
76,power_thermal_network,omni_k8s_throughput_no_dynamics,1.0,0.3055555555555556,0.3055555555555556,0.013888888888888888,0.2916666666666667,0.08333333333333333,0.6666666666666666,34.826133419672715,110.42903720698824,30.0,1,135.59627239052762,44.90767421189288,165.74999999999994,69.41666666666667,0,0,0,0,0,73,72,16.0,16,0,0.0,1.3405666753207441,0.9506091468842935,9,0,1,07cf5babca0f58e7
76,power_thermal_network,omni_k8s_throughput_no_gate,1.0,0.3055555555555556,0.3055555555555556,0.013888888888888888,0.2916666666666667,0.1527777777777778,0.6666666666666666,56.12839027605629,258.75878773184104,30.0,1,134.75834361989843,44.05311319760384,159.9166666666668,63.66666666666671,0,5,0,0,0,86,72,24.0,19,5,5.0,1.4670812976099752,1.0019124880940506,9,0,3,4e6347f1bad12d82
76,power_thermal_network,omni_observe,0.9999999999999994,0.375,0.8611111111111112,0.2361111111111111,0.2638888888888889,0.19444444444444445,0.1111111111111111,821.0805631608083,3907.098310738114,85.0,1,149.4548611272365,49.304482872268764,106.83333333333334,17.249999999999996,90,10,0,0,0,274,0,121.0,56,65,56.0,0.8261224074064153,1.3448324615555285,49,35,0,d1e4ede359c05811
76,power_thermal_network,omni_pipeline,1.0,0.2916666666666667,0.2916666666666667,0.2916666666666667,0.2638888888888889,0.027777777777777776,0.6666666666666666,727.6466769509946,2634.8341206419436,35.0,1,141.78154006051642,31.700218990335895,152.50000000000006,40.916666666666686,0,1,0,0,0,109,72,13.0,10,3,2.0,0.29400000000000004,0.9718813433915875,2,0,1,6db6acf676a5cd7e
76,power_thermal_network,omni_direct,1.0,0.3055555555555556,0.3055555555555556,0.2361111111111111,0.2361111111111111,0.0,0.6666666666666666,606.9574435504848,2739.872805451918,35.0,1,137.74617209266128,32.116139577944416,158.50000000000003,49.66666666666667,0,2,0,0,0,65,72,13.0,9,4,4.0,0.29400000000000004,0.899617742048087,0,0,1,1de1f9f8e9328aec
76,power_thermal_network,omni_direct_no_dynamics,0.9999999999999994,0.3055555555555556,0.3055555555555556,0.2361111111111111,0.2361111111111111,0.0,0.6666666666666666,607.0395547464263,2740.1985762980835,35.0,1,138.4056937593279,32.116128852330135,160.91666666666654,52.08333333333332,0,0,0,0,0,60,72,9.0,9,0,0.0,0.29400000000000004,0.887809743963797,0,0,1,e3eba676c3abe438
76,power_thermal_network,omni_direct_no_shield,1.0,0.2916666666666667,0.2916666666666667,0.0,0.2916666666666667,0.09722222222222222,0.6805555555555556,229.6483767152331,937.8871100152047,30.0,1,138.72226415932795,30.404341470874883,161.66666666666677,59.24999999999999,0,4,0,0,0,67,72,14.0,10,4,4.0,0.29400000000000004,0.9765692346070316,1,0,0,a26b3bda8fb740c0
76,power_thermal_network,omni_kill,0.9997773330537946,0.3194444444444444,0.4305555555555556,0.0,0.2916666666666667,0.2222222222222222,0.5694444444444444,43.644603813156216,239.7524725847375,80.0,1,146.91172143262898,48.25699314607752,134.25000000000003,39.750000000000014,60,12,0,24,8,204,34,58.0,20,38,24.0,1.763656522382817,1.2119613279220225,24,18,1,e126ddc7b2803508
76,power_thermal_network,omni_switch_on,1.0,0.3611111111111111,0.5138888888888888,0.3611111111111111,0.1111111111111111,0.0,0.4722222222222222,1904.2878208709371,7008.083597991588,45.0,1,135.20934199258477,32.84800540974108,114.83333333333336,18.75,11,15,0,0,0,120,40,40.0,20,20,17.0,0.29400000000000004,0.828136734739757,2,2,10,608409c402bae6cd
77,power_thermal_network,native,0.9999999999999997,0.1388888888888889,0.5555555555555556,0.1111111111111111,0.06944444444444445,0.0,0.4444444444444444,379.44187701237695,3011.91942256001,105.0,1,116.08062035253904,41.28308208468781,69.83333333333336,3.916666666666666,54,18,0,0,0,187,0,78.0,33,45,33.0,0.30196488443492875,0.8605311915458141,30,21,0,ec03911192afcfc1
77,power_thermal_network,k8s_ref_50,1.0,0.09722222222222222,0.09722222222222222,0.0,0.09722222222222222,0.0,0.875,3.1182640619275586,0.0,30.0,1,149.13569628324805,32.850595554661496,113.58333333333331,33.0,3,2,0,0,0,81,0,11.0,3,8,3.0,0.33524552661678286,0.9066498612076492,6,3,0,0df2c7af934bce3b
77,power_thermal_network,k8s_ref_60,1.0,0.09722222222222222,0.09722222222222222,0.0,0.09722222222222222,0.0,0.875,5.263920568791146,0.0,30.0,1,154.85026352834947,35.850723995103735,127.5,46.750000000000036,3,2,0,0,0,92,0,5.0,3,2,2.0,0.3704462031422422,0.8762313056719091,5,3,0,1bfb46607ec75caf
77,power_thermal_network,k8s_ref_70,1.0,0.09722222222222222,0.09722222222222222,0.0,0.09722222222222222,0.0,0.875,7.167732702192081,0.0,30.0,1,156.13687997104577,36.55903645328932,130.74999999999986,49.916666666666636,3,4,0,0,0,95,0,4.0,3,1,1.0,0.38833031377257776,0.8614673924256481,5,3,0,d20e83ba79f41843
77,power_thermal_network,k8s_ref_80,1.0,0.08333333333333333,0.09722222222222222,0.0,0.08333333333333333,0.0,0.875,9.727789399628257,0.0,30.0,1,157.79072636247074,37.33818015729348,134.91666666666674,54.083333333333314,2,3,0,0,0,95,0,3.0,3,0,0.0,0.38918818362743046,0.8491884039396536,5,3,0,70948804172dcdbc
77,power_thermal_network,omni_k8s_protect,1.0,0.08333333333333333,0.08333333333333333,0.0,0.08333333333333333,0.0,0.9166666666666666,23.06855995534691,151.96780406050513,20.0,1,118.39845901111653,28.401029346453026,143.6666666666667,62.58333333333329,0,2,0,0,0,34,72,10.0,6,4,4.0,0.3194865913536138,0.7616061428438307,0,0,7,440dee90b47f1362
77,power_thermal_network,omni_k8s_throughput,1.0,0.05555555555555555,0.05555555555555555,0.0,0.05555555555555555,0.0,0.9166666666666666,15.793160560895435,33.470910373527744,20.0,1,115.13919970438418,40.04858917661489,152.2500000000001,71.24999999999996,0,2,0,0,0,38,72,12.0,8,4,4.0,1.7054375798482693,0.7470678156791984,4,0,1,4411703ad025ff8d
77,power_thermal_network,omni_k8s_observe,1.0,0.09722222222222222,0.09722222222222222,0.0,0.09722222222222222,0.0,0.875,7.167732702192081,0.0,30.0,1,156.13687997104577,36.55903645328932,130.74999999999986,49.916666666666636,3,4,0,0,0,95,0,4.0,3,1,1.0,0.38833031377257776,0.8614673924256481,5,3,0,d20e83ba79f41843
77,power_thermal_network,omni_k8s_kill,1.0,0.08333333333333333,0.08333333333333333,0.0,0.08333333333333333,0.0,0.9166666666666666,14.809889193263338,0.0,20.0,1,155.2457410442662,38.88624474698446,149.16666666666666,68.16666666666667,0,3,0,0,0,111,14,11.0,8,3,3.0,0.8488794473162913,0.7270631353331642,1,0,2,b1de58e9fa3273bb
77,power_thermal_network,omni_k8s_throughput_no_dynamics,1.0,0.08333333333333333,0.08333333333333333,0.013888888888888888,0.06944444444444445,0.0,0.9166666666666666,13.21215071792545,10.259249661778945,20.0,1,118.967954282904,38.94,162.91666666666663,82.00000000000003,0,0,0,0,0,30,72,9.0,9,0,0.0,1.1594298560304628,0.767537158333297,5,0,1,4868d300de4b2d92
77,power_thermal_network,omni_k8s_throughput_no_gate,1.0,0.06944444444444445,0.06944444444444445,0.0,0.06944444444444445,0.0,0.9305555555555556,11.416370739098179,7.20492998391519,20.0,1,115.87996570558813,37.346489061816,152.08333333333337,71.24999999999996,0,3,0,0,0,41,72,16.0,10,6,6.0,1.1603329521520331,0.7880304252301608,5,0,1,1a7aab650938f089
77,power_thermal_network,omni_observe,0.9999999999999997,0.1388888888888889,0.5555555555555556,0.1111111111111111,0.06944444444444445,0.0,0.4444444444444444,379.44187701237695,3011.91942256001,105.0,1,116.08062035253904,41.28308208468781,69.83333333333336,3.916666666666666,54,18,0,0,0,187,0,78.0,33,45,33.0,0.30196488443492875,0.8605311915458141,30,21,0,ec03911192afcfc1
77,power_thermal_network,omni_pipeline,1.0,0.06944444444444445,0.06944444444444445,0.041666666666666664,0.027777777777777776,0.0,0.9305555555555556,113.48469442276593,990.9827460216944,20.0,1,127.62992885038341,32.67934481308907,149.1666666666666,67.08333333333334,0,1,0,0,0,86,72,15.0,8,7,6.5,0.29400000000000004,0.696104831378862,1,0,4,31a91c3cddb93a3b
77,power_thermal_network,omni_direct,1.0,0.08333333333333333,0.08333333333333333,0.0,0.08333333333333333,0.0,0.9166666666666666,43.15720732337463,411.41937754649337,20.0,1,116.54633570310239,27.308682063897137,137.9166666666667,56.33333333333338,0,4,0,0,0,38,72,12.0,7,5,5.0,0.29400000000000004,0.7354672279424228,0,0,0,4c86502b4e209f7e
77,power_thermal_network,omni_direct_no_dynamics,1.0,0.08333333333333333,0.08333333333333333,0.0,0.08333333333333333,0.0,0.9166666666666666,17.201720116220407,91.61702401820204,20.0,1,120.82466372110682,28.401029346453026,151.66666666666669,70.66666666666669,0,0,0,0,0,30,72,6.0,6,0,0.0,0.3194961216997385,0.7408398939954662,0,0,0,0da65910c533197a
77,power_thermal_network,omni_direct_no_shield,1.0,0.08333333333333333,0.08333333333333333,0.0,0.08333333333333333,0.0,0.9166666666666666,43.15720732337463,411.41937754649337,20.0,1,116.54633570310239,27.308682063897137,137.9166666666667,56.33333333333338,0,4,0,0,0,38,72,12.0,7,5,5.0,0.29400000000000004,0.7354672279424228,0,0,0,4c86502b4e209f7e
77,power_thermal_network,omni_kill,1.0,0.08333333333333333,0.3055555555555556,0.0,0.08333333333333333,0.0,0.6944444444444444,21.393039114914263,63.076632906792085,65.0,1,113.70359328466705,40.20217318219931,80.58333333333336,11.666666666666668,32,14,0,5,1,141,14,38.0,13,25,13.5,0.9055475830298099,0.8919509601210491,7,6,0,740324f1b9e9732f
77,power_thermal_network,omni_switch_on,1.0,0.1111111111111111,0.19444444444444445,0.09722222222222222,0.013888888888888888,0.0,0.7916666666666666,304.9124185843636,2469.10570773969,30.0,1,121.78569653048064,44.25,130.91666666666663,55.416666666666664,6,5,0,0,0,60,60,22.0,7,15,8.5,0.29400000000000004,0.7057612818079182,2,2,6,61c24ae6b64737c0
78,power_thermal_network,native,0.9999999999999997,0.125,0.4166666666666667,0.041666666666666664,0.09722222222222222,0.0,0.5694444444444444,194.08364192324083,1324.998393823411,85.0,1,114.80103080135078,35.56199590536145,68.91666666666667,2.833333333333333,45,11,0,0,0,174,0,58.0,24,34,24.0,0.21350890107902631,0.9619932681680035,24,15,0,a3fabae5b24dc163
78,power_thermal_network,k8s_ref_50,1.0,0.1527777777777778,0.1527777777777778,0.0,0.1527777777777778,0.013888888888888888,0.8194444444444444,0.4848890926237775,0.0,30.0,1,146.67961517977335,33.15596926782459,110.58333333333329,31.333333333333343,2,2,0,0,0,75,0,11.0,3,8,3.0,0.22706742999192975,0.9664399195373623,5,2,0,5b5da7457b4ed918
78,power_thermal_network,k8s_ref_60,1.0,0.1527777777777778,0.1527777777777778,0.0,0.1527777777777778,0.013888888888888888,0.8194444444444444,3.346322608047968,0.0,30.0,1,150.55108441350728,36.49395739268423,119.99999999999983,40.499999999999986,4,2,0,0,0,83,0,5.0,2,3,2.0,0.32764610957420137,0.9543916380469389,5,4,0,48cc3258b9bfbe01
78,power_thermal_network,k8s_ref_70,1.0,0.1527777777777778,0.1527777777777778,0.0,0.1527777777777778,0.013888888888888888,0.8194444444444444,4.8393359466922385,0.0,30.0,1,151.67465965475168,36.97966005076674,122.83333333333348,43.250000000000014,4,3,0,0,0,85,0,4.0,2,2,2.0,0.33827014098622743,0.9439266217259416,5,4,0,ea7820140bacb2ad
78,power_thermal_network,k8s_ref_80,1.0,0.1388888888888889,0.1527777777777778,0.0,0.1388888888888889,0.013888888888888888,0.8194444444444444,7.398787384368136,0.0,30.0,1,153.10252715258608,37.79557711241546,126.5,46.83333333333334,2,3,0,0,0,83,0,3.0,2,1,1.0,0.3561171268907011,0.9316779206895082,4,3,0,4a966fdc81d02cb7
78,power_thermal_network,omni_k8s_protect,0.9999999999999999,0.05555555555555555,0.05555555555555555,0.0,0.05555555555555555,0.0,0.9305555555555556,16.753802042070177,75.96003862042689,15.0,1,116.66476821714278,29.0370208020245,138.58333333333331,58.58333333333336,0,2,0,0,0,41,72,9.0,5,4,4.0,0.5243560317746225,0.7889243619079674,0,0,7,aae6f3a4c7acb78d
78,power_thermal_network,omni_k8s_throughput,1.0,0.05555555555555555,0.05555555555555555,0.0,0.05555555555555555,0.0,0.9444444444444444,13.556714685988617,63.486162370507294,15.0,1,113.81870354864814,38.94,153.4166666666668,73.49999999999999,0,2,0,0,0,47,72,12.0,8,4,4.0,1.3238869398046695,0.7604081425707582,2,0,1,4843e573f2c4beb6
78,power_thermal_network,omni_k8s_observe,1.0,0.1527777777777778,0.1527777777777778,0.0,0.1527777777777778,0.013888888888888888,0.8194444444444444,4.8393359466922385,0.0,30.0,1,151.67465965475168,36.97966005076674,122.83333333333348,43.250000000000014,4,3,0,0,0,85,0,4.0,2,2,2.0,0.33827014098622743,0.9439266217259416,5,4,0,ea7820140bacb2ad
78,power_thermal_network,omni_k8s_kill,1.0,0.1388888888888889,0.1388888888888889,0.0,0.1388888888888889,0.0,0.8333333333333334,12.336636396544788,0.0,30.0,1,151.93738495731426,34.96743481704296,140.0833333333334,60.33333333333333,1,2,0,0,0,97,11,9.0,6,3,3.0,0.7570780853261518,0.9003430174668285,2,1,2,4636d8a72c0e2495
78,power_thermal_network,omni_k8s_throughput_no_dynamics,1.0,0.05555555555555555,0.05555555555555555,0.0,0.05555555555555555,0.0,0.9444444444444444,14.09773542837062,63.28875618075542,15.0,1,115.44406472186269,38.94,159.41666666666669,79.50000000000001,0,0,0,0,0,40,72,8.0,8,0,0.0,1.326982937616045,0.7463831977578271,2,0,1,0e07cefa2f09667c
78,power_thermal_network,omni_k8s_throughput_no_gate,1.0,0.05555555555555555,0.05555555555555555,0.0,0.05555555555555555,0.0,0.9444444444444444,13.556714685988617,63.486162370507294,15.0,1,112.55571021531483,38.94,148.99999999999997,69.08333333333333,0,2,0,0,0,48,72,13.0,8,5,5.0,1.3238869398046695,0.7667456931245732,2,0,1,4346ec6299224b3f
78,power_thermal_network,omni_observe,0.9999999999999997,0.125,0.4166666666666667,0.041666666666666664,0.09722222222222222,0.0,0.5694444444444444,194.08364192324083,1324.998393823411,85.0,1,114.80103080135078,35.56199590536145,68.91666666666667,2.833333333333333,45,11,0,0,0,174,0,58.0,24,34,24.0,0.21350890107902631,0.9619932681680035,24,15,0,a3fabae5b24dc163
78,power_thermal_network,omni_pipeline,1.0,0.09722222222222222,0.09722222222222222,0.013888888888888888,0.08333333333333333,0.0,0.8888888888888888,83.6482673579822,755.5443605860739,20.0,1,125.58407669551156,34.848598197450286,144.33333333333334,62.916666666666664,0,1,0,0,0,91,72,14.0,7,7,7.0,0.29400000000000004,0.8426672807582051,2,0,1,57372fe37800f157
78,power_thermal_network,omni_direct,1.0,0.041666666666666664,0.041666666666666664,0.0,0.041666666666666664,0.0,0.9305555555555556,12.475583401498662,65.86932476816433,15.0,1,116.6619870954522,29.01760390986546,138.58333333333331,58.666666666666686,0,2,0,0,0,42,72,9.0,5,4,4.0,0.5231894143179041,0.7880188357270573,0,0,0,96eeaed230eb6b0b
78,power_thermal_network,omni_direct_no_dynamics,1.0,0.041666666666666664,0.041666666666666664,0.0,0.041666666666666664,0.0,0.9305555555555556,12.126658750844806,65.83843768323004,15.0,1,119.2998611186824,29.016118869069654,147.24999999999997,67.33333333333333,0,0,0,0,0,34,72,5.0,5,0,0.0,0.5231001958012935,0.7658681261096312,0,0,0,cae99e56cd3ab2e0
78,power_thermal_network,omni_direct_no_shield,1.0,0.041666666666666664,0.041666666666666664,0.0,0.041666666666666664,0.0,0.9305555555555556,12.475583401498662,65.86932476816433,15.0,1,116.6619870954522,29.01760390986546,138.58333333333331,58.666666666666686,0,2,0,0,0,42,72,9.0,5,4,4.0,0.5231894143179041,0.7880188357270573,0,0,0,96eeaed230eb6b0b
78,power_thermal_network,omni_kill,0.9999999999999997,0.125,0.3611111111111111,0.0,0.125,0.0,0.6388888888888888,13.70349520157393,64.98548213461038,85.0,1,114.08510204315944,33.19332492554178,77.91666666666676,9.416666666666666,40,17,0,9,3,160,11,43.0,14,29,15.5,0.7717275395494536,1.0189111268745847,10,8,0,9494d48a5350edfa
78,power_thermal_network,omni_switch_on,0.9999999999999999,0.1527777777777778,0.25,0.1527777777777778,0.013888888888888888,0.0,0.75,310.21421633651295,2123.7637377170463,20.0,1,120.54876688194544,42.48,130.00000000000003,53.25000000000002,7,7,0,0,0,59,63,25.0,9,16,11.0,0.29400000000000004,0.7646274009817962,2,2,6,37337379c43652f5
79,power_thermal_network,native,1.0000000000000002,0.1527777777777778,0.5694444444444444,0.06944444444444445,0.09722222222222222,0.0,0.4305555555555556,198.3662590792669,1345.4267606723683,90.0,1,123.50982774271623,33.462139201274674,71.5833333333333,0.6666666666666666,51,19,0,0,0,184,0,74.0,32,42,32.0,0.19466854684642043,0.9532317375738372,15,9,0,f04ae993a453538d
79,power_thermal_network,k8s_ref_50,1.0,0.1527777777777778,0.16666666666666666,0.0,0.1527777777777778,0.0,0.7916666666666666,0.0,0.0,35.0,1,160.88971544999046,33.341211725488805,116.75000000000007,28.500000000000004,1,0,0,0,0,94,0,3.0,0,3,0.0,0.213120766480694,0.897298649585572,1,1,0,59229c8a53cf280f
79,power_thermal_network,k8s_ref_60,1.0,0.1527777777777778,0.1527777777777778,0.0,0.1527777777777778,0.0,0.8055555555555556,0.0,0.0,35.0,1,160.88971544999046,33.341211725488805,116.75000000000007,28.500000000000004,2,1,0,0,0,101,0,3.0,0,3,0.0,0.213120766480694,0.897298649585572,2,2,0,c7c36610089c3f85
79,power_thermal_network,k8s_ref_70,0.9999999999999999,0.1527777777777778,0.1527777777777778,0.0,0.1527777777777778,0.027777777777777776,0.8055555555555556,2.2322695821814085,0.0,35.0,1,162.8749798444571,32.8926519340013,121.83333333333341,33.499999999999986,5,2,0,0,0,102,0,2.0,1,1,1.0,0.19523341856966647,0.8910201013181465,6,5,0,e51c409aa56788ca
79,power_thermal_network,k8s_ref_80,0.9999999999999999,0.1527777777777778,0.1527777777777778,0.0,0.1527777777777778,0.027777777777777776,0.8055555555555556,6.037054988557157,0.0,35.0,1,164.95738491271817,37.01244566547647,127.16666666666652,38.750000000000014,2,4,0,0,0,101,0,2.0,2,0,0.0,0.2828151992405359,0.8826199814133638,3,2,0,4ef79fe5657e4910
79,power_thermal_network,omni_k8s_protect,0.9999999999999999,0.1388888888888889,0.1388888888888889,0.0,0.1388888888888889,0.0,0.8472222222222222,2.011405819253702,0.0,20.0,1,137.8216859302309,30.781693486715092,176.99999999999986,88.6666666666667,0,3,0,0,0,46,72,16.0,13,3,3.0,0.4199637624872059,0.8428891344560974,0,0,1,fbb379d42b729599
79,power_thermal_network,omni_k8s_throughput,0.9999999999999999,0.013888888888888888,0.013888888888888888,0.0,0.013888888888888888,0.0,0.9722222222222222,7.906919473928898,0.0,10.0,1,115.51109613183795,38.94,129.75,41.16666666666667,0,2,0,0,0,43,72,7.0,4,3,3.0,1.1346665499478772,0.7655501247840304,1,0,0,84a1edf64e2a5cd8
79,power_thermal_network,omni_k8s_observe,0.9999999999999999,0.1527777777777778,0.1527777777777778,0.0,0.1527777777777778,0.027777777777777776,0.8055555555555556,2.2322695821814085,0.0,35.0,1,162.8749798444571,32.8926519340013,121.83333333333341,33.499999999999986,5,2,0,0,0,102,0,2.0,1,1,1.0,0.19523341856966647,0.8910201013181465,6,5,0,e51c409aa56788ca
79,power_thermal_network,omni_k8s_kill,0.9999999999999999,0.1527777777777778,0.1527777777777778,0.0,0.1388888888888889,0.05555555555555555,0.7361111111111112,2.011405819253702,0.0,60.0,1,163.13138553958964,34.23166669114993,179.41666666666674,91.08333333333331,0,1,0,0,0,103,31,11.0,11,0,0.0,0.6909171382981416,0.8570998652937868,0,0,1,772ffd3770d7a992
79,power_thermal_network,omni_k8s_throughput_no_dynamics,0.9999999999999999,0.013888888888888888,0.013888888888888888,0.0,0.013888888888888888,0.0,0.9722222222222222,7.506843560672731,0.0,5.0,1,116.79569231709942,38.94,136.16666666666657,47.666666666666686,0,0,0,0,0,36,72,5.0,5,0,0.0,1.1078413190775789,0.7294584805755452,1,0,0,a162f8c2e524b542
79,power_thermal_network,omni_k8s_throughput_no_gate,1.0,0.027777777777777776,0.027777777777777776,0.0,0.027777777777777776,0.0,0.9722222222222222,11.3386698039705,28.59445139820896,5.0,1,115.13971732424021,37.169999999999995,132.0,43.58333333333333,0,3,0,0,0,56,72,14.0,8,6,6.0,1.1860816424969414,0.7092989819999428,1,0,1,4fb3e69f0b6f09d3
79,power_thermal_network,omni_observe,1.0000000000000002,0.1527777777777778,0.5694444444444444,0.06944444444444445,0.09722222222222222,0.0,0.4305555555555556,198.3662590792669,1345.4267606723683,90.0,1,123.50982774271623,33.462139201274674,71.5833333333333,0.6666666666666666,51,19,0,0,0,184,0,74.0,32,42,32.0,0.19466854684642043,0.9532317375738372,15,9,0,f04ae993a453538d
79,power_thermal_network,omni_pipeline,0.9999999999999999,0.0,0.0,0.0,0.0,0.0,0.9861111111111112,13.397624225596843,20.68187175257638,5.0,1,131.27653335462765,28.559079126742194,141.3333333333333,52.666666666666664,0,1,0,0,0,75,72,14.0,8,6,6.0,0.29400000000000004,0.7601493063958402,1,0,1,12f06eaf464fc079
79,power_thermal_network,omni_direct,1.0,0.013888888888888888,0.013888888888888888,0.0,0.013888888888888888,0.0,0.9861111111111112,2.991963803258036,0.0,5.0,1,127.49137053090949,27.653035166347713,150.58333333333331,62.24999999999999,0,2,0,0,0,45,72,12.0,8,4,4.0,0.29400000000000004,0.7272004728603417,0,0,1,3fc26bc5a28abcc0
79,power_thermal_network,omni_direct_no_dynamics,1.0,0.0,0.0,0.0,0.0,0.0,0.9861111111111112,0.0,0.0,5.0,1,129.89680136997862,26.235273900199072,158.50000000000003,70.25,0,0,0,0,0,38,72,8.0,8,0,0.0,0.2946481966549148,0.7073833563279334,0,0,1,a3793638e849e95d
79,power_thermal_network,omni_direct_no_shield,1.0,0.013888888888888888,0.013888888888888888,0.0,0.013888888888888888,0.0,0.9861111111111112,2.991963803258036,0.0,5.0,1,128.33555826424285,27.653035166347713,153.33333333333348,65.00000000000001,0,2,0,0,0,45,72,13.0,9,4,4.0,0.29400000000000004,0.7213185116820018,1,0,0,a7fd469e81aab26d
79,power_thermal_network,omni_kill,1.0,0.125,0.3055555555555556,0.0,0.125,0.0,0.6944444444444444,4.173827160136629,11.971102429668656,75.0,1,126.78819491667109,32.75276460441335,105.41666666666664,24.74999999999999,37,9,0,8,2,138,31,35.0,11,24,12.0,0.7236034261488922,0.9346999793992449,7,6,0,704af8883c36b910
79,power_thermal_network,omni_switch_on,1.0,0.1111111111111111,0.2361111111111111,0.09722222222222222,0.013888888888888888,0.0,0.7222222222222222,234.9961931167807,1522.1882746449448,20.0,1,128.36837329944663,44.25,112.91666666666663,33.166666666666664,9,15,0,0,0,88,43,33.0,14,19,13.5,0.29400000000000004,0.7664986766415015,2,2,8,696977605d26dc3b
80,power_thermal_network,native,0.9999999999999997,0.16666666666666666,0.4305555555555556,0.06944444444444445,0.1111111111111111,0.0,0.5694444444444444,152.99812325983066,1258.8031579933543,50.0,1,117.30314307427092,34.51367388628014,68.83333333333339,1.5,46,14,0,8,2,174,0,50.0,18,32,19.0,0.19807337789168877,0.9395300350244311,17,12,0,5d0a2afac2503463
80,power_thermal_network,k8s_ref_50,1.0,0.16666666666666666,0.16666666666666666,0.0,0.16666666666666666,0.0,0.8194444444444444,1.7814607081157812,0.0,25.0,1,151.1948866059107,33.629999999999995,111.83333333333333,29.74999999999999,3,2,0,0,0,69,0,12.0,3,9,3.0,0.17362856360893653,0.9107561750367672,6,3,0,5e3d5afa734fcee7
80,power_thermal_network,k8s_ref_60,1.0,0.16666666666666666,0.16666666666666666,0.0,0.16666666666666666,0.0,0.8055555555555556,3.02440065997493,0.0,30.0,1,153.22421914256972,34.87929426846898,116.83333333333344,34.66666666666667,3,2,0,0,0,80,0,7.0,2,5,2.0,0.2699733782190177,0.9138356796818803,4,3,0,3d4a005f8cdf9ab7
80,power_thermal_network,k8s_ref_70,1.0,0.1527777777777778,0.16666666666666666,0.0,0.1527777777777778,0.0,0.8055555555555556,6.778232706080536,0.0,30.0,1,154.64919467290918,37.636507938225265,120.4999999999999,38.24999999999998,3,3,0,0,0,76,0,5.0,2,3,2.0,0.3280961010435206,0.8967592746525905,4,3,0,896efc6fa96a3141
80,power_thermal_network,k8s_ref_80,1.0,0.1388888888888889,0.1388888888888889,0.0,0.1388888888888889,0.0,0.8194444444444444,9.42799650333155,0.0,30.0,1,156.578754274857,38.94,125.33333333333336,43.08333333333336,4,3,0,0,0,75,0,3.0,2,1,1.0,0.3555740250947128,0.8780665513656666,6,5,0,7c4d2df29b4346c2
80,power_thermal_network,omni_k8s_protect,1.0,0.013888888888888888,0.013888888888888888,0.0,0.013888888888888888,0.0,0.9861111111111112,8.031931731613525,0.0,5.0,1,125.73707830049855,31.176111460635095,162.9166666666667,80.58333333333333,0,3,0,0,0,42,72,16.0,12,4,4.0,0.29400000000000004,0.7165701753181543,0,0,3,4489ccb6f6735f59
80,power_thermal_network,omni_k8s_throughput,1.0,0.027777777777777776,0.027777777777777776,0.0,0.027777777777777776,0.0,0.9722222222222222,17.51545152659908,85.31062620005949,5.0,1,112.7491852951679,39.67894410792852,142.08333333333334,59.41666666666666,0,2,0,0,0,41,72,10.0,7,3,3.0,1.91915109796722,0.6975830432234289,0,0,1,3f90c260f8ee2f76
80,power_thermal_network,omni_k8s_observe,1.0,0.1527777777777778,0.16666666666666666,0.0,0.1527777777777778,0.0,0.8055555555555556,6.778232706080536,0.0,30.0,1,154.64919467290918,37.636507938225265,120.4999999999999,38.24999999999998,3,3,0,0,0,76,0,5.0,2,3,2.0,0.3280961010435206,0.8967592746525905,4,3,0,896efc6fa96a3141
80,power_thermal_network,omni_k8s_kill,1.0,0.125,0.125,0.0,0.125,0.0,0.8472222222222222,8.031931731613525,0.0,30.0,1,148.50854860321698,36.16732075744565,149.50000000000003,67.16666666666666,1,2,0,0,0,85,26,9.0,7,2,2.0,0.7435283050067061,0.8249532270876423,1,1,1,12cd420612812f3c
80,power_thermal_network,omni_k8s_throughput_no_dynamics,1.0,0.027777777777777776,0.027777777777777776,0.0,0.027777777777777776,0.0,0.9722222222222222,17.227595394390605,85.31062620005949,5.0,1,113.93077574220415,39.67894410792852,146.33333333333334,63.6666666666667,0,0,0,0,0,35,72,7.0,7,0,0.0,1.9191349258631114,0.684260296746287,0,0,1,0989f47cc3ec3b9a
80,power_thermal_network,omni_k8s_throughput_no_gate,1.0,0.027777777777777776,0.027777777777777776,0.0,0.027777777777777776,0.0,0.9305555555555556,18.85690230384866,88.78886799914348,5.0,1,111.63802470960682,38.679147618735115,134.49999999999997,52.00000000000001,0,3,0,0,0,50,72,14.0,8,6,6.0,1.8672405691963223,0.7385044130454845,0,0,1,e99d5bd8d86ef38f
80,power_thermal_network,omni_observe,0.9999999999999997,0.16666666666666666,0.4305555555555556,0.06944444444444445,0.1111111111111111,0.0,0.5694444444444444,152.99812325983066,1258.8031579933543,50.0,1,117.30314307427092,34.51367388628014,68.83333333333339,1.5,46,14,0,8,2,174,0,50.0,18,32,19.0,0.19807337789168877,0.9395300350244311,17,12,0,5d0a2afac2503463
80,power_thermal_network,omni_pipeline,0.9999999999999999,0.0,0.0,0.0,0.0,0.0,1.0,12.611105578638545,27.204722598584397,5.0,1,129.91609971567505,27.581956612690558,154.16666666666663,71.66666666666666,0,1,0,0,0,83,72,19.0,11,8,7.0,0.2940649488302509,0.7800540778624052,0,0,5,cf10de2ca657e5de
80,power_thermal_network,omni_direct,1.0,0.0,0.0,0.0,0.0,0.0,0.9861111111111112,10.700576611543783,0.0,5.0,1,125.65793570049854,29.158965338450454,162.83333333333326,80.41666666666664,0,8,0,0,0,48,72,18.0,14,4,4.0,0.29400000000000004,0.6952612286863997,0,0,2,0b5dabf2b3f7e7a8
80,power_thermal_network,omni_direct_no_dynamics,1.0,0.013888888888888888,0.013888888888888888,0.0,0.013888888888888888,0.0,0.9861111111111112,7.127002551557417,0.0,5.0,1,127.1352642338318,30.251613517809727,167.58333333333337,85.25000000000006,0,0,0,0,0,35,72,11.0,11,0,0.0,0.29400000000000004,0.6932926037819019,0,0,1,835c5b288e751b13
80,power_thermal_network,omni_direct_no_shield,1.0,0.0,0.0,0.0,0.0,0.0,0.9861111111111112,10.700576611543783,0.0,5.0,1,125.7898400338319,29.158965338450454,163.24999999999994,80.83333333333331,0,8,0,0,0,47,72,18.0,14,4,4.0,0.29400000000000004,0.7025716901710272,1,0,0,26cee1c5b2d9cc20
80,power_thermal_network,omni_kill,0.9999999999999996,0.06944444444444445,0.2916666666666667,0.0,0.06944444444444445,0.0,0.6944444444444444,16.392493534794834,90.49469509954528,50.0,1,117.29857465786436,36.087647653966,96.5,21.500000000000004,35,13,0,5,1,133,26,39.0,13,26,13.5,0.721982117368035,0.9001962378898662,8,7,0,11ceff0b86597711
80,power_thermal_network,omni_switch_on,0.9999999999999999,0.125,0.2222222222222222,0.09722222222222222,0.027777777777777776,0.0,0.7777777777777778,192.49221651302548,1400.9123237517456,10.0,1,121.4460901162264,46.019999999999996,115.33333333333331,40.333333333333336,7,7,0,0,0,75,48,26.0,10,16,11.0,0.29400000000000004,0.7760723155727439,2,2,7,bbea96ead41020d6
81,power_thermal_network,native,0.9999999999999993,0.18055555555555555,0.5,0.1111111111111111,0.125,0.041666666666666664,0.5,262.2734877861533,2028.8274769724574,75.0,1,135.48385037517954,39.3688421347078,82.8333333333333,3.5,56,14,0,15,3,212,0,62.0,24,38,25.5,0.22682260276070232,1.0447556105163383,30,21,0,88030baa4d1c6ca9
81,power_thermal_network,k8s_ref_50,1.0,0.16666666666666666,0.18055555555555555,0.0,0.1527777777777778,0.09722222222222222,0.7361111111111112,17.990876964522393,51.8775691833503,55.0,1,171.84477127294915,37.37562638419645,132.16666666666663,39.49999999999999,3,1,0,0,0,128,0,19.0,8,11,8.0,0.2380088076274911,0.9734754530154103,8,3,0,6bcfc03f23bc50d9
81,power_thermal_network,k8s_ref_60,1.0,0.16666666666666666,0.19444444444444445,0.0,0.1527777777777778,0.09722222222222222,0.7222222222222222,17.990876964522393,51.8775691833503,55.0,1,175.53860310635747,37.37562638419645,141.16666666666666,48.499999999999964,4,2,0,0,0,141,0,12.0,8,4,4.0,0.2380088076274911,0.9260425765889884,9,4,0,51fed1a40795c82c
81,power_thermal_network,k8s_ref_70,1.0,0.18055555555555555,0.18055555555555555,0.0,0.1527777777777778,0.1111111111111111,0.7361111111111112,29.2356091315837,172.63240314486615,60.0,1,177.62172117968717,37.7393423918216,146.5,53.58333333333335,2,3,0,0,0,144,0,12.0,9,3,3.0,0.25967115533821805,0.9200728405240913,8,3,0,e5249e9d730c6aef
81,power_thermal_network,k8s_ref_80,1.0,0.19444444444444445,0.19444444444444445,0.013888888888888888,0.1527777777777778,0.1111111111111111,0.7083333333333334,39.76326199308559,314.45239439468463,65.0,1,179.987024346502,37.81117951117601,152.66666666666669,59.58333333333334,2,3,0,0,0,148,0,12.0,10,2,2.0,0.27477766651633884,0.9167578923689579,8,3,0,ea4da6932873bb0d
81,power_thermal_network,omni_k8s_protect,1.0,0.041666666666666664,0.041666666666666664,0.0,0.041666666666666664,0.0,0.9166666666666666,25.781426306210804,173.45207336642105,5.0,1,135.68445203537507,29.39074672841928,163.66666666666663,70.75,0,3,0,0,0,54,72,15.0,11,4,4.0,0.29400000000000004,0.746451136242107,0,0,6,6b6caff433069ce0
81,power_thermal_network,omni_k8s_throughput,1.0,0.06944444444444445,0.06944444444444445,0.013888888888888888,0.05555555555555555,0.0,0.9166666666666666,22.75135611000386,30.466868866696455,5.0,1,128.9631755809392,44.25,159.24999999999997,66.58333333333336,0,2,0,0,0,61,72,14.0,11,3,3.0,1.2592355892486546,0.7807565497365709,5,0,1,a12205c02dd65cd2
81,power_thermal_network,omni_k8s_observe,1.0,0.18055555555555555,0.18055555555555555,0.0,0.1527777777777778,0.1111111111111111,0.7361111111111112,29.2356091315837,172.63240314486615,60.0,1,177.62172117968717,37.7393423918216,146.5,53.58333333333335,2,3,0,0,0,144,0,12.0,9,3,3.0,0.25967115533821805,0.9200728405240913,8,3,0,e5249e9d730c6aef
81,power_thermal_network,omni_k8s_kill,1.0,0.16666666666666666,0.16666666666666666,0.0,0.1527777777777778,0.05555555555555555,0.7083333333333334,20.041056710367812,0.0,70.0,1,167.4827168259114,42.820209286773505,168.9166666666666,76.16666666666669,0,2,0,0,0,132,26,15.0,12,3,3.0,0.8098775806860581,0.8585146249314133,1,0,2,ffbf02148b13197b
81,power_thermal_network,omni_k8s_throughput_no_dynamics,1.0,0.09722222222222222,0.09722222222222222,0.013888888888888888,0.08333333333333333,0.0,0.9027777777777778,20.715317334263588,12.749376188376155,5.0,1,132.53277334940017,44.25,167.49999999999997,74.91666666666669,0,0,0,0,0,54,72,12.0,12,0,0.0,1.136178572614857,0.8155992061484997,5,0,1,ee5b9124f3190955
81,power_thermal_network,omni_k8s_throughput_no_gate,1.0,0.09722222222222222,0.09722222222222222,0.013888888888888888,0.08333333333333333,0.0,0.9027777777777778,33.44488838171895,37.87108194971857,5.0,1,129.7262365483208,44.01690538422204,155.6666666666668,62.916666666666686,0,4,0,0,0,72,72,19.0,13,6,6.0,1.1490854715694256,0.8402107696891655,6,0,2,1b6ef851814d76fd
81,power_thermal_network,omni_observe,0.9999999999999993,0.18055555555555555,0.5,0.1111111111111111,0.125,0.041666666666666664,0.5,262.2734877861533,2028.8274769724574,75.0,1,135.48385037517954,39.3688421347078,82.8333333333333,3.5,56,14,0,15,3,212,0,62.0,24,38,25.5,0.22682260276070232,1.0447556105163383,30,21,0,88030baa4d1c6ca9
81,power_thermal_network,omni_pipeline,1.0,0.0,0.0,0.0,0.0,0.0,0.8472222222222222,187.03441526690867,1203.58549674196,15.0,1,137.46040329334264,32.44443085793472,147.3333333333334,50.08333333333333,0,1,0,0,0,102,72,16.0,9,7,7.0,0.29400000000000004,0.7786686194396344,0,0,9,d2052b9a6d86fdfb
81,power_thermal_network,omni_direct,1.0,0.0,0.0,0.0,0.0,0.0,1.0,113.32137324109746,716.8360004064814,5.0,1,133.44207836870848,28.055905922374656,156.41666666666686,61.16666666666671,0,2,0,0,0,55,72,13.0,9,4,4.0,0.29400000000000004,0.731751890784323,0,0,11,9fe5bf0cac9d6870
81,power_thermal_network,omni_direct_no_dynamics,0.9999999999999998,0.0,0.0,0.0,0.0,0.0,0.9583333333333334,42.18502115333672,273.8934283304522,5.0,1,135.9300683903662,28.4110551708053,164.5833333333333,71.33333333333334,0,0,0,0,0,48,72,9.0,9,0,0.0,0.2990754557277917,0.7271102815344129,0,0,2,9f55b3bcd8e1035d
81,power_thermal_network,omni_direct_no_shield,1.0,0.041666666666666664,0.041666666666666664,0.0,0.041666666666666664,0.0,0.9166666666666666,36.262070167405525,296.93150429053804,5.0,1,135.2623581687084,29.39074672841928,162.33333333333331,69.08333333333331,0,4,0,0,0,59,72,15.0,11,4,4.0,0.29400000000000004,0.7442160186501777,1,0,0,f6027bf699d01598
81,power_thermal_network,omni_kill,0.9999999999999996,0.125,0.3888888888888889,0.0,0.125,0.0,0.6111111111111112,27.84810780902642,50.158150454283046,75.0,1,134.5354503953266,45.39264209023719,107.41666666666664,22.75,43,13,0,10,2,168,26,41.0,14,27,15.0,0.9114702269347126,0.9881885647695301,9,8,1,88ca09e1eef323b1
81,power_thermal_network,omni_switch_on,1.0,0.18055555555555555,0.2638888888888889,0.18055555555555555,0.013888888888888888,0.0,0.7222222222222222,572.520258935027,3689.2121536970903,30.0,1,135.72794137334176,43.83078590070503,123.25000000000009,36.33333333333333,6,7,0,0,0,90,48,24.0,10,14,9.0,0.29400000000000004,0.753861564814611,2,2,11,4e6291603603079e
82,power_thermal_network,native,0.9998041335205864,0.3194444444444444,0.6527777777777778,0.09722222222222222,0.2777777777777778,0.18055555555555555,0.3472222222222222,261.53006006886073,1793.3466881134207,125.0,1,128.92868563357823,35.52339570668316,84.33333333333336,8.75,74,20,0,0,0,246,0,84.0,36,48,36.0,0.4200975588465221,1.2195680327515162,36,23,0,f1c3373989bf3fc9
82,power_thermal_network,k8s_ref_50,0.9999999999999999,0.3194444444444444,0.3194444444444444,0.0,0.3055555555555556,0.2222222222222222,0.6388888888888888,6.713270882212296,9.485663214104651,40.0,1,153.28552372881651,31.599932908709388,116.4166666666667,32.24999999999999,2,2,0,0,0,115,0,15.0,5,10,5.0,0.28721539516068795,1.0968325465696553,6,2,0,1bab1c1e9c638fcc
82,power_thermal_network,k8s_ref_60,1.0,0.3194444444444444,0.3194444444444444,0.0,0.3055555555555556,0.2222222222222222,0.6388888888888888,4.5025716169321015,0.0,40.0,1,155.93757328991438,33.61223027892136,122.75000000000007,38.58333333333335,2,2,0,0,0,117,0,8.0,3,5,3.0,0.33998281822019893,1.0802604765908819,4,2,0,0106fc42b4a4bded
82,power_thermal_network,k8s_ref_70,0.9999999999999999,0.3333333333333333,0.3333333333333333,0.0,0.3055555555555556,0.2361111111111111,0.6388888888888888,8.330570516563009,0.0,40.0,1,157.45151713241881,35.67726351589341,126.66666666666679,42.416666666666664,4,3,0,0,0,116,0,6.0,3,3,3.0,0.3588994180725693,1.0701540932390374,6,4,0,8db978771c8a13de
82,power_thermal_network,k8s_ref_80,0.9999999999999999,0.3194444444444444,0.3333333333333333,0.0,0.2916666666666667,0.25,0.6388888888888888,12.2125758292734,0.0,40.0,1,159.60840505737312,37.21290777726782,132.33333333333326,47.916666666666636,5,3,0,0,0,119,0,6.0,4,2,2.0,0.39288127743455603,1.068607186279806,8,6,0,28668a34550ae75d
82,power_thermal_network,omni_k8s_protect,0.9999999999999999,0.25,0.25,0.0,0.25,0.0,0.7083333333333334,11.485732057390429,0.0,20.0,1,127.27305959536389,28.970478816436792,161.00000000000003,76.58333333333333,0,3,0,0,0,76,72,17.0,13,4,4.0,0.29400000000000004,0.8992223946686067,0,0,2,d3745afbac8e19f2
82,power_thermal_network,omni_k8s_throughput,0.9999999999999999,0.06944444444444445,0.06944444444444445,0.0,0.06944444444444445,0.0,0.8333333333333334,15.169757082977277,38.06558211351546,5.0,1,117.73237343454836,38.94,147.41666666666652,62.91666666666668,0,2,0,0,0,80,72,10.0,8,2,2.0,1.2727655227277537,0.8595043067967667,4,0,1,5b145fa8d317ff57
82,power_thermal_network,omni_k8s_observe,0.9999999999999999,0.3333333333333333,0.3333333333333333,0.0,0.3055555555555556,0.2361111111111111,0.6388888888888888,8.330570516563009,0.0,40.0,1,157.45151713241881,35.67726351589341,126.66666666666679,42.416666666666664,4,3,0,0,0,116,0,6.0,3,3,3.0,0.3588994180725693,1.0701540932390374,6,4,0,8db978771c8a13de
82,power_thermal_network,omni_k8s_kill,0.9999999999999999,0.3333333333333333,0.3333333333333333,0.0,0.2916666666666667,0.2361111111111111,0.625,11.485732057390429,0.0,50.0,1,152.7308621399745,33.22280603334049,156.9166666666668,72.50000000000001,3,2,0,0,0,128,24,13.0,9,4,4.0,0.7231013398923194,1.0966986413671433,3,3,2,459a73abf41cba88
82,power_thermal_network,omni_k8s_throughput_no_dynamics,1.0,0.041666666666666664,0.041666666666666664,0.0,0.041666666666666664,0.0,0.9166666666666666,14.869797396349336,19.85724916359525,5.0,1,117.6042759723705,38.94,150.91666666666663,66.41666666666664,0,0,0,0,0,71,72,8.0,8,0,0.0,1.2137740920775841,0.8167487268676872,3,0,1,d5e6df9336aa91da
82,power_thermal_network,omni_k8s_throughput_no_gate,0.9999999999999999,0.09722222222222222,0.09722222222222222,0.013888888888888888,0.08333333333333333,0.0,0.8472222222222222,22.27423217780987,36.85855475254461,5.0,1,118.64978253498782,38.94,145.08333333333323,60.58333333333334,0,5,0,0,0,89,72,17.0,11,6,6.0,1.7272632031391177,0.8825016334051964,6,0,1,7e053404a602a646
82,power_thermal_network,omni_observe,0.9998041335205864,0.3194444444444444,0.6527777777777778,0.09722222222222222,0.2777777777777778,0.18055555555555555,0.3472222222222222,261.53006006886073,1793.3466881134207,125.0,1,128.92868563357823,35.52339570668316,84.33333333333336,8.75,74,20,0,0,0,246,0,84.0,36,48,36.0,0.4200975588465221,1.2195680327515162,36,23,0,f1c3373989bf3fc9
82,power_thermal_network,omni_pipeline,0.9999999999999997,0.1527777777777778,0.1527777777777778,0.125,0.041666666666666664,0.0,0.7083333333333334,353.10599728233296,1241.4320039319607,20.0,1,125.88651889519977,28.2045015832192,134.24999999999997,40.75000000000001,0,1,0,0,0,105,72,11.0,5,6,5.0,0.29400000000000004,0.9170579534249235,2,0,1,c9fa9a4f80e67293
82,power_thermal_network,omni_direct,0.9999999999999999,0.08333333333333333,0.08333333333333333,0.0,0.08333333333333333,0.0,0.7222222222222222,22.197030597581133,82.94945838452824,20.0,1,122.39558381000458,25.97353273197781,145.00000000000003,60.16666666666668,0,4,0,0,0,80,72,12.0,8,4,4.0,0.32795550011761754,0.8743151502544702,0,0,0,dfb89698a5b60b84
82,power_thermal_network,omni_direct_no_dynamics,0.9999999999999999,0.19444444444444445,0.19444444444444445,0.0,0.19444444444444445,0.0,0.7083333333333334,9.976371582040308,0.0,20.0,1,126.77182312869724,27.971496788283794,159.33333333333337,75.0,0,0,0,0,0,68,72,8.0,8,0,0.0,0.29400000000000004,0.8756428064164419,0,0,0,85796372c2c0db7f
82,power_thermal_network,omni_direct_no_shield,0.9999999999999999,0.08333333333333333,0.08333333333333333,0.0,0.08333333333333333,0.0,0.7222222222222222,22.197030597581133,82.94945838452824,20.0,1,122.39558381000458,25.97353273197781,145.00000000000003,60.16666666666668,0,4,0,0,0,80,72,12.0,8,4,4.0,0.32795550011761754,0.8743151502544702,0,0,0,dfb89698a5b60b84
82,power_thermal_network,omni_kill,0.9999999999999997,0.3055555555555556,0.4861111111111111,0.0,0.2916666666666667,0.16666666666666666,0.5138888888888888,24.61064878909531,71.57128486451242,65.0,1,127.98961437782768,35.07084833326639,105.33333333333334,25.750000000000004,58,16,0,22,5,220,24,44.0,14,30,16.5,0.878162022589682,1.1744157219915388,16,13,0,43958b9c42cdf217
82,power_thermal_network,omni_switch_on,1.0,0.3194444444444444,0.3888888888888889,0.3194444444444444,0.027777777777777776,0.0,0.6111111111111112,762.5046658366416,2623.188259374883,25.0,1,124.6588298462916,44.25,117.83333333333337,31.416666666666654,5,3,0,0,0,96,50,18.0,5,13,7.0,0.29400000000000004,0.8478545488076499,2,2,6,3f7a4b4effd30bd9
83,security_policy,native,1.0,0.0,0.3888888888888889,0.0,0.0,0.0,0.6111111111111112,15.01138445358523,98.83267524342361,25.0,1,112.34498122412393,24.294420308684597,63.75000000000001,0.8333333333333334,39,25,9,0,0,150,0,43.0,16,27,16.0,0.0,0.4929744095814901,23,23,0,cbdee9c5952618d1
83,security_policy,k8s_ref_50,1.0,0.0,0.125,0.0,0.0,0.0,0.875,0.0,0.0,20.0,1,152.18185472873566,31.529071802018354,109.5833333333333,26.416666666666668,19,0,9,0,0,84,0,5.0,0,5,0.0,0.021987624026911456,0.628628566613878,10,10,0,857cea83c08e1a8c
83,security_policy,k8s_ref_60,1.0,0.0,0.1388888888888889,0.0,0.0,0.0,0.8611111111111112,0.0,0.0,20.0,1,156.54394664835334,31.33792236597798,120.00000000000013,36.83333333333332,19,1,9,0,0,89,0,0.0,0,0,0.0,0.020000000000000018,0.6096826358181646,10,10,0,1b8602ff57d0beca
83,security_policy,k8s_ref_70,1.0,0.0,0.1388888888888889,0.0,0.0,0.0,0.8611111111111112,0.0,0.0,20.0,1,156.54394664835334,31.33792236597798,120.00000000000013,36.83333333333332,19,2,9,0,0,90,0,0.0,0,0,0.0,0.020000000000000018,0.6096826358181646,10,10,0,0752110899622f7a
83,security_policy,k8s_ref_80,1.0,0.0,0.1388888888888889,0.0,0.0,0.0,0.8611111111111112,0.0,0.0,20.0,1,156.54394664835334,31.33792236597798,120.00000000000013,36.83333333333332,19,2,9,0,0,90,0,0.0,0,0,0.0,0.020000000000000018,0.6096826358181646,10,10,0,65a88e30ba9955a2
83,security_policy,omni_k8s_protect,1.0,0.0,0.0,0.0,0.0,0.0,1.0,0.0,0.0,5.0,1,124.97262191205586,24.69270358484991,158.58333333333326,75.41666666666664,0,4,0,0,0,33,72,11.0,9,2,2.0,0.29400000000000004,0.4469560638011385,0,0,0,7d65ad208d77f7fe
83,security_policy,omni_k8s_throughput,1.0,0.0,0.0,0.0,0.0,0.0,1.0,0.0,0.0,5.0,1,102.10241419803,23.953795922748224,112.66666666666663,29.500000000000014,0,1,0,0,0,33,72,4.0,0,4,0.0,0.35,0.40371288060720256,0,0,0,9e9fb64bc8cd13b8
83,security_policy,omni_k8s_observe,1.0,0.0,0.1388888888888889,0.0,0.0,0.0,0.8611111111111112,0.0,0.0,20.0,1,156.54394664835334,31.33792236597798,120.00000000000013,36.83333333333332,19,2,9,0,0,90,0,0.0,0,0,0.0,0.020000000000000018,0.6096826358181646,10,10,0,0752110899622f7a
83,security_policy,omni_k8s_kill,1.0,0.0,0.09722222222222222,0.0,0.0,0.0,0.9027777777777778,0.0,0.0,20.0,1,121.80691791205585,24.158947092224956,148.41666666666663,65.24999999999999,14,1,7,0,0,40,12,5.0,5,0,0.0,0.29400000000000004,0.4491617778636021,7,7,0,aa6b527fb34b6d15
83,security_policy,omni_k8s_throughput_no_dynamics,1.0,0.0,0.0,0.0,0.0,0.0,1.0,0.0,0.0,5.0,1,104.14263419802997,23.953795922748224,120.00000000000013,36.83333333333332,0,0,0,0,0,28,72,0.0,0,0,0.0,0.35,0.3872286007788005,0,0,0,601c358e44451a68
83,security_policy,omni_k8s_throughput_no_gate,1.0,0.0,0.0,0.0,0.0,0.0,1.0,2.2449910890041482,0.0,5.0,1,100.43722258485543,23.953795922748224,105.25000000000001,21.999999999999993,0,3,0,0,0,43,72,8.0,1,7,1.0,0.5046633132865689,0.41210019893530514,0,0,2,30a850ab2da8bfe7
83,security_policy,omni_observe,1.0,0.0,0.3888888888888889,0.0,0.0,0.0,0.6111111111111112,15.01138445358523,98.83267524342361,25.0,1,112.34498122412393,24.294420308684597,63.75000000000001,0.8333333333333334,39,25,9,0,0,150,0,43.0,16,27,16.0,0.0,0.4929744095814901,23,23,0,cbdee9c5952618d1
83,security_policy,omni_pipeline,1.0,0.0,0.0,0.0,0.0,0.0,1.0,0.0,0.0,5.0,1,122.59556573013008,31.97747180201835,122.33333333333339,39.16666666666668,0,1,0,0,0,70,72,10.0,2,8,3.5,0.29400000000000004,0.5963067820384098,0,0,0,7b327449b73d1536
83,security_policy,omni_direct,1.0,0.0,0.0,0.0,0.0,0.0,1.0,0.0,0.0,5.0,1,125.31557317872253,24.69270358484991,159.83333333333317,76.66666666666666,0,8,0,0,0,42,72,13.0,11,2,2.0,0.29400000000000004,0.43421220097907487,0,0,0,286aa9e4a1f3ad31
83,security_policy,omni_direct_no_dynamics,1.0,0.0,0.0,0.0,0.0,0.0,1.0,0.0,0.0,5.0,1,124.20757677872254,24.69270358484991,156.16666666666666,73.0,0,0,0,0,0,35,72,7.0,7,0,0.0,0.29400000000000004,0.4437058364535379,0,0,0,ad7a1379adf7c696
83,security_policy,omni_direct_no_shield,1.0,0.0,0.0,0.0,0.0,0.0,1.0,0.0,0.0,5.0,1,125.31557317872253,24.69270358484991,159.83333333333317,76.66666666666666,0,8,0,0,0,42,72,13.0,11,2,2.0,0.29400000000000004,0.43421220097907487,0,0,0,286aa9e4a1f3ad31
83,security_policy,omni_kill,0.9999878014425956,0.0,0.3611111111111111,0.0,0.0,0.0,0.6388888888888888,12.02233950537326,74.11348908225607,255.0,1,105.02777953424355,23.953795922748224,94.41666666666667,10.833333333333348,37,28,7,0,0,143,12,51.0,22,29,22.0,0.29400000000000004,0.4609291869428348,16,16,0,bc524867d877c782
83,security_policy,omni_switch_on,0.9999999999999999,0.08333333333333333,0.16666666666666666,0.06944444444444445,0.013888888888888888,0.0,0.8333333333333334,101.56114884431734,1065.4011912683764,5.0,1,121.274229548272,41.36999313035084,130.99999999999994,52.99999999999999,6,11,0,0,0,68,62,22.0,7,15,8.5,0.29400000000000004,0.4621474041115239,2,2,0,fc5f09559ecb9f13
84,security_policy,native,0.9982359846837049,0.1111111111111111,0.7777777777777778,0.1111111111111111,0.0,0.0,0.19444444444444445,323.6151613742079,1115.2025377900334,90.0,1,124.48715594494412,30.09,71.58333333333334,1.4166666666666663,67,13,8,0,0,215,0,109.0,50,59,50.0,0.0,0.9085153194873389,24,24,0,2d6019a377059f6d
84,security_policy,k8s_ref_50,1.0,0.0,0.125,0.0,0.0,0.0,0.875,0.0,0.0,15.0,1,161.25842088320584,31.628342227258283,112.33333333333334,23.833333333333336,19,0,8,0,0,113,0,3.0,0,3,0.0,0.024077139712179507,0.6415110428903213,11,11,0,9086948e526bd999
84,security_policy,k8s_ref_60,1.0,0.0,0.16666666666666666,0.0,0.0,0.0,0.8333333333333334,0.0,0.0,20.0,1,164.432324858908,32.01217508871739,120.00000000000013,31.500000000000004,23,1,8,0,0,110,0,0.0,0,0,0.0,0.029035492761006143,0.6365136561948785,15,15,0,141ebf74de13f012
84,security_policy,k8s_ref_70,1.0,0.0,0.1527777777777778,0.0,0.0,0.0,0.8472222222222222,0.0,0.0,20.0,1,164.432324858908,32.01217508871739,120.00000000000013,31.500000000000004,22,2,8,0,0,109,0,0.0,0,0,0.0,0.029035492761006143,0.6365136561948785,14,14,0,108c7fbf02dec540
84,security_policy,k8s_ref_80,1.0,0.0,0.18055555555555555,0.0,0.0,0.0,0.8194444444444444,2.3443187247834896,0.0,20.0,1,166.8136370652648,32.464414377567444,125.66666666666647,37.08333333333335,25,4,8,0,0,120,0,2.0,2,0,0.0,0.03609087768135,0.6270831716851234,17,17,0,8beea538cf41f641
84,security_policy,omni_k8s_protect,1.0,0.0,0.0,0.0,0.0,0.0,1.0,0.0,0.0,5.0,1,142.10306057976334,26.91399611029445,196.50000000000023,107.99999999999997,0,3,0,0,0,41,72,23.0,21,2,2.0,0.29400000000000004,0.49135811119956424,0,0,0,08387e39d3614c7b
84,security_policy,omni_k8s_throughput,1.0,0.0,0.0,0.0,0.0,0.0,1.0,0.6084034521114177,0.0,5.0,1,108.63293533204418,25.29886311570516,117.8333333333333,29.250000000000007,0,2,0,0,0,32,72,4.0,1,3,1.0,0.39044287321728455,0.4147404154973488,0,0,0,5307ecd239b604f3
84,security_policy,omni_k8s_observe,1.0,0.0,0.1527777777777778,0.0,0.0,0.0,0.8472222222222222,0.0,0.0,20.0,1,164.432324858908,32.01217508871739,120.00000000000013,31.500000000000004,22,2,8,0,0,109,0,0.0,0,0,0.0,0.029035492761006143,0.6365136561948785,14,14,0,108c7fbf02dec540
84,security_policy,omni_k8s_kill,1.0,0.0,0.08333333333333333,0.0,0.0,0.0,0.9166666666666666,0.0,0.0,15.0,1,138.01402624643,26.91399611029445,182.9999999999999,94.5,12,3,6,0,0,42,34,12.0,12,0,0.0,0.29400000000000004,0.5100283094932258,6,6,0,a413d4d4f0f631a4
84,security_policy,omni_k8s_throughput_no_dynamics,1.0,0.0,0.0,0.0,0.0,0.0,1.0,0.6084034521114177,0.0,5.0,1,110.01737033204417,25.29886311570516,122.8333333333333,34.25,0,0,0,0,0,30,72,1.0,1,0,0.0,0.39044287321728455,0.40217798856910075,0,0,0,fa53d99855f8cc92
84,security_policy,omni_k8s_throughput_no_gate,1.0,0.0,0.0,0.0,0.0,0.0,1.0,5.788710324045379,0.0,5.0,1,110.54510981452009,32.47925676043057,113.16666666666667,24.583333333333336,0,5,0,0,0,50,72,9.0,3,6,3.0,1.7894445532426295,0.5460561264978194,0,0,1,3274f9b95379f297
84,security_policy,omni_observe,0.9982359846837049,0.1111111111111111,0.7777777777777778,0.1111111111111111,0.0,0.0,0.19444444444444445,323.6151613742079,1115.2025377900334,90.0,1,124.48715594494412,30.09,71.58333333333334,1.4166666666666663,67,13,8,0,0,215,0,109.0,50,59,50.0,0.0,0.9085153194873389,24,24,0,2d6019a377059f6d
84,security_policy,omni_pipeline,1.0,0.0,0.0,0.0,0.0,0.0,1.0,0.0,0.0,5.0,1,129.95049544170132,28.356079705842966,135.58333333333331,47.08333333333334,0,1,5,0,0,74,72,12.0,6,6,6.0,0.29400000000000004,0.5178988252320467,7,7,0,c84a68e64c7b44f4
84,security_policy,omni_direct,1.0,0.0,0.0,0.0,0.0,0.0,1.0,0.0,0.0,5.0,1,135.2704161130967,25.647714510294445,174.58333333333314,86.08333333333334,0,8,0,0,0,42,72,19.0,17,2,2.0,0.29400000000000004,0.45357219364807494,0,0,0,17f0bf19bc54f9f0
84,security_policy,omni_direct_no_dynamics,1.0,0.0,0.0,0.0,0.0,0.0,1.0,0.0,0.0,5.0,1,136.6422211797633,25.96428491029445,178.91666666666654,90.4166666666667,0,0,0,0,0,34,72,15.0,15,0,0.0,0.29400000000000004,0.4632195175865808,0,0,0,10e91958fe89a4d4
84,security_policy,omni_direct_no_shield,1.0,0.0,0.0,0.0,0.0,0.0,1.0,0.0,0.0,5.0,1,135.2704161130967,25.647714510294445,174.58333333333314,86.08333333333334,0,8,0,0,0,42,72,19.0,17,2,2.0,0.29400000000000004,0.45357219364807494,0,0,0,17f0bf19bc54f9f0
84,security_policy,omni_kill,0.9996762824809595,0.0,0.19444444444444445,0.0,0.0,0.0,0.8055555555555556,2.801012722478254,14.717426310125575,40.0,1,117.78045671685861,25.29886311570516,117.66666666666661,28.999999999999968,23,8,6,0,0,98,34,28.0,11,17,11.0,0.29400000000000004,0.5355983063175264,13,13,0,13fbd17733f16781
84,security_policy,omni_switch_on,0.9999999999999999,0.013888888888888888,0.1527777777777778,0.0,0.013888888888888888,0.0,0.8472222222222222,57.46006191835051,648.595420231174,5.0,1,124.75617879797555,37.53196295197524,106.33333333333334,29.08333333333334,10,17,0,0,0,93,40,32.0,14,18,13.5,0.29400000000000004,0.5101851030730479,2,2,0,6db39318e50d75f3
85,security_policy,native,0.9998346401707009,0.0,0.3888888888888889,0.0,0.0,0.0,0.6111111111111112,31.077826044584427,241.20276980333134,50.0,1,127.0285789137921,26.549999999999997,71.99999999999999,0.75,46,17,13,0,0,162,0,40.0,15,25,15.0,0.0,0.5674030476653117,31,31,0,8cdc8be57560948d
85,security_policy,k8s_ref_50,1.0,0.0,0.2361111111111111,0.0,0.0,0.0,0.7638888888888888,0.0,0.0,5.0,1,169.32718421963594,34.43925906148089,117.5000000000001,24.08333333333334,37,0,13,0,0,155,0,3.0,0,3,0.0,0.09699202732910739,0.7135943232046897,22,22,0,a979d6cde2775e12
85,security_policy,k8s_ref_60,1.0,0.0,0.2222222222222222,0.0,0.0,0.0,0.7777777777777778,0.0,0.0,5.0,1,169.32718421963594,34.43925906148089,117.5000000000001,24.08333333333334,36,1,13,0,0,154,0,3.0,0,3,0.0,0.09699202732910739,0.7135943232046897,21,21,0,42948aa4649001e3
85,security_policy,k8s_ref_70,1.0,0.0,0.2222222222222222,0.0,0.0,0.0,0.7777777777777778,0.0,0.0,5.0,1,170.31590621963596,34.43925906148089,120.00000000000013,26.58333333333334,36,1,13,0,0,143,0,0.0,0,0,0.0,0.09699202732910739,0.6964964160263479,21,21,0,8a192530541eda39
85,security_policy,k8s_ref_80,1.0,0.0,0.2222222222222222,0.0,0.0,0.0,0.7777777777777778,0.0,0.0,5.0,1,170.31590621963596,34.43925906148089,120.00000000000013,26.58333333333334,36,2,13,0,0,145,0,0.0,0,0,0.0,0.09699202732910739,0.6964964160263479,21,21,0,e77e5d139b052041
85,security_policy,omni_k8s_protect,1.0,0.0,0.0,0.0,0.0,0.0,1.0,0.0,0.0,5.0,1,145.9341730455862,28.822783830442408,193.99999999999997,100.50000000000001,0,3,0,0,0,64,72,24.0,22,2,2.0,0.29400000000000004,0.5482602759653341,0,0,0,d04aaa5723f029f5
85,security_policy,omni_k8s_throughput,1.0,0.013888888888888888,0.013888888888888888,0.0,0.013888888888888888,0.0,0.9861111111111112,5.120984937452069,8.52484856862579,5.0,1,116.43543181586375,35.4,120.99999999999997,27.499999999999996,0,2,0,0,0,46,72,5.0,2,3,2.0,1.1663943019745027,0.5313563172161823,0,0,2,62376f8dffc497ac
85,security_policy,omni_k8s_observe,1.0,0.0,0.2222222222222222,0.0,0.0,0.0,0.7777777777777778,0.0,0.0,5.0,1,170.31590621963596,34.43925906148089,120.00000000000013,26.58333333333334,36,1,13,0,0,143,0,0.0,0,0,0.0,0.09699202732910739,0.6964964160263479,21,21,0,8a192530541eda39
85,security_policy,omni_k8s_kill,1.0,0.0,0.1527777777777778,0.0,0.0,0.0,0.8472222222222222,0.0,0.0,5.0,1,140.92180837891954,28.50010702284415,177.41666666666674,83.91666666666666,22,1,11,0,0,74,36,11.0,11,0,0.0,0.29400000000000004,0.5514322268044127,11,11,0,af6b221c1606986b
85,security_policy,omni_k8s_throughput_no_dynamics,1.0,0.013888888888888888,0.013888888888888888,0.0,0.013888888888888888,0.0,0.9861111111111112,5.120984937452069,8.52484856862579,5.0,1,117.0747160230709,35.4,125.24999999999983,31.750000000000004,0,0,0,0,0,42,72,2.0,2,0,0.0,1.1649905796552336,0.5113009988063562,0,0,2,4b12aac657e3f2d7
85,security_policy,omni_k8s_throughput_no_gate,1.0000000000000002,0.0,0.0,0.0,0.0,0.0,1.0,8.255331795715186,42.62858938684334,5.0,1,115.53520954997094,33.629999999999995,118.83333333333336,25.500000000000004,0,5,0,0,0,64,72,11.0,5,6,5.0,1.2885795798588149,0.5213119808763431,0,0,4,0adc6ddd3048e2ef
85,security_policy,omni_observe,0.9998346401707009,0.0,0.3888888888888889,0.0,0.0,0.0,0.6111111111111112,31.077826044584427,241.20276980333134,50.0,1,127.0285789137921,26.549999999999997,71.99999999999999,0.75,46,17,13,0,0,162,0,40.0,15,25,15.0,0.0,0.5674030476653117,31,31,0,8cdc8be57560948d
85,security_policy,omni_pipeline,1.0,0.0,0.0,0.0,0.0,0.0,1.0,0.0,0.0,5.0,1,134.4255435530467,28.485692130219334,135.41666666666674,41.91666666666666,0,1,0,0,0,70,72,10.0,6,4,4.0,0.29400000000000004,0.5599595713074333,0,0,0,5e126f7e9a589e8c
85,security_policy,omni_direct,1.0,0.0,0.0,0.0,0.0,0.0,1.0,0.0,0.0,5.0,1,141.00095097891952,27.87307263044241,178.4166666666667,84.91666666666667,0,8,0,0,0,71,72,24.0,22,2,2.0,0.29400000000000004,0.5101096264607986,0,0,0,365b03fbc949f72e
85,security_policy,omni_direct_no_dynamics,1.0,0.0,0.0,0.0,0.0,0.0,1.0,0.0,0.0,5.0,1,142.50466037891957,28.18353662284415,182.99999999999977,89.50000000000004,0,0,0,0,0,66,72,18.0,18,0,0.0,0.29400000000000004,0.5219319161080607,0,0,0,280a4a2e521a80ba
85,security_policy,omni_direct_no_shield,1.0,0.0,0.0,0.0,0.0,0.0,1.0,0.0,0.0,5.0,1,141.00095097891952,27.87307263044241,178.4166666666667,84.91666666666667,0,8,0,0,0,71,72,24.0,22,2,2.0,0.29400000000000004,0.5101096264607986,0,0,0,365b03fbc949f72e
85,security_policy,omni_kill,1.0000000000000002,0.0,0.2777777777777778,0.0,0.0,0.0,0.7222222222222222,8.516758641980537,62.449840455901224,60.0,1,124.03805371225286,26.7097457646995,122.58333333333336,28.91666666666664,38,15,11,0,0,121,36,37.0,15,22,15.0,0.29400000000000004,0.5678095712240269,25,25,0,d670d5e2848d6452
85,security_policy,omni_switch_on,1.0000000000000002,0.09722222222222222,0.20833333333333334,0.06944444444444445,0.027777777777777776,0.0,0.7916666666666666,172.75544518818546,1473.1055353581025,5.0,1,131.6193467762883,39.502289956225454,111.08333333333336,30.666666666666668,8,13,0,0,0,107,38,28.0,13,15,9.5,0.29400000000000004,0.5907642994008445,2,2,0,09826e5e302d5ce0
86,security_policy,native,1.0000000000000002,0.0,0.375,0.0,0.0,0.0,0.625,48.131788381182076,369.1817982870792,35.0,1,130.7536331465757,28.32,73.83333333333329,0.5,45,19,9,0,0,159,0,38.0,14,24,14.0,0.0,0.6268844331677879,22,22,0,dd7c3b938dba8d15
86,security_policy,k8s_ref_50,1.0,0.013888888888888888,0.2222222222222222,0.0,0.013888888888888888,0.0,0.7777777777777778,0.0,0.0,20.0,1,172.10340584271924,35.4,118.00000000000006,22.66666666666667,32,0,9,0,0,148,0,2.0,0,2,0.0,0.11901094542142765,0.7324441006545951,16,16,0,2e4874ed3d95ce06
86,security_policy,k8s_ref_60,1.0,0.013888888888888888,0.2222222222222222,0.0,0.013888888888888888,0.0,0.7777777777777778,0.0,0.0,20.0,1,172.10340584271924,35.4,118.00000000000006,22.66666666666667,32,1,9,0,0,154,0,2.0,0,2,0.0,0.11901094542142765,0.7324441006545951,16,16,0,c45e5b4b25d897a4
86,security_policy,k8s_ref_70,1.0,0.013888888888888888,0.2222222222222222,0.0,0.013888888888888888,0.0,0.7777777777777778,0.0,0.0,20.0,1,172.90903117605257,35.4,120.00000000000013,24.666666666666654,32,1,9,0,0,150,0,0.0,0,0,0.0,0.11901094542142765,0.7215864914499477,16,16,0,b54915572d0d0acf
86,security_policy,k8s_ref_80,1.0,0.1388888888888889,0.2222222222222222,0.0,0.1388888888888889,0.0,0.75,3.676032487490289,0.0,30.0,1,178.56468423954811,35.96944733349507,133.1666666666668,36.83333333333334,34,2,9,0,0,160,0,3.0,3,0,0.0,0.16364802084334817,0.7316768472167597,21,18,0,742c1eb08fa8965c
86,security_policy,omni_k8s_protect,1.0,0.0,0.0,0.0,0.0,0.0,1.0,0.0,0.0,5.0,1,143.94464661268654,29.188509068403864,177.9166666666668,81.66666666666664,0,3,0,0,0,53,72,17.0,14,3,3.0,0.29400000000000004,0.5754896428345723,0,0,0,afd19f3d20ebf6f5
86,security_policy,omni_k8s_throughput,1.0,0.0,0.0,0.0,0.0,0.0,1.0,5.5636420478137785,0.0,5.0,1,124.29745919751497,29.467159695178957,134.58333333333331,38.166666666666664,0,2,0,0,0,42,72,8.0,4,4,4.0,0.5578303817441358,0.6141888500330783,0,0,0,8c45f9f27d26ccda
86,security_policy,omni_k8s_observe,1.0,0.013888888888888888,0.2222222222222222,0.0,0.013888888888888888,0.0,0.7777777777777778,0.0,0.0,20.0,1,172.90903117605257,35.4,120.00000000000013,24.666666666666654,32,1,9,0,0,150,0,0.0,0,0,0.0,0.11901094542142765,0.7215864914499477,16,16,0,b54915572d0d0acf
86,security_policy,omni_k8s_kill,1.0,0.0,0.125,0.0,0.0,0.0,0.875,0.0,0.0,15.0,1,140.62065741268648,28.57742414409675,167.24999999999991,70.99999999999999,18,1,9,0,0,55,16,9.0,9,0,0.0,0.29400000000000004,0.5770061057801853,9,9,0,6b64a2e4d619d7b4
86,security_policy,omni_k8s_throughput_no_dynamics,1.0,0.0,0.0,0.0,0.0,0.0,1.0,5.5636420478137785,0.0,5.0,1,125.85191253084827,29.467159695178957,140.25,43.83333333333332,0,0,0,0,0,35,72,4.0,4,0,0.0,0.5578303817441358,0.599474350161118,0,0,0,c0bf995243d7326d
86,security_policy,omni_k8s_throughput_no_gate,0.9999999999999999,0.013888888888888888,0.013888888888888888,0.0,0.013888888888888888,0.0,0.9861111111111112,8.074550793643077,34.29591975385964,5.0,1,122.60595995012531,38.94,130.41666666666669,33.83333333333334,0,6,0,0,0,52,72,12.0,6,6,6.0,1.334929078265591,0.5738366716859913,0,0,2,74117b929f8ae1e0
86,security_policy,omni_observe,1.0000000000000002,0.0,0.375,0.0,0.0,0.0,0.625,48.131788381182076,369.1817982870792,35.0,1,130.7536331465757,28.32,73.83333333333329,0.5,45,19,9,0,0,159,0,38.0,14,24,14.0,0.0,0.6268844331677879,22,22,0,dd7c3b938dba8d15
86,security_policy,omni_pipeline,1.0,0.0,0.0,0.0,0.0,0.0,1.0,0.008154275919663532,0.0,5.0,1,147.25816943656676,29.93598927519956,167.8333333333334,71.58333333333333,0,1,0,0,0,100,72,19.0,12,7,6.0,0.3028886705561997,0.6055728554570988,0,0,0,4d88aceea9d737ff
86,security_policy,omni_direct,1.0,0.0,0.0,0.0,0.0,0.0,1.0,0.0,0.0,5.0,1,144.34035961268654,29.188509068403864,179.24999999999983,82.99999999999994,0,4,0,0,0,58,72,16.0,14,2,2.0,0.29400000000000004,0.568504742666126,0,0,0,d4e6b5f934e6edaa
86,security_policy,omni_direct_no_dynamics,1.0,0.0,0.0,0.0,0.0,0.0,1.0,0.0,0.0,5.0,1,147.95453834601992,29.821649868403867,190.91666666666657,94.66666666666663,0,0,0,0,0,61,72,15.0,15,0,0.0,0.29400000000000004,0.5712650651777121,0,0,0,1235230dd8a81182
86,security_policy,omni_direct_no_shield,1.0,0.0,0.0,0.0,0.0,0.0,1.0,0.0,0.0,5.0,1,144.34035961268654,29.188509068403864,179.24999999999983,82.99999999999994,0,4,0,0,0,58,72,16.0,14,2,2.0,0.29400000000000004,0.568504742666126,0,0,0,d4e6b5f934e6edaa
86,security_policy,omni_kill,0.9997246740595682,0.0,0.3472222222222222,0.0,0.0,0.0,0.6527777777777778,9.70305993228691,74.62309352220636,35.0,1,123.10611853276833,28.26085374409675,110.75000000000006,14.083333333333352,38,24,9,0,0,136,16,48.0,21,27,21.0,0.29400000000000004,0.5911238638528157,22,22,0,9b222bcf473a13d2
86,security_policy,omni_switch_on,1.0,0.0,0.08333333333333333,0.0,0.0,0.0,0.9166666666666666,30.554233715891264,173.7810003276063,5.0,1,138.1718128334609,31.86,139.75,48.58333333333336,6,5,0,0,0,72,58,27.0,14,13,10.5,0.36581823472057073,0.5691766186787253,2,2,0,e68188ebbcffe4d9
87,security_policy,native,1.0,0.0,0.375,0.0,0.0,0.0,0.625,37.88623099506307,195.84535252920935,35.0,1,98.34955015527254,22.557444560535178,56.16666666666662,1.3333333333333333,34,16,6,0,0,146,0,50.0,19,31,19.0,0.0,0.448948214244198,16,16,0,7abd186a79e64aa4
87,security_policy,k8s_ref_50,1.0,0.0,0.08333333333333333,0.0,0.0,0.0,0.9166666666666666,0.0,0.0,10.0,1,134.92164839620534,26.84524240173906,101.9166666666666,31.583333333333336,12,0,6,0,0,35,0,7.0,0,7,0.0,0.0,0.5644820622601143,6,6,0,54cb702ee422cb5d
87,security_policy,k8s_ref_60,1.0,0.0,0.08333333333333333,0.0,0.0,0.0,0.9166666666666666,0.0,0.0,10.0,1,142.76864839620538,27.293642401739053,120.00000000000013,49.66666666666672,12,2,6,0,0,36,0,0.0,0,0,0.0,0.0,0.5259953823749933,6,6,0,db085817687b6b9f
87,security_policy,k8s_ref_70,1.0,0.0,0.08333333333333333,0.0,0.0,0.0,0.9166666666666666,0.0,0.0,10.0,1,142.76864839620538,27.293642401739053,120.00000000000013,49.66666666666672,12,2,6,0,0,36,0,0.0,0,0,0.0,0.0,0.5259953823749933,6,6,0,2ed67511f2ac7c98
87,security_policy,k8s_ref_80,1.0,0.0,0.08333333333333333,0.0,0.0,0.0,0.9166666666666666,0.009153144678492708,0.0,10.0,1,144.56224839620535,27.293642401739053,124.08333333333334,53.74999999999997,12,2,6,0,0,41,0,1.0,1,0,0.0,0.0,0.5288234427308722,6,6,0,9e81430316f19998
87,security_policy,omni_k8s_protect,1.0,0.0,0.0,0.0,0.0,0.0,1.0,0.0,0.0,5.0,1,108.1535867594541,22.557444560535178,141.99999999999983,71.66666666666666,0,5,0,0,0,23,72,10.0,8,2,2.0,0.29400000000000004,0.3666916316146451,0,0,0,1c0f8765e4072019
87,security_policy,omni_k8s_throughput,1.0,0.0,0.0,0.0,0.0,0.0,1.0,0.0,0.0,5.0,1,91.80594025721575,22.557444560535178,113.99999999999996,43.66666666666668,0,2,0,0,0,23,72,4.0,0,4,0.0,0.35050946171969277,0.3441271820278761,0,0,0,bd8b3669cd9fc32d
87,security_policy,omni_k8s_observe,1.0,0.0,0.08333333333333333,0.0,0.0,0.0,0.9166666666666666,0.0,0.0,10.0,1,142.76864839620538,27.293642401739053,120.00000000000013,49.66666666666672,12,2,6,0,0,36,0,0.0,0,0,0.0,0.0,0.5259953823749933,6,6,0,2ed67511f2ac7c98
87,security_policy,omni_k8s_kill,1.0,0.0,0.06944444444444445,0.0,0.0,0.0,0.9305555555555556,0.0,0.0,10.0,1,104.67131235945406,22.557444560535178,130.66666666666654,60.333333333333336,10,1,5,0,0,30,22,2.0,2,0,0.0,0.29400000000000004,0.3702588098106931,5,5,0,133943b5f31b0e59
87,security_policy,omni_k8s_throughput_no_dynamics,1.0,0.0,0.0,0.0,0.0,0.0,1.0,0.0,0.0,5.0,1,93.45754692388245,22.557444560535178,120.00000000000013,49.66666666666672,0,0,0,0,0,15,72,0.0,0,0,0.0,0.35,0.32746969016781796,0,0,0,5b43990b258f7c7f
87,security_policy,omni_k8s_throughput_no_gate,0.9997469177801546,0.0,0.0,0.0,0.0,0.0,1.0,1.505115329734363,0.0,5.0,1,88.1081492677314,22.557444560535178,100.83333333333331,30.416666666666657,0,3,0,0,0,29,72,8.0,1,7,1.0,0.46475497073709193,0.34249729614113117,0,0,1,fcb9149747658c18
87,security_policy,omni_observe,1.0,0.0,0.375,0.0,0.0,0.0,0.625,37.88623099506307,195.84535252920935,35.0,1,98.34955015527254,22.557444560535178,56.16666666666662,1.3333333333333333,34,16,6,0,0,146,0,50.0,19,31,19.0,0.0,0.448948214244198,16,16,0,7abd186a79e64aa4
87,security_policy,omni_pipeline,1.0,0.0,0.0,0.0,0.0,0.0,1.0,0.0,0.0,5.0,1,106.40714387819814,24.983282516101795,111.33333333333331,40.999999999999986,0,0,0,0,0,60,72,5.0,0,5,0.0,0.29400000000000004,0.5013205294387737,0,0,0,775caa67d521cd2c
87,security_policy,omni_direct,1.0,0.0,0.0,0.0,0.0,0.0,1.0,0.0,0.0,5.0,1,113.08680882612076,22.557444560535178,157.91666666666677,87.58333333333336,0,8,0,0,0,33,72,14.0,12,2,2.0,0.29400000000000004,0.3723774100053571,0,0,0,5d1c9b7d1085bc7c
87,security_policy,omni_direct_no_dynamics,1.0,0.0,0.0,0.0,0.0,0.0,1.0,0.0,0.0,5.0,1,113.13957055945409,22.557444560535178,158.0,87.66666666666659,0,0,0,0,0,26,72,9.0,9,0,0.0,0.29400000000000004,0.37654335296564095,0,0,0,f106b4fd520ade8b
87,security_policy,omni_direct_no_shield,1.0,0.0,0.0,0.0,0.0,0.0,1.0,0.0,0.0,5.0,1,113.08680882612076,22.557444560535178,157.91666666666677,87.58333333333336,0,8,0,0,0,33,72,14.0,12,2,2.0,0.29400000000000004,0.3723774100053571,0,0,0,5d1c9b7d1085bc7c
87,security_policy,omni_kill,1.0,0.0,0.19444444444444445,0.0,0.0,0.0,0.8055555555555556,0.990328021120217,0.0,35.0,1,91.98211549278744,22.557444560535178,89.5833333333333,19.16666666666664,22,7,5,0,0,101,22,22.0,6,16,6.0,0.29400000000000004,0.41035436279787324,14,14,0,025d8a368c860e94
87,security_policy,omni_switch_on,1.0,0.0,0.08333333333333333,0.0,0.0,0.0,0.9166666666666666,2.34281011832063,8.213426972619828,5.0,1,105.51366621266638,22.557444560535178,113.75000000000006,48.08333333333332,6,9,0,0,0,68,52,25.0,10,15,10.5,0.36749105624972134,0.36753110258988003,2,2,0,36816deec8d7240a
88,security_policy,native,1.0000000000000002,0.0,0.6388888888888888,0.0,0.0,0.0,0.3333333333333333,162.1828147699882,731.1846672625935,35.0,1,128.9177077547155,31.86,73.66666666666667,0.5,68,22,7,0,0,209,0,81.0,35,46,35.0,0.0232,0.678381084023456,23,21,0,78522ac642449e5a
88,security_policy,k8s_ref_50,1.0,0.013888888888888888,0.2777777777777778,0.0,0.013888888888888888,0.0,0.7222222222222222,0.0,0.0,20.0,1,171.59362756372676,34.692,117.83333333333337,22.75000000000001,35,0,7,0,0,154,0,2.0,0,2,0.0,0.1035355139074623,0.7370989601554447,16,16,0,eda9a260a39ff8b7
88,security_policy,k8s_ref_60,1.0,0.013888888888888888,0.2777777777777778,0.0,0.013888888888888888,0.0,0.7222222222222222,0.0,0.0,20.0,1,171.59362756372676,34.692,117.83333333333337,22.75000000000001,35,1,7,0,0,158,0,2.0,0,2,0.0,0.1035355139074623,0.7370989601554447,16,16,0,404b922176e8e023
88,security_policy,k8s_ref_70,1.0,0.013888888888888888,0.2777777777777778,0.0,0.013888888888888888,0.0,0.7222222222222222,0.0,0.0,20.0,1,172.47249156372675,34.692,120.00000000000013,24.916666666666664,35,1,7,0,0,152,0,0.0,0,0,0.0,0.1035355139074623,0.7242698905402792,16,16,0,f9bbf2ab6483f223
88,security_policy,k8s_ref_80,1.0,0.013888888888888888,0.2777777777777778,0.0,0.013888888888888888,0.0,0.7222222222222222,1.3480865221878306,0.0,20.0,1,174.63638602751413,34.692,125.24999999999986,30.16666666666666,35,2,7,0,0,160,0,2.0,2,0,0.0,0.10692750767523296,0.7137818387766941,18,16,0,982fa8c27fae1fbf
88,security_policy,omni_k8s_protect,1.0,0.0,0.0,0.0,0.0,0.0,1.0,0.0,0.0,5.0,1,149.80685494206588,30.53333685913556,199.25000000000014,103.58333333333333,0,5,0,0,0,60,72,24.0,22,2,2.0,0.29400000000000004,0.5821401438689304,0,0,0,7bf03adda1f7117d
88,security_policy,omni_k8s_throughput,1.0000000000000002,0.013888888888888888,0.013888888888888888,0.0,0.013888888888888888,0.0,0.9861111111111112,4.612185807545093,0.0,5.0,1,119.38979771063205,38.94,126.33333333333333,30.58333333333334,0,2,0,0,0,46,72,6.0,3,3,3.0,1.0807807526974735,0.5266733610107791,0,0,1,a3ced89511c8a712
88,security_policy,omni_k8s_observe,1.0,0.013888888888888888,0.2777777777777778,0.0,0.013888888888888888,0.0,0.7222222222222222,0.0,0.0,20.0,1,172.47249156372675,34.692,120.00000000000013,24.916666666666664,35,1,7,0,0,152,0,0.0,0,0,0.0,0.1035355139074623,0.7242698905402792,16,16,0,f9bbf2ab6483f223
88,security_policy,omni_k8s_kill,1.0,0.0,0.09722222222222222,0.0,0.0,0.0,0.9027777777777778,0.0,0.0,10.0,1,142.07726100873256,29.770345609537944,174.08333333333337,78.41666666666664,14,1,7,0,0,65,30,11.0,11,0,0.0,0.29400000000000004,0.5767774678944634,7,7,0,b25bb1d9ff9c594a
88,security_policy,omni_k8s_throughput_no_dynamics,1.0000000000000002,0.013888888888888888,0.013888888888888888,0.0,0.013888888888888888,0.0,0.9861111111111112,4.612185807545093,0.0,5.0,1,120.62850271063208,38.94,130.83333333333346,35.08333333333333,0,0,0,0,0,38,72,3.0,3,0,0.0,1.0807807526974735,0.5138121961908805,0,0,1,2c99a1be6220dd57
88,security_policy,omni_k8s_throughput_no_gate,1.0000000000000002,0.013888888888888888,0.013888888888888888,0.0,0.013888888888888888,0.0,0.9861111111111112,6.136844688920307,9.71163654239303,5.0,1,118.91598351933524,38.94,123.58333333333329,27.83333333333333,0,5,0,0,0,56,72,11.0,5,6,5.0,1.183161889017751,0.5311341341768295,0,0,1,ea376f89c2805d96
88,security_policy,omni_observe,1.0000000000000002,0.0,0.6388888888888888,0.0,0.0,0.0,0.3333333333333333,162.1828147699882,731.1846672625935,35.0,1,128.9177077547155,31.86,73.66666666666667,0.5,68,22,7,0,0,209,0,81.0,35,46,35.0,0.0232,0.678381084023456,23,21,0,78522ac642449e5a
88,security_policy,omni_pipeline,1.0,0.0,0.0,0.0,0.0,0.0,1.0,0.0,0.0,5.0,1,143.43015455017058,28.9623714415674,158.66666666666657,63.0,0,1,5,0,0,91,72,16.0,11,5,4.0,0.29400000000000004,0.6015371214420032,7,7,0,10f49b26d21112be
88,security_policy,omni_direct,1.0,0.0,0.0,0.0,0.0,0.0,1.0,0.0,0.0,5.0,1,148.67247767539922,30.53333685913556,195.66666666666683,99.99999999999997,0,8,0,0,0,71,72,24.0,22,2,2.0,0.29400000000000004,0.578084428586501,0,0,0,0f3c6d453f19a9e1
88,security_policy,omni_direct_no_dynamics,1.0,0.0,0.0,0.0,0.0,0.0,1.0,0.0,0.0,5.0,1,149.4375228087326,30.53333685913556,198.08333333333348,102.41666666666663,0,0,0,0,0,61,72,20.0,20,0,0.0,0.29400000000000004,0.587654457446684,0,0,0,ebe37c82761ecf0c
88,security_policy,omni_direct_no_shield,1.0,0.0,0.0,0.0,0.0,0.0,1.0,0.0,0.0,5.0,1,148.67247767539922,30.53333685913556,195.66666666666683,99.99999999999997,0,8,0,0,0,71,72,24.0,22,2,2.0,0.29400000000000004,0.578084428586501,0,0,0,0f3c6d453f19a9e1
88,security_policy,omni_kill,0.9999999999999998,0.0,0.2916666666666667,0.0,0.0,0.0,0.7083333333333334,6.058882372596959,57.56234160877092,105.0,1,126.06407494206586,29.137204809537945,121.99999999999999,26.083333333333307,33,17,7,0,0,119,30,45.0,19,26,19.0,0.29400000000000004,0.6070316170608271,17,17,0,c6415e1d6f641f7f
88,security_policy,omni_switch_on,1.0000000000000002,0.0,0.125,0.0,0.0,0.0,0.875,24.445578669834962,137.30008956277945,5.0,1,134.80298769968473,31.86,119.41666666666659,33.416666666666664,9,9,0,0,0,85,44,29.0,14,15,12.0,0.29400000000000004,0.5806702640387224,2,2,1,0b963593d99bb862
89,security_policy,native,0.9997078744903013,0.013888888888888888,0.6388888888888888,0.013888888888888888,0.0,0.0,0.3611111111111111,167.44253991680645,656.5723297320853,360,0,129.7577807326212,28.32,73.16666666666669,0.5833333333333334,70,22,17,0,0,205,0,94.0,41,53,41.0,0.0,0.6940730805555586,45,45,0,db4290278ee3a7dc
89,security_policy,k8s_ref_50,1.0,0.013888888888888888,0.2777777777777778,0.0,0.013888888888888888,0.0,0.7222222222222222,0.0,0.0,20.0,1,171.72694327791896,34.66823629546164,117.91666666666671,22.83333333333334,41,0,17,0,0,169,0,3.0,0,3,0.0,0.08468542233489584,0.6847872090161073,22,22,0,a4b5e66a3ef9ee1a
89,security_policy,k8s_ref_60,1.0,0.013888888888888888,0.3055555555555556,0.0,0.013888888888888888,0.0,0.6944444444444444,0.0,0.0,20.0,1,171.80018194458563,34.66823629546164,118.1666666666667,23.083333333333343,43,1,17,0,0,167,0,2.0,0,2,0.0,0.08468542233489584,0.6826373478786529,24,24,0,1e4c5f0bdd7a02f7
89,security_policy,k8s_ref_70,1.0,0.013888888888888888,0.2777777777777778,0.0,0.013888888888888888,0.0,0.7222222222222222,0.0,0.0,20.0,1,172.53256861125232,34.66823629546164,120.00000000000013,24.91666666666666,41,1,17,0,0,154,0,0.0,0,0,0.0,0.08468542233489584,0.6701599634933866,22,22,0,a56c7c08a8c22b15
89,security_policy,k8s_ref_80,1.0,0.0,0.3055555555555556,0.0,0.0,0.0,0.6944444444444444,2.9560889099603065,0.0,20.0,1,175.6459758739295,34.57318973256003,127.75000000000003,32.49999999999999,45,2,17,0,0,168,0,3.0,3,0,0.0,0.10379788735879569,0.6645873195699089,28,26,0,12026de92135553e
89,security_policy,omni_k8s_protect,1.0,0.0,0.0,0.0,0.0,0.0,1.0,0.0,0.0,5.0,1,139.05185366401912,27.58826432080839,166.41666666666666,71.33333333333334,0,2,0,0,0,48,72,12.0,11,1,1.0,0.29400000000000004,0.518280638512336,0,0,0,62d3e9707a159cc3
89,security_policy,omni_k8s_throughput,0.9999999999999999,0.0,0.0,0.0,0.0,0.0,1.0,3.418380443304225,5.688701338144224,5.0,1,117.11500231109235,26.735482105703156,125.66666666666666,30.416666666666654,0,2,0,0,0,48,72,7.0,3,4,3.0,0.5505653115346133,0.45998773654866887,0,0,1,eb0a12c905530356
89,security_policy,omni_k8s_observe,1.0,0.013888888888888888,0.2777777777777778,0.0,0.013888888888888888,0.0,0.7222222222222222,0.0,0.0,20.0,1,172.53256861125232,34.66823629546164,120.00000000000013,24.91666666666666,41,1,17,0,0,154,0,0.0,0,0,0.0,0.08468542233489584,0.6701599634933866,22,22,0,a56c7c08a8c22b15
89,security_policy,omni_k8s_kill,1.0,0.0,0.2361111111111111,0.0,0.0,0.0,0.7638888888888888,0.0,0.0,20.0,1,137.7591911973525,27.58826432080839,162.24999999999997,67.16666666666669,34,1,17,0,0,62,37,9.0,9,0,0.0,0.29400000000000004,0.5131937752049673,17,17,0,8c292d06f7fe6ce9
89,security_policy,omni_k8s_throughput_no_dynamics,1.0,0.0,0.0,0.0,0.0,0.0,1.0,3.2428032415096513,0.0,5.0,1,118.84422450974186,26.735482105703156,132.00000000000014,36.75,0,0,0,0,0,44,72,3.0,3,0,0.0,0.532046889385111,0.44842546804768535,0,0,0,35f238f48990849a
89,security_policy,omni_k8s_throughput_no_gate,1.0000000000000002,0.013888888888888888,0.013888888888888888,0.0,0.013888888888888888,0.0,0.9861111111111112,7.13755768517071,24.852763956084345,5.0,1,118.54144138363539,38.94,122.33333333333331,26.833333333333325,0,6,0,0,0,61,72,11.0,5,6,5.0,1.8693039459362804,0.5312514924029293,0,0,1,dd6e6e22b8baa36b
89,security_policy,omni_observe,0.9997078744903013,0.013888888888888888,0.6388888888888888,0.013888888888888888,0.0,0.0,0.3611111111111111,167.44253991680645,656.5723297320853,360,0,129.7577807326212,28.32,73.16666666666669,0.5833333333333334,70,22,17,0,0,205,0,94.0,41,53,41.0,0.0,0.6940730805555586,45,45,0,db4290278ee3a7dc
89,security_policy,omni_pipeline,1.0,0.0,0.0,0.0,0.0,0.0,1.0,0.0,0.0,5.0,1,137.71555515038222,29.33924775820915,141.99999999999991,46.916666666666664,0,1,3,0,0,91,72,12.0,7,5,5.0,0.29400000000000004,0.5392783787704424,4,4,0,3dfcbd54323d13e8
89,security_policy,omni_direct,1.0,0.0,0.0,0.0,0.0,0.0,1.0,0.0,0.0,5.0,1,137.8383337973525,26.95512352080839,162.6666666666668,67.58333333333336,0,2,0,0,0,53,72,13.0,12,1,1.0,0.29400000000000004,0.498749557810075,0,0,0,8140167057b6189c
89,security_policy,omni_direct_no_dynamics,1.0,0.0,0.0,0.0,0.0,0.0,1.0,0.0,0.0,5.0,1,142.4286045973525,27.58826432080839,177.49999999999983,82.41666666666667,0,0,0,0,0,71,72,15.0,15,0,0.0,0.29400000000000004,0.5093213246670444,0,0,0,c9ffd2501f8973ea
89,security_policy,omni_direct_no_shield,1.0,0.0,0.0,0.0,0.0,0.0,1.0,0.0,0.0,5.0,1,137.8383337973525,26.95512352080839,162.6666666666668,67.58333333333336,0,2,0,0,0,53,72,13.0,12,1,1.0,0.29400000000000004,0.498749557810075,0,0,0,8140167057b6189c
89,security_policy,omni_kill,0.9999251762627377,0.0,0.3055555555555556,0.0,0.0,0.0,0.6944444444444444,1.4150011620230822,3.659235513946806,55.0,1,125.43289287397874,26.95512352080839,122.08333333333334,26.91666666666664,46,8,17,0,0,122,37,28.0,11,17,11.0,0.29400000000000004,0.5528932753731102,36,36,0,321e21d9b58e734f
89,security_policy,omni_switch_on,1.0000000000000002,0.0,0.1388888888888889,0.0,0.0,0.0,0.8611111111111112,22.8339678053989,166.47975930475405,5.0,1,132.27494920084536,29.01393227127356,109.33333333333333,25.999999999999996,10,15,0,0,0,93,37,31.0,16,15,12.5,0.3724758653347273,0.5099876140795966,2,2,0,6acb7e11816cbbf6
90,security_policy,native,1.0000000000000002,0.027777777777777776,0.5555555555555556,0.027777777777777776,0.0,0.0,0.4444444444444444,161.38789370114117,916.8287647161419,35.0,1,118.470048655276,30.09,67.16666666666666,0.8333333333333334,53,21,8,0,0,178,0,79.0,34,45,34.0,0.0,0.6389473169473464,17,17,0,b39d6e7de9ec7f3b
90,security_policy,k8s_ref_50,1.0,0.0,0.18055555555555555,0.0,0.0,0.0,0.8194444444444444,0.0,0.0,10.0,1,160.55196512618602,31.35691027755283,115.49999999999997,28.499999999999993,24,0,8,0,0,117,0,4.0,0,4,0.0,0.026300051202232,0.6696834863110526,16,16,0,19d6860da195335d
90,security_policy,k8s_ref_60,1.0,0.0,0.16666666666666666,0.0,0.0,0.0,0.8333333333333334,0.0,0.0,10.0,1,161.68716445951935,31.35691027755283,118.33333333333327,31.33333333333332,23,1,8,0,0,113,0,1.0,0,1,0.0,0.026300051202232,0.6524419052019098,15,15,0,563baad6e12af3cb
90,security_policy,k8s_ref_70,1.0,0.0,0.16666666666666666,0.0,0.0,0.0,0.8333333333333334,0.0,0.0,10.0,1,162.38293179285267,31.35691027755283,120.00000000000013,32.99999999999999,23,1,8,0,0,106,0,0.0,0,0,0.0,0.026300051202232,0.6448340561728093,15,15,0,f97343702a5aadfa
90,security_policy,k8s_ref_80,1.0,0.0,0.1527777777777778,0.0,0.0,0.0,0.8472222222222222,0.9952589296674338,0.0,10.0,1,163.64802935101042,32.64629438571835,123.08333333333331,36.083333333333336,22,2,8,0,0,110,0,1.0,1,0,0.0,0.04214195164404422,0.6464497431575366,14,14,0,e9ea9777d2844662
90,security_policy,omni_k8s_protect,1.0,0.0,0.0,0.0,0.0,0.0,1.0,0.0,0.0,5.0,1,135.581175810744,25.69164295702522,180.75000000000014,93.74999999999996,0,5,0,0,0,31,72,21.0,19,2,2.0,0.29400000000000004,0.48450916672659095,0,0,0,6aaaafc149184521
90,security_policy,omni_k8s_throughput,1.0000000000000002,0.0,0.0,0.0,0.0,0.0,1.0,0.032975294383372024,0.0,5.0,1,106.94263936051968,25.69164295702522,117.0833333333333,30.083333333333318,0,3,0,0,0,36,72,5.0,1,4,1.0,0.36133093551692663,0.4163221976955883,0,0,0,5d5677cc47a9f03c
90,security_policy,omni_k8s_observe,1.0,0.0,0.16666666666666666,0.0,0.0,0.0,0.8333333333333334,0.0,0.0,10.0,1,162.38293179285267,31.35691027755283,120.00000000000013,32.99999999999999,23,1,8,0,0,106,0,0.0,0,0,0.0,0.026300051202232,0.6448340561728093,15,15,0,f97343702a5aadfa
90,security_policy,omni_k8s_kill,1.0,0.0,0.09722222222222222,0.0,0.0,0.0,0.9027777777777778,0.0,0.0,10.0,1,132.07252054407735,25.69164295702522,168.99999999999994,82.00000000000004,14,1,7,0,0,40,33,9.0,9,0,0.0,0.29400000000000004,0.5001067926212709,7,7,0,7e0ae9a65734a3aa
90,security_policy,omni_k8s_throughput_no_dynamics,1.0,0.0,0.0,0.0,0.0,0.0,1.0,0.0,0.0,5.0,1,107.70769032519956,25.69164295702522,120.00000000000013,32.99999999999999,0,0,0,0,0,25,72,0.0,0,0,0.0,0.3516685834523835,0.4088169725026718,0,0,0,84e7f4d0e0d73607
90,security_policy,omni_k8s_throughput_no_gate,1.0,0.0,0.0,0.0,0.0,0.0,1.0,4.79884814338019,18.3130352654964,5.0,1,107.64465725696935,30.09,110.08333333333329,23.249999999999996,0,5,0,0,0,54,72,9.0,3,6,3.0,1.222491722853516,0.47014112313150935,0,0,2,a4ec13dcba98b482
90,security_policy,omni_observe,1.0000000000000002,0.027777777777777776,0.5555555555555556,0.027777777777777776,0.0,0.0,0.4444444444444444,161.38789370114117,916.8287647161419,35.0,1,118.470048655276,30.09,67.16666666666666,0.8333333333333334,53,21,8,0,0,178,0,79.0,34,45,34.0,0.0,0.6389473169473464,17,17,0,b39d6e7de9ec7f3b
90,security_policy,omni_pipeline,1.0,0.0,0.0,0.0,0.0,0.0,1.0,0.0,0.0,5.0,1,125.7701329328384,27.899198345114044,127.66666666666666,40.66666666666665,0,1,2,0,0,51,72,9.0,4,5,4.0,0.29400000000000004,0.5316447777639177,2,2,0,9434458dffa59be1
90,security_policy,omni_direct,1.0,0.0,0.0,0.0,0.0,0.0,1.0,0.0,0.0,5.0,1,132.20442487741064,25.69164295702522,170.00000000000009,82.99999999999999,0,8,0,0,0,40,72,20.0,18,2,2.0,0.29400000000000004,0.4754446196468891,0,0,0,fbacd155877f2604
90,security_policy,omni_direct_no_dynamics,1.0,0.0,0.0,0.0,0.0,0.0,1.0,0.0,0.0,5.0,1,135.10632021074395,26.111931147671935,179.08333333333317,92.08333333333339,0,0,0,0,0,33,72,15.0,15,0,0.0,0.29400000000000004,0.4854873621874487,0,0,0,f418ee76faa1f337
90,security_policy,omni_direct_no_shield,1.0,0.0,0.0,0.0,0.0,0.0,1.0,0.0,0.0,5.0,1,132.20442487741064,25.69164295702522,170.00000000000009,82.99999999999999,0,8,0,0,0,40,72,20.0,18,2,2.0,0.29400000000000004,0.4754446196468891,0,0,0,fbacd155877f2604
90,security_policy,omni_kill,0.9999999999999999,0.0,0.2638888888888889,0.0,0.0,0.0,0.7361111111111112,3.768282610214527,36.105128222511105,65.0,1,115.66362147741067,25.69164295702522,115.75000000000003,28.49999999999997,30,13,7,0,0,108,33,34.0,13,21,13.0,0.29400000000000004,0.5226711704933167,18,18,0,6aaa923884521ab0
90,security_policy,omni_switch_on,1.0000000000000002,0.0,0.1388888888888889,0.0,0.0,0.0,0.8611111111111112,55.95789248930929,590.4061110862831,5.0,1,121.84565605248355,33.657543276409356,104.83333333333346,28.583333333333343,10,15,0,0,0,85,41,33.0,15,18,15.0,0.29400000000000004,0.5101593727667671,2,2,0,531f227d492ba792
91,deployment_rollout,native,0.9999999999999997,0.2361111111111111,0.4583333333333333,0.09722222222222222,0.1527777777777778,0.0,0.5416666666666666,270.4286298226053,2383.7323782136737,60.0,1,119.95228265337974,44.409299999999995,72.1666666666667,2.75,62,4,0,15,3,229,0,51.0,18,33,19.5,0.26244742507784236,0.9642512789147086,25,19,0,09d011b0a0941ac6
91,deployment_rollout,k8s_ref_50,1.0,0.1111111111111111,0.2361111111111111,0.0,0.1111111111111111,0.0,0.75,3.418286128492797,0.0,25.0,1,145.19615828109397,37.1330299557453,106.08333333333334,26.999999999999986,26,2,0,0,0,118,0,13.0,3,10,3.0,0.1058223026109979,0.9334733748469448,12,9,0,bbc14f45cdbfe1c0
91,deployment_rollout,k8s_ref_60,1.0,0.2222222222222222,0.2361111111111111,0.0,0.2222222222222222,0.0,0.75,7.484634582404485,0.0,25.0,1,149.95136888987287,37.87240019199999,114.41666666666684,33.83333333333333,24,3,0,0,0,120,0,7.0,2,5,2.0,0.1117488571195393,0.9313054630920579,9,8,0,f51bab96d127c787
91,deployment_rollout,k8s_ref_70,1.0,0.2222222222222222,0.2222222222222222,0.0,0.2222222222222222,0.0,0.75,11.20187891957034,0.0,30.0,1,154.09501887071642,38.94,121.99999999999982,40.08333333333336,23,3,0,0,0,117,0,7.0,3,4,3.0,0.12508135672364173,0.9583665676218438,10,8,0,d65a54daed3efac8
91,deployment_rollout,k8s_ref_80,1.0,0.2361111111111111,0.2361111111111111,0.013888888888888888,0.2222222222222222,0.05555555555555555,0.7222222222222222,19.643879194880597,6.131883059909403,35.0,1,162.446011072617,40.9503946235571,140.00000000000003,56.41666666666662,24,3,0,0,0,124,0,6.0,5,1,1.0,0.19401853892004817,0.9688217813325145,13,9,0,2a4faafca6943030
91,deployment_rollout,omni_k8s_protect,1.0,0.0,0.0,0.0,0.0,0.0,0.9861111111111112,90.71370150949603,876.7153260792484,5.0,1,125.98375756391628,32.55821929151999,157.66666666666677,72.41666666666667,0,3,0,0,0,44,72,14.0,11,3,3.0,0.32556074866100015,0.7667186862137275,0,0,12,2e370d2adea87374
91,deployment_rollout,omni_k8s_throughput,1.0,0.06944444444444445,0.06944444444444445,0.013888888888888888,0.05555555555555555,0.0,0.9305555555555556,21.74910920571298,42.603640007509014,5.0,1,120.79007667429099,42.48,150.7500000000001,66.75000000000004,0,2,0,0,0,58,72,12.0,8,4,4.0,1.2243328354278966,0.8447211405920575,3,0,1,bca86de0b6338087
91,deployment_rollout,omni_k8s_observe,1.0,0.2222222222222222,0.2222222222222222,0.0,0.2222222222222222,0.0,0.75,11.20187891957034,0.0,30.0,1,154.09501887071642,38.94,121.99999999999982,40.08333333333336,23,3,0,0,0,117,0,7.0,3,4,3.0,0.12508135672364173,0.9583665676218438,10,8,0,d65a54daed3efac8
91,deployment_rollout,omni_k8s_kill,1.0,0.18055555555555555,0.18055555555555555,0.0,0.18055555555555555,0.041666666666666664,0.7638888888888888,56.76166305964455,408.1021604699079,35.0,1,157.72691608841797,48.568799999999996,151.66666666666674,67.16666666666669,19,2,0,0,0,119,15,10.0,8,2,2.0,0.931123184332636,0.9530597162324188,10,8,2,8e06c807e8ff291f
91,deployment_rollout,omni_k8s_throughput_no_dynamics,1.0,0.041666666666666664,0.041666666666666664,0.013888888888888888,0.027777777777777776,0.0,0.9305555555555556,20.475097823081846,0.7406494252837821,5.0,1,122.11582085569259,42.48,156.25,72.24999999999999,0,0,0,0,0,50,72,8.0,8,0,0.0,1.1587850161310507,0.8249488028606095,4,0,1,9b8385342d82ba1d
91,deployment_rollout,omni_k8s_throughput_no_gate,1.0,0.09722222222222222,0.09722222222222222,0.0,0.09722222222222222,0.0,0.8472222222222222,19.351756625164686,0.7043946127675371,5.0,1,121.2560340399243,40.71,149.00000000000006,65.16666666666669,0,3,0,0,0,65,72,14.0,9,5,5.0,1.163166885594395,0.8700245937189747,4,0,1,1a01cfb55503334b
91,deployment_rollout,omni_observe,0.9999999999999997,0.2361111111111111,0.4583333333333333,0.09722222222222222,0.1527777777777778,0.0,0.5416666666666666,270.4286298226053,2383.7323782136737,60.0,1,119.95228265337974,44.409299999999995,72.1666666666667,2.75,62,4,0,15,3,229,0,51.0,18,33,19.5,0.26244742507784236,0.9642512789147086,25,19,0,09d011b0a0941ac6
91,deployment_rollout,omni_pipeline,1.0,0.2361111111111111,0.2361111111111111,0.0,0.2361111111111111,0.0,0.7638888888888888,1.791941495360801,13.648103185444198,20.0,1,128.51903799342193,35.4,109.58333333333326,31.833333333333336,0,0,0,0,0,106,72,5.0,0,5,0.0,0.29400000000000004,0.9950444113098694,0,0,0,c53137fef51e7e43
91,deployment_rollout,omni_direct,1.0,0.0,0.0,0.0,0.0,0.0,0.9861111111111112,90.71370150949603,876.7153260792484,5.0,1,126.01013843058296,32.55821929151999,157.7500000000001,72.50000000000001,0,4,0,0,0,46,72,14.0,11,3,3.0,0.32556074866100015,0.7666567586986043,0,0,7,27122eb669b3b96e
91,deployment_rollout,omni_direct_no_dynamics,1.0,0.0,0.0,0.0,0.0,0.0,1.0,54.01822951739811,550.8161438324998,5.0,1,128.53423774162434,32.99242688111548,166.08333333333331,81.08333333333334,0,0,0,0,0,32,72,10.0,10,0,0.0,0.29400000000000004,0.7608855346722774,0,0,3,1e727ad47d1a1dff
91,deployment_rollout,omni_direct_no_shield,1.0,0.0,0.0,0.0,0.0,0.0,0.9444444444444444,75.67870173962031,824.2948260792484,5.0,1,127.16243267495771,33.76407926528,161.58333333333346,76.49999999999997,0,4,0,0,0,47,72,14.0,11,3,3.0,0.29400000000000004,0.7835692197053642,1,0,0,1e0576a6ff3761ad
91,deployment_rollout,omni_kill,1.0,0.1111111111111111,0.3333333333333333,0.0,0.1111111111111111,0.0,0.6527777777777778,79.58385199863503,967.9813013254076,60.0,1,120.10740017416377,45.099599999999995,85.33333333333347,11.083333333333334,52,11,0,8,2,192,15,38.0,12,26,13.0,0.9330573761293472,0.9431272016533014,13,9,0,cff40c7ef4dc63c0
91,deployment_rollout,omni_switch_on,1.0,0.19444444444444445,0.2916666666666667,0.09722222222222222,0.09722222222222222,0.0,0.6666666666666666,416.4254151748455,2587.13505052442,20.0,1,123.94537549422435,44.25,124.16666666666679,46.66666666666666,7,9,0,0,0,89,59,29.0,13,16,12.5,0.29400000000000004,0.8751578425849166,2,2,3,6cbbfa2762093ab8
92,deployment_rollout,native,0.9999999999999999,0.20833333333333334,0.8472222222222222,0.18055555555555555,0.05555555555555555,0.0,0.125,494.60058391301095,2430.536714814298,125.0,1,138.12150090194424,42.92839583982032,84.08333333333336,7.0,78,12,0,0,0,241,0,123.0,56,67,56.0,0.17397861119760427,1.0684905192169714,30,23,0,56b988de91defad2
92,deployment_rollout,k8s_ref_50,1.0,0.1111111111111111,0.1111111111111111,0.0,0.1111111111111111,0.0,0.8472222222222222,8.847666793381665,47.56500718325215,35.0,1,170.58444952290256,39.655612697585184,123.25,30.083333333333343,14,1,0,0,0,134,0,11.0,4,7,4.0,0.13173434145680107,0.8403384072635657,10,6,0,5be17ca43066e82c
92,deployment_rollout,k8s_ref_60,1.0,0.1111111111111111,0.1111111111111111,0.0,0.1111111111111111,0.0,0.8472222222222222,8.847666793381665,47.56500718325215,35.0,1,171.39007485623588,39.655612697585184,125.3333333333334,32.16666666666668,14,3,0,0,0,137,0,8.0,4,4,4.0,0.13173434145680107,0.8276168720471379,10,6,0,10b1b486d827ac55
92,deployment_rollout,k8s_ref_70,1.0,0.1111111111111111,0.1111111111111111,0.0,0.1111111111111111,0.013888888888888888,0.8333333333333334,19.03201724697065,0.0,40.0,1,175.63955604997165,42.60648961634979,134.0,39.66666666666666,13,2,0,0,0,140,0,8.0,6,2,2.0,0.2091943733241004,0.8474491819838065,8,5,0,b1f53eaa2ba83ea3
92,deployment_rollout,k8s_ref_80,1.0,0.09722222222222222,0.1111111111111111,0.0,0.09722222222222222,0.013888888888888888,0.8194444444444444,27.29157030147643,53.261338577707484,45.0,1,178.4674608641377,42.913034017436864,140.83333333333331,46.33333333333332,13,2,0,0,0,140,0,7.0,7,0,0.0,0.18925386497385177,0.8331472817766011,9,5,0,b914e3e846a40f53
92,deployment_rollout,omni_k8s_protect,1.0,0.0,0.0,0.0,0.0,0.0,0.9722222222222222,53.24337093386319,479.4066968381426,5.0,1,135.0389523202838,33.76407926528,153.16666666666657,57.08333333333332,0,3,0,0,0,43,72,16.0,11,5,5.0,0.29400000000000004,0.7064268280762313,0,0,7,7456c9ce9842350b
92,deployment_rollout,omni_k8s_throughput,1.0,0.06944444444444445,0.06944444444444445,0.0,0.06944444444444445,0.0,0.9305555555555556,18.61660997801367,0.08263922328749283,20.0,1,126.01333981093154,46.019999999999996,141.16666666666677,46.58333333333334,0,2,0,0,0,42,72,9.0,7,2,2.0,1.1383268616720348,0.7892593770472396,3,0,1,fcb6cd52669ca2c3
92,deployment_rollout,omni_k8s_observe,1.0,0.1111111111111111,0.1111111111111111,0.0,0.1111111111111111,0.013888888888888888,0.8333333333333334,19.03201724697065,0.0,40.0,1,175.63955604997165,42.60648961634979,134.0,39.66666666666666,13,2,0,0,0,140,0,8.0,6,2,2.0,0.2091943733241004,0.8474491819838065,8,5,0,b1f53eaa2ba83ea3
92,deployment_rollout,omni_k8s_kill,1.0000000000000002,0.06944444444444445,0.08333333333333333,0.0,0.06944444444444445,0.0,0.8611111111111112,24.466229942542693,0.0,35.0,1,161.13772290410265,51.19403594009087,162.4999999999999,66.83333333333333,9,2,0,0,0,103,37,11.0,10,1,1.0,0.8942934215716207,0.7183814917754232,4,3,1,9b73d1fc1f21c301
92,deployment_rollout,omni_k8s_throughput_no_dynamics,1.0000000000000002,0.06944444444444445,0.06944444444444445,0.0,0.06944444444444445,0.0,0.9305555555555556,19.320755915329787,0.08263922328749283,20.0,1,127.66333337175851,46.56634103894726,149.25000000000003,54.5,0,0,0,0,0,39,72,9.0,9,0,0.0,1.132988650094506,0.7559460155842623,3,0,1,ee249c941056c8e3
92,deployment_rollout,omni_k8s_throughput_no_gate,1.0,0.08333333333333333,0.08333333333333333,0.0,0.08333333333333333,0.0,0.8888888888888888,42.18434719042746,70.27150534893488,20.0,1,126.81216986871243,46.019999999999996,138.99999999999997,45.08333333333333,0,4,0,0,0,57,72,16.0,11,5,5.0,1.0694518117187806,0.8533106697612737,5,0,1,c015f2890d8d65e2
92,deployment_rollout,omni_observe,0.9999999999999999,0.20833333333333334,0.8472222222222222,0.18055555555555555,0.05555555555555555,0.0,0.125,494.60058391301095,2430.536714814298,125.0,1,138.12150090194424,42.92839583982032,84.08333333333336,7.0,78,12,0,0,0,241,0,123.0,56,67,56.0,0.17397861119760427,1.0684905192169714,30,23,0,56b988de91defad2
92,deployment_rollout,omni_pipeline,1.0000000000000002,0.09722222222222222,0.09722222222222222,0.05555555555555555,0.041666666666666664,0.0,0.9027777777777778,172.48273332016373,1707.3822124492983,25.0,1,140.56230121573537,36.687568341063994,151.41666666666669,55.91666666666667,0,1,0,0,0,85,72,16.0,11,5,4.0,0.29400000000000004,0.7085201089387108,3,0,1,72782fcedefa0974
92,deployment_rollout,omni_direct,1.0000000000000002,0.0,0.0,0.0,0.0,0.0,1.0,85.29433107941915,813.2658300927992,5.0,1,134.11562198695046,32.55821929151999,150.08333333333331,54.333333333333314,0,2,0,0,0,35,72,12.0,8,4,4.0,0.29400000000000004,0.6859975725312546,0,0,7,71146986c9911a10
92,deployment_rollout,omni_direct_no_dynamics,0.9999999999999999,0.0,0.0,0.0,0.0,0.0,0.9722222222222222,41.55902903942862,373.87837496673535,5.0,1,136.78008952028384,33.76407926528,158.83333333333331,62.83333333333333,0,0,0,0,0,36,72,8.0,8,0,0.0,0.29400000000000004,0.6865233364312433,0,0,1,991fcb73a8c90143
92,deployment_rollout,omni_direct_no_shield,1.0,0.027777777777777776,0.027777777777777776,0.0,0.027777777777777776,0.0,0.9305555555555556,36.04863170852109,298.6027688159867,15.0,1,135.09171405361718,34.969939239039995,153.25000000000017,57.50000000000003,0,2,0,0,0,45,72,13.0,9,4,4.0,0.29400000000000004,0.7144111484280347,1,0,0,50ac380143d43db2
92,deployment_rollout,omni_kill,1.0,0.06944444444444445,0.2638888888888889,0.0,0.06944444444444445,0.0,0.7361111111111112,29.52758765402286,45.96788677641557,90.0,1,135.48301872937546,49.90021335844186,115.16666666666664,26.499999999999996,38,8,0,5,2,133,37,38.0,13,25,14.0,0.8493792049091227,0.8647075850793189,9,8,1,d2f5621d5fd7cf44
92,deployment_rollout,omni_switch_on,0.9999999999999999,0.09722222222222222,0.19444444444444445,0.08333333333333333,0.013888888888888888,0.0,0.7777777777777778,267.1421357292961,2437.4959166055373,25.0,1,131.19926731933256,44.25,102.66666666666666,22.83333333333333,7,9,0,0,0,83,37,25.0,10,15,11.5,0.29400000000000004,0.7308817907970755,2,2,4,4e08b73a2218e447
93,deployment_rollout,native,0.9996023617079315,0.16666666666666666,0.6388888888888888,0.1527777777777778,0.06944444444444445,0.0,0.3611111111111111,581.415192279782,4201.015827835439,190.0,1,127.95404082780097,46.78662771,79.33333333333336,7.583333333333333,68,17,0,0,0,222,0,97.0,43,54,43.0,0.22542170279999985,0.9724915222503405,36,26,0,50df112901fa94b5
93,deployment_rollout,k8s_ref_50,0.9999999999999999,0.1388888888888889,0.1527777777777778,0.0,0.1388888888888889,0.0,0.8333333333333334,0.6823667762068593,0.0,25.0,1,159.38095501252369,37.111249203952084,116.41666666666663,30.416666666666664,17,1,0,0,0,104,0,11.0,3,8,3.0,0.1258887717690096,0.8328753707768154,9,6,0,09b04b55e35d0b87
93,deployment_rollout,k8s_ref_60,1.0,0.1527777777777778,0.1527777777777778,0.0,0.1527777777777778,0.0,0.8194444444444444,5.783207049699677,0.0,30.0,1,164.07208300820085,38.338613188800004,124.66666666666676,37.166666666666664,18,2,0,0,0,116,0,6.0,3,3,3.0,0.11407597854261797,0.8649881263061572,9,7,0,7086c541a44277a7
93,deployment_rollout,k8s_ref_70,1.0,0.1388888888888889,0.1527777777777778,0.0,0.1388888888888889,0.0,0.8055555555555556,14.280116633395023,0.0,35.0,1,166.97999324038548,39.94335784465369,130.3333333333332,41.999999999999986,18,3,0,0,0,115,0,6.0,4,2,2.0,0.15063743964331633,0.8829161441813943,9,7,0,b40c86a0e33b5e1e
93,deployment_rollout,k8s_ref_80,0.9999999999999999,0.1388888888888889,0.1527777777777778,0.0,0.1388888888888889,0.027777777777777776,0.7916666666666666,24.86550753775583,86.50231151341143,40.0,1,174.05958954543578,42.06637057880201,147.25,58.16666666666668,17,3,0,0,0,130,0,9.0,8,1,1.0,0.20716581001694467,0.8681246257643345,14,8,0,5b453e6a98d964e9
93,deployment_rollout,omni_k8s_protect,0.9999999999999999,0.027777777777777776,0.027777777777777776,0.0,0.027777777777777776,0.0,0.9722222222222222,16.728304201209102,0.0,5.0,1,133.37089278813096,34.969939239039995,164.33333333333331,74.41666666666666,0,3,0,0,0,42,72,15.0,11,4,4.0,0.29400000000000004,0.7338121609571022,0,0,4,1c90bd397c32f79f
93,deployment_rollout,omni_k8s_throughput,1.0,0.05555555555555555,0.05555555555555555,0.0,0.05555555555555555,0.0,0.9166666666666666,20.83144636056965,21.31487544986553,15.0,1,121.97409118993421,42.48,142.58333333333331,53.583333333333336,0,2,0,0,0,50,72,10.0,7,3,3.0,1.1755114370666706,0.7917099679358243,2,0,1,7c1d0aefd7df7973
93,deployment_rollout,omni_k8s_observe,1.0,0.1388888888888889,0.1527777777777778,0.0,0.1388888888888889,0.0,0.8055555555555556,14.280116633395023,0.0,35.0,1,166.97999324038548,39.94335784465369,130.3333333333332,41.999999999999986,18,3,0,0,0,115,0,6.0,4,2,2.0,0.15063743964331633,0.8829161441813943,9,7,0,b40c86a0e33b5e1e
93,deployment_rollout,omni_k8s_kill,0.9999999999999999,0.1388888888888889,0.1388888888888889,0.0,0.1388888888888889,0.013888888888888888,0.8055555555555556,16.728304201209102,0.0,40.0,1,165.3208437907983,45.94679544673604,167.83333333333326,77.9166666666667,14,2,0,0,0,124,25,11.0,10,1,1.0,0.7821937984092875,0.8327822035015446,6,5,2,b544b7dd65d2e538
93,deployment_rollout,omni_k8s_throughput_no_dynamics,1.0,0.05555555555555555,0.05555555555555555,0.0,0.05555555555555555,0.0,0.9305555555555556,22.023412232369893,29.02074913912861,5.0,1,125.75186735984595,44.25,154.00000000000003,64.91666666666666,0,0,0,0,0,41,72,9.0,9,0,0.0,1.1757219549060736,0.7692248445466469,4,0,1,62c20039bb64f5a6
93,deployment_rollout,omni_k8s_throughput_no_gate,0.9999999999999999,0.05555555555555555,0.05555555555555555,0.0,0.05555555555555555,0.0,0.9166666666666666,33.572377864247855,122.02628700643474,15.0,1,122.27952961015758,43.55845959871812,143.66666666666674,54.99999999999999,0,3,0,0,0,56,72,15.0,10,5,5.0,1.2612134219564275,0.7710849780048756,3,0,1,27f756f808e52098
93,deployment_rollout,omni_observe,0.9996023617079315,0.16666666666666666,0.6388888888888888,0.1527777777777778,0.06944444444444445,0.0,0.3611111111111111,581.415192279782,4201.015827835439,190.0,1,127.95404082780097,46.78662771,79.33333333333336,7.583333333333333,68,17,0,0,0,222,0,97.0,43,54,43.0,0.22542170279999985,0.9724915222503405,36,26,0,50df112901fa94b5
93,deployment_rollout,omni_pipeline,0.9999999999999999,0.05555555555555555,0.05555555555555555,0.041666666666666664,0.013888888888888888,0.0,0.8611111111111112,169.73527256934815,1384.8000553301385,20.0,1,135.1461691905757,34.969939239039995,149.33333333333337,58.916666666666686,0,1,0,0,0,86,72,15.0,9,6,5.5,0.29400000000000004,0.7928181772473641,2,0,1,050c4026c19f7149
93,deployment_rollout,omni_direct,1.0,0.0,0.0,0.0,0.0,0.0,1.0,43.46085199127687,444.07775935018856,5.0,1,129.92656480215248,32.77638151662793,153.33333333333331,63.1666666666667,0,8,0,0,0,44,72,17.0,12,5,5.0,0.3041042423700906,0.7140931188956134,0,0,5,73a5c331b6bb4383
93,deployment_rollout,omni_direct_no_dynamics,1.0000000000000002,0.0,0.0,0.0,0.0,0.0,1.0,27.414541959389787,251.33975935018827,5.0,1,131.5242321214643,32.55821929151999,158.58333333333334,68.50000000000003,0,0,0,0,0,27,72,8.0,8,0,0.0,0.29400000000000004,0.7036404447193976,0,0,4,06ae3930c37a4e47
93,deployment_rollout,omni_direct_no_shield,1.0,0.0,0.0,0.0,0.0,0.0,0.9583333333333334,31.53287529272311,201.0372593501878,5.0,1,132.94879892146432,33.76407926528,163.25,73.24999999999996,0,8,0,0,0,47,72,18.0,14,4,4.0,0.29400000000000004,0.7070517308478563,2,0,0,302ec934c01e7424
93,deployment_rollout,omni_kill,0.9999999999999997,0.06944444444444445,0.3194444444444444,0.0,0.06944444444444445,0.0,0.6805555555555556,32.908774360841754,164.954230349034,135.0,1,127.81542878131032,44.738122321361665,98.74999999999999,18.833333333333332,46,14,0,5,2,165,25,45.0,16,29,17.0,0.8449145960544053,0.8769625210199256,11,8,1,8e371872dd004ac3
93,deployment_rollout,omni_switch_on,0.9999999999999999,0.1111111111111111,0.20833333333333334,0.09722222222222222,0.013888888888888888,0.0,0.7361111111111112,293.02258251539337,2348.785025619576,25.0,1,126.56725979293094,44.25,112.16666666666659,33.25,7,9,0,0,0,80,49,27.0,11,16,12.5,0.29400000000000004,0.7848068237449612,2,2,4,eda3720310271b71
94,deployment_rollout,native,0.9999999999999997,0.18055555555555555,0.5833333333333334,0.125,0.08333333333333333,0.0,0.4027777777777778,504.02299904905016,3685.6979269641074,50.0,1,123.83820708499131,43.866264,73.50000000000006,2.6666666666666665,68,10,0,0,0,235,0,86.0,37,49,37.0,0.18933966855783235,1.0102561342434175,28,20,0,2530e74aeb33bfce
94,deployment_rollout,k8s_ref_50,1.0,0.0,0.18055555555555555,0.0,0.0,0.0,0.8194444444444444,0.0,0.0,20.0,1,149.64589109391937,31.86,105.33333333333339,24.33333333333333,13,0,0,0,0,83,0,6.0,0,6,0.0,0.0384133329119023,0.7495579062336301,13,13,0,eb10b285d57f496b
94,deployment_rollout,k8s_ref_60,1.0,0.013888888888888888,0.2777777777777778,0.0,0.013888888888888888,0.0,0.7222222222222222,0.0,0.0,20.0,1,155.84212623455937,35.4,112.66666666666661,28.333333333333346,30,2,0,0,0,134,0,4.0,0,4,0.0,0.09971633970600258,0.8313079746406484,10,10,0,f9380b499d192908
94,deployment_rollout,k8s_ref_70,1.0,0.19444444444444445,0.2777777777777778,0.0,0.19444444444444445,0.0,0.7222222222222222,3.0457109276214727,0.0,20.0,1,162.25635395131707,37.597930303999995,125.83333333333333,39.58333333333332,30,3,0,0,0,126,0,3.0,2,1,1.0,0.21468324998085309,0.8418582407469252,11,10,0,cf2a62f08e0daa8d
94,deployment_rollout,k8s_ref_80,1.0,0.20833333333333334,0.2777777777777778,0.0,0.20833333333333334,0.0,0.7083333333333334,5.359218626077125,0.0,25.0,1,164.27921925703382,38.078252608,130.91666666666683,44.6666666666667,30,2,0,0,0,127,0,3.0,3,0,0.0,0.21835456765388406,0.8247045572352051,13,11,0,79ccfa5d42bb4ac7
94,deployment_rollout,omni_k8s_protect,1.0,0.0,0.0,0.0,0.0,0.0,1.0,4.365155372065917,0.0,5.0,1,136.13804342198733,31.75034188836668,183.99999999999994,97.5833333333333,0,4,0,0,0,43,72,21.0,18,3,3.0,0.29400000000000004,0.6679911646470845,0,0,0,fb4f126759ca75b9
94,deployment_rollout,omni_k8s_throughput,1.0,0.013888888888888888,0.013888888888888888,0.0,0.013888888888888888,0.0,0.9861111111111112,6.511526393196107,0.0,5.0,1,114.5623654174222,38.94,130.66666666666666,44.33333333333333,0,2,0,0,0,38,72,7.0,4,3,3.0,1.1108588015670415,0.6781600594510614,0,0,0,6bb64bc1548850c1
94,deployment_rollout,omni_k8s_observe,1.0,0.19444444444444445,0.2777777777777778,0.0,0.19444444444444445,0.0,0.7222222222222222,3.0457109276214727,0.0,20.0,1,162.25635395131707,37.597930303999995,125.83333333333333,39.58333333333332,30,3,0,0,0,126,0,3.0,2,1,1.0,0.21468324998085309,0.8418582407469252,11,10,0,cf2a62f08e0daa8d
94,deployment_rollout,omni_k8s_kill,1.0,0.0,0.0,0.0,0.0,0.0,1.0,4.365155372065917,0.0,5.0,1,124.1611299553207,31.75034188836668,145.16666666666666,58.750000000000014,0,2,0,0,0,59,25,11.0,7,4,4.0,0.29400000000000004,0.6645240939697143,0,0,0,17bf5f935435dccc
94,deployment_rollout,omni_k8s_throughput_no_dynamics,1.0,0.013888888888888888,0.013888888888888888,0.0,0.013888888888888888,0.0,0.9861111111111112,6.876360336247286,4.979476135760464,5.0,1,116.06879010086372,38.94,138.08333333333323,51.749999999999986,0,0,0,0,0,33,72,5.0,5,0,0.0,1.1268242408411566,0.641267114534101,0,0,0,c8b0d8e6fefa86bb
94,deployment_rollout,omni_k8s_throughput_no_gate,1.0,0.027777777777777776,0.027777777777777776,0.0,0.027777777777777776,0.0,0.9722222222222222,10.907759682272992,15.946222744432177,5.0,1,113.66356675952652,38.637590281018824,128.41666666666663,42.24999999999999,0,5,0,0,0,46,72,13.0,7,6,6.0,1.133459001756174,0.6526789231104622,1,0,0,29bfc0f896d44136
94,deployment_rollout,omni_observe,0.9999999999999997,0.18055555555555555,0.5833333333333334,0.125,0.08333333333333333,0.0,0.4027777777777778,504.02299904905016,3685.6979269641074,50.0,1,123.83820708499131,43.866264,73.50000000000006,2.6666666666666665,68,10,0,0,0,235,0,86.0,37,49,37.0,0.18933966855783235,1.0102561342434175,28,20,0,2530e74aeb33bfce
94,deployment_rollout,omni_pipeline,1.0,0.0,0.0,0.0,0.0,0.0,1.0,24.758589556939906,143.70952902471032,5.0,1,138.51678147335912,32.910466426842454,154.33333333333326,68.08333333333333,0,1,0,0,0,87,72,17.0,11,6,6.0,0.4314569880810952,0.8449331933919495,2,0,1,7aafa13df55a57c1
94,deployment_rollout,omni_direct,1.0,0.0,0.0,0.0,0.0,0.0,1.0,2.7570442609548045,0.0,5.0,1,134.4496679553207,30.353449339502678,178.6666666666668,92.33333333333334,0,8,0,0,0,51,72,21.0,18,3,3.0,0.29400000000000004,0.6641716301623994,0,0,0,c369bc35aec0b354
94,deployment_rollout,omni_direct_no_dynamics,1.0000000000000002,0.0,0.0,0.0,0.0,0.0,1.0,2.9923775942881403,0.0,5.0,1,137.9055614886541,31.376693559163538,189.7500000000001,103.41666666666671,0,0,0,0,0,48,72,17.0,17,0,0.0,0.29400000000000004,0.6772661720987266,0,0,0,2504a0cba805088e
94,deployment_rollout,omni_direct_no_shield,1.0,0.0,0.0,0.0,0.0,0.0,1.0,2.7570442609548045,0.0,5.0,1,134.4496679553207,30.353449339502678,178.6666666666668,92.33333333333334,0,8,0,0,0,51,72,21.0,18,3,3.0,0.29400000000000004,0.6641716301623994,0,0,0,c369bc35aec0b354
94,deployment_rollout,omni_kill,0.9991454337441004,0.0,0.3055555555555556,0.0,0.0,0.0,0.6944444444444444,6.639244554777607,40.595441341432604,50.0,1,113.0938899521146,30.353449339502678,109.41666666666669,22.916666666666636,26,18,0,0,0,124,25,43.0,17,26,17.0,0.29400000000000004,0.6908272349573247,4,4,0,17f4d629c211d60e
94,deployment_rollout,omni_switch_on,1.0,0.041666666666666664,0.1388888888888889,0.027777777777777776,0.013888888888888888,0.0,0.8472222222222222,100.55019465737684,940.8104252144832,5.0,1,127.86078349301799,43.64057337507739,128.75,50.24999999999997,7,5,0,0,0,78,49,30.0,15,15,11.5,0.29400000000000004,0.6797018911241614,2,2,3,c9226da1bde8790c
95,deployment_rollout,native,0.9999999999999993,0.2777777777777778,0.7777777777777778,0.2361111111111111,0.1388888888888889,0.041666666666666664,0.2222222222222222,2077.7865055695456,12370.265653701663,180.0,1,144.379777019218,55.191086604748804,98.41666666666671,18.166666666666664,72,9,0,0,0,249,0,109.0,49,60,49.0,0.3374811547299841,1.1667792250927989,52,38,0,e5a9502daad91599
95,deployment_rollout,k8s_ref_50,1.0,0.18055555555555555,0.20833333333333334,0.0,0.1388888888888889,0.09722222222222222,0.6388888888888888,221.1387613310162,1741.9732205044786,95.0,1,183.19815136872927,54.34304693788664,165.00000000000003,72.16666666666667,21,3,0,0,0,173,0,43.0,22,21,21.0,0.3261739591718218,0.9658840448354072,30,19,0,1e2ab1b3d1da6f98
95,deployment_rollout,k8s_ref_60,1.0,0.20833333333333334,0.20833333333333334,0.0,0.1527777777777778,0.1111111111111111,0.5555555555555556,146.7212663713738,1251.0512397651476,125.0,1,196.38539234081213,54.353266270764244,196.75000000000014,103.33333333333336,21,2,0,0,0,172,0,23.0,20,3,3.0,0.3237375215493159,0.8804631626184803,28,18,0,cbfdd6c0bbbb4201
95,deployment_rollout,k8s_ref_70,1.0,0.19444444444444445,0.19444444444444445,0.0,0.1527777777777778,0.09722222222222222,0.5555555555555556,192.69968158904658,1579.4738586001433,125.0,1,196.58618070809982,55.66759149803475,196.75000000000014,103.08333333333336,22,3,0,0,0,180,0,23.0,20,3,3.0,0.3412635930697,0.8800020402041102,29,19,0,d5844f9cb0713842
95,deployment_rollout,k8s_ref_80,1.0000000000000002,0.20833333333333334,0.20833333333333334,0.013888888888888888,0.1388888888888889,0.1111111111111111,0.5138888888888888,217.1582858535379,1740.6234320855365,140.0,1,197.78896103483402,55.712101207687,200.16666666666654,106.33333333333334,21,3,0,0,0,176,0,22.0,20,2,2.0,0.34034651170483854,0.8703218734411269,29,19,0,57e54a0b15e85d91
95,deployment_rollout,omni_k8s_protect,1.0,0.2222222222222222,0.2222222222222222,0.2222222222222222,0.0,0.0,0.7777777777777778,1023.2617505610402,6180.117815218748,45.0,1,136.1069117136209,32.78306255529769,155.3333333333334,58.91666666666666,0,3,0,0,0,44,72,13.0,9,4,4.0,0.29400000000000004,0.7858453186814411,0,0,17,532391adf23e2869
95,deployment_rollout,omni_k8s_throughput,1.0,0.1527777777777778,0.1527777777777778,0.013888888888888888,0.1388888888888889,0.013888888888888888,0.8055555555555556,94.70156036203224,889.0092426212354,35.0,1,148.04434137524922,58.03932018921977,198.75000000000006,105.83333333333334,0,2,0,0,0,64,72,22.0,19,3,3.0,1.177248203893834,0.984740093673609,9,0,4,fd2adc6b5b98e78c
95,deployment_rollout,omni_k8s_observe,1.0,0.19444444444444445,0.19444444444444445,0.0,0.1527777777777778,0.09722222222222222,0.5555555555555556,192.69968158904658,1579.4738586001433,125.0,1,196.58618070809982,55.66759149803475,196.75000000000014,103.08333333333336,22,3,0,0,0,180,0,23.0,20,3,3.0,0.3412635930697,0.8800020402041102,29,19,0,d5844f9cb0713842
95,deployment_rollout,omni_k8s_kill,1.0,0.1527777777777778,0.1527777777777778,0.041666666666666664,0.1111111111111111,0.027777777777777776,0.6388888888888888,151.03734420463144,1524.7947240689061,95.0,1,185.03132441570864,54.94096571909632,195.33333333333317,100.58333333333334,14,2,0,1,1,174,17,20.0,17,3,2.5,1.0509752891712068,0.8287332216566005,15,10,2,ca91dbb57e87779a
95,deployment_rollout,omni_k8s_throughput_no_dynamics,1.0,0.18055555555555555,0.18055555555555555,0.013888888888888888,0.16666666666666666,0.05555555555555555,0.7916666666666666,94.79564553966468,939.9993255456875,40.0,1,154.39432771916435,60.46620026496342,207.50000000000014,114.66666666666667,0,0,0,0,0,58,72,20.0,20,0,0.0,1.0499999999999998,0.9850069793639215,9,0,4,5c3f37ffa7665268
95,deployment_rollout,omni_k8s_throughput_no_gate,1.0,0.18055555555555555,0.18055555555555555,0.013888888888888888,0.16666666666666666,0.041666666666666664,0.7916666666666666,125.75421282032363,1451.195203156062,40.0,1,150.00074870339603,59.56940026496342,194.75,102.49999999999997,0,3,0,0,0,66,72,25.0,20,5,5.0,1.0499999999999998,1.0020483492047094,10,0,5,275071d681544a45
95,deployment_rollout,omni_observe,0.9999999999999993,0.2777777777777778,0.7777777777777778,0.2361111111111111,0.1388888888888889,0.041666666666666664,0.2222222222222222,2077.7865055695456,12370.265653701663,180.0,1,144.379777019218,55.191086604748804,98.41666666666671,18.166666666666664,72,9,0,0,0,249,0,109.0,49,60,49.0,0.3374811547299841,1.1667792250927989,52,38,0,e5a9502daad91599
95,deployment_rollout,omni_pipeline,1.0000000000000002,0.2361111111111111,0.2361111111111111,0.20833333333333334,0.1388888888888889,0.0,0.7638888888888888,1198.2695086279925,7323.441296032333,50.0,1,144.38014406703832,36.86399659218892,161.33333333333334,65.0,0,1,0,0,0,101,72,17.0,11,6,6.0,0.29400000000000004,0.8956206493143983,3,0,1,f620a1d5d56ae710
95,deployment_rollout,omni_direct,1.0,0.2222222222222222,0.2222222222222222,0.2222222222222222,0.0,0.0,0.7777777777777778,1050.696892040834,6306.643456178081,45.0,1,135.4737709136209,32.837809806577944,153.3333333333334,56.999999999999986,0,4,0,0,0,46,72,13.0,9,4,4.0,0.29400000000000004,0.7864055703036985,0,0,15,c854a141bda42c3f
95,deployment_rollout,omni_direct_no_dynamics,1.0,0.2222222222222222,0.2222222222222222,0.2222222222222222,0.0,0.0,0.7777777777777778,1006.820311924167,6116.786981568591,45.0,1,137.7161445802876,32.801469077296716,160.66666666666669,64.33333333333333,0,0,0,0,0,36,72,8.0,8,0,0.0,0.29400000000000004,0.7646125327705785,0,0,16,cfc80e574ddd6d9f
95,deployment_rollout,omni_direct_no_shield,1.0,0.20833333333333334,0.20833333333333334,0.20833333333333334,0.041666666666666664,0.0,0.7916666666666666,852.7731170180748,5355.9339738070785,40.0,1,137.0830037802876,34.969939239039995,158.49999999999991,62.00000000000001,0,4,0,0,0,61,72,14.0,10,4,4.0,0.29400000000000004,0.8073543650964079,1,0,0,4bfabbf1ee0cbece
95,deployment_rollout,omni_kill,0.9999999999999998,0.18055555555555555,0.4027777777777778,0.041666666666666664,0.125,0.041666666666666664,0.5972222222222222,253.6593511636887,1660.5163000561056,80.0,1,137.06499980485222,52.568999999999996,100.66666666666667,16.333333333333332,54,11,0,13,2,197,17,50.0,18,32,19.0,1.016325664820302,1.0956546011017059,19,14,0,06a7399ba09fa99a
95,deployment_rollout,omni_switch_on,1.0,0.25,0.3472222222222222,0.25,0.013888888888888888,0.0,0.6527777777777778,1565.260893226085,8252.20053329714,55.0,1,136.0999577270718,44.25,128.75,40.91666666666667,7,9,0,0,0,83,57,29.0,13,16,12.5,0.29400000000000004,0.818884936182729,2,2,9,fd29a344e0984120
96,deployment_rollout,native,0.9999999999999999,0.08333333333333333,0.4027777777777778,0.05555555555555555,0.027777777777777776,0.0,0.5972222222222222,164.08205960475863,1430.0212394573173,40.0,1,107.04958461438217,36.307655999999994,62.49999999999996,1.3333333333333333,38,14,0,0,0,161,0,64.0,26,38,26.0,0.08119463999999998,0.7031109668740805,11,7,0,d53687c260bfbe18
96,deployment_rollout,k8s_ref_50,1.0,0.0,0.013888888888888888,0.0,0.0,0.0,0.9861111111111112,0.0,0.0,5.0,1,139.55959562009582,31.86,102.50000000000003,27.66666666666666,1,0,0,0,0,49,0,6.0,0,6,0.0,0.02639999999999998,0.6986027921299711,1,1,0,33b1b0d3b2002f6b
96,deployment_rollout,k8s_ref_60,1.0,0.013888888888888888,0.125,0.0,0.013888888888888888,0.0,0.875,0.0,0.0,20.0,1,143.85333350899805,34.905488837472205,109.16666666666654,32.83333333333336,14,2,0,0,0,85,0,4.0,0,4,0.0,0.06971071632873871,0.7709236829632247,5,5,0,6d7d8a169d582c44
96,deployment_rollout,k8s_ref_70,1.0,0.09722222222222222,0.125,0.0,0.09722222222222222,0.0,0.875,1.1469776086563823,0.0,20.0,1,149.22963446454105,35.823434975999994,121.00000000000016,44.083333333333364,15,3,0,0,0,75,0,2.0,1,1,1.0,0.10235970449544718,0.7661689191808685,7,6,0,26b19fb9fe7260fd
96,deployment_rollout,k8s_ref_80,1.0,0.09722222222222222,0.1111111111111111,0.0,0.09722222222222222,0.0,0.8888888888888888,4.480310941989716,0.0,20.0,1,152.44198730624794,38.94,128.66666666666654,51.41666666666664,12,2,0,0,0,75,0,2.0,2,0,0.0,0.17442757040010748,0.7613623155660197,5,4,0,85acf78a193c7e3b
96,deployment_rollout,omni_k8s_protect,1.0,0.0,0.0,0.0,0.0,0.0,1.0,3.724755386434162,0.0,5.0,1,121.48331923318717,30.351319369792506,164.41666666666663,87.24999999999999,0,3,0,0,0,24,72,18.0,15,3,3.0,0.29400000000000004,0.587618721222045,0,0,0,9bdbda3feff2a469
96,deployment_rollout,omni_k8s_throughput,1.0000000000000002,0.013888888888888888,0.013888888888888888,0.0,0.013888888888888888,0.0,0.9861111111111112,7.365749031825455,0.0,5.0,1,103.79712836694969,38.94,126.16666666666666,48.83333333333334,0,2,0,0,0,25,72,7.0,3,4,3.0,1.1098634944711883,0.6076447922809589,0,0,0,a7627bce5644bf00
96,deployment_rollout,omni_k8s_observe,1.0,0.09722222222222222,0.125,0.0,0.09722222222222222,0.0,0.875,1.1469776086563823,0.0,20.0,1,149.22963446454105,35.823434975999994,121.00000000000016,44.083333333333364,15,3,0,0,0,75,0,2.0,1,1,1.0,0.10235970449544718,0.7661689191808685,7,6,0,26b19fb9fe7260fd
96,deployment_rollout,omni_k8s_kill,1.0,0.0,0.0,0.0,0.0,0.0,1.0,3.724755386434162,0.0,5.0,1,117.20961883318714,30.351319369792506,150.4166666666667,73.24999999999997,0,2,0,0,0,29,22,10.0,8,2,2.0,0.29400000000000004,0.5889551679529288,0,0,0,0b8b28eafba8eebc
96,deployment_rollout,omni_k8s_throughput_no_dynamics,1.0000000000000002,0.013888888888888888,0.013888888888888888,0.0,0.013888888888888888,0.0,0.9861111111111112,7.7268601429365695,0.0,5.0,1,105.35713929371259,38.94,132.50000000000014,55.1666666666667,0,0,0,0,0,19,72,3.0,3,0,0.0,1.1098634944711883,0.5929949043343613,0,0,0,b61ee1ad207a4e5f
96,deployment_rollout,omni_k8s_throughput_no_gate,1.0000000000000002,0.013888888888888888,0.013888888888888888,0.0,0.013888888888888888,0.0,0.9861111111111112,7.1851934762699,0.0,5.0,1,101.91028960430917,35.4,115.83333333333331,39.25000000000001,0,3,0,0,0,30,72,9.0,3,6,3.0,1.1158498439183075,0.6462764568738882,0,0,0,0fd6c91eae026662
96,deployment_rollout,omni_observe,0.9999999999999999,0.08333333333333333,0.4027777777777778,0.05555555555555555,0.027777777777777776,0.0,0.5972222222222222,164.08205960475863,1430.0212394573173,40.0,1,107.04958461438217,36.307655999999994,62.49999999999996,1.3333333333333333,38,14,0,0,0,161,0,64.0,26,38,26.0,0.08119463999999998,0.7031109668740805,11,7,0,d53687c260bfbe18
96,deployment_rollout,omni_pipeline,1.0,0.0,0.0,0.0,0.0,0.0,1.0,5.355887617359637,0.0,5.0,1,126.36604233056917,30.6824708858399,151.91666666666669,74.75000000000001,0,1,0,0,0,70,72,17.0,10,7,7.0,0.3444873201112586,0.6940953062472258,0,0,0,d6ead418d4be07d0
96,deployment_rollout,omni_direct,1.0,0.0,0.0,0.0,0.0,0.0,1.0,3.5776720531008266,0.0,5.0,1,121.93179396652049,29.935939017152503,165.75,88.58333333333339,0,8,0,0,0,32,72,17.0,14,3,3.0,0.29400000000000004,0.5776829212597725,0,0,0,7e7cf8038b8e20e7
96,deployment_rollout,omni_direct_no_dynamics,1.0,0.0,0.0,0.0,0.0,0.0,1.0,2.901088719767491,0.0,5.0,1,127.60368029985376,30.57297582256787,183.99999999999991,106.83333333333326,0,0,0,0,0,28,72,15.0,15,0,0.0,0.29400000000000004,0.5624748575550252,0,0,0,311e73b66a8c611b
96,deployment_rollout,omni_direct_no_shield,1.0,0.0,0.0,0.0,0.0,0.0,1.0,3.5776720531008266,0.0,5.0,1,121.93179396652049,29.935939017152503,165.75,88.58333333333339,0,8,0,0,0,32,72,17.0,14,3,3.0,0.29400000000000004,0.5776829212597725,0,0,0,7e7cf8038b8e20e7
96,deployment_rollout,omni_kill,1.0000000000000004,0.0,0.2638888888888889,0.0,0.0,0.0,0.7361111111111112,8.026931189665326,29.203463714263222,105.0,1,100.6951962998538,29.935939017152503,97.00000000000003,19.74999999999997,19,18,0,0,0,102,22,41.0,16,25,16.0,0.29400000000000004,0.6417563008968209,3,3,0,4d184e6f625cfc0f
96,deployment_rollout,omni_switch_on,1.0,0.0,0.09722222222222222,0.0,0.0,0.0,0.8611111111111112,76.66513451171447,684.2254128893211,15.0,1,115.4276730454763,33.813502666314186,120.74999999999999,50.33333333333331,7,5,0,0,0,62,52,27.0,12,15,11.5,0.29400000000000004,0.6102523957459709,2,2,2,7ce0513d49214350
97,compound_failure,native,0.9999999999999994,0.7777777777777778,0.9861111111111112,0.6527777777777778,0.5277777777777778,0.4861111111111111,0.013888888888888888,7459.58056139388,24105.32595425746,360,0,215.65958934808992,58.74942937536014,179.66666666666669,32.66666666666666,115,4,7,0,0,350,0,60.0,36,24,24.0,1.2674891006682065,1.0302563690223718,71,56,0,3c23ff7afbba272d
97,compound_failure,k8s_ref_50,0.9999999999999997,0.5694444444444444,0.5833333333333334,0.4722222222222222,0.5,0.5,0.3333333333333333,7801.923993445954,25764.42621193641,360,0,233.40003310362448,60.90306638842294,190.08333333333331,38.416666666666664,49,2,7,11,11,240,0,24.0,18,6,5.0,4.3993232931955015,1.0070052752960394,47,38,0,64b4132fec514a6c
97,compound_failure,k8s_ref_60,0.9999999999999998,0.6388888888888888,0.6388888888888888,0.5555555555555556,0.5833333333333334,0.5694444444444444,0.3333333333333333,8211.112420915742,25764.42621193641,360,0,234.75452837862994,60.90306638842294,193.08333333333343,32.58333333333333,48,1,7,13,13,226,0,18.0,18,0,-1.0,4.0896357265735785,0.948180614184946,46,37,0,455ddcba41f00903
97,compound_failure,k8s_ref_70,0.9893959767025632,0.6666666666666666,0.6666666666666666,0.6666666666666666,0.6666666666666666,0.5972222222222222,0.3333333333333333,9183.780144459519,25830.0088394844,360,0,234.27082611282077,60.917747458281326,193.08333333333343,16.25,47,1,7,16,15,226,0,18.0,18,0,-1.0,3.8932534919777213,0.8763511183839656,45,36,0,bc3faa2303ecaf98
97,compound_failure,k8s_ref_80,0.9620130711099402,0.6666666666666666,0.6666666666666666,0.6666666666666666,0.6666666666666666,0.5972222222222222,0.3333333333333333,10063.84430582465,25857.8586191752,360,0,230.77311835242938,60.93024952049386,193.08333333333343,9.499999999999998,47,2,7,16,15,233,0,18.0,18,0,-1.0,3.8082461234017253,0.8918505088932862,45,36,0,abb17a2d80804da4
97,compound_failure,omni_k8s_protect,0.8933992799162931,0.6666666666666666,0.6666666666666666,0.6666666666666666,0.2222222222222222,0.0,0.3333333333333333,19066.21022513755,44871.93148209594,360,0,162.89611791064883,32.708461914555194,161.49999999999991,18.666666666666668,0,0,0,0,0,98,72,9.0,9,0,0.0,0.29400000000000004,0.6671945024043032,0,0,48,a8f6b637bb050eb7
97,compound_failure,omni_k8s_throughput,0.9999999999999994,0.4722222222222222,0.4722222222222222,0.4166666666666667,0.4305555555555556,0.3611111111111111,0.5,6307.0980218952645,22109.27554761239,85.0,1,222.40221071795966,70.8,186.75000000000003,50.08333333333333,0,2,0,0,0,112,72,21.0,20,1,1.0,1.0499999999999998,1.1690290721403134,9,0,13,84e2de7d489021fb
97,compound_failure,omni_k8s_observe,0.9893959767025632,0.6666666666666666,0.6666666666666666,0.6666666666666666,0.6666666666666666,0.5972222222222222,0.3333333333333333,9183.780144459519,25830.0088394844,360,0,234.27082611282077,60.917747458281326,193.08333333333343,16.25,47,1,7,16,15,226,0,18.0,18,0,-1.0,3.8932534919777213,0.8763511183839656,45,36,0,bc3faa2303ecaf98
97,compound_failure,omni_k8s_kill,0.9999999999999994,0.6666666666666666,0.6666666666666666,0.6111111111111112,0.625,0.5555555555555556,0.3333333333333333,7619.391988512835,23091.974057709886,360,0,221.06931787795594,61.13565552323806,204.5000000000001,35.5,41,1,6,14,14,210,26,19.0,19,0,-0.5,4.672490487115063,0.9047152378120538,32,26,2,717a2188436406c7
97,compound_failure,omni_k8s_throughput_no_dynamics,0.9999999999999994,0.5,0.5,0.4166666666666667,0.4583333333333333,0.3888888888888889,0.4722222222222222,6307.0980218952645,22109.27554761239,95.0,1,225.5978631930875,70.8,187.33333333333343,50.66666666666668,0,0,0,0,0,112,72,20.0,20,0,0.0,1.0499999999999998,1.1540388319254529,9,0,13,6dfbddcbae8a72c1
97,compound_failure,omni_k8s_throughput_no_gate,0.9999999999999997,0.4861111111111111,0.4861111111111111,0.4305555555555556,0.4444444444444444,0.3611111111111111,0.4861111111111111,7338.702878108096,25189.274902148674,90.0,1,221.82101583912,70.8,182.58333333333334,46.08333333333333,0,3,0,0,0,121,72,25.0,22,3,3.0,1.0499999999999998,1.1657199915517957,10,0,14,789a1daa89cf1e35
97,compound_failure,omni_observe,0.9999999999999994,0.7777777777777778,0.9861111111111112,0.6527777777777778,0.5277777777777778,0.4861111111111111,0.013888888888888888,7459.58056139388,24105.32595425746,360,0,215.65958934808992,58.74942937536014,179.66666666666669,32.66666666666666,115,4,7,0,0,350,0,60.0,36,24,24.0,1.2674891006682065,1.0302563690223718,71,56,0,3c23ff7afbba272d
97,compound_failure,omni_pipeline,0.9299080626956449,0.6666666666666666,0.6666666666666666,0.6666666666666666,0.4722222222222222,0.16666666666666666,0.3333333333333333,18052.815285499848,42914.53691214585,360,0,172.01086237296659,35.215790638866984,161.83333333333331,10.0,0,0,6,0,0,159,72,12.0,12,0,0.0,0.29400000000000004,0.7758673632421649,13,9,2,1ab409b2c9440972
97,compound_failure,omni_direct,0.8859182654839456,0.6666666666666666,0.6666666666666666,0.6666666666666666,0.1388888888888889,0.0,0.3333333333333333,19680.159493030165,46098.3815129627,360,0,161.0718994102282,32.711851221453905,158.33333333333334,17.5,0,0,0,0,0,107,72,9.0,9,0,0.0,0.29400000000000004,0.629935554056946,0,0,27,e9cc1bcf59c8a347
97,compound_failure,omni_direct_no_dynamics,0.8862319787353179,0.6666666666666666,0.6666666666666666,0.6666666666666666,0.1388888888888889,0.0,0.3333333333333333,19645.140618407822,46049.83172278432,360,0,161.31790100802738,32.7118410906124,158.99999999999997,18.166666666666668,0,0,0,0,0,116,72,9.0,9,0,0.0,0.29400000000000004,0.6304788472857061,0,0,27,8993f6bb10c12590
97,compound_failure,omni_direct_no_shield,0.9127556766035609,0.6666666666666666,0.6666666666666666,0.6666666666666666,0.2222222222222222,0.0,0.3333333333333333,18522.185971968425,44730.5934355544,360,0,166.05554248400873,34.50852958776901,164.33333333333346,17.5,0,0,0,0,0,111,72,11.0,11,0,0.0,0.29400000000000004,0.6473098377276757,2,0,0,20523973ec2722d6
97,compound_failure,omni_kill,0.9999999999999997,0.5416666666666666,0.6666666666666666,0.4583333333333333,0.4722222222222222,0.4305555555555556,0.3333333333333333,6928.175423476274,23470.696008325922,360,0,214.38193665626684,61.15430953901182,188.41666666666669,37.75000000000001,93,1,6,40,14,336,26,46.0,18,28,21.0,5.055385593434643,1.0834154527630417,59,53,1,56b20f5eff6e0150
97,compound_failure,omni_switch_on,0.8584791149193547,0.6666666666666666,0.8055555555555556,0.6666666666666666,0.125,0.0,0.19444444444444445,22337.841254830866,50318.53008397888,360,0,158.33519158476318,32.71230725773589,127.4166666666668,0.5,10,9,0,0,0,137,48,28.0,15,13,9.5,0.29400000000000004,0.6283340443677573,2,2,28,6350b15569edd488
98,compound_failure,native,0.9964186590191484,0.7083333333333334,1.0,0.5833333333333334,0.4722222222222222,0.4583333333333333,0.0,9517.364703593805,31079.079592137372,360,0,225.89824602993716,63.44689046385674,168.1666666666666,22.66666666666667,126,2,4,0,0,354,0,76.0,32,44,32.0,1.0611811099267363,1.1587979751741915,64,51,0,940b38287fa5031b
98,compound_failure,k8s_ref_50,1.0,0.625,0.6666666666666666,0.3888888888888889,0.5972222222222222,0.5694444444444444,0.1388888888888889,6693.98219949003,26967.46921341259,360,0,244.2193221347567,61.102123896533854,192.16666666666657,39.416666666666664,29,2,4,9,3,233,0,32.0,20,12,12.0,1.5610851546944222,0.9827760954457305,39,29,0,b2454f977dfd0b27
98,compound_failure,k8s_ref_60,1.0,0.6805555555555556,0.7638888888888888,0.3888888888888889,0.6666666666666666,0.5833333333333334,0.09722222222222222,6693.98219949003,26967.46921341259,360,0,246.10066153517027,61.102123896533854,197.49999999999991,44.74999999999999,32,2,4,9,3,229,0,24.0,20,4,4.0,1.5536154492518388,0.9488228888885326,42,32,0,b177fdd99aad5cf3
98,compound_failure,k8s_ref_70,1.0,0.75,0.8194444444444444,0.4722222222222222,0.75,0.6805555555555556,0.1388888888888889,7264.445963071178,26967.46921341259,360,0,248.51942497475298,61.102123896533854,204.1666666666668,41.91666666666667,31,1,4,11,4,228,0,20.0,20,0,0.0,1.2998266668790184,0.9237837548225976,41,31,0,103bc263fbafc5a4
98,compound_failure,k8s_ref_80,1.0000000000000002,0.7638888888888888,0.7916666666666666,0.6388888888888888,0.7222222222222222,0.7083333333333334,0.1527777777777778,8937.308425305366,27003.488068694394,360,0,248.9755414911813,58.85571602767838,204.1666666666668,23.499999999999996,27,1,4,15,5,224,0,20.0,20,0,0.0,1.0826503248216737,0.8940602040482046,37,27,0,c655360d41fefc74
98,compound_failure,omni_k8s_protect,0.9439382093127021,0.9027777777777778,0.9027777777777778,0.7638888888888888,0.9027777777777778,0.7083333333333334,0.041666666666666664,18651.756766960098,36710.342901008444,360,0,218.07610658647704,37.169999999999995,126.0,2.083333333333333,0,0,0,0,0,98,72,1.0,1,0,0.0,0.0,0.7105705620503975,0,0,56,d47f3a4813060798
98,compound_failure,omni_k8s_throughput,1.0,0.375,0.375,0.3055555555555556,0.3194444444444444,0.2777777777777778,0.5694444444444444,4687.201775562924,23339.370611497092,115.0,1,223.2292837134874,70.8,207.16666666666657,67.00000000000001,0,2,0,0,0,113,72,22.0,20,2,2.0,1.142026207235936,1.1229316910834843,9,0,10,45d8a53a3f5f12f7
98,compound_failure,omni_k8s_observe,1.0,0.75,0.8194444444444444,0.4722222222222222,0.75,0.6805555555555556,0.1388888888888889,7264.445963071178,26967.46921341259,360,0,248.51942497475298,61.102123896533854,204.1666666666668,41.91666666666667,31,1,4,11,4,228,0,20.0,20,0,0.0,1.2998266668790184,0.9237837548225976,41,31,0,103bc263fbafc5a4
98,compound_failure,omni_k8s_kill,1.0,0.8888888888888888,0.8888888888888888,0.5138888888888888,0.875,0.6805555555555556,0.041666666666666664,8071.096326713397,28701.632445596013,360,0,250.66807332072295,61.09907043502535,203.25000000000014,39.5,19,1,2,12,4,204,19,19.0,19,0,-0.5,1.3496008785346008,0.922664861403105,28,19,3,7743418d818e565d
98,compound_failure,omni_k8s_throughput_no_dynamics,1.0,0.4444444444444444,0.4444444444444444,0.3055555555555556,0.3888888888888889,0.3472222222222222,0.5,4964.216123026079,24282.56823122967,140.0,1,229.42087961612293,70.8,207.08333333333346,66.99999999999999,0,0,0,0,0,110,72,20.0,20,0,0.0,1.1462092166557514,1.1110088396036621,9,0,10,74d584654cc8b9e2
98,compound_failure,omni_k8s_throughput_no_gate,1.0,0.375,0.375,0.3055555555555556,0.3194444444444444,0.2777777777777778,0.5694444444444444,4968.2494976619555,24296.878913623295,115.0,1,222.48251602987474,70.8,204.83333333333317,64.66666666666669,0,4,0,0,0,114,72,25.0,21,4,4.0,1.142026207235936,1.1253239393936671,9,0,10,2291ade2c29b4b77
98,compound_failure,omni_observe,0.9964186590191484,0.7083333333333334,1.0,0.5833333333333334,0.4722222222222222,0.4583333333333333,0.0,9517.364703593805,31079.079592137372,360,0,225.89824602993716,63.44689046385674,168.1666666666666,22.66666666666667,126,2,4,0,0,354,0,76.0,32,44,32.0,1.0611811099267363,1.1587979751741915,64,51,0,940b38287fa5031b
98,compound_failure,omni_pipeline,1.0,0.8194444444444444,0.8194444444444444,0.5416666666666666,0.6111111111111112,0.4444444444444444,0.125,10975.156097310391,33125.356763591626,205.0,1,225.50417162909548,49.988959135517696,200.83333333333348,42.083333333333336,0,0,4,0,0,188,72,20.0,20,0,0.0,0.42377081981039266,1.3367278352174647,18,4,11,022e1678744cb6f4
98,compound_failure,omni_direct,1.0,0.75,0.75,0.7222222222222222,0.06944444444444445,0.0,0.18055555555555555,14201.726459183574,32697.405044745527,360,0,191.96369777077967,34.95678070362548,171.58333333333331,10.583333333333332,0,0,0,0,0,107,72,10.0,10,0,0.0,0.29400000000000004,0.589347193775497,0,0,5,1ed8e9b5f3b61c85
98,compound_failure,omni_direct_no_dynamics,0.9698825452957931,0.9027777777777778,0.9027777777777778,0.7638888888888888,0.1527777777777778,0.0,0.041666666666666664,17459.410496709203,36380.21697701201,360,0,192.80863559881647,37.02897871993292,159.33333333333331,2.083333333333333,0,0,0,0,0,110,72,9.0,9,0,0.0,0.29400000000000004,0.6681534810390186,0,0,44,1c087055e6aeff67
98,compound_failure,omni_direct_no_shield,0.9999999999999997,0.7361111111111112,0.7361111111111112,0.6805555555555556,0.1527777777777778,0.0,0.19444444444444445,12805.85123908326,31389.909213296945,360,0,194.76029261802486,35.405180703625476,177.75000000000009,15.666666666666668,0,0,0,0,0,122,72,11.0,11,0,0.0,0.29400000000000004,0.6715397869800599,1,0,0,e0adc27cd6d5b178
98,compound_failure,omni_kill,0.999903179046715,0.5416666666666666,0.75,0.3611111111111111,0.4583333333333333,0.4166666666666667,0.20833333333333334,5457.897572559557,23420.876361609233,360,0,220.23563746704423,61.36568941599792,163.99999999999991,15.750000000000002,93,4,2,37,5,331,19,55.0,22,33,23.5,2.145946139656891,1.1739056359621525,38,32,1,8fe410e6f0ceaa8d
98,compound_failure,omni_switch_on,0.9408570569771133,0.7638888888888888,0.8333333333333334,0.7638888888888888,0.09722222222222222,0.0,0.16666666666666666,19637.149165424842,38315.4234972687,360,0,184.05260090217243,35.791412181307,139.08333333333331,0.08333333333333333,8,5,0,0,0,124,55,17.0,9,8,5.0,0.2604947326782735,0.5722738455880944,1,1,42,89c981e04a3b55af
99,compound_failure,native,0.9999999999999999,0.5138888888888888,0.9861111111111112,0.4444444444444444,0.2638888888888889,0.20833333333333334,0.013888888888888888,5781.5731203806545,25934.084468279947,360,0,175.71399885143984,58.843669026958764,133.25,32.583333333333336,95,3,1,0,0,316,0,93.0,49,44,44.0,0.5606715170588018,1.2951075763226592,63,48,0,f94a5bf7ba16696f
99,compound_failure,k8s_ref_50,1.0,0.3611111111111111,0.3611111111111111,0.2361111111111111,0.2777777777777778,0.2638888888888889,0.4444444444444444,2231.485549284027,13148.948803412046,160.0,1,205.70435191736274,62.814612053274246,185.58333333333326,71.66666666666667,20,2,1,5,3,206,0,36.0,19,17,16.5,1.5626695842291682,1.076507957606028,27,17,0,cef5e5f715c6a901
99,compound_failure,k8s_ref_60,1.0,0.4583333333333333,0.4583333333333333,0.2361111111111111,0.375,0.2777777777777778,0.2638888888888889,2254.8528506600924,13237.498577047663,225.0,1,216.0764716749193,62.814612053274246,212.58333333333331,98.50000000000001,20,2,1,5,3,195,0,20.0,19,1,0.5,1.5581893577070323,0.9785647049228896,27,17,0,b4456c51c2769139
99,compound_failure,k8s_ref_70,1.0,0.5694444444444444,0.5694444444444444,0.2361111111111111,0.5138888888888888,0.2916666666666667,0.2361111111111111,2326.6526755071845,13415.278226791306,235.0,1,217.21351662210287,62.91013471804536,216.0833333333335,101.33333333333331,22,1,1,5,3,200,0,19.0,19,0,-0.5,1.658297464975086,0.9702408595515097,29,19,0,315dbb3604e3b7c3
99,compound_failure,k8s_ref_80,0.9999999999999998,0.5972222222222222,0.5972222222222222,0.3055555555555556,0.5416666666666666,0.3333333333333333,0.2361111111111111,2444.709540831299,13436.270623376036,235.0,1,217.44954488114695,62.92755756138393,216.0833333333335,98.33333333333331,22,2,1,7,4,198,0,19.0,19,0,-0.5,1.5693676956044058,0.9595639204076695,29,19,0,0451d494e7eef60d
99,compound_failure,omni_k8s_protect,1.0000000000000002,0.4166666666666667,0.4166666666666667,0.4166666666666667,0.125,0.0,0.5833333333333334,5066.187188060027,19864.313022685576,110.0,1,150.98078008703422,32.87476565696956,160.50000000000014,41.25,0,3,0,0,0,81,72,15.0,10,5,5.0,0.29400000000000004,0.8317512953845064,0,0,32,81ffc9d9874d22fa
99,compound_failure,omni_k8s_throughput,1.0,0.25,0.25,0.19444444444444445,0.20833333333333334,0.125,0.7222222222222222,1407.9621550020167,9235.839908666041,60.0,1,177.8911299481431,70.8,212.33333333333323,105.41666666666663,0,2,0,0,0,80,72,23.0,20,3,3.0,1.0804696729938166,1.1177554861088337,9,0,9,18b27aac2f188ec6
99,compound_failure,omni_k8s_observe,1.0,0.5694444444444444,0.5694444444444444,0.2361111111111111,0.5138888888888888,0.2916666666666667,0.2361111111111111,2326.6526755071845,13415.278226791306,235.0,1,217.21351662210287,62.91013471804536,216.0833333333335,101.33333333333331,22,1,1,5,3,200,0,19.0,19,0,-0.5,1.658297464975086,0.9702408595515097,29,19,0,315dbb3604e3b7c3
99,compound_failure,omni_k8s_kill,1.0,0.5833333333333334,0.5833333333333334,0.2222222222222222,0.4861111111111111,0.2222222222222222,0.2361111111111111,1914.807608019259,11342.34372128338,235.0,1,210.41123671635967,63.72,221.0833333333335,107.0,16,1,1,5,3,191,12,19.0,19,0,-0.5,2.491215264834026,0.9399004151874506,18,12,2,6cde701dd75e383c
99,compound_failure,omni_k8s_throughput_no_dynamics,1.0,0.2777777777777778,0.2777777777777778,0.19444444444444445,0.25,0.1527777777777778,0.6944444444444444,1405.9742096013,9224.939765681655,70.0,1,182.00928534054813,70.8,216.5833333333335,109.75,0,0,0,0,0,76,72,20.0,20,0,0.0,1.0804696729938166,1.1034973892623587,9,0,9,3f75261fc1549921
99,compound_failure,omni_k8s_throughput_no_gate,1.0,0.25,0.25,0.19444444444444445,0.20833333333333334,0.125,0.7222222222222222,1567.0412023309643,10130.55539314113,60.0,1,176.63370002751364,70.8,208.0,101.08333333333331,0,4,0,0,0,82,72,26.0,21,5,5.0,1.0804696729938166,1.1229788102086942,9,0,9,49d4e10892dcf249
99,compound_failure,omni_observe,0.9999999999999999,0.5138888888888888,0.9861111111111112,0.4444444444444444,0.2638888888888889,0.20833333333333334,0.013888888888888888,5781.5731203806545,25934.084468279947,360,0,175.71399885143984,58.843669026958764,133.25,32.583333333333336,95,3,1,0,0,316,0,93.0,49,44,44.0,0.5606715170588018,1.2951075763226592,63,48,0,f94a5bf7ba16696f
99,compound_failure,omni_pipeline,0.9999999999999999,0.4305555555555556,0.4305555555555556,0.4027777777777778,0.2638888888888889,0.0,0.5416666666666666,6146.166539726727,24587.772839005556,125.0,1,160.73794488802673,38.854782454290664,176.24999999999994,57.333333333333314,0,1,0,0,0,120,72,19.0,14,5,4.5,0.29400000000000004,0.9295091009979997,6,0,3,037b0c1d191cfe2f
99,compound_failure,omni_direct,1.0000000000000002,0.4305555555555556,0.4305555555555556,0.4305555555555556,0.08333333333333333,0.0,0.5555555555555556,5498.412240718456,20671.74560883797,120.0,1,150.507739485117,32.99644245392834,159.00000000000003,40.333333333333314,0,4,0,0,0,89,72,16.0,11,5,5.0,0.29400000000000004,0.8189612952314781,0,0,20,663da76eecb69b58
99,compound_failure,omni_direct_no_dynamics,1.0000000000000002,0.4166666666666667,0.4166666666666667,0.4166666666666667,0.125,0.0,0.5833333333333334,5029.233203449062,19783.043298075718,110.0,1,153.1336070264579,32.86859689350686,167.24999999999994,47.99999999999998,0,0,0,0,0,79,72,9.0,9,0,0.0,0.3713076140654197,0.8095530875431236,0,0,18,20b0a901ed359741
99,compound_failure,omni_direct_no_shield,1.0000000000000002,0.4166666666666667,0.4166666666666667,0.4166666666666667,0.08333333333333333,0.0,0.5694444444444444,5103.393350673902,20317.21036499063,115.0,1,151.95868715178366,34.204231920379804,163.5833333333332,44.49999999999998,0,2,0,0,0,85,72,14.0,10,4,4.0,0.29400000000000004,0.8459660138242958,2,0,0,121b4b24104991c8
99,compound_failure,omni_kill,1.0,0.3055555555555556,0.5833333333333334,0.2222222222222222,0.2361111111111111,0.18055555555555555,0.4166666666666667,1976.8016346535733,11454.112351814243,195.0,1,165.5070403559318,63.72,126.83333333333334,21.5,66,11,1,23,5,256,12,61.0,24,37,25.0,2.4282442868637366,1.2294510882622622,37,30,0,8ab98dc942342b24
99,compound_failure,omni_switch_on,1.0000000000000002,0.5416666666666666,0.6388888888888888,0.5416666666666666,0.06944444444444445,0.0,0.3611111111111111,7919.604197357135,24846.918306342155,155.0,1,154.89128587649702,35.7209966742579,130.49999999999994,20.500000000000007,7,7,0,0,0,101,62,22.0,8,14,9.5,0.29400000000000004,0.8140772908804393,2,2,32,677610779283b7eb
100,compound_failure,native,1.0000000000000002,0.6944444444444444,0.9861111111111112,0.6111111111111112,0.4722222222222222,0.4305555555555556,0.013888888888888888,8967.221850840195,29049.163947696838,360,0,211.07495231106188,63.18344754764695,175.49999999999997,33.91666666666666,108,2,8,0,0,341,0,66.0,32,34,32.0,1.3851025234914025,1.1122413872832397,76,62,0,dce1228c99d3343e
100,compound_failure,k8s_ref_50,1.0000000000000004,0.5555555555555556,0.5555555555555556,0.4444444444444444,0.4722222222222222,0.4861111111111111,0.375,8146.9127939418895,28973.227041583188,155.0,1,225.98633406618785,61.34263438522412,192.16666666666663,45.166666666666664,39,2,8,10,5,231,0,28.0,19,9,8.5,2.232898681964452,1.0447596349682837,44,34,0,9602e5d3d0c13f9f
100,compound_failure,k8s_ref_60,1.0,0.6111111111111112,0.6111111111111112,0.5,0.5416666666666666,0.5416666666666666,0.2777777777777778,8511.602804032667,29002.944311983876,360,0,229.2311293034924,61.34995313989697,199.50000000000014,45.33333333333333,39,1,8,12,6,214,0,19.0,19,0,-0.5,1.9597633515067736,0.9931883543244754,44,34,0,ef300076d38ed87c
100,compound_failure,k8s_ref_70,1.0000000000000002,0.7083333333333334,0.7083333333333334,0.6388888888888888,0.6805555555555556,0.6388888888888888,0.2777777777777778,9848.215633494074,29019.156534533544,360,0,230.3823928597303,61.38977427115065,199.50000000000014,26.833333333333332,39,1,8,15,8,214,0,19.0,19,0,-0.5,1.8859573335615172,0.9251806039711388,44,34,0,2515e4dfa46f3ec0
100,compound_failure,k8s_ref_80,0.9665580140008084,0.7222222222222222,0.7222222222222222,0.7222222222222222,0.7222222222222222,0.6527777777777778,0.2777777777777778,11727.61285877926,29028.948680026235,360,0,227.02217990916952,61.42462708513707,199.50000000000014,8.333333333333334,39,2,8,17,8,222,0,19.0,19,0,-0.5,1.681987164451975,0.87848387365888,44,34,0,ec6dfdef3094aeed
100,compound_failure,omni_k8s_protect,0.9679636511489826,0.7222222222222222,0.7222222222222222,0.7222222222222222,0.16666666666666666,0.0,0.2777777777777778,18005.55126925547,42015.03039855103,360,0,165.95556663350902,32.71316239970953,159.24999999999997,12.33333333333333,0,0,0,0,0,99,72,9.0,9,0,0.0,0.34365248192826847,0.6134773653796626,0,0,52,173d0cfc0dc89d78
100,compound_failure,omni_k8s_throughput,1.0000000000000002,0.4444444444444444,0.4444444444444444,0.375,0.3888888888888889,0.3333333333333333,0.5277777777777778,6323.755204937427,26147.244423760854,100.0,1,214.1715306524215,70.8,194.24999999999994,62.99999999999999,0,2,0,0,0,110,72,22.0,20,2,2.0,1.1293939319296507,1.1909134348978716,9,0,15,f0c1091e53de6ff0
100,compound_failure,omni_k8s_observe,1.0000000000000002,0.7083333333333334,0.7083333333333334,0.6388888888888888,0.6805555555555556,0.6388888888888888,0.2777777777777778,9848.215633494074,29019.156534533544,360,0,230.3823928597303,61.38977427115065,199.50000000000014,26.833333333333332,39,1,8,15,8,214,0,19.0,19,0,-0.5,1.8859573335615172,0.9251806039711388,44,34,0,2515e4dfa46f3ec0
100,compound_failure,omni_k8s_kill,1.0000000000000004,0.6666666666666666,0.6666666666666666,0.5833333333333334,0.5972222222222222,0.5555555555555556,0.2777777777777778,8515.325911628903,26871.17006350728,360,0,216.52254344517723,61.929116337804714,205.9166666666668,40.0,35,1,8,14,7,206,22,19.0,19,0,-0.5,2.7730465278931757,0.9591080831110539,36,29,2,6feeed2a5040168d
100,compound_failure,omni_k8s_throughput_no_dynamics,1.0000000000000002,0.4722222222222222,0.4722222222222222,0.375,0.4305555555555556,0.3611111111111111,0.5,6323.755204937427,26147.244423760854,110.0,1,217.81484235539776,70.8,195.7500000000001,64.50000000000001,0,0,0,0,0,107,72,20.0,20,0,0.0,1.1293939319296507,1.179859405772122,9,0,15,d540b7a2c1ebd1f9
100,compound_failure,omni_k8s_throughput_no_gate,1.0000000000000002,0.4583333333333333,0.4583333333333333,0.3888888888888889,0.4027777777777778,0.3333333333333333,0.5138888888888888,7251.34254467211,29157.487094354023,105.0,1,213.61079562656002,70.8,190.41666666666663,59.499999999999986,0,4,0,0,0,115,72,26.0,22,4,4.0,1.1293939319296507,1.1907248824782397,10,0,17,3fa631cff592f5ee
100,compound_failure,omni_observe,1.0000000000000002,0.6944444444444444,0.9861111111111112,0.6111111111111112,0.4722222222222222,0.4305555555555556,0.013888888888888888,8967.221850840195,29049.163947696838,360,0,211.07495231106188,63.18344754764695,175.49999999999997,33.91666666666666,108,2,8,0,0,341,0,66.0,32,34,32.0,1.3851025234914025,1.1122413872832397,76,62,0,dce1228c99d3343e
100,compound_failure,omni_pipeline,0.9999999999999994,0.7083333333333334,0.7083333333333334,0.6944444444444444,0.5416666666666666,0.06944444444444445,0.2777777777777778,16866.846631884226,41446.206879219215,360,0,176.0750393144834,35.22345571002885,165.58333333333331,12.666666666666664,0,0,6,0,0,155,72,12.0,12,0,0.0,0.29400000000000004,0.7555416167842053,11,8,0,9d9942c008655f58
100,compound_failure,omni_direct,0.9682021816158054,0.7222222222222222,0.7222222222222222,0.7222222222222222,0.16666666666666666,0.0,0.2777777777777778,17979.68167267019,41979.9085151592,360,0,165.99178672086805,32.713161001376555,159.24999999999997,12.33333333333333,0,0,0,0,0,107,72,9.0,9,0,0.0,0.34365248192826847,0.6136509910939838,0,0,33,c52c3d04ff80da93
100,compound_failure,omni_direct_no_dynamics,0.9683930059892636,0.7222222222222222,0.7222222222222222,0.7222222222222222,0.16666666666666666,0.0,0.2777777777777778,17958.985995401956,41951.81100844573,360,0,166.02076279075519,32.71315988271018,159.24999999999997,12.33333333333333,0,0,0,0,0,115,72,9.0,9,0,0.0,0.34365248192826847,0.6137898916654417,0,0,33,859bb364f048fce5
100,compound_failure,omni_direct_no_shield,0.981928128907354,0.7222222222222222,0.7222222222222222,0.7222222222222222,0.16666666666666666,0.0,0.2777777777777778,17499.09394850793,41932.31306579119,360,0,168.3835938173726,33.72015654253567,162.0,12.916666666666664,0,0,0,0,0,107,72,10.0,10,0,0.0,0.34365248192826847,0.6156484016591051,1,0,0,f9531c0b32c4d23d
100,compound_failure,omni_kill,1.0,0.5277777777777778,0.6527777777777778,0.4305555555555556,0.4444444444444444,0.4166666666666667,0.3472222222222222,7324.227574241859,26798.562044338574,360,0,200.4033998655048,61.92347610457424,170.41666666666657,25.833333333333332,85,3,8,38,10,316,22,51.0,20,31,20.0,3.7363906080988483,1.23169238681959,59,52,0,aebfd1c5c85e201f
100,compound_failure,omni_switch_on,0.9406804882944587,0.7222222222222222,0.8194444444444444,0.7222222222222222,0.1527777777777778,0.09722222222222222,0.18055555555555555,20545.955997471927,45246.990608658445,360,0,169.04521984515497,34.49231475994143,134.08333333333346,0.41666666666666663,8,3,0,0,0,143,52,22.0,11,11,6.5,0.29400000000000004,0.810697466299992,2,2,31,a371264f26cb6ca6
