2026/10/02 11:53:50.889, 67.12, 1695, 150.00, 0, 59
2026/10/02 11:53:51.093, 67.77, 1695, 150.00, 0, 59
2026/10/02 11:53:51.293, 67.04, 1695, 150.00, 0, 59
2026/10/02 11:53:51.494, 67.04, 1695, 150.00, 0, 59
2026/10/02 11:53:51.694, 67.04, 1695, 150.00, 0, 59
2026/10/02 11:53:51.895, 67.04, 1695, 150.00, 0, 59
2026/10/02 11:53:52.096, 35.70, 345, 150.00, 0, 58
2026/10/02 11:53:52.296, 38.26, 1695, 150.00, 0, 59
2026/10/02 11:53:52.497, 41.65, 1695, 150.00, 5, 59
2026/10/02 11:53:52.698, 54.96, 1170, 150.00, 0, 59
2026/10/02 11:53:52.898, 55.63, 1680, 150.00, 40, 60
2026/10/02 11:53:53.099, 56.82, 1680, 150.00, 0, 59
2026/10/02 11:53:53.299, 90.50, 1230, 150.00, 0, 59
2026/10/02 11:53:53.500, 88.17, 1680, 150.00, 41, 60
2026/10/02 11:53:53.700, 96.93, 1545, 150.00, 13, 61
2026/10/02 11:53:53.901, 85.44, 1680, 150.00, 0, 60
2026/10/02 11:53:54.101, 105.53, 930, 150.00, 44, 61
2026/10/02 11:53:54.302, 105.20, 1680, 150.00, 0, 60
2026/10/02 11:53:54.503, 94.65, 1695, 150.00, 0, 60
2026/10/02 11:53:54.703, 85.04, 1695, 150.00, 0, 59
2026/10/02 11:53:54.904, 90.75, 1665, 150.00, 58, 60
2026/10/02 11:53:55.104, 78.51, 1680, 150.00, 0, 60
2026/10/02 11:53:55.305, 76.08, 1665, 150.00, 56, 60
2026/10/02 11:53:55.505, 76.07, 1680, 150.00, 0, 60
2026/10/02 11:53:55.706, 76.06, 1695, 150.00, 0, 59
2026/10/02 11:53:55.906, 71.15, 1695, 150.00, 0, 59
2026/10/02 11:53:56.107, 70.47, 1470, 150.00, 3, 60
2026/10/02 11:53:56.307, 65.06, 1680, 150.00, 0, 60
2026/10/02 11:53:56.508, 65.37, 1695, 150.00, 0, 59
2026/10/02 11:53:56.709, 73.84, 750, 150.00, 0, 61
2026/10/02 11:53:56.909, 74.35, 1680, 150.00, 77, 60
2026/10/02 11:53:57.110, 74.29, 1485, 150.00, 0, 60
2026/10/02 11:53:57.310, 82.38, 810, 150.00, 0, 61
2026/10/02 11:53:57.511, 89.77, 1275, 150.00, 100, 61
2026/10/02 11:53:57.711, 97.96, 1185, 150.00, 56, 62
2026/10/02 11:53:57.912, 102.68, 675, 150.00, 0, 62
2026/10/02 11:53:58.112, 102.14, 1680, 150.00, 22, 60
2026/10/02 11:53:58.313, 111.65, 690, 150.00, 0, 60
2026/10/02 11:53:58.513, 95.50, 1680, 150.00, 46, 60
2026/10/02 11:53:58.714, 96.75, 1680, 150.00, 0, 60
2026/10/02 11:53:58.914, 96.93, 1665, 150.00, 58, 60
2026/10/02 11:53:59.115, 83.39, 1695, 150.00, 0, 60
2026/10/02 11:53:59.316, 74.14, 1695, 150.00, 0, 59
2026/10/02 11:53:59.516, 90.45, 795, 150.00, 100, 62
2026/10/02 11:53:59.717, 106.10, 810, 150.00, 100, 62
2026/10/02 11:53:59.917, 109.38, 690, 150.00, 20, 62
2026/10/02 11:54:00.118, 134.09, 675, 150.00, 55, 63
2026/10/02 11:54:00.319, 133.20, 1680, 150.00, 0, 61
2026/10/02 11:54:00.519, 130.43, 1680, 150.00, 0, 61
2026/10/02 11:54:00.720, 114.57, 1680, 150.00, 0, 60
2026/10/02 11:54:00.920, 114.64, 1260, 150.00, 58, 61
2026/10/02 11:54:01.121, 89.90, 1680, 150.00, 0, 60
2026/10/02 11:54:01.321, 78.19, 1695, 150.00, 0, 60
2026/10/02 11:54:01.522, 73.56, 1695, 150.00, 0, 60
2026/10/02 11:54:01.723, 85.24, 1425, 150.00, 80, 61
2026/10/02 11:54:01.923, 84.97, 1680, 150.00, 0, 60
2026/10/02 11:54:02.124, 87.98, 1125, 150.00, 54, 61
2026/10/02 11:54:02.325, 90.63, 1680, 150.00, 0, 60
2026/10/02 11:54:02.525, 90.62, 1680, 150.00, 0, 60
2026/10/02 11:54:02.726, 85.00, 1350, 150.00, 59, 61
2026/10/02 11:54:02.926, 96.41, 1635, 150.00, 30, 61
2026/10/02 11:54:03.127, 96.44, 1680, 150.00, 0, 60
2026/10/02 11:54:03.327, 104.65, 1245, 150.00, 100, 62
2026/10/02 11:54:03.528, 104.53, 1680, 150.00, 0, 60
2026/10/02 11:54:03.729, 118.53, 1650, 150.00, 25, 60
2026/10/02 11:54:03.929, 100.60, 1680, 150.00, 0, 60
2026/10/02 11:54:04.130, 102.41, 1440, 150.00, 59, 61
2026/10/02 11:54:04.330, 88.64, 1365, 150.00, 0, 61
2026/10/02 11:54:04.531, 81.41, 1455, 150.00, 59, 61
2026/10/02 11:54:04.731, 65.77, 1545, 150.00, 59, 61
2026/10/02 11:54:04.932, 66.41, 1050, 150.00, 4, 61
2026/10/02 11:54:05.132, 65.38, 1680, 150.00, 0, 60
2026/10/02 11:54:05.333, 69.60, 870, 150.00, 8, 61
2026/10/02 11:54:05.533, 78.16, 1650, 150.00, 33, 61
2026/10/02 11:54:05.734, 77.59, 1680, 150.00, 0, 60
2026/10/02 11:54:05.934, 100.06, 795, 150.00, 87, 62
2026/10/02 11:54:06.135, 102.65, 1530, 150.00, 65, 61
2026/10/02 11:54:06.335, 102.65, 1680, 150.00, 0, 60
2026/10/02 11:54:06.536, 97.87, 1665, 150.00, 0, 61
2026/10/02 11:54:06.736, 111.81, 645, 150.00, 20, 62
2026/10/02 11:54:06.937, 104.44, 795, 150.00, 77, 62
2026/10/02 11:54:07.137, 93.68, 1680, 150.00, 0, 61
2026/10/02 11:54:07.338, 115.63, 795, 150.00, 100, 62
2026/10/02 11:54:07.538, 107.92, 1680, 150.00, 0, 61
2026/10/02 11:54:07.739, 119.96, 1425, 150.00, 85, 62
2026/10/02 11:54:07.940, 107.66, 1680, 150.00, 0, 60
2026/10/02 11:54:08.140, 111.38, 765, 150.00, 14, 61
2026/10/02 11:54:08.341, 96.71, 1680, 150.00, 0, 60
2026/10/02 11:54:08.541, 99.94, 1650, 150.00, 21, 61
2026/10/02 11:54:08.742, 101.58, 1665, 150.00, 8, 61
2026/10/02 11:54:08.942, 123.48, 720, 150.00, 40, 62
2026/10/02 11:54:09.143, 122.40, 1680, 150.00, 0, 61
2026/10/02 11:54:09.343, 113.25, 1680, 150.00, 0, 60
2026/10/02 11:54:09.544, 100.00, 1695, 150.00, 0, 60
2026/10/02 11:54:09.744, 89.66, 1695, 150.00, 0, 60
2026/10/02 11:54:09.945, 90.99, 795, 150.00, 100, 62
2026/10/02 11:54:10.146, 81.02, 1680, 150.00, 0, 61
2026/10/02 11:54:10.346, 81.06, 1680, 150.00, 0, 60
2026/10/02 11:54:10.547, 87.78, 795, 150.00, 75, 62
2026/10/02 11:54:10.747, 87.23, 1680, 150.00, 0, 60
2026/10/02 11:54:10.948, 94.98, 645, 150.00, 27, 62
2026/10/02 11:54:11.148, 87.00, 1680, 150.00, 0, 60
2026/10/02 11:54:11.349, 94.97, 765, 150.00, 65, 62
2026/10/02 11:54:11.549, 95.16, 1680, 150.00, 0, 61
2026/10/02 11:54:11.750, 101.04, 975, 150.00, 48, 62
2026/10/02 11:54:11.950, 100.60, 1680, 150.00, 0, 60
2026/10/02 11:54:12.151, 90.13, 1680, 150.00, 0, 60
2026/10/02 11:54:12.351, 102.17, 1665, 150.00, 14, 61
2026/10/02 11:54:12.552, 93.73, 1680, 150.00, 0, 60
2026/10/02 11:54:12.752, 97.72, 1590, 150.00, 49, 61
2026/10/02 11:54:12.953, 85.86, 1680, 150.00, 0, 60
2026/10/02 11:54:13.153, 82.26, 1695, 150.00, 0, 60
2026/10/02 11:54:13.354, 69.52, 1515, 150.00, 56, 61
2026/10/02 11:54:13.554, 69.98, 1680, 150.00, 0, 60
2026/10/02 11:54:13.755, 65.15, 1695, 150.00, 0, 60
2026/10/02 11:54:13.955, 66.29, 1695, 150.00, 0, 60
2026/10/02 11:54:14.156, 65.39, 1560, 150.00, 58, 60
2026/10/02 11:54:14.356, 65.11, 1680, 150.00, 0, 60
2026/10/02 11:54:14.557, 65.66, 1695, 150.00, 0, 60
2026/10/02 11:54:14.757, 65.29, 1680, 150.00, 0, 60
2026/10/02 11:54:14.958, 76.93, 705, 150.00, 17, 61
2026/10/02 11:54:15.158, 83.80, 1650, 150.00, 24, 60
2026/10/02 11:54:15.359, 84.82, 1680, 150.00, 0, 60
2026/10/02 11:54:15.559, 84.91, 1695, 150.00, 0, 60
2026/10/02 11:54:15.760, 85.21, 1695, 150.00, 0, 60
2026/10/02 11:54:15.960, 94.71, 1665, 150.00, 1, 60
2026/10/02 11:54:16.161, 96.78, 870, 150.00, 100, 62
2026/10/02 11:54:16.361, 96.86, 1500, 150.00, 58, 61
2026/10/02 11:54:16.562, 96.74, 1680, 150.00, 0, 60
2026/10/02 11:54:16.762, 96.72, 1695, 150.00, 0, 60
2026/10/02 11:54:16.963, 102.76, 780, 150.00, 91, 62
2026/10/02 11:54:17.163, 88.48, 1680, 150.00, 0, 61
2026/10/02 11:54:17.364, 92.42, 1110, 150.00, 40, 61
2026/10/02 11:54:17.565, 91.69, 1680, 150.00, 0, 60
2026/10/02 11:54:17.765, 115.24, 1035, 150.00, 82, 62
2026/10/02 11:54:17.966, 107.59, 1680, 150.00, 0, 60
2026/10/02 11:54:18.166, 99.91, 1695, 150.00, 0, 60
2026/10/02 11:54:18.367, 100.66, 855, 150.00, 45, 62
2026/10/02 11:54:18.567, 101.85, 1680, 150.00, 0, 60
2026/10/02 11:54:18.767, 87.18, 1050, 150.00, 2, 61
2026/10/02 11:54:18.968, 94.70, 795, 150.00, 100, 62
2026/10/02 11:54:19.169, 106.07, 1635, 150.00, 38, 61
2026/10/02 11:54:19.369, 106.02, 1680, 150.00, 0, 60
2026/10/02 11:54:19.570, 106.37, 930, 150.00, 47, 62
2026/10/02 11:54:19.770, 127.61, 690, 150.00, 36, 62
2026/10/02 11:54:19.971, 119.02, 1680, 150.00, 0, 61
2026/10/02 11:54:20.171, 98.84, 1695, 150.00, 0, 60
2026/10/02 11:54:20.372, 99.85, 1695, 150.00, 0, 60
2026/10/02 11:54:20.572, 106.70, 825, 150.00, 89, 62
2026/10/02 11:54:20.773, 85.29, 1350, 150.00, 0, 60
2026/10/02 11:54:20.973, 82.85, 645, 150.00, 15, 62
2026/10/02 11:54:21.174, 86.64, 1305, 150.00, 58, 61
2026/10/02 11:54:21.375, 86.26, 1680, 150.00, 0, 60
2026/10/02 11:54:21.575, 100.95, 690, 150.00, 32, 62
2026/10/02 11:54:21.776, 105.43, 1650, 150.00, 26, 61
2026/10/02 11:54:21.976, 106.07, 1680, 150.00, 0, 60
2026/10/02 11:54:22.177, 96.41, 1065, 150.00, 2, 61
2026/10/02 11:54:22.377, 90.74, 1680, 150.00, 0, 60
2026/10/02 11:54:22.578, 90.68, 1680, 150.00, 0, 60
2026/10/02 11:54:22.778, 64.99, 1695, 150.00, 0, 60
2026/10/02 11:54:22.979, 65.78, 1695, 150.00, 0, 60
2026/10/02 11:54:23.179, 80.91, 645, 150.00, 30, 61
2026/10/02 11:54:23.380, 99.75, 960, 150.00, 60, 62
2026/10/02 11:54:23.580, 99.36, 1680, 150.00, 0, 60
2026/10/02 11:54:23.781, 112.50, 1650, 150.00, 21, 60
2026/10/02 11:54:23.982, 121.00, 1185, 150.00, 58, 61
2026/10/02 11:54:24.182, 134.54, 1125, 150.00, 30, 61
2026/10/02 11:54:24.383, 121.48, 1005, 150.00, 52, 62
2026/10/02 11:54:24.583, 133.65, 795, 150.00, 100, 62
2026/10/02 11:54:24.784, 135.38, 795, 150.00, 100, 63
2026/10/02 11:54:24.984, 144.98, 720, 150.00, 14, 62
2026/10/02 11:54:25.185, 120.93, 1680, 150.00, 0, 61
2026/10/02 11:54:25.385, 131.19, 810, 150.00, 88, 63
2026/10/02 11:54:25.586, 105.36, 1500, 150.00, 56, 62
2026/10/02 11:54:25.787, 89.89, 1680, 150.00, 0, 61
2026/10/02 11:54:25.987, 83.00, 1695, 150.00, 0, 60
2026/10/02 11:54:26.188, 99.71, 720, 150.00, 64, 62
2026/10/02 11:54:26.388, 97.79, 1680, 150.00, 0, 61
2026/10/02 11:54:26.589, 91.50, 1680, 150.00, 0, 60
2026/10/02 11:54:26.789, 91.82, 1125, 150.00, 0, 61
2026/10/02 11:54:26.990, 104.38, 720, 150.00, 36, 62
2026/10/02 11:54:27.190, 90.19, 1440, 150.00, 58, 62
2026/10/02 11:54:27.391, 87.59, 1680, 150.00, 0, 61
2026/10/02 11:54:27.592, 87.65, 1680, 150.00, 0, 60
2026/10/02 11:54:27.792, 87.61, 1695, 150.00, 0, 60
2026/10/02 11:54:27.992, 88.61, 1695, 150.00, 0, 60
2026/10/02 11:54:28.193, 75.75, 1695, 150.00, 0, 60
2026/10/02 11:54:28.393, 78.55, 750, 150.00, 57, 62
2026/10/02 11:54:28.594, 86.13, 1575, 150.00, 61, 61
2026/10/02 11:54:28.794, 85.69, 1515, 150.00, 56, 61
2026/10/02 11:54:28.995, 95.00, 690, 150.00, 13, 61
2026/10/02 11:54:29.195, 93.87, 1680, 150.00, 0, 61
2026/10/02 11:54:29.396, 93.02, 1680, 150.00, 0, 61
2026/10/02 11:54:29.597, 81.04, 1680, 150.00, 0, 61
2026/10/02 11:54:29.797, 90.44, 1665, 150.00, 1, 61
2026/10/02 11:54:29.998, 90.51, 1575, 150.00, 53, 61
2026/10/02 11:54:30.198, 82.06, 1680, 150.00, 0, 61
2026/10/02 11:54:30.399, 86.08, 1215, 150.00, 56, 61
2026/10/02 11:54:30.599, 79.96, 1680, 150.00, 0, 61
2026/10/02 11:54:30.800, 85.98, 645, 150.00, 35, 62
2026/10/02 11:54:31.001, 85.02, 1680, 150.00, 0, 61
2026/10/02 11:54:31.201, 98.67, 630, 150.00, 19, 62
2026/10/02 11:54:31.402, 90.69, 1680, 150.00, 0, 60
2026/10/02 11:54:31.602, 95.35, 1590, 150.00, 51, 61
2026/10/02 11:54:31.803, 99.34, 1350, 150.00, 58, 61
2026/10/02 11:54:32.003, 85.11, 1680, 150.00, 0, 60
2026/10/02 11:54:32.204, 85.12, 1695, 150.00, 0, 60
2026/10/02 11:54:32.404, 73.53, 1695, 150.00, 0, 60
2026/10/02 11:54:32.605, 69.49, 1695, 150.00, 0, 60
2026/10/02 11:54:32.806, 79.98, 1665, 150.00, 6, 60
2026/10/02 11:54:33.006, 76.22, 1680, 150.00, 0, 60
2026/10/02 11:54:33.207, 76.26, 1695, 150.00, 0, 60
2026/10/02 11:54:33.407, 76.25, 1695, 150.00, 0, 60
2026/10/02 11:54:33.608, 92.81, 705, 150.00, 17, 62
2026/10/02 11:54:33.808, 81.85, 1680, 150.00, 0, 60
2026/10/02 11:54:34.009, 96.55, 1635, 150.00, 30, 60
2026/10/02 11:54:34.209, 96.52, 1680, 150.00, 0, 60
2026/10/02 11:54:34.410, 97.57, 1440, 150.00, 58, 61
2026/10/02 11:54:34.610, 104.56, 765, 150.00, 41, 62
2026/10/02 11:54:34.811, 111.32, 795, 150.00, 100, 62
2026/10/02 11:54:35.011, 95.64, 1680, 150.00, 0, 60
2026/10/02 11:54:35.212, 97.98, 1440, 150.00, 58, 61
2026/10/02 11:54:35.412, 97.71, 1680, 150.00, 0, 60
2026/10/02 11:54:35.613, 96.91, 1695, 150.00, 0, 60
2026/10/02 11:54:35.814, 74.63, 1695, 150.00, 0, 60
2026/10/02 11:54:36.014, 80.57, 1650, 150.00, 21, 60
2026/10/02 11:54:36.215, 89.03, 1185, 150.00, 59, 61
2026/10/02 11:54:36.415, 100.93, 675, 150.00, 37, 62
2026/10/02 11:54:36.616, 100.22, 1680, 150.00, 0, 60
2026/10/02 11:54:36.816, 102.45, 1395, 150.00, 59, 61
2026/10/02 11:54:37.017, 88.93, 1680, 150.00, 0, 60
2026/10/02 11:54:37.217, 89.58, 1695, 150.00, 0, 60
2026/10/02 11:54:37.418, 90.32, 1200, 150.00, 58, 61
2026/10/02 11:54:37.619, 77.10, 1680, 150.00, 0, 60
2026/10/02 11:54:37.819, 77.10, 1695, 150.00, 0, 60
2026/10/02 11:54:38.020, 75.06, 1695, 150.00, 0, 60
2026/10/02 11:54:38.220, 89.98, 975, 150.00, 28, 61
2026/10/02 11:54:38.421, 100.92, 720, 150.00, 85, 62
2026/10/02 11:54:38.622, 119.72, 1020, 150.00, 77, 62
2026/10/02 11:54:38.823, 119.29, 1680, 150.00, 12, 60
2026/10/02 11:54:39.023, 119.35, 1695, 150.00, 0, 60
2026/10/02 11:54:39.224, 104.46, 1095, 150.00, 0, 60
2026/10/02 11:54:39.424, 93.66, 1680, 150.00, 57, 60
2026/10/02 11:54:39.625, 74.68, 1680, 150.00, 0, 60
2026/10/02 11:54:39.825, 67.21, 1110, 150.00, 0, 60
2026/10/02 11:54:40.026, 67.98, 1680, 150.00, 59, 60
2026/10/02 11:54:40.226, 67.10, 1560, 150.00, 0, 60
2026/10/02 11:54:40.427, 80.29, 1650, 150.00, 27, 60
2026/10/02 11:54:40.628, 80.37, 1680, 150.00, 0, 60
2026/10/02 11:54:40.828, 92.61, 1650, 150.00, 40, 60
2026/10/02 11:54:41.029, 104.89, 900, 150.00, 37, 61
2026/10/02 11:54:41.229, 104.85, 1680, 150.00, 58, 60
2026/10/02 11:54:41.430, 91.06, 1680, 150.00, 0, 60
2026/10/02 11:54:41.630, 104.93, 1170, 150.00, 0, 61
2026/10/02 11:54:41.831, 91.24, 1680, 150.00, 21, 60
2026/10/02 11:54:42.031, 80.96, 630, 150.00, 0, 61
2026/10/02 11:54:42.232, 80.56, 1680, 150.00, 52, 60
2026/10/02 11:54:42.433, 80.69, 1050, 150.00, 0, 60
2026/10/02 11:54:42.633, 81.08, 1680, 150.00, 58, 60
2026/10/02 11:54:42.834, 77.21, 1665, 150.00, 58, 60
2026/10/02 11:54:43.034, 98.94, 1305, 150.00, 23, 62
2026/10/02 11:54:43.235, 105.21, 1455, 150.00, 16, 61
2026/10/02 11:54:43.435, 116.66, 675, 150.00, 0, 62
2026/10/02 11:54:43.636, 114.97, 1680, 150.00, 40, 60
2026/10/02 11:54:43.837, 129.93, 945, 150.00, 27, 62
2026/10/02 11:54:44.037, 124.82, 1665, 150.00, 69, 61
2026/10/02 11:54:44.238, 128.73, 1365, 150.00, 0, 62
2026/10/02 11:54:44.439, 119.85, 1680, 150.00, 5, 60
2026/10/02 11:54:44.639, 109.19, 1695, 150.00, 0, 60
2026/10/02 11:54:44.840, 94.21, 1695, 150.00, 0, 60
2026/10/02 11:54:45.040, 84.23, 1605, 150.00, 12, 60
2026/10/02 11:54:45.241, 84.57, 1680, 150.00, 0, 60
2026/10/02 11:54:45.441, 76.78, 1275, 150.00, 7, 60
2026/10/02 11:54:45.642, 79.26, 1680, 150.00, 57, 60
2026/10/02 11:54:45.842, 79.20, 1680, 150.00, 0, 60
2026/10/02 11:54:46.043, 82.99, 1635, 150.00, 22, 60
2026/10/02 11:54:46.243, 96.51, 1665, 150.00, 41, 60
2026/10/02 11:54:46.444, 92.66, 1680, 150.00, 0, 60
2026/10/02 11:54:46.645, 96.09, 1605, 150.00, 9, 60
2026/10/02 11:54:46.845, 111.86, 750, 150.00, 8, 62
2026/10/02 11:54:47.046, 105.70, 1665, 150.00, 100, 60
2026/10/02 11:54:47.246, 104.05, 690, 150.00, 0, 61
2026/10/02 11:54:47.447, 103.68, 1680, 150.00, 42, 60
2026/10/02 11:54:47.647, 97.47, 600, 150.00, 0, 61
2026/10/02 11:54:47.848, 92.90, 1680, 150.00, 56, 60
2026/10/02 11:54:48.048, 85.25, 1335, 150.00, 0, 61
2026/10/02 11:54:48.249, 98.34, 765, 150.00, 8, 61
2026/10/02 11:54:48.449, 96.27, 1680, 150.00, 100, 60
2026/10/02 11:54:48.650, 96.31, 1680, 150.00, 0, 60
2026/10/02 11:54:48.850, 99.16, 630, 150.00, 0, 61
2026/10/02 11:54:49.051, 106.82, 1440, 150.00, 52, 61
2026/10/02 11:54:49.252, 106.37, 1665, 150.00, 52, 60
2026/10/02 11:54:49.452, 85.62, 1680, 150.00, 0, 60
2026/10/02 11:54:49.653, 85.97, 1695, 150.00, 0, 60
2026/10/02 11:54:49.853, 86.05, 1695, 150.00, 0, 59
2026/10/02 11:54:50.054, 85.29, 1695, 150.00, 0, 59
2026/10/02 11:54:50.254, 75.64, 705, 150.00, 0, 59
2026/10/02 11:54:50.455, 80.10, 1635, 150.00, 100, 60
2026/10/02 11:54:50.655, 85.35, 1605, 150.00, 9, 60
2026/10/02 11:54:50.856, 85.21, 1680, 150.00, 0, 60
2026/10/02 11:54:51.056, 85.15, 1695, 150.00, 0, 59
2026/10/02 11:54:51.257, 99.98, 1080, 150.00, 0, 61
2026/10/02 11:54:51.457, 97.77, 1185, 150.00, 25, 61
2026/10/02 11:54:51.658, 108.87, 795, 150.00, 77, 62
2026/10/02 11:54:51.858, 109.23, 1680, 150.00, 63, 60
2026/10/02 11:54:52.059, 108.26, 1575, 150.00, 2, 60
2026/10/02 11:54:52.259, 114.87, 825, 150.00, 0, 61
2026/10/02 11:54:52.460, 99.82, 1680, 150.00, 55, 60
2026/10/02 11:54:52.660, 78.48, 1680, 150.00, 0, 60
2026/10/02 11:54:52.861, 71.17, 1695, 150.00, 0, 59
2026/10/02 11:54:53.062, 73.12, 1545, 150.00, 0, 60
2026/10/02 11:54:53.262, 73.89, 1680, 150.00, 0, 59
2026/10/02 11:54:53.463, 68.11, 1695, 150.00, 0, 59
2026/10/02 11:54:53.663, 80.06, 1650, 150.00, 41, 60
2026/10/02 11:54:53.864, 79.99, 1680, 150.00, 0, 59
2026/10/02 11:54:54.064, 79.92, 1695, 150.00, 0, 59
2026/10/02 11:54:54.265, 86.08, 660, 150.00, 0, 60
2026/10/02 11:54:54.465, 95.46, 660, 150.00, 47, 61
2026/10/02 11:54:54.666, 86.77, 1650, 150.00, 54, 60
2026/10/02 11:54:54.866, 103.58, 795, 150.00, 66, 62
2026/10/02 11:54:55.067, 102.64, 1680, 150.00, 53, 60
2026/10/02 11:54:55.268, 113.16, 1665, 150.00, 50, 60
2026/10/02 11:54:55.468, 106.32, 1680, 150.00, 0, 59
2026/10/02 11:54:55.669, 97.11, 675, 150.00, 0, 60
2026/10/02 11:54:55.869, 88.97, 1680, 150.00, 48, 60
2026/10/02 11:54:56.069, 81.90, 1680, 150.00, 0, 59
2026/10/02 11:54:56.270, 70.94, 1695, 150.00, 0, 59
2026/10/02 11:54:56.470, 85.72, 795, 150.00, 10, 61
2026/10/02 11:54:56.671, 93.21, 1155, 150.00, 100, 60
2026/10/02 11:54:56.872, 94.35, 1560, 150.00, 78, 61
2026/10/02 11:54:57.072, 102.59, 1425, 150.00, 0, 61
2026/10/02 11:54:57.273, 114.22, 1650, 150.00, 40, 60
2026/10/02 11:54:57.473, 120.39, 675, 150.00, 0, 61
2026/10/02 11:54:57.674, 116.84, 1650, 150.00, 67, 60
2026/10/02 11:54:57.874, 110.25, 1680, 150.00, 0, 60
2026/10/02 11:54:58.075, 119.55, 1665, 150.00, 58, 60
2026/10/02 11:54:58.275, 98.96, 1680, 150.00, 0, 59
2026/10/02 11:54:58.476, 108.17, 810, 150.00, 0, 61
2026/10/02 11:54:58.677, 83.27, 1125, 150.00, 78, 60
2026/10/02 11:54:58.877, 84.82, 930, 150.00, 58, 60
2026/10/02 11:54:59.078, 75.72, 645, 150.00, 57, 60
2026/10/02 11:54:59.278, 75.06, 1680, 150.00, 56, 60
2026/10/02 11:54:59.479, 75.04, 1680, 150.00, 0, 59
2026/10/02 11:54:59.679, 79.44, 1635, 150.00, 24, 60
2026/10/02 11:54:59.880, 78.55, 1680, 150.00, 0, 59
2026/10/02 11:55:00.081, 88.64, 1665, 150.00, 55, 60
2026/10/02 11:55:00.281, 89.76, 1680, 150.00, 0, 59
2026/10/02 11:55:00.482, 94.39, 1680, 150.00, 57, 60
2026/10/02 11:55:00.682, 90.98, 930, 150.00, 0, 61
2026/10/02 11:55:00.883, 95.74, 1680, 150.00, 76, 60
2026/10/02 11:55:01.083, 84.71, 1560, 150.00, 0, 60
2026/10/02 11:55:01.284, 93.93, 1665, 150.00, 55, 60
2026/10/02 11:55:01.484, 100.57, 1665, 150.00, 48, 60
2026/10/02 11:55:01.685, 100.86, 1680, 150.00, 0, 59
2026/10/02 11:55:01.886, 85.51, 1695, 150.00, 0, 59
2026/10/02 11:55:02.086, 85.85, 1695, 150.00, 0, 59
2026/10/02 11:55:02.287, 77.47, 1695, 150.00, 0, 59
2026/10/02 11:55:02.487, 77.95, 1695, 150.00, 0, 59
2026/10/02 11:55:02.688, 77.95, 1695, 150.00, 0, 59
2026/10/02 11:55:02.888, 77.95, 1695, 150.00, 0, 59
2026/10/02 11:55:03.089, 129.07, 810, 150.00, 100, 61
2026/10/02 11:55:03.290, 140.13, 825, 150.00, 36, 61
2026/10/02 11:55:03.490, 144.96, 1680, 150.00, 87, 60
2026/10/02 11:55:03.691, 132.84, 1680, 150.00, 0, 59
2026/10/02 11:55:03.891, 123.99, 1695, 150.00, 0, 59
2026/10/02 11:55:04.092, 110.17, 795, 150.00, 39, 61
2026/10/02 11:55:04.293, 104.57, 1680, 150.00, 77, 60
2026/10/02 11:55:04.493, 87.47, 1680, 150.00, 0, 59
2026/10/02 11:55:04.693, 87.79, 1695, 150.00, 0, 59
2026/10/02 11:55:04.894, 98.03, 1425, 150.00, 58, 60
2026/10/02 11:55:05.094, 84.65, 1680, 150.00, 0, 59
2026/10/02 11:55:05.295, 87.18, 735, 150.00, 7, 61
2026/10/02 11:55:05.495, 86.02, 1605, 150.00, 45, 60
2026/10/02 11:55:05.696, 88.22, 1545, 150.00, 0, 61
2026/10/02 11:55:05.897, 79.74, 1680, 150.00, 0, 59
2026/10/02 11:55:06.097, 77.95, 1695, 150.00, 0, 59
2026/10/02 11:55:06.298, 84.44, 1365, 150.00, 0, 61
2026/10/02 11:55:06.498, 78.35, 1680, 150.00, 4, 59
2026/10/02 11:55:06.699, 105.47, 1110, 150.00, 27, 61
2026/10/02 11:55:06.899, 102.56, 1680, 150.00, 25, 59
2026/10/02 11:55:07.100, 102.53, 1695, 150.00, 0, 59
2026/10/02 11:55:07.300, 102.55, 1695, 150.00, 0, 59
2026/10/02 11:55:07.501, 104.71, 1665, 150.00, 40, 59
2026/10/02 11:55:07.701, 94.34, 1500, 150.00, 0, 60
2026/10/02 11:55:07.902, 96.78, 1635, 150.00, 32, 60
2026/10/02 11:55:08.102, 101.08, 1680, 150.00, 57, 60
2026/10/02 11:55:08.303, 101.14, 1590, 150.00, 0, 60
2026/10/02 11:55:08.503, 95.96, 1665, 150.00, 59, 60
2026/10/02 11:55:08.704, 96.63, 1680, 150.00, 0, 59
2026/10/02 11:55:08.905, 77.83, 1695, 150.00, 0, 59
2026/10/02 11:55:09.105, 74.11, 1695, 150.00, 0, 59
2026/10/02 11:55:09.306, 74.41, 615, 150.00, 0, 59
2026/10/02 11:55:09.506, 64.75, 1680, 150.00, 56, 59
2026/10/02 11:55:09.707, 65.03, 1680, 150.00, 0, 59
2026/10/02 11:55:09.907, 79.14, 1650, 150.00, 33, 59
2026/10/02 11:55:10.108, 92.11, 1635, 150.00, 22, 59
2026/10/02 11:55:10.309, 103.52, 1665, 150.00, 47, 59
2026/10/02 11:55:10.509, 104.49, 1680, 150.00, 0, 59
2026/10/02 11:55:10.710, 104.63, 1695, 150.00, 0, 59
2026/10/02 11:55:10.910, 89.84, 1695, 150.00, 0, 59
2026/10/02 11:55:11.111, 88.03, 1350, 150.00, 0, 60
2026/10/02 11:55:11.311, 76.37, 1680, 150.00, 5, 59
2026/10/02 11:55:11.512, 78.52, 1560, 150.00, 0, 59
2026/10/02 11:55:11.712, 78.25, 1365, 150.00, 0, 59
2026/10/02 11:55:11.913, 80.48, 855, 150.00, 56, 59
2026/10/02 11:55:12.113, 94.42, 1005, 150.00, 57, 61
2026/10/02 11:55:12.314, 82.71, 630, 150.00, 26, 60
2026/10/02 11:55:12.514, 92.72, 1350, 150.00, 54, 61
2026/10/02 11:55:12.715, 104.38, 675, 150.00, 18, 61
2026/10/02 11:55:12.915, 100.78, 1680, 150.00, 48, 60
2026/10/02 11:55:13.116, 114.85, 1170, 150.00, 37, 60
2026/10/02 11:55:13.317, 105.56, 750, 150.00, 58, 61
2026/10/02 11:55:13.517, 113.19, 1605, 150.00, 93, 60
2026/10/02 11:55:13.718, 93.65, 1680, 150.00, 0, 60
2026/10/02 11:55:13.918, 89.46, 1560, 150.00, 0, 60
2026/10/02 11:55:14.119, 87.28, 660, 150.00, 0, 61
2026/10/02 11:55:14.319, 98.03, 1290, 150.00, 39, 61
2026/10/02 11:55:14.520, 86.97, 1680, 150.00, 13, 59
2026/10/02 11:55:14.720, 96.64, 810, 150.00, 0, 61
2026/10/02 11:55:14.921, 100.46, 1545, 150.00, 83, 60
2026/10/02 11:55:15.121, 101.18, 1680, 150.00, 0, 59
2026/10/02 11:55:15.322, 102.08, 1500, 150.00, 58, 61
2026/10/02 11:55:15.522, 95.93, 1605, 150.00, 10, 60
2026/10/02 11:55:15.723, 117.44, 795, 150.00, 23, 61
2026/10/02 11:55:15.924, 122.64, 780, 150.00, 100, 62
2026/10/02 11:55:16.124, 119.84, 1680, 150.00, 49, 60
2026/10/02 11:55:16.325, 121.00, 1470, 150.00, 0, 60
2026/10/02 11:55:16.525, 123.94, 990, 150.00, 0, 61
2026/10/02 11:55:16.726, 123.02, 765, 150.00, 27, 61
2026/10/02 11:55:16.926, 115.86, 1590, 150.00, 100, 61
2026/10/02 11:55:17.127, 133.06, 810, 150.00, 100, 62
2026/10/02 11:55:17.327, 132.36, 1665, 150.00, 8, 61
2026/10/02 11:55:17.528, 120.80, 1590, 150.00, 48, 61
2026/10/02 11:55:17.728, 130.85, 810, 150.00, 100, 62
2026/10/02 11:55:17.929, 123.98, 1680, 150.00, 0, 61
2026/10/02 11:55:18.129, 107.87, 1680, 150.00, 0, 60
2026/10/02 11:55:18.330, 103.09, 1575, 150.00, 81, 61
2026/10/02 11:55:18.531, 118.80, 705, 150.00, 21, 62
2026/10/02 11:55:18.731, 127.07, 735, 150.00, 52, 62
2026/10/02 11:55:18.932, 133.50, 810, 150.00, 100, 63
2026/10/02 11:55:19.132, 149.73, 810, 150.00, 100, 63
2026/10/02 11:55:19.333, 156.45, 525, 150.00, 100, 63
2026/10/02 11:55:19.534, 168.58, 480, 150.00, 79, 63
2026/10/02 11:55:19.734, 162.88, 795, 150.00, 100, 63
2026/10/02 11:55:19.935, 142.74, 1095, 150.00, 0, 61
2026/10/02 11:55:20.135, 134.28, 960, 150.00, 59, 62
2026/10/02 11:55:20.336, 133.62, 795, 150.00, 100, 63
2026/10/02 11:55:20.536, 132.62, 795, 150.00, 100, 63
2026/10/02 11:55:20.737, 129.96, 780, 150.00, 100, 63
2026/10/02 11:55:20.938, 133.74, 795, 150.00, 100, 63
2026/10/02 11:55:21.138, 147.25, 780, 150.00, 100, 63
2026/10/02 11:55:21.339, 149.36, 1455, 150.00, 92, 63
2026/10/02 11:55:21.540, 134.32, 945, 150.00, 61, 62
2026/10/02 11:55:21.740, 128.25, 720, 150.00, 79, 63
2026/10/02 11:55:21.941, 128.84, 795, 150.00, 100, 63
2026/10/02 11:55:22.141, 123.69, 1680, 150.00, 0, 62
2026/10/02 11:55:22.342, 108.37, 645, 150.00, 0, 62
2026/10/02 11:55:22.543, 112.62, 810, 150.00, 44, 63
2026/10/02 11:55:22.743, 119.12, 795, 150.00, 99, 63
2026/10/02 11:55:22.944, 117.46, 615, 150.00, 30, 62
2026/10/02 11:55:23.144, 113.07, 1515, 150.00, 51, 63
2026/10/02 11:55:23.345, 134.14, 1470, 150.00, 100, 63
2026/10/02 11:55:23.546, 148.14, 780, 150.00, 33, 63
2026/10/02 11:55:23.746, 138.42, 1620, 150.00, 85, 63
2026/10/02 11:55:23.947, 122.63, 1680, 150.00, 0, 61
2026/10/02 11:55:24.148, 131.60, 1560, 150.00, 58, 62
2026/10/02 11:55:24.348, 107.54, 795, 150.00, 0, 61
2026/10/02 11:55:24.549, 110.46, 795, 150.00, 76, 63
2026/10/02 11:55:24.749, 108.07, 1200, 150.00, 66, 63
2026/10/02 11:55:24.950, 111.88, 825, 150.00, 75, 63
2026/10/02 11:55:25.150, 128.25, 1395, 150.00, 100, 64
2026/10/02 11:55:25.351, 126.16, 1245, 150.00, 100, 64
2026/10/02 11:55:25.552, 122.81, 1680, 150.00, 0, 62
2026/10/02 11:55:25.752, 107.85, 1695, 150.00, 0, 61
2026/10/02 11:55:25.953, 96.86, 900, 150.00, 0, 61
2026/10/02 11:55:26.153, 89.05, 1170, 150.00, 76, 62
2026/10/02 11:55:26.354, 90.60, 1680, 150.00, 4, 62
2026/10/02 11:55:26.554, 105.28, 960, 150.00, 100, 63
2026/10/02 11:55:26.755, 121.35, 795, 150.00, 92, 63
2026/10/02 11:55:26.956, 140.45, 1320, 150.00, 77, 64
2026/10/02 11:55:27.156, 131.04, 1650, 150.00, 61, 62
2026/10/02 11:55:27.357, 121.50, 615, 150.00, 0, 62
2026/10/02 11:55:27.557, 107.86, 1680, 150.00, 0, 62
2026/10/02 11:55:27.758, 93.23, 1620, 150.00, 61, 62
2026/10/02 11:55:27.959, 78.50, 1620, 150.00, 60, 62
2026/10/02 11:55:28.159, 74.81, 795, 150.00, 98, 63
2026/10/02 11:55:28.360, 91.43, 795, 150.00, 100, 64
2026/10/02 11:55:28.560, 107.66, 795, 150.00, 100, 64
2026/10/02 11:55:28.761, 123.44, 795, 150.00, 100, 64
2026/10/02 11:55:28.962, 135.29, 735, 150.00, 100, 64
2026/10/02 11:55:29.162, 149.30, 1440, 150.00, 100, 64
2026/10/02 11:55:29.363, 132.98, 690, 150.00, 59, 63
2026/10/02 11:55:29.563, 123.36, 1035, 150.00, 50, 63
2026/10/02 11:55:29.764, 117.51, 750, 150.00, 84, 63
2026/10/02 11:55:29.964, 109.09, 855, 150.00, 48, 63
2026/10/02 11:55:30.165, 112.45, 795, 150.00, 100, 64
2026/10/02 11:55:30.366, 121.39, 780, 150.00, 100, 64
2026/10/02 11:55:30.566, 130.69, 795, 150.00, 100, 65
2026/10/02 11:55:30.767, 139.23, 510, 150.00, 100, 65
2026/10/02 11:55:30.967, 141.23, 750, 150.00, 100, 64
2026/10/02 11:55:31.168, 149.49, 780, 150.00, 100, 65
2026/10/02 11:55:31.368, 149.31, 795, 150.00, 100, 65
2026/10/02 11:55:31.569, 149.54, 795, 150.00, 100, 65
2026/10/02 11:55:31.770, 145.42, 660, 150.00, 23, 64
2026/10/02 11:55:31.970, 147.89, 1500, 150.00, 100, 65
2026/10/02 11:55:32.171, 145.28, 795, 150.00, 43, 65
2026/10/02 11:55:32.371, 139.15, 1635, 150.00, 82, 64
2026/10/02 11:55:32.572, 147.85, 1440, 150.00, 56, 65
2026/10/02 11:55:32.772, 142.00, 795, 150.00, 52, 65
2026/10/02 11:55:32.973, 146.99, 795, 150.00, 100, 65
2026/10/02 11:55:33.174, 155.30, 780, 150.00, 100, 65
2026/10/02 11:55:33.374, 136.75, 1650, 150.00, 68, 64
2026/10/02 11:55:33.575, 140.86, 780, 150.00, 94, 65
2026/10/02 11:55:33.775, 137.08, 1680, 150.00, 9, 63
2026/10/02 11:55:33.976, 119.01, 615, 150.00, 0, 63
2026/10/02 11:55:34.176, 117.95, 1110, 150.00, 100, 65
2026/10/02 11:55:34.377, 125.48, 1410, 150.00, 100, 65
2026/10/02 11:55:34.577, 115.38, 1680, 150.00, 0, 63
2026/10/02 11:55:34.778, 106.02, 795, 150.00, 88, 64
2026/10/02 11:55:34.979, 113.18, 930, 150.00, 35, 63
2026/10/02 11:55:35.179, 121.41, 780, 150.00, 98, 65
2026/10/02 11:55:35.380, 113.88, 1500, 150.00, 49, 65
2026/10/02 11:55:35.580, 118.57, 720, 150.00, 19, 65
2026/10/02 11:55:35.781, 125.11, 1245, 150.00, 25, 63
2026/10/02 11:55:35.981, 128.26, 780, 150.00, 100, 65
2026/10/02 11:55:36.182, 136.60, 780, 150.00, 100, 65
2026/10/02 11:55:36.382, 137.47, 735, 150.00, 10, 64
2026/10/02 11:55:36.583, 126.03, 1680, 150.00, 0, 63
2026/10/02 11:55:36.783, 108.68, 795, 150.00, 60, 63
2026/10/02 11:55:36.984, 105.81, 735, 150.00, 72, 64
2026/10/02 11:55:37.185, 106.11, 1365, 150.00, 94, 65
2026/10/02 11:55:37.385, 91.58, 1620, 150.00, 60, 64
2026/10/02 11:55:37.586, 106.00, 1410, 150.00, 39, 65
2026/10/02 11:55:37.786, 123.98, 795, 150.00, 100, 65
2026/10/02 11:55:37.987, 130.48, 960, 150.00, 69, 66
2026/10/02 11:55:38.187, 129.35, 1020, 150.00, 72, 65
2026/10/02 11:55:38.388, 131.85, 660, 150.00, 44, 64
2026/10/02 11:55:38.588, 145.34, 795, 150.00, 100, 65
2026/10/02 11:55:38.789, 137.51, 780, 150.00, 100, 66
2026/10/02 11:55:38.989, 129.05, 1650, 150.00, 65, 65
2026/10/02 11:55:39.190, 123.54, 1680, 150.00, 0, 63
2026/10/02 11:55:39.390, 119.64, 1005, 150.00, 31, 65
2026/10/02 11:55:39.591, 121.27, 1680, 150.00, 12, 64
2026/10/02 11:55:39.792, 117.66, 1470, 150.00, 45, 64
2026/10/02 11:55:39.992, 113.90, 780, 150.00, 47, 65
2026/10/02 11:55:40.193, 135.80, 1230, 150.00, 23, 65
2026/10/02 11:55:40.393, 134.70, 1680, 150.00, 0, 63
2026/10/02 11:55:40.594, 125.47, 1425, 150.00, 39, 65
2026/10/02 11:55:40.794, 135.46, 795, 150.00, 53, 65
2026/10/02 11:55:40.995, 130.29, 975, 150.00, 65, 64
2026/10/02 11:55:41.196, 126.19, 795, 150.00, 100, 65
2026/10/02 11:55:41.396, 129.36, 780, 150.00, 100, 66
2026/10/02 11:55:41.597, 136.79, 660, 150.00, 1, 65
2026/10/02 11:55:41.797, 130.04, 570, 150.00, 44, 64
2026/10/02 11:55:41.998, 116.27, 615, 150.00, 69, 64
2026/10/02 11:55:42.199, 109.76, 660, 150.00, 5, 65
2026/10/02 11:55:42.399, 110.98, 825, 150.00, 76, 66
2026/10/02 11:55:42.600, 107.28, 690, 150.00, 89, 65
2026/10/02 11:55:42.800, 107.01, 1665, 150.00, 59, 64
2026/10/02 11:55:43.001, 117.86, 705, 150.00, 15, 65
2026/10/02 11:55:43.201, 130.95, 1530, 150.00, 100, 65
2026/10/02 11:55:43.402, 127.88, 1575, 150.00, 58, 65
2026/10/02 11:55:43.602, 109.64, 1680, 150.00, 0, 64
2026/10/02 11:55:43.803, 112.60, 1335, 150.00, 100, 65
2026/10/02 11:55:44.004, 130.97, 780, 150.00, 95, 66
2026/10/02 11:55:44.204, 124.70, 1605, 150.00, 89, 65
2026/10/02 11:55:44.405, 130.59, 1680, 150.00, 30, 64
2026/10/02 11:55:44.605, 124.30, 945, 150.00, 59, 64
2026/10/02 11:55:44.806, 124.35, 1680, 150.00, 0, 64
2026/10/02 11:55:45.006, 115.80, 1665, 150.00, 49, 64
2026/10/02 11:55:45.207, 111.13, 1560, 150.00, 42, 64
2026/10/02 11:55:45.407, 103.71, 1680, 150.00, 12, 64
2026/10/02 11:55:45.608, 111.04, 780, 150.00, 88, 65
2026/10/02 11:55:45.808, 119.60, 780, 150.00, 100, 66
2026/10/02 11:55:46.009, 126.69, 780, 150.00, 100, 66
2026/10/02 11:55:46.210, 122.47, 660, 150.00, 34, 65
2026/10/02 11:55:46.410, 111.63, 1680, 150.00, 0, 64
2026/10/02 11:55:46.611, 112.32, 1680, 150.00, 0, 64
2026/10/02 11:55:46.811, 98.27, 1695, 150.00, 0, 63
2026/10/02 11:55:47.012, 83.04, 825, 150.00, 0, 63
2026/10/02 11:55:47.212, 82.73, 780, 150.00, 100, 65
2026/10/02 11:55:47.413, 103.74, 1365, 150.00, 68, 66
2026/10/02 11:55:47.613, 110.71, 1665, 150.00, 49, 64
2026/10/02 11:55:47.814, 117.27, 1200, 150.00, 100, 65
2026/10/02 11:55:48.015, 116.24, 630, 150.00, 0, 65
2026/10/02 11:55:48.215, 107.82, 1680, 150.00, 0, 64
2026/10/02 11:55:48.416, 92.46, 585, 150.00, 0, 63
2026/10/02 11:55:48.616, 77.93, 1665, 150.00, 56, 64
2026/10/02 11:55:48.817, 78.93, 930, 150.00, 0, 63
2026/10/02 11:55:49.017, 88.27, 780, 150.00, 100, 65
2026/10/02 11:55:49.218, 88.13, 1680, 150.00, 0, 64
2026/10/02 11:55:49.418, 92.32, 1590, 150.00, 60, 64
2026/10/02 11:55:49.619, 110.53, 1125, 150.00, 47, 65
2026/10/02 11:55:49.819, 110.48, 615, 150.00, 2, 65
2026/10/02 11:55:50.020, 101.81, 1680, 150.00, 0, 63
2026/10/02 11:55:50.220, 102.18, 1230, 150.00, 100, 65
2026/10/02 11:55:50.421, 111.65, 795, 150.00, 53, 65
2026/10/02 11:55:50.621, 109.16, 780, 150.00, 100, 66
2026/10/02 11:55:50.822, 106.67, 615, 150.00, 26, 64
2026/10/02 11:55:51.023, 113.47, 1665, 150.00, 55, 64
2026/10/02 11:55:51.223, 115.96, 750, 150.00, 67, 65
2026/10/02 11:55:51.424, 116.45, 1665, 150.00, 45, 64
2026/10/02 11:55:51.624, 98.37, 1680, 150.00, 0, 64
2026/10/02 11:55:51.825, 90.48, 795, 150.00, 69, 65
2026/10/02 11:55:52.025, 91.32, 1665, 150.00, 54, 64
2026/10/02 11:55:52.225, 92.29, 1680, 150.00, 0, 64
2026/10/02 11:55:52.426, 82.54, 1695, 150.00, 0, 63
2026/10/02 11:55:52.626, 98.23, 1350, 150.00, 34, 65
2026/10/02 11:55:52.827, 102.03, 1590, 150.00, 57, 64
2026/10/02 11:55:53.027, 98.53, 1455, 150.00, 45, 65
2026/10/02 11:55:53.228, 109.53, 1665, 150.00, 43, 64
2026/10/02 11:55:53.428, 109.42, 1680, 150.00, 0, 63
2026/10/02 11:55:53.629, 116.12, 795, 150.00, 82, 65
2026/10/02 11:55:53.830, 110.50, 960, 150.00, 57, 65
2026/10/02 11:55:54.030, 114.00, 1515, 150.00, 6, 64
2026/10/02 11:55:54.231, 109.48, 750, 150.00, 69, 65
2026/10/02 11:55:54.431, 125.78, 1065, 150.00, 100, 66
2026/10/02 11:55:54.632, 124.81, 1680, 150.00, 0, 64
2026/10/02 11:55:54.832, 130.07, 1500, 150.00, 49, 65
2026/10/02 11:55:55.033, 126.81, 1320, 150.00, 31, 65
2026/10/02 11:55:55.233, 124.74, 1530, 150.00, 56, 65
2026/10/02 11:55:55.434, 107.00, 1575, 150.00, 59, 65
2026/10/02 11:55:55.635, 114.91, 1665, 150.00, 12, 64
2026/10/02 11:55:55.835, 103.70, 1515, 150.00, 0, 63
2026/10/02 11:55:56.036, 108.20, 795, 150.00, 50, 65
2026/10/02 11:55:56.236, 103.11, 765, 150.00, 76, 65
2026/10/02 11:55:56.437, 111.14, 1665, 150.00, 90, 65
2026/10/02 11:55:56.637, 115.56, 765, 150.00, 18, 66
2026/10/02 11:55:56.838, 136.18, 1305, 150.00, 98, 66
2026/10/02 11:55:57.038, 143.07, 780, 150.00, 72, 66
2026/10/02 11:55:57.239, 136.92, 1650, 150.00, 84, 65
2026/10/02 11:55:57.439, 146.86, 780, 150.00, 20, 66
2026/10/02 11:55:57.640, 151.27, 780, 150.00, 100, 66
2026/10/02 11:55:57.841, 154.85, 765, 150.00, 100, 66
2026/10/02 11:55:58.041, 148.01, 1575, 150.00, 100, 66
2026/10/02 11:55:58.242, 165.05, 1290, 150.00, 28, 66
2026/10/02 11:55:58.442, 162.96, 1680, 150.00, 78, 65
2026/10/02 11:55:58.643, 147.27, 1680, 150.00, 0, 64
2026/10/02 11:55:58.843, 146.67, 1320, 150.00, 0, 65
2026/10/02 11:55:59.044, 140.48, 1680, 150.00, 58, 64
2026/10/02 11:55:59.244, 131.09, 780, 150.00, 8, 66
2026/10/02 11:55:59.445, 123.15, 780, 150.00, 100, 66
2026/10/02 11:55:59.646, 139.12, 780, 150.00, 100, 66
2026/10/02 11:55:59.846, 154.43, 780, 150.00, 100, 67
2026/10/02 11:56:00.047, 139.76, 720, 150.00, 100, 66
2026/10/02 11:56:00.247, 147.35, 1440, 150.00, 73, 66
2026/10/02 11:56:00.448, 139.17, 645, 150.00, 29, 65
2026/10/02 11:56:00.649, 122.75, 585, 150.00, 60, 65
2026/10/02 11:56:00.849, 118.39, 780, 150.00, 59, 66
2026/10/02 11:56:01.050, 111.50, 1665, 150.00, 100, 66
2026/10/02 11:56:01.250, 105.78, 585, 150.00, 0, 64
2026/10/02 11:56:01.451, 101.32, 1065, 150.00, 57, 66
2026/10/02 11:56:01.652, 118.42, 780, 150.00, 86, 66
2026/10/02 11:56:01.852, 133.65, 1005, 150.00, 100, 67
2026/10/02 11:56:02.053, 115.37, 615, 150.00, 72, 66
2026/10/02 11:56:02.254, 122.86, 630, 150.00, 61, 65
2026/10/02 11:56:02.454, 119.98, 1680, 150.00, 85, 65
2026/10/02 11:56:02.655, 106.00, 1680, 150.00, 0, 64
2026/10/02 11:56:02.855, 91.00, 1695, 150.00, 0, 64
2026/10/02 11:56:03.056, 83.55, 1695, 150.00, 0, 64
2026/10/02 11:56:03.256, 76.15, 1650, 150.00, 0, 64
2026/10/02 11:56:03.457, 83.89, 1515, 150.00, 10, 66
2026/10/02 11:56:03.657, 94.82, 1590, 150.00, 34, 66
2026/10/02 11:56:03.858, 104.04, 1620, 150.00, 11, 65
2026/10/02 11:56:04.059, 111.20, 795, 150.00, 3, 66
2026/10/02 11:56:04.259, 112.71, 645, 150.00, 83, 64
2026/10/02 11:56:04.460, 119.18, 780, 150.00, 84, 66
2026/10/02 11:56:04.660, 128.24, 780, 150.00, 100, 66
2026/10/02 11:56:04.861, 124.80, 660, 150.00, 100, 65
2026/10/02 11:56:05.061, 118.36, 1230, 150.00, 62, 65
2026/10/02 11:56:05.262, 121.64, 615, 150.00, 37, 65
2026/10/02 11:56:05.462, 127.41, 1035, 150.00, 62, 66
2026/10/02 11:56:05.663, 111.46, 1680, 150.00, 70, 65
2026/10/02 11:56:05.864, 107.93, 780, 150.00, 8, 66
2026/10/02 11:56:06.064, 112.70, 1680, 150.00, 100, 65
2026/10/02 11:56:06.265, 99.35, 1680, 150.00, 0, 64
2026/10/02 11:56:06.465, 101.55, 780, 150.00, 0, 66
2026/10/02 11:56:06.666, 110.26, 780, 150.00, 100, 66
2026/10/02 11:56:06.866, 120.26, 780, 150.00, 100, 67
2026/10/02 11:56:07.067, 121.26, 780, 150.00, 100, 67
2026/10/02 11:56:07.268, 136.03, 780, 150.00, 100, 67
2026/10/02 11:56:07.468, 143.43, 825, 150.00, 100, 66
2026/10/02 11:56:07.669, 147.66, 795, 150.00, 48, 67
2026/10/02 11:56:07.869, 139.00, 615, 150.00, 100, 66
2026/10/02 11:56:08.070, 130.79, 1680, 150.00, 59, 65
2026/10/02 11:56:08.270, 121.20, 1260, 150.00, 10, 65
2026/10/02 11:56:08.471, 128.79, 780, 150.00, 34, 66
2026/10/02 11:56:08.672, 120.29, 1680, 150.00, 86, 65
2026/10/02 11:56:08.872, 105.29, 1215, 150.00, 0, 65
2026/10/02 11:56:09.073, 110.87, 1425, 150.00, 56, 66
2026/10/02 11:56:09.273, 103.10, 1680, 150.00, 42, 64
2026/10/02 11:56:09.474, 97.19, 780, 150.00, 2, 66
2026/10/02 11:56:09.674, 102.37, 795, 150.00, 100, 67
2026/10/02 11:56:09.875, 117.88, 780, 150.00, 100, 67
2026/10/02 11:56:10.076, 140.82, 1470, 150.00, 85, 67
2026/10/02 11:56:10.276, 142.39, 1425, 150.00, 36, 66
2026/10/02 11:56:10.477, 141.25, 1680, 150.00, 38, 65
2026/10/02 11:56:10.677, 133.29, 765, 150.00, 0, 65
2026/10/02 11:56:10.878, 132.77, 795, 150.00, 100, 66
2026/10/02 11:56:11.078, 131.49, 795, 150.00, 100, 67
2026/10/02 11:56:11.279, 126.17, 1680, 150.00, 100, 65
2026/10/02 11:56:11.480, 113.31, 1680, 150.00, 0, 65
2026/10/02 11:56:11.680, 119.91, 795, 150.00, 2, 66
2026/10/02 11:56:11.881, 127.75, 795, 150.00, 100, 67
2026/10/02 11:56:12.082, 132.32, 810, 150.00, 100, 67
2026/10/02 11:56:12.282, 124.11, 1050, 150.00, 100, 65
2026/10/02 11:56:12.483, 136.41, 1680, 150.00, 41, 65
2026/10/02 11:56:12.683, 136.36, 1680, 150.00, 0, 64
2026/10/02 11:56:12.884, 133.35, 1590, 150.00, 0, 65
2026/10/02 11:56:13.084, 111.51, 1680, 150.00, 9, 64
2026/10/02 11:56:13.285, 90.48, 1665, 150.00, 3, 65
2026/10/02 11:56:13.485, 81.54, 780, 150.00, 0, 66
2026/10/02 11:56:13.686, 97.21, 795, 150.00, 100, 66
2026/10/02 11:56:13.886, 112.28, 795, 150.00, 100, 67
2026/10/02 11:56:14.087, 117.21, 795, 150.00, 100, 67
2026/10/02 11:56:14.287, 129.49, 690, 150.00, 100, 66
2026/10/02 11:56:14.488, 144.53, 780, 150.00, 100, 67
2026/10/02 11:56:14.689, 149.04, 795, 150.00, 100, 67
2026/10/02 11:56:14.889, 149.08, 780, 150.00, 100, 67
2026/10/02 11:56:15.090, 148.88, 660, 150.00, 100, 67
2026/10/02 11:56:15.290, 146.55, 750, 150.00, 100, 67
2026/10/02 11:56:15.491, 141.58, 1680, 150.00, 100, 66
2026/10/02 11:56:15.691, 126.88, 1680, 150.00, 0, 65
2026/10/02 11:56:15.892, 111.94, 1695, 150.00, 0, 65
2026/10/02 11:56:16.092, 97.11, 1695, 150.00, 0, 64
2026/10/02 11:56:16.293, 83.38, 1695, 150.00, 0, 64
2026/10/02 11:56:16.493, 81.89, 630, 150.00, 0, 64
2026/10/02 11:56:16.694, 84.93, 645, 150.00, 91, 65
2026/10/02 11:56:16.894, 92.98, 1680, 150.00, 60, 65
2026/10/02 11:56:17.095, 114.59, 1590, 150.00, 27, 66
2026/10/02 11:56:17.296, 125.56, 1680, 150.00, 39, 65
2026/10/02 11:56:17.496, 125.40, 735, 150.00, 0, 64
2026/10/02 11:56:17.697, 120.60, 675, 150.00, 50, 64
2026/10/02 11:56:17.897, 115.11, 1680, 150.00, 56, 65
2026/10/02 11:56:18.098, 99.74, 1080, 150.00, 1, 65
2026/10/02 11:56:18.298, 92.23, 1680, 150.00, 39, 65
2026/10/02 11:56:18.498, 106.89, 1245, 150.00, 26, 65
2026/10/02 11:56:18.699, 109.86, 1680, 150.00, 35, 65
2026/10/02 11:56:18.899, 107.52, 1680, 150.00, 0, 64
2026/10/02 11:56:19.100, 120.25, 810, 150.00, 0, 65
2026/10/02 11:56:19.301, 116.20, 660, 150.00, 100, 65
2026/10/02 11:56:19.501, 104.02, 690, 150.00, 67, 66
2026/10/02 11:56:19.702, 105.17, 780, 150.00, 86, 67
2026/10/02 11:56:19.902, 117.87, 735, 150.00, 100, 66
2026/10/02 11:56:20.103, 132.60, 1470, 150.00, 87, 67
2026/10/02 11:56:20.303, 125.86, 1395, 150.00, 48, 67
2026/10/02 11:56:20.504, 134.69, 795, 150.00, 44, 66
2026/10/02 11:56:20.704, 143.38, 780, 150.00, 100, 67
2026/10/02 11:56:20.905, 143.46, 1470, 150.00, 100, 67
2026/10/02 11:56:21.105, 131.12, 675, 150.00, 41, 65
2026/10/02 11:56:21.306, 132.99, 795, 150.00, 89, 67
2026/10/02 11:56:21.507, 140.24, 795, 150.00, 100, 67
2026/10/02 11:56:21.707, 136.41, 795, 150.00, 100, 67
2026/10/02 11:56:21.908, 136.68, 525, 150.00, 100, 67
2026/10/02 11:56:22.108, 141.72, 1215, 150.00, 100, 67
2026/10/02 11:56:22.309, 145.65, 1425, 150.00, 58, 67
2026/10/02 11:56:22.509, 136.21, 780, 150.00, 41, 67
2026/10/02 11:56:22.710, 136.00, 780, 150.00, 100, 67
2026/10/02 11:56:22.910, 135.72, 1230, 150.00, 99, 67
2026/10/02 11:56:23.111, 134.51, 1470, 150.00, 69, 68
2026/10/02 11:56:23.311, 129.79, 1410, 150.00, 38, 66
2026/10/02 11:56:23.512, 144.77, 1365, 150.00, 31, 67
2026/10/02 11:56:23.712, 128.93, 1680, 150.00, 43, 66
2026/10/02 11:56:23.913, 120.57, 1110, 150.00, 0, 65
2026/10/02 11:56:24.114, 125.18, 750, 150.00, 73, 67
2026/10/02 11:56:24.314, 144.99, 1635, 150.00, 86, 67
2026/10/02 11:56:24.515, 121.06, 1185, 150.00, 17, 66
2026/10/02 11:56:24.715, 124.42, 1110, 150.00, 58, 67
2026/10/02 11:56:24.916, 123.29, 1680, 150.00, 88, 66
2026/10/02 11:56:25.116, 131.35, 795, 150.00, 0, 67
2026/10/02 11:56:25.317, 131.03, 795, 150.00, 100, 67
2026/10/02 11:56:25.518, 120.49, 1680, 150.00, 100, 66
2026/10/02 11:56:25.718, 125.21, 780, 150.00, 0, 65
2026/10/02 11:56:25.919, 122.52, 1650, 150.00, 51, 66
2026/10/02 11:56:26.119, 116.64, 1605, 150.00, 0, 67
2026/10/02 11:56:26.320, 111.56, 1395, 150.00, 6, 66
2026/10/02 11:56:26.521, 104.89, 1680, 150.00, 42, 65
2026/10/02 11:56:26.721, 121.74, 810, 150.00, 0, 66
2026/10/02 11:56:26.922, 121.11, 795, 150.00, 100, 67
2026/10/02 11:56:27.122, 120.64, 780, 150.00, 100, 67
2026/10/02 11:56:27.323, 129.93, 810, 150.00, 80, 67
2026/10/02 11:56:27.524, 146.43, 780, 150.00, 100, 67
2026/10/02 11:56:27.724, 152.60, 780, 150.00, 100, 68
2026/10/02 11:56:27.925, 149.53, 1665, 150.00, 100, 67
2026/10/02 11:56:28.125, 144.00, 1500, 150.00, 17, 68
2026/10/02 11:56:28.326, 142.60, 1545, 150.00, 33, 67
2026/10/02 11:56:28.526, 131.12, 585, 150.00, 22, 66
2026/10/02 11:56:28.727, 139.66, 1575, 150.00, 42, 67
2026/10/02 11:56:28.928, 143.81, 1680, 150.00, 41, 66
2026/10/02 11:56:29.128, 128.38, 1575, 150.00, 100, 67
2026/10/02 11:56:29.329, 116.81, 1680, 150.00, 0, 65
2026/10/02 11:56:29.529, 117.66, 1695, 150.00, 0, 65
2026/10/02 11:56:29.730, 101.85, 1695, 150.00, 0, 65
2026/10/02 11:56:29.930, 90.01, 1680, 150.00, 55, 65
2026/10/02 11:56:30.131, 70.83, 1275, 150.00, 6, 66
2026/10/02 11:56:30.332, 71.29, 1680, 150.00, 0, 65
2026/10/02 11:56:30.532, 84.27, 1440, 150.00, 24, 66
2026/10/02 11:56:30.733, 104.07, 810, 150.00, 42, 66
2026/10/02 11:56:30.933, 120.33, 780, 150.00, 100, 67
2026/10/02 11:56:31.134, 135.15, 795, 150.00, 78, 67
2026/10/02 11:56:31.334, 151.47, 780, 150.00, 100, 67
2026/10/02 11:56:31.535, 151.32, 795, 150.00, 100, 68
2026/10/02 11:56:31.735, 154.64, 780, 150.00, 100, 67
2026/10/02 11:56:31.936, 154.61, 810, 150.00, 100, 68
2026/10/02 11:56:32.136, 151.96, 795, 150.00, 100, 68
2026/10/02 11:56:32.337, 151.30, 705, 150.00, 100, 68
2026/10/02 11:56:32.538, 150.71, 720, 150.00, 100, 68
2026/10/02 11:56:32.738, 150.85, 765, 150.00, 100, 68
2026/10/02 11:56:32.939, 150.45, 765, 150.00, 100, 68
2026/10/02 11:56:33.139, 150.16, 780, 150.00, 100, 68
2026/10/02 11:56:33.340, 149.53, 720, 150.00, 100, 68
2026/10/02 11:56:33.540, 150.27, 750, 150.00, 100, 68
2026/10/02 11:56:33.741, 150.05, 750, 150.00, 100, 68
2026/10/02 11:56:33.942, 150.30, 765, 150.00, 100, 68
2026/10/02 11:56:34.143, 150.02, 750, 150.00, 100, 68
2026/10/02 11:56:34.343, 149.82, 735, 150.00, 100, 68
2026/10/02 11:56:34.544, 149.80, 735, 150.00, 100, 68
2026/10/02 11:56:34.745, 150.09, 765, 150.00, 100, 68
2026/10/02 11:56:34.945, 150.10, 750, 150.00, 100, 69
2026/10/02 11:56:35.146, 149.74, 735, 150.00, 100, 68
2026/10/02 11:56:35.346, 149.54, 720, 150.00, 100, 69
2026/10/02 11:56:35.547, 149.71, 750, 150.00, 100, 69
2026/10/02 11:56:35.747, 149.96, 750, 150.00, 100, 69
2026/10/02 11:56:35.948, 149.78, 750, 150.00, 100, 69
2026/10/02 11:56:36.149, 149.49, 735, 150.00, 100, 69
2026/10/02 11:56:36.349, 149.48, 735, 150.00, 100, 69
2026/10/02 11:56:36.550, 149.57, 735, 150.00, 100, 69
2026/10/02 11:56:36.750, 149.65, 750, 150.00, 100, 69
2026/10/02 11:56:36.951, 149.64, 750, 150.00, 100, 69
2026/10/02 11:56:37.152, 149.68, 735, 150.00, 100, 69
2026/10/02 11:56:37.352, 149.74, 735, 150.00, 100, 69
2026/10/02 11:56:37.553, 149.71, 735, 150.00, 100, 69
2026/10/02 11:56:37.753, 149.93, 750, 150.00, 100, 69
2026/10/02 11:56:37.954, 149.93, 750, 150.00, 100, 69
2026/10/02 11:56:38.155, 149.94, 750, 150.00, 100, 69
2026/10/02 11:56:38.355, 149.85, 735, 150.00, 100, 69
2026/10/02 11:56:38.556, 150.01, 750, 150.00, 100, 69
2026/10/02 11:56:38.756, 150.29, 765, 150.00, 100, 69
2026/10/02 11:56:38.957, 150.32, 750, 150.00, 100, 69
2026/10/02 11:56:39.158, 150.16, 735, 150.00, 100, 69
2026/10/02 11:56:39.358, 150.13, 735, 150.00, 100, 69
2026/10/02 11:56:39.559, 150.87, 720, 150.00, 79, 69
2026/10/02 11:56:39.759, 136.27, 1680, 150.00, 0, 68
2026/10/02 11:56:39.960, 137.43, 780, 150.00, 100, 69
2026/10/02 11:56:40.161, 142.70, 1395, 150.00, 69, 69
2026/10/02 11:56:40.361, 143.34, 780, 150.00, 100, 69
2026/10/02 11:56:40.562, 131.18, 1650, 150.00, 0, 68
2026/10/02 11:56:40.762, 135.93, 1050, 150.00, 83, 69
2026/10/02 11:56:40.963, 142.64, 780, 150.00, 100, 69
2026/10/02 11:56:41.163, 126.44, 1680, 150.00, 0, 68
2026/10/02 11:56:41.364, 109.38, 1665, 150.00, 5, 68
2026/10/02 11:56:41.564, 113.73, 780, 150.00, 100, 69
2026/10/02 11:56:41.765, 122.78, 780, 150.00, 100, 69
2026/10/02 11:56:41.965, 124.18, 780, 150.00, 100, 70
2026/10/02 11:56:42.166, 127.49, 1035, 150.00, 70, 69
2026/10/02 11:56:42.367, 133.90, 750, 150.00, 93, 69
2026/10/02 11:56:42.567, 140.28, 780, 150.00, 100, 69
2026/10/02 11:56:42.768, 140.43, 780, 150.00, 100, 70
2026/10/02 11:56:42.968, 140.28, 765, 150.00, 100, 70
2026/10/02 11:56:43.169, 132.73, 1650, 150.00, 10, 70
2026/10/02 11:56:43.369, 137.25, 765, 150.00, 100, 69
2026/10/02 11:56:43.570, 138.65, 780, 150.00, 100, 70
2026/10/02 11:56:43.770, 138.42, 780, 150.00, 100, 70
2026/10/02 11:56:43.971, 129.46, 690, 150.00, 74, 69
2026/10/02 11:56:44.172, 120.85, 765, 150.00, 91, 69
2026/10/02 11:56:44.372, 135.44, 765, 150.00, 100, 70
2026/10/02 11:56:44.573, 136.27, 765, 150.00, 100, 70
2026/10/02 11:56:44.773, 133.77, 570, 150.00, 100, 70
2026/10/02 11:56:44.974, 140.33, 690, 150.00, 100, 70
2026/10/02 11:56:45.174, 148.17, 765, 150.00, 100, 70
2026/10/02 11:56:45.375, 148.64, 765, 150.00, 100, 70
2026/10/02 11:56:45.576, 148.68, 765, 150.00, 100, 70
2026/10/02 11:56:45.776, 147.29, 720, 150.00, 100, 70
2026/10/02 11:56:45.977, 148.51, 720, 150.00, 100, 70
2026/10/02 11:56:46.178, 155.71, 780, 150.00, 100, 70
2026/10/02 11:56:46.378, 155.99, 765, 150.00, 100, 70
2026/10/02 11:56:46.579, 156.06, 765, 150.00, 100, 70
2026/10/02 11:56:46.779, 156.52, 720, 150.00, 100, 70
2026/10/02 11:56:46.980, 156.43, 765, 150.00, 100, 70
2026/10/02 11:56:47.180, 151.19, 750, 150.00, 100, 70
2026/10/02 11:56:47.381, 151.22, 765, 150.00, 100, 71
2026/10/02 11:56:47.582, 151.21, 765, 150.00, 100, 71
2026/10/02 11:56:47.782, 150.46, 675, 150.00, 100, 71
2026/10/02 11:56:47.983, 149.75, 705, 150.00, 100, 71
2026/10/02 11:56:48.183, 150.31, 750, 150.00, 100, 71
2026/10/02 11:56:48.384, 150.28, 765, 150.00, 100, 71
2026/10/02 11:56:48.584, 150.20, 750, 150.00, 100, 71
2026/10/02 11:56:48.785, 141.72, 1560, 150.00, 42, 71
2026/10/02 11:56:48.986, 128.57, 1680, 150.00, 0, 69
2026/10/02 11:56:49.186, 136.46, 780, 150.00, 100, 70
2026/10/02 11:56:49.387, 134.43, 630, 150.00, 38, 69
2026/10/02 11:56:49.588, 139.14, 780, 150.00, 100, 70
2026/10/02 11:56:49.788, 139.55, 765, 150.00, 100, 70
2026/10/02 11:56:49.989, 152.55, 600, 150.00, 36, 69
2026/10/02 11:56:50.189, 154.68, 765, 150.00, 100, 70
2026/10/02 11:56:50.390, 158.01, 735, 150.00, 82, 70
2026/10/02 11:56:50.591, 147.42, 765, 150.00, 100, 71
2026/10/02 11:56:50.791, 147.78, 660, 150.00, 100, 71
2026/10/02 11:56:50.992, 156.12, 765, 150.00, 100, 71
2026/10/02 11:56:51.192, 146.13, 615, 150.00, 100, 71
2026/10/02 11:56:51.393, 150.56, 750, 150.00, 100, 71
2026/10/02 11:56:51.593, 151.03, 765, 150.00, 100, 71
2026/10/02 11:56:51.794, 150.54, 705, 150.00, 100, 71
2026/10/02 11:56:51.995, 149.80, 750, 150.00, 100, 71
2026/10/02 11:56:52.195, 148.73, 720, 150.00, 100, 71
2026/10/02 11:56:52.396, 150.09, 750, 150.00, 100, 71
2026/10/02 11:56:52.596, 150.04, 750, 150.00, 100, 71
2026/10/02 11:56:52.797, 149.46, 720, 150.00, 100, 71
2026/10/02 11:56:52.997, 149.76, 720, 150.00, 100, 71
2026/10/02 11:56:53.198, 149.77, 720, 150.00, 100, 71
2026/10/02 11:56:53.399, 150.08, 735, 150.00, 100, 71
2026/10/02 11:56:53.599, 150.09, 735, 150.00, 100, 71
2026/10/02 11:56:53.800, 149.71, 720, 150.00, 100, 71
2026/10/02 11:56:54.000, 149.42, 720, 150.00, 100, 71
2026/10/02 11:56:54.201, 149.62, 720, 150.00, 100, 71
2026/10/02 11:56:54.401, 149.75, 735, 150.00, 100, 71
2026/10/02 11:56:54.602, 149.83, 735, 150.00, 100, 71
2026/10/02 11:56:54.803, 149.82, 735, 150.00, 100, 71
2026/10/02 11:56:55.003, 149.91, 720, 150.00, 100, 71
2026/10/02 11:56:55.204, 150.12, 720, 150.00, 100, 71
2026/10/02 11:56:55.404, 150.20, 735, 150.00, 100, 71
2026/10/02 11:56:55.605, 150.11, 735, 150.00, 100, 71
2026/10/02 11:56:55.805, 149.83, 720, 150.00, 100, 72
2026/10/02 11:56:56.006, 149.67, 720, 150.00, 100, 72
2026/10/02 11:56:56.207, 149.75, 735, 150.00, 100, 72
2026/10/02 11:56:56.407, 149.84, 735, 150.00, 100, 72
2026/10/02 11:56:56.608, 149.73, 720, 150.00, 100, 72
2026/10/02 11:56:56.808, 149.67, 735, 150.00, 100, 72
2026/10/02 11:56:57.009, 149.78, 720, 150.00, 100, 72
2026/10/02 11:56:57.210, 149.87, 720, 150.00, 100, 72
2026/10/02 11:56:57.410, 149.82, 720, 150.00, 100, 72
2026/10/02 11:56:57.611, 141.60, 1530, 150.00, 46, 72
2026/10/02 11:56:57.811, 141.92, 1605, 150.00, 30, 72
2026/10/02 11:56:58.012, 141.87, 750, 150.00, 100, 71
2026/10/02 11:56:58.212, 147.13, 645, 150.00, 45, 72
2026/10/02 11:56:58.413, 153.21, 765, 150.00, 93, 72
2026/10/02 11:56:58.613, 153.83, 750, 150.00, 100, 72
2026/10/02 11:56:58.814, 163.67, 750, 150.00, 100, 72
2026/10/02 11:56:59.015, 163.47, 660, 150.00, 100, 72
2026/10/02 11:56:59.215, 162.42, 765, 150.00, 100, 72
2026/10/02 11:56:59.416, 152.39, 750, 150.00, 100, 72
2026/10/02 11:56:59.616, 151.97, 750, 150.00, 100, 72
2026/10/02 11:56:59.817, 151.97, 750, 150.00, 100, 72
2026/10/02 11:57:00.018, 151.55, 690, 150.00, 100, 72
2026/10/02 11:57:00.218, 142.20, 1575, 150.00, 37, 72
2026/10/02 11:57:00.419, 137.80, 1230, 150.00, 81, 72
2026/10/02 11:57:00.619, 129.41, 1545, 150.00, 46, 72
2026/10/02 11:57:00.820, 134.46, 1380, 150.00, 36, 72
2026/10/02 11:57:01.020, 134.13, 750, 150.00, 100, 72
2026/10/02 11:57:01.221, 135.52, 750, 150.00, 100, 72
2026/10/02 11:57:01.421, 144.72, 750, 150.00, 100, 72
2026/10/02 11:57:01.622, 149.79, 720, 150.00, 100, 72
2026/10/02 11:57:01.823, 149.90, 720, 150.00, 100, 72
2026/10/02 11:57:02.023, 140.15, 1665, 150.00, 0, 71
2026/10/02 11:57:02.224, 141.45, 735, 150.00, 88, 72
2026/10/02 11:57:02.424, 141.51, 765, 150.00, 100, 72
2026/10/02 11:57:02.625, 141.36, 750, 150.00, 100, 72
2026/10/02 11:57:02.825, 143.09, 765, 150.00, 100, 72
2026/10/02 11:57:03.026, 144.35, 660, 150.00, 100, 72
2026/10/02 11:57:03.226, 149.74, 735, 150.00, 100, 72
2026/10/02 11:57:03.427, 149.99, 750, 150.00, 100, 72
2026/10/02 11:57:03.627, 149.87, 765, 150.00, 100, 72
2026/10/02 11:57:03.828, 149.01, 630, 150.00, 100, 72
2026/10/02 11:57:04.029, 149.82, 690, 150.00, 100, 72
2026/10/02 11:57:04.229, 138.86, 1665, 150.00, 0, 71
2026/10/02 11:57:04.430, 130.87, 1320, 150.00, 74, 72
2026/10/02 11:57:04.630, 131.14, 765, 150.00, 100, 72
2026/10/02 11:57:04.831, 130.95, 750, 150.00, 100, 72
2026/10/02 11:57:05.031, 132.92, 750, 150.00, 100, 72
2026/10/02 11:57:05.232, 136.27, 750, 150.00, 100, 72
2026/10/02 11:57:05.432, 141.97, 705, 150.00, 100, 72
2026/10/02 11:57:05.633, 149.20, 750, 150.00, 100, 72
2026/10/02 11:57:05.834, 149.29, 750, 150.00, 100, 73
2026/10/02 11:57:06.034, 140.95, 1500, 150.00, 53, 73
2026/10/02 11:57:06.235, 127.41, 1680, 150.00, 0, 71
2026/10/02 11:57:06.435, 128.67, 750, 150.00, 100, 72
2026/10/02 11:57:06.636, 121.14, 615, 150.00, 60, 71
2026/10/02 11:57:06.836, 121.02, 750, 150.00, 100, 72
2026/10/02 11:57:07.037, 120.94, 750, 150.00, 100, 72
2026/10/02 11:57:07.238, 137.39, 750, 150.00, 100, 73
2026/10/02 11:57:07.438, 143.25, 420, 150.00, 100, 73
2026/10/02 11:57:07.639, 150.73, 705, 150.00, 100, 72
2026/10/02 11:57:07.839, 149.92, 750, 150.00, 100, 73
2026/10/02 11:57:08.040, 149.85, 750, 150.00, 100, 73
2026/10/02 11:57:08.240, 149.79, 750, 150.00, 100, 73
2026/10/02 11:57:08.441, 148.02, 675, 150.00, 100, 73
2026/10/02 11:57:08.642, 149.68, 720, 150.00, 100, 72
2026/10/02 11:57:08.842, 149.96, 735, 150.00, 100, 73
2026/10/02 11:57:09.043, 150.01, 750, 150.00, 100, 73
2026/10/02 11:57:09.243, 149.69, 705, 150.00, 100, 73
2026/10/02 11:57:09.444, 149.27, 690, 150.00, 100, 73
2026/10/02 11:57:09.644, 149.72, 705, 150.00, 100, 73
2026/10/02 11:57:09.845, 135.39, 1680, 150.00, 0, 71
2026/10/02 11:57:10.045, 128.52, 615, 150.00, 65, 71
2026/10/02 11:57:10.246, 117.23, 1485, 150.00, 52, 72
2026/10/02 11:57:10.446, 104.05, 1680, 150.00, 0, 70
2026/10/02 11:57:10.647, 91.21, 1695, 150.00, 0, 70
2026/10/02 11:57:10.847, 95.95, 1620, 150.00, 18, 71
2026/10/02 11:57:11.048, 108.56, 765, 150.00, 100, 72
2026/10/02 11:57:11.248, 120.00, 750, 150.00, 100, 72
2026/10/02 11:57:11.449, 134.17, 750, 150.00, 100, 72
2026/10/02 11:57:11.650, 145.15, 585, 150.00, 100, 73
2026/10/02 11:57:11.850, 147.76, 720, 150.00, 100, 72
2026/10/02 11:57:12.051, 149.15, 750, 150.00, 100, 72
2026/10/02 11:57:12.252, 148.91, 750, 150.00, 100, 73
2026/10/02 11:57:12.452, 149.08, 750, 150.00, 100, 73
2026/10/02 11:57:12.653, 146.96, 675, 150.00, 100, 73
2026/10/02 11:57:12.853, 149.74, 720, 150.00, 100, 73
2026/10/02 11:57:13.054, 149.97, 735, 150.00, 100, 73
2026/10/02 11:57:13.255, 149.86, 750, 150.00, 100, 73
2026/10/02 11:57:13.455, 149.42, 690, 150.00, 100, 73
2026/10/02 11:57:13.656, 149.35, 690, 150.00, 100, 73
2026/10/02 11:57:13.856, 149.92, 720, 150.00, 100, 73
2026/10/02 11:57:14.057, 149.89, 735, 150.00, 100, 73
2026/10/02 11:57:14.258, 150.14, 750, 150.00, 100, 73
2026/10/02 11:57:14.458, 149.67, 690, 150.00, 100, 73
2026/10/02 11:57:14.659, 149.75, 690, 150.00, 100, 73
2026/10/02 11:57:14.859, 142.14, 1485, 150.00, 100, 73
2026/10/02 11:57:15.060, 142.34, 1650, 150.00, 61, 72
2026/10/02 11:57:15.260, 142.29, 750, 150.00, 100, 73
2026/10/02 11:57:15.461, 135.03, 1320, 150.00, 100, 73
2026/10/02 11:57:15.662, 135.72, 750, 150.00, 96, 73
2026/10/02 11:57:15.862, 128.87, 1545, 150.00, 100, 73
2026/10/02 11:57:16.063, 142.78, 750, 150.00, 83, 73
2026/10/02 11:57:16.263, 136.94, 750, 150.00, 100, 73
2026/10/02 11:57:16.464, 137.01, 750, 150.00, 100, 73
2026/10/02 11:57:16.664, 136.45, 1380, 150.00, 100, 73
2026/10/02 11:57:16.865, 129.76, 1650, 150.00, 58, 73
2026/10/02 11:57:17.065, 136.29, 1050, 150.00, 85, 73
2026/10/02 11:57:17.266, 136.41, 735, 150.00, 100, 73
2026/10/02 11:57:17.467, 121.36, 1680, 150.00, 25, 71
2026/10/02 11:57:17.667, 106.02, 1350, 150.00, 0, 72
2026/10/02 11:57:17.868, 116.11, 750, 150.00, 51, 72
2026/10/02 11:57:18.068, 116.54, 1500, 150.00, 11, 72
2026/10/02 11:57:18.269, 106.50, 1665, 150.00, 65, 71
2026/10/02 11:57:18.469, 120.23, 1245, 150.00, 14, 72
2026/10/02 11:57:18.670, 140.98, 825, 150.00, 67, 73
2026/10/02 11:57:18.871, 150.25, 915, 150.00, 100, 73
2026/10/02 11:57:19.071, 134.92, 1680, 150.00, 18, 71
2026/10/02 11:57:19.272, 149.54, 750, 150.00, 53, 72
2026/10/02 11:57:19.472, 154.40, 750, 150.00, 100, 72
2026/10/02 11:57:19.673, 145.92, 750, 150.00, 100, 73
2026/10/02 11:57:19.873, 137.51, 1215, 150.00, 100, 73
2026/10/02 11:57:20.074, 134.41, 1470, 150.00, 0, 71
2026/10/02 11:57:20.274, 123.14, 945, 150.00, 54, 72
2026/10/02 11:57:20.475, 115.07, 720, 150.00, 0, 71
2026/10/02 11:57:20.675, 114.86, 750, 150.00, 100, 72
2026/10/02 11:57:20.876, 114.89, 750, 150.00, 100, 73
2026/10/02 11:57:21.077, 114.57, 1680, 150.00, 76, 72
2026/10/02 11:57:21.277, 108.92, 1425, 150.00, 0, 70
2026/10/02 11:57:21.477, 123.67, 750, 150.00, 85, 72
2026/10/02 11:57:21.678, 116.99, 1035, 150.00, 100, 72
2026/10/02 11:57:21.879, 101.54, 1680, 150.00, 65, 71
2026/10/02 11:57:22.079, 108.60, 750, 150.00, 72, 72
2026/10/02 11:57:22.280, 114.69, 1635, 150.00, 100, 71
2026/10/02 11:57:22.480, 107.75, 1680, 150.00, 0, 70
2026/10/02 11:57:22.681, 104.22, 555, 150.00, 0, 71
2026/10/02 11:57:22.881, 104.57, 1680, 150.00, 49, 70
2026/10/02 11:57:23.082, 112.87, 1020, 150.00, 62, 72
2026/10/02 11:57:23.283, 104.15, 780, 150.00, 6, 72
2026/10/02 11:57:23.483, 120.83, 720, 150.00, 100, 72
2026/10/02 11:57:23.684, 119.82, 1680, 150.00, 26, 70
2026/10/02 11:57:23.884, 129.60, 1185, 150.00, 46, 71
2026/10/02 11:57:24.085, 120.31, 1530, 150.00, 2, 71
2026/10/02 11:57:24.285, 122.60, 750, 150.00, 63, 72
2026/10/02 11:57:24.486, 122.58, 630, 150.00, 72, 72
2026/10/02 11:57:24.686, 129.01, 750, 150.00, 100, 72
2026/10/02 11:57:24.887, 131.49, 750, 150.00, 100, 72
2026/10/02 11:57:25.088, 138.87, 750, 150.00, 100, 73
2026/10/02 11:57:25.288, 150.37, 405, 150.00, 100, 73
2026/10/02 11:57:25.489, 157.43, 720, 150.00, 100, 72
2026/10/02 11:57:25.689, 151.05, 750, 150.00, 100, 73
2026/10/02 11:57:25.890, 150.81, 750, 150.00, 100, 73
2026/10/02 11:57:26.090, 138.81, 1680, 150.00, 86, 71
2026/10/02 11:57:26.291, 131.79, 750, 150.00, 65, 72
2026/10/02 11:57:26.492, 130.08, 735, 150.00, 57, 72
2026/10/02 11:57:26.692, 115.82, 945, 150.00, 15, 71
2026/10/02 11:57:26.893, 115.07, 750, 150.00, 100, 72
2026/10/02 11:57:27.093, 119.72, 750, 150.00, 100, 73
2026/10/02 11:57:27.294, 133.71, 750, 150.00, 100, 73
2026/10/02 11:57:27.495, 142.38, 525, 150.00, 100, 73
2026/10/02 11:57:27.695, 142.90, 960, 150.00, 100, 73
2026/10/02 11:57:27.896, 158.07, 660, 150.00, 58, 73
2026/10/02 11:57:28.096, 151.33, 885, 150.00, 100, 72
2026/10/02 11:57:28.297, 150.83, 750, 150.00, 100, 73
2026/10/02 11:57:28.497, 150.81, 750, 150.00, 100, 73
2026/10/02 11:57:28.698, 144.62, 1575, 150.00, 100, 72
2026/10/02 11:57:28.898, 133.55, 765, 150.00, 0, 72
2026/10/02 11:57:29.099, 129.83, 750, 150.00, 100, 73
2026/10/02 11:57:29.300, 137.20, 750, 150.00, 100, 73
2026/10/02 11:57:29.500, 137.23, 750, 150.00, 100, 73
2026/10/02 11:57:29.701, 134.84, 735, 150.00, 100, 73
2026/10/02 11:57:29.901, 149.33, 720, 150.00, 100, 73
2026/10/02 11:57:30.102, 142.39, 1515, 150.00, 100, 72
2026/10/02 11:57:30.302, 134.31, 765, 150.00, 1, 73
2026/10/02 11:57:30.503, 127.54, 1635, 150.00, 90, 71
2026/10/02 11:57:30.703, 120.77, 780, 150.00, 5, 72
2026/10/02 11:57:30.904, 123.68, 750, 150.00, 100, 73
2026/10/02 11:57:31.105, 124.15, 750, 150.00, 100, 73
2026/10/02 11:57:31.305, 139.18, 750, 150.00, 100, 73
2026/10/02 11:57:31.506, 136.65, 750, 150.00, 100, 73
2026/10/02 11:57:31.706, 149.58, 720, 150.00, 100, 73
2026/10/02 11:57:31.907, 150.54, 750, 150.00, 100, 73
2026/10/02 11:57:32.107, 150.71, 750, 150.00, 100, 73
2026/10/02 11:57:32.308, 150.44, 645, 150.00, 100, 73
2026/10/02 11:57:32.509, 141.90, 1485, 150.00, 100, 72
2026/10/02 11:57:32.709, 130.35, 1680, 150.00, 0, 71
2026/10/02 11:57:32.910, 129.23, 1305, 150.00, 62, 72
2026/10/02 11:57:33.110, 114.77, 1680, 150.00, 0, 71
2026/10/02 11:57:33.311, 113.17, 1650, 150.00, 37, 71
2026/10/02 11:57:33.511, 104.38, 1290, 150.00, 0, 72
2026/10/02 11:57:33.712, 118.25, 750, 150.00, 84, 73
2026/10/02 11:57:33.912, 125.00, 750, 150.00, 100, 73
2026/10/02 11:57:34.113, 125.60, 765, 150.00, 19, 73
2026/10/02 11:57:34.314, 126.12, 750, 150.00, 100, 73
2026/10/02 11:57:34.514, 141.27, 750, 150.00, 100, 73
2026/10/02 11:57:34.715, 145.07, 750, 150.00, 100, 73
2026/10/02 11:57:34.915, 130.18, 1680, 150.00, 30, 71
2026/10/02 11:57:35.116, 140.99, 750, 150.00, 50, 73
2026/10/02 11:57:35.316, 141.64, 750, 150.00, 100, 73
2026/10/02 11:57:35.517, 141.81, 750, 150.00, 100, 73
2026/10/02 11:57:35.718, 141.82, 750, 150.00, 100, 73
2026/10/02 11:57:35.918, 147.10, 690, 150.00, 100, 73
2026/10/02 11:57:36.119, 142.65, 750, 150.00, 70, 73
2026/10/02 11:57:36.319, 142.61, 750, 150.00, 100, 73
2026/10/02 11:57:36.520, 144.11, 750, 150.00, 85, 74
2026/10/02 11:57:36.720, 144.15, 750, 150.00, 100, 74
2026/10/02 11:57:36.921, 137.21, 1035, 150.00, 64, 73
2026/10/02 11:57:37.121, 145.01, 750, 150.00, 86, 74
2026/10/02 11:57:37.322, 145.84, 750, 150.00, 100, 74
2026/10/02 11:57:37.522, 130.74, 1350, 150.00, 25, 72
2026/10/02 11:57:37.723, 133.94, 750, 150.00, 50, 73
2026/10/02 11:57:37.924, 140.05, 735, 150.00, 93, 73
2026/10/02 11:57:38.124, 141.38, 750, 150.00, 100, 74
2026/10/02 11:57:38.325, 139.76, 735, 150.00, 100, 73
2026/10/02 11:57:38.525, 146.06, 705, 150.00, 100, 73
2026/10/02 11:57:38.726, 147.94, 735, 150.00, 100, 74
2026/10/02 11:57:38.926, 149.62, 750, 150.00, 100, 74
2026/10/02 11:57:39.127, 155.63, 615, 150.00, 96, 74
2026/10/02 11:57:39.328, 155.63, 750, 150.00, 100, 74
2026/10/02 11:57:39.528, 155.09, 660, 150.00, 82, 74
2026/10/02 11:57:39.729, 155.43, 750, 150.00, 100, 74
2026/10/02 11:57:39.929, 155.90, 540, 150.00, 100, 74
2026/10/02 11:57:40.130, 156.04, 735, 150.00, 100, 74
2026/10/02 11:57:40.330, 148.34, 510, 150.00, 100, 74
2026/10/02 11:57:40.531, 153.81, 720, 150.00, 100, 74
2026/10/02 11:57:40.731, 151.21, 735, 150.00, 100, 74
2026/10/02 11:57:40.932, 150.76, 720, 150.00, 100, 74
2026/10/02 11:57:41.132, 143.14, 1500, 150.00, 100, 73
2026/10/02 11:57:41.333, 140.49, 1620, 150.00, 23, 72
2026/10/02 11:57:41.533, 133.11, 1275, 150.00, 0, 73
2026/10/02 11:57:41.734, 125.48, 750, 150.00, 0, 73
2026/10/02 11:57:41.934, 125.71, 750, 150.00, 100, 74
2026/10/02 11:57:42.135, 126.28, 750, 150.00, 100, 74
2026/10/02 11:57:42.336, 127.82, 735, 150.00, 100, 74
2026/10/02 11:57:42.536, 139.91, 675, 150.00, 100, 73
2026/10/02 11:57:42.737, 148.81, 735, 150.00, 100, 74
2026/10/02 11:57:42.937, 149.42, 735, 150.00, 100, 74
2026/10/02 11:57:43.138, 149.44, 735, 150.00, 100, 74
2026/10/02 11:57:43.338, 149.68, 705, 150.00, 100, 74
2026/10/02 11:57:43.539, 147.47, 660, 150.00, 100, 74
2026/10/02 11:57:43.739, 150.20, 720, 150.00, 100, 74
2026/10/02 11:57:43.940, 150.36, 735, 150.00, 100, 74
2026/10/02 11:57:44.140, 150.26, 735, 150.00, 100, 74
2026/10/02 11:57:44.341, 149.70, 675, 150.00, 100, 74
2026/10/02 11:57:44.542, 149.36, 675, 150.00, 100, 74
2026/10/02 11:57:44.742, 150.04, 720, 150.00, 100, 74
2026/10/02 11:57:44.943, 141.44, 750, 150.00, 42, 74
2026/10/02 11:57:45.143, 135.66, 945, 150.00, 65, 74
2026/10/02 11:57:45.344, 131.16, 1650, 150.00, 54, 72
2026/10/02 11:57:45.544, 121.38, 1395, 150.00, 64, 73
2026/10/02 11:57:45.745, 117.39, 660, 150.00, 0, 73
2026/10/02 11:57:45.945, 125.93, 750, 150.00, 100, 74
2026/10/02 11:57:46.146, 135.49, 750, 150.00, 92, 74
2026/10/02 11:57:46.346, 128.47, 600, 150.00, 35, 74
2026/10/02 11:57:46.547, 141.30, 1200, 150.00, 100, 73
2026/10/02 11:57:46.747, 149.14, 765, 150.00, 8, 74
2026/10/02 11:57:46.948, 147.11, 735, 150.00, 100, 74
2026/10/02 11:57:47.149, 146.44, 705, 150.00, 100, 74
2026/10/02 11:57:47.349, 154.47, 750, 150.00, 100, 74
2026/10/02 11:57:47.550, 146.41, 735, 150.00, 100, 74
2026/10/02 11:57:47.750, 150.08, 720, 150.00, 100, 74
2026/10/02 11:57:47.951, 148.50, 750, 150.00, 100, 74
2026/10/02 11:57:48.151, 148.44, 750, 150.00, 100, 74
2026/10/02 11:57:48.352, 139.71, 750, 150.00, 35, 74
2026/10/02 11:57:48.552, 139.80, 735, 150.00, 100, 74
2026/10/02 11:57:48.753, 134.80, 1665, 150.00, 100, 73
2026/10/02 11:57:48.954, 136.31, 675, 150.00, 52, 74
2026/10/02 11:57:49.154, 140.71, 675, 150.00, 100, 74
2026/10/02 11:57:49.355, 141.62, 1665, 150.00, 15, 72
2026/10/02 11:57:49.556, 127.68, 1680, 150.00, 0, 72
2026/10/02 11:57:49.756, 129.82, 915, 150.00, 55, 73
2026/10/02 11:57:49.957, 116.79, 1320, 150.00, 61, 72
2026/10/02 11:57:50.157, 116.03, 750, 150.00, 100, 73
2026/10/02 11:57:50.358, 116.65, 720, 150.00, 81, 74
2026/10/02 11:57:50.559, 131.26, 735, 150.00, 100, 74
2026/10/02 11:57:50.759, 145.29, 735, 150.00, 100, 74
2026/10/02 11:57:50.960, 149.98, 735, 150.00, 100, 74
2026/10/02 11:57:51.160, 151.42, 645, 150.00, 100, 74
2026/10/02 11:57:51.361, 151.92, 735, 150.00, 100, 74
2026/10/02 11:57:51.562, 151.55, 750, 150.00, 100, 74
2026/10/02 11:57:51.762, 151.39, 1215, 150.00, 97, 73
2026/10/02 11:57:51.963, 135.90, 1335, 150.00, 62, 73
2026/10/02 11:57:52.163, 137.05, 735, 150.00, 100, 74
2026/10/02 11:57:52.364, 137.23, 735, 150.00, 100, 74
2026/10/02 11:57:52.564, 129.91, 1680, 150.00, 0, 73
2026/10/02 11:57:52.765, 127.63, 600, 150.00, 18, 73
2026/10/02 11:57:52.965, 126.75, 1650, 150.00, 33, 73
2026/10/02 11:57:53.166, 133.34, 615, 150.00, 44, 74
2026/10/02 11:57:53.367, 122.20, 825, 150.00, 6, 73
2026/10/02 11:57:53.567, 106.57, 1155, 150.00, 0, 72
2026/10/02 11:57:53.768, 105.70, 1680, 150.00, 0, 72
2026/10/02 11:57:53.968, 89.20, 1680, 150.00, 0, 72
2026/10/02 11:57:54.169, 95.79, 765, 150.00, 95, 73
2026/10/02 11:57:54.369, 91.25, 1515, 150.00, 41, 72
2026/10/02 11:57:54.570, 88.23, 1680, 150.00, 0, 72
2026/10/02 11:57:54.770, 90.75, 1680, 150.00, 0, 72
2026/10/02 11:57:54.971, 88.86, 1680, 150.00, 0, 71
2026/10/02 11:57:55.171, 99.14, 585, 150.00, 15, 72
2026/10/02 11:57:55.372, 100.02, 810, 150.00, 100, 73
2026/10/02 11:57:55.572, 100.94, 1680, 150.00, 0, 71
2026/10/02 11:57:55.773, 99.30, 1695, 150.00, 0, 71
2026/10/02 11:57:55.974, 99.65, 1695, 150.00, 0, 71
2026/10/02 11:57:56.174, 103.55, 1575, 150.00, 55, 71
2026/10/02 11:57:56.375, 86.50, 1680, 150.00, 0, 71
2026/10/02 11:57:56.575, 82.83, 1320, 150.00, 62, 71
2026/10/02 11:57:56.776, 82.34, 1680, 150.00, 0, 71
2026/10/02 11:57:56.976, 83.42, 1395, 150.00, 62, 71
2026/10/02 11:57:57.177, 77.68, 1680, 150.00, 0, 70
2026/10/02 11:57:57.377, 83.79, 1680, 150.00, 0, 71
2026/10/02 11:57:57.578, 83.74, 1680, 150.00, 0, 70
2026/10/02 11:57:57.778, 90.38, 930, 150.00, 53, 72
2026/10/02 11:57:57.979, 88.55, 1530, 150.00, 62, 71
2026/10/02 11:57:58.179, 87.42, 1680, 150.00, 0, 70
2026/10/02 11:57:58.380, 82.41, 1695, 150.00, 0, 70
2026/10/02 11:57:58.580, 93.52, 870, 150.00, 49, 72
2026/10/02 11:57:58.781, 92.68, 1680, 150.00, 0, 70
2026/10/02 11:57:58.981, 84.33, 1695, 150.00, 0, 70
2026/10/02 11:57:59.182, 85.66, 1695, 150.00, 0, 70
2026/10/02 11:57:59.382, 88.01, 1230, 150.00, 64, 71
2026/10/02 11:57:59.583, 88.12, 1680, 150.00, 0, 70
2026/10/02 11:57:59.783, 80.53, 1680, 150.00, 0, 70
2026/10/02 11:57:59.984, 80.57, 1680, 150.00, 0, 70
2026/10/02 11:58:00.185, 79.29, 1530, 150.00, 62, 70
2026/10/02 11:58:00.385, 78.98, 1410, 150.00, 0, 70
2026/10/02 11:58:00.586, 75.15, 1680, 150.00, 0, 70
2026/10/02 11:58:00.786, 72.56, 1680, 150.00, 0, 69
2026/10/02 11:58:00.987, 72.96, 1140, 150.00, 0, 69
2026/10/02 11:58:01.188, 78.19, 1515, 150.00, 70, 70
2026/10/02 11:58:01.388, 92.96, 765, 150.00, 100, 71
2026/10/02 11:58:01.588, 92.45, 1680, 150.00, 0, 70
2026/10/02 11:58:01.789, 97.11, 1485, 150.00, 58, 70
2026/10/02 11:58:01.990, 97.49, 1575, 150.00, 53, 70
2026/10/02 11:58:02.190, 91.34, 1680, 150.00, 0, 69
2026/10/02 11:58:02.391, 85.30, 1695, 150.00, 0, 69
2026/10/02 11:58:02.591, 79.06, 1590, 150.00, 59, 70
2026/10/02 11:58:02.792, 78.86, 1680, 150.00, 0, 69
2026/10/02 11:58:02.992, 76.91, 1500, 150.00, 59, 70
2026/10/02 11:58:03.193, 88.16, 1620, 150.00, 42, 70
2026/10/02 11:58:03.393, 90.68, 1515, 150.00, 61, 70
2026/10/02 11:58:03.594, 113.16, 735, 150.00, 74, 71
2026/10/02 11:58:03.794, 120.71, 1665, 150.00, 12, 70
2026/10/02 11:58:03.995, 120.75, 1680, 150.00, 0, 69
2026/10/02 11:58:04.195, 112.60, 600, 150.00, 11, 70
2026/10/02 11:58:04.396, 112.48, 1680, 150.00, 0, 69
2026/10/02 11:58:04.597, 96.63, 1680, 150.00, 0, 69
2026/10/02 11:58:04.797, 80.19, 1695, 150.00, 0, 69
2026/10/02 11:58:04.998, 80.85, 1695, 150.00, 0, 69
2026/10/02 11:58:05.198, 80.88, 1695, 150.00, 0, 69
2026/10/02 11:58:05.399, 80.88, 1695, 150.00, 0, 69
2026/10/02 11:58:05.599, 98.71, 1530, 150.00, 79, 69
2026/10/02 11:58:05.800, 97.20, 1530, 150.00, 61, 69
2026/10/02 11:58:06.000, 111.51, 705, 150.00, 26, 70
2026/10/02 11:58:06.201, 110.10, 1680, 150.00, 0, 69
2026/10/02 11:58:06.401, 118.27, 1095, 150.00, 40, 70
2026/10/02 11:58:06.602, 113.58, 615, 150.00, 23, 70
2026/10/02 11:58:06.802, 120.24, 780, 150.00, 100, 70
2026/10/02 11:58:07.003, 128.04, 1665, 150.00, 22, 69
2026/10/02 11:58:07.203, 126.05, 900, 150.00, 47, 70
2026/10/02 11:58:07.404, 132.63, 1665, 150.00, 1, 69
2026/10/02 11:58:07.604, 121.36, 1680, 150.00, 0, 69
2026/10/02 11:58:07.805, 105.34, 1695, 150.00, 0, 68
2026/10/02 11:58:08.005, 91.63, 1695, 150.00, 0, 68
2026/10/02 11:58:08.206, 92.46, 1695, 150.00, 0, 68
2026/10/02 11:58:08.407, 81.12, 1695, 150.00, 0, 68
2026/10/02 11:58:08.607, 81.12, 1695, 150.00, 0, 68
2026/10/02 11:58:08.808, 111.65, 855, 150.00, 100, 69
2026/10/02 11:58:09.008, 119.89, 1650, 150.00, 23, 68
2026/10/02 11:58:09.209, 137.29, 615, 150.00, 25, 69
2026/10/02 11:58:09.410, 135.77, 1680, 150.00, 0, 68
2026/10/02 11:58:09.610, 126.23, 1680, 150.00, 0, 68
2026/10/02 11:58:09.811, 119.30, 810, 150.00, 28, 69
2026/10/02 11:58:10.011, 102.96, 570, 150.00, 0, 69
2026/10/02 11:58:10.212, 92.21, 1680, 150.00, 0, 68
2026/10/02 11:58:10.413, 96.01, 1320, 150.00, 51, 69
2026/10/02 11:58:10.613, 111.06, 1320, 150.00, 94, 69
2026/10/02 11:58:10.814, 110.63, 1680, 150.00, 0, 68
2026/10/02 11:58:11.014, 96.88, 1695, 150.00, 0, 68
2026/10/02 11:58:11.215, 98.31, 1695, 150.00, 0, 68
2026/10/02 11:58:11.415, 105.38, 780, 150.00, 74, 69
2026/10/02 11:58:11.616, 85.83, 1680, 150.00, 0, 68
2026/10/02 11:58:11.817, 86.42, 780, 150.00, 79, 69
2026/10/02 11:58:12.017, 85.61, 1680, 150.00, 0, 68
2026/10/02 11:58:12.218, 94.53, 630, 150.00, 12, 69
2026/10/02 11:58:12.419, 92.97, 1680, 150.00, 0, 68
2026/10/02 11:58:12.619, 99.00, 1650, 150.00, 25, 68
2026/10/02 11:58:12.820, 104.75, 1470, 150.00, 63, 69
2026/10/02 11:58:13.020, 112.20, 615, 150.00, 22, 69
2026/10/02 11:58:13.221, 121.51, 1275, 150.00, 50, 69
2026/10/02 11:58:13.421, 123.01, 1665, 150.00, 15, 68
2026/10/02 11:58:13.622, 121.19, 1650, 150.00, 23, 68
2026/10/02 11:58:13.822, 135.40, 1650, 150.00, 28, 68
2026/10/02 11:58:14.023, 129.15, 1605, 150.00, 62, 68
2026/10/02 11:58:14.223, 116.74, 1680, 150.00, 0, 68
2026/10/02 11:58:14.424, 96.42, 1020, 150.00, 0, 68
2026/10/02 11:58:14.625, 84.41, 1680, 150.00, 0, 68
2026/10/02 11:58:14.825, 80.30, 1665, 150.00, 6, 68
2026/10/02 11:58:15.026, 93.35, 1155, 150.00, 42, 69
2026/10/02 11:58:15.226, 93.55, 1680, 150.00, 0, 68
2026/10/02 11:58:15.427, 117.64, 1050, 150.00, 66, 69
2026/10/02 11:58:15.627, 119.94, 1575, 150.00, 55, 68
2026/10/02 11:58:15.828, 124.81, 870, 150.00, 27, 69
2026/10/02 11:58:16.028, 124.31, 1080, 150.00, 0, 68
2026/10/02 11:58:16.229, 114.31, 1260, 150.00, 0, 68
2026/10/02 11:58:16.429, 115.64, 975, 150.00, 30, 69
2026/10/02 11:58:16.630, 100.82, 1680, 150.00, 0, 68
2026/10/02 11:58:16.830, 102.11, 1695, 150.00, 0, 67
2026/10/02 11:58:17.031, 99.68, 1665, 150.00, 9, 68
2026/10/02 11:58:17.232, 109.80, 1605, 150.00, 44, 68
2026/10/02 11:58:17.432, 108.20, 1065, 150.00, 0, 68
2026/10/02 11:58:17.633, 96.80, 1680, 150.00, 0, 67
2026/10/02 11:58:17.834, 96.80, 930, 150.00, 0, 67
2026/10/02 11:58:18.034, 90.34, 1560, 150.00, 63, 68
2026/10/02 11:58:18.236, 77.85, 1680, 150.00, 0, 67
2026/10/02 11:58:18.436, 82.11, 1515, 150.00, 57, 68
2026/10/02 11:58:18.637, 91.13, 675, 150.00, 65, 69
2026/10/02 11:58:18.838, 98.16, 1380, 150.00, 59, 69
2026/10/02 11:58:19.038, 104.36, 1650, 150.00, 28, 68
2026/10/02 11:58:19.239, 105.49, 1680, 150.00, 0, 67
2026/10/02 11:58:19.439, 105.52, 1245, 150.00, 0, 67
2026/10/02 11:58:19.640, 101.41, 1680, 150.00, 0, 67
2026/10/02 11:58:19.840, 95.04, 1680, 150.00, 0, 67
2026/10/02 11:58:20.041, 74.67, 1695, 150.00, 0, 67
2026/10/02 11:58:20.241, 74.56, 1695, 150.00, 0, 67
2026/10/02 11:58:20.442, 73.56, 1515, 150.00, 62, 67
2026/10/02 11:58:20.643, 71.45, 1680, 150.00, 0, 67
2026/10/02 11:58:20.843, 90.13, 1275, 150.00, 48, 68
2026/10/02 11:58:21.044, 89.36, 1680, 150.00, 0, 67
2026/10/02 11:58:21.244, 97.45, 780, 150.00, 59, 68
2026/10/02 11:58:21.445, 100.23, 1680, 150.00, 0, 67
2026/10/02 11:58:21.646, 101.30, 1680, 150.00, 0, 67
2026/10/02 11:58:21.846, 96.15, 600, 150.00, 6, 67
2026/10/02 11:58:22.047, 85.11, 1680, 150.00, 0, 67
2026/10/02 11:58:22.247, 85.02, 1680, 150.00, 0, 66
2026/10/02 11:58:22.448, 81.96, 1425, 150.00, 60, 68
2026/10/02 11:58:22.648, 84.38, 1590, 150.00, 49, 67
2026/10/02 11:58:22.849, 84.20, 1680, 150.00, 0, 67
2026/10/02 11:58:23.049, 82.46, 1695, 150.00, 0, 66
2026/10/02 11:58:23.250, 97.34, 675, 150.00, 31, 68
2026/10/02 11:58:23.450, 117.12, 975, 150.00, 50, 69
2026/10/02 11:58:23.651, 115.96, 735, 150.00, 45, 68
2026/10/02 11:58:23.852, 131.91, 780, 150.00, 90, 69
2026/10/02 11:58:24.052, 138.17, 840, 150.00, 46, 68
2026/10/02 11:58:24.253, 138.13, 1680, 150.00, 0, 67
2026/10/02 11:58:24.453, 116.11, 1680, 150.00, 0, 67
2026/10/02 11:58:24.654, 104.65, 1695, 150.00, 0, 67
2026/10/02 11:58:24.854, 84.99, 1515, 150.00, 62, 67
2026/10/02 11:58:25.055, 70.17, 1680, 150.00, 0, 67
2026/10/02 11:58:25.255, 78.80, 765, 150.00, 87, 68
2026/10/02 11:58:25.456, 81.54, 600, 150.00, 7, 68
2026/10/02 11:58:25.656, 98.10, 765, 150.00, 98, 69
2026/10/02 11:58:25.857, 104.88, 1665, 150.00, 9, 67
2026/10/02 11:58:26.058, 106.03, 615, 150.00, 0, 67
2026/10/02 11:58:26.258, 117.89, 780, 150.00, 100, 69
2026/10/02 11:58:26.459, 126.01, 780, 150.00, 100, 69
2026/10/02 11:58:26.659, 113.31, 1680, 150.00, 0, 67
2026/10/02 11:58:26.860, 98.19, 1680, 150.00, 0, 67
2026/10/02 11:58:27.061, 121.55, 1650, 150.00, 56, 69
2026/10/02 11:58:27.261, 114.99, 600, 150.00, 0, 67
2026/10/02 11:58:27.462, 108.93, 1605, 150.00, 74, 67
2026/10/02 11:58:27.663, 122.12, 660, 150.00, 0, 68
2026/10/02 11:58:27.864, 120.82, 1680, 150.00, 41, 67
2026/10/02 11:58:28.065, 97.01, 1530, 150.00, 0, 67
2026/10/02 11:58:28.265, 105.93, 1665, 150.00, 56, 67
2026/10/02 11:58:28.467, 103.62, 855, 150.00, 29, 67
2026/10/02 11:58:28.667, 108.41, 1500, 150.00, 59, 68
2026/10/02 11:58:28.868, 96.02, 1680, 150.00, 0, 67
2026/10/02 11:58:29.068, 96.11, 1695, 150.00, 0, 66
2026/10/02 11:58:29.269, 92.98, 1065, 150.00, 0, 67
2026/10/02 11:58:29.470, 95.42, 705, 150.00, 64, 68
2026/10/02 11:58:29.670, 111.62, 780, 150.00, 100, 69
2026/10/02 11:58:29.871, 107.26, 1680, 150.00, 69, 67
2026/10/02 11:58:30.071, 107.30, 1680, 150.00, 0, 67
2026/10/02 11:58:30.272, 106.93, 1590, 150.00, 0, 67
2026/10/02 11:58:30.472, 98.43, 1575, 150.00, 0, 67
2026/10/02 11:58:30.673, 78.25, 1680, 150.00, 0, 66
2026/10/02 11:58:30.874, 71.35, 1695, 150.00, 0, 66
2026/10/02 11:58:31.074, 71.52, 1020, 150.00, 0, 66
2026/10/02 11:58:31.275, 82.82, 750, 150.00, 62, 68
2026/10/02 11:58:31.475, 91.96, 1515, 150.00, 93, 68
2026/10/02 11:58:31.676, 91.78, 1680, 150.00, 0, 67
2026/10/02 11:58:31.876, 114.32, 780, 150.00, 27, 68
2026/10/02 11:58:32.077, 121.40, 1380, 150.00, 97, 67
2026/10/02 11:58:32.277, 123.29, 1680, 150.00, 58, 67
2026/10/02 11:58:32.478, 107.69, 630, 150.00, 0, 67
2026/10/02 11:58:32.679, 103.60, 1680, 150.00, 61, 67
2026/10/02 11:58:32.879, 90.51, 1530, 150.00, 0, 67
2026/10/02 11:58:33.079, 75.22, 1680, 150.00, 0, 66
2026/10/02 11:58:33.280, 72.34, 1695, 150.00, 0, 66
2026/10/02 11:58:33.481, 72.65, 1695, 150.00, 0, 66
2026/10/02 11:58:33.681, 73.48, 1695, 150.00, 0, 66
2026/10/02 11:58:33.882, 73.66, 1695, 150.00, 0, 66
2026/10/02 11:58:34.082, 78.42, 660, 150.00, 0, 67
2026/10/02 11:58:34.283, 77.10, 1680, 150.00, 44, 66
2026/10/02 11:58:34.483, 77.00, 1680, 150.00, 0, 66
2026/10/02 11:58:34.684, 76.93, 1695, 150.00, 0, 66
2026/10/02 11:58:34.885, 81.62, 1485, 150.00, 0, 66
2026/10/02 11:58:35.085, 96.58, 1230, 150.00, 45, 68
2026/10/02 11:58:35.286, 94.59, 1680, 150.00, 1, 66
2026/10/02 11:58:35.486, 94.67, 1695, 150.00, 0, 66
2026/10/02 11:58:35.687, 108.52, 1140, 150.00, 27, 66
2026/10/02 11:58:35.887, 109.88, 1680, 150.00, 62, 66
2026/10/02 11:58:36.088, 93.73, 1680, 150.00, 0, 66
2026/10/02 11:58:36.289, 86.72, 1695, 150.00, 0, 65
2026/10/02 11:58:36.489, 95.29, 1425, 150.00, 0, 67
2026/10/02 11:58:36.689, 80.74, 1560, 150.00, 1, 66
2026/10/02 11:58:36.890, 79.88, 1680, 150.00, 0, 66
2026/10/02 11:58:37.090, 80.19, 1695, 150.00, 0, 65
2026/10/02 11:58:37.291, 95.10, 660, 150.00, 0, 67
2026/10/02 11:58:37.492, 101.62, 1665, 150.00, 100, 66
2026/10/02 11:58:37.692, 93.51, 1680, 150.00, 0, 65
2026/10/02 11:58:37.893, 92.86, 1695, 150.00, 0, 65
2026/10/02 11:58:38.093, 106.52, 1635, 150.00, 31, 66
2026/10/02 11:58:38.294, 108.96, 1590, 150.00, 6, 66
2026/10/02 11:58:38.494, 86.72, 630, 150.00, 0, 66
2026/10/02 11:58:38.695, 86.38, 1680, 150.00, 62, 65
2026/10/02 11:58:38.895, 86.42, 1680, 150.00, 0, 65
2026/10/02 11:58:39.096, 71.75, 1695, 150.00, 0, 65
2026/10/02 11:58:39.296, 69.03, 1695, 150.00, 0, 65
2026/10/02 11:58:39.497, 70.40, 1695, 150.00, 0, 65
2026/10/02 11:58:39.697, 70.40, 1695, 150.00, 0, 65
2026/10/02 11:58:39.898, 104.12, 1695, 150.00, 0, 65
2026/10/02 11:58:40.099, 119.54, 1005, 150.00, 86, 67
2026/10/02 11:58:40.299, 130.26, 1230, 150.00, 27, 66
2026/10/02 11:58:40.500, 148.24, 795, 150.00, 33, 67
2026/10/02 11:58:40.700, 140.98, 1680, 150.00, 28, 65
2026/10/02 11:58:40.901, 130.95, 1695, 150.00, 0, 65
2026/10/02 11:58:41.101, 127.82, 810, 150.00, 0, 66
2026/10/02 11:58:41.302, 126.30, 1635, 150.00, 66, 66
2026/10/02 11:58:41.503, 103.42, 1680, 150.00, 0, 65
2026/10/02 11:58:41.703, 97.18, 1635, 150.00, 0, 65
2026/10/02 11:58:41.904, 112.10, 780, 150.00, 68, 67
2026/10/02 11:58:42.104, 127.26, 780, 150.00, 100, 67
2026/10/02 11:58:42.305, 115.29, 780, 150.00, 100, 68
2026/10/02 11:58:42.505, 128.76, 705, 150.00, 50, 68
2026/10/02 11:58:42.706, 143.69, 780, 150.00, 100, 68
2026/10/02 11:58:42.906, 135.36, 1680, 150.00, 65, 66
2026/10/02 11:58:43.107, 119.35, 1545, 150.00, 0, 66
2026/10/02 11:58:43.309, 103.93, 1680, 150.00, 0, 65
2026/10/02 11:58:43.509, 112.34, 1350, 150.00, 12, 67
2026/10/02 11:58:43.710, 90.59, 780, 150.00, 31, 66
2026/10/02 11:58:43.911, 82.62, 1680, 150.00, 55, 65
2026/10/02 11:58:44.111, 81.77, 1650, 150.00, 0, 66
2026/10/02 11:58:44.312, 82.72, 1680, 150.00, 0, 65
2026/10/02 11:58:44.512, 74.68, 1695, 150.00, 0, 65
2026/10/02 11:58:44.713, 88.21, 795, 150.00, 15, 67
2026/10/02 11:58:44.914, 104.60, 795, 150.00, 100, 67
2026/10/02 11:58:45.114, 104.19, 1680, 150.00, 71, 66
2026/10/02 11:58:45.315, 119.06, 750, 150.00, 0, 67
2026/10/02 11:58:45.515, 130.09, 1605, 150.00, 100, 67
2026/10/02 11:58:45.716, 119.48, 1680, 150.00, 0, 65
2026/10/02 11:58:45.916, 102.65, 1695, 150.00, 0, 65
2026/10/02 11:58:46.117, 111.76, 795, 150.00, 13, 67
2026/10/02 11:58:46.317, 123.19, 1605, 150.00, 100, 66
2026/10/02 11:58:46.518, 113.58, 1680, 150.00, 42, 66
2026/10/02 11:58:46.719, 117.26, 975, 150.00, 0, 66
2026/10/02 11:58:46.919, 115.96, 840, 150.00, 46, 67
2026/10/02 11:58:47.120, 105.24, 1680, 150.00, 54, 65
2026/10/02 11:58:47.320, 102.25, 1665, 150.00, 19, 66
2026/10/02 11:58:47.521, 86.30, 1680, 150.00, 0, 65
2026/10/02 11:58:47.721, 100.78, 1350, 150.00, 0, 67
2026/10/02 11:58:47.922, 100.74, 795, 150.00, 25, 67
2026/10/02 11:58:48.122, 101.13, 1680, 150.00, 68, 65
2026/10/02 11:58:48.323, 95.09, 630, 150.00, 11, 66
2026/10/02 11:58:48.523, 104.79, 795, 150.00, 62, 67
2026/10/02 11:58:48.724, 119.82, 780, 150.00, 100, 68
2026/10/02 11:58:48.924, 121.85, 780, 150.00, 100, 68
2026/10/02 11:58:49.125, 122.19, 1665, 150.00, 100, 67
2026/10/02 11:58:49.326, 113.47, 1650, 150.00, 0, 66
2026/10/02 11:58:49.526, 113.23, 1680, 150.00, 0, 66
2026/10/02 11:58:49.727, 111.21, 1170, 150.00, 0, 67
2026/10/02 11:58:49.927, 95.07, 1680, 150.00, 38, 65
2026/10/02 11:58:50.128, 80.06, 1695, 150.00, 0, 65
2026/10/02 11:58:50.328, 81.25, 1695, 150.00, 0, 65
2026/10/02 11:58:50.529, 82.39, 855, 150.00, 0, 65
2026/10/02 11:58:50.729, 93.82, 885, 150.00, 58, 67
2026/10/02 11:58:50.930, 90.29, 1545, 150.00, 56, 67
2026/10/02 11:58:51.130, 89.86, 1680, 150.00, 3, 65
2026/10/02 11:58:51.331, 89.78, 1695, 150.00, 0, 65
2026/10/02 11:58:51.531, 91.46, 1665, 150.00, 6, 65
2026/10/02 11:58:51.732, 87.15, 1680, 150.00, 0, 65
2026/10/02 11:58:51.932, 80.85, 1695, 150.00, 0, 65
2026/10/02 11:58:52.133, 72.54, 1695, 150.00, 0, 65
2026/10/02 11:58:52.333, 71.66, 720, 150.00, 0, 66
2026/10/02 11:58:52.534, 74.69, 660, 150.00, 100, 66
2026/10/02 11:58:52.734, 75.19, 1680, 150.00, 62, 65
2026/10/02 11:58:52.935, 75.25, 1680, 150.00, 0, 65
2026/10/02 11:58:53.135, 75.24, 1695, 150.00, 0, 65
2026/10/02 11:58:53.336, 75.23, 645, 150.00, 0, 65
2026/10/02 11:58:53.537, 67.91, 1680, 150.00, 60, 65
2026/10/02 11:58:53.737, 74.65, 1590, 150.00, 0, 66
2026/10/02 11:58:53.939, 74.38, 1680, 150.00, 0, 65
2026/10/02 11:58:54.139, 89.52, 1050, 150.00, 8, 66
2026/10/02 11:58:54.340, 99.86, 1680, 150.00, 76, 65
2026/10/02 11:58:54.541, 100.71, 1680, 150.00, 0, 65
2026/10/02 11:58:54.742, 111.56, 1665, 150.00, 17, 65
2026/10/02 11:58:54.942, 110.42, 1665, 150.00, 8, 65
2026/10/02 11:58:55.143, 104.54, 1680, 150.00, 0, 65
2026/10/02 11:58:55.343, 92.05, 1560, 150.00, 0, 65
2026/10/02 11:58:55.544, 92.67, 1680, 150.00, 0, 65
2026/10/02 11:58:55.745, 86.85, 1575, 150.00, 0, 65
2026/10/02 11:58:55.945, 82.79, 630, 150.00, 0, 65
2026/10/02 11:58:56.146, 89.45, 1665, 150.00, 96, 65
2026/10/02 11:58:56.346, 89.39, 1680, 150.00, 0, 64
2026/10/02 11:58:56.547, 81.41, 1350, 150.00, 0, 64
2026/10/02 11:58:56.747, 91.01, 630, 150.00, 53, 65
2026/10/02 11:58:56.948, 84.49, 615, 150.00, 62, 65
2026/10/02 11:58:57.148, 94.21, 1095, 150.00, 83, 67
2026/10/02 11:58:57.349, 104.93, 705, 150.00, 45, 66
2026/10/02 11:58:57.550, 111.14, 1680, 150.00, 100, 65
2026/10/02 11:58:57.750, 100.93, 1680, 150.00, 0, 65
2026/10/02 11:58:57.951, 102.28, 1695, 150.00, 0, 64
2026/10/02 11:58:58.151, 96.08, 1695, 150.00, 0, 64
2026/10/02 11:58:58.352, 90.01, 1665, 150.00, 7, 65
2026/10/02 11:58:58.552, 71.92, 660, 150.00, 0, 65
2026/10/02 11:58:58.753, 86.94, 1110, 150.00, 76, 67
2026/10/02 11:58:58.953, 85.85, 810, 150.00, 46, 65
2026/10/02 11:58:59.154, 92.46, 675, 150.00, 61, 66
2026/10/02 11:58:59.354, 89.83, 1680, 150.00, 63, 65
2026/10/02 11:58:59.555, 90.07, 1650, 150.00, 2, 65
2026/10/02 11:58:59.756, 83.64, 1680, 150.00, 0, 65
2026/10/02 11:58:59.956, 87.07, 1500, 150.00, 0, 65
2026/10/02 11:59:00.157, 80.71, 1680, 150.00, 8, 64
2026/10/02 11:59:00.357, 78.31, 1695, 150.00, 0, 64
2026/10/02 11:59:00.558, 86.84, 810, 150.00, 0, 66
2026/10/02 11:59:00.759, 99.16, 1050, 150.00, 81, 66
2026/10/02 11:59:00.959, 107.07, 1680, 150.00, 62, 65
2026/10/02 11:59:01.159, 97.70, 1680, 150.00, 0, 64
2026/10/02 11:59:01.360, 97.75, 600, 150.00, 0, 64
2026/10/02 11:59:01.561, 97.51, 1680, 150.00, 58, 64
2026/10/02 11:59:01.761, 87.79, 1680, 150.00, 0, 64
2026/10/02 11:59:01.962, 69.61, 1695, 150.00, 0, 64
2026/10/02 11:59:02.162, 76.93, 1095, 150.00, 0, 66
2026/10/02 11:59:02.363, 79.28, 1605, 150.00, 48, 65
2026/10/02 11:59:02.563, 100.84, 1530, 150.00, 32, 66
2026/10/02 11:59:02.764, 110.28, 1080, 150.00, 27, 65
2026/10/02 11:59:02.964, 118.39, 1065, 150.00, 59, 65
2026/10/02 11:59:03.165, 126.15, 1680, 150.00, 59, 65
2026/10/02 11:59:03.365, 120.52, 1680, 150.00, 0, 64
2026/10/02 11:59:03.566, 103.07, 1695, 150.00, 0, 64
2026/10/02 11:59:03.766, 86.61, 1680, 150.00, 0, 65
2026/10/02 11:59:03.967, 79.26, 1680, 150.00, 0, 64
2026/10/02 11:59:04.168, 71.43, 1695, 150.00, 0, 64
2026/10/02 11:59:04.368, 80.69, 1050, 150.00, 14, 65
2026/10/02 11:59:04.569, 91.01, 1170, 150.00, 18, 65
2026/10/02 11:59:04.769, 88.35, 1680, 150.00, 0, 64
2026/10/02 11:59:04.970, 88.58, 1500, 150.00, 0, 64
2026/10/02 11:59:05.170, 104.03, 1605, 150.00, 91, 65
2026/10/02 11:59:05.371, 102.68, 1650, 150.00, 61, 65
2026/10/02 11:59:05.571, 94.48, 1680, 150.00, 0, 64
2026/10/02 11:59:05.772, 84.01, 1695, 150.00, 0, 64
2026/10/02 11:59:05.972, 84.17, 1695, 150.00, 0, 64
2026/10/02 11:59:06.173, 79.61, 810, 150.00, 85, 65
2026/10/02 11:59:06.374, 82.55, 1680, 150.00, 35, 65
2026/10/02 11:59:06.574, 83.56, 1680, 150.00, 0, 64
2026/10/02 11:59:06.775, 88.55, 855, 150.00, 8, 65
2026/10/02 11:59:06.975, 87.17, 1680, 150.00, 0, 64
2026/10/02 11:59:07.176, 87.03, 1695, 150.00, 0, 64
2026/10/02 11:59:07.376, 87.00, 1065, 150.00, 34, 65
2026/10/02 11:59:07.577, 103.83, 795, 150.00, 100, 66
2026/10/02 11:59:07.777, 110.35, 1665, 150.00, 45, 65
2026/10/02 11:59:07.978, 106.57, 1680, 150.00, 0, 64
2026/10/02 11:59:08.178, 117.97, 810, 150.00, 49, 65
2026/10/02 11:59:08.379, 125.46, 1650, 150.00, 72, 65
2026/10/02 11:59:08.579, 113.13, 1665, 150.00, 43, 64
2026/10/02 11:59:08.780, 97.98, 1680, 150.00, 0, 64
2026/10/02 11:59:08.980, 106.32, 795, 150.00, 72, 65
2026/10/02 11:59:09.181, 106.79, 1620, 150.00, 61, 65
2026/10/02 11:59:09.381, 92.75, 1590, 150.00, 60, 65
2026/10/02 11:59:09.581, 87.08, 750, 150.00, 57, 65
2026/10/02 11:59:09.782, 94.65, 1650, 150.00, 65, 65
2026/10/02 11:59:09.982, 95.21, 1620, 150.00, 59, 65
2026/10/02 11:59:10.183, 88.17, 1680, 150.00, 0, 64
2026/10/02 11:59:10.383, 87.55, 1110, 150.00, 0, 64
2026/10/02 11:59:10.584, 90.76, 660, 150.00, 3, 64
2026/10/02 11:59:10.784, 85.26, 1560, 150.00, 59, 65
2026/10/02 11:59:10.985, 95.02, 1665, 150.00, 46, 64
2026/10/02 11:59:11.185, 103.31, 1545, 150.00, 57, 66
2026/10/02 11:59:11.386, 102.79, 1680, 150.00, 0, 64
2026/10/02 11:59:11.586, 98.54, 1590, 150.00, 60, 64
2026/10/02 11:59:11.787, 99.34, 1680, 150.00, 0, 64
2026/10/02 11:59:11.987, 80.86, 1695, 150.00, 0, 64
2026/10/02 11:59:12.188, 82.15, 1695, 150.00, 0, 63
2026/10/02 11:59:12.388, 76.95, 1605, 150.00, 58, 64
2026/10/02 11:59:12.589, 89.35, 1680, 150.00, 22, 64
2026/10/02 11:59:12.789, 109.16, 1050, 150.00, 46, 66
2026/10/02 11:59:12.990, 107.93, 1680, 150.00, 0, 64
2026/10/02 11:59:13.190, 114.31, 945, 150.00, 73, 65
2026/10/02 11:59:13.391, 130.62, 1515, 150.00, 100, 66
2026/10/02 11:59:13.591, 120.37, 810, 150.00, 59, 65
2026/10/02 11:59:13.792, 125.16, 780, 150.00, 32, 66
2026/10/02 11:59:13.992, 124.07, 630, 150.00, 12, 65
2026/10/02 11:59:14.193, 124.12, 630, 150.00, 0, 64
2026/10/02 11:59:14.393, 114.55, 1665, 150.00, 54, 65
2026/10/02 11:59:14.594, 114.54, 810, 150.00, 67, 66
2026/10/02 11:59:14.795, 118.97, 1320, 150.00, 100, 66
2026/10/02 11:59:14.995, 96.25, 660, 150.00, 1, 65
2026/10/02 11:59:15.196, 110.84, 795, 150.00, 100, 66
2026/10/02 11:59:15.396, 119.80, 885, 150.00, 100, 67
2026/10/02 11:59:15.597, 128.16, 645, 150.00, 33, 65
2026/10/02 11:59:15.797, 128.63, 945, 150.00, 33, 66
2026/10/02 11:59:15.998, 134.13, 780, 150.00, 93, 67
2026/10/02 11:59:16.199, 141.63, 795, 150.00, 100, 67
2026/10/02 11:59:16.399, 142.73, 780, 150.00, 100, 67
2026/10/02 11:59:16.600, 141.50, 720, 150.00, 100, 67
2026/10/02 11:59:16.800, 155.85, 705, 150.00, 100, 67
2026/10/02 11:59:17.001, 147.89, 780, 150.00, 100, 67
2026/10/02 11:59:17.201, 151.23, 795, 150.00, 100, 67
2026/10/02 11:59:17.402, 143.41, 1650, 150.00, 72, 66
2026/10/02 11:59:17.602, 128.31, 1485, 150.00, 0, 65
2026/10/02 11:59:17.803, 137.53, 1185, 150.00, 31, 67
2026/10/02 11:59:18.003, 142.47, 795, 150.00, 100, 67
2026/10/02 11:59:18.204, 134.23, 1680, 150.00, 0, 65
2026/10/02 11:59:18.404, 119.24, 825, 150.00, 4, 65
2026/10/02 11:59:18.605, 131.01, 795, 150.00, 43, 67
2026/10/02 11:59:18.805, 135.14, 795, 150.00, 69, 67
2026/10/02 11:59:19.006, 115.43, 780, 150.00, 62, 67
2026/10/02 11:59:19.206, 100.73, 1680, 150.00, 0, 66
2026/10/02 11:59:19.407, 101.12, 1680, 150.00, 0, 65
2026/10/02 11:59:19.607, 102.33, 780, 150.00, 0, 65
2026/10/02 11:59:19.808, 96.81, 780, 150.00, 100, 67
2026/10/02 11:59:20.008, 109.86, 1230, 150.00, 49, 67
2026/10/02 11:59:20.209, 104.99, 660, 150.00, 1, 66
2026/10/02 11:59:20.409, 114.98, 795, 150.00, 50, 67
2026/10/02 11:59:20.610, 132.50, 1110, 150.00, 19, 67
2026/10/02 11:59:20.810, 124.08, 645, 150.00, 0, 66
2026/10/02 11:59:21.011, 123.42, 795, 150.00, 100, 67
2026/10/02 11:59:21.212, 126.84, 735, 150.00, 63, 67
2026/10/02 11:59:21.412, 142.65, 1065, 150.00, 100, 67
2026/10/02 11:59:21.613, 144.31, 1005, 150.00, 47, 67
2026/10/02 11:59:21.813, 145.96, 930, 150.00, 33, 67
2026/10/02 11:59:22.014, 154.80, 780, 150.00, 100, 67
2026/10/02 11:59:22.214, 154.68, 1380, 150.00, 100, 68
2026/10/02 11:59:22.415, 147.63, 1665, 150.00, 43, 66
2026/10/02 11:59:22.615, 142.79, 1680, 150.00, 27, 66
2026/10/02 11:59:22.816, 150.69, 765, 150.00, 32, 67
2026/10/02 11:59:23.016, 136.11, 660, 150.00, 13, 67
2026/10/02 11:59:23.217, 120.83, 1620, 150.00, 59, 66
2026/10/02 11:59:23.417, 123.17, 1575, 150.00, 99, 67
2026/10/02 11:59:23.618, 130.75, 780, 150.00, 100, 67
2026/10/02 11:59:23.818, 140.02, 1635, 150.00, 79, 67
2026/10/02 11:59:24.019, 132.21, 1170, 150.00, 23, 67
2026/10/02 11:59:24.219, 152.40, 885, 150.00, 100, 67
2026/10/02 11:59:24.420, 147.95, 1680, 150.00, 2, 66
2026/10/02 11:59:24.620, 130.37, 825, 150.00, 6, 67
2026/10/02 11:59:24.821, 132.71, 1545, 150.00, 100, 67
2026/10/02 11:59:25.021, 131.17, 1680, 150.00, 0, 66
2026/10/02 11:59:25.222, 105.68, 1695, 150.00, 0, 65
2026/10/02 11:59:25.422, 108.76, 795, 150.00, 100, 67
2026/10/02 11:59:25.623, 116.29, 1680, 150.00, 6, 66
2026/10/02 11:59:25.823, 103.13, 1680, 150.00, 0, 65
2026/10/02 11:59:26.024, 100.86, 750, 150.00, 7, 66
2026/10/02 11:59:26.224, 120.03, 1500, 150.00, 68, 67
2026/10/02 11:59:26.425, 107.72, 1050, 150.00, 0, 66
2026/10/02 11:59:26.625, 91.92, 660, 150.00, 0, 65
2026/10/02 11:59:26.826, 101.38, 795, 150.00, 96, 67
2026/10/02 11:59:27.026, 116.52, 780, 150.00, 100, 68
2026/10/02 11:59:27.227, 112.38, 1065, 150.00, 68, 67
2026/10/02 11:59:27.428, 120.57, 1620, 150.00, 82, 67
2026/10/02 11:59:27.628, 125.99, 1635, 150.00, 57, 67
2026/10/02 11:59:27.829, 135.47, 615, 150.00, 41, 66
2026/10/02 11:59:28.029, 126.20, 1680, 150.00, 0, 66
2026/10/02 11:59:28.229, 111.24, 1680, 150.00, 0, 65
2026/10/02 11:59:28.430, 108.43, 1620, 150.00, 58, 67
2026/10/02 11:59:28.630, 113.24, 1560, 150.00, 43, 67
2026/10/02 11:59:28.831, 99.56, 1635, 150.00, 61, 66
2026/10/02 11:59:29.032, 101.95, 795, 150.00, 69, 67
2026/10/02 11:59:29.232, 117.37, 780, 150.00, 100, 67
2026/10/02 11:59:29.433, 132.26, 780, 150.00, 100, 68
2026/10/02 11:59:29.633, 138.98, 795, 150.00, 100, 68
2026/10/02 11:59:29.834, 139.33, 735, 150.00, 100, 67
2026/10/02 11:59:30.034, 149.93, 780, 150.00, 100, 68
2026/10/02 11:59:30.235, 149.85, 780, 150.00, 100, 68
2026/10/02 11:59:30.436, 149.90, 795, 150.00, 100, 68
2026/10/02 11:59:30.636, 150.03, 645, 150.00, 100, 68
2026/10/02 11:59:30.837, 147.51, 720, 150.00, 100, 68
2026/10/02 11:59:31.037, 150.23, 765, 150.00, 100, 68
2026/10/02 11:59:31.238, 150.18, 780, 150.00, 100, 68
2026/10/02 11:59:31.439, 150.16, 780, 150.00, 100, 68
2026/10/02 11:59:31.639, 149.58, 675, 150.00, 100, 68
2026/10/02 11:59:31.840, 149.60, 735, 150.00, 100, 68
2026/10/02 11:59:32.040, 150.32, 765, 150.00, 100, 68
2026/10/02 11:59:32.241, 150.55, 780, 150.00, 100, 69
2026/10/02 11:59:32.441, 150.72, 750, 150.00, 100, 69
2026/10/02 11:59:32.642, 150.12, 720, 150.00, 100, 69
2026/10/02 11:59:32.843, 150.02, 735, 150.00, 100, 69
2026/10/02 11:59:33.043, 143.39, 1665, 150.00, 76, 68
2026/10/02 11:59:33.243, 128.85, 735, 150.00, 3, 67
2026/10/02 11:59:33.444, 129.39, 780, 150.00, 88, 68
2026/10/02 11:59:33.644, 121.84, 1680, 150.00, 9, 67
2026/10/02 11:59:33.845, 106.90, 660, 150.00, 61, 67
2026/10/02 11:59:34.046, 103.01, 810, 150.00, 100, 68
2026/10/02 11:59:34.246, 110.20, 615, 150.00, 32, 67
2026/10/02 11:59:34.447, 119.61, 780, 150.00, 88, 68
2026/10/02 11:59:34.647, 117.80, 1545, 150.00, 100, 69
2026/10/02 11:59:34.848, 124.32, 765, 150.00, 69, 69
2026/10/02 11:59:35.049, 139.85, 1530, 150.00, 75, 69
2026/10/02 11:59:35.249, 124.04, 1680, 150.00, 0, 67
2026/10/02 11:59:35.449, 116.50, 945, 150.00, 0, 66
2026/10/02 11:59:35.650, 121.22, 1635, 150.00, 100, 68
2026/10/02 11:59:35.851, 122.32, 1605, 150.00, 58, 68
2026/10/02 11:59:36.051, 108.04, 645, 150.00, 0, 67
2026/10/02 11:59:36.251, 99.35, 630, 150.00, 0, 66
2026/10/02 11:59:36.452, 103.19, 600, 150.00, 0, 66
2026/10/02 11:59:36.652, 99.12, 1170, 150.00, 6, 68
2026/10/02 11:59:36.853, 90.79, 1110, 150.00, 0, 66
2026/10/02 11:59:37.053, 94.74, 1680, 150.00, 21, 66
2026/10/02 11:59:37.254, 107.67, 795, 150.00, 30, 68
2026/10/02 11:59:37.454, 112.61, 1680, 150.00, 21, 67
2026/10/02 11:59:37.655, 110.75, 1335, 150.00, 93, 68
2026/10/02 11:59:37.855, 117.42, 795, 150.00, 78, 68
2026/10/02 11:59:38.056, 119.94, 780, 150.00, 100, 68
2026/10/02 11:59:38.256, 135.66, 780, 150.00, 100, 69
2026/10/02 11:59:38.457, 126.36, 780, 150.00, 100, 69
2026/10/02 11:59:38.657, 139.05, 705, 150.00, 100, 69
2026/10/02 11:59:38.858, 149.86, 735, 150.00, 53, 69
2026/10/02 11:59:39.059, 150.82, 780, 150.00, 100, 69
2026/10/02 11:59:39.259, 150.80, 705, 150.00, 97, 69
2026/10/02 11:59:39.460, 151.55, 780, 150.00, 100, 69
2026/10/02 11:59:39.660, 151.88, 705, 150.00, 98, 69
2026/10/02 11:59:39.861, 154.74, 765, 150.00, 100, 69
2026/10/02 11:59:40.061, 147.05, 1665, 150.00, 77, 68
2026/10/02 11:59:40.263, 132.12, 1680, 150.00, 0, 67
2026/10/02 11:59:40.463, 119.02, 990, 150.00, 57, 68
2026/10/02 11:59:40.664, 115.74, 720, 150.00, 44, 69
2026/10/02 11:59:40.864, 114.68, 720, 150.00, 88, 68
2026/10/02 11:59:41.065, 106.10, 1680, 150.00, 61, 68
2026/10/02 11:59:41.265, 105.01, 645, 150.00, 0, 67
2026/10/02 11:59:41.466, 113.17, 795, 150.00, 67, 68
2026/10/02 11:59:41.667, 125.91, 780, 150.00, 100, 69
2026/10/02 11:59:41.867, 120.58, 795, 150.00, 100, 69
2026/10/02 11:59:42.068, 109.50, 1245, 150.00, 0, 67
2026/10/02 11:59:42.268, 133.79, 1350, 150.00, 42, 68
2026/10/02 11:59:42.468, 131.31, 600, 150.00, 0, 67
2026/10/02 11:59:42.669, 130.62, 780, 150.00, 100, 69
2026/10/02 11:59:42.869, 122.14, 1680, 150.00, 37, 68
2026/10/02 11:59:43.070, 120.78, 1155, 150.00, 100, 68
2026/10/02 11:59:43.271, 125.24, 1575, 150.00, 89, 69
2026/10/02 11:59:43.471, 126.39, 1590, 150.00, 52, 69
2026/10/02 11:59:43.672, 118.97, 1515, 150.00, 61, 68
2026/10/02 11:59:43.872, 125.23, 780, 150.00, 100, 69
2026/10/02 11:59:44.074, 125.09, 1680, 150.00, 0, 67
2026/10/02 11:59:44.275, 116.18, 1665, 150.00, 16, 67
2026/10/02 11:59:44.475, 129.22, 795, 150.00, 27, 68
2026/10/02 11:59:44.676, 145.16, 780, 150.00, 100, 69
2026/10/02 11:59:44.877, 139.07, 780, 150.00, 100, 69
2026/10/02 11:59:45.077, 141.71, 1665, 150.00, 100, 68
2026/10/02 11:59:45.278, 138.85, 1350, 150.00, 0, 69
2026/10/02 11:59:45.478, 124.04, 645, 150.00, 44, 67
2026/10/02 11:59:45.679, 112.00, 1680, 150.00, 58, 67
2026/10/02 11:59:45.879, 97.16, 690, 150.00, 0, 66
2026/10/02 11:59:46.080, 99.42, 1635, 150.00, 51, 68
2026/10/02 11:59:46.280, 110.69, 1680, 150.00, 22, 67
2026/10/02 11:59:46.481, 103.80, 1680, 150.00, 0, 66
2026/10/02 11:59:46.681, 100.75, 1245, 150.00, 0, 66
2026/10/02 11:59:46.882, 135.17, 795, 150.00, 35, 68
2026/10/02 11:59:47.083, 125.59, 705, 150.00, 100, 68
2026/10/02 11:59:47.283, 112.64, 990, 150.00, 67, 67
2026/10/02 11:59:47.484, 119.56, 705, 150.00, 62, 68
2026/10/02 11:59:47.684, 138.62, 1590, 150.00, 64, 68
2026/10/02 11:59:47.885, 110.36, 1680, 150.00, 24, 67
2026/10/02 11:59:48.085, 111.47, 780, 150.00, 0, 68
2026/10/02 11:59:48.286, 116.70, 1605, 150.00, 100, 68
2026/10/02 11:59:48.486, 124.76, 795, 150.00, 10, 68
2026/10/02 11:59:48.687, 125.68, 765, 150.00, 48, 69
2026/10/02 11:59:48.887, 128.15, 960, 150.00, 100, 68
2026/10/02 11:59:49.088, 136.33, 780, 150.00, 44, 69
2026/10/02 11:59:49.289, 127.48, 735, 150.00, 100, 69
2026/10/02 11:59:49.489, 143.88, 780, 150.00, 100, 69
2026/10/02 11:59:49.690, 145.70, 1065, 150.00, 99, 69
2026/10/02 11:59:49.890, 146.37, 1605, 150.00, 47, 69
2026/10/02 11:59:50.091, 127.45, 1680, 150.00, 9, 67
2026/10/02 11:59:50.291, 121.15, 1695, 150.00, 0, 67
2026/10/02 11:59:50.492, 127.52, 840, 150.00, 0, 68
2026/10/02 11:59:50.692, 126.45, 780, 150.00, 87, 69
2026/10/02 11:59:50.893, 122.04, 765, 150.00, 100, 69
2026/10/02 11:59:51.094, 137.51, 780, 150.00, 100, 69
2026/10/02 11:59:51.294, 150.38, 705, 150.00, 100, 69
2026/10/02 11:59:51.495, 151.80, 750, 150.00, 100, 69
2026/10/02 11:59:51.695, 150.94, 765, 150.00, 100, 69
2026/10/02 11:59:51.896, 151.00, 780, 150.00, 100, 70
2026/10/02 11:59:52.097, 150.94, 750, 150.00, 100, 70
2026/10/02 11:59:52.297, 149.40, 690, 150.00, 100, 69
2026/10/02 11:59:52.498, 150.60, 750, 150.00, 100, 69
2026/10/02 11:59:52.698, 150.61, 765, 150.00, 100, 70
2026/10/02 11:59:52.899, 136.62, 1665, 150.00, 80, 69
2026/10/02 11:59:53.099, 128.09, 630, 150.00, 0, 68
2026/10/02 11:59:53.300, 131.19, 1410, 150.00, 100, 69
2026/10/02 11:59:53.501, 116.47, 1680, 150.00, 44, 68
2026/10/02 11:59:53.701, 108.66, 660, 150.00, 0, 68
2026/10/02 11:59:53.902, 111.24, 945, 150.00, 69, 69
2026/10/02 11:59:54.102, 118.95, 615, 150.00, 41, 68
2026/10/02 11:59:54.303, 120.06, 780, 150.00, 100, 69
2026/10/02 11:59:54.503, 126.92, 765, 150.00, 100, 70
2026/10/02 11:59:54.704, 141.48, 765, 150.00, 100, 70
2026/10/02 11:59:54.904, 131.34, 1680, 150.00, 51, 68
2026/10/02 11:59:55.105, 124.30, 1680, 150.00, 0, 68
2026/10/02 11:59:55.305, 108.41, 1695, 150.00, 0, 67
2026/10/02 11:59:55.506, 102.76, 1605, 150.00, 53, 68
2026/10/02 11:59:55.706, 101.76, 1230, 150.00, 0, 67
2026/10/02 11:59:55.907, 115.34, 780, 150.00, 52, 69
2026/10/02 11:59:56.107, 128.84, 1635, 150.00, 95, 69
2026/10/02 11:59:56.308, 138.67, 870, 150.00, 51, 68
2026/10/02 11:59:56.508, 143.32, 780, 150.00, 100, 69
2026/10/02 11:59:56.709, 158.82, 765, 150.00, 100, 69
2026/10/02 11:59:56.910, 139.75, 1635, 150.00, 100, 69
2026/10/02 11:59:57.110, 124.58, 1185, 150.00, 2, 69
2026/10/02 11:59:57.310, 119.00, 1680, 150.00, 0, 67
2026/10/02 11:59:57.511, 103.62, 1695, 150.00, 0, 67
2026/10/02 11:59:57.712, 97.86, 1410, 150.00, 78, 69
2026/10/02 11:59:57.912, 92.68, 1350, 150.00, 16, 68
2026/10/02 11:59:58.112, 92.93, 1680, 150.00, 0, 67
2026/10/02 11:59:58.313, 94.23, 1695, 150.00, 0, 67
2026/10/02 11:59:58.513, 115.72, 780, 150.00, 25, 68
2026/10/02 11:59:58.714, 110.83, 780, 150.00, 100, 69
2026/10/02 11:59:58.914, 120.25, 780, 150.00, 42, 69
2026/10/02 11:59:59.115, 128.02, 600, 150.00, 5, 68
2026/10/02 11:59:59.315, 142.62, 780, 150.00, 100, 69
2026/10/02 11:59:59.516, 147.39, 780, 150.00, 70, 69
2026/10/02 11:59:59.717, 139.36, 1635, 150.00, 95, 69
2026/10/02 11:59:59.917, 132.77, 645, 150.00, 0, 67
2026/10/02 12:00:00.118, 131.77, 735, 150.00, 56, 69
2026/10/02 12:00:00.318, 124.08, 1515, 150.00, 100, 69
2026/10/02 12:00:00.519, 104.51, 855, 150.00, 0, 68
2026/10/02 12:00:00.719, 104.54, 1680, 150.00, 0, 67
2026/10/02 12:00:00.920, 111.23, 1575, 150.00, 100, 69
2026/10/02 12:00:01.120, 104.61, 1665, 150.00, 59, 68
2026/10/02 12:00:01.321, 102.36, 990, 150.00, 0, 67
2026/10/02 12:00:01.521, 112.07, 780, 150.00, 100, 69
2026/10/02 12:00:01.722, 120.52, 720, 150.00, 5, 68
2026/10/02 12:00:01.922, 116.16, 780, 150.00, 82, 69
2026/10/02 12:00:02.123, 132.93, 780, 150.00, 100, 70
2026/10/02 12:00:02.323, 147.84, 750, 150.00, 100, 70
2026/10/02 12:00:02.524, 141.49, 660, 150.00, 100, 70
2026/10/02 12:00:02.725, 152.13, 765, 150.00, 100, 70
2026/10/02 12:00:02.925, 150.77, 765, 150.00, 100, 70
2026/10/02 12:00:03.126, 144.52, 765, 150.00, 100, 70
2026/10/02 12:00:03.326, 131.64, 1155, 150.00, 0, 68
2026/10/02 12:00:03.527, 131.26, 780, 150.00, 100, 70
2026/10/02 12:00:03.727, 125.96, 1635, 150.00, 99, 69
2026/10/02 12:00:03.928, 115.42, 930, 150.00, 0, 68
2026/10/02 12:00:04.128, 115.33, 780, 150.00, 100, 69
2026/10/02 12:00:04.329, 131.10, 780, 150.00, 72, 70
2026/10/02 12:00:04.530, 136.63, 765, 150.00, 100, 70
2026/10/02 12:00:04.730, 133.97, 540, 150.00, 100, 70
2026/10/02 12:00:04.931, 147.78, 735, 150.00, 100, 70
2026/10/02 12:00:05.131, 152.00, 765, 150.00, 100, 70
2026/10/02 12:00:05.332, 149.69, 765, 150.00, 100, 70
2026/10/02 12:00:05.533, 149.72, 750, 150.00, 100, 70
2026/10/02 12:00:05.733, 148.05, 705, 150.00, 100, 70
2026/10/02 12:00:05.934, 150.42, 705, 150.00, 100, 70
2026/10/02 12:00:06.134, 147.35, 555, 150.00, 11, 69
2026/10/02 12:00:06.335, 142.52, 1095, 150.00, 96, 70
2026/10/02 12:00:06.535, 127.80, 1680, 150.00, 0, 68
2026/10/02 12:00:06.736, 126.34, 555, 150.00, 0, 68
2026/10/02 12:00:06.936, 124.83, 1575, 150.00, 44, 69
2026/10/02 12:00:07.137, 118.38, 1680, 150.00, 0, 68
2026/10/02 12:00:07.337, 112.57, 645, 150.00, 58, 68
2026/10/02 12:00:07.538, 109.70, 1680, 150.00, 10, 68
2026/10/02 12:00:07.738, 109.58, 1680, 150.00, 0, 68
2026/10/02 12:00:07.939, 98.35, 780, 150.00, 100, 69
2026/10/02 12:00:08.139, 98.52, 1275, 150.00, 26, 68
2026/10/02 12:00:08.340, 105.88, 570, 150.00, 0, 68
2026/10/02 12:00:08.540, 104.52, 1650, 150.00, 100, 69
2026/10/02 12:00:08.741, 104.53, 1680, 150.00, 0, 68
2026/10/02 12:00:08.941, 109.48, 1545, 150.00, 20, 69
2026/10/02 12:00:09.142, 114.28, 585, 150.00, 0, 67
2026/10/02 12:00:09.342, 130.21, 705, 150.00, 67, 69
2026/10/02 12:00:09.543, 110.31, 1680, 150.00, 6, 68
2026/10/02 12:00:09.743, 110.68, 1680, 150.00, 0, 67
2026/10/02 12:00:09.944, 112.98, 780, 150.00, 67, 69
2026/10/02 12:00:10.145, 129.01, 765, 150.00, 100, 69
2026/10/02 12:00:10.345, 124.41, 765, 150.00, 100, 70
2026/10/02 12:00:10.546, 131.86, 765, 150.00, 100, 70
2026/10/02 12:00:10.746, 143.23, 720, 150.00, 100, 69
2026/10/02 12:00:10.947, 148.99, 855, 150.00, 100, 70
2026/10/02 12:00:11.148, 148.87, 765, 150.00, 99, 70
2026/10/02 12:00:11.348, 143.25, 1620, 150.00, 76, 70
2026/10/02 12:00:11.549, 128.65, 1680, 150.00, 0, 68
2026/10/02 12:00:11.749, 134.24, 780, 150.00, 51, 69
2026/10/02 12:00:11.950, 134.96, 765, 150.00, 100, 70
2026/10/02 12:00:12.150, 136.10, 765, 150.00, 100, 70
2026/10/02 12:00:12.351, 125.17, 1380, 150.00, 89, 70
2026/10/02 12:00:12.551, 135.42, 780, 150.00, 69, 70
2026/10/02 12:00:12.752, 124.39, 1680, 150.00, 55, 69
2026/10/02 12:00:12.952, 109.70, 1680, 150.00, 0, 68
2026/10/02 12:00:13.153, 108.49, 765, 150.00, 81, 69
2026/10/02 12:00:13.353, 92.90, 1680, 150.00, 48, 68
2026/10/02 12:00:13.554, 105.39, 765, 150.00, 90, 69
2026/10/02 12:00:13.755, 113.77, 855, 150.00, 100, 70
2026/10/02 12:00:13.955, 120.32, 1665, 150.00, 58, 69
2026/10/02 12:00:14.156, 123.50, 1320, 150.00, 0, 68
2026/10/02 12:00:14.356, 123.81, 1605, 150.00, 95, 69
2026/10/02 12:00:14.557, 129.01, 1575, 150.00, 23, 69
2026/10/02 12:00:14.757, 114.12, 1680, 150.00, 0, 68
2026/10/02 12:00:14.958, 100.24, 1335, 150.00, 62, 69
2026/10/02 12:00:15.158, 103.18, 1665, 150.00, 59, 68
2026/10/02 12:00:15.359, 101.26, 780, 150.00, 70, 69
2026/10/02 12:00:15.559, 106.53, 720, 150.00, 100, 70
2026/10/02 12:00:15.760, 114.59, 1650, 150.00, 100, 69
2026/10/02 12:00:15.960, 119.40, 1080, 150.00, 0, 68
2026/10/02 12:00:16.161, 130.17, 735, 150.00, 54, 68
2026/10/02 12:00:16.361, 137.84, 765, 150.00, 100, 70
2026/10/02 12:00:16.562, 129.18, 1455, 150.00, 100, 70
2026/10/02 12:00:16.763, 120.14, 630, 150.00, 0, 68
2026/10/02 12:00:16.963, 135.24, 780, 150.00, 100, 70
2026/10/02 12:00:17.164, 145.45, 765, 150.00, 100, 70
2026/10/02 12:00:17.364, 138.26, 765, 150.00, 100, 70
2026/10/02 12:00:17.565, 128.90, 600, 150.00, 55, 69
2026/10/02 12:00:17.765, 132.43, 1680, 150.00, 75, 69
2026/10/02 12:00:17.966, 115.42, 1275, 150.00, 56, 69
2026/10/02 12:00:18.166, 100.73, 1680, 150.00, 0, 68
2026/10/02 12:00:18.367, 107.61, 795, 150.00, 24, 69
2026/10/02 12:00:18.567, 116.32, 765, 150.00, 89, 70
2026/10/02 12:00:18.768, 124.53, 765, 150.00, 100, 70
2026/10/02 12:00:18.969, 138.03, 765, 150.00, 100, 70
2026/10/02 12:00:19.169, 151.67, 780, 150.00, 100, 70
2026/10/02 12:00:19.370, 136.46, 1680, 150.00, 67, 69
2026/10/02 12:00:19.570, 141.34, 780, 150.00, 41, 70
2026/10/02 12:00:19.771, 139.63, 630, 150.00, 77, 69
2026/10/02 12:00:19.971, 139.78, 765, 150.00, 100, 70
2026/10/02 12:00:20.172, 124.74, 1680, 150.00, 58, 69
2026/10/02 12:00:20.373, 131.87, 1605, 150.00, 34, 70
2026/10/02 12:00:20.573, 128.75, 615, 150.00, 0, 68
2026/10/02 12:00:20.773, 117.61, 1230, 150.00, 5, 68
2026/10/02 12:00:20.974, 100.36, 1680, 150.00, 0, 68
2026/10/02 12:00:21.174, 94.18, 1695, 150.00, 0, 68
2026/10/02 12:00:21.375, 90.13, 1110, 150.00, 62, 69
2026/10/02 12:00:21.575, 100.46, 1530, 150.00, 16, 69
2026/10/02 12:00:21.776, 113.51, 615, 150.00, 48, 69
2026/10/02 12:00:21.977, 131.47, 780, 150.00, 37, 70
2026/10/02 12:00:22.177, 144.39, 900, 150.00, 100, 69
2026/10/02 12:00:22.378, 155.88, 780, 150.00, 38, 70
2026/10/02 12:00:22.578, 148.77, 735, 150.00, 9, 68
2026/10/02 12:00:22.779, 138.45, 1680, 150.00, 69, 69
2026/10/02 12:00:22.979, 117.02, 1680, 150.00, 0, 68
2026/10/02 12:00:23.180, 116.05, 975, 150.00, 80, 69
2026/10/02 12:00:23.380, 97.24, 1680, 150.00, 52, 68
2026/10/02 12:00:23.580, 90.52, 1680, 150.00, 0, 68
2026/10/02 12:00:23.781, 98.54, 1575, 150.00, 36, 69
2026/10/02 12:00:23.981, 111.48, 660, 150.00, 70, 69
2026/10/02 12:00:24.182, 109.65, 855, 150.00, 47, 68
2026/10/02 12:00:24.383, 124.69, 720, 150.00, 30, 68
2026/10/02 12:00:24.584, 123.59, 1680, 150.00, 0, 68
2026/10/02 12:00:24.784, 108.81, 1680, 150.00, 0, 67
2026/10/02 12:00:24.985, 112.49, 630, 150.00, 57, 67
2026/10/02 12:00:25.185, 120.03, 870, 150.00, 98, 69
2026/10/02 12:00:25.386, 112.75, 1095, 150.00, 72, 69
2026/10/02 12:00:25.587, 111.57, 1275, 150.00, 34, 68
2026/10/02 12:00:25.787, 123.04, 765, 150.00, 90, 70
2026/10/02 12:00:25.988, 136.87, 945, 150.00, 28, 68
2026/10/02 12:00:26.188, 135.71, 855, 150.00, 96, 69
2026/10/02 12:00:26.389, 128.84, 1680, 150.00, 0, 68
2026/10/02 12:00:26.590, 142.35, 1590, 150.00, 35, 69
2026/10/02 12:00:26.790, 125.25, 1650, 150.00, 8, 68
2026/10/02 12:00:26.991, 127.07, 1455, 150.00, 40, 69
2026/10/02 12:00:27.191, 112.92, 675, 150.00, 72, 68
2026/10/02 12:00:27.392, 105.29, 1680, 150.00, 0, 68
2026/10/02 12:00:27.592, 103.64, 1605, 150.00, 26, 69
2026/10/02 12:00:27.793, 102.18, 1680, 150.00, 0, 67
2026/10/02 12:00:27.993, 100.46, 630, 150.00, 52, 67
2026/10/02 12:00:28.194, 113.10, 1110, 150.00, 20, 67
2026/10/02 12:00:28.394, 120.83, 780, 150.00, 100, 69
2026/10/02 12:00:28.595, 109.62, 1005, 150.00, 61, 68
2026/10/02 12:00:28.795, 130.08, 780, 150.00, 100, 69
2026/10/02 12:00:28.996, 144.70, 765, 150.00, 100, 70
2026/10/02 12:00:29.197, 150.04, 780, 150.00, 100, 70
2026/10/02 12:00:29.397, 144.84, 720, 150.00, 100, 70
2026/10/02 12:00:29.598, 151.39, 735, 150.00, 100, 70
2026/10/02 12:00:29.798, 150.92, 765, 150.00, 100, 70
2026/10/02 12:00:29.999, 150.90, 765, 150.00, 100, 70
2026/10/02 12:00:30.200, 150.96, 765, 150.00, 100, 70
2026/10/02 12:00:30.400, 150.50, 645, 150.00, 100, 70
2026/10/02 12:00:30.601, 150.22, 720, 150.00, 100, 70
2026/10/02 12:00:30.801, 150.37, 750, 150.00, 100, 70
2026/10/02 12:00:31.002, 150.33, 765, 150.00, 100, 70
2026/10/02 12:00:31.203, 150.33, 735, 150.00, 100, 71
2026/10/02 12:00:31.403, 135.46, 630, 150.00, 62, 69
2026/10/02 12:00:31.604, 122.21, 1680, 150.00, 0, 69
2026/10/02 12:00:31.804, 117.24, 630, 150.00, 57, 68
2026/10/02 12:00:32.005, 102.29, 1680, 150.00, 0, 68
2026/10/02 12:00:32.205, 92.61, 870, 150.00, 63, 68
2026/10/02 12:00:32.406, 85.15, 1365, 150.00, 57, 68
2026/10/02 12:00:32.606, 87.00, 1260, 150.00, 66, 69
2026/10/02 12:00:32.807, 95.11, 645, 150.00, 52, 69
2026/10/02 12:00:33.007, 86.59, 1680, 150.00, 0, 68
2026/10/02 12:00:33.208, 86.19, 1680, 150.00, 0, 68
2026/10/02 12:00:33.408, 87.56, 840, 150.00, 77, 68
2026/10/02 12:00:33.609, 87.46, 1680, 150.00, 0, 68
2026/10/02 12:00:33.809, 98.08, 1560, 150.00, 41, 69
2026/10/02 12:00:34.010, 89.19, 1680, 150.00, 0, 68
2026/10/02 12:00:34.210, 89.40, 1695, 150.00, 0, 67
2026/10/02 12:00:34.411, 92.64, 975, 150.00, 62, 67
2026/10/02 12:00:34.611, 97.58, 1350, 150.00, 46, 68
2026/10/02 12:00:34.811, 90.81, 645, 150.00, 77, 67
2026/10/02 12:00:35.012, 91.28, 1665, 150.00, 0, 68
2026/10/02 12:00:35.212, 101.80, 795, 150.00, 50, 67
2026/10/02 12:00:35.413, 101.06, 1680, 150.00, 0, 67
2026/10/02 12:00:35.613, 106.23, 795, 150.00, 100, 69
2026/10/02 12:00:35.814, 124.25, 690, 150.00, 53, 69
2026/10/02 12:00:36.014, 117.74, 1680, 150.00, 0, 68
2026/10/02 12:00:36.215, 117.80, 1680, 150.00, 0, 67
2026/10/02 12:00:36.415, 117.50, 630, 150.00, 56, 67
2026/10/02 12:00:36.616, 108.56, 1650, 150.00, 0, 68
2026/10/02 12:00:36.816, 93.76, 1680, 150.00, 0, 67
2026/10/02 12:00:37.016, 97.11, 1560, 150.00, 39, 68
2026/10/02 12:00:37.217, 101.48, 1665, 150.00, 0, 68
2026/10/02 12:00:37.417, 113.33, 570, 150.00, 43, 67
2026/10/02 12:00:37.618, 117.61, 780, 150.00, 100, 68
2026/10/02 12:00:37.818, 117.03, 1680, 150.00, 0, 68
2026/10/02 12:00:38.019, 126.53, 1545, 150.00, 40, 68
2026/10/02 12:00:38.219, 121.66, 1680, 150.00, 0, 68
2026/10/02 12:00:38.420, 131.70, 1275, 150.00, 14, 67
2026/10/02 12:00:38.620, 108.45, 1680, 150.00, 0, 67
2026/10/02 12:00:38.821, 105.16, 1170, 150.00, 72, 67
2026/10/02 12:00:39.021, 99.06, 1455, 150.00, 41, 69
2026/10/02 12:00:39.222, 90.64, 1665, 150.00, 0, 68
2026/10/02 12:00:39.422, 90.67, 1680, 150.00, 0, 67
2026/10/02 12:00:39.623, 82.24, 1695, 150.00, 0, 67
2026/10/02 12:00:39.823, 103.32, 750, 150.00, 91, 68
2026/10/02 12:00:40.024, 92.68, 1680, 150.00, 0, 67
2026/10/02 12:00:40.224, 92.45, 1680, 150.00, 0, 66
2026/10/02 12:00:40.425, 92.68, 1695, 150.00, 0, 66
2026/10/02 12:00:40.625, 106.50, 870, 150.00, 30, 66
2026/10/02 12:00:40.826, 107.41, 780, 150.00, 100, 68
2026/10/02 12:00:41.026, 100.07, 1680, 150.00, 0, 67
2026/10/02 12:00:41.227, 100.03, 1680, 150.00, 0, 67
2026/10/02 12:00:41.427, 100.08, 1695, 150.00, 0, 66
2026/10/02 12:00:41.628, 106.58, 675, 150.00, 87, 67
2026/10/02 12:00:41.828, 100.66, 780, 150.00, 100, 68
2026/10/02 12:00:42.029, 102.93, 1635, 150.00, 9, 69
2026/10/02 12:00:42.229, 115.28, 585, 150.00, 46, 67
2026/10/02 12:00:42.430, 122.85, 735, 150.00, 100, 67
2026/10/02 12:00:42.630, 137.58, 780, 150.00, 100, 69
2026/10/02 12:00:42.831, 124.47, 1665, 150.00, 0, 68
2026/10/02 12:00:43.032, 106.06, 1680, 150.00, 0, 68
2026/10/02 12:00:43.232, 106.65, 1680, 150.00, 0, 67
2026/10/02 12:00:43.433, 93.18, 1680, 150.00, 0, 67
2026/10/02 12:00:43.633, 80.00, 1665, 150.00, 0, 67
2026/10/02 12:00:43.834, 71.47, 1680, 150.00, 0, 66
2026/10/02 12:00:44.034, 72.54, 1695, 150.00, 0, 66
2026/10/02 12:00:44.234, 73.69, 1155, 150.00, 60, 66
2026/10/02 12:00:44.435, 73.47, 1680, 150.00, 0, 66
2026/10/02 12:00:44.635, 71.70, 990, 150.00, 62, 67
2026/10/02 12:00:44.836, 71.65, 1680, 150.00, 0, 66
2026/10/02 12:00:45.036, 71.65, 1695, 150.00, 0, 66
2026/10/02 12:00:45.237, 95.28, 1035, 150.00, 69, 67
2026/10/02 12:00:45.437, 93.50, 1680, 150.00, 0, 66
2026/10/02 12:00:45.637, 93.47, 1680, 150.00, 0, 66
2026/10/02 12:00:45.838, 94.49, 1695, 150.00, 0, 66
2026/10/02 12:00:46.038, 101.06, 720, 150.00, 78, 66
2026/10/02 12:00:46.239, 93.88, 1395, 150.00, 46, 68
2026/10/02 12:00:46.439, 90.02, 1515, 150.00, 46, 68
2026/10/02 12:00:46.640, 103.03, 1650, 150.00, 25, 68
2026/10/02 12:00:46.840, 102.97, 1680, 150.00, 0, 66
2026/10/02 12:00:47.041, 116.03, 1635, 150.00, 28, 66
2026/10/02 12:00:47.241, 121.45, 1170, 150.00, 100, 67
2026/10/02 12:00:47.442, 124.19, 1455, 150.00, 79, 67
2026/10/02 12:00:47.642, 114.76, 1680, 150.00, 0, 67
2026/10/02 12:00:47.843, 115.69, 1680, 150.00, 0, 66
2026/10/02 12:00:48.044, 106.38, 1365, 150.00, 63, 67
2026/10/02 12:00:48.244, 102.78, 735, 150.00, 63, 67
2026/10/02 12:00:48.444, 89.05, 1680, 150.00, 0, 66
2026/10/02 12:00:48.645, 96.42, 1650, 150.00, 22, 66
2026/10/02 12:00:48.845, 96.68, 1680, 150.00, 0, 66
2026/10/02 12:00:49.046, 103.14, 1170, 150.00, 60, 66
2026/10/02 12:00:49.246, 111.32, 1665, 150.00, 13, 66
2026/10/02 12:00:49.447, 102.00, 1680, 150.00, 0, 66
2026/10/02 12:00:49.647, 89.84, 1695, 150.00, 0, 66
2026/10/02 12:00:49.848, 100.00, 1605, 150.00, 47, 66
2026/10/02 12:00:50.048, 98.78, 1560, 150.00, 59, 66
2026/10/02 12:00:50.249, 78.82, 1680, 150.00, 0, 66
2026/10/02 12:00:50.449, 92.50, 705, 150.00, 15, 67
2026/10/02 12:00:50.650, 91.25, 1680, 150.00, 0, 66
2026/10/02 12:00:50.850, 80.51, 1680, 150.00, 0, 65
2026/10/02 12:00:51.051, 81.95, 1695, 150.00, 0, 65
2026/10/02 12:00:51.251, 83.29, 1695, 150.00, 0, 65
2026/10/02 12:00:51.452, 87.46, 1410, 150.00, 65, 66
2026/10/02 12:00:51.652, 82.77, 1305, 150.00, 59, 67
2026/10/02 12:00:51.852, 82.45, 1680, 150.00, 0, 65
2026/10/02 12:00:52.053, 82.38, 1695, 150.00, 0, 65
2026/10/02 12:00:52.253, 82.35, 1695, 150.00, 0, 65
2026/10/02 12:00:52.454, 84.72, 750, 150.00, 86, 67
2026/10/02 12:00:52.654, 98.23, 795, 150.00, 100, 68
2026/10/02 12:00:52.855, 98.14, 1560, 150.00, 64, 67
2026/10/02 12:00:53.055, 111.69, 660, 150.00, 35, 67
2026/10/02 12:00:53.256, 110.75, 1680, 150.00, 0, 66
2026/10/02 12:00:53.456, 122.62, 615, 150.00, 18, 67
2026/10/02 12:00:53.657, 105.87, 1680, 150.00, 0, 65
2026/10/02 12:00:53.857, 96.45, 1005, 150.00, 6, 67
2026/10/02 12:00:54.058, 103.17, 1635, 150.00, 37, 66
2026/10/02 12:00:54.258, 90.36, 1680, 150.00, 0, 65
2026/10/02 12:00:54.458, 102.79, 630, 150.00, 19, 66
2026/10/02 12:00:54.659, 100.77, 1650, 150.00, 28, 66
2026/10/02 12:00:54.859, 100.79, 1245, 150.00, 0, 66
2026/10/02 12:00:55.060, 90.01, 1680, 150.00, 0, 65
2026/10/02 12:00:55.261, 96.65, 990, 150.00, 55, 66
2026/10/02 12:00:55.461, 95.47, 1680, 150.00, 0, 65
2026/10/02 12:00:55.662, 73.45, 1680, 150.00, 0, 65
2026/10/02 12:00:55.862, 79.55, 1290, 150.00, 61, 66
2026/10/02 12:00:56.062, 94.25, 585, 150.00, 26, 67
2026/10/02 12:00:56.263, 97.53, 615, 150.00, 16, 66
2026/10/02 12:00:56.463, 98.53, 1680, 150.00, 0, 65
2026/10/02 12:00:56.664, 124.70, 705, 150.00, 66, 67
2026/10/02 12:00:56.864, 131.67, 1665, 150.00, 10, 66
2026/10/02 12:00:57.065, 127.21, 1470, 150.00, 58, 66
2026/10/02 12:00:57.265, 113.96, 1680, 150.00, 0, 65
2026/10/02 12:00:57.466, 106.52, 1380, 150.00, 59, 66
2026/10/02 12:00:57.666, 92.21, 1680, 150.00, 0, 65
2026/10/02 12:00:57.866, 90.62, 645, 150.00, 24, 67
2026/10/02 12:00:58.067, 98.23, 1665, 150.00, 16, 66
2026/10/02 12:00:58.268, 107.51, 975, 150.00, 53, 67
2026/10/02 12:00:58.468, 106.95, 1680, 150.00, 0, 65
2026/10/02 12:00:58.668, 104.85, 1695, 150.00, 0, 65
2026/10/02 12:00:58.869, 100.69, 1695, 150.00, 0, 65
2026/10/02 12:00:59.069, 79.33, 1695, 150.00, 0, 65
2026/10/02 12:00:59.270, 79.95, 1695, 150.00, 0, 65
2026/10/02 12:00:59.471, 79.95, 1695, 150.00, 0, 65
2026/10/02 12:00:59.671, 103.53, 1245, 150.00, 0, 65
2026/10/02 12:00:59.872, 100.70, 1680, 150.00, 0, 65
2026/10/02 12:01:00.072, 100.56, 1680, 150.00, 0, 65
2026/10/02 12:01:00.272, 100.50, 1695, 150.00, 0, 64
2026/10/02 12:01:00.473, 109.73, 1650, 150.00, 21, 65
2026/10/02 12:01:00.673, 104.11, 1680, 150.00, 0, 64
2026/10/02 12:01:00.874, 83.26, 1695, 150.00, 0, 64
2026/10/02 12:01:01.074, 83.27, 1485, 150.00, 57, 65
2026/10/02 12:01:01.275, 83.06, 1680, 150.00, 0, 64
2026/10/02 12:01:01.475, 69.39, 1695, 150.00, 0, 64
2026/10/02 12:01:01.676, 83.68, 1635, 150.00, 34, 65
2026/10/02 12:01:01.876, 90.84, 1230, 150.00, 59, 65
2026/10/02 12:01:02.077, 90.36, 1680, 150.00, 0, 64
2026/10/02 12:01:02.277, 90.71, 1695, 150.00, 0, 64
2026/10/02 12:01:02.478, 110.29, 1275, 150.00, 96, 66
2026/10/02 12:01:02.678, 106.43, 630, 150.00, 16, 66
2026/10/02 12:01:02.879, 117.57, 1005, 150.00, 43, 65
2026/10/02 12:01:03.079, 116.45, 1620, 150.00, 44, 65
2026/10/02 12:01:03.280, 116.43, 1680, 150.00, 0, 65
2026/10/02 12:01:03.480, 117.60, 645, 150.00, 22, 66
2026/10/02 12:01:03.681, 117.64, 1665, 150.00, 21, 65
2026/10/02 12:01:03.881, 107.36, 1620, 150.00, 40, 65
2026/10/02 12:01:04.082, 101.72, 1680, 150.00, 0, 65
2026/10/02 12:01:04.282, 111.87, 1620, 150.00, 43, 65
2026/10/02 12:01:04.483, 111.75, 1680, 150.00, 0, 64
2026/10/02 12:01:04.683, 90.64, 1695, 150.00, 0, 64
2026/10/02 12:01:04.883, 78.28, 1695, 150.00, 0, 64
2026/10/02 12:01:05.084, 79.51, 1695, 150.00, 0, 64
2026/10/02 12:01:05.284, 81.45, 1620, 150.00, 39, 64
2026/10/02 12:01:05.485, 82.57, 1680, 150.00, 0, 64
2026/10/02 12:01:05.685, 90.93, 735, 150.00, 61, 66
2026/10/02 12:01:05.886, 97.48, 1575, 150.00, 62, 65
2026/10/02 12:01:06.086, 116.45, 795, 150.00, 100, 66
2026/10/02 12:01:06.287, 103.63, 1680, 150.00, 0, 65
2026/10/02 12:01:06.487, 104.94, 1695, 150.00, 0, 64
2026/10/02 12:01:06.688, 96.64, 1695, 150.00, 0, 64
2026/10/02 12:01:06.888, 105.30, 930, 150.00, 36, 65
2026/10/02 12:01:07.089, 94.14, 1635, 150.00, 83, 65
2026/10/02 12:01:07.290, 105.11, 1320, 150.00, 19, 65
2026/10/02 12:01:07.490, 104.37, 1680, 150.00, 61, 65
2026/10/02 12:01:07.691, 104.34, 1680, 150.00, 0, 64
2026/10/02 12:01:07.891, 90.39, 1695, 150.00, 0, 64
2026/10/02 12:01:08.092, 80.24, 1695, 150.00, 0, 64
2026/10/02 12:01:08.292, 74.06, 1590, 150.00, 10, 64
2026/10/02 12:01:08.493, 78.23, 1590, 150.00, 7, 65
2026/10/02 12:01:08.693, 81.26, 1680, 150.00, 60, 64
2026/10/02 12:01:08.894, 81.21, 1680, 150.00, 0, 64
2026/10/02 12:01:09.094, 81.13, 1695, 150.00, 0, 64
2026/10/02 12:01:09.295, 74.49, 1695, 150.00, 0, 64
2026/10/02 12:01:09.495, 84.38, 1395, 150.00, 55, 65
2026/10/02 12:01:09.696, 82.02, 1680, 150.00, 0, 64
2026/10/02 12:01:09.896, 90.28, 750, 150.00, 0, 65
2026/10/02 12:01:10.097, 90.59, 1680, 150.00, 77, 64
2026/10/02 12:01:10.297, 90.45, 1680, 150.00, 0, 64
2026/10/02 12:01:10.497, 78.91, 1695, 150.00, 0, 64
2026/10/02 12:01:10.698, 79.33, 1680, 150.00, 61, 64
2026/10/02 12:01:10.898, 79.30, 1680, 150.00, 0, 64
2026/10/02 12:01:11.099, 70.02, 1515, 150.00, 0, 64
2026/10/02 12:01:11.299, 70.07, 1155, 150.00, 0, 65
2026/10/02 12:01:11.500, 76.30, 1605, 150.00, 79, 65
2026/10/02 12:01:11.700, 74.96, 1680, 150.00, 0, 64
2026/10/02 12:01:11.901, 75.19, 1695, 150.00, 0, 64
2026/10/02 12:01:12.101, 80.56, 1575, 150.00, 85, 65
2026/10/02 12:01:12.302, 99.76, 720, 150.00, 11, 66
2026/10/02 12:01:12.502, 99.39, 1650, 150.00, 98, 65
2026/10/02 12:01:12.703, 100.55, 1680, 150.00, 0, 64
2026/10/02 12:01:12.903, 100.64, 1695, 150.00, 0, 64
2026/10/02 12:01:13.104, 94.21, 1695, 150.00, 0, 64
2026/10/02 12:01:13.304, 95.26, 750, 150.00, 59, 65
2026/10/02 12:01:13.505, 77.87, 1410, 150.00, 79, 65
2026/10/02 12:01:13.705, 84.05, 1605, 150.00, 92, 65
2026/10/02 12:01:13.906, 84.05, 1680, 150.00, 0, 64
2026/10/02 12:01:14.106, 83.99, 1695, 150.00, 0, 64
2026/10/02 12:01:14.307, 96.62, 645, 150.00, 0, 65
2026/10/02 12:01:14.507, 86.91, 1680, 150.00, 20, 64
2026/10/02 12:01:14.708, 80.46, 1695, 150.00, 0, 64
2026/10/02 12:01:14.908, 81.57, 1695, 150.00, 0, 63
2026/10/02 12:01:15.108, 82.43, 1425, 150.00, 0, 64
2026/10/02 12:01:15.309, 103.98, 1080, 150.00, 33, 65
2026/10/02 12:01:15.509, 91.82, 1680, 150.00, 8, 64
2026/10/02 12:01:15.710, 97.60, 1680, 150.00, 60, 64
2026/10/02 12:01:15.910, 110.79, 615, 150.00, 0, 65
2026/10/02 12:01:16.111, 128.21, 1005, 150.00, 81, 65
2026/10/02 12:01:16.311, 112.73, 1680, 150.00, 10, 64
2026/10/02 12:01:16.512, 133.17, 630, 150.00, 35, 66
2026/10/02 12:01:16.712, 126.04, 1080, 150.00, 33, 65
2026/10/02 12:01:16.913, 125.68, 1590, 150.00, 63, 65
2026/10/02 12:01:17.113, 103.06, 1680, 150.00, 0, 64
2026/10/02 12:01:17.314, 98.53, 1005, 150.00, 0, 65
2026/10/02 12:01:17.514, 90.19, 1635, 150.00, 100, 64
2026/10/02 12:01:17.715, 77.84, 1680, 150.00, 0, 64
2026/10/02 12:01:17.915, 77.56, 1695, 150.00, 0, 64
2026/10/02 12:01:18.116, 90.26, 1650, 150.00, 41, 64
2026/10/02 12:01:18.316, 90.25, 1680, 150.00, 0, 64
2026/10/02 12:01:18.517, 80.45, 1695, 150.00, 0, 63
2026/10/02 12:01:18.717, 81.45, 1695, 150.00, 0, 63
2026/10/02 12:01:18.917, 89.99, 765, 150.00, 0, 65
2026/10/02 12:01:19.118, 95.94, 780, 150.00, 66, 66
2026/10/02 12:01:19.318, 95.94, 1680, 150.00, 22, 64
2026/10/02 12:01:19.519, 95.92, 1695, 150.00, 0, 63
2026/10/02 12:01:19.719, 95.97, 1695, 150.00, 0, 63
2026/10/02 12:01:19.920, 95.96, 1695, 150.00, 0, 63
2026/10/02 12:01:20.120, 77.11, 1695, 150.00, 0, 63
2026/10/02 12:01:20.321, 91.04, 1080, 150.00, 33, 65
2026/10/02 12:01:20.521, 90.54, 1680, 150.00, 8, 64
2026/10/02 12:01:20.722, 89.69, 1155, 150.00, 0, 64
2026/10/02 12:01:20.922, 88.80, 1680, 150.00, 61, 64
2026/10/02 12:01:21.123, 88.72, 1680, 150.00, 0, 63
2026/10/02 12:01:21.323, 88.72, 705, 150.00, 0, 65
2026/10/02 12:01:21.523, 94.30, 645, 150.00, 21, 65
2026/10/02 12:01:21.724, 93.18, 1680, 150.00, 35, 64
2026/10/02 12:01:21.924, 94.58, 1680, 150.00, 0, 63
2026/10/02 12:01:22.125, 102.39, 1665, 150.00, 59, 63
2026/10/02 12:01:22.325, 103.18, 1440, 150.00, 0, 64
2026/10/02 12:01:22.526, 90.06, 1680, 150.00, 0, 63
2026/10/02 12:01:22.726, 77.72, 1695, 150.00, 0, 63
2026/10/02 12:01:22.927, 82.58, 1590, 150.00, 9, 64
2026/10/02 12:01:23.127, 74.36, 1680, 150.00, 0, 63
2026/10/02 12:01:23.327, 74.79, 1695, 150.00, 0, 63
2026/10/02 12:01:23.528, 81.32, 780, 150.00, 0, 64
2026/10/02 12:01:23.728, 88.20, 1605, 150.00, 87, 64
2026/10/02 12:01:23.929, 94.58, 675, 150.00, 0, 65
2026/10/02 12:01:24.129, 102.87, 1680, 150.00, 99, 64
2026/10/02 12:01:24.330, 102.95, 1680, 150.00, 0, 63
2026/10/02 12:01:24.530, 102.94, 1695, 150.00, 0, 63
2026/10/02 12:01:24.731, 96.51, 1155, 150.00, 0, 64
2026/10/02 12:01:24.931, 104.72, 765, 150.00, 2, 65
2026/10/02 12:01:25.132, 87.64, 1365, 150.00, 74, 64
2026/10/02 12:01:25.332, 99.95, 1395, 150.00, 56, 65
2026/10/02 12:01:25.533, 99.75, 1470, 150.00, 0, 64
2026/10/02 12:01:25.733, 101.58, 1425, 150.00, 65, 65
2026/10/02 12:01:25.934, 99.65, 795, 150.00, 56, 66
2026/10/02 12:01:26.134, 107.29, 795, 150.00, 100, 66
2026/10/02 12:01:26.335, 102.24, 1545, 150.00, 100, 65
2026/10/02 12:01:26.535, 99.75, 1680, 150.00, 0, 64
2026/10/02 12:01:26.736, 96.83, 1695, 150.00, 0, 64
2026/10/02 12:01:26.936, 112.31, 630, 150.00, 58, 65
2026/10/02 12:01:27.137, 106.44, 795, 150.00, 33, 65
2026/10/02 12:01:27.337, 100.21, 1620, 150.00, 61, 64
2026/10/02 12:01:27.538, 100.96, 1680, 150.00, 0, 64
2026/10/02 12:01:27.738, 106.21, 1680, 150.00, 57, 64
2026/10/02 12:01:27.939, 113.66, 765, 150.00, 0, 65
2026/10/02 12:01:28.139, 116.23, 795, 150.00, 100, 66
2026/10/02 12:01:28.340, 103.82, 1665, 150.00, 100, 65
2026/10/02 12:01:28.540, 105.02, 1680, 150.00, 0, 64
2026/10/02 12:01:28.741, 115.25, 795, 150.00, 65, 66
2026/10/02 12:01:28.941, 124.94, 900, 150.00, 100, 66
2026/10/02 12:01:29.142, 117.76, 1185, 150.00, 55, 65
2026/10/02 12:01:29.342, 102.03, 1680, 150.00, 1, 64
2026/10/02 12:01:29.543, 101.67, 1620, 150.00, 0, 64
2026/10/02 12:01:29.743, 107.97, 900, 150.00, 0, 65
2026/10/02 12:01:29.944, 91.60, 1680, 150.00, 30, 64
2026/10/02 12:01:30.144, 90.94, 1695, 150.00, 0, 64
2026/10/02 12:01:30.345, 82.38, 1695, 150.00, 0, 63
2026/10/02 12:01:30.545, 82.44, 1425, 150.00, 0, 63
2026/10/02 12:01:30.746, 93.28, 1470, 150.00, 58, 65
2026/10/02 12:01:30.946, 79.28, 1680, 150.00, 0, 64
2026/10/02 12:01:31.146, 79.28, 1695, 150.00, 0, 63
2026/10/02 12:01:31.347, 89.35, 1665, 150.00, 51, 64
2026/10/02 12:01:31.547, 98.12, 1425, 150.00, 0, 64
2026/10/02 12:01:31.748, 101.44, 1470, 150.00, 0, 65
2026/10/02 12:01:31.948, 107.81, 660, 150.00, 0, 65
2026/10/02 12:01:32.149, 122.74, 1065, 150.00, 100, 65
2026/10/02 12:01:32.349, 114.91, 1680, 150.00, 62, 64
2026/10/02 12:01:32.550, 115.54, 1680, 150.00, 0, 64
2026/10/02 12:01:32.750, 107.07, 1695, 150.00, 0, 63
2026/10/02 12:01:32.951, 115.05, 660, 150.00, 0, 64
2026/10/02 12:01:33.151, 101.15, 1665, 150.00, 100, 64
2026/10/02 12:01:33.352, 100.51, 960, 150.00, 60, 65
2026/10/02 12:01:33.553, 114.88, 825, 150.00, 81, 66
2026/10/02 12:01:33.753, 113.94, 1680, 150.00, 38, 64
2026/10/02 12:01:33.953, 113.43, 1590, 150.00, 0, 64
2026/10/02 12:01:34.154, 113.66, 1035, 150.00, 30, 66
2026/10/02 12:01:34.355, 117.59, 1650, 150.00, 47, 64
2026/10/02 12:01:34.555, 109.36, 1680, 150.00, 0, 64
2026/10/02 12:01:34.756, 102.89, 1695, 150.00, 0, 63
2026/10/02 12:01:34.956, 102.99, 1695, 150.00, 0, 63
2026/10/02 12:01:35.157, 89.08, 1695, 150.00, 0, 63
2026/10/02 12:01:35.357, 78.61, 1665, 150.00, 53, 64
2026/10/02 12:01:35.558, 87.54, 1665, 150.00, 59, 64
2026/10/02 12:01:35.758, 87.47, 1680, 150.00, 0, 63
2026/10/02 12:01:35.958, 107.35, 1140, 150.00, 43, 65
2026/10/02 12:01:36.159, 109.04, 1530, 150.00, 4, 64
2026/10/02 12:01:36.359, 98.66, 1680, 150.00, 0, 63
2026/10/02 12:01:36.560, 90.64, 1695, 150.00, 0, 63
2026/10/02 12:01:36.760, 91.15, 1695, 150.00, 0, 63
2026/10/02 12:01:36.961, 79.04, 1695, 150.00, 0, 63
2026/10/02 12:01:37.161, 71.21, 1695, 150.00, 0, 63
2026/10/02 12:01:37.362, 75.93, 1650, 150.00, 100, 63
2026/10/02 12:01:37.562, 85.49, 1665, 150.00, 55, 63
2026/10/02 12:01:37.763, 102.27, 1125, 150.00, 14, 65
2026/10/02 12:01:37.963, 100.76, 1605, 150.00, 27, 64
2026/10/02 12:01:38.164, 100.53, 1680, 150.00, 0, 63
2026/10/02 12:01:38.364, 98.68, 1485, 150.00, 0, 64
2026/10/02 12:01:38.565, 89.25, 1680, 150.00, 0, 63
2026/10/02 12:01:38.765, 91.48, 1665, 150.00, 45, 63
2026/10/02 12:01:38.966, 98.43, 1110, 150.00, 0, 65
2026/10/02 12:01:39.166, 110.47, 1260, 150.00, 23, 65
2026/10/02 12:01:39.367, 122.71, 1650, 150.00, 44, 64
2026/10/02 12:01:39.567, 121.97, 1590, 150.00, 8, 64
2026/10/02 12:01:39.768, 113.53, 1500, 150.00, 0, 64
2026/10/02 12:01:39.968, 120.29, 810, 150.00, 0, 65
2026/10/02 12:01:40.169, 123.70, 1290, 150.00, 100, 66
2026/10/02 12:01:40.369, 98.05, 1680, 150.00, 16, 64
2026/10/02 12:01:40.570, 93.55, 1695, 150.00, 0, 63
2026/10/02 12:01:40.770, 94.84, 1695, 150.00, 0, 63
2026/10/02 12:01:40.971, 91.42, 645, 150.00, 0, 64
2026/10/02 12:01:41.171, 76.18, 1680, 150.00, 59, 63
2026/10/02 12:01:41.372, 69.15, 1110, 150.00, 0, 64
2026/10/02 12:01:41.573, 72.49, 1560, 150.00, 60, 64
2026/10/02 12:01:41.773, 80.84, 1410, 150.00, 0, 64
2026/10/02 12:01:41.973, 80.34, 1680, 150.00, 2, 63
2026/10/02 12:01:42.174, 81.22, 1695, 150.00, 0, 63
2026/10/02 12:01:42.375, 85.79, 1500, 150.00, 0, 64
2026/10/02 12:01:42.575, 82.58, 1680, 150.00, 0, 63
2026/10/02 12:01:42.776, 95.61, 1635, 150.00, 27, 63
2026/10/02 12:01:42.976, 87.37, 1680, 150.00, 0, 63
2026/10/02 12:01:43.177, 97.27, 1350, 150.00, 0, 64
2026/10/02 12:01:43.377, 96.65, 1680, 150.00, 7, 63
2026/10/02 12:01:43.578, 92.56, 1695, 150.00, 0, 63
2026/10/02 12:01:43.778, 77.61, 1695, 150.00, 0, 63
2026/10/02 12:01:43.979, 99.36, 1140, 150.00, 40, 64
2026/10/02 12:01:44.179, 98.93, 1680, 150.00, 5, 63
2026/10/02 12:01:44.380, 89.51, 1695, 150.00, 0, 63
2026/10/02 12:01:44.580, 89.65, 1695, 150.00, 0, 63
2026/10/02 12:01:44.781, 88.66, 1560, 150.00, 0, 63
2026/10/02 12:01:44.981, 77.15, 1545, 150.00, 0, 64
2026/10/02 12:01:45.182, 71.97, 1530, 150.00, 0, 64
2026/10/02 12:01:45.382, 71.63, 1680, 150.00, 0, 63
2026/10/02 12:01:45.583, 71.55, 1125, 150.00, 0, 63
2026/10/02 12:01:45.783, 77.22, 1080, 150.00, 78, 63
2026/10/02 12:01:45.984, 79.91, 1680, 150.00, 61, 63
2026/10/02 12:01:46.184, 78.64, 1680, 150.00, 0, 63
2026/10/02 12:01:46.385, 76.40, 1695, 150.00, 0, 63
2026/10/02 12:01:46.585, 92.25, 810, 150.00, 63, 65
2026/10/02 12:01:46.786, 101.19, 795, 150.00, 100, 65
2026/10/02 12:01:46.987, 115.43, 795, 150.00, 100, 65
2026/10/02 12:01:47.187, 114.74, 630, 150.00, 45, 65
2026/10/02 12:01:47.388, 124.14, 1635, 150.00, 76, 64
2026/10/02 12:01:47.588, 116.49, 705, 150.00, 0, 65
2026/10/02 12:01:47.789, 100.69, 1680, 150.00, 65, 64
2026/10/02 12:01:47.989, 85.23, 1680, 150.00, 0, 63
2026/10/02 12:01:48.189, 78.71, 1470, 150.00, 0, 63
2026/10/02 12:01:48.390, 71.42, 1020, 150.00, 58, 64
2026/10/02 12:01:48.590, 72.20, 1680, 150.00, 56, 63
2026/10/02 12:01:48.791, 72.08, 1680, 150.00, 0, 63
2026/10/02 12:01:48.991, 72.26, 1695, 150.00, 0, 63
2026/10/02 12:01:49.192, 85.46, 645, 150.00, 0, 64
2026/10/02 12:01:49.392, 80.84, 1680, 150.00, 39, 63
2026/10/02 12:01:49.593, 81.15, 1680, 150.00, 0, 63
2026/10/02 12:01:49.793, 93.79, 1635, 150.00, 23, 63
2026/10/02 12:01:49.993, 93.65, 1680, 150.00, 0, 63
2026/10/02 12:01:50.194, 80.35, 1695, 150.00, 0, 62
2026/10/02 12:01:50.394, 81.58, 1695, 150.00, 0, 62
2026/10/02 12:01:50.595, 88.46, 825, 150.00, 76, 64
2026/10/02 12:01:50.796, 82.58, 690, 150.00, 44, 64
2026/10/02 12:01:50.996, 81.69, 1680, 150.00, 0, 63
2026/10/02 12:01:51.197, 81.66, 1680, 150.00, 0, 63
2026/10/02 12:01:51.397, 92.18, 1335, 150.00, 52, 64
2026/10/02 12:01:51.598, 99.71, 1680, 150.00, 0, 63
2026/10/02 12:01:51.798, 99.77, 1020, 150.00, 33, 64
2026/10/02 12:01:51.999, 100.63, 1680, 150.00, 0, 63
2026/10/02 12:01:52.199, 100.69, 1695, 150.00, 0, 62
2026/10/02 12:01:52.400, 109.99, 1665, 150.00, 4, 63
2026/10/02 12:01:52.600, 91.38, 1680, 150.00, 0, 62
2026/10/02 12:01:52.801, 91.70, 1695, 150.00, 0, 62
2026/10/02 12:01:53.001, 78.06, 1695, 150.00, 0, 62
2026/10/02 12:01:53.202, 78.21, 1695, 150.00, 0, 62
2026/10/02 12:01:53.402, 78.26, 1695, 150.00, 0, 62
2026/10/02 12:01:53.603, 78.26, 1695, 150.00, 0, 62
2026/10/02 12:01:53.803, 78.26, 1695, 150.00, 0, 62
2026/10/02 12:01:54.004, 78.26, 1695, 150.00, 0, 62
2026/10/02 12:01:54.204, 78.26, 1695, 150.00, 0, 62
2026/10/02 12:01:54.405, 68.32, 1695, 150.00, 0, 62
2026/10/02 12:01:54.605, 68.32, 1695, 150.00, 0, 62
2026/10/02 12:01:54.806, 68.32, 1695, 150.00, 0, 62
2026/10/02 12:01:55.006, 68.32, 1695, 150.00, 0, 62
2026/10/02 12:01:55.207, 68.32, 1695, 150.00, 0, 61
2026/10/02 12:01:55.407, 68.06, 1695, 150.00, 0, 61
2026/10/02 12:01:55.607, 68.06, 1695, 150.00, 0, 61
2026/10/02 12:01:55.808, 68.06, 1695, 150.00, 0, 61
2026/10/02 12:01:56.008, 68.06, 1695, 150.00, 0, 61
2026/10/02 12:01:56.209, 68.06, 1695, 150.00, 0, 61
2026/10/02 12:01:56.409, 67.96, 1695, 150.00, 0, 61
2026/10/02 12:01:56.610, 67.96, 1695, 150.00, 0, 61
2026/10/02 12:01:56.810, 67.96, 1695, 150.00, 0, 61
2026/10/02 12:01:57.011, 67.96, 1695, 150.00, 0, 61
2026/10/02 12:01:57.211, 67.96, 1695, 150.00, 0, 61
2026/10/02 12:01:57.412, 68.01, 1695, 150.00, 0, 61
2026/10/02 12:01:57.612, 68.01, 1695, 150.00, 0, 61
2026/10/02 12:01:57.813, 68.01, 1695, 150.00, 0, 61
2026/10/02 12:01:58.013, 68.01, 1695, 150.00, 0, 61
2026/10/02 12:01:58.213, 68.01, 1695, 150.00, 0, 61
2026/10/02 12:01:58.414, 67.77, 1695, 150.00, 0, 61
2026/10/02 12:01:58.614, 67.77, 1695, 150.00, 0, 61
2026/10/02 12:01:58.815, 67.77, 1695, 150.00, 0, 61
2026/10/02 12:01:59.015, 67.77, 1695, 150.00, 0, 61
2026/10/02 12:01:59.216, 67.77, 1695, 150.00, 0, 61
2026/10/02 12:01:59.416, 67.63, 1695, 150.00, 0, 61
2026/10/02 12:01:59.617, 67.63, 1695, 150.00, 0, 61
2026/10/02 12:01:59.817, 67.63, 1695, 150.00, 0, 61
2026/10/02 12:02:00.018, 67.63, 1695, 150.00, 0, 61
2026/10/02 12:02:00.218, 67.63, 1695, 150.00, 0, 61
2026/10/02 12:02:00.418, 67.60, 1695, 150.00, 0, 61
2026/10/02 12:02:00.619, 67.60, 1695, 150.00, 0, 61
2026/10/02 12:02:00.819, 67.60, 1695, 150.00, 0, 61
2026/10/02 12:02:01.020, 67.60, 1695, 150.00, 0, 61
2026/10/02 12:02:01.220, 67.60, 1695, 150.00, 0, 60
2026/10/02 12:02:01.421, 67.53, 1695, 150.00, 0, 60
2026/10/02 12:02:01.621, 67.53, 1695, 150.00, 0, 60
2026/10/02 12:02:01.822, 67.53, 1695, 150.00, 0, 60
2026/10/02 12:02:02.022, 67.53, 1695, 150.00, 0, 60
2026/10/02 12:02:02.222, 67.53, 1695, 150.00, 0, 60
2026/10/02 12:02:02.423, 67.32, 1695, 150.00, 0, 60
