arrival_s,start_s,done_s,latency_ms,ok
0.3032,0.3039,0.3648,61.5861,1
0.9048,0.9058,0.9635,58.6894,1
1.2092,1.2098,1.2670,57.8675,1
1.5772,1.5779,1.6365,59.2873,1
1.5857,1.6365,1.7176,131.9338,1
2.3530,2.3541,2.4116,58.6080,1
2.7553,2.7559,2.8130,57.7571,1
3.6173,3.6186,3.6777,60.3910,1
4.2574,4.2584,4.3171,59.6790,1
4.3142,4.3171,4.3988,84.6019,1
4.6353,4.6358,4.6952,59.8879,1
4.8221,4.8225,4.8787,56.5738,1
4.8306,4.8787,4.9608,130.2226,1
4.8383,4.9608,5.0366,198.3124,1
5.1272,5.1278,5.1832,56.0218,1
5.2614,5.2618,5.3183,56.9110,1
5.4852,5.4857,5.5414,56.1935,1
5.9073,5.9080,5.9652,57.8831,1
6.3624,6.3630,6.4186,56.2595,1
7.0392,7.0401,7.0994,60.1841,1
7.0547,7.0994,7.1805,125.8329,1
7.1091,7.1805,7.2571,147.9965,1
7.1913,7.2571,7.3335,142.2475,1
7.1979,7.3336,7.4105,212.5824,1
7.3689,7.4105,7.4858,116.9183,1
7.6003,7.6007,7.6578,57.5326,1
7.6890,7.6893,7.7503,61.2788,1
7.7956,7.7959,7.8554,59.7278,1
8.0504,8.0508,8.1091,58.7209,1
8.5558,8.5565,8.6159,60.1145,1
9.2616,9.2624,9.3187,57.1135,1
9.3264,9.3266,9.4015,75.1676,1
9.7649,9.7655,9.8218,56.9648,1
9.8368,9.8369,9.9060,69.2476,1
10.2332,10.2337,10.2933,60.1061,1
10.3478,10.3480,10.4066,58.7894,1
10.4923,10.4926,10.5504,58.1341,1
10.8804,10.8810,10.9410,60.5995,1
10.8830,10.9411,11.0235,140.4819,1
11.2851,11.2858,11.3429,57.7530,1
11.7382,11.7389,11.7986,60.4150,1
12.0256,12.0261,12.0852,59.5248,1
12.1372,12.1375,12.2007,63.5185,1
12.3215,12.3220,12.3826,61.0936,1
12.6150,12.6155,12.6759,60.8612,1
13.0103,13.0110,13.0671,56.8687,1
13.0795,13.0799,13.1510,71.4364,1
13.4792,13.4796,13.5370,57.7912,1
13.5518,13.5520,13.6216,69.8716,1
13.5519,13.6217,13.6994,147.4889,1
13.7214,13.7216,13.7844,63.0321,1
14.0600,14.0605,14.1205,60.5135,1
14.3981,14.3986,14.4574,59.3938,1
14.5410,14.5414,14.5987,57.6975,1
14.5453,14.5987,14.6810,135.7118,1
14.8802,14.8807,14.9410,60.8009,1
14.9049,14.9410,15.0239,118.9648,1
15.0069,15.0239,15.1014,94.4616,1
15.2603,15.2609,15.3180,57.7277,1
15.2850,15.3181,15.4022,117.1665,1
15.8032,15.8040,15.8624,59.1491,1
16.0790,16.0795,16.1366,57.5287,1
16.2671,16.2675,16.3232,56.1787,1
16.4807,16.4812,16.5376,56.8451,1
16.6011,16.6014,16.6612,60.0830,1
17.4385,17.4396,17.4988,60.2736,1
17.4677,17.4988,17.5810,113.3025,1
17.4925,17.5810,17.6580,165.4603,1
18.1414,18.1422,18.2012,59.8260,1
18.2021,18.2025,18.2835,81.4075,1
18.5895,18.5902,18.6480,58.4864,1
18.9510,18.9515,19.0103,59.2937,1
18.9553,19.0103,19.0927,137.4009,1
19.3686,19.3691,19.4278,59.2727,1
19.6454,19.6459,19.7041,58.6685,1
19.8723,19.8728,19.9337,61.4519,1
20.3083,20.3090,20.3665,58.1502,1
20.9257,20.9266,20.9851,59.4353,1
21.7160,21.7169,21.7727,56.7857,1
22.2280,22.2287,22.2870,58.9190,1
22.5983,22.5987,22.6581,59.8812,1
22.6434,22.6582,22.7397,96.3305,1
23.4585,23.4595,23.5154,56.9633,1
23.6911,23.6915,23.7512,60.1552,1
23.7185,23.7513,23.8334,114.8242,1
23.9281,23.9284,23.9858,57.6920,1
24.4408,24.4414,24.5001,59.2756,1
24.4861,24.5001,24.5830,96.8758,1
24.5928,24.5930,24.6611,68.3135,1
24.8962,24.8967,24.9560,59.7900,1
25.0173,25.0176,25.0744,57.1331,1
25.2818,25.2821,25.3376,55.8796,1
25.3586,25.3587,25.4250,66.4612,1
25.9691,25.9696,26.0271,57.9884,1
26.4122,26.4128,26.4731,60.8847,1
26.4791,26.4793,26.5552,76.1498,1
26.4795,26.5553,26.6331,153.6684,1
26.6936,26.6940,26.7527,59.0842,1
27.1671,27.1679,27.2254,58.3233,1
27.2452,27.2455,27.3131,67.9097,1
27.3776,27.3778,27.4340,56.3950,1
28.1227,28.1238,28.1824,59.6774,1
28.1820,28.1824,28.2660,83.9720,1
28.4202,28.4206,28.4797,59.4916,1
28.5981,28.5984,28.6579,59.7705,1
28.7455,28.7459,28.8032,57.7083,1
29.1809,29.1815,29.2377,56.8168,1
29.2774,29.2778,29.3372,59.8142,1
29.8111,29.8118,29.8710,59.9636,1
30.7818,30.7831,30.8405,58.7389,1
30.8217,30.8406,30.9245,102.7138,1
30.9633,30.9638,31.0215,58.2182,1
31.2774,31.2781,31.3347,57.2440,1
31.5517,31.5523,31.6088,57.0656,1
31.6849,31.6852,31.7429,57.9973,1
31.8133,31.8138,31.8724,59.1454,1
31.9606,31.9610,32.0161,55.5432,1
32.0856,32.0861,32.1446,58.9167,1
32.0879,32.1446,32.2268,138.9681,1
32.1389,32.2269,32.3045,165.6245,1
32.2337,32.3045,32.3800,146.2711,1
32.3174,32.3800,32.4562,138.7838,1
32.5985,32.5989,32.6568,58.2792,1
32.8321,32.8326,32.8918,59.7478,1
32.9241,32.9246,32.9874,63.2589,1
32.9399,32.9874,33.0680,128.0226,1
33.1260,33.1264,33.1856,59.6346,1
33.6800,33.6809,33.7365,56.5042,1
33.7741,33.7744,33.8369,62.8233,1
34.4113,34.4121,34.4688,57.5455,1
34.5758,34.5763,34.6345,58.6525,1
34.7321,34.7324,34.7895,57.3788,1
34.8482,34.8487,34.9094,61.1772,1
35.8363,35.8376,35.8956,59.3270,1
35.9546,35.9550,36.0116,57.0109,1
36.0070,36.0116,36.0946,87.6600,1
36.0839,36.0946,36.1717,87.8188,1
36.3220,36.3225,36.3799,57.8961,1
36.5973,36.5977,36.6528,55.4329,1
36.8339,36.8345,36.8953,61.3785,1
37.0448,37.0451,37.1038,59.0347,1
37.2527,37.2533,37.3107,57.9085,1
37.5062,37.5068,37.5656,59.3651,1
37.8235,37.8240,37.8833,59.7636,1
37.8456,37.8833,37.9657,120.0840,1
38.0158,38.0163,38.0755,59.7046,1
38.3753,38.3760,38.4360,60.6884,1
38.7914,38.7921,38.8502,58.8662,1
39.1025,39.1031,39.1618,59.2980,1
39.3396,39.3402,39.3982,58.5694,1
40.2552,40.2564,40.3133,58.0921,1
41.0417,41.0427,41.1011,59.3837,1
41.1926,41.1930,41.2527,60.0224,1
41.4818,41.4823,41.5407,58.8948,1
41.9291,41.9298,41.9883,59.2277,1
42.1683,42.1688,42.2259,57.5693,1
42.2940,42.2945,42.3504,56.3693,1
42.3508,42.3511,42.4330,82.1814,1
42.7312,42.7316,42.7900,58.8756,1
43.4705,43.4714,43.5321,61.5658,1
43.7475,43.7480,43.8065,58.9379,1
43.9717,43.9721,44.0317,59.9757,1
44.3335,44.3341,44.3895,55.9692,1
44.9474,44.9482,45.0067,59.3007,1
45.7798,45.7807,45.8368,57.0266,1
45.7983,45.8368,45.9201,121.8480,1
45.9237,45.9240,45.9970,73.3277,1
46.0961,46.0966,46.1546,58.5050,1
46.1782,46.1785,46.2447,66.5288,1
46.2451,46.2453,46.3237,78.6701,1
46.9255,46.9264,46.9847,59.1859,1
47.5273,47.5281,47.5855,58.2325,1
47.8115,47.8121,47.8712,59.7312,1
47.9803,47.9808,48.0394,59.1112,1
48.3676,48.3682,48.4276,60.0135,1
48.5704,48.5708,48.6268,56.4087,1
48.7199,48.7201,48.7766,56.7270,1
49.2666,49.2674,49.3258,59.1473,1
49.7005,49.7010,49.7598,59.3590,1
50.1244,50.1250,50.1841,59.6488,1
50.3466,50.3470,50.4037,57.1250,1
50.5831,50.5835,50.6414,58.3000,1
50.6184,50.6414,50.7236,105.1779,1
50.8446,50.8450,50.9024,57.7871,1
51.0888,51.0893,51.1473,58.4915,1
51.3796,51.3800,51.4382,58.6182,1
51.4517,51.4519,51.5229,71.2058,1
51.5520,51.5521,51.6113,59.2945,1
51.8548,51.8553,51.9142,59.4121,1
52.5937,52.5946,52.6500,56.3162,1
52.9989,52.9994,53.0564,57.5319,1
53.1331,53.1334,53.1911,58.0344,1
53.5836,53.5842,53.6426,59.0506,1
53.7644,53.7648,53.8254,60.9697,1
54.1964,54.1970,54.2535,57.0580,1
54.3980,54.3983,54.4557,57.7849,1
54.4795,54.4797,54.5454,65.8366,1
54.5094,54.5454,54.6241,114.6706,1
54.8906,54.8913,54.9485,57.9308,1
55.3025,55.3033,55.3614,58.8642,1
55.6543,55.6549,55.7141,59.7930,1
55.8663,55.8668,55.9235,57.2575,1
55.8909,55.9235,56.0055,114.5668,1
56.4997,56.5006,56.5579,58.2233,1
56.6453,56.6456,56.7042,58.9009,1
56.7542,56.7545,56.8124,58.2228,1
57.9068,57.9081,57.9684,61.6919,1
57.9228,57.9685,58.0484,125.5682,1
58.1950,58.1955,58.2536,58.6464,1
58.8690,58.8699,58.9258,56.7090,1
59.0644,59.0649,59.1246,60.2410,1
59.1464,59.1468,59.2101,63.7266,1
59.2130,59.2134,59.2893,76.2900,1
59.2579,59.2893,59.3663,108.4546,1
59.6017,59.6023,59.6630,61.3310,1
59.8149,59.8154,59.8741,59.2791,1
59.8662,59.8742,59.9574,91.1780,1
60.6266,60.6275,60.6854,58.7868,1
61.1619,61.1628,61.2219,59.9652,1
61.8913,61.8923,61.9474,56.0811,1
62.0879,62.0883,62.1466,58.6561,1
62.1934,62.1937,62.2529,59.5240,1
62.3371,62.3376,62.3938,56.6783,1
62.3687,62.3938,62.4767,108.0454,1
62.4651,62.4767,62.5520,86.9000,1
62.7531,62.7536,62.8098,56.6657,1
63.2935,63.2944,63.3510,57.5001,1
63.9922,63.9932,64.0509,58.7232,1
64.0022,64.0510,64.1341,131.8351,1
64.0681,64.1341,64.2110,142.9058,1
64.3238,64.3244,64.3846,60.7708,1
64.3528,64.3846,64.4669,114.1063,1
64.6410,64.6414,64.6997,58.7197,1
64.7627,64.7630,64.8224,59.7463,1
65.0819,65.0824,65.1395,57.6674,1
65.1734,65.1738,65.2331,59.7362,1
65.5418,65.5424,65.6008,59.0279,1
66.0383,66.0391,66.0960,57.7444,1
66.0432,66.0960,66.1782,135.0293,1
66.3220,66.3224,66.3813,59.3581,1
66.5144,66.5149,66.5743,59.8747,1
66.6996,66.7000,66.7577,58.0453,1
67.1767,67.1774,67.2373,60.5566,1
67.5461,67.5468,67.6049,58.7865,1
67.9333,67.9339,67.9907,57.4059,1
68.2501,68.2506,68.3065,56.3982,1
68.3201,68.3203,68.3909,70.8534,1
68.6039,68.6043,68.6642,60.2508,1
68.7462,68.7464,68.8007,54.4571,1
68.9527,68.9529,69.0115,58.8142,1
70.5952,70.5969,70.6550,59.7832,1
70.6467,70.6550,70.7367,89.9687,1
70.8524,70.8527,70.9128,60.3847,1
70.9123,70.9128,70.9967,84.4002,1
71.5607,71.5616,71.6180,57.2482,1
71.5922,71.6180,71.7003,108.1309,1
71.6715,71.7003,71.7767,105.1621,1
72.3366,72.3373,72.3942,57.6450,1
72.4166,72.4168,72.4821,65.4967,1
72.7923,72.7929,72.8516,59.2760,1
72.8873,72.8876,72.9470,59.6446,1
73.0101,73.0103,73.0689,58.7724,1
73.2255,73.2258,73.2846,59.1043,1
73.8467,73.8475,73.9027,56.0225,1
74.1716,74.1720,74.2294,57.8363,1
74.2636,74.2638,74.3244,60.8409,1
74.9585,74.9594,75.0158,57.3080,1
75.2304,75.2308,75.2888,58.4493,1
75.3668,75.3670,75.4242,57.3238,1
75.5312,75.5314,75.5872,56.0557,1
75.8137,75.8141,75.8723,58.6082,1
75.9379,75.9382,75.9949,56.9650,1
76.8951,76.8962,76.9558,60.7178,1
77.3652,77.3657,77.4210,55.8623,1
77.5756,77.5760,77.6339,58.2751,1
77.7507,77.7510,77.8095,58.7780,1
78.6469,78.6479,78.7034,56.5290,1
79.0197,79.0202,79.0763,56.5928,1
79.3249,79.3254,79.3796,54.6873,1
79.5081,79.5084,79.5643,56.1901,1
79.6661,79.6664,79.7235,57.4393,1
79.8942,79.8946,79.9532,59.0875,1
80.0462,80.0466,80.1020,55.8180,1
80.1847,80.1849,80.2419,57.2167,1
80.2883,80.2886,80.3467,58.3928,1
80.5603,80.5607,80.6179,57.5862,1
80.7188,80.7191,80.7763,57.4958,1
80.8240,80.8242,80.8831,59.1231,1
80.9036,80.9039,80.9710,67.4020,1
80.9127,80.9711,81.0496,136.8836,1
81.3985,81.3991,81.4564,57.9058,1
81.6779,81.6784,81.7344,56.4645,1
81.8525,81.8528,81.9120,59.4837,1
82.2374,82.2379,82.2936,56.1613,1
82.2429,82.2936,82.3756,132.6718,1
82.4187,82.4191,82.4794,60.7578,1
82.7327,82.7332,82.7925,59.7483,1
82.8281,82.8284,82.8865,58.3995,1
82.9863,82.9867,83.0437,57.4319,1
83.1735,83.1740,83.2323,58.7200,1
83.1844,83.2323,83.3140,129.5343,1
83.3082,83.3140,83.3917,83.4732,1
83.3551,83.3917,83.4684,113.3241,1
83.4778,83.4781,83.5475,69.7244,1
83.8340,83.8347,83.8927,58.7174,1
84.0653,84.0659,84.1229,57.5421,1
84.2516,84.2521,84.3111,59.5094,1
84.2909,84.3111,84.3929,102.0102,1
84.3406,84.3929,84.4700,129.4238,1
84.5303,84.5309,84.5902,59.9148,1
84.5878,84.5903,84.6716,83.8359,1
84.6388,84.6716,84.7493,110.5074,1
84.7103,84.7493,84.8245,114.2662,1
84.7579,84.8245,84.9024,144.5023,1
85.0885,85.0889,85.1483,59.8482,1
85.2624,85.2628,85.3192,56.7834,1
85.2655,85.3192,85.4027,137.2164,1
85.3741,85.4027,85.4782,104.0494,1
85.8367,85.8372,85.8929,56.2721,1
85.8964,85.8967,85.9760,79.6121,1
86.0300,86.0303,86.0901,60.1381,1
86.1740,86.1743,86.2333,59.2683,1
86.2210,86.2333,86.3160,94.9972,1
86.3621,86.3626,86.4228,60.6317,1
86.3698,86.4228,86.5052,135.4213,1
86.3961,86.5052,86.5824,186.3033,1
86.5019,86.5824,86.6598,157.8419,1
86.6223,86.6598,86.7372,114.9705,1
86.6436,86.7372,86.8147,171.0970,1
86.7394,86.8147,86.8921,152.6705,1
86.8649,86.8921,86.9702,105.3785,1
86.9646,86.9703,87.0607,96.0683,1
87.0731,87.0736,87.1418,68.6801,1
87.1622,87.1626,87.2351,72.8425,1
87.1872,87.2351,87.3201,132.8988,1
87.2956,87.3201,87.3990,103.4144,1
87.3785,87.3990,87.4765,98.0643,1
87.6135,87.6141,87.6717,58.1330,1
87.7298,87.7302,87.7881,58.3120,1
87.8170,87.8174,87.8792,62.2224,1
87.8225,87.8792,87.9597,137.1912,1
87.8370,87.9597,88.0350,198.0151,1
87.9507,88.0350,88.1110,160.2422,1
87.9630,88.1110,88.1890,226.0612,1
88.0121,88.1891,88.2668,254.7763,1
88.0299,88.2669,88.3446,314.6998,1
88.0492,88.3446,88.4228,373.5863,1
88.0849,88.4228,88.5075,422.6050,1
88.1192,88.5076,88.5913,472.1158,1
88.1745,88.5913,88.6879,513.3700,1
88.4266,88.6879,88.7735,346.8878,1
88.5303,88.7735,88.8527,322.3988,1
88.8162,88.8527,88.9316,115.4402,1
88.9439,88.9442,89.0139,70.0321,1
89.1136,89.1140,89.1749,61.3805,1
89.2273,89.2275,89.2862,58.8589,1
89.2685,89.2862,89.3695,100.9490,1
89.3886,89.3889,89.4548,66.1818,1
89.3978,89.4548,89.5349,137.1605,1
89.4944,89.5349,89.6127,118.3391,1
89.5631,89.6127,89.6909,127.8209,1
90.0046,90.0051,90.0622,57.5520,1
90.1507,90.1510,90.2099,59.2198,1
90.1630,90.2099,90.2928,129.7865,1
90.2946,90.2949,90.3710,76.3874,1
90.3489,90.3710,90.4492,100.2822,1
90.4397,90.4492,90.5272,87.5001,1
90.6126,90.6129,90.6735,60.8884,1
90.7426,90.7428,90.8004,57.7606,1
90.8714,90.8717,90.9312,59.8040,1
90.8930,90.9312,91.0135,120.4968,1
91.1611,91.1618,91.2184,57.2214,1
91.1749,91.2184,91.3031,128.2058,1
91.2690,91.3032,91.3808,111.7851,1
91.7330,91.7337,91.7916,58.5852,1
92.0208,92.0213,92.0778,56.9923,1
92.1171,92.1174,92.1751,57.9269,1
92.1191,92.1751,92.2567,137.5976,1
92.1450,92.2567,92.3349,189.8642,1
92.3701,92.3706,92.4334,63.2446,1
92.5183,92.5188,92.5765,58.1937,1
92.5224,92.5765,92.6595,137.1802,1
92.6723,92.6727,92.7395,67.1568,1
92.7404,92.7406,92.8185,78.1334,1
92.8920,92.8923,92.9518,59.7878,1
92.8966,92.9518,93.0351,138.5238,1
93.6257,93.6267,93.6844,58.6635,1
93.6699,93.6844,93.7682,98.2369,1
93.8370,93.8373,93.8968,59.8053,1
94.0708,94.0712,94.1306,59.8246,1
94.0869,94.1306,94.2133,126.3224,1
94.2371,94.2376,94.2999,62.7814,1
94.3110,94.3114,94.3815,70.4902,1
94.3433,94.3815,94.4605,117.1772,1
94.4317,94.4605,94.5390,107.3187,1
94.5624,94.5629,94.6273,64.8559,1
94.6939,94.6942,94.7537,59.8574,1
95.0010,95.0016,95.0588,57.7395,1
95.3124,95.3129,95.3700,57.6509,1
95.5115,95.5120,95.5722,60.6500,1
95.6938,95.6940,95.7549,61.1628,1
95.7184,95.7549,95.8380,119.6207,1
95.8169,95.8380,95.9159,98.9793,1
95.8322,95.9159,95.9941,161.8444,1
95.8814,95.9941,96.0715,190.0753,1
95.9013,96.0715,96.1504,249.0281,1
95.9128,96.1504,96.2285,315.7020,1
96.1791,96.2285,96.3067,127.5711,1
96.1991,96.3067,96.3849,185.8043,1
96.2899,96.3849,96.4631,173.1562,1
96.3209,96.4631,96.5538,232.8649,1
96.3234,96.5538,96.6489,325.4465,1
96.4189,96.6489,96.7328,313.9073,1
96.5268,96.7328,96.8144,287.6438,1
96.8938,96.8944,96.9545,60.6950,1
96.9972,96.9975,97.0564,59.2509,1
97.0610,97.0613,97.1380,77.0663,1
97.2290,97.2294,97.2893,60.2695,1
97.2650,97.2893,97.3719,106.9133,1
97.3903,97.3908,97.4561,65.7711,1
97.4680,97.4683,97.5374,69.4646,1
97.6229,97.6232,97.6814,58.5216,1
97.6509,97.6814,97.7673,116.4648,1
97.6677,97.7674,97.8450,177.3810,1
97.6721,97.8451,97.9232,251.1260,1
97.8415,97.9232,98.0021,160.5892,1
97.8454,98.0021,98.0808,235.3829,1
97.9455,98.0808,98.1592,213.7427,1
98.0701,98.1592,98.2374,167.2870,1
98.0972,98.2374,98.3155,218.3625,1
98.1579,98.3155,98.3941,236.1993,1
98.1857,98.3941,98.4878,302.1176,1
98.3612,98.4878,98.5827,221.4625,1
98.4584,98.5827,98.6677,209.2533,1
98.4632,98.6677,98.7490,285.7630,1
98.7230,98.7490,98.8287,105.7157,1
98.7753,98.8287,98.9084,133.0567,1
98.7810,98.9084,98.9866,205.6881,1
98.9800,98.9867,99.0663,86.2915,1
99.0299,99.0663,99.1445,114.6153,1
99.0655,99.1445,99.2232,157.7027,1
99.2150,99.2232,99.3017,86.7399,1
99.3836,99.3841,99.4443,60.6875,1
99.4422,99.4443,99.5294,87.1867,1
99.5203,99.5294,99.6075,87.2545,1
99.7485,99.7491,99.8089,60.3734,1
99.7695,99.8089,99.8926,123.1613,1
99.7698,99.8926,99.9704,200.5435,1
100.0492,100.0497,100.1120,62.8232,1
100.1518,100.1522,100.2143,62.4750,1
100.3391,100.3396,100.3956,56.4923,1
100.3928,100.3957,100.4816,88.7918,1
100.4145,100.4816,100.5598,145.2418,1
100.4185,100.5598,100.6387,220.2107,1
100.4353,100.6387,100.7173,282.0645,1
100.6323,100.7173,100.7962,163.9228,1
100.6567,100.7962,100.8751,218.3774,1
100.8896,100.8902,100.9587,69.0419,1
101.0760,101.0764,101.1362,60.2177,1
101.1427,101.1431,101.2182,75.4558,1
101.1945,101.2182,101.2967,102.1898,1
101.6131,101.6138,101.6745,61.4077,1
101.6726,101.6745,101.7578,85.1752,1
101.7415,101.7578,101.8360,94.4560,1
101.8729,101.8733,101.9341,61.2485,1
101.9217,101.9341,102.0161,94.4550,1
102.3021,102.3027,102.3624,60.2858,1
102.3271,102.3625,102.4480,120.8507,1
102.4209,102.4480,102.5267,105.7778,1
102.6258,102.6262,102.6867,60.8711,1
102.6441,102.6867,102.7704,126.2799,1
102.7733,102.7736,102.8498,76.4962,1
102.9412,102.9416,103.0006,59.4530,1
103.1712,103.1718,103.2284,57.1455,1
103.2151,103.2284,103.3119,96.8547,1
103.4347,103.4351,103.4926,57.9264,1
103.4560,103.4926,103.5789,122.9021,1
103.5359,103.5789,103.6569,120.9913,1
103.6240,103.6569,103.7359,111.9615,1
103.6359,103.7360,103.8145,178.6124,1
103.7123,103.8145,103.8932,180.9007,1
103.9861,103.9865,104.0478,61.7678,1
104.3127,104.3132,104.3714,58.7270,1
104.4213,104.4216,104.4793,58.0202,1
104.4950,104.4954,104.5662,71.1962,1
104.5927,104.5931,104.6558,63.1304,1
104.6708,104.6710,104.7387,67.8873,1
104.7455,104.7456,104.8183,72.8158,1
104.9114,104.9119,104.9688,57.3736,1
105.1505,105.1510,105.2082,57.7084,1
105.2434,105.2438,105.3065,63.0984,1
105.2455,105.3066,105.3891,143.5917,1
105.2533,105.3891,105.4679,214.6367,1
105.3001,105.4679,105.5468,246.6451,1
105.5782,105.5788,105.6411,62.8969,1
105.6853,105.6856,105.7471,61.8573,1
105.7741,105.7744,105.8375,63.4170,1
105.8678,105.8682,105.9314,63.6410,1
106.0135,106.0140,106.0710,57.4518,1
106.0637,106.0710,106.1554,91.7268,1
106.0658,106.1554,106.2344,168.6348,1
106.2294,106.2344,106.3136,84.2605,1
106.2737,106.3136,106.3930,119.2489,1
106.3238,106.3930,106.4726,148.7852,1
106.3823,106.4726,106.5518,169.5776,1
106.9577,106.9586,107.0190,61.2799,1
107.0309,107.0313,107.1037,72.7792,1
107.3433,107.3439,107.4038,60.5343,1
107.5416,107.5421,107.6006,58.9624,1
107.5730,107.6006,107.6850,111.9314,1
107.7652,107.7657,107.8260,60.8082,1
108.1495,108.1501,108.2073,57.8120,1
108.3349,108.3354,108.3919,57.0043,1
108.3422,108.3919,108.4788,136.5943,1
108.5079,108.5086,108.5743,66.3575,1
108.6265,108.6268,108.6890,62.5421,1
108.6605,108.6890,108.7721,111.5906,1
108.6885,108.7721,108.8503,161.7789,1
108.7544,108.8503,108.9292,174.7776,1
108.8788,108.9292,109.0081,129.2196,1
108.8906,109.0081,109.0877,197.1341,1
109.1870,109.1875,109.2447,57.6886,1
109.2207,109.2447,109.3295,108.7604,1
109.4065,109.4070,109.4680,61.5601,1
109.4886,109.4889,109.5549,66.2622,1
109.6093,109.6098,109.6717,62.3905,1
109.7826,109.7831,109.8423,59.7479,1
109.7989,109.8423,109.9266,127.7643,1
109.9498,109.9503,110.0142,64.3489,1
110.0211,110.0215,110.0957,74.6494,1
110.0428,110.0958,110.1749,132.1709,1
110.1991,110.1996,110.2629,63.7599,1
110.2217,110.2629,110.3450,123.2496,1
110.5724,110.5731,110.6309,58.5025,1
110.5795,110.6309,110.7162,136.6763,1
110.6940,110.7162,110.7948,100.7888,1
110.9213,110.9218,110.9796,58.3539,1
111.2768,111.2772,111.3371,60.2908,1
111.2899,111.3371,111.4228,132.9542,1
111.4727,111.4732,111.5342,61.5640,1
111.5395,111.5398,111.6158,76.3014,1
111.5396,111.6159,111.6958,156.1641,1
111.5562,111.6958,111.7751,218.8999,1
111.8606,111.8613,111.9199,59.2919,1
112.0895,112.0899,112.1506,61.0998,1
112.2229,112.2232,112.2854,62.4884,1
112.4748,112.4753,112.5320,57.2041,1
112.6687,112.6691,112.7295,60.7706,1
112.8381,112.8386,112.8986,60.4996,1
113.0986,113.0991,113.1576,59.0593,1
113.1373,113.1576,113.2430,105.7089,1
113.1564,113.2430,113.3225,166.0743,1
113.2025,113.3225,113.4008,198.2505,1
113.2448,113.4008,113.4803,235.5296,1
113.4546,113.4803,113.5592,104.5528,1
113.4947,113.5592,113.6381,143.3237,1
113.5704,113.6381,113.7170,146.5129,1
113.7875,113.7879,113.8496,62.1174,1
114.6160,114.6170,114.6739,57.9746,1
114.6310,114.6740,114.7607,129.6262,1
114.7485,114.7607,114.8388,90.3565,1
114.7684,114.8388,114.9177,149.3010,1
114.9527,114.9531,115.0123,59.6784,1
115.0742,115.0747,115.1353,61.0335,1
115.2833,115.2838,115.3428,59.4780,1
115.3076,115.3428,115.4281,120.4614,1
115.5875,115.5881,115.6474,59.9259,1
115.9995,116.0001,116.0576,58.0736,1
116.0699,116.0702,116.1429,73.0527,1
116.4207,116.4214,116.4817,60.9862,1
116.4842,116.4846,116.5664,82.1883,1
116.4990,116.5664,116.6461,147.1369,1
116.9141,116.9149,116.9731,58.9455,1
117.0581,117.0586,117.1162,58.0603,1
117.1683,117.1687,117.2296,61.2220,1
117.3829,117.3832,117.4431,60.2066,1
117.6821,117.6828,117.7441,62.0054,1
117.7418,117.7441,117.8284,86.5402,1
117.9319,117.9324,117.9879,55.9430,1
117.9344,117.9879,118.0735,139.1412,1
118.0603,118.0735,118.1526,92.2498,1
118.1500,118.1526,118.2316,81.5560,1
118.1634,118.2316,118.3112,147.8658,1
118.3958,118.3962,118.4529,57.1536,1
118.4540,118.4544,118.5393,85.2788,1
118.7017,118.7021,118.7622,60.4550,1
118.7782,118.7786,118.8492,71.0783,1
118.8466,118.8492,118.9299,83.2733,1
119.3158,119.3165,119.3755,59.6418,1
119.3335,119.3755,119.4607,127.2603,1
119.4351,119.4607,119.5391,104.0214,1
120.1506,120.1517,120.2094,58.7706,1
120.3164,120.3169,120.3728,56.3867,1
120.5399,120.5403,120.6023,62.3878,1
120.6674,120.6677,120.7290,61.6084,1
121.1019,121.1027,121.1619,59.9706,1
121.1088,121.1619,121.2456,136.8707,1
121.3270,121.3274,121.3846,57.6117,1
121.4261,121.4262,121.4860,59.9053,1
121.6337,121.6342,121.6943,60.6200,1
121.7249,121.7253,121.7886,63.7057,1
121.8001,121.8004,121.8718,71.7052,1
121.8518,121.8718,121.9518,100.0001,1
121.8734,121.9518,122.0309,157.4995,1
122.3348,122.3354,122.3922,57.3759,1
122.5528,122.5532,122.6137,60.8859,1
122.7282,122.7284,122.7872,59.0453,1
122.8871,122.8873,122.9458,58.6552,1
123.0174,123.0177,123.0774,59.9291,1
123.1715,123.1719,123.2312,59.7101,1
123.5338,123.5344,123.5952,61.4094,1
123.5795,123.5953,123.6803,100.8760,1
123.6758,123.6804,123.7595,83.6482,1
123.8075,123.8079,123.8673,59.8050,1
123.8824,123.8828,123.9525,70.0907,1
123.9641,123.9645,124.0345,70.3755,1
124.1653,124.1658,124.2267,61.3654,1
124.1687,124.2267,124.3111,142.3875,1
124.3107,124.3111,124.3897,79.0433,1
124.4448,124.4452,124.5067,61.9182,1
124.5357,124.5361,124.5986,62.8682,1
124.5671,124.5986,124.6814,114.2554,1
124.5759,124.6814,124.7610,185.1484,1
124.7766,124.7769,124.8448,68.1705,1
124.9626,124.9631,125.0238,61.2484,1
125.0297,125.0300,125.1076,77.9693,1
125.0473,125.1077,125.1870,139.6534,1
125.1124,125.1870,125.2667,154.2726,1
125.1620,125.2667,125.3463,184.3109,1
125.3313,125.3463,125.4260,94.6531,1
125.4490,125.4495,125.5144,65.3873,1
125.4840,125.5144,125.5965,112.5528,1
125.6091,125.6094,125.6809,71.8309,1
125.7546,125.7550,125.8138,59.1721,1
125.8555,125.8559,125.9154,59.8838,1
125.9387,125.9391,126.0061,67.4553,1
126.4508,126.4515,126.5117,60.9664,1
126.5530,126.5532,126.6120,58.9685,1
126.7749,126.7753,126.8355,60.5886,1
126.7996,126.8355,126.9210,121.4575,1
126.8902,126.9211,127.0003,110.1361,1
126.9166,127.0003,127.0792,162.5824,1
127.0269,127.0792,127.1588,131.9767,1
127.1204,127.1588,127.2385,118.0499,1
127.1831,127.2385,127.3182,135.0958,1
127.2351,127.3182,127.3978,162.7669,1
127.2674,127.3978,127.4775,210.0478,1
127.2724,127.4775,127.5572,284.8099,1
127.4704,127.5572,127.6606,190.2152,1
127.4993,127.6606,127.7491,249.8476,1
127.8387,127.8393,127.9025,63.8483,1
127.9706,127.9709,128.0304,59.8093,1
128.0808,128.0813,128.1417,60.8818,1
128.2971,128.2976,128.3576,60.5183,1
128.4326,128.4329,128.4909,58.2932,1
128.4712,128.4909,128.5778,106.5593,1
128.5422,128.5778,128.6570,114.7781,1
128.9241,128.9248,128.9863,62.1793,1
128.9321,128.9863,129.0722,140.1730,1
129.0737,129.0742,129.1512,77.4297,1
129.1644,129.1648,129.2336,69.1834,1
129.1940,129.2336,129.3149,120.9225,1
129.2356,129.3150,129.3946,158.9968,1
129.3043,129.3946,129.4743,169.9264,1
129.3379,129.4743,129.5539,215.9934,1
129.5952,129.5958,129.6551,59.8714,1
129.7200,129.7204,129.7795,59.5025,1
129.8967,129.8971,129.9562,59.5152,1
129.9371,129.9563,130.0418,104.7668,1
130.7988,130.7999,130.8618,62.9837,1
130.9711,130.9716,131.0299,58.7349,1
131.0235,131.0299,131.1161,92.6858,1
131.2323,131.2328,131.2943,61.9769,1
131.4265,131.4269,131.4842,57.6483,1
131.6171,131.6176,131.6791,62.0354,1
131.6746,131.6791,131.7640,89.3611,1
131.8969,131.8973,131.9586,61.6388,1
131.9143,131.9586,132.0437,129.3820,1
131.9629,132.0437,132.1226,159.6399,1
132.0444,132.1226,132.2015,157.0880,1
132.1315,132.2015,132.2811,149.6059,1
132.2459,132.2812,132.3608,114.9035,1
132.3012,132.3608,132.4405,139.2961,1
132.5062,132.5068,132.5690,62.7817,1
132.7441,132.7446,132.8021,57.9913,1
132.9115,132.9119,132.9713,59.8313,1
133.0014,133.0018,133.0662,64.8438,1
133.0381,133.0663,133.1474,109.3051,1
133.3720,133.3726,133.4303,58.3746,1
133.4056,133.4303,133.5169,111.2995,1
133.5008,133.5169,133.5960,95.2362,1
133.9977,133.9983,134.0580,60.2037,1
134.0309,134.0580,134.1425,111.6316,1
134.0900,134.1425,134.2218,131.7758,1
134.1319,134.2218,134.3015,169.5698,1
134.1399,134.3015,134.3811,241.2717,1
134.3936,134.3942,134.4656,71.9940,1
134.4145,134.4656,134.5466,132.0570,1
134.5005,134.5466,134.6263,125.7325,1
134.5053,134.6263,134.7059,200.6395,1
134.5830,134.7059,134.7856,202.5665,1
134.7166,134.7856,134.8879,171.3132,1
134.7644,134.8880,134.9741,209.7182,1
134.8933,134.9741,135.0584,165.1256,1
135.1316,135.1321,135.1920,60.3412,1
135.1510,135.1920,135.2780,127.0063,1
135.1552,135.2780,135.3576,202.4015,1
135.2082,135.3576,135.4372,229.0403,1
135.5155,135.5160,135.5763,60.7584,1
135.7691,135.7696,135.8270,57.8958,1
135.9455,135.9459,136.0027,57.2372,1
135.9968,136.0028,136.0895,92.6385,1
136.0143,136.0895,136.1689,154.6358,1
136.4751,136.4757,136.5357,60.6284,1
136.6607,136.6609,136.7230,62.3637,1
136.9775,136.9779,137.0396,62.0933,1
137.0137,137.0396,137.1232,109.5798,1
137.0536,137.1233,137.2026,148.9494,1
137.1100,137.2026,137.2815,171.4274,1
137.1996,137.2815,137.3611,161.5070,1
137.2162,137.3611,137.4408,224.5293,1
137.3223,137.4408,137.5208,198.5462,1
137.5279,137.5283,137.6020,74.0882,1
137.6546,137.6549,137.7160,61.3796,1
137.8559,137.8563,137.9162,60.2902,1
138.2699,138.2705,138.3289,58.9678,1
138.2725,138.3289,138.4160,143.4345,1
138.4112,138.4160,138.4952,84.0057,1
138.4168,138.4952,138.5748,157.9932,1
138.4630,138.5749,138.6545,191.4618,1
138.5686,138.6545,138.7345,165.9474,1
138.6733,138.7346,138.8142,140.9400,1
139.1765,139.1772,139.2369,60.4587,1
139.2139,139.2369,139.3218,107.8715,1
139.2217,139.3218,139.4015,179.7402,1
139.4501,139.4506,139.5090,58.9473,1
139.4740,139.5091,139.5959,121.9762,1
139.6444,139.6449,139.7068,62.3673,1
139.6699,139.7068,139.7917,121.8298,1
139.9369,139.9375,139.9996,62.6380,1
140.4286,140.4293,140.4887,60.0650,1
140.7755,140.7760,140.8352,59.7920,1
140.9907,140.9911,141.0518,61.0871,1
141.0690,141.0693,141.1400,71.0001,1
141.1136,141.1401,141.2208,107.2515,1
141.2076,141.2208,141.2997,92.1526,1
141.2602,141.2998,141.3794,119.2443,1
141.2939,141.3794,141.4591,165.2156,1
141.3530,141.4591,141.5388,185.7612,1
141.3534,141.5388,141.6188,265.3726,1
141.3707,141.6188,141.6985,327.7376,1
141.3935,141.6985,141.7785,384.9929,1
141.4925,141.7785,141.8857,393.2197,1
141.5534,141.8857,141.9779,424.5228,1
141.6022,141.9779,142.0604,458.1963,1
141.7644,142.0604,142.1424,377.9501,1
141.8561,142.1424,142.2236,367.5380,1
141.9399,142.2236,142.3036,363.7172,1
141.9946,142.3037,142.3840,389.3861,1
142.0871,142.3840,142.4637,376.6410,1
142.2425,142.4637,142.5437,301.2316,1
142.4568,142.5437,142.6237,166.9098,1
142.5634,142.6238,142.7043,140.9045,1
142.5719,142.7043,142.7983,226.4690,1
142.6394,142.7983,142.8917,252.2638,1
142.8211,142.8917,142.9796,158.5666,1
142.9162,142.9796,143.0645,148.3051,1
144.1127,144.1140,144.1723,59.6033,1
144.3168,144.3171,144.3765,59.6591,1
144.5500,144.5503,144.6085,58.5133,1
144.5529,144.6085,144.6951,142.2002,1
144.7546,144.7549,144.8142,59.5783,1
145.1261,145.1267,145.1872,61.0989,1
145.3048,145.3051,145.3600,55.1850,1
145.5756,145.5760,145.6355,59.8790,1
145.7378,145.7380,145.7992,61.4377,1
145.9508,145.9512,146.0123,61.4593,1
146.1415,146.1419,146.2014,59.9701,1
146.6360,146.6366,146.6974,61.3922,1
146.6804,146.6974,146.7820,101.6099,1
146.8971,146.8975,146.9575,60.4251,1
146.9707,146.9708,147.0436,72.9019,1
147.0896,147.0898,147.1498,60.2237,1
147.1227,147.1498,147.2350,112.3563,1
147.2037,147.2350,147.3143,110.6108,1
147.2529,147.3143,147.3940,141.1127,1
147.3424,147.3940,147.4737,131.2246,1
147.4893,147.4895,147.5600,70.6723,1
147.5391,147.5600,147.6410,101.9003,1
147.5545,147.6410,147.7206,166.1834,1
147.7673,147.7678,147.8296,62.3591,1
147.8579,147.8583,147.9235,65.6657,1
148.0587,148.0592,148.1203,61.5318,1
148.1077,148.1203,148.2063,98.6295,1
148.1417,148.2063,148.2860,144.2829,1
148.2308,148.2860,148.3657,134.8756,1
148.2863,148.3657,148.4453,159.0196,1
148.3843,148.4453,148.5250,140.6425,1
148.6863,148.6868,148.7450,58.6341,1
148.6990,148.7450,148.8331,134.0424,1
148.7464,148.8331,148.9127,166.2173,1
148.8211,148.9127,148.9923,171.1891,1
148.9453,148.9923,149.0724,127.0376,1
148.9788,149.0724,149.1523,173.5552,1
149.0516,149.1523,149.2324,180.7675,1
149.0751,149.2324,149.3125,237.3762,1
149.1157,149.3125,149.3925,276.7933,1
149.1544,149.3925,149.4729,318.4538,1
149.2681,149.4729,149.5800,311.8636,1
149.3436,149.5800,149.6665,322.9225,1
149.6291,149.6665,149.7535,124.3264,1
149.8572,149.8578,149.9201,62.8787,1
149.9941,149.9943,150.0545,60.4567,1
150.0505,150.0545,150.1395,89.0310,1
150.1116,150.1395,150.2196,108.0295,1
150.1376,150.2196,150.3000,162.3624,1
150.2944,150.3000,150.3801,85.6763,1
150.3821,150.3826,150.4608,78.6533,1
150.4218,150.4608,150.5408,119.0134,1
150.5661,150.5666,150.6328,66.6545,1
150.6258,150.6328,150.7158,90.0744,1
150.7745,150.7749,150.8361,61.6760,1
150.9439,150.9444,151.0030,59.1094,1
150.9443,151.0030,151.0900,145.6135,1
151.1439,151.1443,151.2027,58.7469,1
151.4785,151.4791,151.5401,61.5342,1
151.5596,151.5600,151.6289,69.3059,1
151.5759,151.6289,151.7100,134.1220,1
151.7198,151.7203,151.7944,74.6401,1
151.7999,151.8003,151.8775,77.6879,1
151.9574,151.9579,152.0204,63.0623,1
152.0735,152.0740,152.1375,63.9690,1
152.1959,152.1963,152.2593,63.3512,1
152.2518,152.2593,152.3433,91.5626,1
152.3508,152.3512,152.4247,73.9523,1
152.6458,152.6464,152.7051,59.2664,1
152.6740,152.7051,152.7927,118.7188,1
152.6751,152.7927,152.8727,197.5557,1
152.6789,152.8727,152.9524,273.4129,1
152.7026,152.9524,153.0335,330.8231,1
153.3222,153.3231,153.3839,61.7259,1
153.3289,153.3840,153.4701,141.2732,1
153.6194,153.6199,153.6822,62.8170,1
153.8573,153.8579,153.9197,62.3293,1
154.2162,154.2169,154.2791,62.8989,1
154.2176,154.2791,154.3645,146.8895,1
154.2379,154.3645,154.4440,206.1064,1
154.3417,154.4440,154.5240,182.2583,1
154.3882,154.5240,154.6040,215.8357,1
154.4286,154.6041,154.6837,255.0904,1
154.5723,154.6837,154.7639,191.5444,1
154.8278,154.8283,154.8908,63.0393,1
154.8389,154.8908,154.9759,137.0325,1
154.8946,154.9759,155.0560,161.4082,1
155.0025,155.0560,155.1435,141.0409,1
155.1288,155.1435,155.2242,95.3557,1
155.1600,155.2242,155.3054,145.3558,1
155.1890,155.3054,155.3866,197.5925,1
155.2379,155.3866,155.4678,229.9369,1
155.5566,155.5573,155.6190,62.3719,1
155.6417,155.6420,155.7114,69.7031,1
155.8332,155.8336,155.8942,61.0125,1
156.1033,156.1038,156.1652,61.9728,1
156.2308,156.2312,156.2928,62.0589,1
156.3530,156.3533,156.4143,61.2746,1
156.5504,156.5510,156.6139,63.4740,1
156.5646,156.6139,156.6986,133.9741,1
157.3696,157.3708,157.4308,61.1608,1
157.6668,157.6674,157.7300,63.2420,1
158.0485,158.0489,158.1106,62.1369,1
158.2303,158.2306,158.2902,59.9291,1
158.2804,158.2902,158.3762,95.8561,1
158.3447,158.3762,158.4559,111.2106,1
158.4241,158.4559,158.5360,111.8401,1
158.4458,158.5360,158.6157,169.9288,1
158.6297,158.6299,158.7003,70.6495,1
158.6570,158.7003,158.7815,124.5246,1
158.6980,158.7815,158.8614,163.3610,1
158.7569,158.8614,158.9426,185.7171,1
158.7777,158.9426,159.0231,245.3401,1
158.8003,159.0231,159.1248,324.4189,1
158.8883,159.1248,159.2101,321.8301,1
159.0058,159.2102,159.2956,289.8234,1
159.0379,159.2956,159.3780,340.1004,1
159.0393,159.3780,159.4596,420.2628,1
159.0641,159.4596,159.5459,481.7613,1
159.1857,159.5459,159.6277,442.0554,1
159.5494,159.6277,159.7098,160.4852,1
159.5525,159.7099,159.7911,238.5435,1
159.5593,159.7911,159.8716,312.2310,1
159.6740,159.8716,159.9504,276.4477,1
159.6866,159.9504,160.0391,352.5113,1
159.6989,160.0391,160.1261,427.1283,1
159.7217,160.1261,160.2107,489.0186,1
159.7696,160.2108,160.2936,524.0638,1
159.9566,160.2936,160.3749,418.2796,1
160.0738,160.3749,160.4577,383.9759,1
160.1818,160.4578,160.5398,357.9664,1
160.2506,160.5398,160.6213,370.6503,1
160.2665,160.6213,160.7020,435.4827,1
160.2834,160.7020,160.7816,498.2673,1
160.3250,160.7817,160.8619,536.9063,1
160.3492,160.8619,160.9471,597.8857,1
160.4071,160.9471,161.0330,625.8773,1
160.5017,161.0330,161.1183,616.6265,1
160.5117,161.1183,161.2026,690.8814,1
160.5442,161.2026,161.2855,741.2767,1
160.7318,161.2855,161.3683,636.4934,1
160.7848,161.3683,161.4512,666.3765,1
160.8298,161.4512,161.5328,703.0119,1
160.9202,161.5328,161.6144,694.2359,1
160.9958,161.6145,161.6957,699.8751,1
161.0005,161.6957,161.7757,775.2065,1
161.2313,161.7757,161.8583,627.0069,1
161.4329,161.8584,161.9429,509.9508,1
161.5682,161.9429,162.0274,459.2667,1
161.6104,162.0274,162.1128,502.3329,1
161.6373,162.1128,162.1961,558.8458,1
161.6776,162.1961,162.2801,602.4343,1
161.6978,162.2801,162.3636,665.7927,1
161.7760,162.3636,162.4462,670.1414,1
161.9312,162.4462,162.5282,597.0296,1
161.9727,162.5283,162.6107,638.0029,1
162.0693,162.6108,162.6912,621.8693,1
162.0792,162.6912,162.7728,693.5937,1
162.1563,162.7728,162.8556,699.3224,1
162.2282,162.8556,162.9398,711.6070,1
162.3372,162.9398,163.0244,687.1974,1
162.4055,163.0244,163.1089,703.3804,1
162.6463,163.1089,163.1926,546.3376,1
162.6539,163.1926,163.2759,621.9825,1
162.7025,163.2759,163.3592,656.6636,1
162.7113,163.3592,163.4420,730.7538,1
162.8337,163.4421,163.5246,690.9126,1
162.9337,163.5246,163.6059,672.1229,1
163.0235,163.6059,163.6886,665.0624,1
163.0440,163.6886,163.7707,726.6697,1
163.2606,163.7707,163.8540,593.4138,1
163.3841,163.8540,163.9377,553.5958,1
163.7044,163.9377,164.0223,317.9067,1
163.7446,164.0223,164.1068,362.2056,1
163.8155,164.1068,164.1914,375.8655,1
164.0161,164.1914,164.2747,258.5817,1
164.0404,164.2747,164.3582,317.8479,1
164.1106,164.3583,164.4411,330.5207,1
164.2277,164.4411,164.5232,295.4663,1
164.2905,164.5232,164.6060,315.5443,1
164.5339,164.6060,164.6889,154.9414,1
164.5522,164.6889,164.7717,219.5501,1
164.5706,164.7717,164.8546,284.0016,1
164.6705,164.8546,164.9392,268.7087,1
164.8050,164.9392,165.0229,217.9139,1
164.9264,165.0229,165.1075,181.0696,1
165.0158,165.1075,165.1916,175.7540,1
165.1487,165.1916,165.2756,126.8773,1
165.2174,165.2756,165.3589,141.5275,1
165.2997,165.3589,165.4414,141.6071,1
165.4175,165.4414,165.5242,106.6859,1
165.4756,165.5242,165.6071,131.4830,1
165.4812,165.6071,165.6899,208.6425,1
165.5228,165.6899,165.7727,249.9717,1
165.6057,165.7728,165.8565,250.7514,1
165.6063,165.8565,165.9398,333.5370,1
165.7672,165.9398,166.0243,257.1687,1
165.8431,166.0244,166.1089,265.7938,1
165.8580,166.1089,166.1934,335.4649,1
165.8851,166.1934,166.2766,391.5558,1
165.9179,166.2766,166.3602,442.3617,1
166.0317,166.3603,166.4431,411.4480,1
166.1814,166.4431,166.5268,345.3779,1
166.3027,166.5268,166.6096,306.9445,1
166.4139,166.6096,166.6925,278.5077,1
166.4560,166.6925,166.7757,319.7314,1
166.5100,166.7758,166.8592,349.1892,1
166.5516,166.8592,166.9439,392.3534,1
166.6266,166.9439,167.0285,401.8229,1
166.9014,167.0285,167.1130,211.5525,1
167.0934,167.1130,167.1966,103.2287,1
167.2119,167.2123,167.2822,70.2901,1
167.5069,167.5075,167.5689,61.9862,1
167.5424,167.5689,167.6542,111.7803,1
167.6089,167.6542,167.7340,125.0820,1
167.7403,167.7408,167.8161,75.8031,1
167.8461,167.8465,167.9098,63.6872,1
167.8704,167.9098,167.9930,122.6102,1
167.9015,167.9931,168.0728,171.3128,1
167.9508,168.0728,168.1528,202.0193,1
168.2876,168.2882,168.3510,63.3850,1
168.3163,168.3510,168.4354,119.1196,1
168.4548,168.4552,168.5216,66.8103,1
168.4936,168.5216,168.6041,110.4847,1
168.5714,168.6041,168.6832,111.7849,1
168.8793,168.8799,168.9401,60.8254,1
169.0636,169.0641,169.1254,61.8365,1
169.1025,169.1254,169.2102,107.6694,1
169.1090,169.2102,169.2891,180.0734,1
169.1384,169.2891,169.3688,230.4068,1
169.2098,169.3688,169.4484,238.6137,1
169.2597,169.4484,169.5281,268.4214,1
169.2622,169.5281,169.6081,345.8726,1
169.5598,169.6081,169.6882,128.3591,1
169.6036,169.6882,169.7679,164.2080,1
169.7879,169.7883,169.8558,67.8340,1
169.9756,169.9761,170.0385,62.8607,1
170.0006,170.0385,170.1240,123.4026,1
170.0392,170.1240,170.2036,164.3396,1
170.0795,170.2036,170.2836,204.1185,1
170.1685,170.2836,170.3640,195.4521,1
170.3134,170.3640,170.4442,130.7731,1
170.4087,170.4442,170.5243,115.5812,1
170.4465,170.5243,170.6039,157.4204,1
170.4836,170.6039,170.6839,200.2871,1
170.7113,170.7117,170.7744,63.1314,1
170.9641,170.9646,171.0235,59.3679,1
170.9778,171.0235,171.1093,131.5318,1
171.0586,171.1094,171.1882,129.6402,1
171.0855,171.1882,171.2680,182.4777,1
171.1519,171.2680,171.3480,196.0682,1
171.1869,171.3480,171.4280,241.1318,1
171.1963,171.4280,171.5077,311.4263,1
171.5937,171.5945,171.6516,57.8470,1
171.6090,171.6516,171.7386,129.6237,1
171.7773,171.7778,171.8394,62.1023,1
171.8176,171.8394,171.9247,107.0513,1
171.8304,171.9247,172.0043,173.9314,1
171.8328,172.0044,172.0840,251.2436,1
172.0300,172.0840,172.1637,133.6949,1
172.1041,172.1637,172.2437,139.5999,1
172.1348,172.2437,172.3238,188.9333,1
172.1471,172.3238,172.4034,256.3450,1
172.1623,172.4034,172.5031,340.8358,1
172.2512,172.5031,172.5841,332.8389,1
172.2546,172.5841,172.6804,425.8709,1
172.2621,172.6805,172.7630,500.9563,1
172.2870,172.7630,172.8477,560.6638,1
172.3036,172.8477,172.9305,626.8653,1
172.4981,172.9305,173.0113,513.2176,1
172.5581,173.0113,173.0921,534.0752,1
172.5749,173.0921,173.1729,597.9991,1
172.7164,173.1729,173.2537,537.2216,1
172.7267,173.2537,173.3346,607.9413,1
172.9265,173.3346,173.4244,497.9551,1
173.2172,173.4245,173.5091,291.8337,1
173.4986,173.5091,173.6004,101.7470,1
173.5962,173.6004,173.6874,91.2410,1
173.7414,173.7419,173.8029,61.5284,1
173.7567,173.8030,173.8881,131.4065,1
173.7836,173.8881,173.9685,184.8423,1
173.8123,173.9685,174.0493,237.0169,1
173.8511,174.0493,174.1301,279.0752,1
173.8554,174.1302,174.2114,356.0079,1
173.8633,174.2114,174.2918,428.5082,1
174.0074,174.2918,174.3730,365.5774,1
174.0569,174.3730,174.4542,397.2983,1
174.1824,174.4543,174.5355,353.0412,1
174.1839,174.5355,174.6407,456.7961,1
174.2109,174.6407,174.7291,518.2285,1
174.3388,174.7291,174.8143,475.5044,1
174.3600,174.8143,174.8971,537.1796,1
174.4230,174.8971,174.9792,556.1739,1
174.4368,174.9792,175.0610,624.2018,1
174.5282,175.0610,175.1422,613.9869,1
174.6215,175.1422,175.2230,601.5049,1
174.6248,175.2230,175.3042,679.4447,1
174.6652,175.3043,175.3855,720.3168,1
174.7197,175.3855,175.4674,747.7506,1
174.8022,175.4674,175.5611,758.9483,1
175.2312,175.5611,175.6513,420.0573,1
175.4754,175.6513,175.7395,264.0667,1
175.6489,175.7395,175.8250,176.0764,1
175.6826,175.8250,175.9083,225.7515,1
175.6835,175.9083,175.9912,307.7004,1
175.7143,175.9912,176.0731,358.8128,1
175.7342,176.0731,176.1548,420.6808,1
175.9490,176.1548,176.2363,287.3417,1
175.9735,176.2363,176.3175,344.0359,1
176.1435,176.3175,176.4002,256.6815,1
176.7413,176.7419,176.8016,60.3914,1
176.7908,176.8017,176.8865,95.6512,1
177.0287,177.0293,177.0921,63.3501,1
177.1377,177.1380,177.2003,62.5752,1
177.1386,177.2003,177.2858,147.2503,1
177.1881,177.2859,177.3655,177.4402,1
177.3424,177.3655,177.4459,103.5688,1
177.3830,177.4460,177.5272,144.1851,1
177.6308,177.6313,177.6881,57.3063,1
177.7228,177.7232,177.7878,65.0339,1
177.7319,177.7879,177.8709,138.9848,1
177.7935,177.8709,177.9518,158.2964,1
177.9843,177.9846,178.0510,66.7213,1
178.0463,178.0510,178.1338,87.4801,1
178.0834,178.1338,178.2147,131.2704,1
178.0983,178.2147,178.2951,196.8137,1
178.1916,178.2951,178.3761,184.5268,1
178.2082,178.3761,178.4571,248.8941,1
178.2765,178.4571,178.5498,273.3101,1
178.2936,178.5498,178.6388,345.2083,1
178.3126,178.6388,178.7196,406.9928,1
178.4360,178.7196,178.8008,364.8118,1
178.4884,178.8008,178.8958,407.3338,1
178.5331,178.8958,178.9795,446.3813,1
178.5334,178.9796,179.0641,530.6213,1
178.5381,179.0641,179.1474,609.2997,1
178.6164,179.1474,179.2290,612.5813,1
178.7167,179.2290,179.3102,593.4380,1
178.8107,179.3102,179.3930,582.3420,1
179.0160,179.3930,179.4794,463.3781,1
179.0228,179.4794,179.5659,543.0588,1
179.0452,179.5659,179.6504,605.1784,1
179.1902,179.6504,179.7336,543.3613,1
179.2640,179.7336,179.8229,558.9157,1
179.4700,179.8229,179.9093,439.2770,1
179.4884,179.9093,179.9955,507.1711,1
179.5809,179.9956,180.0792,498.3375,1
179.6215,180.0792,180.1620,540.5252,1
179.7668,180.1620,180.2441,477.2595,1
179.8079,180.2441,180.3273,519.4022,1
179.8268,180.3273,180.4123,585.5480,1
179.8551,180.4123,180.4986,643.5102,1
179.8824,180.4986,180.5845,702.0741,1
179.9313,180.5845,180.6691,737.8243,1
179.9724,180.6691,180.7565,784.1619,1
180.1760,180.7566,180.8428,666.7829,1
180.3017,180.8428,180.9291,627.3557,1
180.3929,180.9291,181.0140,621.0787,1
180.4030,181.0140,181.0977,694.6794,1
180.4033,181.0977,181.1811,777.8058,1
180.6272,181.1811,181.2639,636.7551,1
180.7489,181.2639,181.3484,599.5062,1
180.7974,181.3484,181.4330,635.6373,1
180.8093,181.4331,181.5186,709.3798,1
180.8836,181.5187,181.6039,720.3211,1
180.9349,181.6039,181.6902,755.2851,1
181.0898,181.6902,181.7765,686.6602,1
181.2351,181.7765,181.8628,627.6116,1
181.2488,181.8628,181.9486,699.7181,1
181.2600,181.9486,182.0329,772.9236,1
181.2931,182.0329,182.1164,823.2304,1
181.4609,182.1164,182.1997,738.7267,1
181.4907,182.1997,182.2838,793.0950,1
181.5240,182.2838,182.3683,844.2962,1
181.6222,182.3683,182.4528,830.6579,1
181.7322,182.4528,182.5384,806.2046,1
181.7915,182.5384,182.6247,833.2038,1
181.8927,182.6247,182.7110,818.2912,1
182.0037,182.7110,182.7972,793.4793,1
182.0202,182.7972,182.8831,862.8933,1
182.0218,182.8831,182.9684,946.6413,1
182.1327,182.9685,183.0528,920.1696,1
182.2680,183.0528,183.1367,868.7021,1
182.3371,183.1367,183.2200,882.9054,1
182.5098,183.2200,183.3045,794.7471,1
182.6603,183.3045,183.3891,728.7606,1
182.8174,183.3891,183.4750,657.6020,1
182.9091,183.4750,183.5613,652.2016,1
182.9210,183.5613,183.6475,726.5187,1
182.9756,183.6475,183.7338,758.1877,1
183.0021,183.7338,183.8201,818.0118,1
183.0503,183.8201,183.9047,854.4086,1
183.1172,183.9047,183.9892,872.0127,1
183.5333,183.9892,184.0737,540.4383,1
183.5515,184.0737,184.1582,606.7822,1
183.5871,184.1583,184.2428,655.6492,1
183.7421,184.2428,184.3273,585.1567,1
183.7759,184.3273,184.4118,635.9445,1
183.9921,184.4118,184.4978,505.6469,1
184.0062,184.4978,184.5841,577.8868,1
184.0994,184.5841,184.6703,570.9706,1
184.1484,184.6704,184.7566,608.2527,1
184.1916,184.7566,184.8429,651.3042,1
184.2810,184.8429,184.9275,646.4797,1
184.4398,184.9275,185.0120,572.2011,1
184.6692,185.0120,185.0965,427.2822,1
184.9202,185.0965,185.1810,260.8202,1
185.3310,185.3318,185.3954,64.3232,1
185.4593,185.4597,185.5193,59.9203,1
185.4683,185.5193,185.6063,137.9955,1
185.5662,185.6063,185.6872,120.9911,1
185.6394,185.6872,185.7684,128.9534,1
185.8281,185.8285,185.8914,63.3465,1
185.9405,185.9409,186.0044,63.8553,1
186.0094,186.0098,186.0899,80.4921,1
186.0658,186.0900,186.1718,105.9948,1
186.1443,186.1718,186.2531,108.7132,1
186.1472,186.2531,186.3345,187.2670,1
186.1817,186.3345,186.4159,234.2048,1
186.2453,186.4159,186.4972,251.8364,1
186.3533,186.4972,186.5784,225.0644,1
186.4819,186.5784,186.6596,177.7303,1
186.5165,186.6596,186.7566,240.1290,1
186.7180,186.7566,186.8590,140.9786,1
186.7232,186.8590,186.9465,223.3411,1
186.7348,186.9466,187.0298,295.0784,1
186.7718,187.0299,187.1130,341.1570,1
187.0019,187.1130,187.1956,193.6377,1
187.1354,187.1956,187.2768,141.3534,1
187.2518,187.2768,187.3583,106.4793,1
187.3284,187.3583,187.4400,111.6323,1
187.3643,187.4400,187.5212,156.9531,1
187.4881,187.5213,187.6070,118.9096,1
187.5591,187.6070,187.6965,137.3448,1
187.6243,187.6965,187.7919,167.6161,1
187.8860,187.8864,187.9506,64.6053,1
187.8969,187.9506,188.0376,140.6909,1
188.0557,188.0562,188.1267,71.0355,1
188.1226,188.1267,188.2106,87.9439,1
188.3310,188.3314,188.3957,64.7250,1
188.4531,188.4536,188.5166,63.4856,1
188.4839,188.5166,188.6036,119.7237,1
188.5170,188.6036,188.6848,167.7402,1
188.5265,188.6848,188.7661,239.5361,1
188.5835,188.7661,188.8476,264.0791,1
188.6002,188.8476,188.9296,329.4008,1
188.6648,188.9296,189.0114,346.5233,1
188.6837,189.0114,189.0928,409.0895,1
188.9917,189.0928,189.1768,185.1011,1
189.0315,189.1768,189.2718,240.2944,1
189.1205,189.2719,189.3748,254.3854,1
189.2219,189.3749,189.4592,237.2789,1
189.4808,189.4812,189.5500,69.2551,1
189.7079,189.7084,189.7717,63.8893,1
189.7835,189.7839,189.8585,75.0079,1
189.7869,189.8585,189.9403,153.3814,1
189.8542,189.9403,190.0215,167.3310,1
189.8694,190.0215,190.1027,233.3718,1
189.8991,190.1027,190.1855,286.4278,1
189.9312,190.1855,190.2667,335.5526,1
189.9337,190.2667,190.3480,414.2510,1
190.0465,190.3480,190.4292,382.6370,1
190.0956,190.4292,190.5113,415.7447,1
190.1008,190.5113,190.6263,525.4396,1
190.1783,190.6263,190.7149,536.5827,1
190.3046,190.7149,190.7998,495.1272,1
190.4682,190.7998,190.8831,414.8388,1
190.7327,190.8831,190.9655,232.7372,1
190.7381,190.9655,191.0479,309.8140,1
190.7569,191.0479,191.1304,373.4332,1
190.8399,191.1304,191.2130,373.0773,1
191.0271,191.2130,191.2942,267.1265,1
191.2398,191.2942,191.3769,137.1134,1
191.2727,191.3769,191.4642,191.5546,1
191.4395,191.4642,191.5606,121.0983,1
191.5244,191.5606,191.6520,127.5539,1
191.6065,191.6520,191.7404,133.8878,1
191.8851,191.8858,191.9436,58.5239,1
191.9419,191.9437,192.0320,90.0888,1
192.0932,192.0937,192.1525,59.2848,1
192.1350,192.1525,192.2418,106.8228,1
192.1755,192.2418,192.3231,147.5292,1
192.1883,192.3231,192.4047,216.4554,1
192.2470,192.4047,192.4875,240.5125,1
192.3029,192.4875,192.5687,265.7778,1
192.4281,192.5687,192.6513,223.2045,1
192.5227,192.6513,192.7347,212.0216,1
192.6276,192.7347,192.8265,198.9176,1
192.6585,192.8265,192.9076,249.1112,1
192.8210,192.9076,193.0146,193.5487,1
192.8837,193.0146,193.1003,216.6764,1
192.9482,193.1003,193.1862,237.9385,1
192.9683,193.1862,193.2701,301.8488,1
193.2954,193.2959,193.3635,68.1030,1
193.3522,193.3635,193.4485,96.3236,1
193.4492,193.4496,193.5306,81.4680,1
193.4697,193.5306,193.6127,143.0223,1
193.6612,193.6618,193.7263,65.1053,1
193.8699,193.8703,193.9330,63.0778,1
193.8943,193.9330,194.0210,126.6248,1
194.0046,194.0210,194.1033,98.7221,1
194.2013,194.2018,194.2623,60.9590,1
194.2401,194.2623,194.3497,109.6382,1
194.2743,194.3498,194.4310,156.6655,1
194.3452,194.4310,194.5136,168.3482,1
194.3694,194.5136,194.5956,226.2373,1
194.4246,194.5956,194.6784,253.8057,1
194.5311,194.6785,194.7601,228.9819,1
194.5982,194.7601,194.8425,244.2949,1
194.6958,194.8425,194.9253,229.5737,1
194.7017,194.9254,195.0083,306.6416,1
194.7927,195.0083,195.1215,328.8057,1
195.1084,195.1215,195.2075,99.1182,1
195.1614,195.2075,195.2946,133.1850,1
195.2292,195.2946,195.3787,149.4653,1
195.2359,195.3787,195.4620,226.0454,1
195.2983,195.4620,195.5448,246.5454,1
195.3278,195.5448,195.6277,299.8524,1
195.3497,195.6277,195.7105,360.7559,1
195.5449,195.7105,195.7925,247.6207,1
195.6308,195.7926,195.8754,244.5520,1
195.6901,195.8754,195.9637,273.5539,1
195.6946,195.9637,196.0595,364.8867,1
195.7580,196.0596,196.1509,392.8972,1
195.8343,196.1509,196.2392,404.9345,1
195.9384,196.2392,196.3259,387.5069,1
196.0504,196.3259,196.4104,359.9823,1
196.0536,196.4104,196.4934,439.7826,1
196.1105,196.4934,196.5771,466.5891,1
196.2385,196.5771,196.6599,421.3827,1
196.2996,196.6599,196.7427,443.1870,1
196.4297,196.7427,196.8261,396.3204,1
196.4633,196.8261,196.9142,450.8331,1
196.4802,196.9142,197.0051,524.8986,1
196.5705,197.0051,197.0955,525.0306,1
196.9020,197.0955,197.1841,282.0903,1
196.9041,197.1841,197.2722,368.1149,1
197.5943,197.5950,197.6554,61.1600,1
197.7520,197.7524,197.8146,62.5415,1
198.3141,198.3148,198.3761,61.9519,1
198.4779,198.4782,198.5402,62.3018,1
198.4836,198.5402,198.6271,143.5431,1
198.4889,198.6272,198.7084,219.4946,1
198.4901,198.7084,198.7896,299.4957,1
198.5429,198.7896,198.8714,328.4951,1
198.6184,198.8714,198.9534,335.0092,1
198.6243,198.9534,199.0351,410.7732,1
198.7296,199.0351,199.1172,387.5749,1
198.9383,199.1172,199.1999,261.6041,1
199.1278,199.1999,199.2828,154.9583,1
199.1689,199.2828,199.3941,225.1628,1
199.2281,199.3941,199.4814,253.3461,1
199.2612,199.4815,199.5689,307.6800,1
199.4408,199.5689,199.6538,213.0369,1
199.4522,199.6538,199.7367,284.4873,1
199.5499,199.7367,199.8195,269.6458,1
199.5695,199.8195,199.9023,332.8786,1
199.7098,199.9024,199.9852,275.3938,1
199.8094,199.9852,200.0672,257.7900,1
199.8263,200.0672,200.1499,323.6014,1
199.8509,200.1499,200.2371,386.2400,1
200.0364,200.2372,200.3325,296.0503,1
200.1302,200.3325,200.4244,294.1293,1
200.1848,200.4244,200.5134,328.5501,1
200.4364,200.5134,200.5993,162.8777,1
200.4530,200.5993,200.6838,230.7754,1
200.4956,200.6838,200.7683,272.6593,1
200.6457,200.7683,200.8518,206.0513,1
200.7330,200.8518,200.9346,201.6532,1
200.8107,200.9346,201.0174,206.7715,1
200.8949,201.0175,201.1003,205.3554,1
200.9283,201.1003,201.1885,260.2467,1
201.0680,201.1885,201.2785,210.5307,1
201.0872,201.2785,201.3696,282.4417,1
201.2387,201.3696,201.4595,220.7824,1
201.3117,201.4595,201.5470,235.3509,1
201.3831,201.5470,201.6325,249.3400,1
201.4562,201.6325,201.7171,260.9364,1
201.4870,201.7171,201.8016,314.6804,1
201.6179,201.8017,201.8849,267.0399,1
201.7255,201.8849,201.9681,242.5817,1
201.8327,201.9681,202.0520,219.2560,1
201.9440,202.0520,202.1382,194.2277,1
201.9756,202.1382,202.2264,250.8404,1
202.0665,202.2264,202.3169,250.3814,1
202.2267,202.3169,202.4069,180.1804,1
202.2639,202.4069,202.4950,231.0756,1
202.5751,202.5756,202.6407,65.5843,1
202.7351,202.7353,202.7972,62.0668,1
202.7402,202.7972,202.8848,144.6304,1
202.8710,202.8848,202.9673,96.3175,1
202.9332,202.9673,203.0494,116.2168,1
202.9626,203.0494,203.1322,169.6754,1
203.1626,203.1631,203.2271,64.4591,1
203.1835,203.2271,203.3134,129.9268,1
203.2032,203.3134,203.3961,192.8672,1
203.3196,203.3961,203.4789,159.2963,1
203.5751,203.5756,203.6404,65.3136,1
203.6362,203.6405,203.7270,90.8751,1
203.7129,203.7271,203.8099,96.9376,1
203.7222,203.8099,203.8927,170.5582,1
203.7520,203.8927,203.9756,223.5768,1
203.8233,203.9756,204.0580,234.7023,1
204.0264,204.0580,204.1409,114.4848,1
204.0545,204.1409,204.2237,169.2078,1
204.1827,204.2237,204.3061,123.3919,1
204.4000,204.4006,204.4628,62.7762,1
204.5733,204.5738,204.6385,65.1978,1
204.6076,204.6385,204.7253,117.6688,1
204.7446,204.7449,204.8131,68.5667,1
204.7737,204.8132,204.8979,124.2581,1
204.9032,204.9036,204.9820,78.8229,1
205.2575,205.2581,205.3221,64.6711,1
205.4068,205.4072,205.4677,60.8888,1
205.4710,205.4714,205.5536,82.6283,1
205.6463,205.6467,205.7100,63.6910,1
205.7811,205.7816,205.8453,64.1175,1
206.0438,206.0444,206.1058,62.0024,1
206.1307,206.1311,206.2011,70.4253,1
206.2309,206.2313,206.2965,65.5849,1
206.3158,206.3162,206.3859,70.0275,1
206.3855,206.3859,206.4699,84.3178,1
206.5138,206.5143,206.5770,63.1369,1
206.8043,206.8049,206.8696,65.3271,1
206.8690,206.8696,206.9561,87.1381,1
206.9118,206.9562,207.0385,126.6425,1
206.9588,207.0385,207.1209,162.1453,1
206.9965,207.1209,207.2029,206.4042,1
207.0304,207.2030,207.2858,255.3906,1
207.0442,207.2858,207.3682,323.9753,1
207.0548,207.3682,207.4506,395.8477,1
207.4334,207.4507,207.5331,99.6294,1
207.7465,207.7470,207.8108,64.3179,1
207.8634,207.8637,207.9284,64.9958,1
208.0689,208.0693,208.1330,64.0944,1
208.0864,208.1330,208.2202,133.7824,1
208.1017,208.2202,208.3017,200.0720,1
208.1212,208.3017,208.3835,262.2716,1
208.1511,208.3835,208.4663,315.1509,1
208.1702,208.4663,208.5491,378.8967,1
208.4736,208.5491,208.6320,158.3200,1
208.9648,208.9656,209.0238,58.9813,1
209.0300,209.0302,209.1115,81.5759,1
209.0921,209.1116,209.1939,101.8048,1
209.1675,209.1939,209.2768,109.2149,1
209.3571,209.3575,209.4196,62.4032,1
209.5841,209.5846,209.6430,58.9503,1
209.5924,209.6430,209.7328,140.4108,1
209.6739,209.7328,209.8140,140.0681,1
209.7371,209.8140,209.8968,159.6199,1
210.3408,210.3417,210.4048,64.0786,1
210.5938,210.5944,210.6566,62.7926,1
210.6957,210.6960,210.7580,62.3144,1
210.8630,210.8634,210.9222,59.2424,1
210.8861,210.9222,211.0110,124.9495,1
210.9780,211.0110,211.0922,114.2300,1
211.1085,211.1089,211.1769,68.4022,1
211.4093,211.4100,211.4713,61.9768,1
211.4160,211.4713,211.5585,142.4639,1
211.6570,211.6576,211.7194,62.4071,1
211.7803,211.7806,211.8440,63.6781,1
211.8759,211.8763,211.9432,67.3211,1
211.8775,211.9432,212.0270,149.4361,1
212.1293,212.1298,212.1890,59.7614,1
212.1624,212.1891,212.2766,114.1546,1
212.2755,212.2766,212.3586,83.0365,1
212.2765,212.3586,212.4402,163.7358,1
212.3073,212.4402,212.5227,215.3496,1
212.3135,212.5227,212.6050,291.4752,1
212.3173,212.6050,212.6876,370.2640,1
212.3361,212.6876,212.7696,433.4385,1
212.4818,212.7696,212.8524,370.5813,1
212.5610,212.8524,212.9344,373.4308,1
212.6636,212.9344,213.0477,384.1321,1
212.6637,213.0477,213.1345,470.7978,1
212.7688,213.1345,213.2203,451.5267,1
212.8928,213.2203,213.3048,412.0368,1
212.9405,213.3048,213.3879,447.4013,1
213.1061,213.3879,213.4715,365.4000,1
213.1596,213.4715,213.5544,394.7730,1
213.5157,213.5544,213.6372,121.4622,1
213.7694,213.7699,213.8336,64.2137,1
213.8601,213.8604,213.9278,67.6430,1
213.8949,213.9278,214.0125,117.6197,1
214.1114,214.1119,214.1751,63.6182,1
214.3518,214.3523,214.4168,64.9916,1
214.3877,214.4168,214.5039,116.1448,1
214.4325,214.5039,214.5867,154.1788,1
214.4609,214.5867,214.6687,207.8226,1
214.4647,214.6687,214.7516,286.8537,1
214.6246,214.7516,214.8336,209.0322,1
214.6382,214.8336,214.9160,277.8057,1
214.7216,214.9160,214.9977,276.0896,1
214.8499,214.9977,215.0805,230.6285,1
214.9596,215.0805,215.1648,205.1542,1
214.9937,215.1648,215.2785,284.7942,1
215.0705,215.2785,215.3663,295.8275,1
215.4082,215.4088,215.4696,61.3772,1
215.5113,215.5116,215.5779,66.5987,1
215.5714,215.5779,215.6632,91.8394,1
215.7504,215.7508,215.8147,64.3498,1
215.7965,215.8147,215.9020,105.5455,1
215.8411,215.9020,215.9838,142.7297,1
215.8480,215.9838,216.0666,218.6732,1
216.0237,216.0667,216.1495,125.8341,1
216.1304,216.1495,216.2323,101.9435,1
216.2211,216.2324,216.3144,93.2651,1
216.4538,216.4542,216.5156,61.7726,1
216.4650,216.5156,216.6042,139.2547,1
216.5672,216.6042,216.6860,118.8285,1
216.6788,216.6861,216.7689,90.0324,1
216.6818,216.7689,216.8509,169.0702,1
216.7803,216.8509,216.9337,153.3987,1
216.9315,216.9338,217.0166,85.0863,1
216.9949,217.0166,217.0994,104.5062,1
217.0336,217.0994,217.1823,148.7144,1
217.1177,217.1823,217.2660,148.3224,1
217.1884,217.2660,217.3786,190.2236,1
217.2397,217.3786,217.4661,226.4938,1
217.2976,217.4662,217.5530,255.4342,1
217.5322,217.5530,217.6376,105.3753,1
217.5425,217.6376,217.7215,179.0457,1
217.8526,217.8532,217.9176,65.0011,1
217.8688,217.9176,218.0046,135.7632,1
218.0151,218.0156,218.0900,74.8128,1
218.2487,218.2492,218.3130,64.2822,1
218.2881,218.3130,218.4000,111.9032,1
218.2884,218.4000,218.4822,193.7860,1
218.3035,218.4822,218.5646,261.1121,1
218.3705,218.5646,218.6474,276.9216,1
218.3824,218.6474,218.7303,347.8634,1
218.4729,218.7303,218.8131,340.1940,1
218.6552,218.8131,218.8959,240.7545,1
218.8517,218.8959,218.9788,127.0880,1
218.8587,218.9788,219.0624,203.6687,1
218.8662,219.0624,219.1748,308.5786,1
218.9587,219.1748,219.2625,303.7958,1
219.1174,219.2625,219.3494,232.0287,1
219.1587,219.3494,219.4345,275.7872,1
219.2742,219.4345,219.5189,244.6723,1
219.3477,219.5189,219.6017,253.9686,1
219.4389,219.6017,219.6856,246.6406,1
219.5644,219.6856,219.7685,204.1200,1
219.7446,219.7686,219.8514,106.7684,1
219.8240,219.8514,219.9342,110.2289,1
219.8255,219.9342,220.0264,200.8185,1
219.9847,220.0264,220.1213,136.5524,1
220.3908,220.3914,220.4549,64.1370,1
220.4741,220.4745,220.5451,71.0406,1
220.8157,220.8164,220.8788,63.0551,1
221.0794,221.0799,221.1420,62.6727,1
221.1686,221.1690,221.2390,70.3778,1
221.1962,221.2390,221.3225,126.3747,1
221.2547,221.3226,221.4051,150.3900,1
221.3381,221.4051,221.4880,149.8259,1
221.4392,221.4880,221.5708,131.6321,1
221.6531,221.6536,221.7154,62.3068,1
221.6695,221.7154,221.8035,134.0330,1
221.6992,221.8035,221.8857,186.5654,1
221.7867,221.8857,221.9686,181.8728,1
221.8641,221.9686,222.0514,187.3385,1
221.9255,222.0514,222.1343,208.7134,1
221.9671,222.1343,222.2171,250.0011,1
222.1294,222.2171,222.2999,170.5358,1
222.2129,222.2999,222.3828,169.8621,1
222.6020,222.6026,222.6671,65.1289,1
222.6060,222.6672,222.7547,148.6681,1
222.6829,222.7547,222.8371,154.2165,1
222.7766,222.8371,222.9199,143.3043,1
222.7972,222.9200,223.0028,205.5946,1
222.8178,223.0028,223.0856,267.7717,1
222.8332,223.0856,223.1685,335.2796,1
222.8370,223.1685,223.2513,414.2699,1
223.0715,223.2513,223.3341,262.5884,1
223.1338,223.3341,223.4192,285.3394,1
223.2536,223.4192,223.5319,278.2751,1
223.3558,223.5319,223.6195,263.7265,1
223.6787,223.6793,223.7417,62.9616,1
223.7422,223.7426,223.8282,86.0546,1
223.7674,223.8283,223.9106,143.2340,1
223.8623,223.9106,223.9929,130.6824,1
224.0086,224.0091,224.0817,73.0416,1
224.0318,224.0817,224.1662,134.3952,1
224.1324,224.1662,224.2490,116.5899,1
224.1454,224.2490,224.3319,186.4939,1
224.2751,224.3319,224.4147,139.5559,1
224.4839,224.4844,224.5482,64.2326,1
224.5691,224.5694,224.6416,72.4868,1
224.5722,224.6416,224.7253,153.0693,1
224.6027,224.7253,224.8079,205.2280,1
224.6319,224.8079,224.8908,258.8520,1
224.7023,224.8908,224.9736,271.2996,1
225.0711,225.0718,225.1363,65.1551,1
225.2010,225.2015,225.2664,65.3868,1
225.2285,225.2664,225.3546,126.1108,1
225.3263,225.3546,225.4374,111.0825,1
225.4399,225.4402,225.5203,80.4095,1
225.4896,225.5203,225.6035,113.8612,1
225.5271,225.6035,225.6863,159.2128,1
225.6031,225.6863,225.7691,166.0678,1
225.7034,225.7691,225.8520,148.5300,1
225.7888,225.8520,225.9398,150.9598,1
225.7961,225.9398,226.0301,233.9839,1
225.8410,226.0301,226.1370,296.0287,1
225.9776,226.1370,226.2234,245.7815,1
226.0343,226.2234,226.3095,275.1842,1
226.1180,226.3095,226.3948,276.7905,1
226.2451,226.3948,226.4784,233.2461,1
226.4143,226.4784,226.5612,146.9379,1
226.5576,226.5612,226.6444,86.7918,1
226.7187,226.7190,226.7806,61.9187,1
226.7436,226.7806,226.8702,126.5823,1
226.7695,226.8702,226.9526,183.0931,1
226.8976,226.9526,227.0354,137.7670,1
227.0985,227.0989,227.1571,58.6841,1
227.1471,227.1572,227.2476,100.5240,1
227.1644,227.2477,227.3300,165.5705,1
227.1916,227.3300,227.4128,221.2419,1
227.2961,227.4128,227.4957,199.5969,1
227.3319,227.4957,227.5835,251.6856,1
227.4994,227.5836,227.6740,174.5748,1
227.5633,227.6740,227.7568,193.4975,1
227.5860,227.7568,227.8397,253.6073,1
227.6879,227.8397,227.9239,236.0234,1
227.7955,227.9240,228.0333,237.8085,1
227.8686,228.0333,228.1198,251.2522,1
227.9064,228.1198,228.2060,299.6291,1
227.9693,228.2061,228.2906,321.2702,1
228.1202,228.2906,228.3734,253.2192,1
228.1672,228.3734,228.4570,289.7524,1
228.1990,228.4570,228.5464,347.3389,1
228.3183,228.5464,228.6319,313.6141,1
228.4652,228.6319,228.7164,251.2253,1
228.8273,228.8279,228.8895,62.2166,1
229.0796,229.0800,229.1449,65.2679,1
229.2688,229.2690,229.3313,62.5799,1
229.2807,229.3314,229.4188,138.1717,1
229.3100,229.4188,229.5014,191.4130,1
229.3532,229.5014,229.5842,231.0038,1
229.3725,229.5843,229.6671,294.6324,1
229.4553,229.6671,229.7499,294.6243,1
229.4575,229.7499,229.8328,375.2907,1
229.4850,229.8328,229.9156,430.5743,1
229.5778,229.9156,229.9984,420.6485,1
229.6103,229.9984,230.0832,472.8739,1
229.8254,230.0832,230.1997,374.2931,1
230.0007,230.1997,230.2890,288.2915,1
230.1025,230.2890,230.3752,272.6748,1
230.1101,230.3752,230.4597,349.6375,1
230.1501,230.4598,230.5440,393.8814,1
230.2664,230.5440,230.6276,361.1499,1
230.4994,230.6276,230.7105,211.0717,1
230.5138,230.7105,230.7934,279.5459,1
230.6710,230.7934,230.8770,205.9737,1
230.7744,230.8770,230.9600,185.5627,1
230.7806,230.9600,231.0554,274.8099,1
230.8652,231.0554,231.1514,286.2508,1
231.1435,231.1514,231.2439,100.3444,1
231.1688,231.2439,231.3331,164.3206,1
231.2236,231.3331,231.4197,196.1122,1
231.2557,231.4198,231.5045,248.8651,1
231.2863,231.5045,231.5879,301.5605,1
231.3934,231.5879,231.6719,278.5098,1
231.5236,231.6719,231.7557,232.0826,1
231.5655,231.7557,231.8389,273.4789,1
231.7183,231.8389,231.9247,206.4518,1
231.7402,231.9247,232.0167,276.5760,1
231.7706,232.0167,232.1104,339.8073,1
231.7985,232.1104,232.2024,403.8546,1
231.8950,232.2024,232.2925,397.4866,1
232.0861,232.2925,232.3800,293.9194,1
232.4598,232.4604,232.5257,65.8988,1
232.4869,232.5258,232.6147,127.8318,1
232.6949,232.6953,232.7573,62.3445,1
232.8034,232.8038,232.8698,66.3973,1
232.9708,232.9713,233.0362,65.4142,1
233.0645,233.0648,233.1345,70.0088,1
233.2942,233.2947,233.3591,64.8267,1
233.3309,233.3591,233.4461,115.1625,1
233.4085,233.4461,233.5289,120.3986,1
233.5045,233.5289,233.6117,107.2103,1
233.6207,233.6211,233.6971,76.4243,1
233.6234,233.6972,233.7809,157.4785,1
233.9178,233.9184,233.9820,64.2232,1
233.9533,233.9820,234.0706,117.2361,1
234.0334,234.0706,234.1538,120.4394,1
234.2424,234.2428,234.3054,63.0216,1
234.2484,234.3055,234.3943,145.8958,1
234.2486,234.3943,234.4771,228.5135,1
234.2934,234.4771,234.5605,267.1526,1
234.3001,234.5605,234.6443,344.2067,1
234.3248,234.6443,234.7272,402.3997,1
234.3817,234.7272,234.8116,429.8728,1
234.4566,234.8116,234.8948,438.1959,1
234.5137,234.8948,234.9781,464.3327,1
234.5507,234.9781,235.0622,511.4858,1
234.6673,235.0622,235.1785,511.1614,1
234.8992,235.1785,235.2680,368.8019,1
234.9788,235.2680,235.3555,376.7066,1
235.3130,235.3555,235.4400,126.9895,1
235.3734,235.4400,235.5245,151.0604,1
235.5355,235.5358,235.6115,76.0794,1
235.5663,235.6116,235.6951,128.8269,1
235.6075,235.6951,235.7780,170.4266,1
235.8581,235.8587,235.9177,59.6290,1
235.8655,235.9177,236.0085,142.9940,1
236.0097,236.0101,236.0923,82.6201,1
236.0808,236.0923,236.1751,94.3006,1
236.0879,236.1751,236.2590,171.0445,1
236.3953,236.3958,236.4593,63.9785,1
236.5375,236.5379,236.6028,65.3733,1
236.5439,236.6029,236.6916,147.7800,1
236.7290,236.7293,236.7976,68.6231,1
236.7661,236.7976,236.8825,116.4272,1
236.8436,236.8825,236.9653,121.6416,1
237.3927,237.3933,237.4576,64.9100,1
237.5737,237.5742,237.6335,59.8273,1
237.7338,237.7342,237.7981,64.2784,1
237.7892,237.7981,237.8858,96.6669,1
237.8456,237.8859,237.9686,123.0503,1
237.9873,237.9876,238.0577,70.4306,1
237.9931,238.0577,238.1420,148.9852,1
238.0148,238.1421,238.2249,210.0914,1
238.0242,238.2249,238.3077,283.5510,1
238.0589,238.3077,238.3906,331.7180,1
238.1865,238.3906,238.4742,287.6615,1
238.2555,238.4742,238.5592,303.7742,1
238.2981,238.5592,238.6686,370.4339,1
238.3370,238.6686,238.7563,419.2993,1
238.3439,238.7563,238.8432,499.3480,1
238.5051,238.8432,238.9351,430.0858,1
238.5732,238.9352,239.0197,446.4977,1
238.6592,239.0197,239.1042,444.9857,1
238.7221,239.1042,239.1879,465.7753,1
239.0688,239.1879,239.2711,202.3045,1
239.1407,239.2711,239.3552,214.4442,1
239.3123,239.3552,239.4386,126.3110,1
239.5487,239.5490,239.6107,62.0147,1
239.6573,239.6578,239.7238,66.4479,1
239.7016,239.7238,239.8109,109.3159,1
239.7109,239.8109,239.8935,182.5291,1
239.7377,239.8935,239.9770,239.3659,1
239.8682,239.9770,240.0603,192.0824,1
239.9836,240.0603,240.1435,159.9688,1
240.4283,240.4291,240.4900,61.6339,1
240.4378,240.4900,240.5791,141.3303,1
240.6616,240.6620,240.7272,65.5376,1
240.8028,240.8032,240.8653,62.5323,1
241.0400,241.0406,241.1024,62.3225,1
241.2496,241.2501,241.3125,62.9348,1
241.4678,241.4682,241.5309,63.0646,1
241.7509,241.7516,241.8164,65.4943,1
241.8059,241.8165,241.9035,97.5798,1
241.8533,241.9035,241.9858,132.5674,1
242.0572,242.0576,242.1169,59.6729,1
242.2663,242.2668,242.3316,65.2910,1
242.8304,242.8313,242.8947,64.3459,1
242.8958,242.8962,242.9820,86.1625,1
242.9508,242.9820,243.0647,113.8692,1
243.7367,243.7378,243.7966,59.8360,1
244.1707,244.1714,244.2299,59.2066,1
244.5653,244.5657,244.6295,64.1880,1
244.8775,244.8780,244.9361,58.6270,1
245.3911,245.3918,245.4569,65.8165,1
245.5470,245.5473,245.6067,59.6943,1
246.1948,246.1956,246.2591,64.2270,1
246.9674,246.9683,247.0308,63.3978,1
247.0567,247.0570,247.1233,66.5814,1
247.2698,247.2702,247.3340,64.1859,1
247.7449,247.7456,247.8098,64.9000,1
248.0526,248.0531,248.1115,58.8851,1
248.6650,248.6657,248.7241,59.1126,1
248.6988,248.7241,248.8102,111.4273,1
248.9335,248.9339,248.9936,60.0841,1
248.9826,248.9936,249.0823,99.6903,1
249.3748,249.3753,249.4346,59.8216,1
249.5379,249.5383,249.5992,61.2790,1
250.1515,250.1522,250.2102,58.7146,1
250.5734,250.5739,250.6360,62.5227,1
250.7250,250.7252,250.7839,58.8765,1
250.9687,250.9691,251.0278,59.1073,1
251.1193,251.1196,251.1841,64.7907,1
251.2040,251.2041,251.2767,72.7128,1
251.2047,251.2767,251.3594,154.6899,1
251.8318,251.8328,251.8954,63.5361,1
253.1641,253.1658,253.2304,66.3204,1
253.3456,253.3461,253.4091,63.4268,1
253.6161,253.6167,253.6783,62.1555,1
254.0018,254.0024,254.0656,63.7442,1
254.2186,254.2190,254.2809,62.3339,1
254.3356,254.3359,254.3968,61.1990,1
254.3570,254.3968,254.4832,126.2242,1
254.4655,254.4832,254.5640,98.5774,1
254.7950,254.7955,254.8556,60.5284,1
254.8659,254.8662,254.9440,78.0544,1
256.4108,256.4126,256.4748,64.0445,1
256.4954,256.4957,256.5655,70.0888,1
256.6918,256.6921,256.7538,61.9352,1
256.8302,256.8306,256.8888,58.5535,1
257.4128,257.4136,257.4731,60.3383,1
257.6407,257.6411,257.7019,61.2466,1
257.9893,257.9898,258.0522,62.9208,1
258.0886,258.0889,258.1500,61.4064,1
258.1485,258.1501,258.2353,86.7921,1
258.9663,258.9673,259.0248,58.5622,1
258.9782,259.0249,259.1117,133.4595,1
259.3610,259.3616,259.4196,58.5716,1
259.3867,259.4196,259.5062,119.5167,1
259.8278,259.8284,259.8912,63.3421,1
260.1034,260.1039,260.1627,59.3305,1
260.3718,260.3722,260.4351,63.2503,1
260.6184,260.6187,260.6832,64.8114,1
260.7908,260.7911,260.8499,59.0806,1
260.8919,260.8922,260.9520,60.0865,1
261.1010,261.1014,261.1598,58.7738,1
261.3053,261.3057,261.3692,63.9142,1
261.5444,261.5447,261.6074,62.9998,1
262.0546,262.0553,262.1153,60.7102,1
262.2865,262.2869,262.3452,58.6543,1
262.5972,262.5976,262.6614,64.1851,1
262.9088,262.9093,262.9664,57.5606,1
262.9991,262.9993,263.0640,64.8643,1
263.1319,263.1322,263.1931,61.1712,1
263.4124,263.4129,263.4764,64.0021,1
263.6601,263.6605,263.7232,63.1425,1
263.8637,263.8640,263.9208,57.0198,1
264.0090,264.0093,264.0712,62.2209,1
264.4911,264.4917,264.5523,61.1452,1
264.7191,264.7194,264.7812,62.0495,1
265.0583,265.0588,265.1213,62.9596,1
265.4536,265.4541,265.5178,64.1845,1
265.4612,265.5179,265.6024,141.2067,1
265.9666,265.9672,266.0241,57.4640,1
266.1322,266.1324,266.1912,59.0255,1
266.2238,266.2241,266.2876,63.7697,1
266.3791,266.3794,266.4409,61.7952,1
266.5099,266.5102,266.5729,63.0514,1
267.0623,267.0630,267.1257,63.4623,1
267.9413,267.9423,268.0048,63.5415,1
268.2755,268.2761,268.3376,62.0832,1
268.3894,268.3897,268.4481,58.7368,1
268.7790,268.7795,268.8407,61.6536,1
268.7961,268.8407,268.9260,129.9358,1
269.4308,269.4316,269.4903,59.5529,1
269.9765,269.9771,270.0383,61.8442,1
270.1302,270.1306,270.1903,60.1069,1
270.8055,270.8066,270.8639,58.3367,1
270.8252,270.8639,270.9506,125.3693,1
271.0040,271.0046,271.0632,59.1963,1
271.1917,271.1921,271.2547,63.0467,1
271.1921,271.2548,271.3394,147.2775,1
271.3497,271.3501,271.4222,72.4998,1
271.3551,271.4222,271.5028,147.6542,1
271.3818,271.5028,271.5829,201.0755,1
271.6505,271.6511,271.7113,60.8458,1
272.3398,272.3408,272.3981,58.2962,1
272.7339,272.7344,272.7938,59.8836,1
272.8064,272.8067,272.8804,73.9382,1
273.0294,273.0297,273.0922,62.7950,1
273.1192,273.1194,273.1844,65.1672,1
273.1851,273.1853,273.2651,79.9879,1
273.2172,273.2651,273.3446,127.3244,1
273.6355,273.6363,273.6973,61.7248,1
273.7258,273.7260,273.7932,67.3991,1
273.7626,273.7932,273.8752,112.6759,1
273.7927,273.8752,273.9549,162.2028,1
273.9172,273.9549,274.0346,117.3111,1
273.9993,274.0346,274.1142,114.8997,1
274.4909,274.4918,274.5539,63.0164,1
274.5969,274.5973,274.6587,61.7989,1
274.9264,274.9268,274.9863,59.9407,1
275.0146,275.0149,275.0797,65.0765,1
275.3147,275.3152,275.3759,61.1549,1
275.6386,275.6391,275.6959,57.2484,1
275.7801,275.7803,275.8371,57.0227,1
276.0061,276.0064,276.0655,59.3893,1
276.1460,276.1463,276.2091,63.0650,1
276.2639,276.2641,276.3212,57.2610,1
276.8642,276.8650,276.9256,61.3668,1
276.9614,276.9616,277.0233,61.9017,1
277.0993,277.0996,277.1563,57.0160,1
277.1256,277.1564,277.2420,116.4076,1
277.2111,277.2420,277.3210,109.8471,1
277.3186,277.3210,277.4006,82.0864,1
277.8445,277.8452,277.9048,60.3218,1
278.0501,278.0506,278.1131,62.9742,1
278.7530,278.7538,278.8139,60.9039,1
278.8843,278.8846,278.9439,59.5944,1
278.9200,278.9440,279.0302,110.1102,1
279.0591,279.0594,279.1231,64.0708,1
279.4066,279.4072,279.4656,58.9864,1
279.4706,279.4708,279.5501,79.4652,1
279.5227,279.5501,279.6298,107.0146,1
279.7623,279.7629,279.8211,58.7380,1
280.1396,280.1402,280.2018,62.1917,1
280.4571,280.4576,280.5143,57.2009,1
281.7189,281.7202,281.7822,63.2831,1
282.4628,282.4636,282.5222,59.4150,1
282.5880,282.5883,282.6477,59.6586,1
282.5891,282.6477,282.7317,142.5975,1
283.2056,283.2065,283.2661,60.5184,1
283.3559,283.3562,283.4179,62.0573,1
284.0732,284.0742,284.1348,61.6270,1
284.2524,284.2528,284.3134,61.0220,1
284.9034,284.9043,284.9624,59.0353,1
284.9424,284.9625,285.0479,105.5234,1
285.6005,285.6016,285.6574,56.8403,1
285.8258,285.8262,285.8860,60.2714,1
286.1384,286.1391,286.1969,58.4293,1
287.5647,287.5663,287.6257,60.9926,1
287.6990,287.6995,287.7564,57.4000,1
287.8869,287.8873,287.9465,59.5945,1
288.0145,288.0147,288.0729,58.4535,1
288.0444,288.0729,288.1576,113.2227,1
288.7054,288.7062,288.7640,58.5755,1
288.7999,288.8003,288.8607,60.7250,1
289.3626,289.3634,289.4212,58.6549,1
289.3848,289.4212,289.5064,121.6642,1
289.4523,289.5064,289.5857,133.4045,1
289.5302,289.5857,289.6638,133.6550,1
289.5457,289.6638,289.7426,196.8282,1
289.5826,289.7426,289.8215,238.9086,1
289.5992,289.8215,289.9002,300.9838,1
289.8346,289.9002,289.9793,144.6813,1
290.0958,290.0964,290.1573,61.4786,1
290.1294,290.1573,290.2429,113.5383,1
290.1530,290.2429,290.3211,168.0973,1
290.1530,290.3211,290.4004,247.3826,1
290.6317,290.6324,290.6940,62.3563,1
291.0186,291.0191,291.0802,61.6028,1
291.0386,291.0802,291.1659,127.2667,1
291.3272,291.3276,291.3897,62.4532,1
291.6327,291.6333,291.6944,61.6425,1
292.2153,292.2161,292.2769,61.6674,1
292.2963,292.2967,292.3653,68.9901,1
292.3199,292.3653,292.4444,124.5128,1
292.3534,292.4444,292.5234,170.0323,1
292.4211,292.5234,292.6021,181.0346,1
292.8981,292.8989,292.9599,61.8133,1
292.9218,292.9599,293.0448,123.0493,1
293.0441,293.0449,293.1242,80.0832,1
293.6158,293.6166,293.6725,56.6790,1
293.6311,293.6725,293.7593,128.1937,1
293.6576,293.7593,293.8373,179.7200,1
293.6605,293.8373,293.9155,255.0047,1
293.9877,293.9884,294.0512,63.5551,1
294.3193,294.3200,294.3803,60.9735,1
294.5260,294.5264,294.5883,62.3477,1
294.8105,294.8111,294.8719,61.4701,1
295.2983,295.2991,295.3558,57.4824,1
295.4528,295.4531,295.5136,60.8559,1
295.5115,295.5137,295.5969,85.3949,1
295.8177,295.8181,295.8787,61.0442,1
295.9497,295.9501,296.0107,61.0417,1
296.0545,296.0549,296.1125,57.9981,1
296.0997,296.1125,296.1959,96.1890,1
296.1840,296.1959,296.2740,90.0751,1
296.1902,296.2741,296.3533,163.1748,1
296.2251,296.3533,296.4319,206.8008,1
296.3070,296.4319,296.5108,203.8139,1
296.3675,296.5108,296.5897,222.1856,1
296.4013,296.5897,296.6694,268.1390,1
296.8297,296.8304,296.8921,62.3416,1
297.3080,297.3086,297.3694,61.4853,1
298.1580,298.1592,298.2190,60.9171,1
298.2356,298.2360,298.3067,71.0998,1
298.2990,298.3068,298.3862,87.1856,1
298.4709,298.4714,298.5281,57.1751,1
299.0217,299.0225,299.0824,60.6977,1
299.8320,299.8329,299.8928,60.8379,1
299.9265,299.9269,299.9914,64.9038,1
299.9840,299.9914,300.0720,88.0131,1
300.1344,300.1349,300.1936,59.1625,1
300.9300,300.9312,300.9882,58.2067,1
301.2608,301.2613,301.3195,58.7008,1
301.6186,301.6190,301.6762,57.6359,1
301.7101,301.7104,301.7742,64.0782,1
301.7993,301.7996,301.8627,63.3927,1
302.2095,302.2101,302.2683,58.7920,1
302.4194,302.4198,302.4776,58.1263,1
302.8669,302.8676,302.9259,58.9627,1
303.2600,303.2605,303.3176,57.5450,1
303.5302,303.5307,303.5915,61.2924,1
303.5816,303.5915,303.6749,93.2938,1
304.1730,304.1739,304.2303,57.3225,1
304.3330,304.3334,304.3915,58.5338,1
304.4395,304.4399,304.4989,59.3667,1
304.5432,304.5437,304.6033,60.0638,1
304.5815,304.6033,304.6854,103.9337,1
304.7047,304.7050,304.7712,66.5547,1
304.9095,304.9100,304.9712,61.7693,1
304.9149,304.9712,305.0556,140.6485,1
305.8187,305.8200,305.8793,60.6012,1
306.0368,306.0373,306.0977,60.9141,1
306.1496,306.1499,306.2096,60.0048,1
306.1742,306.2096,306.2918,117.5982,1
306.2591,306.2918,306.3701,111.0150,1
306.5573,306.5579,306.6178,60.4297,1
306.6367,306.6369,306.7056,68.9694,1
306.7455,306.7458,306.8086,63.0953,1
307.0237,307.0243,307.0844,60.6665,1
307.4728,307.4736,307.5318,58.9852,1
308.0633,308.0642,308.1204,57.1062,1
308.1062,308.1204,308.2053,99.1615,1
308.2722,308.2726,308.3289,56.7318,1
308.3702,308.3705,308.4305,60.3378,1
308.9391,308.9400,308.9990,59.8688,1
309.6309,309.6319,309.6896,58.6794,1
309.6364,309.6896,309.7738,137.3590,1
309.8526,309.8531,309.9129,60.2921,1
309.9924,309.9928,310.0485,56.0240,1
310.0525,310.0529,310.1318,79.2179,1
310.2076,310.2080,310.2687,61.0588,1
310.3629,310.3632,310.4239,61.0426,1
310.5623,310.5628,310.6224,60.1737,1
311.2452,311.2461,311.3069,61.6784,1
312.0096,312.0107,312.0684,58.7541,1
312.2056,312.2060,312.2662,60.5521,1
312.6736,312.6742,312.7304,56.8606,1
312.6768,312.7305,312.8153,138.5144,1
312.9256,312.9260,312.9827,57.1523,1
313.7379,313.7390,313.7990,61.1284,1
313.7864,313.7991,313.8814,94.9634,1
313.8225,313.8814,313.9567,134.1884,1
314.4151,314.4160,314.4754,60.3310,1
314.9882,314.9891,315.0491,60.8425,1
315.0683,315.0687,315.1357,67.4540,1
315.0694,315.1357,315.2144,144.9797,1
315.1716,315.2144,315.2925,120.8885,1
315.2425,315.2925,315.3707,128.2428,1
315.7734,315.7743,315.8338,60.3694,1
315.7827,315.8338,315.9178,135.0901,1
315.8306,315.9178,315.9933,162.7368,1
316.1056,316.1061,316.1668,61.2261,1
316.5507,316.5513,316.6059,55.2572,1
316.5718,316.6060,316.6921,120.2173,1
316.7414,316.7417,316.8015,60.1413,1
316.9537,316.9542,317.0143,60.6119,1
317.1572,317.1577,317.2163,59.0914,1
317.2445,317.2449,317.3085,64.0146,1
317.3074,317.3085,317.3882,80.7571,1
317.5405,317.5411,317.6005,59.9731,1
318.0633,318.0642,318.1225,59.2356,1
318.2302,318.2307,318.2871,56.9160,1
318.3616,318.3621,318.4203,58.6128,1
318.5073,318.5078,318.5674,60.0829,1
318.7644,318.7649,318.8210,56.5575,1
319.1511,319.1517,319.2103,59.1740,1
319.9497,319.9507,320.0079,58.2309,1
320.0857,320.0861,320.1438,58.1056,1
320.2949,320.2952,320.3562,61.2411,1
320.4061,320.4064,320.4670,60.8465,1
320.7347,320.7351,320.7932,58.5457,1
320.8044,320.8046,320.8778,73.3895,1
320.8844,320.8847,320.9595,75.0195,1
320.8897,320.9595,321.0381,148.4182,1
321.1560,321.1563,321.2149,58.9110,1
321.2510,321.2512,321.3095,58.4948,1
321.3893,321.3896,321.4503,60.9476,1
321.4123,321.4503,321.5352,122.8866,1
321.6373,321.6377,321.6968,59.5342,1
321.8327,321.8331,321.8899,57.2802,1
321.8486,321.8900,321.9745,125.9905,1
322.1533,322.1539,322.2137,60.4340,1
322.1627,322.2137,322.2981,135.3934,1
322.2038,322.2981,322.3761,172.3060,1
322.3695,322.3761,322.4543,84.8147,1
322.6192,322.6196,322.6816,62.3979,1
322.6295,322.6816,322.7655,135.9329,1
322.6846,322.7655,322.8437,159.0770,1
322.7198,322.8437,322.9218,202.0116,1
322.8358,322.9218,323.0000,164.1543,1
322.9201,323.0000,323.0782,158.1028,1
323.0773,323.0782,323.1562,78.9661,1
323.2404,323.2408,323.3028,62.4182,1
323.3875,323.3880,323.4466,59.1359,1
323.4605,323.4607,323.5316,71.1835,1
323.4965,323.5317,323.6106,114.0503,1
323.6172,323.6176,323.6901,72.9530,1
323.6209,323.6902,323.7692,148.3026,1
323.6241,323.7692,323.8473,223.2622,1
323.6250,323.8473,323.9255,300.5430,1
323.8336,323.9255,324.0041,170.4847,1
323.9875,324.0041,324.0826,95.0640,1
324.0605,324.0826,324.1619,101.3374,1
324.1367,324.1619,324.2548,118.0794,1
324.1451,324.2548,324.3484,203.2197,1
324.1469,324.3484,324.4324,285.4906,1
324.1992,324.4324,324.5153,316.1754,1
324.2934,324.5154,324.5964,303.0069,1
324.4111,324.5964,324.6765,265.4069,1
324.6515,324.6766,324.7554,103.9448,1
324.6665,324.7555,324.8340,167.4272,1
324.7270,324.8340,324.9130,186.0578,1
324.8659,324.9130,324.9918,125.9041,1
325.2700,325.2706,325.3312,61.2484,1
325.3988,325.3991,325.4604,61.5474,1
325.4950,325.4954,325.5574,62.3842,1
325.4973,325.5574,325.6381,140.7636,1
325.5818,325.6381,325.7165,134.7347,1
326.0156,326.0162,326.0765,60.9261,1
326.1767,326.1769,326.2388,62.1280,1
326.1817,326.2388,326.3223,140.5527,1
326.3505,326.3510,326.4121,61.6175,1
326.3867,326.4121,326.4950,108.2782,1
326.5494,326.5498,326.6101,60.7414,1
326.6170,326.6173,326.6931,76.0300,1
327.2448,327.2456,327.3037,58.8865,1
327.2926,327.3037,327.3902,97.6492,1
327.3866,327.3902,327.4682,81.5877,1
327.4486,327.4682,327.5464,97.7470,1
327.5946,327.5950,327.6560,61.4514,1
327.8182,327.8188,327.8798,61.5058,1
327.9692,327.9698,328.0288,59.5239,1
328.0016,328.0288,328.1142,112.5432,1
328.2003,328.2008,328.2613,61.0214,1
328.4203,328.4208,328.4792,58.8972,1
328.4274,328.4793,328.5628,135.3199,1
328.4307,328.5628,328.6417,211.0282,1
328.5564,328.6417,328.7205,164.1175,1
328.7558,328.7562,328.8182,62.4578,1
328.8395,328.8399,328.9054,65.8820,1
328.9020,328.9054,328.9858,83.7775,1
328.9216,328.9858,329.0648,143.1772,1
329.0883,329.0888,329.1547,66.3529,1
329.2062,329.2066,329.2654,59.2826,1
329.3859,329.3863,329.4431,57.2318,1
329.4588,329.4592,329.5289,70.1335,1
329.5191,329.5290,329.6088,89.7884,1
329.5283,329.6089,329.6870,158.7300,1
329.5566,329.6870,329.7659,209.2863,1
329.6271,329.7659,329.8448,217.7177,1
329.9024,329.9029,329.9609,58.4990,1
330.0840,330.0845,330.1461,62.0651,1
330.3858,330.3864,330.4479,62.0471,1
330.4160,330.4479,330.5324,116.3608,1
330.6242,330.6246,330.6825,58.3300,1
330.7364,330.7367,330.7967,60.2700,1
330.8721,330.8725,330.9298,57.7478,1
330.8953,330.9298,331.0138,118.5557,1
331.0956,331.0961,331.1581,62.4901,1
331.1153,331.1581,331.2417,126.4724,1
331.2080,331.2417,331.3207,112.6870,1
331.2311,331.3207,331.3996,168.4244,1
331.5948,331.5955,331.6546,59.8112,1
331.6862,331.6865,331.7500,63.7274,1
331.7100,331.7500,331.8319,121.9742,1
331.8553,331.8558,331.9221,66.8716,1
332.2114,332.2121,332.2701,58.6954,1
332.2976,332.2980,332.3629,65.3517,1
332.3196,332.3629,332.4434,123.8130,1
332.9001,332.9010,332.9607,60.5633,1
332.9294,332.9607,333.0453,115.8076,1
333.0146,333.0453,333.1234,108.8670,1
333.6094,333.6102,333.6703,60.8844,1
333.6463,333.6703,333.7557,109.4849,1
333.7871,333.7876,333.8503,63.1846,1
334.0216,334.0221,334.0798,58.2328,1
334.2416,334.2421,334.2986,57.0166,1
334.3207,334.3211,334.3879,67.2600,1
334.3321,334.3880,334.4679,135.7202,1
334.3395,334.4679,334.5462,206.6310,1
334.4058,334.5462,334.6249,219.1247,1
334.6079,334.6249,334.7040,96.0277,1
334.6772,334.7040,334.7832,106.0934,1
334.8742,334.8748,334.9355,61.3124,1
334.9493,334.9496,335.0211,71.8062,1
335.1494,335.1498,335.2092,59.8406,1
335.2972,335.2976,335.3591,61.8627,1
335.4499,335.4503,335.5089,59.0405,1
335.9584,335.9591,336.0162,57.8055,1
336.1737,336.1742,336.2367,62.9347,1
336.3450,336.3455,336.4057,60.6828,1
336.5475,336.5480,336.6075,60.0639,1
336.5986,336.6076,336.6938,95.1691,1
336.6033,336.6938,336.7715,168.2664,1
336.6116,336.7715,336.8508,239.2578,1
336.6356,336.8508,336.9296,293.9162,1
336.8112,336.9296,337.0084,197.2988,1
336.8515,337.0085,337.0879,236.3976,1
336.8848,337.0879,337.1670,282.2184,1
336.9153,337.1670,337.2454,330.0346,1
336.9602,337.2454,337.3248,364.5583,1
336.9617,337.3248,337.4226,460.9580,1
336.9766,337.4227,337.5136,537.0095,1
337.0414,337.5136,337.5994,557.9978,1
337.0972,337.5994,337.6809,583.7635,1
337.1671,337.6809,337.7617,594.5789,1
337.2240,337.7617,337.8413,617.3192,1
337.2302,337.8413,337.9210,690.7729,1
337.4102,337.9210,338.0006,590.4493,1
337.4296,338.0007,338.0803,650.7642,1
337.5441,338.0803,338.1600,615.9001,1
337.6176,338.1600,338.2396,622.0124,1
337.6188,338.2397,338.3270,708.1887,1
337.6814,338.3270,338.4178,736.4310,1
338.1662,338.4178,338.5059,339.7007,1
338.1845,338.5059,338.5908,406.3712,1
338.2144,338.5909,338.6734,459.0173,1
338.2301,338.6735,338.7547,524.5435,1
338.2544,338.7547,338.8351,580.6995,1
338.4250,338.8351,338.9156,490.5331,1
338.4832,338.9156,338.9952,512.0297,1
338.5583,338.9953,339.0757,517.3749,1
338.6690,339.0757,339.1561,487.0343,1
338.9208,339.1561,339.2402,319.4497,1
339.2520,339.2524,339.3262,74.2537,1
339.2656,339.3262,339.4131,147.5239,1
339.3148,339.4131,339.4993,184.5321,1
339.3774,339.4993,339.5846,207.1941,1
339.4275,339.5846,339.6667,239.2418,1
339.4992,339.6667,339.7479,248.6867,1
339.5539,339.7479,339.8291,275.1984,1
339.6031,339.8291,339.9091,306.0403,1
339.7318,339.9092,339.9901,258.2527,1
339.7923,339.9901,340.0700,277.6930,1
339.8291,340.0700,340.1571,328.0065,1
339.8639,340.1571,340.2413,377.3186,1
339.9869,340.2413,340.3259,338.9425,1
340.0033,340.3259,340.4102,406.8624,1
340.1712,340.4102,340.4963,325.1069,1
340.5024,340.5031,340.5818,79.3951,1
340.8113,340.8119,340.8747,63.4654,1
340.8490,340.8747,340.9591,110.0879,1
340.9725,340.9730,341.0446,72.0511,1
341.0496,341.0499,341.1235,73.9100,1
341.3159,341.3163,341.3745,58.6240,1
341.4430,341.4433,341.5034,60.3888,1
341.5144,341.5148,341.5880,73.5925,1
341.5405,341.5881,341.6682,127.6965,1
341.6728,341.6732,341.7490,76.1034,1
341.8522,341.8526,341.9133,61.1290,1
341.9272,341.9276,342.0002,73.0206,1
341.9715,342.0003,342.0802,108.6710,1
342.0257,342.0802,342.1599,134.1979,1
342.1165,342.1599,342.2395,123.0712,1
342.3107,342.3110,342.3733,62.5969,1
342.4014,342.4016,342.4663,64.8787,1
342.4043,342.4663,342.5487,144.3378,1
342.5724,342.5729,342.6404,67.9589,1
343.0695,343.0703,343.1295,59.9783,1
343.1296,343.1298,343.2151,85.5157,1
343.3563,343.3567,343.4182,61.8675,1
343.6326,343.6331,343.6931,60.5334,1
343.8437,343.8442,343.9044,60.6707,1
344.0570,344.0574,344.1181,61.0651,1
344.2132,344.2136,344.2728,59.6384,1
344.4743,344.4748,344.5367,62.3595,1
344.7837,344.7841,344.8403,56.6005,1
344.8683,344.8686,344.9322,63.8995,1
345.1203,345.1207,345.1821,61.8717,1
345.1722,345.1822,345.2673,95.0747,1
345.3351,345.3356,345.3967,61.5472,1
345.3480,345.3967,345.4805,132.5495,1
345.3674,345.4805,345.5598,192.3639,1
345.4217,345.5598,345.6384,216.6500,1
345.5063,345.6384,345.7181,211.7183,1
345.5258,345.7181,345.7977,271.9168,1
345.5398,345.7977,345.8774,337.5815,1
345.5784,345.8774,345.9570,378.6250,1
345.6880,345.9570,346.0442,356.1579,1
345.9291,346.0442,346.1225,193.3952,1
346.0422,346.1225,346.2238,181.5486,1
346.2058,346.2238,346.3093,103.5853,1
346.3599,346.3604,346.4217,61.7500,1
346.4345,346.4349,346.5071,72.5245,1
346.4833,346.5071,346.5873,103.9501,1
346.5311,346.5873,346.6669,135.8155,1
346.5667,346.6669,346.7466,179.9111,1
346.7491,346.7495,346.8255,76.3781,1
346.8583,346.8588,346.9197,61.3536,1
346.8666,346.9197,347.0033,136.7051,1
346.8726,347.0033,347.0829,210.3559,1
346.9411,347.0830,347.1657,224.5852,1
347.1675,347.1680,347.2668,99.3397,1
347.1796,347.2668,347.3520,172.3865,1
347.2583,347.3520,347.4337,175.3884,1
347.3892,347.4337,347.5149,125.6338,1
347.5173,347.5178,347.5957,78.3372,1
347.9392,347.9397,347.9962,57.0835,1
348.0132,348.0133,348.0834,70.2523,1
348.1684,348.1687,348.2296,61.2062,1
348.2589,348.2591,348.3222,63.2920,1
348.3265,348.3267,348.4036,77.1285,1
348.4260,348.4262,348.4949,68.8497,1
348.4485,348.4949,348.5763,127.8125,1
348.8325,348.8331,348.8956,63.0034,1
348.9455,348.9459,349.0059,60.4137,1
348.9828,349.0059,349.0909,108.0801,1
348.9974,349.0909,349.1697,172.3283,1
349.0727,349.1697,349.2494,176.6964,1
349.1461,349.2494,349.3291,182.9718,1
349.3031,349.3291,349.4087,105.5782,1
349.3157,349.4087,349.4884,172.6937,1
349.6774,349.6781,349.7407,63.2606,1
349.7971,349.7976,349.8551,57.9355,1
350.0408,350.0413,350.1036,62.7180,1
350.0941,350.1036,350.1896,95.5496,1
350.1406,350.1896,350.2681,127.4655,1
350.1928,350.2681,350.3477,154.8975,1
350.5114,350.5120,350.5710,59.5996,1
350.5691,350.5710,350.6562,87.1123,1
350.6806,350.6809,350.7473,66.6994,1
350.7568,350.7570,350.8323,75.5417,1
350.9594,350.9599,351.0196,60.2156,1
351.1229,351.1234,351.1839,60.9709,1
351.2819,351.2822,351.3398,57.9204,1
351.3152,351.3398,351.4277,112.5698,1
351.3872,351.4278,351.5070,119.7188,1
351.7953,351.7959,351.8576,62.3279,1
351.9844,351.9846,352.0450,60.6080,1
352.0407,352.0450,352.1308,90.1014,1
352.0487,352.1308,352.2101,161.3782,1
352.1142,352.2101,352.2898,175.5646,1
352.1192,352.2898,352.3694,250.2778,1
352.2560,352.3694,352.4491,193.1067,1
352.4363,352.4491,352.5288,92.5012,1
352.4661,352.5288,352.6087,142.6222,1
352.5675,352.6087,352.6888,121.3772,1
352.8992,352.8997,352.9609,61.7132,1
353.1390,353.1395,353.1995,60.4872,1
353.5595,353.5601,353.6216,62.0758,1
353.6024,353.6216,353.7062,103.7553,1
353.7886,353.7891,353.8518,63.2027,1
354.3748,354.3758,354.4327,57.9039,1
354.4808,354.4812,354.5407,59.9426,1
354.5200,354.5408,354.6260,106.0512,1
354.5494,354.6260,354.7046,155.1991,1
354.7282,354.7285,354.7946,66.3973,1
354.9152,354.9157,354.9769,61.7201,1
355.0344,355.0349,355.0942,59.7184,1
355.1375,355.1379,355.1996,62.0813,1
355.2588,355.2592,355.3177,58.9186,1
355.3955,355.3958,355.4525,57.0278,1
355.6186,355.6191,355.6802,61.5951,1
355.6464,355.6802,355.7650,118.6039,1
355.6639,355.7651,355.8442,180.3308,1
355.7606,355.8442,355.9238,163.1965,1
356.0170,356.0176,356.0794,62.3766,1
356.1621,356.1626,356.2221,60.0711,1
356.1720,356.2221,356.3081,136.1235,1
356.2042,356.3081,356.3877,183.5399,1
356.2977,356.3878,356.4674,169.7242,1
356.5659,356.5664,356.6285,62.6349,1
356.5726,356.6285,356.7137,141.1257,1
356.5754,356.7137,356.7934,217.9381,1
356.7889,356.7934,356.8731,84.1554,1
356.9098,356.9101,356.9752,65.4941,1
356.9475,356.9753,357.0575,110.0160,1
357.0228,357.0575,357.1372,114.3779,1
357.1379,357.1383,357.2177,79.8081,1
357.2546,357.2549,357.3171,62.4855,1
357.3724,357.3726,357.4344,62.0505,1
357.4234,357.4345,357.5202,96.8093,1
358.0884,358.0893,358.1484,59.9785,1
358.1615,358.1619,358.2354,73.8698,1
358.1882,358.2354,358.3145,126.3000,1
358.2261,358.3145,358.3942,168.0178,1
358.3450,358.3942,358.4727,127.7676,1
358.4426,358.4727,358.5527,110.1006,1
358.4835,358.5528,358.6328,149.3182,1
358.4969,358.6328,358.7124,215.4993,1
358.6471,358.7124,358.7921,145.0304,1
358.6481,358.7921,358.8718,223.6526,1
358.6750,358.8718,358.9800,305.0584,1
358.6882,358.9800,359.0699,381.7265,1
358.7235,359.0699,359.1536,430.0610,1
358.7414,359.1536,359.2351,493.6821,1
358.9438,359.2351,359.3164,372.5817,1
359.0709,359.3164,359.3967,325.8033,1
359.1579,359.3967,359.4767,318.8608,1
359.2874,359.4767,359.5567,269.3710,1
359.3658,359.5567,359.6364,270.5768,1
359.5048,359.6364,359.7164,211.5773,1
359.5645,359.7164,359.7972,232.7671,1
359.6949,359.7972,359.8908,195.8940,1
359.8306,359.8908,359.9832,152.6155,1
359.8716,359.9832,360.0712,199.6146,1
359.8836,360.0712,360.1561,272.5016,1
359.9296,360.1561,360.2392,309.5717,1
359.9465,360.2392,360.3206,374.0818,1
360.0668,360.3206,360.4014,334.6060,1
360.1827,360.4014,360.4820,299.3042,1
360.7247,360.7255,360.7877,62.9390,1
360.7762,360.7877,360.8720,95.8063,1
360.7995,360.8720,360.9509,151.3972,1
360.9910,360.9915,361.0544,63.3504,1
361.3228,361.3234,361.3855,62.6825,1
361.3793,361.3855,361.4705,91.1405,1
361.5011,361.5015,361.5671,66.0056,1
361.5742,361.5746,361.6506,76.3695,1
361.7514,361.7519,361.8143,62.9565,1
361.8117,361.8144,361.8986,86.9800,1
361.8316,361.8986,361.9783,146.7554,1
361.8713,361.9783,362.0584,187.0588,1
361.9726,362.0584,362.1384,165.8494,1
362.0819,362.1384,362.2181,136.2201,1
362.1640,362.2181,362.2981,134.1116,1
362.1828,362.2981,362.3782,195.3283,1
362.1918,362.3782,362.4584,266.6065,1
363.0542,363.0554,363.1168,62.5703,1
363.3723,363.3729,363.4301,57.8250,1
363.4811,363.4816,363.5426,61.4971,1
363.4939,363.5426,363.6274,133.5184,1
363.6222,363.6274,363.7063,84.1518,1
363.7975,363.7978,363.8601,62.5837,1
363.9605,363.9609,364.0200,59.5124,1
363.9728,364.0200,364.1070,134.2370,1
363.9807,364.1071,364.1871,206.3621,1
364.0522,364.1871,364.2668,214.5872,1
364.1365,364.2668,364.3468,210.3056,1
364.2424,364.3468,364.4264,184.0435,1
364.3925,364.4264,364.5061,113.6344,1
364.7053,364.7057,364.7660,60.6842,1
365.2009,365.2017,365.2623,61.4454,1
365.2826,365.2830,365.3530,70.3727,1
365.4909,365.4914,365.5512,60.2358,1
366.0812,366.0820,366.1436,62.4641,1
366.1319,366.1437,366.2282,96.2792,1
366.1814,366.2282,366.3079,126.4849,1
366.2366,366.3079,366.3875,150.9052,1
366.4649,366.4654,366.5254,60.5197,1
366.4916,366.5254,366.6104,118.8358,1
366.7368,366.7372,366.7969,60.0828,1
366.7686,366.7969,366.8835,114.9775,1
366.8363,366.8835,366.9627,126.4414,1
366.8408,366.9627,367.0424,201.5787,1
367.0755,367.0760,367.1374,61.8960,1
367.0797,367.1374,367.2211,141.4345,1
367.2010,367.2211,367.3008,99.7595,1
367.5180,367.5187,367.5799,61.8418,1
367.5315,367.5799,367.6653,133.8220,1
367.7106,367.7110,367.7702,59.6393,1
367.7337,367.7702,367.8552,121.4826,1
367.7911,367.8552,367.9345,143.3855,1
368.1192,368.1199,368.1808,61.5873,1
368.3802,368.3806,368.4394,59.2243,1
368.4093,368.4394,368.5251,115.7890,1
368.6040,368.6044,368.6650,60.9593,1
368.9627,368.9633,369.0254,62.7071,1
368.9926,369.0254,369.1100,117.3394,1
369.0439,369.1100,369.1893,145.3983,1
369.3006,369.3012,369.3633,62.6693,1
369.3122,369.3633,369.4476,135.3856,1
369.4669,369.4673,369.5337,66.7985,1
369.4678,369.5338,369.6145,146.7277,1
369.5011,369.6146,369.6942,193.1652,1
369.5534,369.6942,369.7739,220.4399,1
369.7176,369.7739,369.8539,136.3353,1
369.8204,369.8540,369.9336,113.2139,1
369.9399,369.9403,370.0149,75.0115,1
369.9431,370.0150,370.0957,152.5446,1
369.9608,370.0957,370.1977,236.8503,1
370.0364,370.1977,370.2819,245.5182,1
370.1055,370.2819,370.3710,265.4768,1
370.1436,370.3710,370.4533,309.6913,1
370.2091,370.4533,370.5343,325.2410,1
370.2839,370.5343,370.6146,330.7737,1
370.5503,370.6146,370.6952,144.8999,1
370.6693,370.6952,370.7761,106.7995,1
370.9061,370.9066,370.9690,62.8631,1
370.9982,370.9986,371.0622,64.0274,1
371.0333,371.0622,371.1464,113.0426,1
371.0410,371.1464,371.2260,184.9940,1
371.1503,371.2260,371.3060,155.7084,1
371.5147,371.5154,371.5769,62.1373,1
371.5949,371.5952,371.6658,70.8763,1
371.6275,371.6658,371.7466,119.1096,1
371.7163,371.7467,371.8263,110.0358,1
371.8559,371.8563,371.9202,64.3652,1
371.8718,371.9203,372.0044,132.5343,1
371.9085,372.0044,372.0844,175.9134,1
371.9679,372.0844,372.1645,196.6104,1
371.9879,372.1645,372.2449,257.0185,1
372.0992,372.2450,372.3250,225.8276,1
372.1253,372.3250,372.4302,304.9316,1
372.1307,372.4302,372.5162,385.5270,1
372.1574,372.5162,372.5970,439.6700,1
372.2201,372.5971,372.6788,458.7956,1
372.2732,372.6789,372.7702,496.9227,1
372.4326,372.7702,372.8507,418.1179,1
372.5567,372.8507,372.9321,375.4060,1
372.6660,372.9321,373.0126,346.5798,1
372.6851,373.0126,373.0933,408.1661,1
372.7489,373.0933,373.1739,424.9281,1
372.9406,373.1739,373.2570,316.3981,1
373.0970,373.2570,373.3491,252.1108,1
373.1296,373.3491,373.4384,308.7991,1
373.2355,373.4384,373.5233,287.7689,1
373.3447,373.5233,373.6074,262.6591,1
373.7592,373.7599,373.8200,60.8010,1
373.8260,373.8262,373.9067,80.7358,1
373.8953,373.9067,373.9876,92.2479,1
374.3611,374.3619,374.4249,63.8335,1
374.4800,374.4803,374.5406,60.6743,1
374.8359,374.8363,374.8938,57.9069,1
374.9513,374.9515,375.0141,62.7540,1
375.4024,375.4030,375.4633,60.9200,1
375.4100,375.4633,375.5495,139.5101,1
375.4854,375.5495,375.6292,143.8485,1
375.7153,375.7159,375.7761,60.7304,1
375.9611,375.9616,376.0221,61.0635,1
375.9895,376.0221,376.1084,118.8871,1
376.4837,376.4846,376.5459,62.2054,1
376.7553,376.7557,376.8175,62.2174,1
376.8454,376.8457,376.9100,64.5070,1
376.9437,376.9442,377.0099,66.2066,1
377.4360,377.4367,377.4963,60.3519,1
377.4885,377.4963,377.5819,93.4136,1
377.5318,377.5819,377.6611,129.3259,1
377.5963,377.6611,377.7408,144.4331,1
377.6395,377.7408,377.8208,181.3053,1
377.6816,377.8208,377.9012,219.6596,1
377.7200,377.9013,377.9809,260.8880,1
377.8999,377.9809,378.0606,160.6086,1
377.9122,378.0606,378.1417,229.4599,1
378.1202,378.1417,378.2214,101.2541,1
378.1512,378.2214,378.3309,179.6936,1
378.2369,378.3309,378.4183,181.4594,1
378.3392,378.4184,378.5039,164.7075,1
378.4710,378.5039,378.5855,114.4793,1
378.5915,378.5919,378.6672,75.7784,1
378.6708,378.6711,378.7482,77.3802,1
378.7329,378.7482,378.8294,96.4915,1
378.8556,378.8559,378.9198,64.2016,1
379.2519,379.2525,379.3093,57.3857,1
379.2670,379.3093,379.3970,129.9608,1
379.2796,379.3970,379.4761,196.5084,1
379.3548,379.4761,379.5558,200.9787,1
379.3971,379.5558,379.6354,238.3319,1
379.5464,379.6354,379.7151,168.6839,1
379.6204,379.7151,379.7953,174.9381,1
379.8140,379.8143,379.8840,69.9318,1
379.8332,379.8840,379.9667,133.4588,1
380.0190,380.0195,380.0824,63.3860,1
380.0956,380.0961,380.1755,79.8077,1
380.1735,380.1755,380.2553,81.7938,1
380.6206,380.6213,380.6838,63.1807,1
380.6380,380.6838,380.7684,130.4335,1
380.7144,380.7684,380.8485,134.1469,1
381.0122,381.0129,381.0751,62.8640,1
381.0594,381.0751,381.1611,101.7024,1
381.0807,381.1611,381.2411,160.3962,1
381.1141,381.2411,381.3215,207.4204,1
381.2583,381.3215,381.4012,142.9231,1
381.4377,381.4381,381.5013,63.6104,1
381.7882,381.7888,381.8505,62.3390,1
381.8528,381.8532,381.9348,82.0432,1
382.0793,382.0798,382.1426,63.3021,1
382.4194,382.4201,382.4831,63.6405,1
382.5066,382.5069,382.5746,68.0437,1
382.6295,382.6298,382.6858,56.3278,1
382.8319,382.8324,382.8934,61.5512,1
382.8359,382.8934,382.9797,143.7832,1
382.8835,382.9797,383.0589,175.4301,1
382.9775,383.0589,383.1397,162.2084,1
383.1559,383.1563,383.2263,70.3530,1
383.1601,383.2263,383.3087,148.5949,1
383.5041,383.5048,383.5679,63.7902,1
383.5880,383.5884,383.6579,69.8942,1
383.7716,383.7720,383.8325,60.9432,1
383.7775,383.8325,383.9190,141.5055,1
383.7969,383.9190,383.9989,201.9321,1
383.8506,383.9989,384.0790,228.3732,1
384.0374,384.0790,384.1586,121.2365,1
384.3417,384.3422,384.4036,61.9036,1
384.3621,384.4036,384.4895,127.3983,1
384.4355,384.4895,384.5701,134.5566,1
384.4402,384.5701,384.6501,209.9880,1
384.5622,384.6502,384.7312,169.0319,1
384.5944,384.7312,384.8108,216.4564,1
384.6457,384.8109,384.8910,245.3665,1
384.7197,384.8910,384.9723,252.5485,1
384.8623,384.9723,385.0527,190.3716,1
385.1236,385.1239,385.1874,63.8033,1
385.1621,385.1874,385.2792,117.1880,1
385.3950,385.3955,385.4579,62.9116,1
385.5126,385.5129,385.5721,59.5271,1
385.8761,385.8767,385.9363,60.1808,1
385.8767,385.9363,386.0225,145.7326,1
386.0351,386.0356,386.1074,72.2349,1
386.0763,386.1074,386.1890,112.7490,1
386.0783,386.1890,386.2696,191.3307,1
386.0837,386.2696,386.3508,267.0856,1
386.1024,386.3508,386.4313,328.8445,1
386.2291,386.4313,386.5125,283.3758,1
386.3964,386.5125,386.5929,196.4556,1
386.5583,386.5929,386.6741,115.8152,1
386.6646,386.6741,386.7788,114.2279,1
386.7334,386.7788,386.8627,129.3600,1
387.0595,387.0601,387.1226,63.1340,1
387.0846,387.1226,387.2081,123.5618,1
387.2185,387.2190,387.2903,71.7682,1
387.3492,387.3494,387.4128,63.5575,1
387.3880,387.4128,387.4985,110.5046,1
387.4087,387.4985,387.5789,170.2034,1
387.5603,387.5789,387.6597,99.3561,1
387.8659,387.8665,387.9269,61.0590,1
388.1438,388.1444,388.2074,63.6403,1
388.3132,388.3138,388.3752,61.9824,1
388.8371,388.8380,388.8977,60.5335,1
388.8455,388.8977,388.9841,138.5999,1
389.0838,389.0843,389.1462,62.4338,1
389.2518,389.2522,389.3118,60.0176,1
389.3550,389.3555,389.4207,65.6473,1
389.4813,389.4817,389.5441,62.8781,1
389.4858,389.5442,389.6289,143.1190,1
389.5011,389.6290,389.7086,207.4936,1
389.7244,389.7250,389.7942,69.7518,1
389.8614,389.8618,389.9226,61.2038,1
389.8955,389.9226,390.0084,112.8497,1
390.1201,390.1205,390.1800,59.8691,1
390.1504,390.1800,390.2665,116.1080,1
390.6187,390.6194,390.6803,61.5843,1
390.6249,390.6804,390.7661,141.1768,1
390.7824,390.7829,390.8501,67.7386,1
391.3727,391.3736,391.4332,60.5407,1
391.5303,391.5306,391.5878,57.5235,1
391.6294,391.6298,391.6914,61.9526,1
391.6659,391.6914,391.7763,110.4158,1
391.8521,391.8525,391.9140,61.9605,1
392.0685,392.0689,392.1288,60.2639,1
392.6410,392.6418,392.7029,61.8882,1
392.7123,392.7126,392.7868,74.5259,1
392.7663,392.7869,392.8668,100.4909,1
392.8728,392.8732,392.9481,75.2967,1
393.0001,393.0005,393.0634,63.3012,1
393.0879,393.0882,393.1541,66.2218,1
393.2643,393.2648,393.3278,63.4708,1
393.3233,393.3278,393.4131,89.7918,1
393.3651,393.4131,393.4934,128.3572,1
393.6704,393.6710,393.7330,62.6515,1
393.6795,393.7330,393.8203,140.7985,1
393.7418,393.8203,393.8992,157.3969,1
394.1639,394.1646,394.2244,60.5309,1
394.2916,394.2920,394.3504,58.8420,1
394.4897,394.4902,394.5515,61.7894,1
394.4946,394.5515,394.6372,142.5774,1
394.8253,394.8258,394.8873,62.0319,1
394.8300,394.8873,394.9733,143.3284,1
395.1659,395.1666,395.2281,62.2142,1
395.6451,395.6458,395.7053,60.2173,1
395.8773,395.8778,395.9388,61.5242,1
395.8878,395.9389,396.0246,136.7621,1
395.8998,396.0246,396.1043,204.4509,1
396.2227,396.2233,396.2850,62.3055,1
396.3579,396.3581,396.4186,60.6928,1
396.4089,396.4186,396.5039,94.9620,1
396.4304,396.5039,396.5829,152.4609,1
396.4662,396.5829,396.6630,196.8390,1
396.5164,396.6630,396.7441,227.6563,1
396.5915,396.7441,396.8245,233.0050,1
396.7092,396.8245,396.9042,195.0091,1
396.7210,396.9042,396.9847,263.7758,1
396.7931,396.9847,397.0656,272.4735,1
396.8347,397.0656,397.1537,319.0036,1
396.9185,397.1537,397.2592,340.6837,1
396.9319,397.2592,397.3444,412.4654,1
397.0306,397.3444,397.4296,399.0557,1
397.2106,397.4296,397.5118,301.1768,1
397.2209,397.5118,397.5937,372.8039,1
397.2731,397.5937,397.6750,401.9210,1
397.3658,397.6750,397.7562,390.4562,1
397.5207,397.7562,397.8375,316.7961,1
397.5530,397.8375,397.9187,365.6503,1
397.6003,397.9187,398.0007,400.4175,1
397.6360,398.0007,398.0846,448.5940,1
397.9115,398.0847,398.1796,268.0785,1
398.0131,398.1796,398.2700,256.9120,1
398.1379,398.2700,398.3570,219.1580,1
398.2049,398.3570,398.4411,236.1576,1
398.3302,398.4411,398.5239,193.7214,1
398.4025,398.5239,398.6062,203.7229,1
398.4503,398.6062,398.6888,238.5196,1
398.4695,398.6888,398.7706,301.0988,1
398.6105,398.7706,398.8518,241.2478,1
398.8161,398.8518,398.9345,118.3852,1
399.0135,399.0140,399.0781,64.6552,1
399.4391,399.4397,399.4993,60.2168,1
399.8259,399.8263,399.8886,62.7573,1
400.0038,400.0040,400.0659,62.1175,1
400.2008,400.2012,400.2645,63.7156,1
400.2882,400.2884,400.3565,68.2393,1
400.4438,400.4440,400.5017,57.8725,1
400.7069,400.7072,400.7689,61.9899,1
401.0135,401.0140,401.0777,64.1516,1
401.0786,401.0788,401.1620,83.4395,1
401.3745,401.3750,401.4360,61.5711,1
402.0210,402.0218,402.0788,57.8519,1
402.1793,402.1796,402.2363,57.0387,1
402.4185,402.4188,402.4798,61.3073,1
402.4216,402.4798,402.5645,142.9156,1
402.8448,402.8454,402.9065,61.7525,1
403.1537,403.1542,403.2153,61.5918,1
403.2030,403.2153,403.3009,97.9557,1
403.3307,403.3312,403.3945,63.7826,1
403.4435,403.4439,403.5049,61.4368,1
404.0380,404.0389,404.1003,62.3285,1
404.0528,404.1004,404.1854,132.6384,1
404.5726,404.5735,404.6337,61.0345,1
404.7243,404.7246,404.7813,56.9921,1
405.0514,405.0518,405.1108,59.3946,1
405.1777,405.1780,405.2402,62.4597,1
405.2153,405.2402,405.3245,109.1890,1
405.5529,405.5536,405.6171,64.1514,1
405.6773,405.6778,405.7401,62.8313,1
406.0804,406.0809,406.1403,59.8381,1
406.3998,406.4003,406.4614,61.5215,1
406.4851,406.4852,406.5518,66.6897,1
406.5264,406.5518,406.6342,107.7836,1
406.7143,406.7147,406.7767,62.3313,1
407.3563,407.3572,407.4200,63.7178,1
407.4254,407.4257,407.5024,77.0069,1
408.2631,408.2642,408.3251,62.0750,1
408.3171,408.3252,408.4101,92.9992,1
408.3406,408.4101,408.4893,148.7694,1
408.4614,408.4893,408.5690,107.5902,1
409.2053,409.2064,409.2653,59.9556,1
409.2649,409.2653,409.3512,86.2300,1
409.3099,409.3512,409.4300,120.0884,1
409.3235,409.4300,409.5097,186.1479,1
409.5427,409.5432,409.6047,61.9760,1
409.8474,409.8481,409.9083,60.8733,1
409.9879,409.9883,410.0476,59.7262,1
410.0165,410.0477,410.1326,116.1559,1
410.0448,410.1326,410.2123,167.4777,1
410.1145,410.2123,410.2919,177.4231,1
410.1303,410.2919,410.3716,241.2982,1
410.4964,410.4970,410.5591,62.7589,1
410.9065,410.9073,410.9696,63.1130,1
411.1121,411.1127,411.1746,62.4520,1
411.8132,411.8141,411.8760,62.8878,1
412.1973,412.1978,412.2542,56.9194,1
412.7680,412.7687,412.8309,62.8937,1
412.8572,412.8576,412.9221,64.9652,1
413.6134,413.6144,413.6720,58.6685,1
413.6611,413.6720,413.7559,94.7398,1
413.7385,413.7559,413.8349,96.4010,1
413.9811,413.9816,414.0430,61.8924,1
414.1572,414.1577,414.2198,62.6225,1
414.5633,414.5640,414.6217,58.3892,1
414.7485,414.7489,414.8099,61.4278,1
414.7992,414.8100,414.8947,95.4626,1
414.9256,414.9260,414.9908,65.1381,1
414.9894,414.9908,415.0729,83.5502,1
415.1204,415.1208,415.1807,60.2959,1
415.5145,415.5150,415.5774,62.9790,1
415.6159,415.6162,415.6784,62.4502,1
415.8280,415.8283,415.8869,58.8860,1
415.8561,415.8869,415.9729,116.8355,1
416.1513,416.1519,416.2098,58.4782,1
416.6301,416.6308,416.6897,59.6003,1
416.7452,416.7455,416.8069,61.6919,1
417.3751,417.3759,417.4330,57.9069,1
417.5905,417.5910,417.6521,61.5897,1
417.9175,417.9181,417.9796,62.1085,1
418.0754,418.0758,418.1371,61.7167,1
418.9236,418.9248,418.9855,61.9136,1
419.0075,419.0079,419.0758,68.2969,1
419.2211,419.2217,419.2824,61.3041,1
419.9872,419.9883,420.0502,63.0578,1
420.0614,420.0618,420.1348,73.3847,1
420.0657,420.1348,420.2140,148.2815,1
420.2128,420.2140,420.2930,80.1668,1
420.2615,420.2930,420.3726,111.1370,1
420.3799,420.3803,420.4524,72.4594,1
420.6546,420.6551,420.7158,61.1792,1
421.0719,421.0725,421.1306,58.7522,1
421.4834,421.4841,421.5454,61.9859,1
421.5225,421.5454,421.6302,107.6998,1
422.0702,422.0711,422.1327,62.5139,1
422.1514,422.1517,422.2213,69.8561,1
422.4933,422.4940,422.5554,62.0996,1
422.7792,422.7797,422.8361,56.8841,1
422.8856,422.8860,422.9457,60.1680,1
423.4197,423.4206,423.4777,57.9810,1
423.6628,423.6634,423.7239,61.1210,1
423.8731,423.8736,423.9350,61.9602,1
424.1647,424.1652,424.2266,61.8831,1
424.2583,424.2586,424.3219,63.5483,1
424.3211,424.3219,424.4034,82.2387,1
424.6057,424.6062,424.6683,62.6425,1
425.0139,425.0146,425.0759,62.0202,1
425.3203,425.3209,425.3811,60.7245,1
425.4643,425.4648,425.5263,61.9351,1
425.5281,425.5285,425.6095,81.4309,1
425.8347,425.8353,425.8921,57.3981,1
427.2965,427.2983,427.3554,58.8775,1
427.9496,427.9505,428.0125,62.8581,1
428.6006,428.6014,428.6611,60.5678,1
429.1615,429.1624,429.2243,62.7968,1
429.4228,429.4234,429.4828,60.0245,1
429.9412,429.9417,430.0019,60.7799,1
429.9999,430.0020,430.0856,85.7158,1
430.2703,430.2709,430.3286,58.3365,1
430.3641,430.3645,430.4290,64.9372,1
430.4854,430.4858,430.5449,59.4667,1
430.4874,430.5449,430.6280,140.5991,1
431.0642,431.0651,431.1249,60.6451,1
431.1275,431.1279,431.2072,79.6859,1
431.3653,431.3659,431.4269,61.5729,1
431.7705,431.7712,431.8324,61.9485,1
432.7637,432.7649,432.8239,60.2479,1
433.2248,433.2255,433.2837,58.8707,1
433.2480,433.2837,433.3677,119.7020,1
433.3175,433.3677,433.4454,127.9412,1
433.5402,433.5407,433.5995,59.3955,1
433.5755,433.5996,433.6829,107.3907,1
433.6606,433.6829,433.7614,100.8469,1
434.4486,434.4497,434.5096,60.9856,1
434.5799,434.5803,434.6406,60.7304,1
434.6562,434.6564,434.7282,72.0749,1
434.8661,434.8665,434.9272,61.0737,1
434.9938,434.9942,435.0508,57.0032,1
435.8746,435.8757,435.9342,59.6724,1
436.0783,436.0788,436.1367,58.4166,1
436.2120,436.2123,436.2676,55.6196,1
437.0287,437.0299,437.0879,59.2073,1
437.0898,437.0902,437.1712,81.4003,1
437.5191,437.5196,437.5803,61.2861,1
437.5358,437.5804,437.6635,127.7452,1
438.2036,438.2046,438.2653,61.7244,1
438.6895,438.6901,438.7465,57.0046,1
438.9862,438.9868,439.0437,57.4727,1
439.0659,439.0662,439.1345,68.6339,1
439.5983,439.5991,439.6595,61.1944,1
439.6206,439.6595,439.7425,121.9265,1
439.8729,439.8735,439.9300,57.1222,1
439.9604,439.9608,440.0255,65.0932,1
440.0268,440.0271,440.1054,78.5845,1
440.7953,440.7962,440.8536,58.2609,1
440.9202,440.9206,440.9809,60.6661,1
440.9559,440.9809,441.0630,107.1049,1
441.1912,441.1917,441.2527,61.4349,1
441.2255,441.2527,441.3372,111.7488,1
441.9409,441.9419,442.0002,59.3534,1
442.7010,442.7020,442.7587,57.6726,1
442.8494,442.8497,442.9056,56.1390,1
442.9064,442.9067,442.9902,83.8417,1
443.2158,443.2164,443.2755,59.6396,1
443.5604,443.5611,443.6215,61.0487,1
443.6390,443.6394,443.7068,67.8779,1
443.7238,443.7241,443.7904,66.6010,1
444.0468,444.0472,444.1056,58.8376,1
444.1561,444.1566,444.2163,60.1541,1
444.3809,444.3814,444.4426,61.6366,1
444.4770,444.4774,444.5386,61.5707,1
444.9756,444.9764,445.0353,59.6849,1
444.9828,445.0353,445.1185,135.6354,1
445.6409,445.6418,445.7003,59.4411,1
446.4807,446.4819,446.5422,61.5613,1
446.5554,446.5558,446.6264,71.0248,1
446.6601,446.6604,446.7237,63.5475,1
446.7251,446.7253,446.8036,78.5516,1
447.8475,447.8488,447.9087,61.2070,1
447.8686,447.9087,447.9909,122.2895,1
448.2861,448.2868,448.3471,61.0719,1
448.3877,448.3882,448.4490,61.2409,1
448.9447,448.9456,449.0039,59.1929,1
449.1581,449.1586,449.2176,59.4439,1
449.6179,449.6186,449.6763,58.4415,1
449.8990,449.8994,449.9577,58.6841,1
450.4709,450.4716,450.5280,57.1595,1
451.1070,451.1078,451.1680,61.0226,1
451.1325,451.1680,451.2536,121.1067,1
451.2606,451.2611,451.3348,74.1663,1
451.5375,451.5380,451.6001,62.5775,1
451.5852,451.6001,451.6841,98.9577,1
452.3206,452.3215,452.3822,61.5896,1
452.5103,452.5109,452.5705,60.1325,1
452.5290,452.5705,452.6552,126.2262,1
452.7078,452.7081,452.7691,61.3311,1
452.8241,452.8245,452.8839,59.8051,1
452.8725,452.8840,452.9686,96.1258,1
453.1890,453.1896,453.2504,61.3863,1
453.2709,453.2713,453.3394,68.5347,1
453.3905,453.3909,453.4511,60.6118,1
453.4920,453.4922,453.5549,62.9474,1
453.5360,453.5550,453.6384,102.3425,1
453.5874,453.6384,453.7176,130.1297,1
453.5914,453.7176,453.7973,205.8506,1
453.6368,453.7973,453.8769,240.1104,1
453.6395,453.8769,453.9566,317.1298,1
454.3936,454.3946,454.4559,62.3531,1
454.5547,454.5551,454.6161,61.3625,1
454.7650,454.7654,454.8243,59.3116,1
454.8605,454.8609,454.9249,64.3594,1
455.2127,455.2133,455.2733,60.5835,1
455.5128,455.5133,455.5722,59.3846,1
455.5574,455.5722,455.6581,100.6338,1
455.6388,455.6581,455.7373,98.4535,1
455.6834,455.7373,455.8166,133.2066,1
455.6891,455.8166,455.8962,207.1637,1
456.2135,456.2142,456.2745,61.0180,1
456.2664,456.2745,456.3598,93.4242,1
456.2720,456.3598,456.4387,166.6474,1
456.3770,456.4387,456.5184,141.4093,1
456.5731,456.5737,456.6351,61.9721,1
456.7203,456.7206,456.7820,61.6787,1
457.0832,457.0837,457.1433,60.1204,1
457.3509,457.3515,457.4121,61.2127,1
458.2048,458.2059,458.2617,56.9216,1
458.3138,458.3140,458.3732,59.4170,1
458.8263,458.8270,458.8856,59.3353,1
459.1189,459.1194,459.1805,61.5744,1
459.3126,459.3131,459.3739,61.3438,1
459.5543,459.5548,459.6173,63.0467,1
459.5882,459.6174,459.7009,112.6913,1
459.6376,459.7009,459.7801,142.5448,1
459.8026,459.8030,459.8675,64.8976,1
460.5532,460.5543,460.6137,60.4636,1
460.5651,460.6137,460.6981,133.0083,1
460.8166,460.8171,460.8764,59.7616,1
460.8679,460.8764,460.9609,92.9406,1
460.9956,460.9961,461.0603,64.6712,1
461.0030,461.0603,461.1420,138.9960,1
461.1138,461.1420,461.2213,107.4655,1
461.4886,461.4893,461.5479,59.3293,1
461.6471,461.6476,461.7077,60.6373,1
461.7002,461.7077,461.7928,92.5991,1
461.8405,461.8410,461.9025,62.0141,1
462.8225,462.8236,462.8832,60.7338,1
463.0160,463.0164,463.0763,60.2744,1
463.4331,463.4337,463.4926,59.4958,1
463.5116,463.5119,463.5807,69.1045,1
463.7005,463.7009,463.7625,61.9261,1
464.8396,464.8410,464.8995,59.8545,1
465.0205,465.0211,465.0809,60.3209,1
465.2613,465.2618,465.3222,60.8655,1
465.3054,465.3222,465.4067,101.3512,1
465.4815,465.4820,465.5389,57.3946,1
465.9073,465.9080,465.9651,57.7640,1
466.2303,466.2310,466.2901,59.8362,1
466.5375,466.5380,466.5957,58.2475,1
466.7298,466.7302,466.7915,61.6763,1
466.8443,466.8448,466.9014,57.0673,1
467.0668,467.0673,467.1257,58.9302,1
467.3034,467.3039,467.3619,58.5337,1
467.4889,467.4893,467.5501,61.2178,1
467.5281,467.5501,467.6347,106.6212,1
467.5612,467.6347,467.7139,152.6790,1
467.7204,467.7208,467.7946,74.2421,1
468.5757,468.5769,468.6340,58.2913,1
468.8927,468.8934,468.9548,62.0753,1
468.9989,468.9993,469.0585,59.6481,1
469.0925,469.0929,469.1555,62.9983,1
469.3161,469.3167,469.3746,58.4351,1
469.9049,469.9059,469.9656,60.6849,1
470.2471,470.2477,470.3053,58.1051,1
470.7204,470.7210,470.7797,59.2848,1
471.4337,471.4345,471.4910,57.3021,1
471.5052,471.5056,471.5768,71.6424,1
472.2733,472.2744,472.3349,61.5374,1
472.4936,472.4942,472.5552,61.5934,1
472.6997,472.7001,472.7578,58.1060,1
473.1945,473.1953,473.2562,61.6726,1
473.1946,473.2562,473.3400,145.3975,1
473.3953,473.3959,473.4569,61.5846,1
474.0097,474.0105,474.0699,60.2535,1
474.0505,474.0699,474.1534,102.9088,1
474.1038,474.1534,474.2322,128.4401,1
474.2112,474.2323,474.3111,99.9028,1
474.2206,474.3111,474.3893,168.6638,1
474.2285,474.3893,474.4681,239.5977,1
474.4534,474.4681,474.5467,93.3086,1
474.5115,474.5467,474.6256,114.1372,1
474.7686,474.7690,474.8312,62.6181,1
474.8491,474.8496,474.9182,69.1000,1
475.0906,475.0911,475.1519,61.2938,1
475.1776,475.1780,475.2424,64.7401,1
475.8005,475.8015,475.8603,59.7481,1
475.9866,475.9871,476.0460,59.4066,1
476.7506,476.7516,476.8115,60.8229,1
477.2485,477.2492,477.3086,60.1052,1
478.1944,478.1955,478.2528,58.4701,1
478.2045,478.2529,478.3364,131.9224,1
478.2176,478.3364,478.4147,197.1385,1
478.4766,478.4771,478.5362,59.6126,1
479.0189,479.0196,479.0794,60.5416,1
479.1055,479.1057,479.1725,67.0402,1
479.4381,479.4387,479.4974,59.3516,1
479.9157,479.9164,479.9758,60.0917,1
