2026/10/02 15:41:48.804, 0, 22.60, 43, 0, 150.00, 210, 150.00, 0x0000000000000001
2026/10/02 15:41:49.013, 0, 22.60, 43, 0, 150.00, 210, 150.00, 0x0000000000000001
2026/10/02 15:41:49.214, 0, 22.60, 43, 0, 150.00, 210, 150.00, 0x0000000000000001
2026/10/02 15:41:49.415, 0, 22.60, 43, 0, 150.00, 210, 150.00, 0x0000000000000001
2026/10/02 15:41:49.615, 0, 22.60, 43, 0, 150.00, 210, 150.00, 0x0000000000000001
2026/10/02 15:41:49.816, 0, 22.60, 43, 0, 150.00, 210, 150.00, 0x0000000000000001
2026/10/02 15:41:50.017, 0, 22.60, 43, 0, 150.00, 210, 150.00, 0x0000000000000001
2026/10/02 15:41:50.238, 0, 26.97, 43, 1, 150.00, 1695, 150.00, 0x0000000000000000
2026/10/02 15:41:50.439, 0, 32.80, 44, 5, 150.00, 1695, 150.00, 0x0000000000000000
2026/10/02 15:41:50.639, 0, 36.60, 44, 0, 150.00, 1695, 150.00, 0x0000000000000000
2026/10/02 15:41:50.840, 0, 48.09, 45, 41, 150.00, 1665, 150.00, 0x0000000000000004
2026/10/02 15:41:51.040, 0, 49.27, 44, 0, 150.00, 1680, 150.00, 0x0000000000000004
2026/10/02 15:41:51.241, 0, 72.83, 44, 0, 150.00, 1695, 150.00, 0x0000000000000000
2026/10/02 15:41:51.442, 0, 72.76, 46, 58, 150.00, 1635, 150.00, 0x0000000000000004
2026/10/02 15:41:51.642, 0, 72.59, 45, 0, 150.00, 1035, 150.00, 0x0000000000000004
2026/10/02 15:41:51.843, 0, 61.56, 45, 0, 150.00, 1680, 150.00, 0x0000000000000004
2026/10/02 15:41:52.044, 0, 61.36, 45, 0, 150.00, 690, 150.00, 0x0000000000000004
2026/10/02 15:41:52.244, 0, 68.89, 46, 54, 150.00, 1665, 150.00, 0x0000000000000004
2026/10/02 15:41:52.445, 0, 67.99, 45, 0, 150.00, 1680, 150.00, 0x0000000000000004
2026/10/02 15:41:52.646, 0, 68.48, 45, 0, 150.00, 1695, 150.00, 0x0000000000000000
2026/10/02 15:41:52.846, 0, 65.79, 45, 0, 150.00, 855, 150.00, 0x0000000000000000
2026/10/02 15:41:53.047, 0, 67.16, 46, 0, 150.00, 1680, 150.00, 0x0000000000000004
2026/10/02 15:41:53.247, 0, 59.69, 45, 0, 150.00, 1455, 150.00, 0x0000000000000004
2026/10/02 15:41:53.448, 0, 71.09, 46, 2, 150.00, 1680, 150.00, 0x0000000000000004
2026/10/02 15:41:53.648, 0, 71.04, 46, 0, 150.00, 1680, 150.00, 0x0000000000000004
2026/10/02 15:41:53.849, 0, 70.04, 45, 0, 150.00, 1695, 150.00, 0x0000000000000000
2026/10/02 15:41:54.050, 0, 68.80, 45, 0, 150.00, 1695, 150.00, 0x0000000000000000
2026/10/02 15:41:54.250, 0, 80.87, 47, 57, 150.00, 1530, 150.00, 0x0000000000000004
2026/10/02 15:41:54.451, 0, 68.86, 46, 0, 150.00, 1680, 150.00, 0x0000000000000004
2026/10/02 15:41:54.651, 0, 69.16, 46, 0, 150.00, 1695, 150.00, 0x0000000000000004
2026/10/02 15:41:54.852, 0, 69.27, 46, 0, 150.00, 690, 150.00, 0x0000000000000000
2026/10/02 15:41:55.053, 0, 77.62, 47, 51, 150.00, 1665, 150.00, 0x0000000000000004
2026/10/02 15:41:55.253, 0, 75.93, 47, 0, 150.00, 675, 150.00, 0x0000000000000004
2026/10/02 15:41:55.454, 0, 67.00, 46, 1, 150.00, 1230, 150.00, 0x0000000000000004
2026/10/02 15:41:55.654, 0, 85.23, 49, 100, 150.00, 1530, 150.00, 0x0000000000000004
2026/10/02 15:41:55.855, 0, 85.11, 48, 59, 150.00, 1620, 150.00, 0x0000000000000004
2026/10/02 15:41:56.056, 0, 87.90, 48, 17, 150.00, 1680, 150.00, 0x0000000000000004
2026/10/02 15:41:56.256, 0, 100.47, 48, 51, 150.00, 1665, 150.00, 0x0000000000000004
2026/10/02 15:41:56.457, 0, 97.67, 47, 0, 150.00, 1680, 150.00, 0x0000000000000004
2026/10/02 15:41:56.657, 0, 92.64, 48, 58, 150.00, 1575, 150.00, 0x0000000000000004
2026/10/02 15:41:56.858, 0, 84.09, 47, 0, 150.00, 1680, 150.00, 0x0000000000000004
2026/10/02 15:41:57.058, 0, 70.76, 48, 0, 150.00, 675, 150.00, 0x0000000000000004
2026/10/02 15:41:57.259, 0, 61.62, 47, 0, 150.00, 1680, 150.00, 0x0000000000000004
2026/10/02 15:41:57.459, 0, 62.86, 47, 0, 150.00, 1680, 150.00, 0x0000000000000004
2026/10/02 15:41:57.660, 0, 62.72, 47, 0, 150.00, 1695, 150.00, 0x0000000000000000
2026/10/02 15:41:57.861, 0, 68.06, 49, 86, 150.00, 870, 150.00, 0x0000000000000004
2026/10/02 15:41:58.061, 0, 84.14, 50, 100, 150.00, 855, 150.00, 0x0000000000000004
2026/10/02 15:41:58.262, 0, 92.28, 49, 53, 150.00, 1665, 150.00, 0x0000000000000004
2026/10/02 15:41:58.463, 0, 105.21, 49, 66, 150.00, 735, 150.00, 0x0000000000000004
2026/10/02 15:41:58.663, 0, 103.10, 49, 59, 150.00, 1650, 150.00, 0x0000000000000004
2026/10/02 15:41:58.864, 0, 116.13, 50, 32, 150.00, 1320, 150.00, 0x0000000000000004
2026/10/02 15:41:59.064, 0, 94.17, 48, 0, 150.00, 1680, 150.00, 0x0000000000000004
2026/10/02 15:41:59.265, 0, 82.81, 48, 0, 150.00, 1695, 150.00, 0x0000000000000004
2026/10/02 15:41:59.466, 0, 84.74, 48, 55, 150.00, 1650, 150.00, 0x0000000000000004
2026/10/02 15:41:59.666, 0, 79.05, 48, 0, 150.00, 1680, 150.00, 0x0000000000000004
2026/10/02 15:41:59.867, 0, 80.07, 47, 0, 150.00, 1695, 150.00, 0x0000000000000000
2026/10/02 15:42:00.067, 0, 63.78, 47, 0, 150.00, 1095, 150.00, 0x0000000000000000
2026/10/02 15:42:00.268, 0, 68.98, 49, 74, 150.00, 1635, 150.00, 0x0000000000000004
2026/10/02 15:42:00.469, 0, 64.01, 48, 0, 150.00, 1680, 150.00, 0x0000000000000004
2026/10/02 15:42:00.669, 0, 81.44, 49, 42, 150.00, 930, 150.00, 0x0000000000000004
2026/10/02 15:42:00.870, 0, 90.00, 48, 0, 150.00, 1680, 150.00, 0x0000000000000004
2026/10/02 15:42:01.070, 0, 89.97, 48, 0, 150.00, 1620, 150.00, 0x0000000000000004
2026/10/02 15:42:01.271, 0, 110.02, 50, 36, 150.00, 1350, 150.00, 0x0000000000000004
2026/10/02 15:42:01.471, 0, 114.79, 50, 60, 150.00, 1635, 150.00, 0x0000000000000004
2026/10/02 15:42:01.671, 0, 109.84, 48, 0, 150.00, 1680, 150.00, 0x0000000000000004
2026/10/02 15:42:01.872, 0, 94.53, 50, 78, 150.00, 870, 150.00, 0x0000000000000004
2026/10/02 15:42:02.072, 0, 97.27, 49, 0, 150.00, 1680, 150.00, 0x0000000000000004
2026/10/02 15:42:02.273, 0, 93.36, 50, 56, 150.00, 1530, 150.00, 0x0000000000000004
2026/10/02 15:42:02.473, 0, 77.55, 48, 0, 150.00, 1680, 150.00, 0x0000000000000004
2026/10/02 15:42:02.674, 0, 77.51, 48, 0, 150.00, 720, 150.00, 0x0000000000000004
2026/10/02 15:42:02.874, 0, 77.57, 49, 0, 150.00, 1680, 150.00, 0x0000000000000004
2026/10/02 15:42:03.075, 0, 71.25, 49, 60, 150.00, 1065, 150.00, 0x0000000000000004
2026/10/02 15:42:03.275, 0, 65.34, 49, 0, 150.00, 885, 150.00, 0x0000000000000004
2026/10/02 15:42:03.476, 0, 67.22, 49, 0, 150.00, 1680, 150.00, 0x0000000000000004
2026/10/02 15:42:03.677, 0, 71.01, 50, 59, 150.00, 1575, 150.00, 0x0000000000000004
2026/10/02 15:42:03.877, 0, 69.65, 49, 0, 150.00, 1680, 150.00, 0x0000000000000004
2026/10/02 15:42:04.078, 0, 82.40, 50, 55, 150.00, 825, 150.00, 0x0000000000000004
2026/10/02 15:42:04.278, 0, 77.27, 49, 0, 150.00, 1680, 150.00, 0x0000000000000004
2026/10/02 15:42:04.479, 0, 76.07, 49, 0, 150.00, 1080, 150.00, 0x0000000000000004
2026/10/02 15:42:04.680, 0, 88.01, 51, 91, 150.00, 840, 150.00, 0x0000000000000004
2026/10/02 15:42:04.880, 0, 98.11, 50, 45, 150.00, 1665, 150.00, 0x0000000000000004
2026/10/02 15:42:05.081, 0, 94.76, 49, 0, 150.00, 1245, 150.00, 0x0000000000000004
2026/10/02 15:42:05.282, 0, 89.66, 49, 0, 150.00, 1680, 150.00, 0x0000000000000004
2026/10/02 15:42:05.482, 0, 98.46, 51, 8, 150.00, 810, 150.00, 0x0000000000000004
2026/10/02 15:42:05.683, 0, 101.73, 51, 59, 150.00, 870, 150.00, 0x0000000000000004
2026/10/02 15:42:05.883, 0, 84.49, 50, 0, 150.00, 1680, 150.00, 0x0000000000000004
2026/10/02 15:42:06.084, 0, 102.71, 52, 100, 150.00, 855, 150.00, 0x0000000000000004
2026/10/02 15:42:06.284, 0, 103.67, 50, 11, 150.00, 1680, 150.00, 0x0000000000000004
2026/10/02 15:42:06.485, 0, 111.88, 52, 100, 150.00, 1275, 150.00, 0x0000000000000004
2026/10/02 15:42:06.686, 0, 107.68, 50, 0, 150.00, 1680, 150.00, 0x0000000000000004
2026/10/02 15:42:06.886, 0, 98.04, 49, 0, 150.00, 1695, 150.00, 0x0000000000000004
2026/10/02 15:42:07.087, 0, 106.74, 50, 16, 150.00, 1680, 150.00, 0x0000000000000004
2026/10/02 15:42:07.287, 0, 101.71, 51, 53, 150.00, 1500, 150.00, 0x0000000000000004
2026/10/02 15:42:07.488, 0, 102.86, 52, 57, 150.00, 1530, 150.00, 0x0000000000000004
2026/10/02 15:42:07.688, 0, 116.71, 52, 34, 150.00, 1350, 150.00, 0x0000000000000004
2026/10/02 15:42:07.889, 0, 119.48, 51, 50, 150.00, 1665, 150.00, 0x0000000000000004
2026/10/02 15:42:08.090, 0, 104.61, 50, 0, 150.00, 1680, 150.00, 0x0000000000000004
2026/10/02 15:42:08.290, 0, 105.22, 50, 0, 150.00, 1695, 150.00, 0x0000000000000000
2026/10/02 15:42:08.491, 0, 94.87, 49, 0, 150.00, 1695, 150.00, 0x0000000000000000
2026/10/02 15:42:08.691, 0, 102.75, 51, 34, 150.00, 810, 150.00, 0x0000000000000004
2026/10/02 15:42:08.892, 0, 89.96, 51, 79, 150.00, 1620, 150.00, 0x0000000000000004
2026/10/02 15:42:09.092, 0, 87.30, 50, 0, 150.00, 1680, 150.00, 0x0000000000000004
2026/10/02 15:42:09.293, 0, 87.36, 50, 0, 150.00, 1695, 150.00, 0x0000000000000000
2026/10/02 15:42:09.494, 0, 98.55, 52, 97, 150.00, 1170, 150.00, 0x0000000000000004
2026/10/02 15:42:09.694, 0, 94.33, 50, 0, 150.00, 1680, 150.00, 0x0000000000000004
2026/10/02 15:42:09.895, 0, 86.43, 52, 34, 150.00, 1350, 150.00, 0x0000000000000004
2026/10/02 15:42:10.095, 0, 87.92, 50, 0, 150.00, 1680, 150.00, 0x0000000000000004
2026/10/02 15:42:10.296, 0, 98.46, 52, 56, 150.00, 870, 150.00, 0x0000000000000004
2026/10/02 15:42:10.497, 0, 96.21, 50, 0, 150.00, 1680, 150.00, 0x0000000000000004
2026/10/02 15:42:10.697, 0, 103.84, 52, 21, 150.00, 1155, 150.00, 0x0000000000000004
2026/10/02 15:42:10.898, 0, 102.96, 50, 0, 150.00, 1680, 150.00, 0x0000000000000004
2026/10/02 15:42:11.098, 0, 102.62, 51, 26, 150.00, 1680, 150.00, 0x0000000000000004
2026/10/02 15:42:11.299, 0, 101.73, 51, 57, 150.00, 1650, 150.00, 0x0000000000000004
2026/10/02 15:42:11.499, 0, 90.56, 50, 0, 150.00, 1680, 150.00, 0x0000000000000004
2026/10/02 15:42:11.700, 0, 94.60, 52, 40, 150.00, 1410, 150.00, 0x0000000000000004
2026/10/02 15:42:11.900, 0, 91.95, 50, 0, 150.00, 1680, 150.00, 0x0000000000000004
2026/10/02 15:42:12.101, 0, 75.01, 50, 0, 150.00, 1695, 150.00, 0x0000000000000004
2026/10/02 15:42:12.301, 0, 75.87, 50, 0, 150.00, 675, 150.00, 0x0000000000000000
2026/10/02 15:42:12.502, 0, 77.26, 50, 0, 150.00, 1680, 150.00, 0x0000000000000004
2026/10/02 15:42:12.702, 0, 75.84, 50, 0, 150.00, 1680, 150.00, 0x0000000000000004
2026/10/02 15:42:12.903, 0, 60.89, 50, 0, 150.00, 1695, 150.00, 0x0000000000000000
2026/10/02 15:42:13.104, 0, 60.94, 50, 0, 150.00, 1005, 150.00, 0x0000000000000000
2026/10/02 15:42:13.304, 0, 63.57, 50, 0, 150.00, 1680, 150.00, 0x0000000000000004
2026/10/02 15:42:13.505, 0, 64.32, 50, 0, 150.00, 1680, 150.00, 0x0000000000000004
2026/10/02 15:42:13.705, 0, 82.71, 52, 36, 150.00, 1365, 150.00, 0x0000000000000004
2026/10/02 15:42:13.906, 0, 81.95, 50, 0, 150.00, 1680, 150.00, 0x0000000000000004
2026/10/02 15:42:14.106, 0, 95.00, 52, 50, 150.00, 840, 150.00, 0x0000000000000004
2026/10/02 15:42:14.307, 0, 94.59, 51, 0, 150.00, 1680, 150.00, 0x0000000000000004
2026/10/02 15:42:14.508, 0, 91.63, 50, 0, 150.00, 1680, 150.00, 0x0000000000000004
2026/10/02 15:42:14.708, 0, 91.74, 50, 0, 150.00, 1695, 150.00, 0x0000000000000000
2026/10/02 15:42:14.909, 0, 76.06, 50, 0, 150.00, 1695, 150.00, 0x0000000000000000
2026/10/02 15:42:15.109, 0, 87.35, 50, 4, 150.00, 1680, 150.00, 0x0000000000000004
2026/10/02 15:42:15.310, 0, 91.25, 52, 100, 150.00, 1335, 150.00, 0x0000000000000004
2026/10/02 15:42:15.510, 0, 100.16, 52, 59, 150.00, 1560, 150.00, 0x0000000000000004
2026/10/02 15:42:15.711, 0, 99.81, 51, 0, 150.00, 1680, 150.00, 0x0000000000000004
2026/10/02 15:42:15.911, 0, 99.72, 50, 0, 150.00, 1695, 150.00, 0x0000000000000004
2026/10/02 15:42:16.112, 0, 114.07, 52, 100, 150.00, 915, 150.00, 0x0000000000000004
2026/10/02 15:42:16.313, 0, 104.53, 51, 0, 150.00, 1680, 150.00, 0x0000000000000004
2026/10/02 15:42:16.513, 0, 108.43, 53, 52, 150.00, 1500, 150.00, 0x0000000000000004
2026/10/02 15:42:16.714, 0, 122.40, 51, 33, 150.00, 1680, 150.00, 0x0000000000000004
2026/10/02 15:42:16.914, 0, 128.99, 52, 50, 150.00, 930, 150.00, 0x0000000000000004
2026/10/02 15:42:17.115, 0, 118.32, 51, 0, 150.00, 1680, 150.00, 0x0000000000000004
2026/10/02 15:42:17.315, 0, 104.16, 51, 0, 150.00, 1680, 150.00, 0x0000000000000004
2026/10/02 15:42:17.516, 0, 104.47, 50, 0, 150.00, 1695, 150.00, 0x0000000000000000
2026/10/02 15:42:17.716, 0, 94.54, 51, 24, 150.00, 1680, 150.00, 0x0000000000000004
2026/10/02 15:42:17.916, 0, 95.36, 51, 0, 150.00, 1680, 150.00, 0x0000000000000004
2026/10/02 15:42:18.117, 0, 81.75, 52, 61, 150.00, 840, 150.00, 0x0000000000000004
2026/10/02 15:42:18.318, 0, 91.77, 52, 52, 150.00, 870, 150.00, 0x0000000000000004
2026/10/02 15:42:18.518, 0, 90.75, 51, 0, 150.00, 1680, 150.00, 0x0000000000000004
2026/10/02 15:42:18.719, 0, 71.25, 51, 0, 150.00, 1680, 150.00, 0x0000000000000004
2026/10/02 15:42:18.919, 0, 74.89, 52, 61, 150.00, 780, 150.00, 0x0000000000000004
2026/10/02 15:42:19.120, 0, 78.78, 53, 60, 150.00, 1560, 150.00, 0x0000000000000004
2026/10/02 15:42:19.321, 0, 66.43, 51, 0, 150.00, 1680, 150.00, 0x0000000000000004
2026/10/02 15:42:19.521, 0, 68.02, 51, 0, 150.00, 1695, 150.00, 0x0000000000000004
2026/10/02 15:42:19.722, 0, 68.20, 51, 0, 150.00, 1695, 150.00, 0x0000000000000000
2026/10/02 15:42:19.922, 0, 75.44, 53, 83, 150.00, 840, 150.00, 0x0000000000000004
2026/10/02 15:42:20.123, 0, 73.40, 51, 0, 150.00, 855, 150.00, 0x0000000000000004
2026/10/02 15:42:20.323, 0, 69.99, 52, 0, 150.00, 615, 150.00, 0x0000000000000004
2026/10/02 15:42:20.524, 0, 84.39, 53, 36, 150.00, 1380, 150.00, 0x0000000000000004
2026/10/02 15:42:20.724, 0, 85.91, 51, 0, 150.00, 1680, 150.00, 0x0000000000000004
2026/10/02 15:42:20.925, 0, 83.63, 51, 0, 150.00, 675, 150.00, 0x0000000000000004
2026/10/02 15:42:21.125, 0, 80.42, 53, 61, 150.00, 1620, 150.00, 0x0000000000000004
2026/10/02 15:42:21.326, 0, 76.96, 51, 0, 150.00, 1680, 150.00, 0x0000000000000004
2026/10/02 15:42:21.527, 0, 62.06, 51, 0, 150.00, 1695, 150.00, 0x0000000000000004
2026/10/02 15:42:21.727, 0, 78.62, 52, 35, 150.00, 1665, 150.00, 0x0000000000000004
2026/10/02 15:42:21.928, 0, 77.04, 51, 0, 150.00, 1680, 150.00, 0x0000000000000004
2026/10/02 15:42:22.128, 0, 76.50, 51, 0, 150.00, 1695, 150.00, 0x0000000000000000
2026/10/02 15:42:22.329, 0, 75.97, 51, 0, 150.00, 1695, 150.00, 0x0000000000000000
2026/10/02 15:42:22.530, 0, 76.02, 51, 0, 150.00, 1695, 150.00, 0x0000000000000000
2026/10/02 15:42:22.730, 0, 80.70, 53, 100, 150.00, 1305, 150.00, 0x0000000000000004
2026/10/02 15:42:22.931, 0, 94.63, 52, 38, 150.00, 1665, 150.00, 0x0000000000000004
2026/10/02 15:42:23.131, 0, 94.50, 51, 0, 150.00, 645, 150.00, 0x0000000000000004
2026/10/02 15:42:23.331, 0, 93.44, 51, 0, 150.00, 1680, 150.00, 0x0000000000000004
2026/10/02 15:42:23.532, 0, 101.30, 52, 52, 150.00, 1080, 150.00, 0x0000000000000004
2026/10/02 15:42:23.732, 0, 107.66, 54, 34, 150.00, 1380, 150.00, 0x0000000000000004
2026/10/02 15:42:23.933, 0, 86.06, 53, 58, 150.00, 1620, 150.00, 0x0000000000000004
2026/10/02 15:42:24.134, 0, 110.95, 54, 100, 150.00, 825, 150.00, 0x0000000000000004
2026/10/02 15:42:24.334, 0, 124.23, 55, 100, 150.00, 1410, 150.00, 0x0000000000000004
2026/10/02 15:42:24.535, 0, 128.36, 54, 15, 150.00, 975, 150.00, 0x0000000000000004
2026/10/02 15:42:24.735, 0, 125.18, 52, 0, 150.00, 1020, 150.00, 0x0000000000000004
2026/10/02 15:42:24.936, 0, 119.67, 54, 75, 150.00, 825, 150.00, 0x0000000000000004
2026/10/02 15:42:25.137, 0, 108.66, 54, 61, 150.00, 1560, 150.00, 0x0000000000000004
2026/10/02 15:42:25.337, 0, 95.94, 52, 0, 150.00, 1680, 150.00, 0x0000000000000004
2026/10/02 15:42:25.538, 0, 87.75, 52, 0, 150.00, 1695, 150.00, 0x0000000000000004
2026/10/02 15:42:25.739, 0, 77.23, 53, 59, 150.00, 765, 150.00, 0x0000000000000004
2026/10/02 15:42:25.939, 0, 73.12, 52, 0, 150.00, 1680, 150.00, 0x0000000000000004
2026/10/02 15:42:26.140, 0, 66.21, 52, 0, 150.00, 1695, 150.00, 0x0000000000000004
2026/10/02 15:42:26.340, 0, 61.32, 52, 0, 150.00, 1695, 150.00, 0x0000000000000000
2026/10/02 15:42:26.541, 0, 76.16, 52, 36, 150.00, 1020, 150.00, 0x0000000000000004
2026/10/02 15:42:26.742, 0, 87.13, 52, 5, 150.00, 870, 150.00, 0x0000000000000004
2026/10/02 15:42:26.942, 0, 94.37, 53, 59, 150.00, 1635, 150.00, 0x0000000000000004
2026/10/02 15:42:27.143, 0, 91.19, 52, 0, 150.00, 1680, 150.00, 0x0000000000000004
2026/10/02 15:42:27.344, 0, 91.16, 52, 0, 150.00, 1695, 150.00, 0x0000000000000000
2026/10/02 15:42:27.544, 0, 76.36, 52, 0, 150.00, 1695, 150.00, 0x0000000000000000
2026/10/02 15:42:27.745, 0, 65.41, 52, 0, 150.00, 1545, 150.00, 0x0000000000000004
2026/10/02 15:42:27.946, 0, 88.67, 53, 35, 150.00, 810, 150.00, 0x0000000000000004
2026/10/02 15:42:28.146, 0, 105.14, 54, 100, 150.00, 1605, 150.00, 0x0000000000000004
2026/10/02 15:42:28.347, 0, 126.37, 54, 5, 150.00, 1485, 150.00, 0x0000000000000004
2026/10/02 15:42:28.547, 0, 125.47, 52, 28, 150.00, 1245, 150.00, 0x0000000000000004
2026/10/02 15:42:28.748, 0, 140.87, 53, 42, 150.00, 1680, 150.00, 0x0000000000000004
2026/10/02 15:42:28.948, 0, 116.73, 53, 0, 150.00, 1665, 150.00, 0x0000000000000004
2026/10/02 15:42:29.149, 0, 94.42, 54, 0, 150.00, 1635, 150.00, 0x0000000000000004
2026/10/02 15:42:29.350, 0, 87.14, 54, 0, 150.00, 1605, 150.00, 0x0000000000000004
2026/10/02 15:42:29.550, 0, 85.21, 53, 1, 150.00, 960, 150.00, 0x0000000000000004
2026/10/02 15:42:29.751, 0, 69.63, 53, 58, 150.00, 1680, 150.00, 0x0000000000000004
2026/10/02 15:42:29.951, 0, 78.64, 54, 0, 150.00, 825, 150.00, 0x0000000000000004
2026/10/02 15:42:30.152, 0, 87.12, 54, 79, 150.00, 1620, 150.00, 0x0000000000000004
2026/10/02 15:42:30.353, 0, 85.36, 53, 0, 150.00, 1680, 150.00, 0x0000000000000004
2026/10/02 15:42:30.553, 0, 77.87, 53, 0, 150.00, 1650, 150.00, 0x0000000000000004
2026/10/02 15:42:30.754, 0, 77.12, 52, 0, 150.00, 1680, 150.00, 0x0000000000000004
2026/10/02 15:42:30.954, 0, 88.67, 54, 0, 150.00, 1590, 150.00, 0x0000000000000004
2026/10/02 15:42:31.155, 0, 79.53, 52, 4, 150.00, 1680, 150.00, 0x0000000000000004
2026/10/02 15:42:31.355, 0, 90.91, 53, 28, 150.00, 1680, 150.00, 0x0000000000000004
2026/10/02 15:42:31.556, 0, 88.69, 53, 0, 150.00, 1650, 150.00, 0x0000000000000004
2026/10/02 15:42:31.757, 0, 88.91, 52, 0, 150.00, 1680, 150.00, 0x0000000000000004
2026/10/02 15:42:31.957, 0, 88.88, 52, 0, 150.00, 1695, 150.00, 0x0000000000000000
2026/10/02 15:42:32.158, 0, 77.97, 52, 0, 150.00, 1695, 150.00, 0x0000000000000000
2026/10/02 15:42:32.358, 0, 61.65, 52, 0, 150.00, 1695, 150.00, 0x0000000000000000
2026/10/02 15:42:32.559, 0, 78.56, 53, 25, 150.00, 1680, 150.00, 0x0000000000000004
2026/10/02 15:42:32.760, 0, 77.23, 52, 0, 150.00, 1680, 150.00, 0x0000000000000004
2026/10/02 15:42:32.960, 0, 77.25, 52, 0, 150.00, 1695, 150.00, 0x0000000000000000
2026/10/02 15:42:33.161, 0, 77.32, 52, 0, 150.00, 1695, 150.00, 0x0000000000000000
2026/10/02 15:42:33.361, 0, 81.00, 53, 4, 150.00, 1080, 150.00, 0x0000000000000004
2026/10/02 15:42:33.562, 0, 75.01, 53, 47, 150.00, 1680, 150.00, 0x0000000000000004
2026/10/02 15:42:33.762, 0, 90.69, 54, 0, 150.00, 1560, 150.00, 0x0000000000000004
2026/10/02 15:42:33.963, 0, 90.06, 52, 14, 150.00, 1680, 150.00, 0x0000000000000004
2026/10/02 15:42:34.163, 0, 89.91, 52, 0, 150.00, 690, 150.00, 0x0000000000000004
2026/10/02 15:42:34.364, 0, 84.96, 52, 58, 150.00, 1680, 150.00, 0x0000000000000004
2026/10/02 15:42:34.565, 0, 93.05, 53, 29, 150.00, 765, 150.00, 0x0000000000000004
2026/10/02 15:42:34.765, 0, 96.97, 53, 96, 150.00, 1680, 150.00, 0x0000000000000004
2026/10/02 15:42:34.966, 0, 85.27, 52, 0, 150.00, 1230, 150.00, 0x0000000000000004
2026/10/02 15:42:35.166, 0, 103.39, 53, 41, 150.00, 1680, 150.00, 0x0000000000000004
2026/10/02 15:42:35.367, 0, 98.78, 52, 0, 150.00, 1680, 150.00, 0x0000000000000004
2026/10/02 15:42:35.568, 0, 82.42, 52, 0, 150.00, 1695, 150.00, 0x0000000000000000
2026/10/02 15:42:35.768, 0, 75.66, 52, 0, 150.00, 630, 150.00, 0x0000000000000004
2026/10/02 15:42:35.969, 0, 81.14, 53, 59, 150.00, 1680, 150.00, 0x0000000000000004
2026/10/02 15:42:36.169, 0, 64.91, 53, 0, 150.00, 1650, 150.00, 0x0000000000000004
2026/10/02 15:42:36.370, 0, 79.04, 54, 0, 150.00, 1575, 150.00, 0x0000000000000004
2026/10/02 15:42:36.570, 0, 78.46, 53, 11, 150.00, 1680, 150.00, 0x0000000000000004
2026/10/02 15:42:36.771, 0, 81.75, 53, 0, 150.00, 1635, 150.00, 0x0000000000000004
2026/10/02 15:42:36.971, 0, 76.58, 53, 0, 150.00, 1680, 150.00, 0x0000000000000004
2026/10/02 15:42:37.172, 0, 76.84, 52, 0, 150.00, 1695, 150.00, 0x0000000000000000
2026/10/02 15:42:37.373, 0, 82.85, 54, 0, 150.00, 1485, 150.00, 0x0000000000000004
2026/10/02 15:42:37.573, 0, 82.49, 53, 29, 150.00, 1680, 150.00, 0x0000000000000004
2026/10/02 15:42:37.774, 0, 80.65, 52, 0, 150.00, 1695, 150.00, 0x0000000000000000
2026/10/02 15:42:37.974, 0, 77.90, 52, 0, 150.00, 1695, 150.00, 0x0000000000000000
2026/10/02 15:42:38.175, 0, 77.98, 52, 0, 150.00, 720, 150.00, 0x0000000000000004
2026/10/02 15:42:38.375, 0, 93.03, 54, 59, 150.00, 1110, 150.00, 0x0000000000000004
2026/10/02 15:42:38.576, 0, 92.88, 55, 62, 150.00, 960, 150.00, 0x0000000000000004
2026/10/02 15:42:38.776, 0, 115.92, 55, 72, 150.00, 1620, 150.00, 0x0000000000000004
2026/10/02 15:42:38.977, 0, 115.55, 53, 0, 150.00, 1680, 150.00, 0x0000000000000004
2026/10/02 15:42:39.177, 0, 115.48, 53, 0, 150.00, 1695, 150.00, 0x0000000000000000
2026/10/02 15:42:39.378, 0, 101.99, 52, 0, 150.00, 675, 150.00, 0x0000000000000004
2026/10/02 15:42:39.579, 0, 101.80, 53, 60, 150.00, 1680, 150.00, 0x0000000000000004
2026/10/02 15:42:39.779, 0, 75.10, 52, 0, 150.00, 1680, 150.00, 0x0000000000000004
2026/10/02 15:42:39.980, 0, 67.63, 52, 0, 150.00, 1455, 150.00, 0x0000000000000004
2026/10/02 15:42:40.180, 0, 84.94, 53, 36, 150.00, 1680, 150.00, 0x0000000000000004
2026/10/02 15:42:40.381, 0, 101.76, 54, 0, 150.00, 1545, 150.00, 0x0000000000000004
2026/10/02 15:42:40.582, 0, 98.12, 54, 19, 150.00, 1620, 150.00, 0x0000000000000004
2026/10/02 15:42:40.782, 0, 98.09, 53, 0, 150.00, 1680, 150.00, 0x0000000000000004
2026/10/02 15:42:40.983, 0, 106.81, 54, 0, 150.00, 1605, 150.00, 0x0000000000000004
2026/10/02 15:42:41.183, 0, 102.56, 55, 2, 150.00, 1575, 150.00, 0x0000000000000004
2026/10/02 15:42:41.384, 0, 102.06, 54, 10, 150.00, 1665, 150.00, 0x0000000000000004
2026/10/02 15:42:41.584, 0, 87.09, 53, 0, 150.00, 1680, 150.00, 0x0000000000000004
2026/10/02 15:42:41.785, 0, 81.45, 53, 0, 150.00, 1695, 150.00, 0x0000000000000000
2026/10/02 15:42:41.986, 0, 89.64, 53, 21, 150.00, 1680, 150.00, 0x0000000000000004
2026/10/02 15:42:42.186, 0, 87.57, 53, 0, 150.00, 1680, 150.00, 0x0000000000000004
2026/10/02 15:42:42.387, 0, 79.65, 54, 0, 150.00, 1635, 150.00, 0x0000000000000004
2026/10/02 15:42:42.587, 0, 80.14, 53, 0, 150.00, 1680, 150.00, 0x0000000000000004
2026/10/02 15:42:42.788, 0, 99.27, 54, 0, 150.00, 1440, 150.00, 0x0000000000000004
2026/10/02 15:42:42.988, 0, 79.79, 53, 33, 150.00, 960, 150.00, 0x0000000000000004
2026/10/02 15:42:43.189, 0, 81.55, 53, 58, 150.00, 1065, 150.00, 0x0000000000000004
2026/10/02 15:42:43.389, 0, 96.12, 54, 48, 150.00, 1635, 150.00, 0x0000000000000004
2026/10/02 15:42:43.590, 0, 97.06, 54, 0, 150.00, 1635, 150.00, 0x0000000000000004
2026/10/02 15:42:43.790, 0, 108.07, 55, 0, 150.00, 1410, 150.00, 0x0000000000000004
2026/10/02 15:42:43.991, 0, 95.12, 53, 38, 150.00, 1680, 150.00, 0x0000000000000004
2026/10/02 15:42:44.192, 0, 122.22, 55, 17, 150.00, 1245, 150.00, 0x0000000000000004
2026/10/02 15:42:44.392, 0, 118.71, 54, 63, 150.00, 1680, 150.00, 0x0000000000000004
2026/10/02 15:42:44.593, 0, 129.22, 55, 0, 150.00, 1395, 150.00, 0x0000000000000004
2026/10/02 15:42:44.793, 0, 126.93, 53, 39, 150.00, 1680, 150.00, 0x0000000000000004
2026/10/02 15:42:44.994, 0, 113.50, 53, 0, 150.00, 1695, 150.00, 0x0000000000000000
2026/10/02 15:42:45.194, 0, 100.19, 53, 0, 150.00, 1695, 150.00, 0x0000000000000000
2026/10/02 15:42:45.395, 0, 87.69, 55, 0, 150.00, 1590, 150.00, 0x0000000000000004
2026/10/02 15:42:45.596, 0, 87.85, 53, 9, 150.00, 1680, 150.00, 0x0000000000000004
2026/10/02 15:42:45.796, 0, 90.13, 55, 0, 150.00, 1455, 150.00, 0x0000000000000004
2026/10/02 15:42:45.997, 0, 91.78, 54, 32, 150.00, 1650, 150.00, 0x0000000000000004
2026/10/02 15:42:46.197, 0, 91.49, 53, 0, 150.00, 1680, 150.00, 0x0000000000000004
2026/10/02 15:42:46.398, 0, 102.50, 55, 0, 150.00, 1365, 150.00, 0x0000000000000004
2026/10/02 15:42:46.598, 0, 109.89, 55, 41, 150.00, 1485, 150.00, 0x0000000000000004
2026/10/02 15:42:46.799, 0, 91.57, 53, 30, 150.00, 1680, 150.00, 0x0000000000000004
2026/10/02 15:42:46.999, 0, 89.78, 53, 0, 150.00, 660, 150.00, 0x0000000000000004
2026/10/02 15:42:47.200, 0, 93.88, 53, 59, 150.00, 675, 150.00, 0x0000000000000004
2026/10/02 15:42:47.400, 0, 103.04, 55, 60, 150.00, 1110, 150.00, 0x0000000000000004
2026/10/02 15:42:47.601, 0, 89.42, 54, 63, 150.00, 1680, 150.00, 0x0000000000000004
2026/10/02 15:42:47.801, 0, 85.33, 55, 0, 150.00, 1590, 150.00, 0x0000000000000004
2026/10/02 15:42:48.002, 0, 84.94, 53, 6, 150.00, 1680, 150.00, 0x0000000000000004
2026/10/02 15:42:48.203, 0, 99.05, 55, 0, 150.00, 1425, 150.00, 0x0000000000000004
2026/10/02 15:42:48.403, 0, 94.12, 53, 37, 150.00, 1680, 150.00, 0x0000000000000004
2026/10/02 15:42:48.604, 0, 97.25, 54, 0, 150.00, 1605, 150.00, 0x0000000000000004
2026/10/02 15:42:48.804, 0, 112.76, 55, 3, 150.00, 825, 150.00, 0x0000000000000004
2026/10/02 15:42:49.005, 0, 114.57, 54, 100, 150.00, 1680, 150.00, 0x0000000000000004
2026/10/02 15:42:49.205, 0, 109.91, 53, 0, 150.00, 1680, 150.00, 0x0000000000000004
2026/10/02 15:42:49.406, 0, 95.72, 53, 0, 150.00, 645, 150.00, 0x0000000000000004
2026/10/02 15:42:49.606, 0, 112.34, 55, 58, 150.00, 1410, 150.00, 0x0000000000000004
2026/10/02 15:42:49.807, 0, 110.15, 54, 46, 150.00, 1680, 150.00, 0x0000000000000004
2026/10/02 15:42:50.008, 0, 86.37, 54, 0, 150.00, 1680, 150.00, 0x0000000000000004
2026/10/02 15:42:50.208, 0, 86.78, 53, 0, 150.00, 1695, 150.00, 0x0000000000000000
2026/10/02 15:42:50.409, 0, 86.86, 53, 0, 150.00, 1695, 150.00, 0x0000000000000000
2026/10/02 15:42:50.609, 0, 85.07, 53, 0, 150.00, 1695, 150.00, 0x0000000000000000
2026/10/02 15:42:50.810, 0, 70.23, 53, 0, 150.00, 1695, 150.00, 0x0000000000000000
2026/10/02 15:42:51.011, 0, 87.29, 55, 100, 150.00, 1440, 150.00, 0x0000000000000004
2026/10/02 15:42:51.211, 0, 93.18, 54, 39, 150.00, 1200, 150.00, 0x0000000000000004
2026/10/02 15:42:51.412, 0, 91.92, 54, 56, 150.00, 1680, 150.00, 0x0000000000000004
2026/10/02 15:42:51.612, 0, 91.81, 53, 0, 150.00, 1695, 150.00, 0x0000000000000000
2026/10/02 15:42:51.813, 0, 89.26, 53, 0, 150.00, 1695, 150.00, 0x0000000000000000
2026/10/02 15:42:52.013, 0, 73.43, 54, 0, 150.00, 1665, 150.00, 0x0000000000000004
2026/10/02 15:42:52.214, 0, 72.87, 55, 0, 150.00, 840, 150.00, 0x0000000000000004
2026/10/02 15:42:52.415, 0, 83.78, 56, 98, 150.00, 1590, 150.00, 0x0000000000000004
2026/10/02 15:42:52.615, 0, 83.52, 54, 15, 150.00, 1455, 150.00, 0x0000000000000004
2026/10/02 15:42:52.816, 0, 101.94, 54, 36, 150.00, 1680, 150.00, 0x0000000000000004
2026/10/02 15:42:53.017, 0, 118.10, 56, 14, 150.00, 1515, 150.00, 0x0000000000000004
2026/10/02 15:42:53.217, 0, 118.72, 54, 30, 150.00, 1680, 150.00, 0x0000000000000004
2026/10/02 15:42:53.418, 0, 104.62, 54, 0, 150.00, 1695, 150.00, 0x0000000000000000
2026/10/02 15:42:53.618, 0, 97.04, 53, 0, 150.00, 1695, 150.00, 0x0000000000000000
2026/10/02 15:42:53.819, 0, 86.27, 55, 0, 150.00, 1620, 150.00, 0x0000000000000004
2026/10/02 15:42:54.019, 0, 74.32, 54, 0, 150.00, 1680, 150.00, 0x0000000000000004
2026/10/02 15:42:54.220, 0, 67.39, 53, 0, 150.00, 1695, 150.00, 0x0000000000000000
2026/10/02 15:42:54.420, 0, 75.43, 54, 8, 150.00, 1680, 150.00, 0x0000000000000004
2026/10/02 15:42:54.621, 0, 75.22, 53, 0, 150.00, 1680, 150.00, 0x0000000000000004
2026/10/02 15:42:54.821, 0, 74.09, 53, 0, 150.00, 1695, 150.00, 0x0000000000000000
2026/10/02 15:42:55.022, 0, 69.57, 53, 0, 150.00, 1095, 150.00, 0x0000000000000004
2026/10/02 15:42:55.222, 0, 81.62, 54, 11, 150.00, 1185, 150.00, 0x0000000000000004
2026/10/02 15:42:55.423, 0, 102.10, 56, 48, 150.00, 1500, 150.00, 0x0000000000000004
2026/10/02 15:42:55.623, 0, 114.52, 56, 82, 150.00, 825, 150.00, 0x0000000000000004
2026/10/02 15:42:55.824, 0, 122.76, 55, 39, 150.00, 1680, 150.00, 0x0000000000000004
2026/10/02 15:42:56.024, 0, 136.02, 56, 48, 150.00, 1575, 150.00, 0x0000000000000004
2026/10/02 15:42:56.225, 0, 116.60, 54, 0, 150.00, 1680, 150.00, 0x0000000000000004
2026/10/02 15:42:56.426, 0, 88.67, 54, 0, 150.00, 1695, 150.00, 0x0000000000000000
2026/10/02 15:42:56.626, 0, 89.60, 55, 60, 150.00, 1650, 150.00, 0x0000000000000004
2026/10/02 15:42:56.827, 0, 73.81, 54, 0, 150.00, 1680, 150.00, 0x0000000000000004
2026/10/02 15:42:57.028, 0, 62.52, 54, 0, 150.00, 1695, 150.00, 0x0000000000000000
2026/10/02 15:42:57.228, 0, 63.05, 53, 0, 150.00, 915, 150.00, 0x0000000000000004
2026/10/02 15:42:57.429, 0, 82.07, 56, 100, 150.00, 1050, 150.00, 0x0000000000000004
2026/10/02 15:42:57.629, 0, 90.37, 56, 8, 150.00, 780, 150.00, 0x0000000000000004
2026/10/02 15:42:57.830, 0, 100.88, 55, 34, 150.00, 1680, 150.00, 0x0000000000000004
2026/10/02 15:42:58.031, 0, 101.91, 55, 59, 150.00, 1020, 150.00, 0x0000000000000004
2026/10/02 15:42:58.231, 0, 109.22, 55, 5, 150.00, 1680, 150.00, 0x0000000000000004
2026/10/02 15:42:58.432, 0, 108.29, 55, 17, 150.00, 1350, 150.00, 0x0000000000000004
2026/10/02 15:42:58.632, 0, 116.88, 55, 39, 150.00, 1680, 150.00, 0x0000000000000004
2026/10/02 15:42:58.833, 0, 99.87, 54, 0, 150.00, 1395, 150.00, 0x0000000000000004
2026/10/02 15:42:59.034, 0, 114.82, 55, 20, 150.00, 1680, 150.00, 0x0000000000000004
2026/10/02 15:42:59.234, 0, 103.84, 54, 0, 150.00, 1680, 150.00, 0x0000000000000004
2026/10/02 15:42:59.435, 0, 118.45, 56, 19, 150.00, 825, 150.00, 0x0000000000000004
2026/10/02 15:42:59.635, 0, 103.77, 55, 23, 150.00, 1680, 150.00, 0x0000000000000004
2026/10/02 15:42:59.836, 0, 129.54, 55, 37, 150.00, 1680, 150.00, 0x0000000000000004
2026/10/02 15:43:00.036, 0, 136.25, 55, 36, 150.00, 1680, 150.00, 0x0000000000000004
2026/10/02 15:43:00.237, 0, 135.44, 55, 28, 150.00, 1680, 150.00, 0x0000000000000004
2026/10/02 15:43:00.437, 0, 114.30, 54, 0, 150.00, 1680, 150.00, 0x0000000000000004
2026/10/02 15:43:00.638, 0, 122.97, 56, 31, 150.00, 1500, 150.00, 0x0000000000000004
2026/10/02 15:43:00.838, 0, 108.23, 54, 0, 150.00, 1680, 150.00, 0x0000000000000004
2026/10/02 15:43:01.039, 0, 105.88, 56, 46, 150.00, 1560, 150.00, 0x0000000000000004
2026/10/02 15:43:01.240, 0, 90.53, 54, 0, 150.00, 1680, 150.00, 0x0000000000000004
2026/10/02 15:43:01.440, 0, 107.62, 56, 42, 150.00, 1560, 150.00, 0x0000000000000004
2026/10/02 15:43:01.641, 0, 98.88, 54, 0, 150.00, 1680, 150.00, 0x0000000000000004
2026/10/02 15:43:01.841, 0, 113.26, 56, 86, 150.00, 1485, 150.00, 0x0000000000000004
2026/10/02 15:43:02.042, 0, 115.73, 55, 0, 150.00, 1200, 150.00, 0x0000000000000004
2026/10/02 15:43:02.243, 0, 114.39, 55, 16, 150.00, 930, 150.00, 0x0000000000000004
2026/10/02 15:43:02.443, 0, 97.14, 55, 0, 150.00, 705, 150.00, 0x0000000000000004
2026/10/02 15:43:02.644, 0, 97.53, 55, 0, 150.00, 1680, 150.00, 0x0000000000000004
2026/10/02 15:43:02.844, 0, 75.93, 54, 0, 150.00, 1680, 150.00, 0x0000000000000004
2026/10/02 15:43:03.044, 0, 76.78, 54, 0, 150.00, 1695, 150.00, 0x0000000000000000
2026/10/02 15:43:03.245, 0, 63.30, 54, 0, 150.00, 1695, 150.00, 0x0000000000000000
2026/10/02 15:43:03.446, 0, 64.07, 54, 0, 150.00, 1695, 150.00, 0x0000000000000000
2026/10/02 15:43:03.646, 0, 64.07, 54, 0, 150.00, 1695, 150.00, 0x0000000000000000
2026/10/02 15:43:03.847, 0, 64.07, 54, 0, 150.00, 1695, 150.00, 0x0000000000000000
2026/10/02 15:43:04.047, 0, 64.07, 54, 0, 150.00, 1695, 150.00, 0x0000000000000000
2026/10/02 15:43:04.248, 0, 128.91, 56, 100, 150.00, 840, 150.00, 0x0000000000000004
2026/10/02 15:43:04.449, 0, 130.43, 55, 0, 150.00, 1365, 150.00, 0x0000000000000004
2026/10/02 15:43:04.649, 0, 115.37, 55, 0, 150.00, 1680, 150.00, 0x0000000000000004
2026/10/02 15:43:04.850, 0, 108.91, 54, 0, 150.00, 1695, 150.00, 0x0000000000000000
2026/10/02 15:43:05.051, 0, 85.37, 54, 56, 150.00, 825, 150.00, 0x0000000000000004
2026/10/02 15:43:05.251, 0, 86.83, 56, 62, 150.00, 1110, 150.00, 0x0000000000000004
2026/10/02 15:43:05.452, 0, 79.18, 55, 0, 150.00, 1680, 150.00, 0x0000000000000004
2026/10/02 15:43:05.652, 0, 80.15, 54, 0, 150.00, 1695, 150.00, 0x0000000000000000
2026/10/02 15:43:05.853, 0, 95.30, 54, 47, 150.00, 1080, 150.00, 0x0000000000000004
2026/10/02 15:43:06.053, 0, 100.17, 56, 3, 150.00, 1605, 150.00, 0x0000000000000004
2026/10/02 15:43:06.254, 0, 82.33, 55, 0, 150.00, 1680, 150.00, 0x0000000000000004
2026/10/02 15:43:06.455, 0, 91.50, 56, 63, 150.00, 690, 150.00, 0x0000000000000004
2026/10/02 15:43:06.655, 0, 104.07, 57, 15, 150.00, 1560, 150.00, 0x0000000000000004
2026/10/02 15:43:06.856, 0, 113.93, 57, 40, 150.00, 1365, 150.00, 0x0000000000000004
2026/10/02 15:43:07.057, 0, 93.53, 55, 0, 150.00, 1680, 150.00, 0x0000000000000004
2026/10/02 15:43:07.257, 0, 94.05, 55, 0, 150.00, 1695, 150.00, 0x0000000000000000
2026/10/02 15:43:07.458, 0, 93.99, 54, 60, 150.00, 645, 150.00, 0x0000000000000004
2026/10/02 15:43:07.658, 0, 78.79, 55, 0, 150.00, 1680, 150.00, 0x0000000000000004
2026/10/02 15:43:07.859, 0, 94.96, 56, 62, 150.00, 840, 150.00, 0x0000000000000004
2026/10/02 15:43:08.059, 0, 98.48, 55, 0, 150.00, 1680, 150.00, 0x0000000000000004
2026/10/02 15:43:08.260, 0, 98.40, 55, 0, 150.00, 1680, 150.00, 0x0000000000000004
2026/10/02 15:43:08.461, 0, 95.31, 54, 0, 150.00, 1695, 150.00, 0x0000000000000000
2026/10/02 15:43:08.661, 0, 105.42, 56, 48, 150.00, 1485, 150.00, 0x0000000000000004
2026/10/02 15:43:08.862, 0, 100.95, 55, 27, 150.00, 1095, 150.00, 0x0000000000000004
2026/10/02 15:43:09.062, 0, 89.70, 55, 62, 150.00, 1170, 150.00, 0x0000000000000004
2026/10/02 15:43:09.263, 0, 101.71, 57, 46, 150.00, 1500, 150.00, 0x0000000000000004
2026/10/02 15:43:09.464, 0, 116.87, 55, 19, 150.00, 1350, 150.00, 0x0000000000000004
2026/10/02 15:43:09.664, 0, 100.82, 55, 60, 150.00, 1260, 150.00, 0x0000000000000004
2026/10/02 15:43:09.865, 0, 101.93, 55, 0, 150.00, 1680, 150.00, 0x0000000000000004
2026/10/02 15:43:10.065, 0, 86.76, 55, 0, 150.00, 1695, 150.00, 0x0000000000000000
2026/10/02 15:43:10.266, 0, 74.74, 55, 0, 150.00, 1695, 150.00, 0x0000000000000000
2026/10/02 15:43:10.466, 0, 75.88, 54, 0, 150.00, 1695, 150.00, 0x0000000000000000
2026/10/02 15:43:10.667, 0, 62.82, 54, 59, 150.00, 1260, 150.00, 0x0000000000000004
2026/10/02 15:43:10.868, 0, 62.85, 55, 0, 150.00, 1680, 150.00, 0x0000000000000004
2026/10/02 15:43:11.068, 0, 62.87, 54, 0, 150.00, 1695, 150.00, 0x0000000000000000
2026/10/02 15:43:11.269, 0, 61.45, 55, 0, 150.00, 1680, 150.00, 0x0000000000000004
2026/10/02 15:43:11.469, 0, 61.75, 55, 0, 150.00, 1665, 150.00, 0x0000000000000004
2026/10/02 15:43:11.670, 0, 60.83, 55, 0, 150.00, 1680, 150.00, 0x0000000000000004
2026/10/02 15:43:11.870, 0, 61.51, 55, 0, 150.00, 1680, 150.00, 0x0000000000000004
2026/10/02 15:43:12.071, 0, 61.57, 54, 0, 150.00, 1695, 150.00, 0x0000000000000000
2026/10/02 15:43:12.271, 0, 62.62, 54, 0, 150.00, 1695, 150.00, 0x0000000000000000
2026/10/02 15:43:12.472, 0, 70.26, 54, 61, 150.00, 675, 150.00, 0x0000000000000004
2026/10/02 15:43:12.672, 0, 70.91, 55, 0, 150.00, 1680, 150.00, 0x0000000000000004
2026/10/02 15:43:12.873, 0, 74.16, 54, 59, 150.00, 900, 150.00, 0x0000000000000004
2026/10/02 15:43:13.073, 0, 73.81, 55, 0, 150.00, 1680, 150.00, 0x0000000000000004
2026/10/02 15:43:13.274, 0, 84.82, 56, 2, 150.00, 1650, 150.00, 0x0000000000000004
2026/10/02 15:43:13.475, 0, 89.15, 56, 0, 150.00, 1650, 150.00, 0x0000000000000004
2026/10/02 15:43:13.675, 0, 82.25, 56, 0, 150.00, 1680, 150.00, 0x0000000000000004
2026/10/02 15:43:13.876, 0, 87.70, 56, 2, 150.00, 1650, 150.00, 0x0000000000000004
2026/10/02 15:43:14.076, 0, 103.18, 55, 42, 150.00, 660, 150.00, 0x0000000000000004
2026/10/02 15:43:14.277, 0, 99.86, 57, 14, 150.00, 1620, 150.00, 0x0000000000000004
2026/10/02 15:43:14.477, 0, 102.63, 55, 57, 150.00, 660, 150.00, 0x0000000000000004
2026/10/02 15:43:14.678, 0, 118.45, 55, 41, 150.00, 645, 150.00, 0x0000000000000004
2026/10/02 15:43:14.878, 0, 110.47, 55, 0, 150.00, 1680, 150.00, 0x0000000000000004
2026/10/02 15:43:15.079, 0, 110.82, 55, 0, 150.00, 1680, 150.00, 0x0000000000000004
2026/10/02 15:43:15.280, 0, 88.03, 55, 60, 150.00, 900, 150.00, 0x0000000000000004
2026/10/02 15:43:15.480, 0, 88.27, 55, 0, 150.00, 1680, 150.00, 0x0000000000000004
2026/10/02 15:43:15.681, 0, 93.05, 56, 16, 150.00, 1620, 150.00, 0x0000000000000004
2026/10/02 15:43:15.881, 0, 96.30, 57, 37, 150.00, 1560, 150.00, 0x0000000000000004
2026/10/02 15:43:16.082, 0, 108.38, 57, 87, 150.00, 1050, 150.00, 0x0000000000000004
2026/10/02 15:43:16.282, 0, 104.08, 55, 0, 150.00, 1680, 150.00, 0x0000000000000004
2026/10/02 15:43:16.483, 0, 106.06, 55, 0, 150.00, 1695, 150.00, 0x0000000000000004
2026/10/02 15:43:16.683, 0, 88.42, 55, 0, 150.00, 1695, 150.00, 0x0000000000000000
2026/10/02 15:43:16.884, 0, 73.53, 55, 0, 150.00, 1695, 150.00, 0x0000000000000000
2026/10/02 15:43:17.085, 0, 80.16, 56, 37, 150.00, 1560, 150.00, 0x0000000000000004
2026/10/02 15:43:17.285, 0, 78.39, 55, 0, 150.00, 1680, 150.00, 0x0000000000000004
2026/10/02 15:43:17.486, 0, 78.41, 55, 0, 150.00, 1695, 150.00, 0x0000000000000000
2026/10/02 15:43:17.686, 0, 96.04, 56, 20, 150.00, 1605, 150.00, 0x0000000000000004
2026/10/02 15:43:17.887, 0, 95.92, 55, 0, 150.00, 1680, 150.00, 0x0000000000000004
2026/10/02 15:43:18.088, 0, 78.38, 56, 0, 150.00, 1665, 150.00, 0x0000000000000004
2026/10/02 15:43:18.288, 0, 79.30, 55, 0, 150.00, 1680, 150.00, 0x0000000000000004
2026/10/02 15:43:18.489, 0, 79.32, 55, 0, 150.00, 1695, 150.00, 0x0000000000000000
2026/10/02 15:43:18.689, 0, 63.84, 54, 0, 150.00, 1695, 150.00, 0x0000000000000000
2026/10/02 15:43:18.890, 0, 72.38, 56, 73, 150.00, 1275, 150.00, 0x0000000000000004
2026/10/02 15:43:19.090, 0, 70.03, 55, 0, 150.00, 1680, 150.00, 0x0000000000000004
2026/10/02 15:43:19.291, 0, 69.84, 55, 0, 150.00, 1680, 150.00, 0x0000000000000004
2026/10/02 15:43:19.491, 0, 69.80, 55, 0, 150.00, 1680, 150.00, 0x0000000000000004
2026/10/02 15:43:19.692, 0, 69.30, 54, 0, 150.00, 1695, 150.00, 0x0000000000000000
2026/10/02 15:43:19.892, 0, 76.79, 56, 19, 150.00, 1620, 150.00, 0x0000000000000004
2026/10/02 15:43:20.093, 0, 94.70, 56, 18, 150.00, 1620, 150.00, 0x0000000000000004
2026/10/02 15:43:20.293, 0, 102.38, 55, 9, 150.00, 1680, 150.00, 0x0000000000000004
2026/10/02 15:43:20.494, 0, 101.41, 55, 0, 150.00, 1680, 150.00, 0x0000000000000004
2026/10/02 15:43:20.695, 0, 120.37, 55, 19, 150.00, 1335, 150.00, 0x0000000000000004
2026/10/02 15:43:20.895, 0, 107.09, 57, 25, 150.00, 1605, 150.00, 0x0000000000000004
2026/10/02 15:43:21.096, 0, 119.43, 57, 60, 150.00, 690, 150.00, 0x0000000000000004
2026/10/02 15:43:21.296, 0, 114.27, 56, 0, 150.00, 1680, 150.00, 0x0000000000000004
2026/10/02 15:43:21.497, 0, 115.45, 56, 0, 150.00, 1665, 150.00, 0x0000000000000004
2026/10/02 15:43:21.697, 0, 110.77, 55, 0, 150.00, 1680, 150.00, 0x0000000000000004
2026/10/02 15:43:21.898, 0, 89.07, 55, 0, 150.00, 1695, 150.00, 0x0000000000000000
2026/10/02 15:43:22.099, 0, 89.30, 55, 40, 150.00, 735, 150.00, 0x0000000000000004
2026/10/02 15:43:22.299, 0, 77.81, 55, 0, 150.00, 1680, 150.00, 0x0000000000000004
2026/10/02 15:43:22.500, 0, 77.73, 55, 0, 150.00, 1680, 150.00, 0x0000000000000004
2026/10/02 15:43:22.700, 0, 89.25, 56, 2, 150.00, 1650, 150.00, 0x0000000000000004
2026/10/02 15:43:22.901, 0, 89.16, 55, 0, 150.00, 1680, 150.00, 0x0000000000000004
2026/10/02 15:43:23.102, 0, 76.93, 56, 69, 150.00, 1095, 150.00, 0x0000000000000004
2026/10/02 15:43:23.302, 0, 78.07, 56, 0, 150.00, 1665, 150.00, 0x0000000000000004
2026/10/02 15:43:23.503, 0, 76.79, 55, 0, 150.00, 1680, 150.00, 0x0000000000000004
2026/10/02 15:43:23.703, 0, 71.00, 56, 61, 150.00, 735, 150.00, 0x0000000000000004
2026/10/02 15:43:23.904, 0, 92.42, 57, 12, 150.00, 1650, 150.00, 0x0000000000000004
2026/10/02 15:43:24.104, 0, 95.48, 58, 49, 150.00, 1500, 150.00, 0x0000000000000004
2026/10/02 15:43:24.305, 0, 94.19, 56, 0, 150.00, 1680, 150.00, 0x0000000000000004
2026/10/02 15:43:24.505, 0, 94.43, 55, 0, 150.00, 1695, 150.00, 0x0000000000000000
2026/10/02 15:43:24.706, 0, 109.95, 55, 22, 150.00, 1185, 150.00, 0x0000000000000000
2026/10/02 15:43:24.907, 0, 97.18, 55, 0, 150.00, 1680, 150.00, 0x0000000000000004
2026/10/02 15:43:25.107, 0, 85.35, 55, 59, 150.00, 675, 150.00, 0x0000000000000004
2026/10/02 15:43:25.308, 0, 107.28, 56, 26, 150.00, 1080, 150.00, 0x0000000000000004
2026/10/02 15:43:25.508, 0, 106.22, 56, 0, 150.00, 1680, 150.00, 0x0000000000000004
2026/10/02 15:43:25.709, 0, 102.34, 55, 0, 150.00, 1680, 150.00, 0x0000000000000004
2026/10/02 15:43:25.910, 0, 88.30, 55, 0, 150.00, 1695, 150.00, 0x0000000000000000
2026/10/02 15:43:26.110, 0, 88.48, 55, 0, 150.00, 1695, 150.00, 0x0000000000000000
2026/10/02 15:43:26.311, 0, 86.89, 55, 60, 150.00, 660, 150.00, 0x0000000000000004
2026/10/02 15:43:26.512, 0, 86.27, 57, 21, 150.00, 1605, 150.00, 0x0000000000000004
2026/10/02 15:43:26.712, 0, 98.38, 55, 57, 150.00, 675, 150.00, 0x0000000000000004
2026/10/02 15:43:26.913, 0, 97.78, 55, 0, 150.00, 1680, 150.00, 0x0000000000000004
2026/10/02 15:43:27.113, 0, 117.88, 56, 61, 150.00, 735, 150.00, 0x0000000000000004
2026/10/02 15:43:27.314, 0, 112.55, 56, 0, 150.00, 1680, 150.00, 0x0000000000000004
2026/10/02 15:43:27.515, 0, 105.24, 57, 100, 150.00, 810, 150.00, 0x0000000000000004
2026/10/02 15:43:27.715, 0, 107.08, 56, 59, 150.00, 915, 150.00, 0x0000000000000004
2026/10/02 15:43:27.916, 0, 117.82, 56, 21, 150.00, 1260, 150.00, 0x0000000000000004
2026/10/02 15:43:28.117, 0, 110.29, 57, 23, 150.00, 1620, 150.00, 0x0000000000000004
2026/10/02 15:43:28.317, 0, 106.96, 57, 0, 150.00, 1665, 150.00, 0x0000000000000004
2026/10/02 15:43:28.518, 0, 107.55, 57, 45, 150.00, 1500, 150.00, 0x0000000000000004
2026/10/02 15:43:28.718, 0, 106.87, 57, 54, 150.00, 1440, 150.00, 0x0000000000000004
2026/10/02 15:43:28.919, 0, 93.75, 56, 63, 150.00, 1035, 150.00, 0x0000000000000004
2026/10/02 15:43:29.119, 0, 90.06, 56, 94, 150.00, 780, 150.00, 0x0000000000000004
2026/10/02 15:43:29.320, 0, 102.00, 56, 16, 150.00, 1410, 150.00, 0x0000000000000004
2026/10/02 15:43:29.521, 0, 101.34, 56, 43, 150.00, 645, 150.00, 0x0000000000000004
2026/10/02 15:43:29.721, 0, 94.11, 56, 0, 150.00, 1680, 150.00, 0x0000000000000004
2026/10/02 15:43:29.921, 0, 95.35, 56, 0, 150.00, 1680, 150.00, 0x0000000000000004
2026/10/02 15:43:30.122, 0, 105.34, 57, 6, 150.00, 1635, 150.00, 0x0000000000000004
2026/10/02 15:43:30.323, 0, 108.37, 56, 50, 150.00, 1470, 150.00, 0x0000000000000004
2026/10/02 15:43:30.523, 0, 119.99, 57, 100, 150.00, 825, 150.00, 0x0000000000000004
2026/10/02 15:43:30.724, 0, 129.57, 58, 100, 150.00, 810, 150.00, 0x0000000000000004
2026/10/02 15:43:30.924, 0, 147.17, 58, 100, 150.00, 795, 150.00, 0x0000000000000004
2026/10/02 15:43:31.125, 0, 144.90, 59, 100, 150.00, 840, 150.00, 0x0000000000000004
2026/10/02 15:43:31.325, 0, 160.42, 59, 100, 150.00, 840, 150.00, 0x0000000000000004
2026/10/02 15:43:31.526, 0, 135.87, 57, 61, 150.00, 1050, 150.00, 0x0000000000000004
2026/10/02 15:43:31.727, 0, 131.00, 59, 13, 150.00, 1635, 150.00, 0x0000000000000004
2026/10/02 15:43:31.927, 0, 129.97, 57, 50, 150.00, 660, 150.00, 0x0000000000000004
2026/10/02 15:43:32.128, 0, 124.93, 58, 82, 150.00, 795, 150.00, 0x0000000000000004
2026/10/02 15:43:32.328, 0, 125.19, 59, 100, 150.00, 825, 150.00, 0x0000000000000004
2026/10/02 15:43:32.529, 0, 118.00, 57, 0, 150.00, 1680, 150.00, 0x0000000000000004
2026/10/02 15:43:32.729, 0, 119.72, 57, 39, 150.00, 855, 150.00, 0x0000000000000004
2026/10/02 15:43:32.930, 0, 116.62, 57, 87, 150.00, 780, 150.00, 0x0000000000000004
2026/10/02 15:43:33.131, 0, 125.78, 59, 100, 150.00, 810, 150.00, 0x0000000000000004
2026/10/02 15:43:33.331, 0, 115.92, 59, 4, 150.00, 1665, 150.00, 0x0000000000000004
2026/10/02 15:43:33.532, 0, 119.06, 58, 60, 150.00, 810, 150.00, 0x0000000000000004
2026/10/02 15:43:33.732, 0, 137.12, 59, 100, 150.00, 855, 150.00, 0x0000000000000004
2026/10/02 15:43:33.932, 0, 139.18, 57, 32, 150.00, 1020, 150.00, 0x0000000000000004
2026/10/02 15:43:34.133, 0, 130.88, 59, 87, 150.00, 1035, 150.00, 0x0000000000000004
2026/10/02 15:43:34.334, 0, 121.22, 57, 0, 150.00, 1680, 150.00, 0x0000000000000004
2026/10/02 15:43:34.534, 0, 132.76, 57, 35, 150.00, 810, 150.00, 0x0000000000000004
2026/10/02 15:43:34.735, 0, 113.40, 57, 0, 150.00, 1680, 150.00, 0x0000000000000004
2026/10/02 15:43:34.935, 0, 137.02, 58, 58, 150.00, 810, 150.00, 0x0000000000000004
2026/10/02 15:43:35.136, 0, 122.84, 59, 87, 150.00, 1035, 150.00, 0x0000000000000004
2026/10/02 15:43:35.336, 0, 143.98, 58, 16, 150.00, 1425, 150.00, 0x0000000000000004
2026/10/02 15:43:35.537, 0, 153.08, 59, 82, 150.00, 780, 150.00, 0x0000000000000004
2026/10/02 15:43:35.738, 0, 155.35, 59, 26, 150.00, 1080, 150.00, 0x0000000000000004
2026/10/02 15:43:35.938, 0, 146.65, 59, 17, 150.00, 1635, 150.00, 0x0000000000000004
2026/10/02 15:43:36.139, 0, 124.00, 57, 0, 150.00, 1680, 150.00, 0x0000000000000004
2026/10/02 15:43:36.339, 0, 119.42, 57, 0, 150.00, 1695, 150.00, 0x0000000000000000
2026/10/02 15:43:36.540, 0, 107.51, 57, 59, 150.00, 675, 150.00, 0x0000000000000004
2026/10/02 15:43:36.741, 0, 111.16, 58, 39, 150.00, 705, 150.00, 0x0000000000000004
2026/10/02 15:43:36.941, 0, 87.56, 58, 0, 150.00, 1680, 150.00, 0x0000000000000004
2026/10/02 15:43:37.142, 0, 112.43, 59, 71, 150.00, 1005, 150.00, 0x0000000000000004
2026/10/02 15:43:37.342, 0, 131.57, 59, 100, 150.00, 810, 150.00, 0x0000000000000004
2026/10/02 15:43:37.543, 0, 126.48, 59, 63, 150.00, 1110, 150.00, 0x0000000000000004
2026/10/02 15:43:37.743, 0, 127.97, 60, 14, 150.00, 1620, 150.00, 0x0000000000000004
2026/10/02 15:43:37.944, 0, 136.75, 58, 25, 150.00, 1125, 150.00, 0x0000000000000004
2026/10/02 15:43:38.145, 0, 122.37, 58, 0, 150.00, 1680, 150.00, 0x0000000000000004
2026/10/02 15:43:38.345, 0, 99.49, 58, 60, 150.00, 1380, 150.00, 0x0000000000000004
2026/10/02 15:43:38.546, 0, 90.08, 58, 60, 150.00, 1290, 150.00, 0x0000000000000004
2026/10/02 15:43:38.746, 0, 91.73, 58, 100, 150.00, 825, 150.00, 0x0000000000000004
2026/10/02 15:43:38.947, 0, 105.15, 59, 100, 150.00, 840, 150.00, 0x0000000000000004
2026/10/02 15:43:39.147, 0, 110.14, 60, 100, 150.00, 810, 150.00, 0x0000000000000004
2026/10/02 15:43:39.348, 0, 121.00, 60, 100, 150.00, 810, 150.00, 0x0000000000000004
2026/10/02 15:43:39.548, 0, 136.10, 60, 100, 150.00, 765, 150.00, 0x0000000000000004
2026/10/02 15:43:39.749, 0, 148.72, 60, 100, 150.00, 780, 150.00, 0x0000000000000004
2026/10/02 15:43:39.949, 0, 144.19, 59, 49, 150.00, 585, 150.00, 0x0000000000000004
2026/10/02 15:43:40.150, 0, 148.17, 60, 94, 150.00, 825, 150.00, 0x0000000000000004
2026/10/02 15:43:40.350, 0, 138.68, 60, 100, 150.00, 810, 150.00, 0x0000000000000004
2026/10/02 15:43:40.551, 0, 146.63, 60, 81, 150.00, 765, 150.00, 0x0000000000000004
2026/10/02 15:43:40.751, 0, 140.00, 59, 89, 150.00, 780, 150.00, 0x0000000000000004
2026/10/02 15:43:40.952, 0, 148.71, 60, 100, 150.00, 810, 150.00, 0x0000000000000004
2026/10/02 15:43:41.153, 0, 141.65, 61, 100, 150.00, 810, 150.00, 0x0000000000000004
2026/10/02 15:43:41.353, 0, 149.54, 61, 100, 150.00, 810, 150.00, 0x0000000000000004
2026/10/02 15:43:41.554, 0, 138.97, 61, 100, 150.00, 630, 150.00, 0x0000000000000004
2026/10/02 15:43:41.754, 0, 147.92, 61, 100, 150.00, 795, 150.00, 0x0000000000000004
2026/10/02 15:43:41.955, 0, 151.48, 61, 100, 150.00, 1110, 150.00, 0x0000000000000004
2026/10/02 15:43:42.155, 0, 142.26, 60, 73, 150.00, 795, 150.00, 0x0000000000000004
2026/10/02 15:43:42.356, 0, 139.78, 61, 79, 150.00, 1560, 150.00, 0x0000000000000004
2026/10/02 15:43:42.556, 0, 145.99, 61, 52, 150.00, 885, 150.00, 0x0000000000000004
2026/10/02 15:43:42.757, 0, 130.16, 60, 68, 150.00, 1680, 150.00, 0x0000000000000004
2026/10/02 15:43:42.958, 0, 127.33, 61, 71, 150.00, 810, 150.00, 0x0000000000000004
2026/10/02 15:43:43.158, 0, 125.32, 60, 51, 150.00, 660, 150.00, 0x0000000000000004
2026/10/02 15:43:43.359, 0, 117.19, 61, 51, 150.00, 1635, 150.00, 0x0000000000000004
2026/10/02 15:43:43.560, 0, 122.80, 61, 54, 150.00, 825, 150.00, 0x0000000000000004
2026/10/02 15:43:43.760, 0, 134.32, 61, 100, 150.00, 825, 150.00, 0x0000000000000004
2026/10/02 15:43:43.961, 0, 133.68, 61, 100, 150.00, 1110, 150.00, 0x0000000000000004
2026/10/02 15:43:44.162, 0, 129.59, 60, 64, 150.00, 1665, 150.00, 0x0000000000000004
2026/10/02 15:43:44.362, 0, 122.82, 61, 77, 150.00, 810, 150.00, 0x0000000000000004
2026/10/02 15:43:44.563, 0, 112.14, 60, 40, 150.00, 1680, 150.00, 0x0000000000000004
2026/10/02 15:43:44.763, 0, 111.15, 59, 0, 150.00, 1125, 150.00, 0x0000000000000004
2026/10/02 15:43:44.964, 0, 109.12, 61, 98, 150.00, 840, 150.00, 0x0000000000000004
2026/10/02 15:43:45.165, 0, 125.47, 61, 54, 150.00, 975, 150.00, 0x0000000000000004
2026/10/02 15:43:45.366, 0, 114.03, 59, 0, 150.00, 1680, 150.00, 0x0000000000000004
2026/10/02 15:43:45.566, 0, 127.57, 60, 6, 150.00, 825, 150.00, 0x0000000000000004
2026/10/02 15:43:45.767, 0, 118.82, 61, 100, 150.00, 1620, 150.00, 0x0000000000000004
2026/10/02 15:43:45.967, 0, 119.20, 61, 68, 150.00, 1005, 150.00, 0x0000000000000004
2026/10/02 15:43:46.168, 0, 120.76, 60, 61, 150.00, 660, 150.00, 0x0000000000000004
2026/10/02 15:43:46.369, 0, 115.35, 60, 20, 150.00, 1680, 150.00, 0x0000000000000004
2026/10/02 15:43:46.569, 0, 114.26, 61, 99, 150.00, 1530, 150.00, 0x0000000000000004
2026/10/02 15:43:46.770, 0, 128.31, 61, 24, 150.00, 825, 150.00, 0x0000000000000004
2026/10/02 15:43:46.970, 0, 131.18, 61, 100, 150.00, 840, 150.00, 0x0000000000000004
2026/10/02 15:43:47.171, 0, 132.42, 62, 100, 150.00, 1575, 150.00, 0x0000000000000004
2026/10/02 15:43:47.372, 0, 134.98, 61, 49, 150.00, 1635, 150.00, 0x0000000000000004
2026/10/02 15:43:47.572, 0, 130.51, 59, 0, 150.00, 1680, 150.00, 0x0000000000000004
2026/10/02 15:43:47.773, 0, 122.15, 61, 54, 150.00, 1065, 150.00, 0x0000000000000004
2026/10/02 15:43:47.974, 0, 125.47, 61, 69, 150.00, 810, 150.00, 0x0000000000000004
2026/10/02 15:43:48.174, 0, 120.32, 62, 90, 150.00, 1620, 150.00, 0x0000000000000004
2026/10/02 15:43:48.375, 0, 110.35, 60, 63, 150.00, 1665, 150.00, 0x0000000000000004
2026/10/02 15:43:48.575, 0, 138.28, 61, 34, 150.00, 750, 150.00, 0x0000000000000004
2026/10/02 15:43:48.776, 0, 148.70, 61, 100, 150.00, 810, 150.00, 0x0000000000000004
2026/10/02 15:43:48.976, 0, 130.33, 61, 67, 150.00, 1200, 150.00, 0x0000000000000004
2026/10/02 15:43:49.177, 0, 118.17, 61, 63, 150.00, 1365, 150.00, 0x0000000000000004
2026/10/02 15:43:49.377, 0, 129.51, 62, 66, 150.00, 705, 150.00, 0x0000000000000004
2026/10/02 15:43:49.578, 0, 119.92, 62, 100, 150.00, 825, 150.00, 0x0000000000000004
2026/10/02 15:43:49.779, 0, 122.93, 62, 100, 150.00, 810, 150.00, 0x0000000000000004
2026/10/02 15:43:49.979, 0, 123.29, 61, 100, 150.00, 1665, 150.00, 0x0000000000000004
2026/10/02 15:43:50.180, 0, 121.80, 60, 0, 150.00, 1680, 150.00, 0x0000000000000004
2026/10/02 15:43:50.380, 0, 132.41, 61, 0, 150.00, 645, 150.00, 0x0000000000000004
2026/10/02 15:43:50.581, 0, 115.86, 60, 85, 150.00, 1665, 150.00, 0x0000000000000004
2026/10/02 15:43:50.781, 0, 109.43, 61, 0, 150.00, 690, 150.00, 0x0000000000000004
2026/10/02 15:43:50.982, 0, 112.43, 61, 13, 150.00, 690, 150.00, 0x0000000000000004
2026/10/02 15:43:51.182, 0, 133.07, 61, 100, 150.00, 1065, 150.00, 0x0000000000000004
2026/10/02 15:43:51.383, 0, 118.71, 60, 58, 150.00, 1680, 150.00, 0x0000000000000004
2026/10/02 15:43:51.584, 0, 112.03, 60, 0, 150.00, 1095, 150.00, 0x0000000000000004
2026/10/02 15:43:51.784, 0, 122.43, 61, 59, 150.00, 1005, 150.00, 0x0000000000000004
2026/10/02 15:43:51.985, 0, 122.17, 62, 100, 150.00, 735, 150.00, 0x0000000000000004
2026/10/02 15:43:52.185, 0, 122.24, 62, 36, 150.00, 825, 150.00, 0x0000000000000004
2026/10/02 15:43:52.386, 0, 133.87, 62, 100, 150.00, 810, 150.00, 0x0000000000000004
2026/10/02 15:43:52.587, 0, 141.93, 61, 100, 150.00, 1560, 150.00, 0x0000000000000004
2026/10/02 15:43:52.787, 0, 158.23, 62, 21, 150.00, 810, 150.00, 0x0000000000000004
2026/10/02 15:43:52.988, 0, 142.76, 62, 23, 150.00, 885, 150.00, 0x0000000000000004
2026/10/02 15:43:53.189, 0, 120.55, 61, 63, 150.00, 1380, 150.00, 0x0000000000000004
2026/10/02 15:43:53.389, 0, 110.11, 62, 0, 150.00, 825, 150.00, 0x0000000000000004
2026/10/02 15:43:53.590, 0, 126.30, 62, 73, 150.00, 795, 150.00, 0x0000000000000004
2026/10/02 15:43:53.791, 0, 118.89, 62, 100, 150.00, 780, 150.00, 0x0000000000000004
2026/10/02 15:43:53.991, 0, 116.77, 61, 83, 150.00, 1680, 150.00, 0x0000000000000004
2026/10/02 15:43:54.192, 0, 120.16, 62, 0, 150.00, 780, 150.00, 0x0000000000000004
2026/10/02 15:43:54.392, 0, 125.28, 61, 100, 150.00, 1590, 150.00, 0x0000000000000004
2026/10/02 15:43:54.593, 0, 115.36, 61, 11, 150.00, 1575, 150.00, 0x0000000000000004
2026/10/02 15:43:54.793, 0, 98.74, 60, 0, 150.00, 1680, 150.00, 0x0000000000000004
2026/10/02 15:43:54.994, 0, 112.29, 61, 40, 150.00, 1140, 150.00, 0x0000000000000004
2026/10/02 15:43:55.194, 0, 135.00, 62, 37, 150.00, 810, 150.00, 0x0000000000000004
2026/10/02 15:43:55.395, 0, 134.22, 61, 100, 150.00, 1515, 150.00, 0x0000000000000004
2026/10/02 15:43:55.596, 0, 139.89, 61, 31, 150.00, 1635, 150.00, 0x0000000000000004
2026/10/02 15:43:55.796, 0, 138.84, 61, 0, 150.00, 1485, 150.00, 0x0000000000000004
2026/10/02 15:43:55.997, 0, 127.21, 60, 54, 150.00, 1665, 150.00, 0x0000000000000004
2026/10/02 15:43:56.197, 0, 103.99, 61, 0, 150.00, 1470, 150.00, 0x0000000000000004
2026/10/02 15:43:56.398, 0, 87.79, 61, 0, 150.00, 1440, 150.00, 0x0000000000000004
2026/10/02 15:43:56.598, 0, 82.48, 61, 11, 150.00, 1590, 150.00, 0x0000000000000004
2026/10/02 15:43:56.798, 0, 97.65, 62, 0, 150.00, 705, 150.00, 0x0000000000000004
2026/10/02 15:43:56.999, 0, 104.45, 62, 100, 150.00, 810, 150.00, 0x0000000000000004
2026/10/02 15:43:57.200, 0, 120.50, 62, 100, 150.00, 810, 150.00, 0x0000000000000004
2026/10/02 15:43:57.400, 0, 129.82, 62, 100, 150.00, 1410, 150.00, 0x0000000000000004
2026/10/02 15:43:57.601, 0, 132.98, 61, 20, 150.00, 1605, 150.00, 0x0000000000000004
2026/10/02 15:43:57.801, 0, 134.24, 60, 0, 150.00, 1680, 150.00, 0x0000000000000004
2026/10/02 15:43:58.002, 0, 112.36, 60, 0, 150.00, 1695, 150.00, 0x0000000000000000
2026/10/02 15:43:58.203, 0, 96.81, 60, 0, 150.00, 1695, 150.00, 0x0000000000000000
2026/10/02 15:43:58.403, 0, 90.33, 61, 0, 150.00, 720, 150.00, 0x0000000000000004
2026/10/02 15:43:58.604, 0, 91.53, 62, 100, 150.00, 810, 150.00, 0x0000000000000004
2026/10/02 15:43:58.804, 0, 98.55, 61, 53, 150.00, 1560, 150.00, 0x0000000000000004
2026/10/02 15:43:59.005, 0, 99.21, 61, 60, 150.00, 1680, 150.00, 0x0000000000000004
2026/10/02 15:43:59.206, 0, 110.07, 61, 60, 150.00, 1350, 150.00, 0x0000000000000004
2026/10/02 15:43:59.406, 0, 118.79, 62, 0, 150.00, 675, 150.00, 0x0000000000000004
2026/10/02 15:43:59.607, 0, 100.77, 60, 19, 150.00, 1680, 150.00, 0x0000000000000004
2026/10/02 15:43:59.807, 0, 100.24, 61, 0, 150.00, 945, 150.00, 0x0000000000000004
2026/10/02 15:44:00.008, 0, 113.29, 61, 87, 150.00, 1635, 150.00, 0x0000000000000004
2026/10/02 15:44:00.208, 0, 100.73, 60, 0, 150.00, 1680, 150.00, 0x0000000000000004
2026/10/02 15:44:00.409, 0, 102.87, 62, 67, 150.00, 810, 150.00, 0x0000000000000004
2026/10/02 15:44:00.610, 0, 99.23, 60, 51, 150.00, 1680, 150.00, 0x0000000000000004
2026/10/02 15:44:00.810, 0, 99.62, 61, 0, 150.00, 1020, 150.00, 0x0000000000000004
2026/10/02 15:44:01.011, 0, 94.10, 61, 10, 150.00, 1485, 150.00, 0x0000000000000004
2026/10/02 15:44:01.211, 0, 96.85, 60, 61, 150.00, 1680, 150.00, 0x0000000000000004
2026/10/02 15:44:01.412, 0, 91.60, 60, 61, 150.00, 1665, 150.00, 0x0000000000000004
2026/10/02 15:44:01.613, 0, 97.00, 61, 0, 150.00, 825, 150.00, 0x0000000000000004
2026/10/02 15:44:01.813, 0, 88.64, 60, 84, 150.00, 1455, 150.00, 0x0000000000000004
2026/10/02 15:44:02.014, 0, 97.73, 62, 96, 150.00, 795, 150.00, 0x0000000000000004
2026/10/02 15:44:02.214, 0, 109.22, 62, 97, 150.00, 1350, 150.00, 0x0000000000000004
2026/10/02 15:44:02.415, 0, 125.87, 62, 12, 150.00, 810, 150.00, 0x0000000000000004
2026/10/02 15:44:02.615, 0, 119.76, 61, 35, 150.00, 1665, 150.00, 0x0000000000000004
2026/10/02 15:44:02.816, 0, 121.45, 62, 75, 150.00, 825, 150.00, 0x0000000000000004
2026/10/02 15:44:03.017, 0, 113.94, 61, 41, 150.00, 1680, 150.00, 0x0000000000000004
2026/10/02 15:44:03.217, 0, 97.93, 60, 0, 150.00, 1680, 150.00, 0x0000000000000004
2026/10/02 15:44:03.418, 0, 104.31, 62, 51, 150.00, 825, 150.00, 0x0000000000000004
2026/10/02 15:44:03.618, 0, 100.14, 61, 71, 150.00, 1680, 150.00, 0x0000000000000004
2026/10/02 15:44:03.819, 0, 91.92, 60, 0, 150.00, 1680, 150.00, 0x0000000000000004
2026/10/02 15:44:04.020, 0, 85.31, 60, 0, 150.00, 1695, 150.00, 0x0000000000000000
2026/10/02 15:44:04.220, 0, 87.83, 61, 0, 150.00, 1350, 150.00, 0x0000000000000004
2026/10/02 15:44:04.421, 0, 81.46, 61, 7, 150.00, 1560, 150.00, 0x0000000000000004
2026/10/02 15:44:04.621, 0, 76.08, 61, 0, 150.00, 1275, 150.00, 0x0000000000000004
2026/10/02 15:44:04.822, 0, 90.24, 61, 42, 150.00, 1650, 150.00, 0x0000000000000004
2026/10/02 15:44:05.022, 0, 90.08, 60, 0, 150.00, 1680, 150.00, 0x0000000000000004
2026/10/02 15:44:05.223, 0, 97.18, 62, 0, 150.00, 810, 150.00, 0x0000000000000004
2026/10/02 15:44:05.424, 0, 99.80, 62, 57, 150.00, 870, 150.00, 0x0000000000000004
2026/10/02 15:44:05.624, 0, 107.35, 61, 57, 150.00, 1665, 150.00, 0x0000000000000004
2026/10/02 15:44:05.825, 0, 120.73, 62, 33, 150.00, 720, 150.00, 0x0000000000000004
2026/10/02 15:44:06.025, 0, 144.45, 62, 83, 150.00, 795, 150.00, 0x0000000000000004
2026/10/02 15:44:06.226, 0, 136.94, 61, 72, 150.00, 1680, 150.00, 0x0000000000000004
2026/10/02 15:44:06.426, 0, 133.63, 61, 0, 150.00, 1185, 150.00, 0x0000000000000004
2026/10/02 15:44:06.627, 0, 111.41, 60, 62, 150.00, 1680, 150.00, 0x0000000000000004
2026/10/02 15:44:06.827, 0, 98.21, 61, 63, 150.00, 1680, 150.00, 0x0000000000000004
2026/10/02 15:44:07.028, 0, 92.71, 62, 63, 150.00, 660, 150.00, 0x0000000000000004
2026/10/02 15:44:07.228, 0, 85.23, 61, 37, 150.00, 1425, 150.00, 0x0000000000000004
2026/10/02 15:44:07.429, 0, 98.15, 61, 28, 150.00, 1635, 150.00, 0x0000000000000004
2026/10/02 15:44:07.629, 0, 96.46, 60, 0, 150.00, 1680, 150.00, 0x0000000000000004
2026/10/02 15:44:07.830, 0, 112.08, 62, 50, 150.00, 870, 150.00, 0x0000000000000004
2026/10/02 15:44:08.031, 0, 107.45, 62, 76, 150.00, 1110, 150.00, 0x0000000000000004
2026/10/02 15:44:08.231, 0, 106.66, 61, 73, 150.00, 1500, 150.00, 0x0000000000000004
2026/10/02 15:44:08.432, 0, 102.71, 62, 0, 150.00, 810, 150.00, 0x0000000000000004
2026/10/02 15:44:08.632, 0, 112.68, 62, 96, 150.00, 1200, 150.00, 0x0000000000000004
2026/10/02 15:44:08.833, 0, 104.85, 63, 67, 150.00, 810, 150.00, 0x0000000000000004
2026/10/02 15:44:09.033, 0, 118.35, 63, 100, 150.00, 720, 150.00, 0x0000000000000004
2026/10/02 15:44:09.234, 0, 117.12, 62, 13, 150.00, 915, 150.00, 0x0000000000000004
2026/10/02 15:44:09.434, 0, 133.70, 63, 94, 150.00, 810, 150.00, 0x0000000000000004
2026/10/02 15:44:09.635, 0, 134.50, 63, 100, 150.00, 945, 150.00, 0x0000000000000004
2026/10/02 15:44:09.836, 0, 145.89, 63, 61, 150.00, 1245, 150.00, 0x0000000000000004
2026/10/02 15:44:10.036, 0, 147.38, 63, 68, 150.00, 690, 150.00, 0x0000000000000004
2026/10/02 15:44:10.237, 0, 163.60, 63, 52, 150.00, 735, 150.00, 0x0000000000000004
2026/10/02 15:44:10.437, 0, 146.44, 61, 25, 150.00, 1680, 150.00, 0x0000000000000004
2026/10/02 15:44:10.638, 0, 130.83, 61, 0, 150.00, 1680, 150.00, 0x0000000000000004
2026/10/02 15:44:10.838, 0, 117.42, 62, 6, 150.00, 1125, 150.00, 0x0000000000000004
2026/10/02 15:44:11.039, 0, 110.86, 61, 64, 150.00, 1680, 150.00, 0x0000000000000004
2026/10/02 15:44:11.240, 0, 96.10, 63, 68, 150.00, 780, 150.00, 0x0000000000000004
2026/10/02 15:44:11.440, 0, 101.99, 63, 100, 150.00, 795, 150.00, 0x0000000000000004
2026/10/02 15:44:11.641, 0, 122.51, 63, 100, 150.00, 795, 150.00, 0x0000000000000004
2026/10/02 15:44:11.841, 0, 127.33, 64, 100, 150.00, 810, 150.00, 0x0000000000000004
2026/10/02 15:44:12.042, 0, 149.09, 63, 100, 150.00, 870, 150.00, 0x0000000000000004
2026/10/02 15:44:12.242, 0, 142.49, 63, 11, 150.00, 990, 150.00, 0x0000000000000004
2026/10/02 15:44:12.443, 0, 145.12, 63, 24, 150.00, 1005, 150.00, 0x0000000000000004
2026/10/02 15:44:12.644, 0, 129.01, 62, 58, 150.00, 1680, 150.00, 0x0000000000000004
2026/10/02 15:44:12.844, 0, 126.65, 63, 63, 150.00, 675, 150.00, 0x0000000000000004
2026/10/02 15:44:13.045, 0, 125.12, 62, 100, 150.00, 1380, 150.00, 0x0000000000000004
2026/10/02 15:44:13.245, 0, 117.88, 61, 0, 150.00, 1680, 150.00, 0x0000000000000004
2026/10/02 15:44:13.446, 0, 119.35, 63, 25, 150.00, 840, 150.00, 0x0000000000000004
2026/10/02 15:44:13.646, 0, 130.04, 63, 89, 150.00, 780, 150.00, 0x0000000000000004
2026/10/02 15:44:13.847, 0, 144.98, 64, 100, 150.00, 810, 150.00, 0x0000000000000004
2026/10/02 15:44:14.048, 0, 145.08, 64, 100, 150.00, 690, 150.00, 0x0000000000000004
2026/10/02 15:44:14.248, 0, 149.74, 62, 36, 150.00, 1500, 150.00, 0x0000000000000004
2026/10/02 15:44:14.449, 0, 143.14, 63, 10, 150.00, 840, 150.00, 0x0000000000000004
2026/10/02 15:44:14.649, 0, 127.71, 62, 36, 150.00, 1680, 150.00, 0x0000000000000004
2026/10/02 15:44:14.850, 0, 112.40, 61, 0, 150.00, 1680, 150.00, 0x0000000000000004
2026/10/02 15:44:15.050, 0, 96.86, 61, 0, 150.00, 1695, 150.00, 0x0000000000000000
2026/10/02 15:44:15.251, 0, 83.10, 61, 0, 150.00, 1695, 150.00, 0x0000000000000000
2026/10/02 15:44:15.451, 0, 77.84, 62, 62, 150.00, 1665, 150.00, 0x0000000000000004
2026/10/02 15:44:15.652, 0, 78.18, 62, 89, 150.00, 1575, 150.00, 0x0000000000000004
2026/10/02 15:44:15.852, 0, 91.17, 62, 16, 150.00, 1605, 150.00, 0x0000000000000004
2026/10/02 15:44:16.053, 0, 103.18, 62, 14, 150.00, 1590, 150.00, 0x0000000000000004
2026/10/02 15:44:16.253, 0, 124.61, 63, 15, 150.00, 825, 150.00, 0x0000000000000004
2026/10/02 15:44:16.454, 0, 129.32, 63, 33, 150.00, 705, 150.00, 0x0000000000000004
2026/10/02 15:44:16.654, 0, 138.09, 63, 100, 150.00, 795, 150.00, 0x0000000000000004
2026/10/02 15:44:16.855, 0, 141.77, 64, 100, 150.00, 810, 150.00, 0x0000000000000004
2026/10/02 15:44:17.056, 0, 138.00, 63, 100, 150.00, 1650, 150.00, 0x0000000000000004
2026/10/02 15:44:17.256, 0, 126.24, 62, 61, 150.00, 1680, 150.00, 0x0000000000000004
2026/10/02 15:44:17.457, 0, 134.18, 62, 39, 150.00, 1650, 150.00, 0x0000000000000004
2026/10/02 15:44:17.657, 0, 125.05, 63, 62, 150.00, 780, 150.00, 0x0000000000000004
2026/10/02 15:44:17.858, 0, 109.45, 62, 78, 150.00, 1680, 150.00, 0x0000000000000004
2026/10/02 15:44:18.058, 0, 104.61, 63, 0, 150.00, 810, 150.00, 0x0000000000000004
2026/10/02 15:44:18.259, 0, 112.60, 62, 100, 150.00, 1620, 150.00, 0x0000000000000004
2026/10/02 15:44:18.460, 0, 93.55, 61, 0, 150.00, 1680, 150.00, 0x0000000000000004
2026/10/02 15:44:18.660, 0, 105.07, 63, 0, 150.00, 675, 150.00, 0x0000000000000000
2026/10/02 15:44:18.861, 0, 113.54, 64, 100, 150.00, 810, 150.00, 0x0000000000000004
2026/10/02 15:44:19.061, 0, 132.03, 64, 100, 150.00, 825, 150.00, 0x0000000000000004
2026/10/02 15:44:19.262, 0, 143.03, 64, 100, 150.00, 810, 150.00, 0x0000000000000004
2026/10/02 15:44:19.463, 0, 166.40, 64, 100, 150.00, 795, 150.00, 0x0000000000000004
2026/10/02 15:44:19.664, 0, 146.86, 63, 34, 150.00, 1635, 150.00, 0x0000000000000004
2026/10/02 15:44:19.864, 0, 151.42, 64, 100, 150.00, 795, 150.00, 0x0000000000000004
2026/10/02 15:44:20.065, 0, 139.14, 63, 58, 150.00, 1575, 150.00, 0x0000000000000004
2026/10/02 15:44:20.265, 0, 134.23, 62, 13, 150.00, 1650, 150.00, 0x0000000000000004
2026/10/02 15:44:20.466, 0, 116.78, 63, 63, 150.00, 1365, 150.00, 0x0000000000000004
2026/10/02 15:44:20.666, 0, 111.33, 64, 99, 150.00, 810, 150.00, 0x0000000000000004
2026/10/02 15:44:20.867, 0, 107.66, 63, 26, 150.00, 1650, 150.00, 0x0000000000000004
2026/10/02 15:44:21.068, 0, 91.74, 62, 0, 150.00, 1680, 150.00, 0x0000000000000004
2026/10/02 15:44:21.268, 0, 92.62, 62, 15, 150.00, 1650, 150.00, 0x0000000000000004
2026/10/02 15:44:21.469, 0, 103.30, 62, 8, 150.00, 1665, 150.00, 0x0000000000000004
2026/10/02 15:44:21.669, 0, 117.39, 63, 21, 150.00, 765, 150.00, 0x0000000000000004
2026/10/02 15:44:21.870, 0, 117.96, 64, 100, 150.00, 825, 150.00, 0x0000000000000004
2026/10/02 15:44:22.070, 0, 140.70, 64, 100, 150.00, 825, 150.00, 0x0000000000000004
2026/10/02 15:44:22.271, 0, 141.21, 64, 63, 150.00, 690, 150.00, 0x0000000000000004
2026/10/02 15:44:22.471, 0, 141.65, 63, 44, 150.00, 1590, 150.00, 0x0000000000000004
2026/10/02 15:44:22.672, 0, 146.32, 63, 58, 150.00, 1545, 150.00, 0x0000000000000004
2026/10/02 15:44:22.872, 0, 124.70, 62, 0, 150.00, 1680, 150.00, 0x0000000000000004
2026/10/02 15:44:23.073, 0, 116.44, 63, 72, 150.00, 765, 150.00, 0x0000000000000004
2026/10/02 15:44:23.273, 0, 117.10, 64, 100, 150.00, 825, 150.00, 0x0000000000000004
2026/10/02 15:44:23.474, 0, 109.84, 64, 100, 150.00, 810, 150.00, 0x0000000000000004
2026/10/02 15:44:23.675, 0, 104.68, 63, 0, 150.00, 1680, 150.00, 0x0000000000000004
2026/10/02 15:44:23.875, 0, 106.08, 62, 0, 150.00, 1680, 150.00, 0x0000000000000004
2026/10/02 15:44:24.076, 0, 128.93, 64, 100, 150.00, 795, 150.00, 0x0000000000000004
2026/10/02 15:44:24.276, 0, 133.21, 64, 41, 150.00, 705, 150.00, 0x0000000000000004
2026/10/02 15:44:24.477, 0, 138.50, 64, 42, 150.00, 660, 150.00, 0x0000000000000004
2026/10/02 15:44:24.678, 0, 140.19, 63, 8, 150.00, 1665, 150.00, 0x0000000000000004
2026/10/02 15:44:24.878, 0, 164.91, 63, 27, 150.00, 1635, 150.00, 0x0000000000000004
2026/10/02 15:44:25.079, 0, 140.90, 62, 0, 150.00, 1680, 150.00, 0x0000000000000004
2026/10/02 15:44:25.280, 0, 141.02, 63, 19, 150.00, 660, 150.00, 0x0000000000000000
2026/10/02 15:44:25.480, 0, 119.01, 62, 0, 150.00, 1680, 150.00, 0x0000000000000004
2026/10/02 15:44:25.681, 0, 105.44, 63, 58, 150.00, 975, 150.00, 0x0000000000000004
2026/10/02 15:44:25.881, 0, 104.57, 64, 34, 150.00, 630, 150.00, 0x0000000000000004
2026/10/02 15:44:26.082, 0, 121.08, 64, 100, 150.00, 795, 150.00, 0x0000000000000004
2026/10/02 15:44:26.283, 0, 136.63, 64, 100, 150.00, 810, 150.00, 0x0000000000000004
2026/10/02 15:44:26.483, 0, 145.71, 65, 100, 150.00, 795, 150.00, 0x0000000000000004
2026/10/02 15:44:26.684, 0, 152.84, 65, 100, 150.00, 465, 150.00, 0x0000000000000004
2026/10/02 15:44:26.884, 0, 160.12, 65, 100, 150.00, 765, 150.00, 0x0000000000000004
2026/10/02 15:44:27.085, 0, 151.20, 65, 100, 150.00, 795, 150.00, 0x0000000000000004
2026/10/02 15:44:27.285, 0, 151.17, 65, 100, 150.00, 795, 150.00, 0x0000000000000004
2026/10/02 15:44:27.486, 0, 150.99, 65, 100, 150.00, 825, 150.00, 0x0000000000000004
2026/10/02 15:44:27.687, 0, 150.06, 65, 100, 150.00, 705, 150.00, 0x0000000000000004
2026/10/02 15:44:27.887, 0, 155.27, 65, 80, 150.00, 750, 150.00, 0x0000000000000004
2026/10/02 15:44:28.088, 0, 139.19, 63, 0, 150.00, 1680, 150.00, 0x0000000000000004
2026/10/02 15:44:28.288, 0, 124.04, 63, 0, 150.00, 1680, 150.00, 0x0000000000000004
2026/10/02 15:44:28.489, 0, 109.02, 62, 0, 150.00, 1695, 150.00, 0x0000000000000000
2026/10/02 15:44:28.689, 0, 93.75, 62, 0, 150.00, 1695, 150.00, 0x0000000000000000
2026/10/02 15:44:28.890, 0, 79.19, 62, 0, 150.00, 1695, 150.00, 0x0000000000000000
2026/10/02 15:44:29.090, 0, 86.76, 62, 0, 150.00, 1695, 150.00, 0x0000000000000000
2026/10/02 15:44:29.291, 0, 88.06, 62, 0, 150.00, 1680, 150.00, 0x0000000000000004
2026/10/02 15:44:29.492, 0, 94.52, 62, 0, 150.00, 1665, 150.00, 0x0000000000000004
2026/10/02 15:44:29.692, 0, 117.37, 64, 100, 150.00, 825, 150.00, 0x0000000000000004
2026/10/02 15:44:29.893, 0, 122.54, 63, 58, 150.00, 1545, 150.00, 0x0000000000000004
2026/10/02 15:44:30.094, 0, 113.49, 62, 0, 150.00, 1680, 150.00, 0x0000000000000004
2026/10/02 15:44:30.294, 0, 112.44, 63, 44, 150.00, 1590, 150.00, 0x0000000000000004
2026/10/02 15:44:30.495, 0, 121.96, 63, 28, 150.00, 1665, 150.00, 0x0000000000000004
2026/10/02 15:44:30.695, 0, 119.89, 64, 49, 150.00, 1230, 150.00, 0x0000000000000004
2026/10/02 15:44:30.896, 0, 106.49, 63, 60, 150.00, 1530, 150.00, 0x0000000000000004
2026/10/02 15:44:31.096, 0, 121.28, 63, 58, 150.00, 1350, 150.00, 0x0000000000000004
2026/10/02 15:44:31.297, 0, 110.35, 64, 59, 150.00, 1320, 150.00, 0x0000000000000004
2026/10/02 15:44:31.497, 0, 94.48, 62, 0, 150.00, 1680, 150.00, 0x0000000000000004
2026/10/02 15:44:31.698, 0, 95.37, 62, 0, 150.00, 1695, 150.00, 0x0000000000000004
2026/10/02 15:44:31.899, 0, 106.32, 64, 100, 150.00, 1410, 150.00, 0x0000000000000004
2026/10/02 15:44:32.099, 0, 102.90, 63, 62, 150.00, 840, 150.00, 0x0000000000000004
2026/10/02 15:44:32.300, 0, 107.65, 64, 69, 150.00, 795, 150.00, 0x0000000000000004
2026/10/02 15:44:32.500, 0, 120.70, 65, 100, 150.00, 795, 150.00, 0x0000000000000004
2026/10/02 15:44:32.701, 0, 139.82, 65, 71, 150.00, 765, 150.00, 0x0000000000000004
2026/10/02 15:44:32.902, 0, 126.57, 64, 74, 150.00, 1560, 150.00, 0x0000000000000004
2026/10/02 15:44:33.102, 0, 133.54, 65, 64, 150.00, 1440, 150.00, 0x0000000000000004
2026/10/02 15:44:33.303, 0, 137.99, 64, 58, 150.00, 780, 150.00, 0x0000000000000004
2026/10/02 15:44:33.503, 0, 138.52, 65, 100, 150.00, 795, 150.00, 0x0000000000000004
2026/10/02 15:44:33.704, 0, 138.33, 65, 100, 150.00, 1275, 150.00, 0x0000000000000004
2026/10/02 15:44:33.904, 0, 124.18, 64, 2, 150.00, 615, 150.00, 0x0000000000000004
2026/10/02 15:44:34.105, 0, 130.73, 65, 100, 150.00, 795, 150.00, 0x0000000000000004
2026/10/02 15:44:34.305, 0, 140.94, 65, 100, 150.00, 795, 150.00, 0x0000000000000004
2026/10/02 15:44:34.506, 0, 140.89, 65, 100, 150.00, 795, 150.00, 0x0000000000000004
2026/10/02 15:44:34.706, 0, 140.56, 65, 100, 150.00, 495, 150.00, 0x0000000000000004
2026/10/02 15:44:34.907, 0, 149.40, 65, 100, 150.00, 780, 150.00, 0x0000000000000004
2026/10/02 15:44:35.108, 0, 134.28, 64, 0, 150.00, 1245, 150.00, 0x0000000000000004
2026/10/02 15:44:35.308, 0, 132.83, 65, 38, 150.00, 750, 150.00, 0x0000000000000004
2026/10/02 15:44:35.509, 0, 132.79, 65, 100, 150.00, 795, 150.00, 0x0000000000000004
2026/10/02 15:44:35.709, 0, 138.98, 66, 80, 150.00, 750, 150.00, 0x0000000000000004
2026/10/02 15:44:35.910, 0, 144.54, 66, 58, 150.00, 750, 150.00, 0x0000000000000004
2026/10/02 15:44:36.110, 0, 160.59, 65, 30, 150.00, 675, 150.00, 0x0000000000000004
2026/10/02 15:44:36.311, 0, 170.84, 65, 47, 150.00, 735, 150.00, 0x0000000000000004
2026/10/02 15:44:36.511, 0, 171.43, 65, 40, 150.00, 975, 150.00, 0x0000000000000004
2026/10/02 15:44:36.712, 0, 153.33, 64, 0, 150.00, 1680, 150.00, 0x0000000000000004
2026/10/02 15:44:36.913, 0, 130.81, 65, 67, 150.00, 810, 150.00, 0x0000000000000004
2026/10/02 15:44:37.113, 0, 134.92, 65, 87, 150.00, 795, 150.00, 0x0000000000000004
2026/10/02 15:44:37.314, 0, 129.01, 64, 21, 150.00, 1020, 150.00, 0x0000000000000004
2026/10/02 15:44:37.514, 0, 113.35, 65, 63, 150.00, 1440, 150.00, 0x0000000000000004
2026/10/02 15:44:37.715, 0, 120.89, 65, 100, 150.00, 1080, 150.00, 0x0000000000000004
2026/10/02 15:44:37.916, 0, 123.08, 64, 0, 150.00, 1680, 150.00, 0x0000000000000004
2026/10/02 15:44:38.116, 0, 120.41, 65, 71, 150.00, 810, 150.00, 0x0000000000000004
2026/10/02 15:44:38.317, 0, 117.32, 66, 100, 150.00, 795, 150.00, 0x0000000000000004
2026/10/02 15:44:38.517, 0, 125.76, 64, 18, 150.00, 1665, 150.00, 0x0000000000000004
2026/10/02 15:44:38.718, 0, 108.40, 63, 0, 150.00, 1680, 150.00, 0x0000000000000004
2026/10/02 15:44:38.919, 0, 106.60, 64, 85, 150.00, 1530, 150.00, 0x0000000000000004
2026/10/02 15:44:39.119, 0, 115.73, 65, 55, 150.00, 1290, 150.00, 0x0000000000000004
2026/10/02 15:44:39.320, 0, 103.28, 64, 6, 150.00, 600, 150.00, 0x0000000000000004
2026/10/02 15:44:39.520, 0, 90.97, 63, 0, 150.00, 1680, 150.00, 0x0000000000000004
2026/10/02 15:44:39.721, 0, 111.62, 65, 32, 150.00, 660, 150.00, 0x0000000000000004
2026/10/02 15:44:39.922, 0, 115.91, 65, 100, 150.00, 795, 150.00, 0x0000000000000004
2026/10/02 15:44:40.122, 0, 130.40, 66, 100, 150.00, 795, 150.00, 0x0000000000000004
2026/10/02 15:44:40.323, 0, 126.82, 64, 16, 150.00, 870, 150.00, 0x0000000000000004
2026/10/02 15:44:40.523, 0, 136.98, 66, 100, 150.00, 765, 150.00, 0x0000000000000004
2026/10/02 15:44:40.724, 0, 152.44, 66, 96, 150.00, 795, 150.00, 0x0000000000000004
2026/10/02 15:44:40.925, 0, 144.13, 66, 100, 150.00, 795, 150.00, 0x0000000000000004
2026/10/02 15:44:41.125, 0, 142.11, 66, 33, 150.00, 915, 150.00, 0x0000000000000004
2026/10/02 15:44:41.326, 0, 136.60, 64, 22, 150.00, 1665, 150.00, 0x0000000000000004
2026/10/02 15:44:41.526, 0, 140.34, 64, 18, 150.00, 1665, 150.00, 0x0000000000000004
2026/10/02 15:44:41.727, 0, 133.07, 65, 63, 150.00, 1350, 150.00, 0x0000000000000004
2026/10/02 15:44:41.927, 0, 133.95, 65, 31, 150.00, 675, 150.00, 0x0000000000000004
2026/10/02 15:44:42.128, 0, 127.93, 64, 0, 150.00, 690, 150.00, 0x0000000000000004
2026/10/02 15:44:42.328, 0, 108.65, 64, 52, 150.00, 1635, 150.00, 0x0000000000000004
2026/10/02 15:44:42.529, 0, 97.98, 63, 0, 150.00, 1680, 150.00, 0x0000000000000004
2026/10/02 15:44:42.730, 0, 98.75, 63, 0, 150.00, 1695, 150.00, 0x0000000000000000
2026/10/02 15:44:42.930, 0, 76.57, 63, 0, 150.00, 1695, 150.00, 0x0000000000000000
2026/10/02 15:44:43.131, 0, 88.85, 63, 20, 150.00, 1665, 150.00, 0x0000000000000004
2026/10/02 15:44:43.331, 0, 98.47, 65, 31, 150.00, 840, 150.00, 0x0000000000000004
2026/10/02 15:44:43.532, 0, 101.54, 63, 0, 150.00, 1680, 150.00, 0x0000000000000004
2026/10/02 15:44:43.732, 0, 118.68, 65, 33, 150.00, 945, 150.00, 0x0000000000000004
2026/10/02 15:44:43.933, 0, 131.29, 65, 44, 150.00, 735, 150.00, 0x0000000000000004
2026/10/02 15:44:44.133, 0, 126.51, 65, 100, 150.00, 795, 150.00, 0x0000000000000004
2026/10/02 15:44:44.334, 0, 137.55, 66, 70, 150.00, 705, 150.00, 0x0000000000000004
2026/10/02 15:44:44.535, 0, 147.50, 66, 100, 150.00, 795, 150.00, 0x0000000000000004
2026/10/02 15:44:44.735, 0, 161.99, 66, 100, 150.00, 600, 150.00, 0x0000000000000004
2026/10/02 15:44:44.936, 0, 162.12, 66, 100, 150.00, 795, 150.00, 0x0000000000000004
2026/10/02 15:44:45.136, 0, 157.50, 66, 100, 150.00, 540, 150.00, 0x0000000000000004
2026/10/02 15:44:45.337, 0, 156.77, 66, 100, 150.00, 780, 150.00, 0x0000000000000004
2026/10/02 15:44:45.537, 0, 151.55, 66, 100, 150.00, 795, 150.00, 0x0000000000000004
2026/10/02 15:44:45.738, 0, 150.87, 66, 100, 150.00, 735, 150.00, 0x0000000000000004
2026/10/02 15:44:45.938, 0, 151.03, 66, 100, 150.00, 780, 150.00, 0x0000000000000004
2026/10/02 15:44:46.139, 0, 150.59, 66, 100, 150.00, 765, 150.00, 0x0000000000000004
2026/10/02 15:44:46.340, 0, 150.33, 66, 100, 150.00, 780, 150.00, 0x0000000000000004
2026/10/02 15:44:46.540, 0, 150.46, 66, 100, 150.00, 750, 150.00, 0x0000000000000004
2026/10/02 15:44:46.741, 0, 149.66, 66, 100, 150.00, 750, 150.00, 0x0000000000000004
2026/10/02 15:44:46.941, 0, 150.43, 66, 100, 150.00, 735, 150.00, 0x0000000000000004
2026/10/02 15:44:47.142, 0, 150.19, 67, 100, 150.00, 750, 150.00, 0x0000000000000004
2026/10/02 15:44:47.342, 0, 150.25, 67, 100, 150.00, 780, 150.00, 0x0000000000000004
2026/10/02 15:44:47.543, 0, 149.94, 67, 100, 150.00, 735, 150.00, 0x0000000000000004
2026/10/02 15:44:47.744, 0, 138.92, 65, 56, 150.00, 1620, 150.00, 0x0000000000000004
2026/10/02 15:44:47.944, 0, 140.72, 66, 27, 150.00, 660, 150.00, 0x0000000000000004
2026/10/02 15:44:48.145, 0, 138.85, 66, 39, 150.00, 735, 150.00, 0x0000000000000004
2026/10/02 15:44:48.345, 0, 139.50, 66, 100, 150.00, 780, 150.00, 0x0000000000000004
2026/10/02 15:44:48.546, 0, 139.99, 67, 100, 150.00, 945, 150.00, 0x0000000000000004
2026/10/02 15:44:48.746, 0, 149.12, 67, 100, 150.00, 1230, 150.00, 0x0000000000000004
2026/10/02 15:44:48.947, 0, 169.76, 67, 100, 150.00, 615, 150.00, 0x0000000000000004
2026/10/02 15:44:49.147, 0, 163.85, 66, 82, 150.00, 1545, 150.00, 0x0000000000000004
2026/10/02 15:44:49.348, 0, 149.16, 66, 67, 150.00, 1455, 150.00, 0x0000000000000004
2026/10/02 15:44:49.549, 0, 134.15, 65, 0, 150.00, 1680, 150.00, 0x0000000000000004
2026/10/02 15:44:49.749, 0, 134.45, 66, 100, 150.00, 780, 150.00, 0x0000000000000004
2026/10/02 15:44:49.950, 0, 130.20, 67, 100, 150.00, 795, 150.00, 0x0000000000000004
2026/10/02 15:44:50.150, 0, 139.33, 67, 52, 150.00, 645, 150.00, 0x0000000000000004
2026/10/02 15:44:50.351, 0, 135.72, 65, 34, 150.00, 1665, 150.00, 0x0000000000000004
2026/10/02 15:44:50.552, 0, 138.99, 65, 65, 150.00, 1530, 150.00, 0x0000000000000004
2026/10/02 15:44:50.752, 0, 127.34, 65, 52, 150.00, 1620, 150.00, 0x0000000000000004
2026/10/02 15:44:50.952, 0, 112.31, 64, 0, 150.00, 1680, 150.00, 0x0000000000000004
2026/10/02 15:44:51.153, 0, 103.11, 66, 66, 150.00, 795, 150.00, 0x0000000000000004
2026/10/02 15:44:51.354, 0, 91.25, 65, 66, 150.00, 1605, 150.00, 0x0000000000000004
2026/10/02 15:44:51.554, 0, 108.09, 66, 33, 150.00, 660, 150.00, 0x0000000000000004
2026/10/02 15:44:51.755, 0, 109.02, 66, 95, 150.00, 1455, 150.00, 0x0000000000000004
2026/10/02 15:44:51.956, 0, 140.23, 66, 72, 150.00, 1200, 150.00, 0x0000000000000004
2026/10/02 15:44:52.156, 0, 133.31, 65, 0, 150.00, 1680, 150.00, 0x0000000000000004
2026/10/02 15:44:52.357, 0, 137.59, 66, 100, 150.00, 810, 150.00, 0x0000000000000004
2026/10/02 15:44:52.557, 0, 153.56, 66, 100, 150.00, 1410, 150.00, 0x0000000000000004
2026/10/02 15:44:52.758, 0, 146.46, 65, 26, 150.00, 1665, 150.00, 0x0000000000000004
2026/10/02 15:44:52.958, 0, 139.96, 66, 42, 150.00, 1065, 150.00, 0x0000000000000004
2026/10/02 15:44:53.159, 0, 148.74, 66, 57, 150.00, 1290, 150.00, 0x0000000000000004
2026/10/02 15:44:53.360, 0, 149.28, 67, 53, 150.00, 1185, 150.00, 0x0000000000000004
2026/10/02 15:44:53.560, 0, 135.05, 66, 67, 150.00, 735, 150.00, 0x0000000000000004
2026/10/02 15:44:53.761, 0, 129.36, 67, 100, 150.00, 795, 150.00, 0x0000000000000004
2026/10/02 15:44:53.961, 0, 137.74, 67, 97, 150.00, 825, 150.00, 0x0000000000000004
2026/10/02 15:44:54.162, 0, 133.77, 67, 91, 150.00, 795, 150.00, 0x0000000000000004
2026/10/02 15:44:54.362, 0, 130.26, 67, 100, 150.00, 825, 150.00, 0x0000000000000004
2026/10/02 15:44:54.563, 0, 143.20, 67, 54, 150.00, 690, 150.00, 0x0000000000000004
2026/10/02 15:44:54.763, 0, 137.04, 67, 52, 150.00, 1260, 150.00, 0x0000000000000004
2026/10/02 15:44:54.964, 0, 128.96, 67, 96, 150.00, 795, 150.00, 0x0000000000000004
2026/10/02 15:44:55.165, 0, 138.46, 67, 100, 150.00, 780, 150.00, 0x0000000000000004
2026/10/02 15:44:55.365, 0, 129.00, 66, 0, 150.00, 1680, 150.00, 0x0000000000000004
2026/10/02 15:44:55.566, 0, 131.79, 66, 18, 150.00, 645, 150.00, 0x0000000000000004
2026/10/02 15:44:55.766, 0, 119.41, 65, 0, 150.00, 1680, 150.00, 0x0000000000000004
2026/10/02 15:44:55.967, 0, 119.19, 65, 10, 150.00, 1050, 150.00, 0x0000000000000004
2026/10/02 15:44:56.168, 0, 97.32, 65, 0, 150.00, 1680, 150.00, 0x0000000000000004
2026/10/02 15:44:56.368, 0, 101.82, 66, 0, 150.00, 810, 150.00, 0x0000000000000004
2026/10/02 15:44:56.569, 0, 91.29, 65, 100, 150.00, 1635, 150.00, 0x0000000000000004
2026/10/02 15:44:56.770, 0, 107.35, 66, 51, 150.00, 615, 150.00, 0x0000000000000004
2026/10/02 15:44:56.971, 0, 111.88, 67, 100, 150.00, 795, 150.00, 0x0000000000000004
2026/10/02 15:44:57.171, 0, 124.28, 65, 100, 150.00, 1680, 150.00, 0x0000000000000004
2026/10/02 15:44:57.372, 0, 119.45, 65, 0, 150.00, 990, 150.00, 0x0000000000000004
2026/10/02 15:44:57.572, 0, 110.26, 65, 89, 150.00, 1620, 150.00, 0x0000000000000004
2026/10/02 15:44:57.773, 0, 113.32, 66, 57, 150.00, 795, 150.00, 0x0000000000000004
2026/10/02 15:44:57.974, 0, 101.77, 65, 76, 150.00, 1680, 150.00, 0x0000000000000004
2026/10/02 15:44:58.174, 0, 86.75, 64, 0, 150.00, 1680, 150.00, 0x0000000000000004
2026/10/02 15:44:58.375, 0, 94.25, 65, 64, 150.00, 1680, 150.00, 0x0000000000000004
2026/10/02 15:44:58.575, 0, 102.36, 66, 10, 150.00, 810, 150.00, 0x0000000000000004
2026/10/02 15:44:58.776, 0, 110.17, 67, 100, 150.00, 795, 150.00, 0x0000000000000004
2026/10/02 15:44:58.976, 0, 121.55, 67, 100, 150.00, 780, 150.00, 0x0000000000000004
2026/10/02 15:44:59.177, 0, 141.13, 67, 45, 150.00, 630, 150.00, 0x0000000000000004
2026/10/02 15:44:59.378, 0, 142.74, 65, 100, 150.00, 1665, 150.00, 0x0000000000000004
2026/10/02 15:44:59.578, 0, 129.08, 65, 2, 150.00, 1605, 150.00, 0x0000000000000004
2026/10/02 15:44:59.779, 0, 125.95, 66, 0, 150.00, 705, 150.00, 0x0000000000000004
2026/10/02 15:44:59.979, 0, 125.89, 67, 100, 150.00, 780, 150.00, 0x0000000000000004
2026/10/02 15:45:00.180, 0, 128.39, 66, 100, 150.00, 1635, 150.00, 0x0000000000000004
2026/10/02 15:45:00.380, 0, 124.08, 67, 62, 150.00, 690, 150.00, 0x0000000000000004
2026/10/02 15:45:00.581, 0, 138.72, 66, 100, 150.00, 1485, 150.00, 0x0000000000000004
2026/10/02 15:45:00.782, 0, 145.18, 66, 0, 150.00, 600, 150.00, 0x0000000000000004
2026/10/02 15:45:00.982, 0, 122.85, 65, 42, 150.00, 1680, 150.00, 0x0000000000000004
2026/10/02 15:45:01.183, 0, 114.58, 66, 0, 150.00, 810, 150.00, 0x0000000000000004
2026/10/02 15:45:01.384, 0, 127.77, 67, 100, 150.00, 780, 150.00, 0x0000000000000004
2026/10/02 15:45:01.584, 0, 121.39, 67, 100, 150.00, 795, 150.00, 0x0000000000000004
2026/10/02 15:45:01.785, 0, 112.79, 65, 92, 150.00, 1680, 150.00, 0x0000000000000004
2026/10/02 15:45:01.986, 0, 110.25, 65, 0, 150.00, 1005, 150.00, 0x0000000000000004
2026/10/02 15:45:02.186, 0, 115.22, 66, 89, 150.00, 1605, 150.00, 0x0000000000000004
2026/10/02 15:45:02.387, 0, 120.64, 67, 34, 150.00, 780, 150.00, 0x0000000000000004
2026/10/02 15:45:02.587, 0, 111.54, 66, 100, 150.00, 1080, 150.00, 0x0000000000000004
2026/10/02 15:45:02.788, 0, 116.86, 67, 64, 150.00, 795, 150.00, 0x0000000000000004
2026/10/02 15:45:02.988, 0, 133.62, 67, 100, 150.00, 780, 150.00, 0x0000000000000004
2026/10/02 15:45:03.189, 0, 137.02, 67, 100, 150.00, 780, 150.00, 0x0000000000000004
2026/10/02 15:45:03.390, 0, 137.96, 68, 100, 150.00, 780, 150.00, 0x0000000000000004
2026/10/02 15:45:03.590, 0, 133.90, 67, 100, 150.00, 795, 150.00, 0x0000000000000004
2026/10/02 15:45:03.791, 0, 148.60, 68, 100, 150.00, 780, 150.00, 0x0000000000000004
2026/10/02 15:45:03.991, 0, 141.33, 67, 100, 150.00, 1560, 150.00, 0x0000000000000004
2026/10/02 15:45:04.192, 0, 126.09, 65, 0, 150.00, 1680, 150.00, 0x0000000000000004
2026/10/02 15:45:04.393, 0, 123.63, 66, 30, 150.00, 1650, 150.00, 0x0000000000000004
2026/10/02 15:45:04.593, 0, 113.30, 65, 0, 150.00, 1680, 150.00, 0x0000000000000004
2026/10/02 15:45:04.794, 0, 120.27, 67, 39, 150.00, 630, 150.00, 0x0000000000000004
2026/10/02 15:45:04.994, 0, 106.99, 65, 61, 150.00, 675, 150.00, 0x0000000000000004
2026/10/02 15:45:05.195, 0, 121.53, 67, 100, 150.00, 780, 150.00, 0x0000000000000004
2026/10/02 15:45:05.395, 0, 120.26, 67, 100, 150.00, 780, 150.00, 0x0000000000000004
2026/10/02 15:45:05.596, 0, 136.30, 68, 100, 150.00, 780, 150.00, 0x0000000000000004
2026/10/02 15:45:05.796, 0, 136.71, 68, 100, 150.00, 465, 150.00, 0x0000000000000004
2026/10/02 15:45:05.997, 0, 145.15, 68, 100, 150.00, 750, 150.00, 0x0000000000000004
2026/10/02 15:45:06.198, 0, 150.13, 68, 100, 150.00, 780, 150.00, 0x0000000000000004
2026/10/02 15:45:06.398, 0, 150.10, 68, 100, 150.00, 780, 150.00, 0x0000000000000004
2026/10/02 15:45:06.599, 0, 149.74, 68, 100, 150.00, 780, 150.00, 0x0000000000000004
2026/10/02 15:45:06.799, 0, 148.83, 68, 100, 150.00, 690, 150.00, 0x0000000000000004
2026/10/02 15:45:07.000, 0, 133.46, 66, 53, 150.00, 1680, 150.00, 0x0000000000000004
2026/10/02 15:45:07.200, 0, 133.28, 66, 28, 150.00, 1650, 150.00, 0x0000000000000004
2026/10/02 15:45:07.401, 0, 116.86, 65, 0, 150.00, 945, 150.00, 0x0000000000000004
2026/10/02 15:45:07.601, 0, 104.48, 65, 65, 150.00, 1680, 150.00, 0x0000000000000004
2026/10/02 15:45:07.802, 0, 107.90, 67, 47, 150.00, 795, 150.00, 0x0000000000000004
2026/10/02 15:45:08.003, 0, 118.03, 68, 100, 150.00, 780, 150.00, 0x0000000000000004
2026/10/02 15:45:08.203, 0, 123.33, 68, 78, 150.00, 1080, 150.00, 0x0000000000000004
2026/10/02 15:45:08.404, 0, 137.30, 67, 23, 150.00, 1305, 150.00, 0x0000000000000004
2026/10/02 15:45:08.605, 0, 131.23, 66, 6, 150.00, 1680, 150.00, 0x0000000000000004
2026/10/02 15:45:08.805, 0, 117.24, 65, 0, 150.00, 1695, 150.00, 0x0000000000000004
2026/10/02 15:45:09.005, 0, 105.65, 65, 0, 150.00, 1695, 150.00, 0x0000000000000000
2026/10/02 15:45:09.206, 0, 95.87, 66, 0, 150.00, 660, 150.00, 0x0000000000000000
2026/10/02 15:45:09.406, 0, 101.66, 65, 94, 150.00, 1665, 150.00, 0x0000000000000004
2026/10/02 15:45:09.607, 0, 113.65, 67, 0, 150.00, 645, 150.00, 0x0000000000000004
2026/10/02 15:45:09.807, 0, 119.51, 67, 34, 150.00, 795, 150.00, 0x0000000000000004
2026/10/02 15:45:10.008, 0, 125.91, 66, 100, 150.00, 960, 150.00, 0x0000000000000004
2026/10/02 15:45:10.209, 0, 126.08, 66, 91, 150.00, 1620, 150.00, 0x0000000000000004
2026/10/02 15:45:10.409, 0, 101.90, 65, 0, 150.00, 1005, 150.00, 0x0000000000000004
2026/10/02 15:45:10.610, 0, 104.61, 67, 90, 150.00, 780, 150.00, 0x0000000000000004
2026/10/02 15:45:10.810, 0, 108.78, 67, 41, 150.00, 765, 150.00, 0x0000000000000004
2026/10/02 15:45:11.011, 0, 109.91, 68, 100, 150.00, 780, 150.00, 0x0000000000000004
2026/10/02 15:45:11.211, 0, 119.79, 68, 100, 150.00, 615, 150.00, 0x0000000000000004
2026/10/02 15:45:11.412, 0, 134.61, 68, 100, 150.00, 780, 150.00, 0x0000000000000004
2026/10/02 15:45:11.613, 0, 140.44, 67, 100, 150.00, 750, 150.00, 0x0000000000000004
2026/10/02 15:45:11.813, 0, 148.34, 68, 100, 150.00, 780, 150.00, 0x0000000000000004
2026/10/02 15:45:12.014, 0, 148.69, 68, 100, 150.00, 780, 150.00, 0x0000000000000004
2026/10/02 15:45:12.214, 0, 148.05, 68, 100, 150.00, 750, 150.00, 0x0000000000000004
2026/10/02 15:45:12.415, 0, 149.14, 68, 100, 150.00, 660, 150.00, 0x0000000000000004
2026/10/02 15:45:12.615, 0, 147.38, 68, 100, 150.00, 735, 150.00, 0x0000000000000004
2026/10/02 15:45:12.816, 0, 149.90, 68, 100, 150.00, 765, 150.00, 0x0000000000000004
2026/10/02 15:45:13.017, 0, 149.56, 68, 100, 150.00, 765, 150.00, 0x0000000000000004
2026/10/02 15:45:13.217, 0, 149.56, 68, 100, 150.00, 765, 150.00, 0x0000000000000004
2026/10/02 15:45:13.418, 0, 149.52, 68, 100, 150.00, 705, 150.00, 0x0000000000000004
2026/10/02 15:45:13.618, 0, 150.12, 68, 100, 150.00, 735, 150.00, 0x0000000000000004
2026/10/02 15:45:13.819, 0, 150.02, 68, 100, 150.00, 765, 150.00, 0x0000000000000004
2026/10/02 15:45:14.020, 0, 149.92, 69, 100, 150.00, 765, 150.00, 0x0000000000000004
2026/10/02 15:45:14.220, 0, 149.81, 69, 100, 150.00, 750, 150.00, 0x0000000000000004
2026/10/02 15:45:14.421, 0, 149.35, 69, 100, 150.00, 720, 150.00, 0x0000000000000004
2026/10/02 15:45:14.621, 0, 149.48, 69, 100, 150.00, 750, 150.00, 0x0000000000000004
2026/10/02 15:45:14.822, 0, 149.76, 69, 100, 150.00, 750, 150.00, 0x0000000000000004
2026/10/02 15:45:15.023, 0, 149.63, 69, 100, 150.00, 750, 150.00, 0x0000000000000004
2026/10/02 15:45:15.223, 0, 149.59, 69, 100, 150.00, 735, 150.00, 0x0000000000000004
2026/10/02 15:45:15.424, 0, 149.30, 69, 100, 150.00, 735, 150.00, 0x0000000000000004
2026/10/02 15:45:15.624, 0, 149.84, 69, 100, 150.00, 750, 150.00, 0x0000000000000004
2026/10/02 15:45:15.825, 0, 149.96, 69, 100, 150.00, 765, 150.00, 0x0000000000000004
2026/10/02 15:45:16.025, 0, 149.96, 69, 100, 150.00, 750, 150.00, 0x0000000000000004
2026/10/02 15:45:16.226, 0, 149.86, 69, 100, 150.00, 735, 150.00, 0x0000000000000004
2026/10/02 15:45:16.427, 0, 149.73, 69, 100, 150.00, 720, 150.00, 0x0000000000000004
2026/10/02 15:45:16.627, 0, 149.73, 69, 100, 150.00, 750, 150.00, 0x0000000000000004
2026/10/02 15:45:16.828, 0, 149.90, 69, 100, 150.00, 750, 150.00, 0x0000000000000004
2026/10/02 15:45:17.028, 0, 149.71, 69, 100, 150.00, 765, 150.00, 0x0000000000000004
2026/10/02 15:45:17.229, 0, 149.59, 69, 100, 150.00, 750, 150.00, 0x0000000000000004
2026/10/02 15:45:17.429, 0, 149.68, 69, 100, 150.00, 735, 150.00, 0x0000000000000004
2026/10/02 15:45:17.630, 0, 149.87, 69, 100, 150.00, 750, 150.00, 0x0000000000000004
2026/10/02 15:45:17.831, 0, 149.85, 69, 100, 150.00, 750, 150.00, 0x0000000000000004
2026/10/02 15:45:18.032, 0, 150.13, 69, 100, 150.00, 1470, 150.00, 0x0000000000000004
2026/10/02 15:45:18.232, 0, 134.07, 67, 12, 150.00, 1680, 150.00, 0x0000000000000004
2026/10/02 15:45:18.433, 0, 136.50, 69, 0, 150.00, 1185, 150.00, 0x0000000000000004
2026/10/02 15:45:18.633, 0, 127.01, 69, 32, 150.00, 780, 150.00, 0x0000000000000004
2026/10/02 15:45:18.834, 0, 129.74, 69, 100, 150.00, 1425, 150.00, 0x0000000000000004
2026/10/02 15:45:19.034, 0, 120.82, 68, 29, 150.00, 630, 150.00, 0x0000000000000004
2026/10/02 15:45:19.235, 0, 131.46, 69, 84, 150.00, 780, 150.00, 0x0000000000000004
2026/10/02 15:45:19.436, 0, 146.23, 69, 100, 150.00, 780, 150.00, 0x0000000000000004
2026/10/02 15:45:19.636, 0, 146.04, 70, 100, 150.00, 765, 150.00, 0x0000000000000004
2026/10/02 15:45:19.837, 0, 144.95, 69, 100, 150.00, 450, 150.00, 0x0000000000000004
2026/10/02 15:45:20.037, 0, 140.32, 69, 100, 150.00, 765, 150.00, 0x0000000000000004
2026/10/02 15:45:20.238, 0, 148.94, 70, 100, 150.00, 780, 150.00, 0x0000000000000004
2026/10/02 15:45:20.438, 0, 151.55, 70, 100, 150.00, 990, 150.00, 0x0000000000000004
2026/10/02 15:45:20.639, 0, 152.59, 70, 92, 150.00, 780, 150.00, 0x0000000000000004
2026/10/02 15:45:20.840, 0, 151.56, 69, 92, 150.00, 705, 150.00, 0x0000000000000004
2026/10/02 15:45:21.040, 0, 140.43, 68, 84, 150.00, 1110, 150.00, 0x0000000000000004
2026/10/02 15:45:21.241, 0, 134.65, 69, 63, 150.00, 720, 150.00, 0x0000000000000004
2026/10/02 15:45:21.441, 0, 121.24, 68, 85, 150.00, 1650, 150.00, 0x0000000000000004
2026/10/02 15:45:21.642, 0, 102.60, 68, 0, 150.00, 975, 150.00, 0x0000000000000004
2026/10/02 15:45:21.842, 0, 106.70, 69, 72, 150.00, 780, 150.00, 0x0000000000000004
2026/10/02 15:45:22.043, 0, 114.82, 70, 100, 150.00, 780, 150.00, 0x0000000000000004
2026/10/02 15:45:22.243, 0, 123.13, 70, 100, 150.00, 765, 150.00, 0x0000000000000004
2026/10/02 15:45:22.444, 0, 127.06, 70, 100, 150.00, 570, 150.00, 0x0000000000000004
2026/10/02 15:45:22.645, 0, 148.17, 70, 100, 150.00, 960, 150.00, 0x0000000000000004
2026/10/02 15:45:22.845, 0, 130.03, 69, 48, 150.00, 1635, 150.00, 0x0000000000000004
2026/10/02 15:45:23.046, 0, 121.10, 69, 0, 150.00, 735, 150.00, 0x0000000000000004
2026/10/02 15:45:23.246, 0, 123.46, 70, 87, 150.00, 765, 150.00, 0x0000000000000004
2026/10/02 15:45:23.447, 0, 123.44, 70, 100, 150.00, 765, 150.00, 0x0000000000000004
2026/10/02 15:45:23.647, 0, 128.04, 70, 100, 150.00, 780, 150.00, 0x0000000000000004
2026/10/02 15:45:23.848, 0, 134.21, 69, 100, 150.00, 780, 150.00, 0x0000000000000004
2026/10/02 15:45:24.048, 0, 149.14, 70, 100, 150.00, 735, 150.00, 0x0000000000000004
2026/10/02 15:45:24.249, 0, 149.82, 70, 100, 150.00, 765, 150.00, 0x0000000000000004
2026/10/02 15:45:24.450, 0, 149.23, 70, 100, 150.00, 765, 150.00, 0x0000000000000004
2026/10/02 15:45:24.650, 0, 149.92, 70, 100, 150.00, 720, 150.00, 0x0000000000000004
2026/10/02 15:45:24.851, 0, 151.06, 70, 100, 150.00, 870, 150.00, 0x0000000000000004
2026/10/02 15:45:25.051, 0, 150.50, 69, 89, 150.00, 1545, 150.00, 0x0000000000000004
2026/10/02 15:45:25.252, 0, 134.52, 68, 0, 150.00, 570, 150.00, 0x0000000000000004
2026/10/02 15:45:25.452, 0, 126.34, 68, 90, 150.00, 795, 150.00, 0x0000000000000004
2026/10/02 15:45:25.653, 0, 125.00, 70, 73, 150.00, 780, 150.00, 0x0000000000000004
2026/10/02 15:45:25.854, 0, 125.94, 70, 100, 150.00, 780, 150.00, 0x0000000000000004
2026/10/02 15:45:26.054, 0, 126.32, 70, 100, 150.00, 615, 150.00, 0x0000000000000004
2026/10/02 15:45:26.255, 0, 139.62, 70, 100, 150.00, 555, 150.00, 0x0000000000000004
2026/10/02 15:45:26.455, 0, 139.13, 70, 100, 150.00, 735, 150.00, 0x0000000000000004
2026/10/02 15:45:26.656, 0, 148.22, 70, 100, 150.00, 1395, 150.00, 0x0000000000000004
2026/10/02 15:45:26.856, 0, 153.59, 70, 39, 150.00, 945, 150.00, 0x0000000000000004
2026/10/02 15:45:27.057, 0, 153.82, 70, 93, 150.00, 1515, 150.00, 0x0000000000000004
2026/10/02 15:45:27.258, 0, 154.01, 69, 42, 150.00, 1680, 150.00, 0x0000000000000004
2026/10/02 15:45:27.458, 0, 163.55, 70, 19, 150.00, 780, 150.00, 0x0000000000000004
2026/10/02 15:45:27.659, 0, 155.43, 69, 100, 150.00, 840, 150.00, 0x0000000000000004
2026/10/02 15:45:27.860, 0, 149.12, 70, 73, 150.00, 765, 150.00, 0x0000000000000004
2026/10/02 15:45:28.060, 0, 149.12, 70, 100, 150.00, 780, 150.00, 0x0000000000000004
2026/10/02 15:45:28.261, 0, 142.45, 70, 100, 150.00, 765, 150.00, 0x0000000000000004
2026/10/02 15:45:28.461, 0, 144.56, 70, 100, 150.00, 765, 150.00, 0x0000000000000004
2026/10/02 15:45:28.662, 0, 142.54, 70, 100, 150.00, 735, 150.00, 0x0000000000000004
2026/10/02 15:45:28.862, 0, 150.65, 70, 100, 150.00, 765, 150.00, 0x0000000000000004
2026/10/02 15:45:29.063, 0, 150.95, 70, 100, 150.00, 765, 150.00, 0x0000000000000004
2026/10/02 15:45:29.264, 0, 150.93, 71, 100, 150.00, 765, 150.00, 0x0000000000000004
2026/10/02 15:45:29.464, 0, 149.07, 70, 100, 150.00, 600, 150.00, 0x0000000000000004
2026/10/02 15:45:29.665, 0, 152.40, 70, 100, 150.00, 735, 150.00, 0x0000000000000004
2026/10/02 15:45:29.865, 0, 149.90, 71, 100, 150.00, 750, 150.00, 0x0000000000000004
2026/10/02 15:45:30.066, 0, 149.84, 71, 100, 150.00, 765, 150.00, 0x0000000000000004
2026/10/02 15:45:30.266, 0, 149.32, 71, 100, 150.00, 735, 150.00, 0x0000000000000004
2026/10/02 15:45:30.467, 0, 148.29, 70, 100, 150.00, 690, 150.00, 0x0000000000000004
2026/10/02 15:45:30.668, 0, 149.62, 71, 100, 150.00, 720, 150.00, 0x0000000000000004
2026/10/02 15:45:30.868, 0, 140.57, 69, 100, 150.00, 1665, 150.00, 0x0000000000000004
2026/10/02 15:45:31.069, 0, 124.78, 68, 0, 150.00, 1680, 150.00, 0x0000000000000004
2026/10/02 15:45:31.269, 0, 127.02, 70, 0, 150.00, 1230, 150.00, 0x0000000000000004
2026/10/02 15:45:31.470, 0, 115.87, 69, 31, 150.00, 1560, 150.00, 0x0000000000000004
2026/10/02 15:45:31.670, 0, 105.21, 68, 0, 150.00, 1680, 150.00, 0x0000000000000004
2026/10/02 15:45:31.871, 0, 91.49, 68, 0, 150.00, 1695, 150.00, 0x0000000000000004
2026/10/02 15:45:32.071, 0, 95.37, 68, 0, 150.00, 1590, 150.00, 0x0000000000000004
2026/10/02 15:45:32.272, 0, 94.76, 69, 10, 150.00, 780, 150.00, 0x0000000000000004
2026/10/02 15:45:32.472, 0, 108.24, 70, 100, 150.00, 765, 150.00, 0x0000000000000004
2026/10/02 15:45:32.673, 0, 119.21, 70, 100, 150.00, 765, 150.00, 0x0000000000000004
2026/10/02 15:45:32.873, 0, 133.76, 70, 100, 150.00, 765, 150.00, 0x0000000000000004
2026/10/02 15:45:33.074, 0, 146.52, 70, 100, 150.00, 705, 150.00, 0x0000000000000004
2026/10/02 15:45:33.275, 0, 150.33, 70, 100, 150.00, 765, 150.00, 0x0000000000000004
2026/10/02 15:45:33.475, 0, 150.62, 71, 100, 150.00, 765, 150.00, 0x0000000000000004
2026/10/02 15:45:33.676, 0, 150.92, 71, 100, 150.00, 750, 150.00, 0x0000000000000004
2026/10/02 15:45:33.877, 0, 149.59, 70, 100, 150.00, 690, 150.00, 0x0000000000000004
2026/10/02 15:45:34.077, 0, 150.12, 71, 100, 150.00, 735, 150.00, 0x0000000000000004
2026/10/02 15:45:34.278, 0, 150.25, 71, 100, 150.00, 765, 150.00, 0x0000000000000004
2026/10/02 15:45:34.478, 0, 150.32, 71, 100, 150.00, 765, 150.00, 0x0000000000000004
2026/10/02 15:45:34.679, 0, 150.30, 71, 100, 150.00, 705, 150.00, 0x0000000000000004
2026/10/02 15:45:34.880, 0, 149.37, 71, 100, 150.00, 720, 150.00, 0x0000000000000004
2026/10/02 15:45:35.080, 0, 150.23, 71, 100, 150.00, 735, 150.00, 0x0000000000000004
2026/10/02 15:45:35.281, 0, 150.54, 71, 100, 150.00, 750, 150.00, 0x0000000000000004
2026/10/02 15:45:35.482, 0, 150.56, 71, 100, 150.00, 765, 150.00, 0x0000000000000004
2026/10/02 15:45:35.682, 0, 150.40, 71, 100, 150.00, 720, 150.00, 0x0000000000000004
2026/10/02 15:45:35.883, 0, 149.87, 71, 100, 150.00, 705, 150.00, 0x0000000000000004
2026/10/02 15:45:36.083, 0, 147.26, 71, 99, 150.00, 735, 150.00, 0x0000000000000004
2026/10/02 15:45:36.284, 0, 131.07, 69, 0, 150.00, 1680, 150.00, 0x0000000000000004
2026/10/02 15:45:36.484, 0, 132.88, 69, 28, 150.00, 990, 150.00, 0x0000000000000004
2026/10/02 15:45:36.685, 0, 132.09, 71, 100, 150.00, 765, 150.00, 0x0000000000000004
2026/10/02 15:45:36.886, 0, 132.99, 71, 100, 150.00, 1230, 150.00, 0x0000000000000004
2026/10/02 15:45:37.086, 0, 142.56, 71, 100, 150.00, 765, 150.00, 0x0000000000000004
2026/10/02 15:45:37.287, 0, 150.67, 70, 100, 150.00, 1545, 150.00, 0x0000000000000004
2026/10/02 15:45:37.487, 0, 141.18, 71, 91, 150.00, 780, 150.00, 0x0000000000000004
2026/10/02 15:45:37.688, 0, 149.83, 71, 100, 150.00, 765, 150.00, 0x0000000000000004
2026/10/02 15:45:37.889, 0, 150.27, 71, 100, 150.00, 765, 150.00, 0x0000000000000004
2026/10/02 15:45:38.089, 0, 144.21, 71, 100, 150.00, 900, 150.00, 0x0000000000000004
2026/10/02 15:45:38.290, 0, 143.86, 71, 31, 150.00, 1170, 150.00, 0x0000000000000004
2026/10/02 15:45:38.490, 0, 147.44, 70, 50, 150.00, 765, 150.00, 0x0000000000000004
2026/10/02 15:45:38.691, 0, 147.70, 71, 73, 150.00, 780, 150.00, 0x0000000000000004
2026/10/02 15:45:38.892, 0, 135.71, 70, 70, 150.00, 1635, 150.00, 0x0000000000000004
2026/10/02 15:45:39.092, 0, 122.92, 69, 0, 150.00, 1680, 150.00, 0x0000000000000004
2026/10/02 15:45:39.293, 0, 119.61, 69, 28, 150.00, 645, 150.00, 0x0000000000000004
2026/10/02 15:45:39.493, 0, 121.19, 69, 71, 150.00, 1635, 150.00, 0x0000000000000004
2026/10/02 15:45:39.694, 0, 118.05, 70, 32, 150.00, 585, 150.00, 0x0000000000000004
2026/10/02 15:45:39.895, 0, 105.69, 69, 0, 150.00, 1680, 150.00, 0x0000000000000004
2026/10/02 15:45:40.095, 0, 136.74, 70, 72, 150.00, 990, 150.00, 0x0000000000000004
2026/10/02 15:45:40.296, 0, 139.97, 71, 79, 150.00, 855, 150.00, 0x0000000000000004
2026/10/02 15:45:40.496, 0, 156.06, 71, 49, 150.00, 1095, 150.00, 0x0000000000000004
2026/10/02 15:45:40.697, 0, 139.90, 69, 0, 150.00, 1680, 150.00, 0x0000000000000004
2026/10/02 15:45:40.898, 0, 164.32, 70, 97, 150.00, 765, 150.00, 0x0000000000000004
2026/10/02 15:45:41.098, 0, 166.65, 71, 100, 150.00, 765, 150.00, 0x0000000000000004
2026/10/02 15:45:41.299, 0, 157.01, 71, 100, 150.00, 765, 150.00, 0x0000000000000004
2026/10/02 15:45:41.499, 0, 151.99, 71, 99, 150.00, 1425, 150.00, 0x0000000000000004
2026/10/02 15:45:41.700, 0, 139.18, 69, 0, 150.00, 1680, 150.00, 0x0000000000000004
2026/10/02 15:45:41.900, 0, 150.91, 70, 42, 150.00, 840, 150.00, 0x0000000000000004
2026/10/02 15:45:42.101, 0, 137.58, 70, 2, 150.00, 630, 150.00, 0x0000000000000004
2026/10/02 15:45:42.301, 0, 136.55, 70, 100, 150.00, 765, 150.00, 0x0000000000000004
2026/10/02 15:45:42.502, 0, 134.72, 71, 100, 150.00, 765, 150.00, 0x0000000000000004
2026/10/02 15:45:42.703, 0, 142.35, 70, 71, 150.00, 1635, 150.00, 0x0000000000000004
2026/10/02 15:45:42.903, 0, 121.39, 69, 0, 150.00, 1680, 150.00, 0x0000000000000004
2026/10/02 15:45:43.104, 0, 117.75, 70, 66, 150.00, 795, 150.00, 0x0000000000000004
2026/10/02 15:45:43.305, 0, 119.04, 71, 100, 150.00, 765, 150.00, 0x0000000000000004
2026/10/02 15:45:43.505, 0, 110.77, 71, 58, 150.00, 1500, 150.00, 0x0000000000000004
2026/10/02 15:45:43.706, 0, 113.97, 70, 21, 150.00, 675, 150.00, 0x0000000000000004
2026/10/02 15:45:43.906, 0, 129.17, 71, 100, 150.00, 765, 150.00, 0x0000000000000004
2026/10/02 15:45:44.107, 0, 135.35, 69, 0, 150.00, 1680, 150.00, 0x0000000000000004
2026/10/02 15:45:44.308, 0, 122.39, 68, 0, 150.00, 1680, 150.00, 0x0000000000000004
2026/10/02 15:45:44.508, 0, 131.89, 70, 31, 150.00, 1275, 150.00, 0x0000000000000000
2026/10/02 15:45:44.709, 0, 123.07, 68, 0, 150.00, 1005, 150.00, 0x0000000000000004
2026/10/02 15:45:44.909, 0, 110.55, 70, 61, 150.00, 1485, 150.00, 0x0000000000000004
2026/10/02 15:45:45.110, 0, 106.29, 70, 86, 150.00, 780, 150.00, 0x0000000000000004
2026/10/02 15:45:45.311, 0, 131.45, 71, 77, 150.00, 1155, 150.00, 0x0000000000000004
2026/10/02 15:45:45.511, 0, 125.12, 69, 0, 150.00, 1680, 150.00, 0x0000000000000004
2026/10/02 15:45:45.712, 0, 130.46, 70, 100, 150.00, 1215, 150.00, 0x0000000000000004
2026/10/02 15:45:45.912, 0, 131.07, 70, 58, 150.00, 1485, 150.00, 0x0000000000000004
2026/10/02 15:45:46.113, 0, 153.79, 70, 64, 150.00, 735, 150.00, 0x0000000000000004
2026/10/02 15:45:46.313, 0, 140.08, 69, 24, 150.00, 1035, 150.00, 0x0000000000000004
2026/10/02 15:45:46.514, 0, 149.18, 70, 100, 150.00, 765, 150.00, 0x0000000000000004
2026/10/02 15:45:46.715, 0, 150.56, 71, 100, 150.00, 765, 150.00, 0x0000000000000004
2026/10/02 15:45:46.915, 0, 159.45, 71, 100, 150.00, 765, 150.00, 0x0000000000000004
2026/10/02 15:45:47.116, 0, 151.15, 71, 100, 150.00, 540, 150.00, 0x0000000000000004
2026/10/02 15:45:47.316, 0, 141.77, 71, 100, 150.00, 720, 150.00, 0x0000000000000004
2026/10/02 15:45:47.517, 0, 149.55, 71, 100, 150.00, 765, 150.00, 0x0000000000000004
2026/10/02 15:45:47.718, 0, 149.78, 71, 100, 150.00, 750, 150.00, 0x0000000000000004
2026/10/02 15:45:47.918, 0, 140.86, 70, 76, 150.00, 1635, 150.00, 0x0000000000000004
2026/10/02 15:45:48.119, 0, 134.14, 70, 54, 150.00, 1065, 150.00, 0x0000000000000004
2026/10/02 15:45:48.319, 0, 135.91, 70, 96, 150.00, 1575, 150.00, 0x0000000000000004
2026/10/02 15:45:48.520, 0, 120.78, 69, 62, 150.00, 1635, 150.00, 0x0000000000000004
2026/10/02 15:45:48.720, 0, 114.77, 70, 46, 150.00, 750, 150.00, 0x0000000000000004
2026/10/02 15:45:48.921, 0, 118.19, 71, 100, 150.00, 765, 150.00, 0x0000000000000004
2026/10/02 15:45:49.122, 0, 133.33, 71, 100, 150.00, 765, 150.00, 0x0000000000000004
2026/10/02 15:45:49.322, 0, 132.16, 71, 100, 150.00, 765, 150.00, 0x0000000000000004
2026/10/02 15:45:49.523, 0, 140.34, 71, 100, 150.00, 705, 150.00, 0x0000000000000004
2026/10/02 15:45:49.723, 0, 148.99, 70, 83, 150.00, 1605, 150.00, 0x0000000000000004
2026/10/02 15:45:49.924, 0, 155.48, 71, 54, 150.00, 735, 150.00, 0x0000000000000004
2026/10/02 15:45:50.125, 0, 146.92, 69, 15, 150.00, 630, 150.00, 0x0000000000000004
2026/10/02 15:45:50.325, 0, 146.51, 71, 100, 150.00, 765, 150.00, 0x0000000000000004
2026/10/02 15:45:50.526, 0, 146.51, 71, 100, 150.00, 765, 150.00, 0x0000000000000004
2026/10/02 15:45:50.726, 0, 142.66, 71, 83, 150.00, 1650, 150.00, 0x0000000000000004
2026/10/02 15:45:50.927, 0, 139.60, 71, 52, 150.00, 780, 150.00, 0x0000000000000004
2026/10/02 15:45:51.127, 0, 133.75, 71, 100, 150.00, 765, 150.00, 0x0000000000000004
2026/10/02 15:45:51.328, 0, 142.66, 71, 100, 150.00, 780, 150.00, 0x0000000000000004
2026/10/02 15:45:51.529, 0, 143.16, 71, 100, 150.00, 765, 150.00, 0x0000000000000004
2026/10/02 15:45:51.729, 0, 140.81, 71, 100, 150.00, 780, 150.00, 0x0000000000000004
2026/10/02 15:45:51.930, 0, 151.16, 71, 100, 150.00, 945, 150.00, 0x0000000000000004
2026/10/02 15:45:52.130, 0, 152.54, 71, 100, 150.00, 1440, 150.00, 0x0000000000000004
2026/10/02 15:45:52.331, 0, 135.32, 70, 0, 150.00, 630, 150.00, 0x0000000000000004
2026/10/02 15:45:52.531, 0, 135.64, 71, 84, 150.00, 1305, 150.00, 0x0000000000000004
2026/10/02 15:45:52.732, 0, 121.51, 69, 0, 150.00, 600, 150.00, 0x0000000000000004
2026/10/02 15:45:52.932, 0, 122.39, 71, 100, 150.00, 765, 150.00, 0x0000000000000004
2026/10/02 15:45:53.133, 0, 121.68, 71, 100, 150.00, 765, 150.00, 0x0000000000000004
2026/10/02 15:45:53.334, 0, 130.28, 71, 100, 150.00, 765, 150.00, 0x0000000000000004
2026/10/02 15:45:53.534, 0, 138.82, 71, 100, 150.00, 405, 150.00, 0x0000000000000004
2026/10/02 15:45:53.735, 0, 141.35, 71, 100, 150.00, 735, 150.00, 0x0000000000000004
2026/10/02 15:45:53.936, 0, 149.45, 71, 100, 150.00, 750, 150.00, 0x0000000000000004
2026/10/02 15:45:54.136, 0, 149.38, 72, 100, 150.00, 750, 150.00, 0x0000000000000004
2026/10/02 15:45:54.337, 0, 148.24, 72, 90, 150.00, 885, 150.00, 0x0000000000000004
2026/10/02 15:45:54.537, 0, 147.78, 72, 100, 150.00, 690, 150.00, 0x0000000000000004
2026/10/02 15:45:54.738, 0, 141.93, 70, 37, 150.00, 1680, 150.00, 0x0000000000000004
2026/10/02 15:45:54.939, 0, 129.01, 69, 0, 150.00, 1065, 150.00, 0x0000000000000004
2026/10/02 15:45:55.139, 0, 133.86, 71, 79, 150.00, 1575, 150.00, 0x0000000000000004
2026/10/02 15:45:55.340, 0, 118.89, 69, 0, 150.00, 1680, 150.00, 0x0000000000000004
2026/10/02 15:45:55.540, 0, 103.58, 69, 63, 150.00, 1665, 150.00, 0x0000000000000004
2026/10/02 15:45:55.741, 0, 105.87, 70, 25, 150.00, 1290, 150.00, 0x0000000000000004
2026/10/02 15:45:55.942, 0, 132.01, 71, 100, 150.00, 780, 150.00, 0x0000000000000004
2026/10/02 15:45:56.142, 0, 129.75, 71, 100, 150.00, 840, 150.00, 0x0000000000000004
2026/10/02 15:45:56.343, 0, 142.30, 71, 27, 150.00, 765, 150.00, 0x0000000000000004
2026/10/02 15:45:56.543, 0, 149.11, 71, 100, 150.00, 765, 150.00, 0x0000000000000004
2026/10/02 15:45:56.744, 0, 165.13, 71, 100, 150.00, 765, 150.00, 0x0000000000000004
2026/10/02 15:45:56.945, 0, 152.14, 72, 100, 150.00, 750, 150.00, 0x0000000000000004
2026/10/02 15:45:57.145, 0, 143.37, 70, 13, 150.00, 1680, 150.00, 0x0000000000000004
2026/10/02 15:45:57.345, 0, 152.90, 71, 36, 150.00, 780, 150.00, 0x0000000000000004
2026/10/02 15:45:57.546, 0, 146.02, 71, 100, 150.00, 765, 150.00, 0x0000000000000004
2026/10/02 15:45:57.747, 0, 145.57, 71, 100, 150.00, 765, 150.00, 0x0000000000000004
2026/10/02 15:45:57.947, 0, 146.31, 72, 100, 150.00, 750, 150.00, 0x0000000000000004
2026/10/02 15:45:58.148, 0, 151.70, 71, 100, 150.00, 750, 150.00, 0x0000000000000004
2026/10/02 15:45:58.348, 0, 149.26, 71, 99, 150.00, 1620, 150.00, 0x0000000000000004
2026/10/02 15:45:58.549, 0, 152.96, 71, 100, 150.00, 765, 150.00, 0x0000000000000004
2026/10/02 15:45:58.750, 0, 153.24, 71, 100, 150.00, 720, 150.00, 0x0000000000000004
2026/10/02 15:45:58.950, 0, 153.08, 72, 100, 150.00, 765, 150.00, 0x0000000000000004
2026/10/02 15:45:59.151, 0, 153.17, 72, 100, 150.00, 1365, 150.00, 0x0000000000000004
2026/10/02 15:45:59.351, 0, 143.51, 71, 67, 150.00, 720, 150.00, 0x0000000000000004
2026/10/02 15:45:59.552, 0, 140.60, 72, 100, 150.00, 750, 150.00, 0x0000000000000004
2026/10/02 15:45:59.752, 0, 139.76, 72, 100, 150.00, 1500, 150.00, 0x0000000000000004
2026/10/02 15:45:59.953, 0, 130.86, 71, 60, 150.00, 1590, 150.00, 0x0000000000000004
2026/10/02 15:46:00.154, 0, 138.55, 71, 100, 150.00, 765, 150.00, 0x0000000000000004
2026/10/02 15:46:00.354, 0, 148.51, 72, 89, 150.00, 765, 150.00, 0x0000000000000004
2026/10/02 15:46:00.555, 0, 152.55, 72, 100, 150.00, 765, 150.00, 0x0000000000000004
2026/10/02 15:46:00.755, 0, 152.71, 72, 100, 150.00, 765, 150.00, 0x0000000000000004
2026/10/02 15:46:00.956, 0, 160.63, 72, 100, 150.00, 720, 150.00, 0x0000000000000004
2026/10/02 15:46:01.156, 0, 152.24, 72, 100, 150.00, 750, 150.00, 0x0000000000000004
2026/10/02 15:46:01.357, 0, 152.28, 72, 100, 150.00, 1020, 150.00, 0x0000000000000004
2026/10/02 15:46:01.558, 0, 140.70, 71, 60, 150.00, 1155, 150.00, 0x0000000000000004
2026/10/02 15:46:01.758, 0, 146.91, 72, 100, 150.00, 765, 150.00, 0x0000000000000004
2026/10/02 15:46:01.959, 0, 140.07, 71, 83, 150.00, 1065, 150.00, 0x0000000000000004
2026/10/02 15:46:02.159, 0, 145.55, 72, 100, 150.00, 765, 150.00, 0x0000000000000004
2026/10/02 15:46:02.360, 0, 145.97, 72, 100, 150.00, 750, 150.00, 0x0000000000000004
2026/10/02 15:46:02.561, 0, 147.99, 72, 100, 150.00, 750, 150.00, 0x0000000000000004
2026/10/02 15:46:02.761, 0, 151.01, 72, 100, 150.00, 570, 150.00, 0x0000000000000004
2026/10/02 15:46:02.962, 0, 149.40, 72, 100, 150.00, 705, 150.00, 0x0000000000000004
2026/10/02 15:46:03.162, 0, 151.25, 72, 100, 150.00, 750, 150.00, 0x0000000000000004
2026/10/02 15:46:03.363, 0, 150.57, 72, 100, 150.00, 750, 150.00, 0x0000000000000004
2026/10/02 15:46:03.563, 0, 150.81, 72, 100, 150.00, 750, 150.00, 0x0000000000000004
2026/10/02 15:46:03.764, 0, 142.27, 71, 1, 150.00, 1230, 150.00, 0x0000000000000004
2026/10/02 15:46:03.964, 0, 143.25, 70, 24, 150.00, 1680, 150.00, 0x0000000000000004
2026/10/02 15:46:04.165, 0, 129.19, 71, 65, 150.00, 1635, 150.00, 0x0000000000000004
2026/10/02 15:46:04.366, 0, 119.77, 71, 80, 150.00, 765, 150.00, 0x0000000000000004
2026/10/02 15:46:04.566, 0, 119.96, 72, 100, 150.00, 750, 150.00, 0x0000000000000004
2026/10/02 15:46:04.767, 0, 123.05, 72, 100, 150.00, 750, 150.00, 0x0000000000000004
2026/10/02 15:46:04.967, 0, 124.10, 72, 100, 150.00, 765, 150.00, 0x0000000000000004
2026/10/02 15:46:05.168, 0, 135.98, 72, 100, 150.00, 690, 150.00, 0x0000000000000004
2026/10/02 15:46:05.369, 0, 148.32, 72, 100, 150.00, 750, 150.00, 0x0000000000000004
2026/10/02 15:46:05.569, 0, 149.41, 72, 100, 150.00, 750, 150.00, 0x0000000000000004
2026/10/02 15:46:05.770, 0, 149.27, 72, 100, 150.00, 750, 150.00, 0x0000000000000004
2026/10/02 15:46:05.970, 0, 148.66, 72, 100, 150.00, 600, 150.00, 0x0000000000000004
2026/10/02 15:46:06.171, 0, 146.77, 72, 100, 150.00, 1305, 150.00, 0x0000000000000004
2026/10/02 15:46:06.371, 0, 156.43, 72, 100, 150.00, 750, 150.00, 0x0000000000000004
2026/10/02 15:46:06.572, 0, 156.56, 73, 100, 150.00, 735, 150.00, 0x0000000000000004
2026/10/02 15:46:06.772, 0, 156.17, 73, 100, 150.00, 750, 150.00, 0x0000000000000004
2026/10/02 15:46:06.973, 0, 155.87, 73, 100, 150.00, 675, 150.00, 0x0000000000000004
2026/10/02 15:46:07.174, 0, 156.53, 72, 100, 150.00, 705, 150.00, 0x0000000000000004
2026/10/02 15:46:07.374, 0, 150.38, 73, 100, 150.00, 750, 150.00, 0x0000000000000004
2026/10/02 15:46:07.575, 0, 143.00, 71, 3, 150.00, 900, 150.00, 0x0000000000000004
2026/10/02 15:46:07.775, 0, 146.11, 72, 100, 150.00, 1605, 150.00, 0x0000000000000004
2026/10/02 15:46:07.976, 0, 135.40, 71, 60, 150.00, 660, 150.00, 0x0000000000000004
2026/10/02 15:46:08.176, 0, 133.52, 72, 16, 150.00, 1290, 150.00, 0x0000000000000004
2026/10/02 15:46:08.377, 0, 128.75, 71, 50, 150.00, 1680, 150.00, 0x0000000000000004
2026/10/02 15:46:08.578, 0, 122.67, 72, 79, 150.00, 765, 150.00, 0x0000000000000004
2026/10/02 15:46:08.778, 0, 127.35, 72, 100, 150.00, 1080, 150.00, 0x0000000000000004
2026/10/02 15:46:08.979, 0, 132.74, 72, 100, 150.00, 1545, 150.00, 0x0000000000000004
2026/10/02 15:46:09.179, 0, 148.92, 72, 28, 150.00, 750, 150.00, 0x0000000000000004
2026/10/02 15:46:09.380, 0, 139.64, 72, 100, 150.00, 1590, 150.00, 0x0000000000000004
2026/10/02 15:46:09.580, 0, 146.36, 72, 89, 150.00, 765, 150.00, 0x0000000000000004
2026/10/02 15:46:09.781, 0, 146.90, 72, 100, 150.00, 750, 150.00, 0x0000000000000004
2026/10/02 15:46:09.981, 0, 144.19, 73, 100, 150.00, 750, 150.00, 0x0000000000000004
2026/10/02 15:46:10.182, 0, 144.49, 73, 100, 150.00, 435, 150.00, 0x0000000000000004
2026/10/02 15:46:10.382, 0, 141.00, 72, 100, 150.00, 735, 150.00, 0x0000000000000004
2026/10/02 15:46:10.584, 0, 149.00, 73, 100, 150.00, 750, 150.00, 0x0000000000000004
2026/10/02 15:46:10.784, 0, 152.87, 73, 100, 150.00, 765, 150.00, 0x0000000000000004
2026/10/02 15:46:10.985, 0, 152.60, 72, 100, 150.00, 1620, 150.00, 0x0000000000000004
2026/10/02 15:46:11.185, 0, 148.47, 72, 3, 150.00, 780, 150.00, 0x0000000000000004
2026/10/02 15:46:11.386, 0, 152.24, 73, 99, 150.00, 750, 150.00, 0x0000000000000004
2026/10/02 15:46:11.587, 0, 144.71, 71, 100, 150.00, 1110, 150.00, 0x0000000000000004
2026/10/02 15:46:11.787, 0, 137.30, 71, 43, 150.00, 660, 150.00, 0x0000000000000004
2026/10/02 15:46:11.988, 0, 127.05, 72, 94, 150.00, 675, 150.00, 0x0000000000000004
2026/10/02 15:46:12.189, 0, 131.48, 73, 95, 150.00, 1335, 150.00, 0x0000000000000004
2026/10/02 15:46:12.389, 0, 112.74, 71, 46, 150.00, 1680, 150.00, 0x0000000000000004
2026/10/02 15:46:12.590, 0, 102.25, 70, 0, 150.00, 1695, 150.00, 0x0000000000000000
2026/10/02 15:46:12.790, 0, 90.30, 70, 2, 150.00, 1665, 150.00, 0x0000000000000004
2026/10/02 15:46:12.991, 0, 94.24, 71, 13, 150.00, 1080, 150.00, 0x0000000000000004
2026/10/02 15:46:13.192, 0, 103.53, 72, 46, 150.00, 750, 150.00, 0x0000000000000004
2026/10/02 15:46:13.392, 0, 114.77, 72, 90, 150.00, 765, 150.00, 0x0000000000000004
2026/10/02 15:46:13.593, 0, 125.35, 72, 100, 150.00, 750, 150.00, 0x0000000000000004
2026/10/02 15:46:13.793, 0, 138.44, 73, 100, 150.00, 630, 150.00, 0x0000000000000004
2026/10/02 15:46:13.994, 0, 142.81, 72, 100, 150.00, 720, 150.00, 0x0000000000000004
2026/10/02 15:46:14.194, 0, 144.29, 72, 100, 150.00, 735, 150.00, 0x0000000000000004
2026/10/02 15:46:14.395, 0, 149.84, 73, 100, 150.00, 735, 150.00, 0x0000000000000004
2026/10/02 15:46:14.596, 0, 149.92, 73, 100, 150.00, 735, 150.00, 0x0000000000000004
2026/10/02 15:46:14.796, 0, 149.07, 73, 100, 150.00, 1605, 150.00, 0x0000000000000004
2026/10/02 15:46:14.997, 0, 145.12, 72, 3, 150.00, 1155, 150.00, 0x0000000000000004
2026/10/02 15:46:15.197, 0, 150.63, 73, 51, 150.00, 750, 150.00, 0x0000000000000004
2026/10/02 15:46:15.398, 0, 152.52, 73, 100, 150.00, 750, 150.00, 0x0000000000000004
2026/10/02 15:46:15.599, 0, 152.79, 73, 100, 150.00, 750, 150.00, 0x0000000000000004
2026/10/02 15:46:15.799, 0, 151.25, 73, 100, 150.00, 780, 150.00, 0x0000000000000004
2026/10/02 15:46:16.000, 0, 159.32, 73, 100, 150.00, 735, 150.00, 0x0000000000000004
2026/10/02 15:46:16.200, 0, 151.66, 73, 100, 150.00, 735, 150.00, 0x0000000000000004
2026/10/02 15:46:16.401, 0, 151.48, 73, 100, 150.00, 750, 150.00, 0x0000000000000004
2026/10/02 15:46:16.602, 0, 151.26, 73, 100, 150.00, 690, 150.00, 0x0000000000000004
2026/10/02 15:46:16.802, 0, 150.21, 73, 100, 150.00, 675, 150.00, 0x0000000000000004
2026/10/02 15:46:17.003, 0, 150.44, 73, 100, 150.00, 735, 150.00, 0x0000000000000004
2026/10/02 15:46:17.203, 0, 142.47, 72, 100, 150.00, 660, 150.00, 0x0000000000000004
2026/10/02 15:46:17.404, 0, 132.16, 72, 69, 150.00, 1605, 150.00, 0x0000000000000004
2026/10/02 15:46:17.605, 0, 123.72, 73, 68, 150.00, 765, 150.00, 0x0000000000000004
2026/10/02 15:46:17.805, 0, 113.75, 71, 86, 150.00, 900, 150.00, 0x0000000000000004
2026/10/02 15:46:18.006, 0, 106.32, 71, 7, 150.00, 1680, 150.00, 0x0000000000000004
2026/10/02 15:46:18.206, 0, 106.12, 72, 51, 150.00, 780, 150.00, 0x0000000000000004
2026/10/02 15:46:18.407, 0, 114.01, 72, 90, 150.00, 1020, 150.00, 0x0000000000000004
2026/10/02 15:46:18.608, 0, 135.82, 73, 43, 150.00, 1380, 150.00, 0x0000000000000004
2026/10/02 15:46:18.808, 0, 126.60, 72, 0, 150.00, 630, 150.00, 0x0000000000000004
2026/10/02 15:46:19.009, 0, 130.21, 72, 100, 150.00, 765, 150.00, 0x0000000000000004
2026/10/02 15:46:19.209, 0, 145.04, 73, 100, 150.00, 750, 150.00, 0x0000000000000004
2026/10/02 15:46:19.410, 0, 142.00, 73, 13, 150.00, 1005, 150.00, 0x0000000000000004
2026/10/02 15:46:19.610, 0, 134.07, 73, 40, 150.00, 765, 150.00, 0x0000000000000004
2026/10/02 15:46:19.811, 0, 149.51, 73, 99, 150.00, 750, 150.00, 0x0000000000000004
2026/10/02 15:46:20.012, 0, 150.61, 73, 100, 150.00, 750, 150.00, 0x0000000000000004
2026/10/02 15:46:20.212, 0, 140.98, 72, 40, 150.00, 1680, 150.00, 0x0000000000000004
2026/10/02 15:46:20.413, 0, 121.68, 71, 0, 150.00, 1680, 150.00, 0x0000000000000004
2026/10/02 15:46:20.614, 0, 138.54, 72, 26, 150.00, 810, 150.00, 0x0000000000000004
2026/10/02 15:46:20.814, 0, 132.37, 73, 79, 150.00, 1530, 150.00, 0x0000000000000004
2026/10/02 15:46:21.015, 0, 125.28, 72, 79, 150.00, 750, 150.00, 0x0000000000000004
2026/10/02 15:46:21.215, 0, 133.61, 73, 100, 150.00, 750, 150.00, 0x0000000000000004
2026/10/02 15:46:21.416, 0, 140.71, 73, 100, 150.00, 750, 150.00, 0x0000000000000004
2026/10/02 15:46:21.617, 0, 127.41, 71, 0, 150.00, 1680, 150.00, 0x0000000000000004
2026/10/02 15:46:21.817, 0, 119.94, 71, 0, 150.00, 675, 150.00, 0x0000000000000004
2026/10/02 15:46:22.018, 0, 128.21, 72, 100, 150.00, 750, 150.00, 0x0000000000000004
2026/10/02 15:46:22.218, 0, 116.67, 71, 71, 150.00, 630, 150.00, 0x0000000000000004
2026/10/02 15:46:22.419, 0, 123.77, 72, 73, 150.00, 1245, 150.00, 0x0000000000000004
2026/10/02 15:46:22.620, 0, 135.56, 73, 100, 150.00, 750, 150.00, 0x0000000000000004
2026/10/02 15:46:22.820, 0, 143.08, 71, 0, 150.00, 720, 150.00, 0x0000000000000004
2026/10/02 15:46:23.021, 0, 141.12, 72, 100, 150.00, 750, 150.00, 0x0000000000000004
2026/10/02 15:46:23.221, 0, 150.52, 73, 88, 150.00, 1155, 150.00, 0x0000000000000004
2026/10/02 15:46:23.422, 0, 149.01, 73, 63, 150.00, 1035, 150.00, 0x0000000000000004
2026/10/02 15:46:23.622, 0, 141.55, 73, 100, 150.00, 750, 150.00, 0x0000000000000004
2026/10/02 15:46:23.823, 0, 150.36, 73, 100, 150.00, 750, 150.00, 0x0000000000000004
2026/10/02 15:46:24.024, 0, 152.21, 72, 99, 150.00, 930, 150.00, 0x0000000000000004
2026/10/02 15:46:24.224, 0, 159.09, 73, 76, 150.00, 1350, 150.00, 0x0000000000000004
2026/10/02 15:46:24.425, 0, 163.82, 73, 39, 150.00, 720, 150.00, 0x0000000000000004
2026/10/02 15:46:24.625, 0, 165.94, 73, 100, 150.00, 750, 150.00, 0x0000000000000004
2026/10/02 15:46:24.826, 0, 165.77, 73, 100, 150.00, 750, 150.00, 0x0000000000000004
2026/10/02 15:46:25.027, 0, 149.88, 72, 75, 150.00, 690, 150.00, 0x0000000000000004
2026/10/02 15:46:25.227, 0, 141.34, 72, 78, 150.00, 615, 150.00, 0x0000000000000004
2026/10/02 15:46:25.428, 0, 137.63, 73, 19, 150.00, 735, 150.00, 0x0000000000000004
2026/10/02 15:46:25.628, 0, 140.58, 73, 54, 150.00, 750, 150.00, 0x0000000000000004
2026/10/02 15:46:25.829, 0, 141.82, 73, 100, 150.00, 750, 150.00, 0x0000000000000004
2026/10/02 15:46:26.030, 0, 139.37, 73, 93, 150.00, 690, 150.00, 0x0000000000000004
2026/10/02 15:46:26.230, 0, 137.54, 72, 0, 150.00, 1680, 150.00, 0x0000000000000004
2026/10/02 15:46:26.431, 0, 140.96, 72, 44, 150.00, 1530, 150.00, 0x0000000000000004
2026/10/02 15:46:26.631, 0, 141.70, 73, 100, 150.00, 1350, 150.00, 0x0000000000000004
2026/10/02 15:46:26.832, 0, 131.38, 73, 100, 150.00, 1395, 150.00, 0x0000000000000004
2026/10/02 15:46:27.032, 0, 129.69, 72, 61, 150.00, 1590, 150.00, 0x0000000000000004
2026/10/02 15:46:27.233, 0, 154.12, 73, 47, 150.00, 780, 150.00, 0x0000000000000004
2026/10/02 15:46:27.433, 0, 148.93, 71, 8, 150.00, 1680, 150.00, 0x0000000000000004
2026/10/02 15:46:27.634, 0, 145.41, 73, 100, 150.00, 750, 150.00, 0x0000000000000004
2026/10/02 15:46:27.835, 0, 141.73, 73, 100, 150.00, 750, 150.00, 0x0000000000000004
2026/10/02 15:46:28.035, 0, 150.22, 73, 100, 150.00, 750, 150.00, 0x0000000000000004
2026/10/02 15:46:28.236, 0, 152.79, 73, 100, 150.00, 615, 150.00, 0x0000000000000004
2026/10/02 15:46:28.436, 0, 158.92, 73, 100, 150.00, 690, 150.00, 0x0000000000000004
2026/10/02 15:46:28.637, 0, 151.09, 73, 100, 150.00, 750, 150.00, 0x0000000000000004
2026/10/02 15:46:28.838, 0, 151.03, 73, 100, 150.00, 750, 150.00, 0x0000000000000004
2026/10/02 15:46:29.038, 0, 151.08, 74, 100, 150.00, 750, 150.00, 0x0000000000000004
2026/10/02 15:46:29.239, 0, 149.47, 74, 100, 150.00, 615, 150.00, 0x0000000000000004
2026/10/02 15:46:29.439, 0, 150.04, 73, 100, 150.00, 705, 150.00, 0x0000000000000004
2026/10/02 15:46:29.640, 0, 150.16, 73, 100, 150.00, 735, 150.00, 0x0000000000000004
2026/10/02 15:46:29.840, 0, 150.29, 73, 100, 150.00, 735, 150.00, 0x0000000000000004
2026/10/02 15:46:30.041, 0, 149.88, 74, 100, 150.00, 705, 150.00, 0x0000000000000004
2026/10/02 15:46:30.242, 0, 149.22, 73, 100, 150.00, 675, 150.00, 0x0000000000000004
2026/10/02 15:46:30.442, 0, 149.98, 73, 100, 150.00, 705, 150.00, 0x0000000000000004
2026/10/02 15:46:30.643, 0, 150.23, 74, 100, 150.00, 735, 150.00, 0x0000000000000004
2026/10/02 15:46:30.844, 0, 150.40, 74, 100, 150.00, 750, 150.00, 0x0000000000000004
2026/10/02 15:46:31.044, 0, 149.95, 74, 100, 150.00, 705, 150.00, 0x0000000000000004
2026/10/02 15:46:31.245, 0, 149.81, 74, 100, 150.00, 690, 150.00, 0x0000000000000004
2026/10/02 15:46:31.445, 0, 149.88, 74, 100, 150.00, 705, 150.00, 0x0000000000000004
2026/10/02 15:46:31.646, 0, 150.08, 74, 100, 150.00, 735, 150.00, 0x0000000000000004
2026/10/02 15:46:31.846, 0, 150.01, 74, 100, 150.00, 735, 150.00, 0x0000000000000004
2026/10/02 15:46:32.047, 0, 149.57, 74, 100, 150.00, 660, 150.00, 0x0000000000000004
2026/10/02 15:46:32.247, 0, 149.58, 74, 100, 150.00, 690, 150.00, 0x0000000000000004
2026/10/02 15:46:32.448, 0, 147.87, 74, 76, 150.00, 735, 150.00, 0x0000000000000004
2026/10/02 15:46:32.648, 0, 149.82, 72, 0, 150.00, 810, 150.00, 0x0000000000000004
2026/10/02 15:46:32.849, 0, 142.00, 73, 95, 150.00, 1605, 150.00, 0x0000000000000004
2026/10/02 15:46:33.050, 0, 142.19, 73, 6, 150.00, 765, 150.00, 0x0000000000000004
2026/10/02 15:46:33.250, 0, 142.49, 72, 53, 150.00, 780, 150.00, 0x0000000000000004
2026/10/02 15:46:33.451, 0, 153.96, 73, 76, 150.00, 1035, 150.00, 0x0000000000000004
2026/10/02 15:46:33.651, 0, 146.01, 72, 44, 150.00, 1680, 150.00, 0x0000000000000004
2026/10/02 15:46:33.852, 0, 122.78, 71, 0, 150.00, 1680, 150.00, 0x0000000000000004
2026/10/02 15:46:34.052, 0, 122.68, 71, 0, 150.00, 600, 150.00, 0x0000000000000004
2026/10/02 15:46:34.253, 0, 132.07, 73, 100, 150.00, 750, 150.00, 0x0000000000000004
2026/10/02 15:46:34.454, 0, 126.73, 73, 100, 150.00, 1110, 150.00, 0x0000000000000004
2026/10/02 15:46:34.654, 0, 125.13, 73, 100, 150.00, 1560, 150.00, 0x0000000000000004
2026/10/02 15:46:34.855, 0, 140.42, 73, 61, 150.00, 750, 150.00, 0x0000000000000004
2026/10/02 15:46:35.055, 0, 148.52, 73, 100, 150.00, 750, 150.00, 0x0000000000000004
2026/10/02 15:46:35.256, 0, 149.27, 74, 100, 150.00, 750, 150.00, 0x0000000000000004
2026/10/02 15:46:35.457, 0, 149.27, 74, 100, 150.00, 750, 150.00, 0x0000000000000004
2026/10/02 15:46:35.657, 0, 142.25, 73, 100, 150.00, 675, 150.00, 0x0000000000000004
2026/10/02 15:46:35.858, 0, 150.04, 74, 100, 150.00, 735, 150.00, 0x0000000000000004
2026/10/02 15:46:36.058, 0, 149.79, 74, 100, 150.00, 750, 150.00, 0x0000000000000004
2026/10/02 15:46:36.259, 0, 149.37, 74, 100, 150.00, 735, 150.00, 0x0000000000000004
2026/10/02 15:46:36.460, 0, 148.66, 74, 100, 150.00, 630, 150.00, 0x0000000000000004
2026/10/02 15:46:36.660, 0, 150.15, 74, 100, 150.00, 690, 150.00, 0x0000000000000004
2026/10/02 15:46:36.861, 0, 150.30, 74, 100, 150.00, 735, 150.00, 0x0000000000000004
2026/10/02 15:46:37.061, 0, 149.95, 74, 100, 150.00, 750, 150.00, 0x0000000000000004
2026/10/02 15:46:37.262, 0, 150.10, 74, 100, 150.00, 735, 150.00, 0x0000000000000004
2026/10/02 15:46:37.462, 0, 149.58, 74, 100, 150.00, 660, 150.00, 0x0000000000000004
2026/10/02 15:46:37.663, 0, 149.80, 74, 100, 150.00, 690, 150.00, 0x0000000000000004
2026/10/02 15:46:37.863, 0, 149.90, 74, 100, 150.00, 720, 150.00, 0x0000000000000004
2026/10/02 15:46:38.064, 0, 149.84, 74, 100, 150.00, 735, 150.00, 0x0000000000000004
2026/10/02 15:46:38.265, 0, 149.65, 74, 100, 150.00, 705, 150.00, 0x0000000000000004
2026/10/02 15:46:38.465, 0, 149.63, 74, 100, 150.00, 690, 150.00, 0x0000000000000004
2026/10/02 15:46:38.666, 0, 149.49, 74, 100, 150.00, 705, 150.00, 0x0000000000000004
2026/10/02 15:46:38.866, 0, 150.13, 74, 100, 150.00, 720, 150.00, 0x0000000000000004
2026/10/02 15:46:39.067, 0, 150.20, 74, 100, 150.00, 735, 150.00, 0x0000000000000004
2026/10/02 15:46:39.267, 0, 149.77, 74, 100, 150.00, 705, 150.00, 0x0000000000000004
2026/10/02 15:46:39.468, 0, 149.40, 74, 100, 150.00, 675, 150.00, 0x0000000000000004
2026/10/02 15:46:39.669, 0, 149.73, 74, 100, 150.00, 705, 150.00, 0x0000000000000004
2026/10/02 15:46:39.869, 0, 150.02, 74, 100, 150.00, 720, 150.00, 0x0000000000000004
2026/10/02 15:46:40.070, 0, 150.05, 74, 100, 150.00, 720, 150.00, 0x0000000000000004
2026/10/02 15:46:40.270, 0, 149.88, 74, 100, 150.00, 705, 150.00, 0x0000000000000004
2026/10/02 15:46:40.471, 0, 149.74, 74, 100, 150.00, 690, 150.00, 0x0000000000000004
2026/10/02 15:46:40.671, 0, 149.90, 74, 100, 150.00, 705, 150.00, 0x0000000000000004
2026/10/02 15:46:40.872, 0, 149.85, 74, 100, 150.00, 705, 150.00, 0x0000000000000004
2026/10/02 15:46:41.073, 0, 150.18, 74, 100, 150.00, 720, 150.00, 0x0000000000000004
2026/10/02 15:46:41.273, 0, 149.98, 74, 100, 150.00, 705, 150.00, 0x0000000000000004
2026/10/02 15:46:41.474, 0, 149.79, 74, 100, 150.00, 690, 150.00, 0x0000000000000004
2026/10/02 15:46:41.674, 0, 149.84, 74, 100, 150.00, 705, 150.00, 0x0000000000000004
2026/10/02 15:46:41.875, 0, 149.78, 74, 100, 150.00, 720, 150.00, 0x0000000000000004
2026/10/02 15:46:42.076, 0, 149.89, 74, 100, 150.00, 720, 150.00, 0x0000000000000004
2026/10/02 15:46:42.276, 0, 149.50, 74, 100, 150.00, 720, 150.00, 0x0000000000000004
2026/10/02 15:46:42.477, 0, 149.29, 74, 100, 150.00, 690, 150.00, 0x0000000000000004
2026/10/02 15:46:42.677, 0, 149.74, 74, 100, 150.00, 705, 150.00, 0x0000000000000004
2026/10/02 15:46:42.878, 0, 149.80, 74, 100, 150.00, 720, 150.00, 0x0000000000000004
2026/10/02 15:46:43.079, 0, 149.96, 74, 100, 150.00, 720, 150.00, 0x0000000000000004
2026/10/02 15:46:43.279, 0, 149.91, 74, 100, 150.00, 705, 150.00, 0x0000000000000004
2026/10/02 15:46:43.480, 0, 149.72, 74, 100, 150.00, 690, 150.00, 0x0000000000000004
2026/10/02 15:46:43.680, 0, 149.99, 74, 100, 150.00, 690, 150.00, 0x0000000000000004
2026/10/02 15:46:43.881, 0, 149.89, 74, 100, 150.00, 705, 150.00, 0x0000000000000004
2026/10/02 15:46:44.081, 0, 149.85, 74, 100, 150.00, 720, 150.00, 0x0000000000000004
2026/10/02 15:46:44.282, 0, 157.22, 74, 100, 150.00, 1140, 150.00, 0x0000000000000004
2026/10/02 15:46:44.483, 0, 157.87, 74, 100, 150.00, 735, 150.00, 0x0000000000000004
2026/10/02 15:46:44.683, 0, 150.42, 74, 78, 150.00, 1620, 150.00, 0x0000000000000004
2026/10/02 15:46:44.884, 0, 159.60, 74, 33, 150.00, 765, 150.00, 0x0000000000000004
2026/10/02 15:46:45.084, 0, 159.34, 74, 100, 150.00, 735, 150.00, 0x0000000000000004
2026/10/02 15:46:45.285, 0, 159.76, 74, 100, 150.00, 750, 150.00, 0x0000000000000004
2026/10/02 15:46:45.485, 0, 153.88, 75, 100, 150.00, 735, 150.00, 0x0000000000000004
2026/10/02 15:46:45.686, 0, 159.40, 74, 100, 150.00, 750, 150.00, 0x0000000000000004
2026/10/02 15:46:45.887, 0, 150.52, 74, 100, 150.00, 735, 150.00, 0x0000000000000004
2026/10/02 15:46:46.087, 0, 150.62, 74, 100, 150.00, 735, 150.00, 0x0000000000000004
2026/10/02 15:46:46.288, 0, 150.68, 74, 100, 150.00, 735, 150.00, 0x0000000000000004
2026/10/02 15:46:46.488, 0, 149.50, 75, 100, 150.00, 600, 150.00, 0x0000000000000004
2026/10/02 15:46:46.689, 0, 150.15, 74, 100, 150.00, 705, 150.00, 0x0000000000000004
2026/10/02 15:46:46.889, 0, 149.64, 74, 100, 150.00, 720, 150.00, 0x0000000000000004
2026/10/02 15:46:47.090, 0, 149.92, 75, 100, 150.00, 735, 150.00, 0x0000000000000004
2026/10/02 15:46:47.291, 0, 139.32, 74, 83, 150.00, 705, 150.00, 0x0000000000000004
2026/10/02 15:46:47.492, 0, 141.52, 75, 100, 150.00, 720, 150.00, 0x0000000000000004
2026/10/02 15:46:47.692, 0, 142.58, 75, 100, 150.00, 720, 150.00, 0x0000000000000004
2026/10/02 15:46:47.893, 0, 142.39, 75, 100, 150.00, 720, 150.00, 0x0000000000000004
2026/10/02 15:46:48.093, 0, 149.95, 74, 24, 150.00, 1020, 150.00, 0x0000000000000004
2026/10/02 15:46:48.294, 0, 151.03, 74, 34, 150.00, 1575, 150.00, 0x0000000000000004
2026/10/02 15:46:48.495, 0, 150.00, 74, 100, 150.00, 750, 150.00, 0x0000000000000004
2026/10/02 15:46:48.695, 0, 148.77, 75, 68, 150.00, 1395, 150.00, 0x0000000000000004
2026/10/02 15:46:48.896, 0, 148.98, 75, 100, 150.00, 735, 150.00, 0x0000000000000004
2026/10/02 15:46:49.096, 0, 150.00, 75, 100, 150.00, 735, 150.00, 0x0000000000000004
2026/10/02 15:46:49.297, 0, 139.52, 74, 100, 150.00, 705, 150.00, 0x0000000000000004
2026/10/02 15:46:49.498, 0, 148.59, 75, 100, 150.00, 735, 150.00, 0x0000000000000004
2026/10/02 15:46:49.698, 0, 146.67, 75, 100, 150.00, 705, 150.00, 0x0000000000000004
2026/10/02 15:46:49.899, 0, 148.51, 75, 100, 150.00, 735, 150.00, 0x0000000000000004
2026/10/02 15:46:50.100, 0, 146.70, 75, 100, 150.00, 645, 150.00, 0x0000000000000004
2026/10/02 15:46:50.300, 0, 149.45, 75, 100, 150.00, 705, 150.00, 0x0000000000000004
2026/10/02 15:46:50.501, 0, 148.46, 75, 100, 150.00, 675, 150.00, 0x0000000000000004
2026/10/02 15:46:50.701, 0, 149.85, 75, 100, 150.00, 735, 150.00, 0x0000000000000004
2026/10/02 15:46:50.902, 0, 150.01, 75, 100, 150.00, 735, 150.00, 0x0000000000000004
2026/10/02 15:46:51.103, 0, 149.19, 75, 100, 150.00, 675, 150.00, 0x0000000000000004
2026/10/02 15:46:51.303, 0, 133.26, 74, 64, 150.00, 1215, 150.00, 0x0000000000000004
2026/10/02 15:46:51.504, 0, 135.83, 73, 25, 150.00, 1065, 150.00, 0x0000000000000004
2026/10/02 15:46:51.704, 0, 136.39, 73, 25, 150.00, 1035, 150.00, 0x0000000000000004
2026/10/02 15:46:51.905, 0, 137.70, 74, 75, 150.00, 660, 150.00, 0x0000000000000004
2026/10/02 15:46:52.106, 0, 122.47, 73, 0, 150.00, 1680, 150.00, 0x0000000000000004
2026/10/02 15:46:52.306, 0, 119.31, 72, 0, 150.00, 1680, 150.00, 0x0000000000000004
2026/10/02 15:46:52.507, 0, 120.72, 72, 0, 150.00, 1695, 150.00, 0x0000000000000000
2026/10/02 15:46:52.708, 0, 107.82, 72, 0, 150.00, 1695, 150.00, 0x0000000000000000
2026/10/02 15:46:52.908, 0, 99.96, 73, 28, 150.00, 1590, 150.00, 0x0000000000000004
2026/10/02 15:46:53.109, 0, 94.28, 72, 2, 150.00, 1680, 150.00, 0x0000000000000004
2026/10/02 15:46:53.309, 0, 100.94, 73, 55, 150.00, 1455, 150.00, 0x0000000000000004
2026/10/02 15:46:53.510, 0, 115.76, 72, 39, 150.00, 630, 150.00, 0x0000000000000004
2026/10/02 15:46:53.710, 0, 122.43, 73, 14, 150.00, 1620, 150.00, 0x0000000000000004
2026/10/02 15:46:53.911, 0, 118.56, 72, 24, 150.00, 1080, 150.00, 0x0000000000000004
2026/10/02 15:46:54.112, 0, 119.90, 72, 69, 150.00, 900, 150.00, 0x0000000000000004
2026/10/02 15:46:54.312, 0, 109.56, 72, 0, 150.00, 1680, 150.00, 0x0000000000000004
2026/10/02 15:46:54.513, 0, 111.11, 71, 0, 150.00, 1695, 150.00, 0x0000000000000004
2026/10/02 15:46:54.713, 0, 90.36, 71, 0, 150.00, 1695, 150.00, 0x0000000000000000
2026/10/02 15:46:54.914, 0, 91.18, 71, 0, 150.00, 1695, 150.00, 0x0000000000000000
2026/10/02 15:46:55.114, 0, 76.30, 71, 0, 150.00, 1695, 150.00, 0x0000000000000000
2026/10/02 15:46:55.315, 0, 76.30, 71, 0, 150.00, 1695, 150.00, 0x0000000000000000
2026/10/02 15:46:55.516, 0, 108.76, 72, 69, 150.00, 675, 150.00, 0x0000000000000004
2026/10/02 15:46:55.716, 0, 110.40, 71, 68, 150.00, 690, 150.00, 0x0000000000000004
2026/10/02 15:46:55.917, 0, 120.26, 73, 18, 150.00, 1605, 150.00, 0x0000000000000004
2026/10/02 15:46:56.117, 0, 128.39, 71, 43, 150.00, 570, 150.00, 0x0000000000000004
2026/10/02 15:46:56.318, 0, 119.53, 71, 0, 150.00, 1680, 150.00, 0x0000000000000004
2026/10/02 15:46:56.518, 0, 102.62, 71, 0, 150.00, 1680, 150.00, 0x0000000000000004
2026/10/02 15:46:56.719, 0, 99.88, 72, 0, 150.00, 1665, 150.00, 0x0000000000000004
2026/10/02 15:46:56.919, 0, 94.50, 71, 60, 150.00, 600, 150.00, 0x0000000000000004
2026/10/02 15:46:57.120, 0, 99.74, 72, 0, 150.00, 1665, 150.00, 0x0000000000000004
2026/10/02 15:46:57.320, 0, 88.52, 71, 0, 150.00, 1680, 150.00, 0x0000000000000004
2026/10/02 15:46:57.521, 0, 90.20, 71, 0, 150.00, 1665, 150.00, 0x0000000000000004
2026/10/02 15:46:57.721, 0, 87.58, 70, 0, 150.00, 1680, 150.00, 0x0000000000000004
2026/10/02 15:46:57.922, 0, 103.22, 71, 100, 150.00, 765, 150.00, 0x0000000000000004
2026/10/02 15:46:58.123, 0, 116.82, 72, 56, 150.00, 675, 150.00, 0x0000000000000004
2026/10/02 15:46:58.323, 0, 120.05, 71, 0, 150.00, 1680, 150.00, 0x0000000000000004
2026/10/02 15:46:58.524, 0, 129.34, 71, 19, 150.00, 1245, 150.00, 0x0000000000000004
2026/10/02 15:46:58.724, 0, 146.03, 71, 44, 150.00, 540, 150.00, 0x0000000000000004
2026/10/02 15:46:58.925, 0, 142.90, 72, 100, 150.00, 750, 150.00, 0x0000000000000004
2026/10/02 15:46:59.125, 0, 117.90, 71, 0, 150.00, 1680, 150.00, 0x0000000000000004
2026/10/02 15:46:59.326, 0, 133.99, 72, 42, 150.00, 1515, 150.00, 0x0000000000000004
2026/10/02 15:46:59.526, 0, 130.00, 70, 68, 150.00, 855, 150.00, 0x0000000000000004
2026/10/02 15:46:59.727, 0, 117.15, 71, 0, 150.00, 1680, 150.00, 0x0000000000000004
2026/10/02 15:46:59.927, 0, 98.77, 71, 62, 150.00, 1335, 150.00, 0x0000000000000004
2026/10/02 15:47:00.128, 0, 117.52, 72, 39, 150.00, 975, 150.00, 0x0000000000000004
2026/10/02 15:47:00.328, 0, 116.36, 72, 100, 150.00, 750, 150.00, 0x0000000000000004
2026/10/02 15:47:00.529, 0, 126.91, 72, 0, 150.00, 1650, 150.00, 0x0000000000000004
2026/10/02 15:47:00.730, 0, 122.70, 71, 0, 150.00, 1680, 150.00, 0x0000000000000004
2026/10/02 15:47:00.930, 0, 133.39, 70, 26, 150.00, 1005, 150.00, 0x0000000000000000
2026/10/02 15:47:01.131, 0, 123.82, 70, 0, 150.00, 1680, 150.00, 0x0000000000000004
2026/10/02 15:47:01.332, 0, 109.27, 70, 47, 150.00, 540, 150.00, 0x0000000000000004
2026/10/02 15:47:01.532, 0, 99.10, 70, 0, 150.00, 1680, 150.00, 0x0000000000000004
2026/10/02 15:47:01.733, 0, 99.37, 70, 0, 150.00, 1680, 150.00, 0x0000000000000004
2026/10/02 15:47:01.933, 0, 112.80, 70, 17, 150.00, 1380, 150.00, 0x0000000000000000
2026/10/02 15:47:02.134, 0, 107.47, 71, 38, 150.00, 1560, 150.00, 0x0000000000000004
2026/10/02 15:47:02.334, 0, 104.59, 70, 0, 150.00, 1680, 150.00, 0x0000000000000004
2026/10/02 15:47:02.535, 0, 109.30, 71, 43, 150.00, 1500, 150.00, 0x0000000000000004
2026/10/02 15:47:02.735, 0, 109.04, 70, 65, 150.00, 1020, 150.00, 0x0000000000000004
2026/10/02 15:47:02.936, 0, 109.51, 70, 2, 150.00, 1680, 150.00, 0x0000000000000004
2026/10/02 15:47:03.136, 0, 93.93, 71, 54, 150.00, 1455, 150.00, 0x0000000000000004
2026/10/02 15:47:03.337, 0, 95.00, 70, 0, 150.00, 1680, 150.00, 0x0000000000000004
2026/10/02 15:47:03.537, 0, 104.08, 71, 100, 150.00, 765, 150.00, 0x0000000000000004
2026/10/02 15:47:03.738, 0, 113.67, 71, 100, 150.00, 750, 150.00, 0x0000000000000004
2026/10/02 15:47:03.939, 0, 112.73, 71, 0, 150.00, 1680, 150.00, 0x0000000000000004
2026/10/02 15:47:04.139, 0, 102.73, 70, 0, 150.00, 1680, 150.00, 0x0000000000000004
2026/10/02 15:47:04.340, 0, 104.40, 69, 0, 150.00, 1695, 150.00, 0x0000000000000000
2026/10/02 15:47:04.540, 0, 81.83, 69, 66, 150.00, 1170, 150.00, 0x0000000000000004
2026/10/02 15:47:04.741, 0, 90.14, 70, 100, 150.00, 765, 150.00, 0x0000000000000004
2026/10/02 15:47:04.941, 0, 83.61, 70, 0, 150.00, 1680, 150.00, 0x0000000000000004
2026/10/02 15:47:05.142, 0, 95.65, 71, 10, 150.00, 1635, 150.00, 0x0000000000000004
2026/10/02 15:47:05.343, 0, 95.52, 69, 0, 150.00, 1680, 150.00, 0x0000000000000004
2026/10/02 15:47:05.543, 0, 93.67, 69, 0, 150.00, 1695, 150.00, 0x0000000000000000
2026/10/02 15:47:05.744, 0, 95.84, 69, 6, 150.00, 1695, 150.00, 0x0000000000000000
2026/10/02 15:47:05.944, 0, 108.03, 69, 28, 150.00, 990, 150.00, 0x0000000000000004
2026/10/02 15:47:06.145, 0, 103.37, 71, 25, 150.00, 1605, 150.00, 0x0000000000000004
2026/10/02 15:47:06.346, 0, 100.76, 69, 0, 150.00, 1680, 150.00, 0x0000000000000004
2026/10/02 15:47:06.546, 0, 100.81, 69, 0, 150.00, 1695, 150.00, 0x0000000000000000
2026/10/02 15:47:06.747, 0, 100.84, 69, 0, 150.00, 1695, 150.00, 0x0000000000000000
2026/10/02 15:47:06.947, 0, 97.06, 69, 0, 150.00, 1695, 150.00, 0x0000000000000000
2026/10/02 15:47:07.148, 0, 81.46, 69, 0, 150.00, 1695, 150.00, 0x0000000000000000
2026/10/02 15:47:07.348, 0, 91.71, 70, 86, 150.00, 1020, 150.00, 0x0000000000000004
2026/10/02 15:47:07.549, 0, 106.97, 71, 31, 150.00, 1560, 150.00, 0x0000000000000004
2026/10/02 15:47:07.749, 0, 106.68, 69, 0, 150.00, 1680, 150.00, 0x0000000000000004
2026/10/02 15:47:07.950, 0, 103.74, 69, 0, 150.00, 1695, 150.00, 0x0000000000000000
2026/10/02 15:47:08.151, 0, 103.59, 69, 0, 150.00, 1695, 150.00, 0x0000000000000000
2026/10/02 15:47:08.351, 0, 89.71, 68, 0, 150.00, 1695, 150.00, 0x0000000000000000
2026/10/02 15:47:08.552, 0, 88.75, 68, 0, 150.00, 1695, 150.00, 0x0000000000000000
2026/10/02 15:47:08.752, 0, 95.53, 68, 89, 150.00, 945, 150.00, 0x0000000000000004
2026/10/02 15:47:08.953, 0, 93.96, 69, 0, 150.00, 1680, 150.00, 0x0000000000000004
2026/10/02 15:47:09.154, 0, 107.25, 70, 47, 150.00, 1485, 150.00, 0x0000000000000004
2026/10/02 15:47:09.354, 0, 107.08, 69, 0, 150.00, 1680, 150.00, 0x0000000000000004
2026/10/02 15:47:09.555, 0, 120.02, 68, 29, 150.00, 945, 150.00, 0x0000000000000000
2026/10/02 15:47:09.755, 0, 104.08, 69, 0, 150.00, 1680, 150.00, 0x0000000000000004
2026/10/02 15:47:09.956, 0, 100.94, 68, 0, 150.00, 1680, 150.00, 0x0000000000000004
2026/10/02 15:47:10.156, 0, 96.99, 69, 5, 150.00, 1035, 150.00, 0x0000000000000004
2026/10/02 15:47:10.357, 0, 112.14, 70, 100, 150.00, 765, 150.00, 0x0000000000000004
2026/10/02 15:47:10.557, 0, 118.55, 69, 17, 150.00, 1650, 150.00, 0x0000000000000004
2026/10/02 15:47:10.758, 0, 110.03, 69, 5, 150.00, 1110, 150.00, 0x0000000000000004
2026/10/02 15:47:10.958, 0, 119.79, 70, 61, 150.00, 945, 150.00, 0x0000000000000004
2026/10/02 15:47:11.159, 0, 111.52, 69, 0, 150.00, 1680, 150.00, 0x0000000000000004
2026/10/02 15:47:11.359, 0, 109.52, 70, 49, 150.00, 645, 150.00, 0x0000000000000004
2026/10/02 15:47:11.560, 0, 93.66, 69, 67, 150.00, 1425, 150.00, 0x0000000000000004
2026/10/02 15:47:11.761, 0, 94.07, 68, 0, 150.00, 1680, 150.00, 0x0000000000000004
2026/10/02 15:47:11.961, 0, 91.71, 69, 66, 150.00, 1215, 150.00, 0x0000000000000004
2026/10/02 15:47:12.162, 0, 84.86, 68, 0, 150.00, 1680, 150.00, 0x0000000000000004
2026/10/02 15:47:12.363, 0, 89.98, 68, 0, 150.00, 1665, 150.00, 0x0000000000000004
2026/10/02 15:47:12.563, 0, 91.22, 70, 48, 150.00, 630, 150.00, 0x0000000000000004
2026/10/02 15:47:12.764, 0, 93.33, 68, 0, 150.00, 1680, 150.00, 0x0000000000000004
2026/10/02 15:47:12.964, 0, 91.56, 68, 0, 150.00, 1680, 150.00, 0x0000000000000004
2026/10/02 15:47:13.164, 0, 89.65, 68, 0, 150.00, 1695, 150.00, 0x0000000000000000
2026/10/02 15:47:13.365, 0, 84.00, 68, 0, 150.00, 1695, 150.00, 0x0000000000000000
2026/10/02 15:47:13.565, 0, 84.49, 68, 0, 150.00, 1695, 150.00, 0x0000000000000000
2026/10/02 15:47:13.766, 0, 73.49, 68, 0, 150.00, 1680, 150.00, 0x0000000000000004
2026/10/02 15:47:13.966, 0, 73.35, 68, 0, 150.00, 1680, 150.00, 0x0000000000000004
2026/10/02 15:47:14.167, 0, 87.58, 68, 21, 150.00, 1650, 150.00, 0x0000000000000004
2026/10/02 15:47:14.368, 0, 87.37, 68, 0, 150.00, 1680, 150.00, 0x0000000000000004
2026/10/02 15:47:14.568, 0, 87.37, 68, 0, 150.00, 1680, 150.00, 0x0000000000000004
2026/10/02 15:47:14.769, 0, 86.36, 68, 0, 150.00, 1680, 150.00, 0x0000000000000004
2026/10/02 15:47:14.969, 0, 106.72, 70, 59, 150.00, 660, 150.00, 0x0000000000000004
2026/10/02 15:47:15.170, 0, 104.15, 70, 100, 150.00, 765, 150.00, 0x0000000000000004
2026/10/02 15:47:15.371, 0, 112.36, 70, 7, 150.00, 1005, 150.00, 0x0000000000000004
2026/10/02 15:47:15.571, 0, 127.49, 70, 100, 150.00, 780, 150.00, 0x0000000000000004
2026/10/02 15:47:15.772, 0, 142.37, 70, 100, 150.00, 765, 150.00, 0x0000000000000004
2026/10/02 15:47:15.972, 0, 149.23, 71, 100, 150.00, 765, 150.00, 0x0000000000000004
2026/10/02 15:47:16.173, 0, 147.21, 71, 100, 150.00, 600, 150.00, 0x0000000000000004
2026/10/02 15:47:16.373, 0, 155.12, 70, 100, 150.00, 735, 150.00, 0x0000000000000004
2026/10/02 15:47:16.574, 0, 136.34, 69, 0, 150.00, 1680, 150.00, 0x0000000000000004
2026/10/02 15:47:16.775, 0, 136.68, 70, 98, 150.00, 1170, 150.00, 0x0000000000000004
2026/10/02 15:47:16.975, 0, 120.23, 69, 65, 150.00, 1275, 150.00, 0x0000000000000004
2026/10/02 15:47:17.176, 0, 127.09, 70, 100, 150.00, 780, 150.00, 0x0000000000000004
2026/10/02 15:47:17.376, 0, 118.88, 69, 11, 150.00, 1665, 150.00, 0x0000000000000004
2026/10/02 15:47:17.577, 0, 115.68, 68, 0, 150.00, 1680, 150.00, 0x0000000000000004
2026/10/02 15:47:17.778, 0, 107.91, 68, 0, 150.00, 1695, 150.00, 0x0000000000000000
2026/10/02 15:47:17.978, 0, 102.84, 68, 0, 150.00, 1695, 150.00, 0x0000000000000000
2026/10/02 15:47:18.179, 0, 87.64, 68, 0, 150.00, 1695, 150.00, 0x0000000000000000
2026/10/02 15:47:18.380, 0, 86.97, 70, 100, 150.00, 765, 150.00, 0x0000000000000004
2026/10/02 15:47:18.580, 0, 101.95, 70, 100, 150.00, 765, 150.00, 0x0000000000000004
2026/10/02 15:47:18.781, 0, 119.68, 70, 39, 150.00, 615, 150.00, 0x0000000000000004
2026/10/02 15:47:18.981, 0, 131.36, 69, 48, 150.00, 1590, 150.00, 0x0000000000000004
2026/10/02 15:47:19.182, 0, 138.71, 68, 4, 150.00, 1665, 150.00, 0x0000000000000004
2026/10/02 15:47:19.383, 0, 139.32, 68, 31, 150.00, 1635, 150.00, 0x0000000000000004
2026/10/02 15:47:19.583, 0, 126.09, 68, 0, 150.00, 1680, 150.00, 0x0000000000000004
2026/10/02 15:47:19.784, 0, 123.58, 68, 4, 150.00, 1095, 150.00, 0x0000000000000000
2026/10/02 15:47:19.984, 0, 95.24, 68, 0, 150.00, 1680, 150.00, 0x0000000000000004
2026/10/02 15:47:20.185, 0, 89.24, 68, 0, 150.00, 1680, 150.00, 0x0000000000000004
2026/10/02 15:47:20.385, 0, 74.69, 67, 0, 150.00, 1695, 150.00, 0x0000000000000000
2026/10/02 15:47:20.586, 0, 95.40, 69, 100, 150.00, 780, 150.00, 0x0000000000000004
2026/10/02 15:47:20.787, 0, 108.43, 70, 74, 150.00, 690, 150.00, 0x0000000000000004
2026/10/02 15:47:20.987, 0, 120.12, 69, 19, 150.00, 1275, 150.00, 0x0000000000000004
2026/10/02 15:47:21.188, 0, 119.65, 69, 67, 150.00, 1335, 150.00, 0x0000000000000004
2026/10/02 15:47:21.388, 0, 120.47, 68, 0, 150.00, 1680, 150.00, 0x0000000000000004
2026/10/02 15:47:21.589, 0, 114.65, 68, 53, 150.00, 1560, 150.00, 0x0000000000000004
2026/10/02 15:47:21.789, 0, 111.53, 70, 100, 150.00, 765, 150.00, 0x0000000000000004
2026/10/02 15:47:21.990, 0, 92.03, 69, 0, 150.00, 1680, 150.00, 0x0000000000000004
2026/10/02 15:47:22.191, 0, 99.40, 69, 72, 150.00, 1470, 150.00, 0x0000000000000004
2026/10/02 15:47:22.391, 0, 97.52, 69, 0, 150.00, 1560, 150.00, 0x0000000000000004
2026/10/02 15:47:22.591, 0, 85.84, 68, 0, 150.00, 1680, 150.00, 0x0000000000000004
2026/10/02 15:47:22.792, 0, 83.34, 68, 0, 150.00, 1680, 150.00, 0x0000000000000004
2026/10/02 15:47:22.992, 0, 77.71, 68, 0, 150.00, 1695, 150.00, 0x0000000000000000
2026/10/02 15:47:23.193, 0, 72.47, 68, 59, 150.00, 1530, 150.00, 0x0000000000000004
2026/10/02 15:47:23.394, 0, 72.52, 68, 0, 150.00, 1680, 150.00, 0x0000000000000004
2026/10/02 15:47:23.594, 0, 73.69, 67, 0, 150.00, 1695, 150.00, 0x0000000000000000
2026/10/02 15:47:23.795, 0, 81.68, 69, 58, 150.00, 870, 150.00, 0x0000000000000004
2026/10/02 15:47:23.995, 0, 86.93, 68, 0, 150.00, 660, 150.00, 0x0000000000000004
2026/10/02 15:47:24.196, 0, 104.49, 69, 40, 150.00, 915, 150.00, 0x0000000000000004
2026/10/02 15:47:24.397, 0, 104.07, 68, 7, 150.00, 1680, 150.00, 0x0000000000000004
2026/10/02 15:47:24.597, 0, 106.99, 67, 0, 150.00, 1695, 150.00, 0x0000000000000004
2026/10/02 15:47:24.798, 0, 99.28, 68, 5, 150.00, 1515, 150.00, 0x0000000000000004
2026/10/02 15:47:24.998, 0, 108.98, 69, 0, 150.00, 630, 150.00, 0x0000000000000004
2026/10/02 15:47:25.199, 0, 101.53, 69, 23, 150.00, 780, 150.00, 0x0000000000000004
2026/10/02 15:47:25.400, 0, 95.99, 68, 62, 150.00, 1680, 150.00, 0x0000000000000004
2026/10/02 15:47:25.600, 0, 103.18, 68, 60, 150.00, 1665, 150.00, 0x0000000000000004
2026/10/02 15:47:25.801, 0, 95.76, 67, 0, 150.00, 1680, 150.00, 0x0000000000000004
2026/10/02 15:47:26.002, 0, 112.48, 69, 66, 150.00, 615, 150.00, 0x0000000000000004
2026/10/02 15:47:26.202, 0, 123.47, 70, 68, 150.00, 675, 150.00, 0x0000000000000004
2026/10/02 15:47:26.403, 0, 133.99, 70, 40, 150.00, 615, 150.00, 0x0000000000000004
2026/10/02 15:47:26.603, 0, 126.02, 68, 26, 150.00, 1680, 150.00, 0x0000000000000004
2026/10/02 15:47:26.804, 0, 149.12, 69, 0, 150.00, 615, 150.00, 0x0000000000000004
2026/10/02 15:47:27.005, 0, 155.04, 69, 33, 150.00, 630, 150.00, 0x0000000000000004
2026/10/02 15:47:27.205, 0, 134.62, 68, 100, 150.00, 1665, 150.00, 0x0000000000000004
2026/10/02 15:47:27.406, 0, 110.69, 68, 0, 150.00, 1365, 150.00, 0x0000000000000004
2026/10/02 15:47:27.606, 0, 108.04, 67, 0, 150.00, 1680, 150.00, 0x0000000000000004
2026/10/02 15:47:27.807, 0, 108.02, 67, 0, 150.00, 1695, 150.00, 0x0000000000000004
2026/10/02 15:47:28.007, 0, 93.51, 67, 0, 150.00, 1695, 150.00, 0x0000000000000000
2026/10/02 15:47:28.208, 0, 72.54, 67, 0, 150.00, 1695, 150.00, 0x0000000000000000
2026/10/02 15:47:28.408, 0, 84.91, 69, 0, 150.00, 645, 150.00, 0x0000000000000004
2026/10/02 15:47:28.609, 0, 99.42, 68, 38, 150.00, 1605, 150.00, 0x0000000000000004
2026/10/02 15:47:28.810, 0, 96.99, 67, 0, 150.00, 1680, 150.00, 0x0000000000000004
2026/10/02 15:47:29.010, 0, 111.13, 68, 0, 150.00, 630, 150.00, 0x0000000000000004
2026/10/02 15:47:29.211, 0, 110.17, 67, 17, 150.00, 1680, 150.00, 0x0000000000000004
2026/10/02 15:47:29.411, 0, 106.73, 67, 0, 150.00, 1680, 150.00, 0x0000000000000004
2026/10/02 15:47:29.612, 0, 84.89, 68, 0, 150.00, 1200, 150.00, 0x0000000000000004
2026/10/02 15:47:29.812, 0, 85.80, 67, 0, 150.00, 1680, 150.00, 0x0000000000000004
2026/10/02 15:47:30.013, 0, 100.85, 68, 0, 150.00, 660, 150.00, 0x0000000000000004
2026/10/02 15:47:30.214, 0, 91.39, 67, 30, 150.00, 1680, 150.00, 0x0000000000000004
2026/10/02 15:47:30.414, 0, 89.65, 67, 0, 150.00, 1680, 150.00, 0x0000000000000004
2026/10/02 15:47:30.615, 0, 89.36, 67, 66, 150.00, 1680, 150.00, 0x0000000000000004
2026/10/02 15:47:30.816, 0, 94.56, 68, 0, 150.00, 945, 150.00, 0x0000000000000004
2026/10/02 15:47:31.016, 0, 93.92, 67, 6, 150.00, 1680, 150.00, 0x0000000000000004
2026/10/02 15:47:31.217, 0, 79.80, 67, 0, 150.00, 1695, 150.00, 0x0000000000000004
2026/10/02 15:47:31.417, 0, 92.16, 67, 13, 150.00, 1575, 150.00, 0x0000000000000004
2026/10/02 15:47:31.618, 0, 90.27, 67, 0, 150.00, 1680, 150.00, 0x0000000000000004
2026/10/02 15:47:31.819, 0, 90.56, 66, 0, 150.00, 1695, 150.00, 0x0000000000000000
2026/10/02 15:47:32.019, 0, 89.38, 67, 0, 150.00, 1140, 150.00, 0x0000000000000004
2026/10/02 15:47:32.220, 0, 87.86, 67, 0, 150.00, 1470, 150.00, 0x0000000000000004
2026/10/02 15:47:32.421, 0, 74.25, 67, 0, 150.00, 1680, 150.00, 0x0000000000000004
2026/10/02 15:47:32.621, 0, 75.81, 66, 0, 150.00, 1695, 150.00, 0x0000000000000000
2026/10/02 15:47:32.822, 0, 90.46, 68, 62, 150.00, 945, 150.00, 0x0000000000000004
2026/10/02 15:47:33.022, 0, 88.27, 67, 6, 150.00, 1680, 150.00, 0x0000000000000004
2026/10/02 15:47:33.222, 0, 103.96, 68, 17, 150.00, 780, 150.00, 0x0000000000000004
2026/10/02 15:47:33.423, 0, 117.31, 68, 100, 150.00, 1230, 150.00, 0x0000000000000004
2026/10/02 15:47:33.624, 0, 132.62, 69, 60, 150.00, 780, 150.00, 0x0000000000000004
2026/10/02 15:47:33.824, 0, 133.56, 68, 100, 150.00, 1575, 150.00, 0x0000000000000004
2026/10/02 15:47:34.025, 0, 131.63, 67, 62, 150.00, 1680, 150.00, 0x0000000000000004
2026/10/02 15:47:34.225, 0, 113.46, 67, 0, 150.00, 1680, 150.00, 0x0000000000000004
2026/10/02 15:47:34.426, 0, 97.29, 67, 0, 150.00, 1320, 150.00, 0x0000000000000004
2026/10/02 15:47:34.626, 0, 94.32, 68, 0, 150.00, 645, 150.00, 0x0000000000000004
2026/10/02 15:47:34.827, 0, 84.00, 67, 22, 150.00, 1680, 150.00, 0x0000000000000004
2026/10/02 15:47:35.027, 0, 84.29, 67, 0, 150.00, 1500, 150.00, 0x0000000000000004
2026/10/02 15:47:35.228, 0, 84.28, 67, 0, 150.00, 1680, 150.00, 0x0000000000000004
2026/10/02 15:47:35.429, 0, 99.37, 68, 60, 150.00, 630, 150.00, 0x0000000000000004
2026/10/02 15:47:35.629, 0, 122.54, 69, 63, 150.00, 720, 150.00, 0x0000000000000004
2026/10/02 15:47:35.830, 0, 117.83, 67, 93, 150.00, 1635, 150.00, 0x0000000000000004
2026/10/02 15:47:36.030, 0, 117.20, 67, 0, 150.00, 1680, 150.00, 0x0000000000000004
2026/10/02 15:47:36.231, 0, 129.09, 67, 64, 150.00, 1665, 150.00, 0x0000000000000004
2026/10/02 15:47:36.431, 0, 145.04, 69, 38, 150.00, 780, 150.00, 0x0000000000000004
2026/10/02 15:47:36.632, 0, 125.84, 68, 100, 150.00, 1440, 150.00, 0x0000000000000004
2026/10/02 15:47:36.833, 0, 105.73, 67, 0, 150.00, 1680, 150.00, 0x0000000000000004
2026/10/02 15:47:37.033, 0, 116.81, 68, 0, 150.00, 795, 150.00, 0x0000000000000004
2026/10/02 15:47:37.234, 0, 107.94, 68, 64, 150.00, 1530, 150.00, 0x0000000000000004
2026/10/02 15:47:37.434, 0, 109.68, 68, 0, 150.00, 630, 150.00, 0x0000000000000004
2026/10/02 15:47:37.635, 0, 94.00, 67, 33, 150.00, 1680, 150.00, 0x0000000000000004
2026/10/02 15:47:37.836, 0, 104.15, 67, 62, 150.00, 1665, 150.00, 0x0000000000000004
2026/10/02 15:47:38.036, 0, 101.31, 67, 0, 150.00, 1680, 150.00, 0x0000000000000004
2026/10/02 15:47:38.237, 0, 92.86, 66, 0, 150.00, 1695, 150.00, 0x0000000000000000
2026/10/02 15:47:38.437, 0, 94.33, 66, 0, 150.00, 1695, 150.00, 0x0000000000000000
2026/10/02 15:47:38.638, 0, 79.93, 67, 0, 150.00, 1335, 150.00, 0x0000000000000004
2026/10/02 15:47:38.838, 0, 86.74, 67, 28, 150.00, 1620, 150.00, 0x0000000000000004
2026/10/02 15:47:39.039, 0, 91.87, 67, 0, 150.00, 1185, 150.00, 0x0000000000000004
2026/10/02 15:47:39.240, 0, 104.96, 68, 58, 150.00, 930, 150.00, 0x0000000000000004
2026/10/02 15:47:39.440, 0, 105.75, 67, 44, 150.00, 1245, 150.00, 0x0000000000000004
2026/10/02 15:47:39.640, 0, 108.88, 68, 0, 150.00, 720, 150.00, 0x0000000000000004
2026/10/02 15:47:39.841, 0, 94.33, 67, 87, 150.00, 1680, 150.00, 0x0000000000000004
2026/10/02 15:47:40.041, 0, 95.59, 66, 0, 150.00, 1680, 150.00, 0x0000000000000004
2026/10/02 15:47:40.242, 0, 92.29, 66, 0, 150.00, 1695, 150.00, 0x0000000000000000
2026/10/02 15:47:40.442, 0, 95.29, 67, 0, 150.00, 795, 150.00, 0x0000000000000000
2026/10/02 15:47:40.643, 0, 92.11, 67, 43, 150.00, 1680, 150.00, 0x0000000000000004
2026/10/02 15:47:40.843, 0, 94.06, 68, 68, 150.00, 780, 150.00, 0x0000000000000004
2026/10/02 15:47:41.044, 0, 106.25, 67, 71, 150.00, 1590, 150.00, 0x0000000000000004
2026/10/02 15:47:41.245, 0, 113.29, 67, 64, 150.00, 1665, 150.00, 0x0000000000000004
2026/10/02 15:47:41.445, 0, 124.75, 68, 0, 150.00, 645, 150.00, 0x0000000000000004
2026/10/02 15:47:41.646, 0, 124.49, 67, 100, 150.00, 1665, 150.00, 0x0000000000000004
2026/10/02 15:47:41.846, 0, 116.88, 66, 0, 150.00, 1680, 150.00, 0x0000000000000004
2026/10/02 15:47:42.046, 0, 99.66, 66, 0, 150.00, 1695, 150.00, 0x0000000000000000
2026/10/02 15:47:42.247, 0, 103.63, 67, 0, 150.00, 840, 150.00, 0x0000000000000004
2026/10/02 15:47:42.448, 0, 108.94, 67, 8, 150.00, 1155, 150.00, 0x0000000000000004
2026/10/02 15:47:42.648, 0, 84.69, 66, 57, 150.00, 1680, 150.00, 0x0000000000000004
2026/10/02 15:47:42.849, 0, 85.23, 66, 0, 150.00, 1680, 150.00, 0x0000000000000004
2026/10/02 15:47:43.049, 0, 85.17, 67, 0, 150.00, 1500, 150.00, 0x0000000000000004
2026/10/02 15:47:43.250, 0, 83.33, 67, 62, 150.00, 1410, 150.00, 0x0000000000000004
2026/10/02 15:47:43.451, 0, 69.03, 67, 63, 150.00, 1680, 150.00, 0x0000000000000004
2026/10/02 15:47:43.651, 0, 70.73, 66, 0, 150.00, 1680, 150.00, 0x0000000000000004
2026/10/02 15:47:43.852, 0, 70.87, 66, 0, 150.00, 1695, 150.00, 0x0000000000000000
2026/10/02 15:47:44.052, 0, 81.06, 67, 14, 150.00, 1485, 150.00, 0x0000000000000004
2026/10/02 15:47:44.253, 0, 81.31, 66, 61, 150.00, 1680, 150.00, 0x0000000000000004
2026/10/02 15:47:44.454, 0, 90.88, 67, 61, 150.00, 1155, 150.00, 0x0000000000000004
2026/10/02 15:47:44.654, 0, 91.39, 66, 63, 150.00, 1680, 150.00, 0x0000000000000004
2026/10/02 15:47:44.855, 0, 91.33, 66, 0, 150.00, 1680, 150.00, 0x0000000000000004
2026/10/02 15:47:45.055, 0, 78.29, 66, 61, 150.00, 1680, 150.00, 0x0000000000000004
2026/10/02 15:47:45.256, 0, 95.73, 68, 0, 150.00, 645, 150.00, 0x0000000000000004
2026/10/02 15:47:45.457, 0, 87.46, 66, 24, 150.00, 1680, 150.00, 0x0000000000000004
2026/10/02 15:47:45.657, 0, 100.65, 67, 6, 150.00, 780, 150.00, 0x0000000000000004
2026/10/02 15:47:45.858, 0, 101.98, 67, 47, 150.00, 1410, 150.00, 0x0000000000000004
2026/10/02 15:47:46.058, 0, 98.59, 66, 0, 150.00, 1680, 150.00, 0x0000000000000004
2026/10/02 15:47:46.259, 0, 98.75, 66, 0, 150.00, 1695, 150.00, 0x0000000000000004
2026/10/02 15:47:46.459, 0, 84.81, 66, 0, 150.00, 1695, 150.00, 0x0000000000000000
2026/10/02 15:47:46.660, 0, 93.43, 67, 0, 150.00, 660, 150.00, 0x0000000000000004
2026/10/02 15:47:46.860, 0, 86.51, 66, 29, 150.00, 1680, 150.00, 0x0000000000000004
2026/10/02 15:47:47.061, 0, 103.54, 67, 0, 150.00, 675, 150.00, 0x0000000000000004
2026/10/02 15:47:47.262, 0, 126.90, 68, 41, 150.00, 795, 150.00, 0x0000000000000004
2026/10/02 15:47:47.462, 0, 137.65, 68, 96, 150.00, 1290, 150.00, 0x0000000000000004
2026/10/02 15:47:47.663, 0, 134.45, 67, 0, 150.00, 1185, 150.00, 0x0000000000000004
2026/10/02 15:47:47.863, 0, 119.39, 66, 0, 150.00, 1680, 150.00, 0x0000000000000004
2026/10/02 15:47:48.064, 0, 126.36, 68, 0, 150.00, 795, 150.00, 0x0000000000000004
2026/10/02 15:47:48.264, 0, 111.24, 68, 50, 150.00, 690, 150.00, 0x0000000000000004
2026/10/02 15:47:48.465, 0, 95.34, 66, 38, 150.00, 1680, 150.00, 0x0000000000000004
2026/10/02 15:47:48.665, 0, 93.06, 66, 0, 150.00, 1680, 150.00, 0x0000000000000004
2026/10/02 15:47:48.866, 0, 90.41, 66, 0, 150.00, 1695, 150.00, 0x0000000000000000
2026/10/02 15:47:49.066, 0, 105.91, 66, 30, 150.00, 1620, 150.00, 0x0000000000000004
2026/10/02 15:47:49.267, 0, 100.15, 66, 0, 150.00, 1680, 150.00, 0x0000000000000004
2026/10/02 15:47:49.467, 0, 102.67, 67, 0, 150.00, 660, 150.00, 0x0000000000000000
2026/10/02 15:47:49.668, 0, 104.54, 66, 30, 150.00, 1680, 150.00, 0x0000000000000004
2026/10/02 15:47:49.869, 0, 104.37, 65, 0, 150.00, 1680, 150.00, 0x0000000000000004
2026/10/02 15:47:50.069, 0, 84.87, 65, 0, 150.00, 1695, 150.00, 0x0000000000000000
2026/10/02 15:47:50.270, 0, 86.06, 65, 0, 150.00, 1695, 150.00, 0x0000000000000000
2026/10/02 15:47:50.470, 0, 103.70, 67, 52, 150.00, 975, 150.00, 0x0000000000000004
2026/10/02 15:47:50.671, 0, 88.98, 66, 7, 150.00, 1680, 150.00, 0x0000000000000004
2026/10/02 15:47:50.871, 0, 93.15, 66, 0, 150.00, 1260, 150.00, 0x0000000000000004
2026/10/02 15:47:51.072, 0, 92.65, 65, 0, 150.00, 1680, 150.00, 0x0000000000000004
2026/10/02 15:47:51.272, 0, 92.52, 65, 0, 150.00, 1695, 150.00, 0x0000000000000004
2026/10/02 15:47:51.473, 0, 80.13, 65, 0, 150.00, 1695, 150.00, 0x0000000000000000
2026/10/02 15:47:51.673, 0, 73.51, 65, 0, 150.00, 1695, 150.00, 0x0000000000000000
2026/10/02 15:47:51.874, 0, 73.50, 65, 0, 150.00, 1695, 150.00, 0x0000000000000000
2026/10/02 15:47:52.074, 0, 97.48, 66, 0, 150.00, 1200, 150.00, 0x0000000000000004
2026/10/02 15:47:52.275, 0, 109.74, 67, 12, 150.00, 810, 150.00, 0x0000000000000004
2026/10/02 15:47:52.475, 0, 130.92, 67, 78, 150.00, 1380, 150.00, 0x0000000000000004
2026/10/02 15:47:52.676, 0, 130.36, 66, 4, 150.00, 1680, 150.00, 0x0000000000000004
2026/10/02 15:47:52.877, 0, 135.73, 66, 13, 150.00, 1635, 150.00, 0x0000000000000004
2026/10/02 15:47:53.077, 0, 119.37, 65, 0, 150.00, 1680, 150.00, 0x0000000000000004
2026/10/02 15:47:53.278, 0, 126.88, 66, 23, 150.00, 1650, 150.00, 0x0000000000000004
2026/10/02 15:47:53.478, 0, 99.95, 66, 0, 150.00, 1485, 150.00, 0x0000000000000004
2026/10/02 15:47:53.679, 0, 109.16, 66, 0, 150.00, 1350, 150.00, 0x0000000000000004
2026/10/02 15:47:53.879, 0, 100.22, 66, 2, 150.00, 630, 150.00, 0x0000000000000004
2026/10/02 15:47:54.080, 0, 102.95, 65, 58, 150.00, 1680, 150.00, 0x0000000000000004
2026/10/02 15:47:54.280, 0, 97.52, 66, 21, 150.00, 1650, 150.00, 0x0000000000000004
2026/10/02 15:47:54.481, 0, 98.81, 65, 0, 150.00, 1680, 150.00, 0x0000000000000004
2026/10/02 15:47:54.682, 0, 106.26, 67, 0, 150.00, 750, 150.00, 0x0000000000000004
2026/10/02 15:47:54.882, 0, 101.15, 66, 100, 150.00, 1575, 150.00, 0x0000000000000004
2026/10/02 15:47:55.083, 0, 106.94, 66, 58, 150.00, 1680, 150.00, 0x0000000000000004
2026/10/02 15:47:55.283, 0, 93.25, 65, 0, 150.00, 1680, 150.00, 0x0000000000000004
2026/10/02 15:47:55.484, 0, 113.42, 67, 0, 150.00, 675, 150.00, 0x0000000000000000
2026/10/02 15:47:55.684, 0, 108.37, 65, 39, 150.00, 1680, 150.00, 0x0000000000000004
2026/10/02 15:47:55.885, 0, 113.59, 67, 21, 150.00, 795, 150.00, 0x0000000000000004
2026/10/02 15:47:56.086, 0, 127.99, 67, 100, 150.00, 975, 150.00, 0x0000000000000004
2026/10/02 15:47:56.286, 0, 127.55, 66, 25, 150.00, 1680, 150.00, 0x0000000000000004
2026/10/02 15:47:56.487, 0, 127.60, 65, 0, 150.00, 1695, 150.00, 0x0000000000000004
2026/10/02 15:47:56.687, 0, 120.19, 66, 0, 150.00, 810, 150.00, 0x0000000000000004
2026/10/02 15:47:56.888, 0, 112.04, 66, 100, 150.00, 1635, 150.00, 0x0000000000000004
2026/10/02 15:47:57.088, 0, 108.61, 66, 0, 150.00, 600, 150.00, 0x0000000000000004
2026/10/02 15:47:57.289, 0, 93.76, 65, 51, 150.00, 1680, 150.00, 0x0000000000000004
2026/10/02 15:47:57.489, 0, 107.38, 67, 60, 150.00, 1485, 150.00, 0x0000000000000004
2026/10/02 15:47:57.690, 0, 117.97, 66, 24, 150.00, 1650, 150.00, 0x0000000000000004
2026/10/02 15:47:57.891, 0, 103.94, 66, 0, 150.00, 1530, 150.00, 0x0000000000000004
2026/10/02 15:47:58.091, 0, 111.03, 67, 0, 150.00, 990, 150.00, 0x0000000000000004
2026/10/02 15:47:58.292, 0, 111.68, 66, 23, 150.00, 750, 150.00, 0x0000000000000004
2026/10/02 15:47:58.492, 0, 99.04, 66, 65, 150.00, 1560, 150.00, 0x0000000000000004
2026/10/02 15:47:58.693, 0, 80.92, 65, 0, 150.00, 1680, 150.00, 0x0000000000000004
2026/10/02 15:47:58.894, 0, 82.18, 65, 0, 150.00, 1695, 150.00, 0x0000000000000000
2026/10/02 15:47:59.094, 0, 82.52, 65, 0, 150.00, 1695, 150.00, 0x0000000000000000
2026/10/02 15:47:59.295, 0, 69.76, 65, 0, 150.00, 1695, 150.00, 0x0000000000000000
2026/10/02 15:47:59.495, 0, 69.84, 65, 0, 150.00, 1695, 150.00, 0x0000000000000000
2026/10/02 15:47:59.696, 0, 69.84, 65, 0, 150.00, 1695, 150.00, 0x0000000000000000
2026/10/02 15:47:59.897, 0, 105.37, 65, 0, 150.00, 1590, 150.00, 0x0000000000000004
2026/10/02 15:48:00.097, 0, 126.53, 67, 48, 150.00, 780, 150.00, 0x0000000000000004
2026/10/02 15:48:00.298, 0, 126.14, 65, 79, 150.00, 1680, 150.00, 0x0000000000000004
2026/10/02 15:48:00.498, 0, 127.09, 65, 65, 150.00, 1680, 150.00, 0x0000000000000004
2026/10/02 15:48:00.699, 0, 130.59, 67, 61, 150.00, 795, 150.00, 0x0000000000000004
2026/10/02 15:48:00.900, 0, 109.08, 65, 77, 150.00, 1680, 150.00, 0x0000000000000004
2026/10/02 15:48:01.100, 0, 121.29, 67, 34, 150.00, 795, 150.00, 0x0000000000000004
2026/10/02 15:48:01.301, 0, 128.60, 67, 100, 150.00, 795, 150.00, 0x0000000000000004
2026/10/02 15:48:01.501, 0, 141.04, 66, 100, 150.00, 615, 150.00, 0x0000000000000004
2026/10/02 15:48:01.702, 0, 125.50, 65, 0, 150.00, 1680, 150.00, 0x0000000000000004
2026/10/02 15:48:01.903, 0, 136.66, 65, 11, 150.00, 1680, 150.00, 0x0000000000000004
2026/10/02 15:48:02.103, 0, 113.65, 65, 0, 150.00, 1680, 150.00, 0x0000000000000004
2026/10/02 15:48:02.304, 0, 96.08, 66, 64, 150.00, 1590, 150.00, 0x0000000000000004
2026/10/02 15:48:02.504, 0, 109.51, 66, 27, 150.00, 1665, 150.00, 0x0000000000000004
2026/10/02 15:48:02.705, 0, 114.82, 67, 44, 150.00, 1095, 150.00, 0x0000000000000004
2026/10/02 15:48:02.906, 0, 111.50, 66, 43, 150.00, 1650, 150.00, 0x0000000000000004
2026/10/02 15:48:03.106, 0, 119.72, 67, 48, 150.00, 1170, 150.00, 0x0000000000000004
2026/10/02 15:48:03.307, 0, 119.44, 65, 0, 150.00, 1680, 150.00, 0x0000000000000004
2026/10/02 15:48:03.508, 0, 118.98, 67, 81, 150.00, 795, 150.00, 0x0000000000000004
2026/10/02 15:48:03.708, 0, 134.91, 67, 100, 150.00, 780, 150.00, 0x0000000000000004
2026/10/02 15:48:03.909, 0, 111.27, 67, 61, 150.00, 1470, 150.00, 0x0000000000000004
2026/10/02 15:48:04.110, 0, 127.64, 67, 30, 150.00, 825, 150.00, 0x0000000000000004
2026/10/02 15:48:04.310, 0, 120.28, 65, 0, 150.00, 1680, 150.00, 0x0000000000000004
2026/10/02 15:48:04.511, 0, 108.88, 65, 0, 150.00, 1695, 150.00, 0x0000000000000004
2026/10/02 15:48:04.711, 0, 94.67, 65, 0, 150.00, 1695, 150.00, 0x0000000000000000
2026/10/02 15:48:04.912, 0, 88.15, 65, 0, 150.00, 1695, 150.00, 0x0000000000000000
2026/10/02 15:48:05.112, 0, 85.89, 65, 0, 150.00, 1695, 150.00, 0x0000000000000000
2026/10/02 15:48:05.313, 0, 77.78, 66, 66, 150.00, 870, 150.00, 0x0000000000000004
2026/10/02 15:48:05.514, 0, 84.23, 66, 59, 150.00, 1620, 150.00, 0x0000000000000004
2026/10/02 15:48:05.714, 0, 83.99, 65, 0, 150.00, 1680, 150.00, 0x0000000000000004
2026/10/02 15:48:05.915, 0, 98.13, 65, 18, 150.00, 1665, 150.00, 0x0000000000000004
2026/10/02 15:48:06.115, 0, 97.99, 65, 0, 150.00, 1680, 150.00, 0x0000000000000004
2026/10/02 15:48:06.316, 0, 88.35, 65, 0, 150.00, 1695, 150.00, 0x0000000000000000
2026/10/02 15:48:06.517, 0, 97.12, 66, 49, 150.00, 1200, 150.00, 0x0000000000000004
2026/10/02 15:48:06.717, 0, 112.72, 65, 30, 150.00, 1665, 150.00, 0x0000000000000004
2026/10/02 15:48:06.918, 0, 96.29, 66, 65, 150.00, 1500, 150.00, 0x0000000000000004
2026/10/02 15:48:07.118, 0, 114.91, 65, 38, 150.00, 1650, 150.00, 0x0000000000000004
2026/10/02 15:48:07.319, 0, 114.76, 65, 0, 150.00, 1680, 150.00, 0x0000000000000004
2026/10/02 15:48:07.519, 0, 135.78, 67, 33, 150.00, 645, 150.00, 0x0000000000000004
2026/10/02 15:48:07.720, 0, 123.88, 66, 99, 150.00, 1410, 150.00, 0x0000000000000004
2026/10/02 15:48:07.920, 0, 123.62, 66, 63, 150.00, 1575, 150.00, 0x0000000000000004
2026/10/02 15:48:08.121, 0, 112.27, 66, 63, 150.00, 1410, 150.00, 0x0000000000000004
2026/10/02 15:48:08.322, 0, 124.40, 67, 94, 150.00, 825, 150.00, 0x0000000000000004
2026/10/02 15:48:08.522, 0, 116.77, 66, 36, 150.00, 1665, 150.00, 0x0000000000000004
2026/10/02 15:48:08.723, 0, 93.97, 65, 0, 150.00, 1680, 150.00, 0x0000000000000004
2026/10/02 15:48:08.923, 0, 87.95, 65, 0, 150.00, 1695, 150.00, 0x0000000000000000
2026/10/02 15:48:09.124, 0, 89.12, 65, 0, 150.00, 1695, 150.00, 0x0000000000000000
2026/10/02 15:48:09.324, 0, 84.56, 65, 0, 150.00, 1695, 150.00, 0x0000000000000000
2026/10/02 15:48:09.525, 0, 78.15, 65, 0, 150.00, 1695, 150.00, 0x0000000000000000
2026/10/02 15:48:09.726, 0, 78.15, 65, 0, 150.00, 1695, 150.00, 0x0000000000000000
2026/10/02 15:48:09.926, 0, 78.15, 65, 0, 150.00, 1695, 150.00, 0x0000000000000000
2026/10/02 15:48:10.127, 0, 131.55, 66, 100, 150.00, 915, 150.00, 0x0000000000000004
2026/10/02 15:48:10.327, 0, 130.34, 64, 0, 150.00, 1680, 150.00, 0x0000000000000004
2026/10/02 15:48:10.528, 0, 124.92, 64, 0, 150.00, 1695, 150.00, 0x0000000000000004
2026/10/02 15:48:10.728, 0, 116.76, 64, 0, 150.00, 1695, 150.00, 0x0000000000000000
2026/10/02 15:48:10.929, 0, 112.44, 65, 0, 150.00, 1680, 150.00, 0x0000000000000004
2026/10/02 15:48:11.130, 0, 96.75, 66, 100, 150.00, 1380, 150.00, 0x0000000000000004
2026/10/02 15:48:11.330, 0, 101.84, 66, 51, 150.00, 1215, 150.00, 0x0000000000000004
2026/10/02 15:48:11.531, 0, 101.23, 65, 0, 150.00, 1680, 150.00, 0x0000000000000004
2026/10/02 15:48:11.731, 0, 104.14, 65, 64, 150.00, 1530, 150.00, 0x0000000000000004
2026/10/02 15:48:11.932, 0, 98.05, 64, 0, 150.00, 1680, 150.00, 0x0000000000000004
2026/10/02 15:48:12.133, 0, 107.42, 66, 100, 150.00, 795, 150.00, 0x0000000000000004
2026/10/02 15:48:12.333, 0, 98.89, 66, 63, 150.00, 1245, 150.00, 0x0000000000000004
2026/10/02 15:48:12.534, 0, 100.86, 65, 0, 150.00, 1680, 150.00, 0x0000000000000004
2026/10/02 15:48:12.734, 0, 106.28, 65, 5, 150.00, 1680, 150.00, 0x0000000000000004
2026/10/02 15:48:12.935, 0, 123.85, 66, 43, 150.00, 1080, 150.00, 0x0000000000000004
2026/10/02 15:48:13.136, 0, 105.77, 65, 0, 150.00, 1680, 150.00, 0x0000000000000004
2026/10/02 15:48:13.336, 0, 90.61, 64, 0, 150.00, 1695, 150.00, 0x0000000000000004
2026/10/02 15:48:13.537, 0, 90.59, 65, 0, 150.00, 1050, 150.00, 0x0000000000000000
2026/10/02 15:48:13.737, 0, 81.07, 65, 0, 150.00, 1680, 150.00, 0x0000000000000004
2026/10/02 15:48:13.938, 0, 81.54, 64, 0, 150.00, 1680, 150.00, 0x0000000000000004
2026/10/02 15:48:14.139, 0, 69.94, 64, 0, 150.00, 1695, 150.00, 0x0000000000000000
2026/10/02 15:48:14.339, 0, 70.01, 64, 0, 150.00, 1695, 150.00, 0x0000000000000000
2026/10/02 15:48:14.540, 0, 69.99, 64, 0, 150.00, 1695, 150.00, 0x0000000000000000
2026/10/02 15:48:14.740, 0, 81.30, 64, 3, 150.00, 1080, 150.00, 0x0000000000000004
2026/10/02 15:48:14.941, 0, 80.71, 64, 0, 150.00, 1680, 150.00, 0x0000000000000004
2026/10/02 15:48:15.142, 0, 80.59, 64, 0, 150.00, 1680, 150.00, 0x0000000000000004
2026/10/02 15:48:15.342, 0, 91.70, 64, 9, 150.00, 1680, 150.00, 0x0000000000000004
2026/10/02 15:48:15.543, 0, 91.56, 64, 0, 150.00, 1680, 150.00, 0x0000000000000004
2026/10/02 15:48:15.743, 0, 79.73, 64, 0, 150.00, 1695, 150.00, 0x0000000000000000
2026/10/02 15:48:15.944, 0, 80.70, 64, 0, 150.00, 1695, 150.00, 0x0000000000000000
2026/10/02 15:48:16.144, 0, 80.91, 64, 0, 150.00, 1695, 150.00, 0x0000000000000000
2026/10/02 15:48:16.345, 0, 80.96, 64, 0, 150.00, 1695, 150.00, 0x0000000000000000
2026/10/02 15:48:16.545, 0, 97.60, 66, 55, 150.00, 645, 150.00, 0x0000000000000004
2026/10/02 15:48:16.746, 0, 104.29, 66, 51, 150.00, 870, 150.00, 0x0000000000000004
2026/10/02 15:48:16.947, 0, 102.82, 65, 0, 150.00, 1680, 150.00, 0x0000000000000004
2026/10/02 15:48:17.147, 0, 102.79, 64, 0, 150.00, 1680, 150.00, 0x0000000000000004
2026/10/02 15:48:17.348, 0, 120.19, 66, 100, 150.00, 1020, 150.00, 0x0000000000000004
2026/10/02 15:48:17.548, 0, 104.58, 64, 0, 150.00, 1680, 150.00, 0x0000000000000004
2026/10/02 15:48:17.749, 0, 87.61, 64, 0, 150.00, 1695, 150.00, 0x0000000000000004
2026/10/02 15:48:17.949, 0, 105.21, 65, 87, 150.00, 1455, 150.00, 0x0000000000000004
2026/10/02 15:48:18.150, 0, 125.03, 66, 100, 150.00, 1380, 150.00, 0x0000000000000004
2026/10/02 15:48:18.350, 0, 111.29, 64, 0, 150.00, 1680, 150.00, 0x0000000000000004
2026/10/02 15:48:18.551, 0, 117.49, 66, 43, 150.00, 735, 150.00, 0x0000000000000004
2026/10/02 15:48:18.752, 0, 129.83, 65, 4, 150.00, 1185, 150.00, 0x0000000000000004
2026/10/02 15:48:18.952, 0, 113.25, 64, 0, 150.00, 1680, 150.00, 0x0000000000000004
2026/10/02 15:48:19.153, 0, 97.08, 64, 0, 150.00, 1680, 150.00, 0x0000000000000004
2026/10/02 15:48:19.353, 0, 90.15, 64, 0, 150.00, 1695, 150.00, 0x0000000000000000
2026/10/02 15:48:19.554, 0, 102.26, 66, 100, 150.00, 945, 150.00, 0x0000000000000004
2026/10/02 15:48:19.755, 0, 91.02, 64, 0, 150.00, 1680, 150.00, 0x0000000000000004
2026/10/02 15:48:19.955, 0, 115.97, 66, 100, 150.00, 900, 150.00, 0x0000000000000004
2026/10/02 15:48:20.156, 0, 124.57, 65, 20, 150.00, 1665, 150.00, 0x0000000000000004
2026/10/02 15:48:20.356, 0, 124.57, 64, 0, 150.00, 1680, 150.00, 0x0000000000000004
2026/10/02 15:48:20.557, 0, 105.12, 64, 0, 150.00, 1695, 150.00, 0x0000000000000000
2026/10/02 15:48:20.758, 0, 104.56, 65, 63, 150.00, 1395, 150.00, 0x0000000000000004
2026/10/02 15:48:20.958, 0, 90.92, 64, 0, 150.00, 1680, 150.00, 0x0000000000000004
2026/10/02 15:48:21.159, 0, 75.13, 64, 0, 150.00, 1695, 150.00, 0x0000000000000004
2026/10/02 15:48:21.359, 0, 100.43, 65, 100, 150.00, 1005, 150.00, 0x0000000000000004
2026/10/02 15:48:21.560, 0, 99.41, 64, 0, 150.00, 1680, 150.00, 0x0000000000000004
2026/10/02 15:48:21.760, 0, 107.20, 65, 53, 150.00, 1305, 150.00, 0x0000000000000004
2026/10/02 15:48:21.961, 0, 101.39, 64, 0, 150.00, 1680, 150.00, 0x0000000000000004
2026/10/02 15:48:22.161, 0, 101.35, 64, 0, 150.00, 1695, 150.00, 0x0000000000000004
2026/10/02 15:48:22.362, 0, 80.25, 64, 0, 150.00, 1695, 150.00, 0x0000000000000000
2026/10/02 15:48:22.562, 0, 93.00, 65, 100, 150.00, 810, 150.00, 0x0000000000000004
2026/10/02 15:48:22.763, 0, 101.36, 64, 32, 150.00, 1665, 150.00, 0x0000000000000004
2026/10/02 15:48:22.964, 0, 91.32, 64, 0, 150.00, 1680, 150.00, 0x0000000000000004
2026/10/02 15:48:23.164, 0, 91.30, 65, 0, 150.00, 750, 150.00, 0x0000000000000000
2026/10/02 15:48:23.365, 0, 96.96, 64, 46, 150.00, 1650, 150.00, 0x0000000000000004
2026/10/02 15:48:23.565, 0, 103.11, 65, 53, 150.00, 750, 150.00, 0x0000000000000004
2026/10/02 15:48:23.766, 0, 100.21, 66, 100, 150.00, 795, 150.00, 0x0000000000000004
2026/10/02 15:48:23.966, 0, 102.72, 64, 0, 150.00, 1680, 150.00, 0x0000000000000004
2026/10/02 15:48:24.167, 0, 118.29, 64, 30, 150.00, 1665, 150.00, 0x0000000000000004
2026/10/02 15:48:24.368, 0, 118.24, 64, 49, 150.00, 1635, 150.00, 0x0000000000000004
2026/10/02 15:48:24.568, 0, 121.25, 65, 65, 150.00, 795, 150.00, 0x0000000000000004
2026/10/02 15:48:24.769, 0, 121.04, 66, 100, 150.00, 795, 150.00, 0x0000000000000004
2026/10/02 15:48:24.969, 0, 146.14, 66, 85, 150.00, 900, 150.00, 0x0000000000000004
2026/10/02 15:48:25.170, 0, 134.21, 65, 58, 150.00, 1620, 150.00, 0x0000000000000004
2026/10/02 15:48:25.370, 0, 126.34, 65, 12, 150.00, 1665, 150.00, 0x0000000000000004
2026/10/02 15:48:25.571, 0, 127.72, 64, 0, 150.00, 1680, 150.00, 0x0000000000000004
2026/10/02 15:48:25.772, 0, 113.26, 64, 0, 150.00, 900, 150.00, 0x0000000000000000
2026/10/02 15:48:25.972, 0, 92.54, 64, 0, 150.00, 1680, 150.00, 0x0000000000000004
2026/10/02 15:48:26.173, 0, 90.90, 64, 16, 150.00, 1665, 150.00, 0x0000000000000004
2026/10/02 15:48:26.373, 0, 80.90, 64, 0, 150.00, 1680, 150.00, 0x0000000000000004
2026/10/02 15:48:26.574, 0, 94.77, 65, 49, 150.00, 1185, 150.00, 0x0000000000000004
2026/10/02 15:48:26.774, 0, 103.91, 65, 57, 150.00, 975, 150.00, 0x0000000000000004
2026/10/02 15:48:26.975, 0, 112.16, 65, 71, 150.00, 1590, 150.00, 0x0000000000000004
2026/10/02 15:48:27.176, 0, 108.64, 65, 22, 150.00, 1665, 150.00, 0x0000000000000004
2026/10/02 15:48:27.376, 0, 109.27, 64, 0, 150.00, 1680, 150.00, 0x0000000000000004
2026/10/02 15:48:27.576, 0, 109.41, 64, 0, 150.00, 1695, 150.00, 0x0000000000000000
2026/10/02 15:48:27.777, 0, 99.05, 64, 0, 150.00, 1320, 150.00, 0x0000000000000000
2026/10/02 15:48:27.978, 0, 94.53, 65, 12, 150.00, 615, 150.00, 0x0000000000000004
2026/10/02 15:48:28.178, 0, 88.60, 64, 34, 150.00, 1665, 150.00, 0x0000000000000004
2026/10/02 15:48:28.379, 0, 99.38, 64, 5, 150.00, 1680, 150.00, 0x0000000000000004
2026/10/02 15:48:28.579, 0, 106.95, 65, 66, 150.00, 795, 150.00, 0x0000000000000004
2026/10/02 15:48:28.780, 0, 124.38, 66, 97, 150.00, 780, 150.00, 0x0000000000000004
2026/10/02 15:48:28.980, 0, 118.80, 65, 26, 150.00, 1665, 150.00, 0x0000000000000004
2026/10/02 15:48:29.181, 0, 121.88, 66, 100, 150.00, 780, 150.00, 0x0000000000000004
2026/10/02 15:48:29.382, 0, 130.32, 67, 100, 150.00, 780, 150.00, 0x0000000000000004
2026/10/02 15:48:29.582, 0, 136.94, 65, 13, 150.00, 1680, 150.00, 0x0000000000000004
2026/10/02 15:48:29.783, 0, 130.76, 65, 63, 150.00, 1365, 150.00, 0x0000000000000004
2026/10/02 15:48:29.983, 0, 119.88, 65, 4, 150.00, 630, 150.00, 0x0000000000000004
2026/10/02 15:48:30.184, 0, 106.72, 64, 0, 150.00, 1410, 150.00, 0x0000000000000004
2026/10/02 15:48:30.385, 0, 99.41, 66, 78, 150.00, 750, 150.00, 0x0000000000000004
2026/10/02 15:48:30.585, 0, 88.11, 65, 0, 150.00, 1680, 150.00, 0x0000000000000004
2026/10/02 15:48:30.786, 0, 108.70, 66, 100, 150.00, 780, 150.00, 0x0000000000000004
2026/10/02 15:48:30.986, 0, 101.50, 65, 66, 150.00, 1530, 150.00, 0x0000000000000004
2026/10/02 15:48:31.187, 0, 99.86, 65, 0, 150.00, 1680, 150.00, 0x0000000000000004
2026/10/02 15:48:31.387, 0, 104.11, 66, 51, 150.00, 930, 150.00, 0x0000000000000004
2026/10/02 15:48:31.588, 0, 110.11, 65, 76, 150.00, 1575, 150.00, 0x0000000000000004
2026/10/02 15:48:31.788, 0, 97.49, 64, 0, 150.00, 1680, 150.00, 0x0000000000000004
2026/10/02 15:48:31.988, 0, 106.64, 66, 23, 150.00, 645, 150.00, 0x0000000000000000
2026/10/02 15:48:32.189, 0, 104.97, 65, 64, 150.00, 1605, 150.00, 0x0000000000000004
2026/10/02 15:48:32.390, 0, 101.63, 64, 0, 150.00, 1680, 150.00, 0x0000000000000004
2026/10/02 15:48:32.590, 0, 105.97, 66, 40, 150.00, 615, 150.00, 0x0000000000000004
2026/10/02 15:48:32.791, 0, 108.62, 64, 0, 150.00, 1680, 150.00, 0x0000000000000004
2026/10/02 15:48:32.992, 0, 105.12, 64, 0, 150.00, 1680, 150.00, 0x0000000000000004
2026/10/02 15:48:33.192, 0, 112.79, 66, 100, 150.00, 795, 150.00, 0x0000000000000004
2026/10/02 15:48:33.393, 0, 133.33, 66, 10, 150.00, 585, 150.00, 0x0000000000000004
2026/10/02 15:48:33.593, 0, 111.18, 65, 0, 150.00, 1680, 150.00, 0x0000000000000004
2026/10/02 15:48:33.794, 0, 123.34, 66, 95, 150.00, 1455, 150.00, 0x0000000000000004
2026/10/02 15:48:33.994, 0, 118.23, 64, 0, 150.00, 1680, 150.00, 0x0000000000000004
2026/10/02 15:48:34.195, 0, 112.20, 65, 8, 150.00, 645, 150.00, 0x0000000000000004
2026/10/02 15:48:34.396, 0, 99.70, 64, 0, 150.00, 1680, 150.00, 0x0000000000000004
2026/10/02 15:48:34.596, 0, 125.39, 66, 69, 150.00, 1230, 150.00, 0x0000000000000004
2026/10/02 15:48:34.797, 0, 124.38, 65, 35, 150.00, 1665, 150.00, 0x0000000000000004
2026/10/02 15:48:34.997, 0, 120.37, 64, 0, 150.00, 1680, 150.00, 0x0000000000000004
2026/10/02 15:48:35.198, 0, 132.15, 65, 15, 150.00, 660, 150.00, 0x0000000000000000
2026/10/02 15:48:35.398, 0, 145.85, 66, 100, 150.00, 795, 150.00, 0x0000000000000004
2026/10/02 15:48:35.599, 0, 138.54, 66, 100, 150.00, 795, 150.00, 0x0000000000000004
2026/10/02 15:48:35.799, 0, 125.50, 67, 100, 150.00, 795, 150.00, 0x0000000000000004
2026/10/02 15:48:36.000, 0, 148.59, 67, 100, 150.00, 495, 150.00, 0x0000000000000004
2026/10/02 15:48:36.201, 0, 154.62, 67, 100, 150.00, 765, 150.00, 0x0000000000000004
2026/10/02 15:48:36.401, 0, 150.62, 67, 64, 150.00, 690, 150.00, 0x0000000000000004
2026/10/02 15:48:36.602, 0, 154.20, 67, 100, 150.00, 1350, 150.00, 0x0000000000000004
2026/10/02 15:48:36.802, 0, 152.83, 66, 30, 150.00, 1680, 150.00, 0x0000000000000004
2026/10/02 15:48:37.003, 0, 137.81, 65, 0, 150.00, 1680, 150.00, 0x0000000000000004
2026/10/02 15:48:37.203, 0, 146.01, 66, 100, 150.00, 780, 150.00, 0x0000000000000004
2026/10/02 15:48:37.404, 0, 146.77, 67, 100, 150.00, 780, 150.00, 0x0000000000000004
2026/10/02 15:48:37.604, 0, 143.47, 67, 100, 150.00, 1125, 150.00, 0x0000000000000004
2026/10/02 15:48:37.805, 0, 141.76, 67, 100, 150.00, 1455, 150.00, 0x0000000000000004
2026/10/02 15:48:38.006, 0, 173.73, 67, 88, 150.00, 885, 150.00, 0x0000000000000004
2026/10/02 15:48:38.206, 0, 157.14, 66, 21, 150.00, 1680, 150.00, 0x0000000000000004
2026/10/02 15:48:38.407, 0, 142.46, 65, 0, 150.00, 1680, 150.00, 0x0000000000000004
2026/10/02 15:48:38.607, 0, 133.78, 66, 91, 150.00, 1140, 150.00, 0x0000000000000004
2026/10/02 15:48:38.808, 0, 112.36, 65, 40, 150.00, 615, 150.00, 0x0000000000000004
2026/10/02 15:48:39.009, 0, 104.41, 67, 82, 150.00, 780, 150.00, 0x0000000000000004
2026/10/02 15:48:39.209, 0, 112.40, 67, 100, 150.00, 1455, 150.00, 0x0000000000000004
2026/10/02 15:48:39.410, 0, 129.60, 66, 54, 150.00, 1680, 150.00, 0x0000000000000004
2026/10/02 15:48:39.611, 0, 117.80, 65, 0, 150.00, 810, 150.00, 0x0000000000000004
2026/10/02 15:48:39.811, 0, 121.40, 66, 70, 150.00, 1635, 150.00, 0x0000000000000004
2026/10/02 15:48:40.012, 0, 110.44, 66, 0, 150.00, 1560, 150.00, 0x0000000000000004
2026/10/02 15:48:40.213, 0, 98.90, 65, 0, 150.00, 1680, 150.00, 0x0000000000000004
2026/10/02 15:48:40.413, 0, 104.00, 67, 15, 150.00, 1005, 150.00, 0x0000000000000004
2026/10/02 15:48:40.614, 0, 105.82, 66, 44, 150.00, 1635, 150.00, 0x0000000000000004
2026/10/02 15:48:40.814, 0, 103.17, 67, 0, 150.00, 780, 150.00, 0x0000000000000004
2026/10/02 15:48:41.015, 0, 118.68, 67, 100, 150.00, 1305, 150.00, 0x0000000000000004
2026/10/02 15:48:41.216, 0, 138.15, 67, 76, 150.00, 1515, 150.00, 0x0000000000000004
2026/10/02 15:48:41.416, 0, 118.63, 66, 7, 150.00, 630, 150.00, 0x0000000000000004
2026/10/02 15:48:41.617, 0, 107.18, 66, 63, 150.00, 1635, 150.00, 0x0000000000000004
2026/10/02 15:48:41.817, 0, 120.99, 67, 4, 150.00, 780, 150.00, 0x0000000000000004
2026/10/02 15:48:42.018, 0, 122.27, 67, 100, 150.00, 780, 150.00, 0x0000000000000004
2026/10/02 15:48:42.219, 0, 107.78, 66, 91, 150.00, 1680, 150.00, 0x0000000000000004
2026/10/02 15:48:42.419, 0, 120.47, 67, 8, 150.00, 795, 150.00, 0x0000000000000004
2026/10/02 15:48:42.620, 0, 130.87, 67, 100, 150.00, 780, 150.00, 0x0000000000000004
2026/10/02 15:48:42.820, 0, 140.47, 68, 100, 150.00, 795, 150.00, 0x0000000000000004
2026/10/02 15:48:43.021, 0, 141.40, 68, 100, 150.00, 1455, 150.00, 0x0000000000000004
2026/10/02 15:48:43.221, 0, 136.81, 67, 17, 150.00, 780, 150.00, 0x0000000000000004
2026/10/02 15:48:43.422, 0, 136.43, 67, 61, 150.00, 645, 150.00, 0x0000000000000004
2026/10/02 15:48:43.623, 0, 118.32, 66, 54, 150.00, 1620, 150.00, 0x0000000000000004
2026/10/02 15:48:43.823, 0, 106.34, 65, 0, 150.00, 1680, 150.00, 0x0000000000000004
2026/10/02 15:48:44.024, 0, 101.43, 67, 7, 150.00, 1080, 150.00, 0x0000000000000004
2026/10/02 15:48:44.224, 0, 116.44, 67, 85, 150.00, 780, 150.00, 0x0000000000000004
2026/10/02 15:48:44.425, 0, 126.42, 68, 100, 150.00, 780, 150.00, 0x0000000000000004
2026/10/02 15:48:44.626, 0, 132.87, 68, 100, 150.00, 780, 150.00, 0x0000000000000004
2026/10/02 15:48:44.826, 0, 153.38, 68, 100, 150.00, 750, 150.00, 0x0000000000000004
2026/10/02 15:48:45.027, 0, 142.50, 66, 97, 150.00, 1680, 150.00, 0x0000000000000004
2026/10/02 15:48:45.227, 0, 130.34, 67, 0, 150.00, 795, 150.00, 0x0000000000000004
2026/10/02 15:48:45.428, 0, 117.44, 67, 86, 150.00, 960, 150.00, 0x0000000000000004
2026/10/02 15:48:45.629, 0, 116.72, 68, 70, 150.00, 780, 150.00, 0x0000000000000004
2026/10/02 15:48:45.829, 0, 109.64, 67, 100, 150.00, 1665, 150.00, 0x0000000000000004
2026/10/02 15:48:46.030, 0, 117.37, 67, 0, 150.00, 1200, 150.00, 0x0000000000000004
2026/10/02 15:48:46.230, 0, 116.63, 66, 32, 150.00, 1680, 150.00, 0x0000000000000004
2026/10/02 15:48:46.431, 0, 118.86, 66, 41, 150.00, 1080, 150.00, 0x0000000000000004
2026/10/02 15:48:46.632, 0, 119.35, 66, 64, 150.00, 1680, 150.00, 0x0000000000000004
2026/10/02 15:48:46.832, 0, 104.34, 65, 0, 150.00, 1680, 150.00, 0x0000000000000004
2026/10/02 15:48:47.033, 0, 118.35, 66, 0, 150.00, 675, 150.00, 0x0000000000000000
2026/10/02 15:48:47.233, 0, 113.22, 66, 100, 150.00, 1230, 150.00, 0x0000000000000004
2026/10/02 15:48:47.434, 0, 102.63, 66, 60, 150.00, 630, 150.00, 0x0000000000000004
2026/10/02 15:48:47.635, 0, 98.29, 67, 63, 150.00, 1590, 150.00, 0x0000000000000004
2026/10/02 15:48:47.835, 0, 116.84, 67, 45, 150.00, 780, 150.00, 0x0000000000000004
2026/10/02 15:48:48.036, 0, 118.32, 67, 87, 150.00, 1620, 150.00, 0x0000000000000004
2026/10/02 15:48:48.236, 0, 116.30, 67, 49, 150.00, 1545, 150.00, 0x0000000000000004
2026/10/02 15:48:48.437, 0, 115.89, 67, 0, 150.00, 795, 150.00, 0x0000000000000004
2026/10/02 15:48:48.637, 0, 115.41, 66, 71, 150.00, 1680, 150.00, 0x0000000000000004
2026/10/02 15:48:48.838, 0, 103.02, 65, 0, 150.00, 1305, 150.00, 0x0000000000000004
2026/10/02 15:48:49.039, 0, 105.12, 67, 58, 150.00, 720, 150.00, 0x0000000000000004
2026/10/02 15:48:49.239, 0, 88.75, 66, 67, 150.00, 1680, 150.00, 0x0000000000000004
2026/10/02 15:48:49.440, 0, 87.52, 65, 0, 150.00, 1680, 150.00, 0x0000000000000004
2026/10/02 15:48:49.641, 0, 81.80, 65, 0, 150.00, 930, 150.00, 0x0000000000000000
2026/10/02 15:48:49.841, 0, 93.99, 67, 63, 150.00, 630, 150.00, 0x0000000000000004
2026/10/02 15:48:50.042, 0, 93.75, 67, 62, 150.00, 990, 150.00, 0x0000000000000004
2026/10/02 15:48:50.242, 0, 92.00, 67, 48, 150.00, 1575, 150.00, 0x0000000000000004
2026/10/02 15:48:50.443, 0, 106.56, 67, 0, 150.00, 1395, 150.00, 0x0000000000000004
2026/10/02 15:48:50.643, 0, 105.74, 65, 19, 150.00, 1680, 150.00, 0x0000000000000004
2026/10/02 15:48:50.844, 0, 99.97, 65, 0, 150.00, 1695, 150.00, 0x0000000000000004
2026/10/02 15:48:51.044, 0, 101.24, 66, 0, 150.00, 840, 150.00, 0x0000000000000004
2026/10/02 15:48:51.245, 0, 108.33, 67, 88, 150.00, 765, 150.00, 0x0000000000000004
2026/10/02 15:48:51.446, 0, 98.82, 67, 69, 150.00, 750, 150.00, 0x0000000000000004
2026/10/02 15:48:51.646, 0, 100.45, 67, 67, 150.00, 645, 150.00, 0x0000000000000004
2026/10/02 15:48:51.847, 0, 111.71, 67, 97, 150.00, 1230, 150.00, 0x0000000000000004
2026/10/02 15:48:52.047, 0, 110.61, 66, 36, 150.00, 765, 150.00, 0x0000000000000004
2026/10/02 15:48:52.248, 0, 105.16, 67, 74, 150.00, 795, 150.00, 0x0000000000000004
2026/10/02 15:48:52.449, 0, 99.37, 66, 60, 150.00, 1680, 150.00, 0x0000000000000004
2026/10/02 15:48:52.649, 0, 103.92, 66, 0, 150.00, 1500, 150.00, 0x0000000000000004
2026/10/02 15:48:52.850, 0, 106.57, 66, 33, 150.00, 1665, 150.00, 0x0000000000000004
2026/10/02 15:48:53.050, 0, 125.77, 67, 19, 150.00, 1275, 150.00, 0x0000000000000004
2026/10/02 15:48:53.251, 0, 115.19, 66, 32, 150.00, 1005, 150.00, 0x0000000000000004
2026/10/02 15:48:53.452, 0, 119.64, 67, 68, 150.00, 1605, 150.00, 0x0000000000000004
2026/10/02 15:48:53.652, 0, 128.70, 67, 0, 150.00, 750, 150.00, 0x0000000000000004
2026/10/02 15:48:53.853, 0, 107.89, 65, 52, 150.00, 1680, 150.00, 0x0000000000000004
2026/10/02 15:48:54.053, 0, 94.55, 65, 0, 150.00, 1695, 150.00, 0x0000000000000004
2026/10/02 15:48:54.254, 0, 98.98, 65, 13, 150.00, 1665, 150.00, 0x0000000000000004
2026/10/02 15:48:54.454, 0, 99.36, 67, 0, 150.00, 795, 150.00, 0x0000000000000004
2026/10/02 15:48:54.655, 0, 104.78, 66, 100, 150.00, 1650, 150.00, 0x0000000000000004
2026/10/02 15:48:54.855, 0, 106.64, 66, 11, 150.00, 1005, 150.00, 0x0000000000000004
2026/10/02 15:48:55.056, 0, 118.13, 67, 69, 150.00, 780, 150.00, 0x0000000000000004
2026/10/02 15:48:55.257, 0, 121.08, 68, 100, 150.00, 780, 150.00, 0x0000000000000004
2026/10/02 15:48:55.457, 0, 137.51, 68, 100, 150.00, 780, 150.00, 0x0000000000000004
2026/10/02 15:48:55.658, 0, 138.07, 68, 100, 150.00, 555, 150.00, 0x0000000000000004
2026/10/02 15:48:55.858, 0, 140.70, 68, 100, 150.00, 750, 150.00, 0x0000000000000004
2026/10/02 15:48:56.059, 0, 148.93, 68, 100, 150.00, 780, 150.00, 0x0000000000000004
2026/10/02 15:48:56.259, 0, 148.83, 68, 100, 150.00, 780, 150.00, 0x0000000000000004
2026/10/02 15:48:56.460, 0, 149.29, 68, 100, 150.00, 750, 150.00, 0x0000000000000004
2026/10/02 15:48:56.661, 0, 147.76, 68, 100, 150.00, 690, 150.00, 0x0000000000000004
2026/10/02 15:48:56.861, 0, 149.54, 68, 100, 150.00, 735, 150.00, 0x0000000000000004
2026/10/02 15:48:57.062, 0, 149.79, 68, 100, 150.00, 765, 150.00, 0x0000000000000004
2026/10/02 15:48:57.262, 0, 150.04, 68, 100, 150.00, 765, 150.00, 0x0000000000000004
2026/10/02 15:48:57.463, 0, 144.51, 68, 100, 150.00, 735, 150.00, 0x0000000000000004
2026/10/02 15:48:57.663, 0, 128.54, 67, 69, 150.00, 630, 150.00, 0x0000000000000004
2026/10/02 15:48:57.864, 0, 115.50, 66, 65, 150.00, 1680, 150.00, 0x0000000000000004
2026/10/02 15:48:58.064, 0, 101.66, 66, 0, 150.00, 1560, 150.00, 0x0000000000000004
2026/10/02 15:48:58.265, 0, 89.32, 66, 54, 150.00, 1680, 150.00, 0x0000000000000004
2026/10/02 15:48:58.466, 0, 80.18, 66, 0, 150.00, 1680, 150.00, 0x0000000000000004
2026/10/02 15:48:58.666, 0, 88.65, 66, 50, 150.00, 1680, 150.00, 0x0000000000000004
2026/10/02 15:48:58.867, 0, 96.30, 67, 0, 150.00, 795, 150.00, 0x0000000000000004
2026/10/02 15:48:59.067, 0, 111.35, 68, 100, 150.00, 780, 150.00, 0x0000000000000004
2026/10/02 15:48:59.268, 0, 117.32, 68, 100, 150.00, 1515, 150.00, 0x0000000000000004
2026/10/02 15:48:59.468, 0, 136.79, 68, 51, 150.00, 1320, 150.00, 0x0000000000000004
2026/10/02 15:48:59.669, 0, 134.04, 67, 63, 150.00, 1680, 150.00, 0x0000000000000004
2026/10/02 15:48:59.869, 0, 147.67, 68, 0, 150.00, 945, 150.00, 0x0000000000000004
2026/10/02 15:49:00.070, 0, 153.57, 67, 78, 150.00, 660, 150.00, 0x0000000000000004
2026/10/02 15:49:00.271, 0, 143.45, 67, 100, 150.00, 600, 150.00, 0x0000000000000004
2026/10/02 15:49:00.471, 0, 139.22, 68, 65, 150.00, 735, 150.00, 0x0000000000000004
2026/10/02 15:49:00.672, 0, 139.44, 68, 100, 150.00, 780, 150.00, 0x0000000000000004
2026/10/02 15:49:00.872, 0, 141.57, 67, 88, 150.00, 1080, 150.00, 0x0000000000000004
2026/10/02 15:49:01.073, 0, 126.01, 67, 64, 150.00, 1605, 150.00, 0x0000000000000004
2026/10/02 15:49:01.273, 0, 113.41, 67, 0, 150.00, 765, 150.00, 0x0000000000000004
2026/10/02 15:49:01.474, 0, 128.83, 68, 69, 150.00, 810, 150.00, 0x0000000000000004
2026/10/02 15:49:01.674, 0, 115.19, 68, 97, 150.00, 780, 150.00, 0x0000000000000004
2026/10/02 15:49:01.875, 0, 120.69, 68, 74, 150.00, 1635, 150.00, 0x0000000000000004
2026/10/02 15:49:02.075, 0, 108.17, 67, 0, 150.00, 1635, 150.00, 0x0000000000000004
2026/10/02 15:49:02.276, 0, 129.71, 68, 32, 150.00, 780, 150.00, 0x0000000000000004
2026/10/02 15:49:02.477, 0, 135.39, 68, 100, 150.00, 1620, 150.00, 0x0000000000000004
2026/10/02 15:49:02.677, 0, 128.27, 68, 0, 150.00, 735, 150.00, 0x0000000000000004
2026/10/02 15:49:02.878, 0, 122.96, 67, 100, 150.00, 1680, 150.00, 0x0000000000000004
2026/10/02 15:49:03.078, 0, 123.41, 66, 0, 150.00, 1260, 150.00, 0x0000000000000004
2026/10/02 15:49:03.279, 0, 124.60, 68, 60, 150.00, 780, 150.00, 0x0000000000000004
2026/10/02 15:49:03.479, 0, 116.01, 67, 100, 150.00, 1665, 150.00, 0x0000000000000004
2026/10/02 15:49:03.680, 0, 122.26, 68, 0, 150.00, 795, 150.00, 0x0000000000000004
2026/10/02 15:49:03.880, 0, 114.43, 68, 100, 150.00, 780, 150.00, 0x0000000000000004
2026/10/02 15:49:04.081, 0, 129.92, 69, 100, 150.00, 780, 150.00, 0x0000000000000004
2026/10/02 15:49:04.282, 0, 136.59, 69, 100, 150.00, 780, 150.00, 0x0000000000000004
2026/10/02 15:49:04.482, 0, 133.54, 68, 100, 150.00, 765, 150.00, 0x0000000000000004
2026/10/02 15:49:04.683, 0, 148.76, 69, 100, 150.00, 765, 150.00, 0x0000000000000004
2026/10/02 15:49:04.883, 0, 140.26, 67, 100, 150.00, 1680, 150.00, 0x0000000000000004
2026/10/02 15:49:05.084, 0, 131.12, 67, 8, 150.00, 1650, 150.00, 0x0000000000000004
2026/10/02 15:49:05.285, 0, 122.43, 67, 7, 150.00, 1650, 150.00, 0x0000000000000004
2026/10/02 15:49:05.485, 0, 119.46, 67, 0, 150.00, 645, 150.00, 0x0000000000000004
2026/10/02 15:49:05.686, 0, 110.37, 67, 100, 150.00, 1665, 150.00, 0x0000000000000004
2026/10/02 15:49:05.886, 0, 99.78, 66, 0, 150.00, 1050, 150.00, 0x0000000000000004
2026/10/02 15:49:06.087, 0, 106.50, 68, 68, 150.00, 780, 150.00, 0x0000000000000004
2026/10/02 15:49:06.288, 0, 114.50, 68, 100, 150.00, 1335, 150.00, 0x0000000000000004
2026/10/02 15:49:06.488, 0, 112.98, 67, 29, 150.00, 705, 150.00, 0x0000000000000004
2026/10/02 15:49:06.689, 0, 116.78, 69, 76, 150.00, 780, 150.00, 0x0000000000000004
2026/10/02 15:49:06.889, 0, 132.67, 69, 100, 150.00, 780, 150.00, 0x0000000000000004
2026/10/02 15:49:07.090, 0, 139.56, 69, 100, 150.00, 780, 150.00, 0x0000000000000004
2026/10/02 15:49:07.290, 0, 135.91, 69, 100, 150.00, 795, 150.00, 0x0000000000000004
2026/10/02 15:49:07.491, 0, 129.73, 67, 64, 150.00, 615, 150.00, 0x0000000000000004
2026/10/02 15:49:07.692, 0, 121.61, 67, 94, 150.00, 1650, 150.00, 0x0000000000000004
2026/10/02 15:49:07.892, 0, 112.28, 67, 0, 150.00, 630, 150.00, 0x0000000000000004
2026/10/02 15:49:08.093, 0, 93.06, 67, 60, 150.00, 1635, 150.00, 0x0000000000000004
2026/10/02 15:49:08.294, 0, 108.09, 69, 23, 150.00, 1290, 150.00, 0x0000000000000004
2026/10/02 15:49:08.494, 0, 104.26, 67, 30, 150.00, 1680, 150.00, 0x0000000000000004
2026/10/02 15:49:08.695, 0, 98.07, 67, 0, 150.00, 630, 150.00, 0x0000000000000004
2026/10/02 15:49:08.895, 0, 110.94, 68, 97, 150.00, 1170, 150.00, 0x0000000000000004
2026/10/02 15:49:09.096, 0, 107.82, 67, 38, 150.00, 1680, 150.00, 0x0000000000000004
2026/10/02 15:49:09.296, 0, 106.96, 68, 0, 150.00, 765, 150.00, 0x0000000000000004
2026/10/02 15:49:09.497, 0, 112.84, 68, 100, 150.00, 780, 150.00, 0x0000000000000004
2026/10/02 15:49:09.697, 0, 127.66, 69, 100, 150.00, 780, 150.00, 0x0000000000000004
2026/10/02 15:49:09.898, 0, 136.10, 68, 100, 150.00, 1530, 150.00, 0x0000000000000004
2026/10/02 15:49:10.099, 0, 142.08, 68, 2, 150.00, 795, 150.00, 0x0000000000000004
2026/10/02 15:49:10.299, 0, 137.45, 67, 90, 150.00, 1380, 150.00, 0x0000000000000004
2026/10/02 15:49:10.500, 0, 131.12, 68, 56, 150.00, 1575, 150.00, 0x0000000000000004
2026/10/02 15:49:10.700, 0, 128.19, 68, 35, 150.00, 555, 150.00, 0x0000000000000004
2026/10/02 15:49:10.901, 0, 120.59, 68, 86, 150.00, 1635, 150.00, 0x0000000000000004
2026/10/02 15:49:11.102, 0, 123.18, 68, 0, 150.00, 1440, 150.00, 0x0000000000000004
2026/10/02 15:49:11.302, 0, 146.40, 69, 37, 150.00, 840, 150.00, 0x0000000000000004
2026/10/02 15:49:11.503, 0, 137.81, 68, 50, 150.00, 795, 150.00, 0x0000000000000004
2026/10/02 15:49:11.703, 0, 132.27, 69, 100, 150.00, 915, 150.00, 0x0000000000000004
2026/10/02 15:49:11.904, 0, 140.13, 69, 50, 150.00, 930, 150.00, 0x0000000000000004
2026/10/02 15:49:12.105, 0, 147.25, 68, 45, 150.00, 750, 150.00, 0x0000000000000004
2026/10/02 15:49:12.305, 0, 130.04, 68, 90, 150.00, 660, 150.00, 0x0000000000000004
2026/10/02 15:49:12.506, 0, 115.54, 67, 64, 150.00, 1680, 150.00, 0x0000000000000004
2026/10/02 15:49:12.706, 0, 104.05, 66, 0, 150.00, 1680, 150.00, 0x0000000000000004
2026/10/02 15:49:12.907, 0, 98.15, 66, 0, 150.00, 1695, 150.00, 0x0000000000000000
2026/10/02 15:49:13.107, 0, 100.93, 68, 0, 150.00, 1215, 150.00, 0x0000000000000000
2026/10/02 15:49:13.308, 0, 85.35, 66, 32, 150.00, 1680, 150.00, 0x0000000000000004
2026/10/02 15:49:13.509, 0, 86.17, 67, 0, 150.00, 1620, 150.00, 0x0000000000000004
2026/10/02 15:49:13.709, 0, 86.00, 66, 0, 150.00, 1680, 150.00, 0x0000000000000004
2026/10/02 15:49:13.910, 0, 97.91, 66, 49, 150.00, 1680, 150.00, 0x0000000000000004
2026/10/02 15:49:14.110, 0, 104.59, 67, 0, 150.00, 1500, 150.00, 0x0000000000000004
2026/10/02 15:49:14.311, 0, 105.19, 67, 24, 150.00, 1665, 150.00, 0x0000000000000004
2026/10/02 15:49:14.512, 0, 113.42, 68, 0, 150.00, 780, 150.00, 0x0000000000000004
2026/10/02 15:49:14.712, 0, 133.51, 68, 100, 150.00, 795, 150.00, 0x0000000000000004
2026/10/02 15:49:14.913, 0, 132.45, 69, 100, 150.00, 1410, 150.00, 0x0000000000000004
2026/10/02 15:49:15.113, 0, 138.96, 68, 39, 150.00, 825, 150.00, 0x0000000000000004
2026/10/02 15:49:15.314, 0, 127.62, 67, 0, 150.00, 825, 150.00, 0x0000000000000004
2026/10/02 15:49:15.515, 0, 106.56, 67, 0, 150.00, 1680, 150.00, 0x0000000000000004
2026/10/02 15:49:15.716, 0, 90.93, 66, 0, 150.00, 1695, 150.00, 0x0000000000000004
2026/10/02 15:49:15.916, 0, 83.56, 67, 65, 150.00, 1635, 150.00, 0x0000000000000004
2026/10/02 15:49:16.117, 0, 91.67, 68, 36, 150.00, 795, 150.00, 0x0000000000000004
2026/10/02 15:49:16.317, 0, 101.50, 68, 100, 150.00, 780, 150.00, 0x0000000000000004
2026/10/02 15:49:16.518, 0, 117.34, 69, 100, 150.00, 1440, 150.00, 0x0000000000000004
2026/10/02 15:49:16.719, 0, 120.79, 67, 0, 150.00, 825, 150.00, 0x0000000000000004
2026/10/02 15:49:16.919, 0, 130.28, 68, 100, 150.00, 780, 150.00, 0x0000000000000004
2026/10/02 15:49:17.120, 0, 143.06, 68, 99, 150.00, 1620, 150.00, 0x0000000000000004
2026/10/02 15:49:17.320, 0, 121.23, 67, 0, 150.00, 1680, 150.00, 0x0000000000000004
2026/10/02 15:49:17.521, 0, 112.90, 67, 53, 150.00, 990, 150.00, 0x0000000000000004
2026/10/02 15:49:17.722, 0, 127.71, 68, 93, 150.00, 1605, 150.00, 0x0000000000000004
2026/10/02 15:49:17.922, 0, 120.41, 66, 0, 150.00, 1680, 150.00, 0x0000000000000004
2026/10/02 15:49:18.123, 0, 113.33, 68, 51, 150.00, 795, 150.00, 0x0000000000000004
2026/10/02 15:49:18.323, 0, 120.15, 67, 0, 150.00, 690, 150.00, 0x0000000000000004
2026/10/02 15:49:18.524, 0, 120.80, 67, 53, 150.00, 1680, 150.00, 0x0000000000000004
2026/10/02 15:49:18.724, 0, 115.22, 68, 38, 150.00, 1500, 150.00, 0x0000000000000004
2026/10/02 15:49:18.925, 0, 110.79, 66, 0, 150.00, 660, 150.00, 0x0000000000000004
2026/10/02 15:49:19.126, 0, 116.53, 68, 30, 150.00, 780, 150.00, 0x0000000000000004
2026/10/02 15:49:19.327, 0, 112.67, 67, 19, 150.00, 1680, 150.00, 0x0000000000000004
2026/10/02 15:49:19.527, 0, 130.30, 68, 100, 150.00, 780, 150.00, 0x0000000000000004
2026/10/02 15:49:19.728, 0, 139.79, 69, 100, 150.00, 780, 150.00, 0x0000000000000004
2026/10/02 15:49:19.928, 0, 133.43, 67, 0, 150.00, 1680, 150.00, 0x0000000000000004
2026/10/02 15:49:20.129, 0, 123.06, 68, 86, 150.00, 780, 150.00, 0x0000000000000004
2026/10/02 15:49:20.330, 0, 125.83, 68, 100, 150.00, 765, 150.00, 0x0000000000000004
2026/10/02 15:49:20.530, 0, 123.03, 67, 14, 150.00, 1680, 150.00, 0x0000000000000004
2026/10/02 15:49:20.731, 0, 103.82, 67, 62, 150.00, 1650, 150.00, 0x0000000000000004
2026/10/02 15:49:20.931, 0, 98.64, 66, 0, 150.00, 1680, 150.00, 0x0000000000000004
2026/10/02 15:49:21.132, 0, 103.77, 68, 78, 150.00, 780, 150.00, 0x0000000000000004
2026/10/02 15:49:21.333, 0, 110.52, 68, 70, 150.00, 1350, 150.00, 0x0000000000000004
2026/10/02 15:49:21.533, 0, 106.33, 68, 43, 150.00, 795, 150.00, 0x0000000000000004
2026/10/02 15:49:21.734, 0, 121.25, 68, 89, 150.00, 720, 150.00, 0x0000000000000004
2026/10/02 15:49:21.934, 0, 137.12, 69, 79, 150.00, 765, 150.00, 0x0000000000000004
2026/10/02 15:49:22.135, 0, 138.33, 67, 39, 150.00, 1680, 150.00, 0x0000000000000004
2026/10/02 15:49:22.335, 0, 130.60, 68, 100, 150.00, 1350, 150.00, 0x0000000000000004
2026/10/02 15:49:22.536, 0, 125.43, 67, 0, 150.00, 780, 150.00, 0x0000000000000004
2026/10/02 15:49:22.737, 0, 114.63, 67, 3, 150.00, 1680, 150.00, 0x0000000000000004
2026/10/02 15:49:22.937, 0, 105.84, 66, 0, 150.00, 1680, 150.00, 0x0000000000000004
2026/10/02 15:49:23.138, 0, 111.72, 68, 100, 150.00, 780, 150.00, 0x0000000000000004
2026/10/02 15:49:23.338, 0, 116.57, 68, 92, 150.00, 1635, 150.00, 0x0000000000000004
2026/10/02 15:49:23.539, 0, 110.75, 67, 0, 150.00, 1680, 150.00, 0x0000000000000004
2026/10/02 15:49:23.739, 0, 114.22, 67, 6, 150.00, 735, 150.00, 0x0000000000000004
2026/10/02 15:49:23.940, 0, 120.15, 67, 45, 150.00, 630, 150.00, 0x0000000000000004
2026/10/02 15:49:24.141, 0, 108.13, 68, 74, 150.00, 1665, 150.00, 0x0000000000000004
2026/10/02 15:49:24.341, 0, 108.89, 68, 34, 150.00, 1500, 150.00, 0x0000000000000004
2026/10/02 15:49:24.542, 0, 122.98, 67, 42, 150.00, 1680, 150.00, 0x0000000000000004
2026/10/02 15:49:24.742, 0, 118.60, 67, 65, 150.00, 1365, 150.00, 0x0000000000000004
2026/10/02 15:49:24.943, 0, 117.71, 67, 26, 150.00, 1680, 150.00, 0x0000000000000004
2026/10/02 15:49:25.143, 0, 126.45, 68, 38, 150.00, 1530, 150.00, 0x0000000000000004
2026/10/02 15:49:25.344, 0, 126.45, 66, 0, 150.00, 1680, 150.00, 0x0000000000000004
2026/10/02 15:49:25.545, 0, 110.96, 68, 100, 150.00, 780, 150.00, 0x0000000000000004
2026/10/02 15:49:25.745, 0, 132.12, 69, 100, 150.00, 780, 150.00, 0x0000000000000004
2026/10/02 15:49:25.946, 0, 114.20, 67, 0, 150.00, 1680, 150.00, 0x0000000000000004
2026/10/02 15:49:26.147, 0, 118.46, 67, 66, 150.00, 675, 150.00, 0x0000000000000004
2026/10/02 15:49:26.347, 0, 119.39, 69, 100, 150.00, 780, 150.00, 0x0000000000000004
2026/10/02 15:49:26.548, 0, 128.04, 69, 100, 150.00, 780, 150.00, 0x0000000000000004
2026/10/02 15:49:26.748, 0, 128.82, 69, 100, 150.00, 780, 150.00, 0x0000000000000004
2026/10/02 15:49:26.949, 0, 130.70, 69, 100, 150.00, 600, 150.00, 0x0000000000000004
2026/10/02 15:49:27.150, 0, 147.98, 69, 100, 150.00, 765, 150.00, 0x0000000000000004
2026/10/02 15:49:27.350, 0, 148.60, 69, 100, 150.00, 765, 150.00, 0x0000000000000004
2026/10/02 15:49:27.551, 0, 148.32, 69, 100, 150.00, 765, 150.00, 0x0000000000000004
2026/10/02 15:49:27.751, 0, 148.84, 69, 100, 150.00, 660, 150.00, 0x0000000000000004
2026/10/02 15:49:27.952, 0, 146.72, 69, 100, 150.00, 705, 150.00, 0x0000000000000004
2026/10/02 15:49:28.152, 0, 150.01, 69, 100, 150.00, 750, 150.00, 0x0000000000000004
2026/10/02 15:49:28.353, 0, 149.84, 69, 100, 150.00, 765, 150.00, 0x0000000000000004
2026/10/02 15:49:28.554, 0, 150.02, 69, 100, 150.00, 780, 150.00, 0x0000000000000004
2026/10/02 15:49:28.754, 0, 149.36, 70, 100, 150.00, 705, 150.00, 0x0000000000000004
2026/10/02 15:49:28.955, 0, 141.27, 68, 65, 150.00, 1665, 150.00, 0x0000000000000004
2026/10/02 15:49:29.155, 0, 132.09, 68, 2, 150.00, 720, 150.00, 0x0000000000000004
2026/10/02 15:49:29.356, 0, 120.49, 68, 50, 150.00, 1680, 150.00, 0x0000000000000004
2026/10/02 15:49:29.556, 0, 105.10, 68, 60, 150.00, 1650, 150.00, 0x0000000000000004
2026/10/02 15:49:29.757, 0, 121.89, 69, 62, 150.00, 1380, 150.00, 0x0000000000000004
2026/10/02 15:49:29.957, 0, 118.95, 69, 98, 150.00, 780, 150.00, 0x0000000000000004
2026/10/02 15:49:30.158, 0, 129.63, 69, 100, 150.00, 1560, 150.00, 0x0000000000000004
2026/10/02 15:49:30.359, 0, 118.57, 67, 0, 150.00, 630, 150.00, 0x0000000000000004
2026/10/02 15:49:30.559, 0, 133.49, 69, 100, 150.00, 780, 150.00, 0x0000000000000004
2026/10/02 15:49:30.760, 0, 132.87, 69, 100, 150.00, 780, 150.00, 0x0000000000000004
2026/10/02 15:49:30.960, 0, 136.58, 70, 100, 150.00, 765, 150.00, 0x0000000000000004
2026/10/02 15:49:31.161, 0, 137.53, 70, 100, 150.00, 435, 150.00, 0x0000000000000004
2026/10/02 15:49:31.362, 0, 139.66, 68, 51, 150.00, 1680, 150.00, 0x0000000000000004
2026/10/02 15:49:31.562, 0, 127.16, 68, 0, 150.00, 855, 150.00, 0x0000000000000004
2026/10/02 15:49:31.763, 0, 106.24, 68, 65, 150.00, 1650, 150.00, 0x0000000000000004
2026/10/02 15:49:31.963, 0, 96.59, 69, 74, 150.00, 795, 150.00, 0x0000000000000004
2026/10/02 15:49:32.164, 0, 86.95, 68, 61, 150.00, 1665, 150.00, 0x0000000000000004
2026/10/02 15:49:32.364, 0, 81.51, 67, 0, 150.00, 1680, 150.00, 0x0000000000000004
2026/10/02 15:49:32.565, 0, 82.87, 67, 0, 150.00, 1230, 150.00, 0x0000000000000004
2026/10/02 15:49:32.766, 0, 107.37, 69, 68, 150.00, 1545, 150.00, 0x0000000000000004
2026/10/02 15:49:32.966, 0, 127.23, 69, 100, 150.00, 765, 150.00, 0x0000000000000004
2026/10/02 15:49:33.167, 0, 121.50, 68, 14, 150.00, 645, 150.00, 0x0000000000000004
2026/10/02 15:49:33.367, 0, 141.25, 69, 15, 150.00, 1275, 150.00, 0x0000000000000004
2026/10/02 15:49:33.568, 0, 148.97, 68, 55, 150.00, 720, 150.00, 0x0000000000000004
2026/10/02 15:49:33.768, 0, 142.70, 69, 98, 150.00, 705, 150.00, 0x0000000000000004
2026/10/02 15:49:33.969, 0, 131.49, 69, 55, 150.00, 705, 150.00, 0x0000000000000004
2026/10/02 15:49:34.169, 0, 132.28, 69, 100, 150.00, 780, 150.00, 0x0000000000000004
2026/10/02 15:49:34.370, 0, 138.81, 68, 58, 150.00, 1665, 150.00, 0x0000000000000004
2026/10/02 15:49:34.570, 0, 128.12, 68, 0, 150.00, 645, 150.00, 0x0000000000000004
2026/10/02 15:49:34.771, 0, 124.46, 69, 26, 150.00, 780, 150.00, 0x0000000000000004
2026/10/02 15:49:34.972, 0, 132.10, 69, 100, 150.00, 780, 150.00, 0x0000000000000004
2026/10/02 15:49:35.172, 0, 113.07, 68, 0, 150.00, 1680, 150.00, 0x0000000000000004
2026/10/02 15:49:35.373, 0, 100.91, 68, 64, 150.00, 1665, 150.00, 0x0000000000000004
2026/10/02 15:49:35.573, 0, 118.97, 68, 45, 150.00, 1680, 150.00, 0x0000000000000004
2026/10/02 15:49:35.774, 0, 118.26, 68, 64, 150.00, 1620, 150.00, 0x0000000000000004
2026/10/02 15:49:35.974, 0, 89.61, 67, 0, 150.00, 1680, 150.00, 0x0000000000000004
2026/10/02 15:49:36.175, 0, 95.66, 68, 100, 150.00, 1260, 150.00, 0x0000000000000004
2026/10/02 15:49:36.375, 0, 92.20, 67, 0, 150.00, 1680, 150.00, 0x0000000000000004
2026/10/02 15:49:36.576, 0, 87.21, 68, 61, 150.00, 990, 150.00, 0x0000000000000004
2026/10/02 15:49:36.777, 0, 109.93, 69, 57, 150.00, 1500, 150.00, 0x0000000000000004
2026/10/02 15:49:36.977, 0, 110.00, 67, 0, 150.00, 615, 150.00, 0x0000000000000004
2026/10/02 15:49:37.178, 0, 119.14, 69, 100, 150.00, 1230, 150.00, 0x0000000000000004
2026/10/02 15:49:37.378, 0, 112.49, 67, 0, 150.00, 705, 150.00, 0x0000000000000004
2026/10/02 15:49:37.579, 0, 125.26, 69, 100, 150.00, 780, 150.00, 0x0000000000000004
2026/10/02 15:49:37.780, 0, 124.83, 69, 100, 150.00, 780, 150.00, 0x0000000000000004
2026/10/02 15:49:37.980, 0, 129.70, 69, 100, 150.00, 780, 150.00, 0x0000000000000004
2026/10/02 15:49:38.181, 0, 138.70, 70, 100, 150.00, 465, 150.00, 0x0000000000000004
2026/10/02 15:49:38.381, 0, 151.80, 69, 100, 150.00, 735, 150.00, 0x0000000000000004
2026/10/02 15:49:38.582, 0, 150.58, 70, 100, 150.00, 1470, 150.00, 0x0000000000000004
2026/10/02 15:49:38.783, 0, 133.10, 68, 0, 150.00, 1680, 150.00, 0x0000000000000004
2026/10/02 15:49:38.983, 0, 132.13, 68, 38, 150.00, 1680, 150.00, 0x0000000000000004
2026/10/02 15:49:39.184, 0, 120.94, 68, 63, 150.00, 1620, 150.00, 0x0000000000000004
2026/10/02 15:49:39.384, 0, 111.71, 67, 0, 150.00, 1680, 150.00, 0x0000000000000004
2026/10/02 15:49:39.585, 0, 97.57, 67, 0, 150.00, 585, 150.00, 0x0000000000000004
2026/10/02 15:49:39.785, 0, 104.87, 69, 100, 150.00, 780, 150.00, 0x0000000000000004
2026/10/02 15:49:39.986, 0, 95.68, 68, 45, 150.00, 1185, 150.00, 0x0000000000000004
2026/10/02 15:49:40.186, 0, 117.18, 68, 100, 150.00, 1605, 150.00, 0x0000000000000004
2026/10/02 15:49:40.387, 0, 131.38, 68, 41, 150.00, 1680, 150.00, 0x0000000000000004
2026/10/02 15:49:40.587, 0, 133.92, 68, 66, 150.00, 765, 150.00, 0x0000000000000004
2026/10/02 15:49:40.788, 0, 136.57, 69, 100, 150.00, 1350, 150.00, 0x0000000000000004
2026/10/02 15:49:40.988, 0, 142.87, 69, 21, 150.00, 1350, 150.00, 0x0000000000000004
2026/10/02 15:49:41.189, 0, 126.11, 69, 80, 150.00, 780, 150.00, 0x0000000000000004
2026/10/02 15:49:41.390, 0, 121.35, 69, 100, 150.00, 1455, 150.00, 0x0000000000000004
2026/10/02 15:49:41.590, 0, 121.70, 68, 0, 150.00, 1680, 150.00, 0x0000000000000004
2026/10/02 15:49:41.791, 0, 112.38, 67, 0, 150.00, 1695, 150.00, 0x0000000000000000
2026/10/02 15:49:41.991, 0, 106.42, 67, 0, 150.00, 1125, 150.00, 0x0000000000000004
2026/10/02 15:49:42.192, 0, 112.82, 69, 100, 150.00, 780, 150.00, 0x0000000000000004
2026/10/02 15:49:42.393, 0, 105.51, 68, 69, 150.00, 1665, 150.00, 0x0000000000000004
2026/10/02 15:49:42.593, 0, 98.89, 67, 0, 150.00, 1680, 150.00, 0x0000000000000004
2026/10/02 15:49:42.794, 0, 100.65, 68, 0, 150.00, 1650, 150.00, 0x0000000000000004
2026/10/02 15:49:42.994, 0, 104.37, 68, 65, 150.00, 1620, 150.00, 0x0000000000000004
2026/10/02 15:49:43.195, 0, 88.70, 67, 0, 150.00, 1680, 150.00, 0x0000000000000004
2026/10/02 15:49:43.395, 0, 83.30, 68, 10, 150.00, 1575, 150.00, 0x0000000000000004
2026/10/02 15:49:43.596, 0, 83.89, 67, 0, 150.00, 1680, 150.00, 0x0000000000000004
2026/10/02 15:49:43.796, 0, 83.84, 66, 62, 150.00, 570, 150.00, 0x0000000000000004
2026/10/02 15:49:43.997, 0, 99.47, 68, 40, 150.00, 1350, 150.00, 0x0000000000000004
2026/10/02 15:49:44.198, 0, 96.09, 67, 4, 150.00, 1680, 150.00, 0x0000000000000004
2026/10/02 15:49:44.398, 0, 99.29, 67, 60, 150.00, 615, 150.00, 0x0000000000000004
2026/10/02 15:49:44.599, 0, 99.65, 67, 54, 150.00, 795, 150.00, 0x0000000000000004
2026/10/02 15:49:44.799, 0, 117.81, 69, 100, 150.00, 780, 150.00, 0x0000000000000004
2026/10/02 15:49:45.000, 0, 125.27, 69, 100, 150.00, 780, 150.00, 0x0000000000000004
2026/10/02 15:49:45.201, 0, 128.37, 69, 100, 150.00, 765, 150.00, 0x0000000000000004
2026/10/02 15:49:45.401, 0, 138.42, 69, 100, 150.00, 480, 150.00, 0x0000000000000004
2026/10/02 15:49:45.602, 0, 152.38, 69, 61, 150.00, 1095, 150.00, 0x0000000000000004
2026/10/02 15:49:45.802, 0, 143.12, 69, 100, 150.00, 780, 150.00, 0x0000000000000004
2026/10/02 15:49:46.003, 0, 143.12, 69, 94, 150.00, 945, 150.00, 0x0000000000000004
2026/10/02 15:49:46.203, 0, 133.82, 68, 36, 150.00, 1380, 150.00, 0x0000000000000004
2026/10/02 15:49:46.404, 0, 144.49, 69, 22, 150.00, 1515, 150.00, 0x0000000000000004
2026/10/02 15:49:46.604, 0, 138.73, 69, 100, 150.00, 795, 150.00, 0x0000000000000004
2026/10/02 15:49:46.805, 0, 138.98, 68, 0, 150.00, 1665, 150.00, 0x0000000000000004
2026/10/02 15:49:47.006, 0, 115.10, 68, 0, 150.00, 1650, 150.00, 0x0000000000000004
2026/10/02 15:49:47.206, 0, 131.98, 69, 80, 150.00, 825, 150.00, 0x0000000000000004
2026/10/02 15:49:47.407, 0, 124.35, 69, 100, 150.00, 765, 150.00, 0x0000000000000004
2026/10/02 15:49:47.607, 0, 131.63, 69, 100, 150.00, 780, 150.00, 0x0000000000000004
2026/10/02 15:49:47.808, 0, 138.81, 70, 98, 150.00, 780, 150.00, 0x0000000000000004
2026/10/02 15:49:48.009, 0, 160.05, 69, 100, 150.00, 795, 150.00, 0x0000000000000004
2026/10/02 15:49:48.209, 0, 142.58, 68, 6, 150.00, 1680, 150.00, 0x0000000000000004
2026/10/02 15:49:48.409, 0, 124.36, 69, 66, 150.00, 900, 150.00, 0x0000000000000004
2026/10/02 15:49:48.610, 0, 111.75, 69, 54, 150.00, 1230, 150.00, 0x0000000000000004
2026/10/02 15:49:48.811, 0, 103.78, 69, 0, 150.00, 1620, 150.00, 0x0000000000000004
2026/10/02 15:49:49.011, 0, 93.22, 67, 63, 150.00, 645, 150.00, 0x0000000000000004
2026/10/02 15:49:49.211, 0, 87.44, 68, 4, 150.00, 1605, 150.00, 0x0000000000000004
2026/10/02 15:49:49.412, 0, 108.26, 69, 100, 150.00, 750, 150.00, 0x0000000000000004
2026/10/02 15:49:49.612, 0, 100.99, 68, 0, 150.00, 1680, 150.00, 0x0000000000000004
2026/10/02 15:49:49.813, 0, 110.09, 67, 12, 150.00, 1680, 150.00, 0x0000000000000004
2026/10/02 15:49:50.014, 0, 124.60, 69, 100, 150.00, 780, 150.00, 0x0000000000000004
2026/10/02 15:49:50.214, 0, 132.01, 69, 88, 150.00, 765, 150.00, 0x0000000000000004
2026/10/02 15:49:50.415, 0, 135.15, 69, 90, 150.00, 765, 150.00, 0x0000000000000004
2026/10/02 15:49:50.615, 0, 137.13, 70, 82, 150.00, 780, 150.00, 0x0000000000000004
2026/10/02 15:49:50.816, 0, 143.66, 68, 48, 150.00, 1050, 150.00, 0x0000000000000004
2026/10/02 15:49:51.016, 0, 138.59, 69, 75, 150.00, 735, 150.00, 0x0000000000000004
2026/10/02 15:49:51.217, 0, 131.56, 70, 78, 150.00, 780, 150.00, 0x0000000000000004
2026/10/02 15:49:51.418, 0, 117.81, 68, 88, 150.00, 630, 150.00, 0x0000000000000004
2026/10/02 15:49:51.618, 0, 112.84, 69, 74, 150.00, 930, 150.00, 0x0000000000000004
2026/10/02 15:49:51.819, 0, 123.72, 70, 100, 150.00, 765, 150.00, 0x0000000000000004
2026/10/02 15:49:52.020, 0, 119.47, 70, 100, 150.00, 765, 150.00, 0x0000000000000004
2026/10/02 15:49:52.220, 0, 117.02, 70, 67, 150.00, 1665, 150.00, 0x0000000000000004
2026/10/02 15:49:52.421, 0, 123.85, 68, 45, 150.00, 1680, 150.00, 0x0000000000000004
2026/10/02 15:49:52.621, 0, 139.25, 69, 63, 150.00, 1620, 150.00, 0x0000000000000004
2026/10/02 15:49:52.822, 0, 128.04, 68, 45, 150.00, 585, 150.00, 0x0000000000000004
2026/10/02 15:49:53.023, 0, 115.34, 68, 4, 150.00, 1680, 150.00, 0x0000000000000004
2026/10/02 15:49:53.223, 0, 109.18, 67, 0, 150.00, 1680, 150.00, 0x0000000000000004
2026/10/02 15:49:53.424, 0, 99.43, 68, 65, 150.00, 1635, 150.00, 0x0000000000000004
2026/10/02 15:49:53.625, 0, 91.67, 67, 0, 150.00, 1680, 150.00, 0x0000000000000004
2026/10/02 15:49:53.825, 0, 79.66, 67, 0, 150.00, 1695, 150.00, 0x0000000000000000
2026/10/02 15:49:54.026, 0, 88.59, 68, 94, 150.00, 780, 150.00, 0x0000000000000004
2026/10/02 15:49:54.226, 0, 90.32, 68, 41, 150.00, 645, 150.00, 0x0000000000000004
2026/10/02 15:49:54.427, 0, 95.62, 68, 70, 150.00, 600, 150.00, 0x0000000000000004
2026/10/02 15:49:54.628, 0, 95.23, 68, 79, 150.00, 1650, 150.00, 0x0000000000000004
2026/10/02 15:49:54.828, 0, 101.78, 68, 0, 150.00, 645, 150.00, 0x0000000000000004
2026/10/02 15:49:55.029, 0, 107.47, 69, 100, 150.00, 780, 150.00, 0x0000000000000004
2026/10/02 15:49:55.229, 0, 116.04, 70, 100, 150.00, 780, 150.00, 0x0000000000000004
2026/10/02 15:49:55.430, 0, 128.99, 70, 100, 150.00, 765, 150.00, 0x0000000000000004
2026/10/02 15:49:55.631, 0, 129.46, 70, 100, 150.00, 1575, 150.00, 0x0000000000000004
2026/10/02 15:49:55.831, 0, 136.15, 69, 72, 150.00, 1110, 150.00, 0x0000000000000004
2026/10/02 15:49:56.032, 0, 118.96, 69, 70, 150.00, 1680, 150.00, 0x0000000000000004
2026/10/02 15:49:56.232, 0, 117.86, 68, 0, 150.00, 1320, 150.00, 0x0000000000000004
2026/10/02 15:49:56.433, 0, 120.66, 69, 100, 150.00, 780, 150.00, 0x0000000000000004
2026/10/02 15:49:56.634, 0, 116.77, 70, 99, 150.00, 1650, 150.00, 0x0000000000000004
2026/10/02 15:49:56.834, 0, 111.36, 69, 98, 150.00, 1470, 150.00, 0x0000000000000004
2026/10/02 15:49:57.035, 0, 122.75, 68, 0, 150.00, 720, 150.00, 0x0000000000000004
2026/10/02 15:49:57.236, 0, 117.62, 69, 69, 150.00, 555, 150.00, 0x0000000000000004
2026/10/02 15:49:57.436, 0, 101.23, 68, 13, 150.00, 1680, 150.00, 0x0000000000000004
2026/10/02 15:49:57.637, 0, 92.35, 67, 0, 150.00, 1680, 150.00, 0x0000000000000004
2026/10/02 15:49:57.837, 0, 88.40, 67, 0, 150.00, 915, 150.00, 0x0000000000000004
2026/10/02 15:49:58.038, 0, 104.21, 69, 100, 150.00, 780, 150.00, 0x0000000000000004
2026/10/02 15:49:58.238, 0, 113.82, 69, 100, 150.00, 780, 150.00, 0x0000000000000004
2026/10/02 15:49:58.439, 0, 125.20, 69, 89, 150.00, 1200, 150.00, 0x0000000000000004
2026/10/02 15:49:58.639, 0, 139.16, 69, 47, 150.00, 795, 150.00, 0x0000000000000004
2026/10/02 15:49:58.840, 0, 141.47, 68, 49, 150.00, 585, 150.00, 0x0000000000000004
2026/10/02 15:49:59.040, 0, 147.10, 69, 100, 150.00, 780, 150.00, 0x0000000000000004
2026/10/02 15:49:59.241, 0, 146.30, 70, 100, 150.00, 765, 150.00, 0x0000000000000004
2026/10/02 15:49:59.442, 0, 152.48, 70, 100, 150.00, 765, 150.00, 0x0000000000000004
2026/10/02 15:49:59.642, 0, 146.88, 70, 100, 150.00, 405, 150.00, 0x0000000000000004
2026/10/02 15:49:59.843, 0, 153.30, 70, 100, 150.00, 735, 150.00, 0x0000000000000004
2026/10/02 15:50:00.043, 0, 150.44, 70, 100, 150.00, 765, 150.00, 0x0000000000000004
2026/10/02 15:50:00.244, 0, 150.61, 70, 100, 150.00, 765, 150.00, 0x0000000000000004
2026/10/02 15:50:00.445, 0, 150.56, 70, 100, 150.00, 765, 150.00, 0x0000000000000004
2026/10/02 15:50:00.645, 0, 143.30, 69, 45, 150.00, 1680, 150.00, 0x0000000000000004
2026/10/02 15:50:00.846, 0, 148.10, 70, 71, 150.00, 780, 150.00, 0x0000000000000004
2026/10/02 15:50:01.046, 0, 131.04, 69, 40, 150.00, 1035, 150.00, 0x0000000000000004
2026/10/02 15:50:01.247, 0, 128.24, 70, 80, 150.00, 1110, 150.00, 0x0000000000000004
2026/10/02 15:50:01.447, 0, 120.78, 69, 58, 150.00, 765, 150.00, 0x0000000000000004
2026/10/02 15:50:01.648, 0, 127.63, 70, 59, 150.00, 765, 150.00, 0x0000000000000004
2026/10/02 15:50:01.849, 0, 115.73, 70, 100, 150.00, 1590, 150.00, 0x0000000000000004
2026/10/02 15:50:02.049, 0, 114.09, 68, 0, 150.00, 1680, 150.00, 0x0000000000000004
2026/10/02 15:50:02.250, 0, 108.04, 69, 62, 150.00, 1680, 150.00, 0x0000000000000004
2026/10/02 15:50:02.450, 0, 105.81, 68, 0, 150.00, 585, 150.00, 0x0000000000000004
2026/10/02 15:50:02.651, 0, 102.41, 68, 2, 150.00, 585, 150.00, 0x0000000000000004
2026/10/02 15:50:02.852, 0, 95.17, 69, 100, 150.00, 1650, 150.00, 0x0000000000000004
2026/10/02 15:50:03.052, 0, 98.04, 68, 0, 150.00, 960, 150.00, 0x0000000000000004
2026/10/02 15:50:03.253, 0, 96.84, 68, 0, 150.00, 1680, 150.00, 0x0000000000000004
2026/10/02 15:50:03.453, 0, 96.94, 68, 0, 150.00, 1695, 150.00, 0x0000000000000004
2026/10/02 15:50:03.654, 0, 93.69, 68, 66, 150.00, 1650, 150.00, 0x0000000000000004
2026/10/02 15:50:03.854, 0, 79.44, 67, 0, 150.00, 1680, 150.00, 0x0000000000000004
2026/10/02 15:50:04.055, 0, 86.19, 69, 94, 150.00, 1515, 150.00, 0x0000000000000004
2026/10/02 15:50:04.255, 0, 102.42, 69, 54, 150.00, 780, 150.00, 0x0000000000000004
2026/10/02 15:50:04.456, 0, 113.88, 68, 0, 150.00, 555, 150.00, 0x0000000000000004
2026/10/02 15:50:04.656, 0, 120.66, 70, 100, 150.00, 1005, 150.00, 0x0000000000000004
2026/10/02 15:50:04.857, 0, 116.30, 68, 0, 150.00, 1680, 150.00, 0x0000000000000004
2026/10/02 15:50:05.058, 0, 103.50, 68, 61, 150.00, 1065, 150.00, 0x0000000000000004
2026/10/02 15:50:05.258, 0, 117.15, 70, 32, 150.00, 780, 150.00, 0x0000000000000004
2026/10/02 15:50:05.459, 0, 121.50, 70, 100, 150.00, 1020, 150.00, 0x0000000000000004
2026/10/02 15:50:05.659, 0, 121.51, 70, 47, 150.00, 780, 150.00, 0x0000000000000004
2026/10/02 15:50:05.860, 0, 135.20, 70, 100, 150.00, 765, 150.00, 0x0000000000000004
2026/10/02 15:50:06.061, 0, 151.11, 70, 100, 150.00, 780, 150.00, 0x0000000000000004
2026/10/02 15:50:06.261, 0, 150.32, 70, 100, 150.00, 765, 150.00, 0x0000000000000004
2026/10/02 15:50:06.462, 0, 148.85, 70, 100, 150.00, 735, 150.00, 0x0000000000000004
2026/10/02 15:50:06.662, 0, 151.01, 70, 100, 150.00, 750, 150.00, 0x0000000000000004
2026/10/02 15:50:06.863, 0, 140.18, 69, 51, 150.00, 690, 150.00, 0x0000000000000004
2026/10/02 15:50:07.064, 0, 123.38, 69, 75, 150.00, 1680, 150.00, 0x0000000000000004
2026/10/02 15:50:07.264, 0, 111.68, 68, 0, 150.00, 1680, 150.00, 0x0000000000000004
2026/10/02 15:50:07.465, 0, 118.47, 69, 27, 150.00, 780, 150.00, 0x0000000000000004
2026/10/02 15:50:07.665, 0, 122.03, 70, 92, 150.00, 735, 150.00, 0x0000000000000004
2026/10/02 15:50:07.866, 0, 131.08, 70, 100, 150.00, 765, 150.00, 0x0000000000000004
2026/10/02 15:50:08.066, 0, 123.98, 69, 53, 150.00, 1680, 150.00, 0x0000000000000004
2026/10/02 15:50:08.267, 0, 133.30, 69, 67, 150.00, 1650, 150.00, 0x0000000000000004
2026/10/02 15:50:08.467, 0, 131.58, 69, 48, 150.00, 690, 150.00, 0x0000000000000004
2026/10/02 15:50:08.668, 0, 113.24, 68, 16, 150.00, 1680, 150.00, 0x0000000000000004
2026/10/02 15:50:08.868, 0, 115.72, 69, 52, 150.00, 795, 150.00, 0x0000000000000004
2026/10/02 15:50:09.069, 0, 124.00, 70, 100, 150.00, 1335, 150.00, 0x0000000000000004
2026/10/02 15:50:09.269, 0, 138.48, 70, 25, 150.00, 1515, 150.00, 0x0000000000000004
2026/10/02 15:50:09.470, 0, 126.03, 69, 49, 150.00, 1170, 150.00, 0x0000000000000004
2026/10/02 15:50:09.670, 0, 117.79, 68, 0, 150.00, 1680, 150.00, 0x0000000000000004
2026/10/02 15:50:09.871, 0, 106.59, 68, 0, 150.00, 690, 150.00, 0x0000000000000004
2026/10/02 15:50:10.071, 0, 95.88, 68, 0, 150.00, 1680, 150.00, 0x0000000000000004
2026/10/02 15:50:10.272, 0, 97.03, 68, 0, 150.00, 1680, 150.00, 0x0000000000000004
2026/10/02 15:50:10.472, 0, 75.00, 67, 0, 150.00, 1695, 150.00, 0x0000000000000000
2026/10/02 15:50:10.672, 0, 92.45, 67, 0, 150.00, 1125, 150.00, 0x0000000000000000
2026/10/02 15:50:10.873, 0, 89.51, 68, 36, 150.00, 1680, 150.00, 0x0000000000000004
2026/10/02 15:50:11.073, 0, 87.04, 67, 0, 150.00, 1680, 150.00, 0x0000000000000004
2026/10/02 15:50:11.274, 0, 100.23, 69, 39, 150.00, 1590, 150.00, 0x0000000000000004
2026/10/02 15:50:11.474, 0, 102.73, 67, 0, 150.00, 1680, 150.00, 0x0000000000000004
2026/10/02 15:50:11.675, 0, 114.80, 67, 0, 150.00, 1185, 150.00, 0x0000000000000000
2026/10/02 15:50:11.875, 0, 99.69, 67, 42, 150.00, 1680, 150.00, 0x0000000000000004
2026/10/02 15:50:12.076, 0, 102.32, 67, 0, 150.00, 1680, 150.00, 0x0000000000000004
2026/10/02 15:50:12.277, 0, 102.07, 67, 0, 150.00, 945, 150.00, 0x0000000000000000
2026/10/02 15:50:12.477, 0, 104.79, 67, 31, 150.00, 1680, 150.00, 0x0000000000000004
2026/10/02 15:50:12.678, 0, 101.86, 67, 0, 150.00, 1680, 150.00, 0x0000000000000004
2026/10/02 15:50:12.878, 0, 89.48, 67, 0, 150.00, 1125, 150.00, 0x0000000000000004
2026/10/02 15:50:13.079, 0, 87.71, 67, 0, 150.00, 1680, 150.00, 0x0000000000000004
2026/10/02 15:50:13.279, 0, 87.60, 67, 0, 150.00, 1695, 150.00, 0x0000000000000004
2026/10/02 15:50:13.480, 0, 72.05, 67, 0, 150.00, 1695, 150.00, 0x0000000000000000
2026/10/02 15:50:13.680, 0, 80.14, 66, 0, 150.00, 645, 150.00, 0x0000000000000004
2026/10/02 15:50:13.881, 0, 86.40, 67, 8, 150.00, 615, 150.00, 0x0000000000000004
2026/10/02 15:50:14.081, 0, 87.94, 67, 5, 150.00, 1680, 150.00, 0x0000000000000004
2026/10/02 15:50:14.282, 0, 93.43, 68, 60, 150.00, 1635, 150.00, 0x0000000000000004
2026/10/02 15:50:14.482, 0, 95.41, 67, 0, 150.00, 1680, 150.00, 0x0000000000000004
2026/10/02 15:50:14.683, 0, 102.40, 68, 65, 150.00, 630, 150.00, 0x0000000000000004
2026/10/02 15:50:14.884, 0, 107.29, 68, 100, 150.00, 1650, 150.00, 0x0000000000000004
2026/10/02 15:50:15.084, 0, 125.94, 68, 18, 150.00, 795, 150.00, 0x0000000000000004
2026/10/02 15:50:15.285, 0, 112.73, 67, 32, 150.00, 1680, 150.00, 0x0000000000000004
2026/10/02 15:50:15.485, 0, 128.26, 67, 0, 150.00, 1155, 150.00, 0x0000000000000004
2026/10/02 15:50:15.686, 0, 133.85, 67, 41, 150.00, 585, 150.00, 0x0000000000000004
2026/10/02 15:50:15.887, 0, 127.96, 69, 100, 150.00, 1110, 150.00, 0x0000000000000004
2026/10/02 15:50:16.087, 0, 109.58, 67, 0, 150.00, 1680, 150.00, 0x0000000000000004
2026/10/02 15:50:16.288, 0, 103.37, 67, 0, 150.00, 1695, 150.00, 0x0000000000000004
2026/10/02 15:50:16.488, 0, 103.46, 66, 0, 150.00, 1695, 150.00, 0x0000000000000000
2026/10/02 15:50:16.689, 0, 96.88, 66, 0, 150.00, 1695, 150.00, 0x0000000000000000
2026/10/02 15:50:16.889, 0, 79.30, 68, 60, 150.00, 1335, 150.00, 0x0000000000000004
2026/10/02 15:50:17.090, 0, 78.67, 67, 0, 150.00, 1680, 150.00, 0x0000000000000004
2026/10/02 15:50:17.290, 0, 78.68, 66, 0, 150.00, 1695, 150.00, 0x0000000000000000
2026/10/02 15:50:17.491, 0, 78.72, 66, 0, 150.00, 1695, 150.00, 0x0000000000000000
2026/10/02 15:50:17.691, 0, 87.21, 66, 0, 150.00, 1185, 150.00, 0x0000000000000000
2026/10/02 15:50:17.892, 0, 89.38, 66, 39, 150.00, 1680, 150.00, 0x0000000000000004
2026/10/02 15:50:18.093, 0, 91.70, 67, 58, 150.00, 990, 150.00, 0x0000000000000004
2026/10/02 15:50:18.293, 0, 91.32, 66, 0, 150.00, 1680, 150.00, 0x0000000000000004
2026/10/02 15:50:18.494, 0, 102.86, 66, 0, 150.00, 600, 150.00, 0x0000000000000004
2026/10/02 15:50:18.694, 0, 99.39, 66, 12, 150.00, 1680, 150.00, 0x0000000000000004
2026/10/02 15:50:18.895, 0, 86.33, 66, 0, 150.00, 1680, 150.00, 0x0000000000000004
2026/10/02 15:50:19.096, 0, 87.40, 68, 95, 150.00, 1470, 150.00, 0x0000000000000004
2026/10/02 15:50:19.296, 0, 87.06, 66, 0, 150.00, 1680, 150.00, 0x0000000000000004
2026/10/02 15:50:19.497, 0, 94.29, 66, 0, 150.00, 630, 150.00, 0x0000000000000004
2026/10/02 15:50:19.697, 0, 90.61, 67, 75, 150.00, 975, 150.00, 0x0000000000000004
2026/10/02 15:50:19.897, 0, 88.75, 66, 0, 150.00, 1680, 150.00, 0x0000000000000004
2026/10/02 15:50:20.098, 0, 95.33, 68, 40, 150.00, 1620, 150.00, 0x0000000000000004
2026/10/02 15:50:20.299, 0, 99.49, 67, 60, 150.00, 1665, 150.00, 0x0000000000000004
2026/10/02 15:50:20.499, 0, 97.00, 66, 0, 150.00, 1680, 150.00, 0x0000000000000004
2026/10/02 15:50:20.700, 0, 86.22, 66, 0, 150.00, 1695, 150.00, 0x0000000000000000
2026/10/02 15:50:20.900, 0, 85.41, 66, 0, 150.00, 1695, 150.00, 0x0000000000000000
2026/10/02 15:50:21.101, 0, 77.07, 65, 0, 150.00, 1695, 150.00, 0x0000000000000000
2026/10/02 15:50:21.302, 0, 84.04, 67, 100, 150.00, 1515, 150.00, 0x0000000000000004
2026/10/02 15:50:21.502, 0, 93.52, 66, 0, 150.00, 615, 150.00, 0x0000000000000004
2026/10/02 15:50:21.702, 0, 92.81, 66, 9, 150.00, 1680, 150.00, 0x0000000000000004
2026/10/02 15:50:21.903, 0, 109.20, 66, 0, 150.00, 750, 150.00, 0x0000000000000004
2026/10/02 15:50:22.103, 0, 115.65, 66, 23, 150.00, 615, 150.00, 0x0000000000000004
2026/10/02 15:50:22.304, 0, 112.87, 66, 19, 150.00, 1680, 150.00, 0x0000000000000004
2026/10/02 15:50:22.504, 0, 119.83, 66, 53, 150.00, 615, 150.00, 0x0000000000000004
2026/10/02 15:50:22.705, 0, 115.48, 66, 10, 150.00, 1680, 150.00, 0x0000000000000004
2026/10/02 15:50:22.905, 0, 106.41, 66, 0, 150.00, 720, 150.00, 0x0000000000000004
2026/10/02 15:50:23.106, 0, 103.78, 66, 0, 150.00, 1680, 150.00, 0x0000000000000004
2026/10/02 15:50:23.306, 0, 83.54, 66, 0, 150.00, 1305, 150.00, 0x0000000000000004
2026/10/02 15:50:23.507, 0, 82.86, 66, 0, 150.00, 1245, 150.00, 0x0000000000000004
2026/10/02 15:50:23.707, 0, 78.84, 66, 0, 150.00, 630, 150.00, 0x0000000000000004
2026/10/02 15:50:23.908, 0, 82.39, 68, 100, 150.00, 1350, 150.00, 0x0000000000000004
2026/10/02 15:50:24.109, 0, 81.74, 66, 0, 150.00, 1680, 150.00, 0x0000000000000004
2026/10/02 15:50:24.309, 0, 81.83, 66, 0, 150.00, 1695, 150.00, 0x0000000000000000
2026/10/02 15:50:24.510, 0, 83.17, 65, 0, 150.00, 1695, 150.00, 0x0000000000000000
2026/10/02 15:50:24.710, 0, 83.40, 65, 0, 150.00, 1215, 150.00, 0x0000000000000004
2026/10/02 15:50:24.911, 0, 78.60, 65, 0, 150.00, 600, 150.00, 0x0000000000000004
2026/10/02 15:50:25.112, 0, 79.17, 66, 11, 150.00, 1680, 150.00, 0x0000000000000004
2026/10/02 15:50:25.312, 0, 79.76, 65, 0, 150.00, 1680, 150.00, 0x0000000000000004
2026/10/02 15:50:25.513, 0, 100.76, 67, 43, 150.00, 720, 150.00, 0x0000000000000004
2026/10/02 15:50:25.713, 0, 112.15, 66, 13, 150.00, 630, 150.00, 0x0000000000000004
2026/10/02 15:50:25.914, 0, 112.30, 66, 23, 150.00, 1680, 150.00, 0x0000000000000004
2026/10/02 15:50:26.114, 0, 125.50, 66, 7, 150.00, 840, 150.00, 0x0000000000000004
2026/10/02 15:50:26.315, 0, 139.31, 66, 43, 150.00, 720, 150.00, 0x0000000000000004
2026/10/02 15:50:26.516, 0, 117.37, 66, 18, 150.00, 1020, 150.00, 0x0000000000000004
2026/10/02 15:50:26.716, 0, 128.11, 66, 0, 150.00, 720, 150.00, 0x0000000000000004
2026/10/02 15:50:26.917, 0, 113.32, 66, 23, 150.00, 1680, 150.00, 0x0000000000000004
2026/10/02 15:50:27.117, 0, 118.59, 67, 38, 150.00, 1590, 150.00, 0x0000000000000004
2026/10/02 15:50:27.318, 0, 111.42, 65, 0, 150.00, 1680, 150.00, 0x0000000000000004
2026/10/02 15:50:27.518, 0, 112.56, 65, 0, 150.00, 795, 150.00, 0x0000000000000004
2026/10/02 15:50:27.719, 0, 111.95, 66, 20, 150.00, 1680, 150.00, 0x0000000000000004
2026/10/02 15:50:27.919, 0, 117.23, 67, 31, 150.00, 1575, 150.00, 0x0000000000000004
2026/10/02 15:50:28.120, 0, 101.41, 65, 0, 150.00, 660, 150.00, 0x0000000000000004
2026/10/02 15:50:28.320, 0, 115.79, 65, 0, 150.00, 1680, 150.00, 0x0000000000000004
2026/10/02 15:50:28.521, 0, 108.97, 66, 54, 150.00, 1680, 150.00, 0x0000000000000004
2026/10/02 15:50:28.722, 0, 113.08, 67, 70, 150.00, 1440, 150.00, 0x0000000000000004
2026/10/02 15:50:28.922, 0, 102.25, 67, 88, 150.00, 1365, 150.00, 0x0000000000000004
2026/10/02 15:50:29.123, 0, 103.20, 66, 0, 150.00, 1680, 150.00, 0x0000000000000004
2026/10/02 15:50:29.323, 0, 110.02, 65, 0, 150.00, 1695, 150.00, 0x0000000000000000
2026/10/02 15:50:29.524, 0, 112.86, 66, 52, 150.00, 615, 150.00, 0x0000000000000004
2026/10/02 15:50:29.724, 0, 106.75, 67, 100, 150.00, 1650, 150.00, 0x0000000000000004
2026/10/02 15:50:29.925, 0, 109.24, 67, 45, 150.00, 1620, 150.00, 0x0000000000000004
2026/10/02 15:50:30.126, 0, 121.19, 67, 64, 150.00, 1650, 150.00, 0x0000000000000004
2026/10/02 15:50:30.326, 0, 110.92, 65, 0, 150.00, 1680, 150.00, 0x0000000000000004
2026/10/02 15:50:30.527, 0, 120.10, 67, 44, 150.00, 1680, 150.00, 0x0000000000000004
2026/10/02 15:50:30.727, 0, 100.58, 65, 0, 150.00, 1680, 150.00, 0x0000000000000004
2026/10/02 15:50:30.928, 0, 101.67, 66, 92, 150.00, 780, 150.00, 0x0000000000000004
2026/10/02 15:50:31.129, 0, 111.01, 66, 41, 150.00, 645, 150.00, 0x0000000000000004
2026/10/02 15:50:31.329, 0, 106.69, 66, 65, 150.00, 1035, 150.00, 0x0000000000000004
2026/10/02 15:50:31.530, 0, 107.37, 67, 9, 150.00, 1635, 150.00, 0x0000000000000004
2026/10/02 15:50:31.730, 0, 124.66, 65, 26, 150.00, 1020, 150.00, 0x0000000000000004
2026/10/02 15:50:31.931, 0, 127.24, 67, 97, 150.00, 765, 150.00, 0x0000000000000004
2026/10/02 15:50:32.132, 0, 122.91, 66, 0, 150.00, 1680, 150.00, 0x0000000000000004
2026/10/02 15:50:32.332, 0, 119.08, 65, 58, 150.00, 645, 150.00, 0x0000000000000004
2026/10/02 15:50:32.533, 0, 118.69, 67, 100, 150.00, 780, 150.00, 0x0000000000000004
2026/10/02 15:50:32.734, 0, 126.02, 67, 29, 150.00, 1590, 150.00, 0x0000000000000004
2026/10/02 15:50:32.934, 0, 102.98, 65, 0, 150.00, 1680, 150.00, 0x0000000000000004
2026/10/02 15:50:33.135, 0, 112.48, 67, 37, 150.00, 1545, 150.00, 0x0000000000000004
2026/10/02 15:50:33.336, 0, 123.78, 65, 24, 150.00, 1080, 150.00, 0x0000000000000004
2026/10/02 15:50:33.536, 0, 111.77, 65, 0, 150.00, 1680, 150.00, 0x0000000000000004
2026/10/02 15:50:33.737, 0, 96.18, 66, 0, 150.00, 1680, 150.00, 0x0000000000000004
2026/10/02 15:50:33.937, 0, 97.02, 65, 0, 150.00, 1680, 150.00, 0x0000000000000004
2026/10/02 15:50:34.138, 0, 91.79, 65, 57, 150.00, 645, 150.00, 0x0000000000000004
2026/10/02 15:50:34.339, 0, 92.51, 65, 0, 150.00, 1680, 150.00, 0x0000000000000004
2026/10/02 15:50:34.540, 0, 78.55, 65, 0, 150.00, 1680, 150.00, 0x0000000000000004
2026/10/02 15:50:34.740, 0, 92.24, 65, 16, 150.00, 1455, 150.00, 0x0000000000000000
2026/10/02 15:50:34.941, 0, 99.96, 66, 87, 150.00, 750, 150.00, 0x0000000000000004
2026/10/02 15:50:35.141, 0, 87.64, 66, 64, 150.00, 1200, 150.00, 0x0000000000000004
2026/10/02 15:50:35.342, 0, 87.47, 65, 65, 150.00, 1140, 150.00, 0x0000000000000004
2026/10/02 15:50:35.543, 0, 86.61, 66, 64, 150.00, 1170, 150.00, 0x0000000000000004
2026/10/02 15:50:35.743, 0, 96.48, 67, 19, 150.00, 1605, 150.00, 0x0000000000000004
2026/10/02 15:50:35.944, 0, 85.32, 65, 0, 150.00, 1680, 150.00, 0x0000000000000004
2026/10/02 15:50:36.144, 0, 80.33, 65, 0, 150.00, 1695, 150.00, 0x0000000000000000
2026/10/02 15:50:36.345, 0, 81.39, 65, 0, 150.00, 1695, 150.00, 0x0000000000000000
2026/10/02 15:50:36.545, 0, 82.06, 64, 0, 150.00, 1695, 150.00, 0x0000000000000000
2026/10/02 15:50:36.746, 0, 82.67, 64, 0, 150.00, 1695, 150.00, 0x0000000000000000
2026/10/02 15:50:36.947, 0, 82.67, 64, 0, 150.00, 1695, 150.00, 0x0000000000000000
2026/10/02 15:50:37.147, 0, 107.74, 65, 87, 150.00, 1215, 150.00, 0x0000000000000004
2026/10/02 15:50:37.348, 0, 107.19, 64, 0, 150.00, 1680, 150.00, 0x0000000000000004
2026/10/02 15:50:37.548, 0, 107.02, 64, 0, 150.00, 1695, 150.00, 0x0000000000000004
2026/10/02 15:50:37.749, 0, 102.51, 65, 63, 150.00, 1500, 150.00, 0x0000000000000004
2026/10/02 15:50:37.949, 0, 102.72, 66, 85, 150.00, 780, 150.00, 0x0000000000000004
2026/10/02 15:50:38.150, 0, 76.00, 65, 0, 150.00, 1680, 150.00, 0x0000000000000004
2026/10/02 15:50:38.351, 0, 74.23, 64, 0, 150.00, 1680, 150.00, 0x0000000000000004
2026/10/02 15:50:38.551, 0, 74.37, 64, 0, 150.00, 1695, 150.00, 0x0000000000000000
2026/10/02 15:50:38.752, 0, 74.43, 64, 0, 150.00, 1695, 150.00, 0x0000000000000000
2026/10/02 15:50:38.952, 0, 75.82, 64, 0, 150.00, 1695, 150.00, 0x0000000000000000
2026/10/02 15:50:39.153, 0, 88.34, 64, 0, 150.00, 1695, 150.00, 0x0000000000000000
2026/10/02 15:50:39.354, 0, 89.17, 65, 67, 150.00, 1380, 150.00, 0x0000000000000004
2026/10/02 15:50:39.554, 0, 88.75, 64, 0, 150.00, 1680, 150.00, 0x0000000000000004
2026/10/02 15:50:39.755, 0, 88.60, 64, 0, 150.00, 1695, 150.00, 0x0000000000000004
2026/10/02 15:50:39.955, 0, 86.97, 64, 0, 150.00, 1695, 150.00, 0x0000000000000000
2026/10/02 15:50:40.155, 0, 85.66, 64, 0, 150.00, 1695, 150.00, 0x0000000000000000
2026/10/02 15:50:40.356, 0, 70.82, 64, 0, 150.00, 1695, 150.00, 0x0000000000000000
2026/10/02 15:50:40.556, 0, 70.82, 64, 0, 150.00, 1695, 150.00, 0x0000000000000000
2026/10/02 15:50:40.757, 0, 70.82, 64, 0, 150.00, 1695, 150.00, 0x0000000000000000
2026/10/02 15:50:40.957, 0, 126.14, 65, 100, 150.00, 675, 150.00, 0x0000000000000004
2026/10/02 15:50:41.158, 0, 133.01, 65, 62, 150.00, 1545, 150.00, 0x0000000000000004
2026/10/02 15:50:41.358, 0, 127.15, 64, 0, 150.00, 1680, 150.00, 0x0000000000000004
2026/10/02 15:50:41.559, 0, 118.42, 64, 0, 150.00, 1695, 150.00, 0x0000000000000000
2026/10/02 15:50:41.760, 0, 112.02, 64, 0, 150.00, 1695, 150.00, 0x0000000000000000
2026/10/02 15:50:41.960, 0, 82.07, 64, 0, 150.00, 1695, 150.00, 0x0000000000000000
2026/10/02 15:50:42.161, 0, 76.52, 64, 0, 150.00, 1695, 150.00, 0x0000000000000000
2026/10/02 15:50:42.361, 0, 76.52, 64, 0, 150.00, 1695, 150.00, 0x0000000000000000
2026/10/02 15:50:42.562, 0, 102.24, 64, 48, 150.00, 1590, 150.00, 0x0000000000000004
2026/10/02 15:50:42.762, 0, 107.21, 64, 3, 150.00, 1110, 150.00, 0x0000000000000004
2026/10/02 15:50:42.963, 0, 122.13, 65, 24, 150.00, 660, 150.00, 0x0000000000000004
2026/10/02 15:50:43.163, 0, 140.20, 66, 60, 150.00, 675, 150.00, 0x0000000000000004
2026/10/02 15:50:43.364, 0, 128.66, 64, 0, 150.00, 1680, 150.00, 0x0000000000000004
2026/10/02 15:50:43.565, 0, 108.88, 64, 0, 150.00, 1680, 150.00, 0x0000000000000004
2026/10/02 15:50:43.765, 0, 110.29, 64, 0, 150.00, 1695, 150.00, 0x0000000000000000
2026/10/02 15:50:43.966, 0, 106.75, 64, 64, 150.00, 1410, 150.00, 0x0000000000000004
2026/10/02 15:50:44.166, 0, 82.54, 63, 0, 150.00, 1680, 150.00, 0x0000000000000004
2026/10/02 15:50:44.367, 0, 80.53, 65, 46, 150.00, 660, 150.00, 0x0000000000000004
2026/10/02 15:50:44.567, 0, 79.92, 64, 0, 150.00, 1680, 150.00, 0x0000000000000004
2026/10/02 15:50:44.768, 0, 80.81, 63, 0, 150.00, 1695, 150.00, 0x0000000000000004
2026/10/02 15:50:44.969, 0, 78.61, 64, 61, 150.00, 1515, 150.00, 0x0000000000000004
2026/10/02 15:50:45.169, 0, 78.85, 63, 0, 150.00, 1680, 150.00, 0x0000000000000004
2026/10/02 15:50:45.370, 0, 79.77, 64, 0, 150.00, 1680, 150.00, 0x0000000000000004
2026/10/02 15:50:45.570, 0, 78.51, 64, 4, 150.00, 1665, 150.00, 0x0000000000000004
2026/10/02 15:50:45.771, 0, 89.96, 64, 6, 150.00, 1665, 150.00, 0x0000000000000004
2026/10/02 15:50:45.971, 0, 90.20, 64, 0, 150.00, 1680, 150.00, 0x0000000000000004
2026/10/02 15:50:46.172, 0, 104.25, 65, 53, 150.00, 840, 150.00, 0x0000000000000004
2026/10/02 15:50:46.372, 0, 99.35, 64, 0, 150.00, 1680, 150.00, 0x0000000000000004
2026/10/02 15:50:46.573, 0, 95.35, 64, 64, 150.00, 1170, 150.00, 0x0000000000000004
2026/10/02 15:50:46.774, 0, 84.46, 63, 0, 150.00, 1680, 150.00, 0x0000000000000004
2026/10/02 15:50:46.974, 0, 82.47, 63, 0, 150.00, 1695, 150.00, 0x0000000000000004
2026/10/02 15:50:47.174, 0, 94.32, 64, 18, 150.00, 1650, 150.00, 0x0000000000000004
2026/10/02 15:50:47.375, 0, 85.30, 63, 0, 150.00, 1680, 150.00, 0x0000000000000004
2026/10/02 15:50:47.575, 0, 107.84, 65, 100, 150.00, 825, 150.00, 0x0000000000000004
2026/10/02 15:50:47.776, 0, 115.76, 65, 82, 150.00, 1395, 150.00, 0x0000000000000004
2026/10/02 15:50:47.976, 0, 111.43, 64, 0, 150.00, 1680, 150.00, 0x0000000000000004
2026/10/02 15:50:48.177, 0, 113.69, 65, 24, 150.00, 690, 150.00, 0x0000000000000004
2026/10/02 15:50:48.377, 0, 129.51, 65, 100, 150.00, 1065, 150.00, 0x0000000000000004
2026/10/02 15:50:48.578, 0, 114.09, 64, 0, 150.00, 1680, 150.00, 0x0000000000000004
2026/10/02 15:50:48.779, 0, 101.88, 65, 63, 150.00, 1005, 150.00, 0x0000000000000004
2026/10/02 15:50:48.979, 0, 111.79, 64, 51, 150.00, 1590, 150.00, 0x0000000000000004
2026/10/02 15:50:49.180, 0, 107.94, 64, 0, 150.00, 1680, 150.00, 0x0000000000000004
2026/10/02 15:50:49.380, 0, 86.01, 63, 0, 150.00, 1695, 150.00, 0x0000000000000000
2026/10/02 15:50:49.581, 0, 78.96, 63, 0, 150.00, 1695, 150.00, 0x0000000000000000
2026/10/02 15:50:49.781, 0, 78.98, 63, 0, 150.00, 1695, 150.00, 0x0000000000000000
2026/10/02 15:50:49.982, 0, 78.69, 65, 100, 150.00, 825, 150.00, 0x0000000000000004
2026/10/02 15:50:50.183, 0, 93.24, 65, 40, 150.00, 1605, 150.00, 0x0000000000000004
2026/10/02 15:50:50.383, 0, 108.58, 65, 22, 150.00, 690, 150.00, 0x0000000000000004
2026/10/02 15:50:50.584, 0, 115.81, 64, 26, 150.00, 1650, 150.00, 0x0000000000000004
2026/10/02 15:50:50.784, 0, 130.78, 64, 41, 150.00, 1605, 150.00, 0x0000000000000004
2026/10/02 15:50:50.985, 0, 122.22, 64, 0, 150.00, 1680, 150.00, 0x0000000000000004
2026/10/02 15:50:51.185, 0, 103.09, 63, 0, 150.00, 1695, 150.00, 0x0000000000000000
2026/10/02 15:50:51.386, 0, 103.99, 63, 0, 150.00, 1695, 150.00, 0x0000000000000000
2026/10/02 15:50:51.587, 0, 82.82, 63, 0, 150.00, 1695, 150.00, 0x0000000000000000
2026/10/02 15:50:51.787, 0, 83.57, 63, 0, 150.00, 1695, 150.00, 0x0000000000000000
2026/10/02 15:50:51.988, 0, 92.64, 65, 87, 150.00, 870, 150.00, 0x0000000000000004
2026/10/02 15:50:52.188, 0, 90.52, 64, 62, 150.00, 1455, 150.00, 0x0000000000000004
2026/10/02 15:50:52.389, 0, 90.30, 63, 0, 150.00, 1680, 150.00, 0x0000000000000004
2026/10/02 15:50:52.589, 0, 88.44, 63, 0, 150.00, 1695, 150.00, 0x0000000000000000
2026/10/02 15:50:52.790, 0, 111.82, 65, 100, 150.00, 795, 150.00, 0x0000000000000004
2026/10/02 15:50:52.990, 0, 98.79, 64, 0, 150.00, 1680, 150.00, 0x0000000000000004
2026/10/02 15:50:53.191, 0, 102.08, 65, 64, 150.00, 735, 150.00, 0x0000000000000004
2026/10/02 15:50:53.392, 0, 107.50, 64, 0, 150.00, 1680, 150.00, 0x0000000000000004
2026/10/02 15:50:53.592, 0, 107.42, 63, 0, 150.00, 1680, 150.00, 0x0000000000000004
2026/10/02 15:50:53.793, 0, 87.93, 63, 0, 150.00, 1695, 150.00, 0x0000000000000000
2026/10/02 15:50:53.994, 0, 77.42, 63, 0, 150.00, 1695, 150.00, 0x0000000000000000
2026/10/02 15:50:54.194, 0, 77.87, 64, 63, 150.00, 1140, 150.00, 0x0000000000000004
2026/10/02 15:50:54.395, 0, 68.68, 63, 0, 150.00, 1680, 150.00, 0x0000000000000004
2026/10/02 15:50:54.595, 0, 84.79, 65, 24, 150.00, 690, 150.00, 0x0000000000000004
2026/10/02 15:50:54.796, 0, 83.50, 63, 0, 150.00, 1680, 150.00, 0x0000000000000004
2026/10/02 15:50:54.996, 0, 83.33, 63, 0, 150.00, 1680, 150.00, 0x0000000000000004
2026/10/02 15:50:55.197, 0, 82.10, 63, 0, 150.00, 1695, 150.00, 0x0000000000000000
2026/10/02 15:50:55.397, 0, 99.09, 65, 31, 150.00, 645, 150.00, 0x0000000000000000
2026/10/02 15:50:55.598, 0, 123.50, 65, 72, 150.00, 720, 150.00, 0x0000000000000004
2026/10/02 15:50:55.798, 0, 108.61, 64, 64, 150.00, 1485, 150.00, 0x0000000000000004
2026/10/02 15:50:55.999, 0, 111.67, 64, 0, 150.00, 1680, 150.00, 0x0000000000000004
2026/10/02 15:50:56.200, 0, 136.32, 65, 100, 150.00, 990, 150.00, 0x0000000000000004
2026/10/02 15:50:56.400, 0, 129.78, 64, 0, 150.00, 1680, 150.00, 0x0000000000000004
2026/10/02 15:50:56.601, 0, 99.03, 63, 0, 150.00, 1695, 150.00, 0x0000000000000004
2026/10/02 15:50:56.802, 0, 89.70, 63, 0, 150.00, 1695, 150.00, 0x0000000000000000
2026/10/02 15:50:57.002, 0, 91.59, 63, 0, 150.00, 1695, 150.00, 0x0000000000000000
2026/10/02 15:50:57.203, 0, 85.74, 63, 28, 150.00, 1635, 150.00, 0x0000000000000004
2026/10/02 15:50:57.403, 0, 84.65, 63, 0, 150.00, 1680, 150.00, 0x0000000000000004
2026/10/02 15:50:57.604, 0, 84.67, 63, 0, 150.00, 1695, 150.00, 0x0000000000000000
2026/10/02 15:50:57.804, 0, 84.64, 63, 0, 150.00, 1695, 150.00, 0x0000000000000000
2026/10/02 15:50:58.005, 0, 86.17, 64, 63, 150.00, 1380, 150.00, 0x0000000000000004
2026/10/02 15:50:58.205, 0, 68.35, 63, 0, 150.00, 1680, 150.00, 0x0000000000000004
2026/10/02 15:50:58.406, 0, 68.46, 63, 63, 150.00, 1455, 150.00, 0x0000000000000004
2026/10/02 15:50:58.606, 0, 68.24, 63, 0, 150.00, 1680, 150.00, 0x0000000000000004
2026/10/02 15:50:58.807, 0, 68.29, 63, 0, 150.00, 1695, 150.00, 0x0000000000000000
2026/10/02 15:50:59.008, 0, 68.26, 63, 0, 150.00, 1695, 150.00, 0x0000000000000000
2026/10/02 15:50:59.208, 0, 68.39, 63, 0, 150.00, 1695, 150.00, 0x0000000000000000
2026/10/02 15:50:59.409, 0, 82.44, 63, 19, 150.00, 1650, 150.00, 0x0000000000000004
2026/10/02 15:50:59.609, 0, 88.37, 64, 63, 150.00, 1185, 150.00, 0x0000000000000004
2026/10/02 15:50:59.810, 0, 96.32, 64, 3, 150.00, 1665, 150.00, 0x0000000000000004
2026/10/02 15:51:00.010, 0, 98.03, 64, 67, 150.00, 1515, 150.00, 0x0000000000000004
2026/10/02 15:51:00.211, 0, 97.83, 63, 0, 150.00, 1680, 150.00, 0x0000000000000004
2026/10/02 15:51:00.411, 0, 80.58, 63, 0, 150.00, 1695, 150.00, 0x0000000000000000
2026/10/02 15:51:00.612, 0, 97.03, 64, 36, 150.00, 675, 150.00, 0x0000000000000004
2026/10/02 15:51:00.813, 0, 84.42, 63, 0, 150.00, 1680, 150.00, 0x0000000000000004
2026/10/02 15:51:01.013, 0, 82.24, 63, 0, 150.00, 1680, 150.00, 0x0000000000000004
2026/10/02 15:51:01.214, 0, 83.40, 63, 0, 150.00, 1695, 150.00, 0x0000000000000000
2026/10/02 15:51:01.414, 0, 101.99, 64, 24, 150.00, 660, 150.00, 0x0000000000000000
2026/10/02 15:51:01.615, 0, 105.93, 63, 22, 150.00, 1650, 150.00, 0x0000000000000004
2026/10/02 15:51:01.815, 0, 91.78, 63, 0, 150.00, 1680, 150.00, 0x0000000000000004
2026/10/02 15:51:02.016, 0, 100.44, 63, 0, 150.00, 1665, 150.00, 0x0000000000000004
2026/10/02 15:51:02.216, 0, 103.77, 63, 0, 150.00, 1665, 150.00, 0x0000000000000004
2026/10/02 15:51:02.417, 0, 106.83, 64, 77, 150.00, 1470, 150.00, 0x0000000000000004
2026/10/02 15:51:02.617, 0, 83.44, 63, 0, 150.00, 1680, 150.00, 0x0000000000000004
2026/10/02 15:51:02.818, 0, 84.13, 63, 0, 150.00, 1695, 150.00, 0x0000000000000000
2026/10/02 15:51:03.018, 0, 92.77, 63, 25, 150.00, 1635, 150.00, 0x0000000000000004
2026/10/02 15:51:03.219, 0, 90.16, 63, 62, 150.00, 1350, 150.00, 0x0000000000000004
2026/10/02 15:51:03.420, 0, 99.49, 65, 34, 150.00, 645, 150.00, 0x0000000000000004
2026/10/02 15:51:03.620, 0, 102.00, 63, 0, 150.00, 1680, 150.00, 0x0000000000000004
2026/10/02 15:51:03.821, 0, 101.90, 63, 0, 150.00, 1680, 150.00, 0x0000000000000004
2026/10/02 15:51:04.021, 0, 83.43, 63, 0, 150.00, 1695, 150.00, 0x0000000000000000
2026/10/02 15:51:04.222, 0, 84.41, 63, 0, 150.00, 1695, 150.00, 0x0000000000000000
2026/10/02 15:51:04.423, 0, 89.74, 63, 56, 150.00, 1575, 150.00, 0x0000000000000004
2026/10/02 15:51:04.623, 0, 77.98, 63, 0, 150.00, 1215, 150.00, 0x0000000000000004
2026/10/02 15:51:04.824, 0, 84.51, 64, 48, 150.00, 1605, 150.00, 0x0000000000000004
2026/10/02 15:51:05.024, 0, 83.20, 64, 64, 150.00, 1500, 150.00, 0x0000000000000004
2026/10/02 15:51:05.225, 0, 82.98, 63, 0, 150.00, 1680, 150.00, 0x0000000000000004
2026/10/02 15:51:05.425, 0, 75.05, 63, 0, 150.00, 1695, 150.00, 0x0000000000000000
2026/10/02 15:51:05.626, 0, 80.19, 64, 63, 150.00, 1545, 150.00, 0x0000000000000004
2026/10/02 15:51:05.827, 0, 84.42, 63, 16, 150.00, 1650, 150.00, 0x0000000000000004
2026/10/02 15:51:06.027, 0, 88.51, 63, 0, 150.00, 1665, 150.00, 0x0000000000000004
2026/10/02 15:51:06.228, 0, 89.73, 63, 0, 150.00, 1680, 150.00, 0x0000000000000004
2026/10/02 15:51:06.428, 0, 96.48, 63, 2, 150.00, 1215, 150.00, 0x0000000000000004
2026/10/02 15:51:06.629, 0, 86.56, 63, 0, 150.00, 1680, 150.00, 0x0000000000000004
2026/10/02 15:51:06.829, 0, 74.47, 63, 0, 150.00, 1680, 150.00, 0x0000000000000004
2026/10/02 15:51:07.030, 0, 86.47, 63, 32, 150.00, 1620, 150.00, 0x0000000000000004
2026/10/02 15:51:07.231, 0, 86.74, 63, 0, 150.00, 1680, 150.00, 0x0000000000000004
2026/10/02 15:51:07.431, 0, 91.08, 64, 73, 150.00, 765, 150.00, 0x0000000000000004
2026/10/02 15:51:07.632, 0, 89.71, 63, 0, 150.00, 1515, 150.00, 0x0000000000000004
2026/10/02 15:51:07.833, 0, 88.46, 63, 0, 150.00, 1680, 150.00, 0x0000000000000004
2026/10/02 15:51:08.033, 0, 73.76, 63, 0, 150.00, 1695, 150.00, 0x0000000000000000
2026/10/02 15:51:08.234, 0, 73.94, 63, 0, 150.00, 1695, 150.00, 0x0000000000000000
2026/10/02 15:51:08.435, 0, 73.75, 64, 0, 150.00, 1095, 150.00, 0x0000000000000004
2026/10/02 15:51:08.635, 0, 73.86, 63, 0, 150.00, 1680, 150.00, 0x0000000000000004
2026/10/02 15:51:08.836, 0, 91.94, 63, 34, 150.00, 1635, 150.00, 0x0000000000000004
2026/10/02 15:51:09.036, 0, 102.47, 64, 69, 150.00, 855, 150.00, 0x0000000000000004
2026/10/02 15:51:09.237, 0, 100.97, 63, 62, 150.00, 1680, 150.00, 0x0000000000000004
2026/10/02 15:51:09.437, 0, 106.82, 63, 15, 150.00, 1590, 150.00, 0x0000000000000004
2026/10/02 15:51:09.638, 0, 109.04, 63, 1, 150.00, 1530, 150.00, 0x0000000000000004
2026/10/02 15:51:09.838, 0, 89.79, 63, 0, 150.00, 1680, 150.00, 0x0000000000000004
2026/10/02 15:51:10.039, 0, 85.21, 63, 0, 150.00, 1695, 150.00, 0x0000000000000000
2026/10/02 15:51:10.239, 0, 84.48, 64, 0, 150.00, 1335, 150.00, 0x0000000000000004
2026/10/02 15:51:10.440, 0, 69.82, 63, 0, 150.00, 1680, 150.00, 0x0000000000000004
2026/10/02 15:51:10.640, 0, 73.31, 63, 0, 150.00, 1170, 150.00, 0x0000000000000004
2026/10/02 15:51:10.841, 0, 83.64, 63, 0, 150.00, 1020, 150.00, 0x0000000000000004
2026/10/02 15:51:11.042, 0, 108.30, 65, 77, 150.00, 735, 150.00, 0x0000000000000004
2026/10/02 15:51:11.242, 0, 108.37, 64, 32, 150.00, 1155, 150.00, 0x0000000000000004
2026/10/02 15:51:11.443, 0, 132.08, 65, 100, 150.00, 750, 150.00, 0x0000000000000004
2026/10/02 15:51:11.643, 0, 125.46, 64, 31, 150.00, 1545, 150.00, 0x0000000000000004
2026/10/02 15:51:11.844, 0, 116.02, 63, 63, 150.00, 1680, 150.00, 0x0000000000000004
2026/10/02 15:51:12.045, 0, 100.32, 63, 0, 150.00, 1515, 150.00, 0x0000000000000004
2026/10/02 15:51:12.245, 0, 88.78, 63, 0, 150.00, 1680, 150.00, 0x0000000000000004
2026/10/02 15:51:12.446, 0, 77.35, 63, 0, 150.00, 1695, 150.00, 0x0000000000000000
2026/10/02 15:51:12.647, 0, 66.69, 62, 0, 150.00, 1695, 150.00, 0x0000000000000000
2026/10/02 15:51:12.847, 0, 67.66, 62, 0, 150.00, 1695, 150.00, 0x0000000000000000
2026/10/02 15:51:13.048, 0, 90.73, 64, 25, 150.00, 825, 150.00, 0x0000000000000004
2026/10/02 15:51:13.248, 0, 94.12, 63, 20, 150.00, 1185, 150.00, 0x0000000000000004
2026/10/02 15:51:13.449, 0, 97.91, 64, 62, 150.00, 1230, 150.00, 0x0000000000000004
2026/10/02 15:51:13.650, 0, 98.08, 63, 69, 150.00, 1680, 150.00, 0x0000000000000004
2026/10/02 15:51:13.850, 0, 105.24, 64, 0, 150.00, 795, 150.00, 0x0000000000000004
2026/10/02 15:51:14.051, 0, 101.84, 65, 100, 150.00, 795, 150.00, 0x0000000000000004
2026/10/02 15:51:14.251, 0, 104.23, 64, 100, 150.00, 1365, 150.00, 0x0000000000000004
2026/10/02 15:51:14.452, 0, 112.74, 64, 51, 150.00, 1665, 150.00, 0x0000000000000004
2026/10/02 15:51:14.652, 0, 126.46, 65, 0, 150.00, 645, 150.00, 0x0000000000000004
2026/10/02 15:51:14.853, 0, 125.74, 63, 28, 150.00, 1680, 150.00, 0x0000000000000004
2026/10/02 15:51:15.054, 0, 107.57, 63, 0, 150.00, 1680, 150.00, 0x0000000000000004
2026/10/02 15:51:15.254, 0, 96.39, 63, 0, 150.00, 1695, 150.00, 0x0000000000000000
2026/10/02 15:51:15.455, 0, 102.25, 65, 74, 150.00, 795, 150.00, 0x0000000000000004
2026/10/02 15:51:15.655, 0, 84.00, 64, 52, 150.00, 1320, 150.00, 0x0000000000000004
2026/10/02 15:51:15.856, 0, 93.83, 63, 46, 150.00, 1650, 150.00, 0x0000000000000004
2026/10/02 15:51:16.056, 0, 118.51, 64, 44, 150.00, 1080, 150.00, 0x0000000000000004
2026/10/02 15:51:16.257, 0, 118.75, 64, 4, 150.00, 1335, 150.00, 0x0000000000000004
2026/10/02 15:51:16.457, 0, 120.74, 65, 0, 150.00, 660, 150.00, 0x0000000000000004
2026/10/02 15:51:16.658, 0, 122.04, 64, 17, 150.00, 915, 150.00, 0x0000000000000004
2026/10/02 15:51:16.859, 0, 109.50, 63, 7, 150.00, 1680, 150.00, 0x0000000000000004
2026/10/02 15:51:17.059, 0, 97.71, 63, 62, 150.00, 1680, 150.00, 0x0000000000000004
2026/10/02 15:51:17.259, 0, 90.34, 63, 0, 150.00, 1680, 150.00, 0x0000000000000004
2026/10/02 15:51:17.460, 0, 116.14, 65, 45, 150.00, 705, 150.00, 0x0000000000000004
2026/10/02 15:51:17.661, 0, 127.81, 65, 60, 150.00, 660, 150.00, 0x0000000000000004
2026/10/02 15:51:17.861, 0, 144.65, 65, 61, 150.00, 795, 150.00, 0x0000000000000004
2026/10/02 15:51:18.062, 0, 143.87, 63, 14, 150.00, 1680, 150.00, 0x0000000000000004
2026/10/02 15:51:18.262, 0, 167.93, 65, 0, 150.00, 675, 150.00, 0x0000000000000004
2026/10/02 15:51:18.463, 0, 143.66, 64, 21, 150.00, 1155, 150.00, 0x0000000000000004
2026/10/02 15:51:18.663, 0, 123.49, 63, 0, 150.00, 1680, 150.00, 0x0000000000000004
2026/10/02 15:51:18.864, 0, 102.79, 64, 0, 150.00, 1035, 150.00, 0x0000000000000004
2026/10/02 15:51:19.065, 0, 104.92, 63, 100, 150.00, 1650, 150.00, 0x0000000000000004
2026/10/02 15:51:19.265, 0, 123.63, 65, 37, 150.00, 810, 150.00, 0x0000000000000004
2026/10/02 15:51:19.466, 0, 124.81, 65, 100, 150.00, 795, 150.00, 0x0000000000000004
2026/10/02 15:51:19.666, 0, 146.09, 66, 100, 150.00, 990, 150.00, 0x0000000000000004
2026/10/02 15:51:19.867, 0, 141.81, 64, 25, 150.00, 600, 150.00, 0x0000000000000004
2026/10/02 15:51:20.068, 0, 126.92, 63, 62, 150.00, 1680, 150.00, 0x0000000000000004
2026/10/02 15:51:20.268, 0, 113.45, 63, 0, 150.00, 1680, 150.00, 0x0000000000000004
2026/10/02 15:51:20.469, 0, 98.49, 63, 0, 150.00, 1695, 150.00, 0x0000000000000000
2026/10/02 15:51:20.669, 0, 83.25, 63, 0, 150.00, 1695, 150.00, 0x0000000000000000
2026/10/02 15:51:20.870, 0, 88.40, 64, 0, 150.00, 750, 150.00, 0x0000000000000000
2026/10/02 15:51:21.070, 0, 84.73, 64, 31, 150.00, 1575, 150.00, 0x0000000000000004
2026/10/02 15:51:21.270, 0, 83.20, 63, 0, 150.00, 1680, 150.00, 0x0000000000000004
2026/10/02 15:51:21.471, 0, 104.38, 64, 46, 150.00, 645, 150.00, 0x0000000000000004
2026/10/02 15:51:21.672, 0, 110.23, 65, 57, 150.00, 810, 150.00, 0x0000000000000004
2026/10/02 15:51:21.872, 0, 122.12, 65, 100, 150.00, 945, 150.00, 0x0000000000000004
2026/10/02 15:51:22.073, 0, 106.73, 63, 29, 150.00, 1680, 150.00, 0x0000000000000004
2026/10/02 15:51:22.273, 0, 127.99, 65, 0, 150.00, 1020, 150.00, 0x0000000000000004
2026/10/02 15:51:22.474, 0, 110.49, 63, 20, 150.00, 1680, 150.00, 0x0000000000000004
2026/10/02 15:51:22.675, 0, 115.02, 63, 51, 150.00, 1680, 150.00, 0x0000000000000004
2026/10/02 15:51:22.875, 0, 100.47, 63, 0, 150.00, 1680, 150.00, 0x0000000000000004
2026/10/02 15:51:23.076, 0, 93.40, 63, 0, 150.00, 1695, 150.00, 0x0000000000000000
2026/10/02 15:51:23.276, 0, 93.48, 62, 0, 150.00, 1695, 150.00, 0x0000000000000000
2026/10/02 15:51:23.477, 0, 94.65, 64, 0, 150.00, 660, 150.00, 0x0000000000000000
2026/10/02 15:51:23.677, 0, 102.91, 65, 100, 150.00, 810, 150.00, 0x0000000000000004
2026/10/02 15:51:23.878, 0, 122.36, 65, 100, 150.00, 735, 150.00, 0x0000000000000004
2026/10/02 15:51:24.078, 0, 120.99, 63, 48, 150.00, 1680, 150.00, 0x0000000000000004
2026/10/02 15:51:24.279, 0, 121.49, 64, 0, 150.00, 1515, 150.00, 0x0000000000000004
2026/10/02 15:51:24.480, 0, 116.49, 63, 0, 150.00, 1680, 150.00, 0x0000000000000004
2026/10/02 15:51:24.680, 0, 123.24, 65, 36, 150.00, 780, 150.00, 0x0000000000000004
2026/10/02 15:51:24.881, 0, 107.01, 63, 32, 150.00, 1680, 150.00, 0x0000000000000004
2026/10/02 15:51:25.081, 0, 98.13, 63, 0, 150.00, 1695, 150.00, 0x0000000000000004
2026/10/02 15:51:25.282, 0, 98.28, 62, 0, 150.00, 1695, 150.00, 0x0000000000000000
2026/10/02 15:51:25.482, 0, 98.06, 62, 0, 150.00, 1110, 150.00, 0x0000000000000000
2026/10/02 15:51:25.683, 0, 71.41, 63, 71, 150.00, 1605, 150.00, 0x0000000000000004
2026/10/02 15:51:25.883, 0, 89.67, 64, 26, 150.00, 690, 150.00, 0x0000000000000004
2026/10/02 15:51:26.084, 0, 90.35, 63, 59, 150.00, 1680, 150.00, 0x0000000000000004
2026/10/02 15:51:26.284, 0, 90.24, 63, 0, 150.00, 1680, 150.00, 0x0000000000000004
2026/10/02 15:51:26.485, 0, 105.49, 63, 39, 150.00, 1035, 150.00, 0x0000000000000004
2026/10/02 15:51:26.686, 0, 103.76, 63, 86, 150.00, 1620, 150.00, 0x0000000000000004
2026/10/02 15:51:26.886, 0, 96.18, 64, 0, 150.00, 810, 150.00, 0x0000000000000004
2026/10/02 15:51:27.087, 0, 94.10, 63, 72, 150.00, 1680, 150.00, 0x0000000000000004
2026/10/02 15:51:27.288, 0, 94.18, 63, 0, 150.00, 1680, 150.00, 0x0000000000000004
2026/10/02 15:51:27.488, 0, 79.52, 62, 0, 150.00, 1695, 150.00, 0x0000000000000000
2026/10/02 15:51:27.689, 0, 73.68, 62, 0, 150.00, 1695, 150.00, 0x0000000000000000
2026/10/02 15:51:27.890, 0, 87.57, 64, 0, 150.00, 660, 150.00, 0x0000000000000000
2026/10/02 15:51:28.090, 0, 94.76, 64, 41, 150.00, 735, 150.00, 0x0000000000000004
2026/10/02 15:51:28.291, 0, 102.53, 63, 100, 150.00, 1680, 150.00, 0x0000000000000004
2026/10/02 15:51:28.491, 0, 102.32, 62, 0, 150.00, 1680, 150.00, 0x0000000000000004
2026/10/02 15:51:28.692, 0, 99.30, 62, 0, 150.00, 1695, 150.00, 0x0000000000000000
2026/10/02 15:51:28.892, 0, 99.68, 62, 0, 150.00, 1695, 150.00, 0x0000000000000000
2026/10/02 15:51:29.093, 0, 87.83, 62, 0, 150.00, 1695, 150.00, 0x0000000000000000
2026/10/02 15:51:29.294, 0, 77.49, 63, 0, 150.00, 1320, 150.00, 0x0000000000000004
2026/10/02 15:51:29.494, 0, 91.94, 63, 32, 150.00, 1650, 150.00, 0x0000000000000004
2026/10/02 15:51:29.695, 0, 101.40, 64, 0, 150.00, 810, 150.00, 0x0000000000000004
2026/10/02 15:51:29.895, 0, 108.88, 63, 100, 150.00, 1650, 150.00, 0x0000000000000004
2026/10/02 15:51:30.096, 0, 108.39, 63, 0, 150.00, 1560, 150.00, 0x0000000000000004
2026/10/02 15:51:30.296, 0, 104.58, 62, 0, 150.00, 1680, 150.00, 0x0000000000000004
2026/10/02 15:51:30.497, 0, 108.00, 64, 27, 150.00, 810, 150.00, 0x0000000000000004
2026/10/02 15:51:30.697, 0, 110.97, 64, 98, 150.00, 1560, 150.00, 0x0000000000000004
2026/10/02 15:51:30.898, 0, 95.18, 63, 0, 150.00, 1605, 150.00, 0x0000000000000004
2026/10/02 15:51:31.098, 0, 105.27, 63, 12, 150.00, 1635, 150.00, 0x0000000000000004
2026/10/02 15:51:31.299, 0, 121.49, 64, 0, 150.00, 1230, 150.00, 0x0000000000000004
2026/10/02 15:51:31.500, 0, 100.90, 63, 10, 150.00, 1680, 150.00, 0x0000000000000004
2026/10/02 15:51:31.700, 0, 86.75, 62, 0, 150.00, 1695, 150.00, 0x0000000000000004
2026/10/02 15:51:31.901, 0, 94.11, 63, 9, 150.00, 1620, 150.00, 0x0000000000000004
2026/10/02 15:51:32.101, 0, 84.75, 62, 0, 150.00, 1680, 150.00, 0x0000000000000004
2026/10/02 15:51:32.302, 0, 86.11, 62, 0, 150.00, 1695, 150.00, 0x0000000000000000
2026/10/02 15:51:32.503, 0, 92.07, 63, 0, 150.00, 645, 150.00, 0x0000000000000000
2026/10/02 15:51:32.703, 0, 88.74, 62, 42, 150.00, 1680, 150.00, 0x0000000000000004
2026/10/02 15:51:32.904, 0, 80.21, 62, 0, 150.00, 1080, 150.00, 0x0000000000000004
2026/10/02 15:51:33.105, 0, 82.63, 62, 63, 150.00, 1560, 150.00, 0x0000000000000004
2026/10/02 15:51:33.305, 0, 89.82, 63, 60, 150.00, 1440, 150.00, 0x0000000000000004
2026/10/02 15:51:33.506, 0, 87.50, 62, 0, 150.00, 1680, 150.00, 0x0000000000000004
2026/10/02 15:51:33.706, 0, 75.10, 62, 0, 150.00, 1695, 150.00, 0x0000000000000004
2026/10/02 15:51:33.907, 0, 74.62, 62, 0, 150.00, 1350, 150.00, 0x0000000000000000
2026/10/02 15:51:34.107, 0, 75.29, 62, 61, 150.00, 1680, 150.00, 0x0000000000000004
2026/10/02 15:51:34.308, 0, 76.46, 63, 3, 150.00, 1620, 150.00, 0x0000000000000004
2026/10/02 15:51:34.508, 0, 71.60, 62, 0, 150.00, 1680, 150.00, 0x0000000000000004
2026/10/02 15:51:34.709, 0, 71.64, 62, 0, 150.00, 1695, 150.00, 0x0000000000000000
2026/10/02 15:51:34.909, 0, 71.64, 62, 0, 150.00, 1695, 150.00, 0x0000000000000000
2026/10/02 15:51:35.110, 0, 70.82, 62, 0, 150.00, 1695, 150.00, 0x0000000000000000
2026/10/02 15:51:35.310, 0, 92.93, 64, 37, 150.00, 1065, 150.00, 0x0000000000000004
2026/10/02 15:51:35.511, 0, 93.59, 63, 22, 150.00, 690, 150.00, 0x0000000000000004
2026/10/02 15:51:35.712, 0, 105.09, 63, 63, 150.00, 1275, 150.00, 0x0000000000000004
2026/10/02 15:51:35.912, 0, 104.51, 62, 8, 150.00, 1680, 150.00, 0x0000000000000004
2026/10/02 15:51:36.113, 0, 117.71, 64, 0, 150.00, 1185, 150.00, 0x0000000000000004
2026/10/02 15:51:36.313, 0, 97.06, 62, 14, 150.00, 1680, 150.00, 0x0000000000000004
2026/10/02 15:51:36.514, 0, 114.55, 64, 21, 150.00, 1050, 150.00, 0x0000000000000004
2026/10/02 15:51:36.714, 0, 119.56, 63, 25, 150.00, 600, 150.00, 0x0000000000000004
2026/10/02 15:51:36.915, 0, 126.83, 64, 54, 150.00, 1170, 150.00, 0x0000000000000004
2026/10/02 15:51:37.115, 0, 137.37, 64, 24, 150.00, 720, 150.00, 0x0000000000000004
2026/10/02 15:51:37.316, 0, 130.64, 63, 42, 150.00, 1680, 150.00, 0x0000000000000004
2026/10/02 15:51:37.517, 0, 115.88, 62, 0, 150.00, 1680, 150.00, 0x0000000000000004
2026/10/02 15:51:37.717, 0, 108.78, 62, 0, 150.00, 1695, 150.00, 0x0000000000000000
2026/10/02 15:51:37.918, 0, 101.41, 62, 0, 150.00, 1695, 150.00, 0x0000000000000000
2026/10/02 15:51:38.118, 0, 79.92, 62, 0, 150.00, 1695, 150.00, 0x0000000000000000
2026/10/02 15:51:38.319, 0, 79.92, 62, 0, 150.00, 1695, 150.00, 0x0000000000000000
2026/10/02 15:51:38.519, 0, 93.32, 62, 100, 150.00, 1665, 150.00, 0x0000000000000004
2026/10/02 15:51:38.720, 0, 93.10, 62, 0, 150.00, 1395, 150.00, 0x0000000000000004
2026/10/02 15:51:38.921, 0, 93.60, 62, 61, 150.00, 1680, 150.00, 0x0000000000000004
2026/10/02 15:51:39.121, 0, 93.46, 62, 0, 150.00, 1680, 150.00, 0x0000000000000004
2026/10/02 15:51:39.322, 0, 89.28, 62, 0, 150.00, 1695, 150.00, 0x0000000000000000
2026/10/02 15:51:39.523, 0, 67.89, 61, 0, 150.00, 1695, 150.00, 0x0000000000000000
2026/10/02 15:51:39.723, 0, 68.88, 61, 0, 150.00, 1695, 150.00, 0x0000000000000000
2026/10/02 15:51:39.924, 0, 77.93, 62, 52, 150.00, 1680, 150.00, 0x0000000000000004
2026/10/02 15:51:40.124, 0, 78.10, 61, 0, 150.00, 1680, 150.00, 0x0000000000000004
2026/10/02 15:51:40.325, 0, 78.15, 61, 0, 150.00, 1695, 150.00, 0x0000000000000000
2026/10/02 15:51:40.525, 0, 89.23, 62, 0, 150.00, 1305, 150.00, 0x0000000000000004
2026/10/02 15:51:40.726, 0, 100.93, 62, 50, 150.00, 1665, 150.00, 0x0000000000000004
2026/10/02 15:51:40.927, 0, 87.57, 61, 0, 150.00, 1680, 150.00, 0x0000000000000004
2026/10/02 15:51:41.127, 0, 88.23, 61, 0, 150.00, 1695, 150.00, 0x0000000000000000
2026/10/02 15:51:41.328, 0, 88.28, 61, 0, 150.00, 1695, 150.00, 0x0000000000000000
2026/10/02 15:51:41.528, 0, 98.77, 62, 49, 150.00, 1680, 150.00, 0x0000000000000004
2026/10/02 15:51:41.729, 0, 87.59, 62, 53, 150.00, 1680, 150.00, 0x0000000000000004
2026/10/02 15:51:41.929, 0, 88.15, 61, 0, 150.00, 1680, 150.00, 0x0000000000000004
2026/10/02 15:51:42.130, 0, 88.24, 61, 0, 150.00, 1695, 150.00, 0x0000000000000000
2026/10/02 15:51:42.330, 0, 88.21, 61, 0, 150.00, 1695, 150.00, 0x0000000000000000
2026/10/02 15:51:42.531, 0, 80.72, 62, 0, 150.00, 840, 150.00, 0x0000000000000004
2026/10/02 15:51:42.731, 0, 69.89, 62, 74, 150.00, 1680, 150.00, 0x0000000000000004
2026/10/02 15:51:42.932, 0, 69.89, 61, 0, 150.00, 1680, 150.00, 0x0000000000000004
2026/10/02 15:51:43.132, 0, 69.79, 61, 0, 150.00, 810, 150.00, 0x0000000000000000
2026/10/02 15:51:43.333, 0, 77.91, 63, 61, 150.00, 1335, 150.00, 0x0000000000000004
2026/10/02 15:51:43.533, 0, 85.13, 62, 68, 150.00, 1545, 150.00, 0x0000000000000004
2026/10/02 15:51:43.734, 0, 83.26, 62, 0, 150.00, 1680, 150.00, 0x0000000000000004
2026/10/02 15:51:43.935, 0, 83.35, 61, 0, 150.00, 1695, 150.00, 0x0000000000000004
2026/10/02 15:51:44.135, 0, 83.38, 61, 0, 150.00, 1350, 150.00, 0x0000000000000000
2026/10/02 15:51:44.336, 0, 100.26, 63, 60, 150.00, 870, 150.00, 0x0000000000000004
2026/10/02 15:51:44.537, 0, 97.78, 62, 56, 150.00, 1650, 150.00, 0x0000000000000004
2026/10/02 15:51:44.737, 0, 127.15, 63, 24, 150.00, 1035, 150.00, 0x0000000000000004
2026/10/02 15:51:44.937, 0, 121.04, 62, 25, 150.00, 1680, 150.00, 0x0000000000000004
2026/10/02 15:51:45.138, 0, 126.29, 61, 0, 150.00, 1695, 150.00, 0x0000000000000004
2026/10/02 15:51:45.338, 0, 119.48, 63, 18, 150.00, 660, 150.00, 0x0000000000000000
2026/10/02 15:51:45.540, 0, 110.23, 63, 100, 150.00, 810, 150.00, 0x0000000000000004
2026/10/02 15:51:45.741, 0, 112.50, 64, 100, 150.00, 795, 150.00, 0x0000000000000004
2026/10/02 15:51:45.941, 0, 112.11, 62, 0, 150.00, 1680, 150.00, 0x0000000000000004
2026/10/02 15:51:46.142, 0, 116.40, 62, 0, 150.00, 1680, 150.00, 0x0000000000000004
2026/10/02 15:51:46.342, 0, 112.13, 61, 0, 150.00, 1695, 150.00, 0x0000000000000000
2026/10/02 15:51:46.543, 0, 90.38, 61, 0, 150.00, 1695, 150.00, 0x0000000000000000
2026/10/02 15:51:46.744, 0, 74.80, 61, 0, 150.00, 1695, 150.00, 0x0000000000000000
2026/10/02 15:51:46.944, 0, 86.62, 63, 100, 150.00, 675, 150.00, 0x0000000000000000
2026/10/02 15:51:47.145, 0, 94.60, 62, 14, 150.00, 1680, 150.00, 0x0000000000000004
2026/10/02 15:51:47.345, 0, 94.46, 61, 0, 150.00, 1680, 150.00, 0x0000000000000004
2026/10/02 15:51:47.545, 0, 102.13, 63, 98, 150.00, 825, 150.00, 0x0000000000000004
2026/10/02 15:51:47.746, 0, 109.96, 62, 27, 150.00, 1665, 150.00, 0x0000000000000004
2026/10/02 15:51:47.947, 0, 107.83, 62, 47, 150.00, 1635, 150.00, 0x0000000000000004
2026/10/02 15:51:48.147, 0, 98.85, 63, 61, 150.00, 1440, 150.00, 0x0000000000000004
2026/10/02 15:51:48.348, 0, 113.79, 63, 9, 150.00, 810, 150.00, 0x0000000000000004
2026/10/02 15:51:48.549, 0, 108.65, 62, 0, 150.00, 1680, 150.00, 0x0000000000000004
2026/10/02 15:51:48.749, 0, 93.67, 61, 0, 150.00, 1680, 150.00, 0x0000000000000004
2026/10/02 15:51:48.950, 0, 80.89, 62, 59, 150.00, 1590, 150.00, 0x0000000000000004
2026/10/02 15:51:49.150, 0, 88.67, 63, 98, 150.00, 810, 150.00, 0x0000000000000004
2026/10/02 15:51:49.351, 0, 90.27, 64, 100, 150.00, 1305, 150.00, 0x0000000000000004
2026/10/02 15:51:49.551, 0, 91.19, 62, 0, 150.00, 1395, 150.00, 0x0000000000000004
2026/10/02 15:51:49.752, 0, 100.20, 62, 70, 150.00, 1590, 150.00, 0x0000000000000004
2026/10/02 15:51:49.953, 0, 104.16, 63, 64, 150.00, 1365, 150.00, 0x0000000000000004
2026/10/02 15:51:50.153, 0, 113.36, 63, 57, 150.00, 1335, 150.00, 0x0000000000000004
2026/10/02 15:51:50.354, 0, 95.79, 62, 0, 150.00, 1680, 150.00, 0x0000000000000004
2026/10/02 15:51:50.554, 0, 88.80, 61, 0, 150.00, 1695, 150.00, 0x0000000000000004
2026/10/02 15:51:50.755, 0, 82.19, 61, 0, 150.00, 1695, 150.00, 0x0000000000000000
2026/10/02 15:51:50.956, 0, 83.14, 61, 0, 150.00, 1695, 150.00, 0x0000000000000000
2026/10/02 15:51:51.156, 0, 76.50, 61, 0, 150.00, 1695, 150.00, 0x0000000000000000
2026/10/02 15:51:51.357, 0, 76.50, 61, 0, 150.00, 1695, 150.00, 0x0000000000000000
2026/10/02 15:51:51.557, 0, 76.50, 61, 0, 150.00, 1695, 150.00, 0x0000000000000000
2026/10/02 15:51:51.758, 0, 76.50, 61, 0, 150.00, 1695, 150.00, 0x0000000000000000
2026/10/02 15:51:51.959, 0, 76.50, 61, 0, 150.00, 1695, 150.00, 0x0000000000000000
2026/10/02 15:51:52.159, 0, 67.93, 61, 0, 150.00, 1695, 150.00, 0x0000000000000000
2026/10/02 15:51:52.360, 0, 67.93, 61, 0, 150.00, 1695, 150.00, 0x0000000000000000
2026/10/02 15:51:52.560, 0, 67.93, 61, 0, 150.00, 1695, 150.00, 0x0000000000000000
2026/10/02 15:51:52.761, 0, 67.93, 61, 0, 150.00, 1695, 150.00, 0x0000000000000000
2026/10/02 15:51:52.961, 0, 67.93, 61, 0, 150.00, 1695, 150.00, 0x0000000000000000
2026/10/02 15:51:53.162, 0, 67.79, 61, 0, 150.00, 1695, 150.00, 0x0000000000000000
2026/10/02 15:51:53.363, 0, 67.79, 61, 0, 150.00, 1695, 150.00, 0x0000000000000000
2026/10/02 15:51:53.563, 0, 67.79, 61, 0, 150.00, 1695, 150.00, 0x0000000000000000
2026/10/02 15:51:53.764, 0, 67.79, 61, 0, 150.00, 1695, 150.00, 0x0000000000000000
2026/10/02 15:51:53.964, 0, 67.79, 61, 0, 150.00, 1695, 150.00, 0x0000000000000000
2026/10/02 15:51:54.165, 0, 67.60, 60, 0, 150.00, 1695, 150.00, 0x0000000000000000
2026/10/02 15:51:54.366, 0, 67.60, 60, 0, 150.00, 1695, 150.00, 0x0000000000000000
2026/10/02 15:51:54.566, 0, 67.60, 60, 0, 150.00, 1695, 150.00, 0x0000000000000000
2026/10/02 15:51:54.767, 0, 67.60, 60, 0, 150.00, 1695, 150.00, 0x0000000000000000
2026/10/02 15:51:54.967, 0, 67.60, 60, 0, 150.00, 1695, 150.00, 0x0000000000000000
2026/10/02 15:51:55.168, 0, 67.43, 60, 0, 150.00, 1695, 150.00, 0x0000000000000000
2026/10/02 15:51:55.369, 0, 67.43, 60, 0, 150.00, 1695, 150.00, 0x0000000000000000
2026/10/02 15:51:55.569, 0, 67.43, 60, 0, 150.00, 1695, 150.00, 0x0000000000000000
2026/10/02 15:51:55.770, 0, 67.43, 60, 0, 150.00, 1695, 150.00, 0x0000000000000000
2026/10/02 15:51:55.970, 0, 67.43, 60, 0, 150.00, 1695, 150.00, 0x0000000000000000
2026/10/02 15:51:56.171, 0, 67.29, 60, 0, 150.00, 1695, 150.00, 0x0000000000000000
2026/10/02 15:51:56.371, 0, 67.29, 60, 0, 150.00, 1695, 150.00, 0x0000000000000000
2026/10/02 15:51:56.572, 0, 67.29, 60, 0, 150.00, 1695, 150.00, 0x0000000000000000
2026/10/02 15:51:56.773, 0, 67.29, 60, 0, 150.00, 1695, 150.00, 0x0000000000000000
2026/10/02 15:51:56.973, 0, 67.29, 60, 0, 150.00, 1695, 150.00, 0x0000000000000000
2026/10/02 15:51:57.174, 0, 67.20, 60, 0, 150.00, 1695, 150.00, 0x0000000000000000
2026/10/02 15:51:57.375, 0, 67.20, 60, 0, 150.00, 1695, 150.00, 0x0000000000000000
2026/10/02 15:51:57.575, 0, 67.20, 60, 0, 150.00, 1695, 150.00, 0x0000000000000000
2026/10/02 15:51:57.776, 0, 67.20, 60, 0, 150.00, 1695, 150.00, 0x0000000000000000
2026/10/02 15:51:57.976, 0, 67.20, 60, 0, 150.00, 1695, 150.00, 0x0000000000000000
2026/10/02 15:51:58.177, 0, 67.06, 60, 0, 150.00, 1695, 150.00, 0x0000000000000000
2026/10/02 15:51:58.377, 0, 67.06, 60, 0, 150.00, 1695, 150.00, 0x0000000000000000
2026/10/02 15:51:58.578, 0, 67.06, 60, 0, 150.00, 1695, 150.00, 0x0000000000000000
2026/10/02 15:51:58.778, 0, 67.06, 60, 0, 150.00, 1695, 150.00, 0x0000000000000000
2026/10/02 15:51:58.979, 0, 67.06, 60, 0, 150.00, 1695, 150.00, 0x0000000000000000
2026/10/02 15:51:59.180, 0, 66.92, 59, 0, 150.00, 1695, 150.00, 0x0000000000000000
2026/10/02 15:51:59.380, 0, 66.92, 59, 0, 150.00, 1695, 150.00, 0x0000000000000000
2026/10/02 15:51:59.581, 0, 66.92, 59, 0, 150.00, 1695, 150.00, 0x0000000000000000
2026/10/02 15:51:59.782, 0, 66.92, 59, 0, 150.00, 1695, 150.00, 0x0000000000000000
2026/10/02 15:51:59.982, 0, 66.92, 59, 0, 150.00, 1695, 150.00, 0x0000000000000000
2026/10/02 15:52:00.183, 0, 66.87, 59, 0, 150.00, 1695, 150.00, 0x0000000000000000
2026/10/02 15:52:00.383, 0, 66.87, 59, 0, 150.00, 1695, 150.00, 0x0000000000000000
2026/10/02 15:52:00.583, 0, 66.87, 59, 0, 150.00, 1695, 150.00, 0x0000000000000000
2026/10/02 15:52:00.784, 0, 66.87, 59, 0, 150.00, 1695, 150.00, 0x0000000000000000
2026/10/02 15:52:00.984, 0, 66.87, 59, 0, 150.00, 1695, 150.00, 0x0000000000000000
2026/10/02 15:52:01.185, 0, 66.78, 59, 0, 150.00, 1695, 150.00, 0x0000000000000000
2026/10/02 15:52:01.385, 0, 66.78, 59, 0, 150.00, 1695, 150.00, 0x0000000000000000
2026/10/02 15:52:01.586, 0, 66.78, 59, 0, 150.00, 1695, 150.00, 0x0000000000000000
2026/10/02 15:52:01.786, 0, 66.78, 59, 0, 150.00, 1695, 150.00, 0x0000000000000000
2026/10/02 15:52:01.987, 0, 66.78, 59, 0, 150.00, 1695, 150.00, 0x0000000000000000
2026/10/02 15:52:02.188, 0, 66.64, 59, 0, 150.00, 1695, 150.00, 0x0000000000000000
2026/10/02 15:52:02.388, 0, 66.64, 59, 0, 150.00, 1695, 150.00, 0x0000000000000000
2026/10/02 15:52:02.589, 0, 66.64, 59, 0, 150.00, 1695, 150.00, 0x0000000000000000
2026/10/02 15:52:02.789, 0, 66.64, 59, 0, 150.00, 1695, 150.00, 0x0000000000000000
2026/10/02 15:52:02.990, 0, 66.64, 59, 0, 150.00, 1695, 150.00, 0x0000000000000000
2026/10/02 15:52:03.191, 0, 66.54, 59, 0, 150.00, 1695, 150.00, 0x0000000000000000
2026/10/02 15:52:03.391, 0, 66.54, 59, 0, 150.00, 1695, 150.00, 0x0000000000000000
2026/10/02 15:52:03.591, 0, 66.54, 59, 0, 150.00, 1695, 150.00, 0x0000000000000000
2026/10/02 15:52:03.792, 0, 66.54, 59, 0, 150.00, 1695, 150.00, 0x0000000000000000
2026/10/02 15:52:03.993, 0, 66.54, 59, 0, 150.00, 1695, 150.00, 0x0000000000000000
2026/10/02 15:52:04.193, 0, 66.50, 59, 0, 150.00, 1695, 150.00, 0x0000000000000000
2026/10/02 15:52:04.394, 0, 66.50, 59, 0, 150.00, 1695, 150.00, 0x0000000000000000
2026/10/02 15:52:04.594, 0, 66.50, 59, 0, 150.00, 1695, 150.00, 0x0000000000000000
2026/10/02 15:52:04.795, 0, 66.50, 59, 0, 150.00, 1695, 150.00, 0x0000000000000000
2026/10/02 15:52:04.995, 0, 66.50, 59, 0, 150.00, 1695, 150.00, 0x0000000000000000
2026/10/02 15:52:05.196, 0, 66.35, 59, 0, 150.00, 1695, 150.00, 0x0000000000000000
2026/10/02 15:52:05.397, 0, 66.35, 59, 0, 150.00, 1695, 150.00, 0x0000000000000000
2026/10/02 15:52:05.597, 0, 66.35, 59, 0, 150.00, 1695, 150.00, 0x0000000000000000
2026/10/02 15:52:05.798, 0, 66.35, 59, 0, 150.00, 1695, 150.00, 0x0000000000000000
2026/10/02 15:52:05.998, 0, 66.35, 59, 0, 150.00, 1695, 150.00, 0x0000000000000000
2026/10/02 15:52:06.199, 0, 66.40, 58, 0, 150.00, 1695, 150.00, 0x0000000000000000
2026/10/02 15:52:06.399, 0, 66.40, 58, 0, 150.00, 1695, 150.00, 0x0000000000000000
2026/10/02 15:52:06.600, 0, 66.40, 58, 0, 150.00, 1695, 150.00, 0x0000000000000000
2026/10/02 15:52:06.800, 0, 66.40, 58, 0, 150.00, 1695, 150.00, 0x0000000000000000
2026/10/02 15:52:07.001, 0, 66.40, 58, 0, 150.00, 1695, 150.00, 0x0000000000000000
2026/10/02 15:52:07.201, 0, 66.54, 58, 0, 150.00, 1695, 150.00, 0x0000000000000000
2026/10/02 15:52:07.402, 0, 66.54, 58, 0, 150.00, 1695, 150.00, 0x0000000000000000
2026/10/02 15:52:07.603, 0, 66.54, 58, 0, 150.00, 1695, 150.00, 0x0000000000000000
2026/10/02 15:52:07.803, 0, 66.54, 58, 0, 150.00, 1695, 150.00, 0x0000000000000000
2026/10/02 15:52:08.004, 0, 66.54, 58, 0, 150.00, 1695, 150.00, 0x0000000000000000
2026/10/02 15:52:08.204, 0, 66.45, 58, 0, 150.00, 1695, 150.00, 0x0000000000000000
2026/10/02 15:52:08.405, 0, 66.45, 58, 0, 150.00, 1695, 150.00, 0x0000000000000000
2026/10/02 15:52:08.606, 0, 66.45, 58, 0, 150.00, 1695, 150.00, 0x0000000000000000
2026/10/02 15:52:08.806, 0, 66.45, 58, 0, 150.00, 1695, 150.00, 0x0000000000000000
2026/10/02 15:52:09.007, 0, 66.45, 58, 0, 150.00, 1695, 150.00, 0x0000000000000000
2026/10/02 15:52:09.207, 0, 66.31, 58, 0, 150.00, 1695, 150.00, 0x0000000000000000
2026/10/02 15:52:09.408, 0, 66.31, 58, 0, 150.00, 1695, 150.00, 0x0000000000000000
2026/10/02 15:52:09.608, 0, 66.31, 58, 0, 150.00, 1695, 150.00, 0x0000000000000000
2026/10/02 15:52:09.809, 0, 66.31, 58, 0, 150.00, 1695, 150.00, 0x0000000000000000
2026/10/02 15:52:10.010, 0, 66.31, 58, 0, 150.00, 1695, 150.00, 0x0000000000000000
2026/10/02 15:52:10.210, 0, 66.21, 58, 0, 150.00, 1695, 150.00, 0x0000000000000000
2026/10/02 15:52:10.411, 0, 66.21, 58, 0, 150.00, 1695, 150.00, 0x0000000000000000
2026/10/02 15:52:10.611, 0, 66.21, 58, 0, 150.00, 1695, 150.00, 0x0000000000000000
2026/10/02 15:52:10.812, 0, 66.21, 58, 0, 150.00, 1695, 150.00, 0x0000000000000000
2026/10/02 15:52:11.012, 0, 66.21, 58, 0, 150.00, 1695, 150.00, 0x0000000000000000
2026/10/02 15:52:11.213, 0, 66.16, 58, 0, 150.00, 1695, 150.00, 0x0000000000000000
2026/10/02 15:52:11.414, 0, 66.16, 58, 0, 150.00, 1695, 150.00, 0x0000000000000000
2026/10/02 15:52:11.614, 0, 66.16, 58, 0, 150.00, 1695, 150.00, 0x0000000000000000
2026/10/02 15:52:11.815, 0, 66.16, 58, 0, 150.00, 1695, 150.00, 0x0000000000000000
2026/10/02 15:52:12.015, 0, 66.16, 58, 0, 150.00, 1695, 150.00, 0x0000000000000000
2026/10/02 15:52:12.216, 0, 66.07, 58, 0, 150.00, 1695, 150.00, 0x0000000000000000
2026/10/02 15:52:12.416, 0, 66.07, 58, 0, 150.00, 1695, 150.00, 0x0000000000000000
2026/10/02 15:52:12.617, 0, 66.07, 58, 0, 150.00, 1695, 150.00, 0x0000000000000000
2026/10/02 15:52:12.817, 0, 66.07, 58, 0, 150.00, 1695, 150.00, 0x0000000000000000
2026/10/02 15:52:13.017, 0, 66.07, 58, 0, 150.00, 1695, 150.00, 0x0000000000000000
2026/10/02 15:52:13.218, 0, 66.02, 58, 0, 150.00, 1695, 150.00, 0x0000000000000000
2026/10/02 15:52:13.418, 0, 66.02, 58, 0, 150.00, 1695, 150.00, 0x0000000000000000
2026/10/02 15:52:13.619, 0, 66.02, 58, 0, 150.00, 1695, 150.00, 0x0000000000000000
2026/10/02 15:52:13.819, 0, 66.02, 58, 0, 150.00, 1695, 150.00, 0x0000000000000000
2026/10/02 15:52:14.020, 0, 66.02, 58, 0, 150.00, 1695, 150.00, 0x0000000000000000
2026/10/02 15:52:14.221, 0, 65.97, 58, 0, 150.00, 1695, 150.00, 0x0000000000000000
2026/10/02 15:52:14.421, 0, 65.97, 58, 0, 150.00, 1695, 150.00, 0x0000000000000000
2026/10/02 15:52:14.622, 0, 65.97, 58, 0, 150.00, 1695, 150.00, 0x0000000000000000
2026/10/02 15:52:14.823, 0, 65.97, 58, 0, 150.00, 1695, 150.00, 0x0000000000000000
2026/10/02 15:52:15.023, 0, 65.97, 58, 0, 150.00, 1695, 150.00, 0x0000000000000000
2026/10/02 15:52:15.223, 0, 65.89, 57, 0, 150.00, 1695, 150.00, 0x0000000000000000
2026/10/02 15:52:15.424, 0, 65.89, 57, 0, 150.00, 1695, 150.00, 0x0000000000000000
2026/10/02 15:52:15.625, 0, 65.89, 57, 0, 150.00, 1695, 150.00, 0x0000000000000000
2026/10/02 15:52:15.825, 0, 65.89, 57, 0, 150.00, 1695, 150.00, 0x0000000000000000
2026/10/02 15:52:16.026, 0, 65.89, 57, 0, 150.00, 1695, 150.00, 0x0000000000000000
2026/10/02 15:52:16.226, 0, 65.89, 57, 0, 150.00, 1695, 150.00, 0x0000000000000000
2026/10/02 15:52:16.427, 0, 65.89, 57, 0, 150.00, 1695, 150.00, 0x0000000000000000
2026/10/02 15:52:16.628, 0, 65.89, 57, 0, 150.00, 1695, 150.00, 0x0000000000000000
2026/10/02 15:52:16.828, 0, 65.89, 57, 0, 150.00, 1695, 150.00, 0x0000000000000000
2026/10/02 15:52:17.029, 0, 65.89, 57, 0, 150.00, 1695, 150.00, 0x0000000000000000
2026/10/02 15:52:17.230, 0, 65.80, 57, 0, 150.00, 1695, 150.00, 0x0000000000000000
2026/10/02 15:52:17.430, 0, 65.80, 57, 0, 150.00, 1695, 150.00, 0x0000000000000000
2026/10/02 15:52:17.631, 0, 65.80, 57, 0, 150.00, 1695, 150.00, 0x0000000000000000
2026/10/02 15:52:17.831, 0, 65.80, 57, 0, 150.00, 1695, 150.00, 0x0000000000000000
2026/10/02 15:52:18.032, 0, 65.80, 57, 0, 150.00, 1695, 150.00, 0x0000000000000000
2026/10/02 15:52:18.232, 0, 65.72, 57, 0, 150.00, 1695, 150.00, 0x0000000000000000
2026/10/02 15:52:18.433, 0, 65.72, 57, 0, 150.00, 1695, 150.00, 0x0000000000000000
2026/10/02 15:52:18.634, 0, 65.72, 57, 0, 150.00, 1695, 150.00, 0x0000000000000000
2026/10/02 15:52:18.834, 0, 65.72, 57, 0, 150.00, 1695, 150.00, 0x0000000000000000
2026/10/02 15:52:19.035, 0, 65.72, 57, 0, 150.00, 1695, 150.00, 0x0000000000000000
2026/10/02 15:52:19.235, 0, 65.77, 57, 0, 150.00, 1695, 150.00, 0x0000000000000000
2026/10/02 15:52:19.436, 0, 65.77, 57, 0, 150.00, 1695, 150.00, 0x0000000000000000
2026/10/02 15:52:19.636, 0, 65.77, 57, 0, 150.00, 1695, 150.00, 0x0000000000000000
2026/10/02 15:52:19.837, 0, 65.77, 57, 0, 150.00, 1695, 150.00, 0x0000000000000000
2026/10/02 15:52:20.037, 0, 65.77, 57, 0, 150.00, 1695, 150.00, 0x0000000000000000
2026/10/02 15:52:20.238, 0, 65.75, 57, 0, 150.00, 1695, 150.00, 0x0000000000000000
2026/10/02 15:52:20.439, 0, 65.75, 57, 0, 150.00, 1695, 150.00, 0x0000000000000000
2026/10/02 15:52:20.639, 0, 65.75, 57, 0, 150.00, 1695, 150.00, 0x0000000000000000
